gestion,codigo_municipio,area,edad,sexo,numerador,denominador,valor
2024,10101,rural,16,hombre,34,182,18.681318681318682
2024,10101,rural,16,mujer,22,159,13.836477987421384
2024,10101,rural,17,hombre,25,163,15.337423312883436
2024,10101,rural,17,mujer,28,154,18.181818181818183
2024,10101,rural,18,hombre,27,154,17.532467532467532
2024,10101,rural,18,mujer,27,149,18.120805369127517
2024,10101,rural,19,hombre,22,144,15.277777777777779
2024,10101,rural,19,mujer,14,123,11.382113821138212
2024,10101,rural,20,hombre,23,142,16.197183098591548
2024,10101,rural,20,mujer,20,114,17.54385964912281
2024,10101,rural,21,hombre,28,119,23.529411764705884
2024,10101,rural,21,mujer,40,139,28.776978417266186
2024,10101,rural,22,hombre,17,143,11.888111888111888
2024,10101,rural,22,mujer,19,129,14.728682170542635
2024,10101,rural,23,hombre,24,166,14.457831325301205
2024,10101,rural,23,mujer,26,150,17.333333333333332
2024,10101,rural,24,hombre,43,165,26.060606060606062
2024,10101,rural,24,mujer,28,164,17.073170731707318
2024,10101,rural,25,hombre,32,179,17.877094972067038
2024,10101,rural,25,mujer,30,142,21.12676056338028
2024,10101,rural,26,hombre,27,148,18.243243243243242
2024,10101,rural,26,mujer,25,141,17.73049645390071
2024,10101,rural,27,hombre,27,155,17.419354838709676
2024,10101,rural,27,mujer,26,152,17.105263157894736
2024,10101,rural,28,hombre,29,135,21.48148148148148
2024,10101,rural,28,mujer,23,120,19.166666666666668
2024,10101,urbana,16,hombre,2190,2485,88.12877263581488
2024,10101,urbana,16,mujer,2239,2553,87.70074422248335
2024,10101,urbana,17,hombre,2315,2644,87.55673222390318
2024,10101,urbana,17,mujer,2374,2689,88.28560803272592
2024,10101,urbana,18,hombre,2361,2677,88.19574150168098
2024,10101,urbana,18,mujer,2642,2961,89.22661263086795
2024,10101,urbana,19,hombre,2413,2684,89.90312965722802
2024,10101,urbana,19,mujer,2669,2959,90.19939168638054
2024,10101,urbana,20,hombre,2520,2776,90.77809798270893
2024,10101,urbana,20,mujer,2645,2903,91.11264209438512
2024,10101,urbana,21,hombre,2538,2785,91.1310592459605
2024,10101,urbana,21,mujer,2770,3021,91.69149288315127
2024,10101,urbana,22,hombre,2502,2784,89.87068965517241
2024,10101,urbana,22,mujer,2708,2976,90.99462365591398
2024,10101,urbana,23,hombre,2658,2942,90.34670292318151
2024,10101,urbana,23,mujer,2897,3195,90.67292644757434
2024,10101,urbana,24,hombre,2734,3007,90.92118390422348
2024,10101,urbana,24,mujer,2842,3117,91.17741418030157
2024,10101,urbana,25,hombre,2476,2731,90.66276089344562
2024,10101,urbana,25,mujer,2612,2887,90.47454104606858
2024,10101,urbana,26,hombre,2423,2661,91.05599398722285
2024,10101,urbana,26,mujer,2543,2819,90.20929407591345
2024,10101,urbana,27,hombre,2275,2480,91.73387096774194
2024,10101,urbana,27,mujer,2431,2714,89.5725865880619
2024,10101,urbana,28,hombre,2319,2546,91.0840534171249
2024,10101,urbana,28,mujer,2381,2633,90.42916824914546
2024,10102,rural,16,hombre,32,82,39.02439024390244
2024,10102,rural,16,mujer,23,72,31.944444444444443
2024,10102,rural,17,hombre,11,66,16.666666666666668
2024,10102,rural,17,mujer,25,69,36.231884057971016
2024,10102,rural,18,hombre,29,71,40.84507042253521
2024,10102,rural,18,mujer,28,66,42.42424242424242
2024,10102,rural,19,hombre,18,56,32.142857142857146
2024,10102,rural,19,mujer,28,72,38.888888888888886
2024,10102,rural,20,hombre,23,83,27.710843373493976
2024,10102,rural,20,mujer,30,63,47.61904761904762
2024,10102,rural,21,hombre,27,70,38.57142857142857
2024,10102,rural,21,mujer,34,69,49.27536231884058
2024,10102,rural,22,hombre,29,66,43.93939393939394
2024,10102,rural,22,mujer,20,64,31.25
2024,10102,rural,23,hombre,32,72,44.44444444444444
2024,10102,rural,23,mujer,31,71,43.66197183098591
2024,10102,rural,24,hombre,30,69,43.47826086956522
2024,10102,rural,24,mujer,31,78,39.743589743589745
2024,10102,rural,25,hombre,25,66,37.878787878787875
2024,10102,rural,25,mujer,29,69,42.028985507246375
2024,10102,rural,26,hombre,33,75,44.0
2024,10102,rural,26,mujer,37,80,46.25
2024,10102,rural,27,hombre,24,69,34.78260869565217
2024,10102,rural,27,mujer,29,69,42.028985507246375
2024,10102,rural,28,hombre,29,69,42.028985507246375
2024,10102,rural,28,mujer,26,74,35.13513513513514
2024,10103,rural,16,hombre,18,152,11.842105263157896
2024,10103,rural,16,mujer,13,138,9.420289855072463
2024,10103,rural,17,hombre,14,133,10.526315789473685
2024,10103,rural,17,mujer,16,120,13.333333333333334
2024,10103,rural,18,hombre,7,131,5.343511450381679
2024,10103,rural,18,mujer,9,121,7.43801652892562
2024,10103,rural,19,hombre,7,95,7.368421052631579
2024,10103,rural,19,mujer,5,104,4.8076923076923075
2024,10103,rural,20,hombre,14,112,12.5
2024,10103,rural,20,mujer,2,89,2.247191011235955
2024,10103,rural,21,hombre,4,100,4.0
2024,10103,rural,21,mujer,7,102,6.862745098039215
2024,10103,rural,22,hombre,6,86,6.976744186046512
2024,10103,rural,22,mujer,3,80,3.75
2024,10103,rural,23,hombre,6,99,6.0606060606060606
2024,10103,rural,23,mujer,5,100,5.0
2024,10103,rural,24,hombre,8,86,9.30232558139535
2024,10103,rural,24,mujer,8,96,8.333333333333334
2024,10103,rural,25,hombre,8,87,9.195402298850574
2024,10103,rural,25,mujer,5,74,6.756756756756757
2024,10103,rural,26,hombre,5,86,5.813953488372093
2024,10103,rural,26,mujer,6,73,8.219178082191782
2024,10103,rural,27,hombre,9,93,9.67741935483871
2024,10103,rural,27,mujer,6,69,8.695652173913043
2024,10103,rural,28,hombre,6,83,7.228915662650603
2024,10103,rural,28,mujer,10,90,11.11111111111111
2024,10201,rural,16,hombre,22,84,26.19047619047619
2024,10201,rural,16,mujer,20,73,27.397260273972602
2024,10201,rural,17,hombre,13,76,17.105263157894736
2024,10201,rural,17,mujer,16,79,20.253164556962027
2024,10201,rural,18,hombre,7,57,12.280701754385966
2024,10201,rural,18,mujer,13,62,20.967741935483872
2024,10201,rural,19,hombre,5,45,11.11111111111111
2024,10201,rural,19,mujer,9,56,16.071428571428573
2024,10201,rural,20,hombre,8,42,19.047619047619047
2024,10201,rural,20,mujer,5,40,12.5
2024,10201,rural,21,hombre,8,55,14.545454545454545
2024,10201,rural,21,mujer,7,44,15.909090909090908
2024,10201,rural,22,hombre,7,40,17.5
2024,10201,rural,22,mujer,6,37,16.216216216216218
2024,10201,rural,23,hombre,11,69,15.942028985507246
2024,10201,rural,23,mujer,14,55,25.454545454545453
2024,10201,rural,24,hombre,12,50,24.0
2024,10201,rural,24,mujer,6,37,16.216216216216218
2024,10201,rural,25,hombre,14,52,26.923076923076923
2024,10201,rural,25,mujer,13,52,25.0
2024,10201,rural,26,hombre,7,45,15.555555555555555
2024,10201,rural,26,mujer,10,49,20.408163265306122
2024,10201,rural,27,hombre,4,44,9.090909090909092
2024,10201,rural,27,mujer,18,49,36.734693877551024
2024,10201,rural,28,hombre,9,34,26.470588235294116
2024,10201,rural,28,mujer,7,50,14.0
2024,10202,rural,16,hombre,41,159,25.78616352201258
2024,10202,rural,16,mujer,43,166,25.903614457831324
2024,10202,rural,17,hombre,51,175,29.142857142857142
2024,10202,rural,17,mujer,41,152,26.973684210526315
2024,10202,rural,18,hombre,36,152,23.68421052631579
2024,10202,rural,18,mujer,42,211,19.90521327014218
2024,10202,rural,19,hombre,34,160,21.25
2024,10202,rural,19,mujer,36,173,20.809248554913296
2024,10202,rural,20,hombre,26,140,18.571428571428573
2024,10202,rural,20,mujer,35,176,19.886363636363637
2024,10202,rural,21,hombre,19,114,16.666666666666668
2024,10202,rural,21,mujer,17,125,13.6
2024,10202,rural,22,hombre,25,117,21.367521367521366
2024,10202,rural,22,mujer,39,146,26.71232876712329
2024,10202,rural,23,hombre,36,140,25.714285714285715
2024,10202,rural,23,mujer,37,162,22.839506172839506
2024,10202,rural,24,hombre,27,117,23.076923076923077
2024,10202,rural,24,mujer,33,154,21.428571428571427
2024,10202,rural,25,hombre,37,168,22.023809523809526
2024,10202,rural,25,mujer,35,148,23.64864864864865
2024,10202,rural,26,hombre,26,104,25.0
2024,10202,rural,26,mujer,31,127,24.409448818897637
2024,10202,rural,27,hombre,26,119,21.84873949579832
2024,10202,rural,27,mujer,21,113,18.58407079646018
2024,10202,rural,28,hombre,28,118,23.728813559322035
2024,10202,rural,28,mujer,27,124,21.774193548387096
2024,10301,rural,16,hombre,5,87,5.747126436781609
2024,10301,rural,16,mujer,6,72,8.333333333333334
2024,10301,rural,17,hombre,6,81,7.407407407407407
2024,10301,rural,17,mujer,2,85,2.3529411764705883
2024,10301,rural,18,hombre,7,90,7.777777777777778
2024,10301,rural,18,mujer,6,72,8.333333333333334
2024,10301,rural,19,hombre,6,104,5.769230769230769
2024,10301,rural,19,mujer,5,79,6.329113924050633
2024,10301,rural,20,hombre,7,99,7.070707070707071
2024,10301,rural,20,mujer,7,104,6.730769230769231
2024,10301,rural,21,hombre,7,95,7.368421052631579
2024,10301,rural,21,mujer,9,82,10.975609756097562
2024,10301,rural,22,hombre,7,91,7.6923076923076925
2024,10301,rural,22,mujer,3,70,4.285714285714286
2024,10301,rural,23,hombre,7,102,6.862745098039215
2024,10301,rural,23,mujer,0,79,0.0
2024,10301,rural,24,hombre,8,120,6.666666666666667
2024,10301,rural,24,mujer,5,76,6.578947368421052
2024,10301,rural,25,hombre,7,101,6.930693069306931
2024,10301,rural,25,mujer,10,100,10.0
2024,10301,rural,26,hombre,4,93,4.301075268817204
2024,10301,rural,26,mujer,9,80,11.25
2024,10301,rural,27,hombre,5,78,6.410256410256411
2024,10301,rural,27,mujer,4,61,6.557377049180328
2024,10301,rural,28,hombre,6,99,6.0606060606060606
2024,10301,rural,28,mujer,8,83,9.63855421686747
2024,10301,urbana,16,hombre,36,42,85.71428571428571
2024,10301,urbana,16,mujer,34,39,87.17948717948718
2024,10301,urbana,17,hombre,32,42,76.19047619047619
2024,10301,urbana,17,mujer,32,37,86.48648648648648
2024,10301,urbana,18,hombre,40,52,76.92307692307692
2024,10301,urbana,18,mujer,25,31,80.64516129032258
2024,10301,urbana,19,hombre,26,34,76.47058823529412
2024,10301,urbana,19,mujer,26,30,86.66666666666667
2024,10301,urbana,20,hombre,40,46,86.95652173913044
2024,10301,urbana,20,mujer,28,42,66.66666666666667
2024,10301,urbana,21,hombre,28,32,87.5
2024,10301,urbana,21,mujer,38,43,88.37209302325581
2024,10301,urbana,22,hombre,29,36,80.55555555555556
2024,10301,urbana,22,mujer,27,33,81.81818181818181
2024,10301,urbana,23,hombre,28,38,73.6842105263158
2024,10301,urbana,23,mujer,40,46,86.95652173913044
2024,10301,urbana,24,hombre,43,50,86.0
2024,10301,urbana,24,mujer,32,44,72.72727272727273
2024,10301,urbana,25,hombre,50,57,87.71929824561404
2024,10301,urbana,25,mujer,29,36,80.55555555555556
2024,10301,urbana,26,hombre,31,36,86.11111111111111
2024,10301,urbana,26,mujer,28,39,71.7948717948718
2024,10301,urbana,27,hombre,45,52,86.53846153846153
2024,10301,urbana,27,mujer,23,27,85.18518518518519
2024,10301,urbana,28,hombre,28,33,84.84848484848484
2024,10301,urbana,28,mujer,35,42,83.33333333333333
2024,10302,rural,16,hombre,18,114,15.789473684210526
2024,10302,rural,16,mujer,17,106,16.037735849056602
2024,10302,rural,17,hombre,16,118,13.559322033898304
2024,10302,rural,17,mujer,15,94,15.957446808510639
2024,10302,rural,18,hombre,13,113,11.504424778761061
2024,10302,rural,18,mujer,18,86,20.930232558139537
2024,10302,rural,19,hombre,19,107,17.757009345794394
2024,10302,rural,19,mujer,16,98,16.3265306122449
2024,10302,rural,20,hombre,21,132,15.909090909090908
2024,10302,rural,20,mujer,16,106,15.09433962264151
2024,10302,rural,21,hombre,15,114,13.157894736842104
2024,10302,rural,21,mujer,9,78,11.538461538461538
2024,10302,rural,22,hombre,12,86,13.953488372093023
2024,10302,rural,22,mujer,15,95,15.789473684210526
2024,10302,rural,23,hombre,21,136,15.441176470588236
2024,10302,rural,23,mujer,10,83,12.048192771084338
2024,10302,rural,24,hombre,18,126,14.285714285714286
2024,10302,rural,24,mujer,17,106,16.037735849056602
2024,10302,rural,25,hombre,16,107,14.953271028037383
2024,10302,rural,25,mujer,10,97,10.309278350515465
2024,10302,rural,26,hombre,15,101,14.851485148514852
2024,10302,rural,26,mujer,7,71,9.859154929577464
2024,10302,rural,27,hombre,17,97,17.52577319587629
2024,10302,rural,27,mujer,9,70,12.857142857142858
2024,10302,rural,28,hombre,11,86,12.790697674418604
2024,10302,rural,28,mujer,12,69,17.391304347826086
2024,10302,urbana,16,hombre,13,18,72.22222222222223
2024,10302,urbana,16,mujer,27,31,87.09677419354838
2024,10302,urbana,17,hombre,18,20,90.0
2024,10302,urbana,17,mujer,15,17,88.23529411764706
2024,10302,urbana,18,hombre,14,22,63.63636363636363
2024,10302,urbana,18,mujer,15,20,75.0
2024,10302,urbana,19,hombre,11,16,68.75
2024,10302,urbana,19,mujer,11,11,100.0
2024,10302,urbana,20,hombre,23,28,82.14285714285714
2024,10302,urbana,20,mujer,12,15,80.0
2024,10302,urbana,21,hombre,19,21,90.47619047619048
2024,10302,urbana,21,mujer,19,21,90.47619047619048
2024,10302,urbana,22,hombre,13,19,68.42105263157895
2024,10302,urbana,22,mujer,9,11,81.81818181818181
2024,10302,urbana,23,hombre,6,12,50.0
2024,10302,urbana,23,mujer,13,17,76.47058823529412
2024,10302,urbana,24,hombre,10,15,66.66666666666667
2024,10302,urbana,24,mujer,24,26,92.3076923076923
2024,10302,urbana,25,hombre,17,20,85.0
2024,10302,urbana,25,mujer,20,24,83.33333333333333
2024,10302,urbana,26,hombre,11,16,68.75
2024,10302,urbana,26,mujer,19,23,82.6086956521739
2024,10302,urbana,27,hombre,9,12,75.0
2024,10302,urbana,27,mujer,21,28,75.0
2024,10302,urbana,28,hombre,18,20,90.0
2024,10302,urbana,28,mujer,9,15,60.0
2024,10303,rural,16,hombre,3,45,6.666666666666667
2024,10303,rural,16,mujer,3,51,5.882352941176471
2024,10303,rural,17,hombre,3,52,5.769230769230769
2024,10303,rural,17,mujer,7,55,12.727272727272727
2024,10303,rural,18,hombre,3,47,6.382978723404255
2024,10303,rural,18,mujer,2,52,3.8461538461538463
2024,10303,rural,19,hombre,4,47,8.51063829787234
2024,10303,rural,19,mujer,2,47,4.25531914893617
2024,10303,rural,20,hombre,4,47,8.51063829787234
2024,10303,rural,20,mujer,1,54,1.8518518518518519
2024,10303,rural,21,hombre,4,37,10.81081081081081
2024,10303,rural,21,mujer,2,40,5.0
2024,10303,rural,22,hombre,4,50,8.0
2024,10303,rural,22,mujer,4,40,10.0
2024,10303,rural,23,hombre,4,70,5.714285714285714
2024,10303,rural,23,mujer,8,72,11.11111111111111
2024,10303,rural,24,hombre,5,84,5.9523809523809526
2024,10303,rural,24,mujer,4,72,5.555555555555555
2024,10303,rural,25,hombre,8,69,11.594202898550725
2024,10303,rural,25,mujer,7,74,9.45945945945946
2024,10303,rural,26,hombre,1,62,1.6129032258064515
2024,10303,rural,26,mujer,5,65,7.6923076923076925
2024,10303,rural,27,hombre,3,43,6.976744186046512
2024,10303,rural,27,mujer,2,49,4.081632653061225
2024,10303,rural,28,hombre,9,74,12.162162162162161
2024,10303,rural,28,mujer,7,63,11.11111111111111
2024,10303,urbana,16,hombre,23,31,74.19354838709677
2024,10303,urbana,16,mujer,28,34,82.3529411764706
2024,10303,urbana,17,hombre,25,28,89.28571428571429
2024,10303,urbana,17,mujer,14,15,93.33333333333333
2024,10303,urbana,18,hombre,20,23,86.95652173913044
2024,10303,urbana,18,mujer,17,20,85.0
2024,10303,urbana,19,hombre,14,16,87.5
2024,10303,urbana,19,mujer,21,24,87.5
2024,10303,urbana,20,hombre,15,18,83.33333333333333
2024,10303,urbana,20,mujer,15,16,93.75
2024,10303,urbana,21,hombre,10,12,83.33333333333333
2024,10303,urbana,21,mujer,12,16,75.0
2024,10303,urbana,22,hombre,19,23,82.6086956521739
2024,10303,urbana,22,mujer,15,16,93.75
2024,10303,urbana,23,hombre,21,27,77.77777777777777
2024,10303,urbana,23,mujer,25,27,92.5925925925926
2024,10303,urbana,24,hombre,18,20,90.0
2024,10303,urbana,24,mujer,29,30,96.66666666666667
2024,10303,urbana,25,hombre,28,32,87.5
2024,10303,urbana,25,mujer,17,23,73.91304347826087
2024,10303,urbana,26,hombre,12,15,80.0
2024,10303,urbana,26,mujer,28,34,82.3529411764706
2024,10303,urbana,27,hombre,18,19,94.73684210526316
2024,10303,urbana,27,mujer,11,13,84.61538461538461
2024,10303,urbana,28,hombre,24,27,88.88888888888889
2024,10303,urbana,28,mujer,15,22,68.18181818181819
2024,10304,rural,16,hombre,11,88,12.5
2024,10304,rural,16,mujer,17,92,18.47826086956522
2024,10304,rural,17,hombre,19,99,19.19191919191919
2024,10304,rural,17,mujer,18,116,15.517241379310345
2024,10304,rural,18,hombre,15,89,16.853932584269664
2024,10304,rural,18,mujer,11,89,12.359550561797754
2024,10304,rural,19,hombre,16,95,16.842105263157894
2024,10304,rural,19,mujer,12,73,16.438356164383563
2024,10304,rural,20,hombre,19,97,19.587628865979383
2024,10304,rural,20,mujer,10,79,12.658227848101266
2024,10304,rural,21,hombre,4,81,4.938271604938271
2024,10304,rural,21,mujer,12,93,12.903225806451612
2024,10304,rural,22,hombre,10,94,10.638297872340425
2024,10304,rural,22,mujer,11,66,16.666666666666668
2024,10304,rural,23,hombre,18,107,16.822429906542055
2024,10304,rural,23,mujer,14,95,14.736842105263158
2024,10304,rural,24,hombre,15,98,15.306122448979592
2024,10304,rural,24,mujer,18,92,19.565217391304348
2024,10304,rural,25,hombre,14,81,17.28395061728395
2024,10304,rural,25,mujer,14,96,14.583333333333334
2024,10304,rural,26,hombre,10,79,12.658227848101266
2024,10304,rural,26,mujer,9,76,11.842105263157896
2024,10304,rural,27,hombre,18,75,24.0
2024,10304,rural,27,mujer,21,74,28.37837837837838
2024,10304,rural,28,hombre,9,86,10.465116279069768
2024,10304,rural,28,mujer,21,69,30.434782608695652
2024,10401,rural,16,hombre,1,29,3.4482758620689653
2024,10401,rural,16,mujer,5,26,19.23076923076923
2024,10401,rural,17,hombre,0,30,0.0
2024,10401,rural,17,mujer,3,36,8.333333333333334
2024,10401,rural,18,hombre,1,25,4.0
2024,10401,rural,18,mujer,1,27,3.7037037037037037
2024,10401,rural,19,hombre,2,21,9.523809523809524
2024,10401,rural,19,mujer,2,31,6.451612903225806
2024,10401,rural,20,hombre,2,31,6.451612903225806
2024,10401,rural,20,mujer,3,37,8.108108108108109
2024,10401,rural,21,hombre,3,30,10.0
2024,10401,rural,21,mujer,1,34,2.9411764705882355
2024,10401,rural,22,hombre,1,41,2.4390243902439024
2024,10401,rural,22,mujer,0,23,0.0
2024,10401,rural,23,hombre,2,33,6.0606060606060606
2024,10401,rural,23,mujer,3,36,8.333333333333334
2024,10401,rural,24,hombre,1,39,2.5641025641025643
2024,10401,rural,24,mujer,1,31,3.225806451612903
2024,10401,rural,25,hombre,3,42,7.142857142857143
2024,10401,rural,25,mujer,0,32,0.0
2024,10401,rural,26,hombre,1,31,3.225806451612903
2024,10401,rural,26,mujer,2,27,7.407407407407407
2024,10401,rural,27,hombre,1,32,3.125
2024,10401,rural,27,mujer,1,26,3.8461538461538463
2024,10401,rural,28,hombre,3,38,7.894736842105263
2024,10401,rural,28,mujer,3,31,9.67741935483871
2024,10401,urbana,16,hombre,38,43,88.37209302325581
2024,10401,urbana,16,mujer,28,39,71.7948717948718
2024,10401,urbana,17,hombre,16,29,55.172413793103445
2024,10401,urbana,17,mujer,43,54,79.62962962962963
2024,10401,urbana,18,hombre,29,38,76.3157894736842
2024,10401,urbana,18,mujer,22,25,88.0
2024,10401,urbana,19,hombre,20,26,76.92307692307692
2024,10401,urbana,19,mujer,31,36,86.11111111111111
2024,10401,urbana,20,hombre,19,25,76.0
2024,10401,urbana,20,mujer,44,57,77.19298245614036
2024,10401,urbana,21,hombre,22,29,75.86206896551724
2024,10401,urbana,21,mujer,34,43,79.06976744186046
2024,10401,urbana,22,hombre,34,39,87.17948717948718
2024,10401,urbana,22,mujer,31,35,88.57142857142857
2024,10401,urbana,23,hombre,34,43,79.06976744186046
2024,10401,urbana,23,mujer,35,38,92.10526315789474
2024,10401,urbana,24,hombre,31,33,93.93939393939394
2024,10401,urbana,24,mujer,29,35,82.85714285714286
2024,10401,urbana,25,hombre,24,30,80.0
2024,10401,urbana,25,mujer,32,38,84.21052631578948
2024,10401,urbana,26,hombre,29,33,87.87878787878788
2024,10401,urbana,26,mujer,27,31,87.09677419354838
2024,10401,urbana,27,hombre,19,23,82.6086956521739
2024,10401,urbana,27,mujer,26,28,92.85714285714286
2024,10401,urbana,28,hombre,24,31,77.41935483870968
2024,10401,urbana,28,mujer,30,33,90.9090909090909
2024,10402,rural,16,hombre,7,47,14.893617021276595
2024,10402,rural,16,mujer,8,63,12.698412698412698
2024,10402,rural,17,hombre,7,77,9.090909090909092
2024,10402,rural,17,mujer,9,71,12.67605633802817
2024,10402,rural,18,hombre,2,72,2.7777777777777777
2024,10402,rural,18,mujer,8,56,14.285714285714286
2024,10402,rural,19,hombre,9,67,13.432835820895523
2024,10402,rural,19,mujer,6,45,13.333333333333334
2024,10402,rural,20,hombre,4,51,7.8431372549019605
2024,10402,rural,20,mujer,4,46,8.695652173913043
2024,10402,rural,21,hombre,3,66,4.545454545454546
2024,10402,rural,21,mujer,10,65,15.384615384615385
2024,10402,rural,22,hombre,8,48,16.666666666666668
2024,10402,rural,22,mujer,4,60,6.666666666666667
2024,10402,rural,23,hombre,6,66,9.090909090909092
2024,10402,rural,23,mujer,10,70,14.285714285714286
2024,10402,rural,24,hombre,11,65,16.923076923076923
2024,10402,rural,24,mujer,12,72,16.666666666666668
2024,10402,rural,25,hombre,7,56,12.5
2024,10402,rural,25,mujer,8,48,16.666666666666668
2024,10402,rural,26,hombre,15,63,23.80952380952381
2024,10402,rural,26,mujer,5,63,7.936507936507937
2024,10402,rural,27,hombre,8,53,15.09433962264151
2024,10402,rural,27,mujer,7,50,14.0
2024,10402,rural,28,hombre,9,46,19.565217391304348
2024,10402,rural,28,mujer,3,50,6.0
2024,10402,urbana,16,hombre,10,14,71.42857142857143
2024,10402,urbana,16,mujer,19,26,73.07692307692308
2024,10402,urbana,17,hombre,14,20,70.0
2024,10402,urbana,17,mujer,16,20,80.0
2024,10402,urbana,18,hombre,14,18,77.77777777777777
2024,10402,urbana,18,mujer,9,12,75.0
2024,10402,urbana,19,hombre,13,15,86.66666666666667
2024,10402,urbana,19,mujer,10,12,83.33333333333333
2024,10402,urbana,20,hombre,10,12,83.33333333333333
2024,10402,urbana,20,mujer,13,17,76.47058823529412
2024,10402,urbana,21,hombre,5,10,50.0
2024,10402,urbana,21,mujer,13,14,92.85714285714286
2024,10402,urbana,22,hombre,17,19,89.47368421052632
2024,10402,urbana,22,mujer,16,24,66.66666666666667
2024,10402,urbana,23,hombre,16,16,100.0
2024,10402,urbana,23,mujer,12,17,70.58823529411765
2024,10402,urbana,24,hombre,23,25,92.0
2024,10402,urbana,24,mujer,14,15,93.33333333333333
2024,10402,urbana,25,hombre,17,20,85.0
2024,10402,urbana,25,mujer,12,17,70.58823529411765
2024,10402,urbana,26,hombre,11,12,91.66666666666667
2024,10402,urbana,26,mujer,11,17,64.70588235294117
2024,10402,urbana,27,hombre,22,27,81.48148148148148
2024,10402,urbana,27,mujer,23,27,85.18518518518519
2024,10402,urbana,28,hombre,12,17,70.58823529411765
2024,10402,urbana,28,mujer,15,18,83.33333333333333
2024,10403,rural,16,hombre,16,62,25.806451612903224
2024,10403,rural,16,mujer,26,65,40.0
2024,10403,rural,17,hombre,28,77,36.36363636363637
2024,10403,rural,17,mujer,26,72,36.111111111111114
2024,10403,rural,18,hombre,22,76,28.94736842105263
2024,10403,rural,18,mujer,11,57,19.29824561403509
2024,10403,rural,19,hombre,13,62,20.967741935483872
2024,10403,rural,19,mujer,21,63,33.333333333333336
2024,10403,rural,20,hombre,18,58,31.03448275862069
2024,10403,rural,20,mujer,16,50,32.0
2024,10403,rural,21,hombre,6,48,12.5
2024,10403,rural,21,mujer,16,56,28.571428571428573
2024,10403,rural,22,hombre,20,78,25.641025641025642
2024,10403,rural,22,mujer,12,54,22.22222222222222
2024,10403,rural,23,hombre,17,68,25.0
2024,10403,rural,23,mujer,20,54,37.03703703703704
2024,10403,rural,24,hombre,19,60,31.666666666666668
2024,10403,rural,24,mujer,20,71,28.169014084507044
2024,10403,rural,25,hombre,12,50,24.0
2024,10403,rural,25,mujer,21,65,32.30769230769231
2024,10403,rural,26,hombre,23,63,36.507936507936506
2024,10403,rural,26,mujer,17,57,29.82456140350877
2024,10403,rural,27,hombre,12,50,24.0
2024,10403,rural,27,mujer,13,52,25.0
2024,10403,rural,28,hombre,22,63,34.92063492063492
2024,10403,rural,28,mujer,14,43,32.55813953488372
2024,10404,rural,16,hombre,15,27,55.55555555555556
2024,10404,rural,16,mujer,18,30,60.0
2024,10404,rural,17,hombre,14,33,42.42424242424242
2024,10404,rural,17,mujer,10,22,45.45454545454545
2024,10404,rural,18,hombre,9,31,29.032258064516128
2024,10404,rural,18,mujer,10,21,47.61904761904762
2024,10404,rural,19,hombre,16,26,61.53846153846154
2024,10404,rural,19,mujer,8,22,36.36363636363637
2024,10404,rural,20,hombre,8,20,40.0
2024,10404,rural,20,mujer,11,22,50.0
2024,10404,rural,21,hombre,16,29,55.172413793103445
2024,10404,rural,21,mujer,11,29,37.93103448275862
2024,10404,rural,22,hombre,25,44,56.81818181818182
2024,10404,rural,22,mujer,13,29,44.827586206896555
2024,10404,rural,23,hombre,14,33,42.42424242424242
2024,10404,rural,23,mujer,13,37,35.13513513513514
2024,10404,rural,24,hombre,11,33,33.333333333333336
2024,10404,rural,24,mujer,20,38,52.63157894736842
2024,10404,rural,25,hombre,20,37,54.054054054054056
2024,10404,rural,25,mujer,16,31,51.61290322580645
2024,10404,rural,26,hombre,10,24,41.666666666666664
2024,10404,rural,26,mujer,15,36,41.666666666666664
2024,10404,rural,27,hombre,18,32,56.25
2024,10404,rural,27,mujer,13,33,39.39393939393939
2024,10404,rural,28,hombre,13,38,34.21052631578947
2024,10404,rural,28,mujer,14,23,60.869565217391305
2024,10405,rural,16,hombre,9,46,19.565217391304348
2024,10405,rural,16,mujer,10,42,23.80952380952381
2024,10405,rural,17,hombre,8,40,20.0
2024,10405,rural,17,mujer,15,46,32.608695652173914
2024,10405,rural,18,hombre,11,49,22.448979591836736
2024,10405,rural,18,mujer,5,45,11.11111111111111
2024,10405,rural,19,hombre,11,41,26.829268292682926
2024,10405,rural,19,mujer,9,43,20.930232558139537
2024,10405,rural,20,hombre,2,30,6.666666666666667
2024,10405,rural,20,mujer,10,34,29.41176470588235
2024,10405,rural,21,hombre,12,57,21.05263157894737
2024,10405,rural,21,mujer,10,50,20.0
2024,10405,rural,22,hombre,11,50,22.0
2024,10405,rural,22,mujer,10,44,22.727272727272727
2024,10405,rural,23,hombre,8,60,13.333333333333334
2024,10405,rural,23,mujer,9,46,19.565217391304348
2024,10405,rural,24,hombre,13,51,25.49019607843137
2024,10405,rural,24,mujer,15,53,28.30188679245283
2024,10405,rural,25,hombre,13,58,22.413793103448278
2024,10405,rural,25,mujer,9,59,15.254237288135593
2024,10405,rural,26,hombre,10,50,20.0
2024,10405,rural,26,mujer,9,66,13.636363636363637
2024,10405,rural,27,hombre,7,49,14.285714285714286
2024,10405,rural,27,mujer,7,53,13.20754716981132
2024,10405,rural,28,hombre,14,53,26.41509433962264
2024,10405,rural,28,mujer,17,58,29.310344827586206
2024,10501,rural,16,hombre,10,85,11.764705882352942
2024,10501,rural,16,mujer,11,78,14.102564102564102
2024,10501,rural,17,hombre,6,82,7.317073170731708
2024,10501,rural,17,mujer,6,64,9.375
2024,10501,rural,18,hombre,9,68,13.235294117647058
2024,10501,rural,18,mujer,7,51,13.72549019607843
2024,10501,rural,19,hombre,3,60,5.0
2024,10501,rural,19,mujer,8,67,11.940298507462687
2024,10501,rural,20,hombre,10,73,13.698630136986301
2024,10501,rural,20,mujer,9,49,18.367346938775512
2024,10501,rural,21,hombre,2,52,3.8461538461538463
2024,10501,rural,21,mujer,9,65,13.846153846153847
2024,10501,rural,22,hombre,11,72,15.277777777777779
2024,10501,rural,22,mujer,6,61,9.836065573770492
2024,10501,rural,23,hombre,11,87,12.64367816091954
2024,10501,rural,23,mujer,10,62,16.129032258064516
2024,10501,rural,24,hombre,10,107,9.345794392523365
2024,10501,rural,24,mujer,7,88,7.954545454545454
2024,10501,rural,25,hombre,9,95,9.473684210526315
2024,10501,rural,25,mujer,7,69,10.144927536231885
2024,10501,rural,26,hombre,8,85,9.411764705882353
2024,10501,rural,26,mujer,8,68,11.764705882352942
2024,10501,rural,27,hombre,8,99,8.080808080808081
2024,10501,rural,27,mujer,7,68,10.294117647058824
2024,10501,rural,28,hombre,19,111,17.117117117117118
2024,10501,rural,28,mujer,7,80,8.75
2024,10501,urbana,16,hombre,106,122,86.88524590163935
2024,10501,urbana,16,mujer,127,144,88.19444444444444
2024,10501,urbana,17,hombre,96,117,82.05128205128206
2024,10501,urbana,17,mujer,78,104,75.0
2024,10501,urbana,18,hombre,88,107,82.24299065420561
2024,10501,urbana,18,mujer,85,108,78.70370370370371
2024,10501,urbana,19,hombre,75,97,77.31958762886597
2024,10501,urbana,19,mujer,84,102,82.3529411764706
2024,10501,urbana,20,hombre,88,101,87.12871287128714
2024,10501,urbana,20,mujer,95,111,85.58558558558559
2024,10501,urbana,21,hombre,100,117,85.47008547008546
2024,10501,urbana,21,mujer,99,112,88.39285714285714
2024,10501,urbana,22,hombre,81,109,74.31192660550458
2024,10501,urbana,22,mujer,82,97,84.5360824742268
2024,10501,urbana,23,hombre,90,112,80.35714285714286
2024,10501,urbana,23,mujer,102,129,79.06976744186046
2024,10501,urbana,24,hombre,80,96,83.33333333333333
2024,10501,urbana,24,mujer,119,140,85.0
2024,10501,urbana,25,hombre,84,98,85.71428571428571
2024,10501,urbana,25,mujer,85,105,80.95238095238095
2024,10501,urbana,26,hombre,94,108,87.03703703703704
2024,10501,urbana,26,mujer,104,121,85.9504132231405
2024,10501,urbana,27,hombre,99,115,86.08695652173913
2024,10501,urbana,27,mujer,97,114,85.08771929824562
2024,10501,urbana,28,hombre,99,121,81.81818181818181
2024,10501,urbana,28,mujer,95,114,83.33333333333333
2024,10502,rural,16,hombre,19,48,39.583333333333336
2024,10502,rural,16,mujer,20,46,43.47826086956522
2024,10502,rural,17,hombre,25,62,40.32258064516129
2024,10502,rural,17,mujer,19,53,35.84905660377358
2024,10502,rural,18,hombre,19,49,38.775510204081634
2024,10502,rural,18,mujer,16,38,42.10526315789474
2024,10502,rural,19,hombre,4,35,11.428571428571429
2024,10502,rural,19,mujer,7,24,29.166666666666668
2024,10502,rural,20,hombre,20,50,40.0
2024,10502,rural,20,mujer,13,35,37.142857142857146
2024,10502,rural,21,hombre,12,37,32.432432432432435
2024,10502,rural,21,mujer,11,36,30.555555555555557
2024,10502,rural,22,hombre,11,43,25.58139534883721
2024,10502,rural,22,mujer,10,29,34.48275862068966
2024,10502,rural,23,hombre,18,50,36.0
2024,10502,rural,23,mujer,15,52,28.846153846153847
2024,10502,rural,24,hombre,16,58,27.586206896551722
2024,10502,rural,24,mujer,12,45,26.666666666666668
2024,10502,rural,25,hombre,13,53,24.528301886792452
2024,10502,rural,25,mujer,17,48,35.416666666666664
2024,10502,rural,26,hombre,11,43,25.58139534883721
2024,10502,rural,26,mujer,15,51,29.41176470588235
2024,10502,rural,27,hombre,28,62,45.16129032258065
2024,10502,rural,27,mujer,16,35,45.714285714285715
2024,10502,rural,28,hombre,19,47,40.42553191489362
2024,10502,rural,28,mujer,18,43,41.86046511627907
2024,10601,rural,16,hombre,24,101,23.762376237623762
2024,10601,rural,16,mujer,20,101,19.801980198019802
2024,10601,rural,17,hombre,19,111,17.117117117117118
2024,10601,rural,17,mujer,17,103,16.50485436893204
2024,10601,rural,18,hombre,17,91,18.681318681318682
2024,10601,rural,18,mujer,14,79,17.72151898734177
2024,10601,rural,19,hombre,16,79,20.253164556962027
2024,10601,rural,19,mujer,26,103,25.24271844660194
2024,10601,rural,20,hombre,21,84,25.0
2024,10601,rural,20,mujer,19,76,25.0
2024,10601,rural,21,hombre,15,79,18.9873417721519
2024,10601,rural,21,mujer,23,86,26.74418604651163
2024,10601,rural,22,hombre,13,68,19.11764705882353
2024,10601,rural,22,mujer,15,69,21.73913043478261
2024,10601,rural,23,hombre,21,88,23.863636363636363
2024,10601,rural,23,mujer,26,89,29.213483146067414
2024,10601,rural,24,hombre,27,109,24.770642201834864
2024,10601,rural,24,mujer,26,88,29.545454545454547
2024,10601,rural,25,hombre,18,73,24.65753424657534
2024,10601,rural,25,mujer,13,67,19.402985074626866
2024,10601,rural,26,hombre,14,61,22.950819672131146
2024,10601,rural,26,mujer,11,56,19.642857142857142
2024,10601,rural,27,hombre,22,69,31.884057971014492
2024,10601,rural,27,mujer,10,44,22.727272727272727
2024,10601,rural,28,hombre,16,50,32.0
2024,10601,rural,28,mujer,14,60,23.333333333333332
2024,10601,urbana,16,hombre,25,33,75.75757575757575
2024,10601,urbana,16,mujer,38,52,73.07692307692308
2024,10601,urbana,17,hombre,24,32,75.0
2024,10601,urbana,17,mujer,23,31,74.19354838709677
2024,10601,urbana,18,hombre,17,28,60.714285714285715
2024,10601,urbana,18,mujer,17,28,60.714285714285715
2024,10601,urbana,19,hombre,17,25,68.0
2024,10601,urbana,19,mujer,14,21,66.66666666666667
2024,10601,urbana,20,hombre,9,18,50.0
2024,10601,urbana,20,mujer,18,25,72.0
2024,10601,urbana,21,hombre,11,15,73.33333333333333
2024,10601,urbana,21,mujer,14,18,77.77777777777777
2024,10601,urbana,22,hombre,18,23,78.26086956521739
2024,10601,urbana,22,mujer,11,16,68.75
2024,10601,urbana,23,hombre,11,18,61.111111111111114
2024,10601,urbana,23,mujer,23,28,82.14285714285714
2024,10601,urbana,24,hombre,18,24,75.0
2024,10601,urbana,24,mujer,11,14,78.57142857142857
2024,10601,urbana,25,hombre,14,19,73.6842105263158
2024,10601,urbana,25,mujer,15,21,71.42857142857143
2024,10601,urbana,26,hombre,12,15,80.0
2024,10601,urbana,26,mujer,13,18,72.22222222222223
2024,10601,urbana,27,hombre,7,13,53.84615384615385
2024,10601,urbana,27,mujer,13,19,68.42105263157895
2024,10601,urbana,28,hombre,9,12,75.0
2024,10601,urbana,28,mujer,14,23,60.869565217391305
2024,10602,rural,16,hombre,20,74,27.027027027027028
2024,10602,rural,16,mujer,20,72,27.77777777777778
2024,10602,rural,17,hombre,23,70,32.857142857142854
2024,10602,rural,17,mujer,27,67,40.298507462686565
2024,10602,rural,18,hombre,22,64,34.375
2024,10602,rural,18,mujer,19,64,29.6875
2024,10602,rural,19,hombre,15,53,28.30188679245283
2024,10602,rural,19,mujer,23,57,40.35087719298246
2024,10602,rural,20,hombre,22,65,33.84615384615385
2024,10602,rural,20,mujer,9,47,19.148936170212767
2024,10602,rural,21,hombre,20,54,37.03703703703704
2024,10602,rural,21,mujer,23,62,37.096774193548384
2024,10602,rural,22,hombre,18,57,31.57894736842105
2024,10602,rural,22,mujer,20,62,32.25806451612903
2024,10602,rural,23,hombre,17,66,25.757575757575758
2024,10602,rural,23,mujer,22,55,40.0
2024,10602,rural,24,hombre,22,65,33.84615384615385
2024,10602,rural,24,mujer,19,52,36.53846153846154
2024,10602,rural,25,hombre,23,71,32.394366197183096
2024,10602,rural,25,mujer,20,69,28.985507246376812
2024,10602,rural,26,hombre,24,63,38.095238095238095
2024,10602,rural,26,mujer,17,58,29.310344827586206
2024,10602,rural,27,hombre,25,62,40.32258064516129
2024,10602,rural,27,mujer,26,67,38.80597014925373
2024,10602,rural,28,hombre,19,48,39.583333333333336
2024,10602,rural,28,mujer,14,48,29.166666666666668
2024,10701,rural,16,hombre,6,68,8.823529411764707
2024,10701,rural,16,mujer,4,64,6.25
2024,10701,rural,17,hombre,8,75,10.666666666666666
2024,10701,rural,17,mujer,7,62,11.290322580645162
2024,10701,rural,18,hombre,3,68,4.411764705882353
2024,10701,rural,18,mujer,2,61,3.278688524590164
2024,10701,rural,19,hombre,4,84,4.761904761904762
2024,10701,rural,19,mujer,4,64,6.25
2024,10701,rural,20,hombre,4,51,7.8431372549019605
2024,10701,rural,20,mujer,1,59,1.694915254237288
2024,10701,rural,21,hombre,4,71,5.633802816901408
2024,10701,rural,21,mujer,3,59,5.084745762711864
2024,10701,rural,22,hombre,2,85,2.3529411764705883
2024,10701,rural,22,mujer,4,70,5.714285714285714
2024,10701,rural,23,hombre,1,61,1.639344262295082
2024,10701,rural,23,mujer,6,61,9.836065573770492
2024,10701,rural,24,hombre,3,68,4.411764705882353
2024,10701,rural,24,mujer,5,76,6.578947368421052
2024,10701,rural,25,hombre,5,64,7.8125
2024,10701,rural,25,mujer,4,73,5.47945205479452
2024,10701,rural,26,hombre,4,71,5.633802816901408
2024,10701,rural,26,mujer,9,90,10.0
2024,10701,rural,27,hombre,3,61,4.918032786885246
2024,10701,rural,27,mujer,3,68,4.411764705882353
2024,10701,rural,28,hombre,2,79,2.5316455696202533
2024,10701,rural,28,mujer,6,69,8.695652173913043
2024,10701,urbana,16,hombre,34,54,62.96296296296296
2024,10701,urbana,16,mujer,49,63,77.77777777777777
2024,10701,urbana,17,hombre,24,38,63.1578947368421
2024,10701,urbana,17,mujer,45,53,84.90566037735849
2024,10701,urbana,18,hombre,25,37,67.56756756756756
2024,10701,urbana,18,mujer,32,50,64.0
2024,10701,urbana,19,hombre,21,30,70.0
2024,10701,urbana,19,mujer,18,28,64.28571428571429
2024,10701,urbana,20,hombre,30,39,76.92307692307692
2024,10701,urbana,20,mujer,24,33,72.72727272727273
2024,10701,urbana,21,hombre,22,33,66.66666666666667
2024,10701,urbana,21,mujer,25,30,83.33333333333333
2024,10701,urbana,22,hombre,29,36,80.55555555555556
2024,10701,urbana,22,mujer,25,41,60.97560975609756
2024,10701,urbana,23,hombre,23,40,57.5
2024,10701,urbana,23,mujer,35,45,77.77777777777777
2024,10701,urbana,24,hombre,22,33,66.66666666666667
2024,10701,urbana,24,mujer,35,47,74.46808510638297
2024,10701,urbana,25,hombre,30,38,78.94736842105263
2024,10701,urbana,25,mujer,45,55,81.81818181818181
2024,10701,urbana,26,hombre,23,28,82.14285714285714
2024,10701,urbana,26,mujer,32,41,78.04878048780488
2024,10701,urbana,27,hombre,35,49,71.42857142857143
2024,10701,urbana,27,mujer,34,44,77.27272727272727
2024,10701,urbana,28,hombre,20,29,68.96551724137932
2024,10701,urbana,28,mujer,33,46,71.73913043478261
2024,10702,rural,16,hombre,50,267,18.726591760299627
2024,10702,rural,16,mujer,51,274,18.613138686131386
2024,10702,rural,17,hombre,41,233,17.59656652360515
2024,10702,rural,17,mujer,49,269,18.21561338289963
2024,10702,rural,18,hombre,41,211,19.43127962085308
2024,10702,rural,18,mujer,27,187,14.438502673796792
2024,10702,rural,19,hombre,20,159,12.578616352201259
2024,10702,rural,19,mujer,35,202,17.326732673267326
2024,10702,rural,20,hombre,20,160,12.5
2024,10702,rural,20,mujer,32,187,17.112299465240643
2024,10702,rural,21,hombre,30,159,18.867924528301888
2024,10702,rural,21,mujer,34,170,20.0
2024,10702,rural,22,hombre,18,152,11.842105263157896
2024,10702,rural,22,mujer,26,171,15.2046783625731
2024,10702,rural,23,hombre,31,212,14.622641509433961
2024,10702,rural,23,mujer,20,168,11.904761904761905
2024,10702,rural,24,hombre,30,180,16.666666666666668
2024,10702,rural,24,mujer,31,195,15.897435897435898
2024,10702,rural,25,hombre,29,152,19.07894736842105
2024,10702,rural,25,mujer,25,155,16.129032258064516
2024,10702,rural,26,hombre,25,162,15.432098765432098
2024,10702,rural,26,mujer,31,149,20.80536912751678
2024,10702,rural,27,hombre,26,158,16.455696202531644
2024,10702,rural,27,mujer,25,142,17.6056338028169
2024,10702,rural,28,hombre,35,149,23.48993288590604
2024,10702,rural,28,mujer,35,136,25.735294117647058
2024,10702,urbana,16,hombre,20,33,60.60606060606061
2024,10702,urbana,16,mujer,33,43,76.74418604651163
2024,10702,urbana,17,hombre,30,46,65.21739130434783
2024,10702,urbana,17,mujer,12,19,63.1578947368421
2024,10702,urbana,18,hombre,16,24,66.66666666666667
2024,10702,urbana,18,mujer,11,15,73.33333333333333
2024,10702,urbana,19,hombre,14,20,70.0
2024,10702,urbana,19,mujer,9,17,52.94117647058823
2024,10702,urbana,20,hombre,12,19,63.1578947368421
2024,10702,urbana,20,mujer,14,20,70.0
2024,10702,urbana,21,hombre,12,17,70.58823529411765
2024,10702,urbana,21,mujer,14,20,70.0
2024,10702,urbana,22,hombre,10,17,58.8235294117647
2024,10702,urbana,22,mujer,9,21,42.857142857142854
2024,10702,urbana,23,hombre,15,19,78.94736842105263
2024,10702,urbana,23,mujer,12,16,75.0
2024,10702,urbana,24,hombre,8,18,44.44444444444444
2024,10702,urbana,24,mujer,15,25,60.0
2024,10702,urbana,25,hombre,11,16,68.75
2024,10702,urbana,25,mujer,20,36,55.55555555555556
2024,10702,urbana,26,hombre,7,15,46.666666666666664
2024,10702,urbana,26,mujer,20,26,76.92307692307692
2024,10702,urbana,27,hombre,10,16,62.5
2024,10702,urbana,27,mujer,19,31,61.29032258064516
2024,10702,urbana,28,hombre,15,18,83.33333333333333
2024,10702,urbana,28,mujer,22,28,78.57142857142857
2024,10703,rural,16,hombre,9,111,8.108108108108109
2024,10703,rural,16,mujer,5,111,4.504504504504505
2024,10703,rural,17,hombre,10,135,7.407407407407407
2024,10703,rural,17,mujer,11,133,8.270676691729323
2024,10703,rural,18,hombre,5,110,4.545454545454546
2024,10703,rural,18,mujer,5,117,4.273504273504273
2024,10703,rural,19,hombre,13,128,10.15625
2024,10703,rural,19,mujer,9,120,7.5
2024,10703,rural,20,hombre,10,132,7.575757575757576
2024,10703,rural,20,mujer,8,119,6.722689075630252
2024,10703,rural,21,hombre,4,108,3.7037037037037037
2024,10703,rural,21,mujer,4,123,3.252032520325203
2024,10703,rural,22,hombre,5,104,4.8076923076923075
2024,10703,rural,22,mujer,9,124,7.258064516129032
2024,10703,rural,23,hombre,6,135,4.444444444444445
2024,10703,rural,23,mujer,10,146,6.8493150684931505
2024,10703,rural,24,hombre,5,133,3.7593984962406015
2024,10703,rural,24,mujer,8,124,6.451612903225806
2024,10703,rural,25,hombre,8,133,6.015037593984962
2024,10703,rural,25,mujer,6,111,5.405405405405405
2024,10703,rural,26,hombre,7,119,5.882352941176471
2024,10703,rural,26,mujer,9,91,9.89010989010989
2024,10703,rural,27,hombre,5,103,4.854368932038835
2024,10703,rural,27,mujer,10,96,10.416666666666666
2024,10703,rural,28,hombre,4,102,3.9215686274509802
2024,10703,rural,28,mujer,5,88,5.681818181818182
2024,10703,urbana,16,hombre,12,12,100.0
2024,10703,urbana,16,mujer,15,19,78.94736842105263
2024,10703,urbana,17,hombre,17,19,89.47368421052632
2024,10703,urbana,17,mujer,12,18,66.66666666666667
2024,10703,urbana,18,hombre,18,20,90.0
2024,10703,urbana,18,mujer,10,11,90.9090909090909
2024,10703,urbana,19,hombre,18,26,69.23076923076923
2024,10703,urbana,19,mujer,21,27,77.77777777777777
2024,10703,urbana,20,hombre,16,22,72.72727272727273
2024,10703,urbana,20,mujer,15,16,93.75
2024,10703,urbana,21,hombre,12,18,66.66666666666667
2024,10703,urbana,21,mujer,14,15,93.33333333333333
2024,10703,urbana,22,hombre,9,13,69.23076923076923
2024,10703,urbana,22,mujer,21,30,70.0
2024,10703,urbana,23,hombre,22,28,78.57142857142857
2024,10703,urbana,23,mujer,26,32,81.25
2024,10703,urbana,24,hombre,26,33,78.78787878787878
2024,10703,urbana,24,mujer,35,39,89.74358974358974
2024,10703,urbana,25,hombre,19,25,76.0
2024,10703,urbana,25,mujer,25,26,96.15384615384616
2024,10703,urbana,26,hombre,14,17,82.3529411764706
2024,10703,urbana,26,mujer,26,31,83.87096774193549
2024,10703,urbana,27,hombre,23,24,95.83333333333333
2024,10703,urbana,27,mujer,19,27,70.37037037037037
2024,10703,urbana,28,hombre,20,27,74.07407407407408
2024,10703,urbana,28,mujer,17,20,85.0
2024,10704,rural,16,hombre,14,118,11.864406779661017
2024,10704,rural,16,mujer,13,121,10.743801652892563
2024,10704,rural,17,hombre,21,139,15.107913669064748
2024,10704,rural,17,mujer,11,122,9.01639344262295
2024,10704,rural,18,hombre,15,121,12.396694214876034
2024,10704,rural,18,mujer,16,125,12.8
2024,10704,rural,19,hombre,6,112,5.357142857142857
2024,10704,rural,19,mujer,13,115,11.304347826086957
2024,10704,rural,20,hombre,9,109,8.256880733944953
2024,10704,rural,20,mujer,13,119,10.92436974789916
2024,10704,rural,21,hombre,5,108,4.62962962962963
2024,10704,rural,21,mujer,11,137,8.02919708029197
2024,10704,rural,22,hombre,11,92,11.956521739130435
2024,10704,rural,22,mujer,13,124,10.483870967741936
2024,10704,rural,23,hombre,8,134,5.970149253731344
2024,10704,rural,23,mujer,12,116,10.344827586206897
2024,10704,rural,24,hombre,12,114,10.526315789473685
2024,10704,rural,24,mujer,12,90,13.333333333333334
2024,10704,rural,25,hombre,12,92,13.043478260869565
2024,10704,rural,25,mujer,10,95,10.526315789473685
2024,10704,rural,26,hombre,12,105,11.428571428571429
2024,10704,rural,26,mujer,8,95,8.421052631578947
2024,10704,rural,27,hombre,7,86,8.13953488372093
2024,10704,rural,27,mujer,9,77,11.688311688311689
2024,10704,rural,28,hombre,6,94,6.382978723404255
2024,10704,rural,28,mujer,8,76,10.526315789473685
2024,10704,urbana,16,hombre,25,28,89.28571428571429
2024,10704,urbana,16,mujer,26,28,92.85714285714286
2024,10704,urbana,17,hombre,22,24,91.66666666666667
2024,10704,urbana,17,mujer,31,36,86.11111111111111
2024,10704,urbana,18,hombre,24,25,96.0
2024,10704,urbana,18,mujer,29,32,90.625
2024,10704,urbana,19,hombre,21,24,87.5
2024,10704,urbana,19,mujer,22,23,95.65217391304348
2024,10704,urbana,20,hombre,21,25,84.0
2024,10704,urbana,20,mujer,26,27,96.29629629629629
2024,10704,urbana,21,hombre,23,27,85.18518518518519
2024,10704,urbana,21,mujer,26,29,89.65517241379311
2024,10704,urbana,22,hombre,14,16,87.5
2024,10704,urbana,22,mujer,18,21,85.71428571428571
2024,10704,urbana,23,hombre,22,24,91.66666666666667
2024,10704,urbana,23,mujer,25,26,96.15384615384616
2024,10704,urbana,24,hombre,28,31,90.3225806451613
2024,10704,urbana,24,mujer,22,22,100.0
2024,10704,urbana,25,hombre,25,26,96.15384615384616
2024,10704,urbana,25,mujer,28,30,93.33333333333333
2024,10704,urbana,26,hombre,22,26,84.61538461538461
2024,10704,urbana,26,mujer,25,28,89.28571428571429
2024,10704,urbana,27,hombre,17,20,85.0
2024,10704,urbana,27,mujer,33,36,91.66666666666667
2024,10704,urbana,28,hombre,17,19,89.47368421052632
2024,10704,urbana,28,mujer,28,29,96.55172413793103
2024,10801,rural,16,hombre,14,46,30.434782608695652
2024,10801,rural,16,mujer,4,43,9.30232558139535
2024,10801,rural,17,hombre,8,45,17.77777777777778
2024,10801,rural,17,mujer,12,53,22.641509433962263
2024,10801,rural,18,hombre,9,45,20.0
2024,10801,rural,18,mujer,6,33,18.181818181818183
2024,10801,rural,19,hombre,4,41,9.75609756097561
2024,10801,rural,19,mujer,6,29,20.689655172413794
2024,10801,rural,20,hombre,8,35,22.857142857142858
2024,10801,rural,20,mujer,6,43,13.953488372093023
2024,10801,rural,21,hombre,10,46,21.73913043478261
2024,10801,rural,21,mujer,6,32,18.75
2024,10801,rural,22,hombre,3,31,9.67741935483871
2024,10801,rural,22,mujer,4,36,11.11111111111111
2024,10801,rural,23,hombre,8,36,22.22222222222222
2024,10801,rural,23,mujer,2,36,5.555555555555555
2024,10801,rural,24,hombre,12,42,28.571428571428573
2024,10801,rural,24,mujer,8,40,20.0
2024,10801,rural,25,hombre,3,41,7.317073170731708
2024,10801,rural,25,mujer,8,29,27.586206896551722
2024,10801,rural,26,hombre,6,35,17.142857142857142
2024,10801,rural,26,mujer,9,35,25.714285714285715
2024,10801,rural,27,hombre,4,44,9.090909090909092
2024,10801,rural,27,mujer,11,40,27.5
2024,10801,rural,28,hombre,7,39,17.94871794871795
2024,10801,rural,28,mujer,8,37,21.62162162162162
2024,10801,urbana,16,hombre,37,40,92.5
2024,10801,urbana,16,mujer,31,35,88.57142857142857
2024,10801,urbana,17,hombre,31,35,88.57142857142857
2024,10801,urbana,17,mujer,31,33,93.93939393939394
2024,10801,urbana,18,hombre,28,29,96.55172413793103
2024,10801,urbana,18,mujer,19,20,95.0
2024,10801,urbana,19,hombre,27,30,90.0
2024,10801,urbana,19,mujer,31,36,86.11111111111111
2024,10801,urbana,20,hombre,38,40,95.0
2024,10801,urbana,20,mujer,23,28,82.14285714285714
2024,10801,urbana,21,hombre,40,45,88.88888888888889
2024,10801,urbana,21,mujer,29,33,87.87878787878788
2024,10801,urbana,22,hombre,33,34,97.05882352941177
2024,10801,urbana,22,mujer,23,23,100.0
2024,10801,urbana,23,hombre,36,39,92.3076923076923
2024,10801,urbana,23,mujer,26,28,92.85714285714286
2024,10801,urbana,24,hombre,30,30,100.0
2024,10801,urbana,24,mujer,31,33,93.93939393939394
2024,10801,urbana,25,hombre,26,28,92.85714285714286
2024,10801,urbana,25,mujer,29,30,96.66666666666667
2024,10801,urbana,26,hombre,31,32,96.875
2024,10801,urbana,26,mujer,25,27,92.5925925925926
2024,10801,urbana,27,hombre,22,24,91.66666666666667
2024,10801,urbana,27,mujer,21,22,95.45454545454545
2024,10801,urbana,28,hombre,29,31,93.54838709677419
2024,10801,urbana,28,mujer,23,24,95.83333333333333
2024,10901,rural,16,hombre,2,21,9.523809523809524
2024,10901,rural,16,mujer,1,20,5.0
2024,10901,rural,17,hombre,2,32,6.25
2024,10901,rural,17,mujer,2,23,8.695652173913043
2024,10901,rural,18,hombre,1,12,8.333333333333334
2024,10901,rural,18,mujer,3,31,9.67741935483871
2024,10901,rural,19,hombre,1,22,4.545454545454546
2024,10901,rural,19,mujer,3,21,14.285714285714286
2024,10901,rural,20,hombre,2,27,7.407407407407407
2024,10901,rural,20,mujer,2,18,11.11111111111111
2024,10901,rural,21,hombre,0,17,0.0
2024,10901,rural,21,mujer,0,18,0.0
2024,10901,rural,22,hombre,1,34,2.9411764705882355
2024,10901,rural,22,mujer,2,24,8.333333333333334
2024,10901,rural,23,hombre,0,32,0.0
2024,10901,rural,23,mujer,1,23,4.3478260869565215
2024,10901,rural,24,hombre,0,29,0.0
2024,10901,rural,24,mujer,3,30,10.0
2024,10901,rural,25,hombre,2,24,8.333333333333334
2024,10901,rural,25,mujer,3,20,15.0
2024,10901,rural,26,hombre,0,27,0.0
2024,10901,rural,26,mujer,2,30,6.666666666666667
2024,10901,rural,27,hombre,0,21,0.0
2024,10901,rural,27,mujer,3,21,14.285714285714286
2024,10901,rural,28,hombre,2,29,6.896551724137931
2024,10901,rural,28,mujer,4,21,19.047619047619047
2024,10901,urbana,16,hombre,10,14,71.42857142857143
2024,10901,urbana,16,mujer,15,26,57.69230769230769
2024,10901,urbana,17,hombre,17,25,68.0
2024,10901,urbana,17,mujer,14,27,51.851851851851855
2024,10901,urbana,18,hombre,7,15,46.666666666666664
2024,10901,urbana,18,mujer,6,13,46.15384615384615
2024,10901,urbana,19,hombre,10,16,62.5
2024,10901,urbana,19,mujer,5,16,31.25
2024,10901,urbana,20,hombre,6,16,37.5
2024,10901,urbana,20,mujer,12,20,60.0
2024,10901,urbana,21,hombre,14,27,51.851851851851855
2024,10901,urbana,21,mujer,15,26,57.69230769230769
2024,10901,urbana,22,hombre,14,24,58.333333333333336
2024,10901,urbana,22,mujer,13,19,68.42105263157895
2024,10901,urbana,23,hombre,16,29,55.172413793103445
2024,10901,urbana,23,mujer,7,13,53.84615384615385
2024,10901,urbana,24,hombre,20,36,55.55555555555556
2024,10901,urbana,24,mujer,10,23,43.47826086956522
2024,10901,urbana,25,hombre,15,19,78.94736842105263
2024,10901,urbana,25,mujer,9,19,47.36842105263158
2024,10901,urbana,26,hombre,10,17,58.8235294117647
2024,10901,urbana,26,mujer,18,25,72.0
2024,10901,urbana,27,hombre,6,15,40.0
2024,10901,urbana,27,mujer,15,20,75.0
2024,10901,urbana,28,hombre,13,26,50.0
2024,10901,urbana,28,mujer,14,22,63.63636363636363
2024,10902,rural,16,hombre,13,105,12.380952380952381
2024,10902,rural,16,mujer,7,109,6.422018348623853
2024,10902,rural,17,hombre,8,105,7.619047619047619
2024,10902,rural,17,mujer,8,109,7.339449541284404
2024,10902,rural,18,hombre,11,90,12.222222222222221
2024,10902,rural,18,mujer,8,105,7.619047619047619
2024,10902,rural,19,hombre,7,90,7.777777777777778
2024,10902,rural,19,mujer,3,86,3.488372093023256
2024,10902,rural,20,hombre,8,92,8.695652173913043
2024,10902,rural,20,mujer,8,72,11.11111111111111
2024,10902,rural,21,hombre,8,97,8.24742268041237
2024,10902,rural,21,mujer,5,102,4.901960784313726
2024,10902,rural,22,hombre,11,85,12.941176470588236
2024,10902,rural,22,mujer,4,75,5.333333333333333
2024,10902,rural,23,hombre,11,96,11.458333333333334
2024,10902,rural,23,mujer,10,91,10.989010989010989
2024,10902,rural,24,hombre,6,92,6.521739130434782
2024,10902,rural,24,mujer,7,85,8.235294117647058
2024,10902,rural,25,hombre,2,86,2.3255813953488373
2024,10902,rural,25,mujer,8,89,8.98876404494382
2024,10902,rural,26,hombre,6,87,6.896551724137931
2024,10902,rural,26,mujer,8,71,11.267605633802816
2024,10902,rural,27,hombre,2,82,2.4390243902439024
2024,10902,rural,27,mujer,1,72,1.3888888888888888
2024,10902,rural,28,hombre,3,84,3.5714285714285716
2024,10902,rural,28,mujer,4,76,5.2631578947368425
2024,10902,urbana,16,hombre,17,31,54.83870967741935
2024,10902,urbana,16,mujer,26,37,70.27027027027027
2024,10902,urbana,17,hombre,25,32,78.125
2024,10902,urbana,17,mujer,21,33,63.63636363636363
2024,10902,urbana,18,hombre,19,32,59.375
2024,10902,urbana,18,mujer,20,28,71.42857142857143
2024,10902,urbana,19,hombre,19,29,65.51724137931035
2024,10902,urbana,19,mujer,16,22,72.72727272727273
2024,10902,urbana,20,hombre,12,19,63.1578947368421
2024,10902,urbana,20,mujer,12,19,63.1578947368421
2024,10902,urbana,21,hombre,16,23,69.56521739130434
2024,10902,urbana,21,mujer,10,15,66.66666666666667
2024,10902,urbana,22,hombre,15,22,68.18181818181819
2024,10902,urbana,22,mujer,16,24,66.66666666666667
2024,10902,urbana,23,hombre,17,31,54.83870967741935
2024,10902,urbana,23,mujer,17,28,60.714285714285715
2024,10902,urbana,24,hombre,10,16,62.5
2024,10902,urbana,24,mujer,16,23,69.56521739130434
2024,10902,urbana,25,hombre,16,22,72.72727272727273
2024,10902,urbana,25,mujer,15,24,62.5
2024,10902,urbana,26,hombre,13,24,54.166666666666664
2024,10902,urbana,26,mujer,19,30,63.333333333333336
2024,10902,urbana,27,hombre,16,27,59.25925925925926
2024,10902,urbana,27,mujer,15,24,62.5
2024,10902,urbana,28,hombre,16,22,72.72727272727273
2024,10902,urbana,28,mujer,11,17,64.70588235294117
2024,10903,rural,16,hombre,6,32,18.75
2024,10903,rural,16,mujer,14,34,41.1764705882353
2024,10903,rural,17,hombre,12,42,28.571428571428573
2024,10903,rural,17,mujer,8,32,25.0
2024,10903,rural,18,hombre,9,44,20.454545454545453
2024,10903,rural,18,mujer,4,29,13.793103448275861
2024,10903,rural,19,hombre,7,42,16.666666666666668
2024,10903,rural,19,mujer,11,40,27.5
2024,10903,rural,20,hombre,7,39,17.94871794871795
2024,10903,rural,20,mujer,9,36,25.0
2024,10903,rural,21,hombre,18,59,30.508474576271187
2024,10903,rural,21,mujer,8,29,27.586206896551722
2024,10903,rural,22,hombre,16,46,34.78260869565217
2024,10903,rural,22,mujer,5,37,13.513513513513514
2024,10903,rural,23,hombre,16,57,28.07017543859649
2024,10903,rural,23,mujer,8,45,17.77777777777778
2024,10903,rural,24,hombre,8,66,12.121212121212121
2024,10903,rural,24,mujer,9,45,20.0
2024,10903,rural,25,hombre,12,49,24.489795918367346
2024,10903,rural,25,mujer,7,40,17.5
2024,10903,rural,26,hombre,9,42,21.428571428571427
2024,10903,rural,26,mujer,6,50,12.0
2024,10903,rural,27,hombre,12,55,21.818181818181817
2024,10903,rural,27,mujer,10,36,27.77777777777778
2024,10903,rural,28,hombre,6,48,12.5
2024,10903,rural,28,mujer,5,33,15.151515151515152
2024,11001,rural,16,hombre,4,49,8.16326530612245
2024,11001,rural,16,mujer,6,50,12.0
2024,11001,rural,17,hombre,5,47,10.638297872340425
2024,11001,rural,17,mujer,1,44,2.272727272727273
2024,11001,rural,18,hombre,0,43,0.0
2024,11001,rural,18,mujer,3,44,6.818181818181818
2024,11001,rural,19,hombre,2,56,3.5714285714285716
2024,11001,rural,19,mujer,2,38,5.2631578947368425
2024,11001,rural,20,hombre,4,46,8.695652173913043
2024,11001,rural,20,mujer,4,47,8.51063829787234
2024,11001,rural,21,hombre,4,55,7.2727272727272725
2024,11001,rural,21,mujer,4,34,11.764705882352942
2024,11001,rural,22,hombre,4,50,8.0
2024,11001,rural,22,mujer,3,56,5.357142857142857
2024,11001,rural,23,hombre,5,72,6.944444444444445
2024,11001,rural,23,mujer,4,55,7.2727272727272725
2024,11001,rural,24,hombre,2,70,2.857142857142857
2024,11001,rural,24,mujer,8,60,13.333333333333334
2024,11001,rural,25,hombre,2,48,4.166666666666667
2024,11001,rural,25,mujer,2,51,3.9215686274509802
2024,11001,rural,26,hombre,5,50,10.0
2024,11001,rural,26,mujer,4,54,7.407407407407407
2024,11001,rural,27,hombre,3,64,4.6875
2024,11001,rural,27,mujer,6,44,13.636363636363637
2024,11001,rural,28,hombre,9,69,13.043478260869565
2024,11001,rural,28,mujer,10,49,20.408163265306122
2024,11001,urbana,16,hombre,25,29,86.20689655172414
2024,11001,urbana,16,mujer,26,34,76.47058823529412
2024,11001,urbana,17,hombre,27,33,81.81818181818181
2024,11001,urbana,17,mujer,35,43,81.3953488372093
2024,11001,urbana,18,hombre,65,80,81.25
2024,11001,urbana,18,mujer,32,40,80.0
2024,11001,urbana,19,hombre,78,89,87.64044943820225
2024,11001,urbana,19,mujer,56,60,93.33333333333333
2024,11001,urbana,20,hombre,86,95,90.52631578947368
2024,11001,urbana,20,mujer,50,65,76.92307692307692
2024,11001,urbana,21,hombre,64,76,84.21052631578948
2024,11001,urbana,21,mujer,54,66,81.81818181818181
2024,11001,urbana,22,hombre,75,86,87.20930232558139
2024,11001,urbana,22,mujer,72,79,91.13924050632912
2024,11001,urbana,23,hombre,73,89,82.02247191011236
2024,11001,urbana,23,mujer,38,46,82.6086956521739
2024,11001,urbana,24,hombre,54,65,83.07692307692308
2024,11001,urbana,24,mujer,41,51,80.3921568627451
2024,11001,urbana,25,hombre,46,56,82.14285714285714
2024,11001,urbana,25,mujer,41,50,82.0
2024,11001,urbana,26,hombre,35,37,94.5945945945946
2024,11001,urbana,26,mujer,8,13,61.53846153846154
2024,11001,urbana,27,hombre,26,38,68.42105263157895
2024,11001,urbana,27,mujer,34,39,87.17948717948718
2024,11001,urbana,28,hombre,29,40,72.5
2024,11001,urbana,28,mujer,21,25,84.0
2024,11002,rural,16,hombre,10,27,37.03703703703704
2024,11002,rural,16,mujer,13,26,50.0
2024,11002,rural,17,hombre,3,16,18.75
2024,11002,rural,17,mujer,11,24,45.833333333333336
2024,11002,rural,18,hombre,7,24,29.166666666666668
2024,11002,rural,18,mujer,7,28,25.0
2024,11002,rural,19,hombre,4,18,22.22222222222222
2024,11002,rural,19,mujer,8,17,47.05882352941177
2024,11002,rural,20,hombre,7,24,29.166666666666668
2024,11002,rural,20,mujer,1,15,6.666666666666667
2024,11002,rural,21,hombre,8,19,42.10526315789474
2024,11002,rural,21,mujer,2,9,22.22222222222222
2024,11002,rural,22,hombre,7,19,36.8421052631579
2024,11002,rural,22,mujer,4,18,22.22222222222222
2024,11002,rural,23,hombre,7,17,41.1764705882353
2024,11002,rural,23,mujer,8,21,38.095238095238095
2024,11002,rural,24,hombre,7,25,28.0
2024,11002,rural,24,mujer,10,23,43.47826086956522
2024,11002,rural,25,hombre,9,19,47.36842105263158
2024,11002,rural,25,mujer,7,13,53.84615384615385
2024,11002,rural,26,hombre,9,30,30.0
2024,11002,rural,26,mujer,6,14,42.857142857142854
2024,11002,rural,27,hombre,7,23,30.434782608695652
2024,11002,rural,27,mujer,8,20,40.0
2024,11002,rural,28,hombre,5,19,26.31578947368421
2024,11002,rural,28,mujer,4,12,33.333333333333336
2024,11003,rural,16,hombre,25,72,34.72222222222222
2024,11003,rural,16,mujer,18,53,33.9622641509434
2024,11003,rural,17,hombre,10,57,17.54385964912281
2024,11003,rural,17,mujer,9,45,20.0
2024,11003,rural,18,hombre,17,41,41.46341463414634
2024,11003,rural,18,mujer,9,33,27.272727272727273
2024,11003,rural,19,hombre,8,38,21.05263157894737
2024,11003,rural,19,mujer,8,27,29.62962962962963
2024,11003,rural,20,hombre,12,35,34.285714285714285
2024,11003,rural,20,mujer,11,48,22.916666666666668
2024,11003,rural,21,hombre,6,32,18.75
2024,11003,rural,21,mujer,8,35,22.857142857142858
2024,11003,rural,22,hombre,12,47,25.53191489361702
2024,11003,rural,22,mujer,13,48,27.083333333333332
2024,11003,rural,23,hombre,11,38,28.94736842105263
2024,11003,rural,23,mujer,10,54,18.51851851851852
2024,11003,rural,24,hombre,11,57,19.29824561403509
2024,11003,rural,24,mujer,15,64,23.4375
2024,11003,rural,25,hombre,13,54,24.074074074074073
2024,11003,rural,25,mujer,13,44,29.545454545454547
2024,11003,rural,26,hombre,13,61,21.311475409836067
2024,11003,rural,26,mujer,10,43,23.25581395348837
2024,11003,rural,27,hombre,15,60,25.0
2024,11003,rural,27,mujer,13,56,23.214285714285715
2024,11003,rural,28,hombre,9,48,18.75
2024,11003,rural,28,mujer,16,45,35.55555555555556
2024,20101,rural,16,hombre,15,51,29.41176470588235
2024,20101,rural,16,mujer,11,39,28.205128205128204
2024,20101,rural,17,hombre,20,53,37.735849056603776
2024,20101,rural,17,mujer,11,42,26.19047619047619
2024,20101,rural,18,hombre,13,48,27.083333333333332
2024,20101,rural,18,mujer,13,54,24.074074074074073
2024,20101,rural,19,hombre,9,56,16.071428571428573
2024,20101,rural,19,mujer,14,42,33.333333333333336
2024,20101,rural,20,hombre,19,60,31.666666666666668
2024,20101,rural,20,mujer,20,60,33.333333333333336
2024,20101,rural,21,hombre,12,55,21.818181818181817
2024,20101,rural,21,mujer,13,47,27.659574468085108
2024,20101,rural,22,hombre,11,68,16.176470588235293
2024,20101,rural,22,mujer,18,55,32.72727272727273
2024,20101,rural,23,hombre,13,69,18.840579710144926
2024,20101,rural,23,mujer,11,50,22.0
2024,20101,rural,24,hombre,22,81,27.160493827160494
2024,20101,rural,24,mujer,12,58,20.689655172413794
2024,20101,rural,25,hombre,11,60,18.333333333333332
2024,20101,rural,25,mujer,9,47,19.148936170212767
2024,20101,rural,26,hombre,10,64,15.625
2024,20101,rural,26,mujer,5,38,13.157894736842104
2024,20101,rural,27,hombre,16,60,26.666666666666668
2024,20101,rural,27,mujer,14,49,28.571428571428573
2024,20101,rural,28,hombre,8,50,16.0
2024,20101,rural,28,mujer,12,52,23.076923076923077
2024,20101,urbana,16,hombre,5568,5812,95.80178940123882
2024,20101,urbana,16,mujer,5399,5617,96.11892469289657
2024,20101,urbana,17,hombre,5454,5685,95.93667546174143
2024,20101,urbana,17,mujer,5529,5751,96.13980177360459
2024,20101,urbana,18,hombre,5326,5534,96.24141669678352
2024,20101,urbana,18,mujer,5637,5882,95.8347500850051
2024,20101,urbana,19,hombre,5506,5727,96.14108608346429
2024,20101,urbana,19,mujer,5674,5923,95.79604929934155
2024,20101,urbana,20,hombre,5494,5715,96.13298337707786
2024,20101,urbana,20,mujer,5678,5909,96.09070908783212
2024,20101,urbana,21,hombre,5704,5930,96.18887015177066
2024,20101,urbana,21,mujer,5741,5980,96.00334448160535
2024,20101,urbana,22,hombre,5689,5901,96.40738857820709
2024,20101,urbana,22,mujer,5739,5994,95.74574574574575
2024,20101,urbana,23,hombre,6018,6283,95.78226961642527
2024,20101,urbana,23,mujer,6248,6498,96.15266235764851
2024,20101,urbana,24,hombre,6173,6447,95.74996122227392
2024,20101,urbana,24,mujer,6261,6538,95.76323034567146
2024,20101,urbana,25,hombre,5807,6041,96.12646912762787
2024,20101,urbana,25,mujer,6105,6365,95.91516103692067
2024,20101,urbana,26,hombre,5629,5884,95.66621346023113
2024,20101,urbana,26,mujer,5997,6236,96.16741500962155
2024,20101,urbana,27,hombre,5801,6058,95.75767580059426
2024,20101,urbana,27,mujer,6005,6264,95.86526181353767
2024,20101,urbana,28,hombre,5592,5809,96.26441728352556
2024,20101,urbana,28,mujer,5925,6168,96.06031128404669
2024,20102,rural,16,hombre,25,175,14.285714285714286
2024,20102,rural,16,mujer,34,212,16.037735849056602
2024,20102,rural,17,hombre,29,158,18.354430379746834
2024,20102,rural,17,mujer,29,167,17.365269461077844
2024,20102,rural,18,hombre,20,133,15.037593984962406
2024,20102,rural,18,mujer,28,176,15.909090909090908
2024,20102,rural,19,hombre,19,146,13.013698630136986
2024,20102,rural,19,mujer,23,171,13.450292397660819
2024,20102,rural,20,hombre,21,147,14.285714285714286
2024,20102,rural,20,mujer,21,174,12.068965517241379
2024,20102,rural,21,hombre,27,166,16.265060240963855
2024,20102,rural,21,mujer,23,174,13.218390804597702
2024,20102,rural,22,hombre,19,163,11.656441717791411
2024,20102,rural,22,mujer,27,166,16.265060240963855
2024,20102,rural,23,hombre,26,205,12.682926829268293
2024,20102,rural,23,mujer,32,226,14.15929203539823
2024,20102,rural,24,hombre,26,193,13.471502590673575
2024,20102,rural,24,mujer,27,205,13.170731707317072
2024,20102,rural,25,hombre,25,156,16.025641025641026
2024,20102,rural,25,mujer,30,186,16.129032258064516
2024,20102,rural,26,hombre,19,173,10.982658959537572
2024,20102,rural,26,mujer,26,198,13.131313131313131
2024,20102,rural,27,hombre,16,167,9.580838323353293
2024,20102,rural,27,mujer,23,166,13.855421686746988
2024,20102,rural,28,hombre,11,146,7.534246575342466
2024,20102,rural,28,mujer,24,165,14.545454545454545
2024,20103,rural,16,hombre,42,145,28.96551724137931
2024,20103,rural,16,mujer,51,178,28.651685393258425
2024,20103,rural,17,hombre,37,127,29.133858267716537
2024,20103,rural,17,mujer,44,139,31.654676258992804
2024,20103,rural,18,hombre,37,134,27.611940298507463
2024,20103,rural,18,mujer,49,120,40.833333333333336
2024,20103,rural,19,hombre,39,140,27.857142857142858
2024,20103,rural,19,mujer,46,118,38.983050847457626
2024,20103,rural,20,hombre,36,119,30.252100840336134
2024,20103,rural,20,mujer,47,149,31.543624161073826
2024,20103,rural,21,hombre,48,158,30.379746835443036
2024,20103,rural,21,mujer,48,163,29.447852760736197
2024,20103,rural,22,hombre,45,141,31.914893617021278
2024,20103,rural,22,mujer,46,157,29.29936305732484
2024,20103,rural,23,hombre,43,154,27.92207792207792
2024,20103,rural,23,mujer,35,155,22.580645161290324
2024,20103,rural,24,hombre,52,192,27.083333333333332
2024,20103,rural,24,mujer,54,195,27.692307692307693
2024,20103,rural,25,hombre,49,155,31.612903225806452
2024,20103,rural,25,mujer,44,159,27.67295597484277
2024,20103,rural,26,hombre,44,150,29.333333333333332
2024,20103,rural,26,mujer,43,147,29.25170068027211
2024,20103,rural,27,hombre,43,139,30.93525179856115
2024,20103,rural,27,mujer,48,129,37.2093023255814
2024,20103,rural,28,hombre,67,164,40.853658536585364
2024,20103,rural,28,mujer,34,136,25.0
2024,20104,rural,16,hombre,6,43,13.953488372093023
2024,20104,rural,16,mujer,7,41,17.073170731707318
2024,20104,rural,17,hombre,5,39,12.820512820512821
2024,20104,rural,17,mujer,8,36,22.22222222222222
2024,20104,rural,18,hombre,3,34,8.823529411764707
2024,20104,rural,18,mujer,2,40,5.0
2024,20104,rural,19,hombre,4,46,8.695652173913043
2024,20104,rural,19,mujer,7,40,17.5
2024,20104,rural,20,hombre,7,42,16.666666666666668
2024,20104,rural,20,mujer,7,47,14.893617021276595
2024,20104,rural,21,hombre,6,41,14.634146341463415
2024,20104,rural,21,mujer,4,39,10.256410256410257
2024,20104,rural,22,hombre,9,57,15.789473684210526
2024,20104,rural,22,mujer,7,49,14.285714285714286
2024,20104,rural,23,hombre,5,39,12.820512820512821
2024,20104,rural,23,mujer,3,54,5.555555555555555
2024,20104,rural,24,hombre,7,44,15.909090909090908
2024,20104,rural,24,mujer,4,54,7.407407407407407
2024,20104,rural,25,hombre,6,41,14.634146341463415
2024,20104,rural,25,mujer,8,52,15.384615384615385
2024,20104,rural,26,hombre,6,50,12.0
2024,20104,rural,26,mujer,9,47,19.148936170212767
2024,20104,rural,27,hombre,7,48,14.583333333333334
2024,20104,rural,27,mujer,7,59,11.864406779661017
2024,20104,rural,28,hombre,3,35,8.571428571428571
2024,20104,rural,28,mujer,7,40,17.5
2024,20104,urbana,16,hombre,111,393,28.244274809160306
2024,20104,urbana,16,mujer,82,336,24.404761904761905
2024,20104,urbana,17,hombre,98,319,30.721003134796238
2024,20104,urbana,17,mujer,102,315,32.38095238095238
2024,20104,urbana,18,hombre,82,251,32.669322709163346
2024,20104,urbana,18,mujer,81,312,25.96153846153846
2024,20104,urbana,19,hombre,85,291,29.209621993127147
2024,20104,urbana,19,mujer,96,328,29.26829268292683
2024,20104,urbana,20,hombre,102,350,29.142857142857142
2024,20104,urbana,20,mujer,86,339,25.36873156342183
2024,20104,urbana,21,hombre,88,336,26.19047619047619
2024,20104,urbana,21,mujer,92,333,27.62762762762763
2024,20104,urbana,22,hombre,85,313,27.156549520766774
2024,20104,urbana,22,mujer,86,345,24.92753623188406
2024,20104,urbana,23,hombre,110,374,29.41176470588235
2024,20104,urbana,23,mujer,119,404,29.455445544554454
2024,20104,urbana,24,hombre,116,396,29.292929292929294
2024,20104,urbana,24,mujer,92,381,24.146981627296586
2024,20104,urbana,25,hombre,107,388,27.577319587628867
2024,20104,urbana,25,mujer,89,343,25.94752186588921
2024,20104,urbana,26,hombre,77,340,22.647058823529413
2024,20104,urbana,26,mujer,86,349,24.64183381088825
2024,20104,urbana,27,hombre,73,293,24.914675767918087
2024,20104,urbana,27,mujer,89,365,24.383561643835616
2024,20104,urbana,28,hombre,82,312,26.28205128205128
2024,20104,urbana,28,mujer,84,348,24.137931034482758
2024,20105,rural,16,hombre,0,9,0.0
2024,20105,rural,16,mujer,0,7,0.0
2024,20105,rural,17,hombre,0,4,0.0
2024,20105,rural,17,mujer,0,5,0.0
2024,20105,rural,18,hombre,0,4,0.0
2024,20105,rural,18,mujer,0,4,0.0
2024,20105,rural,19,hombre,1,3,33.333333333333336
2024,20105,rural,19,mujer,0,9,0.0
2024,20105,rural,20,hombre,0,11,0.0
2024,20105,rural,20,mujer,1,6,16.666666666666668
2024,20105,rural,21,hombre,0,7,0.0
2024,20105,rural,21,mujer,1,3,33.333333333333336
2024,20105,rural,22,hombre,0,6,0.0
2024,20105,rural,22,mujer,0,8,0.0
2024,20105,rural,23,hombre,0,8,0.0
2024,20105,rural,23,mujer,0,4,0.0
2024,20105,rural,24,hombre,0,6,0.0
2024,20105,rural,24,mujer,0,5,0.0
2024,20105,rural,25,hombre,0,8,0.0
2024,20105,rural,25,mujer,0,5,0.0
2024,20105,rural,26,hombre,0,7,0.0
2024,20105,rural,26,mujer,0,6,0.0
2024,20105,rural,27,hombre,0,5,0.0
2024,20105,rural,27,mujer,0,2,0.0
2024,20105,rural,28,hombre,1,8,12.5
2024,20105,rural,28,mujer,1,3,33.333333333333336
2024,20105,urbana,16,hombre,7980,8857,90.09822739076436
2024,20105,urbana,16,mujer,7980,8872,89.9458972046889
2024,20105,urbana,17,hombre,7436,8279,89.81761082256311
2024,20105,urbana,17,mujer,7731,8586,90.041928721174
2024,20105,urbana,18,hombre,6311,6961,90.66226116937221
2024,20105,urbana,18,mujer,7723,8554,90.2852466682254
2024,20105,urbana,19,hombre,6987,7761,90.02705836876692
2024,20105,urbana,19,mujer,7614,8524,89.32426091037071
2024,20105,urbana,20,hombre,7395,8308,89.01059220028888
2024,20105,urbana,20,mujer,8039,8945,89.8714365567356
2024,20105,urbana,21,hombre,7649,8538,89.58772546263762
2024,20105,urbana,21,mujer,7906,8844,89.39393939393939
2024,20105,urbana,22,hombre,7617,8482,89.80193350624853
2024,20105,urbana,22,mujer,8017,8913,89.94726803545383
2024,20105,urbana,23,hombre,8336,9286,89.76954555244454
2024,20105,urbana,23,mujer,8538,9525,89.63779527559055
2024,20105,urbana,24,hombre,8401,9347,89.87910559537819
2024,20105,urbana,24,mujer,8614,9668,89.09805544062888
2024,20105,urbana,25,hombre,8044,8905,90.33127456485121
2024,20105,urbana,25,mujer,8450,9377,90.11410899008212
2024,20105,urbana,26,hombre,7676,8616,89.09006499535748
2024,20105,urbana,26,mujer,8098,9043,89.54992812119872
2024,20105,urbana,27,hombre,7399,8229,89.91371977153968
2024,20105,urbana,27,mujer,7754,8758,88.53619547841973
2024,20105,urbana,28,hombre,7266,8103,89.67049241021844
2024,20105,urbana,28,mujer,7829,8711,89.87487085294455
2024,20201,rural,16,hombre,21,287,7.317073170731708
2024,20201,rural,16,mujer,23,293,7.849829351535837
2024,20201,rural,17,hombre,28,279,10.03584229390681
2024,20201,rural,17,mujer,31,289,10.726643598615917
2024,20201,rural,18,hombre,24,237,10.126582278481013
2024,20201,rural,18,mujer,23,269,8.550185873605948
2024,20201,rural,19,hombre,22,212,10.377358490566039
2024,20201,rural,19,mujer,16,210,7.619047619047619
2024,20201,rural,20,hombre,19,241,7.8838174273858925
2024,20201,rural,20,mujer,16,257,6.22568093385214
2024,20201,rural,21,hombre,25,280,8.928571428571429
2024,20201,rural,21,mujer,25,287,8.710801393728223
2024,20201,rural,22,hombre,12,222,5.405405405405405
2024,20201,rural,22,mujer,27,292,9.246575342465754
2024,20201,rural,23,hombre,23,261,8.812260536398467
2024,20201,rural,23,mujer,21,281,7.473309608540926
2024,20201,rural,24,hombre,17,287,5.923344947735192
2024,20201,rural,24,mujer,18,266,6.7669172932330826
2024,20201,rural,25,hombre,22,295,7.4576271186440675
2024,20201,rural,25,mujer,26,262,9.923664122137405
2024,20201,rural,26,hombre,23,270,8.518518518518519
2024,20201,rural,26,mujer,22,273,8.058608058608058
2024,20201,rural,27,hombre,13,253,5.138339920948616
2024,20201,rural,27,mujer,15,239,6.2761506276150625
2024,20201,rural,28,hombre,31,245,12.653061224489797
2024,20201,rural,28,mujer,18,253,7.1146245059288535
2024,20201,urbana,16,hombre,70,80,87.5
2024,20201,urbana,16,mujer,89,98,90.81632653061224
2024,20201,urbana,17,hombre,74,87,85.05747126436782
2024,20201,urbana,17,mujer,81,88,92.04545454545455
2024,20201,urbana,18,hombre,54,60,90.0
2024,20201,urbana,18,mujer,69,85,81.17647058823529
2024,20201,urbana,19,hombre,66,81,81.48148148148148
2024,20201,urbana,19,mujer,66,76,86.84210526315789
2024,20201,urbana,20,hombre,67,73,91.78082191780823
2024,20201,urbana,20,mujer,68,78,87.17948717948718
2024,20201,urbana,21,hombre,76,84,90.47619047619048
2024,20201,urbana,21,mujer,75,80,93.75
2024,20201,urbana,22,hombre,73,84,86.9047619047619
2024,20201,urbana,22,mujer,72,86,83.72093023255815
2024,20201,urbana,23,hombre,52,61,85.24590163934427
2024,20201,urbana,23,mujer,84,99,84.84848484848484
2024,20201,urbana,24,hombre,56,69,81.15942028985508
2024,20201,urbana,24,mujer,62,82,75.60975609756098
2024,20201,urbana,25,hombre,86,93,92.47311827956989
2024,20201,urbana,25,mujer,69,85,81.17647058823529
2024,20201,urbana,26,hombre,64,74,86.48648648648648
2024,20201,urbana,26,mujer,72,90,80.0
2024,20201,urbana,27,hombre,64,76,84.21052631578948
2024,20201,urbana,27,mujer,83,102,81.37254901960785
2024,20201,urbana,28,hombre,60,75,80.0
2024,20201,urbana,28,mujer,69,91,75.82417582417582
2024,20202,rural,16,hombre,4,119,3.361344537815126
2024,20202,rural,16,mujer,8,115,6.956521739130435
2024,20202,rural,17,hombre,11,116,9.482758620689655
2024,20202,rural,17,mujer,3,111,2.7027027027027026
2024,20202,rural,18,hombre,8,101,7.920792079207921
2024,20202,rural,18,mujer,11,105,10.476190476190476
2024,20202,rural,19,hombre,9,96,9.375
2024,20202,rural,19,mujer,6,98,6.122448979591836
2024,20202,rural,20,hombre,13,96,13.541666666666666
2024,20202,rural,20,mujer,5,88,5.681818181818182
2024,20202,rural,21,hombre,4,96,4.166666666666667
2024,20202,rural,21,mujer,6,92,6.521739130434782
2024,20202,rural,22,hombre,10,89,11.235955056179776
2024,20202,rural,22,mujer,10,99,10.1010101010101
2024,20202,rural,23,hombre,11,114,9.649122807017545
2024,20202,rural,23,mujer,8,107,7.4766355140186915
2024,20202,rural,24,hombre,5,111,4.504504504504505
2024,20202,rural,24,mujer,10,120,8.333333333333334
2024,20202,rural,25,hombre,8,114,7.017543859649122
2024,20202,rural,25,mujer,11,123,8.94308943089431
2024,20202,rural,26,hombre,8,112,7.142857142857143
2024,20202,rural,26,mujer,11,121,9.090909090909092
2024,20202,rural,27,hombre,9,95,9.473684210526315
2024,20202,rural,27,mujer,7,105,6.666666666666667
2024,20202,rural,28,hombre,7,111,6.306306306306307
2024,20202,rural,28,mujer,15,97,15.463917525773196
2024,20203,rural,16,hombre,5,56,8.928571428571429
2024,20203,rural,16,mujer,5,63,7.936507936507937
2024,20203,rural,17,hombre,5,39,12.820512820512821
2024,20203,rural,17,mujer,2,45,4.444444444444445
2024,20203,rural,18,hombre,5,39,12.820512820512821
2024,20203,rural,18,mujer,5,58,8.620689655172415
2024,20203,rural,19,hombre,4,33,12.121212121212121
2024,20203,rural,19,mujer,4,46,8.695652173913043
2024,20203,rural,20,hombre,7,40,17.5
2024,20203,rural,20,mujer,2,43,4.651162790697675
2024,20203,rural,21,hombre,1,42,2.380952380952381
2024,20203,rural,21,mujer,8,46,17.391304347826086
2024,20203,rural,22,hombre,5,51,9.803921568627452
2024,20203,rural,22,mujer,6,50,12.0
2024,20203,rural,23,hombre,12,48,25.0
2024,20203,rural,23,mujer,2,44,4.545454545454546
2024,20203,rural,24,hombre,4,43,9.30232558139535
2024,20203,rural,24,mujer,10,51,19.607843137254903
2024,20203,rural,25,hombre,5,42,11.904761904761905
2024,20203,rural,25,mujer,4,52,7.6923076923076925
2024,20203,rural,26,hombre,9,46,19.565217391304348
2024,20203,rural,26,mujer,5,50,10.0
2024,20203,rural,27,hombre,11,55,20.0
2024,20203,rural,27,mujer,7,46,15.217391304347826
2024,20203,rural,28,hombre,3,39,7.6923076923076925
2024,20203,rural,28,mujer,10,54,18.51851851851852
2024,20204,rural,16,hombre,6,61,9.836065573770492
2024,20204,rural,16,mujer,5,61,8.19672131147541
2024,20204,rural,17,hombre,9,53,16.9811320754717
2024,20204,rural,17,mujer,5,54,9.25925925925926
2024,20204,rural,18,hombre,6,34,17.647058823529413
2024,20204,rural,18,mujer,10,54,18.51851851851852
2024,20204,rural,19,hombre,5,53,9.433962264150944
2024,20204,rural,19,mujer,10,60,16.666666666666668
2024,20204,rural,20,hombre,10,54,18.51851851851852
2024,20204,rural,20,mujer,9,43,20.930232558139537
2024,20204,rural,21,hombre,8,41,19.51219512195122
2024,20204,rural,21,mujer,8,58,13.793103448275861
2024,20204,rural,22,hombre,11,39,28.205128205128204
2024,20204,rural,22,mujer,9,53,16.9811320754717
2024,20204,rural,23,hombre,3,65,4.615384615384615
2024,20204,rural,23,mujer,12,69,17.391304347826086
2024,20204,rural,24,hombre,9,61,14.754098360655737
2024,20204,rural,24,mujer,8,52,15.384615384615385
2024,20204,rural,25,hombre,6,51,11.764705882352942
2024,20204,rural,25,mujer,9,56,16.071428571428573
2024,20204,rural,26,hombre,8,56,14.285714285714286
2024,20204,rural,26,mujer,11,65,16.923076923076923
2024,20204,rural,27,hombre,8,53,15.09433962264151
2024,20204,rural,27,mujer,12,51,23.529411764705884
2024,20204,rural,28,hombre,10,56,17.857142857142858
2024,20204,rural,28,mujer,3,43,6.976744186046512
2024,20205,rural,16,hombre,8,31,25.806451612903224
2024,20205,rural,16,mujer,8,28,28.571428571428573
2024,20205,rural,17,hombre,8,35,22.857142857142858
2024,20205,rural,17,mujer,6,30,20.0
2024,20205,rural,18,hombre,17,33,51.515151515151516
2024,20205,rural,18,mujer,11,33,33.333333333333336
2024,20205,rural,19,hombre,15,41,36.58536585365854
2024,20205,rural,19,mujer,4,25,16.0
2024,20205,rural,20,hombre,16,37,43.24324324324324
2024,20205,rural,20,mujer,7,25,28.0
2024,20205,rural,21,hombre,6,37,16.216216216216218
2024,20205,rural,21,mujer,10,26,38.46153846153846
2024,20205,rural,22,hombre,6,24,25.0
2024,20205,rural,22,mujer,4,28,14.285714285714286
2024,20205,rural,23,hombre,11,39,28.205128205128204
2024,20205,rural,23,mujer,9,41,21.951219512195124
2024,20205,rural,24,hombre,7,31,22.580645161290324
2024,20205,rural,24,mujer,12,29,41.37931034482759
2024,20205,rural,25,hombre,8,28,28.571428571428573
2024,20205,rural,25,mujer,7,25,28.0
2024,20205,rural,26,hombre,9,29,31.03448275862069
2024,20205,rural,26,mujer,9,27,33.333333333333336
2024,20205,rural,27,hombre,11,34,32.35294117647059
2024,20205,rural,27,mujer,7,31,22.580645161290324
2024,20205,rural,28,hombre,8,24,33.333333333333336
2024,20205,rural,28,mujer,8,26,30.76923076923077
2024,20206,rural,16,hombre,9,44,20.454545454545453
2024,20206,rural,16,mujer,8,46,17.391304347826086
2024,20206,rural,17,hombre,12,48,25.0
2024,20206,rural,17,mujer,10,44,22.727272727272727
2024,20206,rural,18,hombre,15,47,31.914893617021278
2024,20206,rural,18,mujer,10,57,17.54385964912281
2024,20206,rural,19,hombre,21,59,35.59322033898305
2024,20206,rural,19,mujer,10,54,18.51851851851852
2024,20206,rural,20,hombre,8,36,22.22222222222222
2024,20206,rural,20,mujer,11,58,18.96551724137931
2024,20206,rural,21,hombre,4,47,8.51063829787234
2024,20206,rural,21,mujer,3,40,7.5
2024,20206,rural,22,hombre,7,35,20.0
2024,20206,rural,22,mujer,5,58,8.620689655172415
2024,20206,rural,23,hombre,6,54,11.11111111111111
2024,20206,rural,23,mujer,7,55,12.727272727272727
2024,20206,rural,24,hombre,6,50,12.0
2024,20206,rural,24,mujer,8,57,14.035087719298245
2024,20206,rural,25,hombre,5,59,8.474576271186441
2024,20206,rural,25,mujer,8,49,16.3265306122449
2024,20206,rural,26,hombre,6,57,10.526315789473685
2024,20206,rural,26,mujer,4,48,8.333333333333334
2024,20206,rural,27,hombre,7,47,14.893617021276595
2024,20206,rural,27,mujer,5,41,12.195121951219512
2024,20206,rural,28,hombre,8,51,15.686274509803921
2024,20206,rural,28,mujer,8,44,18.181818181818183
2024,20301,rural,16,hombre,7,93,7.526881720430108
2024,20301,rural,16,mujer,8,88,9.090909090909092
2024,20301,rural,17,hombre,3,77,3.896103896103896
2024,20301,rural,17,mujer,5,87,5.747126436781609
2024,20301,rural,18,hombre,4,73,5.47945205479452
2024,20301,rural,18,mujer,4,72,5.555555555555555
2024,20301,rural,19,hombre,13,90,14.444444444444445
2024,20301,rural,19,mujer,6,68,8.823529411764707
2024,20301,rural,20,hombre,5,72,6.944444444444445
2024,20301,rural,20,mujer,5,78,6.410256410256411
2024,20301,rural,21,hombre,1,59,1.694915254237288
2024,20301,rural,21,mujer,5,77,6.4935064935064934
2024,20301,rural,22,hombre,4,80,5.0
2024,20301,rural,22,mujer,5,59,8.474576271186441
2024,20301,rural,23,hombre,7,72,9.722222222222221
2024,20301,rural,23,mujer,2,90,2.2222222222222223
2024,20301,rural,24,hombre,4,83,4.819277108433735
2024,20301,rural,24,mujer,2,78,2.5641025641025643
2024,20301,rural,25,hombre,2,69,2.898550724637681
2024,20301,rural,25,mujer,10,90,11.11111111111111
2024,20301,rural,26,hombre,5,75,6.666666666666667
2024,20301,rural,26,mujer,4,90,4.444444444444445
2024,20301,rural,27,hombre,5,71,7.042253521126761
2024,20301,rural,27,mujer,2,68,2.9411764705882355
2024,20301,rural,28,hombre,3,74,4.054054054054054
2024,20301,rural,28,mujer,2,53,3.7735849056603774
2024,20301,urbana,16,hombre,12,15,80.0
2024,20301,urbana,16,mujer,10,14,71.42857142857143
2024,20301,urbana,17,hombre,17,25,68.0
2024,20301,urbana,17,mujer,12,15,80.0
2024,20301,urbana,18,hombre,61,120,50.833333333333336
2024,20301,urbana,18,mujer,5,15,33.333333333333336
2024,20301,urbana,19,hombre,42,77,54.54545454545455
2024,20301,urbana,19,mujer,8,11,72.72727272727273
2024,20301,urbana,20,hombre,18,27,66.66666666666667
2024,20301,urbana,20,mujer,5,9,55.55555555555556
2024,20301,urbana,21,hombre,15,24,62.5
2024,20301,urbana,21,mujer,9,13,69.23076923076923
2024,20301,urbana,22,hombre,13,23,56.52173913043478
2024,20301,urbana,22,mujer,10,12,83.33333333333333
2024,20301,urbana,23,hombre,3,7,42.857142857142854
2024,20301,urbana,23,mujer,10,14,71.42857142857143
2024,20301,urbana,24,hombre,10,14,71.42857142857143
2024,20301,urbana,24,mujer,12,21,57.142857142857146
2024,20301,urbana,25,hombre,6,10,60.0
2024,20301,urbana,25,mujer,6,10,60.0
2024,20301,urbana,26,hombre,6,7,85.71428571428571
2024,20301,urbana,26,mujer,11,13,84.61538461538461
2024,20301,urbana,27,hombre,8,13,61.53846153846154
2024,20301,urbana,27,mujer,5,10,50.0
2024,20301,urbana,28,hombre,4,9,44.44444444444444
2024,20301,urbana,28,mujer,11,15,73.33333333333333
2024,20302,rural,16,hombre,8,115,6.956521739130435
2024,20302,rural,16,mujer,9,102,8.823529411764707
2024,20302,rural,17,hombre,10,115,8.695652173913043
2024,20302,rural,17,mujer,6,101,5.9405940594059405
2024,20302,rural,18,hombre,3,102,2.9411764705882355
2024,20302,rural,18,mujer,7,122,5.737704918032787
2024,20302,rural,19,hombre,5,106,4.716981132075472
2024,20302,rural,19,mujer,6,90,6.666666666666667
2024,20302,rural,20,hombre,5,85,5.882352941176471
2024,20302,rural,20,mujer,5,87,5.747126436781609
2024,20302,rural,21,hombre,6,87,6.896551724137931
2024,20302,rural,21,mujer,3,110,2.727272727272727
2024,20302,rural,22,hombre,2,88,2.272727272727273
2024,20302,rural,22,mujer,5,86,5.813953488372093
2024,20302,rural,23,hombre,5,113,4.424778761061947
2024,20302,rural,23,mujer,8,97,8.24742268041237
2024,20302,rural,24,hombre,5,104,4.8076923076923075
2024,20302,rural,24,mujer,3,119,2.5210084033613445
2024,20302,rural,25,hombre,2,94,2.127659574468085
2024,20302,rural,25,mujer,5,102,4.901960784313726
2024,20302,rural,26,hombre,2,106,1.8867924528301887
2024,20302,rural,26,mujer,6,98,6.122448979591836
2024,20302,rural,27,hombre,3,94,3.1914893617021276
2024,20302,rural,27,mujer,2,71,2.816901408450704
2024,20302,rural,28,hombre,6,110,5.454545454545454
2024,20302,rural,28,mujer,4,98,4.081632653061225
2024,20303,rural,16,hombre,4,98,4.081632653061225
2024,20303,rural,16,mujer,9,75,12.0
2024,20303,rural,17,hombre,2,59,3.389830508474576
2024,20303,rural,17,mujer,4,90,4.444444444444445
2024,20303,rural,18,hombre,1,51,1.9607843137254901
2024,20303,rural,18,mujer,5,80,6.25
2024,20303,rural,19,hombre,0,93,0.0
2024,20303,rural,19,mujer,1,69,1.4492753623188406
2024,20303,rural,20,hombre,4,94,4.25531914893617
2024,20303,rural,20,mujer,6,76,7.894736842105263
2024,20303,rural,21,hombre,3,82,3.658536585365854
2024,20303,rural,21,mujer,3,81,3.7037037037037037
2024,20303,rural,22,hombre,7,94,7.446808510638298
2024,20303,rural,22,mujer,3,81,3.7037037037037037
2024,20303,rural,23,hombre,2,88,2.272727272727273
2024,20303,rural,23,mujer,5,84,5.9523809523809526
2024,20303,rural,24,hombre,2,79,2.5316455696202533
2024,20303,rural,24,mujer,2,77,2.5974025974025974
2024,20303,rural,25,hombre,4,78,5.128205128205129
2024,20303,rural,25,mujer,7,93,7.526881720430108
2024,20303,rural,26,hombre,2,86,2.3255813953488373
2024,20303,rural,26,mujer,0,60,0.0
2024,20303,rural,27,hombre,3,79,3.7974683544303796
2024,20303,rural,27,mujer,3,87,3.4482758620689653
2024,20303,rural,28,hombre,5,66,7.575757575757576
2024,20303,rural,28,mujer,3,75,4.0
2024,20304,rural,16,hombre,12,40,30.0
2024,20304,rural,16,mujer,4,31,12.903225806451612
2024,20304,rural,17,hombre,10,46,21.73913043478261
2024,20304,rural,17,mujer,5,33,15.151515151515152
2024,20304,rural,18,hombre,9,37,24.324324324324323
2024,20304,rural,18,mujer,4,41,9.75609756097561
2024,20304,rural,19,hombre,7,44,15.909090909090908
2024,20304,rural,19,mujer,4,31,12.903225806451612
2024,20304,rural,20,hombre,7,33,21.21212121212121
2024,20304,rural,20,mujer,5,41,12.195121951219512
2024,20304,rural,21,hombre,5,25,20.0
2024,20304,rural,21,mujer,6,39,15.384615384615385
2024,20304,rural,22,hombre,6,30,20.0
2024,20304,rural,22,mujer,7,34,20.58823529411765
2024,20304,rural,23,hombre,7,46,15.217391304347826
2024,20304,rural,23,mujer,3,39,7.6923076923076925
2024,20304,rural,24,hombre,7,38,18.42105263157895
2024,20304,rural,24,mujer,8,43,18.6046511627907
2024,20304,rural,25,hombre,5,32,15.625
2024,20304,rural,25,mujer,6,37,16.216216216216218
2024,20304,rural,26,hombre,3,28,10.714285714285714
2024,20304,rural,26,mujer,5,39,12.820512820512821
2024,20304,rural,27,hombre,6,33,18.181818181818183
2024,20304,rural,27,mujer,2,26,7.6923076923076925
2024,20304,rural,28,hombre,1,24,4.166666666666667
2024,20304,rural,28,mujer,7,33,21.21212121212121
2024,20305,rural,16,hombre,5,26,19.23076923076923
2024,20305,rural,16,mujer,5,25,20.0
2024,20305,rural,17,hombre,8,28,28.571428571428573
2024,20305,rural,17,mujer,9,31,29.032258064516128
2024,20305,rural,18,hombre,5,13,38.46153846153846
2024,20305,rural,18,mujer,6,38,15.789473684210526
2024,20305,rural,19,hombre,6,32,18.75
2024,20305,rural,19,mujer,12,26,46.15384615384615
2024,20305,rural,20,hombre,7,27,25.925925925925927
2024,20305,rural,20,mujer,4,37,10.81081081081081
2024,20305,rural,21,hombre,11,29,37.93103448275862
2024,20305,rural,21,mujer,7,29,24.137931034482758
2024,20305,rural,22,hombre,9,39,23.076923076923077
2024,20305,rural,22,mujer,5,30,16.666666666666668
2024,20305,rural,23,hombre,14,41,34.146341463414636
2024,20305,rural,23,mujer,12,30,40.0
2024,20305,rural,24,hombre,7,27,25.925925925925927
2024,20305,rural,24,mujer,7,33,21.21212121212121
2024,20305,rural,25,hombre,7,40,17.5
2024,20305,rural,25,mujer,11,38,28.94736842105263
2024,20305,rural,26,hombre,13,35,37.142857142857146
2024,20305,rural,26,mujer,10,38,26.31578947368421
2024,20305,rural,27,hombre,7,34,20.58823529411765
2024,20305,rural,27,mujer,7,26,26.923076923076923
2024,20305,rural,28,hombre,1,22,4.545454545454546
2024,20305,rural,28,mujer,4,27,14.814814814814815
2024,20306,rural,16,hombre,5,30,16.666666666666668
2024,20306,rural,16,mujer,6,33,18.181818181818183
2024,20306,rural,17,hombre,6,41,14.634146341463415
2024,20306,rural,17,mujer,2,36,5.555555555555555
2024,20306,rural,18,hombre,5,35,14.285714285714286
2024,20306,rural,18,mujer,5,34,14.705882352941176
2024,20306,rural,19,hombre,2,44,4.545454545454546
2024,20306,rural,19,mujer,7,38,18.42105263157895
2024,20306,rural,20,hombre,8,44,18.181818181818183
2024,20306,rural,20,mujer,3,40,7.5
2024,20306,rural,21,hombre,6,43,13.953488372093023
2024,20306,rural,21,mujer,6,33,18.181818181818183
2024,20306,rural,22,hombre,6,41,14.634146341463415
2024,20306,rural,22,mujer,7,38,18.42105263157895
2024,20306,rural,23,hombre,7,55,12.727272727272727
2024,20306,rural,23,mujer,10,68,14.705882352941176
2024,20306,rural,24,hombre,12,76,15.789473684210526
2024,20306,rural,24,mujer,5,59,8.474576271186441
2024,20306,rural,25,hombre,7,50,14.0
2024,20306,rural,25,mujer,8,53,15.09433962264151
2024,20306,rural,26,hombre,4,48,8.333333333333334
2024,20306,rural,26,mujer,7,37,18.91891891891892
2024,20306,rural,27,hombre,10,59,16.949152542372882
2024,20306,rural,27,mujer,11,41,26.829268292682926
2024,20306,rural,28,hombre,7,44,15.909090909090908
2024,20306,rural,28,mujer,8,41,19.51219512195122
2024,20306,urbana,16,hombre,7,18,38.888888888888886
2024,20306,urbana,16,mujer,3,8,37.5
2024,20306,urbana,17,hombre,5,12,41.666666666666664
2024,20306,urbana,17,mujer,1,11,9.090909090909092
2024,20306,urbana,18,hombre,6,12,50.0
2024,20306,urbana,18,mujer,6,14,42.857142857142854
2024,20306,urbana,19,hombre,0,11,0.0
2024,20306,urbana,19,mujer,4,16,25.0
2024,20306,urbana,20,hombre,2,16,12.5
2024,20306,urbana,20,mujer,3,14,21.428571428571427
2024,20306,urbana,21,hombre,5,15,33.333333333333336
2024,20306,urbana,21,mujer,5,11,45.45454545454545
2024,20306,urbana,22,hombre,1,9,11.11111111111111
2024,20306,urbana,22,mujer,4,22,18.181818181818183
2024,20306,urbana,23,hombre,5,18,27.77777777777778
2024,20306,urbana,23,mujer,5,23,21.73913043478261
2024,20306,urbana,24,hombre,7,20,35.0
2024,20306,urbana,24,mujer,6,20,30.0
2024,20306,urbana,25,hombre,8,24,33.333333333333336
2024,20306,urbana,25,mujer,3,20,15.0
2024,20306,urbana,26,hombre,4,13,30.76923076923077
2024,20306,urbana,26,mujer,4,10,40.0
2024,20306,urbana,27,hombre,2,13,15.384615384615385
2024,20306,urbana,27,mujer,3,17,17.647058823529413
2024,20306,urbana,28,hombre,3,13,23.076923076923077
2024,20306,urbana,28,mujer,3,14,21.428571428571427
2024,20307,rural,16,hombre,5,30,16.666666666666668
2024,20307,rural,16,mujer,5,29,17.24137931034483
2024,20307,rural,17,hombre,6,35,17.142857142857142
2024,20307,rural,17,mujer,5,17,29.41176470588235
2024,20307,rural,18,hombre,7,26,26.923076923076923
2024,20307,rural,18,mujer,7,29,24.137931034482758
2024,20307,rural,19,hombre,4,27,14.814814814814815
2024,20307,rural,19,mujer,4,30,13.333333333333334
2024,20307,rural,20,hombre,3,31,9.67741935483871
2024,20307,rural,20,mujer,3,21,14.285714285714286
2024,20307,rural,21,hombre,7,33,21.21212121212121
2024,20307,rural,21,mujer,1,20,5.0
2024,20307,rural,22,hombre,4,31,12.903225806451612
2024,20307,rural,22,mujer,5,28,17.857142857142858
2024,20307,rural,23,hombre,2,26,7.6923076923076925
2024,20307,rural,23,mujer,7,32,21.875
2024,20307,rural,24,hombre,1,38,2.6315789473684212
2024,20307,rural,24,mujer,6,40,15.0
2024,20307,rural,25,hombre,4,20,20.0
2024,20307,rural,25,mujer,4,19,21.05263157894737
2024,20307,rural,26,hombre,3,25,12.0
2024,20307,rural,26,mujer,6,42,14.285714285714286
2024,20307,rural,27,hombre,7,28,25.0
2024,20307,rural,27,mujer,5,28,17.857142857142858
2024,20307,rural,28,hombre,6,29,20.689655172413794
2024,20307,rural,28,mujer,4,26,15.384615384615385
2024,20308,rural,16,hombre,0,50,0.0
2024,20308,rural,16,mujer,0,46,0.0
2024,20308,rural,17,hombre,2,41,4.878048780487805
2024,20308,rural,17,mujer,3,41,7.317073170731708
2024,20308,rural,18,hombre,0,29,0.0
2024,20308,rural,18,mujer,1,46,2.1739130434782608
2024,20308,rural,19,hombre,1,44,2.272727272727273
2024,20308,rural,19,mujer,2,50,4.0
2024,20308,rural,20,hombre,0,46,0.0
2024,20308,rural,20,mujer,2,42,4.761904761904762
2024,20308,rural,21,hombre,0,52,0.0
2024,20308,rural,21,mujer,1,39,2.5641025641025643
2024,20308,rural,22,hombre,2,49,4.081632653061225
2024,20308,rural,22,mujer,1,44,2.272727272727273
2024,20308,rural,23,hombre,3,52,5.769230769230769
2024,20308,rural,23,mujer,1,54,1.8518518518518519
2024,20308,rural,24,hombre,1,58,1.7241379310344827
2024,20308,rural,24,mujer,0,40,0.0
2024,20308,rural,25,hombre,2,54,3.7037037037037037
2024,20308,rural,25,mujer,0,39,0.0
2024,20308,rural,26,hombre,3,38,7.894736842105263
2024,20308,rural,26,mujer,2,49,4.081632653061225
2024,20308,rural,27,hombre,2,58,3.4482758620689653
2024,20308,rural,27,mujer,0,54,0.0
2024,20308,rural,28,hombre,2,58,3.4482758620689653
2024,20308,rural,28,mujer,1,37,2.7027027027027026
2024,20401,rural,16,hombre,16,107,14.953271028037383
2024,20401,rural,16,mujer,20,105,19.047619047619047
2024,20401,rural,17,hombre,10,91,10.989010989010989
2024,20401,rural,17,mujer,10,86,11.627906976744185
2024,20401,rural,18,hombre,10,105,9.523809523809524
2024,20401,rural,18,mujer,9,95,9.473684210526315
2024,20401,rural,19,hombre,8,68,11.764705882352942
2024,20401,rural,19,mujer,8,68,11.764705882352942
2024,20401,rural,20,hombre,9,87,10.344827586206897
2024,20401,rural,20,mujer,8,66,12.121212121212121
2024,20401,rural,21,hombre,7,84,8.333333333333334
2024,20401,rural,21,mujer,7,61,11.475409836065573
2024,20401,rural,22,hombre,6,64,9.375
2024,20401,rural,22,mujer,6,79,7.594936708860759
2024,20401,rural,23,hombre,9,88,10.227272727272727
2024,20401,rural,23,mujer,8,73,10.95890410958904
2024,20401,rural,24,hombre,6,99,6.0606060606060606
2024,20401,rural,24,mujer,8,101,7.920792079207921
2024,20401,rural,25,hombre,5,75,6.666666666666667
2024,20401,rural,25,mujer,11,96,11.458333333333334
2024,20401,rural,26,hombre,7,94,7.446808510638298
2024,20401,rural,26,mujer,15,89,16.853932584269664
2024,20401,rural,27,hombre,7,95,7.368421052631579
2024,20401,rural,27,mujer,7,73,9.58904109589041
2024,20401,rural,28,hombre,9,88,10.227272727272727
2024,20401,rural,28,mujer,6,77,7.792207792207792
2024,20402,rural,16,hombre,14,146,9.58904109589041
2024,20402,rural,16,mujer,12,141,8.51063829787234
2024,20402,rural,17,hombre,15,131,11.450381679389313
2024,20402,rural,17,mujer,14,135,10.37037037037037
2024,20402,rural,18,hombre,10,109,9.174311926605505
2024,20402,rural,18,mujer,10,132,7.575757575757576
2024,20402,rural,19,hombre,11,103,10.679611650485437
2024,20402,rural,19,mujer,12,126,9.523809523809524
2024,20402,rural,20,hombre,11,105,10.476190476190476
2024,20402,rural,20,mujer,6,108,5.555555555555555
2024,20402,rural,21,hombre,7,107,6.542056074766355
2024,20402,rural,21,mujer,11,107,10.280373831775702
2024,20402,rural,22,hombre,9,132,6.818181818181818
2024,20402,rural,22,mujer,9,124,7.258064516129032
2024,20402,rural,23,hombre,12,136,8.823529411764707
2024,20402,rural,23,mujer,14,144,9.722222222222221
2024,20402,rural,24,hombre,8,143,5.594405594405594
2024,20402,rural,24,mujer,21,120,17.5
2024,20402,rural,25,hombre,19,145,13.10344827586207
2024,20402,rural,25,mujer,9,111,8.108108108108109
2024,20402,rural,26,hombre,11,130,8.461538461538462
2024,20402,rural,26,mujer,10,101,9.900990099009901
2024,20402,rural,27,hombre,6,118,5.084745762711864
2024,20402,rural,27,mujer,13,118,11.016949152542374
2024,20402,rural,28,hombre,12,106,11.320754716981131
2024,20402,rural,28,mujer,4,89,4.49438202247191
2024,20403,rural,16,hombre,13,161,8.074534161490684
2024,20403,rural,16,mujer,15,126,11.904761904761905
2024,20403,rural,17,hombre,11,113,9.734513274336283
2024,20403,rural,17,mujer,6,122,4.918032786885246
2024,20403,rural,18,hombre,7,94,7.446808510638298
2024,20403,rural,18,mujer,11,114,9.649122807017545
2024,20403,rural,19,hombre,6,99,6.0606060606060606
2024,20403,rural,19,mujer,4,107,3.7383177570093458
2024,20403,rural,20,hombre,6,81,7.407407407407407
2024,20403,rural,20,mujer,8,106,7.547169811320755
2024,20403,rural,21,hombre,4,103,3.883495145631068
2024,20403,rural,21,mujer,6,88,6.818181818181818
2024,20403,rural,22,hombre,8,90,8.88888888888889
2024,20403,rural,22,mujer,6,88,6.818181818181818
2024,20403,rural,23,hombre,13,132,9.848484848484848
2024,20403,rural,23,mujer,11,94,11.702127659574469
2024,20403,rural,24,hombre,8,96,8.333333333333334
2024,20403,rural,24,mujer,4,125,3.2
2024,20403,rural,25,hombre,9,122,7.377049180327869
2024,20403,rural,25,mujer,14,118,11.864406779661017
2024,20403,rural,26,hombre,6,92,6.521739130434782
2024,20403,rural,26,mujer,12,106,11.320754716981131
2024,20403,rural,27,hombre,11,110,10.0
2024,20403,rural,27,mujer,8,104,7.6923076923076925
2024,20403,rural,28,hombre,14,104,13.461538461538462
2024,20403,rural,28,mujer,8,81,9.876543209876543
2024,20404,rural,16,hombre,2,54,3.7037037037037037
2024,20404,rural,16,mujer,1,36,2.7777777777777777
2024,20404,rural,17,hombre,1,52,1.9230769230769231
2024,20404,rural,17,mujer,2,38,5.2631578947368425
2024,20404,rural,18,hombre,2,41,4.878048780487805
2024,20404,rural,18,mujer,3,50,6.0
2024,20404,rural,19,hombre,3,43,6.976744186046512
2024,20404,rural,19,mujer,0,41,0.0
2024,20404,rural,20,hombre,2,40,5.0
2024,20404,rural,20,mujer,0,24,0.0
2024,20404,rural,21,hombre,1,33,3.0303030303030303
2024,20404,rural,21,mujer,1,32,3.125
2024,20404,rural,22,hombre,0,40,0.0
2024,20404,rural,22,mujer,4,41,9.75609756097561
2024,20404,rural,23,hombre,3,38,7.894736842105263
2024,20404,rural,23,mujer,2,40,5.0
2024,20404,rural,24,hombre,1,51,1.9607843137254901
2024,20404,rural,24,mujer,1,40,2.5
2024,20404,rural,25,hombre,5,40,12.5
2024,20404,rural,25,mujer,0,31,0.0
2024,20404,rural,26,hombre,2,42,4.761904761904762
2024,20404,rural,26,mujer,2,37,5.405405405405405
2024,20404,rural,27,hombre,0,33,0.0
2024,20404,rural,27,mujer,3,34,8.823529411764707
2024,20404,rural,28,hombre,4,38,10.526315789473685
2024,20404,rural,28,mujer,1,31,3.225806451612903
2024,20405,rural,16,hombre,5,74,6.756756756756757
2024,20405,rural,16,mujer,15,58,25.862068965517242
2024,20405,rural,17,hombre,8,62,12.903225806451612
2024,20405,rural,17,mujer,14,68,20.58823529411765
2024,20405,rural,18,hombre,7,61,11.475409836065573
2024,20405,rural,18,mujer,7,53,13.20754716981132
2024,20405,rural,19,hombre,7,47,14.893617021276595
2024,20405,rural,19,mujer,5,57,8.771929824561404
2024,20405,rural,20,hombre,6,64,9.375
2024,20405,rural,20,mujer,4,44,9.090909090909092
2024,20405,rural,21,hombre,6,41,14.634146341463415
2024,20405,rural,21,mujer,8,50,16.0
2024,20405,rural,22,hombre,7,54,12.962962962962964
2024,20405,rural,22,mujer,10,62,16.129032258064516
2024,20405,rural,23,hombre,8,51,15.686274509803921
2024,20405,rural,23,mujer,12,43,27.906976744186046
2024,20405,rural,24,hombre,10,60,16.666666666666668
2024,20405,rural,24,mujer,9,49,18.367346938775512
2024,20405,rural,25,hombre,8,53,15.09433962264151
2024,20405,rural,25,mujer,7,58,12.068965517241379
2024,20405,rural,26,hombre,6,51,11.764705882352942
2024,20405,rural,26,mujer,7,43,16.27906976744186
2024,20405,rural,27,hombre,7,49,14.285714285714286
2024,20405,rural,27,mujer,7,48,14.583333333333334
2024,20405,rural,28,hombre,11,49,22.448979591836736
2024,20405,rural,28,mujer,8,39,20.512820512820515
2024,20501,rural,16,hombre,12,137,8.75912408759124
2024,20501,rural,16,mujer,14,144,9.722222222222221
2024,20501,rural,17,hombre,10,141,7.092198581560283
2024,20501,rural,17,mujer,13,141,9.21985815602837
2024,20501,rural,18,hombre,14,112,12.5
2024,20501,rural,18,mujer,15,140,10.714285714285714
2024,20501,rural,19,hombre,10,125,8.0
2024,20501,rural,19,mujer,11,122,9.01639344262295
2024,20501,rural,20,hombre,17,123,13.821138211382113
2024,20501,rural,20,mujer,12,119,10.084033613445378
2024,20501,rural,21,hombre,12,155,7.741935483870968
2024,20501,rural,21,mujer,15,144,10.416666666666666
2024,20501,rural,22,hombre,23,162,14.197530864197532
2024,20501,rural,22,mujer,7,145,4.827586206896552
2024,20501,rural,23,hombre,13,157,8.280254777070065
2024,20501,rural,23,mujer,19,167,11.377245508982035
2024,20501,rural,24,hombre,24,222,10.81081081081081
2024,20501,rural,24,mujer,13,145,8.96551724137931
2024,20501,rural,25,hombre,23,159,14.465408805031446
2024,20501,rural,25,mujer,14,172,8.13953488372093
2024,20501,rural,26,hombre,13,142,9.154929577464788
2024,20501,rural,26,mujer,16,163,9.815950920245399
2024,20501,rural,27,hombre,20,149,13.422818791946309
2024,20501,rural,27,mujer,13,139,9.352517985611511
2024,20501,rural,28,hombre,14,158,8.860759493670885
2024,20501,rural,28,mujer,19,147,12.92517006802721
2024,20502,rural,16,hombre,5,76,6.578947368421052
2024,20502,rural,16,mujer,14,92,15.217391304347826
2024,20502,rural,17,hombre,10,83,12.048192771084338
2024,20502,rural,17,mujer,10,87,11.494252873563218
2024,20502,rural,18,hombre,7,71,9.859154929577464
2024,20502,rural,18,mujer,9,91,9.89010989010989
2024,20502,rural,19,hombre,10,88,11.363636363636363
2024,20502,rural,19,mujer,17,88,19.318181818181817
2024,20502,rural,20,hombre,12,80,15.0
2024,20502,rural,20,mujer,3,82,3.658536585365854
2024,20502,rural,21,hombre,10,83,12.048192771084338
2024,20502,rural,21,mujer,6,76,7.894736842105263
2024,20502,rural,22,hombre,6,76,7.894736842105263
2024,20502,rural,22,mujer,4,81,4.938271604938271
2024,20502,rural,23,hombre,8,87,9.195402298850574
2024,20502,rural,23,mujer,7,80,8.75
2024,20502,rural,24,hombre,7,95,7.368421052631579
2024,20502,rural,24,mujer,5,74,6.756756756756757
2024,20502,rural,25,hombre,6,100,6.0
2024,20502,rural,25,mujer,3,74,4.054054054054054
2024,20502,rural,26,hombre,4,68,5.882352941176471
2024,20502,rural,26,mujer,9,85,10.588235294117647
2024,20502,rural,27,hombre,5,88,5.681818181818182
2024,20502,rural,27,mujer,4,71,5.633802816901408
2024,20502,rural,28,hombre,3,80,3.75
2024,20502,rural,28,mujer,1,49,2.0408163265306123
2024,20503,rural,16,hombre,9,56,16.071428571428573
2024,20503,rural,16,mujer,6,52,11.538461538461538
2024,20503,rural,17,hombre,8,66,12.121212121212121
2024,20503,rural,17,mujer,8,46,17.391304347826086
2024,20503,rural,18,hombre,11,43,25.58139534883721
2024,20503,rural,18,mujer,12,42,28.571428571428573
2024,20503,rural,19,hombre,11,59,18.64406779661017
2024,20503,rural,19,mujer,7,50,14.0
2024,20503,rural,20,hombre,7,58,12.068965517241379
2024,20503,rural,20,mujer,8,53,15.09433962264151
2024,20503,rural,21,hombre,6,54,11.11111111111111
2024,20503,rural,21,mujer,9,40,22.5
2024,20503,rural,22,hombre,14,59,23.728813559322035
2024,20503,rural,22,mujer,9,60,15.0
2024,20503,rural,23,hombre,5,60,8.333333333333334
2024,20503,rural,23,mujer,6,60,10.0
2024,20503,rural,24,hombre,10,68,14.705882352941176
2024,20503,rural,24,mujer,9,53,16.9811320754717
2024,20503,rural,25,hombre,9,61,14.754098360655737
2024,20503,rural,25,mujer,11,44,25.0
2024,20503,rural,26,hombre,15,74,20.27027027027027
2024,20503,rural,26,mujer,11,66,16.666666666666668
2024,20503,rural,27,hombre,19,63,30.158730158730158
2024,20503,rural,27,mujer,12,55,21.818181818181817
2024,20503,rural,28,hombre,15,75,20.0
2024,20503,rural,28,mujer,17,63,26.984126984126984
2024,20601,rural,16,hombre,20,194,10.309278350515465
2024,20601,rural,16,mujer,24,180,13.333333333333334
2024,20601,rural,17,hombre,33,183,18.0327868852459
2024,20601,rural,17,mujer,25,175,14.285714285714286
2024,20601,rural,18,hombre,26,176,14.772727272727273
2024,20601,rural,18,mujer,28,189,14.814814814814815
2024,20601,rural,19,hombre,32,197,16.243654822335024
2024,20601,rural,19,mujer,36,220,16.363636363636363
2024,20601,rural,20,hombre,30,191,15.706806282722512
2024,20601,rural,20,mujer,22,187,11.764705882352942
2024,20601,rural,21,hombre,22,190,11.578947368421053
2024,20601,rural,21,mujer,24,227,10.572687224669604
2024,20601,rural,22,hombre,27,199,13.5678391959799
2024,20601,rural,22,mujer,27,213,12.67605633802817
2024,20601,rural,23,hombre,23,219,10.502283105022832
2024,20601,rural,23,mujer,23,218,10.55045871559633
2024,20601,rural,24,hombre,28,231,12.121212121212121
2024,20601,rural,24,mujer,37,243,15.22633744855967
2024,20601,rural,25,hombre,30,231,12.987012987012987
2024,20601,rural,25,mujer,40,235,17.02127659574468
2024,20601,rural,26,hombre,33,258,12.790697674418604
2024,20601,rural,26,mujer,33,231,14.285714285714286
2024,20601,rural,27,hombre,27,240,11.25
2024,20601,rural,27,mujer,42,238,17.647058823529413
2024,20601,rural,28,hombre,30,230,13.043478260869565
2024,20601,rural,28,mujer,29,217,13.36405529953917
2024,20601,urbana,16,hombre,31,44,70.45454545454545
2024,20601,urbana,16,mujer,32,40,80.0
2024,20601,urbana,17,hombre,27,34,79.41176470588235
2024,20601,urbana,17,mujer,25,34,73.52941176470588
2024,20601,urbana,18,hombre,16,22,72.72727272727273
2024,20601,urbana,18,mujer,34,45,75.55555555555556
2024,20601,urbana,19,hombre,22,30,73.33333333333333
2024,20601,urbana,19,mujer,33,46,71.73913043478261
2024,20601,urbana,20,hombre,20,27,74.07407407407408
2024,20601,urbana,20,mujer,19,26,73.07692307692308
2024,20601,urbana,21,hombre,21,37,56.75675675675676
2024,20601,urbana,21,mujer,23,38,60.526315789473685
2024,20601,urbana,22,hombre,25,31,80.64516129032258
2024,20601,urbana,22,mujer,24,33,72.72727272727273
2024,20601,urbana,23,hombre,20,28,71.42857142857143
2024,20601,urbana,23,mujer,29,37,78.37837837837837
2024,20601,urbana,24,hombre,22,31,70.96774193548387
2024,20601,urbana,24,mujer,34,47,72.34042553191489
2024,20601,urbana,25,hombre,23,33,69.6969696969697
2024,20601,urbana,25,mujer,30,39,76.92307692307692
2024,20601,urbana,26,hombre,15,22,68.18181818181819
2024,20601,urbana,26,mujer,32,43,74.4186046511628
2024,20601,urbana,27,hombre,19,30,63.333333333333336
2024,20601,urbana,27,mujer,30,43,69.76744186046511
2024,20601,urbana,28,hombre,20,31,64.51612903225806
2024,20601,urbana,28,mujer,26,39,66.66666666666667
2024,20602,rural,16,hombre,12,81,14.814814814814815
2024,20602,rural,16,mujer,24,93,25.806451612903224
2024,20602,rural,17,hombre,19,112,16.964285714285715
2024,20602,rural,17,mujer,12,102,11.764705882352942
2024,20602,rural,18,hombre,14,85,16.470588235294116
2024,20602,rural,18,mujer,17,83,20.481927710843372
2024,20602,rural,19,hombre,15,101,14.851485148514852
2024,20602,rural,19,mujer,17,88,19.318181818181817
2024,20602,rural,20,hombre,23,102,22.54901960784314
2024,20602,rural,20,mujer,20,91,21.978021978021978
2024,20602,rural,21,hombre,14,103,13.592233009708737
2024,20602,rural,21,mujer,12,98,12.244897959183673
2024,20602,rural,22,hombre,9,118,7.627118644067797
2024,20602,rural,22,mujer,10,87,11.494252873563218
2024,20602,rural,23,hombre,22,125,17.6
2024,20602,rural,23,mujer,14,108,12.962962962962964
2024,20602,rural,24,hombre,15,125,12.0
2024,20602,rural,24,mujer,19,111,17.117117117117118
2024,20602,rural,25,hombre,14,111,12.612612612612613
2024,20602,rural,25,mujer,12,74,16.216216216216218
2024,20602,rural,26,hombre,14,129,10.852713178294573
2024,20602,rural,26,mujer,14,93,15.053763440860216
2024,20602,rural,27,hombre,13,129,10.077519379844961
2024,20602,rural,27,mujer,12,103,11.650485436893204
2024,20602,rural,28,hombre,12,124,9.67741935483871
2024,20602,rural,28,mujer,15,115,13.043478260869565
2024,20602,urbana,16,hombre,26,38,68.42105263157895
2024,20602,urbana,16,mujer,35,54,64.81481481481481
2024,20602,urbana,17,hombre,23,38,60.526315789473685
2024,20602,urbana,17,mujer,29,40,72.5
2024,20602,urbana,18,hombre,24,35,68.57142857142857
2024,20602,urbana,18,mujer,28,44,63.63636363636363
2024,20602,urbana,19,hombre,17,32,53.125
2024,20602,urbana,19,mujer,23,37,62.16216216216216
2024,20602,urbana,20,hombre,18,32,56.25
2024,20602,urbana,20,mujer,20,26,76.92307692307692
2024,20602,urbana,21,hombre,23,30,76.66666666666667
2024,20602,urbana,21,mujer,15,35,42.857142857142854
2024,20602,urbana,22,hombre,16,27,59.25925925925926
2024,20602,urbana,22,mujer,26,37,70.27027027027027
2024,20602,urbana,23,hombre,23,38,60.526315789473685
2024,20602,urbana,23,mujer,30,40,75.0
2024,20602,urbana,24,hombre,19,30,63.333333333333336
2024,20602,urbana,24,mujer,33,44,75.0
2024,20602,urbana,25,hombre,22,32,68.75
2024,20602,urbana,25,mujer,23,40,57.5
2024,20602,urbana,26,hombre,22,35,62.857142857142854
2024,20602,urbana,26,mujer,20,27,74.07407407407408
2024,20602,urbana,27,hombre,29,47,61.702127659574465
2024,20602,urbana,27,mujer,31,40,77.5
2024,20602,urbana,28,hombre,29,47,61.702127659574465
2024,20602,urbana,28,mujer,31,39,79.48717948717949
2024,20603,rural,16,hombre,3,75,4.0
2024,20603,rural,16,mujer,14,78,17.94871794871795
2024,20603,rural,17,hombre,12,81,14.814814814814815
2024,20603,rural,17,mujer,13,71,18.309859154929576
2024,20603,rural,18,hombre,10,69,14.492753623188406
2024,20603,rural,18,mujer,10,73,13.698630136986301
2024,20603,rural,19,hombre,5,81,6.172839506172839
2024,20603,rural,19,mujer,10,67,14.925373134328359
2024,20603,rural,20,hombre,9,84,10.714285714285714
2024,20603,rural,20,mujer,7,60,11.666666666666666
2024,20603,rural,21,hombre,12,76,15.789473684210526
2024,20603,rural,21,mujer,15,83,18.072289156626507
2024,20603,rural,22,hombre,10,93,10.75268817204301
2024,20603,rural,22,mujer,12,105,11.428571428571429
2024,20603,rural,23,hombre,6,86,6.976744186046512
2024,20603,rural,23,mujer,12,94,12.76595744680851
2024,20603,rural,24,hombre,7,99,7.070707070707071
2024,20603,rural,24,mujer,8,102,7.8431372549019605
2024,20603,rural,25,hombre,9,99,9.090909090909092
2024,20603,rural,25,mujer,9,82,10.975609756097562
2024,20603,rural,26,hombre,7,109,6.422018348623853
2024,20603,rural,26,mujer,9,76,11.842105263157896
2024,20603,rural,27,hombre,6,93,6.451612903225806
2024,20603,rural,27,mujer,10,86,11.627906976744185
2024,20603,rural,28,hombre,6,89,6.741573033707865
2024,20603,rural,28,mujer,4,95,4.2105263157894735
2024,20604,rural,16,hombre,4,46,8.695652173913043
2024,20604,rural,16,mujer,3,36,8.333333333333334
2024,20604,rural,17,hombre,5,39,12.820512820512821
2024,20604,rural,17,mujer,2,31,6.451612903225806
2024,20604,rural,18,hombre,0,27,0.0
2024,20604,rural,18,mujer,5,39,12.820512820512821
2024,20604,rural,19,hombre,2,26,7.6923076923076925
2024,20604,rural,19,mujer,5,33,15.151515151515152
2024,20604,rural,20,hombre,1,33,3.0303030303030303
2024,20604,rural,20,mujer,0,33,0.0
2024,20604,rural,21,hombre,5,26,19.23076923076923
2024,20604,rural,21,mujer,5,43,11.627906976744185
2024,20604,rural,22,hombre,2,36,5.555555555555555
2024,20604,rural,22,mujer,4,28,14.285714285714286
2024,20604,rural,23,hombre,4,39,10.256410256410257
2024,20604,rural,23,mujer,5,58,8.620689655172415
2024,20604,rural,24,hombre,2,45,4.444444444444445
2024,20604,rural,24,mujer,4,39,10.256410256410257
2024,20604,rural,25,hombre,5,42,11.904761904761905
2024,20604,rural,25,mujer,0,33,0.0
2024,20604,rural,26,hombre,2,46,4.3478260869565215
2024,20604,rural,26,mujer,3,50,6.0
2024,20604,rural,27,hombre,6,42,14.285714285714286
2024,20604,rural,27,mujer,4,48,8.333333333333334
2024,20604,rural,28,hombre,7,53,13.20754716981132
2024,20604,rural,28,mujer,2,26,7.6923076923076925
2024,20605,rural,16,hombre,1,21,4.761904761904762
2024,20605,rural,16,mujer,1,12,8.333333333333334
2024,20605,rural,17,hombre,3,20,15.0
2024,20605,rural,17,mujer,2,19,10.526315789473685
2024,20605,rural,18,hombre,5,21,23.80952380952381
2024,20605,rural,18,mujer,5,22,22.727272727272727
2024,20605,rural,19,hombre,2,14,14.285714285714286
2024,20605,rural,19,mujer,8,21,38.095238095238095
2024,20605,rural,20,hombre,3,22,13.636363636363637
2024,20605,rural,20,mujer,5,15,33.333333333333336
2024,20605,rural,21,hombre,7,28,25.0
2024,20605,rural,21,mujer,9,24,37.5
2024,20605,rural,22,hombre,6,21,28.571428571428573
2024,20605,rural,22,mujer,5,18,27.77777777777778
2024,20605,rural,23,hombre,3,27,11.11111111111111
2024,20605,rural,23,mujer,9,32,28.125
2024,20605,rural,24,hombre,8,32,25.0
2024,20605,rural,24,mujer,8,26,30.76923076923077
2024,20605,rural,25,hombre,3,30,10.0
2024,20605,rural,25,mujer,7,26,26.923076923076923
2024,20605,rural,26,hombre,6,26,23.076923076923077
2024,20605,rural,26,mujer,4,26,15.384615384615385
2024,20605,rural,27,hombre,1,19,5.2631578947368425
2024,20605,rural,27,mujer,7,30,23.333333333333332
2024,20605,rural,28,hombre,7,31,22.580645161290324
2024,20605,rural,28,mujer,8,25,32.0
2024,20606,rural,16,hombre,20,47,42.5531914893617
2024,20606,rural,16,mujer,14,43,32.55813953488372
2024,20606,rural,17,hombre,20,47,42.5531914893617
2024,20606,rural,17,mujer,17,39,43.58974358974359
2024,20606,rural,18,hombre,7,33,21.21212121212121
2024,20606,rural,18,mujer,8,22,36.36363636363637
2024,20606,rural,19,hombre,9,37,24.324324324324323
2024,20606,rural,19,mujer,8,32,25.0
2024,20606,rural,20,hombre,14,33,42.42424242424242
2024,20606,rural,20,mujer,10,26,38.46153846153846
2024,20606,rural,21,hombre,17,42,40.476190476190474
2024,20606,rural,21,mujer,8,31,25.806451612903224
2024,20606,rural,22,hombre,9,36,25.0
2024,20606,rural,22,mujer,8,32,25.0
2024,20606,rural,23,hombre,14,53,26.41509433962264
2024,20606,rural,23,mujer,11,40,27.5
2024,20606,rural,24,hombre,11,56,19.642857142857142
2024,20606,rural,24,mujer,19,50,38.0
2024,20606,rural,25,hombre,17,51,33.333333333333336
2024,20606,rural,25,mujer,11,32,34.375
2024,20606,rural,26,hombre,12,49,24.489795918367346
2024,20606,rural,26,mujer,14,44,31.818181818181817
2024,20606,rural,27,hombre,17,54,31.48148148148148
2024,20606,rural,27,mujer,17,45,37.77777777777778
2024,20606,rural,28,hombre,16,49,32.6530612244898
2024,20606,rural,28,mujer,18,42,42.857142857142854
2024,20606,urbana,16,hombre,5,18,27.77777777777778
2024,20606,urbana,16,mujer,8,19,42.10526315789474
2024,20606,urbana,17,hombre,10,25,40.0
2024,20606,urbana,17,mujer,7,16,43.75
2024,20606,urbana,18,hombre,5,12,41.666666666666664
2024,20606,urbana,18,mujer,5,6,83.33333333333333
2024,20606,urbana,19,hombre,7,17,41.1764705882353
2024,20606,urbana,19,mujer,8,15,53.333333333333336
2024,20606,urbana,20,hombre,5,8,62.5
2024,20606,urbana,20,mujer,5,11,45.45454545454545
2024,20606,urbana,21,hombre,5,14,35.714285714285715
2024,20606,urbana,21,mujer,6,19,31.57894736842105
2024,20606,urbana,22,hombre,6,13,46.15384615384615
2024,20606,urbana,22,mujer,11,20,55.0
2024,20606,urbana,23,hombre,4,16,25.0
2024,20606,urbana,23,mujer,4,12,33.333333333333336
2024,20606,urbana,24,hombre,13,26,50.0
2024,20606,urbana,24,mujer,8,20,40.0
2024,20606,urbana,25,hombre,14,23,60.869565217391305
2024,20606,urbana,25,mujer,8,19,42.10526315789474
2024,20606,urbana,26,hombre,11,23,47.82608695652174
2024,20606,urbana,26,mujer,7,15,46.666666666666664
2024,20606,urbana,27,hombre,6,19,31.57894736842105
2024,20606,urbana,27,mujer,10,25,40.0
2024,20606,urbana,28,hombre,9,25,36.0
2024,20606,urbana,28,mujer,6,14,42.857142857142854
2024,20607,rural,16,hombre,12,77,15.584415584415584
2024,20607,rural,16,mujer,13,72,18.055555555555557
2024,20607,rural,17,hombre,11,83,13.25301204819277
2024,20607,rural,17,mujer,9,85,10.588235294117647
2024,20607,rural,18,hombre,5,58,8.620689655172415
2024,20607,rural,18,mujer,12,68,17.647058823529413
2024,20607,rural,19,hombre,11,95,11.578947368421053
2024,20607,rural,19,mujer,14,85,16.470588235294116
2024,20607,rural,20,hombre,15,93,16.129032258064516
2024,20607,rural,20,mujer,8,91,8.791208791208792
2024,20607,rural,21,hombre,16,113,14.15929203539823
2024,20607,rural,21,mujer,12,98,12.244897959183673
2024,20607,rural,22,hombre,12,88,13.636363636363637
2024,20607,rural,22,mujer,14,105,13.333333333333334
2024,20607,rural,23,hombre,20,126,15.873015873015873
2024,20607,rural,23,mujer,14,98,14.285714285714286
2024,20607,rural,24,hombre,9,102,8.823529411764707
2024,20607,rural,24,mujer,14,112,12.5
2024,20607,rural,25,hombre,14,115,12.173913043478262
2024,20607,rural,25,mujer,14,95,14.736842105263158
2024,20607,rural,26,hombre,11,91,12.087912087912088
2024,20607,rural,26,mujer,15,112,13.392857142857142
2024,20607,rural,27,hombre,18,120,15.0
2024,20607,rural,27,mujer,14,90,15.555555555555555
2024,20607,rural,28,hombre,17,99,17.171717171717173
2024,20607,rural,28,mujer,9,79,11.39240506329114
2024,20607,urbana,16,hombre,56,77,72.72727272727273
2024,20607,urbana,16,mujer,61,84,72.61904761904762
2024,20607,urbana,17,hombre,74,104,71.15384615384616
2024,20607,urbana,17,mujer,68,96,70.83333333333333
2024,20607,urbana,18,hombre,43,60,71.66666666666667
2024,20607,urbana,18,mujer,42,60,70.0
2024,20607,urbana,19,hombre,44,67,65.67164179104478
2024,20607,urbana,19,mujer,68,103,66.01941747572816
2024,20607,urbana,20,hombre,50,76,65.78947368421052
2024,20607,urbana,20,mujer,67,93,72.04301075268818
2024,20607,urbana,21,hombre,60,84,71.42857142857143
2024,20607,urbana,21,mujer,78,109,71.55963302752293
2024,20607,urbana,22,hombre,58,90,64.44444444444444
2024,20607,urbana,22,mujer,73,108,67.5925925925926
2024,20607,urbana,23,hombre,58,97,59.79381443298969
2024,20607,urbana,23,mujer,78,103,75.72815533980582
2024,20607,urbana,24,hombre,67,102,65.68627450980392
2024,20607,urbana,24,mujer,78,114,68.42105263157895
2024,20607,urbana,25,hombre,80,113,70.79646017699115
2024,20607,urbana,25,mujer,65,101,64.35643564356435
2024,20607,urbana,26,hombre,61,88,69.31818181818181
2024,20607,urbana,26,mujer,93,128,72.65625
2024,20607,urbana,27,hombre,74,101,73.26732673267327
2024,20607,urbana,27,mujer,74,111,66.66666666666667
2024,20607,urbana,28,hombre,73,106,68.86792452830188
2024,20607,urbana,28,mujer,74,102,72.54901960784314
2024,20608,rural,16,hombre,11,102,10.784313725490197
2024,20608,rural,16,mujer,17,75,22.666666666666668
2024,20608,rural,17,hombre,16,90,17.77777777777778
2024,20608,rural,17,mujer,19,85,22.352941176470587
2024,20608,rural,18,hombre,20,82,24.390243902439025
2024,20608,rural,18,mujer,13,82,15.853658536585366
2024,20608,rural,19,hombre,12,83,14.457831325301205
2024,20608,rural,19,mujer,17,87,19.54022988505747
2024,20608,rural,20,hombre,14,103,13.592233009708737
2024,20608,rural,20,mujer,16,102,15.686274509803921
2024,20608,rural,21,hombre,15,95,15.789473684210526
2024,20608,rural,21,mujer,10,81,12.345679012345679
2024,20608,rural,22,hombre,18,102,17.647058823529413
2024,20608,rural,22,mujer,23,88,26.136363636363637
2024,20608,rural,23,hombre,14,142,9.859154929577464
2024,20608,rural,23,mujer,11,95,11.578947368421053
2024,20608,rural,24,hombre,15,106,14.150943396226415
2024,20608,rural,24,mujer,10,91,10.989010989010989
2024,20608,rural,25,hombre,14,102,13.72549019607843
2024,20608,rural,25,mujer,12,88,13.636363636363637
2024,20608,rural,26,hombre,20,108,18.51851851851852
2024,20608,rural,26,mujer,12,83,14.457831325301205
2024,20608,rural,27,hombre,18,101,17.821782178217823
2024,20608,rural,27,mujer,13,91,14.285714285714286
2024,20608,rural,28,hombre,19,114,16.666666666666668
2024,20608,rural,28,mujer,20,88,22.727272727272727
2024,20608,urbana,16,hombre,5,21,23.80952380952381
2024,20608,urbana,16,mujer,9,36,25.0
2024,20608,urbana,17,hombre,3,17,17.647058823529413
2024,20608,urbana,17,mujer,7,24,29.166666666666668
2024,20608,urbana,18,hombre,4,16,25.0
2024,20608,urbana,18,mujer,9,31,29.032258064516128
2024,20608,urbana,19,hombre,5,26,19.23076923076923
2024,20608,urbana,19,mujer,8,32,25.0
2024,20608,urbana,20,hombre,6,18,33.333333333333336
2024,20608,urbana,20,mujer,6,24,25.0
2024,20608,urbana,21,hombre,7,27,25.925925925925927
2024,20608,urbana,21,mujer,8,30,26.666666666666668
2024,20608,urbana,22,hombre,9,24,37.5
2024,20608,urbana,22,mujer,8,35,22.857142857142858
2024,20608,urbana,23,hombre,9,30,30.0
2024,20608,urbana,23,mujer,7,35,20.0
2024,20608,urbana,24,hombre,8,30,26.666666666666668
2024,20608,urbana,24,mujer,7,36,19.444444444444443
2024,20608,urbana,25,hombre,7,29,24.137931034482758
2024,20608,urbana,25,mujer,8,33,24.242424242424242
2024,20608,urbana,26,hombre,5,29,17.24137931034483
2024,20608,urbana,26,mujer,6,21,28.571428571428573
2024,20608,urbana,27,hombre,6,26,23.076923076923077
2024,20608,urbana,27,mujer,5,24,20.833333333333332
2024,20608,urbana,28,hombre,9,34,26.470588235294116
2024,20608,urbana,28,mujer,2,24,8.333333333333334
2024,20701,rural,16,hombre,1,157,0.6369426751592356
2024,20701,rural,16,mujer,7,123,5.691056910569106
2024,20701,rural,17,hombre,8,129,6.2015503875969
2024,20701,rural,17,mujer,5,130,3.8461538461538463
2024,20701,rural,18,hombre,2,114,1.7543859649122806
2024,20701,rural,18,mujer,4,108,3.7037037037037037
2024,20701,rural,19,hombre,1,109,0.9174311926605505
2024,20701,rural,19,mujer,3,68,4.411764705882353
2024,20701,rural,20,hombre,5,107,4.672897196261682
2024,20701,rural,20,mujer,2,91,2.197802197802198
2024,20701,rural,21,hombre,2,103,1.941747572815534
2024,20701,rural,21,mujer,2,106,1.8867924528301887
2024,20701,rural,22,hombre,3,95,3.1578947368421053
2024,20701,rural,22,mujer,2,97,2.0618556701030926
2024,20701,rural,23,hombre,3,120,2.5
2024,20701,rural,23,mujer,5,111,4.504504504504505
2024,20701,rural,24,hombre,3,111,2.7027027027027026
2024,20701,rural,24,mujer,3,81,3.7037037037037037
2024,20701,rural,25,hombre,1,116,0.8620689655172413
2024,20701,rural,25,mujer,4,91,4.395604395604396
2024,20701,rural,26,hombre,2,111,1.8018018018018018
2024,20701,rural,26,mujer,5,99,5.05050505050505
2024,20701,rural,27,hombre,4,120,3.3333333333333335
2024,20701,rural,27,mujer,4,84,4.761904761904762
2024,20701,rural,28,hombre,2,100,2.0
2024,20701,rural,28,mujer,5,85,5.882352941176471
2024,20701,urbana,16,hombre,32,59,54.23728813559322
2024,20701,urbana,16,mujer,30,53,56.60377358490566
2024,20701,urbana,17,hombre,35,63,55.55555555555556
2024,20701,urbana,17,mujer,37,66,56.06060606060606
2024,20701,urbana,18,hombre,24,43,55.81395348837209
2024,20701,urbana,18,mujer,18,42,42.857142857142854
2024,20701,urbana,19,hombre,20,33,60.60606060606061
2024,20701,urbana,19,mujer,17,32,53.125
2024,20701,urbana,20,hombre,19,32,59.375
2024,20701,urbana,20,mujer,21,47,44.680851063829785
2024,20701,urbana,21,hombre,14,26,53.84615384615385
2024,20701,urbana,21,mujer,20,35,57.142857142857146
2024,20701,urbana,22,hombre,13,19,68.42105263157895
2024,20701,urbana,22,mujer,18,35,51.42857142857143
2024,20701,urbana,23,hombre,15,29,51.724137931034484
2024,20701,urbana,23,mujer,30,45,66.66666666666667
2024,20701,urbana,24,hombre,15,27,55.55555555555556
2024,20701,urbana,24,mujer,23,43,53.48837209302326
2024,20701,urbana,25,hombre,12,34,35.294117647058826
2024,20701,urbana,25,mujer,27,38,71.05263157894737
2024,20701,urbana,26,hombre,21,35,60.0
2024,20701,urbana,26,mujer,27,44,61.36363636363637
2024,20701,urbana,27,hombre,19,34,55.88235294117647
2024,20701,urbana,27,mujer,29,44,65.9090909090909
2024,20701,urbana,28,hombre,22,37,59.45945945945946
2024,20701,urbana,28,mujer,34,54,62.96296296296296
2024,20702,rural,16,hombre,16,73,21.91780821917808
2024,20702,rural,16,mujer,11,57,19.29824561403509
2024,20702,rural,17,hombre,17,81,20.987654320987655
2024,20702,rural,17,mujer,13,60,21.666666666666668
2024,20702,rural,18,hombre,9,65,13.846153846153847
2024,20702,rural,18,mujer,9,47,19.148936170212767
2024,20702,rural,19,hombre,20,95,21.05263157894737
2024,20702,rural,19,mujer,9,46,19.565217391304348
2024,20702,rural,20,hombre,19,94,20.21276595744681
2024,20702,rural,20,mujer,10,63,15.873015873015873
2024,20702,rural,21,hombre,16,95,16.842105263157894
2024,20702,rural,21,mujer,11,59,18.64406779661017
2024,20702,rural,22,hombre,17,109,15.596330275229358
2024,20702,rural,22,mujer,10,77,12.987012987012987
2024,20702,rural,23,hombre,14,114,12.280701754385966
2024,20702,rural,23,mujer,17,72,23.61111111111111
2024,20702,rural,24,hombre,16,121,13.223140495867769
2024,20702,rural,24,mujer,17,83,20.481927710843372
2024,20702,rural,25,hombre,15,118,12.711864406779661
2024,20702,rural,25,mujer,8,66,12.121212121212121
2024,20702,rural,26,hombre,17,102,16.666666666666668
2024,20702,rural,26,mujer,16,82,19.51219512195122
2024,20702,rural,27,hombre,16,92,17.391304347826086
2024,20702,rural,27,mujer,10,79,12.658227848101266
2024,20702,rural,28,hombre,14,100,14.0
2024,20702,rural,28,mujer,12,79,15.189873417721518
2024,20801,rural,16,hombre,18,144,12.5
2024,20801,rural,16,mujer,15,168,8.928571428571429
2024,20801,rural,17,hombre,19,158,12.025316455696203
2024,20801,rural,17,mujer,17,181,9.392265193370166
2024,20801,rural,18,hombre,7,81,8.641975308641975
2024,20801,rural,18,mujer,15,141,10.638297872340425
2024,20801,rural,19,hombre,13,120,10.833333333333334
2024,20801,rural,19,mujer,10,129,7.751937984496124
2024,20801,rural,20,hombre,16,121,13.223140495867769
2024,20801,rural,20,mujer,18,140,12.857142857142858
2024,20801,rural,21,hombre,17,124,13.709677419354838
2024,20801,rural,21,mujer,10,125,8.0
2024,20801,rural,22,hombre,13,114,11.403508771929825
2024,20801,rural,22,mujer,16,138,11.594202898550725
2024,20801,rural,23,hombre,11,130,8.461538461538462
2024,20801,rural,23,mujer,13,128,10.15625
2024,20801,rural,24,hombre,20,150,13.333333333333334
2024,20801,rural,24,mujer,15,135,11.11111111111111
2024,20801,rural,25,hombre,7,140,5.0
2024,20801,rural,25,mujer,20,133,15.037593984962406
2024,20801,rural,26,hombre,11,115,9.565217391304348
2024,20801,rural,26,mujer,15,131,11.450381679389313
2024,20801,rural,27,hombre,19,117,16.23931623931624
2024,20801,rural,27,mujer,13,114,11.403508771929825
2024,20801,rural,28,hombre,21,141,14.893617021276595
2024,20801,rural,28,mujer,15,123,12.195121951219512
2024,20801,urbana,16,hombre,612,864,70.83333333333333
2024,20801,urbana,16,mujer,602,848,70.99056603773585
2024,20801,urbana,17,hombre,467,694,67.29106628242074
2024,20801,urbana,17,mujer,617,847,72.84533648170012
2024,20801,urbana,18,hombre,401,581,69.01893287435456
2024,20801,urbana,18,mujer,604,819,73.74847374847374
2024,20801,urbana,19,hombre,561,757,74.10832232496698
2024,20801,urbana,19,mujer,570,794,71.78841309823677
2024,20801,urbana,20,hombre,596,849,70.20023557126031
2024,20801,urbana,20,mujer,570,798,71.42857142857143
2024,20801,urbana,21,hombre,557,811,68.6806411837238
2024,20801,urbana,21,mujer,580,819,70.81807081807082
2024,20801,urbana,22,hombre,610,869,70.19562715765247
2024,20801,urbana,22,mujer,575,818,70.29339853300733
2024,20801,urbana,23,hombre,643,890,72.24719101123596
2024,20801,urbana,23,mujer,633,897,70.5685618729097
2024,20801,urbana,24,hombre,654,932,70.1716738197425
2024,20801,urbana,24,mujer,618,894,69.12751677852349
2024,20801,urbana,25,hombre,623,890,70.0
2024,20801,urbana,25,mujer,614,871,70.49368541905855
2024,20801,urbana,26,hombre,523,793,65.95208070617906
2024,20801,urbana,26,mujer,574,831,69.0734055354994
2024,20801,urbana,27,hombre,516,749,68.89185580774365
2024,20801,urbana,27,mujer,597,841,70.98692033293698
2024,20801,urbana,28,hombre,545,804,67.7860696517413
2024,20801,urbana,28,mujer,540,799,67.58448060075094
2024,20802,rural,16,hombre,13,61,21.311475409836067
2024,20802,rural,16,mujer,10,60,16.666666666666668
2024,20802,rural,17,hombre,13,54,24.074074074074073
2024,20802,rural,17,mujer,10,57,17.54385964912281
2024,20802,rural,18,hombre,12,50,24.0
2024,20802,rural,18,mujer,4,37,10.81081081081081
2024,20802,rural,19,hombre,3,42,7.142857142857143
2024,20802,rural,19,mujer,12,48,25.0
2024,20802,rural,20,hombre,11,54,20.37037037037037
2024,20802,rural,20,mujer,5,36,13.88888888888889
2024,20802,rural,21,hombre,5,39,12.820512820512821
2024,20802,rural,21,mujer,15,44,34.09090909090909
2024,20802,rural,22,hombre,19,47,40.42553191489362
2024,20802,rural,22,mujer,13,52,25.0
2024,20802,rural,23,hombre,8,48,16.666666666666668
2024,20802,rural,23,mujer,15,56,26.785714285714285
2024,20802,rural,24,hombre,5,51,9.803921568627452
2024,20802,rural,24,mujer,12,46,26.08695652173913
2024,20802,rural,25,hombre,9,41,21.951219512195124
2024,20802,rural,25,mujer,9,52,17.307692307692307
2024,20802,rural,26,hombre,12,38,31.57894736842105
2024,20802,rural,26,mujer,2,43,4.651162790697675
2024,20802,rural,27,hombre,8,42,19.047619047619047
2024,20802,rural,27,mujer,13,55,23.636363636363637
2024,20802,rural,28,hombre,10,47,21.27659574468085
2024,20802,rural,28,mujer,11,49,22.448979591836736
2024,20803,rural,16,hombre,5,88,5.681818181818182
2024,20803,rural,16,mujer,7,109,6.422018348623853
2024,20803,rural,17,hombre,6,102,5.882352941176471
2024,20803,rural,17,mujer,5,109,4.587155963302752
2024,20803,rural,18,hombre,5,79,6.329113924050633
2024,20803,rural,18,mujer,10,91,10.989010989010989
2024,20803,rural,19,hombre,9,76,11.842105263157896
2024,20803,rural,19,mujer,13,99,13.131313131313131
2024,20803,rural,20,hombre,7,89,7.865168539325842
2024,20803,rural,20,mujer,7,104,6.730769230769231
2024,20803,rural,21,hombre,11,102,10.784313725490197
2024,20803,rural,21,mujer,5,84,5.9523809523809526
2024,20803,rural,22,hombre,2,110,1.8181818181818181
2024,20803,rural,22,mujer,10,112,8.928571428571429
2024,20803,rural,23,hombre,11,107,10.280373831775702
2024,20803,rural,23,mujer,13,108,12.037037037037036
2024,20803,rural,24,hombre,5,108,4.62962962962963
2024,20803,rural,24,mujer,9,125,7.2
2024,20803,rural,25,hombre,6,97,6.185567010309279
2024,20803,rural,25,mujer,6,108,5.555555555555555
2024,20803,rural,26,hombre,5,97,5.154639175257732
2024,20803,rural,26,mujer,10,123,8.130081300813009
2024,20803,rural,27,hombre,3,76,3.9473684210526314
2024,20803,rural,27,mujer,8,125,6.4
2024,20803,rural,28,hombre,10,99,10.1010101010101
2024,20803,rural,28,mujer,12,95,12.631578947368421
2024,20804,rural,16,hombre,0,19,0.0
2024,20804,rural,16,mujer,1,17,5.882352941176471
2024,20804,rural,17,hombre,1,29,3.4482758620689653
2024,20804,rural,17,mujer,1,18,5.555555555555555
2024,20804,rural,18,hombre,0,13,0.0
2024,20804,rural,18,mujer,1,11,9.090909090909092
2024,20804,rural,19,hombre,0,15,0.0
2024,20804,rural,19,mujer,0,20,0.0
2024,20804,rural,20,hombre,1,19,5.2631578947368425
2024,20804,rural,20,mujer,0,16,0.0
2024,20804,rural,21,hombre,0,11,0.0
2024,20804,rural,21,mujer,2,12,16.666666666666668
2024,20804,rural,22,hombre,0,16,0.0
2024,20804,rural,22,mujer,0,16,0.0
2024,20804,rural,23,hombre,3,18,16.666666666666668
2024,20804,rural,23,mujer,1,9,11.11111111111111
2024,20804,rural,24,hombre,1,20,5.0
2024,20804,rural,24,mujer,1,21,4.761904761904762
2024,20804,rural,25,hombre,3,23,13.043478260869565
2024,20804,rural,25,mujer,2,27,7.407407407407407
2024,20804,rural,26,hombre,0,16,0.0
2024,20804,rural,26,mujer,3,9,33.333333333333336
2024,20804,rural,27,hombre,0,16,0.0
2024,20804,rural,27,mujer,0,19,0.0
2024,20804,rural,28,hombre,1,12,8.333333333333334
2024,20804,rural,28,mujer,2,18,11.11111111111111
2024,20804,urbana,16,hombre,34,45,75.55555555555556
2024,20804,urbana,16,mujer,43,57,75.43859649122807
2024,20804,urbana,17,hombre,45,53,84.90566037735849
2024,20804,urbana,17,mujer,30,40,75.0
2024,20804,urbana,18,hombre,32,42,76.19047619047619
2024,20804,urbana,18,mujer,22,30,73.33333333333333
2024,20804,urbana,19,hombre,26,29,89.65517241379311
2024,20804,urbana,19,mujer,35,41,85.36585365853658
2024,20804,urbana,20,hombre,21,29,72.41379310344827
2024,20804,urbana,20,mujer,22,34,64.70588235294117
2024,20804,urbana,21,hombre,27,34,79.41176470588235
2024,20804,urbana,21,mujer,24,33,72.72727272727273
2024,20804,urbana,22,hombre,24,32,75.0
2024,20804,urbana,22,mujer,28,35,80.0
2024,20804,urbana,23,hombre,29,44,65.9090909090909
2024,20804,urbana,23,mujer,26,32,81.25
2024,20804,urbana,24,hombre,30,38,78.94736842105263
2024,20804,urbana,24,mujer,29,39,74.35897435897436
2024,20804,urbana,25,hombre,29,36,80.55555555555556
2024,20804,urbana,25,mujer,26,38,68.42105263157895
2024,20804,urbana,26,hombre,38,50,76.0
2024,20804,urbana,26,mujer,23,32,71.875
2024,20804,urbana,27,hombre,27,34,79.41176470588235
2024,20804,urbana,27,mujer,25,40,62.5
2024,20804,urbana,28,hombre,31,44,70.45454545454545
2024,20804,urbana,28,mujer,34,47,72.34042553191489
2024,20805,rural,16,hombre,4,55,7.2727272727272725
2024,20805,rural,16,mujer,4,65,6.153846153846154
2024,20805,rural,17,hombre,1,52,1.9230769230769231
2024,20805,rural,17,mujer,2,54,3.7037037037037037
2024,20805,rural,18,hombre,2,36,5.555555555555555
2024,20805,rural,18,mujer,1,42,2.380952380952381
2024,20805,rural,19,hombre,6,67,8.955223880597014
2024,20805,rural,19,mujer,1,36,2.7777777777777777
2024,20805,rural,20,hombre,4,53,7.547169811320755
2024,20805,rural,20,mujer,3,47,6.382978723404255
2024,20805,rural,21,hombre,3,51,5.882352941176471
2024,20805,rural,21,mujer,2,55,3.6363636363636362
2024,20805,rural,22,hombre,0,44,0.0
2024,20805,rural,22,mujer,3,46,6.521739130434782
2024,20805,rural,23,hombre,1,52,1.9230769230769231
2024,20805,rural,23,mujer,3,48,6.25
2024,20805,rural,24,hombre,4,47,8.51063829787234
2024,20805,rural,24,mujer,2,65,3.076923076923077
2024,20805,rural,25,hombre,3,45,6.666666666666667
2024,20805,rural,25,mujer,2,53,3.7735849056603774
2024,20805,rural,26,hombre,2,46,4.3478260869565215
2024,20805,rural,26,mujer,3,46,6.521739130434782
2024,20805,rural,27,hombre,1,43,2.3255813953488373
2024,20805,rural,27,mujer,3,46,6.521739130434782
2024,20805,rural,28,hombre,1,55,1.8181818181818181
2024,20805,rural,28,mujer,2,47,4.25531914893617
2024,20806,rural,16,hombre,6,116,5.172413793103448
2024,20806,rural,16,mujer,9,119,7.563025210084033
2024,20806,rural,17,hombre,10,110,9.090909090909092
2024,20806,rural,17,mujer,14,114,12.280701754385966
2024,20806,rural,18,hombre,4,110,3.6363636363636362
2024,20806,rural,18,mujer,11,120,9.166666666666666
2024,20806,rural,19,hombre,8,96,8.333333333333334
2024,20806,rural,19,mujer,7,86,8.13953488372093
2024,20806,rural,20,hombre,12,118,10.169491525423728
2024,20806,rural,20,mujer,7,114,6.140350877192983
2024,20806,rural,21,hombre,10,114,8.771929824561404
2024,20806,rural,21,mujer,14,114,12.280701754385966
2024,20806,rural,22,hombre,17,127,13.385826771653543
2024,20806,rural,22,mujer,6,117,5.128205128205129
2024,20806,rural,23,hombre,11,119,9.243697478991596
2024,20806,rural,23,mujer,6,127,4.724409448818897
2024,20806,rural,24,hombre,11,127,8.661417322834646
2024,20806,rural,24,mujer,4,110,3.6363636363636362
2024,20806,rural,25,hombre,8,129,6.2015503875969
2024,20806,rural,25,mujer,15,133,11.278195488721805
2024,20806,rural,26,hombre,7,119,5.882352941176471
2024,20806,rural,26,mujer,11,108,10.185185185185185
2024,20806,rural,27,hombre,9,124,7.258064516129032
2024,20806,rural,27,mujer,12,134,8.955223880597014
2024,20806,rural,28,hombre,5,96,5.208333333333333
2024,20806,rural,28,mujer,4,104,3.8461538461538463
2024,20807,rural,16,hombre,8,46,17.391304347826086
2024,20807,rural,16,mujer,5,40,12.5
2024,20807,rural,17,hombre,4,38,10.526315789473685
2024,20807,rural,17,mujer,7,53,13.20754716981132
2024,20807,rural,18,hombre,3,30,10.0
2024,20807,rural,18,mujer,7,42,16.666666666666668
2024,20807,rural,19,hombre,5,34,14.705882352941176
2024,20807,rural,19,mujer,6,46,13.043478260869565
2024,20807,rural,20,hombre,5,45,11.11111111111111
2024,20807,rural,20,mujer,4,40,10.0
2024,20807,rural,21,hombre,5,37,13.513513513513514
2024,20807,rural,21,mujer,4,48,8.333333333333334
2024,20807,rural,22,hombre,5,44,11.363636363636363
2024,20807,rural,22,mujer,6,50,12.0
2024,20807,rural,23,hombre,5,49,10.204081632653061
2024,20807,rural,23,mujer,5,50,10.0
2024,20807,rural,24,hombre,6,45,13.333333333333334
2024,20807,rural,24,mujer,5,54,9.25925925925926
2024,20807,rural,25,hombre,6,53,11.320754716981131
2024,20807,rural,25,mujer,14,51,27.45098039215686
2024,20807,rural,26,hombre,5,40,12.5
2024,20807,rural,26,mujer,1,26,3.8461538461538463
2024,20807,rural,27,hombre,3,31,9.67741935483871
2024,20807,rural,27,mujer,2,40,5.0
2024,20807,rural,28,hombre,6,42,14.285714285714286
2024,20807,rural,28,mujer,4,54,7.407407407407407
2024,20901,rural,16,hombre,5,82,6.097560975609756
2024,20901,rural,16,mujer,3,59,5.084745762711864
2024,20901,rural,17,hombre,3,77,3.896103896103896
2024,20901,rural,17,mujer,3,74,4.054054054054054
2024,20901,rural,18,hombre,5,48,10.416666666666666
2024,20901,rural,18,mujer,2,61,3.278688524590164
2024,20901,rural,19,hombre,3,55,5.454545454545454
2024,20901,rural,19,mujer,1,47,2.127659574468085
2024,20901,rural,20,hombre,7,73,9.58904109589041
2024,20901,rural,20,mujer,3,80,3.75
2024,20901,rural,21,hombre,4,69,5.797101449275362
2024,20901,rural,21,mujer,5,55,9.090909090909092
2024,20901,rural,22,hombre,1,68,1.4705882352941178
2024,20901,rural,22,mujer,4,65,6.153846153846154
2024,20901,rural,23,hombre,3,67,4.477611940298507
2024,20901,rural,23,mujer,3,88,3.409090909090909
2024,20901,rural,24,hombre,10,94,10.638297872340425
2024,20901,rural,24,mujer,10,81,12.345679012345679
2024,20901,rural,25,hombre,6,93,6.451612903225806
2024,20901,rural,25,mujer,5,65,7.6923076923076925
2024,20901,rural,26,hombre,3,84,3.5714285714285716
2024,20901,rural,26,mujer,8,81,9.876543209876543
2024,20901,rural,27,hombre,6,65,9.23076923076923
2024,20901,rural,27,mujer,1,87,1.1494252873563218
2024,20901,rural,28,hombre,5,71,7.042253521126761
2024,20901,rural,28,mujer,5,65,7.6923076923076925
2024,20902,rural,16,hombre,7,112,6.25
2024,20902,rural,16,mujer,9,117,7.6923076923076925
2024,20902,rural,17,hombre,3,120,2.5
2024,20902,rural,17,mujer,6,98,6.122448979591836
2024,20902,rural,18,hombre,4,102,3.9215686274509802
2024,20902,rural,18,mujer,7,123,5.691056910569106
2024,20902,rural,19,hombre,7,102,6.862745098039215
2024,20902,rural,19,mujer,6,118,5.084745762711864
2024,20902,rural,20,hombre,5,110,4.545454545454546
2024,20902,rural,20,mujer,7,112,6.25
2024,20902,rural,21,hombre,5,112,4.464285714285714
2024,20902,rural,21,mujer,5,116,4.310344827586207
2024,20902,rural,22,hombre,5,117,4.273504273504273
2024,20902,rural,22,mujer,5,117,4.273504273504273
2024,20902,rural,23,hombre,7,144,4.861111111111111
2024,20902,rural,23,mujer,2,156,1.2820512820512822
2024,20902,rural,24,hombre,5,143,3.4965034965034967
2024,20902,rural,24,mujer,6,134,4.477611940298507
2024,20902,rural,25,hombre,3,135,2.2222222222222223
2024,20902,rural,25,mujer,5,114,4.385964912280702
2024,20902,rural,26,hombre,2,118,1.694915254237288
2024,20902,rural,26,mujer,6,131,4.580152671755725
2024,20902,rural,27,hombre,6,138,4.3478260869565215
2024,20902,rural,27,mujer,5,134,3.7313432835820897
2024,20902,rural,28,hombre,3,116,2.586206896551724
2024,20902,rural,28,mujer,4,127,3.1496062992125986
2024,20903,rural,16,hombre,5,89,5.617977528089888
2024,20903,rural,16,mujer,5,77,6.4935064935064934
2024,20903,rural,17,hombre,7,74,9.45945945945946
2024,20903,rural,17,mujer,4,63,6.349206349206349
2024,20903,rural,18,hombre,2,93,2.150537634408602
2024,20903,rural,18,mujer,7,82,8.536585365853659
2024,20903,rural,19,hombre,6,84,7.142857142857143
2024,20903,rural,19,mujer,5,70,7.142857142857143
2024,20903,rural,20,hombre,8,110,7.2727272727272725
2024,20903,rural,20,mujer,6,88,6.818181818181818
2024,20903,rural,21,hombre,5,96,5.208333333333333
2024,20903,rural,21,mujer,4,82,4.878048780487805
2024,20903,rural,22,hombre,2,95,2.1052631578947367
2024,20903,rural,22,mujer,6,91,6.593406593406593
2024,20903,rural,23,hombre,6,84,7.142857142857143
2024,20903,rural,23,mujer,7,99,7.070707070707071
2024,20903,rural,24,hombre,3,100,3.0
2024,20903,rural,24,mujer,9,78,11.538461538461538
2024,20903,rural,25,hombre,5,86,5.813953488372093
2024,20903,rural,25,mujer,5,70,7.142857142857143
2024,20903,rural,26,hombre,8,81,9.876543209876543
2024,20903,rural,26,mujer,4,76,5.2631578947368425
2024,20903,rural,27,hombre,7,82,8.536585365853659
2024,20903,rural,27,mujer,2,65,3.076923076923077
2024,20903,rural,28,hombre,4,72,5.555555555555555
2024,20903,rural,28,mujer,7,78,8.974358974358974
2024,20903,urbana,16,hombre,11,16,68.75
2024,20903,urbana,16,mujer,7,15,46.666666666666664
2024,20903,urbana,17,hombre,15,26,57.69230769230769
2024,20903,urbana,17,mujer,8,15,53.333333333333336
2024,20903,urbana,18,hombre,20,32,62.5
2024,20903,urbana,18,mujer,8,12,66.66666666666667
2024,20903,urbana,19,hombre,24,39,61.53846153846154
2024,20903,urbana,19,mujer,10,15,66.66666666666667
2024,20903,urbana,20,hombre,14,33,42.42424242424242
2024,20903,urbana,20,mujer,11,22,50.0
2024,20903,urbana,21,hombre,10,18,55.55555555555556
2024,20903,urbana,21,mujer,7,14,50.0
2024,20903,urbana,22,hombre,8,12,66.66666666666667
2024,20903,urbana,22,mujer,8,19,42.10526315789474
2024,20903,urbana,23,hombre,12,20,60.0
2024,20903,urbana,23,mujer,5,16,31.25
2024,20903,urbana,24,hombre,14,40,35.0
2024,20903,urbana,24,mujer,7,15,46.666666666666664
2024,20903,urbana,25,hombre,13,29,44.827586206896555
2024,20903,urbana,25,mujer,10,15,66.66666666666667
2024,20903,urbana,26,hombre,8,16,50.0
2024,20903,urbana,26,mujer,9,16,56.25
2024,20903,urbana,27,hombre,14,26,53.84615384615385
2024,20903,urbana,27,mujer,6,12,50.0
2024,20903,urbana,28,hombre,4,11,36.36363636363637
2024,20903,urbana,28,mujer,7,11,63.63636363636363
2024,20904,rural,16,hombre,11,49,22.448979591836736
2024,20904,rural,16,mujer,6,48,12.5
2024,20904,rural,17,hombre,4,43,9.30232558139535
2024,20904,rural,17,mujer,7,38,18.42105263157895
2024,20904,rural,18,hombre,2,37,5.405405405405405
2024,20904,rural,18,mujer,6,39,15.384615384615385
2024,20904,rural,19,hombre,3,43,6.976744186046512
2024,20904,rural,19,mujer,4,32,12.5
2024,20904,rural,20,hombre,8,54,14.814814814814815
2024,20904,rural,20,mujer,6,47,12.76595744680851
2024,20904,rural,21,hombre,5,53,9.433962264150944
2024,20904,rural,21,mujer,5,46,10.869565217391305
2024,20904,rural,22,hombre,7,63,11.11111111111111
2024,20904,rural,22,mujer,11,61,18.0327868852459
2024,20904,rural,23,hombre,6,70,8.571428571428571
2024,20904,rural,23,mujer,8,56,14.285714285714286
2024,20904,rural,24,hombre,4,65,6.153846153846154
2024,20904,rural,24,mujer,5,48,10.416666666666666
2024,20904,rural,25,hombre,8,82,9.75609756097561
2024,20904,rural,25,mujer,11,67,16.417910447761194
2024,20904,rural,26,hombre,6,53,11.320754716981131
2024,20904,rural,26,mujer,9,47,19.148936170212767
2024,20904,rural,27,hombre,3,56,5.357142857142857
2024,20904,rural,27,mujer,7,45,15.555555555555555
2024,20904,rural,28,hombre,9,50,18.0
2024,20904,rural,28,mujer,9,45,20.0
2024,20905,rural,16,hombre,6,124,4.838709677419355
2024,20905,rural,16,mujer,4,121,3.3057851239669422
2024,20905,rural,17,hombre,8,117,6.837606837606837
2024,20905,rural,17,mujer,10,109,9.174311926605505
2024,20905,rural,18,hombre,9,104,8.653846153846153
2024,20905,rural,18,mujer,3,97,3.0927835051546393
2024,20905,rural,19,hombre,8,95,8.421052631578947
2024,20905,rural,19,mujer,9,94,9.574468085106384
2024,20905,rural,20,hombre,6,93,6.451612903225806
2024,20905,rural,20,mujer,10,104,9.615384615384615
2024,20905,rural,21,hombre,10,131,7.633587786259542
2024,20905,rural,21,mujer,8,101,7.920792079207921
2024,20905,rural,22,hombre,5,119,4.201680672268908
2024,20905,rural,22,mujer,8,115,6.956521739130435
2024,20905,rural,23,hombre,7,126,5.555555555555555
2024,20905,rural,23,mujer,10,117,8.547008547008547
2024,20905,rural,24,hombre,6,129,4.651162790697675
2024,20905,rural,24,mujer,14,133,10.526315789473685
2024,20905,rural,25,hombre,9,132,6.818181818181818
2024,20905,rural,25,mujer,7,138,5.072463768115942
2024,20905,rural,26,hombre,6,122,4.918032786885246
2024,20905,rural,26,mujer,6,97,6.185567010309279
2024,20905,rural,27,hombre,9,132,6.818181818181818
2024,20905,rural,27,mujer,6,125,4.8
2024,20905,rural,28,hombre,9,105,8.571428571428571
2024,20905,rural,28,mujer,8,101,7.920792079207921
2024,21001,rural,16,hombre,16,167,9.580838323353293
2024,21001,rural,16,mujer,11,168,6.5476190476190474
2024,21001,rural,17,hombre,8,152,5.2631578947368425
2024,21001,rural,17,mujer,11,136,8.088235294117647
2024,21001,rural,18,hombre,8,115,6.956521739130435
2024,21001,rural,18,mujer,13,129,10.077519379844961
2024,21001,rural,19,hombre,10,128,7.8125
2024,21001,rural,19,mujer,7,129,5.426356589147287
2024,21001,rural,20,hombre,12,162,7.407407407407407
2024,21001,rural,20,mujer,15,134,11.194029850746269
2024,21001,rural,21,hombre,18,157,11.464968152866241
2024,21001,rural,21,mujer,14,149,9.395973154362416
2024,21001,rural,22,hombre,9,167,5.389221556886228
2024,21001,rural,22,mujer,11,138,7.971014492753623
2024,21001,rural,23,hombre,14,183,7.6502732240437155
2024,21001,rural,23,mujer,24,168,14.285714285714286
2024,21001,rural,24,hombre,24,190,12.631578947368421
2024,21001,rural,24,mujer,13,148,8.783783783783784
2024,21001,rural,25,hombre,14,171,8.187134502923977
2024,21001,rural,25,mujer,14,124,11.290322580645162
2024,21001,rural,26,hombre,16,171,9.35672514619883
2024,21001,rural,26,mujer,11,127,8.661417322834646
2024,21001,rural,27,hombre,9,177,5.084745762711864
2024,21001,rural,27,mujer,15,130,11.538461538461538
2024,21001,rural,28,hombre,13,177,7.344632768361582
2024,21001,rural,28,mujer,15,138,10.869565217391305
2024,21002,rural,16,hombre,15,43,34.883720930232556
2024,21002,rural,16,mujer,14,39,35.8974358974359
2024,21002,rural,17,hombre,12,35,34.285714285714285
2024,21002,rural,17,mujer,9,24,37.5
2024,21002,rural,18,hombre,8,32,25.0
2024,21002,rural,18,mujer,8,23,34.78260869565217
2024,21002,rural,19,hombre,11,43,25.58139534883721
2024,21002,rural,19,mujer,5,29,17.24137931034483
2024,21002,rural,20,hombre,13,40,32.5
2024,21002,rural,20,mujer,5,31,16.129032258064516
2024,21002,rural,21,hombre,9,50,18.0
2024,21002,rural,21,mujer,12,47,25.53191489361702
2024,21002,rural,22,hombre,9,50,18.0
2024,21002,rural,22,mujer,7,38,18.42105263157895
2024,21002,rural,23,hombre,5,56,8.928571428571429
2024,21002,rural,23,mujer,6,44,13.636363636363637
2024,21002,rural,24,hombre,9,66,13.636363636363637
2024,21002,rural,24,mujer,6,32,18.75
2024,21002,rural,25,hombre,8,71,11.267605633802816
2024,21002,rural,25,mujer,10,27,37.03703703703704
2024,21002,rural,26,hombre,16,61,26.229508196721312
2024,21002,rural,26,mujer,11,41,26.829268292682926
2024,21002,rural,27,hombre,10,58,17.24137931034483
2024,21002,rural,27,mujer,6,47,12.76595744680851
2024,21002,rural,28,hombre,14,70,20.0
2024,21002,rural,28,mujer,9,42,21.428571428571427
2024,21002,urbana,16,hombre,33,45,73.33333333333333
2024,21002,urbana,16,mujer,22,34,64.70588235294117
2024,21002,urbana,17,hombre,27,34,79.41176470588235
2024,21002,urbana,17,mujer,32,46,69.56521739130434
2024,21002,urbana,18,hombre,18,28,64.28571428571429
2024,21002,urbana,18,mujer,19,27,70.37037037037037
2024,21002,urbana,19,hombre,25,36,69.44444444444444
2024,21002,urbana,19,mujer,15,28,53.57142857142857
2024,21002,urbana,20,hombre,23,37,62.16216216216216
2024,21002,urbana,20,mujer,37,44,84.0909090909091
2024,21002,urbana,21,hombre,17,25,68.0
2024,21002,urbana,21,mujer,18,29,62.06896551724138
2024,21002,urbana,22,hombre,21,29,72.41379310344827
2024,21002,urbana,22,mujer,21,27,77.77777777777777
2024,21002,urbana,23,hombre,20,35,57.142857142857146
2024,21002,urbana,23,mujer,25,33,75.75757575757575
2024,21002,urbana,24,hombre,18,35,51.42857142857143
2024,21002,urbana,24,mujer,29,45,64.44444444444444
2024,21002,urbana,25,hombre,35,51,68.62745098039215
2024,21002,urbana,25,mujer,33,46,71.73913043478261
2024,21002,urbana,26,hombre,14,24,58.333333333333336
2024,21002,urbana,26,mujer,25,37,67.56756756756756
2024,21002,urbana,27,hombre,22,30,73.33333333333333
2024,21002,urbana,27,mujer,33,44,75.0
2024,21002,urbana,28,hombre,24,32,75.0
2024,21002,urbana,28,mujer,26,38,68.42105263157895
2024,21003,rural,16,hombre,35,106,33.0188679245283
2024,21003,rural,16,mujer,33,113,29.20353982300885
2024,21003,rural,17,hombre,35,110,31.818181818181817
2024,21003,rural,17,mujer,41,110,37.27272727272727
2024,21003,rural,18,hombre,33,114,28.94736842105263
2024,21003,rural,18,mujer,27,116,23.275862068965516
2024,21003,rural,19,hombre,26,108,24.074074074074073
2024,21003,rural,19,mujer,31,111,27.92792792792793
2024,21003,rural,20,hombre,28,110,25.454545454545453
2024,21003,rural,20,mujer,31,117,26.495726495726494
2024,21003,rural,21,hombre,28,111,25.225225225225227
2024,21003,rural,21,mujer,30,107,28.037383177570092
2024,21003,rural,22,hombre,29,128,22.65625
2024,21003,rural,22,mujer,31,105,29.523809523809526
2024,21003,rural,23,hombre,38,158,24.050632911392405
2024,21003,rural,23,mujer,24,130,18.46153846153846
2024,21003,rural,24,hombre,29,141,20.56737588652482
2024,21003,rural,24,mujer,27,117,23.076923076923077
2024,21003,rural,25,hombre,27,141,19.148936170212767
2024,21003,rural,25,mujer,27,108,25.0
2024,21003,rural,26,hombre,38,128,29.6875
2024,21003,rural,26,mujer,31,107,28.97196261682243
2024,21003,rural,27,hombre,35,120,29.166666666666668
2024,21003,rural,27,mujer,29,112,25.892857142857142
2024,21003,rural,28,hombre,33,122,27.049180327868854
2024,21003,rural,28,mujer,22,109,20.18348623853211
2024,21003,urbana,16,hombre,1,31,3.225806451612903
2024,21003,urbana,16,mujer,3,19,15.789473684210526
2024,21003,urbana,17,hombre,3,21,14.285714285714286
2024,21003,urbana,17,mujer,3,22,13.636363636363637
2024,21003,urbana,18,hombre,0,17,0.0
2024,21003,urbana,18,mujer,3,26,11.538461538461538
2024,21003,urbana,19,hombre,1,20,5.0
2024,21003,urbana,19,mujer,3,17,17.647058823529413
2024,21003,urbana,20,hombre,4,21,19.047619047619047
2024,21003,urbana,20,mujer,3,21,14.285714285714286
2024,21003,urbana,21,hombre,0,17,0.0
2024,21003,urbana,21,mujer,1,21,4.761904761904762
2024,21003,urbana,22,hombre,4,23,17.391304347826086
2024,21003,urbana,22,mujer,2,29,6.896551724137931
2024,21003,urbana,23,hombre,3,17,17.647058823529413
2024,21003,urbana,23,mujer,3,20,15.0
2024,21003,urbana,24,hombre,4,24,16.666666666666668
2024,21003,urbana,24,mujer,5,32,15.625
2024,21003,urbana,25,hombre,4,15,26.666666666666668
2024,21003,urbana,25,mujer,1,25,4.0
2024,21003,urbana,26,hombre,3,24,12.5
2024,21003,urbana,26,mujer,2,21,9.523809523809524
2024,21003,urbana,27,hombre,3,19,15.789473684210526
2024,21003,urbana,27,mujer,1,27,3.7037037037037037
2024,21003,urbana,28,hombre,0,21,0.0
2024,21003,urbana,28,mujer,0,21,0.0
2024,21004,rural,16,hombre,6,135,4.444444444444445
2024,21004,rural,16,mujer,14,116,12.068965517241379
2024,21004,rural,17,hombre,8,106,7.547169811320755
2024,21004,rural,17,mujer,7,118,5.932203389830509
2024,21004,rural,18,hombre,4,101,3.9603960396039604
2024,21004,rural,18,mujer,6,121,4.958677685950414
2024,21004,rural,19,hombre,7,99,7.070707070707071
2024,21004,rural,19,mujer,8,124,6.451612903225806
2024,21004,rural,20,hombre,6,120,5.0
2024,21004,rural,20,mujer,7,131,5.343511450381679
2024,21004,rural,21,hombre,13,119,10.92436974789916
2024,21004,rural,21,mujer,6,114,5.2631578947368425
2024,21004,rural,22,hombre,8,129,6.2015503875969
2024,21004,rural,22,mujer,4,119,3.361344537815126
2024,21004,rural,23,hombre,9,144,6.25
2024,21004,rural,23,mujer,5,120,4.166666666666667
2024,21004,rural,24,hombre,8,157,5.095541401273885
2024,21004,rural,24,mujer,11,147,7.482993197278912
2024,21004,rural,25,hombre,12,127,9.448818897637794
2024,21004,rural,25,mujer,9,112,8.035714285714286
2024,21004,rural,26,hombre,11,134,8.208955223880597
2024,21004,rural,26,mujer,7,120,5.833333333333333
2024,21004,rural,27,hombre,9,148,6.081081081081081
2024,21004,rural,27,mujer,10,121,8.264462809917354
2024,21004,rural,28,hombre,8,142,5.633802816901408
2024,21004,rural,28,mujer,9,97,9.278350515463918
2024,21004,urbana,16,hombre,48,71,67.6056338028169
2024,21004,urbana,16,mujer,57,75,76.0
2024,21004,urbana,17,hombre,36,59,61.016949152542374
2024,21004,urbana,17,mujer,46,59,77.96610169491525
2024,21004,urbana,18,hombre,35,48,72.91666666666667
2024,21004,urbana,18,mujer,31,45,68.88888888888889
2024,21004,urbana,19,hombre,28,35,80.0
2024,21004,urbana,19,mujer,34,54,62.96296296296296
2024,21004,urbana,20,hombre,34,46,73.91304347826087
2024,21004,urbana,20,mujer,31,53,58.490566037735846
2024,21004,urbana,21,hombre,32,52,61.53846153846154
2024,21004,urbana,21,mujer,30,52,57.69230769230769
2024,21004,urbana,22,hombre,34,59,57.6271186440678
2024,21004,urbana,22,mujer,25,40,62.5
2024,21004,urbana,23,hombre,32,54,59.25925925925926
2024,21004,urbana,23,mujer,37,71,52.11267605633803
2024,21004,urbana,24,hombre,28,51,54.90196078431372
2024,21004,urbana,24,mujer,33,55,60.0
2024,21004,urbana,25,hombre,29,48,60.416666666666664
2024,21004,urbana,25,mujer,30,48,62.5
2024,21004,urbana,26,hombre,32,49,65.3061224489796
2024,21004,urbana,26,mujer,30,55,54.54545454545455
2024,21004,urbana,27,hombre,29,48,60.416666666666664
2024,21004,urbana,27,mujer,35,51,68.62745098039215
2024,21004,urbana,28,hombre,27,45,60.0
2024,21004,urbana,28,mujer,36,53,67.9245283018868
2024,21005,rural,16,hombre,1,75,1.3333333333333333
2024,21005,rural,16,mujer,0,71,0.0
2024,21005,rural,17,hombre,4,65,6.153846153846154
2024,21005,rural,17,mujer,6,56,10.714285714285714
2024,21005,rural,18,hombre,3,72,4.166666666666667
2024,21005,rural,18,mujer,0,64,0.0
2024,21005,rural,19,hombre,4,59,6.779661016949152
2024,21005,rural,19,mujer,4,58,6.896551724137931
2024,21005,rural,20,hombre,4,61,6.557377049180328
2024,21005,rural,20,mujer,1,58,1.7241379310344827
2024,21005,rural,21,hombre,1,66,1.5151515151515151
2024,21005,rural,21,mujer,1,50,2.0
2024,21005,rural,22,hombre,3,57,5.2631578947368425
2024,21005,rural,22,mujer,2,69,2.898550724637681
2024,21005,rural,23,hombre,2,81,2.4691358024691357
2024,21005,rural,23,mujer,1,67,1.492537313432836
2024,21005,rural,24,hombre,2,79,2.5316455696202533
2024,21005,rural,24,mujer,4,55,7.2727272727272725
2024,21005,rural,25,hombre,0,54,0.0
2024,21005,rural,25,mujer,1,69,1.4492753623188406
2024,21005,rural,26,hombre,3,74,4.054054054054054
2024,21005,rural,26,mujer,0,44,0.0
2024,21005,rural,27,hombre,2,68,2.9411764705882355
2024,21005,rural,27,mujer,2,51,3.9215686274509802
2024,21005,rural,28,hombre,2,64,3.125
2024,21005,rural,28,mujer,0,58,0.0
2024,21005,urbana,16,hombre,9,20,45.0
2024,21005,urbana,16,mujer,6,21,28.571428571428573
2024,21005,urbana,17,hombre,10,27,37.03703703703704
2024,21005,urbana,17,mujer,17,29,58.62068965517241
2024,21005,urbana,18,hombre,10,25,40.0
2024,21005,urbana,18,mujer,6,22,27.272727272727273
2024,21005,urbana,19,hombre,12,26,46.15384615384615
2024,21005,urbana,19,mujer,9,23,39.130434782608695
2024,21005,urbana,20,hombre,4,15,26.666666666666668
2024,21005,urbana,20,mujer,10,26,38.46153846153846
2024,21005,urbana,21,hombre,5,15,33.333333333333336
2024,21005,urbana,21,mujer,6,14,42.857142857142854
2024,21005,urbana,22,hombre,8,20,40.0
2024,21005,urbana,22,mujer,7,21,33.333333333333336
2024,21005,urbana,23,hombre,13,26,50.0
2024,21005,urbana,23,mujer,7,21,33.333333333333336
2024,21005,urbana,24,hombre,13,29,44.827586206896555
2024,21005,urbana,24,mujer,11,27,40.74074074074074
2024,21005,urbana,25,hombre,8,19,42.10526315789474
2024,21005,urbana,25,mujer,7,19,36.8421052631579
2024,21005,urbana,26,hombre,4,16,25.0
2024,21005,urbana,26,mujer,4,13,30.76923076923077
2024,21005,urbana,27,hombre,5,16,31.25
2024,21005,urbana,27,mujer,7,16,43.75
2024,21005,urbana,28,hombre,8,20,40.0
2024,21005,urbana,28,mujer,7,18,38.888888888888886
2024,21006,rural,16,hombre,1,30,3.3333333333333335
2024,21006,rural,16,mujer,5,33,15.151515151515152
2024,21006,rural,17,hombre,9,35,25.714285714285715
2024,21006,rural,17,mujer,1,25,4.0
2024,21006,rural,18,hombre,10,37,27.027027027027028
2024,21006,rural,18,mujer,3,31,9.67741935483871
2024,21006,rural,19,hombre,10,41,24.390243902439025
2024,21006,rural,19,mujer,2,30,6.666666666666667
2024,21006,rural,20,hombre,3,32,9.375
2024,21006,rural,20,mujer,5,41,12.195121951219512
2024,21006,rural,21,hombre,2,27,7.407407407407407
2024,21006,rural,21,mujer,8,45,17.77777777777778
2024,21006,rural,22,hombre,4,45,8.88888888888889
2024,21006,rural,22,mujer,8,36,22.22222222222222
2024,21006,rural,23,hombre,5,47,10.638297872340425
2024,21006,rural,23,mujer,3,42,7.142857142857143
2024,21006,rural,24,hombre,7,54,12.962962962962964
2024,21006,rural,24,mujer,7,49,14.285714285714286
2024,21006,rural,25,hombre,6,37,16.216216216216218
2024,21006,rural,25,mujer,5,41,12.195121951219512
2024,21006,rural,26,hombre,6,28,21.428571428571427
2024,21006,rural,26,mujer,5,39,12.820512820512821
2024,21006,rural,27,hombre,7,29,24.137931034482758
2024,21006,rural,27,mujer,8,38,21.05263157894737
2024,21006,rural,28,hombre,6,41,14.634146341463415
2024,21006,rural,28,mujer,5,42,11.904761904761905
2024,21006,urbana,16,hombre,24,33,72.72727272727273
2024,21006,urbana,16,mujer,21,27,77.77777777777777
2024,21006,urbana,17,hombre,18,25,72.0
2024,21006,urbana,17,mujer,30,33,90.9090909090909
2024,21006,urbana,18,hombre,22,31,70.96774193548387
2024,21006,urbana,18,mujer,22,31,70.96774193548387
2024,21006,urbana,19,hombre,14,19,73.6842105263158
2024,21006,urbana,19,mujer,23,29,79.3103448275862
2024,21006,urbana,20,hombre,31,35,88.57142857142857
2024,21006,urbana,20,mujer,31,36,86.11111111111111
2024,21006,urbana,21,hombre,21,28,75.0
2024,21006,urbana,21,mujer,19,28,67.85714285714286
2024,21006,urbana,22,hombre,20,25,80.0
2024,21006,urbana,22,mujer,14,19,73.6842105263158
2024,21006,urbana,23,hombre,20,26,76.92307692307692
2024,21006,urbana,23,mujer,27,33,81.81818181818181
2024,21006,urbana,24,hombre,35,45,77.77777777777777
2024,21006,urbana,24,mujer,31,48,64.58333333333333
2024,21006,urbana,25,hombre,19,29,65.51724137931035
2024,21006,urbana,25,mujer,25,36,69.44444444444444
2024,21006,urbana,26,hombre,19,26,73.07692307692308
2024,21006,urbana,26,mujer,29,35,82.85714285714286
2024,21006,urbana,27,hombre,21,28,75.0
2024,21006,urbana,27,mujer,29,34,85.29411764705883
2024,21006,urbana,28,hombre,31,42,73.80952380952381
2024,21006,urbana,28,mujer,32,39,82.05128205128206
2024,21101,rural,16,hombre,34,139,24.46043165467626
2024,21101,rural,16,mujer,44,140,31.428571428571427
2024,21101,rural,17,hombre,21,128,16.40625
2024,21101,rural,17,mujer,31,125,24.8
2024,21101,rural,18,hombre,19,96,19.791666666666668
2024,21101,rural,18,mujer,24,134,17.91044776119403
2024,21101,rural,19,hombre,21,92,22.82608695652174
2024,21101,rural,19,mujer,26,107,24.299065420560748
2024,21101,rural,20,hombre,26,119,21.84873949579832
2024,21101,rural,20,mujer,16,109,14.678899082568808
2024,21101,rural,21,hombre,19,117,16.23931623931624
2024,21101,rural,21,mujer,28,120,23.333333333333332
2024,21101,rural,22,hombre,27,93,29.032258064516128
2024,21101,rural,22,mujer,27,119,22.689075630252102
2024,21101,rural,23,hombre,33,134,24.62686567164179
2024,21101,rural,23,mujer,20,121,16.52892561983471
2024,21101,rural,24,hombre,23,121,19.00826446280992
2024,21101,rural,24,mujer,32,123,26.016260162601625
2024,21101,rural,25,hombre,26,111,23.423423423423422
2024,21101,rural,25,mujer,26,131,19.84732824427481
2024,21101,rural,26,hombre,21,117,17.94871794871795
2024,21101,rural,26,mujer,22,111,19.81981981981982
2024,21101,rural,27,hombre,19,124,15.32258064516129
2024,21101,rural,27,mujer,27,125,21.6
2024,21101,rural,28,hombre,24,105,22.857142857142858
2024,21101,rural,28,mujer,28,124,22.580645161290324
2024,21101,urbana,16,hombre,16,21,76.19047619047619
2024,21101,urbana,16,mujer,25,31,80.64516129032258
2024,21101,urbana,17,hombre,21,27,77.77777777777777
2024,21101,urbana,17,mujer,23,26,88.46153846153847
2024,21101,urbana,18,hombre,9,9,100.0
2024,21101,urbana,18,mujer,15,17,88.23529411764706
2024,21101,urbana,19,hombre,16,18,88.88888888888889
2024,21101,urbana,19,mujer,19,23,82.6086956521739
2024,21101,urbana,20,hombre,7,8,87.5
2024,21101,urbana,20,mujer,14,14,100.0
2024,21101,urbana,21,hombre,15,20,75.0
2024,21101,urbana,21,mujer,10,10,100.0
2024,21101,urbana,22,hombre,15,18,83.33333333333333
2024,21101,urbana,22,mujer,9,9,100.0
2024,21101,urbana,23,hombre,6,9,66.66666666666667
2024,21101,urbana,23,mujer,17,19,89.47368421052632
2024,21101,urbana,24,hombre,13,17,76.47058823529412
2024,21101,urbana,24,mujer,17,23,73.91304347826087
2024,21101,urbana,25,hombre,10,14,71.42857142857143
2024,21101,urbana,25,mujer,16,21,76.19047619047619
2024,21101,urbana,26,hombre,14,17,82.3529411764706
2024,21101,urbana,26,mujer,18,23,78.26086956521739
2024,21101,urbana,27,hombre,16,19,84.21052631578948
2024,21101,urbana,27,mujer,12,17,70.58823529411765
2024,21101,urbana,28,hombre,18,21,85.71428571428571
2024,21101,urbana,28,mujer,21,23,91.30434782608695
2024,21102,rural,16,hombre,13,136,9.558823529411764
2024,21102,rural,16,mujer,25,132,18.939393939393938
2024,21102,rural,17,hombre,17,147,11.564625850340136
2024,21102,rural,17,mujer,20,132,15.151515151515152
2024,21102,rural,18,hombre,16,120,13.333333333333334
2024,21102,rural,18,mujer,23,139,16.546762589928058
2024,21102,rural,19,hombre,23,164,14.024390243902438
2024,21102,rural,19,mujer,14,112,12.5
2024,21102,rural,20,hombre,28,163,17.177914110429448
2024,21102,rural,20,mujer,25,150,16.666666666666668
2024,21102,rural,21,hombre,18,165,10.909090909090908
2024,21102,rural,21,mujer,16,138,11.594202898550725
2024,21102,rural,22,hombre,21,194,10.824742268041238
2024,21102,rural,22,mujer,13,134,9.701492537313433
2024,21102,rural,23,hombre,28,205,13.658536585365853
2024,21102,rural,23,mujer,19,145,13.10344827586207
2024,21102,rural,24,hombre,33,221,14.93212669683258
2024,21102,rural,24,mujer,27,162,16.666666666666668
2024,21102,rural,25,hombre,19,195,9.743589743589743
2024,21102,rural,25,mujer,28,163,17.177914110429448
2024,21102,rural,26,hombre,20,204,9.803921568627452
2024,21102,rural,26,mujer,19,138,13.768115942028986
2024,21102,rural,27,hombre,41,198,20.707070707070706
2024,21102,rural,27,mujer,26,166,15.662650602409638
2024,21102,rural,28,hombre,26,208,12.5
2024,21102,rural,28,mujer,23,153,15.032679738562091
2024,21102,urbana,16,hombre,15,23,65.21739130434783
2024,21102,urbana,16,mujer,28,38,73.6842105263158
2024,21102,urbana,17,hombre,18,22,81.81818181818181
2024,21102,urbana,17,mujer,17,28,60.714285714285715
2024,21102,urbana,18,hombre,13,18,72.22222222222223
2024,21102,urbana,18,mujer,19,29,65.51724137931035
2024,21102,urbana,19,hombre,16,31,51.61290322580645
2024,21102,urbana,19,mujer,21,25,84.0
2024,21102,urbana,20,hombre,12,15,80.0
2024,21102,urbana,20,mujer,12,14,85.71428571428571
2024,21102,urbana,21,hombre,14,20,70.0
2024,21102,urbana,21,mujer,14,23,60.869565217391305
2024,21102,urbana,22,hombre,13,25,52.0
2024,21102,urbana,22,mujer,13,18,72.22222222222223
2024,21102,urbana,23,hombre,15,21,71.42857142857143
2024,21102,urbana,23,mujer,15,17,88.23529411764706
2024,21102,urbana,24,hombre,19,26,73.07692307692308
2024,21102,urbana,24,mujer,14,23,60.869565217391305
2024,21102,urbana,25,hombre,13,22,59.09090909090909
2024,21102,urbana,25,mujer,15,29,51.724137931034484
2024,21102,urbana,26,hombre,12,17,70.58823529411765
2024,21102,urbana,26,mujer,10,15,66.66666666666667
2024,21102,urbana,27,hombre,9,17,52.94117647058823
2024,21102,urbana,27,mujer,23,28,82.14285714285714
2024,21102,urbana,28,hombre,10,13,76.92307692307692
2024,21102,urbana,28,mujer,13,18,72.22222222222223
2024,21103,rural,16,hombre,19,56,33.92857142857143
2024,21103,rural,16,mujer,23,67,34.32835820895522
2024,21103,rural,17,hombre,21,62,33.87096774193548
2024,21103,rural,17,mujer,15,64,23.4375
2024,21103,rural,18,hombre,4,33,12.121212121212121
2024,21103,rural,18,mujer,13,48,27.083333333333332
2024,21103,rural,19,hombre,19,61,31.147540983606557
2024,21103,rural,19,mujer,16,52,30.76923076923077
2024,21103,rural,20,hombre,21,66,31.818181818181817
2024,21103,rural,20,mujer,9,48,18.75
2024,21103,rural,21,hombre,19,55,34.54545454545455
2024,21103,rural,21,mujer,18,49,36.734693877551024
2024,21103,rural,22,hombre,23,71,32.394366197183096
2024,21103,rural,22,mujer,15,45,33.333333333333336
2024,21103,rural,23,hombre,9,51,17.647058823529413
2024,21103,rural,23,mujer,16,57,28.07017543859649
2024,21103,rural,24,hombre,24,72,33.333333333333336
2024,21103,rural,24,mujer,18,63,28.571428571428573
2024,21103,rural,25,hombre,18,48,37.5
2024,21103,rural,25,mujer,16,64,25.0
2024,21103,rural,26,hombre,20,65,30.76923076923077
2024,21103,rural,26,mujer,13,52,25.0
2024,21103,rural,27,hombre,17,56,30.357142857142858
2024,21103,rural,27,mujer,11,55,20.0
2024,21103,rural,28,hombre,13,68,19.11764705882353
2024,21103,rural,28,mujer,12,47,25.53191489361702
2024,21104,rural,16,hombre,40,224,17.857142857142858
2024,21104,rural,16,mujer,26,177,14.689265536723164
2024,21104,rural,17,hombre,29,189,15.343915343915343
2024,21104,rural,17,mujer,36,171,21.05263157894737
2024,21104,rural,18,hombre,34,203,16.748768472906406
2024,21104,rural,18,mujer,28,159,17.61006289308176
2024,21104,rural,19,hombre,31,186,16.666666666666668
2024,21104,rural,19,mujer,33,171,19.29824561403509
2024,21104,rural,20,hombre,19,180,10.555555555555555
2024,21104,rural,20,mujer,25,152,16.44736842105263
2024,21104,rural,21,hombre,27,196,13.775510204081632
2024,21104,rural,21,mujer,29,164,17.682926829268293
2024,21104,rural,22,hombre,32,202,15.841584158415841
2024,21104,rural,22,mujer,23,163,14.110429447852761
2024,21104,rural,23,hombre,22,195,11.282051282051283
2024,21104,rural,23,mujer,34,191,17.801047120418847
2024,21104,rural,24,hombre,26,225,11.555555555555555
2024,21104,rural,24,mujer,30,180,16.666666666666668
2024,21104,rural,25,hombre,18,186,9.67741935483871
2024,21104,rural,25,mujer,32,127,25.19685039370079
2024,21104,rural,26,hombre,23,191,12.041884816753926
2024,21104,rural,26,mujer,30,165,18.181818181818183
2024,21104,rural,27,hombre,21,199,10.552763819095478
2024,21104,rural,27,mujer,21,170,12.352941176470589
2024,21104,rural,28,hombre,29,147,19.727891156462587
2024,21104,rural,28,mujer,20,143,13.986013986013987
2024,21104,urbana,16,hombre,21,72,29.166666666666668
2024,21104,urbana,16,mujer,30,68,44.11764705882353
2024,21104,urbana,17,hombre,28,58,48.275862068965516
2024,21104,urbana,17,mujer,24,68,35.294117647058826
2024,21104,urbana,18,hombre,22,63,34.92063492063492
2024,21104,urbana,18,mujer,30,63,47.61904761904762
2024,21104,urbana,19,hombre,14,54,25.925925925925927
2024,21104,urbana,19,mujer,31,63,49.20634920634921
2024,21104,urbana,20,hombre,17,55,30.90909090909091
2024,21104,urbana,20,mujer,27,64,42.1875
2024,21104,urbana,21,hombre,30,63,47.61904761904762
2024,21104,urbana,21,mujer,27,74,36.486486486486484
2024,21104,urbana,22,hombre,21,57,36.8421052631579
2024,21104,urbana,22,mujer,29,64,45.3125
2024,21104,urbana,23,hombre,32,84,38.095238095238095
2024,21104,urbana,23,mujer,22,66,33.333333333333336
2024,21104,urbana,24,hombre,24,78,30.76923076923077
2024,21104,urbana,24,mujer,38,77,49.35064935064935
2024,21104,urbana,25,hombre,24,67,35.82089552238806
2024,21104,urbana,25,mujer,34,79,43.037974683544306
2024,21104,urbana,26,hombre,26,70,37.142857142857146
2024,21104,urbana,26,mujer,29,88,32.95454545454545
2024,21104,urbana,27,hombre,26,73,35.61643835616438
2024,21104,urbana,27,mujer,35,87,40.229885057471265
2024,21104,urbana,28,hombre,23,60,38.333333333333336
2024,21104,urbana,28,mujer,31,71,43.66197183098591
2024,21105,rural,16,hombre,80,466,17.167381974248926
2024,21105,rural,16,mujer,97,404,24.00990099009901
2024,21105,rural,17,hombre,74,420,17.61904761904762
2024,21105,rural,17,mujer,95,410,23.170731707317074
2024,21105,rural,18,hombre,64,383,16.710182767624023
2024,21105,rural,18,mujer,74,389,19.02313624678663
2024,21105,rural,19,hombre,58,384,15.104166666666666
2024,21105,rural,19,mujer,65,377,17.24137931034483
2024,21105,rural,20,hombre,64,394,16.243654822335024
2024,21105,rural,20,mujer,73,368,19.83695652173913
2024,21105,rural,21,hombre,63,358,17.59776536312849
2024,21105,rural,21,mujer,55,328,16.76829268292683
2024,21105,rural,22,hombre,59,403,14.640198511166252
2024,21105,rural,22,mujer,73,374,19.518716577540108
2024,21105,rural,23,hombre,66,441,14.965986394557824
2024,21105,rural,23,mujer,75,403,18.610421836228287
2024,21105,rural,24,hombre,67,452,14.823008849557523
2024,21105,rural,24,mujer,73,436,16.743119266055047
2024,21105,rural,25,hombre,66,424,15.566037735849056
2024,21105,rural,25,mujer,59,392,15.051020408163266
2024,21105,rural,26,hombre,59,409,14.425427872860636
2024,21105,rural,26,mujer,86,404,21.287128712871286
2024,21105,rural,27,hombre,64,444,14.414414414414415
2024,21105,rural,27,mujer,81,405,20.0
2024,21105,rural,28,hombre,65,395,16.455696202531644
2024,21105,rural,28,mujer,55,343,16.034985422740526
2024,21105,urbana,16,hombre,29,37,78.37837837837837
2024,21105,urbana,16,mujer,32,38,84.21052631578948
2024,21105,urbana,17,hombre,23,29,79.3103448275862
2024,21105,urbana,17,mujer,21,26,80.76923076923077
2024,21105,urbana,18,hombre,13,16,81.25
2024,21105,urbana,18,mujer,21,25,84.0
2024,21105,urbana,19,hombre,20,23,86.95652173913044
2024,21105,urbana,19,mujer,19,24,79.16666666666667
2024,21105,urbana,20,hombre,15,17,88.23529411764706
2024,21105,urbana,20,mujer,17,19,89.47368421052632
2024,21105,urbana,21,hombre,16,17,94.11764705882354
2024,21105,urbana,21,mujer,19,24,79.16666666666667
2024,21105,urbana,22,hombre,26,29,89.65517241379311
2024,21105,urbana,22,mujer,21,23,91.30434782608695
2024,21105,urbana,23,hombre,27,32,84.375
2024,21105,urbana,23,mujer,24,30,80.0
2024,21105,urbana,24,hombre,27,29,93.10344827586206
2024,21105,urbana,24,mujer,30,35,85.71428571428571
2024,21105,urbana,25,hombre,13,21,61.904761904761905
2024,21105,urbana,25,mujer,28,35,80.0
2024,21105,urbana,26,hombre,17,24,70.83333333333333
2024,21105,urbana,26,mujer,32,40,80.0
2024,21105,urbana,27,hombre,24,27,88.88888888888889
2024,21105,urbana,27,mujer,23,27,85.18518518518519
2024,21105,urbana,28,hombre,24,37,64.86486486486487
2024,21105,urbana,28,mujer,24,26,92.3076923076923
2024,21201,rural,16,hombre,18,270,6.666666666666667
2024,21201,rural,16,mujer,30,278,10.79136690647482
2024,21201,rural,17,hombre,24,251,9.56175298804781
2024,21201,rural,17,mujer,26,254,10.236220472440944
2024,21201,rural,18,hombre,33,207,15.942028985507246
2024,21201,rural,18,mujer,31,252,12.301587301587302
2024,21201,rural,19,hombre,25,203,12.31527093596059
2024,21201,rural,19,mujer,29,276,10.507246376811594
2024,21201,rural,20,hombre,25,241,10.37344398340249
2024,21201,rural,20,mujer,33,248,13.306451612903226
2024,21201,rural,21,hombre,19,234,8.11965811965812
2024,21201,rural,21,mujer,26,248,10.483870967741936
2024,21201,rural,22,hombre,23,249,9.236947791164658
2024,21201,rural,22,mujer,27,254,10.62992125984252
2024,21201,rural,23,hombre,35,275,12.727272727272727
2024,21201,rural,23,mujer,36,290,12.413793103448276
2024,21201,rural,24,hombre,24,264,9.090909090909092
2024,21201,rural,24,mujer,34,283,12.014134275618375
2024,21201,rural,25,hombre,32,248,12.903225806451612
2024,21201,rural,25,mujer,29,268,10.82089552238806
2024,21201,rural,26,hombre,28,255,10.980392156862745
2024,21201,rural,26,mujer,30,260,11.538461538461538
2024,21201,rural,27,hombre,23,235,9.787234042553191
2024,21201,rural,27,mujer,25,262,9.541984732824428
2024,21201,rural,28,hombre,26,231,11.255411255411255
2024,21201,rural,28,mujer,27,229,11.790393013100436
2024,21201,urbana,16,hombre,40,151,26.490066225165563
2024,21201,urbana,16,mujer,29,152,19.07894736842105
2024,21201,urbana,17,hombre,24,108,22.22222222222222
2024,21201,urbana,17,mujer,32,117,27.35042735042735
2024,21201,urbana,18,hombre,18,99,18.181818181818183
2024,21201,urbana,18,mujer,37,141,26.24113475177305
2024,21201,urbana,19,hombre,28,103,27.184466019417474
2024,21201,urbana,19,mujer,30,137,21.8978102189781
2024,21201,urbana,20,hombre,26,128,20.3125
2024,21201,urbana,20,mujer,30,123,24.390243902439025
2024,21201,urbana,21,hombre,24,117,20.512820512820515
2024,21201,urbana,21,mujer,36,144,25.0
2024,21201,urbana,22,hombre,26,142,18.309859154929576
2024,21201,urbana,22,mujer,31,125,24.8
2024,21201,urbana,23,hombre,26,138,18.840579710144926
2024,21201,urbana,23,mujer,28,151,18.543046357615893
2024,21201,urbana,24,hombre,31,148,20.945945945945947
2024,21201,urbana,24,mujer,36,163,22.085889570552148
2024,21201,urbana,25,hombre,30,137,21.8978102189781
2024,21201,urbana,25,mujer,43,177,24.293785310734464
2024,21201,urbana,26,hombre,31,153,20.26143790849673
2024,21201,urbana,26,mujer,34,177,19.2090395480226
2024,21201,urbana,27,hombre,28,132,21.21212121212121
2024,21201,urbana,27,mujer,39,163,23.926380368098158
2024,21201,urbana,28,hombre,28,150,18.666666666666668
2024,21201,urbana,28,mujer,26,152,17.105263157894736
2024,21202,rural,16,hombre,21,241,8.71369294605809
2024,21202,rural,16,mujer,24,271,8.85608856088561
2024,21202,rural,17,hombre,15,167,8.982035928143713
2024,21202,rural,17,mujer,16,216,7.407407407407407
2024,21202,rural,18,hombre,11,197,5.583756345177665
2024,21202,rural,18,mujer,16,204,7.8431372549019605
2024,21202,rural,19,hombre,18,183,9.836065573770492
2024,21202,rural,19,mujer,17,190,8.947368421052632
2024,21202,rural,20,hombre,22,214,10.280373831775702
2024,21202,rural,20,mujer,22,229,9.606986899563319
2024,21202,rural,21,hombre,19,192,9.895833333333334
2024,21202,rural,21,mujer,16,206,7.766990291262136
2024,21202,rural,22,hombre,28,212,13.20754716981132
2024,21202,rural,22,mujer,19,219,8.67579908675799
2024,21202,rural,23,hombre,15,201,7.462686567164179
2024,21202,rural,23,mujer,19,228,8.333333333333334
2024,21202,rural,24,hombre,20,238,8.403361344537815
2024,21202,rural,24,mujer,31,256,12.109375
2024,21202,rural,25,hombre,18,214,8.411214953271028
2024,21202,rural,25,mujer,17,217,7.8341013824884795
2024,21202,rural,26,hombre,22,201,10.945273631840797
2024,21202,rural,26,mujer,21,229,9.170305676855895
2024,21202,rural,27,hombre,10,198,5.05050505050505
2024,21202,rural,27,mujer,20,208,9.615384615384615
2024,21202,rural,28,hombre,16,199,8.040201005025125
2024,21202,rural,28,mujer,23,218,10.55045871559633
2024,21202,urbana,16,hombre,67,88,76.13636363636364
2024,21202,urbana,16,mujer,74,108,68.51851851851852
2024,21202,urbana,17,hombre,73,87,83.9080459770115
2024,21202,urbana,17,mujer,60,91,65.93406593406593
2024,21202,urbana,18,hombre,49,72,68.05555555555556
2024,21202,urbana,18,mujer,76,98,77.55102040816327
2024,21202,urbana,19,hombre,55,76,72.36842105263158
2024,21202,urbana,19,mujer,65,93,69.89247311827957
2024,21202,urbana,20,hombre,57,84,67.85714285714286
2024,21202,urbana,20,mujer,69,94,73.40425531914893
2024,21202,urbana,21,hombre,52,64,81.25
2024,21202,urbana,21,mujer,71,90,78.88888888888889
2024,21202,urbana,22,hombre,52,79,65.82278481012658
2024,21202,urbana,22,mujer,73,112,65.17857142857143
2024,21202,urbana,23,hombre,55,87,63.2183908045977
2024,21202,urbana,23,mujer,62,100,62.0
2024,21202,urbana,24,hombre,55,89,61.79775280898876
2024,21202,urbana,24,mujer,70,100,70.0
2024,21202,urbana,25,hombre,73,112,65.17857142857143
2024,21202,urbana,25,mujer,61,89,68.53932584269663
2024,21202,urbana,26,hombre,64,89,71.91011235955057
2024,21202,urbana,26,mujer,58,88,65.9090909090909
2024,21202,urbana,27,hombre,57,80,71.25
2024,21202,urbana,27,mujer,62,98,63.265306122448976
2024,21202,urbana,28,hombre,62,100,62.0
2024,21202,urbana,28,mujer,67,94,71.27659574468085
2024,21203,rural,16,hombre,11,123,8.94308943089431
2024,21203,rural,16,mujer,11,115,9.565217391304348
2024,21203,rural,17,hombre,5,111,4.504504504504505
2024,21203,rural,17,mujer,19,134,14.17910447761194
2024,21203,rural,18,hombre,13,131,9.923664122137405
2024,21203,rural,18,mujer,10,131,7.633587786259542
2024,21203,rural,19,hombre,11,100,11.0
2024,21203,rural,19,mujer,12,110,10.909090909090908
2024,21203,rural,20,hombre,19,108,17.59259259259259
2024,21203,rural,20,mujer,13,105,12.380952380952381
2024,21203,rural,21,hombre,11,96,11.458333333333334
2024,21203,rural,21,mujer,14,102,13.72549019607843
2024,21203,rural,22,hombre,12,127,9.448818897637794
2024,21203,rural,22,mujer,11,152,7.2368421052631575
2024,21203,rural,23,hombre,19,142,13.380281690140846
2024,21203,rural,23,mujer,14,140,10.0
2024,21203,rural,24,hombre,12,124,9.67741935483871
2024,21203,rural,24,mujer,9,145,6.206896551724138
2024,21203,rural,25,hombre,14,128,10.9375
2024,21203,rural,25,mujer,13,137,9.489051094890511
2024,21203,rural,26,hombre,14,131,10.687022900763358
2024,21203,rural,26,mujer,19,147,12.92517006802721
2024,21203,rural,27,hombre,13,121,10.743801652892563
2024,21203,rural,27,mujer,16,148,10.81081081081081
2024,21203,rural,28,hombre,18,148,12.162162162162161
2024,21203,rural,28,mujer,13,123,10.56910569105691
2024,21203,urbana,16,hombre,19,22,86.36363636363636
2024,21203,urbana,16,mujer,14,18,77.77777777777777
2024,21203,urbana,17,hombre,19,23,82.6086956521739
2024,21203,urbana,17,mujer,19,20,95.0
2024,21203,urbana,18,hombre,12,13,92.3076923076923
2024,21203,urbana,18,mujer,14,20,70.0
2024,21203,urbana,19,hombre,11,14,78.57142857142857
2024,21203,urbana,19,mujer,25,27,92.5925925925926
2024,21203,urbana,20,hombre,22,25,88.0
2024,21203,urbana,20,mujer,20,21,95.23809523809524
2024,21203,urbana,21,hombre,21,26,80.76923076923077
2024,21203,urbana,21,mujer,25,28,89.28571428571429
2024,21203,urbana,22,hombre,12,13,92.3076923076923
2024,21203,urbana,22,mujer,24,25,96.0
2024,21203,urbana,23,hombre,28,32,87.5
2024,21203,urbana,23,mujer,21,22,95.45454545454545
2024,21203,urbana,24,hombre,18,20,90.0
2024,21203,urbana,24,mujer,39,41,95.1219512195122
2024,21203,urbana,25,hombre,21,23,91.30434782608695
2024,21203,urbana,25,mujer,21,28,75.0
2024,21203,urbana,26,hombre,27,32,84.375
2024,21203,urbana,26,mujer,22,23,95.65217391304348
2024,21203,urbana,27,hombre,15,17,88.23529411764706
2024,21203,urbana,27,mujer,29,33,87.87878787878788
2024,21203,urbana,28,hombre,15,16,93.75
2024,21203,urbana,28,mujer,24,27,88.88888888888889
2024,21204,rural,16,hombre,5,53,9.433962264150944
2024,21204,rural,16,mujer,5,40,12.5
2024,21204,rural,17,hombre,7,43,16.27906976744186
2024,21204,rural,17,mujer,4,43,9.30232558139535
2024,21204,rural,18,hombre,2,35,5.714285714285714
2024,21204,rural,18,mujer,2,41,4.878048780487805
2024,21204,rural,19,hombre,8,50,16.0
2024,21204,rural,19,mujer,3,57,5.2631578947368425
2024,21204,rural,20,hombre,3,33,9.090909090909092
2024,21204,rural,20,mujer,2,57,3.508771929824561
2024,21204,rural,21,hombre,2,48,4.166666666666667
2024,21204,rural,21,mujer,6,56,10.714285714285714
2024,21204,rural,22,hombre,3,46,6.521739130434782
2024,21204,rural,22,mujer,6,57,10.526315789473685
2024,21204,rural,23,hombre,6,62,9.67741935483871
2024,21204,rural,23,mujer,7,46,15.217391304347826
2024,21204,rural,24,hombre,2,57,3.508771929824561
2024,21204,rural,24,mujer,5,58,8.620689655172415
2024,21204,rural,25,hombre,5,62,8.064516129032258
2024,21204,rural,25,mujer,7,62,11.290322580645162
2024,21204,rural,26,hombre,7,65,10.76923076923077
2024,21204,rural,26,mujer,3,64,4.6875
2024,21204,rural,27,hombre,3,60,5.0
2024,21204,rural,27,mujer,4,66,6.0606060606060606
2024,21204,rural,28,hombre,3,53,5.660377358490566
2024,21204,rural,28,mujer,3,61,4.918032786885246
2024,21301,rural,16,hombre,13,168,7.738095238095238
2024,21301,rural,16,mujer,16,183,8.743169398907105
2024,21301,rural,17,hombre,16,181,8.839779005524862
2024,21301,rural,17,mujer,25,173,14.45086705202312
2024,21301,rural,18,hombre,16,157,10.19108280254777
2024,21301,rural,18,mujer,20,161,12.422360248447205
2024,21301,rural,19,hombre,14,163,8.588957055214724
2024,21301,rural,19,mujer,16,181,8.839779005524862
2024,21301,rural,20,hombre,17,198,8.585858585858587
2024,21301,rural,20,mujer,9,170,5.294117647058823
2024,21301,rural,21,hombre,20,225,8.88888888888889
2024,21301,rural,21,mujer,11,201,5.472636815920398
2024,21301,rural,22,hombre,22,208,10.576923076923077
2024,21301,rural,22,mujer,30,193,15.544041450777202
2024,21301,rural,23,hombre,14,221,6.334841628959276
2024,21301,rural,23,mujer,23,196,11.73469387755102
2024,21301,rural,24,hombre,25,204,12.254901960784315
2024,21301,rural,24,mujer,21,187,11.229946524064172
2024,21301,rural,25,hombre,11,199,5.527638190954774
2024,21301,rural,25,mujer,21,190,11.052631578947368
2024,21301,rural,26,hombre,16,220,7.2727272727272725
2024,21301,rural,26,mujer,19,181,10.497237569060774
2024,21301,rural,27,hombre,19,185,10.27027027027027
2024,21301,rural,27,mujer,17,185,9.18918918918919
2024,21301,rural,28,hombre,25,191,13.089005235602095
2024,21301,rural,28,mujer,18,164,10.975609756097562
2024,21301,urbana,16,hombre,18,68,26.470588235294116
2024,21301,urbana,16,mujer,37,97,38.144329896907216
2024,21301,urbana,17,hombre,32,80,40.0
2024,21301,urbana,17,mujer,31,71,43.66197183098591
2024,21301,urbana,18,hombre,36,75,48.0
2024,21301,urbana,18,mujer,36,89,40.449438202247194
2024,21301,urbana,19,hombre,29,80,36.25
2024,21301,urbana,19,mujer,32,90,35.55555555555556
2024,21301,urbana,20,hombre,33,92,35.869565217391305
2024,21301,urbana,20,mujer,35,102,34.31372549019608
2024,21301,urbana,21,hombre,25,76,32.89473684210526
2024,21301,urbana,21,mujer,36,97,37.11340206185567
2024,21301,urbana,22,hombre,35,100,35.0
2024,21301,urbana,22,mujer,35,100,35.0
2024,21301,urbana,23,hombre,50,108,46.2962962962963
2024,21301,urbana,23,mujer,46,123,37.39837398373984
2024,21301,urbana,24,hombre,32,96,33.333333333333336
2024,21301,urbana,24,mujer,48,122,39.34426229508197
2024,21301,urbana,25,hombre,41,92,44.56521739130435
2024,21301,urbana,25,mujer,28,88,31.818181818181817
2024,21301,urbana,26,hombre,27,74,36.486486486486484
2024,21301,urbana,26,mujer,34,84,40.476190476190474
2024,21301,urbana,27,hombre,42,105,40.0
2024,21301,urbana,27,mujer,37,91,40.65934065934066
2024,21301,urbana,28,hombre,37,88,42.04545454545455
2024,21301,urbana,28,mujer,55,115,47.82608695652174
2024,21302,rural,16,hombre,3,68,4.411764705882353
2024,21302,rural,16,mujer,11,63,17.46031746031746
2024,21302,rural,17,hombre,8,54,14.814814814814815
2024,21302,rural,17,mujer,8,61,13.114754098360656
2024,21302,rural,18,hombre,4,49,8.16326530612245
2024,21302,rural,18,mujer,3,55,5.454545454545454
2024,21302,rural,19,hombre,4,43,9.30232558139535
2024,21302,rural,19,mujer,4,53,7.547169811320755
2024,21302,rural,20,hombre,5,55,9.090909090909092
2024,21302,rural,20,mujer,5,64,7.8125
2024,21302,rural,21,hombre,1,45,2.2222222222222223
2024,21302,rural,21,mujer,4,57,7.017543859649122
2024,21302,rural,22,hombre,4,52,7.6923076923076925
2024,21302,rural,22,mujer,7,56,12.5
2024,21302,rural,23,hombre,6,60,10.0
2024,21302,rural,23,mujer,4,60,6.666666666666667
2024,21302,rural,24,hombre,5,67,7.462686567164179
2024,21302,rural,24,mujer,3,42,7.142857142857143
2024,21302,rural,25,hombre,2,51,3.9215686274509802
2024,21302,rural,25,mujer,5,49,10.204081632653061
2024,21302,rural,26,hombre,4,52,7.6923076923076925
2024,21302,rural,26,mujer,3,42,7.142857142857143
2024,21302,rural,27,hombre,4,45,8.88888888888889
2024,21302,rural,27,mujer,3,51,5.882352941176471
2024,21302,rural,28,hombre,2,48,4.166666666666667
2024,21302,rural,28,mujer,5,47,10.638297872340425
2024,21303,rural,16,hombre,4,100,4.0
2024,21303,rural,16,mujer,5,83,6.024096385542169
2024,21303,rural,17,hombre,1,83,1.2048192771084338
2024,21303,rural,17,mujer,6,76,7.894736842105263
2024,21303,rural,18,hombre,5,67,7.462686567164179
2024,21303,rural,18,mujer,3,95,3.1578947368421053
2024,21303,rural,19,hombre,4,92,4.3478260869565215
2024,21303,rural,19,mujer,4,90,4.444444444444445
2024,21303,rural,20,hombre,3,77,3.896103896103896
2024,21303,rural,20,mujer,3,77,3.896103896103896
2024,21303,rural,21,hombre,6,91,6.593406593406593
2024,21303,rural,21,mujer,5,86,5.813953488372093
2024,21303,rural,22,hombre,2,106,1.8867924528301887
2024,21303,rural,22,mujer,4,88,4.545454545454546
2024,21303,rural,23,hombre,5,107,4.672897196261682
2024,21303,rural,23,mujer,2,79,2.5316455696202533
2024,21303,rural,24,hombre,7,101,6.930693069306931
2024,21303,rural,24,mujer,4,93,4.301075268817204
2024,21303,rural,25,hombre,9,95,9.473684210526315
2024,21303,rural,25,mujer,5,90,5.555555555555555
2024,21303,rural,26,hombre,6,90,6.666666666666667
2024,21303,rural,26,mujer,5,91,5.4945054945054945
2024,21303,rural,27,hombre,6,108,5.555555555555555
2024,21303,rural,27,mujer,1,69,1.4492753623188406
2024,21303,rural,28,hombre,3,80,3.75
2024,21303,rural,28,mujer,1,87,1.1494252873563218
2024,21304,rural,16,hombre,26,125,20.8
2024,21304,rural,16,mujer,17,118,14.40677966101695
2024,21304,rural,17,hombre,17,116,14.655172413793103
2024,21304,rural,17,mujer,20,115,17.391304347826086
2024,21304,rural,18,hombre,8,76,10.526315789473685
2024,21304,rural,18,mujer,24,119,20.168067226890756
2024,21304,rural,19,hombre,11,101,10.891089108910892
2024,21304,rural,19,mujer,16,103,15.533980582524272
2024,21304,rural,20,hombre,25,126,19.841269841269842
2024,21304,rural,20,mujer,19,102,18.627450980392158
2024,21304,rural,21,hombre,22,108,20.37037037037037
2024,21304,rural,21,mujer,18,115,15.652173913043478
2024,21304,rural,22,hombre,17,111,15.315315315315315
2024,21304,rural,22,mujer,16,101,15.841584158415841
2024,21304,rural,23,hombre,17,131,12.977099236641221
2024,21304,rural,23,mujer,16,123,13.008130081300813
2024,21304,rural,24,hombre,15,113,13.274336283185841
2024,21304,rural,24,mujer,20,113,17.699115044247787
2024,21304,rural,25,hombre,13,113,11.504424778761061
2024,21304,rural,25,mujer,16,122,13.114754098360656
2024,21304,rural,26,hombre,18,115,15.652173913043478
2024,21304,rural,26,mujer,15,121,12.396694214876034
2024,21304,rural,27,hombre,24,121,19.834710743801654
2024,21304,rural,27,mujer,20,105,19.047619047619047
2024,21304,rural,28,hombre,18,110,16.363636363636363
2024,21304,rural,28,mujer,15,104,14.423076923076923
2024,21305,rural,16,hombre,8,103,7.766990291262136
2024,21305,rural,16,mujer,9,89,10.112359550561798
2024,21305,rural,17,hombre,4,96,4.166666666666667
2024,21305,rural,17,mujer,8,97,8.24742268041237
2024,21305,rural,18,hombre,3,59,5.084745762711864
2024,21305,rural,18,mujer,4,79,5.063291139240507
2024,21305,rural,19,hombre,4,55,7.2727272727272725
2024,21305,rural,19,mujer,3,94,3.1914893617021276
2024,21305,rural,20,hombre,6,87,6.896551724137931
2024,21305,rural,20,mujer,9,95,9.473684210526315
2024,21305,rural,21,hombre,5,87,5.747126436781609
2024,21305,rural,21,mujer,7,80,8.75
2024,21305,rural,22,hombre,7,88,7.954545454545454
2024,21305,rural,22,mujer,9,90,10.0
2024,21305,rural,23,hombre,6,90,6.666666666666667
2024,21305,rural,23,mujer,7,91,7.6923076923076925
2024,21305,rural,24,hombre,9,80,11.25
2024,21305,rural,24,mujer,11,90,12.222222222222221
2024,21305,rural,25,hombre,6,87,6.896551724137931
2024,21305,rural,25,mujer,7,68,10.294117647058824
2024,21305,rural,26,hombre,6,73,8.219178082191782
2024,21305,rural,26,mujer,6,71,8.450704225352112
2024,21305,rural,27,hombre,8,84,9.523809523809524
2024,21305,rural,27,mujer,4,77,5.194805194805195
2024,21305,rural,28,hombre,1,66,1.5151515151515151
2024,21305,rural,28,mujer,8,75,10.666666666666666
2024,21305,urbana,16,hombre,72,132,54.54545454545455
2024,21305,urbana,16,mujer,62,126,49.20634920634921
2024,21305,urbana,17,hombre,73,120,60.833333333333336
2024,21305,urbana,17,mujer,76,117,64.95726495726495
2024,21305,urbana,18,hombre,38,71,53.521126760563384
2024,21305,urbana,18,mujer,86,146,58.9041095890411
2024,21305,urbana,19,hombre,64,103,62.13592233009709
2024,21305,urbana,19,mujer,75,120,62.5
2024,21305,urbana,20,hombre,54,117,46.15384615384615
2024,21305,urbana,20,mujer,78,154,50.64935064935065
2024,21305,urbana,21,hombre,59,119,49.57983193277311
2024,21305,urbana,21,mujer,63,107,58.87850467289719
2024,21305,urbana,22,hombre,69,125,55.2
2024,21305,urbana,22,mujer,60,126,47.61904761904762
2024,21305,urbana,23,hombre,67,111,60.36036036036036
2024,21305,urbana,23,mujer,83,139,59.71223021582734
2024,21305,urbana,24,hombre,79,133,59.3984962406015
2024,21305,urbana,24,mujer,79,144,54.861111111111114
2024,21305,urbana,25,hombre,52,102,50.98039215686274
2024,21305,urbana,25,mujer,68,113,60.176991150442475
2024,21305,urbana,26,hombre,65,123,52.84552845528455
2024,21305,urbana,26,mujer,59,124,47.58064516129032
2024,21305,urbana,27,hombre,49,96,51.041666666666664
2024,21305,urbana,27,mujer,86,167,51.49700598802395
2024,21305,urbana,28,hombre,61,108,56.48148148148148
2024,21305,urbana,28,mujer,64,132,48.484848484848484
2024,21306,rural,16,hombre,3,37,8.108108108108109
2024,21306,rural,16,mujer,2,35,5.714285714285714
2024,21306,rural,17,hombre,2,36,5.555555555555555
2024,21306,rural,17,mujer,5,36,13.88888888888889
2024,21306,rural,18,hombre,3,32,9.375
2024,21306,rural,18,mujer,6,30,20.0
2024,21306,rural,19,hombre,1,24,4.166666666666667
2024,21306,rural,19,mujer,3,38,7.894736842105263
2024,21306,rural,20,hombre,1,39,2.5641025641025643
2024,21306,rural,20,mujer,1,33,3.0303030303030303
2024,21306,rural,21,hombre,2,36,5.555555555555555
2024,21306,rural,21,mujer,4,41,9.75609756097561
2024,21306,rural,22,hombre,3,33,9.090909090909092
2024,21306,rural,22,mujer,5,41,12.195121951219512
2024,21306,rural,23,hombre,3,41,7.317073170731708
2024,21306,rural,23,mujer,3,52,5.769230769230769
2024,21306,rural,24,hombre,1,35,2.857142857142857
2024,21306,rural,24,mujer,2,37,5.405405405405405
2024,21306,rural,25,hombre,5,41,12.195121951219512
2024,21306,rural,25,mujer,3,42,7.142857142857143
2024,21306,rural,26,hombre,3,31,9.67741935483871
2024,21306,rural,26,mujer,2,37,5.405405405405405
2024,21306,rural,27,hombre,4,34,11.764705882352942
2024,21306,rural,27,mujer,2,46,4.3478260869565215
2024,21306,rural,28,hombre,3,31,9.67741935483871
2024,21306,rural,28,mujer,7,47,14.893617021276595
2024,21306,urbana,16,hombre,10,62,16.129032258064516
2024,21306,urbana,16,mujer,7,65,10.76923076923077
2024,21306,urbana,17,hombre,7,59,11.864406779661017
2024,21306,urbana,17,mujer,12,51,23.529411764705884
2024,21306,urbana,18,hombre,4,47,8.51063829787234
2024,21306,urbana,18,mujer,8,67,11.940298507462687
2024,21306,urbana,19,hombre,2,44,4.545454545454546
2024,21306,urbana,19,mujer,5,59,8.474576271186441
2024,21306,urbana,20,hombre,6,58,10.344827586206897
2024,21306,urbana,20,mujer,7,66,10.606060606060606
2024,21306,urbana,21,hombre,5,56,8.928571428571429
2024,21306,urbana,21,mujer,10,60,16.666666666666668
2024,21306,urbana,22,hombre,7,49,14.285714285714286
2024,21306,urbana,22,mujer,12,77,15.584415584415584
2024,21306,urbana,23,hombre,10,79,12.658227848101266
2024,21306,urbana,23,mujer,5,81,6.172839506172839
2024,21306,urbana,24,hombre,6,75,8.0
2024,21306,urbana,24,mujer,6,72,8.333333333333334
2024,21306,urbana,25,hombre,7,78,8.974358974358974
2024,21306,urbana,25,mujer,13,83,15.662650602409638
2024,21306,urbana,26,hombre,7,67,10.447761194029852
2024,21306,urbana,26,mujer,5,65,7.6923076923076925
2024,21306,urbana,27,hombre,8,68,11.764705882352942
2024,21306,urbana,27,mujer,12,73,16.438356164383563
2024,21306,urbana,28,hombre,8,76,10.526315789473685
2024,21306,urbana,28,mujer,6,72,8.333333333333334
2024,21307,rural,16,hombre,0,14,0.0
2024,21307,rural,16,mujer,3,11,27.272727272727273
2024,21307,rural,17,hombre,3,15,20.0
2024,21307,rural,17,mujer,3,8,37.5
2024,21307,rural,18,hombre,2,10,20.0
2024,21307,rural,18,mujer,2,9,22.22222222222222
2024,21307,rural,19,hombre,2,13,15.384615384615385
2024,21307,rural,19,mujer,2,8,25.0
2024,21307,rural,20,hombre,4,17,23.529411764705884
2024,21307,rural,20,mujer,0,14,0.0
2024,21307,rural,21,hombre,1,15,6.666666666666667
2024,21307,rural,21,mujer,3,12,25.0
2024,21307,rural,22,hombre,3,8,37.5
2024,21307,rural,22,mujer,3,14,21.428571428571427
2024,21307,rural,23,hombre,7,22,31.818181818181817
2024,21307,rural,23,mujer,1,12,8.333333333333334
2024,21307,rural,24,hombre,0,14,0.0
2024,21307,rural,24,mujer,1,13,7.6923076923076925
2024,21307,rural,25,hombre,2,17,11.764705882352942
2024,21307,rural,25,mujer,4,14,28.571428571428573
2024,21307,rural,26,hombre,3,14,21.428571428571427
2024,21307,rural,26,mujer,1,9,11.11111111111111
2024,21307,rural,27,hombre,2,16,12.5
2024,21307,rural,27,mujer,2,13,15.384615384615385
2024,21307,rural,28,hombre,1,17,5.882352941176471
2024,21307,rural,28,mujer,0,12,0.0
2024,21307,urbana,16,hombre,0,13,0.0
2024,21307,urbana,16,mujer,3,22,13.636363636363637
2024,21307,urbana,17,hombre,2,28,7.142857142857143
2024,21307,urbana,17,mujer,7,27,25.925925925925927
2024,21307,urbana,18,hombre,6,36,16.666666666666668
2024,21307,urbana,18,mujer,4,23,17.391304347826086
2024,21307,urbana,19,hombre,3,22,13.636363636363637
2024,21307,urbana,19,mujer,3,24,12.5
2024,21307,urbana,20,hombre,6,33,18.181818181818183
2024,21307,urbana,20,mujer,7,33,21.21212121212121
2024,21307,urbana,21,hombre,3,30,10.0
2024,21307,urbana,21,mujer,3,31,9.67741935483871
2024,21307,urbana,22,hombre,6,27,22.22222222222222
2024,21307,urbana,22,mujer,2,26,7.6923076923076925
2024,21307,urbana,23,hombre,6,32,18.75
2024,21307,urbana,23,mujer,5,40,12.5
2024,21307,urbana,24,hombre,4,31,12.903225806451612
2024,21307,urbana,24,mujer,6,32,18.75
2024,21307,urbana,25,hombre,6,25,24.0
2024,21307,urbana,25,mujer,8,35,22.857142857142858
2024,21307,urbana,26,hombre,4,30,13.333333333333334
2024,21307,urbana,26,mujer,1,24,4.166666666666667
2024,21307,urbana,27,hombre,5,39,12.820512820512821
2024,21307,urbana,27,mujer,6,46,13.043478260869565
2024,21307,urbana,28,hombre,7,26,26.923076923076923
2024,21307,urbana,28,mujer,7,35,20.0
2024,21401,rural,16,hombre,35,180,19.444444444444443
2024,21401,rural,16,mujer,42,204,20.58823529411765
2024,21401,rural,17,hombre,39,215,18.13953488372093
2024,21401,rural,17,mujer,33,180,18.333333333333332
2024,21401,rural,18,hombre,39,203,19.211822660098523
2024,21401,rural,18,mujer,37,213,17.370892018779344
2024,21401,rural,19,hombre,50,199,25.12562814070352
2024,21401,rural,19,mujer,42,218,19.26605504587156
2024,21401,rural,20,hombre,47,226,20.79646017699115
2024,21401,rural,20,mujer,41,194,21.1340206185567
2024,21401,rural,21,hombre,33,201,16.417910447761194
2024,21401,rural,21,mujer,41,180,22.77777777777778
2024,21401,rural,22,hombre,42,228,18.42105263157895
2024,21401,rural,22,mujer,45,205,21.951219512195124
2024,21401,rural,23,hombre,51,248,20.56451612903226
2024,21401,rural,23,mujer,48,235,20.425531914893618
2024,21401,rural,24,hombre,41,243,16.872427983539094
2024,21401,rural,24,mujer,40,243,16.46090534979424
2024,21401,rural,25,hombre,38,234,16.23931623931624
2024,21401,rural,25,mujer,53,231,22.943722943722943
2024,21401,rural,26,hombre,31,192,16.145833333333332
2024,21401,rural,26,mujer,47,196,23.979591836734695
2024,21401,rural,27,hombre,45,225,20.0
2024,21401,rural,27,mujer,45,186,24.193548387096776
2024,21401,rural,28,hombre,41,207,19.806763285024154
2024,21401,rural,28,mujer,30,170,17.647058823529413
2024,21401,urbana,16,hombre,14,18,77.77777777777777
2024,21401,urbana,16,mujer,13,14,92.85714285714286
2024,21401,urbana,17,hombre,15,16,93.75
2024,21401,urbana,17,mujer,13,19,68.42105263157895
2024,21401,urbana,18,hombre,12,15,80.0
2024,21401,urbana,18,mujer,17,21,80.95238095238095
2024,21401,urbana,19,hombre,13,16,81.25
2024,21401,urbana,19,mujer,10,16,62.5
2024,21401,urbana,20,hombre,10,15,66.66666666666667
2024,21401,urbana,20,mujer,24,29,82.75862068965517
2024,21401,urbana,21,hombre,4,11,36.36363636363637
2024,21401,urbana,21,mujer,15,22,68.18181818181819
2024,21401,urbana,22,hombre,14,24,58.333333333333336
2024,21401,urbana,22,mujer,14,17,82.3529411764706
2024,21401,urbana,23,hombre,16,24,66.66666666666667
2024,21401,urbana,23,mujer,8,15,53.333333333333336
2024,21401,urbana,24,hombre,17,20,85.0
2024,21401,urbana,24,mujer,18,23,78.26086956521739
2024,21401,urbana,25,hombre,12,14,85.71428571428571
2024,21401,urbana,25,mujer,21,31,67.74193548387096
2024,21401,urbana,26,hombre,19,24,79.16666666666667
2024,21401,urbana,26,mujer,16,19,84.21052631578948
2024,21401,urbana,27,hombre,13,14,92.85714285714286
2024,21401,urbana,27,mujer,20,24,83.33333333333333
2024,21401,urbana,28,hombre,13,15,86.66666666666667
2024,21401,urbana,28,mujer,11,14,78.57142857142857
2024,21402,rural,16,hombre,61,173,35.26011560693642
2024,21402,rural,16,mujer,71,179,39.66480446927374
2024,21402,rural,17,hombre,56,167,33.532934131736525
2024,21402,rural,17,mujer,81,180,45.0
2024,21402,rural,18,hombre,56,150,37.333333333333336
2024,21402,rural,18,mujer,69,176,39.20454545454545
2024,21402,rural,19,hombre,59,162,36.41975308641975
2024,21402,rural,19,mujer,61,150,40.666666666666664
2024,21402,rural,20,hombre,56,174,32.18390804597701
2024,21402,rural,20,mujer,67,160,41.875
2024,21402,rural,21,hombre,62,170,36.470588235294116
2024,21402,rural,21,mujer,49,135,36.2962962962963
2024,21402,rural,22,hombre,63,193,32.64248704663213
2024,21402,rural,22,mujer,38,114,33.333333333333336
2024,21402,rural,23,hombre,48,157,30.573248407643312
2024,21402,rural,23,mujer,78,187,41.711229946524064
2024,21402,rural,24,hombre,78,208,37.5
2024,21402,rural,24,mujer,77,185,41.62162162162162
2024,21402,rural,25,hombre,68,181,37.569060773480665
2024,21402,rural,25,mujer,84,199,42.21105527638191
2024,21402,rural,26,hombre,70,182,38.46153846153846
2024,21402,rural,26,mujer,67,182,36.81318681318681
2024,21402,rural,27,hombre,54,166,32.53012048192771
2024,21402,rural,27,mujer,65,182,35.714285714285715
2024,21402,rural,28,hombre,67,170,39.411764705882355
2024,21402,rural,28,mujer,74,189,39.15343915343915
2024,21402,urbana,16,hombre,20,25,80.0
2024,21402,urbana,16,mujer,29,33,87.87878787878788
2024,21402,urbana,17,hombre,33,34,97.05882352941177
2024,21402,urbana,17,mujer,17,18,94.44444444444444
2024,21402,urbana,18,hombre,19,21,90.47619047619048
2024,21402,urbana,18,mujer,25,30,83.33333333333333
2024,21402,urbana,19,hombre,16,18,88.88888888888889
2024,21402,urbana,19,mujer,15,15,100.0
2024,21402,urbana,20,hombre,24,27,88.88888888888889
2024,21402,urbana,20,mujer,19,22,86.36363636363636
2024,21402,urbana,21,hombre,18,20,90.0
2024,21402,urbana,21,mujer,14,16,87.5
2024,21402,urbana,22,hombre,11,12,91.66666666666667
2024,21402,urbana,22,mujer,15,18,83.33333333333333
2024,21402,urbana,23,hombre,21,25,84.0
2024,21402,urbana,23,mujer,21,22,95.45454545454545
2024,21402,urbana,24,hombre,23,25,92.0
2024,21402,urbana,24,mujer,20,23,86.95652173913044
2024,21402,urbana,25,hombre,15,16,93.75
2024,21402,urbana,25,mujer,16,17,94.11764705882354
2024,21402,urbana,26,hombre,16,19,84.21052631578948
2024,21402,urbana,26,mujer,17,19,89.47368421052632
2024,21402,urbana,27,hombre,14,16,87.5
2024,21402,urbana,27,mujer,18,21,85.71428571428571
2024,21402,urbana,28,hombre,21,24,87.5
2024,21402,urbana,28,mujer,17,18,94.44444444444444
2024,21501,rural,16,hombre,11,71,15.492957746478874
2024,21501,rural,16,mujer,7,62,11.290322580645162
2024,21501,rural,17,hombre,7,68,10.294117647058824
2024,21501,rural,17,mujer,7,58,12.068965517241379
2024,21501,rural,18,hombre,5,52,9.615384615384615
2024,21501,rural,18,mujer,4,53,7.547169811320755
2024,21501,rural,19,hombre,7,51,13.72549019607843
2024,21501,rural,19,mujer,3,42,7.142857142857143
2024,21501,rural,20,hombre,6,62,9.67741935483871
2024,21501,rural,20,mujer,6,53,11.320754716981131
2024,21501,rural,21,hombre,8,56,14.285714285714286
2024,21501,rural,21,mujer,6,45,13.333333333333334
2024,21501,rural,22,hombre,6,62,9.67741935483871
2024,21501,rural,22,mujer,7,42,16.666666666666668
2024,21501,rural,23,hombre,4,60,6.666666666666667
2024,21501,rural,23,mujer,9,56,16.071428571428573
2024,21501,rural,24,hombre,5,73,6.8493150684931505
2024,21501,rural,24,mujer,7,65,10.76923076923077
2024,21501,rural,25,hombre,6,66,9.090909090909092
2024,21501,rural,25,mujer,6,60,10.0
2024,21501,rural,26,hombre,5,77,6.4935064935064934
2024,21501,rural,26,mujer,4,43,9.30232558139535
2024,21501,rural,27,hombre,6,75,8.0
2024,21501,rural,27,mujer,10,52,19.23076923076923
2024,21501,rural,28,hombre,5,63,7.936507936507937
2024,21501,rural,28,mujer,5,41,12.195121951219512
2024,21501,urbana,16,hombre,13,48,27.083333333333332
2024,21501,urbana,16,mujer,14,41,34.146341463414636
2024,21501,urbana,17,hombre,17,38,44.73684210526316
2024,21501,urbana,17,mujer,18,42,42.857142857142854
2024,21501,urbana,18,hombre,15,40,37.5
2024,21501,urbana,18,mujer,9,25,36.0
2024,21501,urbana,19,hombre,6,27,22.22222222222222
2024,21501,urbana,19,mujer,9,28,32.142857142857146
2024,21501,urbana,20,hombre,5,18,27.77777777777778
2024,21501,urbana,20,mujer,6,19,31.57894736842105
2024,21501,urbana,21,hombre,12,27,44.44444444444444
2024,21501,urbana,21,mujer,10,22,45.45454545454545
2024,21501,urbana,22,hombre,10,28,35.714285714285715
2024,21501,urbana,22,mujer,8,23,34.78260869565217
2024,21501,urbana,23,hombre,11,31,35.483870967741936
2024,21501,urbana,23,mujer,13,30,43.333333333333336
2024,21501,urbana,24,hombre,17,35,48.57142857142857
2024,21501,urbana,24,mujer,12,46,26.08695652173913
2024,21501,urbana,25,hombre,12,32,37.5
2024,21501,urbana,25,mujer,14,33,42.42424242424242
2024,21501,urbana,26,hombre,13,22,59.09090909090909
2024,21501,urbana,26,mujer,15,37,40.54054054054054
2024,21501,urbana,27,hombre,15,32,46.875
2024,21501,urbana,27,mujer,22,43,51.16279069767442
2024,21501,urbana,28,hombre,10,36,27.77777777777778
2024,21501,urbana,28,mujer,10,35,28.571428571428573
2024,21502,rural,16,hombre,27,58,46.55172413793103
2024,21502,rural,16,mujer,40,71,56.33802816901409
2024,21502,rural,17,hombre,13,36,36.111111111111114
2024,21502,rural,17,mujer,22,38,57.89473684210526
2024,21502,rural,18,hombre,9,28,32.142857142857146
2024,21502,rural,18,mujer,25,44,56.81818181818182
2024,21502,rural,19,hombre,9,28,32.142857142857146
2024,21502,rural,19,mujer,22,48,45.833333333333336
2024,21502,rural,20,hombre,12,34,35.294117647058826
2024,21502,rural,20,mujer,12,22,54.54545454545455
2024,21502,rural,21,hombre,7,31,22.580645161290324
2024,21502,rural,21,mujer,17,30,56.666666666666664
2024,21502,rural,22,hombre,17,35,48.57142857142857
2024,21502,rural,22,mujer,15,36,41.666666666666664
2024,21502,rural,23,hombre,19,45,42.22222222222222
2024,21502,rural,23,mujer,19,41,46.34146341463415
2024,21502,rural,24,hombre,26,61,42.622950819672134
2024,21502,rural,24,mujer,18,42,42.857142857142854
2024,21502,rural,25,hombre,16,48,33.333333333333336
2024,21502,rural,25,mujer,16,41,39.02439024390244
2024,21502,rural,26,hombre,17,37,45.945945945945944
2024,21502,rural,26,mujer,18,37,48.648648648648646
2024,21502,rural,27,hombre,16,38,42.10526315789474
2024,21502,rural,27,mujer,16,40,40.0
2024,21502,rural,28,hombre,15,39,38.46153846153846
2024,21502,rural,28,mujer,21,43,48.83720930232558
2024,21502,urbana,16,hombre,29,41,70.73170731707317
2024,21502,urbana,16,mujer,32,49,65.3061224489796
2024,21502,urbana,17,hombre,17,37,45.945945945945944
2024,21502,urbana,17,mujer,33,57,57.89473684210526
2024,21502,urbana,18,hombre,14,22,63.63636363636363
2024,21502,urbana,18,mujer,23,36,63.888888888888886
2024,21502,urbana,19,hombre,8,23,34.78260869565217
2024,21502,urbana,19,mujer,23,33,69.6969696969697
2024,21502,urbana,20,hombre,15,29,51.724137931034484
2024,21502,urbana,20,mujer,23,37,62.16216216216216
2024,21502,urbana,21,hombre,16,22,72.72727272727273
2024,21502,urbana,21,mujer,17,30,56.666666666666664
2024,21502,urbana,22,hombre,13,24,54.166666666666664
2024,21502,urbana,22,mujer,20,36,55.55555555555556
2024,21502,urbana,23,hombre,19,41,46.34146341463415
2024,21502,urbana,23,mujer,23,39,58.97435897435897
2024,21502,urbana,24,hombre,17,30,56.666666666666664
2024,21502,urbana,24,mujer,26,41,63.41463414634146
2024,21502,urbana,25,hombre,14,24,58.333333333333336
2024,21502,urbana,25,mujer,25,33,75.75757575757575
2024,21502,urbana,26,hombre,19,30,63.333333333333336
2024,21502,urbana,26,mujer,26,37,70.27027027027027
2024,21502,urbana,27,hombre,23,28,82.14285714285714
2024,21502,urbana,27,mujer,21,24,87.5
2024,21502,urbana,28,hombre,19,32,59.375
2024,21502,urbana,28,mujer,24,33,72.72727272727273
2024,21601,rural,16,hombre,11,101,10.891089108910892
2024,21601,rural,16,mujer,16,114,14.035087719298245
2024,21601,rural,17,hombre,13,108,12.037037037037036
2024,21601,rural,17,mujer,11,124,8.870967741935484
2024,21601,rural,18,hombre,7,87,8.045977011494253
2024,21601,rural,18,mujer,10,103,9.70873786407767
2024,21601,rural,19,hombre,8,98,8.16326530612245
2024,21601,rural,19,mujer,13,109,11.926605504587156
2024,21601,rural,20,hombre,15,126,11.904761904761905
2024,21601,rural,20,mujer,18,123,14.634146341463415
2024,21601,rural,21,hombre,10,97,10.309278350515465
2024,21601,rural,21,mujer,14,104,13.461538461538462
2024,21601,rural,22,hombre,16,116,13.793103448275861
2024,21601,rural,22,mujer,7,112,6.25
2024,21601,rural,23,hombre,15,139,10.79136690647482
2024,21601,rural,23,mujer,11,134,8.208955223880597
2024,21601,rural,24,hombre,11,145,7.586206896551724
2024,21601,rural,24,mujer,19,134,14.17910447761194
2024,21601,rural,25,hombre,16,125,12.8
2024,21601,rural,25,mujer,20,104,19.23076923076923
2024,21601,rural,26,hombre,14,138,10.144927536231885
2024,21601,rural,26,mujer,17,113,15.044247787610619
2024,21601,rural,27,hombre,13,121,10.743801652892563
2024,21601,rural,27,mujer,14,111,12.612612612612613
2024,21601,rural,28,hombre,12,120,10.0
2024,21601,rural,28,mujer,12,89,13.48314606741573
2024,21601,urbana,16,hombre,15,24,62.5
2024,21601,urbana,16,mujer,19,28,67.85714285714286
2024,21601,urbana,17,hombre,16,31,51.61290322580645
2024,21601,urbana,17,mujer,8,14,57.142857142857146
2024,21601,urbana,18,hombre,23,32,71.875
2024,21601,urbana,18,mujer,16,27,59.25925925925926
2024,21601,urbana,19,hombre,17,28,60.714285714285715
2024,21601,urbana,19,mujer,19,27,70.37037037037037
2024,21601,urbana,20,hombre,11,21,52.38095238095238
2024,21601,urbana,20,mujer,12,18,66.66666666666667
2024,21601,urbana,21,hombre,11,19,57.89473684210526
2024,21601,urbana,21,mujer,8,16,50.0
2024,21601,urbana,22,hombre,25,29,86.20689655172414
2024,21601,urbana,22,mujer,16,23,69.56521739130434
2024,21601,urbana,23,hombre,11,18,61.111111111111114
2024,21601,urbana,23,mujer,14,23,60.869565217391305
2024,21601,urbana,24,hombre,25,40,62.5
2024,21601,urbana,24,mujer,15,25,60.0
2024,21601,urbana,25,hombre,19,25,76.0
2024,21601,urbana,25,mujer,5,12,41.666666666666664
2024,21601,urbana,26,hombre,17,33,51.515151515151516
2024,21601,urbana,26,mujer,13,25,52.0
2024,21601,urbana,27,hombre,14,24,58.333333333333336
2024,21601,urbana,27,mujer,13,28,46.42857142857143
2024,21601,urbana,28,hombre,13,23,56.52173913043478
2024,21601,urbana,28,mujer,13,22,59.09090909090909
2024,21602,rural,16,hombre,17,71,23.943661971830984
2024,21602,rural,16,mujer,11,42,26.19047619047619
2024,21602,rural,17,hombre,27,83,32.53012048192771
2024,21602,rural,17,mujer,13,63,20.634920634920636
2024,21602,rural,18,hombre,18,61,29.508196721311474
2024,21602,rural,18,mujer,16,61,26.229508196721312
2024,21602,rural,19,hombre,15,69,21.73913043478261
2024,21602,rural,19,mujer,19,67,28.35820895522388
2024,21602,rural,20,hombre,22,94,23.404255319148938
2024,21602,rural,20,mujer,17,63,26.984126984126984
2024,21602,rural,21,hombre,11,68,16.176470588235293
2024,21602,rural,21,mujer,18,62,29.032258064516128
2024,21602,rural,22,hombre,24,76,31.57894736842105
2024,21602,rural,22,mujer,19,75,25.333333333333332
2024,21602,rural,23,hombre,20,64,31.25
2024,21602,rural,23,mujer,21,70,30.0
2024,21602,rural,24,hombre,21,79,26.582278481012658
2024,21602,rural,24,mujer,19,64,29.6875
2024,21602,rural,25,hombre,20,87,22.988505747126435
2024,21602,rural,25,mujer,17,68,25.0
2024,21602,rural,26,hombre,14,57,24.56140350877193
2024,21602,rural,26,mujer,14,51,27.45098039215686
2024,21602,rural,27,hombre,10,50,20.0
2024,21602,rural,27,mujer,13,42,30.952380952380953
2024,21602,rural,28,hombre,16,64,25.0
2024,21602,rural,28,mujer,19,67,28.35820895522388
2024,21701,rural,16,hombre,7,95,7.368421052631579
2024,21701,rural,16,mujer,10,93,10.75268817204301
2024,21701,rural,17,hombre,2,80,2.5
2024,21701,rural,17,mujer,4,66,6.0606060606060606
2024,21701,rural,18,hombre,7,60,11.666666666666666
2024,21701,rural,18,mujer,7,80,8.75
2024,21701,rural,19,hombre,5,65,7.6923076923076925
2024,21701,rural,19,mujer,2,66,3.0303030303030303
2024,21701,rural,20,hombre,8,78,10.256410256410257
2024,21701,rural,20,mujer,5,72,6.944444444444445
2024,21701,rural,21,hombre,7,88,7.954545454545454
2024,21701,rural,21,mujer,5,52,9.615384615384615
2024,21701,rural,22,hombre,4,62,6.451612903225806
2024,21701,rural,22,mujer,4,83,4.819277108433735
2024,21701,rural,23,hombre,4,92,4.3478260869565215
2024,21701,rural,23,mujer,5,90,5.555555555555555
2024,21701,rural,24,hombre,4,74,5.405405405405405
2024,21701,rural,24,mujer,8,65,12.307692307692308
2024,21701,rural,25,hombre,2,70,2.857142857142857
2024,21701,rural,25,mujer,5,79,6.329113924050633
2024,21701,rural,26,hombre,4,61,6.557377049180328
2024,21701,rural,26,mujer,7,97,7.216494845360825
2024,21701,rural,27,hombre,7,78,8.974358974358974
2024,21701,rural,27,mujer,9,82,10.975609756097562
2024,21701,rural,28,hombre,7,73,9.58904109589041
2024,21701,rural,28,mujer,9,69,13.043478260869565
2024,21701,urbana,16,hombre,29,43,67.44186046511628
2024,21701,urbana,16,mujer,40,62,64.51612903225806
2024,21701,urbana,17,hombre,34,51,66.66666666666667
2024,21701,urbana,17,mujer,26,45,57.77777777777778
2024,21701,urbana,18,hombre,35,49,71.42857142857143
2024,21701,urbana,18,mujer,36,52,69.23076923076923
2024,21701,urbana,19,hombre,33,51,64.70588235294117
2024,21701,urbana,19,mujer,30,48,62.5
2024,21701,urbana,20,hombre,31,47,65.95744680851064
2024,21701,urbana,20,mujer,28,40,70.0
2024,21701,urbana,21,hombre,30,37,81.08108108108108
2024,21701,urbana,21,mujer,31,45,68.88888888888889
2024,21701,urbana,22,hombre,25,45,55.55555555555556
2024,21701,urbana,22,mujer,24,34,70.58823529411765
2024,21701,urbana,23,hombre,25,43,58.13953488372093
2024,21701,urbana,23,mujer,24,40,60.0
2024,21701,urbana,24,hombre,32,41,78.04878048780488
2024,21701,urbana,24,mujer,37,48,77.08333333333333
2024,21701,urbana,25,hombre,32,44,72.72727272727273
2024,21701,urbana,25,mujer,28,47,59.57446808510638
2024,21701,urbana,26,hombre,30,45,66.66666666666667
2024,21701,urbana,26,mujer,27,40,67.5
2024,21701,urbana,27,hombre,42,58,72.41379310344827
2024,21701,urbana,27,mujer,29,45,64.44444444444444
2024,21701,urbana,28,hombre,32,46,69.56521739130434
2024,21701,urbana,28,mujer,31,41,75.60975609756098
2024,21702,rural,16,hombre,8,55,14.545454545454545
2024,21702,rural,16,mujer,6,45,13.333333333333334
2024,21702,rural,17,hombre,15,47,31.914893617021278
2024,21702,rural,17,mujer,4,46,8.695652173913043
2024,21702,rural,18,hombre,5,45,11.11111111111111
2024,21702,rural,18,mujer,8,61,13.114754098360656
2024,21702,rural,19,hombre,9,44,20.454545454545453
2024,21702,rural,19,mujer,16,53,30.18867924528302
2024,21702,rural,20,hombre,10,59,16.949152542372882
2024,21702,rural,20,mujer,4,47,8.51063829787234
2024,21702,rural,21,hombre,5,47,10.638297872340425
2024,21702,rural,21,mujer,9,49,18.367346938775512
2024,21702,rural,22,hombre,8,55,14.545454545454545
2024,21702,rural,22,mujer,7,47,14.893617021276595
2024,21702,rural,23,hombre,16,77,20.77922077922078
2024,21702,rural,23,mujer,8,67,11.940298507462687
2024,21702,rural,24,hombre,7,54,12.962962962962964
2024,21702,rural,24,mujer,8,50,16.0
2024,21702,rural,25,hombre,6,60,10.0
2024,21702,rural,25,mujer,9,50,18.0
2024,21702,rural,26,hombre,8,63,12.698412698412698
2024,21702,rural,26,mujer,5,33,15.151515151515152
2024,21702,rural,27,hombre,7,52,13.461538461538462
2024,21702,rural,27,mujer,6,57,10.526315789473685
2024,21702,rural,28,hombre,4,39,10.256410256410257
2024,21702,rural,28,mujer,10,56,17.857142857142858
2024,21703,rural,16,hombre,2,39,5.128205128205129
2024,21703,rural,16,mujer,1,18,5.555555555555555
2024,21703,rural,17,hombre,3,26,11.538461538461538
2024,21703,rural,17,mujer,1,33,3.0303030303030303
2024,21703,rural,18,hombre,0,30,0.0
2024,21703,rural,18,mujer,0,16,0.0
2024,21703,rural,19,hombre,1,29,3.4482758620689653
2024,21703,rural,19,mujer,0,21,0.0
2024,21703,rural,20,hombre,0,29,0.0
2024,21703,rural,20,mujer,1,39,2.5641025641025643
2024,21703,rural,21,hombre,2,31,6.451612903225806
2024,21703,rural,21,mujer,0,22,0.0
2024,21703,rural,22,hombre,1,36,2.7777777777777777
2024,21703,rural,22,mujer,1,25,4.0
2024,21703,rural,23,hombre,1,38,2.6315789473684212
2024,21703,rural,23,mujer,2,28,7.142857142857143
2024,21703,rural,24,hombre,2,33,6.0606060606060606
2024,21703,rural,24,mujer,2,40,5.0
2024,21703,rural,25,hombre,2,38,5.2631578947368425
2024,21703,rural,25,mujer,1,23,4.3478260869565215
2024,21703,rural,26,hombre,3,38,7.894736842105263
2024,21703,rural,26,mujer,1,33,3.0303030303030303
2024,21703,rural,27,hombre,3,45,6.666666666666667
2024,21703,rural,27,mujer,2,28,7.142857142857143
2024,21703,rural,28,hombre,2,40,5.0
2024,21703,rural,28,mujer,1,40,2.5
2024,21703,urbana,16,hombre,3,19,15.789473684210526
2024,21703,urbana,16,mujer,3,28,10.714285714285714
2024,21703,urbana,17,hombre,5,28,17.857142857142858
2024,21703,urbana,17,mujer,7,25,28.0
2024,21703,urbana,18,hombre,8,41,19.51219512195122
2024,21703,urbana,18,mujer,2,22,9.090909090909092
2024,21703,urbana,19,hombre,4,17,23.529411764705884
2024,21703,urbana,19,mujer,6,15,40.0
2024,21703,urbana,20,hombre,5,23,21.73913043478261
2024,21703,urbana,20,mujer,6,22,27.272727272727273
2024,21703,urbana,21,hombre,4,27,14.814814814814815
2024,21703,urbana,21,mujer,3,18,16.666666666666668
2024,21703,urbana,22,hombre,4,29,13.793103448275861
2024,21703,urbana,22,mujer,3,19,15.789473684210526
2024,21703,urbana,23,hombre,11,36,30.555555555555557
2024,21703,urbana,23,mujer,4,28,14.285714285714286
2024,21703,urbana,24,hombre,7,36,19.444444444444443
2024,21703,urbana,24,mujer,2,29,6.896551724137931
2024,21703,urbana,25,hombre,8,33,24.242424242424242
2024,21703,urbana,25,mujer,4,32,12.5
2024,21703,urbana,26,hombre,4,28,14.285714285714286
2024,21703,urbana,26,mujer,8,32,25.0
2024,21703,urbana,27,hombre,3,33,9.090909090909092
2024,21703,urbana,27,mujer,4,19,21.05263157894737
2024,21703,urbana,28,hombre,4,32,12.5
2024,21703,urbana,28,mujer,9,39,23.076923076923077
2024,21801,rural,16,hombre,4,76,5.2631578947368425
2024,21801,rural,16,mujer,2,48,4.166666666666667
2024,21801,rural,17,hombre,1,55,1.8181818181818181
2024,21801,rural,17,mujer,3,62,4.838709677419355
2024,21801,rural,18,hombre,4,60,6.666666666666667
2024,21801,rural,18,mujer,1,56,1.7857142857142858
2024,21801,rural,19,hombre,2,71,2.816901408450704
2024,21801,rural,19,mujer,0,63,0.0
2024,21801,rural,20,hombre,1,46,2.1739130434782608
2024,21801,rural,20,mujer,4,52,7.6923076923076925
2024,21801,rural,21,hombre,2,62,3.225806451612903
2024,21801,rural,21,mujer,0,64,0.0
2024,21801,rural,22,hombre,6,71,8.450704225352112
2024,21801,rural,22,mujer,2,68,2.9411764705882355
2024,21801,rural,23,hombre,3,85,3.5294117647058822
2024,21801,rural,23,mujer,4,69,5.797101449275362
2024,21801,rural,24,hombre,6,85,7.0588235294117645
2024,21801,rural,24,mujer,4,75,5.333333333333333
2024,21801,rural,25,hombre,4,71,5.633802816901408
2024,21801,rural,25,mujer,3,70,4.285714285714286
2024,21801,rural,26,hombre,2,73,2.73972602739726
2024,21801,rural,26,mujer,1,58,1.7241379310344827
2024,21801,rural,27,hombre,5,73,6.8493150684931505
2024,21801,rural,27,mujer,2,74,2.7027027027027026
2024,21801,rural,28,hombre,5,67,7.462686567164179
2024,21801,rural,28,mujer,2,51,3.9215686274509802
2024,21802,rural,16,hombre,3,59,5.084745762711864
2024,21802,rural,16,mujer,1,60,1.6666666666666667
2024,21802,rural,17,hombre,0,30,0.0
2024,21802,rural,17,mujer,1,57,1.7543859649122806
2024,21802,rural,18,hombre,1,31,3.225806451612903
2024,21802,rural,18,mujer,0,36,0.0
2024,21802,rural,19,hombre,1,43,2.3255813953488373
2024,21802,rural,19,mujer,0,34,0.0
2024,21802,rural,20,hombre,2,42,4.761904761904762
2024,21802,rural,20,mujer,2,45,4.444444444444445
2024,21802,rural,21,hombre,1,43,2.3255813953488373
2024,21802,rural,21,mujer,1,37,2.7027027027027026
2024,21802,rural,22,hombre,1,39,2.5641025641025643
2024,21802,rural,22,mujer,1,45,2.2222222222222223
2024,21802,rural,23,hombre,2,65,3.076923076923077
2024,21802,rural,23,mujer,1,62,1.6129032258064515
2024,21802,rural,24,hombre,0,63,0.0
2024,21802,rural,24,mujer,3,39,7.6923076923076925
2024,21802,rural,25,hombre,1,51,1.9607843137254901
2024,21802,rural,25,mujer,1,34,2.9411764705882355
2024,21802,rural,26,hombre,2,44,4.545454545454546
2024,21802,rural,26,mujer,1,41,2.4390243902439024
2024,21802,rural,27,hombre,1,59,1.694915254237288
2024,21802,rural,27,mujer,0,40,0.0
2024,21802,rural,28,hombre,0,54,0.0
2024,21802,rural,28,mujer,1,48,2.0833333333333335
2024,21803,rural,16,hombre,0,11,0.0
2024,21803,rural,16,mujer,0,16,0.0
2024,21803,rural,17,hombre,1,15,6.666666666666667
2024,21803,rural,17,mujer,2,10,20.0
2024,21803,rural,18,hombre,0,17,0.0
2024,21803,rural,18,mujer,0,13,0.0
2024,21803,rural,19,hombre,1,5,20.0
2024,21803,rural,19,mujer,1,12,8.333333333333334
2024,21803,rural,20,hombre,1,20,5.0
2024,21803,rural,20,mujer,0,17,0.0
2024,21803,rural,21,hombre,1,7,14.285714285714286
2024,21803,rural,21,mujer,0,21,0.0
2024,21803,rural,22,hombre,0,21,0.0
2024,21803,rural,22,mujer,0,9,0.0
2024,21803,rural,23,hombre,1,18,5.555555555555555
2024,21803,rural,23,mujer,3,18,16.666666666666668
2024,21803,rural,24,hombre,0,14,0.0
2024,21803,rural,24,mujer,0,14,0.0
2024,21803,rural,25,hombre,1,15,6.666666666666667
2024,21803,rural,25,mujer,0,11,0.0
2024,21803,rural,26,hombre,0,15,0.0
2024,21803,rural,26,mujer,1,16,6.25
2024,21803,rural,27,hombre,1,13,7.6923076923076925
2024,21803,rural,27,mujer,1,20,5.0
2024,21803,rural,28,hombre,1,14,7.142857142857143
2024,21803,rural,28,mujer,0,10,0.0
2024,21901,rural,16,hombre,13,55,23.636363636363637
2024,21901,rural,16,mujer,10,43,23.25581395348837
2024,21901,rural,17,hombre,15,54,27.77777777777778
2024,21901,rural,17,mujer,12,54,22.22222222222222
2024,21901,rural,18,hombre,7,31,22.580645161290324
2024,21901,rural,18,mujer,8,43,18.6046511627907
2024,21901,rural,19,hombre,10,50,20.0
2024,21901,rural,19,mujer,6,41,14.634146341463415
2024,21901,rural,20,hombre,9,48,18.75
2024,21901,rural,20,mujer,8,42,19.047619047619047
2024,21901,rural,21,hombre,3,36,8.333333333333334
2024,21901,rural,21,mujer,9,37,24.324324324324323
2024,21901,rural,22,hombre,10,57,17.54385964912281
2024,21901,rural,22,mujer,3,41,7.317073170731708
2024,21901,rural,23,hombre,7,48,14.583333333333334
2024,21901,rural,23,mujer,11,51,21.568627450980394
2024,21901,rural,24,hombre,7,38,18.42105263157895
2024,21901,rural,24,mujer,7,39,17.94871794871795
2024,21901,rural,25,hombre,5,57,8.771929824561404
2024,21901,rural,25,mujer,6,48,12.5
2024,21901,rural,26,hombre,12,63,19.047619047619047
2024,21901,rural,26,mujer,10,45,22.22222222222222
2024,21901,rural,27,hombre,8,47,17.02127659574468
2024,21901,rural,27,mujer,7,50,14.0
2024,21901,rural,28,hombre,4,45,8.88888888888889
2024,21901,rural,28,mujer,14,61,22.950819672131146
2024,21902,rural,16,hombre,5,48,10.416666666666666
2024,21902,rural,16,mujer,2,31,6.451612903225806
2024,21902,rural,17,hombre,3,39,7.6923076923076925
2024,21902,rural,17,mujer,8,53,15.09433962264151
2024,21902,rural,18,hombre,4,48,8.333333333333334
2024,21902,rural,18,mujer,4,48,8.333333333333334
2024,21902,rural,19,hombre,2,47,4.25531914893617
2024,21902,rural,19,mujer,5,46,10.869565217391305
2024,21902,rural,20,hombre,1,54,1.8518518518518519
2024,21902,rural,20,mujer,1,34,2.9411764705882355
2024,21902,rural,21,hombre,6,39,15.384615384615385
2024,21902,rural,21,mujer,1,37,2.7027027027027026
2024,21902,rural,22,hombre,6,39,15.384615384615385
2024,21902,rural,22,mujer,6,55,10.909090909090908
2024,21902,rural,23,hombre,2,54,3.7037037037037037
2024,21902,rural,23,mujer,6,60,10.0
2024,21902,rural,24,hombre,3,66,4.545454545454546
2024,21902,rural,24,mujer,3,61,4.918032786885246
2024,21902,rural,25,hombre,6,64,9.375
2024,21902,rural,25,mujer,7,64,10.9375
2024,21902,rural,26,hombre,2,56,3.5714285714285716
2024,21902,rural,26,mujer,2,43,4.651162790697675
2024,21902,rural,27,hombre,3,53,5.660377358490566
2024,21902,rural,27,mujer,4,40,10.0
2024,21902,rural,28,hombre,1,50,2.0
2024,21902,rural,28,mujer,0,45,0.0
2024,22001,rural,16,hombre,29,349,8.30945558739255
2024,22001,rural,16,mujer,37,316,11.708860759493671
2024,22001,rural,17,hombre,37,316,11.708860759493671
2024,22001,rural,17,mujer,31,301,10.299003322259136
2024,22001,rural,18,hombre,24,275,8.727272727272727
2024,22001,rural,18,mujer,35,332,10.542168674698795
2024,22001,rural,19,hombre,28,318,8.80503144654088
2024,22001,rural,19,mujer,26,320,8.125
2024,22001,rural,20,hombre,32,344,9.30232558139535
2024,22001,rural,20,mujer,39,358,10.893854748603353
2024,22001,rural,21,hombre,37,374,9.893048128342246
2024,22001,rural,21,mujer,24,321,7.4766355140186915
2024,22001,rural,22,hombre,20,371,5.390835579514825
2024,22001,rural,22,mujer,39,355,10.985915492957746
2024,22001,rural,23,hombre,31,395,7.848101265822785
2024,22001,rural,23,mujer,34,406,8.374384236453203
2024,22001,rural,24,hombre,42,410,10.24390243902439
2024,22001,rural,24,mujer,48,353,13.597733711048159
2024,22001,rural,25,hombre,29,391,7.41687979539642
2024,22001,rural,25,mujer,37,361,10.249307479224377
2024,22001,rural,26,hombre,32,335,9.552238805970148
2024,22001,rural,26,mujer,42,322,13.043478260869565
2024,22001,rural,27,hombre,34,339,10.029498525073747
2024,22001,rural,27,mujer,41,348,11.781609195402298
2024,22001,rural,28,hombre,35,380,9.210526315789474
2024,22001,rural,28,mujer,42,332,12.650602409638553
2024,22001,urbana,16,hombre,123,176,69.88636363636364
2024,22001,urbana,16,mujer,127,196,64.79591836734694
2024,22001,urbana,17,hombre,124,187,66.31016042780749
2024,22001,urbana,17,mujer,139,203,68.47290640394088
2024,22001,urbana,18,hombre,92,144,63.888888888888886
2024,22001,urbana,18,mujer,134,205,65.36585365853658
2024,22001,urbana,19,hombre,110,167,65.86826347305389
2024,22001,urbana,19,mujer,125,197,63.45177664974619
2024,22001,urbana,20,hombre,89,160,55.625
2024,22001,urbana,20,mujer,136,205,66.34146341463415
2024,22001,urbana,21,hombre,122,190,64.21052631578948
2024,22001,urbana,21,mujer,120,199,60.301507537688444
2024,22001,urbana,22,hombre,146,204,71.56862745098039
2024,22001,urbana,22,mujer,114,181,62.98342541436464
2024,22001,urbana,23,hombre,111,188,59.04255319148936
2024,22001,urbana,23,mujer,164,233,70.3862660944206
2024,22001,urbana,24,hombre,148,246,60.16260162601626
2024,22001,urbana,24,mujer,183,251,72.90836653386454
2024,22001,urbana,25,hombre,119,190,62.63157894736842
2024,22001,urbana,25,mujer,133,201,66.16915422885572
2024,22001,urbana,26,hombre,114,175,65.14285714285714
2024,22001,urbana,26,mujer,132,225,58.666666666666664
2024,22001,urbana,27,hombre,117,170,68.82352941176471
2024,22001,urbana,27,mujer,133,196,67.85714285714286
2024,22001,urbana,28,hombre,94,156,60.256410256410255
2024,22001,urbana,28,mujer,146,209,69.85645933014354
2024,22002,rural,16,hombre,17,89,19.10112359550562
2024,22002,rural,16,mujer,21,107,19.626168224299064
2024,22002,rural,17,hombre,9,93,9.67741935483871
2024,22002,rural,17,mujer,14,90,15.555555555555555
2024,22002,rural,18,hombre,8,81,9.876543209876543
2024,22002,rural,18,mujer,10,91,10.989010989010989
2024,22002,rural,19,hombre,11,78,14.102564102564102
2024,22002,rural,19,mujer,12,80,15.0
2024,22002,rural,20,hombre,10,115,8.695652173913043
2024,22002,rural,20,mujer,6,75,8.0
2024,22002,rural,21,hombre,2,98,2.0408163265306123
2024,22002,rural,21,mujer,10,79,12.658227848101266
2024,22002,rural,22,hombre,7,89,7.865168539325842
2024,22002,rural,22,mujer,10,88,11.363636363636363
2024,22002,rural,23,hombre,14,116,12.068965517241379
2024,22002,rural,23,mujer,10,76,13.157894736842104
2024,22002,rural,24,hombre,7,87,8.045977011494253
2024,22002,rural,24,mujer,8,89,8.98876404494382
2024,22002,rural,25,hombre,12,99,12.121212121212121
2024,22002,rural,25,mujer,14,100,14.0
2024,22002,rural,26,hombre,10,101,9.900990099009901
2024,22002,rural,26,mujer,8,74,10.81081081081081
2024,22002,rural,27,hombre,7,97,7.216494845360825
2024,22002,rural,27,mujer,10,88,11.363636363636363
2024,22002,rural,28,hombre,11,82,13.414634146341463
2024,22002,rural,28,mujer,10,76,13.157894736842104
2024,30101,rural,16,mujer,0,1,0.0
2024,30101,rural,17,hombre,0,1,0.0
2024,30101,rural,19,hombre,0,1,0.0
2024,30101,rural,21,hombre,0,2,0.0
2024,30101,rural,24,hombre,0,1,0.0
2024,30101,rural,26,mujer,0,1,0.0
2024,30101,urbana,16,hombre,4252,5739,74.08956264157518
2024,30101,urbana,16,mujer,4158,5644,73.67115520907159
2024,30101,urbana,17,hombre,4249,5655,75.13704686118479
2024,30101,urbana,17,mujer,4474,5945,75.2565180824222
2024,30101,urbana,18,hombre,4224,5458,77.39098570905094
2024,30101,urbana,18,mujer,4374,5927,73.79787413531298
2024,30101,urbana,19,hombre,4356,5563,78.30307388099946
2024,30101,urbana,19,mujer,4605,6106,75.41762201113659
2024,30101,urbana,20,hombre,4329,5601,77.289769683985
2024,30101,urbana,20,mujer,4662,6070,76.80395387149917
2024,30101,urbana,21,hombre,4349,5730,75.89877835951134
2024,30101,urbana,21,mujer,4581,6085,75.2834839769926
2024,30101,urbana,22,hombre,4468,5854,76.32388110693543
2024,30101,urbana,22,mujer,4761,6255,76.11510791366906
2024,30101,urbana,23,hombre,4873,6346,76.7885282067444
2024,30101,urbana,23,mujer,5007,6600,75.86363636363636
2024,30101,urbana,24,hombre,4775,6259,76.29014219523886
2024,30101,urbana,24,mujer,5149,6701,76.83927771974332
2024,30101,urbana,25,hombre,4520,5818,77.68992781024407
2024,30101,urbana,25,mujer,4777,6167,77.46067780119994
2024,30101,urbana,26,hombre,4371,5577,78.37547068316299
2024,30101,urbana,26,mujer,4607,6028,76.42667551426676
2024,30101,urbana,27,hombre,4345,5525,78.64253393665159
2024,30101,urbana,27,mujer,4616,6064,76.12137203166228
2024,30101,urbana,28,hombre,4225,5436,77.72259013980869
2024,30101,urbana,28,mujer,4606,5966,77.20415688903788
2024,30201,rural,16,hombre,8,128,6.25
2024,30201,rural,16,mujer,10,128,7.8125
2024,30201,rural,17,hombre,10,151,6.622516556291391
2024,30201,rural,17,mujer,12,132,9.090909090909092
2024,30201,rural,18,hombre,8,106,7.547169811320755
2024,30201,rural,18,mujer,11,124,8.870967741935484
2024,30201,rural,19,hombre,12,127,9.448818897637794
2024,30201,rural,19,mujer,14,115,12.173913043478262
2024,30201,rural,20,hombre,10,100,10.0
2024,30201,rural,20,mujer,9,97,9.278350515463918
2024,30201,rural,21,hombre,15,115,13.043478260869565
2024,30201,rural,21,mujer,6,99,6.0606060606060606
2024,30201,rural,22,hombre,10,93,10.75268817204301
2024,30201,rural,22,mujer,11,87,12.64367816091954
2024,30201,rural,23,hombre,10,109,9.174311926605505
2024,30201,rural,23,mujer,6,99,6.0606060606060606
2024,30201,rural,24,hombre,14,122,11.475409836065573
2024,30201,rural,24,mujer,22,120,18.333333333333332
2024,30201,rural,25,hombre,9,103,8.737864077669903
2024,30201,rural,25,mujer,11,92,11.956521739130435
2024,30201,rural,26,hombre,6,81,7.407407407407407
2024,30201,rural,26,mujer,3,73,4.109589041095891
2024,30201,rural,27,hombre,9,83,10.843373493975903
2024,30201,rural,27,mujer,8,82,9.75609756097561
2024,30201,rural,28,hombre,12,92,13.043478260869565
2024,30201,rural,28,mujer,15,90,16.666666666666668
2024,30201,urbana,16,hombre,84,96,87.5
2024,30201,urbana,16,mujer,78,91,85.71428571428571
2024,30201,urbana,17,hombre,68,78,87.17948717948718
2024,30201,urbana,17,mujer,87,97,89.69072164948453
2024,30201,urbana,18,hombre,64,74,86.48648648648648
2024,30201,urbana,18,mujer,79,89,88.76404494382022
2024,30201,urbana,19,hombre,53,65,81.53846153846153
2024,30201,urbana,19,mujer,58,69,84.05797101449275
2024,30201,urbana,20,hombre,59,64,92.1875
2024,30201,urbana,20,mujer,59,68,86.76470588235294
2024,30201,urbana,21,hombre,53,61,86.88524590163935
2024,30201,urbana,21,mujer,71,78,91.02564102564102
2024,30201,urbana,22,hombre,53,61,86.88524590163935
2024,30201,urbana,22,mujer,72,83,86.74698795180723
2024,30201,urbana,23,hombre,52,59,88.13559322033899
2024,30201,urbana,23,mujer,73,84,86.9047619047619
2024,30201,urbana,24,hombre,66,76,86.84210526315789
2024,30201,urbana,24,mujer,63,75,84.0
2024,30201,urbana,25,hombre,49,54,90.74074074074075
2024,30201,urbana,25,mujer,74,84,88.0952380952381
2024,30201,urbana,26,hombre,55,63,87.3015873015873
2024,30201,urbana,26,mujer,57,64,89.0625
2024,30201,urbana,27,hombre,52,56,92.85714285714286
2024,30201,urbana,27,mujer,68,77,88.31168831168831
2024,30201,urbana,28,hombre,44,50,88.0
2024,30201,urbana,28,mujer,60,69,86.95652173913044
2024,30202,rural,16,hombre,1,29,3.4482758620689653
2024,30202,rural,16,mujer,3,26,11.538461538461538
2024,30202,rural,17,hombre,0,26,0.0
2024,30202,rural,17,mujer,1,20,5.0
2024,30202,rural,18,hombre,2,34,5.882352941176471
2024,30202,rural,18,mujer,2,25,8.0
2024,30202,rural,19,hombre,1,15,6.666666666666667
2024,30202,rural,19,mujer,2,25,8.0
2024,30202,rural,20,hombre,3,38,7.894736842105263
2024,30202,rural,20,mujer,1,21,4.761904761904762
2024,30202,rural,21,hombre,1,32,3.125
2024,30202,rural,21,mujer,3,23,13.043478260869565
2024,30202,rural,22,hombre,3,32,9.375
2024,30202,rural,22,mujer,1,25,4.0
2024,30202,rural,23,hombre,2,32,6.25
2024,30202,rural,23,mujer,0,30,0.0
2024,30202,rural,24,hombre,0,31,0.0
2024,30202,rural,24,mujer,2,32,6.25
2024,30202,rural,25,hombre,3,41,7.317073170731708
2024,30202,rural,25,mujer,2,21,9.523809523809524
2024,30202,rural,26,hombre,1,24,4.166666666666667
2024,30202,rural,26,mujer,1,20,5.0
2024,30202,rural,27,hombre,1,29,3.4482758620689653
2024,30202,rural,27,mujer,1,31,3.225806451612903
2024,30202,rural,28,hombre,1,47,2.127659574468085
2024,30202,rural,28,mujer,2,27,7.407407407407407
2024,30202,urbana,16,hombre,14,19,73.6842105263158
2024,30202,urbana,16,mujer,11,14,78.57142857142857
2024,30202,urbana,17,hombre,27,32,84.375
2024,30202,urbana,17,mujer,13,16,81.25
2024,30202,urbana,18,hombre,15,17,88.23529411764706
2024,30202,urbana,18,mujer,19,24,79.16666666666667
2024,30202,urbana,19,hombre,17,22,77.27272727272727
2024,30202,urbana,19,mujer,21,25,84.0
2024,30202,urbana,20,hombre,19,24,79.16666666666667
2024,30202,urbana,20,mujer,11,12,91.66666666666667
2024,30202,urbana,21,hombre,29,32,90.625
2024,30202,urbana,21,mujer,12,19,63.1578947368421
2024,30202,urbana,22,hombre,17,21,80.95238095238095
2024,30202,urbana,22,mujer,15,18,83.33333333333333
2024,30202,urbana,23,hombre,26,29,89.65517241379311
2024,30202,urbana,23,mujer,25,29,86.20689655172414
2024,30202,urbana,24,hombre,28,37,75.67567567567568
2024,30202,urbana,24,mujer,19,23,82.6086956521739
2024,30202,urbana,25,hombre,17,20,85.0
2024,30202,urbana,25,mujer,10,17,58.8235294117647
2024,30202,urbana,26,hombre,25,28,89.28571428571429
2024,30202,urbana,26,mujer,16,23,69.56521739130434
2024,30202,urbana,27,hombre,24,27,88.88888888888889
2024,30202,urbana,27,mujer,15,19,78.94736842105263
2024,30202,urbana,28,hombre,12,16,75.0
2024,30202,urbana,28,mujer,21,27,77.77777777777777
2024,30203,rural,16,hombre,10,62,16.129032258064516
2024,30203,rural,16,mujer,10,65,15.384615384615385
2024,30203,rural,17,hombre,12,49,24.489795918367346
2024,30203,rural,17,mujer,9,55,16.363636363636363
2024,30203,rural,18,hombre,6,48,12.5
2024,30203,rural,18,mujer,10,50,20.0
2024,30203,rural,19,hombre,12,61,19.672131147540984
2024,30203,rural,19,mujer,6,66,9.090909090909092
2024,30203,rural,20,hombre,8,49,16.3265306122449
2024,30203,rural,20,mujer,12,51,23.529411764705884
2024,30203,rural,21,hombre,8,57,14.035087719298245
2024,30203,rural,21,mujer,8,57,14.035087719298245
2024,30203,rural,22,hombre,16,66,24.242424242424242
2024,30203,rural,22,mujer,10,54,18.51851851851852
2024,30203,rural,23,hombre,11,68,16.176470588235293
2024,30203,rural,23,mujer,10,64,15.625
2024,30203,rural,24,hombre,12,75,16.0
2024,30203,rural,24,mujer,12,63,19.047619047619047
2024,30203,rural,25,hombre,14,55,25.454545454545453
2024,30203,rural,25,mujer,17,69,24.63768115942029
2024,30203,rural,26,hombre,16,68,23.529411764705884
2024,30203,rural,26,mujer,7,69,10.144927536231885
2024,30203,rural,27,hombre,11,58,18.96551724137931
2024,30203,rural,27,mujer,9,43,20.930232558139537
2024,30203,rural,28,hombre,10,54,18.51851851851852
2024,30203,rural,28,mujer,13,51,25.49019607843137
2024,30301,rural,16,hombre,38,223,17.04035874439462
2024,30301,rural,16,mujer,32,200,16.0
2024,30301,rural,17,hombre,32,188,17.02127659574468
2024,30301,rural,17,mujer,37,190,19.473684210526315
2024,30301,rural,18,hombre,22,152,14.473684210526315
2024,30301,rural,18,mujer,14,157,8.9171974522293
2024,30301,rural,19,hombre,14,140,10.0
2024,30301,rural,19,mujer,26,133,19.548872180451127
2024,30301,rural,20,hombre,22,171,12.865497076023392
2024,30301,rural,20,mujer,20,138,14.492753623188406
2024,30301,rural,21,hombre,21,166,12.650602409638553
2024,30301,rural,21,mujer,18,123,14.634146341463415
2024,30301,rural,22,hombre,18,160,11.25
2024,30301,rural,22,mujer,11,120,9.166666666666666
2024,30301,rural,23,hombre,20,162,12.345679012345679
2024,30301,rural,23,mujer,11,137,8.02919708029197
2024,30301,rural,24,hombre,19,168,11.30952380952381
2024,30301,rural,24,mujer,18,133,13.533834586466165
2024,30301,rural,25,hombre,20,188,10.638297872340425
2024,30301,rural,25,mujer,13,118,11.016949152542374
2024,30301,rural,26,hombre,14,161,8.695652173913043
2024,30301,rural,26,mujer,15,149,10.06711409395973
2024,30301,rural,27,hombre,16,142,11.267605633802816
2024,30301,rural,27,mujer,17,129,13.178294573643411
2024,30301,rural,28,hombre,7,140,5.0
2024,30301,rural,28,mujer,18,122,14.754098360655737
2024,30302,rural,16,hombre,19,135,14.074074074074074
2024,30302,rural,16,mujer,17,133,12.781954887218046
2024,30302,rural,17,hombre,13,106,12.264150943396226
2024,30302,rural,17,mujer,10,142,7.042253521126761
2024,30302,rural,18,hombre,5,87,5.747126436781609
2024,30302,rural,18,mujer,7,101,6.930693069306931
2024,30302,rural,19,hombre,15,93,16.129032258064516
2024,30302,rural,19,mujer,11,114,9.649122807017545
2024,30302,rural,20,hombre,13,105,12.380952380952381
2024,30302,rural,20,mujer,13,107,12.149532710280374
2024,30302,rural,21,hombre,10,137,7.299270072992701
2024,30302,rural,21,mujer,11,94,11.702127659574469
2024,30302,rural,22,hombre,10,127,7.874015748031496
2024,30302,rural,22,mujer,4,95,4.2105263157894735
2024,30302,rural,23,hombre,11,127,8.661417322834646
2024,30302,rural,23,mujer,17,121,14.049586776859504
2024,30302,rural,24,hombre,10,117,8.547008547008547
2024,30302,rural,24,mujer,10,112,8.928571428571429
2024,30302,rural,25,hombre,17,129,13.178294573643411
2024,30302,rural,25,mujer,15,98,15.306122448979592
2024,30302,rural,26,hombre,7,104,6.730769230769231
2024,30302,rural,26,mujer,15,103,14.563106796116505
2024,30302,rural,27,hombre,11,98,11.224489795918368
2024,30302,rural,27,mujer,7,93,7.526881720430108
2024,30302,rural,28,hombre,9,109,8.256880733944953
2024,30302,rural,28,mujer,13,82,15.853658536585366
2024,30303,rural,16,hombre,11,215,5.116279069767442
2024,30303,rural,16,mujer,9,178,5.056179775280899
2024,30303,rural,17,hombre,18,206,8.737864077669903
2024,30303,rural,17,mujer,10,172,5.813953488372093
2024,30303,rural,18,hombre,9,173,5.202312138728324
2024,30303,rural,18,mujer,11,168,6.5476190476190474
2024,30303,rural,19,hombre,13,175,7.428571428571429
2024,30303,rural,19,mujer,9,152,5.921052631578948
2024,30303,rural,20,hombre,10,172,5.813953488372093
2024,30303,rural,20,mujer,13,169,7.6923076923076925
2024,30303,rural,21,hombre,11,194,5.670103092783505
2024,30303,rural,21,mujer,4,144,2.7777777777777777
2024,30303,rural,22,hombre,12,205,5.853658536585366
2024,30303,rural,22,mujer,9,175,5.142857142857143
2024,30303,rural,23,hombre,8,245,3.2653061224489797
2024,30303,rural,23,mujer,5,149,3.3557046979865772
2024,30303,rural,24,hombre,7,225,3.111111111111111
2024,30303,rural,24,mujer,8,169,4.733727810650888
2024,30303,rural,25,hombre,7,166,4.216867469879518
2024,30303,rural,25,mujer,3,124,2.4193548387096775
2024,30303,rural,26,hombre,10,185,5.405405405405405
2024,30303,rural,26,mujer,7,139,5.0359712230215825
2024,30303,rural,27,hombre,5,179,2.793296089385475
2024,30303,rural,27,mujer,11,142,7.746478873239437
2024,30303,rural,28,hombre,4,146,2.73972602739726
2024,30303,rural,28,mujer,7,120,5.833333333333333
2024,30401,rural,16,hombre,6,59,10.169491525423728
2024,30401,rural,16,mujer,12,45,26.666666666666668
2024,30401,rural,17,hombre,13,57,22.80701754385965
2024,30401,rural,17,mujer,7,55,12.727272727272727
2024,30401,rural,18,hombre,14,64,21.875
2024,30401,rural,18,mujer,11,61,18.0327868852459
2024,30401,rural,19,hombre,8,47,17.02127659574468
2024,30401,rural,19,mujer,12,49,24.489795918367346
2024,30401,rural,20,hombre,9,71,12.67605633802817
2024,30401,rural,20,mujer,12,59,20.338983050847457
2024,30401,rural,21,hombre,18,58,31.03448275862069
2024,30401,rural,21,mujer,7,71,9.859154929577464
2024,30401,rural,22,hombre,8,50,16.0
2024,30401,rural,22,mujer,9,54,16.666666666666668
2024,30401,rural,23,hombre,4,53,7.547169811320755
2024,30401,rural,23,mujer,11,62,17.741935483870968
2024,30401,rural,24,hombre,12,74,16.216216216216218
2024,30401,rural,24,mujer,20,72,27.77777777777778
2024,30401,rural,25,hombre,12,51,23.529411764705884
2024,30401,rural,25,mujer,7,57,12.280701754385966
2024,30401,rural,26,hombre,10,47,21.27659574468085
2024,30401,rural,26,mujer,11,54,20.37037037037037
2024,30401,rural,27,hombre,12,58,20.689655172413794
2024,30401,rural,27,mujer,10,36,27.77777777777778
2024,30401,rural,28,hombre,9,40,22.5
2024,30401,rural,28,mujer,12,49,24.489795918367346
2024,30401,urbana,16,hombre,19,23,82.6086956521739
2024,30401,urbana,16,mujer,26,33,78.78787878787878
2024,30401,urbana,17,hombre,33,39,84.61538461538461
2024,30401,urbana,17,mujer,34,44,77.27272727272727
2024,30401,urbana,18,hombre,21,26,80.76923076923077
2024,30401,urbana,18,mujer,28,36,77.77777777777777
2024,30401,urbana,19,hombre,25,31,80.64516129032258
2024,30401,urbana,19,mujer,35,45,77.77777777777777
2024,30401,urbana,20,hombre,29,41,70.73170731707317
2024,30401,urbana,20,mujer,43,51,84.31372549019608
2024,30401,urbana,21,hombre,20,25,80.0
2024,30401,urbana,21,mujer,25,30,83.33333333333333
2024,30401,urbana,22,hombre,35,43,81.3953488372093
2024,30401,urbana,22,mujer,31,34,91.17647058823529
2024,30401,urbana,23,hombre,39,44,88.63636363636364
2024,30401,urbana,23,mujer,33,41,80.48780487804878
2024,30401,urbana,24,hombre,23,30,76.66666666666667
2024,30401,urbana,24,mujer,31,37,83.78378378378379
2024,30401,urbana,25,hombre,25,28,89.28571428571429
2024,30401,urbana,25,mujer,38,41,92.6829268292683
2024,30401,urbana,26,hombre,33,36,91.66666666666667
2024,30401,urbana,26,mujer,43,45,95.55555555555556
2024,30401,urbana,27,hombre,19,22,86.36363636363636
2024,30401,urbana,27,mujer,28,33,84.84848484848484
2024,30401,urbana,28,hombre,28,32,87.5
2024,30401,urbana,28,mujer,22,26,84.61538461538461
2024,30402,rural,16,hombre,12,55,21.818181818181817
2024,30402,rural,16,mujer,14,75,18.666666666666668
2024,30402,rural,17,hombre,8,69,11.594202898550725
2024,30402,rural,17,mujer,13,65,20.0
2024,30402,rural,18,hombre,7,49,14.285714285714286
2024,30402,rural,18,mujer,6,49,12.244897959183673
2024,30402,rural,19,hombre,8,50,16.0
2024,30402,rural,19,mujer,11,48,22.916666666666668
2024,30402,rural,20,hombre,11,50,22.0
2024,30402,rural,20,mujer,11,49,22.448979591836736
2024,30402,rural,21,hombre,7,44,15.909090909090908
2024,30402,rural,21,mujer,8,42,19.047619047619047
2024,30402,rural,22,hombre,11,41,26.829268292682926
2024,30402,rural,22,mujer,8,55,14.545454545454545
2024,30402,rural,23,hombre,10,45,22.22222222222222
2024,30402,rural,23,mujer,12,49,24.489795918367346
2024,30402,rural,24,hombre,7,45,15.555555555555555
2024,30402,rural,24,mujer,8,43,18.6046511627907
2024,30402,rural,25,hombre,11,53,20.754716981132077
2024,30402,rural,25,mujer,6,40,15.0
2024,30402,rural,26,hombre,12,55,21.818181818181817
2024,30402,rural,26,mujer,7,44,15.909090909090908
2024,30402,rural,27,hombre,5,44,11.363636363636363
2024,30402,rural,27,mujer,5,39,12.820512820512821
2024,30402,rural,28,hombre,3,37,8.108108108108109
2024,30402,rural,28,mujer,7,37,18.91891891891892
2024,30403,rural,16,hombre,17,70,24.285714285714285
2024,30403,rural,16,mujer,23,48,47.916666666666664
2024,30403,rural,17,hombre,25,80,31.25
2024,30403,rural,17,mujer,11,74,14.864864864864865
2024,30403,rural,18,hombre,20,60,33.333333333333336
2024,30403,rural,18,mujer,18,60,30.0
2024,30403,rural,19,hombre,25,69,36.231884057971016
2024,30403,rural,19,mujer,14,50,28.0
2024,30403,rural,20,hombre,20,64,31.25
2024,30403,rural,20,mujer,13,60,21.666666666666668
2024,30403,rural,21,hombre,19,72,26.38888888888889
2024,30403,rural,21,mujer,16,66,24.242424242424242
2024,30403,rural,22,hombre,19,73,26.027397260273972
2024,30403,rural,22,mujer,31,65,47.69230769230769
2024,30403,rural,23,hombre,16,65,24.615384615384617
2024,30403,rural,23,mujer,19,70,27.142857142857142
2024,30403,rural,24,hombre,22,67,32.83582089552239
2024,30403,rural,24,mujer,18,81,22.22222222222222
2024,30403,rural,25,hombre,24,70,34.285714285714285
2024,30403,rural,25,mujer,18,67,26.865671641791046
2024,30403,rural,26,hombre,17,59,28.8135593220339
2024,30403,rural,26,mujer,23,61,37.704918032786885
2024,30403,rural,27,hombre,13,54,24.074074074074073
2024,30403,rural,27,mujer,22,88,25.0
2024,30403,rural,28,hombre,26,70,37.142857142857146
2024,30403,rural,28,mujer,12,68,17.647058823529413
2024,30403,urbana,16,hombre,34,179,18.99441340782123
2024,30403,urbana,16,mujer,49,193,25.38860103626943
2024,30403,urbana,17,hombre,36,165,21.818181818181817
2024,30403,urbana,17,mujer,35,187,18.71657754010695
2024,30403,urbana,18,hombre,44,177,24.858757062146893
2024,30403,urbana,18,mujer,44,201,21.890547263681594
2024,30403,urbana,19,hombre,29,171,16.95906432748538
2024,30403,urbana,19,mujer,48,205,23.414634146341463
2024,30403,urbana,20,hombre,23,171,13.450292397660819
2024,30403,urbana,20,mujer,30,189,15.873015873015873
2024,30403,urbana,21,hombre,31,183,16.939890710382514
2024,30403,urbana,21,mujer,37,209,17.70334928229665
2024,30403,urbana,22,hombre,27,179,15.083798882681565
2024,30403,urbana,22,mujer,34,201,16.915422885572138
2024,30403,urbana,23,hombre,42,218,19.26605504587156
2024,30403,urbana,23,mujer,19,177,10.734463276836157
2024,30403,urbana,24,hombre,32,233,13.733905579399142
2024,30403,urbana,24,mujer,34,241,14.107883817427386
2024,30403,urbana,25,hombre,30,189,15.873015873015873
2024,30403,urbana,25,mujer,29,214,13.551401869158878
2024,30403,urbana,26,hombre,31,163,19.01840490797546
2024,30403,urbana,26,mujer,36,204,17.647058823529413
2024,30403,urbana,27,hombre,27,200,13.5
2024,30403,urbana,27,mujer,33,212,15.566037735849056
2024,30403,urbana,28,hombre,28,189,14.814814814814815
2024,30403,urbana,28,mujer,23,180,12.777777777777779
2024,30404,rural,16,hombre,13,55,23.636363636363637
2024,30404,rural,16,mujer,9,47,19.148936170212767
2024,30404,rural,17,hombre,11,46,23.91304347826087
2024,30404,rural,17,mujer,16,40,40.0
2024,30404,rural,18,hombre,11,53,20.754716981132077
2024,30404,rural,18,mujer,9,46,19.565217391304348
2024,30404,rural,19,hombre,8,34,23.529411764705884
2024,30404,rural,19,mujer,7,33,21.21212121212121
2024,30404,rural,20,hombre,9,40,22.5
2024,30404,rural,20,mujer,9,29,31.03448275862069
2024,30404,rural,21,hombre,9,35,25.714285714285715
2024,30404,rural,21,mujer,8,35,22.857142857142858
2024,30404,rural,22,hombre,8,45,17.77777777777778
2024,30404,rural,22,mujer,3,34,8.823529411764707
2024,30404,rural,23,hombre,10,54,18.51851851851852
2024,30404,rural,23,mujer,11,41,26.829268292682926
2024,30404,rural,24,hombre,9,40,22.5
2024,30404,rural,24,mujer,14,46,30.434782608695652
2024,30404,rural,25,hombre,9,33,27.272727272727273
2024,30404,rural,25,mujer,7,37,18.91891891891892
2024,30404,rural,26,hombre,8,42,19.047619047619047
2024,30404,rural,26,mujer,9,43,20.930232558139537
2024,30404,rural,27,hombre,7,26,26.923076923076923
2024,30404,rural,27,mujer,7,40,17.5
2024,30404,rural,28,hombre,8,40,20.0
2024,30404,rural,28,mujer,7,29,24.137931034482758
2024,30501,rural,16,hombre,9,51,17.647058823529413
2024,30501,rural,16,mujer,8,56,14.285714285714286
2024,30501,rural,17,hombre,9,46,19.565217391304348
2024,30501,rural,17,mujer,7,40,17.5
2024,30501,rural,18,hombre,10,37,27.027027027027028
2024,30501,rural,18,mujer,9,48,18.75
2024,30501,rural,19,hombre,13,53,24.528301886792452
2024,30501,rural,19,mujer,10,44,22.727272727272727
2024,30501,rural,20,hombre,8,48,16.666666666666668
2024,30501,rural,20,mujer,14,60,23.333333333333332
2024,30501,rural,21,hombre,10,42,23.80952380952381
2024,30501,rural,21,mujer,6,49,12.244897959183673
2024,30501,rural,22,hombre,11,40,27.5
2024,30501,rural,22,mujer,17,49,34.69387755102041
2024,30501,rural,23,hombre,10,54,18.51851851851852
2024,30501,rural,23,mujer,9,51,17.647058823529413
2024,30501,rural,24,hombre,12,50,24.0
2024,30501,rural,24,mujer,8,45,17.77777777777778
2024,30501,rural,25,hombre,8,36,22.22222222222222
2024,30501,rural,25,mujer,16,59,27.11864406779661
2024,30501,rural,26,hombre,5,47,10.638297872340425
2024,30501,rural,26,mujer,10,50,20.0
2024,30501,rural,27,hombre,10,39,25.641025641025642
2024,30501,rural,27,mujer,9,47,19.148936170212767
2024,30501,rural,28,hombre,6,53,11.320754716981131
2024,30501,rural,28,mujer,6,48,12.5
2024,30501,urbana,16,hombre,28,36,77.77777777777777
2024,30501,urbana,16,mujer,27,36,75.0
2024,30501,urbana,17,hombre,38,46,82.6086956521739
2024,30501,urbana,17,mujer,26,31,83.87096774193549
2024,30501,urbana,18,hombre,35,45,77.77777777777777
2024,30501,urbana,18,mujer,37,44,84.0909090909091
2024,30501,urbana,19,hombre,32,37,86.48648648648648
2024,30501,urbana,19,mujer,32,38,84.21052631578948
2024,30501,urbana,20,hombre,37,43,86.04651162790698
2024,30501,urbana,20,mujer,37,45,82.22222222222223
2024,30501,urbana,21,hombre,40,44,90.9090909090909
2024,30501,urbana,21,mujer,34,39,87.17948717948718
2024,30501,urbana,22,hombre,30,42,71.42857142857143
2024,30501,urbana,22,mujer,30,38,78.94736842105263
2024,30501,urbana,23,hombre,34,40,85.0
2024,30501,urbana,23,mujer,40,46,86.95652173913044
2024,30501,urbana,24,hombre,34,41,82.92682926829268
2024,30501,urbana,24,mujer,32,43,74.4186046511628
2024,30501,urbana,25,hombre,28,32,87.5
2024,30501,urbana,25,mujer,19,22,86.36363636363636
2024,30501,urbana,26,hombre,37,41,90.2439024390244
2024,30501,urbana,26,mujer,34,44,77.27272727272727
2024,30501,urbana,27,hombre,27,33,81.81818181818181
2024,30501,urbana,27,mujer,23,29,79.3103448275862
2024,30501,urbana,28,hombre,24,32,75.0
2024,30501,urbana,28,mujer,23,27,85.18518518518519
2024,30502,rural,16,hombre,13,73,17.80821917808219
2024,30502,rural,16,mujer,11,73,15.068493150684931
2024,30502,rural,17,hombre,8,65,12.307692307692308
2024,30502,rural,17,mujer,16,63,25.396825396825395
2024,30502,rural,18,hombre,10,56,17.857142857142858
2024,30502,rural,18,mujer,8,57,14.035087719298245
2024,30502,rural,19,hombre,8,59,13.559322033898304
2024,30502,rural,19,mujer,10,61,16.39344262295082
2024,30502,rural,20,hombre,15,50,30.0
2024,30502,rural,20,mujer,12,70,17.142857142857142
2024,30502,rural,21,hombre,13,54,24.074074074074073
2024,30502,rural,21,mujer,9,50,18.0
2024,30502,rural,22,hombre,12,66,18.181818181818183
2024,30502,rural,22,mujer,10,56,17.857142857142858
2024,30502,rural,23,hombre,12,61,19.672131147540984
2024,30502,rural,23,mujer,14,66,21.21212121212121
2024,30502,rural,24,hombre,11,59,18.64406779661017
2024,30502,rural,24,mujer,10,67,14.925373134328359
2024,30502,rural,25,hombre,9,44,20.454545454545453
2024,30502,rural,25,mujer,14,60,23.333333333333332
2024,30502,rural,26,hombre,7,45,15.555555555555555
2024,30502,rural,26,mujer,6,33,18.181818181818183
2024,30502,rural,27,hombre,13,51,25.49019607843137
2024,30502,rural,27,mujer,11,55,20.0
2024,30502,rural,28,hombre,14,51,27.45098039215686
2024,30502,rural,28,mujer,14,49,28.571428571428573
2024,30601,rural,16,hombre,13,106,12.264150943396226
2024,30601,rural,16,mujer,5,89,5.617977528089888
2024,30601,rural,17,hombre,11,94,11.702127659574469
2024,30601,rural,17,mujer,6,88,6.818181818181818
2024,30601,rural,18,hombre,6,90,6.666666666666667
2024,30601,rural,18,mujer,9,99,9.090909090909092
2024,30601,rural,19,hombre,3,83,3.6144578313253013
2024,30601,rural,19,mujer,5,93,5.376344086021505
2024,30601,rural,20,hombre,4,88,4.545454545454546
2024,30601,rural,20,mujer,5,97,5.154639175257732
2024,30601,rural,21,hombre,6,86,6.976744186046512
2024,30601,rural,21,mujer,7,83,8.433734939759036
2024,30601,rural,22,hombre,7,83,8.433734939759036
2024,30601,rural,22,mujer,5,80,6.25
2024,30601,rural,23,hombre,7,116,6.0344827586206895
2024,30601,rural,23,mujer,4,83,4.819277108433735
2024,30601,rural,24,hombre,13,108,12.037037037037036
2024,30601,rural,24,mujer,6,109,5.504587155963303
2024,30601,rural,25,hombre,7,82,8.536585365853659
2024,30601,rural,25,mujer,5,78,6.410256410256411
2024,30601,rural,26,hombre,5,82,6.097560975609756
2024,30601,rural,26,mujer,3,62,4.838709677419355
2024,30601,rural,27,hombre,5,82,6.097560975609756
2024,30601,rural,27,mujer,7,60,11.666666666666666
2024,30601,rural,28,hombre,4,66,6.0606060606060606
2024,30601,rural,28,mujer,1,58,1.7241379310344827
2024,30602,rural,16,hombre,20,109,18.34862385321101
2024,30602,rural,16,mujer,16,96,16.666666666666668
2024,30602,rural,17,hombre,15,96,15.625
2024,30602,rural,17,mujer,3,68,4.411764705882353
2024,30602,rural,18,hombre,8,90,8.88888888888889
2024,30602,rural,18,mujer,9,85,10.588235294117647
2024,30602,rural,19,hombre,5,80,6.25
2024,30602,rural,19,mujer,9,84,10.714285714285714
2024,30602,rural,20,hombre,13,104,12.5
2024,30602,rural,20,mujer,10,77,12.987012987012987
2024,30602,rural,21,hombre,5,92,5.434782608695652
2024,30602,rural,21,mujer,10,90,11.11111111111111
2024,30602,rural,22,hombre,4,85,4.705882352941177
2024,30602,rural,22,mujer,11,80,13.75
2024,30602,rural,23,hombre,7,127,5.511811023622047
2024,30602,rural,23,mujer,11,79,13.924050632911392
2024,30602,rural,24,hombre,13,99,13.131313131313131
2024,30602,rural,24,mujer,12,83,14.457831325301205
2024,30602,rural,25,hombre,14,99,14.141414141414142
2024,30602,rural,25,mujer,6,58,10.344827586206897
2024,30602,rural,26,hombre,5,78,6.410256410256411
2024,30602,rural,26,mujer,5,71,7.042253521126761
2024,30602,rural,27,hombre,13,75,17.333333333333332
2024,30602,rural,27,mujer,7,72,9.722222222222221
2024,30602,rural,28,hombre,9,99,9.090909090909092
2024,30602,rural,28,mujer,6,60,10.0
2024,30701,rural,16,hombre,12,91,13.186813186813186
2024,30701,rural,16,mujer,21,104,20.192307692307693
2024,30701,rural,17,hombre,14,100,14.0
2024,30701,rural,17,mujer,22,95,23.157894736842106
2024,30701,rural,18,hombre,11,70,15.714285714285714
2024,30701,rural,18,mujer,13,83,15.662650602409638
2024,30701,rural,19,hombre,15,71,21.12676056338028
2024,30701,rural,19,mujer,16,92,17.391304347826086
2024,30701,rural,20,hombre,15,79,18.9873417721519
2024,30701,rural,20,mujer,14,64,21.875
2024,30701,rural,21,hombre,11,74,14.864864864864865
2024,30701,rural,21,mujer,12,81,14.814814814814815
2024,30701,rural,22,hombre,15,82,18.29268292682927
2024,30701,rural,22,mujer,7,68,10.294117647058824
2024,30701,rural,23,hombre,12,82,14.634146341463415
2024,30701,rural,23,mujer,10,98,10.204081632653061
2024,30701,rural,24,hombre,8,87,9.195402298850574
2024,30701,rural,24,mujer,10,91,10.989010989010989
2024,30701,rural,25,hombre,12,96,12.5
2024,30701,rural,25,mujer,14,95,14.736842105263158
2024,30701,rural,26,hombre,19,68,27.941176470588236
2024,30701,rural,26,mujer,17,89,19.10112359550562
2024,30701,rural,27,hombre,16,79,20.253164556962027
2024,30701,rural,27,mujer,15,89,16.853932584269664
2024,30701,rural,28,hombre,9,61,14.754098360655737
2024,30701,rural,28,mujer,13,70,18.571428571428573
2024,30701,urbana,16,hombre,79,110,71.81818181818181
2024,30701,urbana,16,mujer,67,95,70.52631578947368
2024,30701,urbana,17,hombre,67,87,77.01149425287356
2024,30701,urbana,17,mujer,73,102,71.56862745098039
2024,30701,urbana,18,hombre,60,71,84.50704225352112
2024,30701,urbana,18,mujer,63,85,74.11764705882354
2024,30701,urbana,19,hombre,47,66,71.21212121212122
2024,30701,urbana,19,mujer,68,87,78.16091954022988
2024,30701,urbana,20,hombre,51,69,73.91304347826087
2024,30701,urbana,20,mujer,57,76,75.0
2024,30701,urbana,21,hombre,48,63,76.19047619047619
2024,30701,urbana,21,mujer,38,65,58.46153846153846
2024,30701,urbana,22,hombre,48,67,71.64179104477611
2024,30701,urbana,22,mujer,49,69,71.01449275362319
2024,30701,urbana,23,hombre,45,63,71.42857142857143
2024,30701,urbana,23,mujer,60,86,69.76744186046511
2024,30701,urbana,24,hombre,57,68,83.82352941176471
2024,30701,urbana,24,mujer,55,77,71.42857142857143
2024,30701,urbana,25,hombre,51,67,76.11940298507463
2024,30701,urbana,25,mujer,46,65,70.76923076923077
2024,30701,urbana,26,hombre,53,64,82.8125
2024,30701,urbana,26,mujer,43,68,63.23529411764706
2024,30701,urbana,27,hombre,43,64,67.1875
2024,30701,urbana,27,mujer,46,63,73.01587301587301
2024,30701,urbana,28,hombre,51,66,77.27272727272727
2024,30701,urbana,28,mujer,40,58,68.96551724137932
2024,30702,rural,16,hombre,11,53,20.754716981132077
2024,30702,rural,16,mujer,17,61,27.868852459016395
2024,30702,rural,17,hombre,15,58,25.862068965517242
2024,30702,rural,17,mujer,18,44,40.90909090909091
2024,30702,rural,18,hombre,22,58,37.93103448275862
2024,30702,rural,18,mujer,15,54,27.77777777777778
2024,30702,rural,19,hombre,14,48,29.166666666666668
2024,30702,rural,19,mujer,20,49,40.816326530612244
2024,30702,rural,20,hombre,24,73,32.87671232876713
2024,30702,rural,20,mujer,15,57,26.31578947368421
2024,30702,rural,21,hombre,11,38,28.94736842105263
2024,30702,rural,21,mujer,15,46,32.608695652173914
2024,30702,rural,22,hombre,19,64,29.6875
2024,30702,rural,22,mujer,20,65,30.76923076923077
2024,30702,rural,23,hombre,19,65,29.23076923076923
2024,30702,rural,23,mujer,22,61,36.0655737704918
2024,30702,rural,24,hombre,21,55,38.18181818181818
2024,30702,rural,24,mujer,17,49,34.69387755102041
2024,30702,rural,25,hombre,18,53,33.9622641509434
2024,30702,rural,25,mujer,25,60,41.666666666666664
2024,30702,rural,26,hombre,16,53,30.18867924528302
2024,30702,rural,26,mujer,21,55,38.18181818181818
2024,30702,rural,27,hombre,19,64,29.6875
2024,30702,rural,27,mujer,21,61,34.42622950819672
2024,30702,rural,28,hombre,22,56,39.285714285714285
2024,30702,rural,28,mujer,20,55,36.36363636363637
2024,30703,rural,16,hombre,12,43,27.906976744186046
2024,30703,rural,16,mujer,14,38,36.8421052631579
2024,30703,rural,17,hombre,14,39,35.8974358974359
2024,30703,rural,17,mujer,12,36,33.333333333333336
2024,30703,rural,18,hombre,17,34,50.0
2024,30703,rural,18,mujer,9,32,28.125
2024,30703,rural,19,hombre,14,40,35.0
2024,30703,rural,19,mujer,3,29,10.344827586206897
2024,30703,rural,20,hombre,14,29,48.275862068965516
2024,30703,rural,20,mujer,10,30,33.333333333333336
2024,30703,rural,21,hombre,6,30,20.0
2024,30703,rural,21,mujer,13,30,43.333333333333336
2024,30703,rural,22,hombre,3,29,10.344827586206897
2024,30703,rural,22,mujer,11,30,36.666666666666664
2024,30703,rural,23,hombre,10,36,27.77777777777778
2024,30703,rural,23,mujer,7,45,15.555555555555555
2024,30703,rural,24,hombre,11,48,22.916666666666668
2024,30703,rural,24,mujer,5,28,17.857142857142858
2024,30703,rural,25,hombre,14,33,42.42424242424242
2024,30703,rural,25,mujer,9,29,31.03448275862069
2024,30703,rural,26,hombre,3,32,9.375
2024,30703,rural,26,mujer,9,20,45.0
2024,30703,rural,27,hombre,7,37,18.91891891891892
2024,30703,rural,27,mujer,9,31,29.032258064516128
2024,30703,rural,28,hombre,8,25,32.0
2024,30703,rural,28,mujer,5,32,15.625
2024,30801,rural,16,hombre,31,72,43.05555555555556
2024,30801,rural,16,mujer,42,89,47.19101123595506
2024,30801,rural,17,hombre,49,100,49.0
2024,30801,rural,17,mujer,27,72,37.5
2024,30801,rural,18,hombre,41,84,48.80952380952381
2024,30801,rural,18,mujer,34,88,38.63636363636363
2024,30801,rural,19,hombre,29,82,35.36585365853659
2024,30801,rural,19,mujer,31,79,39.24050632911393
2024,30801,rural,20,hombre,41,85,48.23529411764706
2024,30801,rural,20,mujer,34,76,44.73684210526316
2024,30801,rural,21,hombre,40,84,47.61904761904762
2024,30801,rural,21,mujer,39,86,45.348837209302324
2024,30801,rural,22,hombre,37,75,49.333333333333336
2024,30801,rural,22,mujer,41,85,48.23529411764706
2024,30801,rural,23,hombre,30,81,37.03703703703704
2024,30801,rural,23,mujer,38,95,40.0
2024,30801,rural,24,hombre,43,86,50.0
2024,30801,rural,24,mujer,33,78,42.30769230769231
2024,30801,rural,25,hombre,37,85,43.529411764705884
2024,30801,rural,25,mujer,44,75,58.666666666666664
2024,30801,rural,26,hombre,37,84,44.04761904761905
2024,30801,rural,26,mujer,47,73,64.38356164383562
2024,30801,rural,27,hombre,36,62,58.064516129032256
2024,30801,rural,27,mujer,25,71,35.2112676056338
2024,30801,rural,28,hombre,36,60,60.0
2024,30801,rural,28,mujer,42,78,53.84615384615385
2024,30801,urbana,16,hombre,72,85,84.70588235294117
2024,30801,urbana,16,mujer,81,90,90.0
2024,30801,urbana,17,hombre,77,99,77.77777777777777
2024,30801,urbana,17,mujer,71,86,82.55813953488372
2024,30801,urbana,18,hombre,71,84,84.52380952380952
2024,30801,urbana,18,mujer,84,92,91.30434782608695
2024,30801,urbana,19,hombre,81,86,94.18604651162791
2024,30801,urbana,19,mujer,72,83,86.74698795180723
2024,30801,urbana,20,hombre,62,76,81.57894736842105
2024,30801,urbana,20,mujer,75,85,88.23529411764706
2024,30801,urbana,21,hombre,86,98,87.75510204081633
2024,30801,urbana,21,mujer,80,91,87.91208791208791
2024,30801,urbana,22,hombre,58,73,79.45205479452055
2024,30801,urbana,22,mujer,84,100,84.0
2024,30801,urbana,23,hombre,85,96,88.54166666666667
2024,30801,urbana,23,mujer,90,108,83.33333333333333
2024,30801,urbana,24,hombre,78,97,80.41237113402062
2024,30801,urbana,24,mujer,83,99,83.83838383838383
2024,30801,urbana,25,hombre,89,106,83.9622641509434
2024,30801,urbana,25,mujer,66,77,85.71428571428571
2024,30801,urbana,26,hombre,98,112,87.5
2024,30801,urbana,26,mujer,67,77,87.01298701298701
2024,30801,urbana,27,hombre,73,87,83.9080459770115
2024,30801,urbana,27,mujer,70,79,88.60759493670886
2024,30801,urbana,28,hombre,75,85,88.23529411764706
2024,30801,urbana,28,mujer,83,98,84.6938775510204
2024,30802,rural,16,hombre,11,70,15.714285714285714
2024,30802,rural,16,mujer,15,43,34.883720930232556
2024,30802,rural,17,hombre,15,50,30.0
2024,30802,rural,17,mujer,13,51,25.49019607843137
2024,30802,rural,18,hombre,17,64,26.5625
2024,30802,rural,18,mujer,13,51,25.49019607843137
2024,30802,rural,19,hombre,10,47,21.27659574468085
2024,30802,rural,19,mujer,13,49,26.53061224489796
2024,30802,rural,20,hombre,15,56,26.785714285714285
2024,30802,rural,20,mujer,12,48,25.0
2024,30802,rural,21,hombre,17,66,25.757575757575758
2024,30802,rural,21,mujer,15,61,24.59016393442623
2024,30802,rural,22,hombre,8,47,17.02127659574468
2024,30802,rural,22,mujer,16,53,30.18867924528302
2024,30802,rural,23,hombre,12,56,21.428571428571427
2024,30802,rural,23,mujer,15,67,22.388059701492537
2024,30802,rural,24,hombre,17,60,28.333333333333332
2024,30802,rural,24,mujer,13,54,24.074074074074073
2024,30802,rural,25,hombre,9,53,16.9811320754717
2024,30802,rural,25,mujer,13,51,25.49019607843137
2024,30802,rural,26,hombre,18,60,30.0
2024,30802,rural,26,mujer,15,55,27.272727272727273
2024,30802,rural,27,hombre,16,58,27.586206896551722
2024,30802,rural,27,mujer,19,51,37.254901960784316
2024,30802,rural,28,hombre,23,57,40.35087719298246
2024,30802,rural,28,mujer,14,51,27.45098039215686
2024,30803,rural,16,hombre,15,42,35.714285714285715
2024,30803,rural,16,mujer,6,27,22.22222222222222
2024,30803,rural,17,hombre,16,41,39.02439024390244
2024,30803,rural,17,mujer,15,47,31.914893617021278
2024,30803,rural,18,hombre,13,41,31.70731707317073
2024,30803,rural,18,mujer,11,51,21.568627450980394
2024,30803,rural,19,hombre,10,44,22.727272727272727
2024,30803,rural,19,mujer,7,43,16.27906976744186
2024,30803,rural,20,hombre,12,41,29.26829268292683
2024,30803,rural,20,mujer,10,41,24.390243902439025
2024,30803,rural,21,hombre,12,39,30.76923076923077
2024,30803,rural,21,mujer,9,32,28.125
2024,30803,rural,22,hombre,12,49,24.489795918367346
2024,30803,rural,22,mujer,14,45,31.11111111111111
2024,30803,rural,23,hombre,17,46,36.95652173913044
2024,30803,rural,23,mujer,12,49,24.489795918367346
2024,30803,rural,24,hombre,16,46,34.78260869565217
2024,30803,rural,24,mujer,16,49,32.6530612244898
2024,30803,rural,25,hombre,13,48,27.083333333333332
2024,30803,rural,25,mujer,11,52,21.153846153846153
2024,30803,rural,26,hombre,14,40,35.0
2024,30803,rural,26,mujer,11,55,20.0
2024,30803,rural,27,hombre,9,57,15.789473684210526
2024,30803,rural,27,mujer,12,44,27.272727272727273
2024,30803,rural,28,hombre,7,49,14.285714285714286
2024,30803,rural,28,mujer,17,49,34.69387755102041
2024,30803,urbana,16,hombre,13,17,76.47058823529412
2024,30803,urbana,16,mujer,18,24,75.0
2024,30803,urbana,17,hombre,4,9,44.44444444444444
2024,30803,urbana,17,mujer,12,21,57.142857142857146
2024,30803,urbana,18,hombre,13,15,86.66666666666667
2024,30803,urbana,18,mujer,11,17,64.70588235294117
2024,30803,urbana,19,hombre,10,12,83.33333333333333
2024,30803,urbana,19,mujer,10,17,58.8235294117647
2024,30803,urbana,20,hombre,10,15,66.66666666666667
2024,30803,urbana,20,mujer,11,20,55.0
2024,30803,urbana,21,hombre,7,14,50.0
2024,30803,urbana,21,mujer,17,24,70.83333333333333
2024,30803,urbana,22,hombre,11,16,68.75
2024,30803,urbana,22,mujer,14,19,73.6842105263158
2024,30803,urbana,23,hombre,17,20,85.0
2024,30803,urbana,23,mujer,12,18,66.66666666666667
2024,30803,urbana,24,hombre,14,15,93.33333333333333
2024,30803,urbana,24,mujer,12,18,66.66666666666667
2024,30803,urbana,25,hombre,15,19,78.94736842105263
2024,30803,urbana,25,mujer,17,21,80.95238095238095
2024,30803,urbana,26,hombre,10,15,66.66666666666667
2024,30803,urbana,26,mujer,15,23,65.21739130434783
2024,30803,urbana,27,hombre,9,10,90.0
2024,30803,urbana,27,mujer,15,19,78.94736842105263
2024,30803,urbana,28,hombre,8,12,66.66666666666667
2024,30803,urbana,28,mujer,15,22,68.18181818181819
2024,30901,rural,16,hombre,16,96,16.666666666666668
2024,30901,rural,16,mujer,18,80,22.5
2024,30901,rural,17,hombre,11,61,18.0327868852459
2024,30901,rural,17,mujer,20,73,27.397260273972602
2024,30901,rural,18,hombre,16,61,26.229508196721312
2024,30901,rural,18,mujer,19,62,30.64516129032258
2024,30901,rural,19,hombre,14,50,28.0
2024,30901,rural,19,mujer,14,81,17.28395061728395
2024,30901,rural,20,hombre,16,68,23.529411764705884
2024,30901,rural,20,mujer,15,61,24.59016393442623
2024,30901,rural,21,hombre,15,72,20.833333333333332
2024,30901,rural,21,mujer,18,75,24.0
2024,30901,rural,22,hombre,16,63,25.396825396825395
2024,30901,rural,22,mujer,7,51,13.72549019607843
2024,30901,rural,23,hombre,12,77,15.584415584415584
2024,30901,rural,23,mujer,9,67,13.432835820895523
2024,30901,rural,24,hombre,17,73,23.28767123287671
2024,30901,rural,24,mujer,14,79,17.72151898734177
2024,30901,rural,25,hombre,17,71,23.943661971830984
2024,30901,rural,25,mujer,14,72,19.444444444444443
2024,30901,rural,26,hombre,16,55,29.09090909090909
2024,30901,rural,26,mujer,10,70,14.285714285714286
2024,30901,rural,27,hombre,13,68,19.11764705882353
2024,30901,rural,27,mujer,17,64,26.5625
2024,30901,rural,28,hombre,11,48,22.916666666666668
2024,30901,rural,28,mujer,3,48,6.25
2024,30901,urbana,16,hombre,1130,1464,77.18579234972678
2024,30901,urbana,16,mujer,1083,1472,73.57336956521739
2024,30901,urbana,17,hombre,1080,1404,76.92307692307692
2024,30901,urbana,17,mujer,1157,1510,76.62251655629139
2024,30901,urbana,18,hombre,1119,1381,81.02824040550325
2024,30901,urbana,18,mujer,1126,1449,77.70876466528641
2024,30901,urbana,19,hombre,1125,1407,79.95735607675905
2024,30901,urbana,19,mujer,1128,1484,76.01078167115902
2024,30901,urbana,20,hombre,1039,1325,78.41509433962264
2024,30901,urbana,20,mujer,1177,1489,79.04633982538617
2024,30901,urbana,21,hombre,1091,1396,78.15186246418338
2024,30901,urbana,21,mujer,1180,1525,77.37704918032787
2024,30901,urbana,22,hombre,1076,1321,81.45344436033308
2024,30901,urbana,22,mujer,1145,1482,77.26045883940621
2024,30901,urbana,23,hombre,1180,1491,79.14151576123407
2024,30901,urbana,23,mujer,1262,1601,78.82573391630231
2024,30901,urbana,24,hombre,1154,1460,79.04109589041096
2024,30901,urbana,24,mujer,1277,1642,77.77101096224116
2024,30901,urbana,25,hombre,1038,1296,80.0925925925926
2024,30901,urbana,25,mujer,1222,1513,80.7666886979511
2024,30901,urbana,26,hombre,1075,1338,80.34379671150971
2024,30901,urbana,26,mujer,1179,1472,80.09510869565217
2024,30901,urbana,27,hombre,1067,1303,81.88795088257866
2024,30901,urbana,27,mujer,1126,1405,80.14234875444839
2024,30901,urbana,28,hombre,1019,1258,81.00158982511924
2024,30901,urbana,28,mujer,1153,1455,79.24398625429554
2024,30902,rural,16,hombre,60,185,32.432432432432435
2024,30902,rural,16,mujer,43,177,24.293785310734464
2024,30902,rural,17,hombre,56,161,34.78260869565217
2024,30902,rural,17,mujer,47,173,27.167630057803468
2024,30902,rural,18,hombre,56,130,43.07692307692308
2024,30902,rural,18,mujer,45,172,26.162790697674417
2024,30902,rural,19,hombre,44,122,36.0655737704918
2024,30902,rural,19,mujer,48,169,28.402366863905325
2024,30902,rural,20,hombre,46,152,30.263157894736842
2024,30902,rural,20,mujer,51,160,31.875
2024,30902,rural,21,hombre,44,142,30.985915492957748
2024,30902,rural,21,mujer,52,176,29.545454545454547
2024,30902,rural,22,hombre,56,160,35.0
2024,30902,rural,22,mujer,39,148,26.35135135135135
2024,30902,rural,23,hombre,48,182,26.373626373626372
2024,30902,rural,23,mujer,44,178,24.719101123595507
2024,30902,rural,24,hombre,38,156,24.358974358974358
2024,30902,rural,24,mujer,63,184,34.23913043478261
2024,30902,rural,25,hombre,43,152,28.289473684210527
2024,30902,rural,25,mujer,50,161,31.055900621118013
2024,30902,rural,26,hombre,38,134,28.35820895522388
2024,30902,rural,26,mujer,47,146,32.19178082191781
2024,30902,rural,27,hombre,41,134,30.597014925373134
2024,30902,rural,27,mujer,42,147,28.571428571428573
2024,30902,rural,28,hombre,45,139,32.37410071942446
2024,30902,rural,28,mujer,54,167,32.33532934131737
2024,30902,urbana,16,hombre,211,391,53.96419437340153
2024,30902,urbana,16,mujer,191,376,50.797872340425535
2024,30902,urbana,17,hombre,179,371,48.24797843665768
2024,30902,urbana,17,mujer,213,404,52.722772277227726
2024,30902,urbana,18,hombre,174,298,58.38926174496644
2024,30902,urbana,18,mujer,199,417,47.721822541966425
2024,30902,urbana,19,hombre,141,274,51.45985401459854
2024,30902,urbana,19,mujer,200,371,53.908355795148246
2024,30902,urbana,20,hombre,156,324,48.148148148148145
2024,30902,urbana,20,mujer,195,374,52.13903743315508
2024,30902,urbana,21,hombre,166,303,54.78547854785479
2024,30902,urbana,21,mujer,216,403,53.59801488833747
2024,30902,urbana,22,hombre,181,342,52.92397660818713
2024,30902,urbana,22,mujer,195,373,52.27882037533512
2024,30902,urbana,23,hombre,208,387,53.746770025839794
2024,30902,urbana,23,mujer,220,409,53.789731051344745
2024,30902,urbana,24,hombre,180,333,54.054054054054056
2024,30902,urbana,24,mujer,199,372,53.494623655913976
2024,30902,urbana,25,hombre,160,325,49.23076923076923
2024,30902,urbana,25,mujer,187,394,47.46192893401015
2024,30902,urbana,26,hombre,142,289,49.134948096885815
2024,30902,urbana,26,mujer,180,356,50.561797752808985
2024,30902,urbana,27,hombre,178,313,56.86900958466454
2024,30902,urbana,27,mujer,188,365,51.50684931506849
2024,30902,urbana,28,hombre,151,283,53.35689045936396
2024,30902,urbana,28,mujer,202,389,51.9280205655527
2024,30903,rural,16,hombre,9,43,20.930232558139537
2024,30903,rural,16,mujer,6,47,12.76595744680851
2024,30903,rural,17,hombre,5,38,13.157894736842104
2024,30903,rural,17,mujer,6,34,17.647058823529413
2024,30903,rural,18,hombre,2,44,4.545454545454546
2024,30903,rural,18,mujer,2,35,5.714285714285714
2024,30903,rural,19,hombre,7,32,21.875
2024,30903,rural,19,mujer,8,28,28.571428571428573
2024,30903,rural,20,hombre,3,27,11.11111111111111
2024,30903,rural,20,mujer,5,28,17.857142857142858
2024,30903,rural,21,hombre,4,33,12.121212121212121
2024,30903,rural,21,mujer,3,39,7.6923076923076925
2024,30903,rural,22,hombre,3,23,13.043478260869565
2024,30903,rural,22,mujer,2,27,7.407407407407407
2024,30903,rural,23,hombre,3,27,11.11111111111111
2024,30903,rural,23,mujer,3,35,8.571428571428571
2024,30903,rural,24,hombre,3,17,17.647058823529413
2024,30903,rural,24,mujer,1,26,3.8461538461538463
2024,30903,rural,25,hombre,3,34,8.823529411764707
2024,30903,rural,25,mujer,4,21,19.047619047619047
2024,30903,rural,26,hombre,0,22,0.0
2024,30903,rural,26,mujer,3,22,13.636363636363637
2024,30903,rural,27,hombre,5,25,20.0
2024,30903,rural,27,mujer,2,26,7.6923076923076925
2024,30903,rural,28,hombre,4,28,14.285714285714286
2024,30903,rural,28,mujer,6,27,22.22222222222222
2024,30903,urbana,16,hombre,422,538,78.43866171003718
2024,30903,urbana,16,mujer,394,498,79.11646586345381
2024,30903,urbana,17,hombre,416,520,80.0
2024,30903,urbana,17,mujer,417,518,80.5019305019305
2024,30903,urbana,18,hombre,438,532,82.33082706766918
2024,30903,urbana,18,mujer,529,642,82.398753894081
2024,30903,urbana,19,hombre,440,536,82.08955223880596
2024,30903,urbana,19,mujer,460,561,81.99643493761141
2024,30903,urbana,20,hombre,432,520,83.07692307692308
2024,30903,urbana,20,mujer,464,580,80.0
2024,30903,urbana,21,hombre,400,496,80.64516129032258
2024,30903,urbana,21,mujer,454,556,81.65467625899281
2024,30903,urbana,22,hombre,427,520,82.11538461538461
2024,30903,urbana,22,mujer,456,536,85.07462686567165
2024,30903,urbana,23,hombre,453,543,83.42541436464089
2024,30903,urbana,23,mujer,480,583,82.3327615780446
2024,30903,urbana,24,hombre,445,557,79.89228007181329
2024,30903,urbana,24,mujer,467,596,78.35570469798658
2024,30903,urbana,25,hombre,409,514,79.57198443579766
2024,30903,urbana,25,mujer,455,553,82.27848101265823
2024,30903,urbana,26,hombre,396,484,81.81818181818181
2024,30903,urbana,26,mujer,404,501,80.63872255489022
2024,30903,urbana,27,hombre,382,461,82.86334056399133
2024,30903,urbana,27,mujer,430,524,82.06106870229007
2024,30903,urbana,28,hombre,423,488,86.68032786885246
2024,30903,urbana,28,mujer,421,523,80.49713193116635
2024,30904,rural,16,hombre,34,91,37.362637362637365
2024,30904,rural,16,mujer,25,86,29.069767441860463
2024,30904,rural,17,hombre,40,85,47.05882352941177
2024,30904,rural,17,mujer,39,92,42.391304347826086
2024,30904,rural,18,hombre,30,71,42.25352112676056
2024,30904,rural,18,mujer,21,86,24.41860465116279
2024,30904,rural,19,hombre,23,64,35.9375
2024,30904,rural,19,mujer,35,81,43.20987654320987
2024,30904,rural,20,hombre,28,64,43.75
2024,30904,rural,20,mujer,32,89,35.95505617977528
2024,30904,rural,21,hombre,32,80,40.0
2024,30904,rural,21,mujer,20,74,27.027027027027028
2024,30904,rural,22,hombre,30,76,39.473684210526315
2024,30904,rural,22,mujer,35,66,53.03030303030303
2024,30904,rural,23,hombre,31,92,33.69565217391305
2024,30904,rural,23,mujer,32,70,45.714285714285715
2024,30904,rural,24,hombre,32,69,46.3768115942029
2024,30904,rural,24,mujer,42,85,49.411764705882355
2024,30904,rural,25,hombre,26,57,45.6140350877193
2024,30904,rural,25,mujer,31,70,44.285714285714285
2024,30904,rural,26,hombre,18,66,27.272727272727273
2024,30904,rural,26,mujer,27,87,31.03448275862069
2024,30904,rural,27,hombre,28,73,38.35616438356164
2024,30904,rural,27,mujer,17,63,26.984126984126984
2024,30904,rural,28,hombre,26,79,32.91139240506329
2024,30904,rural,28,mujer,35,96,36.458333333333336
2024,30904,urbana,16,hombre,279,470,59.361702127659576
2024,30904,urbana,16,mujer,244,429,56.87645687645688
2024,30904,urbana,17,hombre,228,423,53.90070921985816
2024,30904,urbana,17,mujer,287,484,59.29752066115702
2024,30904,urbana,18,hombre,242,405,59.75308641975309
2024,30904,urbana,18,mujer,286,468,61.111111111111114
2024,30904,urbana,19,hombre,241,383,62.9242819843342
2024,30904,urbana,19,mujer,275,442,62.217194570135746
2024,30904,urbana,20,hombre,273,444,61.486486486486484
2024,30904,urbana,20,mujer,286,488,58.60655737704918
2024,30904,urbana,21,hombre,282,438,64.38356164383562
2024,30904,urbana,21,mujer,271,465,58.27956989247312
2024,30904,urbana,22,hombre,281,454,61.8942731277533
2024,30904,urbana,22,mujer,291,480,60.625
2024,30904,urbana,23,hombre,332,511,64.9706457925636
2024,30904,urbana,23,mujer,325,546,59.523809523809526
2024,30904,urbana,24,hombre,315,507,62.1301775147929
2024,30904,urbana,24,mujer,302,485,62.2680412371134
2024,30904,urbana,25,hombre,280,444,63.06306306306306
2024,30904,urbana,25,mujer,288,467,61.67023554603854
2024,30904,urbana,26,hombre,241,392,61.47959183673469
2024,30904,urbana,26,mujer,279,466,59.871244635193136
2024,30904,urbana,27,hombre,274,419,65.39379474940334
2024,30904,urbana,27,mujer,269,453,59.381898454746135
2024,30904,urbana,28,hombre,241,382,63.089005235602095
2024,30904,urbana,28,mujer,289,464,62.28448275862069
2024,30905,urbana,16,hombre,566,639,88.57589984350548
2024,30905,urbana,16,mujer,504,547,92.13893967093236
2024,30905,urbana,17,hombre,504,561,89.83957219251337
2024,30905,urbana,17,mujer,526,592,88.85135135135135
2024,30905,urbana,18,hombre,466,519,89.78805394990366
2024,30905,urbana,18,mujer,537,600,89.5
2024,30905,urbana,19,hombre,505,564,89.53900709219859
2024,30905,urbana,19,mujer,506,572,88.46153846153847
2024,30905,urbana,20,hombre,500,556,89.92805755395683
2024,30905,urbana,20,mujer,556,616,90.25974025974025
2024,30905,urbana,21,hombre,519,578,89.7923875432526
2024,30905,urbana,21,mujer,501,557,89.94614003590664
2024,30905,urbana,22,hombre,487,552,88.22463768115942
2024,30905,urbana,22,mujer,555,607,91.4332784184514
2024,30905,urbana,23,hombre,538,601,89.51747088186356
2024,30905,urbana,23,mujer,539,608,88.65131578947368
2024,30905,urbana,24,hombre,530,597,88.77721943048576
2024,30905,urbana,24,mujer,608,654,92.96636085626912
2024,30905,urbana,25,hombre,528,583,90.56603773584905
2024,30905,urbana,25,mujer,556,608,91.44736842105263
2024,30905,urbana,26,hombre,511,573,89.17975567190227
2024,30905,urbana,26,mujer,547,607,90.1153212520593
2024,30905,urbana,27,hombre,479,524,91.41221374045801
2024,30905,urbana,27,mujer,548,596,91.94630872483222
2024,30905,urbana,28,hombre,478,516,92.63565891472868
2024,30905,urbana,28,mujer,539,582,92.61168384879726
2024,31001,rural,16,hombre,50,243,20.5761316872428
2024,31001,rural,16,mujer,63,257,24.513618677042803
2024,31001,rural,17,hombre,52,239,21.757322175732217
2024,31001,rural,17,mujer,50,239,20.92050209205021
2024,31001,rural,18,hombre,34,210,16.19047619047619
2024,31001,rural,18,mujer,45,248,18.14516129032258
2024,31001,rural,19,hombre,42,230,18.26086956521739
2024,31001,rural,19,mujer,52,252,20.634920634920636
2024,31001,rural,20,hombre,42,235,17.872340425531913
2024,31001,rural,20,mujer,48,220,21.818181818181817
2024,31001,rural,21,hombre,47,234,20.085470085470085
2024,31001,rural,21,mujer,42,260,16.153846153846153
2024,31001,rural,22,hombre,40,230,17.391304347826086
2024,31001,rural,22,mujer,53,255,20.784313725490197
2024,31001,rural,23,hombre,51,251,20.318725099601593
2024,31001,rural,23,mujer,59,272,21.691176470588236
2024,31001,rural,24,hombre,43,248,17.338709677419356
2024,31001,rural,24,mujer,51,259,19.69111969111969
2024,31001,rural,25,hombre,38,210,18.095238095238095
2024,31001,rural,25,mujer,50,257,19.455252918287936
2024,31001,rural,26,hombre,48,224,21.428571428571427
2024,31001,rural,26,mujer,46,253,18.181818181818183
2024,31001,rural,27,hombre,49,206,23.78640776699029
2024,31001,rural,27,mujer,57,223,25.56053811659193
2024,31001,rural,28,hombre,38,218,17.431192660550458
2024,31001,rural,28,mujer,55,235,23.404255319148938
2024,31001,urbana,16,hombre,1344,1727,77.82281412854661
2024,31001,urbana,16,mujer,1355,1697,79.84678845020625
2024,31001,urbana,17,hombre,1390,1745,79.65616045845272
2024,31001,urbana,17,mujer,1459,1824,79.9890350877193
2024,31001,urbana,18,hombre,1498,1807,82.89983397897068
2024,31001,urbana,18,mujer,1587,1950,81.38461538461539
2024,31001,urbana,19,hombre,1464,1787,81.92501398992725
2024,31001,urbana,19,mujer,1571,1966,79.90844354018311
2024,31001,urbana,20,hombre,1516,1855,81.72506738544475
2024,31001,urbana,20,mujer,1552,1937,80.12390294269488
2024,31001,urbana,21,hombre,1479,1851,79.90275526742302
2024,31001,urbana,21,mujer,1563,1948,80.23613963039014
2024,31001,urbana,22,hombre,1475,1831,80.55707263790279
2024,31001,urbana,22,mujer,1555,1938,80.23735810113519
2024,31001,urbana,23,hombre,1522,1930,78.860103626943
2024,31001,urbana,23,mujer,1589,2014,78.89771598808342
2024,31001,urbana,24,hombre,1502,1891,79.42887361184559
2024,31001,urbana,24,mujer,1671,2053,81.39308329274233
2024,31001,urbana,25,hombre,1384,1724,80.2784222737819
2024,31001,urbana,25,mujer,1536,1906,80.58761804826862
2024,31001,urbana,26,hombre,1415,1706,82.94255568581477
2024,31001,urbana,26,mujer,1456,1825,79.78082191780823
2024,31001,urbana,27,hombre,1308,1621,80.69093152375078
2024,31001,urbana,27,mujer,1392,1741,79.95404939689834
2024,31001,urbana,28,hombre,1310,1596,82.08020050125313
2024,31001,urbana,28,mujer,1405,1732,81.12009237875289
2024,31002,rural,16,hombre,38,200,19.0
2024,31002,rural,16,mujer,28,177,15.819209039548022
2024,31002,rural,17,hombre,31,163,19.01840490797546
2024,31002,rural,17,mujer,36,156,23.076923076923077
2024,31002,rural,18,hombre,32,157,20.38216560509554
2024,31002,rural,18,mujer,41,169,24.2603550295858
2024,31002,rural,19,hombre,34,139,24.46043165467626
2024,31002,rural,19,mujer,29,152,19.07894736842105
2024,31002,rural,20,hombre,26,162,16.049382716049383
2024,31002,rural,20,mujer,31,157,19.745222929936304
2024,31002,rural,21,hombre,25,190,13.157894736842104
2024,31002,rural,21,mujer,32,151,21.192052980132452
2024,31002,rural,22,hombre,32,166,19.27710843373494
2024,31002,rural,22,mujer,23,136,16.91176470588235
2024,31002,rural,23,hombre,38,201,18.90547263681592
2024,31002,rural,23,mujer,40,156,25.641025641025642
2024,31002,rural,24,hombre,33,183,18.0327868852459
2024,31002,rural,24,mujer,30,170,17.647058823529413
2024,31002,rural,25,hombre,20,147,13.605442176870747
2024,31002,rural,25,mujer,33,153,21.568627450980394
2024,31002,rural,26,hombre,29,156,18.58974358974359
2024,31002,rural,26,mujer,21,128,16.40625
2024,31002,rural,27,hombre,28,168,16.666666666666668
2024,31002,rural,27,mujer,21,134,15.671641791044776
2024,31002,rural,28,hombre,24,153,15.686274509803921
2024,31002,rural,28,mujer,27,136,19.852941176470587
2024,31002,urbana,16,hombre,43,50,86.0
2024,31002,urbana,16,mujer,39,42,92.85714285714286
2024,31002,urbana,17,hombre,27,31,87.09677419354838
2024,31002,urbana,17,mujer,33,44,75.0
2024,31002,urbana,18,hombre,27,30,90.0
2024,31002,urbana,18,mujer,40,46,86.95652173913044
2024,31002,urbana,19,hombre,34,35,97.14285714285714
2024,31002,urbana,19,mujer,40,42,95.23809523809524
2024,31002,urbana,20,hombre,27,29,93.10344827586206
2024,31002,urbana,20,mujer,31,37,83.78378378378379
2024,31002,urbana,21,hombre,43,48,89.58333333333333
2024,31002,urbana,21,mujer,39,43,90.69767441860465
2024,31002,urbana,22,hombre,31,38,81.57894736842105
2024,31002,urbana,22,mujer,41,44,93.18181818181819
2024,31002,urbana,23,hombre,30,35,85.71428571428571
2024,31002,urbana,23,mujer,38,44,86.36363636363636
2024,31002,urbana,24,hombre,48,52,92.3076923076923
2024,31002,urbana,24,mujer,35,41,85.36585365853658
2024,31002,urbana,25,hombre,21,28,75.0
2024,31002,urbana,25,mujer,40,47,85.1063829787234
2024,31002,urbana,26,hombre,26,33,78.78787878787878
2024,31002,urbana,26,mujer,29,35,82.85714285714286
2024,31002,urbana,27,hombre,24,27,88.88888888888889
2024,31002,urbana,27,mujer,35,43,81.3953488372093
2024,31002,urbana,28,hombre,25,32,78.125
2024,31002,urbana,28,mujer,39,43,90.69767441860465
2024,31003,rural,16,hombre,162,840,19.285714285714285
2024,31003,rural,16,mujer,110,670,16.417910447761194
2024,31003,rural,17,hombre,135,816,16.544117647058822
2024,31003,rural,17,mujer,136,701,19.40085592011412
2024,31003,rural,18,hombre,91,627,14.513556618819777
2024,31003,rural,18,mujer,126,626,20.12779552715655
2024,31003,rural,19,hombre,78,684,11.403508771929825
2024,31003,rural,19,mujer,127,647,19.629057187017
2024,31003,rural,20,hombre,111,766,14.490861618798956
2024,31003,rural,20,mujer,124,607,20.42833607907743
2024,31003,rural,21,hombre,110,789,13.94169835234474
2024,31003,rural,21,mujer,103,669,15.39611360239163
2024,31003,rural,22,hombre,100,798,12.531328320802006
2024,31003,rural,22,mujer,121,684,17.690058479532162
2024,31003,rural,23,hombre,139,935,14.866310160427808
2024,31003,rural,23,mujer,144,781,18.437900128040972
2024,31003,rural,24,hombre,125,960,13.020833333333334
2024,31003,rural,24,mujer,132,822,16.05839416058394
2024,31003,rural,25,hombre,123,848,14.504716981132075
2024,31003,rural,25,mujer,118,741,15.92442645074224
2024,31003,rural,26,hombre,124,882,14.058956916099774
2024,31003,rural,26,mujer,107,693,15.44011544011544
2024,31003,rural,27,hombre,99,836,11.842105263157896
2024,31003,rural,27,mujer,116,733,15.82537517053206
2024,31003,rural,28,hombre,93,784,11.862244897959183
2024,31003,rural,28,mujer,109,721,15.117891816920944
2024,31003,urbana,16,hombre,75,125,60.0
2024,31003,urbana,16,mujer,81,112,72.32142857142857
2024,31003,urbana,17,hombre,55,97,56.70103092783505
2024,31003,urbana,17,mujer,57,101,56.43564356435643
2024,31003,urbana,18,hombre,55,86,63.95348837209303
2024,31003,urbana,18,mujer,77,106,72.64150943396227
2024,31003,urbana,19,hombre,57,95,60.0
2024,31003,urbana,19,mujer,74,114,64.91228070175438
2024,31003,urbana,20,hombre,51,79,64.55696202531645
2024,31003,urbana,20,mujer,75,97,77.31958762886597
2024,31003,urbana,21,hombre,56,95,58.94736842105263
2024,31003,urbana,21,mujer,80,119,67.22689075630252
2024,31003,urbana,22,hombre,67,85,78.82352941176471
2024,31003,urbana,22,mujer,74,108,68.51851851851852
2024,31003,urbana,23,hombre,69,112,61.607142857142854
2024,31003,urbana,23,mujer,87,121,71.90082644628099
2024,31003,urbana,24,hombre,90,134,67.16417910447761
2024,31003,urbana,24,mujer,93,129,72.09302325581395
2024,31003,urbana,25,hombre,68,92,73.91304347826087
2024,31003,urbana,25,mujer,91,133,68.42105263157895
2024,31003,urbana,26,hombre,86,122,70.49180327868852
2024,31003,urbana,26,mujer,80,115,69.56521739130434
2024,31003,urbana,27,hombre,77,110,70.0
2024,31003,urbana,27,mujer,65,89,73.03370786516854
2024,31003,urbana,28,hombre,76,109,69.72477064220183
2024,31003,urbana,28,mujer,73,110,66.36363636363636
2024,31101,rural,16,hombre,15,212,7.0754716981132075
2024,31101,rural,16,mujer,22,213,10.328638497652582
2024,31101,rural,17,hombre,16,228,7.017543859649122
2024,31101,rural,17,mujer,15,225,6.666666666666667
2024,31101,rural,18,hombre,12,188,6.382978723404255
2024,31101,rural,18,mujer,17,234,7.264957264957265
2024,31101,rural,19,hombre,14,180,7.777777777777778
2024,31101,rural,19,mujer,11,157,7.006369426751593
2024,31101,rural,20,hombre,12,193,6.217616580310881
2024,31101,rural,20,mujer,10,157,6.369426751592357
2024,31101,rural,21,hombre,15,212,7.0754716981132075
2024,31101,rural,21,mujer,11,178,6.179775280898877
2024,31101,rural,22,hombre,10,236,4.237288135593221
2024,31101,rural,22,mujer,10,174,5.747126436781609
2024,31101,rural,23,hombre,8,229,3.493449781659389
2024,31101,rural,23,mujer,12,195,6.153846153846154
2024,31101,rural,24,hombre,12,199,6.030150753768845
2024,31101,rural,24,mujer,11,188,5.851063829787234
2024,31101,rural,25,hombre,12,170,7.0588235294117645
2024,31101,rural,25,mujer,16,151,10.596026490066226
2024,31101,rural,26,hombre,20,204,9.803921568627452
2024,31101,rural,26,mujer,14,183,7.6502732240437155
2024,31101,rural,27,hombre,13,178,7.303370786516854
2024,31101,rural,27,mujer,16,196,8.16326530612245
2024,31101,rural,28,hombre,12,179,6.70391061452514
2024,31101,rural,28,mujer,17,156,10.897435897435898
2024,31201,rural,16,hombre,21,130,16.153846153846153
2024,31201,rural,16,mujer,14,138,10.144927536231885
2024,31201,rural,17,hombre,33,161,20.496894409937887
2024,31201,rural,17,mujer,28,147,19.047619047619047
2024,31201,rural,18,hombre,14,128,10.9375
2024,31201,rural,18,mujer,21,122,17.21311475409836
2024,31201,rural,19,hombre,20,144,13.88888888888889
2024,31201,rural,19,mujer,16,135,11.851851851851851
2024,31201,rural,20,hombre,15,144,10.416666666666666
2024,31201,rural,20,mujer,20,131,15.267175572519085
2024,31201,rural,21,hombre,13,152,8.552631578947368
2024,31201,rural,21,mujer,23,134,17.16417910447761
2024,31201,rural,22,hombre,11,132,8.333333333333334
2024,31201,rural,22,mujer,17,121,14.049586776859504
2024,31201,rural,23,hombre,22,182,12.087912087912088
2024,31201,rural,23,mujer,21,137,15.328467153284672
2024,31201,rural,24,hombre,11,149,7.382550335570469
2024,31201,rural,24,mujer,31,155,20.0
2024,31201,rural,25,hombre,14,132,10.606060606060606
2024,31201,rural,25,mujer,15,112,13.392857142857142
2024,31201,rural,26,hombre,14,128,10.9375
2024,31201,rural,26,mujer,21,104,20.192307692307693
2024,31201,rural,27,hombre,14,108,12.962962962962964
2024,31201,rural,27,mujer,24,114,21.05263157894737
2024,31201,rural,28,hombre,20,132,15.151515151515152
2024,31201,rural,28,mujer,21,116,18.103448275862068
2024,31202,rural,16,hombre,21,150,14.0
2024,31202,rural,16,mujer,14,117,11.965811965811966
2024,31202,rural,17,hombre,14,131,10.687022900763358
2024,31202,rural,17,mujer,13,108,12.037037037037036
2024,31202,rural,18,hombre,10,103,9.70873786407767
2024,31202,rural,18,mujer,10,118,8.474576271186441
2024,31202,rural,19,hombre,12,121,9.917355371900827
2024,31202,rural,19,mujer,21,110,19.09090909090909
2024,31202,rural,20,hombre,8,117,6.837606837606837
2024,31202,rural,20,mujer,9,96,9.375
2024,31202,rural,21,hombre,9,104,8.653846153846153
2024,31202,rural,21,mujer,11,108,10.185185185185185
2024,31202,rural,22,hombre,10,111,9.00900900900901
2024,31202,rural,22,mujer,19,114,16.666666666666668
2024,31202,rural,23,hombre,14,128,10.9375
2024,31202,rural,23,mujer,9,109,8.256880733944953
2024,31202,rural,24,hombre,7,120,5.833333333333333
2024,31202,rural,24,mujer,13,125,10.4
2024,31202,rural,25,hombre,17,112,15.178571428571429
2024,31202,rural,25,mujer,13,103,12.62135922330097
2024,31202,rural,26,hombre,10,104,9.615384615384615
2024,31202,rural,26,mujer,10,94,10.638297872340425
2024,31202,rural,27,hombre,9,96,9.375
2024,31202,rural,27,mujer,11,100,11.0
2024,31202,rural,28,hombre,12,100,12.0
2024,31202,rural,28,mujer,8,75,10.666666666666666
2024,31203,rural,16,hombre,6,109,5.504587155963303
2024,31203,rural,16,mujer,9,97,9.278350515463918
2024,31203,rural,17,hombre,5,96,5.208333333333333
2024,31203,rural,17,mujer,4,97,4.123711340206185
2024,31203,rural,18,hombre,6,91,6.593406593406593
2024,31203,rural,18,mujer,6,83,7.228915662650603
2024,31203,rural,19,hombre,8,83,9.63855421686747
2024,31203,rural,19,mujer,5,80,6.25
2024,31203,rural,20,hombre,16,102,15.686274509803921
2024,31203,rural,20,mujer,6,84,7.142857142857143
2024,31203,rural,21,hombre,9,101,8.910891089108912
2024,31203,rural,21,mujer,11,94,11.702127659574469
2024,31203,rural,22,hombre,10,95,10.526315789473685
2024,31203,rural,22,mujer,4,79,5.063291139240507
2024,31203,rural,23,hombre,10,103,9.70873786407767
2024,31203,rural,23,mujer,7,90,7.777777777777778
2024,31203,rural,24,hombre,9,110,8.181818181818182
2024,31203,rural,24,mujer,5,95,5.2631578947368425
2024,31203,rural,25,hombre,5,78,6.410256410256411
2024,31203,rural,25,mujer,7,89,7.865168539325842
2024,31203,rural,26,hombre,14,78,17.94871794871795
2024,31203,rural,26,mujer,7,68,10.294117647058824
2024,31203,rural,27,hombre,10,86,11.627906976744185
2024,31203,rural,27,mujer,12,88,13.636363636363637
2024,31203,rural,28,hombre,9,69,13.043478260869565
2024,31203,rural,28,mujer,11,84,13.095238095238095
2024,31204,rural,16,hombre,35,169,20.71005917159763
2024,31204,rural,16,mujer,40,160,25.0
2024,31204,rural,17,hombre,48,165,29.09090909090909
2024,31204,rural,17,mujer,41,158,25.949367088607595
2024,31204,rural,18,hombre,27,127,21.25984251968504
2024,31204,rural,18,mujer,25,132,18.939393939393938
2024,31204,rural,19,hombre,30,150,20.0
2024,31204,rural,19,mujer,28,126,22.22222222222222
2024,31204,rural,20,hombre,24,141,17.02127659574468
2024,31204,rural,20,mujer,33,125,26.4
2024,31204,rural,21,hombre,22,153,14.379084967320262
2024,31204,rural,21,mujer,27,139,19.424460431654676
2024,31204,rural,22,hombre,38,164,23.170731707317074
2024,31204,rural,22,mujer,26,128,20.3125
2024,31204,rural,23,hombre,28,159,17.61006289308176
2024,31204,rural,23,mujer,27,146,18.493150684931507
2024,31204,rural,24,hombre,43,203,21.182266009852217
2024,31204,rural,24,mujer,30,166,18.072289156626507
2024,31204,rural,25,hombre,23,173,13.294797687861271
2024,31204,rural,25,mujer,31,138,22.463768115942027
2024,31204,rural,26,hombre,25,147,17.006802721088434
2024,31204,rural,26,mujer,34,158,21.518987341772153
2024,31204,rural,27,hombre,24,156,15.384615384615385
2024,31204,rural,27,mujer,22,132,16.666666666666668
2024,31204,rural,28,hombre,26,165,15.757575757575758
2024,31204,rural,28,mujer,27,121,22.31404958677686
2024,31204,urbana,16,hombre,65,105,61.904761904761905
2024,31204,urbana,16,mujer,67,117,57.26495726495727
2024,31204,urbana,17,hombre,61,98,62.244897959183675
2024,31204,urbana,17,mujer,71,126,56.34920634920635
2024,31204,urbana,18,hombre,48,72,66.66666666666667
2024,31204,urbana,18,mujer,63,101,62.37623762376238
2024,31204,urbana,19,hombre,51,86,59.30232558139535
2024,31204,urbana,19,mujer,68,106,64.15094339622641
2024,31204,urbana,20,hombre,56,86,65.11627906976744
2024,31204,urbana,20,mujer,50,80,62.5
2024,31204,urbana,21,hombre,53,79,67.0886075949367
2024,31204,urbana,21,mujer,56,96,58.333333333333336
2024,31204,urbana,22,hombre,60,98,61.224489795918366
2024,31204,urbana,22,mujer,61,94,64.8936170212766
2024,31204,urbana,23,hombre,77,121,63.63636363636363
2024,31204,urbana,23,mujer,75,118,63.559322033898304
2024,31204,urbana,24,hombre,61,110,55.45454545454545
2024,31204,urbana,24,mujer,75,110,68.18181818181819
2024,31204,urbana,25,hombre,69,102,67.6470588235294
2024,31204,urbana,25,mujer,60,110,54.54545454545455
2024,31204,urbana,26,hombre,60,90,66.66666666666667
2024,31204,urbana,26,mujer,63,108,58.333333333333336
2024,31204,urbana,27,hombre,54,87,62.06896551724138
2024,31204,urbana,27,mujer,58,99,58.58585858585859
2024,31204,urbana,28,hombre,49,82,59.75609756097561
2024,31204,urbana,28,mujer,62,105,59.04761904761905
2024,31205,rural,16,hombre,87,442,19.683257918552037
2024,31205,rural,16,mujer,72,366,19.672131147540984
2024,31205,rural,17,hombre,67,408,16.42156862745098
2024,31205,rural,17,mujer,85,375,22.666666666666668
2024,31205,rural,18,hombre,57,302,18.874172185430464
2024,31205,rural,18,mujer,72,306,23.529411764705884
2024,31205,rural,19,hombre,56,324,17.28395061728395
2024,31205,rural,19,mujer,66,330,20.0
2024,31205,rural,20,hombre,58,406,14.285714285714286
2024,31205,rural,20,mujer,64,326,19.631901840490798
2024,31205,rural,21,hombre,63,410,15.365853658536585
2024,31205,rural,21,mujer,62,354,17.51412429378531
2024,31205,rural,22,hombre,75,433,17.321016166281755
2024,31205,rural,22,mujer,65,389,16.709511568123393
2024,31205,rural,23,hombre,72,495,14.545454545454545
2024,31205,rural,23,mujer,75,400,18.75
2024,31205,rural,24,hombre,74,469,15.778251599147122
2024,31205,rural,24,mujer,72,434,16.589861751152075
2024,31205,rural,25,hombre,72,404,17.821782178217823
2024,31205,rural,25,mujer,78,362,21.54696132596685
2024,31205,rural,26,hombre,54,424,12.735849056603774
2024,31205,rural,26,mujer,68,339,20.058997050147493
2024,31205,rural,27,hombre,60,445,13.48314606741573
2024,31205,rural,27,mujer,77,376,20.47872340425532
2024,31205,rural,28,hombre,58,446,13.004484304932735
2024,31205,rural,28,mujer,77,393,19.59287531806616
2024,31205,urbana,16,hombre,145,232,62.5
2024,31205,urbana,16,mujer,168,255,65.88235294117646
2024,31205,urbana,17,hombre,142,223,63.67713004484305
2024,31205,urbana,17,mujer,143,243,58.8477366255144
2024,31205,urbana,18,hombre,108,163,66.25766871165644
2024,31205,urbana,18,mujer,123,211,58.29383886255924
2024,31205,urbana,19,hombre,109,176,61.93181818181818
2024,31205,urbana,19,mujer,129,220,58.63636363636363
2024,31205,urbana,20,hombre,141,213,66.19718309859155
2024,31205,urbana,20,mujer,156,231,67.53246753246754
2024,31205,urbana,21,hombre,136,213,63.84976525821596
2024,31205,urbana,21,mujer,148,231,64.06926406926407
2024,31205,urbana,22,hombre,131,206,63.592233009708735
2024,31205,urbana,22,mujer,147,232,63.36206896551724
2024,31205,urbana,23,hombre,149,220,67.72727272727273
2024,31205,urbana,23,mujer,156,241,64.73029045643153
2024,31205,urbana,24,hombre,156,244,63.9344262295082
2024,31205,urbana,24,mujer,169,257,65.75875486381322
2024,31205,urbana,25,hombre,136,224,60.714285714285715
2024,31205,urbana,25,mujer,153,233,65.66523605150215
2024,31205,urbana,26,hombre,131,214,61.21495327102804
2024,31205,urbana,26,mujer,151,241,62.655601659751035
2024,31205,urbana,27,hombre,138,203,67.98029556650246
2024,31205,urbana,27,mujer,160,237,67.51054852320675
2024,31205,urbana,28,hombre,132,206,64.07766990291262
2024,31205,urbana,28,mujer,155,255,60.78431372549019
2024,31206,rural,16,hombre,28,132,21.21212121212121
2024,31206,rural,16,mujer,24,101,23.762376237623762
2024,31206,rural,17,hombre,24,141,17.02127659574468
2024,31206,rural,17,mujer,28,116,24.137931034482758
2024,31206,rural,18,hombre,11,118,9.322033898305085
2024,31206,rural,18,mujer,17,95,17.894736842105264
2024,31206,rural,19,hombre,26,154,16.883116883116884
2024,31206,rural,19,mujer,16,108,14.814814814814815
2024,31206,rural,20,hombre,18,114,15.789473684210526
2024,31206,rural,20,mujer,16,110,14.545454545454545
2024,31206,rural,21,hombre,17,164,10.365853658536585
2024,31206,rural,21,mujer,13,129,10.077519379844961
2024,31206,rural,22,hombre,16,136,11.764705882352942
2024,31206,rural,22,mujer,12,126,9.523809523809524
2024,31206,rural,23,hombre,26,213,12.206572769953052
2024,31206,rural,23,mujer,20,141,14.184397163120567
2024,31206,rural,24,hombre,24,206,11.650485436893204
2024,31206,rural,24,mujer,10,137,7.299270072992701
2024,31206,rural,25,hombre,19,196,9.693877551020408
2024,31206,rural,25,mujer,23,147,15.646258503401361
2024,31206,rural,26,hombre,18,174,10.344827586206897
2024,31206,rural,26,mujer,17,127,13.385826771653543
2024,31206,rural,27,hombre,13,179,7.262569832402234
2024,31206,rural,27,mujer,22,139,15.827338129496402
2024,31206,rural,28,hombre,10,173,5.780346820809249
2024,31206,rural,28,mujer,16,162,9.876543209876543
2024,31206,urbana,16,hombre,156,292,53.42465753424658
2024,31206,urbana,16,mujer,189,335,56.417910447761194
2024,31206,urbana,17,hombre,153,297,51.515151515151516
2024,31206,urbana,17,mujer,192,343,55.97667638483965
2024,31206,urbana,18,hombre,132,278,47.48201438848921
2024,31206,urbana,18,mujer,177,303,58.415841584158414
2024,31206,urbana,19,hombre,124,219,56.62100456621005
2024,31206,urbana,19,mujer,154,295,52.20338983050848
2024,31206,urbana,20,hombre,130,244,53.278688524590166
2024,31206,urbana,20,mujer,155,277,55.95667870036101
2024,31206,urbana,21,hombre,130,236,55.08474576271186
2024,31206,urbana,21,mujer,159,294,54.08163265306123
2024,31206,urbana,22,hombre,138,256,53.90625
2024,31206,urbana,22,mujer,174,299,58.19397993311037
2024,31206,urbana,23,hombre,172,271,63.46863468634686
2024,31206,urbana,23,mujer,184,341,53.95894428152493
2024,31206,urbana,24,hombre,160,302,52.980132450331126
2024,31206,urbana,24,mujer,197,328,60.0609756097561
2024,31206,urbana,25,hombre,148,257,57.5875486381323
2024,31206,urbana,25,mujer,157,288,54.513888888888886
2024,31206,urbana,26,hombre,133,244,54.50819672131148
2024,31206,urbana,26,mujer,174,299,58.19397993311037
2024,31206,urbana,27,hombre,142,253,56.126482213438734
2024,31206,urbana,27,mujer,156,285,54.73684210526316
2024,31206,urbana,28,hombre,146,262,55.725190839694655
2024,31206,urbana,28,mujer,166,334,49.70059880239521
2024,31301,rural,16,hombre,17,132,12.878787878787879
2024,31301,rural,16,mujer,21,120,17.5
2024,31301,rural,17,hombre,18,149,12.080536912751677
2024,31301,rural,17,mujer,16,117,13.675213675213675
2024,31301,rural,18,hombre,10,99,10.1010101010101
2024,31301,rural,18,mujer,15,114,13.157894736842104
2024,31301,rural,19,hombre,19,97,19.587628865979383
2024,31301,rural,19,mujer,13,107,12.149532710280374
2024,31301,rural,20,hombre,18,83,21.686746987951807
2024,31301,rural,20,mujer,14,110,12.727272727272727
2024,31301,rural,21,hombre,12,93,12.903225806451612
2024,31301,rural,21,mujer,12,96,12.5
2024,31301,rural,22,hombre,16,111,14.414414414414415
2024,31301,rural,22,mujer,16,91,17.582417582417584
2024,31301,rural,23,hombre,17,110,15.454545454545455
2024,31301,rural,23,mujer,18,112,16.071428571428573
2024,31301,rural,24,hombre,15,113,13.274336283185841
2024,31301,rural,24,mujer,19,109,17.431192660550458
2024,31301,rural,25,hombre,15,93,16.129032258064516
2024,31301,rural,25,mujer,17,113,15.044247787610619
2024,31301,rural,26,hombre,12,96,12.5
2024,31301,rural,26,mujer,18,105,17.142857142857142
2024,31301,rural,27,hombre,15,98,15.306122448979592
2024,31301,rural,27,mujer,19,82,23.170731707317074
2024,31301,rural,28,hombre,14,101,13.861386138613861
2024,31301,rural,28,mujer,16,85,18.823529411764707
2024,31301,urbana,16,hombre,59,68,86.76470588235294
2024,31301,urbana,16,mujer,41,60,68.33333333333333
2024,31301,urbana,17,hombre,48,58,82.75862068965517
2024,31301,urbana,17,mujer,47,61,77.04918032786885
2024,31301,urbana,18,hombre,39,50,78.0
2024,31301,urbana,18,mujer,45,57,78.94736842105263
2024,31301,urbana,19,hombre,27,31,87.09677419354838
2024,31301,urbana,19,mujer,28,37,75.67567567567568
2024,31301,urbana,20,hombre,39,47,82.97872340425532
2024,31301,urbana,20,mujer,35,48,72.91666666666667
2024,31301,urbana,21,hombre,25,33,75.75757575757575
2024,31301,urbana,21,mujer,34,49,69.38775510204081
2024,31301,urbana,22,hombre,40,49,81.63265306122449
2024,31301,urbana,22,mujer,36,50,72.0
2024,31301,urbana,23,hombre,36,54,66.66666666666667
2024,31301,urbana,23,mujer,35,53,66.0377358490566
2024,31301,urbana,24,hombre,35,47,74.46808510638297
2024,31301,urbana,24,mujer,47,55,85.45454545454545
2024,31301,urbana,25,hombre,25,36,69.44444444444444
2024,31301,urbana,25,mujer,38,49,77.55102040816327
2024,31301,urbana,26,hombre,33,46,71.73913043478261
2024,31301,urbana,26,mujer,32,42,76.19047619047619
2024,31301,urbana,27,hombre,43,59,72.88135593220339
2024,31301,urbana,27,mujer,31,50,62.0
2024,31301,urbana,28,hombre,31,43,72.09302325581395
2024,31301,urbana,28,mujer,42,58,72.41379310344827
2024,31302,rural,16,hombre,3,51,5.882352941176471
2024,31302,rural,16,mujer,5,40,12.5
2024,31302,rural,17,hombre,11,56,19.642857142857142
2024,31302,rural,17,mujer,4,40,10.0
2024,31302,rural,18,hombre,10,43,23.25581395348837
2024,31302,rural,18,mujer,7,54,12.962962962962964
2024,31302,rural,19,hombre,8,53,15.09433962264151
2024,31302,rural,19,mujer,6,48,12.5
2024,31302,rural,20,hombre,9,45,20.0
2024,31302,rural,20,mujer,5,49,10.204081632653061
2024,31302,rural,21,hombre,5,54,9.25925925925926
2024,31302,rural,21,mujer,10,45,22.22222222222222
2024,31302,rural,22,hombre,10,49,20.408163265306122
2024,31302,rural,22,mujer,7,39,17.94871794871795
2024,31302,rural,23,hombre,5,51,9.803921568627452
2024,31302,rural,23,mujer,5,42,11.904761904761905
2024,31302,rural,24,hombre,1,43,2.3255813953488373
2024,31302,rural,24,mujer,7,47,14.893617021276595
2024,31302,rural,25,hombre,8,41,19.51219512195122
2024,31302,rural,25,mujer,9,48,18.75
2024,31302,rural,26,hombre,3,31,9.67741935483871
2024,31302,rural,26,mujer,8,35,22.857142857142858
2024,31302,rural,27,hombre,5,32,15.625
2024,31302,rural,27,mujer,3,21,14.285714285714286
2024,31302,rural,28,hombre,3,36,8.333333333333334
2024,31302,rural,28,mujer,7,36,19.444444444444443
2024,31303,rural,16,hombre,2,42,4.761904761904762
2024,31303,rural,16,mujer,2,27,7.407407407407407
2024,31303,rural,17,hombre,2,35,5.714285714285714
2024,31303,rural,17,mujer,2,26,7.6923076923076925
2024,31303,rural,18,hombre,2,47,4.25531914893617
2024,31303,rural,18,mujer,1,22,4.545454545454546
2024,31303,rural,19,hombre,2,43,4.651162790697675
2024,31303,rural,19,mujer,2,32,6.25
2024,31303,rural,20,hombre,1,26,3.8461538461538463
2024,31303,rural,20,mujer,2,29,6.896551724137931
2024,31303,rural,21,hombre,0,27,0.0
2024,31303,rural,21,mujer,7,37,18.91891891891892
2024,31303,rural,22,hombre,4,37,10.81081081081081
2024,31303,rural,22,mujer,0,24,0.0
2024,31303,rural,23,hombre,1,45,2.2222222222222223
2024,31303,rural,23,mujer,5,41,12.195121951219512
2024,31303,rural,24,hombre,1,40,2.5
2024,31303,rural,24,mujer,3,27,11.11111111111111
2024,31303,rural,25,hombre,1,33,3.0303030303030303
2024,31303,rural,25,mujer,1,41,2.4390243902439024
2024,31303,rural,26,hombre,1,24,4.166666666666667
2024,31303,rural,26,mujer,4,23,17.391304347826086
2024,31303,rural,27,hombre,1,29,3.4482758620689653
2024,31303,rural,27,mujer,2,28,7.142857142857143
2024,31303,rural,28,hombre,1,32,3.125
2024,31303,rural,28,mujer,2,30,6.666666666666667
2024,31304,rural,16,hombre,10,110,9.090909090909092
2024,31304,rural,16,mujer,10,83,12.048192771084338
2024,31304,rural,17,hombre,10,99,10.1010101010101
2024,31304,rural,17,mujer,10,96,10.416666666666666
2024,31304,rural,18,hombre,7,83,8.433734939759036
2024,31304,rural,18,mujer,7,72,9.722222222222221
2024,31304,rural,19,hombre,5,86,5.813953488372093
2024,31304,rural,19,mujer,4,79,5.063291139240507
2024,31304,rural,20,hombre,6,86,6.976744186046512
2024,31304,rural,20,mujer,3,90,3.3333333333333335
2024,31304,rural,21,hombre,5,65,7.6923076923076925
2024,31304,rural,21,mujer,6,52,11.538461538461538
2024,31304,rural,22,hombre,8,69,11.594202898550725
2024,31304,rural,22,mujer,8,51,15.686274509803921
2024,31304,rural,23,hombre,4,73,5.47945205479452
2024,31304,rural,23,mujer,8,69,11.594202898550725
2024,31304,rural,24,hombre,8,80,10.0
2024,31304,rural,24,mujer,2,58,3.4482758620689653
2024,31304,rural,25,hombre,5,64,7.8125
2024,31304,rural,25,mujer,4,63,6.349206349206349
2024,31304,rural,26,hombre,5,60,8.333333333333334
2024,31304,rural,26,mujer,3,45,6.666666666666667
2024,31304,rural,27,hombre,7,40,17.5
2024,31304,rural,27,mujer,8,50,16.0
2024,31304,rural,28,hombre,4,61,6.557377049180328
2024,31304,rural,28,mujer,2,39,5.128205128205129
2024,31401,rural,16,hombre,19,65,29.23076923076923
2024,31401,rural,16,mujer,16,49,32.6530612244898
2024,31401,rural,17,hombre,22,56,39.285714285714285
2024,31401,rural,17,mujer,16,50,32.0
2024,31401,rural,18,hombre,14,47,29.78723404255319
2024,31401,rural,18,mujer,18,67,26.865671641791046
2024,31401,rural,19,hombre,18,47,38.297872340425535
2024,31401,rural,19,mujer,18,60,30.0
2024,31401,rural,20,hombre,23,59,38.983050847457626
2024,31401,rural,20,mujer,12,42,28.571428571428573
2024,31401,rural,21,hombre,10,61,16.39344262295082
2024,31401,rural,21,mujer,18,56,32.142857142857146
2024,31401,rural,22,hombre,17,47,36.170212765957444
2024,31401,rural,22,mujer,15,56,26.785714285714285
2024,31401,rural,23,hombre,16,53,30.18867924528302
2024,31401,rural,23,mujer,17,84,20.238095238095237
2024,31401,rural,24,hombre,26,80,32.5
2024,31401,rural,24,mujer,31,79,39.24050632911393
2024,31401,rural,25,hombre,9,48,18.75
2024,31401,rural,25,mujer,17,56,30.357142857142858
2024,31401,rural,26,hombre,17,52,32.69230769230769
2024,31401,rural,26,mujer,22,69,31.884057971014492
2024,31401,rural,27,hombre,15,55,27.272727272727273
2024,31401,rural,27,mujer,25,69,36.231884057971016
2024,31401,rural,28,hombre,16,68,23.529411764705884
2024,31401,rural,28,mujer,22,68,32.35294117647059
2024,31401,urbana,16,hombre,150,227,66.07929515418502
2024,31401,urbana,16,mujer,145,232,62.5
2024,31401,urbana,17,hombre,153,221,69.23076923076923
2024,31401,urbana,17,mujer,145,211,68.72037914691943
2024,31401,urbana,18,hombre,131,184,71.19565217391305
2024,31401,urbana,18,mujer,169,248,68.14516129032258
2024,31401,urbana,19,hombre,151,202,74.75247524752476
2024,31401,urbana,19,mujer,174,233,74.67811158798283
2024,31401,urbana,20,hombre,134,191,70.15706806282722
2024,31401,urbana,20,mujer,148,213,69.48356807511738
2024,31401,urbana,21,hombre,146,198,73.73737373737374
2024,31401,urbana,21,mujer,154,212,72.64150943396227
2024,31401,urbana,22,hombre,148,207,71.4975845410628
2024,31401,urbana,22,mujer,190,248,76.61290322580645
2024,31401,urbana,23,hombre,170,240,70.83333333333333
2024,31401,urbana,23,mujer,174,241,72.19917012448133
2024,31401,urbana,24,hombre,166,228,72.80701754385964
2024,31401,urbana,24,mujer,155,233,66.52360515021459
2024,31401,urbana,25,hombre,181,250,72.4
2024,31401,urbana,25,mujer,185,254,72.83464566929133
2024,31401,urbana,26,hombre,142,200,71.0
2024,31401,urbana,26,mujer,180,251,71.71314741035856
2024,31401,urbana,27,hombre,125,180,69.44444444444444
2024,31401,urbana,27,mujer,163,233,69.95708154506438
2024,31401,urbana,28,hombre,131,197,66.49746192893402
2024,31401,urbana,28,mujer,166,238,69.74789915966386
2024,31402,rural,16,hombre,15,57,26.31578947368421
2024,31402,rural,16,mujer,22,52,42.30769230769231
2024,31402,rural,17,hombre,13,43,30.232558139534884
2024,31402,rural,17,mujer,14,38,36.8421052631579
2024,31402,rural,18,hombre,12,32,37.5
2024,31402,rural,18,mujer,29,56,51.785714285714285
2024,31402,rural,19,hombre,13,36,36.111111111111114
2024,31402,rural,19,mujer,15,44,34.09090909090909
2024,31402,rural,20,hombre,11,38,28.94736842105263
2024,31402,rural,20,mujer,14,44,31.818181818181817
2024,31402,rural,21,hombre,20,52,38.46153846153846
2024,31402,rural,21,mujer,10,42,23.80952380952381
2024,31402,rural,22,hombre,14,42,33.333333333333336
2024,31402,rural,22,mujer,9,36,25.0
2024,31402,rural,23,hombre,18,47,38.297872340425535
2024,31402,rural,23,mujer,20,40,50.0
2024,31402,rural,24,hombre,14,41,34.146341463414636
2024,31402,rural,24,mujer,10,40,25.0
2024,31402,rural,25,hombre,17,34,50.0
2024,31402,rural,25,mujer,15,47,31.914893617021278
2024,31402,rural,26,hombre,11,40,27.5
2024,31402,rural,26,mujer,19,49,38.775510204081634
2024,31402,rural,27,hombre,14,41,34.146341463414636
2024,31402,rural,27,mujer,14,45,31.11111111111111
2024,31402,rural,28,hombre,20,51,39.21568627450981
2024,31402,rural,28,mujer,14,40,35.0
2024,31402,urbana,16,hombre,3,33,9.090909090909092
2024,31402,urbana,16,mujer,3,24,12.5
2024,31402,urbana,17,hombre,0,33,0.0
2024,31402,urbana,17,mujer,9,34,26.470588235294116
2024,31402,urbana,18,hombre,1,26,3.8461538461538463
2024,31402,urbana,18,mujer,4,31,12.903225806451612
2024,31402,urbana,19,hombre,5,29,17.24137931034483
2024,31402,urbana,19,mujer,2,37,5.405405405405405
2024,31402,urbana,20,hombre,4,29,13.793103448275861
2024,31402,urbana,20,mujer,2,24,8.333333333333334
2024,31402,urbana,21,hombre,4,36,11.11111111111111
2024,31402,urbana,21,mujer,1,19,5.2631578947368425
2024,31402,urbana,22,hombre,4,23,17.391304347826086
2024,31402,urbana,22,mujer,2,28,7.142857142857143
2024,31402,urbana,23,hombre,5,20,25.0
2024,31402,urbana,23,mujer,4,32,12.5
2024,31402,urbana,24,hombre,3,28,10.714285714285714
2024,31402,urbana,24,mujer,0,36,0.0
2024,31402,urbana,25,hombre,1,21,4.761904761904762
2024,31402,urbana,25,mujer,4,22,18.181818181818183
2024,31402,urbana,26,hombre,3,20,15.0
2024,31402,urbana,26,mujer,0,29,0.0
2024,31402,urbana,27,hombre,2,25,8.0
2024,31402,urbana,27,mujer,1,25,4.0
2024,31402,urbana,28,hombre,1,14,7.142857142857143
2024,31402,urbana,28,mujer,2,21,9.523809523809524
2024,31403,rural,16,hombre,3,29,10.344827586206897
2024,31403,rural,16,mujer,9,38,23.68421052631579
2024,31403,rural,17,hombre,9,35,25.714285714285715
2024,31403,rural,17,mujer,12,28,42.857142857142854
2024,31403,rural,18,hombre,8,35,22.857142857142858
2024,31403,rural,18,mujer,6,36,16.666666666666668
2024,31403,rural,19,hombre,10,36,27.77777777777778
2024,31403,rural,19,mujer,8,34,23.529411764705884
2024,31403,rural,20,hombre,8,40,20.0
2024,31403,rural,20,mujer,12,35,34.285714285714285
2024,31403,rural,21,hombre,10,30,33.333333333333336
2024,31403,rural,21,mujer,12,36,33.333333333333336
2024,31403,rural,22,hombre,4,35,11.428571428571429
2024,31403,rural,22,mujer,6,36,16.666666666666668
2024,31403,rural,23,hombre,11,29,37.93103448275862
2024,31403,rural,23,mujer,15,42,35.714285714285715
2024,31403,rural,24,hombre,9,28,32.142857142857146
2024,31403,rural,24,mujer,15,38,39.473684210526315
2024,31403,rural,25,hombre,9,28,32.142857142857146
2024,31403,rural,25,mujer,10,36,27.77777777777778
2024,31403,rural,26,hombre,10,30,33.333333333333336
2024,31403,rural,26,mujer,6,26,23.076923076923077
2024,31403,rural,27,hombre,12,40,30.0
2024,31403,rural,27,mujer,7,24,29.166666666666668
2024,31403,rural,28,hombre,12,42,28.571428571428573
2024,31403,rural,28,mujer,13,36,36.111111111111114
2024,31403,urbana,16,hombre,31,62,50.0
2024,31403,urbana,16,mujer,41,82,50.0
2024,31403,urbana,17,hombre,51,92,55.43478260869565
2024,31403,urbana,17,mujer,37,64,57.8125
2024,31403,urbana,18,hombre,43,70,61.42857142857143
2024,31403,urbana,18,mujer,41,70,58.57142857142857
2024,31403,urbana,19,hombre,44,74,59.45945945945946
2024,31403,urbana,19,mujer,39,71,54.929577464788736
2024,31403,urbana,20,hombre,47,67,70.14925373134328
2024,31403,urbana,20,mujer,35,68,51.470588235294116
2024,31403,urbana,21,hombre,42,62,67.74193548387096
2024,31403,urbana,21,mujer,29,64,45.3125
2024,31403,urbana,22,hombre,53,75,70.66666666666667
2024,31403,urbana,22,mujer,41,70,58.57142857142857
2024,31403,urbana,23,hombre,41,61,67.21311475409836
2024,31403,urbana,23,mujer,55,86,63.95348837209303
2024,31403,urbana,24,hombre,52,82,63.41463414634146
2024,31403,urbana,24,mujer,45,71,63.38028169014085
2024,31403,urbana,25,hombre,35,57,61.40350877192982
2024,31403,urbana,25,mujer,39,61,63.9344262295082
2024,31403,urbana,26,hombre,57,93,61.29032258064516
2024,31403,urbana,26,mujer,45,72,62.5
2024,31403,urbana,27,hombre,32,60,53.333333333333336
2024,31403,urbana,27,mujer,40,72,55.55555555555556
2024,31403,urbana,28,hombre,43,70,61.42857142857143
2024,31403,urbana,28,mujer,40,71,56.33802816901409
2024,31404,rural,16,hombre,2,16,12.5
2024,31404,rural,16,mujer,4,9,44.44444444444444
2024,31404,rural,17,hombre,2,11,18.181818181818183
2024,31404,rural,17,mujer,2,5,40.0
2024,31404,rural,18,hombre,5,10,50.0
2024,31404,rural,18,mujer,3,11,27.272727272727273
2024,31404,rural,19,hombre,3,11,27.272727272727273
2024,31404,rural,19,mujer,2,7,28.571428571428573
2024,31404,rural,20,hombre,2,11,18.181818181818183
2024,31404,rural,20,mujer,0,6,0.0
2024,31404,rural,21,hombre,1,7,14.285714285714286
2024,31404,rural,21,mujer,5,14,35.714285714285715
2024,31404,rural,22,hombre,0,7,0.0
2024,31404,rural,22,mujer,2,10,20.0
2024,31404,rural,23,hombre,2,6,33.333333333333336
2024,31404,rural,23,mujer,2,8,25.0
2024,31404,rural,24,hombre,0,6,0.0
2024,31404,rural,24,mujer,6,14,42.857142857142854
2024,31404,rural,25,hombre,2,10,20.0
2024,31404,rural,25,mujer,1,3,33.333333333333336
2024,31404,rural,26,hombre,4,11,36.36363636363637
2024,31404,rural,26,mujer,3,10,30.0
2024,31404,rural,27,hombre,1,6,16.666666666666668
2024,31404,rural,27,mujer,4,12,33.333333333333336
2024,31404,rural,28,hombre,2,8,25.0
2024,31404,rural,28,mujer,3,8,37.5
2024,31405,rural,16,hombre,7,33,21.21212121212121
2024,31405,rural,16,mujer,11,40,27.5
2024,31405,rural,17,hombre,5,26,19.23076923076923
2024,31405,rural,17,mujer,8,25,32.0
2024,31405,rural,18,hombre,6,29,20.689655172413794
2024,31405,rural,18,mujer,4,30,13.333333333333334
2024,31405,rural,19,hombre,7,41,17.073170731707318
2024,31405,rural,19,mujer,2,24,8.333333333333334
2024,31405,rural,20,hombre,5,29,17.24137931034483
2024,31405,rural,20,mujer,5,42,11.904761904761905
2024,31405,rural,21,hombre,6,29,20.689655172413794
2024,31405,rural,21,mujer,1,18,5.555555555555555
2024,31405,rural,22,hombre,7,29,24.137931034482758
2024,31405,rural,22,mujer,4,25,16.0
2024,31405,rural,23,hombre,6,26,23.076923076923077
2024,31405,rural,23,mujer,7,31,22.580645161290324
2024,31405,rural,24,hombre,5,43,11.627906976744185
2024,31405,rural,24,mujer,3,33,9.090909090909092
2024,31405,rural,25,hombre,6,32,18.75
2024,31405,rural,25,mujer,12,49,24.489795918367346
2024,31405,rural,26,hombre,3,21,14.285714285714286
2024,31405,rural,26,mujer,5,29,17.24137931034483
2024,31405,rural,27,hombre,6,29,20.689655172413794
2024,31405,rural,27,mujer,3,21,14.285714285714286
2024,31405,rural,28,hombre,6,25,24.0
2024,31405,rural,28,mujer,7,40,17.5
2024,31501,rural,16,hombre,4,91,4.395604395604396
2024,31501,rural,16,mujer,6,62,9.67741935483871
2024,31501,rural,17,hombre,4,81,4.938271604938271
2024,31501,rural,17,mujer,5,56,8.928571428571429
2024,31501,rural,18,hombre,3,49,6.122448979591836
2024,31501,rural,18,mujer,2,48,4.166666666666667
2024,31501,rural,19,hombre,1,54,1.8518518518518519
2024,31501,rural,19,mujer,2,56,3.5714285714285716
2024,31501,rural,20,hombre,2,58,3.4482758620689653
2024,31501,rural,20,mujer,3,68,4.411764705882353
2024,31501,rural,21,hombre,4,76,5.2631578947368425
2024,31501,rural,21,mujer,1,53,1.8867924528301887
2024,31501,rural,22,hombre,2,82,2.4390243902439024
2024,31501,rural,22,mujer,3,45,6.666666666666667
2024,31501,rural,23,hombre,8,85,9.411764705882353
2024,31501,rural,23,mujer,2,71,2.816901408450704
2024,31501,rural,24,hombre,4,93,4.301075268817204
2024,31501,rural,24,mujer,2,63,3.1746031746031744
2024,31501,rural,25,hombre,4,64,6.25
2024,31501,rural,25,mujer,2,59,3.389830508474576
2024,31501,rural,26,hombre,2,53,3.7735849056603774
2024,31501,rural,26,mujer,6,57,10.526315789473685
2024,31501,rural,27,hombre,1,78,1.2820512820512822
2024,31501,rural,27,mujer,1,55,1.8181818181818181
2024,31501,rural,28,hombre,1,73,1.36986301369863
2024,31501,rural,28,mujer,4,43,9.30232558139535
2024,31601,rural,16,hombre,19,172,11.046511627906977
2024,31601,rural,16,mujer,15,176,8.522727272727273
2024,31601,rural,17,hombre,16,139,11.510791366906474
2024,31601,rural,17,mujer,10,163,6.134969325153374
2024,31601,rural,18,hombre,12,131,9.16030534351145
2024,31601,rural,18,mujer,15,127,11.811023622047244
2024,31601,rural,19,hombre,16,128,12.5
2024,31601,rural,19,mujer,9,103,8.737864077669903
2024,31601,rural,20,hombre,8,112,7.142857142857143
2024,31601,rural,20,mujer,9,109,8.256880733944953
2024,31601,rural,21,hombre,13,133,9.774436090225564
2024,31601,rural,21,mujer,13,127,10.236220472440944
2024,31601,rural,22,hombre,10,118,8.474576271186441
2024,31601,rural,22,mujer,16,119,13.445378151260504
2024,31601,rural,23,hombre,8,140,5.714285714285714
2024,31601,rural,23,mujer,7,127,5.511811023622047
2024,31601,rural,24,hombre,14,135,10.37037037037037
2024,31601,rural,24,mujer,16,145,11.03448275862069
2024,31601,rural,25,hombre,13,122,10.655737704918034
2024,31601,rural,25,mujer,9,119,7.563025210084033
2024,31601,rural,26,hombre,11,117,9.401709401709402
2024,31601,rural,26,mujer,11,97,11.34020618556701
2024,31601,rural,27,hombre,11,113,9.734513274336283
2024,31601,rural,27,mujer,5,97,5.154639175257732
2024,31601,rural,28,hombre,13,114,11.403508771929825
2024,31601,rural,28,mujer,6,96,6.25
2024,31601,urbana,16,hombre,21,21,100.0
2024,31601,urbana,16,mujer,27,35,77.14285714285714
2024,31601,urbana,17,hombre,27,28,96.42857142857143
2024,31601,urbana,17,mujer,21,24,87.5
2024,31601,urbana,18,hombre,14,15,93.33333333333333
2024,31601,urbana,18,mujer,17,19,89.47368421052632
2024,31601,urbana,19,hombre,17,19,89.47368421052632
2024,31601,urbana,19,mujer,21,23,91.30434782608695
2024,31601,urbana,20,hombre,17,19,89.47368421052632
2024,31601,urbana,20,mujer,17,19,89.47368421052632
2024,31601,urbana,21,hombre,20,21,95.23809523809524
2024,31601,urbana,21,mujer,27,27,100.0
2024,31601,urbana,22,hombre,26,30,86.66666666666667
2024,31601,urbana,22,mujer,19,20,95.0
2024,31601,urbana,23,hombre,20,24,83.33333333333333
2024,31601,urbana,23,mujer,21,24,87.5
2024,31601,urbana,24,hombre,18,19,94.73684210526316
2024,31601,urbana,24,mujer,22,25,88.0
2024,31601,urbana,25,hombre,17,18,94.44444444444444
2024,31601,urbana,25,mujer,21,23,91.30434782608695
2024,31601,urbana,26,hombre,13,17,76.47058823529412
2024,31601,urbana,26,mujer,15,16,93.75
2024,31601,urbana,27,hombre,18,19,94.73684210526316
2024,31601,urbana,27,mujer,20,22,90.9090909090909
2024,31601,urbana,28,hombre,15,20,75.0
2024,31601,urbana,28,mujer,17,21,80.95238095238095
2024,31602,rural,16,hombre,42,194,21.649484536082475
2024,31602,rural,16,mujer,44,163,26.993865030674847
2024,31602,rural,17,hombre,44,163,26.993865030674847
2024,31602,rural,17,mujer,50,162,30.864197530864196
2024,31602,rural,18,hombre,33,157,21.019108280254777
2024,31602,rural,18,mujer,40,152,26.31578947368421
2024,31602,rural,19,hombre,25,128,19.53125
2024,31602,rural,19,mujer,37,154,24.025974025974026
2024,31602,rural,20,hombre,45,192,23.4375
2024,31602,rural,20,mujer,33,144,22.916666666666668
2024,31602,rural,21,hombre,25,155,16.129032258064516
2024,31602,rural,21,mujer,42,166,25.301204819277107
2024,31602,rural,22,hombre,40,177,22.598870056497177
2024,31602,rural,22,mujer,52,197,26.395939086294415
2024,31602,rural,23,hombre,53,184,28.804347826086957
2024,31602,rural,23,mujer,48,145,33.10344827586207
2024,31602,rural,24,hombre,47,198,23.737373737373737
2024,31602,rural,24,mujer,34,162,20.987654320987655
2024,31602,rural,25,hombre,36,191,18.848167539267017
2024,31602,rural,25,mujer,41,159,25.78616352201258
2024,31602,rural,26,hombre,45,184,24.456521739130434
2024,31602,rural,26,mujer,38,167,22.75449101796407
2024,31602,rural,27,hombre,31,156,19.871794871794872
2024,31602,rural,27,mujer,40,163,24.539877300613497
2024,31602,rural,28,hombre,38,161,23.60248447204969
2024,31602,rural,28,mujer,46,163,28.220858895705522
2024,31602,urbana,16,hombre,76,105,72.38095238095238
2024,31602,urbana,16,mujer,76,96,79.16666666666667
2024,31602,urbana,17,hombre,76,98,77.55102040816327
2024,31602,urbana,17,mujer,71,96,73.95833333333333
2024,31602,urbana,18,hombre,52,73,71.23287671232876
2024,31602,urbana,18,mujer,65,84,77.38095238095238
2024,31602,urbana,19,hombre,64,79,81.0126582278481
2024,31602,urbana,19,mujer,72,100,72.0
2024,31602,urbana,20,hombre,68,88,77.27272727272727
2024,31602,urbana,20,mujer,72,95,75.78947368421052
2024,31602,urbana,21,hombre,62,84,73.80952380952381
2024,31602,urbana,21,mujer,66,84,78.57142857142857
2024,31602,urbana,22,hombre,59,72,81.94444444444444
2024,31602,urbana,22,mujer,70,87,80.45977011494253
2024,31602,urbana,23,hombre,79,104,75.96153846153847
2024,31602,urbana,23,mujer,69,98,70.40816326530613
2024,31602,urbana,24,hombre,60,80,75.0
2024,31602,urbana,24,mujer,73,96,76.04166666666667
2024,31602,urbana,25,hombre,69,89,77.52808988764045
2024,31602,urbana,25,mujer,72,94,76.59574468085107
2024,31602,urbana,26,hombre,56,70,80.0
2024,31602,urbana,26,mujer,76,101,75.24752475247524
2024,31602,urbana,27,hombre,63,82,76.82926829268293
2024,31602,urbana,27,mujer,71,91,78.02197802197803
2024,31602,urbana,28,hombre,64,86,74.4186046511628
2024,31602,urbana,28,mujer,59,91,64.83516483516483
2024,40101,rural,18,mujer,0,1,0.0
2024,40101,rural,21,hombre,0,1,0.0
2024,40101,rural,22,hombre,0,1,0.0
2024,40101,rural,22,mujer,0,1,0.0
2024,40101,rural,24,hombre,0,1,0.0
2024,40101,rural,24,mujer,0,1,0.0
2024,40101,rural,25,hombre,0,1,0.0
2024,40101,rural,25,mujer,0,1,0.0
2024,40101,rural,26,hombre,0,3,0.0
2024,40101,rural,28,mujer,0,1,0.0
2024,40101,urbana,16,hombre,2257,2790,80.89605734767025
2024,40101,urbana,16,mujer,2371,2881,82.29781325928496
2024,40101,urbana,17,hombre,2205,2728,80.82844574780059
2024,40101,urbana,17,mujer,2230,2775,80.36036036036036
2024,40101,urbana,18,hombre,1880,2304,81.59722222222223
2024,40101,urbana,18,mujer,2183,2719,80.28687017285768
2024,40101,urbana,19,hombre,1970,2384,82.63422818791946
2024,40101,urbana,19,mujer,2146,2711,79.15898192548875
2024,40101,urbana,20,hombre,2058,2517,81.76400476758046
2024,40101,urbana,20,mujer,2174,2709,80.25101513473606
2024,40101,urbana,21,hombre,2167,2682,80.7979120059657
2024,40101,urbana,21,mujer,2199,2765,79.52983725135624
2024,40101,urbana,22,hombre,2256,2753,81.94696694515075
2024,40101,urbana,22,mujer,2268,2794,81.17394416607016
2024,40101,urbana,23,hombre,2435,2953,82.4585167626143
2024,40101,urbana,23,mujer,2356,2952,79.81029810298104
2024,40101,urbana,24,hombre,2292,2795,82.00357781753131
2024,40101,urbana,24,mujer,2395,2978,80.42310275352585
2024,40101,urbana,25,hombre,2147,2607,82.35519754507096
2024,40101,urbana,25,mujer,2208,2780,79.42446043165468
2024,40101,urbana,26,hombre,2099,2504,83.8258785942492
2024,40101,urbana,26,mujer,2213,2777,79.69031328772056
2024,40101,urbana,27,hombre,2007,2447,82.01879852881079
2024,40101,urbana,27,mujer,2237,2767,80.84568124322371
2024,40101,urbana,28,hombre,2050,2452,83.605220228385
2024,40101,urbana,28,mujer,2298,2825,81.34513274336283
2024,40102,rural,16,hombre,14,113,12.389380530973451
2024,40102,rural,16,mujer,16,126,12.698412698412698
2024,40102,rural,17,hombre,20,113,17.699115044247787
2024,40102,rural,17,mujer,22,137,16.05839416058394
2024,40102,rural,18,hombre,13,121,10.743801652892563
2024,40102,rural,18,mujer,18,125,14.4
2024,40102,rural,19,hombre,15,109,13.761467889908257
2024,40102,rural,19,mujer,14,114,12.280701754385966
2024,40102,rural,20,hombre,19,108,17.59259259259259
2024,40102,rural,20,mujer,9,113,7.964601769911504
2024,40102,rural,21,hombre,19,114,16.666666666666668
2024,40102,rural,21,mujer,21,116,18.103448275862068
2024,40102,rural,22,hombre,14,103,13.592233009708737
2024,40102,rural,22,mujer,17,116,14.655172413793103
2024,40102,rural,23,hombre,22,108,20.37037037037037
2024,40102,rural,23,mujer,18,135,13.333333333333334
2024,40102,rural,24,hombre,16,159,10.062893081761006
2024,40102,rural,24,mujer,24,125,19.2
2024,40102,rural,25,hombre,7,114,6.140350877192983
2024,40102,rural,25,mujer,11,101,10.891089108910892
2024,40102,rural,26,hombre,14,119,11.764705882352942
2024,40102,rural,26,mujer,24,118,20.338983050847457
2024,40102,rural,27,hombre,10,103,9.70873786407767
2024,40102,rural,27,mujer,14,117,11.965811965811966
2024,40102,rural,28,hombre,16,108,14.814814814814815
2024,40102,rural,28,mujer,20,115,17.391304347826086
2024,40102,urbana,16,hombre,44,66,66.66666666666667
2024,40102,urbana,16,mujer,42,71,59.15492957746479
2024,40102,urbana,17,hombre,52,72,72.22222222222223
2024,40102,urbana,17,mujer,48,68,70.58823529411765
2024,40102,urbana,18,hombre,41,58,70.6896551724138
2024,40102,urbana,18,mujer,48,74,64.86486486486487
2024,40102,urbana,19,hombre,53,76,69.73684210526316
2024,40102,urbana,19,mujer,47,67,70.14925373134328
2024,40102,urbana,20,hombre,43,64,67.1875
2024,40102,urbana,20,mujer,44,68,64.70588235294117
2024,40102,urbana,21,hombre,39,67,58.208955223880594
2024,40102,urbana,21,mujer,46,69,66.66666666666667
2024,40102,urbana,22,hombre,43,72,59.72222222222222
2024,40102,urbana,22,mujer,52,65,80.0
2024,40102,urbana,23,hombre,50,70,71.42857142857143
2024,40102,urbana,23,mujer,43,75,57.333333333333336
2024,40102,urbana,24,hombre,47,74,63.513513513513516
2024,40102,urbana,24,mujer,55,75,73.33333333333333
2024,40102,urbana,25,hombre,43,70,61.42857142857143
2024,40102,urbana,25,mujer,39,71,54.929577464788736
2024,40102,urbana,26,hombre,43,68,63.23529411764706
2024,40102,urbana,26,mujer,53,77,68.83116883116882
2024,40102,urbana,27,hombre,30,57,52.63157894736842
2024,40102,urbana,27,mujer,42,73,57.534246575342465
2024,40102,urbana,28,hombre,27,51,52.94117647058823
2024,40102,urbana,28,mujer,31,55,56.36363636363637
2024,40103,rural,16,hombre,3,82,3.658536585365854
2024,40103,rural,16,mujer,1,72,1.3888888888888888
2024,40103,rural,17,hombre,1,71,1.408450704225352
2024,40103,rural,17,mujer,3,62,4.838709677419355
2024,40103,rural,18,hombre,2,67,2.985074626865672
2024,40103,rural,18,mujer,3,65,4.615384615384615
2024,40103,rural,19,hombre,3,79,3.7974683544303796
2024,40103,rural,19,mujer,0,85,0.0
2024,40103,rural,20,hombre,2,82,2.4390243902439024
2024,40103,rural,20,mujer,0,65,0.0
2024,40103,rural,21,hombre,2,63,3.1746031746031744
2024,40103,rural,21,mujer,1,67,1.492537313432836
2024,40103,rural,22,hombre,3,82,3.658536585365854
2024,40103,rural,22,mujer,1,69,1.4492753623188406
2024,40103,rural,23,hombre,3,96,3.125
2024,40103,rural,23,mujer,2,69,2.898550724637681
2024,40103,rural,24,hombre,2,98,2.0408163265306123
2024,40103,rural,24,mujer,2,75,2.6666666666666665
2024,40103,rural,25,hombre,4,93,4.301075268817204
2024,40103,rural,25,mujer,3,77,3.896103896103896
2024,40103,rural,26,hombre,3,63,4.761904761904762
2024,40103,rural,26,mujer,0,76,0.0
2024,40103,rural,27,hombre,1,82,1.2195121951219512
2024,40103,rural,27,mujer,1,75,1.3333333333333333
2024,40103,rural,28,hombre,3,84,3.5714285714285716
2024,40103,rural,28,mujer,1,76,1.3157894736842106
2024,40104,rural,16,hombre,16,144,11.11111111111111
2024,40104,rural,16,mujer,27,141,19.148936170212767
2024,40104,rural,17,hombre,12,121,9.917355371900827
2024,40104,rural,17,mujer,20,129,15.503875968992247
2024,40104,rural,18,hombre,13,91,14.285714285714286
2024,40104,rural,18,mujer,16,109,14.678899082568808
2024,40104,rural,19,hombre,9,108,8.333333333333334
2024,40104,rural,19,mujer,22,126,17.46031746031746
2024,40104,rural,20,hombre,10,110,9.090909090909092
2024,40104,rural,20,mujer,12,107,11.214953271028037
2024,40104,rural,21,hombre,9,109,8.256880733944953
2024,40104,rural,21,mujer,11,115,9.565217391304348
2024,40104,rural,22,hombre,14,126,11.11111111111111
2024,40104,rural,22,mujer,16,133,12.030075187969924
2024,40104,rural,23,hombre,16,140,11.428571428571429
2024,40104,rural,23,mujer,17,124,13.709677419354838
2024,40104,rural,24,hombre,19,128,14.84375
2024,40104,rural,24,mujer,11,106,10.377358490566039
2024,40104,rural,25,hombre,16,134,11.940298507462687
2024,40104,rural,25,mujer,21,145,14.482758620689655
2024,40104,rural,26,hombre,12,122,9.836065573770492
2024,40104,rural,26,mujer,11,112,9.821428571428571
2024,40104,rural,27,hombre,20,154,12.987012987012987
2024,40104,rural,27,mujer,11,117,9.401709401709402
2024,40104,rural,28,hombre,11,119,9.243697478991596
2024,40104,rural,28,mujer,17,132,12.878787878787879
2024,40201,rural,16,hombre,22,200,11.0
2024,40201,rural,16,mujer,21,133,15.789473684210526
2024,40201,rural,17,hombre,19,156,12.179487179487179
2024,40201,rural,17,mujer,26,143,18.181818181818183
2024,40201,rural,18,hombre,20,168,11.904761904761905
2024,40201,rural,18,mujer,24,187,12.834224598930481
2024,40201,rural,19,hombre,18,175,10.285714285714286
2024,40201,rural,19,mujer,11,148,7.4324324324324325
2024,40201,rural,20,hombre,25,189,13.227513227513228
2024,40201,rural,20,mujer,15,154,9.74025974025974
2024,40201,rural,21,hombre,16,231,6.926406926406926
2024,40201,rural,21,mujer,25,175,14.285714285714286
2024,40201,rural,22,hombre,11,194,5.670103092783505
2024,40201,rural,22,mujer,18,164,10.975609756097562
2024,40201,rural,23,hombre,21,215,9.767441860465116
2024,40201,rural,23,mujer,20,180,11.11111111111111
2024,40201,rural,24,hombre,24,228,10.526315789473685
2024,40201,rural,24,mujer,18,208,8.653846153846153
2024,40201,rural,25,hombre,20,208,9.615384615384615
2024,40201,rural,25,mujer,19,131,14.50381679389313
2024,40201,rural,26,hombre,18,219,8.219178082191782
2024,40201,rural,26,mujer,18,158,11.39240506329114
2024,40201,rural,27,hombre,11,213,5.164319248826291
2024,40201,rural,27,mujer,17,148,11.486486486486486
2024,40201,rural,28,hombre,14,222,6.306306306306307
2024,40201,rural,28,mujer,15,166,9.036144578313253
2024,40201,urbana,16,hombre,115,147,78.2312925170068
2024,40201,urbana,16,mujer,129,165,78.18181818181819
2024,40201,urbana,17,hombre,89,116,76.72413793103448
2024,40201,urbana,17,mujer,129,167,77.24550898203593
2024,40201,urbana,18,hombre,82,108,75.92592592592592
2024,40201,urbana,18,mujer,98,128,76.5625
2024,40201,urbana,19,hombre,77,91,84.61538461538461
2024,40201,urbana,19,mujer,79,105,75.23809523809524
2024,40201,urbana,20,hombre,79,91,86.81318681318682
2024,40201,urbana,20,mujer,107,131,81.6793893129771
2024,40201,urbana,21,hombre,72,89,80.89887640449439
2024,40201,urbana,21,mujer,93,109,85.3211009174312
2024,40201,urbana,22,hombre,75,95,78.94736842105263
2024,40201,urbana,22,mujer,98,123,79.67479674796748
2024,40201,urbana,23,hombre,70,86,81.3953488372093
2024,40201,urbana,23,mujer,106,130,81.53846153846153
2024,40201,urbana,24,hombre,91,117,77.77777777777777
2024,40201,urbana,24,mujer,101,126,80.15873015873017
2024,40201,urbana,25,hombre,76,99,76.76767676767676
2024,40201,urbana,25,mujer,108,142,76.05633802816901
2024,40201,urbana,26,hombre,79,100,79.0
2024,40201,urbana,26,mujer,84,105,80.0
2024,40201,urbana,27,hombre,67,86,77.90697674418605
2024,40201,urbana,27,mujer,79,121,65.2892561983471
2024,40201,urbana,28,hombre,67,85,78.82352941176471
2024,40201,urbana,28,mujer,94,126,74.60317460317461
2024,40202,rural,16,hombre,24,56,42.857142857142854
2024,40202,rural,16,mujer,21,49,42.857142857142854
2024,40202,rural,17,hombre,9,36,25.0
2024,40202,rural,17,mujer,14,40,35.0
2024,40202,rural,18,hombre,13,30,43.333333333333336
2024,40202,rural,18,mujer,11,42,26.19047619047619
2024,40202,rural,19,hombre,11,43,25.58139534883721
2024,40202,rural,19,mujer,6,33,18.181818181818183
2024,40202,rural,20,hombre,6,46,13.043478260869565
2024,40202,rural,20,mujer,6,23,26.08695652173913
2024,40202,rural,21,hombre,11,40,27.5
2024,40202,rural,21,mujer,8,31,25.806451612903224
2024,40202,rural,22,hombre,8,42,19.047619047619047
2024,40202,rural,22,mujer,5,29,17.24137931034483
2024,40202,rural,23,hombre,7,40,17.5
2024,40202,rural,23,mujer,8,36,22.22222222222222
2024,40202,rural,24,hombre,9,40,22.5
2024,40202,rural,24,mujer,12,41,29.26829268292683
2024,40202,rural,25,hombre,13,30,43.333333333333336
2024,40202,rural,25,mujer,13,28,46.42857142857143
2024,40202,rural,26,hombre,5,36,13.88888888888889
2024,40202,rural,26,mujer,10,29,34.48275862068966
2024,40202,rural,27,hombre,13,37,35.13513513513514
2024,40202,rural,27,mujer,9,38,23.68421052631579
2024,40202,rural,28,hombre,12,50,24.0
2024,40202,rural,28,mujer,12,39,30.76923076923077
2024,40301,rural,16,hombre,5,124,4.032258064516129
2024,40301,rural,16,mujer,10,131,7.633587786259542
2024,40301,rural,17,hombre,9,116,7.758620689655173
2024,40301,rural,17,mujer,14,132,10.606060606060606
2024,40301,rural,18,hombre,9,107,8.411214953271028
2024,40301,rural,18,mujer,11,105,10.476190476190476
2024,40301,rural,19,hombre,9,115,7.826086956521739
2024,40301,rural,19,mujer,22,128,17.1875
2024,40301,rural,20,hombre,9,101,8.910891089108912
2024,40301,rural,20,mujer,23,137,16.78832116788321
2024,40301,rural,21,hombre,9,129,6.976744186046512
2024,40301,rural,21,mujer,24,146,16.438356164383563
2024,40301,rural,22,hombre,9,115,7.826086956521739
2024,40301,rural,22,mujer,16,122,13.114754098360656
2024,40301,rural,23,hombre,11,147,7.482993197278912
2024,40301,rural,23,mujer,25,173,14.45086705202312
2024,40301,rural,24,hombre,5,123,4.065040650406504
2024,40301,rural,24,mujer,31,154,20.12987012987013
2024,40301,rural,25,hombre,13,124,10.483870967741936
2024,40301,rural,25,mujer,11,122,9.01639344262295
2024,40301,rural,26,hombre,12,112,10.714285714285714
2024,40301,rural,26,mujer,14,102,13.72549019607843
2024,40301,rural,27,hombre,7,104,6.730769230769231
2024,40301,rural,27,mujer,9,125,7.2
2024,40301,rural,28,hombre,5,118,4.237288135593221
2024,40301,rural,28,mujer,9,121,7.43801652892562
2024,40302,rural,16,hombre,4,24,16.666666666666668
2024,40302,rural,16,mujer,2,12,16.666666666666668
2024,40302,rural,17,hombre,2,17,11.764705882352942
2024,40302,rural,17,mujer,5,19,26.31578947368421
2024,40302,rural,18,hombre,0,19,0.0
2024,40302,rural,18,mujer,3,16,18.75
2024,40302,rural,19,hombre,2,16,12.5
2024,40302,rural,19,mujer,1,16,6.25
2024,40302,rural,20,hombre,2,18,11.11111111111111
2024,40302,rural,20,mujer,2,13,15.384615384615385
2024,40302,rural,21,hombre,3,17,17.647058823529413
2024,40302,rural,21,mujer,2,21,9.523809523809524
2024,40302,rural,22,hombre,3,17,17.647058823529413
2024,40302,rural,22,mujer,2,19,10.526315789473685
2024,40302,rural,23,hombre,11,33,33.333333333333336
2024,40302,rural,23,mujer,1,22,4.545454545454546
2024,40302,rural,24,hombre,4,21,19.047619047619047
2024,40302,rural,24,mujer,4,17,23.529411764705884
2024,40302,rural,25,hombre,3,24,12.5
2024,40302,rural,25,mujer,2,17,11.764705882352942
2024,40302,rural,26,hombre,6,21,28.571428571428573
2024,40302,rural,26,mujer,4,20,20.0
2024,40302,rural,27,hombre,5,18,27.77777777777778
2024,40302,rural,27,mujer,0,13,0.0
2024,40302,rural,28,hombre,3,20,15.0
2024,40302,rural,28,mujer,4,22,18.181818181818183
2024,40401,rural,16,hombre,7,50,14.0
2024,40401,rural,16,mujer,8,38,21.05263157894737
2024,40401,rural,17,hombre,22,54,40.74074074074074
2024,40401,rural,17,mujer,15,44,34.09090909090909
2024,40401,rural,18,hombre,7,33,21.21212121212121
2024,40401,rural,18,mujer,11,48,22.916666666666668
2024,40401,rural,19,hombre,7,45,15.555555555555555
2024,40401,rural,19,mujer,13,45,28.88888888888889
2024,40401,rural,20,hombre,9,49,18.367346938775512
2024,40401,rural,20,mujer,9,39,23.076923076923077
2024,40401,rural,21,hombre,14,55,25.454545454545453
2024,40401,rural,21,mujer,6,48,12.5
2024,40401,rural,22,hombre,13,62,20.967741935483872
2024,40401,rural,22,mujer,8,39,20.512820512820515
2024,40401,rural,23,hombre,20,68,29.41176470588235
2024,40401,rural,23,mujer,11,44,25.0
2024,40401,rural,24,hombre,12,52,23.076923076923077
2024,40401,rural,24,mujer,15,61,24.59016393442623
2024,40401,rural,25,hombre,15,57,26.31578947368421
2024,40401,rural,25,mujer,6,48,12.5
2024,40401,rural,26,hombre,7,60,11.666666666666666
2024,40401,rural,26,mujer,13,59,22.033898305084747
2024,40401,rural,27,hombre,9,40,22.5
2024,40401,rural,27,mujer,10,44,22.727272727272727
2024,40401,rural,28,hombre,10,55,18.181818181818183
2024,40401,rural,28,mujer,15,59,25.423728813559322
2024,40402,rural,16,hombre,17,36,47.22222222222222
2024,40402,rural,16,mujer,12,36,33.333333333333336
2024,40402,rural,17,hombre,16,47,34.04255319148936
2024,40402,rural,17,mujer,20,42,47.61904761904762
2024,40402,rural,18,hombre,21,50,42.0
2024,40402,rural,18,mujer,8,32,25.0
2024,40402,rural,19,hombre,7,32,21.875
2024,40402,rural,19,mujer,10,45,22.22222222222222
2024,40402,rural,20,hombre,10,38,26.31578947368421
2024,40402,rural,20,mujer,3,31,9.67741935483871
2024,40402,rural,21,hombre,17,40,42.5
2024,40402,rural,21,mujer,10,36,27.77777777777778
2024,40402,rural,22,hombre,9,45,20.0
2024,40402,rural,22,mujer,10,33,30.303030303030305
2024,40402,rural,23,hombre,8,38,21.05263157894737
2024,40402,rural,23,mujer,16,48,33.333333333333336
2024,40402,rural,24,hombre,9,58,15.517241379310345
2024,40402,rural,24,mujer,7,41,17.073170731707318
2024,40402,rural,25,hombre,10,45,22.22222222222222
2024,40402,rural,25,mujer,9,43,20.930232558139537
2024,40402,rural,26,hombre,9,35,25.714285714285715
2024,40402,rural,26,mujer,11,33,33.333333333333336
2024,40402,rural,27,hombre,14,45,31.11111111111111
2024,40402,rural,27,mujer,10,44,22.727272727272727
2024,40402,rural,28,hombre,9,40,22.5
2024,40402,rural,28,mujer,13,40,32.5
2024,40501,rural,16,hombre,0,1,0.0
2024,40501,rural,17,mujer,0,2,0.0
2024,40501,rural,18,hombre,0,1,0.0
2024,40501,rural,18,mujer,0,1,0.0
2024,40501,rural,19,hombre,0,1,0.0
2024,40501,rural,19,mujer,0,2,0.0
2024,40501,rural,20,hombre,0,1,0.0
2024,40501,rural,20,mujer,1,4,25.0
2024,40501,rural,21,hombre,0,1,0.0
2024,40501,rural,21,mujer,0,1,0.0
2024,40501,rural,23,hombre,1,3,33.333333333333336
2024,40501,rural,23,mujer,0,1,0.0
2024,40501,rural,24,hombre,1,1,100.0
2024,40501,rural,24,mujer,0,2,0.0
2024,40501,rural,25,hombre,0,1,0.0
2024,40501,rural,25,mujer,0,1,0.0
2024,40501,rural,26,hombre,0,2,0.0
2024,40501,rural,26,mujer,0,1,0.0
2024,40501,rural,27,mujer,0,1,0.0
2024,40501,rural,28,hombre,0,1,0.0
2024,40501,rural,28,mujer,0,2,0.0
2024,40501,urbana,16,hombre,20,26,76.92307692307692
2024,40501,urbana,16,mujer,24,31,77.41935483870968
2024,40501,urbana,17,hombre,22,26,84.61538461538461
2024,40501,urbana,17,mujer,22,29,75.86206896551724
2024,40501,urbana,18,hombre,15,17,88.23529411764706
2024,40501,urbana,18,mujer,23,29,79.3103448275862
2024,40501,urbana,19,hombre,23,27,85.18518518518519
2024,40501,urbana,19,mujer,21,31,67.74193548387096
2024,40501,urbana,20,hombre,19,24,79.16666666666667
2024,40501,urbana,20,mujer,20,26,76.92307692307692
2024,40501,urbana,21,hombre,21,24,87.5
2024,40501,urbana,21,mujer,23,36,63.888888888888886
2024,40501,urbana,22,hombre,20,27,74.07407407407408
2024,40501,urbana,22,mujer,22,24,91.66666666666667
2024,40501,urbana,23,hombre,33,39,84.61538461538461
2024,40501,urbana,23,mujer,30,37,81.08108108108108
2024,40501,urbana,24,hombre,29,38,76.3157894736842
2024,40501,urbana,24,mujer,27,35,77.14285714285714
2024,40501,urbana,25,hombre,30,40,75.0
2024,40501,urbana,25,mujer,23,26,88.46153846153847
2024,40501,urbana,26,hombre,28,31,90.3225806451613
2024,40501,urbana,26,mujer,23,30,76.66666666666667
2024,40501,urbana,27,hombre,28,39,71.7948717948718
2024,40501,urbana,27,mujer,22,31,70.96774193548387
2024,40501,urbana,28,hombre,19,22,86.36363636363636
2024,40501,urbana,28,mujer,23,30,76.66666666666667
2024,40502,rural,16,hombre,2,16,12.5
2024,40502,rural,16,mujer,3,9,33.333333333333336
2024,40502,rural,17,hombre,4,13,30.76923076923077
2024,40502,rural,17,mujer,3,17,17.647058823529413
2024,40502,rural,18,hombre,2,10,20.0
2024,40502,rural,18,mujer,7,16,43.75
2024,40502,rural,19,hombre,2,12,16.666666666666668
2024,40502,rural,19,mujer,4,12,33.333333333333336
2024,40502,rural,20,hombre,4,14,28.571428571428573
2024,40502,rural,20,mujer,3,14,21.428571428571427
2024,40502,rural,21,hombre,6,17,35.294117647058826
2024,40502,rural,21,mujer,7,12,58.333333333333336
2024,40502,rural,22,hombre,7,17,41.1764705882353
2024,40502,rural,22,mujer,4,12,33.333333333333336
2024,40502,rural,23,hombre,3,14,21.428571428571427
2024,40502,rural,23,mujer,5,15,33.333333333333336
2024,40502,rural,24,hombre,6,16,37.5
2024,40502,rural,24,mujer,3,8,37.5
2024,40502,rural,25,hombre,8,10,80.0
2024,40502,rural,25,mujer,5,18,27.77777777777778
2024,40502,rural,26,hombre,2,11,18.181818181818183
2024,40502,rural,26,mujer,4,16,25.0
2024,40502,rural,27,hombre,7,17,41.1764705882353
2024,40502,rural,27,mujer,4,12,33.333333333333336
2024,40502,rural,28,hombre,4,10,40.0
2024,40502,rural,28,mujer,3,11,27.272727272727273
2024,40502,urbana,16,hombre,9,18,50.0
2024,40502,urbana,16,mujer,12,21,57.142857142857146
2024,40502,urbana,17,hombre,12,26,46.15384615384615
2024,40502,urbana,17,mujer,7,14,50.0
2024,40502,urbana,18,hombre,11,23,47.82608695652174
2024,40502,urbana,18,mujer,10,19,52.63157894736842
2024,40502,urbana,19,hombre,15,24,62.5
2024,40502,urbana,19,mujer,8,15,53.333333333333336
2024,40502,urbana,20,hombre,9,20,45.0
2024,40502,urbana,20,mujer,7,11,63.63636363636363
2024,40502,urbana,21,hombre,12,18,66.66666666666667
2024,40502,urbana,21,mujer,7,12,58.333333333333336
2024,40502,urbana,22,hombre,13,22,59.09090909090909
2024,40502,urbana,22,mujer,11,19,57.89473684210526
2024,40502,urbana,23,hombre,17,21,80.95238095238095
2024,40502,urbana,23,mujer,10,17,58.8235294117647
2024,40502,urbana,24,hombre,16,23,69.56521739130434
2024,40502,urbana,24,mujer,10,21,47.61904761904762
2024,40502,urbana,25,hombre,13,26,50.0
2024,40502,urbana,25,mujer,16,23,69.56521739130434
2024,40502,urbana,26,hombre,9,19,47.36842105263158
2024,40502,urbana,26,mujer,11,21,52.38095238095238
2024,40502,urbana,27,hombre,12,22,54.54545454545455
2024,40502,urbana,27,mujer,12,20,60.0
2024,40502,urbana,28,hombre,13,23,56.52173913043478
2024,40502,urbana,28,mujer,18,28,64.28571428571429
2024,40503,rural,16,hombre,10,17,58.8235294117647
2024,40503,rural,16,mujer,5,12,41.666666666666664
2024,40503,rural,17,hombre,4,10,40.0
2024,40503,rural,17,mujer,7,11,63.63636363636363
2024,40503,rural,18,hombre,6,11,54.54545454545455
2024,40503,rural,18,mujer,7,14,50.0
2024,40503,rural,19,hombre,4,13,30.76923076923077
2024,40503,rural,19,mujer,6,15,40.0
2024,40503,rural,20,hombre,11,19,57.89473684210526
2024,40503,rural,20,mujer,5,11,45.45454545454545
2024,40503,rural,21,hombre,6,13,46.15384615384615
2024,40503,rural,21,mujer,5,13,38.46153846153846
2024,40503,rural,22,hombre,10,18,55.55555555555556
2024,40503,rural,22,mujer,6,13,46.15384615384615
2024,40503,rural,23,hombre,5,10,50.0
2024,40503,rural,23,mujer,5,11,45.45454545454545
2024,40503,rural,24,hombre,7,21,33.333333333333336
2024,40503,rural,24,mujer,11,21,52.38095238095238
2024,40503,rural,25,hombre,7,14,50.0
2024,40503,rural,25,mujer,3,10,30.0
2024,40503,rural,26,hombre,2,15,13.333333333333334
2024,40503,rural,26,mujer,4,17,23.529411764705884
2024,40503,rural,27,hombre,4,8,50.0
2024,40503,rural,27,mujer,4,12,33.333333333333336
2024,40503,rural,28,hombre,3,11,27.272727272727273
2024,40503,rural,28,mujer,10,16,62.5
2024,40504,rural,16,hombre,5,10,50.0
2024,40504,rural,16,mujer,3,6,50.0
2024,40504,rural,17,hombre,6,10,60.0
2024,40504,rural,17,mujer,3,3,100.0
2024,40504,rural,18,hombre,4,6,66.66666666666667
2024,40504,rural,18,mujer,1,4,25.0
2024,40504,rural,19,hombre,7,9,77.77777777777777
2024,40504,rural,19,mujer,3,4,75.0
2024,40504,rural,20,hombre,2,7,28.571428571428573
2024,40504,rural,20,mujer,6,9,66.66666666666667
2024,40504,rural,21,hombre,7,10,70.0
2024,40504,rural,21,mujer,2,4,50.0
2024,40504,rural,22,hombre,4,8,50.0
2024,40504,rural,22,mujer,12,17,70.58823529411765
2024,40504,rural,23,hombre,10,12,83.33333333333333
2024,40504,rural,23,mujer,5,9,55.55555555555556
2024,40504,rural,24,hombre,1,3,33.333333333333336
2024,40504,rural,24,mujer,12,16,75.0
2024,40504,rural,25,hombre,11,17,64.70588235294117
2024,40504,rural,25,mujer,5,10,50.0
2024,40504,rural,26,hombre,3,7,42.857142857142854
2024,40504,rural,26,mujer,4,7,57.142857142857146
2024,40504,rural,27,hombre,9,13,69.23076923076923
2024,40504,rural,27,mujer,4,5,80.0
2024,40504,rural,28,hombre,5,9,55.55555555555556
2024,40504,rural,28,mujer,5,11,45.45454545454545
2024,40505,rural,16,hombre,10,26,38.46153846153846
2024,40505,rural,16,mujer,12,31,38.70967741935484
2024,40505,rural,17,hombre,6,17,35.294117647058826
2024,40505,rural,17,mujer,8,27,29.62962962962963
2024,40505,rural,18,hombre,9,29,31.03448275862069
2024,40505,rural,18,mujer,6,26,23.076923076923077
2024,40505,rural,19,hombre,13,40,32.5
2024,40505,rural,19,mujer,12,33,36.36363636363637
2024,40505,rural,20,hombre,10,39,25.641025641025642
2024,40505,rural,20,mujer,6,37,16.216216216216218
2024,40505,rural,21,hombre,8,36,22.22222222222222
2024,40505,rural,21,mujer,7,21,33.333333333333336
2024,40505,rural,22,hombre,7,33,21.21212121212121
2024,40505,rural,22,mujer,12,43,27.906976744186046
2024,40505,rural,23,hombre,10,40,25.0
2024,40505,rural,23,mujer,18,45,40.0
2024,40505,rural,24,hombre,11,44,25.0
2024,40505,rural,24,mujer,7,32,21.875
2024,40505,rural,25,hombre,8,42,19.047619047619047
2024,40505,rural,25,mujer,13,43,30.232558139534884
2024,40505,rural,26,hombre,9,47,19.148936170212767
2024,40505,rural,26,mujer,11,46,23.91304347826087
2024,40505,rural,27,hombre,8,32,25.0
2024,40505,rural,27,mujer,10,35,28.571428571428573
2024,40505,rural,28,hombre,17,45,37.77777777777778
2024,40505,rural,28,mujer,10,40,25.0
2024,40601,rural,16,hombre,1,32,3.125
2024,40601,rural,16,mujer,2,22,9.090909090909092
2024,40601,rural,17,hombre,2,15,13.333333333333334
2024,40601,rural,17,mujer,8,25,32.0
2024,40601,rural,18,hombre,3,32,9.375
2024,40601,rural,18,mujer,3,15,20.0
2024,40601,rural,19,hombre,5,27,18.51851851851852
2024,40601,rural,19,mujer,5,26,19.23076923076923
2024,40601,rural,20,hombre,3,19,15.789473684210526
2024,40601,rural,20,mujer,5,22,22.727272727272727
2024,40601,rural,21,hombre,5,32,15.625
2024,40601,rural,21,mujer,5,21,23.80952380952381
2024,40601,rural,22,hombre,6,33,18.181818181818183
2024,40601,rural,22,mujer,5,28,17.857142857142858
2024,40601,rural,23,hombre,10,37,27.027027027027028
2024,40601,rural,23,mujer,8,37,21.62162162162162
2024,40601,rural,24,hombre,3,22,13.636363636363637
2024,40601,rural,24,mujer,4,32,12.5
2024,40601,rural,25,hombre,1,29,3.4482758620689653
2024,40601,rural,25,mujer,3,27,11.11111111111111
2024,40601,rural,26,hombre,5,35,14.285714285714286
2024,40601,rural,26,mujer,6,33,18.181818181818183
2024,40601,rural,27,hombre,5,23,21.73913043478261
2024,40601,rural,27,mujer,3,30,10.0
2024,40601,rural,28,hombre,3,26,11.538461538461538
2024,40601,rural,28,mujer,7,30,23.333333333333332
2024,40601,urbana,16,hombre,27,35,77.14285714285714
2024,40601,urbana,16,mujer,48,57,84.21052631578948
2024,40601,urbana,17,hombre,35,43,81.3953488372093
2024,40601,urbana,17,mujer,31,36,86.11111111111111
2024,40601,urbana,18,hombre,25,29,86.20689655172414
2024,40601,urbana,18,mujer,29,37,78.37837837837837
2024,40601,urbana,19,hombre,31,38,81.57894736842105
2024,40601,urbana,19,mujer,18,25,72.0
2024,40601,urbana,20,hombre,28,34,82.3529411764706
2024,40601,urbana,20,mujer,23,33,69.6969696969697
2024,40601,urbana,21,hombre,44,53,83.01886792452831
2024,40601,urbana,21,mujer,36,41,87.8048780487805
2024,40601,urbana,22,hombre,26,34,76.47058823529412
2024,40601,urbana,22,mujer,26,31,83.87096774193549
2024,40601,urbana,23,hombre,40,51,78.43137254901961
2024,40601,urbana,23,mujer,36,47,76.59574468085107
2024,40601,urbana,24,hombre,44,64,68.75
2024,40601,urbana,24,mujer,39,50,78.0
2024,40601,urbana,25,hombre,38,50,76.0
2024,40601,urbana,25,mujer,46,59,77.96610169491525
2024,40601,urbana,26,hombre,35,53,66.0377358490566
2024,40601,urbana,26,mujer,38,42,90.47619047619048
2024,40601,urbana,27,hombre,35,45,77.77777777777777
2024,40601,urbana,27,mujer,36,43,83.72093023255815
2024,40601,urbana,28,hombre,49,53,92.45283018867924
2024,40601,urbana,28,mujer,32,40,80.0
2024,40602,rural,16,hombre,6,35,17.142857142857142
2024,40602,rural,16,mujer,12,28,42.857142857142854
2024,40602,rural,17,hombre,10,33,30.303030303030305
2024,40602,rural,17,mujer,7,28,25.0
2024,40602,rural,18,hombre,10,23,43.47826086956522
2024,40602,rural,18,mujer,5,30,16.666666666666668
2024,40602,rural,19,hombre,3,26,11.538461538461538
2024,40602,rural,19,mujer,10,29,34.48275862068966
2024,40602,rural,20,hombre,7,22,31.818181818181817
2024,40602,rural,20,mujer,5,24,20.833333333333332
2024,40602,rural,21,hombre,7,27,25.925925925925927
2024,40602,rural,21,mujer,2,21,9.523809523809524
2024,40602,rural,22,hombre,6,29,20.689655172413794
2024,40602,rural,22,mujer,4,22,18.181818181818183
2024,40602,rural,23,hombre,5,31,16.129032258064516
2024,40602,rural,23,mujer,4,23,17.391304347826086
2024,40602,rural,24,hombre,5,33,15.151515151515152
2024,40602,rural,24,mujer,6,24,25.0
2024,40602,rural,25,hombre,3,21,14.285714285714286
2024,40602,rural,25,mujer,7,23,30.434782608695652
2024,40602,rural,26,hombre,10,31,32.25806451612903
2024,40602,rural,26,mujer,7,26,26.923076923076923
2024,40602,rural,27,hombre,3,23,13.043478260869565
2024,40602,rural,27,mujer,7,29,24.137931034482758
2024,40602,rural,28,hombre,8,27,29.62962962962963
2024,40602,rural,28,mujer,9,28,32.142857142857146
2024,40603,rural,16,hombre,15,34,44.11764705882353
2024,40603,rural,16,mujer,13,34,38.23529411764706
2024,40603,rural,17,hombre,9,30,30.0
2024,40603,rural,17,mujer,9,29,31.03448275862069
2024,40603,rural,18,hombre,7,20,35.0
2024,40603,rural,18,mujer,7,25,28.0
2024,40603,rural,19,hombre,4,18,22.22222222222222
2024,40603,rural,19,mujer,8,22,36.36363636363637
2024,40603,rural,20,hombre,5,23,21.73913043478261
2024,40603,rural,20,mujer,7,28,25.0
2024,40603,rural,21,hombre,8,25,32.0
2024,40603,rural,21,mujer,5,21,23.80952380952381
2024,40603,rural,22,hombre,8,21,38.095238095238095
2024,40603,rural,22,mujer,2,22,9.090909090909092
2024,40603,rural,23,hombre,7,25,28.0
2024,40603,rural,23,mujer,6,22,27.272727272727273
2024,40603,rural,24,hombre,6,23,26.08695652173913
2024,40603,rural,24,mujer,11,31,35.483870967741936
2024,40603,rural,25,hombre,10,29,34.48275862068966
2024,40603,rural,25,mujer,7,25,28.0
2024,40603,rural,26,hombre,11,26,42.30769230769231
2024,40603,rural,26,mujer,5,22,22.727272727272727
2024,40603,rural,27,hombre,13,27,48.148148148148145
2024,40603,rural,27,mujer,8,22,36.36363636363637
2024,40603,rural,28,hombre,11,29,37.93103448275862
2024,40603,rural,28,mujer,8,30,26.666666666666668
2024,40701,rural,16,hombre,13,32,40.625
2024,40701,rural,16,mujer,4,24,16.666666666666668
2024,40701,rural,17,hombre,10,26,38.46153846153846
2024,40701,rural,17,mujer,15,33,45.45454545454545
2024,40701,rural,18,hombre,4,17,23.529411764705884
2024,40701,rural,18,mujer,7,21,33.333333333333336
2024,40701,rural,19,hombre,6,19,31.57894736842105
2024,40701,rural,19,mujer,11,26,42.30769230769231
2024,40701,rural,20,hombre,6,22,27.272727272727273
2024,40701,rural,20,mujer,6,15,40.0
2024,40701,rural,21,hombre,4,24,16.666666666666668
2024,40701,rural,21,mujer,4,19,21.05263157894737
2024,40701,rural,22,hombre,8,30,26.666666666666668
2024,40701,rural,22,mujer,8,22,36.36363636363637
2024,40701,rural,23,hombre,8,34,23.529411764705884
2024,40701,rural,23,mujer,5,24,20.833333333333332
2024,40701,rural,24,hombre,7,20,35.0
2024,40701,rural,24,mujer,10,37,27.027027027027028
2024,40701,rural,25,hombre,7,30,23.333333333333332
2024,40701,rural,25,mujer,6,25,24.0
2024,40701,rural,26,hombre,9,32,28.125
2024,40701,rural,26,mujer,8,34,23.529411764705884
2024,40701,rural,27,hombre,6,32,18.75
2024,40701,rural,27,mujer,8,31,25.806451612903224
2024,40701,rural,28,hombre,5,37,13.513513513513514
2024,40701,rural,28,mujer,9,23,39.130434782608695
2024,40701,urbana,16,hombre,133,175,76.0
2024,40701,urbana,16,mujer,156,202,77.22772277227723
2024,40701,urbana,17,hombre,170,198,85.85858585858585
2024,40701,urbana,17,mujer,134,156,85.8974358974359
2024,40701,urbana,18,hombre,93,117,79.48717948717949
2024,40701,urbana,18,mujer,115,153,75.16339869281046
2024,40701,urbana,19,hombre,106,132,80.3030303030303
2024,40701,urbana,19,mujer,110,133,82.70676691729324
2024,40701,urbana,20,hombre,128,149,85.90604026845638
2024,40701,urbana,20,mujer,106,125,84.8
2024,40701,urbana,21,hombre,96,125,76.8
2024,40701,urbana,21,mujer,123,154,79.87012987012987
2024,40701,urbana,22,hombre,106,136,77.94117647058823
2024,40701,urbana,22,mujer,109,139,78.41726618705036
2024,40701,urbana,23,hombre,103,133,77.44360902255639
2024,40701,urbana,23,mujer,106,129,82.17054263565892
2024,40701,urbana,24,hombre,107,131,81.6793893129771
2024,40701,urbana,24,mujer,110,131,83.96946564885496
2024,40701,urbana,25,hombre,103,127,81.10236220472441
2024,40701,urbana,25,mujer,104,132,78.78787878787878
2024,40701,urbana,26,hombre,100,134,74.6268656716418
2024,40701,urbana,26,mujer,77,92,83.69565217391305
2024,40701,urbana,27,hombre,97,113,85.84070796460178
2024,40701,urbana,27,mujer,91,119,76.47058823529412
2024,40701,urbana,28,hombre,119,139,85.61151079136691
2024,40701,urbana,28,mujer,97,115,84.34782608695652
2024,40702,rural,16,hombre,1,13,7.6923076923076925
2024,40702,rural,16,mujer,3,16,18.75
2024,40702,rural,17,hombre,5,22,22.727272727272727
2024,40702,rural,17,mujer,3,12,25.0
2024,40702,rural,18,hombre,2,17,11.764705882352942
2024,40702,rural,18,mujer,4,18,22.22222222222222
2024,40702,rural,19,hombre,2,21,9.523809523809524
2024,40702,rural,19,mujer,1,19,5.2631578947368425
2024,40702,rural,20,hombre,5,18,27.77777777777778
2024,40702,rural,20,mujer,2,18,11.11111111111111
2024,40702,rural,21,hombre,2,19,10.526315789473685
2024,40702,rural,21,mujer,1,20,5.0
2024,40702,rural,22,hombre,1,21,4.761904761904762
2024,40702,rural,22,mujer,4,17,23.529411764705884
2024,40702,rural,23,hombre,0,16,0.0
2024,40702,rural,23,mujer,4,16,25.0
2024,40702,rural,24,hombre,3,20,15.0
2024,40702,rural,24,mujer,5,22,22.727272727272727
2024,40702,rural,25,hombre,2,18,11.11111111111111
2024,40702,rural,25,mujer,2,19,10.526315789473685
2024,40702,rural,26,hombre,1,17,5.882352941176471
2024,40702,rural,26,mujer,6,25,24.0
2024,40702,rural,27,hombre,1,26,3.8461538461538463
2024,40702,rural,27,mujer,2,20,10.0
2024,40702,rural,28,hombre,5,24,20.833333333333332
2024,40702,rural,28,mujer,4,24,16.666666666666668
2024,40702,urbana,16,hombre,22,25,88.0
2024,40702,urbana,16,mujer,23,27,85.18518518518519
2024,40702,urbana,17,hombre,28,32,87.5
2024,40702,urbana,17,mujer,17,19,89.47368421052632
2024,40702,urbana,18,hombre,24,27,88.88888888888889
2024,40702,urbana,18,mujer,23,27,85.18518518518519
2024,40702,urbana,19,hombre,22,28,78.57142857142857
2024,40702,urbana,19,mujer,26,31,83.87096774193549
2024,40702,urbana,20,hombre,16,18,88.88888888888889
2024,40702,urbana,20,mujer,24,25,96.0
2024,40702,urbana,21,hombre,22,30,73.33333333333333
2024,40702,urbana,21,mujer,25,31,80.64516129032258
2024,40702,urbana,22,hombre,23,25,92.0
2024,40702,urbana,22,mujer,20,27,74.07407407407408
2024,40702,urbana,23,hombre,23,27,85.18518518518519
2024,40702,urbana,23,mujer,17,22,77.27272727272727
2024,40702,urbana,24,hombre,25,30,83.33333333333333
2024,40702,urbana,24,mujer,23,26,88.46153846153847
2024,40702,urbana,25,hombre,20,27,74.07407407407408
2024,40702,urbana,25,mujer,15,19,78.94736842105263
2024,40702,urbana,26,hombre,15,18,83.33333333333333
2024,40702,urbana,26,mujer,22,26,84.61538461538461
2024,40702,urbana,27,hombre,22,28,78.57142857142857
2024,40702,urbana,27,mujer,16,21,76.19047619047619
2024,40702,urbana,28,hombre,27,34,79.41176470588235
2024,40702,urbana,28,mujer,27,28,96.42857142857143
2024,40801,rural,16,hombre,15,119,12.605042016806722
2024,40801,rural,16,mujer,22,103,21.359223300970875
2024,40801,rural,17,hombre,21,135,15.555555555555555
2024,40801,rural,17,mujer,18,118,15.254237288135593
2024,40801,rural,18,hombre,9,114,7.894736842105263
2024,40801,rural,18,mujer,17,101,16.831683168316832
2024,40801,rural,19,hombre,14,120,11.666666666666666
2024,40801,rural,19,mujer,14,111,12.612612612612613
2024,40801,rural,20,hombre,15,126,11.904761904761905
2024,40801,rural,20,mujer,15,90,16.666666666666668
2024,40801,rural,21,hombre,12,121,9.917355371900827
2024,40801,rural,21,mujer,14,105,13.333333333333334
2024,40801,rural,22,hombre,17,134,12.686567164179104
2024,40801,rural,22,mujer,22,121,18.181818181818183
2024,40801,rural,23,hombre,17,118,14.40677966101695
2024,40801,rural,23,mujer,23,119,19.327731092436974
2024,40801,rural,24,hombre,21,148,14.18918918918919
2024,40801,rural,24,mujer,17,113,15.044247787610619
2024,40801,rural,25,hombre,12,118,10.169491525423728
2024,40801,rural,25,mujer,12,123,9.75609756097561
2024,40801,rural,26,hombre,14,127,11.023622047244094
2024,40801,rural,26,mujer,16,109,14.678899082568808
2024,40801,rural,27,hombre,16,139,11.510791366906474
2024,40801,rural,27,mujer,17,108,15.74074074074074
2024,40801,rural,28,hombre,25,123,20.32520325203252
2024,40801,rural,28,mujer,23,110,20.90909090909091
2024,40802,rural,16,hombre,7,16,43.75
2024,40802,rural,16,mujer,11,21,52.38095238095238
2024,40802,rural,17,hombre,10,33,30.303030303030305
2024,40802,rural,17,mujer,10,18,55.55555555555556
2024,40802,rural,18,hombre,7,23,30.434782608695652
2024,40802,rural,18,mujer,10,22,45.45454545454545
2024,40802,rural,19,hombre,5,23,21.73913043478261
2024,40802,rural,19,mujer,5,12,41.666666666666664
2024,40802,rural,20,hombre,9,21,42.857142857142854
2024,40802,rural,20,mujer,9,19,47.36842105263158
2024,40802,rural,21,hombre,7,23,30.434782608695652
2024,40802,rural,21,mujer,9,24,37.5
2024,40802,rural,22,hombre,4,19,21.05263157894737
2024,40802,rural,22,mujer,6,18,33.333333333333336
2024,40802,rural,23,hombre,8,29,27.586206896551722
2024,40802,rural,23,mujer,10,29,34.48275862068966
2024,40802,rural,24,hombre,12,31,38.70967741935484
2024,40802,rural,24,mujer,8,23,34.78260869565217
2024,40802,rural,25,hombre,3,18,16.666666666666668
2024,40802,rural,25,mujer,1,15,6.666666666666667
2024,40802,rural,26,hombre,8,20,40.0
2024,40802,rural,26,mujer,6,13,46.15384615384615
2024,40802,rural,27,hombre,12,24,50.0
2024,40802,rural,27,mujer,11,31,35.483870967741936
2024,40802,rural,28,hombre,4,16,25.0
2024,40802,rural,28,mujer,12,26,46.15384615384615
2024,40901,rural,16,hombre,12,101,11.881188118811881
2024,40901,rural,16,mujer,20,116,17.24137931034483
2024,40901,rural,17,hombre,18,97,18.556701030927837
2024,40901,rural,17,mujer,21,111,18.91891891891892
2024,40901,rural,18,hombre,16,108,14.814814814814815
2024,40901,rural,18,mujer,22,121,18.181818181818183
2024,40901,rural,19,hombre,21,137,15.328467153284672
2024,40901,rural,19,mujer,19,94,20.21276595744681
2024,40901,rural,20,hombre,27,118,22.88135593220339
2024,40901,rural,20,mujer,19,95,20.0
2024,40901,rural,21,hombre,16,108,14.814814814814815
2024,40901,rural,21,mujer,20,116,17.24137931034483
2024,40901,rural,22,hombre,19,114,16.666666666666668
2024,40901,rural,22,mujer,22,114,19.29824561403509
2024,40901,rural,23,hombre,19,148,12.837837837837839
2024,40901,rural,23,mujer,14,123,11.382113821138212
2024,40901,rural,24,hombre,30,162,18.51851851851852
2024,40901,rural,24,mujer,24,128,18.75
2024,40901,rural,25,hombre,15,124,12.096774193548388
2024,40901,rural,25,mujer,16,115,13.91304347826087
2024,40901,rural,26,hombre,20,123,16.260162601626018
2024,40901,rural,26,mujer,23,117,19.65811965811966
2024,40901,rural,27,hombre,15,107,14.018691588785046
2024,40901,rural,27,mujer,15,111,13.513513513513514
2024,40901,rural,28,hombre,14,122,11.475409836065573
2024,40901,rural,28,mujer,14,112,12.5
2024,40901,urbana,16,hombre,12,24,50.0
2024,40901,urbana,16,mujer,13,21,61.904761904761905
2024,40901,urbana,17,hombre,17,28,60.714285714285715
2024,40901,urbana,17,mujer,20,24,83.33333333333333
2024,40901,urbana,18,hombre,10,24,41.666666666666664
2024,40901,urbana,18,mujer,15,19,78.94736842105263
2024,40901,urbana,19,hombre,21,34,61.76470588235294
2024,40901,urbana,19,mujer,23,32,71.875
2024,40901,urbana,20,hombre,13,25,52.0
2024,40901,urbana,20,mujer,23,40,57.5
2024,40901,urbana,21,hombre,25,37,67.56756756756756
2024,40901,urbana,21,mujer,16,23,69.56521739130434
2024,40901,urbana,22,hombre,25,32,78.125
2024,40901,urbana,22,mujer,21,32,65.625
2024,40901,urbana,23,hombre,25,39,64.1025641025641
2024,40901,urbana,23,mujer,32,48,66.66666666666667
2024,40901,urbana,24,hombre,28,49,57.142857142857146
2024,40901,urbana,24,mujer,19,28,67.85714285714286
2024,40901,urbana,25,hombre,20,31,64.51612903225806
2024,40901,urbana,25,mujer,23,32,71.875
2024,40901,urbana,26,hombre,20,28,71.42857142857143
2024,40901,urbana,26,mujer,22,33,66.66666666666667
2024,40901,urbana,27,hombre,23,33,69.6969696969697
2024,40901,urbana,27,mujer,20,25,80.0
2024,40901,urbana,28,hombre,16,21,76.19047619047619
2024,40901,urbana,28,mujer,22,33,66.66666666666667
2024,40902,rural,16,hombre,5,12,41.666666666666664
2024,40902,rural,16,mujer,6,10,60.0
2024,40902,rural,17,hombre,1,9,11.11111111111111
2024,40902,rural,17,mujer,2,5,40.0
2024,40902,rural,18,hombre,1,8,12.5
2024,40902,rural,18,mujer,3,8,37.5
2024,40902,rural,19,hombre,6,9,66.66666666666667
2024,40902,rural,19,mujer,3,10,30.0
2024,40902,rural,20,hombre,3,10,30.0
2024,40902,rural,20,mujer,1,7,14.285714285714286
2024,40902,rural,21,hombre,3,10,30.0
2024,40902,rural,21,mujer,2,12,16.666666666666668
2024,40902,rural,22,hombre,1,10,10.0
2024,40902,rural,22,mujer,1,12,8.333333333333334
2024,40902,rural,23,hombre,4,18,22.22222222222222
2024,40902,rural,23,mujer,0,11,0.0
2024,40902,rural,24,hombre,3,13,23.076923076923077
2024,40902,rural,24,mujer,8,14,57.142857142857146
2024,40902,rural,25,hombre,4,11,36.36363636363637
2024,40902,rural,25,mujer,2,11,18.181818181818183
2024,40902,rural,26,hombre,2,5,40.0
2024,40902,rural,26,mujer,6,16,37.5
2024,40902,rural,27,hombre,2,14,14.285714285714286
2024,40902,rural,27,mujer,8,23,34.78260869565217
2024,40902,rural,28,hombre,3,11,27.272727272727273
2024,40902,rural,28,mujer,1,7,14.285714285714286
2024,40903,rural,16,hombre,2,19,10.526315789473685
2024,40903,rural,16,mujer,0,26,0.0
2024,40903,rural,17,hombre,1,10,10.0
2024,40903,rural,17,mujer,3,29,10.344827586206897
2024,40903,rural,18,hombre,1,10,10.0
2024,40903,rural,18,mujer,2,26,7.6923076923076925
2024,40903,rural,19,hombre,1,19,5.2631578947368425
2024,40903,rural,19,mujer,1,22,4.545454545454546
2024,40903,rural,20,hombre,0,14,0.0
2024,40903,rural,20,mujer,2,18,11.11111111111111
2024,40903,rural,21,hombre,2,18,11.11111111111111
2024,40903,rural,21,mujer,1,22,4.545454545454546
2024,40903,rural,22,hombre,2,22,9.090909090909092
2024,40903,rural,22,mujer,3,29,10.344827586206897
2024,40903,rural,23,hombre,0,23,0.0
2024,40903,rural,23,mujer,0,19,0.0
2024,40903,rural,24,hombre,1,24,4.166666666666667
2024,40903,rural,24,mujer,0,15,0.0
2024,40903,rural,25,hombre,1,27,3.7037037037037037
2024,40903,rural,25,mujer,1,20,5.0
2024,40903,rural,26,hombre,0,30,0.0
2024,40903,rural,26,mujer,3,22,13.636363636363637
2024,40903,rural,27,hombre,1,20,5.0
2024,40903,rural,27,mujer,0,26,0.0
2024,40903,rural,28,hombre,0,23,0.0
2024,40903,rural,28,mujer,1,32,3.125
2024,41001,rural,16,hombre,16,82,19.51219512195122
2024,41001,rural,16,mujer,25,90,27.77777777777778
2024,41001,rural,17,hombre,20,83,24.096385542168676
2024,41001,rural,17,mujer,16,68,23.529411764705884
2024,41001,rural,18,hombre,17,66,25.757575757575758
2024,41001,rural,18,mujer,17,77,22.07792207792208
2024,41001,rural,19,hombre,9,86,10.465116279069768
2024,41001,rural,19,mujer,13,71,18.309859154929576
2024,41001,rural,20,hombre,6,77,7.792207792207792
2024,41001,rural,20,mujer,18,75,24.0
2024,41001,rural,21,hombre,10,89,11.235955056179776
2024,41001,rural,21,mujer,5,84,5.9523809523809526
2024,41001,rural,22,hombre,8,93,8.602150537634408
2024,41001,rural,22,mujer,5,70,7.142857142857143
2024,41001,rural,23,hombre,15,103,14.563106796116505
2024,41001,rural,23,mujer,5,104,4.8076923076923075
2024,41001,rural,24,hombre,8,97,8.24742268041237
2024,41001,rural,24,mujer,16,101,15.841584158415841
2024,41001,rural,25,hombre,8,83,9.63855421686747
2024,41001,rural,25,mujer,8,66,12.121212121212121
2024,41001,rural,26,hombre,6,93,6.451612903225806
2024,41001,rural,26,mujer,5,85,5.882352941176471
2024,41001,rural,27,hombre,8,89,8.98876404494382
2024,41001,rural,27,mujer,9,76,11.842105263157896
2024,41001,rural,28,hombre,15,93,16.129032258064516
2024,41001,rural,28,mujer,8,98,8.16326530612245
2024,41101,rural,16,hombre,2,27,7.407407407407407
2024,41101,rural,16,mujer,0,24,0.0
2024,41101,rural,17,hombre,0,18,0.0
2024,41101,rural,17,mujer,0,22,0.0
2024,41101,rural,18,hombre,3,23,13.043478260869565
2024,41101,rural,18,mujer,3,26,11.538461538461538
2024,41101,rural,19,hombre,6,23,26.08695652173913
2024,41101,rural,19,mujer,1,12,8.333333333333334
2024,41101,rural,20,hombre,5,23,21.73913043478261
2024,41101,rural,20,mujer,3,20,15.0
2024,41101,rural,21,hombre,1,30,3.3333333333333335
2024,41101,rural,21,mujer,4,24,16.666666666666668
2024,41101,rural,22,hombre,4,31,12.903225806451612
2024,41101,rural,22,mujer,4,17,23.529411764705884
2024,41101,rural,23,hombre,4,29,13.793103448275861
2024,41101,rural,23,mujer,2,23,8.695652173913043
2024,41101,rural,24,hombre,2,32,6.25
2024,41101,rural,24,mujer,2,10,20.0
2024,41101,rural,25,hombre,5,24,20.833333333333332
2024,41101,rural,25,mujer,2,23,8.695652173913043
2024,41101,rural,26,hombre,5,25,20.0
2024,41101,rural,26,mujer,3,26,11.538461538461538
2024,41101,rural,27,hombre,3,27,11.11111111111111
2024,41101,rural,27,mujer,3,26,11.538461538461538
2024,41101,rural,28,hombre,4,28,14.285714285714286
2024,41101,rural,28,mujer,2,19,10.526315789473685
2024,41101,urbana,16,hombre,12,25,48.0
2024,41101,urbana,16,mujer,17,27,62.96296296296296
2024,41101,urbana,17,hombre,10,20,50.0
2024,41101,urbana,17,mujer,16,20,80.0
2024,41101,urbana,18,hombre,9,16,56.25
2024,41101,urbana,18,mujer,12,25,48.0
2024,41101,urbana,19,hombre,7,14,50.0
2024,41101,urbana,19,mujer,13,22,59.09090909090909
2024,41101,urbana,20,hombre,11,18,61.111111111111114
2024,41101,urbana,20,mujer,16,25,64.0
2024,41101,urbana,21,hombre,13,21,61.904761904761905
2024,41101,urbana,21,mujer,5,15,33.333333333333336
2024,41101,urbana,22,hombre,12,19,63.1578947368421
2024,41101,urbana,22,mujer,16,22,72.72727272727273
2024,41101,urbana,23,hombre,11,22,50.0
2024,41101,urbana,23,mujer,13,20,65.0
2024,41101,urbana,24,hombre,5,8,62.5
2024,41101,urbana,24,mujer,6,20,30.0
2024,41101,urbana,25,hombre,5,11,45.45454545454545
2024,41101,urbana,25,mujer,10,21,47.61904761904762
2024,41101,urbana,26,hombre,16,25,64.0
2024,41101,urbana,26,mujer,7,16,43.75
2024,41101,urbana,27,hombre,12,18,66.66666666666667
2024,41101,urbana,27,mujer,15,25,60.0
2024,41101,urbana,28,hombre,7,15,46.666666666666664
2024,41101,urbana,28,mujer,8,23,34.78260869565217
2024,41201,rural,16,hombre,14,44,31.818181818181817
2024,41201,rural,16,mujer,16,42,38.095238095238095
2024,41201,rural,17,hombre,12,35,34.285714285714285
2024,41201,rural,17,mujer,12,33,36.36363636363637
2024,41201,rural,18,hombre,11,39,28.205128205128204
2024,41201,rural,18,mujer,14,45,31.11111111111111
2024,41201,rural,19,hombre,6,34,17.647058823529413
2024,41201,rural,19,mujer,7,40,17.5
2024,41201,rural,20,hombre,12,44,27.272727272727273
2024,41201,rural,20,mujer,11,36,30.555555555555557
2024,41201,rural,21,hombre,10,49,20.408163265306122
2024,41201,rural,21,mujer,14,43,32.55813953488372
2024,41201,rural,22,hombre,7,40,17.5
2024,41201,rural,22,mujer,6,47,12.76595744680851
2024,41201,rural,23,hombre,7,45,15.555555555555555
2024,41201,rural,23,mujer,13,41,31.70731707317073
2024,41201,rural,24,hombre,6,55,10.909090909090908
2024,41201,rural,24,mujer,15,49,30.612244897959183
2024,41201,rural,25,hombre,13,58,22.413793103448278
2024,41201,rural,25,mujer,8,43,18.6046511627907
2024,41201,rural,26,hombre,10,46,21.73913043478261
2024,41201,rural,26,mujer,11,49,22.448979591836736
2024,41201,rural,27,hombre,5,51,9.803921568627452
2024,41201,rural,27,mujer,16,42,38.095238095238095
2024,41201,rural,28,hombre,4,31,12.903225806451612
2024,41201,rural,28,mujer,12,46,26.08695652173913
2024,41202,rural,16,hombre,11,29,37.93103448275862
2024,41202,rural,16,mujer,6,20,30.0
2024,41202,rural,17,hombre,8,22,36.36363636363637
2024,41202,rural,17,mujer,8,21,38.095238095238095
2024,41202,rural,18,hombre,10,24,41.666666666666664
2024,41202,rural,18,mujer,7,16,43.75
2024,41202,rural,19,hombre,10,21,47.61904761904762
2024,41202,rural,19,mujer,7,23,30.434782608695652
2024,41202,rural,20,hombre,5,23,21.73913043478261
2024,41202,rural,20,mujer,6,23,26.08695652173913
2024,41202,rural,21,hombre,3,24,12.5
2024,41202,rural,21,mujer,4,20,20.0
2024,41202,rural,22,hombre,7,24,29.166666666666668
2024,41202,rural,22,mujer,7,28,25.0
2024,41202,rural,23,hombre,6,16,37.5
2024,41202,rural,23,mujer,8,21,38.095238095238095
2024,41202,rural,24,hombre,8,26,30.76923076923077
2024,41202,rural,24,mujer,11,27,40.74074074074074
2024,41202,rural,25,hombre,8,20,40.0
2024,41202,rural,25,mujer,7,17,41.1764705882353
2024,41202,rural,26,hombre,11,28,39.285714285714285
2024,41202,rural,26,mujer,6,17,35.294117647058826
2024,41202,rural,27,hombre,7,21,33.333333333333336
2024,41202,rural,27,mujer,4,17,23.529411764705884
2024,41202,rural,28,hombre,10,27,37.03703703703704
2024,41202,rural,28,mujer,16,31,51.61290322580645
2024,41301,rural,16,hombre,9,62,14.516129032258064
2024,41301,rural,16,mujer,7,41,17.073170731707318
2024,41301,rural,17,hombre,4,42,9.523809523809524
2024,41301,rural,17,mujer,6,39,15.384615384615385
2024,41301,rural,18,hombre,5,45,11.11111111111111
2024,41301,rural,18,mujer,10,48,20.833333333333332
2024,41301,rural,19,hombre,5,52,9.615384615384615
2024,41301,rural,19,mujer,9,49,18.367346938775512
2024,41301,rural,20,hombre,3,41,7.317073170731708
2024,41301,rural,20,mujer,2,35,5.714285714285714
2024,41301,rural,21,hombre,4,46,8.695652173913043
2024,41301,rural,21,mujer,6,42,14.285714285714286
2024,41301,rural,22,hombre,1,43,2.3255813953488373
2024,41301,rural,22,mujer,4,38,10.526315789473685
2024,41301,rural,23,hombre,4,60,6.666666666666667
2024,41301,rural,23,mujer,7,56,12.5
2024,41301,rural,24,hombre,6,53,11.320754716981131
2024,41301,rural,24,mujer,4,49,8.16326530612245
2024,41301,rural,25,hombre,2,56,3.5714285714285716
2024,41301,rural,25,mujer,4,49,8.16326530612245
2024,41301,rural,26,hombre,4,44,9.090909090909092
2024,41301,rural,26,mujer,12,65,18.46153846153846
2024,41301,rural,27,hombre,3,41,7.317073170731708
2024,41301,rural,27,mujer,8,72,11.11111111111111
2024,41301,rural,28,hombre,2,55,3.6363636363636362
2024,41301,rural,28,mujer,5,47,10.638297872340425
2024,41401,rural,16,hombre,1,64,1.5625
2024,41401,rural,16,mujer,8,60,13.333333333333334
2024,41401,rural,17,hombre,3,69,4.3478260869565215
2024,41401,rural,17,mujer,3,42,7.142857142857143
2024,41401,rural,18,hombre,8,77,10.38961038961039
2024,41401,rural,18,mujer,7,56,12.5
2024,41401,rural,19,hombre,5,64,7.8125
2024,41401,rural,19,mujer,11,79,13.924050632911392
2024,41401,rural,20,hombre,6,66,9.090909090909092
2024,41401,rural,20,mujer,5,53,9.433962264150944
2024,41401,rural,21,hombre,4,82,4.878048780487805
2024,41401,rural,21,mujer,6,61,9.836065573770492
2024,41401,rural,22,hombre,7,75,9.333333333333334
2024,41401,rural,22,mujer,6,60,10.0
2024,41401,rural,23,hombre,5,83,6.024096385542169
2024,41401,rural,23,mujer,7,58,12.068965517241379
2024,41401,rural,24,hombre,6,95,6.315789473684211
2024,41401,rural,24,mujer,12,61,19.672131147540984
2024,41401,rural,25,hombre,6,74,8.108108108108109
2024,41401,rural,25,mujer,1,48,2.0833333333333335
2024,41401,rural,26,hombre,5,75,6.666666666666667
2024,41401,rural,26,mujer,6,43,13.953488372093023
2024,41401,rural,27,hombre,5,85,5.882352941176471
2024,41401,rural,27,mujer,9,68,13.235294117647058
2024,41401,rural,28,hombre,5,75,6.666666666666667
2024,41401,rural,28,mujer,9,58,15.517241379310345
2024,41401,urbana,16,hombre,34,38,89.47368421052632
2024,41401,urbana,16,mujer,27,29,93.10344827586206
2024,41401,urbana,17,hombre,36,40,90.0
2024,41401,urbana,17,mujer,37,44,84.0909090909091
2024,41401,urbana,18,hombre,35,36,97.22222222222223
2024,41401,urbana,18,mujer,37,41,90.2439024390244
2024,41401,urbana,19,hombre,24,25,96.0
2024,41401,urbana,19,mujer,26,29,89.65517241379311
2024,41401,urbana,20,hombre,30,36,83.33333333333333
2024,41401,urbana,20,mujer,33,35,94.28571428571429
2024,41401,urbana,21,hombre,25,27,92.5925925925926
2024,41401,urbana,21,mujer,22,22,100.0
2024,41401,urbana,22,hombre,27,32,84.375
2024,41401,urbana,22,mujer,17,19,89.47368421052632
2024,41401,urbana,23,hombre,37,42,88.0952380952381
2024,41401,urbana,23,mujer,34,41,82.92682926829268
2024,41401,urbana,24,hombre,32,35,91.42857142857143
2024,41401,urbana,24,mujer,32,33,96.96969696969697
2024,41401,urbana,25,hombre,42,46,91.30434782608695
2024,41401,urbana,25,mujer,44,51,86.27450980392157
2024,41401,urbana,26,hombre,22,24,91.66666666666667
2024,41401,urbana,26,mujer,35,36,97.22222222222223
2024,41401,urbana,27,hombre,20,23,86.95652173913044
2024,41401,urbana,27,mujer,24,27,88.88888888888889
2024,41401,urbana,28,hombre,24,31,77.41935483870968
2024,41401,urbana,28,mujer,26,28,92.85714285714286
2024,41501,rural,16,hombre,4,16,25.0
2024,41501,rural,16,mujer,4,15,26.666666666666668
2024,41501,rural,17,hombre,2,13,15.384615384615385
2024,41501,rural,17,mujer,6,14,42.857142857142854
2024,41501,rural,18,hombre,2,10,20.0
2024,41501,rural,18,mujer,1,7,14.285714285714286
2024,41501,rural,19,hombre,2,14,14.285714285714286
2024,41501,rural,19,mujer,5,8,62.5
2024,41501,rural,20,hombre,3,10,30.0
2024,41501,rural,20,mujer,4,9,44.44444444444444
2024,41501,rural,21,hombre,1,8,12.5
2024,41501,rural,21,mujer,7,13,53.84615384615385
2024,41501,rural,22,hombre,5,17,29.41176470588235
2024,41501,rural,22,mujer,0,7,0.0
2024,41501,rural,23,hombre,4,15,26.666666666666668
2024,41501,rural,23,mujer,3,12,25.0
2024,41501,rural,24,hombre,2,7,28.571428571428573
2024,41501,rural,24,mujer,4,8,50.0
2024,41501,rural,25,hombre,3,11,27.272727272727273
2024,41501,rural,25,mujer,4,9,44.44444444444444
2024,41501,rural,26,hombre,3,7,42.857142857142854
2024,41501,rural,26,mujer,2,9,22.22222222222222
2024,41501,rural,27,hombre,3,13,23.076923076923077
2024,41501,rural,27,mujer,4,12,33.333333333333336
2024,41501,rural,28,hombre,2,7,28.571428571428573
2024,41501,rural,28,mujer,2,11,18.181818181818183
2024,41502,rural,16,hombre,4,6,66.66666666666667
2024,41502,rural,16,mujer,6,9,66.66666666666667
2024,41502,rural,17,hombre,9,14,64.28571428571429
2024,41502,rural,17,mujer,1,3,33.333333333333336
2024,41502,rural,18,hombre,4,8,50.0
2024,41502,rural,18,mujer,3,8,37.5
2024,41502,rural,19,hombre,3,10,30.0
2024,41502,rural,19,mujer,8,12,66.66666666666667
2024,41502,rural,20,hombre,5,12,41.666666666666664
2024,41502,rural,20,mujer,2,5,40.0
2024,41502,rural,21,hombre,7,8,87.5
2024,41502,rural,21,mujer,5,9,55.55555555555556
2024,41502,rural,22,hombre,7,9,77.77777777777777
2024,41502,rural,22,mujer,2,5,40.0
2024,41502,rural,23,hombre,4,8,50.0
2024,41502,rural,23,mujer,8,12,66.66666666666667
2024,41502,rural,24,hombre,7,10,70.0
2024,41502,rural,24,mujer,3,6,50.0
2024,41502,rural,25,hombre,10,12,83.33333333333333
2024,41502,rural,25,mujer,9,11,81.81818181818181
2024,41502,rural,26,hombre,5,7,71.42857142857143
2024,41502,rural,26,mujer,6,8,75.0
2024,41502,rural,27,hombre,4,6,66.66666666666667
2024,41502,rural,27,mujer,12,15,80.0
2024,41502,rural,28,hombre,10,14,71.42857142857143
2024,41502,rural,28,mujer,5,10,50.0
2024,41503,rural,16,hombre,1,13,7.6923076923076925
2024,41503,rural,16,mujer,4,11,36.36363636363637
2024,41503,rural,17,hombre,2,10,20.0
2024,41503,rural,17,mujer,4,11,36.36363636363637
2024,41503,rural,18,hombre,1,9,11.11111111111111
2024,41503,rural,18,mujer,2,9,22.22222222222222
2024,41503,rural,19,hombre,2,16,12.5
2024,41503,rural,19,mujer,3,9,33.333333333333336
2024,41503,rural,20,hombre,4,7,57.142857142857146
2024,41503,rural,20,mujer,2,9,22.22222222222222
2024,41503,rural,21,hombre,3,12,25.0
2024,41503,rural,21,mujer,8,19,42.10526315789474
2024,41503,rural,22,hombre,9,16,56.25
2024,41503,rural,22,mujer,5,12,41.666666666666664
2024,41503,rural,23,hombre,4,10,40.0
2024,41503,rural,23,mujer,3,6,50.0
2024,41503,rural,24,hombre,7,17,41.1764705882353
2024,41503,rural,24,mujer,2,11,18.181818181818183
2024,41503,rural,25,hombre,2,11,18.181818181818183
2024,41503,rural,25,mujer,1,8,12.5
2024,41503,rural,26,hombre,2,10,20.0
2024,41503,rural,26,mujer,5,16,31.25
2024,41503,rural,27,hombre,3,6,50.0
2024,41503,rural,27,mujer,6,14,42.857142857142854
2024,41503,rural,28,hombre,4,10,40.0
2024,41503,rural,28,mujer,1,5,20.0
2024,41601,rural,16,hombre,9,35,25.714285714285715
2024,41601,rural,16,mujer,6,38,15.789473684210526
2024,41601,rural,17,hombre,8,36,22.22222222222222
2024,41601,rural,17,mujer,9,41,21.951219512195124
2024,41601,rural,18,hombre,10,26,38.46153846153846
2024,41601,rural,18,mujer,6,26,23.076923076923077
2024,41601,rural,19,hombre,2,29,6.896551724137931
2024,41601,rural,19,mujer,11,33,33.333333333333336
2024,41601,rural,20,hombre,5,29,17.24137931034483
2024,41601,rural,20,mujer,5,21,23.80952380952381
2024,41601,rural,21,hombre,3,31,9.67741935483871
2024,41601,rural,21,mujer,10,25,40.0
2024,41601,rural,22,hombre,7,33,21.21212121212121
2024,41601,rural,22,mujer,7,25,28.0
2024,41601,rural,23,hombre,7,25,28.0
2024,41601,rural,23,mujer,3,36,8.333333333333334
2024,41601,rural,24,hombre,10,35,28.571428571428573
2024,41601,rural,24,mujer,9,53,16.9811320754717
2024,41601,rural,25,hombre,8,40,20.0
2024,41601,rural,25,mujer,6,31,19.35483870967742
2024,41601,rural,26,hombre,5,33,15.151515151515152
2024,41601,rural,26,mujer,7,30,23.333333333333332
2024,41601,rural,27,hombre,7,40,17.5
2024,41601,rural,27,mujer,1,28,3.5714285714285716
2024,41601,rural,28,hombre,10,41,24.390243902439025
2024,41601,rural,28,mujer,8,46,17.391304347826086
2024,50101,rural,16,hombre,31,169,18.34319526627219
2024,50101,rural,16,mujer,43,153,28.104575163398692
2024,50101,rural,17,hombre,29,152,19.07894736842105
2024,50101,rural,17,mujer,30,128,23.4375
2024,50101,rural,18,hombre,25,122,20.491803278688526
2024,50101,rural,18,mujer,23,121,19.00826446280992
2024,50101,rural,19,hombre,27,132,20.454545454545453
2024,50101,rural,19,mujer,27,99,27.272727272727273
2024,50101,rural,20,hombre,23,115,20.0
2024,50101,rural,20,mujer,33,136,24.264705882352942
2024,50101,rural,21,hombre,23,155,14.838709677419354
2024,50101,rural,21,mujer,29,121,23.96694214876033
2024,50101,rural,22,hombre,25,144,17.36111111111111
2024,50101,rural,22,mujer,19,131,14.50381679389313
2024,50101,rural,23,hombre,30,171,17.54385964912281
2024,50101,rural,23,mujer,26,144,18.055555555555557
2024,50101,rural,24,hombre,21,165,12.727272727272727
2024,50101,rural,24,mujer,20,134,14.925373134328359
2024,50101,rural,25,hombre,27,154,17.532467532467532
2024,50101,rural,25,mujer,36,160,22.5
2024,50101,rural,26,hombre,24,170,14.117647058823529
2024,50101,rural,26,mujer,30,166,18.072289156626507
2024,50101,rural,27,hombre,36,151,23.841059602649008
2024,50101,rural,27,mujer,27,152,17.763157894736842
2024,50101,rural,28,hombre,23,163,14.110429447852761
2024,50101,rural,28,mujer,25,127,19.68503937007874
2024,50101,urbana,16,hombre,1924,2067,93.08176100628931
2024,50101,urbana,16,mujer,1970,2114,93.18826868495742
2024,50101,urbana,17,hombre,1768,1895,93.2981530343008
2024,50101,urbana,17,mujer,1874,2029,92.36076885165106
2024,50101,urbana,18,hombre,1658,1798,92.21357063403782
2024,50101,urbana,18,mujer,1778,1939,91.69675090252707
2024,50101,urbana,19,hombre,1642,1764,93.08390022675736
2024,50101,urbana,19,mujer,1736,1887,91.99788023317436
2024,50101,urbana,20,hombre,1622,1760,92.1590909090909
2024,50101,urbana,20,mujer,1783,1947,91.57678479712378
2024,50101,urbana,21,hombre,1736,1875,92.58666666666667
2024,50101,urbana,21,mujer,1834,1991,92.1145153189352
2024,50101,urbana,22,hombre,1631,1763,92.51276233692569
2024,50101,urbana,22,mujer,1885,2059,91.54929577464789
2024,50101,urbana,23,hombre,1841,1972,93.35699797160244
2024,50101,urbana,23,mujer,1999,2212,90.37070524412296
2024,50101,urbana,24,hombre,1822,1940,93.91752577319588
2024,50101,urbana,24,mujer,1953,2156,90.58441558441558
2024,50101,urbana,25,hombre,1705,1833,93.01691216584834
2024,50101,urbana,25,mujer,1801,1981,90.91367995961636
2024,50101,urbana,26,hombre,1586,1689,93.90171699230314
2024,50101,urbana,26,mujer,1772,1957,90.54675523760858
2024,50101,urbana,27,hombre,1576,1712,92.05607476635514
2024,50101,urbana,27,mujer,1801,1997,90.18527791687531
2024,50101,urbana,28,hombre,1500,1605,93.45794392523365
2024,50101,urbana,28,mujer,1641,1803,91.01497504159734
2024,50102,rural,16,hombre,11,284,3.8732394366197185
2024,50102,rural,16,mujer,7,229,3.056768558951965
2024,50102,rural,17,hombre,12,286,4.195804195804196
2024,50102,rural,17,mujer,11,210,5.238095238095238
2024,50102,rural,18,hombre,14,264,5.303030303030303
2024,50102,rural,18,mujer,6,198,3.0303030303030303
2024,50102,rural,19,hombre,10,223,4.484304932735426
2024,50102,rural,19,mujer,6,215,2.7906976744186047
2024,50102,rural,20,hombre,9,278,3.237410071942446
2024,50102,rural,20,mujer,5,209,2.3923444976076556
2024,50102,rural,21,hombre,11,305,3.6065573770491803
2024,50102,rural,21,mujer,6,220,2.727272727272727
2024,50102,rural,22,hombre,13,302,4.304635761589404
2024,50102,rural,22,mujer,7,191,3.6649214659685865
2024,50102,rural,23,hombre,7,317,2.2082018927444795
2024,50102,rural,23,mujer,12,241,4.979253112033195
2024,50102,rural,24,hombre,7,315,2.2222222222222223
2024,50102,rural,24,mujer,6,199,3.0150753768844223
2024,50102,rural,25,hombre,6,282,2.127659574468085
2024,50102,rural,25,mujer,4,168,2.380952380952381
2024,50102,rural,26,hombre,10,268,3.7313432835820897
2024,50102,rural,26,mujer,9,179,5.027932960893855
2024,50102,rural,27,hombre,9,291,3.0927835051546393
2024,50102,rural,27,mujer,10,184,5.434782608695652
2024,50102,rural,28,hombre,4,282,1.4184397163120568
2024,50102,rural,28,mujer,3,176,1.7045454545454546
2024,50103,rural,16,hombre,22,86,25.58139534883721
2024,50103,rural,16,mujer,19,93,20.43010752688172
2024,50103,rural,17,hombre,18,76,23.68421052631579
2024,50103,rural,17,mujer,13,74,17.56756756756757
2024,50103,rural,18,hombre,9,77,11.688311688311689
2024,50103,rural,18,mujer,17,80,21.25
2024,50103,rural,19,hombre,11,64,17.1875
2024,50103,rural,19,mujer,9,64,14.0625
2024,50103,rural,20,hombre,9,65,13.846153846153847
2024,50103,rural,20,mujer,8,72,11.11111111111111
2024,50103,rural,21,hombre,18,86,20.930232558139537
2024,50103,rural,21,mujer,17,81,20.987654320987655
2024,50103,rural,22,hombre,13,69,18.840579710144926
2024,50103,rural,22,mujer,12,84,14.285714285714286
2024,50103,rural,23,hombre,12,83,14.457831325301205
2024,50103,rural,23,mujer,13,80,16.25
2024,50103,rural,24,hombre,18,107,16.822429906542055
2024,50103,rural,24,mujer,19,79,24.050632911392405
2024,50103,rural,25,hombre,14,83,16.867469879518072
2024,50103,rural,25,mujer,20,78,25.641025641025642
2024,50103,rural,26,hombre,19,105,18.095238095238095
2024,50103,rural,26,mujer,23,96,23.958333333333332
2024,50103,rural,27,hombre,13,88,14.772727272727273
2024,50103,rural,27,mujer,21,96,21.875
2024,50103,rural,28,hombre,24,91,26.373626373626372
2024,50103,rural,28,mujer,13,78,16.666666666666668
2024,50104,rural,16,hombre,0,17,0.0
2024,50104,rural,16,mujer,0,16,0.0
2024,50104,rural,17,hombre,0,27,0.0
2024,50104,rural,17,mujer,0,14,0.0
2024,50104,rural,18,hombre,0,17,0.0
2024,50104,rural,18,mujer,0,24,0.0
2024,50104,rural,19,hombre,2,34,5.882352941176471
2024,50104,rural,19,mujer,1,18,5.555555555555555
2024,50104,rural,20,hombre,0,18,0.0
2024,50104,rural,20,mujer,1,13,7.6923076923076925
2024,50104,rural,21,hombre,1,22,4.545454545454546
2024,50104,rural,21,mujer,0,22,0.0
2024,50104,rural,22,hombre,1,29,3.4482758620689653
2024,50104,rural,22,mujer,0,19,0.0
2024,50104,rural,23,hombre,2,38,5.2631578947368425
2024,50104,rural,23,mujer,1,27,3.7037037037037037
2024,50104,rural,24,hombre,0,28,0.0
2024,50104,rural,24,mujer,0,23,0.0
2024,50104,rural,25,hombre,2,22,9.090909090909092
2024,50104,rural,25,mujer,0,19,0.0
2024,50104,rural,26,hombre,3,31,9.67741935483871
2024,50104,rural,26,mujer,0,11,0.0
2024,50104,rural,27,hombre,2,27,7.407407407407407
2024,50104,rural,27,mujer,1,22,4.545454545454546
2024,50104,rural,28,hombre,1,31,3.225806451612903
2024,50104,rural,28,mujer,0,23,0.0
2024,50201,rural,16,hombre,17,134,12.686567164179104
2024,50201,rural,16,mujer,20,99,20.2020202020202
2024,50201,rural,17,hombre,15,137,10.94890510948905
2024,50201,rural,17,mujer,19,119,15.966386554621849
2024,50201,rural,18,hombre,20,99,20.2020202020202
2024,50201,rural,18,mujer,16,92,17.391304347826086
2024,50201,rural,19,hombre,12,105,11.428571428571429
2024,50201,rural,19,mujer,17,105,16.19047619047619
2024,50201,rural,20,hombre,17,114,14.912280701754385
2024,50201,rural,20,mujer,18,90,20.0
2024,50201,rural,21,hombre,18,123,14.634146341463415
2024,50201,rural,21,mujer,20,101,19.801980198019802
2024,50201,rural,22,hombre,17,115,14.782608695652174
2024,50201,rural,22,mujer,17,108,15.74074074074074
2024,50201,rural,23,hombre,18,143,12.587412587412587
2024,50201,rural,23,mujer,21,123,17.073170731707318
2024,50201,rural,24,hombre,20,132,15.151515151515152
2024,50201,rural,24,mujer,16,119,13.445378151260504
2024,50201,rural,25,hombre,16,129,12.4031007751938
2024,50201,rural,25,mujer,12,100,12.0
2024,50201,rural,26,hombre,15,130,11.538461538461538
2024,50201,rural,26,mujer,25,125,20.0
2024,50201,rural,27,hombre,14,142,9.859154929577464
2024,50201,rural,27,mujer,15,100,15.0
2024,50201,rural,28,hombre,21,143,14.685314685314685
2024,50201,rural,28,mujer,12,87,13.793103448275861
2024,50201,urbana,16,hombre,74,104,71.15384615384616
2024,50201,urbana,16,mujer,58,86,67.44186046511628
2024,50201,urbana,17,hombre,42,79,53.164556962025316
2024,50201,urbana,17,mujer,70,125,56.0
2024,50201,urbana,18,hombre,43,62,69.35483870967742
2024,50201,urbana,18,mujer,50,75,66.66666666666667
2024,50201,urbana,19,hombre,52,74,70.27027027027027
2024,50201,urbana,19,mujer,57,85,67.05882352941177
2024,50201,urbana,20,hombre,39,62,62.903225806451616
2024,50201,urbana,20,mujer,54,85,63.529411764705884
2024,50201,urbana,21,hombre,48,71,67.6056338028169
2024,50201,urbana,21,mujer,61,91,67.03296703296704
2024,50201,urbana,22,hombre,50,82,60.97560975609756
2024,50201,urbana,22,mujer,49,82,59.75609756097561
2024,50201,urbana,23,hombre,60,76,78.94736842105263
2024,50201,urbana,23,mujer,51,83,61.44578313253012
2024,50201,urbana,24,hombre,46,70,65.71428571428571
2024,50201,urbana,24,mujer,52,83,62.65060240963855
2024,50201,urbana,25,hombre,48,66,72.72727272727273
2024,50201,urbana,25,mujer,42,74,56.75675675675676
2024,50201,urbana,26,hombre,42,61,68.85245901639344
2024,50201,urbana,26,mujer,51,89,57.30337078651685
2024,50201,urbana,27,hombre,42,66,63.63636363636363
2024,50201,urbana,27,mujer,37,76,48.68421052631579
2024,50201,urbana,28,hombre,41,60,68.33333333333333
2024,50201,urbana,28,mujer,72,105,68.57142857142857
2024,50202,rural,16,hombre,16,106,15.09433962264151
2024,50202,rural,16,mujer,21,116,18.103448275862068
2024,50202,rural,17,hombre,22,118,18.64406779661017
2024,50202,rural,17,mujer,21,118,17.796610169491526
2024,50202,rural,18,hombre,13,78,16.666666666666668
2024,50202,rural,18,mujer,26,115,22.608695652173914
2024,50202,rural,19,hombre,19,124,15.32258064516129
2024,50202,rural,19,mujer,12,87,13.793103448275861
2024,50202,rural,20,hombre,26,123,21.13821138211382
2024,50202,rural,20,mujer,20,112,17.857142857142858
2024,50202,rural,21,hombre,17,124,13.709677419354838
2024,50202,rural,21,mujer,16,95,16.842105263157894
2024,50202,rural,22,hombre,31,127,24.409448818897637
2024,50202,rural,22,mujer,11,99,11.11111111111111
2024,50202,rural,23,hombre,23,135,17.037037037037038
2024,50202,rural,23,mujer,21,99,21.21212121212121
2024,50202,rural,24,hombre,15,123,12.195121951219512
2024,50202,rural,24,mujer,21,110,19.09090909090909
2024,50202,rural,25,hombre,19,141,13.47517730496454
2024,50202,rural,25,mujer,7,81,8.641975308641975
2024,50202,rural,26,hombre,18,126,14.285714285714286
2024,50202,rural,26,mujer,11,88,12.5
2024,50202,rural,27,hombre,23,113,20.353982300884955
2024,50202,rural,27,mujer,15,94,15.957446808510639
2024,50202,rural,28,hombre,15,116,12.931034482758621
2024,50202,rural,28,mujer,18,100,18.0
2024,50202,urbana,16,hombre,23,26,88.46153846153847
2024,50202,urbana,16,mujer,13,19,68.42105263157895
2024,50202,urbana,17,hombre,6,9,66.66666666666667
2024,50202,urbana,17,mujer,23,29,79.3103448275862
2024,50202,urbana,18,hombre,8,14,57.142857142857146
2024,50202,urbana,18,mujer,19,22,86.36363636363636
2024,50202,urbana,19,hombre,9,13,69.23076923076923
2024,50202,urbana,19,mujer,19,23,82.6086956521739
2024,50202,urbana,20,hombre,17,22,77.27272727272727
2024,50202,urbana,20,mujer,17,26,65.38461538461539
2024,50202,urbana,21,hombre,14,16,87.5
2024,50202,urbana,21,mujer,19,25,76.0
2024,50202,urbana,22,hombre,16,21,76.19047619047619
2024,50202,urbana,22,mujer,18,20,90.0
2024,50202,urbana,23,hombre,16,23,69.56521739130434
2024,50202,urbana,23,mujer,20,24,83.33333333333333
2024,50202,urbana,24,hombre,19,24,79.16666666666667
2024,50202,urbana,24,mujer,21,28,75.0
2024,50202,urbana,25,hombre,17,26,65.38461538461539
2024,50202,urbana,25,mujer,15,21,71.42857142857143
2024,50202,urbana,26,hombre,22,31,70.96774193548387
2024,50202,urbana,26,mujer,13,17,76.47058823529412
2024,50202,urbana,27,hombre,9,11,81.81818181818181
2024,50202,urbana,27,mujer,19,23,82.6086956521739
2024,50202,urbana,28,hombre,11,13,84.61538461538461
2024,50202,urbana,28,mujer,24,31,77.41935483870968
2024,50203,rural,16,hombre,3,45,6.666666666666667
2024,50203,rural,16,mujer,2,44,4.545454545454546
2024,50203,rural,17,hombre,1,46,2.1739130434782608
2024,50203,rural,17,mujer,1,33,3.0303030303030303
2024,50203,rural,18,hombre,1,32,3.125
2024,50203,rural,18,mujer,1,40,2.5
2024,50203,rural,19,hombre,5,37,13.513513513513514
2024,50203,rural,19,mujer,1,35,2.857142857142857
2024,50203,rural,20,hombre,0,35,0.0
2024,50203,rural,20,mujer,0,40,0.0
2024,50203,rural,21,hombre,1,47,2.127659574468085
2024,50203,rural,21,mujer,2,34,5.882352941176471
2024,50203,rural,22,hombre,1,46,2.1739130434782608
2024,50203,rural,22,mujer,1,40,2.5
2024,50203,rural,23,hombre,1,42,2.380952380952381
2024,50203,rural,23,mujer,1,26,3.8461538461538463
2024,50203,rural,24,hombre,4,56,7.142857142857143
2024,50203,rural,24,mujer,0,27,0.0
2024,50203,rural,25,hombre,1,39,2.5641025641025643
2024,50203,rural,25,mujer,1,42,2.380952380952381
2024,50203,rural,26,hombre,1,48,2.0833333333333335
2024,50203,rural,26,mujer,1,35,2.857142857142857
2024,50203,rural,27,hombre,0,42,0.0
2024,50203,rural,27,mujer,1,34,2.9411764705882355
2024,50203,rural,28,hombre,1,51,1.9607843137254901
2024,50203,rural,28,mujer,6,30,20.0
2024,50203,urbana,16,hombre,272,364,74.72527472527473
2024,50203,urbana,16,mujer,253,347,72.91066282420749
2024,50203,urbana,17,hombre,267,357,74.78991596638656
2024,50203,urbana,17,mujer,340,442,76.92307692307692
2024,50203,urbana,18,hombre,265,352,75.2840909090909
2024,50203,urbana,18,mujer,464,593,78.24620573355818
2024,50203,urbana,19,hombre,298,379,78.62796833773088
2024,50203,urbana,19,mujer,425,521,81.57389635316699
2024,50203,urbana,20,hombre,360,459,78.43137254901961
2024,50203,urbana,20,mujer,434,553,78.48101265822785
2024,50203,urbana,21,hombre,381,489,77.91411042944786
2024,50203,urbana,21,mujer,447,555,80.54054054054055
2024,50203,urbana,22,hombre,348,443,78.55530474040631
2024,50203,urbana,22,mujer,440,535,82.24299065420561
2024,50203,urbana,23,hombre,355,449,79.06458797327394
2024,50203,urbana,23,mujer,366,480,76.25
2024,50203,urbana,24,hombre,310,410,75.60975609756098
2024,50203,urbana,24,mujer,324,432,75.0
2024,50203,urbana,25,hombre,261,328,79.57317073170732
2024,50203,urbana,25,mujer,247,334,73.95209580838323
2024,50203,urbana,26,hombre,225,293,76.79180887372014
2024,50203,urbana,26,mujer,232,324,71.60493827160494
2024,50203,urbana,27,hombre,207,301,68.77076411960132
2024,50203,urbana,27,mujer,229,322,71.11801242236025
2024,50203,urbana,28,hombre,192,270,71.11111111111111
2024,50203,urbana,28,mujer,230,326,70.5521472392638
2024,50204,rural,16,hombre,1,81,1.2345679012345678
2024,50204,rural,16,mujer,3,54,5.555555555555555
2024,50204,rural,17,hombre,3,73,4.109589041095891
2024,50204,rural,17,mujer,1,57,1.7543859649122806
2024,50204,rural,18,hombre,1,62,1.6129032258064515
2024,50204,rural,18,mujer,0,56,0.0
2024,50204,rural,19,hombre,1,47,2.127659574468085
2024,50204,rural,19,mujer,1,46,2.1739130434782608
2024,50204,rural,20,hombre,1,63,1.5873015873015872
2024,50204,rural,20,mujer,0,49,0.0
2024,50204,rural,21,hombre,0,51,0.0
2024,50204,rural,21,mujer,1,47,2.127659574468085
2024,50204,rural,22,hombre,3,65,4.615384615384615
2024,50204,rural,22,mujer,1,48,2.0833333333333335
2024,50204,rural,23,hombre,3,58,5.172413793103448
2024,50204,rural,23,mujer,2,50,4.0
2024,50204,rural,24,hombre,0,64,0.0
2024,50204,rural,24,mujer,0,47,0.0
2024,50204,rural,25,hombre,0,63,0.0
2024,50204,rural,25,mujer,2,40,5.0
2024,50204,rural,26,hombre,1,66,1.5151515151515151
2024,50204,rural,26,mujer,1,40,2.5
2024,50204,rural,27,hombre,1,66,1.5151515151515151
2024,50204,rural,27,mujer,0,32,0.0
2024,50204,rural,28,hombre,2,43,4.651162790697675
2024,50204,rural,28,mujer,0,42,0.0
2024,50204,urbana,16,hombre,6,25,24.0
2024,50204,urbana,16,mujer,8,29,27.586206896551722
2024,50204,urbana,17,hombre,4,18,22.22222222222222
2024,50204,urbana,17,mujer,8,18,44.44444444444444
2024,50204,urbana,18,hombre,3,9,33.333333333333336
2024,50204,urbana,18,mujer,3,12,25.0
2024,50204,urbana,19,hombre,5,17,29.41176470588235
2024,50204,urbana,19,mujer,4,14,28.571428571428573
2024,50204,urbana,20,hombre,5,14,35.714285714285715
2024,50204,urbana,20,mujer,4,15,26.666666666666668
2024,50204,urbana,21,hombre,3,12,25.0
2024,50204,urbana,21,mujer,2,15,13.333333333333334
2024,50204,urbana,22,hombre,5,21,23.80952380952381
2024,50204,urbana,22,mujer,3,15,20.0
2024,50204,urbana,23,hombre,2,20,10.0
2024,50204,urbana,23,mujer,8,15,53.333333333333336
2024,50204,urbana,24,hombre,5,19,26.31578947368421
2024,50204,urbana,24,mujer,7,19,36.8421052631579
2024,50204,urbana,25,hombre,3,17,17.647058823529413
2024,50204,urbana,25,mujer,5,23,21.73913043478261
2024,50204,urbana,26,hombre,3,15,20.0
2024,50204,urbana,26,mujer,8,17,47.05882352941177
2024,50204,urbana,27,hombre,8,23,34.78260869565217
2024,50204,urbana,27,mujer,7,13,53.84615384615385
2024,50204,urbana,28,hombre,6,20,30.0
2024,50204,urbana,28,mujer,5,23,21.73913043478261
2024,50301,rural,16,hombre,23,255,9.019607843137255
2024,50301,rural,16,mujer,24,205,11.707317073170731
2024,50301,rural,17,hombre,26,221,11.764705882352942
2024,50301,rural,17,mujer,19,205,9.268292682926829
2024,50301,rural,18,hombre,15,164,9.146341463414634
2024,50301,rural,18,mujer,21,175,12.0
2024,50301,rural,19,hombre,14,174,8.045977011494253
2024,50301,rural,19,mujer,14,172,8.13953488372093
2024,50301,rural,20,hombre,10,197,5.0761421319796955
2024,50301,rural,20,mujer,16,191,8.37696335078534
2024,50301,rural,21,hombre,22,178,12.359550561797754
2024,50301,rural,21,mujer,17,181,9.392265193370166
2024,50301,rural,22,hombre,21,228,9.210526315789474
2024,50301,rural,22,mujer,12,197,6.091370558375634
2024,50301,rural,23,hombre,19,217,8.755760368663594
2024,50301,rural,23,mujer,24,188,12.76595744680851
2024,50301,rural,24,hombre,19,237,8.016877637130802
2024,50301,rural,24,mujer,20,198,10.1010101010101
2024,50301,rural,25,hombre,17,174,9.770114942528735
2024,50301,rural,25,mujer,8,168,4.761904761904762
2024,50301,rural,26,hombre,14,163,8.588957055214724
2024,50301,rural,26,mujer,28,180,15.555555555555555
2024,50301,rural,27,hombre,20,190,10.526315789473685
2024,50301,rural,27,mujer,23,174,13.218390804597702
2024,50301,rural,28,hombre,26,176,14.772727272727273
2024,50301,rural,28,mujer,9,160,5.625
2024,50301,urbana,16,hombre,57,71,80.28169014084507
2024,50301,urbana,16,mujer,48,62,77.41935483870968
2024,50301,urbana,17,hombre,52,73,71.23287671232876
2024,50301,urbana,17,mujer,52,68,76.47058823529412
2024,50301,urbana,18,hombre,43,53,81.13207547169812
2024,50301,urbana,18,mujer,47,57,82.45614035087719
2024,50301,urbana,19,hombre,41,49,83.6734693877551
2024,50301,urbana,19,mujer,41,50,82.0
2024,50301,urbana,20,hombre,48,59,81.35593220338983
2024,50301,urbana,20,mujer,51,67,76.11940298507463
2024,50301,urbana,21,hombre,36,46,78.26086956521739
2024,50301,urbana,21,mujer,40,48,83.33333333333333
2024,50301,urbana,22,hombre,41,50,82.0
2024,50301,urbana,22,mujer,49,64,76.5625
2024,50301,urbana,23,hombre,38,51,74.50980392156863
2024,50301,urbana,23,mujer,44,56,78.57142857142857
2024,50301,urbana,24,hombre,38,45,84.44444444444444
2024,50301,urbana,24,mujer,51,58,87.93103448275862
2024,50301,urbana,25,hombre,50,63,79.36507936507937
2024,50301,urbana,25,mujer,48,53,90.56603773584905
2024,50301,urbana,26,hombre,45,52,86.53846153846153
2024,50301,urbana,26,mujer,43,62,69.35483870967742
2024,50301,urbana,27,hombre,43,51,84.31372549019608
2024,50301,urbana,27,mujer,41,54,75.92592592592592
2024,50301,urbana,28,hombre,31,43,72.09302325581395
2024,50301,urbana,28,mujer,42,58,72.41379310344827
2024,50302,rural,16,hombre,7,66,10.606060606060606
2024,50302,rural,16,mujer,10,68,14.705882352941176
2024,50302,rural,17,hombre,9,62,14.516129032258064
2024,50302,rural,17,mujer,11,63,17.46031746031746
2024,50302,rural,18,hombre,11,63,17.46031746031746
2024,50302,rural,18,mujer,14,62,22.580645161290324
2024,50302,rural,19,hombre,10,51,19.607843137254903
2024,50302,rural,19,mujer,10,67,14.925373134328359
2024,50302,rural,20,hombre,5,55,9.090909090909092
2024,50302,rural,20,mujer,11,67,16.417910447761194
2024,50302,rural,21,hombre,13,66,19.696969696969695
2024,50302,rural,21,mujer,9,63,14.285714285714286
2024,50302,rural,22,hombre,8,64,12.5
2024,50302,rural,22,mujer,14,63,22.22222222222222
2024,50302,rural,23,hombre,14,79,17.72151898734177
2024,50302,rural,23,mujer,7,57,12.280701754385966
2024,50302,rural,24,hombre,7,75,9.333333333333334
2024,50302,rural,24,mujer,15,61,24.59016393442623
2024,50302,rural,25,hombre,15,63,23.80952380952381
2024,50302,rural,25,mujer,16,61,26.229508196721312
2024,50302,rural,26,hombre,8,70,11.428571428571429
2024,50302,rural,26,mujer,22,57,38.59649122807018
2024,50302,rural,27,hombre,8,61,13.114754098360656
2024,50302,rural,27,mujer,14,62,22.580645161290324
2024,50302,rural,28,hombre,12,66,18.181818181818183
2024,50302,rural,28,mujer,14,64,21.875
2024,50303,rural,16,hombre,4,148,2.7027027027027026
2024,50303,rural,16,mujer,4,120,3.3333333333333335
2024,50303,rural,17,hombre,5,126,3.9682539682539684
2024,50303,rural,17,mujer,1,108,0.9259259259259259
2024,50303,rural,18,hombre,3,116,2.586206896551724
2024,50303,rural,18,mujer,2,113,1.7699115044247788
2024,50303,rural,19,hombre,1,98,1.0204081632653061
2024,50303,rural,19,mujer,3,98,3.061224489795918
2024,50303,rural,20,hombre,2,138,1.4492753623188406
2024,50303,rural,20,mujer,1,102,0.9803921568627451
2024,50303,rural,21,hombre,2,136,1.4705882352941178
2024,50303,rural,21,mujer,3,125,2.4
2024,50303,rural,22,hombre,2,131,1.5267175572519085
2024,50303,rural,22,mujer,0,81,0.0
2024,50303,rural,23,hombre,1,154,0.6493506493506493
2024,50303,rural,23,mujer,0,94,0.0
2024,50303,rural,24,hombre,2,141,1.4184397163120568
2024,50303,rural,24,mujer,1,104,0.9615384615384616
2024,50303,rural,25,hombre,6,144,4.166666666666667
2024,50303,rural,25,mujer,2,91,2.197802197802198
2024,50303,rural,26,hombre,3,123,2.4390243902439024
2024,50303,rural,26,mujer,1,94,1.0638297872340425
2024,50303,rural,27,hombre,4,108,3.7037037037037037
2024,50303,rural,27,mujer,3,67,4.477611940298507
2024,50303,rural,28,hombre,2,102,1.9607843137254901
2024,50303,rural,28,mujer,6,69,8.695652173913043
2024,50401,rural,16,hombre,1,115,0.8695652173913043
2024,50401,rural,16,mujer,7,100,7.0
2024,50401,rural,17,hombre,5,113,4.424778761061947
2024,50401,rural,17,mujer,4,84,4.761904761904762
2024,50401,rural,18,hombre,10,89,11.235955056179776
2024,50401,rural,18,mujer,3,88,3.409090909090909
2024,50401,rural,19,hombre,1,94,1.0638297872340425
2024,50401,rural,19,mujer,3,77,3.896103896103896
2024,50401,rural,20,hombre,1,78,1.2820512820512822
2024,50401,rural,20,mujer,3,86,3.488372093023256
2024,50401,rural,21,hombre,2,86,2.3255813953488373
2024,50401,rural,21,mujer,3,92,3.260869565217391
2024,50401,rural,22,hombre,1,87,1.1494252873563218
2024,50401,rural,22,mujer,3,68,4.411764705882353
2024,50401,rural,23,hombre,6,99,6.0606060606060606
2024,50401,rural,23,mujer,2,67,2.985074626865672
2024,50401,rural,24,hombre,3,104,2.8846153846153846
2024,50401,rural,24,mujer,5,90,5.555555555555555
2024,50401,rural,25,hombre,5,82,6.097560975609756
2024,50401,rural,25,mujer,5,76,6.578947368421052
2024,50401,rural,26,hombre,2,52,3.8461538461538463
2024,50401,rural,26,mujer,2,61,3.278688524590164
2024,50401,rural,27,hombre,1,74,1.3513513513513513
2024,50401,rural,27,mujer,4,61,6.557377049180328
2024,50401,rural,28,hombre,4,79,5.063291139240507
2024,50401,rural,28,mujer,1,54,1.8518518518518519
2024,50401,urbana,16,hombre,35,43,81.3953488372093
2024,50401,urbana,16,mujer,37,47,78.72340425531915
2024,50401,urbana,17,hombre,38,50,76.0
2024,50401,urbana,17,mujer,40,52,76.92307692307692
2024,50401,urbana,18,hombre,38,51,74.50980392156863
2024,50401,urbana,18,mujer,29,34,85.29411764705883
2024,50401,urbana,19,hombre,33,57,57.89473684210526
2024,50401,urbana,19,mujer,22,25,88.0
2024,50401,urbana,20,hombre,42,62,67.74193548387096
2024,50401,urbana,20,mujer,21,31,67.74193548387096
2024,50401,urbana,21,hombre,59,75,78.66666666666667
2024,50401,urbana,21,mujer,32,46,69.56521739130434
2024,50401,urbana,22,hombre,62,86,72.09302325581395
2024,50401,urbana,22,mujer,30,38,78.94736842105263
2024,50401,urbana,23,hombre,52,77,67.53246753246754
2024,50401,urbana,23,mujer,27,39,69.23076923076923
2024,50401,urbana,24,hombre,70,102,68.62745098039215
2024,50401,urbana,24,mujer,24,35,68.57142857142857
2024,50401,urbana,25,hombre,45,75,60.0
2024,50401,urbana,25,mujer,31,37,83.78378378378379
2024,50401,urbana,26,hombre,54,70,77.14285714285714
2024,50401,urbana,26,mujer,39,45,86.66666666666667
2024,50401,urbana,27,hombre,43,59,72.88135593220339
2024,50401,urbana,27,mujer,40,45,88.88888888888889
2024,50401,urbana,28,hombre,44,61,72.1311475409836
2024,50401,urbana,28,mujer,28,41,68.29268292682927
2024,50402,rural,16,hombre,18,134,13.432835820895523
2024,50402,rural,16,mujer,22,133,16.541353383458645
2024,50402,rural,17,hombre,14,128,10.9375
2024,50402,rural,17,mujer,9,103,8.737864077669903
2024,50402,rural,18,hombre,18,131,13.740458015267176
2024,50402,rural,18,mujer,13,100,13.0
2024,50402,rural,19,hombre,15,99,15.151515151515152
2024,50402,rural,19,mujer,7,84,8.333333333333334
2024,50402,rural,20,hombre,13,104,12.5
2024,50402,rural,20,mujer,12,93,12.903225806451612
2024,50402,rural,21,hombre,12,125,9.6
2024,50402,rural,21,mujer,10,100,10.0
2024,50402,rural,22,hombre,17,112,15.178571428571429
2024,50402,rural,22,mujer,15,95,15.789473684210526
2024,50402,rural,23,hombre,14,122,11.475409836065573
2024,50402,rural,23,mujer,5,114,4.385964912280702
2024,50402,rural,24,hombre,12,128,9.375
2024,50402,rural,24,mujer,7,90,7.777777777777778
2024,50402,rural,25,hombre,11,90,12.222222222222221
2024,50402,rural,25,mujer,10,96,10.416666666666666
2024,50402,rural,26,hombre,11,113,9.734513274336283
2024,50402,rural,26,mujer,11,82,13.414634146341463
2024,50402,rural,27,hombre,10,115,8.695652173913043
2024,50402,rural,27,mujer,11,88,12.5
2024,50402,rural,28,hombre,19,107,17.757009345794394
2024,50402,rural,28,mujer,11,72,15.277777777777779
2024,50403,rural,16,hombre,9,289,3.114186851211073
2024,50403,rural,16,mujer,10,235,4.25531914893617
2024,50403,rural,17,hombre,10,247,4.048582995951417
2024,50403,rural,17,mujer,9,219,4.109589041095891
2024,50403,rural,18,hombre,6,231,2.5974025974025974
2024,50403,rural,18,mujer,8,267,2.9962546816479403
2024,50403,rural,19,hombre,4,211,1.8957345971563981
2024,50403,rural,19,mujer,3,254,1.1811023622047243
2024,50403,rural,20,hombre,9,255,3.5294117647058822
2024,50403,rural,20,mujer,11,240,4.583333333333333
2024,50403,rural,21,hombre,5,241,2.074688796680498
2024,50403,rural,21,mujer,7,260,2.6923076923076925
2024,50403,rural,22,hombre,7,251,2.7888446215139444
2024,50403,rural,22,mujer,8,219,3.65296803652968
2024,50403,rural,23,hombre,18,300,6.0
2024,50403,rural,23,mujer,11,249,4.417670682730924
2024,50403,rural,24,hombre,14,301,4.651162790697675
2024,50403,rural,24,mujer,11,223,4.932735426008969
2024,50403,rural,25,hombre,11,273,4.029304029304029
2024,50403,rural,25,mujer,8,195,4.102564102564102
2024,50403,rural,26,hombre,7,255,2.7450980392156863
2024,50403,rural,26,mujer,1,210,0.47619047619047616
2024,50403,rural,27,hombre,9,252,3.5714285714285716
2024,50403,rural,27,mujer,4,200,2.0
2024,50403,rural,28,hombre,13,261,4.980842911877395
2024,50403,rural,28,mujer,9,186,4.838709677419355
2024,50403,urbana,16,hombre,7,17,41.1764705882353
2024,50403,urbana,16,mujer,10,22,45.45454545454545
2024,50403,urbana,17,hombre,12,37,32.432432432432435
2024,50403,urbana,17,mujer,7,19,36.8421052631579
2024,50403,urbana,18,hombre,7,14,50.0
2024,50403,urbana,18,mujer,6,25,24.0
2024,50403,urbana,19,hombre,4,14,28.571428571428573
2024,50403,urbana,19,mujer,10,22,45.45454545454545
2024,50403,urbana,20,hombre,3,16,18.75
2024,50403,urbana,20,mujer,14,23,60.869565217391305
2024,50403,urbana,21,hombre,1,12,8.333333333333334
2024,50403,urbana,21,mujer,7,25,28.0
2024,50403,urbana,22,hombre,1,13,7.6923076923076925
2024,50403,urbana,22,mujer,14,34,41.1764705882353
2024,50403,urbana,23,hombre,6,17,35.294117647058826
2024,50403,urbana,23,mujer,6,19,31.57894736842105
2024,50403,urbana,24,hombre,3,14,21.428571428571427
2024,50403,urbana,24,mujer,8,33,24.242424242424242
2024,50403,urbana,25,hombre,6,17,35.294117647058826
2024,50403,urbana,25,mujer,7,19,36.8421052631579
2024,50403,urbana,26,hombre,6,20,30.0
2024,50403,urbana,26,mujer,7,28,25.0
2024,50403,urbana,27,hombre,8,13,61.53846153846154
2024,50403,urbana,27,mujer,7,28,25.0
2024,50403,urbana,28,hombre,7,16,43.75
2024,50403,urbana,28,mujer,10,23,43.47826086956522
2024,50404,rural,16,hombre,16,144,11.11111111111111
2024,50404,rural,16,mujer,8,118,6.779661016949152
2024,50404,rural,17,hombre,18,148,12.162162162162161
2024,50404,rural,17,mujer,17,104,16.346153846153847
2024,50404,rural,18,hombre,4,112,3.5714285714285716
2024,50404,rural,18,mujer,15,98,15.306122448979592
2024,50404,rural,19,hombre,7,99,7.070707070707071
2024,50404,rural,19,mujer,10,71,14.084507042253522
2024,50404,rural,20,hombre,11,149,7.382550335570469
2024,50404,rural,20,mujer,10,95,10.526315789473685
2024,50404,rural,21,hombre,13,139,9.352517985611511
2024,50404,rural,21,mujer,7,82,8.536585365853659
2024,50404,rural,22,hombre,2,108,1.8518518518518519
2024,50404,rural,22,mujer,7,91,7.6923076923076925
2024,50404,rural,23,hombre,8,138,5.797101449275362
2024,50404,rural,23,mujer,13,106,12.264150943396226
2024,50404,rural,24,hombre,14,144,9.722222222222221
2024,50404,rural,24,mujer,10,78,12.820512820512821
2024,50404,rural,25,hombre,7,107,6.542056074766355
2024,50404,rural,25,mujer,6,72,8.333333333333334
2024,50404,rural,26,hombre,10,126,7.936507936507937
2024,50404,rural,26,mujer,9,78,11.538461538461538
2024,50404,rural,27,hombre,7,125,5.6
2024,50404,rural,27,mujer,10,82,12.195121951219512
2024,50404,rural,28,hombre,9,108,8.333333333333334
2024,50404,rural,28,mujer,12,72,16.666666666666668
2024,50405,rural,16,hombre,20,212,9.433962264150944
2024,50405,rural,16,mujer,26,183,14.207650273224044
2024,50405,rural,17,hombre,19,182,10.43956043956044
2024,50405,rural,17,mujer,18,164,10.975609756097562
2024,50405,rural,18,hombre,12,205,5.853658536585366
2024,50405,rural,18,mujer,14,162,8.641975308641975
2024,50405,rural,19,hombre,18,188,9.574468085106384
2024,50405,rural,19,mujer,12,156,7.6923076923076925
2024,50405,rural,20,hombre,21,209,10.047846889952153
2024,50405,rural,20,mujer,7,151,4.635761589403973
2024,50405,rural,21,hombre,11,209,5.2631578947368425
2024,50405,rural,21,mujer,13,161,8.074534161490684
2024,50405,rural,22,hombre,13,200,6.5
2024,50405,rural,22,mujer,5,129,3.875968992248062
2024,50405,rural,23,hombre,11,213,5.164319248826291
2024,50405,rural,23,mujer,12,152,7.894736842105263
2024,50405,rural,24,hombre,14,240,5.833333333333333
2024,50405,rural,24,mujer,7,173,4.046242774566474
2024,50405,rural,25,hombre,5,197,2.5380710659898478
2024,50405,rural,25,mujer,10,122,8.19672131147541
2024,50405,rural,26,hombre,7,182,3.8461538461538463
2024,50405,rural,26,mujer,14,125,11.2
2024,50405,rural,27,hombre,15,209,7.177033492822966
2024,50405,rural,27,mujer,5,113,4.424778761061947
2024,50405,rural,28,hombre,11,177,6.214689265536723
2024,50405,rural,28,mujer,6,122,4.918032786885246
2024,50501,rural,16,hombre,13,275,4.7272727272727275
2024,50501,rural,16,mujer,12,222,5.405405405405405
2024,50501,rural,17,hombre,20,275,7.2727272727272725
2024,50501,rural,17,mujer,19,243,7.818930041152264
2024,50501,rural,18,hombre,11,199,5.527638190954774
2024,50501,rural,18,mujer,11,209,5.2631578947368425
2024,50501,rural,19,hombre,5,201,2.487562189054726
2024,50501,rural,19,mujer,10,207,4.830917874396135
2024,50501,rural,20,hombre,14,196,7.142857142857143
2024,50501,rural,20,mujer,10,201,4.975124378109452
2024,50501,rural,21,hombre,12,234,5.128205128205129
2024,50501,rural,21,mujer,9,171,5.2631578947368425
2024,50501,rural,22,hombre,10,229,4.366812227074236
2024,50501,rural,22,mujer,4,154,2.5974025974025974
2024,50501,rural,23,hombre,6,254,2.3622047244094486
2024,50501,rural,23,mujer,14,179,7.82122905027933
2024,50501,rural,24,hombre,16,220,7.2727272727272725
2024,50501,rural,24,mujer,13,191,6.806282722513089
2024,50501,rural,25,hombre,9,217,4.147465437788019
2024,50501,rural,25,mujer,12,158,7.594936708860759
2024,50501,rural,26,hombre,19,208,9.134615384615385
2024,50501,rural,26,mujer,7,144,4.861111111111111
2024,50501,rural,27,hombre,11,202,5.445544554455446
2024,50501,rural,27,mujer,17,156,10.897435897435898
2024,50501,rural,28,hombre,10,200,5.0
2024,50501,rural,28,mujer,6,133,4.511278195488722
2024,50502,rural,16,hombre,10,97,10.309278350515465
2024,50502,rural,16,mujer,11,102,10.784313725490197
2024,50502,rural,17,hombre,15,95,15.789473684210526
2024,50502,rural,17,mujer,9,87,10.344827586206897
2024,50502,rural,18,hombre,6,76,7.894736842105263
2024,50502,rural,18,mujer,12,77,15.584415584415584
2024,50502,rural,19,hombre,6,62,9.67741935483871
2024,50502,rural,19,mujer,9,80,11.25
2024,50502,rural,20,hombre,6,76,7.894736842105263
2024,50502,rural,20,mujer,7,68,10.294117647058824
2024,50502,rural,21,hombre,5,72,6.944444444444445
2024,50502,rural,21,mujer,3,64,4.6875
2024,50502,rural,22,hombre,7,62,11.290322580645162
2024,50502,rural,22,mujer,7,69,10.144927536231885
2024,50502,rural,23,hombre,5,78,6.410256410256411
2024,50502,rural,23,mujer,11,69,15.942028985507246
2024,50502,rural,24,hombre,8,82,9.75609756097561
2024,50502,rural,24,mujer,9,67,13.432835820895523
2024,50502,rural,25,hombre,9,74,12.162162162162161
2024,50502,rural,25,mujer,10,56,17.857142857142858
2024,50502,rural,26,hombre,8,66,12.121212121212121
2024,50502,rural,26,mujer,13,72,18.055555555555557
2024,50502,rural,27,hombre,8,70,11.428571428571429
2024,50502,rural,27,mujer,7,62,11.290322580645162
2024,50502,rural,28,hombre,15,90,16.666666666666668
2024,50502,rural,28,mujer,15,60,25.0
2024,50601,rural,16,hombre,13,205,6.341463414634147
2024,50601,rural,16,mujer,16,192,8.333333333333334
2024,50601,rural,17,hombre,13,213,6.103286384976526
2024,50601,rural,17,mujer,19,196,9.693877551020408
2024,50601,rural,18,hombre,14,165,8.484848484848484
2024,50601,rural,18,mujer,13,180,7.222222222222222
2024,50601,rural,19,hombre,11,179,6.145251396648045
2024,50601,rural,19,mujer,8,181,4.419889502762431
2024,50601,rural,20,hombre,18,210,8.571428571428571
2024,50601,rural,20,mujer,15,167,8.982035928143713
2024,50601,rural,21,hombre,9,191,4.712041884816754
2024,50601,rural,21,mujer,13,179,7.262569832402234
2024,50601,rural,22,hombre,13,206,6.310679611650485
2024,50601,rural,22,mujer,11,178,6.179775280898877
2024,50601,rural,23,hombre,18,213,8.450704225352112
2024,50601,rural,23,mujer,18,215,8.372093023255815
2024,50601,rural,24,hombre,18,211,8.530805687203792
2024,50601,rural,24,mujer,19,234,8.11965811965812
2024,50601,rural,25,hombre,12,200,6.0
2024,50601,rural,25,mujer,11,186,5.913978494623656
2024,50601,rural,26,hombre,12,192,6.25
2024,50601,rural,26,mujer,10,214,4.672897196261682
2024,50601,rural,27,hombre,11,217,5.0691244239631335
2024,50601,rural,27,mujer,8,206,3.883495145631068
2024,50601,rural,28,hombre,16,215,7.441860465116279
2024,50601,rural,28,mujer,9,227,3.9647577092511015
2024,50601,urbana,16,hombre,29,31,93.54838709677419
2024,50601,urbana,16,mujer,37,45,82.22222222222223
2024,50601,urbana,17,hombre,32,34,94.11764705882354
2024,50601,urbana,17,mujer,44,48,91.66666666666667
2024,50601,urbana,18,hombre,26,35,74.28571428571429
2024,50601,urbana,18,mujer,22,28,78.57142857142857
2024,50601,urbana,19,hombre,16,20,80.0
2024,50601,urbana,19,mujer,19,20,95.0
2024,50601,urbana,20,hombre,24,28,85.71428571428571
2024,50601,urbana,20,mujer,11,20,55.0
2024,50601,urbana,21,hombre,23,25,92.0
2024,50601,urbana,21,mujer,18,25,72.0
2024,50601,urbana,22,hombre,12,15,80.0
2024,50601,urbana,22,mujer,20,25,80.0
2024,50601,urbana,23,hombre,23,25,92.0
2024,50601,urbana,23,mujer,19,20,95.0
2024,50601,urbana,24,hombre,16,25,64.0
2024,50601,urbana,24,mujer,30,31,96.7741935483871
2024,50601,urbana,25,hombre,22,25,88.0
2024,50601,urbana,25,mujer,27,30,90.0
2024,50601,urbana,26,hombre,18,19,94.73684210526316
2024,50601,urbana,26,mujer,19,22,86.36363636363636
2024,50601,urbana,27,hombre,20,21,95.23809523809524
2024,50601,urbana,27,mujer,21,23,91.30434782608695
2024,50601,urbana,28,hombre,20,21,95.23809523809524
2024,50601,urbana,28,mujer,18,20,90.0
2024,50602,rural,16,hombre,11,70,15.714285714285714
2024,50602,rural,16,mujer,13,85,15.294117647058824
2024,50602,rural,17,hombre,7,75,9.333333333333334
2024,50602,rural,17,mujer,15,78,19.23076923076923
2024,50602,rural,18,hombre,6,70,8.571428571428571
2024,50602,rural,18,mujer,7,72,9.722222222222221
2024,50602,rural,19,hombre,7,69,10.144927536231885
2024,50602,rural,19,mujer,5,69,7.246376811594203
2024,50602,rural,20,hombre,7,74,9.45945945945946
2024,50602,rural,20,mujer,7,69,10.144927536231885
2024,50602,rural,21,hombre,11,63,17.46031746031746
2024,50602,rural,21,mujer,8,87,9.195402298850574
2024,50602,rural,22,hombre,9,64,14.0625
2024,50602,rural,22,mujer,10,71,14.084507042253522
2024,50602,rural,23,hombre,11,86,12.790697674418604
2024,50602,rural,23,mujer,8,85,9.411764705882353
2024,50602,rural,24,hombre,17,70,24.285714285714285
2024,50602,rural,24,mujer,14,82,17.073170731707318
2024,50602,rural,25,hombre,6,75,8.0
2024,50602,rural,25,mujer,9,71,12.67605633802817
2024,50602,rural,26,hombre,9,62,14.516129032258064
2024,50602,rural,26,mujer,10,68,14.705882352941176
2024,50602,rural,27,hombre,7,67,10.447761194029852
2024,50602,rural,27,mujer,7,51,13.72549019607843
2024,50602,rural,28,hombre,5,60,8.333333333333334
2024,50602,rural,28,mujer,15,68,22.058823529411764
2024,50701,rural,16,hombre,7,144,4.861111111111111
2024,50701,rural,16,mujer,11,120,9.166666666666666
2024,50701,rural,17,hombre,8,132,6.0606060606060606
2024,50701,rural,17,mujer,10,147,6.802721088435374
2024,50701,rural,18,hombre,10,87,11.494252873563218
2024,50701,rural,18,mujer,10,111,9.00900900900901
2024,50701,rural,19,hombre,6,83,7.228915662650603
2024,50701,rural,19,mujer,3,88,3.409090909090909
2024,50701,rural,20,hombre,5,114,4.385964912280702
2024,50701,rural,20,mujer,11,100,11.0
2024,50701,rural,21,hombre,9,131,6.870229007633588
2024,50701,rural,21,mujer,2,96,2.0833333333333335
2024,50701,rural,22,hombre,8,108,7.407407407407407
2024,50701,rural,22,mujer,5,78,6.410256410256411
2024,50701,rural,23,hombre,11,149,7.382550335570469
2024,50701,rural,23,mujer,8,104,7.6923076923076925
2024,50701,rural,24,hombre,5,147,3.401360544217687
2024,50701,rural,24,mujer,2,87,2.2988505747126435
2024,50701,rural,25,hombre,7,123,5.691056910569106
2024,50701,rural,25,mujer,9,92,9.782608695652174
2024,50701,rural,26,hombre,6,135,4.444444444444445
2024,50701,rural,26,mujer,1,80,1.25
2024,50701,rural,27,hombre,4,133,3.007518796992481
2024,50701,rural,27,mujer,7,80,8.75
2024,50701,rural,28,hombre,3,108,2.7777777777777777
2024,50701,rural,28,mujer,7,78,8.974358974358974
2024,50701,urbana,16,hombre,8,13,61.53846153846154
2024,50701,urbana,16,mujer,12,15,80.0
2024,50701,urbana,17,hombre,16,26,61.53846153846154
2024,50701,urbana,17,mujer,17,21,80.95238095238095
2024,50701,urbana,18,hombre,13,14,92.85714285714286
2024,50701,urbana,18,mujer,13,15,86.66666666666667
2024,50701,urbana,19,hombre,6,10,60.0
2024,50701,urbana,19,mujer,7,16,43.75
2024,50701,urbana,20,hombre,6,9,66.66666666666667
2024,50701,urbana,20,mujer,11,14,78.57142857142857
2024,50701,urbana,21,hombre,17,22,77.27272727272727
2024,50701,urbana,21,mujer,17,21,80.95238095238095
2024,50701,urbana,22,hombre,11,13,84.61538461538461
2024,50701,urbana,22,mujer,18,21,85.71428571428571
2024,50701,urbana,23,hombre,7,10,70.0
2024,50701,urbana,23,mujer,13,19,68.42105263157895
2024,50701,urbana,24,hombre,13,15,86.66666666666667
2024,50701,urbana,24,mujer,19,25,76.0
2024,50701,urbana,25,hombre,10,13,76.92307692307692
2024,50701,urbana,25,mujer,7,12,58.333333333333336
2024,50701,urbana,26,hombre,7,10,70.0
2024,50701,urbana,26,mujer,12,15,80.0
2024,50701,urbana,27,hombre,7,7,100.0
2024,50701,urbana,27,mujer,9,12,75.0
2024,50701,urbana,28,hombre,12,18,66.66666666666667
2024,50701,urbana,28,mujer,13,15,86.66666666666667
2024,50702,rural,16,hombre,9,97,9.278350515463918
2024,50702,rural,16,mujer,4,78,5.128205128205129
2024,50702,rural,17,hombre,5,70,7.142857142857143
2024,50702,rural,17,mujer,9,57,15.789473684210526
2024,50702,rural,18,hombre,3,48,6.25
2024,50702,rural,18,mujer,3,71,4.225352112676056
2024,50702,rural,19,hombre,1,43,2.3255813953488373
2024,50702,rural,19,mujer,0,44,0.0
2024,50702,rural,20,hombre,7,68,10.294117647058824
2024,50702,rural,20,mujer,5,53,9.433962264150944
2024,50702,rural,21,hombre,5,75,6.666666666666667
2024,50702,rural,21,mujer,3,54,5.555555555555555
2024,50702,rural,22,hombre,6,84,7.142857142857143
2024,50702,rural,22,mujer,2,44,4.545454545454546
2024,50702,rural,23,hombre,2,66,3.0303030303030303
2024,50702,rural,23,mujer,9,52,17.307692307692307
2024,50702,rural,24,hombre,2,79,2.5316455696202533
2024,50702,rural,24,mujer,1,58,1.7241379310344827
2024,50702,rural,25,hombre,4,78,5.128205128205129
2024,50702,rural,25,mujer,5,45,11.11111111111111
2024,50702,rural,26,hombre,3,76,3.9473684210526314
2024,50702,rural,26,mujer,1,51,1.9607843137254901
2024,50702,rural,27,hombre,2,81,2.4691358024691357
2024,50702,rural,27,mujer,6,53,11.320754716981131
2024,50702,rural,28,hombre,2,87,2.2988505747126435
2024,50702,rural,28,mujer,3,51,5.882352941176471
2024,50801,rural,16,hombre,21,153,13.72549019607843
2024,50801,rural,16,mujer,16,127,12.598425196850394
2024,50801,rural,17,hombre,24,112,21.428571428571427
2024,50801,rural,17,mujer,23,124,18.548387096774192
2024,50801,rural,18,hombre,17,109,15.596330275229358
2024,50801,rural,18,mujer,22,121,18.181818181818183
2024,50801,rural,19,hombre,15,105,14.285714285714286
2024,50801,rural,19,mujer,16,99,16.161616161616163
2024,50801,rural,20,hombre,15,116,12.931034482758621
2024,50801,rural,20,mujer,14,127,11.023622047244094
2024,50801,rural,21,hombre,19,133,14.285714285714286
2024,50801,rural,21,mujer,16,103,15.533980582524272
2024,50801,rural,22,hombre,12,122,9.836065573770492
2024,50801,rural,22,mujer,21,126,16.666666666666668
2024,50801,rural,23,hombre,13,118,11.016949152542374
2024,50801,rural,23,mujer,19,121,15.702479338842975
2024,50801,rural,24,hombre,17,133,12.781954887218046
2024,50801,rural,24,mujer,20,121,16.52892561983471
2024,50801,rural,25,hombre,17,123,13.821138211382113
2024,50801,rural,25,mujer,17,108,15.74074074074074
2024,50801,rural,26,hombre,16,124,12.903225806451612
2024,50801,rural,26,mujer,21,122,17.21311475409836
2024,50801,rural,27,hombre,22,122,18.0327868852459
2024,50801,rural,27,mujer,20,130,15.384615384615385
2024,50801,rural,28,hombre,15,125,12.0
2024,50801,rural,28,mujer,17,122,13.934426229508198
2024,50801,urbana,16,hombre,281,317,88.64353312302839
2024,50801,urbana,16,mujer,249,269,92.56505576208178
2024,50801,urbana,17,hombre,240,262,91.6030534351145
2024,50801,urbana,17,mujer,222,238,93.27731092436974
2024,50801,urbana,18,hombre,160,173,92.48554913294798
2024,50801,urbana,18,mujer,182,201,90.54726368159204
2024,50801,urbana,19,hombre,150,174,86.20689655172414
2024,50801,urbana,19,mujer,152,180,84.44444444444444
2024,50801,urbana,20,hombre,171,190,90.0
2024,50801,urbana,20,mujer,177,187,94.6524064171123
2024,50801,urbana,21,hombre,162,176,92.04545454545455
2024,50801,urbana,21,mujer,161,176,91.47727272727273
2024,50801,urbana,22,hombre,148,162,91.35802469135803
2024,50801,urbana,22,mujer,206,218,94.4954128440367
2024,50801,urbana,23,hombre,158,177,89.26553672316385
2024,50801,urbana,23,mujer,182,207,87.92270531400966
2024,50801,urbana,24,hombre,186,200,93.0
2024,50801,urbana,24,mujer,205,218,94.03669724770643
2024,50801,urbana,25,hombre,180,196,91.83673469387755
2024,50801,urbana,25,mujer,198,213,92.95774647887323
2024,50801,urbana,26,hombre,199,219,90.8675799086758
2024,50801,urbana,26,mujer,218,236,92.37288135593221
2024,50801,urbana,27,hombre,184,202,91.08910891089108
2024,50801,urbana,27,mujer,247,276,89.4927536231884
2024,50801,urbana,28,hombre,195,212,91.98113207547169
2024,50801,urbana,28,mujer,218,236,92.37288135593221
2024,50802,rural,16,hombre,29,92,31.52173913043478
2024,50802,rural,16,mujer,44,100,44.0
2024,50802,rural,17,hombre,36,85,42.35294117647059
2024,50802,rural,17,mujer,36,84,42.857142857142854
2024,50802,rural,18,hombre,21,47,44.680851063829785
2024,50802,rural,18,mujer,27,55,49.09090909090909
2024,50802,rural,19,hombre,16,58,27.586206896551722
2024,50802,rural,19,mujer,18,59,30.508474576271187
2024,50802,rural,20,hombre,18,46,39.130434782608695
2024,50802,rural,20,mujer,19,56,33.92857142857143
2024,50802,rural,21,hombre,21,53,39.62264150943396
2024,50802,rural,21,mujer,16,52,30.76923076923077
2024,50802,rural,22,hombre,14,57,24.56140350877193
2024,50802,rural,22,mujer,14,44,31.818181818181817
2024,50802,rural,23,hombre,25,91,27.47252747252747
2024,50802,rural,23,mujer,18,69,26.08695652173913
2024,50802,rural,24,hombre,12,72,16.666666666666668
2024,50802,rural,24,mujer,19,47,40.42553191489362
2024,50802,rural,25,hombre,18,83,21.686746987951807
2024,50802,rural,25,mujer,37,90,41.111111111111114
2024,50802,rural,26,hombre,19,78,24.358974358974358
2024,50802,rural,26,mujer,23,71,32.394366197183096
2024,50802,rural,27,hombre,32,94,34.04255319148936
2024,50802,rural,27,mujer,24,67,35.82089552238806
2024,50802,rural,28,hombre,23,86,26.74418604651163
2024,50802,rural,28,mujer,33,83,39.75903614457831
2024,50901,rural,16,hombre,61,86,70.93023255813954
2024,50901,rural,16,mujer,63,91,69.23076923076923
2024,50901,rural,17,hombre,67,93,72.04301075268818
2024,50901,rural,17,mujer,44,65,67.6923076923077
2024,50901,rural,18,hombre,31,44,70.45454545454545
2024,50901,rural,18,mujer,44,63,69.84126984126983
2024,50901,rural,19,hombre,32,43,74.4186046511628
2024,50901,rural,19,mujer,29,47,61.702127659574465
2024,50901,rural,20,hombre,24,43,55.81395348837209
2024,50901,rural,20,mujer,27,55,49.09090909090909
2024,50901,rural,21,hombre,36,54,66.66666666666667
2024,50901,rural,21,mujer,30,47,63.829787234042556
2024,50901,rural,22,hombre,32,54,59.25925925925926
2024,50901,rural,22,mujer,41,63,65.07936507936508
2024,50901,rural,23,hombre,41,62,66.12903225806451
2024,50901,rural,23,mujer,39,66,59.09090909090909
2024,50901,rural,24,hombre,38,72,52.77777777777778
2024,50901,rural,24,mujer,49,74,66.21621621621621
2024,50901,rural,25,hombre,27,54,50.0
2024,50901,rural,25,mujer,54,76,71.05263157894737
2024,50901,rural,26,hombre,49,79,62.0253164556962
2024,50901,rural,26,mujer,58,79,73.41772151898734
2024,50901,rural,27,hombre,37,62,59.67741935483871
2024,50901,rural,27,mujer,41,65,63.07692307692308
2024,50901,rural,28,hombre,41,56,73.21428571428571
2024,50901,rural,28,mujer,52,76,68.42105263157895
2024,50901,urbana,16,hombre,20,23,86.95652173913044
2024,50901,urbana,16,mujer,18,22,81.81818181818181
2024,50901,urbana,17,hombre,16,22,72.72727272727273
2024,50901,urbana,17,mujer,22,23,95.65217391304348
2024,50901,urbana,18,hombre,4,7,57.142857142857146
2024,50901,urbana,18,mujer,18,21,85.71428571428571
2024,50901,urbana,19,hombre,7,8,87.5
2024,50901,urbana,19,mujer,11,11,100.0
2024,50901,urbana,20,hombre,7,8,87.5
2024,50901,urbana,20,mujer,7,7,100.0
2024,50901,urbana,21,hombre,14,15,93.33333333333333
2024,50901,urbana,21,mujer,10,12,83.33333333333333
2024,50901,urbana,22,hombre,9,10,90.0
2024,50901,urbana,22,mujer,19,20,95.0
2024,50901,urbana,23,hombre,19,21,90.47619047619048
2024,50901,urbana,23,mujer,12,13,92.3076923076923
2024,50901,urbana,24,hombre,17,20,85.0
2024,50901,urbana,24,mujer,15,16,93.75
2024,50901,urbana,25,hombre,19,21,90.47619047619048
2024,50901,urbana,25,mujer,17,23,73.91304347826087
2024,50901,urbana,26,hombre,11,14,78.57142857142857
2024,50901,urbana,26,mujer,22,25,88.0
2024,50901,urbana,27,hombre,17,18,94.44444444444444
2024,50901,urbana,27,mujer,19,20,95.0
2024,50901,urbana,28,hombre,18,19,94.73684210526316
2024,50901,urbana,28,mujer,13,15,86.66666666666667
2024,50902,rural,16,hombre,14,16,87.5
2024,50902,rural,16,mujer,7,11,63.63636363636363
2024,50902,rural,17,hombre,15,18,83.33333333333333
2024,50902,rural,17,mujer,13,15,86.66666666666667
2024,50902,rural,18,hombre,7,7,100.0
2024,50902,rural,18,mujer,2,5,40.0
2024,50902,rural,19,hombre,10,11,90.9090909090909
2024,50902,rural,19,mujer,7,12,58.333333333333336
2024,50902,rural,20,hombre,7,10,70.0
2024,50902,rural,20,mujer,8,11,72.72727272727273
2024,50902,rural,21,hombre,8,15,53.333333333333336
2024,50902,rural,21,mujer,4,12,33.333333333333336
2024,50902,rural,22,hombre,13,16,81.25
2024,50902,rural,22,mujer,7,8,87.5
2024,50902,rural,23,hombre,14,22,63.63636363636363
2024,50902,rural,23,mujer,3,8,37.5
2024,50902,rural,24,hombre,9,12,75.0
2024,50902,rural,24,mujer,4,6,66.66666666666667
2024,50902,rural,25,hombre,9,16,56.25
2024,50902,rural,25,mujer,5,9,55.55555555555556
2024,50902,rural,26,hombre,12,14,85.71428571428571
2024,50902,rural,26,mujer,7,11,63.63636363636363
2024,50902,rural,27,hombre,9,13,69.23076923076923
2024,50902,rural,27,mujer,3,6,50.0
2024,50902,rural,28,hombre,4,10,40.0
2024,50902,rural,28,mujer,5,10,50.0
2024,51001,rural,16,hombre,4,30,13.333333333333334
2024,51001,rural,16,mujer,9,25,36.0
2024,51001,rural,17,hombre,5,32,15.625
2024,51001,rural,17,mujer,3,26,11.538461538461538
2024,51001,rural,18,hombre,2,24,8.333333333333334
2024,51001,rural,18,mujer,2,24,8.333333333333334
2024,51001,rural,19,hombre,3,21,14.285714285714286
2024,51001,rural,19,mujer,6,21,28.571428571428573
2024,51001,rural,20,hombre,3,25,12.0
2024,51001,rural,20,mujer,1,18,5.555555555555555
2024,51001,rural,21,hombre,3,16,18.75
2024,51001,rural,21,mujer,2,19,10.526315789473685
2024,51001,rural,22,hombre,6,34,17.647058823529413
2024,51001,rural,22,mujer,3,28,10.714285714285714
2024,51001,rural,23,hombre,4,14,28.571428571428573
2024,51001,rural,23,mujer,2,25,8.0
2024,51001,rural,24,hombre,6,29,20.689655172413794
2024,51001,rural,24,mujer,2,23,8.695652173913043
2024,51001,rural,25,hombre,2,17,11.764705882352942
2024,51001,rural,25,mujer,5,22,22.727272727272727
2024,51001,rural,26,hombre,1,17,5.882352941176471
2024,51001,rural,26,mujer,6,31,19.35483870967742
2024,51001,rural,27,hombre,8,33,24.242424242424242
2024,51001,rural,27,mujer,6,26,23.076923076923077
2024,51001,rural,28,hombre,1,25,4.0
2024,51001,rural,28,mujer,7,22,31.818181818181817
2024,51002,rural,16,hombre,1,12,8.333333333333334
2024,51002,rural,16,mujer,1,7,14.285714285714286
2024,51002,rural,17,hombre,0,6,0.0
2024,51002,rural,17,mujer,2,8,25.0
2024,51002,rural,18,hombre,2,6,33.333333333333336
2024,51002,rural,18,mujer,1,2,50.0
2024,51002,rural,19,hombre,2,8,25.0
2024,51002,rural,19,mujer,4,6,66.66666666666667
2024,51002,rural,20,hombre,2,6,33.333333333333336
2024,51002,rural,20,mujer,2,11,18.181818181818183
2024,51002,rural,21,hombre,2,5,40.0
2024,51002,rural,21,mujer,5,6,83.33333333333333
2024,51002,rural,22,hombre,1,4,25.0
2024,51002,rural,22,mujer,0,3,0.0
2024,51002,rural,23,hombre,3,9,33.333333333333336
2024,51002,rural,23,mujer,2,8,25.0
2024,51002,rural,24,hombre,3,12,25.0
2024,51002,rural,24,mujer,1,9,11.11111111111111
2024,51002,rural,25,hombre,1,6,16.666666666666668
2024,51002,rural,25,mujer,3,6,50.0
2024,51002,rural,26,hombre,1,8,12.5
2024,51002,rural,26,mujer,1,9,11.11111111111111
2024,51002,rural,27,hombre,1,10,10.0
2024,51002,rural,27,mujer,2,6,33.333333333333336
2024,51002,rural,28,hombre,3,8,37.5
2024,51002,rural,28,mujer,2,7,28.571428571428573
2024,51003,rural,16,hombre,2,26,7.6923076923076925
2024,51003,rural,16,mujer,2,20,10.0
2024,51003,rural,17,hombre,1,22,4.545454545454546
2024,51003,rural,17,mujer,1,10,10.0
2024,51003,rural,18,hombre,0,9,0.0
2024,51003,rural,18,mujer,3,28,10.714285714285714
2024,51003,rural,19,hombre,3,15,20.0
2024,51003,rural,19,mujer,3,13,23.076923076923077
2024,51003,rural,20,hombre,2,12,16.666666666666668
2024,51003,rural,20,mujer,2,13,15.384615384615385
2024,51003,rural,21,hombre,2,13,15.384615384615385
2024,51003,rural,21,mujer,2,17,11.764705882352942
2024,51003,rural,22,hombre,0,15,0.0
2024,51003,rural,22,mujer,1,16,6.25
2024,51003,rural,23,hombre,3,16,18.75
2024,51003,rural,23,mujer,0,13,0.0
2024,51003,rural,24,hombre,1,19,5.2631578947368425
2024,51003,rural,24,mujer,2,19,10.526315789473685
2024,51003,rural,25,hombre,1,22,4.545454545454546
2024,51003,rural,25,mujer,1,13,7.6923076923076925
2024,51003,rural,26,hombre,1,15,6.666666666666667
2024,51003,rural,26,mujer,3,22,13.636363636363637
2024,51003,rural,27,hombre,0,15,0.0
2024,51003,rural,27,mujer,1,13,7.6923076923076925
2024,51003,rural,28,hombre,0,12,0.0
2024,51003,rural,28,mujer,1,12,8.333333333333334
2024,51101,rural,16,hombre,29,171,16.95906432748538
2024,51101,rural,16,mujer,27,147,18.367346938775512
2024,51101,rural,17,hombre,27,116,23.275862068965516
2024,51101,rural,17,mujer,21,121,17.355371900826448
2024,51101,rural,18,hombre,20,102,19.607843137254903
2024,51101,rural,18,mujer,34,117,29.05982905982906
2024,51101,rural,19,hombre,27,109,24.770642201834864
2024,51101,rural,19,mujer,23,114,20.17543859649123
2024,51101,rural,20,hombre,25,115,21.73913043478261
2024,51101,rural,20,mujer,33,130,25.384615384615383
2024,51101,rural,21,hombre,18,114,15.789473684210526
2024,51101,rural,21,mujer,14,101,13.861386138613861
2024,51101,rural,22,hombre,21,123,17.073170731707318
2024,51101,rural,22,mujer,20,99,20.2020202020202
2024,51101,rural,23,hombre,25,131,19.083969465648856
2024,51101,rural,23,mujer,24,131,18.3206106870229
2024,51101,rural,24,hombre,30,116,25.862068965517242
2024,51101,rural,24,mujer,26,107,24.299065420560748
2024,51101,rural,25,hombre,15,98,15.306122448979592
2024,51101,rural,25,mujer,21,114,18.42105263157895
2024,51101,rural,26,hombre,32,119,26.89075630252101
2024,51101,rural,26,mujer,29,97,29.896907216494846
2024,51101,rural,27,hombre,21,108,19.444444444444443
2024,51101,rural,27,mujer,12,81,14.814814814814815
2024,51101,rural,28,hombre,25,107,23.364485981308412
2024,51101,rural,28,mujer,25,109,22.93577981651376
2024,51102,rural,16,hombre,16,66,24.242424242424242
2024,51102,rural,16,mujer,20,70,28.571428571428573
2024,51102,rural,17,hombre,14,63,22.22222222222222
2024,51102,rural,17,mujer,19,57,33.333333333333336
2024,51102,rural,18,hombre,12,52,23.076923076923077
2024,51102,rural,18,mujer,23,72,31.944444444444443
2024,51102,rural,19,hombre,14,57,24.56140350877193
2024,51102,rural,19,mujer,20,60,33.333333333333336
2024,51102,rural,20,hombre,20,62,32.25806451612903
2024,51102,rural,20,mujer,12,48,25.0
2024,51102,rural,21,hombre,20,75,26.666666666666668
2024,51102,rural,21,mujer,11,59,18.64406779661017
2024,51102,rural,22,hombre,15,71,21.12676056338028
2024,51102,rural,22,mujer,16,61,26.229508196721312
2024,51102,rural,23,hombre,20,76,26.31578947368421
2024,51102,rural,23,mujer,20,66,30.303030303030305
2024,51102,rural,24,hombre,15,80,18.75
2024,51102,rural,24,mujer,15,68,22.058823529411764
2024,51102,rural,25,hombre,12,78,15.384615384615385
2024,51102,rural,25,mujer,14,65,21.53846153846154
2024,51102,rural,26,hombre,10,58,17.24137931034483
2024,51102,rural,26,mujer,17,66,25.757575757575758
2024,51102,rural,27,hombre,15,75,20.0
2024,51102,rural,27,mujer,14,63,22.22222222222222
2024,51102,rural,28,hombre,20,64,31.25
2024,51102,rural,28,mujer,21,63,33.333333333333336
2024,51102,urbana,16,hombre,29,41,70.73170731707317
2024,51102,urbana,16,mujer,24,29,82.75862068965517
2024,51102,urbana,17,hombre,30,41,73.17073170731707
2024,51102,urbana,17,mujer,20,26,76.92307692307692
2024,51102,urbana,18,hombre,26,37,70.27027027027027
2024,51102,urbana,18,mujer,16,22,72.72727272727273
2024,51102,urbana,19,hombre,16,20,80.0
2024,51102,urbana,19,mujer,18,27,66.66666666666667
2024,51102,urbana,20,hombre,27,37,72.97297297297297
2024,51102,urbana,20,mujer,26,42,61.904761904761905
2024,51102,urbana,21,hombre,23,29,79.3103448275862
2024,51102,urbana,21,mujer,31,46,67.3913043478261
2024,51102,urbana,22,hombre,24,30,80.0
2024,51102,urbana,22,mujer,20,28,71.42857142857143
2024,51102,urbana,23,hombre,30,46,65.21739130434783
2024,51102,urbana,23,mujer,33,48,68.75
2024,51102,urbana,24,hombre,36,47,76.59574468085107
2024,51102,urbana,24,mujer,32,44,72.72727272727273
2024,51102,urbana,25,hombre,28,39,71.7948717948718
2024,51102,urbana,25,mujer,24,31,77.41935483870968
2024,51102,urbana,26,hombre,23,33,69.6969696969697
2024,51102,urbana,26,mujer,21,28,75.0
2024,51102,urbana,27,hombre,30,41,73.17073170731707
2024,51102,urbana,27,mujer,24,35,68.57142857142857
2024,51102,urbana,28,hombre,27,35,77.14285714285714
2024,51102,urbana,28,mujer,29,46,63.04347826086956
2024,51103,rural,16,hombre,14,159,8.80503144654088
2024,51103,rural,16,mujer,7,155,4.516129032258065
2024,51103,rural,17,hombre,3,138,2.1739130434782608
2024,51103,rural,17,mujer,8,130,6.153846153846154
2024,51103,rural,18,hombre,12,151,7.947019867549669
2024,51103,rural,18,mujer,6,108,5.555555555555555
2024,51103,rural,19,hombre,14,132,10.606060606060606
2024,51103,rural,19,mujer,9,111,8.108108108108109
2024,51103,rural,20,hombre,9,122,7.377049180327869
2024,51103,rural,20,mujer,6,123,4.878048780487805
2024,51103,rural,21,hombre,9,131,6.870229007633588
2024,51103,rural,21,mujer,3,118,2.542372881355932
2024,51103,rural,22,hombre,1,122,0.819672131147541
2024,51103,rural,22,mujer,8,121,6.6115702479338845
2024,51103,rural,23,hombre,11,142,7.746478873239437
2024,51103,rural,23,mujer,8,112,7.142857142857143
2024,51103,rural,24,hombre,10,132,7.575757575757576
2024,51103,rural,24,mujer,6,116,5.172413793103448
2024,51103,rural,25,hombre,8,122,6.557377049180328
2024,51103,rural,25,mujer,1,75,1.3333333333333333
2024,51103,rural,26,hombre,6,123,4.878048780487805
2024,51103,rural,26,mujer,7,93,7.526881720430108
2024,51103,rural,27,hombre,5,91,5.4945054945054945
2024,51103,rural,27,mujer,4,77,5.194805194805195
2024,51103,rural,28,hombre,8,89,8.98876404494382
2024,51103,rural,28,mujer,10,98,10.204081632653061
2024,51201,rural,16,hombre,9,95,9.473684210526315
2024,51201,rural,16,mujer,14,107,13.08411214953271
2024,51201,rural,17,hombre,7,83,8.433734939759036
2024,51201,rural,17,mujer,14,94,14.893617021276595
2024,51201,rural,18,hombre,5,81,6.172839506172839
2024,51201,rural,18,mujer,5,79,6.329113924050633
2024,51201,rural,19,hombre,9,69,13.043478260869565
2024,51201,rural,19,mujer,8,67,11.940298507462687
2024,51201,rural,20,hombre,4,65,6.153846153846154
2024,51201,rural,20,mujer,3,63,4.761904761904762
2024,51201,rural,21,hombre,2,51,3.9215686274509802
2024,51201,rural,21,mujer,13,70,18.571428571428573
2024,51201,rural,22,hombre,6,73,8.219178082191782
2024,51201,rural,22,mujer,5,71,7.042253521126761
2024,51201,rural,23,hombre,6,80,7.5
2024,51201,rural,23,mujer,6,65,9.23076923076923
2024,51201,rural,24,hombre,10,68,14.705882352941176
2024,51201,rural,24,mujer,9,62,14.516129032258064
2024,51201,rural,25,hombre,2,63,3.1746031746031744
2024,51201,rural,25,mujer,6,65,9.23076923076923
2024,51201,rural,26,hombre,7,69,10.144927536231885
2024,51201,rural,26,mujer,8,74,10.81081081081081
2024,51201,rural,27,hombre,4,80,5.0
2024,51201,rural,27,mujer,4,59,6.779661016949152
2024,51201,rural,28,hombre,8,67,11.940298507462687
2024,51201,rural,28,mujer,10,72,13.88888888888889
2024,51201,urbana,16,hombre,68,258,26.356589147286822
2024,51201,urbana,16,mujer,66,241,27.38589211618257
2024,51201,urbana,17,hombre,43,198,21.717171717171716
2024,51201,urbana,17,mujer,38,199,19.09547738693467
2024,51201,urbana,18,hombre,30,166,18.072289156626507
2024,51201,urbana,18,mujer,42,190,22.105263157894736
2024,51201,urbana,19,hombre,35,159,22.0125786163522
2024,51201,urbana,19,mujer,48,170,28.235294117647058
2024,51201,urbana,20,hombre,25,148,16.89189189189189
2024,51201,urbana,20,mujer,42,182,23.076923076923077
2024,51201,urbana,21,hombre,43,158,27.21518987341772
2024,51201,urbana,21,mujer,38,174,21.839080459770116
2024,51201,urbana,22,hombre,34,160,21.25
2024,51201,urbana,22,mujer,39,181,21.54696132596685
2024,51201,urbana,23,hombre,30,160,18.75
2024,51201,urbana,23,mujer,60,237,25.31645569620253
2024,51201,urbana,24,hombre,54,195,27.692307692307693
2024,51201,urbana,24,mujer,50,232,21.551724137931036
2024,51201,urbana,25,hombre,42,169,24.85207100591716
2024,51201,urbana,25,mujer,51,221,23.076923076923077
2024,51201,urbana,26,hombre,45,173,26.01156069364162
2024,51201,urbana,26,mujer,57,230,24.782608695652176
2024,51201,urbana,27,hombre,40,204,19.607843137254903
2024,51201,urbana,27,mujer,58,223,26.00896860986547
2024,51201,urbana,28,hombre,39,192,20.3125
2024,51201,urbana,28,mujer,63,241,26.141078838174273
2024,51202,rural,16,hombre,9,62,14.516129032258064
2024,51202,rural,16,mujer,15,53,28.30188679245283
2024,51202,rural,17,hombre,10,43,23.25581395348837
2024,51202,rural,17,mujer,15,56,26.785714285714285
2024,51202,rural,18,hombre,8,52,15.384615384615385
2024,51202,rural,18,mujer,8,42,19.047619047619047
2024,51202,rural,19,hombre,5,29,17.24137931034483
2024,51202,rural,19,mujer,5,40,12.5
2024,51202,rural,20,hombre,9,57,15.789473684210526
2024,51202,rural,20,mujer,11,50,22.0
2024,51202,rural,21,hombre,13,54,24.074074074074073
2024,51202,rural,21,mujer,8,45,17.77777777777778
2024,51202,rural,22,hombre,7,53,13.20754716981132
2024,51202,rural,22,mujer,5,56,8.928571428571429
2024,51202,rural,23,hombre,12,61,19.672131147540984
2024,51202,rural,23,mujer,7,47,14.893617021276595
2024,51202,rural,24,hombre,6,49,12.244897959183673
2024,51202,rural,24,mujer,11,69,15.942028985507246
2024,51202,rural,25,hombre,10,51,19.607843137254903
2024,51202,rural,25,mujer,11,58,18.96551724137931
2024,51202,rural,26,hombre,6,56,10.714285714285714
2024,51202,rural,26,mujer,10,55,18.181818181818183
2024,51202,rural,27,hombre,5,53,9.433962264150944
2024,51202,rural,27,mujer,8,43,18.6046511627907
2024,51202,rural,28,hombre,5,36,13.88888888888889
2024,51202,rural,28,mujer,7,50,14.0
2024,51203,rural,16,hombre,0,12,0.0
2024,51203,rural,16,mujer,0,15,0.0
2024,51203,rural,17,hombre,1,20,5.0
2024,51203,rural,17,mujer,1,16,6.25
2024,51203,rural,18,hombre,0,18,0.0
2024,51203,rural,18,mujer,1,14,7.142857142857143
2024,51203,rural,19,hombre,0,17,0.0
2024,51203,rural,19,mujer,0,12,0.0
2024,51203,rural,20,hombre,0,15,0.0
2024,51203,rural,20,mujer,2,14,14.285714285714286
2024,51203,rural,21,hombre,1,21,4.761904761904762
2024,51203,rural,21,mujer,1,7,14.285714285714286
2024,51203,rural,22,hombre,1,22,4.545454545454546
2024,51203,rural,22,mujer,0,25,0.0
2024,51203,rural,23,hombre,1,18,5.555555555555555
2024,51203,rural,23,mujer,0,18,0.0
2024,51203,rural,24,hombre,1,21,4.761904761904762
2024,51203,rural,24,mujer,5,33,15.151515151515152
2024,51203,rural,25,hombre,4,24,16.666666666666668
2024,51203,rural,25,mujer,1,19,5.2631578947368425
2024,51203,rural,26,hombre,0,20,0.0
2024,51203,rural,26,mujer,2,29,6.896551724137931
2024,51203,rural,27,hombre,1,22,4.545454545454546
2024,51203,rural,27,mujer,1,21,4.761904761904762
2024,51203,rural,28,hombre,0,17,0.0
2024,51203,rural,28,mujer,0,17,0.0
2024,51203,urbana,16,hombre,124,133,93.23308270676692
2024,51203,urbana,16,mujer,132,139,94.96402877697842
2024,51203,urbana,17,hombre,69,75,92.0
2024,51203,urbana,17,mujer,99,102,97.05882352941177
2024,51203,urbana,18,hombre,67,72,93.05555555555556
2024,51203,urbana,18,mujer,70,74,94.5945945945946
2024,51203,urbana,19,hombre,95,98,96.93877551020408
2024,51203,urbana,19,mujer,77,81,95.06172839506173
2024,51203,urbana,20,hombre,110,114,96.49122807017544
2024,51203,urbana,20,mujer,88,94,93.61702127659575
2024,51203,urbana,21,hombre,142,151,94.03973509933775
2024,51203,urbana,21,mujer,91,102,89.2156862745098
2024,51203,urbana,22,hombre,135,144,93.75
2024,51203,urbana,22,mujer,108,112,96.42857142857143
2024,51203,urbana,23,hombre,147,155,94.83870967741936
2024,51203,urbana,23,mujer,112,116,96.55172413793103
2024,51203,urbana,24,hombre,178,189,94.17989417989418
2024,51203,urbana,24,mujer,102,107,95.32710280373831
2024,51203,urbana,25,hombre,145,153,94.77124183006536
2024,51203,urbana,25,mujer,97,102,95.09803921568627
2024,51203,urbana,26,hombre,139,144,96.52777777777777
2024,51203,urbana,26,mujer,105,109,96.3302752293578
2024,51203,urbana,27,hombre,168,175,96.0
2024,51203,urbana,27,mujer,94,100,94.0
2024,51203,urbana,28,hombre,134,139,96.40287769784173
2024,51203,urbana,28,mujer,102,109,93.57798165137615
2024,51204,rural,16,hombre,12,47,25.53191489361702
2024,51204,rural,16,mujer,12,40,30.0
2024,51204,rural,17,hombre,7,44,15.909090909090908
2024,51204,rural,17,mujer,9,56,16.071428571428573
2024,51204,rural,18,hombre,3,40,7.5
2024,51204,rural,18,mujer,7,38,18.42105263157895
2024,51204,rural,19,hombre,3,22,13.636363636363637
2024,51204,rural,19,mujer,11,45,24.444444444444443
2024,51204,rural,20,hombre,7,44,15.909090909090908
2024,51204,rural,20,mujer,12,45,26.666666666666668
2024,51204,rural,21,hombre,8,36,22.22222222222222
2024,51204,rural,21,mujer,12,38,31.57894736842105
2024,51204,rural,22,hombre,6,40,15.0
2024,51204,rural,22,mujer,9,55,16.363636363636363
2024,51204,rural,23,hombre,8,48,16.666666666666668
2024,51204,rural,23,mujer,11,43,25.58139534883721
2024,51204,rural,24,hombre,10,42,23.80952380952381
2024,51204,rural,24,mujer,10,41,24.390243902439025
2024,51204,rural,25,hombre,11,39,28.205128205128204
2024,51204,rural,25,mujer,11,42,26.19047619047619
2024,51204,rural,26,hombre,6,42,14.285714285714286
2024,51204,rural,26,mujer,7,36,19.444444444444443
2024,51204,rural,27,hombre,6,43,13.953488372093023
2024,51204,rural,27,mujer,11,41,26.829268292682926
2024,51204,rural,28,hombre,5,34,14.705882352941176
2024,51204,rural,28,mujer,13,42,30.952380952380953
2024,51301,rural,16,hombre,6,40,15.0
2024,51301,rural,16,mujer,8,36,22.22222222222222
2024,51301,rural,17,hombre,4,42,9.523809523809524
2024,51301,rural,17,mujer,4,30,13.333333333333334
2024,51301,rural,18,hombre,3,31,9.67741935483871
2024,51301,rural,18,mujer,6,33,18.181818181818183
2024,51301,rural,19,hombre,3,21,14.285714285714286
2024,51301,rural,19,mujer,1,25,4.0
2024,51301,rural,20,hombre,6,38,15.789473684210526
2024,51301,rural,20,mujer,2,18,11.11111111111111
2024,51301,rural,21,hombre,2,26,7.6923076923076925
2024,51301,rural,21,mujer,1,22,4.545454545454546
2024,51301,rural,22,hombre,2,21,9.523809523809524
2024,51301,rural,22,mujer,2,17,11.764705882352942
2024,51301,rural,23,hombre,3,32,9.375
2024,51301,rural,23,mujer,3,30,10.0
2024,51301,rural,24,hombre,3,25,12.0
2024,51301,rural,24,mujer,3,20,15.0
2024,51301,rural,25,hombre,2,25,8.0
2024,51301,rural,25,mujer,2,20,10.0
2024,51301,rural,26,hombre,4,19,21.05263157894737
2024,51301,rural,26,mujer,2,27,7.407407407407407
2024,51301,rural,27,hombre,2,28,7.142857142857143
2024,51301,rural,27,mujer,2,19,10.526315789473685
2024,51301,rural,28,hombre,1,19,5.2631578947368425
2024,51301,rural,28,mujer,3,17,17.647058823529413
2024,51302,rural,16,hombre,8,40,20.0
2024,51302,rural,16,mujer,6,41,14.634146341463415
2024,51302,rural,17,hombre,14,54,25.925925925925927
2024,51302,rural,17,mujer,6,40,15.0
2024,51302,rural,18,hombre,6,22,27.272727272727273
2024,51302,rural,18,mujer,3,37,8.108108108108109
2024,51302,rural,19,hombre,3,27,11.11111111111111
2024,51302,rural,19,mujer,8,30,26.666666666666668
2024,51302,rural,20,hombre,3,23,13.043478260869565
2024,51302,rural,20,mujer,6,18,33.333333333333336
2024,51302,rural,21,hombre,5,26,19.23076923076923
2024,51302,rural,21,mujer,4,19,21.05263157894737
2024,51302,rural,22,hombre,6,28,21.428571428571427
2024,51302,rural,22,mujer,8,29,27.586206896551722
2024,51302,rural,23,hombre,5,25,20.0
2024,51302,rural,23,mujer,1,23,4.3478260869565215
2024,51302,rural,24,hombre,3,27,11.11111111111111
2024,51302,rural,24,mujer,3,16,18.75
2024,51302,rural,25,hombre,4,24,16.666666666666668
2024,51302,rural,25,mujer,6,20,30.0
2024,51302,rural,26,hombre,5,22,22.727272727272727
2024,51302,rural,26,mujer,6,19,31.57894736842105
2024,51302,rural,27,hombre,6,23,26.08695652173913
2024,51302,rural,27,mujer,4,19,21.05263157894737
2024,51302,rural,28,hombre,7,23,30.434782608695652
2024,51302,rural,28,mujer,8,27,29.62962962962963
2024,51401,rural,16,hombre,9,33,27.272727272727273
2024,51401,rural,16,mujer,6,20,30.0
2024,51401,rural,17,hombre,5,31,16.129032258064516
2024,51401,rural,17,mujer,13,37,35.13513513513514
2024,51401,rural,18,hombre,9,29,31.03448275862069
2024,51401,rural,18,mujer,16,34,47.05882352941177
2024,51401,rural,19,hombre,12,24,50.0
2024,51401,rural,19,mujer,23,47,48.93617021276596
2024,51401,rural,20,hombre,26,43,60.46511627906977
2024,51401,rural,20,mujer,19,36,52.77777777777778
2024,51401,rural,21,hombre,12,34,35.294117647058826
2024,51401,rural,21,mujer,9,29,31.03448275862069
2024,51401,rural,22,hombre,19,52,36.53846153846154
2024,51401,rural,22,mujer,15,30,50.0
2024,51401,rural,23,hombre,17,39,43.58974358974359
2024,51401,rural,23,mujer,20,30,66.66666666666667
2024,51401,rural,24,hombre,13,29,44.827586206896555
2024,51401,rural,24,mujer,4,23,17.391304347826086
2024,51401,rural,25,hombre,12,32,37.5
2024,51401,rural,25,mujer,11,34,32.35294117647059
2024,51401,rural,26,hombre,7,26,26.923076923076923
2024,51401,rural,26,mujer,12,28,42.857142857142854
2024,51401,rural,27,hombre,7,26,26.923076923076923
2024,51401,rural,27,mujer,5,31,16.129032258064516
2024,51401,rural,28,hombre,5,25,20.0
2024,51401,rural,28,mujer,11,28,39.285714285714285
2024,51402,rural,16,hombre,4,14,28.571428571428573
2024,51402,rural,16,mujer,1,9,11.11111111111111
2024,51402,rural,17,hombre,5,11,45.45454545454545
2024,51402,rural,17,mujer,5,16,31.25
2024,51402,rural,18,hombre,4,13,30.76923076923077
2024,51402,rural,18,mujer,2,8,25.0
2024,51402,rural,19,hombre,3,10,30.0
2024,51402,rural,19,mujer,4,14,28.571428571428573
2024,51402,rural,20,hombre,0,10,0.0
2024,51402,rural,20,mujer,5,11,45.45454545454545
2024,51402,rural,21,hombre,3,11,27.272727272727273
2024,51402,rural,21,mujer,1,5,20.0
2024,51402,rural,22,hombre,6,11,54.54545454545455
2024,51402,rural,22,mujer,5,14,35.714285714285715
2024,51402,rural,23,hombre,3,21,14.285714285714286
2024,51402,rural,23,mujer,1,9,11.11111111111111
2024,51402,rural,24,hombre,0,9,0.0
2024,51402,rural,24,mujer,1,14,7.142857142857143
2024,51402,rural,25,hombre,2,15,13.333333333333334
2024,51402,rural,25,mujer,0,7,0.0
2024,51402,rural,26,hombre,3,10,30.0
2024,51402,rural,26,mujer,1,10,10.0
2024,51402,rural,27,hombre,3,12,25.0
2024,51402,rural,27,mujer,6,12,50.0
2024,51402,rural,28,hombre,1,7,14.285714285714286
2024,51402,rural,28,mujer,5,16,31.25
2024,51501,rural,16,hombre,24,78,30.76923076923077
2024,51501,rural,16,mujer,11,58,18.96551724137931
2024,51501,rural,17,hombre,17,64,26.5625
2024,51501,rural,17,mujer,16,68,23.529411764705884
2024,51501,rural,18,hombre,15,66,22.727272727272727
2024,51501,rural,18,mujer,11,58,18.96551724137931
2024,51501,rural,19,hombre,15,63,23.80952380952381
2024,51501,rural,19,mujer,8,46,17.391304347826086
2024,51501,rural,20,hombre,5,48,10.416666666666666
2024,51501,rural,20,mujer,13,50,26.0
2024,51501,rural,21,hombre,10,56,17.857142857142858
2024,51501,rural,21,mujer,8,57,14.035087719298245
2024,51501,rural,22,hombre,7,53,13.20754716981132
2024,51501,rural,22,mujer,6,49,12.244897959183673
2024,51501,rural,23,hombre,8,43,18.6046511627907
2024,51501,rural,23,mujer,4,50,8.0
2024,51501,rural,24,hombre,7,63,11.11111111111111
2024,51501,rural,24,mujer,11,52,21.153846153846153
2024,51501,rural,25,hombre,11,61,18.0327868852459
2024,51501,rural,25,mujer,10,49,20.408163265306122
2024,51501,rural,26,hombre,8,44,18.181818181818183
2024,51501,rural,26,mujer,10,65,15.384615384615385
2024,51501,rural,27,hombre,9,54,16.666666666666668
2024,51501,rural,27,mujer,13,69,18.840579710144926
2024,51501,rural,28,hombre,6,41,14.634146341463415
2024,51501,rural,28,mujer,20,64,31.25
2024,51501,urbana,16,hombre,379,417,90.88729016786571
2024,51501,urbana,16,mujer,360,405,88.88888888888889
2024,51501,urbana,17,hombre,296,337,87.83382789317507
2024,51501,urbana,17,mujer,295,329,89.66565349544074
2024,51501,urbana,18,hombre,257,286,89.86013986013987
2024,51501,urbana,18,mujer,275,315,87.3015873015873
2024,51501,urbana,19,hombre,233,259,89.96138996138995
2024,51501,urbana,19,mujer,222,239,92.88702928870293
2024,51501,urbana,20,hombre,250,292,85.61643835616438
2024,51501,urbana,20,mujer,320,355,90.14084507042253
2024,51501,urbana,21,hombre,249,275,90.54545454545455
2024,51501,urbana,21,mujer,254,283,89.75265017667844
2024,51501,urbana,22,hombre,273,296,92.22972972972973
2024,51501,urbana,22,mujer,284,322,88.19875776397515
2024,51501,urbana,23,hombre,287,331,86.70694864048339
2024,51501,urbana,23,mujer,289,320,90.3125
2024,51501,urbana,24,hombre,338,370,91.35135135135135
2024,51501,urbana,24,mujer,291,324,89.81481481481481
2024,51501,urbana,25,hombre,266,295,90.16949152542372
2024,51501,urbana,25,mujer,331,362,91.43646408839778
2024,51501,urbana,26,hombre,277,303,91.41914191419141
2024,51501,urbana,26,mujer,307,344,89.24418604651163
2024,51501,urbana,27,hombre,270,302,89.40397350993378
2024,51501,urbana,27,mujer,318,369,86.17886178861788
2024,51501,urbana,28,hombre,301,334,90.11976047904191
2024,51501,urbana,28,mujer,348,386,90.15544041450777
2024,51601,rural,16,hombre,12,21,57.142857142857146
2024,51601,rural,16,mujer,11,20,55.0
2024,51601,rural,17,hombre,10,14,71.42857142857143
2024,51601,rural,17,mujer,5,11,45.45454545454545
2024,51601,rural,18,hombre,9,14,64.28571428571429
2024,51601,rural,18,mujer,8,16,50.0
2024,51601,rural,19,hombre,8,15,53.333333333333336
2024,51601,rural,19,mujer,9,15,60.0
2024,51601,rural,20,hombre,6,15,40.0
2024,51601,rural,20,mujer,10,24,41.666666666666664
2024,51601,rural,21,hombre,8,15,53.333333333333336
2024,51601,rural,21,mujer,10,16,62.5
2024,51601,rural,22,hombre,12,20,60.0
2024,51601,rural,22,mujer,8,11,72.72727272727273
2024,51601,rural,23,hombre,11,20,55.0
2024,51601,rural,23,mujer,12,18,66.66666666666667
2024,51601,rural,24,hombre,11,17,64.70588235294117
2024,51601,rural,24,mujer,11,20,55.0
2024,51601,rural,25,hombre,11,21,52.38095238095238
2024,51601,rural,25,mujer,11,18,61.111111111111114
2024,51601,rural,26,hombre,4,12,33.333333333333336
2024,51601,rural,26,mujer,10,19,52.63157894736842
2024,51601,rural,27,hombre,8,13,61.53846153846154
2024,51601,rural,27,mujer,14,23,60.869565217391305
2024,51601,rural,28,hombre,10,14,71.42857142857143
2024,51601,rural,28,mujer,14,23,60.869565217391305
2024,60101,rural,16,hombre,18,153,11.764705882352942
2024,60101,rural,16,mujer,20,177,11.299435028248588
2024,60101,rural,17,hombre,32,187,17.112299465240643
2024,60101,rural,17,mujer,27,178,15.168539325842696
2024,60101,rural,18,hombre,25,156,16.025641025641026
2024,60101,rural,18,mujer,35,179,19.553072625698324
2024,60101,rural,19,hombre,13,155,8.387096774193548
2024,60101,rural,19,mujer,22,142,15.492957746478874
2024,60101,rural,20,hombre,17,155,10.96774193548387
2024,60101,rural,20,mujer,38,177,21.468926553672315
2024,60101,rural,21,hombre,20,171,11.695906432748538
2024,60101,rural,21,mujer,15,160,9.375
2024,60101,rural,22,hombre,27,159,16.9811320754717
2024,60101,rural,22,mujer,21,125,16.8
2024,60101,rural,23,hombre,21,176,11.931818181818182
2024,60101,rural,23,mujer,25,168,14.880952380952381
2024,60101,rural,24,hombre,27,196,13.775510204081632
2024,60101,rural,24,mujer,32,174,18.39080459770115
2024,60101,rural,25,hombre,26,171,15.2046783625731
2024,60101,rural,25,mujer,31,175,17.714285714285715
2024,60101,rural,26,hombre,30,177,16.949152542372882
2024,60101,rural,26,mujer,31,189,16.402116402116402
2024,60101,rural,27,hombre,23,179,12.849162011173185
2024,60101,rural,27,mujer,31,197,15.736040609137056
2024,60101,rural,28,hombre,27,195,13.846153846153847
2024,60101,rural,28,mujer,32,164,19.51219512195122
2024,60101,urbana,16,hombre,1445,1829,79.00492072170584
2024,60101,urbana,16,mujer,1329,1709,77.76477472205968
2024,60101,urbana,17,hombre,1392,1756,79.27107061503416
2024,60101,urbana,17,mujer,1416,1751,80.86807538549401
2024,60101,urbana,18,hombre,1333,1682,79.25089179548156
2024,60101,urbana,18,mujer,1479,1824,81.08552631578948
2024,60101,urbana,19,hombre,1344,1713,78.45884413309983
2024,60101,urbana,19,mujer,1498,1878,79.765708200213
2024,60101,urbana,20,hombre,1332,1653,80.58076225045372
2024,60101,urbana,20,mujer,1410,1756,80.29612756264237
2024,60101,urbana,21,hombre,1397,1717,81.36284216656959
2024,60101,urbana,21,mujer,1457,1809,80.54173576561637
2024,60101,urbana,22,hombre,1433,1779,80.55087127599775
2024,60101,urbana,22,mujer,1512,1879,80.46833422032996
2024,60101,urbana,23,hombre,1546,1905,81.15485564304461
2024,60101,urbana,23,mujer,1540,1923,80.08320332813312
2024,60101,urbana,24,hombre,1596,2006,79.56131605184447
2024,60101,urbana,24,mujer,1771,2187,80.9785093735711
2024,60101,urbana,25,hombre,1474,1794,82.16276477146042
2024,60101,urbana,25,mujer,1514,1835,82.50681198910081
2024,60101,urbana,26,hombre,1357,1697,79.96464348850914
2024,60101,urbana,26,mujer,1622,1994,81.34403209628887
2024,60101,urbana,27,hombre,1501,1863,80.56897477187333
2024,60101,urbana,27,mujer,1591,1960,81.1734693877551
2024,60101,urbana,28,hombre,1492,1846,80.82340195016252
2024,60101,urbana,28,mujer,1588,1982,80.12108980827448
2024,60201,rural,16,hombre,35,182,19.23076923076923
2024,60201,rural,16,mujer,30,136,22.058823529411764
2024,60201,rural,17,hombre,37,124,29.838709677419356
2024,60201,rural,17,mujer,28,114,24.56140350877193
2024,60201,rural,18,hombre,26,114,22.80701754385965
2024,60201,rural,18,mujer,24,113,21.238938053097346
2024,60201,rural,19,hombre,25,93,26.881720430107528
2024,60201,rural,19,mujer,24,80,30.0
2024,60201,rural,20,hombre,25,116,21.551724137931036
2024,60201,rural,20,mujer,21,116,18.103448275862068
2024,60201,rural,21,hombre,22,129,17.05426356589147
2024,60201,rural,21,mujer,30,125,24.0
2024,60201,rural,22,hombre,30,130,23.076923076923077
2024,60201,rural,22,mujer,21,126,16.666666666666668
2024,60201,rural,23,hombre,33,155,21.29032258064516
2024,60201,rural,23,mujer,33,122,27.049180327868854
2024,60201,rural,24,hombre,30,171,17.54385964912281
2024,60201,rural,24,mujer,21,119,17.647058823529413
2024,60201,rural,25,hombre,38,170,22.352941176470587
2024,60201,rural,25,mujer,35,154,22.727272727272727
2024,60201,rural,26,hombre,30,122,24.59016393442623
2024,60201,rural,26,mujer,32,142,22.535211267605632
2024,60201,rural,27,hombre,30,156,19.23076923076923
2024,60201,rural,27,mujer,26,137,18.978102189781023
2024,60201,rural,28,hombre,28,163,17.177914110429448
2024,60201,rural,28,mujer,25,144,17.36111111111111
2024,60202,rural,16,hombre,13,38,34.21052631578947
2024,60202,rural,16,mujer,17,32,53.125
2024,60202,rural,17,hombre,17,39,43.58974358974359
2024,60202,rural,17,mujer,17,37,45.945945945945944
2024,60202,rural,18,hombre,13,32,40.625
2024,60202,rural,18,mujer,16,29,55.172413793103445
2024,60202,rural,19,hombre,13,36,36.111111111111114
2024,60202,rural,19,mujer,11,28,39.285714285714285
2024,60202,rural,20,hombre,8,27,29.62962962962963
2024,60202,rural,20,mujer,13,37,35.13513513513514
2024,60202,rural,21,hombre,10,26,38.46153846153846
2024,60202,rural,21,mujer,11,34,32.35294117647059
2024,60202,rural,22,hombre,16,31,51.61290322580645
2024,60202,rural,22,mujer,12,30,40.0
2024,60202,rural,23,hombre,15,35,42.857142857142854
2024,60202,rural,23,mujer,14,40,35.0
2024,60202,rural,24,hombre,16,35,45.714285714285715
2024,60202,rural,24,mujer,24,42,57.142857142857146
2024,60202,rural,25,hombre,10,31,32.25806451612903
2024,60202,rural,25,mujer,18,44,40.90909090909091
2024,60202,rural,26,hombre,21,44,47.72727272727273
2024,60202,rural,26,mujer,11,35,31.428571428571427
2024,60202,rural,27,hombre,11,29,37.93103448275862
2024,60202,rural,27,mujer,16,33,48.484848484848484
2024,60202,rural,28,hombre,19,39,48.717948717948715
2024,60202,rural,28,mujer,14,28,50.0
2024,60202,urbana,16,hombre,264,293,90.10238907849829
2024,60202,urbana,16,mujer,236,271,87.08487084870849
2024,60202,urbana,17,hombre,211,244,86.47540983606558
2024,60202,urbana,17,mujer,227,248,91.53225806451613
2024,60202,urbana,18,hombre,163,186,87.63440860215054
2024,60202,urbana,18,mujer,176,199,88.44221105527639
2024,60202,urbana,19,hombre,183,216,84.72222222222223
2024,60202,urbana,19,mujer,198,218,90.8256880733945
2024,60202,urbana,20,hombre,185,205,90.2439024390244
2024,60202,urbana,20,mujer,163,193,84.4559585492228
2024,60202,urbana,21,hombre,180,195,92.3076923076923
2024,60202,urbana,21,mujer,192,212,90.56603773584905
2024,60202,urbana,22,hombre,179,210,85.23809523809524
2024,60202,urbana,22,mujer,185,207,89.3719806763285
2024,60202,urbana,23,hombre,206,229,89.95633187772926
2024,60202,urbana,23,mujer,240,270,88.88888888888889
2024,60202,urbana,24,hombre,223,254,87.79527559055119
2024,60202,urbana,24,mujer,206,237,86.91983122362869
2024,60202,urbana,25,hombre,220,248,88.70967741935483
2024,60202,urbana,25,mujer,243,274,88.68613138686132
2024,60202,urbana,26,hombre,232,259,89.57528957528957
2024,60202,urbana,26,mujer,239,269,88.84758364312268
2024,60202,urbana,27,hombre,176,213,82.62910798122066
2024,60202,urbana,27,mujer,249,287,86.7595818815331
2024,60202,urbana,28,hombre,251,280,89.64285714285714
2024,60202,urbana,28,mujer,249,279,89.24731182795699
2024,60301,rural,16,hombre,71,250,28.4
2024,60301,rural,16,mujer,59,247,23.88663967611336
2024,60301,rural,17,hombre,61,227,26.87224669603524
2024,60301,rural,17,mujer,67,240,27.916666666666668
2024,60301,rural,18,hombre,59,220,26.818181818181817
2024,60301,rural,18,mujer,44,176,25.0
2024,60301,rural,19,hombre,44,169,26.035502958579883
2024,60301,rural,19,mujer,41,199,20.603015075376884
2024,60301,rural,20,hombre,56,207,27.053140096618357
2024,60301,rural,20,mujer,47,196,23.979591836734695
2024,60301,rural,21,hombre,52,188,27.659574468085108
2024,60301,rural,21,mujer,46,165,27.87878787878788
2024,60301,rural,22,hombre,53,202,26.237623762376238
2024,60301,rural,22,mujer,43,185,23.243243243243242
2024,60301,rural,23,hombre,45,201,22.388059701492537
2024,60301,rural,23,mujer,65,227,28.634361233480178
2024,60301,rural,24,hombre,67,257,26.070038910505836
2024,60301,rural,24,mujer,64,241,26.556016597510375
2024,60301,rural,25,hombre,52,211,24.644549763033176
2024,60301,rural,25,mujer,54,208,25.96153846153846
2024,60301,rural,26,hombre,56,217,25.806451612903224
2024,60301,rural,26,mujer,56,216,25.925925925925927
2024,60301,rural,27,hombre,64,211,30.33175355450237
2024,60301,rural,27,mujer,51,201,25.37313432835821
2024,60301,rural,28,hombre,64,191,33.50785340314136
2024,60301,rural,28,mujer,77,204,37.745098039215684
2024,60301,urbana,16,hombre,542,643,84.29237947122861
2024,60301,urbana,16,mujer,521,633,82.30647709320695
2024,60301,urbana,17,hombre,481,616,78.08441558441558
2024,60301,urbana,17,mujer,526,617,85.25121555915722
2024,60301,urbana,18,hombre,401,497,80.6841046277666
2024,60301,urbana,18,mujer,414,492,84.14634146341463
2024,60301,urbana,19,hombre,387,470,82.34042553191489
2024,60301,urbana,19,mujer,365,440,82.95454545454545
2024,60301,urbana,20,hombre,413,490,84.28571428571429
2024,60301,urbana,20,mujer,364,420,86.66666666666667
2024,60301,urbana,21,hombre,414,494,83.80566801619433
2024,60301,urbana,21,mujer,403,477,84.48637316561845
2024,60301,urbana,22,hombre,379,482,78.63070539419087
2024,60301,urbana,22,mujer,451,559,80.67978533094812
2024,60301,urbana,23,hombre,472,575,82.08695652173913
2024,60301,urbana,23,mujer,476,571,83.36252189141857
2024,60301,urbana,24,hombre,555,659,84.2185128983308
2024,60301,urbana,24,mujer,510,605,84.29752066115702
2024,60301,urbana,25,hombre,474,582,81.44329896907216
2024,60301,urbana,25,mujer,529,617,85.73743922204214
2024,60301,urbana,26,hombre,529,622,85.04823151125402
2024,60301,urbana,26,mujer,612,703,87.05547652916074
2024,60301,urbana,27,hombre,552,639,86.3849765258216
2024,60301,urbana,27,mujer,590,682,86.51026392961877
2024,60301,urbana,28,hombre,524,620,84.51612903225806
2024,60301,urbana,28,mujer,550,645,85.27131782945736
2024,60302,rural,16,hombre,21,101,20.792079207920793
2024,60302,rural,16,mujer,20,97,20.61855670103093
2024,60302,rural,17,hombre,13,89,14.606741573033707
2024,60302,rural,17,mujer,15,87,17.24137931034483
2024,60302,rural,18,hombre,8,68,11.764705882352942
2024,60302,rural,18,mujer,15,81,18.51851851851852
2024,60302,rural,19,hombre,15,84,17.857142857142858
2024,60302,rural,19,mujer,5,68,7.352941176470588
2024,60302,rural,20,hombre,4,58,6.896551724137931
2024,60302,rural,20,mujer,6,59,10.169491525423728
2024,60302,rural,21,hombre,13,83,15.662650602409638
2024,60302,rural,21,mujer,7,77,9.090909090909092
2024,60302,rural,22,hombre,5,59,8.474576271186441
2024,60302,rural,22,mujer,9,76,11.842105263157896
2024,60302,rural,23,hombre,8,83,9.63855421686747
2024,60302,rural,23,mujer,8,82,9.75609756097561
2024,60302,rural,24,hombre,14,91,15.384615384615385
2024,60302,rural,24,mujer,9,87,10.344827586206897
2024,60302,rural,25,hombre,11,84,13.095238095238095
2024,60302,rural,25,mujer,15,95,15.789473684210526
2024,60302,rural,26,hombre,16,104,15.384615384615385
2024,60302,rural,26,mujer,11,112,9.821428571428571
2024,60302,rural,27,hombre,11,73,15.068493150684931
2024,60302,rural,27,mujer,10,87,11.494252873563218
2024,60302,rural,28,hombre,22,100,22.0
2024,60302,rural,28,mujer,7,94,7.446808510638298
2024,60302,urbana,16,hombre,31,41,75.60975609756098
2024,60302,urbana,16,mujer,33,36,91.66666666666667
2024,60302,urbana,17,hombre,24,32,75.0
2024,60302,urbana,17,mujer,36,41,87.8048780487805
2024,60302,urbana,18,hombre,25,26,96.15384615384616
2024,60302,urbana,18,mujer,21,31,67.74193548387096
2024,60302,urbana,19,hombre,22,31,70.96774193548387
2024,60302,urbana,19,mujer,20,23,86.95652173913044
2024,60302,urbana,20,hombre,11,13,84.61538461538461
2024,60302,urbana,20,mujer,21,24,87.5
2024,60302,urbana,21,hombre,19,23,82.6086956521739
2024,60302,urbana,21,mujer,19,23,82.6086956521739
2024,60302,urbana,22,hombre,21,24,87.5
2024,60302,urbana,22,mujer,27,34,79.41176470588235
2024,60302,urbana,23,hombre,24,30,80.0
2024,60302,urbana,23,mujer,26,29,89.65517241379311
2024,60302,urbana,24,hombre,23,28,82.14285714285714
2024,60302,urbana,24,mujer,33,38,86.84210526315789
2024,60302,urbana,25,hombre,17,21,80.95238095238095
2024,60302,urbana,25,mujer,26,30,86.66666666666667
2024,60302,urbana,26,hombre,17,23,73.91304347826087
2024,60302,urbana,26,mujer,35,41,85.36585365853658
2024,60302,urbana,27,hombre,27,35,77.14285714285714
2024,60302,urbana,27,mujer,27,30,90.0
2024,60302,urbana,28,hombre,26,31,83.87096774193549
2024,60302,urbana,28,mujer,31,35,88.57142857142857
2024,60303,rural,16,hombre,19,105,18.095238095238095
2024,60303,rural,16,mujer,14,88,15.909090909090908
2024,60303,rural,17,hombre,24,98,24.489795918367346
2024,60303,rural,17,mujer,24,94,25.53191489361702
2024,60303,rural,18,hombre,15,126,11.904761904761905
2024,60303,rural,18,mujer,19,89,21.348314606741575
2024,60303,rural,19,hombre,14,97,14.43298969072165
2024,60303,rural,19,mujer,10,91,10.989010989010989
2024,60303,rural,20,hombre,12,82,14.634146341463415
2024,60303,rural,20,mujer,13,82,15.853658536585366
2024,60303,rural,21,hombre,17,91,18.681318681318682
2024,60303,rural,21,mujer,16,85,18.823529411764707
2024,60303,rural,22,hombre,9,86,10.465116279069768
2024,60303,rural,22,mujer,9,87,10.344827586206897
2024,60303,rural,23,hombre,22,106,20.754716981132077
2024,60303,rural,23,mujer,15,105,14.285714285714286
2024,60303,rural,24,hombre,22,128,17.1875
2024,60303,rural,24,mujer,26,105,24.761904761904763
2024,60303,rural,25,hombre,21,97,21.649484536082475
2024,60303,rural,25,mujer,22,104,21.153846153846153
2024,60303,rural,26,hombre,24,109,22.01834862385321
2024,60303,rural,26,mujer,19,93,20.43010752688172
2024,60303,rural,27,hombre,10,101,9.900990099009901
2024,60303,rural,27,mujer,22,108,20.37037037037037
2024,60303,rural,28,hombre,22,94,23.404255319148938
2024,60303,rural,28,mujer,26,107,24.299065420560748
2024,60303,urbana,16,hombre,192,312,61.53846153846154
2024,60303,urbana,16,mujer,199,321,61.993769470404985
2024,60303,urbana,17,hombre,213,327,65.13761467889908
2024,60303,urbana,17,mujer,187,302,61.920529801324506
2024,60303,urbana,18,hombre,138,223,61.88340807174888
2024,60303,urbana,18,mujer,115,190,60.526315789473685
2024,60303,urbana,19,hombre,127,194,65.4639175257732
2024,60303,urbana,19,mujer,113,188,60.1063829787234
2024,60303,urbana,20,hombre,115,187,61.49732620320856
2024,60303,urbana,20,mujer,130,204,63.72549019607843
2024,60303,urbana,21,hombre,132,216,61.111111111111114
2024,60303,urbana,21,mujer,112,182,61.53846153846154
2024,60303,urbana,22,hombre,134,204,65.68627450980392
2024,60303,urbana,22,mujer,148,245,60.40816326530612
2024,60303,urbana,23,hombre,166,253,65.61264822134387
2024,60303,urbana,23,mujer,153,254,60.23622047244095
2024,60303,urbana,24,hombre,179,268,66.7910447761194
2024,60303,urbana,24,mujer,162,265,61.132075471698116
2024,60303,urbana,25,hombre,149,222,67.11711711711712
2024,60303,urbana,25,mujer,180,273,65.93406593406593
2024,60303,urbana,26,hombre,161,251,64.14342629482071
2024,60303,urbana,26,mujer,169,276,61.231884057971016
2024,60303,urbana,27,hombre,158,261,60.53639846743295
2024,60303,urbana,27,mujer,190,292,65.06849315068493
2024,60303,urbana,28,hombre,187,278,67.26618705035972
2024,60303,urbana,28,mujer,178,289,61.5916955017301
2024,60401,rural,16,hombre,24,105,22.857142857142858
2024,60401,rural,16,mujer,37,134,27.611940298507463
2024,60401,rural,17,hombre,29,117,24.786324786324787
2024,60401,rural,17,mujer,18,94,19.148936170212767
2024,60401,rural,18,hombre,26,104,25.0
2024,60401,rural,18,mujer,18,100,18.0
2024,60401,rural,19,hombre,22,89,24.719101123595507
2024,60401,rural,19,mujer,14,95,14.736842105263158
2024,60401,rural,20,hombre,12,72,16.666666666666668
2024,60401,rural,20,mujer,16,91,17.582417582417584
2024,60401,rural,21,hombre,23,97,23.711340206185568
2024,60401,rural,21,mujer,18,107,16.822429906542055
2024,60401,rural,22,hombre,24,114,21.05263157894737
2024,60401,rural,22,mujer,19,98,19.387755102040817
2024,60401,rural,23,hombre,28,110,25.454545454545453
2024,60401,rural,23,mujer,23,118,19.491525423728813
2024,60401,rural,24,hombre,32,120,26.666666666666668
2024,60401,rural,24,mujer,27,115,23.47826086956522
2024,60401,rural,25,hombre,23,91,25.274725274725274
2024,60401,rural,25,mujer,24,102,23.529411764705884
2024,60401,rural,26,hombre,21,131,16.03053435114504
2024,60401,rural,26,mujer,24,114,21.05263157894737
2024,60401,rural,27,hombre,24,99,24.242424242424242
2024,60401,rural,27,mujer,31,125,24.8
2024,60401,rural,28,hombre,28,117,23.931623931623932
2024,60401,rural,28,mujer,29,118,24.576271186440678
2024,60401,urbana,16,hombre,16,29,55.172413793103445
2024,60401,urbana,16,mujer,13,22,59.09090909090909
2024,60401,urbana,17,hombre,16,25,64.0
2024,60401,urbana,17,mujer,17,21,80.95238095238095
2024,60401,urbana,18,hombre,13,22,59.09090909090909
2024,60401,urbana,18,mujer,10,13,76.92307692307692
2024,60401,urbana,19,hombre,18,22,81.81818181818181
2024,60401,urbana,19,mujer,12,17,70.58823529411765
2024,60401,urbana,20,hombre,11,14,78.57142857142857
2024,60401,urbana,20,mujer,13,19,68.42105263157895
2024,60401,urbana,21,hombre,13,17,76.47058823529412
2024,60401,urbana,21,mujer,10,17,58.8235294117647
2024,60401,urbana,22,hombre,16,21,76.19047619047619
2024,60401,urbana,22,mujer,17,22,77.27272727272727
2024,60401,urbana,23,hombre,12,20,60.0
2024,60401,urbana,23,mujer,11,14,78.57142857142857
2024,60401,urbana,24,hombre,22,28,78.57142857142857
2024,60401,urbana,24,mujer,9,12,75.0
2024,60401,urbana,25,hombre,12,20,60.0
2024,60401,urbana,25,mujer,13,18,72.22222222222223
2024,60401,urbana,26,hombre,20,24,83.33333333333333
2024,60401,urbana,26,mujer,12,18,66.66666666666667
2024,60401,urbana,27,hombre,12,18,66.66666666666667
2024,60401,urbana,27,mujer,16,20,80.0
2024,60401,urbana,28,hombre,19,22,86.36363636363636
2024,60401,urbana,28,mujer,11,19,57.89473684210526
2024,60402,rural,16,hombre,8,56,14.285714285714286
2024,60402,rural,16,mujer,6,38,15.789473684210526
2024,60402,rural,17,hombre,7,42,16.666666666666668
2024,60402,rural,17,mujer,10,35,28.571428571428573
2024,60402,rural,18,hombre,4,34,11.764705882352942
2024,60402,rural,18,mujer,3,29,10.344827586206897
2024,60402,rural,19,hombre,7,36,19.444444444444443
2024,60402,rural,19,mujer,7,32,21.875
2024,60402,rural,20,hombre,3,32,9.375
2024,60402,rural,20,mujer,3,32,9.375
2024,60402,rural,21,hombre,10,32,31.25
2024,60402,rural,21,mujer,5,42,11.904761904761905
2024,60402,rural,22,hombre,5,27,18.51851851851852
2024,60402,rural,22,mujer,15,46,32.608695652173914
2024,60402,rural,23,hombre,5,43,11.627906976744185
2024,60402,rural,23,mujer,10,38,26.31578947368421
2024,60402,rural,24,hombre,3,29,10.344827586206897
2024,60402,rural,24,mujer,8,41,19.51219512195122
2024,60402,rural,25,hombre,8,39,20.512820512820515
2024,60402,rural,25,mujer,4,28,14.285714285714286
2024,60402,rural,26,hombre,5,37,13.513513513513514
2024,60402,rural,26,mujer,12,41,29.26829268292683
2024,60402,rural,27,hombre,10,29,34.48275862068966
2024,60402,rural,27,mujer,10,37,27.027027027027028
2024,60402,rural,28,hombre,12,41,29.26829268292683
2024,60402,rural,28,mujer,6,34,17.647058823529413
2024,60501,rural,16,hombre,26,188,13.829787234042554
2024,60501,rural,16,mujer,27,186,14.516129032258064
2024,60501,rural,17,hombre,29,184,15.76086956521739
2024,60501,rural,17,mujer,34,202,16.831683168316832
2024,60501,rural,18,hombre,21,174,12.068965517241379
2024,60501,rural,18,mujer,29,171,16.95906432748538
2024,60501,rural,19,hombre,33,170,19.41176470588235
2024,60501,rural,19,mujer,26,163,15.950920245398773
2024,60501,rural,20,hombre,26,160,16.25
2024,60501,rural,20,mujer,29,182,15.934065934065934
2024,60501,rural,21,hombre,35,195,17.94871794871795
2024,60501,rural,21,mujer,25,166,15.060240963855422
2024,60501,rural,22,hombre,38,181,20.994475138121548
2024,60501,rural,22,mujer,35,198,17.67676767676768
2024,60501,rural,23,hombre,31,184,16.847826086956523
2024,60501,rural,23,mujer,28,204,13.72549019607843
2024,60501,rural,24,hombre,39,224,17.410714285714285
2024,60501,rural,24,mujer,34,199,17.08542713567839
2024,60501,rural,25,hombre,31,197,15.736040609137056
2024,60501,rural,25,mujer,40,208,19.23076923076923
2024,60501,rural,26,hombre,24,189,12.698412698412698
2024,60501,rural,26,mujer,35,202,17.326732673267326
2024,60501,rural,27,hombre,27,180,15.0
2024,60501,rural,27,mujer,19,196,9.693877551020408
2024,60501,rural,28,hombre,33,189,17.46031746031746
2024,60501,rural,28,mujer,32,194,16.49484536082474
2024,60501,urbana,16,hombre,35,48,72.91666666666667
2024,60501,urbana,16,mujer,37,50,74.0
2024,60501,urbana,17,hombre,37,49,75.51020408163265
2024,60501,urbana,17,mujer,38,54,70.37037037037037
2024,60501,urbana,18,hombre,41,56,73.21428571428571
2024,60501,urbana,18,mujer,28,37,75.67567567567568
2024,60501,urbana,19,hombre,32,47,68.08510638297872
2024,60501,urbana,19,mujer,37,52,71.15384615384616
2024,60501,urbana,20,hombre,21,32,65.625
2024,60501,urbana,20,mujer,38,50,76.0
2024,60501,urbana,21,hombre,30,46,65.21739130434783
2024,60501,urbana,21,mujer,40,53,75.47169811320755
2024,60501,urbana,22,hombre,42,47,89.36170212765957
2024,60501,urbana,22,mujer,35,48,72.91666666666667
2024,60501,urbana,23,hombre,35,49,71.42857142857143
2024,60501,urbana,23,mujer,23,37,62.16216216216216
2024,60501,urbana,24,hombre,43,56,76.78571428571429
2024,60501,urbana,24,mujer,38,50,76.0
2024,60501,urbana,25,hombre,34,50,68.0
2024,60501,urbana,25,mujer,24,42,57.142857142857146
2024,60501,urbana,26,hombre,23,32,71.875
2024,60501,urbana,26,mujer,26,43,60.46511627906977
2024,60501,urbana,27,hombre,25,38,65.78947368421052
2024,60501,urbana,27,mujer,29,40,72.5
2024,60501,urbana,28,hombre,34,46,73.91304347826087
2024,60501,urbana,28,mujer,39,57,68.42105263157895
2024,60502,rural,16,hombre,14,67,20.895522388059703
2024,60502,rural,16,mujer,16,71,22.535211267605632
2024,60502,rural,17,hombre,14,65,21.53846153846154
2024,60502,rural,17,mujer,13,67,19.402985074626866
2024,60502,rural,18,hombre,10,53,18.867924528301888
2024,60502,rural,18,mujer,10,60,16.666666666666668
2024,60502,rural,19,hombre,16,68,23.529411764705884
2024,60502,rural,19,mujer,7,44,15.909090909090908
2024,60502,rural,20,hombre,8,53,15.09433962264151
2024,60502,rural,20,mujer,11,58,18.96551724137931
2024,60502,rural,21,hombre,14,66,21.21212121212121
2024,60502,rural,21,mujer,12,61,19.672131147540984
2024,60502,rural,22,hombre,14,54,25.925925925925927
2024,60502,rural,22,mujer,9,66,13.636363636363637
2024,60502,rural,23,hombre,9,62,14.516129032258064
2024,60502,rural,23,mujer,14,65,21.53846153846154
2024,60502,rural,24,hombre,9,74,12.162162162162161
2024,60502,rural,24,mujer,16,75,21.333333333333332
2024,60502,rural,25,hombre,12,55,21.818181818181817
2024,60502,rural,25,mujer,10,62,16.129032258064516
2024,60502,rural,26,hombre,6,57,10.526315789473685
2024,60502,rural,26,mujer,18,82,21.951219512195124
2024,60502,rural,27,hombre,14,55,25.454545454545453
2024,60502,rural,27,mujer,8,54,14.814814814814815
2024,60502,rural,28,hombre,14,69,20.28985507246377
2024,60502,rural,28,mujer,7,61,11.475409836065573
2024,60601,rural,16,hombre,20,148,13.513513513513514
2024,60601,rural,16,mujer,27,139,19.424460431654676
2024,60601,rural,17,hombre,19,117,16.23931623931624
2024,60601,rural,17,mujer,31,140,22.142857142857142
2024,60601,rural,18,hombre,13,112,11.607142857142858
2024,60601,rural,18,mujer,14,99,14.141414141414142
2024,60601,rural,19,hombre,19,106,17.92452830188679
2024,60601,rural,19,mujer,10,91,10.989010989010989
2024,60601,rural,20,hombre,16,102,15.686274509803921
2024,60601,rural,20,mujer,16,116,13.793103448275861
2024,60601,rural,21,hombre,8,95,8.421052631578947
2024,60601,rural,21,mujer,15,77,19.48051948051948
2024,60601,rural,22,hombre,12,93,12.903225806451612
2024,60601,rural,22,mujer,13,81,16.049382716049383
2024,60601,rural,23,hombre,18,99,18.181818181818183
2024,60601,rural,23,mujer,16,99,16.161616161616163
2024,60601,rural,24,hombre,19,134,14.17910447761194
2024,60601,rural,24,mujer,18,133,13.533834586466165
2024,60601,rural,25,hombre,25,109,22.93577981651376
2024,60601,rural,25,mujer,15,110,13.636363636363637
2024,60601,rural,26,hombre,11,126,8.73015873015873
2024,60601,rural,26,mujer,15,134,11.194029850746269
2024,60601,rural,27,hombre,15,124,12.096774193548388
2024,60601,rural,27,mujer,24,145,16.551724137931036
2024,60601,rural,28,hombre,17,139,12.23021582733813
2024,60601,rural,28,mujer,18,122,14.754098360655737
2024,60601,urbana,16,hombre,31,41,75.60975609756098
2024,60601,urbana,16,mujer,28,36,77.77777777777777
2024,60601,urbana,17,hombre,24,31,77.41935483870968
2024,60601,urbana,17,mujer,30,35,85.71428571428571
2024,60601,urbana,18,hombre,24,34,70.58823529411765
2024,60601,urbana,18,mujer,21,29,72.41379310344827
2024,60601,urbana,19,hombre,18,23,78.26086956521739
2024,60601,urbana,19,mujer,20,25,80.0
2024,60601,urbana,20,hombre,13,15,86.66666666666667
2024,60601,urbana,20,mujer,22,25,88.0
2024,60601,urbana,21,hombre,24,26,92.3076923076923
2024,60601,urbana,21,mujer,28,36,77.77777777777777
2024,60601,urbana,22,hombre,18,26,69.23076923076923
2024,60601,urbana,22,mujer,13,17,76.47058823529412
2024,60601,urbana,23,hombre,17,22,77.27272727272727
2024,60601,urbana,23,mujer,17,25,68.0
2024,60601,urbana,24,hombre,17,19,89.47368421052632
2024,60601,urbana,24,mujer,24,30,80.0
2024,60601,urbana,25,hombre,23,26,88.46153846153847
2024,60601,urbana,25,mujer,25,35,71.42857142857143
2024,60601,urbana,26,hombre,22,26,84.61538461538461
2024,60601,urbana,26,mujer,27,34,79.41176470588235
2024,60601,urbana,27,hombre,20,22,90.9090909090909
2024,60601,urbana,27,mujer,36,45,80.0
2024,60601,urbana,28,hombre,42,46,91.30434782608695
2024,60601,urbana,28,mujer,41,46,89.1304347826087
2024,70101,rural,16,hombre,9,101,8.910891089108912
2024,70101,rural,16,mujer,17,108,15.74074074074074
2024,70101,rural,17,hombre,15,85,17.647058823529413
2024,70101,rural,17,mujer,19,108,17.59259259259259
2024,70101,rural,18,hombre,23,81,28.395061728395063
2024,70101,rural,18,mujer,22,74,29.72972972972973
2024,70101,rural,19,hombre,13,83,15.662650602409638
2024,70101,rural,19,mujer,17,74,22.972972972972972
2024,70101,rural,20,hombre,15,89,16.853932584269664
2024,70101,rural,20,mujer,23,66,34.84848484848485
2024,70101,rural,21,hombre,13,85,15.294117647058824
2024,70101,rural,21,mujer,19,80,23.75
2024,70101,rural,22,hombre,18,77,23.376623376623378
2024,70101,rural,22,mujer,16,80,20.0
2024,70101,rural,23,hombre,17,85,20.0
2024,70101,rural,23,mujer,13,87,14.942528735632184
2024,70101,rural,24,hombre,21,91,23.076923076923077
2024,70101,rural,24,mujer,16,81,19.753086419753085
2024,70101,rural,25,hombre,6,75,8.0
2024,70101,rural,25,mujer,23,97,23.711340206185568
2024,70101,rural,26,hombre,14,87,16.091954022988507
2024,70101,rural,26,mujer,9,68,13.235294117647058
2024,70101,rural,27,hombre,12,77,15.584415584415584
2024,70101,rural,27,mujer,19,80,23.75
2024,70101,rural,28,hombre,15,76,19.736842105263158
2024,70101,rural,28,mujer,15,84,17.857142857142858
2024,70101,urbana,16,hombre,10728,13331,80.47408296451879
2024,70101,urbana,16,mujer,10567,13163,80.27805211577908
2024,70101,urbana,17,hombre,10704,13289,80.54782150650914
2024,70101,urbana,17,mujer,10632,13302,79.92783040144339
2024,70101,urbana,18,hombre,10551,12976,81.3116522811344
2024,70101,urbana,18,mujer,11392,13934,81.75685373905554
2024,70101,urbana,19,hombre,10912,13362,81.66442149378835
2024,70101,urbana,19,mujer,11450,13965,81.9906910132474
2024,70101,urbana,20,hombre,11055,13535,81.67713335796084
2024,70101,urbana,20,mujer,11649,14254,81.72442823067209
2024,70101,urbana,21,hombre,11249,13732,81.91814739295077
2024,70101,urbana,21,mujer,11582,14128,81.97904869762175
2024,70101,urbana,22,hombre,11279,13777,81.86833127676563
2024,70101,urbana,22,mujer,11762,14274,82.40156928681519
2024,70101,urbana,23,hombre,12161,14931,81.44799410622196
2024,70101,urbana,23,mujer,12582,15220,82.66754270696453
2024,70101,urbana,24,hombre,12663,15495,81.72313649564376
2024,70101,urbana,24,mujer,13187,16000,82.41875
2024,70101,urbana,25,hombre,12009,14722,81.57179731014807
2024,70101,urbana,25,mujer,12662,15223,83.17677198975235
2024,70101,urbana,26,hombre,11904,14492,82.14187137731162
2024,70101,urbana,26,mujer,12539,15195,82.52056597564989
2024,70101,urbana,27,hombre,11859,14352,82.62959866220736
2024,70101,urbana,27,mujer,12669,15300,82.80392156862744
2024,70101,urbana,28,hombre,12131,14762,82.17721175992413
2024,70101,urbana,28,mujer,12892,15582,82.73649082274419
2024,70102,rural,16,hombre,37,154,24.025974025974026
2024,70102,rural,16,mujer,36,167,21.55688622754491
2024,70102,rural,17,hombre,49,180,27.22222222222222
2024,70102,rural,17,mujer,33,144,22.916666666666668
2024,70102,rural,18,hombre,45,155,29.032258064516128
2024,70102,rural,18,mujer,40,128,31.25
2024,70102,rural,19,hombre,37,146,25.34246575342466
2024,70102,rural,19,mujer,41,144,28.47222222222222
2024,70102,rural,20,hombre,27,118,22.88135593220339
2024,70102,rural,20,mujer,34,123,27.642276422764226
2024,70102,rural,21,hombre,34,133,25.56390977443609
2024,70102,rural,21,mujer,27,120,22.5
2024,70102,rural,22,hombre,29,113,25.663716814159294
2024,70102,rural,22,mujer,24,110,21.818181818181817
2024,70102,rural,23,hombre,40,152,26.31578947368421
2024,70102,rural,23,mujer,40,150,26.666666666666668
2024,70102,rural,24,hombre,33,137,24.087591240875913
2024,70102,rural,24,mujer,31,139,22.302158273381295
2024,70102,rural,25,hombre,37,134,27.611940298507463
2024,70102,rural,25,mujer,27,143,18.88111888111888
2024,70102,rural,26,hombre,32,138,23.18840579710145
2024,70102,rural,26,mujer,34,160,21.25
2024,70102,rural,27,hombre,31,132,23.484848484848484
2024,70102,rural,27,mujer,30,145,20.689655172413794
2024,70102,rural,28,hombre,35,138,25.36231884057971
2024,70102,rural,28,mujer,35,132,26.515151515151516
2024,70102,urbana,16,hombre,378,896,42.1875
2024,70102,urbana,16,mujer,343,855,40.11695906432749
2024,70102,urbana,17,hombre,360,860,41.86046511627907
2024,70102,urbana,17,mujer,352,818,43.0317848410758
2024,70102,urbana,18,hombre,346,802,43.14214463840399
2024,70102,urbana,18,mujer,344,770,44.675324675324674
2024,70102,urbana,19,hombre,330,770,42.857142857142854
2024,70102,urbana,19,mujer,327,768,42.578125
2024,70102,urbana,20,hombre,340,776,43.81443298969072
2024,70102,urbana,20,mujer,344,744,46.236559139784944
2024,70102,urbana,21,hombre,301,762,39.501312335958005
2024,70102,urbana,21,mujer,332,797,41.65621079046424
2024,70102,urbana,22,hombre,343,768,44.661458333333336
2024,70102,urbana,22,mujer,310,753,41.168658698539176
2024,70102,urbana,23,hombre,313,770,40.64935064935065
2024,70102,urbana,23,mujer,403,878,45.899772209567196
2024,70102,urbana,24,hombre,389,891,43.65881032547699
2024,70102,urbana,24,mujer,333,821,40.56029232643118
2024,70102,urbana,25,hombre,339,772,43.9119170984456
2024,70102,urbana,25,mujer,404,819,49.32844932844933
2024,70102,urbana,26,hombre,288,751,38.348868175765645
2024,70102,urbana,26,mujer,348,795,43.77358490566038
2024,70102,urbana,27,hombre,325,781,41.613316261203586
2024,70102,urbana,27,mujer,346,802,43.14214463840399
2024,70102,urbana,28,hombre,355,819,43.34554334554335
2024,70102,urbana,28,mujer,336,818,41.075794621026894
2024,70103,rural,16,hombre,40,108,37.03703703703704
2024,70103,rural,16,mujer,38,89,42.69662921348315
2024,70103,rural,17,hombre,39,107,36.44859813084112
2024,70103,rural,17,mujer,25,90,27.77777777777778
2024,70103,rural,18,hombre,41,97,42.2680412371134
2024,70103,rural,18,mujer,29,67,43.28358208955224
2024,70103,rural,19,hombre,28,86,32.55813953488372
2024,70103,rural,19,mujer,29,68,42.64705882352941
2024,70103,rural,20,hombre,32,73,43.83561643835616
2024,70103,rural,20,mujer,33,77,42.857142857142854
2024,70103,rural,21,hombre,28,87,32.18390804597701
2024,70103,rural,21,mujer,39,83,46.98795180722892
2024,70103,rural,22,hombre,35,103,33.980582524271846
2024,70103,rural,22,mujer,40,79,50.63291139240506
2024,70103,rural,23,hombre,30,93,32.25806451612903
2024,70103,rural,23,mujer,42,95,44.21052631578947
2024,70103,rural,24,hombre,30,99,30.303030303030305
2024,70103,rural,24,mujer,44,101,43.56435643564357
2024,70103,rural,25,hombre,26,85,30.58823529411765
2024,70103,rural,25,mujer,33,88,37.5
2024,70103,rural,26,hombre,26,73,35.61643835616438
2024,70103,rural,26,mujer,34,84,40.476190476190474
2024,70103,rural,27,hombre,40,96,41.666666666666664
2024,70103,rural,27,mujer,32,90,35.55555555555556
2024,70103,rural,28,hombre,47,96,48.958333333333336
2024,70103,rural,28,mujer,32,90,35.55555555555556
2024,70103,urbana,16,hombre,79,109,72.4770642201835
2024,70103,urbana,16,mujer,78,96,81.25
2024,70103,urbana,17,hombre,70,84,83.33333333333333
2024,70103,urbana,17,mujer,84,104,80.76923076923077
2024,70103,urbana,18,hombre,65,86,75.5813953488372
2024,70103,urbana,18,mujer,71,97,73.19587628865979
2024,70103,urbana,19,hombre,51,77,66.23376623376623
2024,70103,urbana,19,mujer,65,83,78.3132530120482
2024,70103,urbana,20,hombre,70,96,72.91666666666667
2024,70103,urbana,20,mujer,54,78,69.23076923076923
2024,70103,urbana,21,hombre,41,69,59.42028985507246
2024,70103,urbana,21,mujer,61,83,73.49397590361446
2024,70103,urbana,22,hombre,45,72,62.5
2024,70103,urbana,22,mujer,70,91,76.92307692307692
2024,70103,urbana,23,hombre,66,86,76.74418604651163
2024,70103,urbana,23,mujer,70,90,77.77777777777777
2024,70103,urbana,24,hombre,45,69,65.21739130434783
2024,70103,urbana,24,mujer,74,97,76.28865979381443
2024,70103,urbana,25,hombre,51,69,73.91304347826087
2024,70103,urbana,25,mujer,70,84,83.33333333333333
2024,70103,urbana,26,hombre,55,70,78.57142857142857
2024,70103,urbana,26,mujer,59,76,77.63157894736842
2024,70103,urbana,27,hombre,54,79,68.35443037974683
2024,70103,urbana,27,mujer,58,67,86.56716417910448
2024,70103,urbana,28,hombre,51,75,68.0
2024,70103,urbana,28,mujer,58,72,80.55555555555556
2024,70104,rural,16,hombre,18,83,21.686746987951807
2024,70104,rural,16,mujer,13,69,18.840579710144926
2024,70104,rural,17,hombre,13,67,19.402985074626866
2024,70104,rural,17,mujer,20,62,32.25806451612903
2024,70104,rural,18,hombre,19,83,22.89156626506024
2024,70104,rural,18,mujer,14,72,19.444444444444443
2024,70104,rural,19,hombre,16,72,22.22222222222222
2024,70104,rural,19,mujer,15,66,22.727272727272727
2024,70104,rural,20,hombre,12,64,18.75
2024,70104,rural,20,mujer,15,60,25.0
2024,70104,rural,21,hombre,15,70,21.428571428571427
2024,70104,rural,21,mujer,19,63,30.158730158730158
2024,70104,rural,22,hombre,13,73,17.80821917808219
2024,70104,rural,22,mujer,8,61,13.114754098360656
2024,70104,rural,23,hombre,21,70,30.0
2024,70104,rural,23,mujer,12,68,17.647058823529413
2024,70104,rural,24,hombre,13,74,17.56756756756757
2024,70104,rural,24,mujer,18,86,20.930232558139537
2024,70104,rural,25,hombre,18,75,24.0
2024,70104,rural,25,mujer,11,72,15.277777777777779
2024,70104,rural,26,hombre,17,76,22.36842105263158
2024,70104,rural,26,mujer,13,74,17.56756756756757
2024,70104,rural,27,hombre,11,62,17.741935483870968
2024,70104,rural,27,mujer,15,69,21.73913043478261
2024,70104,rural,28,hombre,13,72,18.055555555555557
2024,70104,rural,28,mujer,15,59,25.423728813559322
2024,70104,urbana,16,hombre,511,1269,40.26792750197006
2024,70104,urbana,16,mujer,516,1278,40.375586854460096
2024,70104,urbana,17,hombre,502,1257,39.93635640413683
2024,70104,urbana,17,mujer,477,1184,40.28716216216216
2024,70104,urbana,18,hombre,487,1209,40.281224152191896
2024,70104,urbana,18,mujer,490,1229,39.86981285598047
2024,70104,urbana,19,hombre,440,1129,38.972542072630645
2024,70104,urbana,19,mujer,504,1294,38.948995363214834
2024,70104,urbana,20,hombre,473,1203,39.31837073981713
2024,70104,urbana,20,mujer,473,1195,39.58158995815899
2024,70104,urbana,21,hombre,469,1146,40.924956369982546
2024,70104,urbana,21,mujer,483,1207,40.016570008285
2024,70104,urbana,22,hombre,459,1192,38.506711409395976
2024,70104,urbana,22,mujer,520,1253,41.50039904229848
2024,70104,urbana,23,hombre,524,1296,40.4320987654321
2024,70104,urbana,23,mujer,531,1359,39.0728476821192
2024,70104,urbana,24,hombre,543,1371,39.606126914660834
2024,70104,urbana,24,mujer,574,1442,39.80582524271845
2024,70104,urbana,25,hombre,524,1237,42.360549717057395
2024,70104,urbana,25,mujer,504,1307,38.56159143075746
2024,70104,urbana,26,hombre,487,1232,39.52922077922078
2024,70104,urbana,26,mujer,568,1415,40.14134275618375
2024,70104,urbana,27,hombre,533,1333,39.98499624906226
2024,70104,urbana,27,mujer,502,1278,39.280125195618155
2024,70104,urbana,28,hombre,553,1336,41.39221556886228
2024,70104,urbana,28,mujer,602,1485,40.53872053872054
2024,70105,rural,16,hombre,21,141,14.893617021276595
2024,70105,rural,16,mujer,18,128,14.0625
2024,70105,rural,17,hombre,24,156,15.384615384615385
2024,70105,rural,17,mujer,22,130,16.923076923076923
2024,70105,rural,18,hombre,12,125,9.6
2024,70105,rural,18,mujer,15,121,12.396694214876034
2024,70105,rural,19,hombre,19,98,19.387755102040817
2024,70105,rural,19,mujer,19,140,13.571428571428571
2024,70105,rural,20,hombre,23,141,16.31205673758865
2024,70105,rural,20,mujer,14,104,13.461538461538462
2024,70105,rural,21,hombre,10,107,9.345794392523365
2024,70105,rural,21,mujer,18,114,15.789473684210526
2024,70105,rural,22,hombre,14,118,11.864406779661017
2024,70105,rural,22,mujer,15,102,14.705882352941176
2024,70105,rural,23,hombre,11,116,9.482758620689655
2024,70105,rural,23,mujer,17,129,13.178294573643411
2024,70105,rural,24,hombre,17,137,12.408759124087592
2024,70105,rural,24,mujer,14,135,10.37037037037037
2024,70105,rural,25,hombre,19,134,14.17910447761194
2024,70105,rural,25,mujer,15,124,12.096774193548388
2024,70105,rural,26,hombre,16,114,14.035087719298245
2024,70105,rural,26,mujer,19,127,14.960629921259843
2024,70105,rural,27,hombre,17,109,15.596330275229358
2024,70105,rural,27,mujer,23,119,19.327731092436974
2024,70105,rural,28,hombre,15,113,13.274336283185841
2024,70105,rural,28,mujer,17,121,14.049586776859504
2024,70105,urbana,16,hombre,158,405,39.01234567901235
2024,70105,urbana,16,mujer,145,401,36.15960099750623
2024,70105,urbana,17,hombre,164,388,42.2680412371134
2024,70105,urbana,17,mujer,148,381,38.84514435695538
2024,70105,urbana,18,hombre,145,369,39.295392953929536
2024,70105,urbana,18,mujer,127,348,36.49425287356322
2024,70105,urbana,19,hombre,128,337,37.982195845697326
2024,70105,urbana,19,mujer,141,339,41.5929203539823
2024,70105,urbana,20,hombre,118,319,36.990595611285265
2024,70105,urbana,20,mujer,150,331,45.31722054380665
2024,70105,urbana,21,hombre,122,302,40.397350993377486
2024,70105,urbana,21,mujer,116,295,39.32203389830509
2024,70105,urbana,22,hombre,122,302,40.397350993377486
2024,70105,urbana,22,mujer,143,355,40.28169014084507
2024,70105,urbana,23,hombre,139,371,37.46630727762803
2024,70105,urbana,23,mujer,135,384,35.15625
2024,70105,urbana,24,hombre,169,408,41.42156862745098
2024,70105,urbana,24,mujer,135,344,39.24418604651163
2024,70105,urbana,25,hombre,142,359,39.55431754874652
2024,70105,urbana,25,mujer,144,352,40.90909090909091
2024,70105,urbana,26,hombre,165,368,44.83695652173913
2024,70105,urbana,26,mujer,165,405,40.74074074074074
2024,70105,urbana,27,hombre,150,350,42.857142857142854
2024,70105,urbana,27,mujer,156,375,41.6
2024,70105,urbana,28,hombre,148,367,40.32697547683924
2024,70105,urbana,28,mujer,166,396,41.91919191919192
2024,70201,rural,16,hombre,43,160,26.875
2024,70201,rural,16,mujer,45,152,29.605263157894736
2024,70201,rural,17,hombre,51,166,30.72289156626506
2024,70201,rural,17,mujer,58,170,34.11764705882353
2024,70201,rural,18,hombre,42,125,33.6
2024,70201,rural,18,mujer,42,121,34.710743801652896
2024,70201,rural,19,hombre,46,144,31.944444444444443
2024,70201,rural,19,mujer,38,117,32.47863247863248
2024,70201,rural,20,hombre,39,121,32.231404958677686
2024,70201,rural,20,mujer,36,129,27.906976744186046
2024,70201,rural,21,hombre,43,127,33.85826771653543
2024,70201,rural,21,mujer,43,135,31.85185185185185
2024,70201,rural,22,hombre,42,140,30.0
2024,70201,rural,22,mujer,43,117,36.75213675213675
2024,70201,rural,23,hombre,41,143,28.67132867132867
2024,70201,rural,23,mujer,45,133,33.83458646616541
2024,70201,rural,24,hombre,43,152,28.289473684210527
2024,70201,rural,24,mujer,52,152,34.21052631578947
2024,70201,rural,25,hombre,47,156,30.128205128205128
2024,70201,rural,25,mujer,39,144,27.083333333333332
2024,70201,rural,26,hombre,43,153,28.104575163398692
2024,70201,rural,26,mujer,36,145,24.82758620689655
2024,70201,rural,27,hombre,36,129,27.906976744186046
2024,70201,rural,27,mujer,51,133,38.34586466165413
2024,70201,rural,28,hombre,57,160,35.625
2024,70201,rural,28,mujer,47,143,32.86713286713287
2024,70201,urbana,16,hombre,666,1340,49.701492537313435
2024,70201,urbana,16,mujer,629,1308,48.08868501529052
2024,70201,urbana,17,hombre,610,1317,46.31738800303721
2024,70201,urbana,17,mujer,617,1312,47.02743902439025
2024,70201,urbana,18,hombre,603,1242,48.55072463768116
2024,70201,urbana,18,mujer,569,1208,47.102649006622514
2024,70201,urbana,19,hombre,530,1108,47.83393501805054
2024,70201,urbana,19,mujer,623,1251,49.80015987210232
2024,70201,urbana,20,hombre,590,1194,49.413735343383586
2024,70201,urbana,20,mujer,579,1156,50.08650519031142
2024,70201,urbana,21,hombre,573,1147,49.95640802092415
2024,70201,urbana,21,mujer,580,1149,50.478677110530896
2024,70201,urbana,22,hombre,578,1160,49.827586206896555
2024,70201,urbana,22,mujer,594,1183,50.21132713440406
2024,70201,urbana,23,hombre,613,1272,48.191823899371066
2024,70201,urbana,23,mujer,628,1239,50.68603712671509
2024,70201,urbana,24,hombre,657,1289,50.96974398758728
2024,70201,urbana,24,mujer,674,1314,51.2937595129376
2024,70201,urbana,25,hombre,570,1126,50.62166962699823
2024,70201,urbana,25,mujer,593,1210,49.00826446280992
2024,70201,urbana,26,hombre,585,1142,51.225919439579684
2024,70201,urbana,26,mujer,607,1204,50.415282392026576
2024,70201,urbana,27,hombre,581,1187,48.9469250210615
2024,70201,urbana,27,mujer,593,1198,49.4991652754591
2024,70201,urbana,28,hombre,559,1113,50.22461814914645
2024,70201,urbana,28,mujer,592,1248,47.43589743589744
2024,70202,rural,16,hombre,13,36,36.111111111111114
2024,70202,rural,16,mujer,14,54,25.925925925925927
2024,70202,rural,17,hombre,15,62,24.193548387096776
2024,70202,rural,17,mujer,17,53,32.075471698113205
2024,70202,rural,18,hombre,12,39,30.76923076923077
2024,70202,rural,18,mujer,15,40,37.5
2024,70202,rural,19,hombre,14,44,31.818181818181817
2024,70202,rural,19,mujer,11,35,31.428571428571427
2024,70202,rural,20,hombre,12,32,37.5
2024,70202,rural,20,mujer,10,33,30.303030303030305
2024,70202,rural,21,hombre,13,37,35.13513513513514
2024,70202,rural,21,mujer,12,41,29.26829268292683
2024,70202,rural,22,hombre,15,45,33.333333333333336
2024,70202,rural,22,mujer,12,40,30.0
2024,70202,rural,23,hombre,14,42,33.333333333333336
2024,70202,rural,23,mujer,17,41,41.46341463414634
2024,70202,rural,24,hombre,17,49,34.69387755102041
2024,70202,rural,24,mujer,12,32,37.5
2024,70202,rural,25,hombre,6,41,14.634146341463415
2024,70202,rural,25,mujer,19,44,43.18181818181818
2024,70202,rural,26,hombre,16,41,39.02439024390244
2024,70202,rural,26,mujer,18,49,36.734693877551024
2024,70202,rural,27,hombre,20,44,45.45454545454545
2024,70202,rural,27,mujer,15,36,41.666666666666664
2024,70202,rural,28,hombre,19,39,48.717948717948715
2024,70202,rural,28,mujer,13,30,43.333333333333336
2024,70202,urbana,16,hombre,38,55,69.0909090909091
2024,70202,urbana,16,mujer,37,49,75.51020408163265
2024,70202,urbana,17,hombre,45,59,76.27118644067797
2024,70202,urbana,17,mujer,45,56,80.35714285714286
2024,70202,urbana,18,hombre,30,42,71.42857142857143
2024,70202,urbana,18,mujer,40,56,71.42857142857143
2024,70202,urbana,19,hombre,32,45,71.11111111111111
2024,70202,urbana,19,mujer,29,44,65.9090909090909
2024,70202,urbana,20,hombre,30,40,75.0
2024,70202,urbana,20,mujer,32,41,78.04878048780488
2024,70202,urbana,21,hombre,36,44,81.81818181818181
2024,70202,urbana,21,mujer,23,35,65.71428571428571
2024,70202,urbana,22,hombre,24,36,66.66666666666667
2024,70202,urbana,22,mujer,22,38,57.89473684210526
2024,70202,urbana,23,hombre,31,39,79.48717948717949
2024,70202,urbana,23,mujer,29,44,65.9090909090909
2024,70202,urbana,24,hombre,39,61,63.9344262295082
2024,70202,urbana,24,mujer,37,54,68.51851851851852
2024,70202,urbana,25,hombre,18,25,72.0
2024,70202,urbana,25,mujer,39,54,72.22222222222223
2024,70202,urbana,26,hombre,22,33,66.66666666666667
2024,70202,urbana,26,mujer,42,52,80.76923076923077
2024,70202,urbana,27,hombre,17,37,45.945945945945944
2024,70202,urbana,27,mujer,29,39,74.35897435897436
2024,70202,urbana,28,hombre,28,37,75.67567567567568
2024,70202,urbana,28,mujer,29,41,70.73170731707317
2024,70301,rural,16,hombre,44,324,13.580246913580247
2024,70301,rural,16,mujer,40,298,13.422818791946309
2024,70301,rural,17,hombre,43,341,12.609970674486803
2024,70301,rural,17,mujer,40,257,15.56420233463035
2024,70301,rural,18,hombre,33,281,11.743772241992882
2024,70301,rural,18,mujer,31,280,11.071428571428571
2024,70301,rural,19,hombre,36,277,12.99638989169675
2024,70301,rural,19,mujer,32,271,11.808118081180812
2024,70301,rural,20,hombre,29,296,9.797297297297296
2024,70301,rural,20,mujer,33,250,13.2
2024,70301,rural,21,hombre,39,302,12.913907284768213
2024,70301,rural,21,mujer,29,276,10.507246376811594
2024,70301,rural,22,hombre,36,285,12.631578947368421
2024,70301,rural,22,mujer,38,304,12.5
2024,70301,rural,23,hombre,43,333,12.912912912912914
2024,70301,rural,23,mujer,37,316,11.708860759493671
2024,70301,rural,24,hombre,50,356,14.044943820224718
2024,70301,rural,24,mujer,35,293,11.945392491467576
2024,70301,rural,25,hombre,32,320,10.0
2024,70301,rural,25,mujer,41,293,13.993174061433447
2024,70301,rural,26,hombre,37,295,12.542372881355933
2024,70301,rural,26,mujer,41,289,14.186851211072664
2024,70301,rural,27,hombre,36,310,11.612903225806452
2024,70301,rural,27,mujer,33,246,13.414634146341463
2024,70301,rural,28,hombre,37,327,11.314984709480122
2024,70301,rural,28,mujer,25,260,9.615384615384615
2024,70301,urbana,16,hombre,116,337,34.4213649851632
2024,70301,urbana,16,mujer,114,305,37.377049180327866
2024,70301,urbana,17,hombre,125,337,37.0919881305638
2024,70301,urbana,17,mujer,120,327,36.69724770642202
2024,70301,urbana,18,hombre,90,243,37.03703703703704
2024,70301,urbana,18,mujer,85,273,31.135531135531135
2024,70301,urbana,19,hombre,84,261,32.18390804597701
2024,70301,urbana,19,mujer,89,270,32.96296296296296
2024,70301,urbana,20,hombre,81,244,33.19672131147541
2024,70301,urbana,20,mujer,108,255,42.35294117647059
2024,70301,urbana,21,hombre,87,251,34.66135458167331
2024,70301,urbana,21,mujer,88,255,34.509803921568626
2024,70301,urbana,22,hombre,90,267,33.70786516853933
2024,70301,urbana,22,mujer,91,266,34.21052631578947
2024,70301,urbana,23,hombre,102,303,33.663366336633665
2024,70301,urbana,23,mujer,94,264,35.60606060606061
2024,70301,urbana,24,hombre,91,264,34.46969696969697
2024,70301,urbana,24,mujer,101,287,35.19163763066202
2024,70301,urbana,25,hombre,89,226,39.38053097345133
2024,70301,urbana,25,mujer,88,241,36.51452282157676
2024,70301,urbana,26,hombre,92,227,40.52863436123348
2024,70301,urbana,26,mujer,107,306,34.967320261437905
2024,70301,urbana,27,hombre,118,288,40.97222222222222
2024,70301,urbana,27,mujer,116,287,40.41811846689895
2024,70301,urbana,28,hombre,88,256,34.375
2024,70301,urbana,28,mujer,99,273,36.26373626373626
2024,70302,rural,16,hombre,5,63,7.936507936507937
2024,70302,rural,16,mujer,10,73,13.698630136986301
2024,70302,rural,17,hombre,2,71,2.816901408450704
2024,70302,rural,17,mujer,2,59,3.389830508474576
2024,70302,rural,18,hombre,8,72,11.11111111111111
2024,70302,rural,18,mujer,4,60,6.666666666666667
2024,70302,rural,19,hombre,4,69,5.797101449275362
2024,70302,rural,19,mujer,6,64,9.375
2024,70302,rural,20,hombre,5,80,6.25
2024,70302,rural,20,mujer,4,54,7.407407407407407
2024,70302,rural,21,hombre,7,78,8.974358974358974
2024,70302,rural,21,mujer,5,58,8.620689655172415
2024,70302,rural,22,hombre,6,81,7.407407407407407
2024,70302,rural,22,mujer,7,73,9.58904109589041
2024,70302,rural,23,hombre,5,103,4.854368932038835
2024,70302,rural,23,mujer,8,90,8.88888888888889
2024,70302,rural,24,hombre,5,110,4.545454545454546
2024,70302,rural,24,mujer,6,84,7.142857142857143
2024,70302,rural,25,hombre,4,107,3.7383177570093458
2024,70302,rural,25,mujer,4,79,5.063291139240507
2024,70302,rural,26,hombre,10,121,8.264462809917354
2024,70302,rural,26,mujer,3,77,3.896103896103896
2024,70302,rural,27,hombre,4,110,3.6363636363636362
2024,70302,rural,27,mujer,3,79,3.7974683544303796
2024,70302,rural,28,hombre,8,113,7.079646017699115
2024,70302,rural,28,mujer,4,90,4.444444444444445
2024,70302,urbana,16,hombre,25,56,44.642857142857146
2024,70302,urbana,16,mujer,42,75,56.0
2024,70302,urbana,17,hombre,31,64,48.4375
2024,70302,urbana,17,mujer,36,64,56.25
2024,70302,urbana,18,hombre,13,37,35.13513513513514
2024,70302,urbana,18,mujer,13,34,38.23529411764706
2024,70302,urbana,19,hombre,14,35,40.0
2024,70302,urbana,19,mujer,19,39,48.717948717948715
2024,70302,urbana,20,hombre,18,35,51.42857142857143
2024,70302,urbana,20,mujer,17,35,48.57142857142857
2024,70302,urbana,21,hombre,14,28,50.0
2024,70302,urbana,21,mujer,16,33,48.484848484848484
2024,70302,urbana,22,hombre,20,35,57.142857142857146
2024,70302,urbana,22,mujer,23,40,57.5
2024,70302,urbana,23,hombre,14,27,51.851851851851855
2024,70302,urbana,23,mujer,14,33,42.42424242424242
2024,70302,urbana,24,hombre,17,32,53.125
2024,70302,urbana,24,mujer,23,50,46.0
2024,70302,urbana,25,hombre,22,39,56.41025641025641
2024,70302,urbana,25,mujer,13,20,65.0
2024,70302,urbana,26,hombre,11,31,35.483870967741936
2024,70302,urbana,26,mujer,17,29,58.62068965517241
2024,70302,urbana,27,hombre,17,34,50.0
2024,70302,urbana,27,mujer,21,36,58.333333333333336
2024,70302,urbana,28,hombre,23,41,56.09756097560975
2024,70302,urbana,28,mujer,28,44,63.63636363636363
2024,70303,rural,16,hombre,3,48,6.25
2024,70303,rural,16,mujer,3,46,6.521739130434782
2024,70303,rural,17,hombre,6,43,13.953488372093023
2024,70303,rural,17,mujer,4,37,10.81081081081081
2024,70303,rural,18,hombre,4,38,10.526315789473685
2024,70303,rural,18,mujer,5,37,13.513513513513514
2024,70303,rural,19,hombre,8,51,15.686274509803921
2024,70303,rural,19,mujer,2,30,6.666666666666667
2024,70303,rural,20,hombre,2,37,5.405405405405405
2024,70303,rural,20,mujer,2,45,4.444444444444445
2024,70303,rural,21,hombre,3,45,6.666666666666667
2024,70303,rural,21,mujer,4,38,10.526315789473685
2024,70303,rural,22,hombre,3,39,7.6923076923076925
2024,70303,rural,22,mujer,3,55,5.454545454545454
2024,70303,rural,23,hombre,4,58,6.896551724137931
2024,70303,rural,23,mujer,2,45,4.444444444444445
2024,70303,rural,24,hombre,4,81,4.938271604938271
2024,70303,rural,24,mujer,1,42,2.380952380952381
2024,70303,rural,25,hombre,5,70,7.142857142857143
2024,70303,rural,25,mujer,2,47,4.25531914893617
2024,70303,rural,26,hombre,2,60,3.3333333333333335
2024,70303,rural,26,mujer,6,46,13.043478260869565
2024,70303,rural,27,hombre,2,64,3.125
2024,70303,rural,27,mujer,3,44,6.818181818181818
2024,70303,rural,28,hombre,4,74,5.405405405405405
2024,70303,rural,28,mujer,0,40,0.0
2024,70303,urbana,16,hombre,24,38,63.1578947368421
2024,70303,urbana,16,mujer,15,20,75.0
2024,70303,urbana,17,hombre,20,41,48.78048780487805
2024,70303,urbana,17,mujer,20,31,64.51612903225806
2024,70303,urbana,18,hombre,15,21,71.42857142857143
2024,70303,urbana,18,mujer,19,24,79.16666666666667
2024,70303,urbana,19,hombre,17,23,73.91304347826087
2024,70303,urbana,19,mujer,14,20,70.0
2024,70303,urbana,20,hombre,13,16,81.25
2024,70303,urbana,20,mujer,14,24,58.333333333333336
2024,70303,urbana,21,hombre,16,25,64.0
2024,70303,urbana,21,mujer,13,22,59.09090909090909
2024,70303,urbana,22,hombre,8,12,66.66666666666667
2024,70303,urbana,22,mujer,17,29,58.62068965517241
2024,70303,urbana,23,hombre,13,16,81.25
2024,70303,urbana,23,mujer,22,28,78.57142857142857
2024,70303,urbana,24,hombre,18,21,85.71428571428571
2024,70303,urbana,24,mujer,17,25,68.0
2024,70303,urbana,25,hombre,22,27,81.48148148148148
2024,70303,urbana,25,mujer,16,21,76.19047619047619
2024,70303,urbana,26,hombre,10,20,50.0
2024,70303,urbana,26,mujer,21,24,87.5
2024,70303,urbana,27,hombre,23,27,85.18518518518519
2024,70303,urbana,27,mujer,20,23,86.95652173913044
2024,70303,urbana,28,hombre,14,20,70.0
2024,70303,urbana,28,mujer,17,26,65.38461538461539
2024,70401,rural,16,hombre,27,74,36.486486486486484
2024,70401,rural,16,mujer,22,78,28.205128205128204
2024,70401,rural,17,hombre,26,70,37.142857142857146
2024,70401,rural,17,mujer,19,67,28.35820895522388
2024,70401,rural,18,hombre,20,65,30.76923076923077
2024,70401,rural,18,mujer,26,57,45.6140350877193
2024,70401,rural,19,hombre,23,60,38.333333333333336
2024,70401,rural,19,mujer,23,53,43.39622641509434
2024,70401,rural,20,hombre,14,46,30.434782608695652
2024,70401,rural,20,mujer,17,46,36.95652173913044
2024,70401,rural,21,hombre,11,39,28.205128205128204
2024,70401,rural,21,mujer,19,58,32.758620689655174
2024,70401,rural,22,hombre,15,57,26.31578947368421
2024,70401,rural,22,mujer,26,54,48.148148148148145
2024,70401,rural,23,hombre,21,63,33.333333333333336
2024,70401,rural,23,mujer,13,50,26.0
2024,70401,rural,24,hombre,25,66,37.878787878787875
2024,70401,rural,24,mujer,22,49,44.89795918367347
2024,70401,rural,25,hombre,18,42,42.857142857142854
2024,70401,rural,25,mujer,20,60,33.333333333333336
2024,70401,rural,26,hombre,26,67,38.80597014925373
2024,70401,rural,26,mujer,23,62,37.096774193548384
2024,70401,rural,27,hombre,23,69,33.333333333333336
2024,70401,rural,27,mujer,15,49,30.612244897959183
2024,70401,rural,28,hombre,19,56,33.92857142857143
2024,70401,rural,28,mujer,21,64,32.8125
2024,70401,urbana,16,hombre,41,53,77.35849056603773
2024,70401,urbana,16,mujer,45,61,73.77049180327869
2024,70401,urbana,17,hombre,41,64,64.0625
2024,70401,urbana,17,mujer,28,44,63.63636363636363
2024,70401,urbana,18,hombre,25,38,65.78947368421052
2024,70401,urbana,18,mujer,20,34,58.8235294117647
2024,70401,urbana,19,hombre,29,44,65.9090909090909
2024,70401,urbana,19,mujer,23,36,63.888888888888886
2024,70401,urbana,20,hombre,21,32,65.625
2024,70401,urbana,20,mujer,26,30,86.66666666666667
2024,70401,urbana,21,hombre,23,35,65.71428571428571
2024,70401,urbana,21,mujer,27,38,71.05263157894737
2024,70401,urbana,22,hombre,29,44,65.9090909090909
2024,70401,urbana,22,mujer,36,51,70.58823529411765
2024,70401,urbana,23,hombre,40,52,76.92307692307692
2024,70401,urbana,23,mujer,21,32,65.625
2024,70401,urbana,24,hombre,32,48,66.66666666666667
2024,70401,urbana,24,mujer,41,56,73.21428571428571
2024,70401,urbana,25,hombre,27,44,61.36363636363637
2024,70401,urbana,25,mujer,22,40,55.0
2024,70401,urbana,26,hombre,32,46,69.56521739130434
2024,70401,urbana,26,mujer,32,43,74.4186046511628
2024,70401,urbana,27,hombre,21,31,67.74193548387096
2024,70401,urbana,27,mujer,26,36,72.22222222222223
2024,70401,urbana,28,hombre,27,38,71.05263157894737
2024,70401,urbana,28,mujer,33,49,67.34693877551021
2024,70402,rural,16,hombre,13,61,21.311475409836067
2024,70402,rural,16,mujer,11,60,18.333333333333332
2024,70402,rural,17,hombre,17,55,30.90909090909091
2024,70402,rural,17,mujer,15,41,36.58536585365854
2024,70402,rural,18,hombre,14,51,27.45098039215686
2024,70402,rural,18,mujer,16,47,34.04255319148936
2024,70402,rural,19,hombre,4,42,9.523809523809524
2024,70402,rural,19,mujer,8,38,21.05263157894737
2024,70402,rural,20,hombre,17,62,27.419354838709676
2024,70402,rural,20,mujer,8,43,18.6046511627907
2024,70402,rural,21,hombre,8,40,20.0
2024,70402,rural,21,mujer,17,38,44.73684210526316
2024,70402,rural,22,hombre,11,44,25.0
2024,70402,rural,22,mujer,11,34,32.35294117647059
2024,70402,rural,23,hombre,13,49,26.53061224489796
2024,70402,rural,23,mujer,10,42,23.80952380952381
2024,70402,rural,24,hombre,15,49,30.612244897959183
2024,70402,rural,24,mujer,11,33,33.333333333333336
2024,70402,rural,25,hombre,16,68,23.529411764705884
2024,70402,rural,25,mujer,9,34,26.470588235294116
2024,70402,rural,26,hombre,12,55,21.818181818181817
2024,70402,rural,26,mujer,14,47,29.78723404255319
2024,70402,rural,27,hombre,10,54,18.51851851851852
2024,70402,rural,27,mujer,15,47,31.914893617021278
2024,70402,rural,28,hombre,9,37,24.324324324324323
2024,70402,rural,28,mujer,9,42,21.428571428571427
2024,70402,urbana,16,hombre,81,123,65.85365853658537
2024,70402,urbana,16,mujer,77,136,56.61764705882353
2024,70402,urbana,17,hombre,75,117,64.1025641025641
2024,70402,urbana,17,mujer,68,126,53.96825396825397
2024,70402,urbana,18,hombre,71,104,68.26923076923077
2024,70402,urbana,18,mujer,78,122,63.9344262295082
2024,70402,urbana,19,hombre,71,106,66.98113207547169
2024,70402,urbana,19,mujer,74,113,65.48672566371681
2024,70402,urbana,20,hombre,55,85,64.70588235294117
2024,70402,urbana,20,mujer,71,96,73.95833333333333
2024,70402,urbana,21,hombre,56,81,69.1358024691358
2024,70402,urbana,21,mujer,55,91,60.43956043956044
2024,70402,urbana,22,hombre,57,98,58.16326530612245
2024,70402,urbana,22,mujer,59,96,61.458333333333336
2024,70402,urbana,23,hombre,56,91,61.53846153846154
2024,70402,urbana,23,mujer,63,100,63.0
2024,70402,urbana,24,hombre,73,113,64.60176991150442
2024,70402,urbana,24,mujer,83,133,62.40601503759399
2024,70402,urbana,25,hombre,62,98,63.265306122448976
2024,70402,urbana,25,mujer,75,124,60.483870967741936
2024,70402,urbana,26,hombre,64,95,67.36842105263158
2024,70402,urbana,26,mujer,89,129,68.9922480620155
2024,70402,urbana,27,hombre,66,114,57.89473684210526
2024,70402,urbana,27,mujer,67,115,58.26086956521739
2024,70402,urbana,28,hombre,77,110,70.0
2024,70402,urbana,28,mujer,77,105,73.33333333333333
2024,70403,rural,16,hombre,32,160,20.0
2024,70403,rural,16,mujer,24,141,17.02127659574468
2024,70403,rural,17,hombre,29,168,17.261904761904763
2024,70403,rural,17,mujer,32,121,26.446280991735538
2024,70403,rural,18,hombre,30,182,16.483516483516482
2024,70403,rural,18,mujer,17,120,14.166666666666666
2024,70403,rural,19,hombre,16,151,10.596026490066226
2024,70403,rural,19,mujer,23,106,21.69811320754717
2024,70403,rural,20,hombre,18,151,11.920529801324504
2024,70403,rural,20,mujer,19,126,15.079365079365079
2024,70403,rural,21,hombre,25,227,11.013215859030836
2024,70403,rural,21,mujer,19,117,16.23931623931624
2024,70403,rural,22,hombre,15,168,8.928571428571429
2024,70403,rural,22,mujer,15,120,12.5
2024,70403,rural,23,hombre,24,251,9.56175298804781
2024,70403,rural,23,mujer,27,165,16.363636363636363
2024,70403,rural,24,hombre,22,269,8.178438661710038
2024,70403,rural,24,mujer,32,175,18.285714285714285
2024,70403,rural,25,hombre,22,225,9.777777777777779
2024,70403,rural,25,mujer,21,150,14.0
2024,70403,rural,26,hombre,20,265,7.547169811320755
2024,70403,rural,26,mujer,26,159,16.352201257861637
2024,70403,rural,27,hombre,18,247,7.287449392712551
2024,70403,rural,27,mujer,18,177,10.169491525423728
2024,70403,rural,28,hombre,19,234,8.11965811965812
2024,70403,rural,28,mujer,25,168,14.880952380952381
2024,70403,urbana,16,hombre,213,363,58.67768595041322
2024,70403,urbana,16,mujer,190,347,54.75504322766571
2024,70403,urbana,17,hombre,219,375,58.4
2024,70403,urbana,17,mujer,236,393,60.05089058524173
2024,70403,urbana,18,hombre,170,291,58.419243986254294
2024,70403,urbana,18,mujer,216,348,62.06896551724138
2024,70403,urbana,19,hombre,172,286,60.13986013986014
2024,70403,urbana,19,mujer,191,343,55.68513119533527
2024,70403,urbana,20,hombre,176,292,60.273972602739725
2024,70403,urbana,20,mujer,199,329,60.48632218844985
2024,70403,urbana,21,hombre,177,276,64.1304347826087
2024,70403,urbana,21,mujer,201,319,63.009404388714735
2024,70403,urbana,22,hombre,161,266,60.526315789473685
2024,70403,urbana,22,mujer,183,289,63.32179930795848
2024,70403,urbana,23,hombre,233,353,66.0056657223796
2024,70403,urbana,23,mujer,233,368,63.31521739130435
2024,70403,urbana,24,hombre,205,342,59.941520467836256
2024,70403,urbana,24,mujer,231,385,60.0
2024,70403,urbana,25,hombre,209,327,63.91437308868502
2024,70403,urbana,25,mujer,211,332,63.55421686746988
2024,70403,urbana,26,hombre,192,343,55.97667638483965
2024,70403,urbana,26,mujer,210,338,62.1301775147929
2024,70403,urbana,27,hombre,192,306,62.745098039215684
2024,70403,urbana,27,mujer,209,340,61.470588235294116
2024,70403,urbana,28,hombre,212,319,66.4576802507837
2024,70403,urbana,28,mujer,234,374,62.5668449197861
2024,70404,rural,16,hombre,8,45,17.77777777777778
2024,70404,rural,16,mujer,8,31,25.806451612903224
2024,70404,rural,17,hombre,3,34,8.823529411764707
2024,70404,rural,17,mujer,9,39,23.076923076923077
2024,70404,rural,18,hombre,9,42,21.428571428571427
2024,70404,rural,18,mujer,8,26,30.76923076923077
2024,70404,rural,19,hombre,6,37,16.216216216216218
2024,70404,rural,19,mujer,4,25,16.0
2024,70404,rural,20,hombre,10,41,24.390243902439025
2024,70404,rural,20,mujer,9,36,25.0
2024,70404,rural,21,hombre,4,23,17.391304347826086
2024,70404,rural,21,mujer,9,25,36.0
2024,70404,rural,22,hombre,11,38,28.94736842105263
2024,70404,rural,22,mujer,1,19,5.2631578947368425
2024,70404,rural,23,hombre,5,37,13.513513513513514
2024,70404,rural,23,mujer,4,24,16.666666666666668
2024,70404,rural,24,hombre,3,42,7.142857142857143
2024,70404,rural,24,mujer,13,37,35.13513513513514
2024,70404,rural,25,hombre,8,37,21.62162162162162
2024,70404,rural,25,mujer,4,20,20.0
2024,70404,rural,26,hombre,5,36,13.88888888888889
2024,70404,rural,26,mujer,3,25,12.0
2024,70404,rural,27,hombre,7,32,21.875
2024,70404,rural,27,mujer,10,41,24.390243902439025
2024,70404,rural,28,hombre,12,50,24.0
2024,70404,rural,28,mujer,6,30,20.0
2024,70404,urbana,16,hombre,40,51,78.43137254901961
2024,70404,urbana,16,mujer,40,59,67.79661016949153
2024,70404,urbana,17,hombre,57,69,82.6086956521739
2024,70404,urbana,17,mujer,55,64,85.9375
2024,70404,urbana,18,hombre,43,57,75.43859649122807
2024,70404,urbana,18,mujer,49,63,77.77777777777777
2024,70404,urbana,19,hombre,44,50,88.0
2024,70404,urbana,19,mujer,48,58,82.75862068965517
2024,70404,urbana,20,hombre,54,65,83.07692307692308
2024,70404,urbana,20,mujer,51,66,77.27272727272727
2024,70404,urbana,21,hombre,38,46,82.6086956521739
2024,70404,urbana,21,mujer,41,48,85.41666666666667
2024,70404,urbana,22,hombre,34,40,85.0
2024,70404,urbana,22,mujer,39,47,82.97872340425532
2024,70404,urbana,23,hombre,42,55,76.36363636363636
2024,70404,urbana,23,mujer,44,51,86.27450980392157
2024,70404,urbana,24,hombre,49,58,84.48275862068965
2024,70404,urbana,24,mujer,41,52,78.84615384615384
2024,70404,urbana,25,hombre,52,62,83.87096774193549
2024,70404,urbana,25,mujer,32,43,74.4186046511628
2024,70404,urbana,26,hombre,35,42,83.33333333333333
2024,70404,urbana,26,mujer,29,40,72.5
2024,70404,urbana,27,hombre,35,43,81.3953488372093
2024,70404,urbana,27,mujer,42,51,82.3529411764706
2024,70404,urbana,28,hombre,35,46,76.08695652173913
2024,70404,urbana,28,mujer,38,53,71.69811320754717
2024,70501,rural,16,hombre,28,236,11.864406779661017
2024,70501,rural,16,mujer,39,233,16.738197424892704
2024,70501,rural,17,hombre,52,260,20.0
2024,70501,rural,17,mujer,44,218,20.18348623853211
2024,70501,rural,18,hombre,40,253,15.810276679841897
2024,70501,rural,18,mujer,34,230,14.782608695652174
2024,70501,rural,19,hombre,43,240,17.916666666666668
2024,70501,rural,19,mujer,37,212,17.452830188679247
2024,70501,rural,20,hombre,40,253,15.810276679841897
2024,70501,rural,20,mujer,28,207,13.526570048309178
2024,70501,rural,21,hombre,33,252,13.095238095238095
2024,70501,rural,21,mujer,35,221,15.83710407239819
2024,70501,rural,22,hombre,28,220,12.727272727272727
2024,70501,rural,22,mujer,31,219,14.155251141552512
2024,70501,rural,23,hombre,42,290,14.482758620689655
2024,70501,rural,23,mujer,35,232,15.086206896551724
2024,70501,rural,24,hombre,27,260,10.384615384615385
2024,70501,rural,24,mujer,22,234,9.401709401709402
2024,70501,rural,25,hombre,23,259,8.88030888030888
2024,70501,rural,25,mujer,21,204,10.294117647058824
2024,70501,rural,26,hombre,30,269,11.152416356877323
2024,70501,rural,26,mujer,26,185,14.054054054054054
2024,70501,rural,27,hombre,25,235,10.638297872340425
2024,70501,rural,27,mujer,26,208,12.5
2024,70501,rural,28,hombre,24,257,9.33852140077821
2024,70501,rural,28,mujer,20,201,9.950248756218905
2024,70501,urbana,16,hombre,101,137,73.72262773722628
2024,70501,urbana,16,mujer,95,121,78.51239669421487
2024,70501,urbana,17,hombre,97,124,78.2258064516129
2024,70501,urbana,17,mujer,113,130,86.92307692307692
2024,70501,urbana,18,hombre,63,79,79.74683544303798
2024,70501,urbana,18,mujer,98,117,83.76068376068376
2024,70501,urbana,19,hombre,73,93,78.49462365591398
2024,70501,urbana,19,mujer,77,96,80.20833333333333
2024,70501,urbana,20,hombre,62,80,77.5
2024,70501,urbana,20,mujer,81,96,84.375
2024,70501,urbana,21,hombre,91,110,82.72727272727273
2024,70501,urbana,21,mujer,73,87,83.9080459770115
2024,70501,urbana,22,hombre,63,80,78.75
2024,70501,urbana,22,mujer,68,82,82.92682926829268
2024,70501,urbana,23,hombre,77,96,80.20833333333333
2024,70501,urbana,23,mujer,71,94,75.53191489361703
2024,70501,urbana,24,hombre,81,103,78.64077669902913
2024,70501,urbana,24,mujer,66,85,77.6470588235294
2024,70501,urbana,25,hombre,78,93,83.87096774193549
2024,70501,urbana,25,mujer,84,108,77.77777777777777
2024,70501,urbana,26,hombre,94,104,90.38461538461539
2024,70501,urbana,26,mujer,73,92,79.34782608695652
2024,70501,urbana,27,hombre,76,89,85.3932584269663
2024,70501,urbana,27,mujer,72,88,81.81818181818181
2024,70501,urbana,28,hombre,68,83,81.92771084337349
2024,70501,urbana,28,mujer,70,89,78.65168539325843
2024,70502,rural,16,hombre,55,347,15.85014409221902
2024,70502,rural,16,mujer,48,307,15.635179153094462
2024,70502,rural,17,hombre,53,353,15.01416430594901
2024,70502,rural,17,mujer,38,319,11.912225705329154
2024,70502,rural,18,hombre,38,337,11.275964391691394
2024,70502,rural,18,mujer,48,319,15.047021943573668
2024,70502,rural,19,hombre,42,320,13.125
2024,70502,rural,19,mujer,37,299,12.37458193979933
2024,70502,rural,20,hombre,39,325,12.0
2024,70502,rural,20,mujer,49,311,15.755627009646302
2024,70502,rural,21,hombre,39,338,11.538461538461538
2024,70502,rural,21,mujer,42,292,14.383561643835616
2024,70502,rural,22,hombre,56,352,15.909090909090908
2024,70502,rural,22,mujer,43,294,14.625850340136054
2024,70502,rural,23,hombre,40,366,10.92896174863388
2024,70502,rural,23,mujer,53,340,15.588235294117647
2024,70502,rural,24,hombre,58,343,16.909620991253643
2024,70502,rural,24,mujer,44,348,12.64367816091954
2024,70502,rural,25,hombre,54,356,15.168539325842696
2024,70502,rural,25,mujer,45,305,14.754098360655737
2024,70502,rural,26,hombre,46,325,14.153846153846153
2024,70502,rural,26,mujer,47,302,15.562913907284768
2024,70502,rural,27,hombre,54,327,16.513761467889907
2024,70502,rural,27,mujer,44,276,15.942028985507246
2024,70502,rural,28,hombre,43,306,14.052287581699346
2024,70502,rural,28,mujer,35,282,12.411347517730496
2024,70502,urbana,16,hombre,54,153,35.294117647058826
2024,70502,urbana,16,mujer,74,174,42.52873563218391
2024,70502,urbana,17,hombre,70,171,40.93567251461988
2024,70502,urbana,17,mujer,59,168,35.11904761904762
2024,70502,urbana,18,hombre,64,147,43.53741496598639
2024,70502,urbana,18,mujer,64,172,37.2093023255814
2024,70502,urbana,19,hombre,34,113,30.088495575221238
2024,70502,urbana,19,mujer,48,135,35.55555555555556
2024,70502,urbana,20,hombre,52,134,38.80597014925373
2024,70502,urbana,20,mujer,55,150,36.666666666666664
2024,70502,urbana,21,hombre,48,149,32.214765100671144
2024,70502,urbana,21,mujer,50,123,40.65040650406504
2024,70502,urbana,22,hombre,37,134,27.611940298507463
2024,70502,urbana,22,mujer,49,146,33.56164383561644
2024,70502,urbana,23,hombre,51,149,34.22818791946309
2024,70502,urbana,23,mujer,63,173,36.41618497109827
2024,70502,urbana,24,hombre,60,144,41.666666666666664
2024,70502,urbana,24,mujer,47,162,29.012345679012345
2024,70502,urbana,25,hombre,49,145,33.793103448275865
2024,70502,urbana,25,mujer,51,151,33.77483443708609
2024,70502,urbana,26,hombre,48,146,32.87671232876713
2024,70502,urbana,26,mujer,59,155,38.064516129032256
2024,70502,urbana,27,hombre,46,145,31.724137931034484
2024,70502,urbana,27,mujer,61,167,36.52694610778443
2024,70502,urbana,28,hombre,60,153,39.21568627450981
2024,70502,urbana,28,mujer,60,155,38.70967741935484
2024,70503,rural,16,hombre,7,50,14.0
2024,70503,rural,16,mujer,15,49,30.612244897959183
2024,70503,rural,17,hombre,9,60,15.0
2024,70503,rural,17,mujer,15,55,27.272727272727273
2024,70503,rural,18,hombre,11,45,24.444444444444443
2024,70503,rural,18,mujer,13,41,31.70731707317073
2024,70503,rural,19,hombre,5,41,12.195121951219512
2024,70503,rural,19,mujer,6,36,16.666666666666668
2024,70503,rural,20,hombre,7,37,18.91891891891892
2024,70503,rural,20,mujer,9,29,31.03448275862069
2024,70503,rural,21,hombre,8,43,18.6046511627907
2024,70503,rural,21,mujer,3,43,6.976744186046512
2024,70503,rural,22,hombre,5,30,16.666666666666668
2024,70503,rural,22,mujer,15,42,35.714285714285715
2024,70503,rural,23,hombre,13,51,25.49019607843137
2024,70503,rural,23,mujer,6,33,18.181818181818183
2024,70503,rural,24,hombre,13,63,20.634920634920636
2024,70503,rural,24,mujer,11,43,25.58139534883721
2024,70503,rural,25,hombre,7,44,15.909090909090908
2024,70503,rural,25,mujer,8,40,20.0
2024,70503,rural,26,hombre,15,50,30.0
2024,70503,rural,26,mujer,4,45,8.88888888888889
2024,70503,rural,27,hombre,8,44,18.181818181818183
2024,70503,rural,27,mujer,12,54,22.22222222222222
2024,70503,rural,28,hombre,9,43,20.930232558139537
2024,70503,rural,28,mujer,11,42,26.19047619047619
2024,70503,urbana,16,hombre,79,113,69.91150442477876
2024,70503,urbana,16,mujer,55,93,59.13978494623656
2024,70503,urbana,17,hombre,80,105,76.19047619047619
2024,70503,urbana,17,mujer,83,105,79.04761904761905
2024,70503,urbana,18,hombre,46,69,66.66666666666667
2024,70503,urbana,18,mujer,51,86,59.30232558139535
2024,70503,urbana,19,hombre,36,53,67.9245283018868
2024,70503,urbana,19,mujer,53,72,73.61111111111111
2024,70503,urbana,20,hombre,45,69,65.21739130434783
2024,70503,urbana,20,mujer,43,76,56.578947368421055
2024,70503,urbana,21,hombre,39,55,70.9090909090909
2024,70503,urbana,21,mujer,39,64,60.9375
2024,70503,urbana,22,hombre,43,66,65.15151515151516
2024,70503,urbana,22,mujer,53,76,69.73684210526316
2024,70503,urbana,23,hombre,50,77,64.93506493506493
2024,70503,urbana,23,mujer,56,81,69.1358024691358
2024,70503,urbana,24,hombre,51,75,68.0
2024,70503,urbana,24,mujer,67,98,68.36734693877551
2024,70503,urbana,25,hombre,58,79,73.41772151898734
2024,70503,urbana,25,mujer,46,67,68.65671641791045
2024,70503,urbana,26,hombre,45,67,67.16417910447761
2024,70503,urbana,26,mujer,60,77,77.92207792207792
2024,70503,urbana,27,hombre,45,77,58.44155844155844
2024,70503,urbana,27,mujer,61,88,69.31818181818181
2024,70503,urbana,28,hombre,56,83,67.46987951807229
2024,70503,urbana,28,mujer,69,103,66.99029126213593
2024,70601,rural,16,hombre,17,39,43.58974358974359
2024,70601,rural,16,mujer,10,31,32.25806451612903
2024,70601,rural,17,hombre,11,33,33.333333333333336
2024,70601,rural,17,mujer,20,37,54.054054054054056
2024,70601,rural,18,hombre,14,41,34.146341463414636
2024,70601,rural,18,mujer,10,35,28.571428571428573
2024,70601,rural,19,hombre,14,23,60.869565217391305
2024,70601,rural,19,mujer,7,27,25.925925925925927
2024,70601,rural,20,hombre,12,25,48.0
2024,70601,rural,20,mujer,4,21,19.047619047619047
2024,70601,rural,21,hombre,15,34,44.11764705882353
2024,70601,rural,21,mujer,5,23,21.73913043478261
2024,70601,rural,22,hombre,13,31,41.935483870967744
2024,70601,rural,22,mujer,8,23,34.78260869565217
2024,70601,rural,23,hombre,11,32,34.375
2024,70601,rural,23,mujer,14,39,35.8974358974359
2024,70601,rural,24,hombre,14,44,31.818181818181817
2024,70601,rural,24,mujer,14,40,35.0
2024,70601,rural,25,hombre,14,42,33.333333333333336
2024,70601,rural,25,mujer,18,39,46.15384615384615
2024,70601,rural,26,hombre,12,23,52.17391304347826
2024,70601,rural,26,mujer,9,24,37.5
2024,70601,rural,27,hombre,11,37,29.72972972972973
2024,70601,rural,27,mujer,8,26,30.76923076923077
2024,70601,rural,28,hombre,13,28,46.42857142857143
2024,70601,rural,28,mujer,19,29,65.51724137931035
2024,70601,urbana,16,hombre,148,172,86.04651162790698
2024,70601,urbana,16,mujer,121,143,84.61538461538461
2024,70601,urbana,17,hombre,125,137,91.24087591240875
2024,70601,urbana,17,mujer,140,162,86.41975308641975
2024,70601,urbana,18,hombre,114,136,83.82352941176471
2024,70601,urbana,18,mujer,119,132,90.15151515151516
2024,70601,urbana,19,hombre,97,114,85.08771929824562
2024,70601,urbana,19,mujer,108,119,90.75630252100841
2024,70601,urbana,20,hombre,101,119,84.87394957983193
2024,70601,urbana,20,mujer,92,112,82.14285714285714
2024,70601,urbana,21,hombre,107,115,93.04347826086956
2024,70601,urbana,21,mujer,108,122,88.52459016393442
2024,70601,urbana,22,hombre,123,133,92.4812030075188
2024,70601,urbana,22,mujer,118,130,90.76923076923077
2024,70601,urbana,23,hombre,136,146,93.15068493150685
2024,70601,urbana,23,mujer,150,160,93.75
2024,70601,urbana,24,hombre,139,158,87.9746835443038
2024,70601,urbana,24,mujer,161,176,91.47727272727273
2024,70601,urbana,25,hombre,95,111,85.58558558558559
2024,70601,urbana,25,mujer,131,137,95.62043795620438
2024,70601,urbana,26,hombre,113,128,88.28125
2024,70601,urbana,26,mujer,129,142,90.84507042253522
2024,70601,urbana,27,hombre,123,135,91.11111111111111
2024,70601,urbana,27,mujer,112,130,86.15384615384616
2024,70601,urbana,28,hombre,128,141,90.78014184397163
2024,70601,urbana,28,mujer,116,135,85.92592592592592
2024,70602,rural,16,hombre,31,125,24.8
2024,70602,rural,16,mujer,28,118,23.728813559322035
2024,70602,rural,17,hombre,28,124,22.580645161290324
2024,70602,rural,17,mujer,29,95,30.526315789473685
2024,70602,rural,18,hombre,29,109,26.605504587155963
2024,70602,rural,18,mujer,27,108,25.0
2024,70602,rural,19,hombre,16,91,17.582417582417584
2024,70602,rural,19,mujer,26,91,28.571428571428573
2024,70602,rural,20,hombre,27,104,25.96153846153846
2024,70602,rural,20,mujer,19,88,21.59090909090909
2024,70602,rural,21,hombre,19,96,19.791666666666668
2024,70602,rural,21,mujer,28,95,29.473684210526315
2024,70602,rural,22,hombre,22,102,21.568627450980394
2024,70602,rural,22,mujer,19,93,20.43010752688172
2024,70602,rural,23,hombre,26,128,20.3125
2024,70602,rural,23,mujer,30,98,30.612244897959183
2024,70602,rural,24,hombre,30,117,25.641025641025642
2024,70602,rural,24,mujer,21,110,19.09090909090909
2024,70602,rural,25,hombre,27,145,18.620689655172413
2024,70602,rural,25,mujer,23,90,25.555555555555557
2024,70602,rural,26,hombre,30,115,26.08695652173913
2024,70602,rural,26,mujer,30,114,26.31578947368421
2024,70602,rural,27,hombre,26,120,21.666666666666668
2024,70602,rural,27,mujer,22,93,23.655913978494624
2024,70602,rural,28,hombre,13,110,11.818181818181818
2024,70602,rural,28,mujer,24,95,25.263157894736842
2024,70602,urbana,16,hombre,21,64,32.8125
2024,70602,urbana,16,mujer,27,64,42.1875
2024,70602,urbana,17,hombre,26,52,50.0
2024,70602,urbana,17,mujer,21,48,43.75
2024,70602,urbana,18,hombre,26,43,60.46511627906977
2024,70602,urbana,18,mujer,24,43,55.81395348837209
2024,70602,urbana,19,hombre,18,36,50.0
2024,70602,urbana,19,mujer,19,41,46.34146341463415
2024,70602,urbana,20,hombre,21,33,63.63636363636363
2024,70602,urbana,20,mujer,17,32,53.125
2024,70602,urbana,21,hombre,20,38,52.63157894736842
2024,70602,urbana,21,mujer,15,36,41.666666666666664
2024,70602,urbana,22,hombre,14,27,51.851851851851855
2024,70602,urbana,22,mujer,16,37,43.24324324324324
2024,70602,urbana,23,hombre,20,41,48.78048780487805
2024,70602,urbana,23,mujer,22,41,53.65853658536585
2024,70602,urbana,24,hombre,22,37,59.45945945945946
2024,70602,urbana,24,mujer,26,43,60.46511627906977
2024,70602,urbana,25,hombre,18,41,43.90243902439025
2024,70602,urbana,25,mujer,24,41,58.53658536585366
2024,70602,urbana,26,hombre,19,34,55.88235294117647
2024,70602,urbana,26,mujer,12,26,46.15384615384615
2024,70602,urbana,27,hombre,14,27,51.851851851851855
2024,70602,urbana,27,mujer,17,37,45.945945945945944
2024,70602,urbana,28,hombre,26,42,61.904761904761905
2024,70602,urbana,28,mujer,17,35,48.57142857142857
2024,70603,rural,16,hombre,1,9,11.11111111111111
2024,70603,rural,16,mujer,0,6,0.0
2024,70603,rural,17,hombre,0,9,0.0
2024,70603,rural,17,mujer,3,8,37.5
2024,70603,rural,18,hombre,2,7,28.571428571428573
2024,70603,rural,18,mujer,2,7,28.571428571428573
2024,70603,rural,19,hombre,3,8,37.5
2024,70603,rural,19,mujer,3,4,75.0
2024,70603,rural,20,hombre,2,9,22.22222222222222
2024,70603,rural,20,mujer,5,11,45.45454545454545
2024,70603,rural,21,hombre,1,5,20.0
2024,70603,rural,21,mujer,1,3,33.333333333333336
2024,70603,rural,22,hombre,1,5,20.0
2024,70603,rural,22,mujer,1,5,20.0
2024,70603,rural,23,hombre,3,4,75.0
2024,70603,rural,23,mujer,3,10,30.0
2024,70603,rural,24,hombre,0,7,0.0
2024,70603,rural,24,mujer,3,12,25.0
2024,70603,rural,25,hombre,3,13,23.076923076923077
2024,70603,rural,25,mujer,0,4,0.0
2024,70603,rural,26,hombre,4,12,33.333333333333336
2024,70603,rural,26,mujer,2,7,28.571428571428573
2024,70603,rural,27,hombre,2,3,66.66666666666667
2024,70603,rural,27,mujer,2,11,18.181818181818183
2024,70603,rural,28,hombre,4,10,40.0
2024,70603,rural,28,mujer,2,4,50.0
2024,70603,urbana,16,hombre,24,54,44.44444444444444
2024,70603,urbana,16,mujer,22,38,57.89473684210526
2024,70603,urbana,17,hombre,23,49,46.93877551020408
2024,70603,urbana,17,mujer,19,47,40.42553191489362
2024,70603,urbana,18,hombre,18,38,47.36842105263158
2024,70603,urbana,18,mujer,31,58,53.44827586206897
2024,70603,urbana,19,hombre,29,56,51.785714285714285
2024,70603,urbana,19,mujer,18,39,46.15384615384615
2024,70603,urbana,20,hombre,25,50,50.0
2024,70603,urbana,20,mujer,21,42,50.0
2024,70603,urbana,21,hombre,18,31,58.064516129032256
2024,70603,urbana,21,mujer,20,44,45.45454545454545
2024,70603,urbana,22,hombre,25,41,60.97560975609756
2024,70603,urbana,22,mujer,22,40,55.0
2024,70603,urbana,23,hombre,30,50,60.0
2024,70603,urbana,23,mujer,16,35,45.714285714285715
2024,70603,urbana,24,hombre,19,46,41.30434782608695
2024,70603,urbana,24,mujer,17,29,58.62068965517241
2024,70603,urbana,25,hombre,13,32,40.625
2024,70603,urbana,25,mujer,23,44,52.27272727272727
2024,70603,urbana,26,hombre,22,45,48.888888888888886
2024,70603,urbana,26,mujer,19,50,38.0
2024,70603,urbana,27,hombre,14,26,53.84615384615385
2024,70603,urbana,27,mujer,24,50,48.0
2024,70603,urbana,28,hombre,36,54,66.66666666666667
2024,70603,urbana,28,mujer,20,48,41.666666666666664
2024,70701,rural,16,hombre,17,70,24.285714285714285
2024,70701,rural,16,mujer,7,44,15.909090909090908
2024,70701,rural,17,hombre,12,57,21.05263157894737
2024,70701,rural,17,mujer,9,50,18.0
2024,70701,rural,18,hombre,13,43,30.232558139534884
2024,70701,rural,18,mujer,19,61,31.147540983606557
2024,70701,rural,19,hombre,18,49,36.734693877551024
2024,70701,rural,19,mujer,15,44,34.09090909090909
2024,70701,rural,20,hombre,10,31,32.25806451612903
2024,70701,rural,20,mujer,11,39,28.205128205128204
2024,70701,rural,21,hombre,12,46,26.08695652173913
2024,70701,rural,21,mujer,12,47,25.53191489361702
2024,70701,rural,22,hombre,8,36,22.22222222222222
2024,70701,rural,22,mujer,10,46,21.73913043478261
2024,70701,rural,23,hombre,5,35,14.285714285714286
2024,70701,rural,23,mujer,5,41,12.195121951219512
2024,70701,rural,24,hombre,15,53,28.30188679245283
2024,70701,rural,24,mujer,11,38,28.94736842105263
2024,70701,rural,25,hombre,14,46,30.434782608695652
2024,70701,rural,25,mujer,14,49,28.571428571428573
2024,70701,rural,26,hombre,9,41,21.951219512195124
2024,70701,rural,26,mujer,19,54,35.18518518518518
2024,70701,rural,27,hombre,6,41,14.634146341463415
2024,70701,rural,27,mujer,13,45,28.88888888888889
2024,70701,rural,28,hombre,14,47,29.78723404255319
2024,70701,rural,28,mujer,5,41,12.195121951219512
2024,70702,rural,16,hombre,37,326,11.349693251533742
2024,70702,rural,16,mujer,43,326,13.190184049079754
2024,70702,rural,17,hombre,49,352,13.920454545454545
2024,70702,rural,17,mujer,51,356,14.325842696629213
2024,70702,rural,18,hombre,48,323,14.860681114551083
2024,70702,rural,18,mujer,43,300,14.333333333333334
2024,70702,rural,19,hombre,46,295,15.59322033898305
2024,70702,rural,19,mujer,33,282,11.702127659574469
2024,70702,rural,20,hombre,52,294,17.687074829931973
2024,70702,rural,20,mujer,48,300,16.0
2024,70702,rural,21,hombre,43,291,14.776632302405499
2024,70702,rural,21,mujer,45,314,14.331210191082803
2024,70702,rural,22,hombre,47,339,13.864306784660767
2024,70702,rural,22,mujer,40,285,14.035087719298245
2024,70702,rural,23,hombre,43,311,13.82636655948553
2024,70702,rural,23,mujer,45,291,15.463917525773196
2024,70702,rural,24,hombre,50,320,15.625
2024,70702,rural,24,mujer,39,296,13.175675675675675
2024,70702,rural,25,hombre,38,263,14.448669201520913
2024,70702,rural,25,mujer,36,238,15.126050420168067
2024,70702,rural,26,hombre,43,296,14.527027027027026
2024,70702,rural,26,mujer,31,234,13.247863247863247
2024,70702,rural,27,hombre,30,271,11.07011070110701
2024,70702,rural,27,mujer,26,241,10.78838174273859
2024,70702,rural,28,hombre,38,253,15.019762845849803
2024,70702,rural,28,mujer,27,248,10.887096774193548
2024,70702,urbana,16,hombre,17,51,33.333333333333336
2024,70702,urbana,16,mujer,23,53,43.39622641509434
2024,70702,urbana,17,hombre,24,49,48.97959183673469
2024,70702,urbana,17,mujer,23,60,38.333333333333336
2024,70702,urbana,18,hombre,19,35,54.285714285714285
2024,70702,urbana,18,mujer,24,56,42.857142857142854
2024,70702,urbana,19,hombre,14,32,43.75
2024,70702,urbana,19,mujer,14,37,37.83783783783784
2024,70702,urbana,20,hombre,11,33,33.333333333333336
2024,70702,urbana,20,mujer,20,47,42.5531914893617
2024,70702,urbana,21,hombre,11,28,39.285714285714285
2024,70702,urbana,21,mujer,19,40,47.5
2024,70702,urbana,22,hombre,22,39,56.41025641025641
2024,70702,urbana,22,mujer,23,54,42.592592592592595
2024,70702,urbana,23,hombre,19,47,40.42553191489362
2024,70702,urbana,23,mujer,26,49,53.06122448979592
2024,70702,urbana,24,hombre,19,40,47.5
2024,70702,urbana,24,mujer,23,47,48.93617021276596
2024,70702,urbana,25,hombre,27,60,45.0
2024,70702,urbana,25,mujer,29,54,53.7037037037037
2024,70702,urbana,26,hombre,17,35,48.57142857142857
2024,70702,urbana,26,mujer,15,34,44.11764705882353
2024,70702,urbana,27,hombre,18,45,40.0
2024,70702,urbana,27,mujer,18,49,36.734693877551024
2024,70702,urbana,28,hombre,16,33,48.484848484848484
2024,70702,urbana,28,mujer,16,40,40.0
2024,70703,rural,16,hombre,41,226,18.141592920353983
2024,70703,rural,16,mujer,44,241,18.25726141078838
2024,70703,rural,17,hombre,47,235,20.0
2024,70703,rural,17,mujer,42,232,18.103448275862068
2024,70703,rural,18,hombre,36,231,15.584415584415584
2024,70703,rural,18,mujer,32,186,17.204301075268816
2024,70703,rural,19,hombre,39,199,19.597989949748744
2024,70703,rural,19,mujer,25,182,13.736263736263735
2024,70703,rural,20,hombre,26,184,14.130434782608695
2024,70703,rural,20,mujer,32,196,16.3265306122449
2024,70703,rural,21,hombre,34,201,16.915422885572138
2024,70703,rural,21,mujer,37,208,17.78846153846154
2024,70703,rural,22,hombre,38,210,18.095238095238095
2024,70703,rural,22,mujer,38,176,21.59090909090909
2024,70703,rural,23,hombre,39,226,17.256637168141594
2024,70703,rural,23,mujer,32,193,16.580310880829014
2024,70703,rural,24,hombre,38,191,19.895287958115183
2024,70703,rural,24,mujer,39,217,17.972350230414747
2024,70703,rural,25,hombre,30,182,16.483516483516482
2024,70703,rural,25,mujer,27,187,14.438502673796792
2024,70703,rural,26,hombre,34,217,15.668202764976959
2024,70703,rural,26,mujer,35,209,16.74641148325359
2024,70703,rural,27,hombre,30,190,15.789473684210526
2024,70703,rural,27,mujer,29,167,17.365269461077844
2024,70703,rural,28,hombre,37,182,20.32967032967033
2024,70703,rural,28,mujer,38,180,21.11111111111111
2024,70703,urbana,16,hombre,31,103,30.097087378640776
2024,70703,urbana,16,mujer,30,96,31.25
2024,70703,urbana,17,hombre,35,109,32.11009174311926
2024,70703,urbana,17,mujer,22,81,27.160493827160494
2024,70703,urbana,18,hombre,17,72,23.61111111111111
2024,70703,urbana,18,mujer,20,83,24.096385542168676
2024,70703,urbana,19,hombre,20,68,29.41176470588235
2024,70703,urbana,19,mujer,18,65,27.692307692307693
2024,70703,urbana,20,hombre,19,66,28.78787878787879
2024,70703,urbana,20,mujer,22,74,29.72972972972973
2024,70703,urbana,21,hombre,23,72,31.944444444444443
2024,70703,urbana,21,mujer,28,73,38.35616438356164
2024,70703,urbana,22,hombre,24,83,28.91566265060241
2024,70703,urbana,22,mujer,22,81,27.160493827160494
2024,70703,urbana,23,hombre,32,87,36.7816091954023
2024,70703,urbana,23,mujer,24,80,30.0
2024,70703,urbana,24,hombre,21,84,25.0
2024,70703,urbana,24,mujer,31,87,35.632183908045974
2024,70703,urbana,25,hombre,24,86,27.906976744186046
2024,70703,urbana,25,mujer,27,79,34.177215189873415
2024,70703,urbana,26,hombre,23,74,31.08108108108108
2024,70703,urbana,26,mujer,23,79,29.11392405063291
2024,70703,urbana,27,hombre,22,82,26.829268292682926
2024,70703,urbana,27,mujer,18,70,25.714285714285715
2024,70703,urbana,28,hombre,15,67,22.388059701492537
2024,70703,urbana,28,mujer,36,95,37.89473684210526
2024,70704,rural,16,hombre,0,18,0.0
2024,70704,rural,16,mujer,1,21,4.761904761904762
2024,70704,rural,17,hombre,1,11,9.090909090909092
2024,70704,rural,17,mujer,3,25,12.0
2024,70704,rural,18,hombre,5,21,23.80952380952381
2024,70704,rural,18,mujer,5,18,27.77777777777778
2024,70704,rural,19,hombre,1,16,6.25
2024,70704,rural,19,mujer,1,21,4.761904761904762
2024,70704,rural,20,hombre,5,18,27.77777777777778
2024,70704,rural,20,mujer,6,24,25.0
2024,70704,rural,21,hombre,3,21,14.285714285714286
2024,70704,rural,21,mujer,2,18,11.11111111111111
2024,70704,rural,22,hombre,0,22,0.0
2024,70704,rural,22,mujer,2,18,11.11111111111111
2024,70704,rural,23,hombre,4,29,13.793103448275861
2024,70704,rural,23,mujer,2,18,11.11111111111111
2024,70704,rural,24,hombre,3,22,13.636363636363637
2024,70704,rural,24,mujer,4,27,14.814814814814815
2024,70704,rural,25,hombre,2,21,9.523809523809524
2024,70704,rural,25,mujer,4,20,20.0
2024,70704,rural,26,hombre,4,32,12.5
2024,70704,rural,26,mujer,5,29,17.24137931034483
2024,70704,rural,27,hombre,7,34,20.58823529411765
2024,70704,rural,27,mujer,3,16,18.75
2024,70704,rural,28,hombre,6,19,31.57894736842105
2024,70704,rural,28,mujer,1,16,6.25
2024,70704,urbana,16,hombre,16,25,64.0
2024,70704,urbana,16,mujer,11,18,61.111111111111114
2024,70704,urbana,17,hombre,21,27,77.77777777777777
2024,70704,urbana,17,mujer,16,25,64.0
2024,70704,urbana,18,hombre,11,14,78.57142857142857
2024,70704,urbana,18,mujer,21,29,72.41379310344827
2024,70704,urbana,19,hombre,15,27,55.55555555555556
2024,70704,urbana,19,mujer,20,26,76.92307692307692
2024,70704,urbana,20,hombre,17,25,68.0
2024,70704,urbana,20,mujer,19,27,70.37037037037037
2024,70704,urbana,21,hombre,15,20,75.0
2024,70704,urbana,21,mujer,17,22,77.27272727272727
2024,70704,urbana,22,hombre,11,17,64.70588235294117
2024,70704,urbana,22,mujer,17,23,73.91304347826087
2024,70704,urbana,23,hombre,22,30,73.33333333333333
2024,70704,urbana,23,mujer,9,18,50.0
2024,70704,urbana,24,hombre,19,34,55.88235294117647
2024,70704,urbana,24,mujer,20,29,68.96551724137932
2024,70704,urbana,25,hombre,17,21,80.95238095238095
2024,70704,urbana,25,mujer,20,27,74.07407407407408
2024,70704,urbana,26,hombre,18,28,64.28571428571429
2024,70704,urbana,26,mujer,11,14,78.57142857142857
2024,70704,urbana,27,hombre,15,24,62.5
2024,70704,urbana,27,mujer,18,23,78.26086956521739
2024,70704,urbana,28,hombre,23,33,69.6969696969697
2024,70704,urbana,28,mujer,21,24,87.5
2024,70705,rural,16,hombre,9,180,5.0
2024,70705,rural,16,mujer,8,143,5.594405594405594
2024,70705,rural,17,hombre,16,150,10.666666666666666
2024,70705,rural,17,mujer,13,163,7.975460122699387
2024,70705,rural,18,hombre,9,106,8.49056603773585
2024,70705,rural,18,mujer,13,141,9.21985815602837
2024,70705,rural,19,hombre,14,108,12.962962962962964
2024,70705,rural,19,mujer,9,115,7.826086956521739
2024,70705,rural,20,hombre,12,145,8.275862068965518
2024,70705,rural,20,mujer,12,146,8.219178082191782
2024,70705,rural,21,hombre,12,114,10.526315789473685
2024,70705,rural,21,mujer,12,125,9.6
2024,70705,rural,22,hombre,17,133,12.781954887218046
2024,70705,rural,22,mujer,15,146,10.273972602739725
2024,70705,rural,23,hombre,14,154,9.090909090909092
2024,70705,rural,23,mujer,14,135,10.37037037037037
2024,70705,rural,24,hombre,9,137,6.569343065693431
2024,70705,rural,24,mujer,13,155,8.387096774193548
2024,70705,rural,25,hombre,10,137,7.299270072992701
2024,70705,rural,25,mujer,16,120,13.333333333333334
2024,70705,rural,26,hombre,10,119,8.403361344537815
2024,70705,rural,26,mujer,9,121,7.43801652892562
2024,70705,rural,27,hombre,16,133,12.030075187969924
2024,70705,rural,27,mujer,9,93,9.67741935483871
2024,70705,rural,28,hombre,10,126,7.936507936507937
2024,70705,rural,28,mujer,10,116,8.620689655172415
2024,70706,rural,16,hombre,6,41,14.634146341463415
2024,70706,rural,16,mujer,5,62,8.064516129032258
2024,70706,rural,17,hombre,9,63,14.285714285714286
2024,70706,rural,17,mujer,6,58,10.344827586206897
2024,70706,rural,18,hombre,5,38,13.157894736842104
2024,70706,rural,18,mujer,11,53,20.754716981132077
2024,70706,rural,19,hombre,8,47,17.02127659574468
2024,70706,rural,19,mujer,11,46,23.91304347826087
2024,70706,rural,20,hombre,11,73,15.068493150684931
2024,70706,rural,20,mujer,10,50,20.0
2024,70706,rural,21,hombre,9,51,17.647058823529413
2024,70706,rural,21,mujer,10,78,12.820512820512821
2024,70706,rural,22,hombre,6,49,12.244897959183673
2024,70706,rural,22,mujer,7,51,13.72549019607843
2024,70706,rural,23,hombre,10,58,17.24137931034483
2024,70706,rural,23,mujer,9,61,14.754098360655737
2024,70706,rural,24,hombre,11,53,20.754716981132077
2024,70706,rural,24,mujer,14,77,18.181818181818183
2024,70706,rural,25,hombre,11,54,20.37037037037037
2024,70706,rural,25,mujer,9,58,15.517241379310345
2024,70706,rural,26,hombre,9,39,23.076923076923077
2024,70706,rural,26,mujer,5,50,10.0
2024,70706,rural,27,hombre,5,45,11.11111111111111
2024,70706,rural,27,mujer,8,38,21.05263157894737
2024,70706,rural,28,hombre,9,52,17.307692307692307
2024,70706,rural,28,mujer,8,48,16.666666666666668
2024,70706,urbana,16,hombre,177,218,81.19266055045871
2024,70706,urbana,16,mujer,188,237,79.32489451476793
2024,70706,urbana,17,hombre,171,217,78.80184331797236
2024,70706,urbana,17,mujer,152,212,71.69811320754717
2024,70706,urbana,18,hombre,156,190,82.10526315789474
2024,70706,urbana,18,mujer,164,227,72.2466960352423
2024,70706,urbana,19,hombre,188,243,77.36625514403292
2024,70706,urbana,19,mujer,158,217,72.8110599078341
2024,70706,urbana,20,hombre,152,203,74.8768472906404
2024,70706,urbana,20,mujer,185,237,78.05907172995781
2024,70706,urbana,21,hombre,175,226,77.43362831858407
2024,70706,urbana,21,mujer,194,237,81.85654008438819
2024,70706,urbana,22,hombre,158,205,77.07317073170732
2024,70706,urbana,22,mujer,178,231,77.05627705627705
2024,70706,urbana,23,hombre,182,239,76.15062761506276
2024,70706,urbana,23,mujer,169,232,72.84482758620689
2024,70706,urbana,24,hombre,156,217,71.88940092165899
2024,70706,urbana,24,mujer,196,255,76.86274509803921
2024,70706,urbana,25,hombre,153,198,77.27272727272727
2024,70706,urbana,25,mujer,173,222,77.92792792792793
2024,70706,urbana,26,hombre,165,199,82.91457286432161
2024,70706,urbana,26,mujer,183,230,79.56521739130434
2024,70706,urbana,27,hombre,135,172,78.48837209302326
2024,70706,urbana,27,mujer,174,224,77.67857142857143
2024,70706,urbana,28,hombre,167,220,75.9090909090909
2024,70706,urbana,28,mujer,175,230,76.08695652173913
2024,70707,rural,16,hombre,1,11,9.090909090909092
2024,70707,rural,16,mujer,0,10,0.0
2024,70707,rural,17,hombre,2,12,16.666666666666668
2024,70707,rural,17,mujer,1,11,9.090909090909092
2024,70707,rural,18,hombre,2,20,10.0
2024,70707,rural,18,mujer,1,10,10.0
2024,70707,rural,19,hombre,2,14,14.285714285714286
2024,70707,rural,19,mujer,1,8,12.5
2024,70707,rural,20,hombre,1,10,10.0
2024,70707,rural,20,mujer,3,17,17.647058823529413
2024,70707,rural,21,hombre,1,10,10.0
2024,70707,rural,21,mujer,0,10,0.0
2024,70707,rural,22,hombre,3,13,23.076923076923077
2024,70707,rural,22,mujer,2,19,10.526315789473685
2024,70707,rural,23,hombre,2,15,13.333333333333334
2024,70707,rural,23,mujer,0,12,0.0
2024,70707,rural,24,hombre,3,25,12.0
2024,70707,rural,24,mujer,0,14,0.0
2024,70707,rural,25,hombre,0,22,0.0
2024,70707,rural,25,mujer,1,18,5.555555555555555
2024,70707,rural,26,hombre,2,25,8.0
2024,70707,rural,26,mujer,1,14,7.142857142857143
2024,70707,rural,27,hombre,0,23,0.0
2024,70707,rural,27,mujer,4,19,21.05263157894737
2024,70707,rural,28,hombre,0,20,0.0
2024,70707,rural,28,mujer,0,13,0.0
2024,70707,urbana,16,hombre,24,32,75.0
2024,70707,urbana,16,mujer,19,31,61.29032258064516
2024,70707,urbana,17,hombre,20,27,74.07407407407408
2024,70707,urbana,17,mujer,23,35,65.71428571428571
2024,70707,urbana,18,hombre,39,45,86.66666666666667
2024,70707,urbana,18,mujer,17,29,58.62068965517241
2024,70707,urbana,19,hombre,36,40,90.0
2024,70707,urbana,19,mujer,17,26,65.38461538461539
2024,70707,urbana,20,hombre,18,31,58.064516129032256
2024,70707,urbana,20,mujer,26,37,70.27027027027027
2024,70707,urbana,21,hombre,19,24,79.16666666666667
2024,70707,urbana,21,mujer,16,27,59.25925925925926
2024,70707,urbana,22,hombre,29,39,74.35897435897436
2024,70707,urbana,22,mujer,14,19,73.6842105263158
2024,70707,urbana,23,hombre,21,28,75.0
2024,70707,urbana,23,mujer,18,29,62.06896551724138
2024,70707,urbana,24,hombre,16,24,66.66666666666667
2024,70707,urbana,24,mujer,22,29,75.86206896551724
2024,70707,urbana,25,hombre,25,32,78.125
2024,70707,urbana,25,mujer,21,27,77.77777777777777
2024,70707,urbana,26,hombre,23,31,74.19354838709677
2024,70707,urbana,26,mujer,23,32,71.875
2024,70707,urbana,27,hombre,22,27,81.48148148148148
2024,70707,urbana,27,mujer,28,36,77.77777777777777
2024,70707,urbana,28,hombre,20,27,74.07407407407408
2024,70707,urbana,28,mujer,16,25,64.0
2024,70801,rural,16,hombre,8,39,20.512820512820515
2024,70801,rural,16,mujer,7,28,25.0
2024,70801,rural,17,hombre,7,31,22.580645161290324
2024,70801,rural,17,mujer,6,29,20.689655172413794
2024,70801,rural,18,hombre,5,32,15.625
2024,70801,rural,18,mujer,5,22,22.727272727272727
2024,70801,rural,19,hombre,7,31,22.580645161290324
2024,70801,rural,19,mujer,5,21,23.80952380952381
2024,70801,rural,20,hombre,9,29,31.03448275862069
2024,70801,rural,20,mujer,5,23,21.73913043478261
2024,70801,rural,21,hombre,4,40,10.0
2024,70801,rural,21,mujer,3,26,11.538461538461538
2024,70801,rural,22,hombre,7,40,17.5
2024,70801,rural,22,mujer,4,25,16.0
2024,70801,rural,23,hombre,9,43,20.930232558139537
2024,70801,rural,23,mujer,6,28,21.428571428571427
2024,70801,rural,24,hombre,15,41,36.58536585365854
2024,70801,rural,24,mujer,8,34,23.529411764705884
2024,70801,rural,25,hombre,4,40,10.0
2024,70801,rural,25,mujer,7,25,28.0
2024,70801,rural,26,hombre,10,49,20.408163265306122
2024,70801,rural,26,mujer,2,27,7.407407407407407
2024,70801,rural,27,hombre,3,37,8.108108108108109
2024,70801,rural,27,mujer,11,57,19.29824561403509
2024,70801,rural,28,hombre,5,46,10.869565217391305
2024,70801,rural,28,mujer,2,29,6.896551724137931
2024,70801,urbana,16,hombre,83,96,86.45833333333333
2024,70801,urbana,16,mujer,76,86,88.37209302325581
2024,70801,urbana,17,hombre,77,87,88.50574712643679
2024,70801,urbana,17,mujer,63,71,88.73239436619718
2024,70801,urbana,18,hombre,78,95,82.10526315789474
2024,70801,urbana,18,mujer,77,88,87.5
2024,70801,urbana,19,hombre,61,76,80.26315789473684
2024,70801,urbana,19,mujer,60,67,89.55223880597015
2024,70801,urbana,20,hombre,69,82,84.14634146341463
2024,70801,urbana,20,mujer,77,92,83.69565217391305
2024,70801,urbana,21,hombre,72,77,93.50649350649351
2024,70801,urbana,21,mujer,98,108,90.74074074074075
2024,70801,urbana,22,hombre,62,73,84.93150684931507
2024,70801,urbana,22,mujer,71,88,80.68181818181819
2024,70801,urbana,23,hombre,84,99,84.84848484848484
2024,70801,urbana,23,mujer,77,89,86.51685393258427
2024,70801,urbana,24,hombre,72,89,80.89887640449439
2024,70801,urbana,24,mujer,83,94,88.29787234042553
2024,70801,urbana,25,hombre,82,93,88.17204301075269
2024,70801,urbana,25,mujer,81,97,83.50515463917526
2024,70801,urbana,26,hombre,59,72,81.94444444444444
2024,70801,urbana,26,mujer,80,92,86.95652173913044
2024,70801,urbana,27,hombre,80,87,91.95402298850574
2024,70801,urbana,27,mujer,90,102,88.23529411764706
2024,70801,urbana,28,hombre,57,68,83.82352941176471
2024,70801,urbana,28,mujer,57,67,85.07462686567165
2024,70802,rural,16,hombre,8,14,57.142857142857146
2024,70802,rural,16,mujer,5,21,23.80952380952381
2024,70802,rural,17,hombre,4,12,33.333333333333336
2024,70802,rural,17,mujer,4,12,33.333333333333336
2024,70802,rural,18,hombre,3,12,25.0
2024,70802,rural,18,mujer,6,15,40.0
2024,70802,rural,19,hombre,10,21,47.61904761904762
2024,70802,rural,19,mujer,3,11,27.272727272727273
2024,70802,rural,20,hombre,3,11,27.272727272727273
2024,70802,rural,20,mujer,1,13,7.6923076923076925
2024,70802,rural,21,hombre,5,11,45.45454545454545
2024,70802,rural,21,mujer,4,11,36.36363636363637
2024,70802,rural,22,hombre,8,15,53.333333333333336
2024,70802,rural,22,mujer,6,18,33.333333333333336
2024,70802,rural,23,hombre,6,20,30.0
2024,70802,rural,23,mujer,3,16,18.75
2024,70802,rural,24,hombre,3,14,21.428571428571427
2024,70802,rural,24,mujer,6,17,35.294117647058826
2024,70802,rural,25,hombre,7,14,50.0
2024,70802,rural,25,mujer,8,18,44.44444444444444
2024,70802,rural,26,hombre,6,20,30.0
2024,70802,rural,26,mujer,7,21,33.333333333333336
2024,70802,rural,27,hombre,6,25,24.0
2024,70802,rural,27,mujer,3,15,20.0
2024,70802,rural,28,hombre,1,11,9.090909090909092
2024,70802,rural,28,mujer,9,18,50.0
2024,70803,rural,16,hombre,8,19,42.10526315789474
2024,70803,rural,16,mujer,6,17,35.294117647058826
2024,70803,rural,17,hombre,8,24,33.333333333333336
2024,70803,rural,17,mujer,7,23,30.434782608695652
2024,70803,rural,18,hombre,8,19,42.10526315789474
2024,70803,rural,18,mujer,11,22,50.0
2024,70803,rural,19,hombre,5,14,35.714285714285715
2024,70803,rural,19,mujer,2,11,18.181818181818183
2024,70803,rural,20,hombre,9,18,50.0
2024,70803,rural,20,mujer,5,17,29.41176470588235
2024,70803,rural,21,hombre,2,17,11.764705882352942
2024,70803,rural,21,mujer,5,14,35.714285714285715
2024,70803,rural,22,hombre,5,22,22.727272727272727
2024,70803,rural,22,mujer,4,18,22.22222222222222
2024,70803,rural,23,hombre,7,21,33.333333333333336
2024,70803,rural,23,mujer,9,33,27.272727272727273
2024,70803,rural,24,hombre,8,20,40.0
2024,70803,rural,24,mujer,4,16,25.0
2024,70803,rural,25,hombre,9,23,39.130434782608695
2024,70803,rural,25,mujer,5,21,23.80952380952381
2024,70803,rural,26,hombre,6,22,27.272727272727273
2024,70803,rural,26,mujer,7,20,35.0
2024,70803,rural,27,hombre,10,26,38.46153846153846
2024,70803,rural,27,mujer,9,28,32.142857142857146
2024,70803,rural,28,hombre,9,16,56.25
2024,70803,rural,28,mujer,6,13,46.15384615384615
2024,70804,rural,16,hombre,7,14,50.0
2024,70804,rural,16,mujer,6,8,75.0
2024,70804,rural,17,hombre,7,14,50.0
2024,70804,rural,17,mujer,6,8,75.0
2024,70804,rural,18,hombre,8,17,47.05882352941177
2024,70804,rural,18,mujer,4,7,57.142857142857146
2024,70804,rural,19,hombre,4,7,57.142857142857146
2024,70804,rural,19,mujer,5,9,55.55555555555556
2024,70804,rural,20,hombre,10,18,55.55555555555556
2024,70804,rural,20,mujer,4,7,57.142857142857146
2024,70804,rural,21,hombre,2,9,22.22222222222222
2024,70804,rural,21,mujer,3,8,37.5
2024,70804,rural,22,hombre,6,16,37.5
2024,70804,rural,22,mujer,2,9,22.22222222222222
2024,70804,rural,23,hombre,3,11,27.272727272727273
2024,70804,rural,23,mujer,6,18,33.333333333333336
2024,70804,rural,24,hombre,6,13,46.15384615384615
2024,70804,rural,24,mujer,9,17,52.94117647058823
2024,70804,rural,25,hombre,8,20,40.0
2024,70804,rural,25,mujer,5,8,62.5
2024,70804,rural,26,hombre,5,11,45.45454545454545
2024,70804,rural,26,mujer,5,11,45.45454545454545
2024,70804,rural,27,hombre,2,12,16.666666666666668
2024,70804,rural,27,mujer,5,7,71.42857142857143
2024,70804,rural,28,hombre,9,16,56.25
2024,70804,rural,28,mujer,3,5,60.0
2024,70805,rural,16,hombre,8,12,66.66666666666667
2024,70805,rural,16,mujer,4,6,66.66666666666667
2024,70805,rural,17,hombre,9,16,56.25
2024,70805,rural,17,mujer,6,12,50.0
2024,70805,rural,18,hombre,5,12,41.666666666666664
2024,70805,rural,18,mujer,0,2,0.0
2024,70805,rural,19,hombre,8,13,61.53846153846154
2024,70805,rural,19,mujer,2,7,28.571428571428573
2024,70805,rural,20,hombre,8,13,61.53846153846154
2024,70805,rural,20,mujer,4,8,50.0
2024,70805,rural,21,hombre,6,10,60.0
2024,70805,rural,21,mujer,3,9,33.333333333333336
2024,70805,rural,22,hombre,8,17,47.05882352941177
2024,70805,rural,22,mujer,7,7,100.0
2024,70805,rural,23,hombre,9,18,50.0
2024,70805,rural,23,mujer,8,10,80.0
2024,70805,rural,24,hombre,10,20,50.0
2024,70805,rural,24,mujer,4,13,30.76923076923077
2024,70805,rural,25,hombre,8,19,42.10526315789474
2024,70805,rural,25,mujer,4,9,44.44444444444444
2024,70805,rural,26,hombre,6,11,54.54545454545455
2024,70805,rural,26,mujer,5,14,35.714285714285715
2024,70805,rural,27,hombre,6,14,42.857142857142854
2024,70805,rural,27,mujer,6,11,54.54545454545455
2024,70805,rural,28,hombre,6,15,40.0
2024,70805,rural,28,mujer,8,17,47.05882352941177
2024,70901,rural,16,hombre,5,54,9.25925925925926
2024,70901,rural,16,mujer,6,39,15.384615384615385
2024,70901,rural,17,hombre,14,69,20.28985507246377
2024,70901,rural,17,mujer,8,54,14.814814814814815
2024,70901,rural,18,hombre,7,41,17.073170731707318
2024,70901,rural,18,mujer,1,27,3.7037037037037037
2024,70901,rural,19,hombre,6,45,13.333333333333334
2024,70901,rural,19,mujer,10,37,27.027027027027028
2024,70901,rural,20,hombre,9,42,21.428571428571427
2024,70901,rural,20,mujer,10,40,25.0
2024,70901,rural,21,hombre,9,46,19.565217391304348
2024,70901,rural,21,mujer,3,34,8.823529411764707
2024,70901,rural,22,hombre,8,46,17.391304347826086
2024,70901,rural,22,mujer,3,37,8.108108108108109
2024,70901,rural,23,hombre,11,46,23.91304347826087
2024,70901,rural,23,mujer,5,45,11.11111111111111
2024,70901,rural,24,hombre,6,44,13.636363636363637
2024,70901,rural,24,mujer,4,37,10.81081081081081
2024,70901,rural,25,hombre,3,41,7.317073170731708
2024,70901,rural,25,mujer,4,42,9.523809523809524
2024,70901,rural,26,hombre,7,57,12.280701754385966
2024,70901,rural,26,mujer,7,44,15.909090909090908
2024,70901,rural,27,hombre,10,48,20.833333333333332
2024,70901,rural,27,mujer,6,41,14.634146341463415
2024,70901,rural,28,hombre,3,41,7.317073170731708
2024,70901,rural,28,mujer,5,38,13.157894736842104
2024,70901,urbana,16,hombre,27,48,56.25
2024,70901,urbana,16,mujer,31,45,68.88888888888889
2024,70901,urbana,17,hombre,33,53,62.264150943396224
2024,70901,urbana,17,mujer,28,40,70.0
2024,70901,urbana,18,hombre,25,39,64.1025641025641
2024,70901,urbana,18,mujer,23,40,57.5
2024,70901,urbana,19,hombre,27,40,67.5
2024,70901,urbana,19,mujer,24,35,68.57142857142857
2024,70901,urbana,20,hombre,32,43,74.4186046511628
2024,70901,urbana,20,mujer,19,32,59.375
2024,70901,urbana,21,hombre,30,47,63.829787234042556
2024,70901,urbana,21,mujer,23,32,71.875
2024,70901,urbana,22,hombre,18,33,54.54545454545455
2024,70901,urbana,22,mujer,23,41,56.09756097560975
2024,70901,urbana,23,hombre,19,33,57.57575757575758
2024,70901,urbana,23,mujer,23,44,52.27272727272727
2024,70901,urbana,24,hombre,23,36,63.888888888888886
2024,70901,urbana,24,mujer,30,43,69.76744186046511
2024,70901,urbana,25,hombre,17,33,51.515151515151516
2024,70901,urbana,25,mujer,43,55,78.18181818181819
2024,70901,urbana,26,hombre,22,35,62.857142857142854
2024,70901,urbana,26,mujer,22,40,55.0
2024,70901,urbana,27,hombre,22,41,53.65853658536585
2024,70901,urbana,27,mujer,22,43,51.16279069767442
2024,70901,urbana,28,hombre,27,43,62.7906976744186
2024,70901,urbana,28,mujer,35,53,66.0377358490566
2024,70902,rural,16,hombre,4,44,9.090909090909092
2024,70902,rural,16,mujer,5,65,7.6923076923076925
2024,70902,rural,17,hombre,6,54,11.11111111111111
2024,70902,rural,17,mujer,2,40,5.0
2024,70902,rural,18,hombre,4,51,7.8431372549019605
2024,70902,rural,18,mujer,7,38,18.42105263157895
2024,70902,rural,19,hombre,5,31,16.129032258064516
2024,70902,rural,19,mujer,1,31,3.225806451612903
2024,70902,rural,20,hombre,3,46,6.521739130434782
2024,70902,rural,20,mujer,3,33,9.090909090909092
2024,70902,rural,21,hombre,5,34,14.705882352941176
2024,70902,rural,21,mujer,1,43,2.3255813953488373
2024,70902,rural,22,hombre,4,41,9.75609756097561
2024,70902,rural,22,mujer,0,37,0.0
2024,70902,rural,23,hombre,3,51,5.882352941176471
2024,70902,rural,23,mujer,4,44,9.090909090909092
2024,70902,rural,24,hombre,4,53,7.547169811320755
2024,70902,rural,24,mujer,5,40,12.5
2024,70902,rural,25,hombre,6,48,12.5
2024,70902,rural,25,mujer,5,36,13.88888888888889
2024,70902,rural,26,hombre,1,43,2.3255813953488373
2024,70902,rural,26,mujer,5,57,8.771929824561404
2024,70902,rural,27,hombre,4,46,8.695652173913043
2024,70902,rural,27,mujer,2,40,5.0
2024,70902,rural,28,hombre,2,37,5.405405405405405
2024,70902,rural,28,mujer,6,41,14.634146341463415
2024,70902,urbana,16,hombre,28,43,65.11627906976744
2024,70902,urbana,16,mujer,24,43,55.81395348837209
2024,70902,urbana,17,hombre,29,45,64.44444444444444
2024,70902,urbana,17,mujer,25,37,67.56756756756756
2024,70902,urbana,18,hombre,20,30,66.66666666666667
2024,70902,urbana,18,mujer,20,30,66.66666666666667
2024,70902,urbana,19,hombre,19,26,73.07692307692308
2024,70902,urbana,19,mujer,12,26,46.15384615384615
2024,70902,urbana,20,hombre,16,34,47.05882352941177
2024,70902,urbana,20,mujer,17,26,65.38461538461539
2024,70902,urbana,21,hombre,16,23,69.56521739130434
2024,70902,urbana,21,mujer,25,38,65.78947368421052
2024,70902,urbana,22,hombre,23,32,71.875
2024,70902,urbana,22,mujer,19,31,61.29032258064516
2024,70902,urbana,23,hombre,20,28,71.42857142857143
2024,70902,urbana,23,mujer,27,36,75.0
2024,70902,urbana,24,hombre,23,32,71.875
2024,70902,urbana,24,mujer,26,35,74.28571428571429
2024,70902,urbana,25,hombre,25,36,69.44444444444444
2024,70902,urbana,25,mujer,21,34,61.76470588235294
2024,70902,urbana,26,hombre,15,30,50.0
2024,70902,urbana,26,mujer,10,19,52.63157894736842
2024,70902,urbana,27,hombre,21,31,67.74193548387096
2024,70902,urbana,27,mujer,22,33,66.66666666666667
2024,70902,urbana,28,hombre,20,26,76.92307692307692
2024,70902,urbana,28,mujer,19,25,76.0
2024,70903,rural,16,hombre,1,35,2.857142857142857
2024,70903,rural,16,mujer,5,45,11.11111111111111
2024,70903,rural,17,hombre,7,67,10.447761194029852
2024,70903,rural,17,mujer,4,57,7.017543859649122
2024,70903,rural,18,hombre,4,35,11.428571428571429
2024,70903,rural,18,mujer,2,34,5.882352941176471
2024,70903,rural,19,hombre,4,34,11.764705882352942
2024,70903,rural,19,mujer,6,41,14.634146341463415
2024,70903,rural,20,hombre,5,41,12.195121951219512
2024,70903,rural,20,mujer,5,32,15.625
2024,70903,rural,21,hombre,1,38,2.6315789473684212
2024,70903,rural,21,mujer,0,28,0.0
2024,70903,rural,22,hombre,2,43,4.651162790697675
2024,70903,rural,22,mujer,5,33,15.151515151515152
2024,70903,rural,23,hombre,4,36,11.11111111111111
2024,70903,rural,23,mujer,1,38,2.6315789473684212
2024,70903,rural,24,hombre,2,40,5.0
2024,70903,rural,24,mujer,2,41,4.878048780487805
2024,70903,rural,25,hombre,3,49,6.122448979591836
2024,70903,rural,25,mujer,2,46,4.3478260869565215
2024,70903,rural,26,hombre,2,61,3.278688524590164
2024,70903,rural,26,mujer,7,39,17.94871794871795
2024,70903,rural,27,hombre,5,46,10.869565217391305
2024,70903,rural,27,mujer,7,42,16.666666666666668
2024,70903,rural,28,hombre,5,47,10.638297872340425
2024,70903,rural,28,mujer,8,43,18.6046511627907
2024,70903,urbana,16,hombre,34,85,40.0
2024,70903,urbana,16,mujer,29,71,40.84507042253521
2024,70903,urbana,17,hombre,34,84,40.476190476190474
2024,70903,urbana,17,mujer,24,65,36.92307692307692
2024,70903,urbana,18,hombre,20,61,32.78688524590164
2024,70903,urbana,18,mujer,29,74,39.189189189189186
2024,70903,urbana,19,hombre,20,57,35.08771929824562
2024,70903,urbana,19,mujer,20,63,31.746031746031747
2024,70903,urbana,20,hombre,20,60,33.333333333333336
2024,70903,urbana,20,mujer,22,58,37.93103448275862
2024,70903,urbana,21,hombre,27,71,38.028169014084504
2024,70903,urbana,21,mujer,30,66,45.45454545454545
2024,70903,urbana,22,hombre,23,60,38.333333333333336
2024,70903,urbana,22,mujer,19,59,32.20338983050848
2024,70903,urbana,23,hombre,29,79,36.70886075949367
2024,70903,urbana,23,mujer,29,71,40.84507042253521
2024,70903,urbana,24,hombre,31,72,43.05555555555556
2024,70903,urbana,24,mujer,23,72,31.944444444444443
2024,70903,urbana,25,hombre,27,71,38.028169014084504
2024,70903,urbana,25,mujer,24,63,38.095238095238095
2024,70903,urbana,26,hombre,31,69,44.927536231884055
2024,70903,urbana,26,mujer,24,61,39.34426229508197
2024,70903,urbana,27,hombre,31,69,44.927536231884055
2024,70903,urbana,27,mujer,40,84,47.61904761904762
2024,70903,urbana,28,hombre,28,58,48.275862068965516
2024,70903,urbana,28,mujer,27,63,42.857142857142854
2024,70904,rural,16,hombre,4,18,22.22222222222222
2024,70904,rural,16,mujer,3,21,14.285714285714286
2024,70904,rural,17,hombre,1,16,6.25
2024,70904,rural,17,mujer,0,14,0.0
2024,70904,rural,18,hombre,3,18,16.666666666666668
2024,70904,rural,18,mujer,4,15,26.666666666666668
2024,70904,rural,19,hombre,3,25,12.0
2024,70904,rural,19,mujer,1,23,4.3478260869565215
2024,70904,rural,20,hombre,7,24,29.166666666666668
2024,70904,rural,20,mujer,2,21,9.523809523809524
2024,70904,rural,21,hombre,1,19,5.2631578947368425
2024,70904,rural,21,mujer,1,15,6.666666666666667
2024,70904,rural,22,hombre,7,24,29.166666666666668
2024,70904,rural,22,mujer,2,17,11.764705882352942
2024,70904,rural,23,hombre,8,30,26.666666666666668
2024,70904,rural,23,mujer,2,25,8.0
2024,70904,rural,24,hombre,1,28,3.5714285714285716
2024,70904,rural,24,mujer,8,41,19.51219512195122
2024,70904,rural,25,hombre,0,22,0.0
2024,70904,rural,25,mujer,4,31,12.903225806451612
2024,70904,rural,26,hombre,5,26,19.23076923076923
2024,70904,rural,26,mujer,2,25,8.0
2024,70904,rural,27,hombre,3,29,10.344827586206897
2024,70904,rural,27,mujer,6,26,23.076923076923077
2024,70904,rural,28,hombre,4,26,15.384615384615385
2024,70904,rural,28,mujer,10,37,27.027027027027028
2024,71001,rural,16,hombre,3,5,60.0
2024,71001,rural,16,mujer,2,4,50.0
2024,71001,rural,17,hombre,4,13,30.76923076923077
2024,71001,rural,17,mujer,2,8,25.0
2024,71001,rural,18,hombre,2,5,40.0
2024,71001,rural,18,mujer,3,7,42.857142857142854
2024,71001,rural,19,hombre,5,12,41.666666666666664
2024,71001,rural,19,mujer,6,10,60.0
2024,71001,rural,20,hombre,0,3,0.0
2024,71001,rural,20,mujer,3,7,42.857142857142854
2024,71001,rural,21,hombre,1,6,16.666666666666668
2024,71001,rural,21,mujer,0,4,0.0
2024,71001,rural,22,hombre,2,8,25.0
2024,71001,rural,22,mujer,3,9,33.333333333333336
2024,71001,rural,23,hombre,3,8,37.5
2024,71001,rural,23,mujer,2,6,33.333333333333336
2024,71001,rural,24,hombre,3,4,75.0
2024,71001,rural,24,mujer,4,8,50.0
2024,71001,rural,25,hombre,2,5,40.0
2024,71001,rural,25,mujer,3,5,60.0
2024,71001,rural,26,hombre,4,12,33.333333333333336
2024,71001,rural,26,mujer,1,3,33.333333333333336
2024,71001,rural,27,hombre,3,7,42.857142857142854
2024,71001,rural,27,mujer,7,9,77.77777777777777
2024,71001,rural,28,hombre,2,4,50.0
2024,71001,rural,28,mujer,5,8,62.5
2024,71001,urbana,16,hombre,700,1114,62.83662477558348
2024,71001,urbana,16,mujer,717,1130,63.45132743362832
2024,71001,urbana,17,hombre,727,1147,63.38273757628596
2024,71001,urbana,17,mujer,687,1170,58.717948717948715
2024,71001,urbana,18,hombre,679,1070,63.45794392523364
2024,71001,urbana,18,mujer,693,1098,63.114754098360656
2024,71001,urbana,19,hombre,652,1036,62.93436293436294
2024,71001,urbana,19,mujer,688,1087,63.29346826126955
2024,71001,urbana,20,hombre,654,1039,62.9451395572666
2024,71001,urbana,20,mujer,693,1100,63.0
2024,71001,urbana,21,hombre,655,1007,65.04468718967229
2024,71001,urbana,21,mujer,737,1140,64.64912280701755
2024,71001,urbana,22,hombre,646,1034,62.475822050290134
2024,71001,urbana,22,mujer,730,1192,61.241610738255034
2024,71001,urbana,23,hombre,724,1127,64.24134871339841
2024,71001,urbana,23,mujer,716,1124,63.70106761565836
2024,71001,urbana,24,hombre,751,1145,65.58951965065502
2024,71001,urbana,24,mujer,756,1195,63.26359832635983
2024,71001,urbana,25,hombre,706,1074,65.73556797020484
2024,71001,urbana,25,mujer,775,1182,65.5668358714044
2024,71001,urbana,26,hombre,665,1040,63.94230769230769
2024,71001,urbana,26,mujer,802,1182,67.85109983079526
2024,71001,urbana,27,hombre,707,1085,65.16129032258064
2024,71001,urbana,27,mujer,743,1165,63.776824034334766
2024,71001,urbana,28,hombre,689,1067,64.57357075913777
2024,71001,urbana,28,mujer,766,1150,66.6086956521739
2024,71002,rural,16,hombre,21,77,27.272727272727273
2024,71002,rural,16,mujer,22,93,23.655913978494624
2024,71002,rural,17,hombre,26,101,25.742574257425744
2024,71002,rural,17,mujer,30,91,32.967032967032964
2024,71002,rural,18,hombre,19,77,24.675324675324674
2024,71002,rural,18,mujer,17,65,26.153846153846153
2024,71002,rural,19,hombre,15,81,18.51851851851852
2024,71002,rural,19,mujer,18,57,31.57894736842105
2024,71002,rural,20,hombre,24,86,27.906976744186046
2024,71002,rural,20,mujer,31,79,39.24050632911393
2024,71002,rural,21,hombre,28,87,32.18390804597701
2024,71002,rural,21,mujer,27,73,36.986301369863014
2024,71002,rural,22,hombre,25,83,30.120481927710845
2024,71002,rural,22,mujer,18,69,26.08695652173913
2024,71002,rural,23,hombre,22,78,28.205128205128204
2024,71002,rural,23,mujer,26,86,30.232558139534884
2024,71002,rural,24,hombre,25,94,26.595744680851062
2024,71002,rural,24,mujer,19,87,21.839080459770116
2024,71002,rural,25,hombre,20,76,26.31578947368421
2024,71002,rural,25,mujer,27,82,32.926829268292686
2024,71002,rural,26,hombre,27,75,36.0
2024,71002,rural,26,mujer,16,79,20.253164556962027
2024,71002,rural,27,hombre,19,80,23.75
2024,71002,rural,27,mujer,15,73,20.54794520547945
2024,71002,rural,28,hombre,13,57,22.80701754385965
2024,71002,rural,28,mujer,16,75,21.333333333333332
2024,71002,urbana,16,hombre,34,72,47.22222222222222
2024,71002,urbana,16,mujer,40,77,51.94805194805195
2024,71002,urbana,17,hombre,33,77,42.857142857142854
2024,71002,urbana,17,mujer,37,89,41.57303370786517
2024,71002,urbana,18,hombre,31,53,58.490566037735846
2024,71002,urbana,18,mujer,41,68,60.294117647058826
2024,71002,urbana,19,hombre,27,59,45.76271186440678
2024,71002,urbana,19,mujer,31,65,47.69230769230769
2024,71002,urbana,20,hombre,29,62,46.774193548387096
2024,71002,urbana,20,mujer,36,64,56.25
2024,71002,urbana,21,hombre,17,47,36.170212765957444
2024,71002,urbana,21,mujer,25,68,36.76470588235294
2024,71002,urbana,22,hombre,38,79,48.10126582278481
2024,71002,urbana,22,mujer,52,91,57.142857142857146
2024,71002,urbana,23,hombre,43,78,55.12820512820513
2024,71002,urbana,23,mujer,41,76,53.94736842105263
2024,71002,urbana,24,hombre,40,86,46.51162790697674
2024,71002,urbana,24,mujer,30,68,44.11764705882353
2024,71002,urbana,25,hombre,49,80,61.25
2024,71002,urbana,25,mujer,32,74,43.24324324324324
2024,71002,urbana,26,hombre,35,75,46.666666666666664
2024,71002,urbana,26,mujer,25,71,35.2112676056338
2024,71002,urbana,27,hombre,32,71,45.070422535211264
2024,71002,urbana,27,mujer,46,92,50.0
2024,71002,urbana,28,hombre,29,66,43.93939393939394
2024,71002,urbana,28,mujer,27,76,35.526315789473685
2024,71003,rural,16,hombre,10,42,23.80952380952381
2024,71003,rural,16,mujer,15,55,27.272727272727273
2024,71003,rural,17,hombre,13,47,27.659574468085108
2024,71003,rural,17,mujer,10,52,19.23076923076923
2024,71003,rural,18,hombre,14,41,34.146341463414636
2024,71003,rural,18,mujer,8,36,22.22222222222222
2024,71003,rural,19,hombre,7,44,15.909090909090908
2024,71003,rural,19,mujer,5,41,12.195121951219512
2024,71003,rural,20,hombre,7,38,18.42105263157895
2024,71003,rural,20,mujer,11,34,32.35294117647059
2024,71003,rural,21,hombre,8,38,21.05263157894737
2024,71003,rural,21,mujer,7,38,18.42105263157895
2024,71003,rural,22,hombre,5,36,13.88888888888889
2024,71003,rural,22,mujer,8,36,22.22222222222222
2024,71003,rural,23,hombre,3,23,13.043478260869565
2024,71003,rural,23,mujer,5,35,14.285714285714286
2024,71003,rural,24,hombre,7,39,17.94871794871795
2024,71003,rural,24,mujer,8,34,23.529411764705884
2024,71003,rural,25,hombre,4,32,12.5
2024,71003,rural,25,mujer,3,29,10.344827586206897
2024,71003,rural,26,hombre,7,37,18.91891891891892
2024,71003,rural,26,mujer,7,27,25.925925925925927
2024,71003,rural,27,hombre,10,38,26.31578947368421
2024,71003,rural,27,mujer,7,28,25.0
2024,71003,rural,28,hombre,7,36,19.444444444444443
2024,71003,rural,28,mujer,11,23,47.82608695652174
2024,71003,urbana,16,hombre,141,195,72.3076923076923
2024,71003,urbana,16,mujer,122,182,67.03296703296704
2024,71003,urbana,17,hombre,148,216,68.51851851851852
2024,71003,urbana,17,mujer,126,193,65.28497409326425
2024,71003,urbana,18,hombre,120,173,69.36416184971098
2024,71003,urbana,18,mujer,117,151,77.48344370860927
2024,71003,urbana,19,hombre,111,162,68.51851851851852
2024,71003,urbana,19,mujer,98,148,66.21621621621621
2024,71003,urbana,20,hombre,111,157,70.70063694267516
2024,71003,urbana,20,mujer,122,168,72.61904761904762
2024,71003,urbana,21,hombre,101,140,72.14285714285714
2024,71003,urbana,21,mujer,102,154,66.23376623376623
2024,71003,urbana,22,hombre,113,156,72.43589743589743
2024,71003,urbana,22,mujer,96,143,67.13286713286713
2024,71003,urbana,23,hombre,110,161,68.32298136645963
2024,71003,urbana,23,mujer,102,153,66.66666666666667
2024,71003,urbana,24,hombre,111,163,68.09815950920246
2024,71003,urbana,24,mujer,127,175,72.57142857142857
2024,71003,urbana,25,hombre,108,149,72.48322147651007
2024,71003,urbana,25,mujer,120,164,73.17073170731707
2024,71003,urbana,26,hombre,120,160,75.0
2024,71003,urbana,26,mujer,118,167,70.65868263473054
2024,71003,urbana,27,hombre,105,147,71.42857142857143
2024,71003,urbana,27,mujer,114,159,71.69811320754717
2024,71003,urbana,28,hombre,96,140,68.57142857142857
2024,71003,urbana,28,mujer,127,184,69.02173913043478
2024,71004,rural,16,hombre,7,26,26.923076923076923
2024,71004,rural,16,mujer,0,11,0.0
2024,71004,rural,17,hombre,4,27,14.814814814814815
2024,71004,rural,17,mujer,5,16,31.25
2024,71004,rural,18,hombre,3,14,21.428571428571427
2024,71004,rural,18,mujer,7,11,63.63636363636363
2024,71004,rural,19,hombre,4,30,13.333333333333334
2024,71004,rural,19,mujer,1,12,8.333333333333334
2024,71004,rural,20,hombre,1,13,7.6923076923076925
2024,71004,rural,20,mujer,1,18,5.555555555555555
2024,71004,rural,21,hombre,4,23,17.391304347826086
2024,71004,rural,21,mujer,2,15,13.333333333333334
2024,71004,rural,22,hombre,3,22,13.636363636363637
2024,71004,rural,22,mujer,1,21,4.761904761904762
2024,71004,rural,23,hombre,4,22,18.181818181818183
2024,71004,rural,23,mujer,3,17,17.647058823529413
2024,71004,rural,24,hombre,2,19,10.526315789473685
2024,71004,rural,24,mujer,1,14,7.142857142857143
2024,71004,rural,25,hombre,2,24,8.333333333333334
2024,71004,rural,25,mujer,5,14,35.714285714285715
2024,71004,rural,26,hombre,3,17,17.647058823529413
2024,71004,rural,26,mujer,1,17,5.882352941176471
2024,71004,rural,27,hombre,2,13,15.384615384615385
2024,71004,rural,27,mujer,4,14,28.571428571428573
2024,71004,rural,28,hombre,6,29,20.689655172413794
2024,71004,rural,28,mujer,3,16,18.75
2024,71004,urbana,16,hombre,61,118,51.69491525423729
2024,71004,urbana,16,mujer,43,100,43.0
2024,71004,urbana,17,hombre,85,147,57.82312925170068
2024,71004,urbana,17,mujer,51,107,47.66355140186916
2024,71004,urbana,18,hombre,50,111,45.04504504504504
2024,71004,urbana,18,mujer,53,102,51.96078431372549
2024,71004,urbana,19,hombre,49,89,55.056179775280896
2024,71004,urbana,19,mujer,61,108,56.48148148148148
2024,71004,urbana,20,hombre,48,98,48.97959183673469
2024,71004,urbana,20,mujer,42,83,50.602409638554214
2024,71004,urbana,21,hombre,48,84,57.142857142857146
2024,71004,urbana,21,mujer,43,84,51.19047619047619
2024,71004,urbana,22,hombre,59,100,59.0
2024,71004,urbana,22,mujer,54,102,52.94117647058823
2024,71004,urbana,23,hombre,52,88,59.09090909090909
2024,71004,urbana,23,mujer,45,87,51.724137931034484
2024,71004,urbana,24,hombre,55,113,48.67256637168141
2024,71004,urbana,24,mujer,54,96,56.25
2024,71004,urbana,25,hombre,49,102,48.03921568627451
2024,71004,urbana,25,mujer,35,82,42.68292682926829
2024,71004,urbana,26,hombre,46,82,56.09756097560975
2024,71004,urbana,26,mujer,64,107,59.81308411214953
2024,71004,urbana,27,hombre,43,88,48.86363636363637
2024,71004,urbana,27,mujer,50,95,52.63157894736842
2024,71004,urbana,28,hombre,43,89,48.31460674157304
2024,71004,urbana,28,mujer,57,126,45.23809523809524
2024,71005,rural,16,hombre,13,62,20.967741935483872
2024,71005,rural,16,mujer,10,41,24.390243902439025
2024,71005,rural,17,hombre,20,64,31.25
2024,71005,rural,17,mujer,14,45,31.11111111111111
2024,71005,rural,18,hombre,15,51,29.41176470588235
2024,71005,rural,18,mujer,12,49,24.489795918367346
2024,71005,rural,19,hombre,10,46,21.73913043478261
2024,71005,rural,19,mujer,13,50,26.0
2024,71005,rural,20,hombre,15,44,34.09090909090909
2024,71005,rural,20,mujer,9,46,19.565217391304348
2024,71005,rural,21,hombre,9,53,16.9811320754717
2024,71005,rural,21,mujer,16,45,35.55555555555556
2024,71005,rural,22,hombre,14,60,23.333333333333332
2024,71005,rural,22,mujer,17,54,31.48148148148148
2024,71005,rural,23,hombre,14,56,25.0
2024,71005,rural,23,mujer,10,41,24.390243902439025
2024,71005,rural,24,hombre,14,56,25.0
2024,71005,rural,24,mujer,14,52,26.923076923076923
2024,71005,rural,25,hombre,7,35,20.0
2024,71005,rural,25,mujer,11,39,28.205128205128204
2024,71005,rural,26,hombre,10,43,23.25581395348837
2024,71005,rural,26,mujer,17,46,36.95652173913044
2024,71005,rural,27,hombre,17,54,31.48148148148148
2024,71005,rural,27,mujer,21,41,51.21951219512195
2024,71005,rural,28,hombre,11,47,23.404255319148938
2024,71005,rural,28,mujer,11,36,30.555555555555557
2024,71005,urbana,16,hombre,26,106,24.528301886792452
2024,71005,urbana,16,mujer,21,88,23.863636363636363
2024,71005,urbana,17,hombre,33,95,34.73684210526316
2024,71005,urbana,17,mujer,30,82,36.58536585365854
2024,71005,urbana,18,hombre,20,68,29.41176470588235
2024,71005,urbana,18,mujer,35,87,40.229885057471265
2024,71005,urbana,19,hombre,30,76,39.473684210526315
2024,71005,urbana,19,mujer,26,67,38.80597014925373
2024,71005,urbana,20,hombre,25,83,30.120481927710845
2024,71005,urbana,20,mujer,23,83,27.710843373493976
2024,71005,urbana,21,hombre,35,94,37.234042553191486
2024,71005,urbana,21,mujer,29,77,37.66233766233766
2024,71005,urbana,22,hombre,31,77,40.25974025974026
2024,71005,urbana,22,mujer,25,83,30.120481927710845
2024,71005,urbana,23,hombre,21,71,29.577464788732396
2024,71005,urbana,23,mujer,34,83,40.963855421686745
2024,71005,urbana,24,hombre,37,100,37.0
2024,71005,urbana,24,mujer,29,78,37.17948717948718
2024,71005,urbana,25,hombre,28,67,41.791044776119406
2024,71005,urbana,25,mujer,20,81,24.691358024691358
2024,71005,urbana,26,hombre,28,86,32.55813953488372
2024,71005,urbana,26,mujer,18,67,26.865671641791046
2024,71005,urbana,27,hombre,22,77,28.571428571428573
2024,71005,urbana,27,mujer,17,68,25.0
2024,71005,urbana,28,hombre,22,83,26.50602409638554
2024,71005,urbana,28,mujer,33,73,45.205479452054796
2024,71101,rural,16,hombre,10,110,9.090909090909092
2024,71101,rural,16,mujer,13,119,10.92436974789916
2024,71101,rural,17,hombre,16,126,12.698412698412698
2024,71101,rural,17,mujer,15,110,13.636363636363637
2024,71101,rural,18,hombre,17,114,14.912280701754385
2024,71101,rural,18,mujer,9,83,10.843373493975903
2024,71101,rural,19,hombre,12,117,10.256410256410257
2024,71101,rural,19,mujer,18,109,16.513761467889907
2024,71101,rural,20,hombre,11,125,8.8
2024,71101,rural,20,mujer,10,89,11.235955056179776
2024,71101,rural,21,hombre,18,142,12.67605633802817
2024,71101,rural,21,mujer,14,106,13.20754716981132
2024,71101,rural,22,hombre,17,142,11.971830985915492
2024,71101,rural,22,mujer,18,109,16.513761467889907
2024,71101,rural,23,hombre,22,164,13.414634146341463
2024,71101,rural,23,mujer,7,101,6.930693069306931
2024,71101,rural,24,hombre,23,161,14.285714285714286
2024,71101,rural,24,mujer,23,142,16.197183098591548
2024,71101,rural,25,hombre,12,140,8.571428571428571
2024,71101,rural,25,mujer,15,126,11.904761904761905
2024,71101,rural,26,hombre,17,171,9.941520467836257
2024,71101,rural,26,mujer,21,126,16.666666666666668
2024,71101,rural,27,hombre,20,165,12.121212121212121
2024,71101,rural,27,mujer,15,126,11.904761904761905
2024,71101,rural,28,hombre,20,150,13.333333333333334
2024,71101,rural,28,mujer,17,120,14.166666666666666
2024,71101,urbana,16,hombre,40,153,26.143790849673202
2024,71101,urbana,16,mujer,46,164,28.048780487804876
2024,71101,urbana,17,hombre,44,147,29.931972789115648
2024,71101,urbana,17,mujer,61,167,36.52694610778443
2024,71101,urbana,18,hombre,29,107,27.102803738317757
2024,71101,urbana,18,mujer,39,123,31.70731707317073
2024,71101,urbana,19,hombre,47,133,35.338345864661655
2024,71101,urbana,19,mujer,49,128,38.28125
2024,71101,urbana,20,hombre,35,112,31.25
2024,71101,urbana,20,mujer,40,131,30.53435114503817
2024,71101,urbana,21,hombre,34,135,25.185185185185187
2024,71101,urbana,21,mujer,41,136,30.147058823529413
2024,71101,urbana,22,hombre,40,136,29.41176470588235
2024,71101,urbana,22,mujer,44,135,32.592592592592595
2024,71101,urbana,23,hombre,48,142,33.80281690140845
2024,71101,urbana,23,mujer,53,170,31.176470588235293
2024,71101,urbana,24,hombre,43,164,26.21951219512195
2024,71101,urbana,24,mujer,53,158,33.54430379746835
2024,71101,urbana,25,hombre,46,126,36.507936507936506
2024,71101,urbana,25,mujer,47,144,32.638888888888886
2024,71101,urbana,26,hombre,42,123,34.146341463414636
2024,71101,urbana,26,mujer,43,127,33.85826771653543
2024,71101,urbana,27,hombre,32,134,23.880597014925375
2024,71101,urbana,27,mujer,52,140,37.142857142857146
2024,71101,urbana,28,hombre,42,124,33.87096774193548
2024,71101,urbana,28,mujer,41,131,31.297709923664122
2024,71102,rural,16,hombre,14,55,25.454545454545453
2024,71102,rural,16,mujer,8,52,15.384615384615385
2024,71102,rural,17,hombre,9,59,15.254237288135593
2024,71102,rural,17,mujer,16,58,27.586206896551722
2024,71102,rural,18,hombre,16,58,27.586206896551722
2024,71102,rural,18,mujer,13,50,26.0
2024,71102,rural,19,hombre,14,52,26.923076923076923
2024,71102,rural,19,mujer,7,30,23.333333333333332
2024,71102,rural,20,hombre,10,49,20.408163265306122
2024,71102,rural,20,mujer,18,52,34.61538461538461
2024,71102,rural,21,hombre,10,50,20.0
2024,71102,rural,21,mujer,14,50,28.0
2024,71102,rural,22,hombre,16,62,25.806451612903224
2024,71102,rural,22,mujer,11,55,20.0
2024,71102,rural,23,hombre,21,58,36.206896551724135
2024,71102,rural,23,mujer,17,65,26.153846153846153
2024,71102,rural,24,hombre,22,76,28.94736842105263
2024,71102,rural,24,mujer,10,56,17.857142857142858
2024,71102,rural,25,hombre,18,65,27.692307692307693
2024,71102,rural,25,mujer,9,42,21.428571428571427
2024,71102,rural,26,hombre,16,72,22.22222222222222
2024,71102,rural,26,mujer,21,70,30.0
2024,71102,rural,27,hombre,14,47,29.78723404255319
2024,71102,rural,27,mujer,15,49,30.612244897959183
2024,71102,rural,28,hombre,15,75,20.0
2024,71102,rural,28,mujer,18,64,28.125
2024,71102,urbana,16,hombre,37,99,37.37373737373738
2024,71102,urbana,16,mujer,40,81,49.382716049382715
2024,71102,urbana,17,hombre,28,74,37.83783783783784
2024,71102,urbana,17,mujer,26,85,30.58823529411765
2024,71102,urbana,18,hombre,26,67,38.80597014925373
2024,71102,urbana,18,mujer,33,72,45.833333333333336
2024,71102,urbana,19,hombre,27,49,55.10204081632653
2024,71102,urbana,19,mujer,34,67,50.74626865671642
2024,71102,urbana,20,hombre,29,57,50.87719298245614
2024,71102,urbana,20,mujer,25,57,43.85964912280702
2024,71102,urbana,21,hombre,32,65,49.23076923076923
2024,71102,urbana,21,mujer,22,61,36.0655737704918
2024,71102,urbana,22,hombre,25,67,37.3134328358209
2024,71102,urbana,22,mujer,32,75,42.666666666666664
2024,71102,urbana,23,hombre,26,64,40.625
2024,71102,urbana,23,mujer,26,68,38.23529411764706
2024,71102,urbana,24,hombre,24,70,34.285714285714285
2024,71102,urbana,24,mujer,34,81,41.97530864197531
2024,71102,urbana,25,hombre,24,49,48.97959183673469
2024,71102,urbana,25,mujer,23,64,35.9375
2024,71102,urbana,26,hombre,23,46,50.0
2024,71102,urbana,26,mujer,29,68,42.64705882352941
2024,71102,urbana,27,hombre,26,63,41.26984126984127
2024,71102,urbana,27,mujer,25,70,35.714285714285715
2024,71102,urbana,28,hombre,20,47,42.5531914893617
2024,71102,urbana,28,mujer,26,70,37.142857142857146
2024,71103,rural,16,hombre,29,184,15.76086956521739
2024,71103,rural,16,mujer,33,179,18.435754189944134
2024,71103,rural,17,hombre,25,171,14.619883040935672
2024,71103,rural,17,mujer,24,190,12.631578947368421
2024,71103,rural,18,hombre,25,145,17.24137931034483
2024,71103,rural,18,mujer,29,173,16.76300578034682
2024,71103,rural,19,hombre,22,144,15.277777777777779
2024,71103,rural,19,mujer,17,143,11.888111888111888
2024,71103,rural,20,hombre,26,165,15.757575757575758
2024,71103,rural,20,mujer,24,150,16.0
2024,71103,rural,21,hombre,16,161,9.937888198757763
2024,71103,rural,21,mujer,20,172,11.627906976744185
2024,71103,rural,22,hombre,33,160,20.625
2024,71103,rural,22,mujer,28,160,17.5
2024,71103,rural,23,hombre,29,191,15.18324607329843
2024,71103,rural,23,mujer,25,162,15.432098765432098
2024,71103,rural,24,hombre,29,195,14.871794871794872
2024,71103,rural,24,mujer,42,195,21.53846153846154
2024,71103,rural,25,hombre,22,154,14.285714285714286
2024,71103,rural,25,mujer,28,173,16.184971098265898
2024,71103,rural,26,hombre,25,188,13.297872340425531
2024,71103,rural,26,mujer,30,157,19.10828025477707
2024,71103,rural,27,hombre,32,167,19.161676646706585
2024,71103,rural,27,mujer,39,172,22.674418604651162
2024,71103,rural,28,hombre,16,148,10.81081081081081
2024,71103,rural,28,mujer,19,147,12.92517006802721
2024,71103,urbana,16,hombre,84,296,28.37837837837838
2024,71103,urbana,16,mujer,76,291,26.116838487972508
2024,71103,urbana,17,hombre,59,239,24.686192468619247
2024,71103,urbana,17,mujer,62,259,23.93822393822394
2024,71103,urbana,18,hombre,46,191,24.083769633507853
2024,71103,urbana,18,mujer,75,242,30.99173553719008
2024,71103,urbana,19,hombre,39,183,21.311475409836067
2024,71103,urbana,19,mujer,64,234,27.35042735042735
2024,71103,urbana,20,hombre,47,168,27.976190476190474
2024,71103,urbana,20,mujer,60,236,25.423728813559322
2024,71103,urbana,21,hombre,51,187,27.272727272727273
2024,71103,urbana,21,mujer,54,230,23.47826086956522
2024,71103,urbana,22,hombre,53,199,26.633165829145728
2024,71103,urbana,22,mujer,70,239,29.288702928870293
2024,71103,urbana,23,hombre,59,230,25.652173913043477
2024,71103,urbana,23,mujer,80,252,31.746031746031747
2024,71103,urbana,24,hombre,53,235,22.5531914893617
2024,71103,urbana,24,mujer,69,265,26.037735849056602
2024,71103,urbana,25,hombre,53,195,27.17948717948718
2024,71103,urbana,25,mujer,57,238,23.949579831932773
2024,71103,urbana,26,hombre,41,176,23.295454545454547
2024,71103,urbana,26,mujer,49,225,21.77777777777778
2024,71103,urbana,27,hombre,51,196,26.020408163265305
2024,71103,urbana,27,mujer,80,284,28.169014084507044
2024,71103,urbana,28,hombre,47,191,24.607329842931936
2024,71103,urbana,28,mujer,63,260,24.23076923076923
2024,71104,rural,16,hombre,11,64,17.1875
2024,71104,rural,16,mujer,17,66,25.757575757575758
2024,71104,rural,17,hombre,12,66,18.181818181818183
2024,71104,rural,17,mujer,13,77,16.883116883116884
2024,71104,rural,18,hombre,12,42,28.571428571428573
2024,71104,rural,18,mujer,15,56,26.785714285714285
2024,71104,rural,19,hombre,6,50,12.0
2024,71104,rural,19,mujer,8,52,15.384615384615385
2024,71104,rural,20,hombre,11,44,25.0
2024,71104,rural,20,mujer,7,39,17.94871794871795
2024,71104,rural,21,hombre,10,50,20.0
2024,71104,rural,21,mujer,10,32,31.25
2024,71104,rural,22,hombre,11,43,25.58139534883721
2024,71104,rural,22,mujer,8,55,14.545454545454545
2024,71104,rural,23,hombre,9,34,26.470588235294116
2024,71104,rural,23,mujer,13,53,24.528301886792452
2024,71104,rural,24,hombre,5,43,11.627906976744185
2024,71104,rural,24,mujer,8,56,14.285714285714286
2024,71104,rural,25,hombre,11,59,18.64406779661017
2024,71104,rural,25,mujer,8,56,14.285714285714286
2024,71104,rural,26,hombre,6,49,12.244897959183673
2024,71104,rural,26,mujer,7,47,14.893617021276595
2024,71104,rural,27,hombre,2,43,4.651162790697675
2024,71104,rural,27,mujer,14,56,25.0
2024,71104,rural,28,hombre,11,53,20.754716981132077
2024,71104,rural,28,mujer,7,32,21.875
2024,71105,rural,16,hombre,1,7,14.285714285714286
2024,71105,rural,16,mujer,1,8,12.5
2024,71105,rural,17,hombre,1,7,14.285714285714286
2024,71105,rural,17,mujer,3,10,30.0
2024,71105,rural,18,hombre,1,7,14.285714285714286
2024,71105,rural,18,mujer,0,3,0.0
2024,71105,rural,19,hombre,2,8,25.0
2024,71105,rural,19,mujer,0,4,0.0
2024,71105,rural,20,hombre,0,4,0.0
2024,71105,rural,20,mujer,1,4,25.0
2024,71105,rural,21,hombre,0,5,0.0
2024,71105,rural,21,mujer,0,5,0.0
2024,71105,rural,22,hombre,0,9,0.0
2024,71105,rural,22,mujer,1,7,14.285714285714286
2024,71105,rural,23,hombre,0,5,0.0
2024,71105,rural,23,mujer,1,7,14.285714285714286
2024,71105,rural,24,hombre,0,11,0.0
2024,71105,rural,24,mujer,1,13,7.6923076923076925
2024,71105,rural,25,hombre,3,16,18.75
2024,71105,rural,25,mujer,0,10,0.0
2024,71105,rural,26,hombre,2,8,25.0
2024,71105,rural,26,mujer,0,4,0.0
2024,71105,rural,27,hombre,2,11,18.181818181818183
2024,71105,rural,27,mujer,3,10,30.0
2024,71105,rural,28,hombre,1,7,14.285714285714286
2024,71105,rural,28,mujer,3,9,33.333333333333336
2024,71105,urbana,16,hombre,37,82,45.1219512195122
2024,71105,urbana,16,mujer,27,62,43.54838709677419
2024,71105,urbana,17,hombre,37,80,46.25
2024,71105,urbana,17,mujer,23,71,32.394366197183096
2024,71105,urbana,18,hombre,23,51,45.09803921568628
2024,71105,urbana,18,mujer,37,74,50.0
2024,71105,urbana,19,hombre,21,49,42.857142857142854
2024,71105,urbana,19,mujer,27,67,40.298507462686565
2024,71105,urbana,20,hombre,20,40,50.0
2024,71105,urbana,20,mujer,24,56,42.857142857142854
2024,71105,urbana,21,hombre,17,45,37.77777777777778
2024,71105,urbana,21,mujer,39,73,53.42465753424658
2024,71105,urbana,22,hombre,20,52,38.46153846153846
2024,71105,urbana,22,mujer,31,58,53.44827586206897
2024,71105,urbana,23,hombre,36,82,43.90243902439025
2024,71105,urbana,23,mujer,23,70,32.857142857142854
2024,71105,urbana,24,hombre,36,65,55.38461538461539
2024,71105,urbana,24,mujer,26,64,40.625
2024,71105,urbana,25,hombre,29,66,43.93939393939394
2024,71105,urbana,25,mujer,28,63,44.44444444444444
2024,71105,urbana,26,hombre,29,66,43.93939393939394
2024,71105,urbana,26,mujer,42,77,54.54545454545455
2024,71105,urbana,27,hombre,20,51,39.21568627450981
2024,71105,urbana,27,mujer,29,67,43.28358208955224
2024,71105,urbana,28,hombre,22,63,34.92063492063492
2024,71105,urbana,28,mujer,25,62,40.32258064516129
2024,71106,rural,16,hombre,18,129,13.953488372093023
2024,71106,rural,16,mujer,13,134,9.701492537313433
2024,71106,rural,17,hombre,17,115,14.782608695652174
2024,71106,rural,17,mujer,19,146,13.013698630136986
2024,71106,rural,18,hombre,15,129,11.627906976744185
2024,71106,rural,18,mujer,17,128,13.28125
2024,71106,rural,19,hombre,12,106,11.320754716981131
2024,71106,rural,19,mujer,16,118,13.559322033898304
2024,71106,rural,20,hombre,14,113,12.389380530973451
2024,71106,rural,20,mujer,16,121,13.223140495867769
2024,71106,rural,21,hombre,14,117,11.965811965811966
2024,71106,rural,21,mujer,19,119,15.966386554621849
2024,71106,rural,22,hombre,18,128,14.0625
2024,71106,rural,22,mujer,15,104,14.423076923076923
2024,71106,rural,23,hombre,26,124,20.967741935483872
2024,71106,rural,23,mujer,24,126,19.047619047619047
2024,71106,rural,24,hombre,20,139,14.388489208633093
2024,71106,rural,24,mujer,11,126,8.73015873015873
2024,71106,rural,25,hombre,20,132,15.151515151515152
2024,71106,rural,25,mujer,14,121,11.570247933884298
2024,71106,rural,26,hombre,14,126,11.11111111111111
2024,71106,rural,26,mujer,23,135,17.037037037037038
2024,71106,rural,27,hombre,29,127,22.834645669291337
2024,71106,rural,27,mujer,20,106,18.867924528301888
2024,71106,rural,28,hombre,22,113,19.469026548672566
2024,71106,rural,28,mujer,21,107,19.626168224299064
2024,71106,urbana,16,hombre,66,116,56.89655172413793
2024,71106,urbana,16,mujer,56,101,55.445544554455445
2024,71106,urbana,17,hombre,66,104,63.46153846153846
2024,71106,urbana,17,mujer,66,112,58.92857142857143
2024,71106,urbana,18,hombre,53,99,53.535353535353536
2024,71106,urbana,18,mujer,63,100,63.0
2024,71106,urbana,19,hombre,46,81,56.79012345679013
2024,71106,urbana,19,mujer,47,86,54.651162790697676
2024,71106,urbana,20,hombre,61,99,61.61616161616162
2024,71106,urbana,20,mujer,69,98,70.40816326530613
2024,71106,urbana,21,hombre,61,91,67.03296703296704
2024,71106,urbana,21,mujer,52,83,62.65060240963855
2024,71106,urbana,22,hombre,72,112,64.28571428571429
2024,71106,urbana,22,mujer,76,116,65.51724137931035
2024,71106,urbana,23,hombre,63,99,63.63636363636363
2024,71106,urbana,23,mujer,68,103,66.01941747572816
2024,71106,urbana,24,hombre,58,92,63.04347826086956
2024,71106,urbana,24,mujer,72,116,62.06896551724138
2024,71106,urbana,25,hombre,67,104,64.42307692307692
2024,71106,urbana,25,mujer,74,123,60.16260162601626
2024,71106,urbana,26,hombre,63,89,70.78651685393258
2024,71106,urbana,26,mujer,78,118,66.10169491525424
2024,71106,urbana,27,hombre,57,91,62.637362637362635
2024,71106,urbana,27,mujer,76,124,61.29032258064516
2024,71106,urbana,28,hombre,68,106,64.15094339622641
2024,71106,urbana,28,mujer,77,119,64.70588235294117
2024,71201,rural,16,hombre,14,62,22.580645161290324
2024,71201,rural,16,mujer,14,71,19.718309859154928
2024,71201,rural,17,hombre,19,78,24.358974358974358
2024,71201,rural,17,mujer,15,58,25.862068965517242
2024,71201,rural,18,hombre,7,41,17.073170731707318
2024,71201,rural,18,mujer,12,42,28.571428571428573
2024,71201,rural,19,hombre,11,53,20.754716981132077
2024,71201,rural,19,mujer,11,46,23.91304347826087
2024,71201,rural,20,hombre,11,57,19.29824561403509
2024,71201,rural,20,mujer,10,48,20.833333333333332
2024,71201,rural,21,hombre,6,55,10.909090909090908
2024,71201,rural,21,mujer,11,48,22.916666666666668
2024,71201,rural,22,hombre,12,69,17.391304347826086
2024,71201,rural,22,mujer,12,55,21.818181818181817
2024,71201,rural,23,hombre,10,63,15.873015873015873
2024,71201,rural,23,mujer,7,53,13.20754716981132
2024,71201,rural,24,hombre,12,58,20.689655172413794
2024,71201,rural,24,mujer,21,71,29.577464788732396
2024,71201,rural,25,hombre,10,59,16.949152542372882
2024,71201,rural,25,mujer,9,54,16.666666666666668
2024,71201,rural,26,hombre,15,55,27.272727272727273
2024,71201,rural,26,mujer,12,64,18.75
2024,71201,rural,27,hombre,10,67,14.925373134328359
2024,71201,rural,27,mujer,14,60,23.333333333333332
2024,71201,rural,28,hombre,11,61,18.0327868852459
2024,71201,rural,28,mujer,7,46,15.217391304347826
2024,71201,urbana,16,hombre,17,60,28.333333333333332
2024,71201,urbana,16,mujer,17,75,22.666666666666668
2024,71201,urbana,17,hombre,13,58,22.413793103448278
2024,71201,urbana,17,mujer,18,64,28.125
2024,71201,urbana,18,hombre,10,48,20.833333333333332
2024,71201,urbana,18,mujer,9,46,19.565217391304348
2024,71201,urbana,19,hombre,10,45,22.22222222222222
2024,71201,urbana,19,mujer,12,44,27.272727272727273
2024,71201,urbana,20,hombre,11,43,25.58139534883721
2024,71201,urbana,20,mujer,19,56,33.92857142857143
2024,71201,urbana,21,hombre,17,47,36.170212765957444
2024,71201,urbana,21,mujer,11,43,25.58139534883721
2024,71201,urbana,22,hombre,12,52,23.076923076923077
2024,71201,urbana,22,mujer,21,68,30.88235294117647
2024,71201,urbana,23,hombre,11,45,24.444444444444443
2024,71201,urbana,23,mujer,17,67,25.37313432835821
2024,71201,urbana,24,hombre,13,50,26.0
2024,71201,urbana,24,mujer,15,64,23.4375
2024,71201,urbana,25,hombre,11,51,21.568627450980394
2024,71201,urbana,25,mujer,16,58,27.586206896551722
2024,71201,urbana,26,hombre,19,55,34.54545454545455
2024,71201,urbana,26,mujer,13,56,23.214285714285715
2024,71201,urbana,27,hombre,23,65,35.38461538461539
2024,71201,urbana,27,mujer,19,68,27.941176470588236
2024,71201,urbana,28,hombre,26,60,43.333333333333336
2024,71201,urbana,28,mujer,20,55,36.36363636363637
2024,71301,rural,16,hombre,12,106,11.320754716981131
2024,71301,rural,16,mujer,7,76,9.210526315789474
2024,71301,rural,17,hombre,15,114,13.157894736842104
2024,71301,rural,17,mujer,11,85,12.941176470588236
2024,71301,rural,18,hombre,12,97,12.371134020618557
2024,71301,rural,18,mujer,12,71,16.901408450704224
2024,71301,rural,19,hombre,12,82,14.634146341463415
2024,71301,rural,19,mujer,7,69,10.144927536231885
2024,71301,rural,20,hombre,8,93,8.602150537634408
2024,71301,rural,20,mujer,10,76,13.157894736842104
2024,71301,rural,21,hombre,9,78,11.538461538461538
2024,71301,rural,21,mujer,7,80,8.75
2024,71301,rural,22,hombre,7,74,9.45945945945946
2024,71301,rural,22,mujer,9,99,9.090909090909092
2024,71301,rural,23,hombre,9,88,10.227272727272727
2024,71301,rural,23,mujer,8,81,9.876543209876543
2024,71301,rural,24,hombre,8,93,8.602150537634408
2024,71301,rural,24,mujer,7,77,9.090909090909092
2024,71301,rural,25,hombre,10,91,10.989010989010989
2024,71301,rural,25,mujer,8,75,10.666666666666666
2024,71301,rural,26,hombre,6,72,8.333333333333334
2024,71301,rural,26,mujer,1,72,1.3888888888888888
2024,71301,rural,27,hombre,4,76,5.2631578947368425
2024,71301,rural,27,mujer,7,101,6.930693069306931
2024,71301,rural,28,hombre,9,85,10.588235294117647
2024,71301,rural,28,mujer,7,82,8.536585365853659
2024,71301,urbana,16,hombre,50,62,80.64516129032258
2024,71301,urbana,16,mujer,55,69,79.71014492753623
2024,71301,urbana,17,hombre,55,66,83.33333333333333
2024,71301,urbana,17,mujer,66,75,88.0
2024,71301,urbana,18,hombre,49,56,87.5
2024,71301,urbana,18,mujer,39,47,82.97872340425532
2024,71301,urbana,19,hombre,38,49,77.55102040816327
2024,71301,urbana,19,mujer,35,43,81.3953488372093
2024,71301,urbana,20,hombre,44,49,89.79591836734694
2024,71301,urbana,20,mujer,35,40,87.5
2024,71301,urbana,21,hombre,40,50,80.0
2024,71301,urbana,21,mujer,38,43,88.37209302325581
2024,71301,urbana,22,hombre,42,53,79.24528301886792
2024,71301,urbana,22,mujer,28,38,73.6842105263158
2024,71301,urbana,23,hombre,41,52,78.84615384615384
2024,71301,urbana,23,mujer,45,55,81.81818181818181
2024,71301,urbana,24,hombre,38,49,77.55102040816327
2024,71301,urbana,24,mujer,46,53,86.79245283018868
2024,71301,urbana,25,hombre,50,57,87.71929824561404
2024,71301,urbana,25,mujer,46,54,85.18518518518519
2024,71301,urbana,26,hombre,39,44,88.63636363636364
2024,71301,urbana,26,mujer,45,53,84.90566037735849
2024,71301,urbana,27,hombre,51,64,79.6875
2024,71301,urbana,27,mujer,45,56,80.35714285714286
2024,71301,urbana,28,hombre,40,50,80.0
2024,71301,urbana,28,mujer,36,45,80.0
2024,71302,rural,16,hombre,3,15,20.0
2024,71302,rural,16,mujer,2,23,8.695652173913043
2024,71302,rural,17,hombre,1,21,4.761904761904762
2024,71302,rural,17,mujer,0,13,0.0
2024,71302,rural,18,hombre,4,21,19.047619047619047
2024,71302,rural,18,mujer,6,20,30.0
2024,71302,rural,19,hombre,1,26,3.8461538461538463
2024,71302,rural,19,mujer,4,20,20.0
2024,71302,rural,20,hombre,1,7,14.285714285714286
2024,71302,rural,20,mujer,0,14,0.0
2024,71302,rural,21,hombre,6,23,26.08695652173913
2024,71302,rural,21,mujer,0,11,0.0
2024,71302,rural,22,hombre,1,12,8.333333333333334
2024,71302,rural,22,mujer,1,9,11.11111111111111
2024,71302,rural,23,hombre,2,22,9.090909090909092
2024,71302,rural,23,mujer,3,26,11.538461538461538
2024,71302,rural,24,hombre,0,12,0.0
2024,71302,rural,24,mujer,3,17,17.647058823529413
2024,71302,rural,25,hombre,0,20,0.0
2024,71302,rural,25,mujer,2,18,11.11111111111111
2024,71302,rural,26,hombre,3,16,18.75
2024,71302,rural,26,mujer,1,14,7.142857142857143
2024,71302,rural,27,hombre,1,14,7.142857142857143
2024,71302,rural,27,mujer,1,19,5.2631578947368425
2024,71302,rural,28,hombre,1,17,5.882352941176471
2024,71302,rural,28,mujer,2,17,11.764705882352942
2024,71302,urbana,16,hombre,17,39,43.58974358974359
2024,71302,urbana,16,mujer,11,35,31.428571428571427
2024,71302,urbana,17,hombre,17,39,43.58974358974359
2024,71302,urbana,17,mujer,19,39,48.717948717948715
2024,71302,urbana,18,hombre,23,39,58.97435897435897
2024,71302,urbana,18,mujer,11,27,40.74074074074074
2024,71302,urbana,19,hombre,17,38,44.73684210526316
2024,71302,urbana,19,mujer,10,22,45.45454545454545
2024,71302,urbana,20,hombre,19,39,48.717948717948715
2024,71302,urbana,20,mujer,17,29,58.62068965517241
2024,71302,urbana,21,hombre,16,27,59.25925925925926
2024,71302,urbana,21,mujer,15,22,68.18181818181819
2024,71302,urbana,22,hombre,16,32,50.0
2024,71302,urbana,22,mujer,7,20,35.0
2024,71302,urbana,23,hombre,16,39,41.02564102564103
2024,71302,urbana,23,mujer,17,29,58.62068965517241
2024,71302,urbana,24,hombre,14,31,45.16129032258065
2024,71302,urbana,24,mujer,12,27,44.44444444444444
2024,71302,urbana,25,hombre,14,24,58.333333333333336
2024,71302,urbana,25,mujer,19,29,65.51724137931035
2024,71302,urbana,26,hombre,12,30,40.0
2024,71302,urbana,26,mujer,11,24,45.833333333333336
2024,71302,urbana,27,hombre,11,22,50.0
2024,71302,urbana,27,mujer,13,21,61.904761904761905
2024,71302,urbana,28,hombre,20,32,62.5
2024,71302,urbana,28,mujer,16,36,44.44444444444444
2024,71401,rural,16,hombre,10,41,24.390243902439025
2024,71401,rural,16,mujer,6,36,16.666666666666668
2024,71401,rural,17,hombre,5,31,16.129032258064516
2024,71401,rural,17,mujer,11,39,28.205128205128204
2024,71401,rural,18,hombre,11,42,26.19047619047619
2024,71401,rural,18,mujer,7,39,17.94871794871795
2024,71401,rural,19,hombre,11,41,26.829268292682926
2024,71401,rural,19,mujer,5,33,15.151515151515152
2024,71401,rural,20,hombre,6,39,15.384615384615385
2024,71401,rural,20,mujer,12,42,28.571428571428573
2024,71401,rural,21,hombre,9,46,19.565217391304348
2024,71401,rural,21,mujer,7,27,25.925925925925927
2024,71401,rural,22,hombre,7,33,21.21212121212121
2024,71401,rural,22,mujer,11,41,26.829268292682926
2024,71401,rural,23,hombre,8,40,20.0
2024,71401,rural,23,mujer,9,43,20.930232558139537
2024,71401,rural,24,hombre,10,46,21.73913043478261
2024,71401,rural,24,mujer,10,40,25.0
2024,71401,rural,25,hombre,20,51,39.21568627450981
2024,71401,rural,25,mujer,8,42,19.047619047619047
2024,71401,rural,26,hombre,18,58,31.03448275862069
2024,71401,rural,26,mujer,14,41,34.146341463414636
2024,71401,rural,27,hombre,7,37,18.91891891891892
2024,71401,rural,27,mujer,16,57,28.07017543859649
2024,71401,rural,28,hombre,6,42,14.285714285714286
2024,71401,rural,28,mujer,12,38,31.57894736842105
2024,71401,urbana,16,hombre,32,105,30.476190476190474
2024,71401,urbana,16,mujer,37,112,33.035714285714285
2024,71401,urbana,17,hombre,32,84,38.095238095238095
2024,71401,urbana,17,mujer,34,92,36.95652173913044
2024,71401,urbana,18,hombre,33,85,38.8235294117647
2024,71401,urbana,18,mujer,34,81,41.97530864197531
2024,71401,urbana,19,hombre,29,61,47.540983606557376
2024,71401,urbana,19,mujer,26,68,38.23529411764706
2024,71401,urbana,20,hombre,25,66,37.878787878787875
2024,71401,urbana,20,mujer,31,83,37.34939759036145
2024,71401,urbana,21,hombre,22,72,30.555555555555557
2024,71401,urbana,21,mujer,35,83,42.16867469879518
2024,71401,urbana,22,hombre,26,75,34.666666666666664
2024,71401,urbana,22,mujer,24,71,33.80281690140845
2024,71401,urbana,23,hombre,25,74,33.78378378378378
2024,71401,urbana,23,mujer,31,87,35.632183908045974
2024,71401,urbana,24,hombre,38,96,39.583333333333336
2024,71401,urbana,24,mujer,32,80,40.0
2024,71401,urbana,25,hombre,23,68,33.8235294117647
2024,71401,urbana,25,mujer,23,76,30.263157894736842
2024,71401,urbana,26,hombre,26,73,35.61643835616438
2024,71401,urbana,26,mujer,28,88,31.818181818181817
2024,71401,urbana,27,hombre,41,92,44.56521739130435
2024,71401,urbana,27,mujer,34,93,36.55913978494624
2024,71401,urbana,28,hombre,41,83,49.397590361445786
2024,71401,urbana,28,mujer,33,101,32.67326732673267
2024,71402,rural,16,hombre,2,3,66.66666666666667
2024,71402,rural,17,hombre,1,3,33.333333333333336
2024,71402,rural,17,mujer,6,7,85.71428571428571
2024,71402,rural,18,hombre,1,1,100.0
2024,71402,rural,18,mujer,0,1,0.0
2024,71402,rural,19,hombre,1,4,25.0
2024,71402,rural,19,mujer,1,2,50.0
2024,71402,rural,20,hombre,0,2,0.0
2024,71402,rural,20,mujer,2,2,100.0
2024,71402,rural,21,mujer,0,2,0.0
2024,71402,rural,22,hombre,1,2,50.0
2024,71402,rural,22,mujer,0,1,0.0
2024,71402,rural,23,hombre,1,1,100.0
2024,71402,rural,23,mujer,2,4,50.0
2024,71402,rural,24,hombre,1,2,50.0
2024,71402,rural,25,hombre,0,1,0.0
2024,71402,rural,25,mujer,0,1,0.0
2024,71402,rural,26,hombre,1,1,100.0
2024,71402,rural,26,mujer,4,6,66.66666666666667
2024,71402,rural,27,hombre,1,2,50.0
2024,71402,rural,28,hombre,2,4,50.0
2024,71402,rural,28,mujer,1,1,100.0
2024,71402,urbana,16,hombre,44,159,27.67295597484277
2024,71402,urbana,16,mujer,48,160,30.0
2024,71402,urbana,17,hombre,45,166,27.10843373493976
2024,71402,urbana,17,mujer,39,155,25.161290322580644
2024,71402,urbana,18,hombre,38,119,31.932773109243698
2024,71402,urbana,18,mujer,44,121,36.36363636363637
2024,71402,urbana,19,hombre,44,133,33.08270676691729
2024,71402,urbana,19,mujer,44,143,30.76923076923077
2024,71402,urbana,20,hombre,37,125,29.6
2024,71402,urbana,20,mujer,36,130,27.692307692307693
2024,71402,urbana,21,hombre,30,109,27.522935779816514
2024,71402,urbana,21,mujer,38,126,30.158730158730158
2024,71402,urbana,22,hombre,49,135,36.2962962962963
2024,71402,urbana,22,mujer,46,140,32.857142857142854
2024,71402,urbana,23,hombre,46,164,28.048780487804876
2024,71402,urbana,23,mujer,34,136,25.0
2024,71402,urbana,24,hombre,46,136,33.8235294117647
2024,71402,urbana,24,mujer,52,178,29.213483146067414
2024,71402,urbana,25,hombre,39,139,28.057553956834532
2024,71402,urbana,25,mujer,43,141,30.49645390070922
2024,71402,urbana,26,hombre,57,168,33.92857142857143
2024,71402,urbana,26,mujer,41,142,28.87323943661972
2024,71402,urbana,27,hombre,51,170,30.0
2024,71402,urbana,27,mujer,41,151,27.1523178807947
2024,71402,urbana,28,hombre,52,156,33.333333333333336
2024,71402,urbana,28,mujer,59,169,34.9112426035503
2024,71403,rural,16,hombre,4,35,11.428571428571429
2024,71403,rural,16,mujer,4,43,9.30232558139535
2024,71403,rural,17,hombre,5,39,12.820512820512821
2024,71403,rural,17,mujer,2,30,6.666666666666667
2024,71403,rural,18,hombre,6,35,17.142857142857142
2024,71403,rural,18,mujer,2,27,7.407407407407407
2024,71403,rural,19,hombre,3,31,9.67741935483871
2024,71403,rural,19,mujer,1,35,2.857142857142857
2024,71403,rural,20,hombre,3,41,7.317073170731708
2024,71403,rural,20,mujer,2,22,9.090909090909092
2024,71403,rural,21,hombre,1,34,2.9411764705882355
2024,71403,rural,21,mujer,3,23,13.043478260869565
2024,71403,rural,22,hombre,5,29,17.24137931034483
2024,71403,rural,22,mujer,2,23,8.695652173913043
2024,71403,rural,23,hombre,6,49,12.244897959183673
2024,71403,rural,23,mujer,2,23,8.695652173913043
2024,71403,rural,24,hombre,7,54,12.962962962962964
2024,71403,rural,24,mujer,1,37,2.7027027027027026
2024,71403,rural,25,hombre,7,38,18.42105263157895
2024,71403,rural,25,mujer,4,30,13.333333333333334
2024,71403,rural,26,hombre,2,34,5.882352941176471
2024,71403,rural,26,mujer,4,40,10.0
2024,71403,rural,27,hombre,5,37,13.513513513513514
2024,71403,rural,27,mujer,2,41,4.878048780487805
2024,71403,rural,28,hombre,10,58,17.24137931034483
2024,71403,rural,28,mujer,4,45,8.88888888888889
2024,71403,urbana,16,hombre,17,25,68.0
2024,71403,urbana,16,mujer,31,38,81.57894736842105
2024,71403,urbana,17,hombre,25,36,69.44444444444444
2024,71403,urbana,17,mujer,23,33,69.6969696969697
2024,71403,urbana,18,hombre,17,23,73.91304347826087
2024,71403,urbana,18,mujer,20,30,66.66666666666667
2024,71403,urbana,19,hombre,22,29,75.86206896551724
2024,71403,urbana,19,mujer,26,30,86.66666666666667
2024,71403,urbana,20,hombre,22,33,66.66666666666667
2024,71403,urbana,20,mujer,14,19,73.6842105263158
2024,71403,urbana,21,hombre,13,16,81.25
2024,71403,urbana,21,mujer,32,39,82.05128205128206
2024,71403,urbana,22,hombre,9,13,69.23076923076923
2024,71403,urbana,22,mujer,15,22,68.18181818181819
2024,71403,urbana,23,hombre,13,19,68.42105263157895
2024,71403,urbana,23,mujer,14,21,66.66666666666667
2024,71403,urbana,24,hombre,26,31,83.87096774193549
2024,71403,urbana,24,mujer,26,34,76.47058823529412
2024,71403,urbana,25,hombre,21,25,84.0
2024,71403,urbana,25,mujer,20,29,68.96551724137932
2024,71403,urbana,26,hombre,22,29,75.86206896551724
2024,71403,urbana,26,mujer,29,35,82.85714285714286
2024,71403,urbana,27,hombre,15,18,83.33333333333333
2024,71403,urbana,27,mujer,37,39,94.87179487179488
2024,71403,urbana,28,hombre,28,34,82.3529411764706
2024,71403,urbana,28,mujer,22,32,68.75
2024,71501,rural,16,hombre,9,92,9.782608695652174
2024,71501,rural,16,mujer,10,77,12.987012987012987
2024,71501,rural,17,hombre,8,89,8.98876404494382
2024,71501,rural,17,mujer,9,77,11.688311688311689
2024,71501,rural,18,hombre,11,84,13.095238095238095
2024,71501,rural,18,mujer,10,78,12.820512820512821
2024,71501,rural,19,hombre,10,107,9.345794392523365
2024,71501,rural,19,mujer,9,84,10.714285714285714
2024,71501,rural,20,hombre,3,96,3.125
2024,71501,rural,20,mujer,7,84,8.333333333333334
2024,71501,rural,21,hombre,12,93,12.903225806451612
2024,71501,rural,21,mujer,5,57,8.771929824561404
2024,71501,rural,22,hombre,12,93,12.903225806451612
2024,71501,rural,22,mujer,12,75,16.0
2024,71501,rural,23,hombre,9,113,7.964601769911504
2024,71501,rural,23,mujer,9,86,10.465116279069768
2024,71501,rural,24,hombre,13,125,10.4
2024,71501,rural,24,mujer,8,81,9.876543209876543
2024,71501,rural,25,hombre,15,111,13.513513513513514
2024,71501,rural,25,mujer,13,90,14.444444444444445
2024,71501,rural,26,hombre,11,123,8.94308943089431
2024,71501,rural,26,mujer,10,76,13.157894736842104
2024,71501,rural,27,hombre,10,98,10.204081632653061
2024,71501,rural,27,mujer,8,97,8.24742268041237
2024,71501,rural,28,hombre,11,129,8.527131782945736
2024,71501,rural,28,mujer,12,88,13.636363636363637
2024,71501,urbana,16,hombre,77,272,28.308823529411764
2024,71501,urbana,16,mujer,87,279,31.182795698924732
2024,71501,urbana,17,hombre,60,285,21.05263157894737
2024,71501,urbana,17,mujer,72,276,26.08695652173913
2024,71501,urbana,18,hombre,53,198,26.767676767676768
2024,71501,urbana,18,mujer,70,236,29.661016949152543
2024,71501,urbana,19,hombre,53,193,27.46113989637306
2024,71501,urbana,19,mujer,35,180,19.444444444444443
2024,71501,urbana,20,hombre,34,136,25.0
2024,71501,urbana,20,mujer,59,201,29.35323383084577
2024,71501,urbana,21,hombre,45,167,26.94610778443114
2024,71501,urbana,21,mujer,52,189,27.513227513227513
2024,71501,urbana,22,hombre,42,176,23.863636363636363
2024,71501,urbana,22,mujer,53,201,26.3681592039801
2024,71501,urbana,23,hombre,43,187,22.994652406417114
2024,71501,urbana,23,mujer,54,211,25.592417061611375
2024,71501,urbana,24,hombre,55,209,26.31578947368421
2024,71501,urbana,24,mujer,60,199,30.150753768844222
2024,71501,urbana,25,hombre,48,196,24.489795918367346
2024,71501,urbana,25,mujer,56,182,30.76923076923077
2024,71501,urbana,26,hombre,42,174,24.137931034482758
2024,71501,urbana,26,mujer,53,181,29.281767955801104
2024,71501,urbana,27,hombre,67,190,35.26315789473684
2024,71501,urbana,27,mujer,60,199,30.150753768844222
2024,71501,urbana,28,hombre,53,201,26.3681592039801
2024,71501,urbana,28,mujer,55,184,29.891304347826086
2024,71502,rural,16,hombre,0,6,0.0
2024,71502,rural,16,mujer,1,7,14.285714285714286
2024,71502,rural,17,hombre,2,13,15.384615384615385
2024,71502,rural,17,mujer,0,8,0.0
2024,71502,rural,18,hombre,2,7,28.571428571428573
2024,71502,rural,18,mujer,1,7,14.285714285714286
2024,71502,rural,19,hombre,1,7,14.285714285714286
2024,71502,rural,19,mujer,1,14,7.142857142857143
2024,71502,rural,20,hombre,0,11,0.0
2024,71502,rural,20,mujer,0,6,0.0
2024,71502,rural,21,hombre,0,9,0.0
2024,71502,rural,21,mujer,0,4,0.0
2024,71502,rural,22,hombre,0,5,0.0
2024,71502,rural,22,mujer,0,9,0.0
2024,71502,rural,23,hombre,0,13,0.0
2024,71502,rural,23,mujer,0,7,0.0
2024,71502,rural,24,hombre,1,11,9.090909090909092
2024,71502,rural,24,mujer,1,17,5.882352941176471
2024,71502,rural,25,hombre,3,15,20.0
2024,71502,rural,25,mujer,1,9,11.11111111111111
2024,71502,rural,26,hombre,0,7,0.0
2024,71502,rural,26,mujer,0,7,0.0
2024,71502,rural,27,hombre,1,11,9.090909090909092
2024,71502,rural,27,mujer,2,13,15.384615384615385
2024,71502,rural,28,hombre,0,18,0.0
2024,71502,rural,28,mujer,0,11,0.0
2024,71502,urbana,16,hombre,40,62,64.51612903225806
2024,71502,urbana,16,mujer,45,73,61.64383561643836
2024,71502,urbana,17,hombre,34,62,54.83870967741935
2024,71502,urbana,17,mujer,39,64,60.9375
2024,71502,urbana,18,hombre,15,30,50.0
2024,71502,urbana,18,mujer,31,63,49.20634920634921
2024,71502,urbana,19,hombre,15,33,45.45454545454545
2024,71502,urbana,19,mujer,22,39,56.41025641025641
2024,71502,urbana,20,hombre,10,22,45.45454545454545
2024,71502,urbana,20,mujer,12,24,50.0
2024,71502,urbana,21,hombre,29,51,56.86274509803921
2024,71502,urbana,21,mujer,18,40,45.0
2024,71502,urbana,22,hombre,19,42,45.23809523809524
2024,71502,urbana,22,mujer,20,49,40.816326530612244
2024,71502,urbana,23,hombre,19,47,40.42553191489362
2024,71502,urbana,23,mujer,15,38,39.473684210526315
2024,71502,urbana,24,hombre,16,36,44.44444444444444
2024,71502,urbana,24,mujer,30,48,62.5
2024,71502,urbana,25,hombre,24,43,55.81395348837209
2024,71502,urbana,25,mujer,21,41,51.21951219512195
2024,71502,urbana,26,hombre,20,38,52.63157894736842
2024,71502,urbana,26,mujer,23,38,60.526315789473685
2024,71502,urbana,27,hombre,19,34,55.88235294117647
2024,71502,urbana,27,mujer,24,46,52.17391304347826
2024,71502,urbana,28,hombre,17,38,44.73684210526316
2024,71502,urbana,28,mujer,25,35,71.42857142857143
2024,71503,rural,16,hombre,7,117,5.982905982905983
2024,71503,rural,16,mujer,14,104,13.461538461538462
2024,71503,rural,17,hombre,14,129,10.852713178294573
2024,71503,rural,17,mujer,10,102,9.803921568627452
2024,71503,rural,18,hombre,7,112,6.25
2024,71503,rural,18,mujer,6,93,6.451612903225806
2024,71503,rural,19,hombre,6,122,4.918032786885246
2024,71503,rural,19,mujer,9,110,8.181818181818182
2024,71503,rural,20,hombre,6,136,4.411764705882353
2024,71503,rural,20,mujer,5,88,5.681818181818182
2024,71503,rural,21,hombre,5,118,4.237288135593221
2024,71503,rural,21,mujer,14,93,15.053763440860216
2024,71503,rural,22,hombre,7,128,5.46875
2024,71503,rural,22,mujer,6,97,6.185567010309279
2024,71503,rural,23,hombre,19,161,11.801242236024844
2024,71503,rural,23,mujer,15,106,14.150943396226415
2024,71503,rural,24,hombre,15,165,9.090909090909092
2024,71503,rural,24,mujer,11,123,8.94308943089431
2024,71503,rural,25,hombre,10,156,6.410256410256411
2024,71503,rural,25,mujer,14,110,12.727272727272727
2024,71503,rural,26,hombre,11,126,8.73015873015873
2024,71503,rural,26,mujer,13,117,11.11111111111111
2024,71503,rural,27,hombre,14,158,8.860759493670885
2024,71503,rural,27,mujer,15,94,15.957446808510639
2024,71503,rural,28,hombre,6,131,4.580152671755725
2024,71503,rural,28,mujer,8,96,8.333333333333334
2024,71503,urbana,16,hombre,13,35,37.142857142857146
2024,71503,urbana,16,mujer,11,34,32.35294117647059
2024,71503,urbana,17,hombre,9,38,23.68421052631579
2024,71503,urbana,17,mujer,6,30,20.0
2024,71503,urbana,18,hombre,8,30,26.666666666666668
2024,71503,urbana,18,mujer,8,29,27.586206896551722
2024,71503,urbana,19,hombre,7,20,35.0
2024,71503,urbana,19,mujer,3,15,20.0
2024,71503,urbana,20,hombre,8,26,30.76923076923077
2024,71503,urbana,20,mujer,5,16,31.25
2024,71503,urbana,21,hombre,3,9,33.333333333333336
2024,71503,urbana,21,mujer,10,20,50.0
2024,71503,urbana,22,hombre,5,18,27.77777777777778
2024,71503,urbana,22,mujer,8,18,44.44444444444444
2024,71503,urbana,23,hombre,5,19,26.31578947368421
2024,71503,urbana,23,mujer,10,25,40.0
2024,71503,urbana,24,hombre,10,30,33.333333333333336
2024,71503,urbana,24,mujer,11,24,45.833333333333336
2024,71503,urbana,25,hombre,8,17,47.05882352941177
2024,71503,urbana,25,mujer,7,23,30.434782608695652
2024,71503,urbana,26,hombre,5,20,25.0
2024,71503,urbana,26,mujer,6,28,21.428571428571427
2024,71503,urbana,27,hombre,6,23,26.08695652173913
2024,71503,urbana,27,mujer,8,24,33.333333333333336
2024,71503,urbana,28,hombre,3,13,23.076923076923077
2024,71503,urbana,28,mujer,7,21,33.333333333333336
2024,80101,rural,16,hombre,30,70,42.857142857142854
2024,80101,rural,16,mujer,18,61,29.508196721311474
2024,80101,rural,17,hombre,18,56,32.142857142857146
2024,80101,rural,17,mujer,16,49,32.6530612244898
2024,80101,rural,18,hombre,7,30,23.333333333333332
2024,80101,rural,18,mujer,13,43,30.232558139534884
2024,80101,rural,19,hombre,12,33,36.36363636363637
2024,80101,rural,19,mujer,20,49,40.816326530612244
2024,80101,rural,20,hombre,10,37,27.027027027027028
2024,80101,rural,20,mujer,15,44,34.09090909090909
2024,80101,rural,21,hombre,13,37,35.13513513513514
2024,80101,rural,21,mujer,15,34,44.11764705882353
2024,80101,rural,22,hombre,10,42,23.80952380952381
2024,80101,rural,22,mujer,15,28,53.57142857142857
2024,80101,rural,23,hombre,16,45,35.55555555555556
2024,80101,rural,23,mujer,25,49,51.02040816326531
2024,80101,rural,24,hombre,22,50,44.0
2024,80101,rural,24,mujer,8,34,23.529411764705884
2024,80101,rural,25,hombre,19,50,38.0
2024,80101,rural,25,mujer,12,35,34.285714285714285
2024,80101,rural,26,hombre,17,47,36.170212765957444
2024,80101,rural,26,mujer,19,54,35.18518518518518
2024,80101,rural,27,hombre,23,49,46.93877551020408
2024,80101,rural,27,mujer,9,36,25.0
2024,80101,rural,28,hombre,14,31,45.16129032258065
2024,80101,rural,28,mujer,19,45,42.22222222222222
2024,80101,urbana,16,hombre,888,1195,74.30962343096235
2024,80101,urbana,16,mujer,937,1238,75.68659127625202
2024,80101,urbana,17,hombre,845,1155,73.16017316017316
2024,80101,urbana,17,mujer,927,1222,75.85924713584288
2024,80101,urbana,18,hombre,788,1030,76.50485436893204
2024,80101,urbana,18,mujer,893,1184,75.42229729729729
2024,80101,urbana,19,hombre,771,983,78.43336724313326
2024,80101,urbana,19,mujer,875,1126,77.70870337477797
2024,80101,urbana,20,hombre,774,1034,74.85493230174082
2024,80101,urbana,20,mujer,834,1082,77.07948243992607
2024,80101,urbana,21,hombre,774,1029,75.21865889212827
2024,80101,urbana,21,mujer,851,1091,78.00183318056828
2024,80101,urbana,22,hombre,772,992,77.8225806451613
2024,80101,urbana,22,mujer,845,1087,77.73689052437902
2024,80101,urbana,23,hombre,895,1128,79.34397163120568
2024,80101,urbana,23,mujer,898,1147,78.29119442022667
2024,80101,urbana,24,hombre,866,1104,78.44202898550725
2024,80101,urbana,24,mujer,931,1194,77.97319932998325
2024,80101,urbana,25,hombre,765,986,77.58620689655173
2024,80101,urbana,25,mujer,861,1102,78.13067150635209
2024,80101,urbana,26,hombre,733,934,78.4796573875803
2024,80101,urbana,26,mujer,843,1093,77.12717291857274
2024,80101,urbana,27,hombre,829,1048,79.1030534351145
2024,80101,urbana,27,mujer,928,1153,80.48568950563747
2024,80101,urbana,28,hombre,791,1042,75.91170825335892
2024,80101,urbana,28,mujer,832,1063,78.26904985888993
2024,80102,rural,16,hombre,14,76,18.42105263157895
2024,80102,rural,16,mujer,10,62,16.129032258064516
2024,80102,rural,17,hombre,13,68,19.11764705882353
2024,80102,rural,17,mujer,14,63,22.22222222222222
2024,80102,rural,18,hombre,24,85,28.235294117647058
2024,80102,rural,18,mujer,9,36,25.0
2024,80102,rural,19,hombre,7,51,13.72549019607843
2024,80102,rural,19,mujer,17,64,26.5625
2024,80102,rural,20,hombre,16,56,28.571428571428573
2024,80102,rural,20,mujer,14,64,21.875
2024,80102,rural,21,hombre,18,68,26.470588235294116
2024,80102,rural,21,mujer,11,66,16.666666666666668
2024,80102,rural,22,hombre,17,61,27.868852459016395
2024,80102,rural,22,mujer,8,49,16.3265306122449
2024,80102,rural,23,hombre,21,89,23.59550561797753
2024,80102,rural,23,mujer,17,83,20.481927710843372
2024,80102,rural,24,hombre,16,69,23.18840579710145
2024,80102,rural,24,mujer,14,78,17.94871794871795
2024,80102,rural,25,hombre,22,94,23.404255319148938
2024,80102,rural,25,mujer,10,69,14.492753623188406
2024,80102,rural,26,hombre,9,78,11.538461538461538
2024,80102,rural,26,mujer,12,63,19.047619047619047
2024,80102,rural,27,hombre,10,71,14.084507042253522
2024,80102,rural,27,mujer,7,47,14.893617021276595
2024,80102,rural,28,hombre,14,72,19.444444444444443
2024,80102,rural,28,mujer,7,63,11.11111111111111
2024,80201,rural,16,hombre,13,117,11.11111111111111
2024,80201,rural,16,mujer,15,116,12.931034482758621
2024,80201,rural,17,hombre,12,128,9.375
2024,80201,rural,17,mujer,9,119,7.563025210084033
2024,80201,rural,18,hombre,10,100,10.0
2024,80201,rural,18,mujer,10,96,10.416666666666666
2024,80201,rural,19,hombre,6,76,7.894736842105263
2024,80201,rural,19,mujer,6,91,6.593406593406593
2024,80201,rural,20,hombre,4,83,4.819277108433735
2024,80201,rural,20,mujer,9,90,10.0
2024,80201,rural,21,hombre,9,104,8.653846153846153
2024,80201,rural,21,mujer,5,85,5.882352941176471
2024,80201,rural,22,hombre,8,79,10.126582278481013
2024,80201,rural,22,mujer,7,95,7.368421052631579
2024,80201,rural,23,hombre,26,141,18.43971631205674
2024,80201,rural,23,mujer,12,96,12.5
2024,80201,rural,24,hombre,10,97,10.309278350515465
2024,80201,rural,24,mujer,13,111,11.711711711711711
2024,80201,rural,25,hombre,10,84,11.904761904761905
2024,80201,rural,25,mujer,14,83,16.867469879518072
2024,80201,rural,26,hombre,10,77,12.987012987012987
2024,80201,rural,26,mujer,9,74,12.162162162162161
2024,80201,rural,27,hombre,8,90,8.88888888888889
2024,80201,rural,27,mujer,13,98,13.26530612244898
2024,80201,rural,28,hombre,8,99,8.080808080808081
2024,80201,rural,28,mujer,7,79,8.860759493670885
2024,80201,urbana,16,hombre,410,1117,36.70546105640108
2024,80201,urbana,16,mujer,371,1054,35.19924098671727
2024,80201,urbana,17,hombre,376,1069,35.17305893358279
2024,80201,urbana,17,mujer,360,1046,34.41682600382409
2024,80201,urbana,18,hombre,270,763,35.38663171690695
2024,80201,urbana,18,mujer,277,831,33.333333333333336
2024,80201,urbana,19,hombre,258,731,35.294117647058826
2024,80201,urbana,19,mujer,302,878,34.39635535307517
2024,80201,urbana,20,hombre,288,756,38.095238095238095
2024,80201,urbana,20,mujer,248,774,32.041343669250644
2024,80201,urbana,21,hombre,270,744,36.29032258064516
2024,80201,urbana,21,mujer,254,804,31.592039800995025
2024,80201,urbana,22,hombre,271,785,34.52229299363057
2024,80201,urbana,22,mujer,357,978,36.50306748466258
2024,80201,urbana,23,hombre,292,865,33.75722543352601
2024,80201,urbana,23,mujer,315,943,33.404029692470836
2024,80201,urbana,24,hombre,341,950,35.89473684210526
2024,80201,urbana,24,mujer,345,982,35.132382892057024
2024,80201,urbana,25,hombre,245,732,33.46994535519126
2024,80201,urbana,25,mujer,310,881,35.18728717366629
2024,80201,urbana,26,hombre,273,769,35.50065019505852
2024,80201,urbana,26,mujer,305,846,36.05200945626478
2024,80201,urbana,27,hombre,294,812,36.206896551724135
2024,80201,urbana,27,mujer,315,898,35.077951002227174
2024,80201,urbana,28,hombre,271,738,36.72086720867209
2024,80201,urbana,28,mujer,316,828,38.16425120772947
2024,80202,rural,16,hombre,19,58,32.758620689655174
2024,80202,rural,16,mujer,11,52,21.153846153846153
2024,80202,rural,17,hombre,2,38,5.2631578947368425
2024,80202,rural,17,mujer,6,44,13.636363636363637
2024,80202,rural,18,hombre,6,33,18.181818181818183
2024,80202,rural,18,mujer,12,47,25.53191489361702
2024,80202,rural,19,hombre,11,46,23.91304347826087
2024,80202,rural,19,mujer,11,34,32.35294117647059
2024,80202,rural,20,hombre,8,36,22.22222222222222
2024,80202,rural,20,mujer,6,25,24.0
2024,80202,rural,21,hombre,7,39,17.94871794871795
2024,80202,rural,21,mujer,10,49,20.408163265306122
2024,80202,rural,22,hombre,12,50,24.0
2024,80202,rural,22,mujer,7,39,17.94871794871795
2024,80202,rural,23,hombre,14,61,22.950819672131146
2024,80202,rural,23,mujer,8,60,13.333333333333334
2024,80202,rural,24,hombre,9,58,15.517241379310345
2024,80202,rural,24,mujer,12,56,21.428571428571427
2024,80202,rural,25,hombre,7,38,18.42105263157895
2024,80202,rural,25,mujer,8,42,19.047619047619047
2024,80202,rural,26,hombre,9,68,13.235294117647058
2024,80202,rural,26,mujer,5,40,12.5
2024,80202,rural,27,hombre,16,56,28.571428571428573
2024,80202,rural,27,mujer,10,36,27.77777777777778
2024,80202,rural,28,hombre,9,44,20.454545454545453
2024,80202,rural,28,mujer,7,48,14.583333333333334
2024,80202,urbana,16,hombre,217,339,64.0117994100295
2024,80202,urbana,16,mujer,221,348,63.50574712643678
2024,80202,urbana,17,hombre,184,289,63.667820069204154
2024,80202,urbana,17,mujer,225,350,64.28571428571429
2024,80202,urbana,18,hombre,147,214,68.69158878504673
2024,80202,urbana,18,mujer,174,268,64.92537313432835
2024,80202,urbana,19,hombre,169,253,66.79841897233202
2024,80202,urbana,19,mujer,159,242,65.70247933884298
2024,80202,urbana,20,hombre,156,241,64.73029045643153
2024,80202,urbana,20,mujer,172,265,64.90566037735849
2024,80202,urbana,21,hombre,142,217,65.43778801843318
2024,80202,urbana,21,mujer,160,249,64.2570281124498
2024,80202,urbana,22,hombre,163,260,62.69230769230769
2024,80202,urbana,22,mujer,149,248,60.08064516129032
2024,80202,urbana,23,hombre,177,283,62.54416961130742
2024,80202,urbana,23,mujer,189,299,63.21070234113712
2024,80202,urbana,24,hombre,190,306,62.091503267973856
2024,80202,urbana,24,mujer,217,315,68.88888888888889
2024,80202,urbana,25,hombre,152,241,63.07053941908714
2024,80202,urbana,25,mujer,178,286,62.23776223776224
2024,80202,urbana,26,hombre,180,262,68.70229007633588
2024,80202,urbana,26,mujer,182,271,67.15867158671587
2024,80202,urbana,27,hombre,153,234,65.38461538461539
2024,80202,urbana,27,mujer,201,299,67.22408026755853
2024,80202,urbana,28,hombre,135,221,61.085972850678736
2024,80202,urbana,28,mujer,184,277,66.4259927797834
2024,80301,rural,16,hombre,9,57,15.789473684210526
2024,80301,rural,16,mujer,3,43,6.976744186046512
2024,80301,rural,17,hombre,8,50,16.0
2024,80301,rural,17,mujer,6,41,14.634146341463415
2024,80301,rural,18,hombre,3,35,8.571428571428571
2024,80301,rural,18,mujer,8,33,24.242424242424242
2024,80301,rural,19,hombre,8,48,16.666666666666668
2024,80301,rural,19,mujer,2,40,5.0
2024,80301,rural,20,hombre,4,39,10.256410256410257
2024,80301,rural,20,mujer,1,31,3.225806451612903
2024,80301,rural,21,hombre,4,32,12.5
2024,80301,rural,21,mujer,4,30,13.333333333333334
2024,80301,rural,22,hombre,4,39,10.256410256410257
2024,80301,rural,22,mujer,4,28,14.285714285714286
2024,80301,rural,23,hombre,2,48,4.166666666666667
2024,80301,rural,23,mujer,5,34,14.705882352941176
2024,80301,rural,24,hombre,6,36,16.666666666666668
2024,80301,rural,24,mujer,2,32,6.25
2024,80301,rural,25,hombre,4,43,9.30232558139535
2024,80301,rural,25,mujer,4,39,10.256410256410257
2024,80301,rural,26,hombre,4,46,8.695652173913043
2024,80301,rural,26,mujer,4,26,15.384615384615385
2024,80301,rural,27,hombre,6,42,14.285714285714286
2024,80301,rural,27,mujer,6,42,14.285714285714286
2024,80301,rural,28,hombre,1,37,2.7027027027027026
2024,80301,rural,28,mujer,3,35,8.571428571428571
2024,80301,urbana,16,hombre,38,58,65.51724137931035
2024,80301,urbana,16,mujer,46,81,56.79012345679013
2024,80301,urbana,17,hombre,41,73,56.16438356164384
2024,80301,urbana,17,mujer,39,67,58.208955223880594
2024,80301,urbana,18,hombre,21,39,53.84615384615385
2024,80301,urbana,18,mujer,26,49,53.06122448979592
2024,80301,urbana,19,hombre,19,41,46.34146341463415
2024,80301,urbana,19,mujer,13,34,38.23529411764706
2024,80301,urbana,20,hombre,23,41,56.09756097560975
2024,80301,urbana,20,mujer,16,31,51.61290322580645
2024,80301,urbana,21,hombre,21,30,70.0
2024,80301,urbana,21,mujer,26,45,57.77777777777778
2024,80301,urbana,22,hombre,17,36,47.22222222222222
2024,80301,urbana,22,mujer,24,41,58.53658536585366
2024,80301,urbana,23,hombre,33,46,71.73913043478261
2024,80301,urbana,23,mujer,19,41,46.34146341463415
2024,80301,urbana,24,hombre,26,46,56.52173913043478
2024,80301,urbana,24,mujer,35,60,58.333333333333336
2024,80301,urbana,25,hombre,17,39,43.58974358974359
2024,80301,urbana,25,mujer,26,52,50.0
2024,80301,urbana,26,hombre,28,55,50.90909090909091
2024,80301,urbana,26,mujer,35,59,59.32203389830509
2024,80301,urbana,27,hombre,31,47,65.95744680851064
2024,80301,urbana,27,mujer,28,49,57.142857142857146
2024,80301,urbana,28,hombre,26,52,50.0
2024,80301,urbana,28,mujer,34,61,55.73770491803279
2024,80302,rural,16,hombre,21,266,7.894736842105263
2024,80302,rural,16,mujer,22,250,8.8
2024,80302,rural,17,hombre,20,214,9.345794392523365
2024,80302,rural,17,mujer,18,237,7.594936708860759
2024,80302,rural,18,hombre,25,239,10.460251046025105
2024,80302,rural,18,mujer,6,217,2.7649769585253456
2024,80302,rural,19,hombre,12,206,5.825242718446602
2024,80302,rural,19,mujer,10,182,5.4945054945054945
2024,80302,rural,20,hombre,7,180,3.888888888888889
2024,80302,rural,20,mujer,14,216,6.481481481481482
2024,80302,rural,21,hombre,19,224,8.482142857142858
2024,80302,rural,21,mujer,15,212,7.0754716981132075
2024,80302,rural,22,hombre,11,172,6.395348837209302
2024,80302,rural,22,mujer,11,182,6.043956043956044
2024,80302,rural,23,hombre,10,199,5.025125628140704
2024,80302,rural,23,mujer,26,216,12.037037037037036
2024,80302,rural,24,hombre,14,197,7.106598984771574
2024,80302,rural,24,mujer,15,166,9.036144578313253
2024,80302,rural,25,hombre,9,192,4.6875
2024,80302,rural,25,mujer,8,174,4.597701149425287
2024,80302,rural,26,hombre,16,194,8.24742268041237
2024,80302,rural,26,mujer,11,183,6.0109289617486334
2024,80302,rural,27,hombre,16,196,8.16326530612245
2024,80302,rural,27,mujer,18,173,10.404624277456648
2024,80302,rural,28,hombre,21,198,10.606060606060606
2024,80302,rural,28,mujer,8,163,4.9079754601226995
2024,80302,urbana,16,hombre,134,230,58.26086956521739
2024,80302,urbana,16,mujer,155,250,62.0
2024,80302,urbana,17,hombre,149,264,56.43939393939394
2024,80302,urbana,17,mujer,128,224,57.142857142857146
2024,80302,urbana,18,hombre,79,155,50.96774193548387
2024,80302,urbana,18,mujer,103,191,53.92670157068063
2024,80302,urbana,19,hombre,96,174,55.172413793103445
2024,80302,urbana,19,mujer,75,133,56.390977443609025
2024,80302,urbana,20,hombre,68,135,50.370370370370374
2024,80302,urbana,20,mujer,82,154,53.246753246753244
2024,80302,urbana,21,hombre,74,132,56.06060606060606
2024,80302,urbana,21,mujer,73,139,52.51798561151079
2024,80302,urbana,22,hombre,85,155,54.83870967741935
2024,80302,urbana,22,mujer,81,169,47.928994082840234
2024,80302,urbana,23,hombre,82,159,51.57232704402516
2024,80302,urbana,23,mujer,101,172,58.72093023255814
2024,80302,urbana,24,hombre,90,151,59.602649006622514
2024,80302,urbana,24,mujer,127,211,60.18957345971564
2024,80302,urbana,25,hombre,79,133,59.3984962406015
2024,80302,urbana,25,mujer,93,166,56.024096385542165
2024,80302,urbana,26,hombre,95,160,59.375
2024,80302,urbana,26,mujer,128,209,61.24401913875598
2024,80302,urbana,27,hombre,87,157,55.4140127388535
2024,80302,urbana,27,mujer,113,161,70.1863354037267
2024,80302,urbana,28,hombre,102,177,57.6271186440678
2024,80302,urbana,28,mujer,115,187,61.49732620320856
2024,80303,rural,16,hombre,12,60,20.0
2024,80303,rural,16,mujer,7,44,15.909090909090908
2024,80303,rural,17,hombre,16,64,25.0
2024,80303,rural,17,mujer,8,53,15.09433962264151
2024,80303,rural,18,hombre,6,33,18.181818181818183
2024,80303,rural,18,mujer,6,40,15.0
2024,80303,rural,19,hombre,4,35,11.428571428571429
2024,80303,rural,19,mujer,9,33,27.272727272727273
2024,80303,rural,20,hombre,7,37,18.91891891891892
2024,80303,rural,20,mujer,5,25,20.0
2024,80303,rural,21,hombre,9,41,21.951219512195124
2024,80303,rural,21,mujer,7,47,14.893617021276595
2024,80303,rural,22,hombre,4,34,11.764705882352942
2024,80303,rural,22,mujer,5,28,17.857142857142858
2024,80303,rural,23,hombre,5,33,15.151515151515152
2024,80303,rural,23,mujer,8,43,18.6046511627907
2024,80303,rural,24,hombre,13,55,23.636363636363637
2024,80303,rural,24,mujer,11,48,22.916666666666668
2024,80303,rural,25,hombre,6,41,14.634146341463415
2024,80303,rural,25,mujer,6,38,15.789473684210526
2024,80303,rural,26,hombre,14,58,24.137931034482758
2024,80303,rural,26,mujer,11,35,31.428571428571427
2024,80303,rural,27,hombre,7,43,16.27906976744186
2024,80303,rural,27,mujer,5,47,10.638297872340425
2024,80303,rural,28,hombre,12,47,25.53191489361702
2024,80303,rural,28,mujer,15,39,38.46153846153846
2024,80303,urbana,16,hombre,32,53,60.37735849056604
2024,80303,urbana,16,mujer,34,63,53.96825396825397
2024,80303,urbana,17,hombre,35,57,61.40350877192982
2024,80303,urbana,17,mujer,37,56,66.07142857142857
2024,80303,urbana,18,hombre,24,39,61.53846153846154
2024,80303,urbana,18,mujer,20,41,48.78048780487805
2024,80303,urbana,19,hombre,22,33,66.66666666666667
2024,80303,urbana,19,mujer,16,31,51.61290322580645
2024,80303,urbana,20,hombre,21,40,52.5
2024,80303,urbana,20,mujer,19,33,57.57575757575758
2024,80303,urbana,21,hombre,15,28,53.57142857142857
2024,80303,urbana,21,mujer,16,33,48.484848484848484
2024,80303,urbana,22,hombre,24,41,58.53658536585366
2024,80303,urbana,22,mujer,23,35,65.71428571428571
2024,80303,urbana,23,hombre,27,43,62.7906976744186
2024,80303,urbana,23,mujer,31,41,75.60975609756098
2024,80303,urbana,24,hombre,33,45,73.33333333333333
2024,80303,urbana,24,mujer,32,48,66.66666666666667
2024,80303,urbana,25,hombre,25,36,69.44444444444444
2024,80303,urbana,25,mujer,24,35,68.57142857142857
2024,80303,urbana,26,hombre,26,41,63.41463414634146
2024,80303,urbana,26,mujer,27,38,71.05263157894737
2024,80303,urbana,27,hombre,32,50,64.0
2024,80303,urbana,27,mujer,21,45,46.666666666666664
2024,80303,urbana,28,hombre,34,47,72.34042553191489
2024,80303,urbana,28,mujer,24,35,68.57142857142857
2024,80304,rural,16,hombre,19,92,20.652173913043477
2024,80304,rural,16,mujer,5,57,8.771929824561404
2024,80304,rural,17,hombre,19,69,27.536231884057973
2024,80304,rural,17,mujer,12,66,18.181818181818183
2024,80304,rural,18,hombre,11,66,16.666666666666668
2024,80304,rural,18,mujer,7,48,14.583333333333334
2024,80304,rural,19,hombre,4,42,9.523809523809524
2024,80304,rural,19,mujer,3,49,6.122448979591836
2024,80304,rural,20,hombre,11,66,16.666666666666668
2024,80304,rural,20,mujer,5,47,10.638297872340425
2024,80304,rural,21,hombre,4,45,8.88888888888889
2024,80304,rural,21,mujer,6,48,12.5
2024,80304,rural,22,hombre,5,47,10.638297872340425
2024,80304,rural,22,mujer,10,52,19.23076923076923
2024,80304,rural,23,hombre,6,64,9.375
2024,80304,rural,23,mujer,8,56,14.285714285714286
2024,80304,rural,24,hombre,8,66,12.121212121212121
2024,80304,rural,24,mujer,8,56,14.285714285714286
2024,80304,rural,25,hombre,8,46,17.391304347826086
2024,80304,rural,25,mujer,7,59,11.864406779661017
2024,80304,rural,26,hombre,9,73,12.32876712328767
2024,80304,rural,26,mujer,12,46,26.08695652173913
2024,80304,rural,27,hombre,14,65,21.53846153846154
2024,80304,rural,27,mujer,14,63,22.22222222222222
2024,80304,rural,28,hombre,3,65,4.615384615384615
2024,80304,rural,28,mujer,13,61,21.311475409836067
2024,80304,urbana,16,hombre,88,151,58.27814569536424
2024,80304,urbana,16,mujer,81,124,65.3225806451613
2024,80304,urbana,17,hombre,92,135,68.14814814814815
2024,80304,urbana,17,mujer,90,148,60.810810810810814
2024,80304,urbana,18,hombre,72,109,66.05504587155963
2024,80304,urbana,18,mujer,52,86,60.46511627906977
2024,80304,urbana,19,hombre,54,87,62.06896551724138
2024,80304,urbana,19,mujer,61,90,67.77777777777777
2024,80304,urbana,20,hombre,53,84,63.095238095238095
2024,80304,urbana,20,mujer,65,107,60.74766355140187
2024,80304,urbana,21,hombre,62,90,68.88888888888889
2024,80304,urbana,21,mujer,51,95,53.68421052631579
2024,80304,urbana,22,hombre,50,74,67.56756756756756
2024,80304,urbana,22,mujer,59,106,55.660377358490564
2024,80304,urbana,23,hombre,74,112,66.07142857142857
2024,80304,urbana,23,mujer,61,108,56.48148148148148
2024,80304,urbana,24,hombre,58,101,57.42574257425743
2024,80304,urbana,24,mujer,85,129,65.89147286821705
2024,80304,urbana,25,hombre,50,89,56.17977528089887
2024,80304,urbana,25,mujer,64,110,58.18181818181818
2024,80304,urbana,26,hombre,71,112,63.392857142857146
2024,80304,urbana,26,mujer,68,113,60.176991150442475
2024,80304,urbana,27,hombre,60,92,65.21739130434783
2024,80304,urbana,27,mujer,76,114,66.66666666666667
2024,80304,urbana,28,hombre,65,92,70.65217391304348
2024,80304,urbana,28,mujer,78,110,70.9090909090909
2024,80401,rural,16,hombre,10,48,20.833333333333332
2024,80401,rural,16,mujer,5,50,10.0
2024,80401,rural,17,hombre,9,61,14.754098360655737
2024,80401,rural,17,mujer,4,39,10.256410256410257
2024,80401,rural,18,hombre,4,36,11.11111111111111
2024,80401,rural,18,mujer,2,35,5.714285714285714
2024,80401,rural,19,hombre,9,45,20.0
2024,80401,rural,19,mujer,9,46,19.565217391304348
2024,80401,rural,20,hombre,2,37,5.405405405405405
2024,80401,rural,20,mujer,5,42,11.904761904761905
2024,80401,rural,21,hombre,12,64,18.75
2024,80401,rural,21,mujer,5,39,12.820512820512821
2024,80401,rural,22,hombre,7,35,20.0
2024,80401,rural,22,mujer,3,28,10.714285714285714
2024,80401,rural,23,hombre,5,48,10.416666666666666
2024,80401,rural,23,mujer,3,33,9.090909090909092
2024,80401,rural,24,hombre,11,60,18.333333333333332
2024,80401,rural,24,mujer,4,36,11.11111111111111
2024,80401,rural,25,hombre,7,41,17.073170731707318
2024,80401,rural,25,mujer,3,32,9.375
2024,80401,rural,26,hombre,13,64,20.3125
2024,80401,rural,26,mujer,5,38,13.157894736842104
2024,80401,rural,27,hombre,9,36,25.0
2024,80401,rural,27,mujer,6,31,19.35483870967742
2024,80401,rural,28,hombre,2,46,4.3478260869565215
2024,80401,rural,28,mujer,7,36,19.444444444444443
2024,80401,urbana,16,hombre,96,130,73.84615384615384
2024,80401,urbana,16,mujer,116,151,76.82119205298014
2024,80401,urbana,17,hombre,113,154,73.37662337662337
2024,80401,urbana,17,mujer,94,121,77.68595041322314
2024,80401,urbana,18,hombre,61,93,65.59139784946237
2024,80401,urbana,18,mujer,60,89,67.41573033707866
2024,80401,urbana,19,hombre,65,88,73.86363636363636
2024,80401,urbana,19,mujer,70,98,71.42857142857143
2024,80401,urbana,20,hombre,67,86,77.90697674418605
2024,80401,urbana,20,mujer,62,89,69.66292134831461
2024,80401,urbana,21,hombre,59,78,75.64102564102564
2024,80401,urbana,21,mujer,54,78,69.23076923076923
2024,80401,urbana,22,hombre,66,86,76.74418604651163
2024,80401,urbana,22,mujer,63,86,73.25581395348837
2024,80401,urbana,23,hombre,52,75,69.33333333333333
2024,80401,urbana,23,mujer,80,108,74.07407407407408
2024,80401,urbana,24,hombre,78,107,72.89719626168224
2024,80401,urbana,24,mujer,83,115,72.17391304347827
2024,80401,urbana,25,hombre,59,78,75.64102564102564
2024,80401,urbana,25,mujer,58,84,69.04761904761905
2024,80401,urbana,26,hombre,58,81,71.60493827160494
2024,80401,urbana,26,mujer,66,84,78.57142857142857
2024,80401,urbana,27,hombre,71,91,78.02197802197803
2024,80401,urbana,27,mujer,86,113,76.10619469026548
2024,80401,urbana,28,hombre,49,77,63.63636363636363
2024,80401,urbana,28,mujer,67,94,71.27659574468085
2024,80402,rural,16,hombre,4,48,8.333333333333334
2024,80402,rural,16,mujer,8,56,14.285714285714286
2024,80402,rural,17,hombre,3,61,4.918032786885246
2024,80402,rural,17,mujer,7,58,12.068965517241379
2024,80402,rural,18,hombre,5,62,8.064516129032258
2024,80402,rural,18,mujer,4,57,7.017543859649122
2024,80402,rural,19,hombre,3,64,4.6875
2024,80402,rural,19,mujer,7,67,10.447761194029852
2024,80402,rural,20,hombre,10,82,12.195121951219512
2024,80402,rural,20,mujer,10,88,11.363636363636363
2024,80402,rural,21,hombre,5,77,6.4935064935064934
2024,80402,rural,21,mujer,10,59,16.949152542372882
2024,80402,rural,22,hombre,14,83,16.867469879518072
2024,80402,rural,22,mujer,4,63,6.349206349206349
2024,80402,rural,23,hombre,17,74,22.972972972972972
2024,80402,rural,23,mujer,7,59,11.864406779661017
2024,80402,rural,24,hombre,11,78,14.102564102564102
2024,80402,rural,24,mujer,7,53,13.20754716981132
2024,80402,rural,25,hombre,12,72,16.666666666666668
2024,80402,rural,25,mujer,3,45,6.666666666666667
2024,80402,rural,26,hombre,12,63,19.047619047619047
2024,80402,rural,26,mujer,8,53,15.09433962264151
2024,80402,rural,27,hombre,11,74,14.864864864864865
2024,80402,rural,27,mujer,8,60,13.333333333333334
2024,80402,rural,28,hombre,9,71,12.67605633802817
2024,80402,rural,28,mujer,5,47,10.638297872340425
2024,80402,urbana,16,hombre,4,18,22.22222222222222
2024,80402,urbana,16,mujer,8,18,44.44444444444444
2024,80402,urbana,17,hombre,11,26,42.30769230769231
2024,80402,urbana,17,mujer,5,14,35.714285714285715
2024,80402,urbana,18,hombre,5,19,26.31578947368421
2024,80402,urbana,18,mujer,4,21,19.047619047619047
2024,80402,urbana,19,hombre,9,23,39.130434782608695
2024,80402,urbana,19,mujer,9,21,42.857142857142854
2024,80402,urbana,20,hombre,15,32,46.875
2024,80402,urbana,20,mujer,11,26,42.30769230769231
2024,80402,urbana,21,hombre,5,20,25.0
2024,80402,urbana,21,mujer,9,20,45.0
2024,80402,urbana,22,hombre,7,18,38.888888888888886
2024,80402,urbana,22,mujer,7,19,36.8421052631579
2024,80402,urbana,23,hombre,9,33,27.272727272727273
2024,80402,urbana,23,mujer,9,17,52.94117647058823
2024,80402,urbana,24,hombre,6,26,23.076923076923077
2024,80402,urbana,24,mujer,4,17,23.529411764705884
2024,80402,urbana,25,hombre,7,21,33.333333333333336
2024,80402,urbana,25,mujer,4,22,18.181818181818183
2024,80402,urbana,26,hombre,3,18,16.666666666666668
2024,80402,urbana,26,mujer,4,15,26.666666666666668
2024,80402,urbana,27,hombre,9,19,47.36842105263158
2024,80402,urbana,27,mujer,3,16,18.75
2024,80402,urbana,28,hombre,1,11,9.090909090909092
2024,80402,urbana,28,mujer,8,23,34.78260869565217
2024,80501,rural,16,hombre,22,135,16.296296296296298
2024,80501,rural,16,mujer,19,91,20.87912087912088
2024,80501,rural,17,hombre,17,111,15.315315315315315
2024,80501,rural,17,mujer,16,117,13.675213675213675
2024,80501,rural,18,hombre,16,78,20.512820512820515
2024,80501,rural,18,mujer,13,64,20.3125
2024,80501,rural,19,hombre,7,87,8.045977011494253
2024,80501,rural,19,mujer,11,76,14.473684210526315
2024,80501,rural,20,hombre,9,72,12.5
2024,80501,rural,20,mujer,12,78,15.384615384615385
2024,80501,rural,21,hombre,18,74,24.324324324324323
2024,80501,rural,21,mujer,10,72,13.88888888888889
2024,80501,rural,22,hombre,12,73,16.438356164383563
2024,80501,rural,22,mujer,15,82,18.29268292682927
2024,80501,rural,23,hombre,22,93,23.655913978494624
2024,80501,rural,23,mujer,22,81,27.160493827160494
2024,80501,rural,24,hombre,17,109,15.596330275229358
2024,80501,rural,24,mujer,14,106,13.20754716981132
2024,80501,rural,25,hombre,26,101,25.742574257425744
2024,80501,rural,25,mujer,11,66,16.666666666666668
2024,80501,rural,26,hombre,14,85,16.470588235294116
2024,80501,rural,26,mujer,19,70,27.142857142857142
2024,80501,rural,27,hombre,15,76,19.736842105263158
2024,80501,rural,27,mujer,14,75,18.666666666666668
2024,80501,rural,28,hombre,19,81,23.45679012345679
2024,80501,rural,28,mujer,10,69,14.492753623188406
2024,80501,urbana,16,hombre,68,123,55.28455284552845
2024,80501,urbana,16,mujer,69,124,55.645161290322584
2024,80501,urbana,17,hombre,47,89,52.80898876404494
2024,80501,urbana,17,mujer,73,117,62.39316239316239
2024,80501,urbana,18,hombre,43,75,57.333333333333336
2024,80501,urbana,18,mujer,49,93,52.68817204301075
2024,80501,urbana,19,hombre,39,61,63.9344262295082
2024,80501,urbana,19,mujer,63,86,73.25581395348837
2024,80501,urbana,20,hombre,57,95,60.0
2024,80501,urbana,20,mujer,41,76,53.94736842105263
2024,80501,urbana,21,hombre,47,72,65.27777777777777
2024,80501,urbana,21,mujer,49,78,62.82051282051282
2024,80501,urbana,22,hombre,45,73,61.64383561643836
2024,80501,urbana,22,mujer,43,69,62.31884057971015
2024,80501,urbana,23,hombre,51,91,56.043956043956044
2024,80501,urbana,23,mujer,42,75,56.0
2024,80501,urbana,24,hombre,47,74,63.513513513513516
2024,80501,urbana,24,mujer,50,89,56.17977528089887
2024,80501,urbana,25,hombre,44,73,60.273972602739725
2024,80501,urbana,25,mujer,45,77,58.44155844155844
2024,80501,urbana,26,hombre,30,63,47.61904761904762
2024,80501,urbana,26,mujer,52,88,59.09090909090909
2024,80501,urbana,27,hombre,40,68,58.8235294117647
2024,80501,urbana,27,mujer,45,75,60.0
2024,80501,urbana,28,hombre,39,73,53.42465753424658
2024,80501,urbana,28,mujer,50,80,62.5
2024,80601,rural,16,hombre,5,25,20.0
2024,80601,rural,16,mujer,24,53,45.283018867924525
2024,80601,rural,17,hombre,5,26,19.23076923076923
2024,80601,rural,17,mujer,11,31,35.483870967741936
2024,80601,rural,18,hombre,13,38,34.21052631578947
2024,80601,rural,18,mujer,6,25,24.0
2024,80601,rural,19,hombre,6,17,35.294117647058826
2024,80601,rural,19,mujer,5,38,13.157894736842104
2024,80601,rural,20,hombre,12,34,35.294117647058826
2024,80601,rural,20,mujer,13,46,28.26086956521739
2024,80601,rural,21,hombre,6,27,22.22222222222222
2024,80601,rural,21,mujer,7,30,23.333333333333332
2024,80601,rural,22,hombre,13,37,35.13513513513514
2024,80601,rural,22,mujer,7,35,20.0
2024,80601,rural,23,hombre,9,38,23.68421052631579
2024,80601,rural,23,mujer,9,27,33.333333333333336
2024,80601,rural,24,hombre,13,29,44.827586206896555
2024,80601,rural,24,mujer,12,35,34.285714285714285
2024,80601,rural,25,hombre,14,41,34.146341463414636
2024,80601,rural,25,mujer,15,25,60.0
2024,80601,rural,26,hombre,9,29,31.03448275862069
2024,80601,rural,26,mujer,9,26,34.61538461538461
2024,80601,rural,27,hombre,10,33,30.303030303030305
2024,80601,rural,27,mujer,15,35,42.857142857142854
2024,80601,rural,28,hombre,8,35,22.857142857142858
2024,80601,rural,28,mujer,9,36,25.0
2024,80602,rural,16,hombre,31,116,26.724137931034484
2024,80602,rural,16,mujer,26,64,40.625
2024,80602,rural,17,hombre,28,127,22.04724409448819
2024,80602,rural,17,mujer,23,93,24.731182795698924
2024,80602,rural,18,hombre,22,98,22.448979591836736
2024,80602,rural,18,mujer,16,84,19.047619047619047
2024,80602,rural,19,hombre,17,100,17.0
2024,80602,rural,19,mujer,13,65,20.0
2024,80602,rural,20,hombre,15,98,15.306122448979592
2024,80602,rural,20,mujer,19,70,27.142857142857142
2024,80602,rural,21,hombre,15,111,13.513513513513514
2024,80602,rural,21,mujer,20,82,24.390243902439025
2024,80602,rural,22,hombre,20,109,18.34862385321101
2024,80602,rural,22,mujer,24,86,27.906976744186046
2024,80602,rural,23,hombre,19,135,14.074074074074074
2024,80602,rural,23,mujer,14,93,15.053763440860216
2024,80602,rural,24,hombre,22,131,16.793893129770993
2024,80602,rural,24,mujer,16,122,13.114754098360656
2024,80602,rural,25,hombre,25,129,19.37984496124031
2024,80602,rural,25,mujer,19,84,22.61904761904762
2024,80602,rural,26,hombre,21,133,15.789473684210526
2024,80602,rural,26,mujer,20,110,18.181818181818183
2024,80602,rural,27,hombre,20,124,16.129032258064516
2024,80602,rural,27,mujer,22,117,18.803418803418804
2024,80602,rural,28,hombre,25,148,16.89189189189189
2024,80602,rural,28,mujer,28,120,23.333333333333332
2024,80602,urbana,16,hombre,11,25,44.0
2024,80602,urbana,16,mujer,5,28,17.857142857142858
2024,80602,urbana,17,hombre,16,36,44.44444444444444
2024,80602,urbana,17,mujer,8,28,28.571428571428573
2024,80602,urbana,18,hombre,10,14,71.42857142857143
2024,80602,urbana,18,mujer,5,18,27.77777777777778
2024,80602,urbana,19,hombre,5,13,38.46153846153846
2024,80602,urbana,19,mujer,8,18,44.44444444444444
2024,80602,urbana,20,hombre,4,18,22.22222222222222
2024,80602,urbana,20,mujer,9,28,32.142857142857146
2024,80602,urbana,21,hombre,6,16,37.5
2024,80602,urbana,21,mujer,3,9,33.333333333333336
2024,80602,urbana,22,hombre,7,20,35.0
2024,80602,urbana,22,mujer,7,18,38.888888888888886
2024,80602,urbana,23,hombre,3,13,23.076923076923077
2024,80602,urbana,23,mujer,7,24,29.166666666666668
2024,80602,urbana,24,hombre,9,20,45.0
2024,80602,urbana,24,mujer,9,24,37.5
2024,80602,urbana,25,hombre,2,11,18.181818181818183
2024,80602,urbana,25,mujer,5,17,29.41176470588235
2024,80602,urbana,26,hombre,2,16,12.5
2024,80602,urbana,26,mujer,9,31,29.032258064516128
2024,80602,urbana,27,hombre,7,21,33.333333333333336
2024,80602,urbana,27,mujer,11,28,39.285714285714285
2024,80602,urbana,28,hombre,10,24,41.666666666666664
2024,80602,urbana,28,mujer,10,26,38.46153846153846
2024,80701,rural,16,hombre,0,14,0.0
2024,80701,rural,16,mujer,4,17,23.529411764705884
2024,80701,rural,17,hombre,2,19,10.526315789473685
2024,80701,rural,17,mujer,6,14,42.857142857142854
2024,80701,rural,18,hombre,3,11,27.272727272727273
2024,80701,rural,18,mujer,6,15,40.0
2024,80701,rural,19,hombre,2,11,18.181818181818183
2024,80701,rural,19,mujer,1,10,10.0
2024,80701,rural,20,hombre,0,11,0.0
2024,80701,rural,20,mujer,2,13,15.384615384615385
2024,80701,rural,21,hombre,3,12,25.0
2024,80701,rural,21,mujer,0,9,0.0
2024,80701,rural,22,hombre,3,14,21.428571428571427
2024,80701,rural,22,mujer,1,18,5.555555555555555
2024,80701,rural,23,hombre,2,16,12.5
2024,80701,rural,23,mujer,4,15,26.666666666666668
2024,80701,rural,24,hombre,3,16,18.75
2024,80701,rural,24,mujer,1,12,8.333333333333334
2024,80701,rural,25,hombre,0,15,0.0
2024,80701,rural,25,mujer,1,12,8.333333333333334
2024,80701,rural,26,hombre,2,9,22.22222222222222
2024,80701,rural,26,mujer,1,13,7.6923076923076925
2024,80701,rural,27,hombre,6,24,25.0
2024,80701,rural,27,mujer,4,11,36.36363636363637
2024,80701,rural,28,hombre,2,18,11.11111111111111
2024,80701,rural,28,mujer,2,15,13.333333333333334
2024,80701,urbana,16,hombre,24,36,66.66666666666667
2024,80701,urbana,16,mujer,26,38,68.42105263157895
2024,80701,urbana,17,hombre,23,45,51.111111111111114
2024,80701,urbana,17,mujer,23,36,63.888888888888886
2024,80701,urbana,18,hombre,13,26,50.0
2024,80701,urbana,18,mujer,18,31,58.064516129032256
2024,80701,urbana,19,hombre,18,32,56.25
2024,80701,urbana,19,mujer,18,31,58.064516129032256
2024,80701,urbana,20,hombre,10,27,37.03703703703704
2024,80701,urbana,20,mujer,22,36,61.111111111111114
2024,80701,urbana,21,hombre,14,24,58.333333333333336
2024,80701,urbana,21,mujer,17,31,54.83870967741935
2024,80701,urbana,22,hombre,21,28,75.0
2024,80701,urbana,22,mujer,14,30,46.666666666666664
2024,80701,urbana,23,hombre,27,41,65.85365853658537
2024,80701,urbana,23,mujer,32,49,65.3061224489796
2024,80701,urbana,24,hombre,27,45,60.0
2024,80701,urbana,24,mujer,20,37,54.054054054054056
2024,80701,urbana,25,hombre,17,29,58.62068965517241
2024,80701,urbana,25,mujer,32,43,74.4186046511628
2024,80701,urbana,26,hombre,18,32,56.25
2024,80701,urbana,26,mujer,19,33,57.57575757575758
2024,80701,urbana,27,hombre,26,40,65.0
2024,80701,urbana,27,mujer,19,42,45.23809523809524
2024,80701,urbana,28,hombre,25,42,59.523809523809526
2024,80701,urbana,28,mujer,29,42,69.04761904761905
2024,80702,rural,16,hombre,6,8,75.0
2024,80702,rural,16,mujer,2,7,28.571428571428573
2024,80702,rural,17,hombre,5,16,31.25
2024,80702,rural,17,mujer,5,11,45.45454545454545
2024,80702,rural,18,hombre,6,18,33.333333333333336
2024,80702,rural,18,mujer,5,12,41.666666666666664
2024,80702,rural,19,hombre,5,18,27.77777777777778
2024,80702,rural,19,mujer,8,21,38.095238095238095
2024,80702,rural,20,hombre,5,18,27.77777777777778
2024,80702,rural,20,mujer,1,10,10.0
2024,80702,rural,21,hombre,3,18,16.666666666666668
2024,80702,rural,21,mujer,4,14,28.571428571428573
2024,80702,rural,22,hombre,6,17,35.294117647058826
2024,80702,rural,22,mujer,3,10,30.0
2024,80702,rural,23,hombre,5,21,23.80952380952381
2024,80702,rural,23,mujer,3,12,25.0
2024,80702,rural,24,hombre,3,15,20.0
2024,80702,rural,24,mujer,3,7,42.857142857142854
2024,80702,rural,25,hombre,3,14,21.428571428571427
2024,80702,rural,25,mujer,7,15,46.666666666666664
2024,80702,rural,26,hombre,4,13,30.76923076923077
2024,80702,rural,26,mujer,2,18,11.11111111111111
2024,80702,rural,27,hombre,1,12,8.333333333333334
2024,80702,rural,27,mujer,2,14,14.285714285714286
2024,80702,rural,28,hombre,6,21,28.571428571428573
2024,80702,rural,28,mujer,3,9,33.333333333333336
2024,80702,urbana,16,hombre,25,53,47.16981132075472
2024,80702,urbana,16,mujer,26,55,47.27272727272727
2024,80702,urbana,17,hombre,22,41,53.65853658536585
2024,80702,urbana,17,mujer,23,39,58.97435897435897
2024,80702,urbana,18,hombre,12,31,38.70967741935484
2024,80702,urbana,18,mujer,17,25,68.0
2024,80702,urbana,19,hombre,18,36,50.0
2024,80702,urbana,19,mujer,13,24,54.166666666666664
2024,80702,urbana,20,hombre,10,26,38.46153846153846
2024,80702,urbana,20,mujer,10,24,41.666666666666664
2024,80702,urbana,21,hombre,14,33,42.42424242424242
2024,80702,urbana,21,mujer,9,18,50.0
2024,80702,urbana,22,hombre,10,24,41.666666666666664
2024,80702,urbana,22,mujer,10,17,58.8235294117647
2024,80702,urbana,23,hombre,18,33,54.54545454545455
2024,80702,urbana,23,mujer,12,25,48.0
2024,80702,urbana,24,hombre,10,19,52.63157894736842
2024,80702,urbana,24,mujer,25,39,64.1025641025641
2024,80702,urbana,25,hombre,12,21,57.142857142857146
2024,80702,urbana,25,mujer,26,38,68.42105263157895
2024,80702,urbana,26,hombre,16,32,50.0
2024,80702,urbana,26,mujer,13,27,48.148148148148145
2024,80702,urbana,27,hombre,9,17,52.94117647058823
2024,80702,urbana,27,mujer,18,24,75.0
2024,80702,urbana,28,hombre,20,33,60.60606060606061
2024,80702,urbana,28,mujer,19,33,57.57575757575758
2024,80703,rural,16,hombre,3,10,30.0
2024,80703,rural,16,mujer,6,17,35.294117647058826
2024,80703,rural,17,hombre,4,12,33.333333333333336
2024,80703,rural,17,mujer,4,6,66.66666666666667
2024,80703,rural,18,hombre,3,7,42.857142857142854
2024,80703,rural,18,mujer,4,8,50.0
2024,80703,rural,19,hombre,1,3,33.333333333333336
2024,80703,rural,19,mujer,2,6,33.333333333333336
2024,80703,rural,20,hombre,1,4,25.0
2024,80703,rural,20,mujer,7,9,77.77777777777777
2024,80703,rural,21,hombre,3,7,42.857142857142854
2024,80703,rural,21,mujer,3,9,33.333333333333336
2024,80703,rural,22,hombre,0,4,0.0
2024,80703,rural,22,mujer,4,7,57.142857142857146
2024,80703,rural,23,hombre,5,11,45.45454545454545
2024,80703,rural,23,mujer,3,8,37.5
2024,80703,rural,24,hombre,2,10,20.0
2024,80703,rural,24,mujer,3,10,30.0
2024,80703,rural,25,hombre,7,13,53.84615384615385
2024,80703,rural,25,mujer,3,5,60.0
2024,80703,rural,26,hombre,5,7,71.42857142857143
2024,80703,rural,26,mujer,4,14,28.571428571428573
2024,80703,rural,27,hombre,5,10,50.0
2024,80703,rural,27,mujer,3,6,50.0
2024,80703,rural,28,hombre,6,14,42.857142857142854
2024,80703,rural,28,mujer,5,8,62.5
2024,80801,rural,16,hombre,4,26,15.384615384615385
2024,80801,rural,16,mujer,3,23,13.043478260869565
2024,80801,rural,17,hombre,4,31,12.903225806451612
2024,80801,rural,17,mujer,4,20,20.0
2024,80801,rural,18,hombre,5,20,25.0
2024,80801,rural,18,mujer,2,15,13.333333333333334
2024,80801,rural,19,hombre,7,16,43.75
2024,80801,rural,19,mujer,2,12,16.666666666666668
2024,80801,rural,20,hombre,0,11,0.0
2024,80801,rural,20,mujer,3,16,18.75
2024,80801,rural,21,hombre,4,17,23.529411764705884
2024,80801,rural,21,mujer,2,15,13.333333333333334
2024,80801,rural,22,hombre,4,18,22.22222222222222
2024,80801,rural,22,mujer,4,16,25.0
2024,80801,rural,23,hombre,7,20,35.0
2024,80801,rural,23,mujer,7,20,35.0
2024,80801,rural,24,hombre,2,28,7.142857142857143
2024,80801,rural,24,mujer,4,26,15.384615384615385
2024,80801,rural,25,hombre,5,28,17.857142857142858
2024,80801,rural,25,mujer,2,16,12.5
2024,80801,rural,26,hombre,3,21,14.285714285714286
2024,80801,rural,26,mujer,2,16,12.5
2024,80801,rural,27,hombre,8,27,29.62962962962963
2024,80801,rural,27,mujer,2,16,12.5
2024,80801,rural,28,hombre,7,26,26.923076923076923
2024,80801,rural,28,mujer,7,22,31.818181818181817
2024,80801,urbana,16,hombre,37,105,35.23809523809524
2024,80801,urbana,16,mujer,37,94,39.361702127659576
2024,80801,urbana,17,hombre,50,109,45.87155963302752
2024,80801,urbana,17,mujer,48,103,46.601941747572816
2024,80801,urbana,18,hombre,31,68,45.588235294117645
2024,80801,urbana,18,mujer,32,74,43.24324324324324
2024,80801,urbana,19,hombre,29,69,42.028985507246375
2024,80801,urbana,19,mujer,26,51,50.98039215686274
2024,80801,urbana,20,hombre,22,53,41.509433962264154
2024,80801,urbana,20,mujer,24,55,43.63636363636363
2024,80801,urbana,21,hombre,24,61,39.34426229508197
2024,80801,urbana,21,mujer,27,56,48.214285714285715
2024,80801,urbana,22,hombre,28,59,47.45762711864407
2024,80801,urbana,22,mujer,14,45,31.11111111111111
2024,80801,urbana,23,hombre,21,64,32.8125
2024,80801,urbana,23,mujer,33,66,50.0
2024,80801,urbana,24,hombre,28,67,41.791044776119406
2024,80801,urbana,24,mujer,39,79,49.36708860759494
2024,80801,urbana,25,hombre,20,55,36.36363636363637
2024,80801,urbana,25,mujer,26,50,52.0
2024,80801,urbana,26,hombre,31,73,42.465753424657535
2024,80801,urbana,26,mujer,32,66,48.484848484848484
2024,80801,urbana,27,hombre,24,68,35.294117647058826
2024,80801,urbana,27,mujer,34,81,41.97530864197531
2024,80801,urbana,28,hombre,26,60,43.333333333333336
2024,80801,urbana,28,mujer,28,70,40.0
2024,80802,rural,16,hombre,4,32,12.5
2024,80802,rural,16,mujer,1,26,3.8461538461538463
2024,80802,rural,17,hombre,12,54,22.22222222222222
2024,80802,rural,17,mujer,1,36,2.7777777777777777
2024,80802,rural,18,hombre,5,38,13.157894736842104
2024,80802,rural,18,mujer,2,25,8.0
2024,80802,rural,19,hombre,0,32,0.0
2024,80802,rural,19,mujer,4,22,18.181818181818183
2024,80802,rural,20,hombre,3,46,6.521739130434782
2024,80802,rural,20,mujer,2,30,6.666666666666667
2024,80802,rural,21,hombre,3,39,7.6923076923076925
2024,80802,rural,21,mujer,1,29,3.4482758620689653
2024,80802,rural,22,hombre,2,49,4.081632653061225
2024,80802,rural,22,mujer,3,36,8.333333333333334
2024,80802,rural,23,hombre,4,52,7.6923076923076925
2024,80802,rural,23,mujer,3,55,5.454545454545454
2024,80802,rural,24,hombre,5,68,7.352941176470588
2024,80802,rural,24,mujer,10,46,21.73913043478261
2024,80802,rural,25,hombre,4,46,8.695652173913043
2024,80802,rural,25,mujer,4,32,12.5
2024,80802,rural,26,hombre,8,59,13.559322033898304
2024,80802,rural,26,mujer,6,43,13.953488372093023
2024,80802,rural,27,hombre,6,43,13.953488372093023
2024,80802,rural,27,mujer,6,51,11.764705882352942
2024,80802,rural,28,hombre,3,52,5.769230769230769
2024,80802,rural,28,mujer,4,41,9.75609756097561
2024,80802,urbana,16,hombre,6,23,26.08695652173913
2024,80802,urbana,16,mujer,5,22,22.727272727272727
2024,80802,urbana,17,hombre,5,26,19.23076923076923
2024,80802,urbana,17,mujer,9,22,40.90909090909091
2024,80802,urbana,18,hombre,6,13,46.15384615384615
2024,80802,urbana,18,mujer,3,15,20.0
2024,80802,urbana,19,hombre,4,13,30.76923076923077
2024,80802,urbana,19,mujer,6,14,42.857142857142854
2024,80802,urbana,20,hombre,5,17,29.41176470588235
2024,80802,urbana,20,mujer,6,15,40.0
2024,80802,urbana,21,hombre,4,10,40.0
2024,80802,urbana,21,mujer,6,16,37.5
2024,80802,urbana,22,hombre,4,9,44.44444444444444
2024,80802,urbana,22,mujer,2,10,20.0
2024,80802,urbana,23,hombre,3,12,25.0
2024,80802,urbana,23,mujer,3,13,23.076923076923077
2024,80802,urbana,24,hombre,2,12,16.666666666666668
2024,80802,urbana,24,mujer,5,14,35.714285714285715
2024,80802,urbana,25,hombre,3,16,18.75
2024,80802,urbana,25,mujer,6,12,50.0
2024,80802,urbana,26,hombre,3,12,25.0
2024,80802,urbana,26,mujer,3,12,25.0
2024,80802,urbana,27,hombre,5,14,35.714285714285715
2024,80802,urbana,27,mujer,4,11,36.36363636363637
2024,80802,urbana,28,hombre,5,15,33.333333333333336
2024,80802,urbana,28,mujer,6,18,33.333333333333336
2024,80803,rural,16,hombre,4,18,22.22222222222222
2024,80803,rural,16,mujer,3,15,20.0
2024,80803,rural,17,hombre,3,20,15.0
2024,80803,rural,17,mujer,2,12,16.666666666666668
2024,80803,rural,18,hombre,4,20,20.0
2024,80803,rural,18,mujer,6,20,30.0
2024,80803,rural,19,hombre,6,19,31.57894736842105
2024,80803,rural,19,mujer,4,21,19.047619047619047
2024,80803,rural,20,hombre,5,18,27.77777777777778
2024,80803,rural,20,mujer,4,20,20.0
2024,80803,rural,21,hombre,7,23,30.434782608695652
2024,80803,rural,21,mujer,3,18,16.666666666666668
2024,80803,rural,22,hombre,2,18,11.11111111111111
2024,80803,rural,22,mujer,4,17,23.529411764705884
2024,80803,rural,23,hombre,10,30,33.333333333333336
2024,80803,rural,23,mujer,6,21,28.571428571428573
2024,80803,rural,24,hombre,5,34,14.705882352941176
2024,80803,rural,24,mujer,4,15,26.666666666666668
2024,80803,rural,25,hombre,2,24,8.333333333333334
2024,80803,rural,25,mujer,3,15,20.0
2024,80803,rural,26,hombre,3,14,21.428571428571427
2024,80803,rural,26,mujer,6,15,40.0
2024,80803,rural,27,hombre,6,24,25.0
2024,80803,rural,27,mujer,5,17,29.41176470588235
2024,80803,rural,28,hombre,8,24,33.333333333333336
2024,80803,rural,28,mujer,6,18,33.333333333333336
2024,80803,urbana,16,hombre,6,20,30.0
2024,80803,urbana,16,mujer,10,20,50.0
2024,80803,urbana,17,hombre,9,24,37.5
2024,80803,urbana,17,mujer,4,14,28.571428571428573
2024,80803,urbana,18,hombre,3,9,33.333333333333336
2024,80803,urbana,18,mujer,2,7,28.571428571428573
2024,80803,urbana,19,hombre,2,10,20.0
2024,80803,urbana,19,mujer,3,8,37.5
2024,80803,urbana,20,hombre,9,18,50.0
2024,80803,urbana,20,mujer,4,13,30.76923076923077
2024,80803,urbana,21,hombre,2,11,18.181818181818183
2024,80803,urbana,21,mujer,5,17,29.41176470588235
2024,80803,urbana,22,hombre,7,12,58.333333333333336
2024,80803,urbana,22,mujer,4,14,28.571428571428573
2024,80803,urbana,23,hombre,5,16,31.25
2024,80803,urbana,23,mujer,10,16,62.5
2024,80803,urbana,24,hombre,7,20,35.0
2024,80803,urbana,24,mujer,4,12,33.333333333333336
2024,80803,urbana,25,hombre,5,20,25.0
2024,80803,urbana,25,mujer,1,7,14.285714285714286
2024,80803,urbana,26,hombre,8,21,38.095238095238095
2024,80803,urbana,26,mujer,10,17,58.8235294117647
2024,80803,urbana,27,hombre,9,17,52.94117647058823
2024,80803,urbana,27,mujer,4,8,50.0
2024,80803,urbana,28,hombre,5,17,29.41176470588235
2024,80803,urbana,28,mujer,10,16,62.5
2024,80901,rural,16,hombre,5,56,8.928571428571429
2024,80901,rural,16,mujer,7,37,18.91891891891892
2024,80901,rural,17,hombre,7,45,15.555555555555555
2024,80901,rural,17,mujer,5,30,16.666666666666668
2024,80901,rural,18,hombre,3,31,9.67741935483871
2024,80901,rural,18,mujer,1,25,4.0
2024,80901,rural,19,hombre,3,26,11.538461538461538
2024,80901,rural,19,mujer,2,27,7.407407407407407
2024,80901,rural,20,hombre,3,27,11.11111111111111
2024,80901,rural,20,mujer,2,30,6.666666666666667
2024,80901,rural,21,hombre,4,42,9.523809523809524
2024,80901,rural,21,mujer,4,35,11.428571428571429
2024,80901,rural,22,hombre,4,23,17.391304347826086
2024,80901,rural,22,mujer,2,26,7.6923076923076925
2024,80901,rural,23,hombre,1,23,4.3478260869565215
2024,80901,rural,23,mujer,3,34,8.823529411764707
2024,80901,rural,24,hombre,2,35,5.714285714285714
2024,80901,rural,24,mujer,3,32,9.375
2024,80901,rural,25,hombre,7,35,20.0
2024,80901,rural,25,mujer,2,31,6.451612903225806
2024,80901,rural,26,hombre,3,26,11.538461538461538
2024,80901,rural,26,mujer,4,28,14.285714285714286
2024,80901,rural,27,hombre,2,24,8.333333333333334
2024,80901,rural,27,mujer,6,34,17.647058823529413
2024,80901,rural,28,hombre,0,24,0.0
2024,80901,rural,28,mujer,0,15,0.0
2024,90101,rural,16,hombre,4,11,36.36363636363637
2024,90101,rural,16,mujer,4,7,57.142857142857146
2024,90101,rural,17,hombre,2,10,20.0
2024,90101,rural,17,mujer,2,9,22.22222222222222
2024,90101,rural,18,hombre,4,10,40.0
2024,90101,rural,18,mujer,5,8,62.5
2024,90101,rural,19,hombre,2,5,40.0
2024,90101,rural,19,mujer,5,13,38.46153846153846
2024,90101,rural,20,hombre,3,9,33.333333333333336
2024,90101,rural,20,mujer,2,9,22.22222222222222
2024,90101,rural,21,hombre,2,8,25.0
2024,90101,rural,21,mujer,3,8,37.5
2024,90101,rural,22,hombre,2,6,33.333333333333336
2024,90101,rural,22,mujer,5,22,22.727272727272727
2024,90101,rural,23,hombre,5,17,29.41176470588235
2024,90101,rural,23,mujer,6,18,33.333333333333336
2024,90101,rural,24,hombre,6,12,50.0
2024,90101,rural,24,mujer,6,17,35.294117647058826
2024,90101,rural,25,hombre,4,13,30.76923076923077
2024,90101,rural,25,mujer,7,13,53.84615384615385
2024,90101,rural,26,hombre,8,15,53.333333333333336
2024,90101,rural,26,mujer,6,14,42.857142857142854
2024,90101,rural,27,hombre,5,9,55.55555555555556
2024,90101,rural,27,mujer,6,12,50.0
2024,90101,rural,28,hombre,6,16,37.5
2024,90101,rural,28,mujer,5,14,35.714285714285715
2024,90101,urbana,16,hombre,321,486,66.04938271604938
2024,90101,urbana,16,mujer,343,489,70.14314928425358
2024,90101,urbana,17,hombre,331,494,67.00404858299595
2024,90101,urbana,17,mujer,347,519,66.85934489402698
2024,90101,urbana,18,hombre,310,427,72.59953161592506
2024,90101,urbana,18,mujer,376,519,72.44701348747591
2024,90101,urbana,19,hombre,309,447,69.12751677852349
2024,90101,urbana,19,mujer,320,457,70.02188183807439
2024,90101,urbana,20,hombre,288,433,66.51270207852194
2024,90101,urbana,20,mujer,353,507,69.62524654832347
2024,90101,urbana,21,hombre,333,452,73.67256637168141
2024,90101,urbana,21,mujer,338,498,67.8714859437751
2024,90101,urbana,22,hombre,326,477,68.34381551362684
2024,90101,urbana,22,mujer,369,542,68.08118081180812
2024,90101,urbana,23,hombre,335,493,67.95131845841784
2024,90101,urbana,23,mujer,380,547,69.46983546617916
2024,90101,urbana,24,hombre,372,517,71.95357833655706
2024,90101,urbana,24,mujer,361,519,69.55684007707129
2024,90101,urbana,25,hombre,314,450,69.77777777777777
2024,90101,urbana,25,mujer,319,460,69.34782608695652
2024,90101,urbana,26,hombre,290,412,70.3883495145631
2024,90101,urbana,26,mujer,354,497,71.22736418511066
2024,90101,urbana,27,hombre,273,404,67.57425742574257
2024,90101,urbana,27,mujer,313,472,66.3135593220339
2024,90101,urbana,28,hombre,294,405,72.5925925925926
2024,90101,urbana,28,mujer,346,475,72.84210526315789
2024,90102,rural,16,hombre,4,18,22.22222222222222
2024,90102,rural,16,mujer,8,18,44.44444444444444
2024,90102,rural,17,hombre,4,13,30.76923076923077
2024,90102,rural,17,mujer,4,14,28.571428571428573
2024,90102,rural,18,hombre,4,12,33.333333333333336
2024,90102,rural,18,mujer,6,19,31.57894736842105
2024,90102,rural,19,hombre,2,16,12.5
2024,90102,rural,19,mujer,3,16,18.75
2024,90102,rural,20,hombre,2,7,28.571428571428573
2024,90102,rural,20,mujer,5,16,31.25
2024,90102,rural,21,hombre,1,14,7.142857142857143
2024,90102,rural,21,mujer,2,13,15.384615384615385
2024,90102,rural,22,hombre,1,8,12.5
2024,90102,rural,22,mujer,3,9,33.333333333333336
2024,90102,rural,23,hombre,2,18,11.11111111111111
2024,90102,rural,23,mujer,14,29,48.275862068965516
2024,90102,rural,24,hombre,5,15,33.333333333333336
2024,90102,rural,24,mujer,4,16,25.0
2024,90102,rural,25,hombre,3,15,20.0
2024,90102,rural,25,mujer,4,19,21.05263157894737
2024,90102,rural,26,hombre,4,17,23.529411764705884
2024,90102,rural,26,mujer,3,14,21.428571428571427
2024,90102,rural,27,hombre,6,20,30.0
2024,90102,rural,27,mujer,4,18,22.22222222222222
2024,90102,rural,28,hombre,2,10,20.0
2024,90102,rural,28,mujer,2,14,14.285714285714286
2024,90102,urbana,16,hombre,31,66,46.96969696969697
2024,90102,urbana,16,mujer,38,75,50.666666666666664
2024,90102,urbana,17,hombre,44,72,61.111111111111114
2024,90102,urbana,17,mujer,48,85,56.470588235294116
2024,90102,urbana,18,hombre,39,70,55.714285714285715
2024,90102,urbana,18,mujer,42,78,53.84615384615385
2024,90102,urbana,19,hombre,27,57,47.36842105263158
2024,90102,urbana,19,mujer,46,74,62.16216216216216
2024,90102,urbana,20,hombre,44,82,53.65853658536585
2024,90102,urbana,20,mujer,45,76,59.21052631578947
2024,90102,urbana,21,hombre,28,51,54.90196078431372
2024,90102,urbana,21,mujer,33,54,61.111111111111114
2024,90102,urbana,22,hombre,35,69,50.72463768115942
2024,90102,urbana,22,mujer,30,52,57.69230769230769
2024,90102,urbana,23,hombre,42,71,59.15492957746479
2024,90102,urbana,23,mujer,33,66,50.0
2024,90102,urbana,24,hombre,40,81,49.382716049382715
2024,90102,urbana,24,mujer,47,81,58.02469135802469
2024,90102,urbana,25,hombre,24,64,37.5
2024,90102,urbana,25,mujer,48,86,55.81395348837209
2024,90102,urbana,26,hombre,31,42,73.80952380952381
2024,90102,urbana,26,mujer,24,41,58.53658536585366
2024,90102,urbana,27,hombre,31,60,51.666666666666664
2024,90102,urbana,27,mujer,33,58,56.89655172413793
2024,90102,urbana,28,hombre,31,54,57.407407407407405
2024,90102,urbana,28,mujer,33,62,53.225806451612904
2024,90103,rural,16,hombre,4,20,20.0
2024,90103,rural,16,mujer,6,18,33.333333333333336
2024,90103,rural,17,hombre,1,22,4.545454545454546
2024,90103,rural,17,mujer,3,9,33.333333333333336
2024,90103,rural,18,hombre,0,18,0.0
2024,90103,rural,18,mujer,4,14,28.571428571428573
2024,90103,rural,19,hombre,3,21,14.285714285714286
2024,90103,rural,19,mujer,0,12,0.0
2024,90103,rural,20,hombre,3,17,17.647058823529413
2024,90103,rural,20,mujer,0,13,0.0
2024,90103,rural,21,hombre,3,14,21.428571428571427
2024,90103,rural,21,mujer,3,26,11.538461538461538
2024,90103,rural,22,hombre,1,16,6.25
2024,90103,rural,22,mujer,1,10,10.0
2024,90103,rural,23,hombre,5,22,22.727272727272727
2024,90103,rural,23,mujer,1,17,5.882352941176471
2024,90103,rural,24,hombre,4,28,14.285714285714286
2024,90103,rural,24,mujer,4,16,25.0
2024,90103,rural,25,hombre,2,20,10.0
2024,90103,rural,25,mujer,0,18,0.0
2024,90103,rural,26,hombre,4,24,16.666666666666668
2024,90103,rural,26,mujer,1,15,6.666666666666667
2024,90103,rural,27,hombre,0,19,0.0
2024,90103,rural,27,mujer,2,17,11.764705882352942
2024,90103,rural,28,hombre,0,20,0.0
2024,90103,rural,28,mujer,2,13,15.384615384615385
2024,90104,rural,16,hombre,2,14,14.285714285714286
2024,90104,rural,16,mujer,5,23,21.73913043478261
2024,90104,rural,17,hombre,4,35,11.428571428571429
2024,90104,rural,17,mujer,3,21,14.285714285714286
2024,90104,rural,18,hombre,5,24,20.833333333333332
2024,90104,rural,18,mujer,7,28,25.0
2024,90104,rural,19,hombre,2,18,11.11111111111111
2024,90104,rural,19,mujer,4,21,19.047619047619047
2024,90104,rural,20,hombre,6,31,19.35483870967742
2024,90104,rural,20,mujer,1,26,3.8461538461538463
2024,90104,rural,21,hombre,5,31,16.129032258064516
2024,90104,rural,21,mujer,4,16,25.0
2024,90104,rural,22,hombre,6,28,21.428571428571427
2024,90104,rural,22,mujer,4,35,11.428571428571429
2024,90104,rural,23,hombre,12,44,27.272727272727273
2024,90104,rural,23,mujer,4,24,16.666666666666668
2024,90104,rural,24,hombre,4,38,10.526315789473685
2024,90104,rural,24,mujer,5,32,15.625
2024,90104,rural,25,hombre,8,29,27.586206896551722
2024,90104,rural,25,mujer,5,26,19.23076923076923
2024,90104,rural,26,hombre,7,32,21.875
2024,90104,rural,26,mujer,6,22,27.272727272727273
2024,90104,rural,27,hombre,11,42,26.19047619047619
2024,90104,rural,27,mujer,7,24,29.166666666666668
2024,90104,rural,28,hombre,4,32,12.5
2024,90104,rural,28,mujer,1,28,3.5714285714285716
2024,90201,rural,16,hombre,2,48,4.166666666666667
2024,90201,rural,16,mujer,4,48,8.333333333333334
2024,90201,rural,17,hombre,1,46,2.1739130434782608
2024,90201,rural,17,mujer,6,34,17.647058823529413
2024,90201,rural,18,hombre,2,40,5.0
2024,90201,rural,18,mujer,2,37,5.405405405405405
2024,90201,rural,19,hombre,3,32,9.375
2024,90201,rural,19,mujer,1,26,3.8461538461538463
2024,90201,rural,20,hombre,2,28,7.142857142857143
2024,90201,rural,20,mujer,3,32,9.375
2024,90201,rural,21,hombre,3,40,7.5
2024,90201,rural,21,mujer,6,32,18.75
2024,90201,rural,22,hombre,10,51,19.607843137254903
2024,90201,rural,22,mujer,2,30,6.666666666666667
2024,90201,rural,23,hombre,3,39,7.6923076923076925
2024,90201,rural,23,mujer,1,31,3.225806451612903
2024,90201,rural,24,hombre,2,41,4.878048780487805
2024,90201,rural,24,mujer,2,31,6.451612903225806
2024,90201,rural,25,hombre,2,41,4.878048780487805
2024,90201,rural,25,mujer,5,32,15.625
2024,90201,rural,26,hombre,2,35,5.714285714285714
2024,90201,rural,26,mujer,3,39,7.6923076923076925
2024,90201,rural,27,hombre,6,34,17.647058823529413
2024,90201,rural,27,mujer,3,25,12.0
2024,90201,rural,28,hombre,3,46,6.521739130434782
2024,90201,rural,28,mujer,3,31,9.67741935483871
2024,90201,urbana,16,hombre,12,32,37.5
2024,90201,urbana,16,mujer,12,28,42.857142857142854
2024,90201,urbana,17,hombre,10,33,30.303030303030305
2024,90201,urbana,17,mujer,16,34,47.05882352941177
2024,90201,urbana,18,hombre,9,21,42.857142857142854
2024,90201,urbana,18,mujer,19,46,41.30434782608695
2024,90201,urbana,19,hombre,4,24,16.666666666666668
2024,90201,urbana,19,mujer,11,36,30.555555555555557
2024,90201,urbana,20,hombre,13,25,52.0
2024,90201,urbana,20,mujer,11,33,33.333333333333336
2024,90201,urbana,21,hombre,10,26,38.46153846153846
2024,90201,urbana,21,mujer,20,45,44.44444444444444
2024,90201,urbana,22,hombre,15,40,37.5
2024,90201,urbana,22,mujer,15,38,39.473684210526315
2024,90201,urbana,23,hombre,15,35,42.857142857142854
2024,90201,urbana,23,mujer,12,42,28.571428571428573
2024,90201,urbana,24,hombre,15,31,48.38709677419355
2024,90201,urbana,24,mujer,16,48,33.333333333333336
2024,90201,urbana,25,hombre,13,40,32.5
2024,90201,urbana,25,mujer,13,31,41.935483870967744
2024,90201,urbana,26,hombre,13,32,40.625
2024,90201,urbana,26,mujer,11,31,35.483870967741936
2024,90201,urbana,27,hombre,12,30,40.0
2024,90201,urbana,27,mujer,10,19,52.63157894736842
2024,90201,urbana,28,hombre,5,21,23.80952380952381
2024,90201,urbana,28,mujer,7,29,24.137931034482758
2024,90202,rural,16,hombre,0,26,0.0
2024,90202,rural,16,mujer,1,49,2.0408163265306123
2024,90202,rural,17,hombre,0,39,0.0
2024,90202,rural,17,mujer,1,35,2.857142857142857
2024,90202,rural,18,hombre,1,29,3.4482758620689653
2024,90202,rural,18,mujer,0,35,0.0
2024,90202,rural,19,hombre,0,39,0.0
2024,90202,rural,19,mujer,0,34,0.0
2024,90202,rural,20,hombre,0,37,0.0
2024,90202,rural,20,mujer,0,34,0.0
2024,90202,rural,21,hombre,0,27,0.0
2024,90202,rural,21,mujer,0,22,0.0
2024,90202,rural,22,hombre,0,29,0.0
2024,90202,rural,22,mujer,1,25,4.0
2024,90202,rural,23,hombre,0,26,0.0
2024,90202,rural,23,mujer,0,27,0.0
2024,90202,rural,24,hombre,1,41,2.4390243902439024
2024,90202,rural,24,mujer,0,29,0.0
2024,90202,rural,25,hombre,1,23,4.3478260869565215
2024,90202,rural,25,mujer,0,28,0.0
2024,90202,rural,26,hombre,0,26,0.0
2024,90202,rural,26,mujer,1,22,4.545454545454546
2024,90202,rural,27,hombre,0,29,0.0
2024,90202,rural,27,mujer,0,27,0.0
2024,90202,rural,28,hombre,1,27,3.7037037037037037
2024,90202,rural,28,mujer,1,21,4.761904761904762
2024,90203,rural,16,hombre,13,91,14.285714285714286
2024,90203,rural,16,mujer,8,57,14.035087719298245
2024,90203,rural,17,hombre,8,61,13.114754098360656
2024,90203,rural,17,mujer,7,64,10.9375
2024,90203,rural,18,hombre,8,59,13.559322033898304
2024,90203,rural,18,mujer,3,54,5.555555555555555
2024,90203,rural,19,hombre,7,59,11.864406779661017
2024,90203,rural,19,mujer,5,64,7.8125
2024,90203,rural,20,hombre,9,60,15.0
2024,90203,rural,20,mujer,9,68,13.235294117647058
2024,90203,rural,21,hombre,9,72,12.5
2024,90203,rural,21,mujer,8,68,11.764705882352942
2024,90203,rural,22,hombre,8,77,10.38961038961039
2024,90203,rural,22,mujer,10,72,13.88888888888889
2024,90203,rural,23,hombre,13,94,13.829787234042554
2024,90203,rural,23,mujer,8,79,10.126582278481013
2024,90203,rural,24,hombre,8,83,9.63855421686747
2024,90203,rural,24,mujer,6,65,9.23076923076923
2024,90203,rural,25,hombre,10,79,12.658227848101266
2024,90203,rural,25,mujer,6,66,9.090909090909092
2024,90203,rural,26,hombre,10,94,10.638297872340425
2024,90203,rural,26,mujer,20,79,25.31645569620253
2024,90203,rural,27,hombre,14,83,16.867469879518072
2024,90203,rural,27,mujer,8,52,15.384615384615385
2024,90203,rural,28,hombre,10,89,11.235955056179776
2024,90203,rural,28,mujer,6,41,14.634146341463415
2024,90301,rural,16,hombre,10,84,11.904761904761905
2024,90301,rural,16,mujer,3,86,3.488372093023256
2024,90301,rural,17,hombre,6,94,6.382978723404255
2024,90301,rural,17,mujer,7,97,7.216494845360825
2024,90301,rural,18,hombre,5,75,6.666666666666667
2024,90301,rural,18,mujer,7,80,8.75
2024,90301,rural,19,hombre,5,61,8.19672131147541
2024,90301,rural,19,mujer,5,85,5.882352941176471
2024,90301,rural,20,hombre,5,97,5.154639175257732
2024,90301,rural,20,mujer,4,65,6.153846153846154
2024,90301,rural,21,hombre,3,76,3.9473684210526314
2024,90301,rural,21,mujer,2,58,3.4482758620689653
2024,90301,rural,22,hombre,7,73,9.58904109589041
2024,90301,rural,22,mujer,11,81,13.580246913580247
2024,90301,rural,23,hombre,4,83,4.819277108433735
2024,90301,rural,23,mujer,8,86,9.30232558139535
2024,90301,rural,24,hombre,11,111,9.90990990990991
2024,90301,rural,24,mujer,15,106,14.150943396226415
2024,90301,rural,25,hombre,11,86,12.790697674418604
2024,90301,rural,25,mujer,2,96,2.0833333333333335
2024,90301,rural,26,hombre,2,61,3.278688524590164
2024,90301,rural,26,mujer,2,70,2.857142857142857
2024,90301,rural,27,hombre,7,106,6.60377358490566
2024,90301,rural,27,mujer,6,99,6.0606060606060606
2024,90301,rural,28,hombre,5,98,5.1020408163265305
2024,90301,rural,28,mujer,7,90,7.777777777777778
2024,90301,urbana,16,hombre,2,14,14.285714285714286
2024,90301,urbana,16,mujer,0,12,0.0
2024,90301,urbana,17,hombre,2,17,11.764705882352942
2024,90301,urbana,17,mujer,2,13,15.384615384615385
2024,90301,urbana,18,hombre,1,15,6.666666666666667
2024,90301,urbana,18,mujer,1,17,5.882352941176471
2024,90301,urbana,19,hombre,0,13,0.0
2024,90301,urbana,19,mujer,1,15,6.666666666666667
2024,90301,urbana,20,hombre,2,11,18.181818181818183
2024,90301,urbana,20,mujer,3,10,30.0
2024,90301,urbana,21,hombre,3,15,20.0
2024,90301,urbana,21,mujer,1,15,6.666666666666667
2024,90301,urbana,22,hombre,1,11,9.090909090909092
2024,90301,urbana,22,mujer,2,12,16.666666666666668
2024,90301,urbana,23,hombre,2,16,12.5
2024,90301,urbana,23,mujer,2,14,14.285714285714286
2024,90301,urbana,24,hombre,2,21,9.523809523809524
2024,90301,urbana,24,mujer,1,20,5.0
2024,90301,urbana,25,hombre,0,10,0.0
2024,90301,urbana,25,mujer,2,14,14.285714285714286
2024,90301,urbana,26,hombre,5,21,23.80952380952381
2024,90301,urbana,26,mujer,0,8,0.0
2024,90301,urbana,27,hombre,3,14,21.428571428571427
2024,90301,urbana,27,mujer,4,22,18.181818181818183
2024,90301,urbana,28,hombre,4,28,14.285714285714286
2024,90301,urbana,28,mujer,2,24,8.333333333333334
2024,90302,rural,16,hombre,3,88,3.409090909090909
2024,90302,rural,16,mujer,4,103,3.883495145631068
2024,90302,rural,17,hombre,9,126,7.142857142857143
2024,90302,rural,17,mujer,5,111,4.504504504504505
2024,90302,rural,18,hombre,4,104,3.8461538461538463
2024,90302,rural,18,mujer,2,72,2.7777777777777777
2024,90302,rural,19,hombre,5,80,6.25
2024,90302,rural,19,mujer,1,76,1.3157894736842106
2024,90302,rural,20,hombre,5,103,4.854368932038835
2024,90302,rural,20,mujer,10,98,10.204081632653061
2024,90302,rural,21,hombre,2,78,2.5641025641025643
2024,90302,rural,21,mujer,5,80,6.25
2024,90302,rural,22,hombre,8,114,7.017543859649122
2024,90302,rural,22,mujer,9,86,10.465116279069768
2024,90302,rural,23,hombre,11,90,12.222222222222221
2024,90302,rural,23,mujer,6,87,6.896551724137931
2024,90302,rural,24,hombre,5,100,5.0
2024,90302,rural,24,mujer,3,93,3.225806451612903
2024,90302,rural,25,hombre,7,90,7.777777777777778
2024,90302,rural,25,mujer,11,97,11.34020618556701
2024,90302,rural,26,hombre,7,88,7.954545454545454
2024,90302,rural,26,mujer,4,68,5.882352941176471
2024,90302,rural,27,hombre,3,100,3.0
2024,90302,rural,27,mujer,3,93,3.225806451612903
2024,90302,rural,28,hombre,4,102,3.9215686274509802
2024,90302,rural,28,mujer,5,80,6.25
2024,90303,rural,16,hombre,1,57,1.7543859649122806
2024,90303,rural,16,mujer,1,39,2.5641025641025643
2024,90303,rural,17,hombre,0,62,0.0
2024,90303,rural,17,mujer,0,46,0.0
2024,90303,rural,18,hombre,1,49,2.0408163265306123
2024,90303,rural,18,mujer,1,52,1.9230769230769231
2024,90303,rural,19,hombre,1,57,1.7543859649122806
2024,90303,rural,19,mujer,0,55,0.0
2024,90303,rural,20,hombre,2,62,3.225806451612903
2024,90303,rural,20,mujer,1,34,2.9411764705882355
2024,90303,rural,21,hombre,2,56,3.5714285714285716
2024,90303,rural,21,mujer,3,53,5.660377358490566
2024,90303,rural,22,hombre,2,60,3.3333333333333335
2024,90303,rural,22,mujer,2,48,4.166666666666667
2024,90303,rural,23,hombre,3,58,5.172413793103448
2024,90303,rural,23,mujer,1,41,2.4390243902439024
2024,90303,rural,24,hombre,0,64,0.0
2024,90303,rural,24,mujer,0,59,0.0
2024,90303,rural,25,hombre,0,52,0.0
2024,90303,rural,25,mujer,5,39,12.820512820512821
2024,90303,rural,26,hombre,4,69,5.797101449275362
2024,90303,rural,26,mujer,2,42,4.761904761904762
2024,90303,rural,27,hombre,2,66,3.0303030303030303
2024,90303,rural,27,mujer,0,40,0.0
2024,90303,rural,28,hombre,4,53,7.547169811320755
2024,90303,rural,28,mujer,4,43,9.30232558139535
2024,90303,urbana,16,hombre,8,45,17.77777777777778
2024,90303,urbana,16,mujer,9,46,19.565217391304348
2024,90303,urbana,17,hombre,9,47,19.148936170212767
2024,90303,urbana,17,mujer,10,48,20.833333333333332
2024,90303,urbana,18,hombre,9,32,28.125
2024,90303,urbana,18,mujer,6,37,16.216216216216218
2024,90303,urbana,19,hombre,3,25,12.0
2024,90303,urbana,19,mujer,10,39,25.641025641025642
2024,90303,urbana,20,hombre,5,31,16.129032258064516
2024,90303,urbana,20,mujer,5,30,16.666666666666668
2024,90303,urbana,21,hombre,2,31,6.451612903225806
2024,90303,urbana,21,mujer,8,40,20.0
2024,90303,urbana,22,hombre,12,40,30.0
2024,90303,urbana,22,mujer,8,36,22.22222222222222
2024,90303,urbana,23,hombre,5,30,16.666666666666668
2024,90303,urbana,23,mujer,7,37,18.91891891891892
2024,90303,urbana,24,hombre,7,37,18.91891891891892
2024,90303,urbana,24,mujer,11,45,24.444444444444443
2024,90303,urbana,25,hombre,11,38,28.94736842105263
2024,90303,urbana,25,mujer,9,39,23.076923076923077
2024,90303,urbana,26,hombre,5,33,15.151515151515152
2024,90303,urbana,26,mujer,7,26,26.923076923076923
2024,90303,urbana,27,hombre,5,40,12.5
2024,90303,urbana,27,mujer,6,34,17.647058823529413
2024,90303,urbana,28,hombre,6,29,20.689655172413794
2024,90303,urbana,28,mujer,12,48,25.0
2024,90401,rural,16,hombre,2,32,6.25
2024,90401,rural,16,mujer,0,20,0.0
2024,90401,rural,17,hombre,3,25,12.0
2024,90401,rural,17,mujer,2,19,10.526315789473685
2024,90401,rural,18,hombre,1,22,4.545454545454546
2024,90401,rural,18,mujer,0,25,0.0
2024,90401,rural,19,hombre,3,21,14.285714285714286
2024,90401,rural,19,mujer,4,23,17.391304347826086
2024,90401,rural,20,hombre,2,14,14.285714285714286
2024,90401,rural,20,mujer,1,18,5.555555555555555
2024,90401,rural,21,hombre,3,31,9.67741935483871
2024,90401,rural,21,mujer,3,24,12.5
2024,90401,rural,22,hombre,2,20,10.0
2024,90401,rural,22,mujer,1,18,5.555555555555555
2024,90401,rural,23,hombre,6,37,16.216216216216218
2024,90401,rural,23,mujer,2,29,6.896551724137931
2024,90401,rural,24,hombre,1,26,3.8461538461538463
2024,90401,rural,24,mujer,4,25,16.0
2024,90401,rural,25,hombre,3,27,11.11111111111111
2024,90401,rural,25,mujer,0,19,0.0
2024,90401,rural,26,hombre,4,25,16.0
2024,90401,rural,26,mujer,3,25,12.0
2024,90401,rural,27,hombre,1,27,3.7037037037037037
2024,90401,rural,27,mujer,4,31,12.903225806451612
2024,90401,rural,28,hombre,2,32,6.25
2024,90401,rural,28,mujer,4,23,17.391304347826086
2024,90402,rural,16,hombre,2,25,8.0
2024,90402,rural,16,mujer,0,17,0.0
2024,90402,rural,17,hombre,1,29,3.4482758620689653
2024,90402,rural,17,mujer,0,27,0.0
2024,90402,rural,18,hombre,1,18,5.555555555555555
2024,90402,rural,18,mujer,3,24,12.5
2024,90402,rural,19,hombre,1,17,5.882352941176471
2024,90402,rural,19,mujer,0,17,0.0
2024,90402,rural,20,hombre,0,25,0.0
2024,90402,rural,20,mujer,1,17,5.882352941176471
2024,90402,rural,21,hombre,0,19,0.0
2024,90402,rural,21,mujer,1,17,5.882352941176471
2024,90402,rural,22,hombre,2,37,5.405405405405405
2024,90402,rural,22,mujer,2,25,8.0
2024,90402,rural,23,hombre,2,31,6.451612903225806
2024,90402,rural,23,mujer,1,24,4.166666666666667
2024,90402,rural,24,hombre,1,23,4.3478260869565215
2024,90402,rural,24,mujer,1,25,4.0
2024,90402,rural,25,hombre,0,24,0.0
2024,90402,rural,25,mujer,0,13,0.0
2024,90402,rural,26,hombre,0,24,0.0
2024,90402,rural,26,mujer,0,20,0.0
2024,90402,rural,27,hombre,2,34,5.882352941176471
2024,90402,rural,27,mujer,0,10,0.0
2024,90402,rural,28,hombre,2,35,5.714285714285714
2024,90402,rural,28,mujer,1,23,4.3478260869565215
2024,90501,rural,16,hombre,1,16,6.25
2024,90501,rural,16,mujer,0,15,0.0
2024,90501,rural,17,hombre,0,9,0.0
2024,90501,rural,17,mujer,5,17,29.41176470588235
2024,90501,rural,18,hombre,1,10,10.0
2024,90501,rural,18,mujer,2,9,22.22222222222222
2024,90501,rural,19,hombre,1,16,6.25
2024,90501,rural,19,mujer,0,8,0.0
2024,90501,rural,20,hombre,0,14,0.0
2024,90501,rural,20,mujer,3,7,42.857142857142854
2024,90501,rural,21,hombre,1,11,9.090909090909092
2024,90501,rural,21,mujer,1,8,12.5
2024,90501,rural,22,hombre,0,9,0.0
2024,90501,rural,22,mujer,2,11,18.181818181818183
2024,90501,rural,23,hombre,1,16,6.25
2024,90501,rural,23,mujer,2,12,16.666666666666668
2024,90501,rural,24,hombre,3,9,33.333333333333336
2024,90501,rural,24,mujer,1,13,7.6923076923076925
2024,90501,rural,25,hombre,3,20,15.0
2024,90501,rural,25,mujer,1,9,11.11111111111111
2024,90501,rural,26,hombre,0,8,0.0
2024,90501,rural,26,mujer,1,9,11.11111111111111
2024,90501,rural,27,hombre,2,15,13.333333333333334
2024,90501,rural,27,mujer,2,11,18.181818181818183
2024,90501,rural,28,hombre,1,9,11.11111111111111
2024,90501,rural,28,mujer,5,16,31.25
2024,90502,rural,16,hombre,0,25,0.0
2024,90502,rural,16,mujer,1,23,4.3478260869565215
2024,90502,rural,17,hombre,0,29,0.0
2024,90502,rural,17,mujer,1,30,3.3333333333333335
2024,90502,rural,18,hombre,1,13,7.6923076923076925
2024,90502,rural,18,mujer,1,28,3.5714285714285716
2024,90502,rural,19,hombre,0,24,0.0
2024,90502,rural,19,mujer,1,24,4.166666666666667
2024,90502,rural,20,hombre,0,24,0.0
2024,90502,rural,20,mujer,0,14,0.0
2024,90502,rural,21,hombre,0,21,0.0
2024,90502,rural,21,mujer,2,27,7.407407407407407
2024,90502,rural,22,hombre,2,28,7.142857142857143
2024,90502,rural,22,mujer,1,15,6.666666666666667
2024,90502,rural,23,hombre,1,32,3.125
2024,90502,rural,23,mujer,1,32,3.125
2024,90502,rural,24,hombre,2,32,6.25
2024,90502,rural,24,mujer,3,23,13.043478260869565
2024,90502,rural,25,hombre,3,24,12.5
2024,90502,rural,25,mujer,1,23,4.3478260869565215
2024,90502,rural,26,hombre,0,23,0.0
2024,90502,rural,26,mujer,0,16,0.0
2024,90502,rural,27,hombre,1,25,4.0
2024,90502,rural,27,mujer,1,18,5.555555555555555
2024,90502,rural,28,hombre,0,22,0.0
2024,90502,rural,28,mujer,0,16,0.0
2024,90503,rural,16,hombre,3,24,12.5
2024,90503,rural,16,mujer,0,21,0.0
2024,90503,rural,17,hombre,1,25,4.0
2024,90503,rural,17,mujer,3,30,10.0
2024,90503,rural,18,hombre,1,21,4.761904761904762
2024,90503,rural,18,mujer,0,16,0.0
2024,90503,rural,19,hombre,2,17,11.764705882352942
2024,90503,rural,19,mujer,2,9,22.22222222222222
2024,90503,rural,20,hombre,3,31,9.67741935483871
2024,90503,rural,20,mujer,1,22,4.545454545454546
2024,90503,rural,21,hombre,1,24,4.166666666666667
2024,90503,rural,21,mujer,4,23,17.391304347826086
2024,90503,rural,22,hombre,4,21,19.047619047619047
2024,90503,rural,22,mujer,0,17,0.0
2024,90503,rural,23,hombre,2,32,6.25
2024,90503,rural,23,mujer,4,23,17.391304347826086
2024,90503,rural,24,hombre,1,29,3.4482758620689653
2024,90503,rural,24,mujer,2,17,11.764705882352942
2024,90503,rural,25,hombre,3,34,8.823529411764707
2024,90503,rural,25,mujer,3,18,16.666666666666668
2024,90503,rural,26,hombre,4,22,18.181818181818183
2024,90503,rural,26,mujer,0,12,0.0
2024,90503,rural,27,hombre,1,22,4.545454545454546
2024,90503,rural,27,mujer,1,28,3.5714285714285716
2024,90503,rural,28,hombre,1,25,4.0
2024,90503,rural,28,mujer,2,9,22.22222222222222
