gestion,codigo_municipio,area,edad,sexo,numerador,denominador,valor
2024,10101,rural,16,hombre,11,185,5.945945945945946
2024,10101,rural,16,mujer,3,161,1.8633540372670807
2024,10101,rural,17,hombre,11,166,6.626506024096385
2024,10101,rural,17,mujer,5,154,3.2467532467532467
2024,10101,rural,18,hombre,9,155,5.806451612903226
2024,10101,rural,18,mujer,12,153,7.8431372549019605
2024,10101,rural,19,hombre,12,147,8.16326530612245
2024,10101,rural,19,mujer,6,126,4.761904761904762
2024,10101,rural,20,hombre,14,142,9.859154929577464
2024,10101,rural,20,mujer,10,117,8.547008547008547
2024,10101,rural,21,hombre,9,121,7.43801652892562
2024,10101,rural,21,mujer,8,145,5.517241379310345
2024,10101,rural,22,hombre,21,147,14.285714285714286
2024,10101,rural,22,mujer,8,132,6.0606060606060606
2024,10101,rural,23,hombre,19,172,11.046511627906977
2024,10101,rural,23,mujer,12,155,7.741935483870968
2024,10101,rural,24,hombre,27,170,15.882352941176471
2024,10101,rural,24,mujer,11,165,6.666666666666667
2024,10101,rural,25,hombre,27,185,14.594594594594595
2024,10101,rural,25,mujer,8,143,5.594405594405594
2024,10101,rural,26,hombre,24,151,15.894039735099337
2024,10101,rural,26,mujer,9,145,6.206896551724138
2024,10101,rural,27,hombre,25,159,15.723270440251572
2024,10101,rural,27,mujer,7,154,4.545454545454546
2024,10101,rural,28,hombre,17,138,12.318840579710145
2024,10101,rural,28,mujer,6,121,4.958677685950414
2024,10101,urbana,16,hombre,67,2567,2.6100506427736656
2024,10101,urbana,16,mujer,69,2598,2.655889145496536
2024,10101,urbana,17,hombre,156,2754,5.664488017429194
2024,10101,urbana,17,mujer,133,2731,4.870010984987184
2024,10101,urbana,18,hombre,274,2978,9.200805910006716
2024,10101,urbana,18,mujer,328,3017,10.871726881007623
2024,10101,urbana,19,hombre,356,2896,12.292817679558011
2024,10101,urbana,19,mujer,370,3028,12.219286657859973
2024,10101,urbana,20,hombre,362,2885,12.547660311958406
2024,10101,urbana,20,mujer,363,2950,12.305084745762711
2024,10101,urbana,21,hombre,410,2907,14.103887168902649
2024,10101,urbana,21,mujer,364,3073,11.845102505694761
2024,10101,urbana,22,hombre,392,2892,13.55463347164592
2024,10101,urbana,22,mujer,363,3027,11.992071357779981
2024,10101,urbana,23,hombre,425,3041,13.975665899375205
2024,10101,urbana,23,mujer,351,3247,10.809978441638435
2024,10101,urbana,24,hombre,407,3128,13.01150895140665
2024,10101,urbana,24,mujer,296,3185,9.293563579277865
2024,10101,urbana,25,hombre,352,2829,12.442559208200779
2024,10101,urbana,25,mujer,255,2936,8.685286103542234
2024,10101,urbana,26,hombre,345,2787,12.378902045209903
2024,10101,urbana,26,mujer,235,2894,8.120248790601243
2024,10101,urbana,27,hombre,293,2589,11.317110853611434
2024,10101,urbana,27,mujer,175,2770,6.317689530685921
2024,10101,urbana,28,hombre,292,2668,10.944527736131935
2024,10101,urbana,28,mujer,179,2688,6.659226190476191
2024,10102,rural,16,hombre,1,96,1.0416666666666667
2024,10102,rural,16,mujer,1,86,1.1627906976744187
2024,10102,rural,17,hombre,3,78,3.8461538461538463
2024,10102,rural,17,mujer,3,75,4.0
2024,10102,rural,18,hombre,1,75,1.3333333333333333
2024,10102,rural,18,mujer,2,68,2.9411764705882355
2024,10102,rural,19,hombre,3,59,5.084745762711864
2024,10102,rural,19,mujer,0,72,0.0
2024,10102,rural,20,hombre,2,83,2.4096385542168677
2024,10102,rural,20,mujer,4,66,6.0606060606060606
2024,10102,rural,21,hombre,5,73,6.8493150684931505
2024,10102,rural,21,mujer,1,70,1.4285714285714286
2024,10102,rural,22,hombre,2,68,2.9411764705882355
2024,10102,rural,22,mujer,2,64,3.125
2024,10102,rural,23,hombre,6,75,8.0
2024,10102,rural,23,mujer,1,71,1.408450704225352
2024,10102,rural,24,hombre,5,69,7.246376811594203
2024,10102,rural,24,mujer,0,78,0.0
2024,10102,rural,25,hombre,5,67,7.462686567164179
2024,10102,rural,25,mujer,2,72,2.7777777777777777
2024,10102,rural,26,hombre,7,75,9.333333333333334
2024,10102,rural,26,mujer,1,81,1.2345679012345678
2024,10102,rural,27,hombre,4,76,5.2631578947368425
2024,10102,rural,27,mujer,2,69,2.898550724637681
2024,10102,rural,28,hombre,8,72,11.11111111111111
2024,10102,rural,28,mujer,0,75,0.0
2024,10103,rural,16,hombre,9,154,5.8441558441558445
2024,10103,rural,16,mujer,11,139,7.913669064748201
2024,10103,rural,17,hombre,12,135,8.88888888888889
2024,10103,rural,17,mujer,5,120,4.166666666666667
2024,10103,rural,18,hombre,10,131,7.633587786259542
2024,10103,rural,18,mujer,4,121,3.3057851239669422
2024,10103,rural,19,hombre,6,95,6.315789473684211
2024,10103,rural,19,mujer,5,104,4.8076923076923075
2024,10103,rural,20,hombre,13,112,11.607142857142858
2024,10103,rural,20,mujer,4,89,4.49438202247191
2024,10103,rural,21,hombre,11,100,11.0
2024,10103,rural,21,mujer,3,102,2.9411764705882355
2024,10103,rural,22,hombre,12,87,13.793103448275861
2024,10103,rural,22,mujer,4,80,5.0
2024,10103,rural,23,hombre,14,99,14.141414141414142
2024,10103,rural,23,mujer,5,100,5.0
2024,10103,rural,24,hombre,7,86,8.13953488372093
2024,10103,rural,24,mujer,7,96,7.291666666666667
2024,10103,rural,25,hombre,6,88,6.818181818181818
2024,10103,rural,25,mujer,3,75,4.0
2024,10103,rural,26,hombre,14,86,16.27906976744186
2024,10103,rural,26,mujer,2,74,2.7027027027027026
2024,10103,rural,27,hombre,10,94,10.638297872340425
2024,10103,rural,27,mujer,5,70,7.142857142857143
2024,10103,rural,28,hombre,16,84,19.047619047619047
2024,10103,rural,28,mujer,7,91,7.6923076923076925
2024,10201,rural,16,hombre,2,84,2.380952380952381
2024,10201,rural,16,mujer,1,73,1.36986301369863
2024,10201,rural,17,hombre,1,76,1.3157894736842106
2024,10201,rural,17,mujer,4,80,5.0
2024,10201,rural,18,hombre,5,58,8.620689655172415
2024,10201,rural,18,mujer,3,62,4.838709677419355
2024,10201,rural,19,hombre,2,45,4.444444444444445
2024,10201,rural,19,mujer,1,57,1.7543859649122806
2024,10201,rural,20,hombre,2,43,4.651162790697675
2024,10201,rural,20,mujer,0,42,0.0
2024,10201,rural,21,hombre,6,56,10.714285714285714
2024,10201,rural,21,mujer,0,44,0.0
2024,10201,rural,22,hombre,4,43,9.30232558139535
2024,10201,rural,22,mujer,1,38,2.6315789473684212
2024,10201,rural,23,hombre,4,69,5.797101449275362
2024,10201,rural,23,mujer,2,55,3.6363636363636362
2024,10201,rural,24,hombre,6,51,11.764705882352942
2024,10201,rural,24,mujer,0,38,0.0
2024,10201,rural,25,hombre,8,54,14.814814814814815
2024,10201,rural,25,mujer,2,53,3.7735849056603774
2024,10201,rural,26,hombre,6,46,13.043478260869565
2024,10201,rural,26,mujer,1,49,2.0408163265306123
2024,10201,rural,27,hombre,1,46,2.1739130434782608
2024,10201,rural,27,mujer,3,50,6.0
2024,10201,rural,28,hombre,5,34,14.705882352941176
2024,10201,rural,28,mujer,0,50,0.0
2024,10202,rural,16,hombre,1,160,0.625
2024,10202,rural,16,mujer,1,170,0.5882352941176471
2024,10202,rural,17,hombre,6,176,3.409090909090909
2024,10202,rural,17,mujer,5,153,3.2679738562091503
2024,10202,rural,18,hombre,6,153,3.9215686274509802
2024,10202,rural,18,mujer,2,211,0.9478672985781991
2024,10202,rural,19,hombre,5,160,3.125
2024,10202,rural,19,mujer,1,173,0.5780346820809249
2024,10202,rural,20,hombre,9,141,6.382978723404255
2024,10202,rural,20,mujer,2,176,1.1363636363636365
2024,10202,rural,21,hombre,6,115,5.217391304347826
2024,10202,rural,21,mujer,2,125,1.6
2024,10202,rural,22,hombre,5,117,4.273504273504273
2024,10202,rural,22,mujer,4,146,2.73972602739726
2024,10202,rural,23,hombre,8,140,5.714285714285714
2024,10202,rural,23,mujer,7,163,4.294478527607362
2024,10202,rural,24,hombre,5,117,4.273504273504273
2024,10202,rural,24,mujer,6,154,3.896103896103896
2024,10202,rural,25,hombre,14,168,8.333333333333334
2024,10202,rural,25,mujer,5,148,3.3783783783783785
2024,10202,rural,26,hombre,7,104,6.730769230769231
2024,10202,rural,26,mujer,4,127,3.1496062992125986
2024,10202,rural,27,hombre,12,120,10.0
2024,10202,rural,27,mujer,2,114,1.7543859649122806
2024,10202,rural,28,hombre,9,118,7.627118644067797
2024,10202,rural,28,mujer,3,124,2.4193548387096775
2024,10301,rural,16,hombre,1,87,1.1494252873563218
2024,10301,rural,16,mujer,0,72,0.0
2024,10301,rural,17,hombre,1,81,1.2345679012345678
2024,10301,rural,17,mujer,0,85,0.0
2024,10301,rural,18,hombre,1,90,1.1111111111111112
2024,10301,rural,18,mujer,0,72,0.0
2024,10301,rural,19,hombre,3,104,2.8846153846153846
2024,10301,rural,19,mujer,0,79,0.0
2024,10301,rural,20,hombre,2,99,2.0202020202020203
2024,10301,rural,20,mujer,1,104,0.9615384615384616
2024,10301,rural,21,hombre,0,95,0.0
2024,10301,rural,21,mujer,0,82,0.0
2024,10301,rural,22,hombre,2,91,2.197802197802198
2024,10301,rural,22,mujer,0,70,0.0
2024,10301,rural,23,hombre,1,102,0.9803921568627451
2024,10301,rural,23,mujer,0,79,0.0
2024,10301,rural,24,hombre,1,120,0.8333333333333334
2024,10301,rural,24,mujer,0,76,0.0
2024,10301,rural,25,hombre,3,101,2.9702970297029703
2024,10301,rural,25,mujer,0,100,0.0
2024,10301,rural,26,hombre,4,93,4.301075268817204
2024,10301,rural,26,mujer,2,80,2.5
2024,10301,rural,27,hombre,1,78,1.2820512820512822
2024,10301,rural,27,mujer,0,61,0.0
2024,10301,rural,28,hombre,0,99,0.0
2024,10301,rural,28,mujer,0,83,0.0
2024,10301,urbana,16,hombre,0,42,0.0
2024,10301,urbana,16,mujer,1,39,2.5641025641025643
2024,10301,urbana,17,hombre,1,43,2.3255813953488373
2024,10301,urbana,17,mujer,0,41,0.0
2024,10301,urbana,18,hombre,0,54,0.0
2024,10301,urbana,18,mujer,0,42,0.0
2024,10301,urbana,19,hombre,0,41,0.0
2024,10301,urbana,19,mujer,2,35,5.714285714285714
2024,10301,urbana,20,hombre,2,48,4.166666666666667
2024,10301,urbana,20,mujer,1,46,2.1739130434782608
2024,10301,urbana,21,hombre,0,35,0.0
2024,10301,urbana,21,mujer,1,48,2.0833333333333335
2024,10301,urbana,22,hombre,1,36,2.7777777777777777
2024,10301,urbana,22,mujer,1,38,2.6315789473684212
2024,10301,urbana,23,hombre,0,40,0.0
2024,10301,urbana,23,mujer,2,47,4.25531914893617
2024,10301,urbana,24,hombre,4,50,8.0
2024,10301,urbana,24,mujer,0,45,0.0
2024,10301,urbana,25,hombre,1,59,1.694915254237288
2024,10301,urbana,25,mujer,1,39,2.5641025641025643
2024,10301,urbana,26,hombre,4,37,10.81081081081081
2024,10301,urbana,26,mujer,3,40,7.5
2024,10301,urbana,27,hombre,3,58,5.172413793103448
2024,10301,urbana,27,mujer,1,28,3.5714285714285716
2024,10301,urbana,28,hombre,2,37,5.405405405405405
2024,10301,urbana,28,mujer,2,43,4.651162790697675
2024,10302,rural,16,hombre,2,114,1.7543859649122806
2024,10302,rural,16,mujer,1,106,0.9433962264150944
2024,10302,rural,17,hombre,1,119,0.8403361344537815
2024,10302,rural,17,mujer,0,95,0.0
2024,10302,rural,18,hombre,2,113,1.7699115044247788
2024,10302,rural,18,mujer,0,87,0.0
2024,10302,rural,19,hombre,3,107,2.803738317757009
2024,10302,rural,19,mujer,0,98,0.0
2024,10302,rural,20,hombre,1,132,0.7575757575757576
2024,10302,rural,20,mujer,2,106,1.8867924528301887
2024,10302,rural,21,hombre,8,116,6.896551724137931
2024,10302,rural,21,mujer,1,78,1.2820512820512822
2024,10302,rural,22,hombre,4,87,4.597701149425287
2024,10302,rural,22,mujer,1,95,1.0526315789473684
2024,10302,rural,23,hombre,5,136,3.676470588235294
2024,10302,rural,23,mujer,0,83,0.0
2024,10302,rural,24,hombre,0,126,0.0
2024,10302,rural,24,mujer,2,106,1.8867924528301887
2024,10302,rural,25,hombre,5,108,4.62962962962963
2024,10302,rural,25,mujer,1,97,1.0309278350515463
2024,10302,rural,26,hombre,6,102,5.882352941176471
2024,10302,rural,26,mujer,1,72,1.3888888888888888
2024,10302,rural,27,hombre,2,100,2.0
2024,10302,rural,27,mujer,1,70,1.4285714285714286
2024,10302,rural,28,hombre,3,87,3.4482758620689653
2024,10302,rural,28,mujer,1,70,1.4285714285714286
2024,10302,urbana,16,hombre,2,18,11.11111111111111
2024,10302,urbana,16,mujer,0,32,0.0
2024,10302,urbana,17,hombre,2,20,10.0
2024,10302,urbana,17,mujer,0,17,0.0
2024,10302,urbana,18,hombre,0,22,0.0
2024,10302,urbana,18,mujer,1,20,5.0
2024,10302,urbana,19,hombre,1,16,6.25
2024,10302,urbana,19,mujer,1,11,9.090909090909092
2024,10302,urbana,20,hombre,1,28,3.5714285714285716
2024,10302,urbana,20,mujer,0,15,0.0
2024,10302,urbana,21,hombre,0,21,0.0
2024,10302,urbana,21,mujer,0,21,0.0
2024,10302,urbana,22,hombre,1,19,5.2631578947368425
2024,10302,urbana,22,mujer,0,11,0.0
2024,10302,urbana,23,hombre,1,12,8.333333333333334
2024,10302,urbana,23,mujer,3,17,17.647058823529413
2024,10302,urbana,24,hombre,0,15,0.0
2024,10302,urbana,24,mujer,2,26,7.6923076923076925
2024,10302,urbana,25,hombre,0,20,0.0
2024,10302,urbana,25,mujer,0,24,0.0
2024,10302,urbana,26,hombre,1,16,6.25
2024,10302,urbana,26,mujer,2,23,8.695652173913043
2024,10302,urbana,27,hombre,1,12,8.333333333333334
2024,10302,urbana,27,mujer,0,28,0.0
2024,10302,urbana,28,hombre,4,21,19.047619047619047
2024,10302,urbana,28,mujer,1,15,6.666666666666667
2024,10303,rural,16,hombre,1,45,2.2222222222222223
2024,10303,rural,16,mujer,0,51,0.0
2024,10303,rural,17,hombre,0,52,0.0
2024,10303,rural,17,mujer,0,55,0.0
2024,10303,rural,18,hombre,0,48,0.0
2024,10303,rural,18,mujer,0,52,0.0
2024,10303,rural,19,hombre,0,47,0.0
2024,10303,rural,19,mujer,0,47,0.0
2024,10303,rural,20,hombre,0,47,0.0
2024,10303,rural,20,mujer,1,54,1.8518518518518519
2024,10303,rural,21,hombre,0,37,0.0
2024,10303,rural,21,mujer,0,40,0.0
2024,10303,rural,22,hombre,0,50,0.0
2024,10303,rural,22,mujer,0,40,0.0
2024,10303,rural,23,hombre,2,70,2.857142857142857
2024,10303,rural,23,mujer,0,72,0.0
2024,10303,rural,24,hombre,2,84,2.380952380952381
2024,10303,rural,24,mujer,1,72,1.3888888888888888
2024,10303,rural,25,hombre,1,69,1.4492753623188406
2024,10303,rural,25,mujer,1,74,1.3513513513513513
2024,10303,rural,26,hombre,5,62,8.064516129032258
2024,10303,rural,26,mujer,0,65,0.0
2024,10303,rural,27,hombre,2,44,4.545454545454546
2024,10303,rural,27,mujer,2,49,4.081632653061225
2024,10303,rural,28,hombre,2,74,2.7027027027027026
2024,10303,rural,28,mujer,2,63,3.1746031746031744
2024,10303,urbana,16,hombre,2,31,6.451612903225806
2024,10303,urbana,16,mujer,2,34,5.882352941176471
2024,10303,urbana,17,hombre,2,28,7.142857142857143
2024,10303,urbana,17,mujer,1,15,6.666666666666667
2024,10303,urbana,18,hombre,0,23,0.0
2024,10303,urbana,18,mujer,1,20,5.0
2024,10303,urbana,19,hombre,1,16,6.25
2024,10303,urbana,19,mujer,2,25,8.0
2024,10303,urbana,20,hombre,3,18,16.666666666666668
2024,10303,urbana,20,mujer,0,16,0.0
2024,10303,urbana,21,hombre,3,13,23.076923076923077
2024,10303,urbana,21,mujer,0,16,0.0
2024,10303,urbana,22,hombre,2,24,8.333333333333334
2024,10303,urbana,22,mujer,0,16,0.0
2024,10303,urbana,23,hombre,0,27,0.0
2024,10303,urbana,23,mujer,2,27,7.407407407407407
2024,10303,urbana,24,hombre,1,20,5.0
2024,10303,urbana,24,mujer,3,30,10.0
2024,10303,urbana,25,hombre,1,32,3.125
2024,10303,urbana,25,mujer,0,23,0.0
2024,10303,urbana,26,hombre,1,15,6.666666666666667
2024,10303,urbana,26,mujer,3,34,8.823529411764707
2024,10303,urbana,27,hombre,4,19,21.05263157894737
2024,10303,urbana,27,mujer,0,13,0.0
2024,10303,urbana,28,hombre,2,27,7.407407407407407
2024,10303,urbana,28,mujer,1,22,4.545454545454546
2024,10304,rural,16,hombre,0,88,0.0
2024,10304,rural,16,mujer,0,92,0.0
2024,10304,rural,17,hombre,3,99,3.0303030303030303
2024,10304,rural,17,mujer,2,116,1.7241379310344827
2024,10304,rural,18,hombre,2,89,2.247191011235955
2024,10304,rural,18,mujer,2,89,2.247191011235955
2024,10304,rural,19,hombre,1,95,1.0526315789473684
2024,10304,rural,19,mujer,1,73,1.36986301369863
2024,10304,rural,20,hombre,4,97,4.123711340206185
2024,10304,rural,20,mujer,1,79,1.2658227848101267
2024,10304,rural,21,hombre,4,81,4.938271604938271
2024,10304,rural,21,mujer,1,93,1.075268817204301
2024,10304,rural,22,hombre,8,95,8.421052631578947
2024,10304,rural,22,mujer,1,66,1.5151515151515151
2024,10304,rural,23,hombre,2,107,1.8691588785046729
2024,10304,rural,23,mujer,0,95,0.0
2024,10304,rural,24,hombre,5,98,5.1020408163265305
2024,10304,rural,24,mujer,1,93,1.075268817204301
2024,10304,rural,25,hombre,11,82,13.414634146341463
2024,10304,rural,25,mujer,4,96,4.166666666666667
2024,10304,rural,26,hombre,4,79,5.063291139240507
2024,10304,rural,26,mujer,3,76,3.9473684210526314
2024,10304,rural,27,hombre,6,75,8.0
2024,10304,rural,27,mujer,2,74,2.7027027027027026
2024,10304,rural,28,hombre,8,86,9.30232558139535
2024,10304,rural,28,mujer,0,70,0.0
2024,10401,rural,16,hombre,0,29,0.0
2024,10401,rural,16,mujer,1,26,3.8461538461538463
2024,10401,rural,17,hombre,0,30,0.0
2024,10401,rural,17,mujer,0,36,0.0
2024,10401,rural,18,hombre,0,25,0.0
2024,10401,rural,18,mujer,3,27,11.11111111111111
2024,10401,rural,19,hombre,1,21,4.761904761904762
2024,10401,rural,19,mujer,0,31,0.0
2024,10401,rural,20,hombre,2,31,6.451612903225806
2024,10401,rural,20,mujer,3,37,8.108108108108109
2024,10401,rural,21,hombre,3,30,10.0
2024,10401,rural,21,mujer,0,34,0.0
2024,10401,rural,22,hombre,2,41,4.878048780487805
2024,10401,rural,22,mujer,0,23,0.0
2024,10401,rural,23,hombre,4,33,12.121212121212121
2024,10401,rural,23,mujer,0,36,0.0
2024,10401,rural,24,hombre,2,39,5.128205128205129
2024,10401,rural,24,mujer,1,31,3.225806451612903
2024,10401,rural,25,hombre,3,42,7.142857142857143
2024,10401,rural,25,mujer,0,32,0.0
2024,10401,rural,26,hombre,1,31,3.225806451612903
2024,10401,rural,26,mujer,0,27,0.0
2024,10401,rural,27,hombre,2,33,6.0606060606060606
2024,10401,rural,27,mujer,0,26,0.0
2024,10401,rural,28,hombre,2,38,5.2631578947368425
2024,10401,rural,28,mujer,1,31,3.225806451612903
2024,10401,urbana,16,hombre,2,43,4.651162790697675
2024,10401,urbana,16,mujer,5,39,12.820512820512821
2024,10401,urbana,17,hombre,3,30,10.0
2024,10401,urbana,17,mujer,4,55,7.2727272727272725
2024,10401,urbana,18,hombre,5,39,12.820512820512821
2024,10401,urbana,18,mujer,4,25,16.0
2024,10401,urbana,19,hombre,7,29,24.137931034482758
2024,10401,urbana,19,mujer,7,37,18.91891891891892
2024,10401,urbana,20,hombre,3,28,10.714285714285714
2024,10401,urbana,20,mujer,17,57,29.82456140350877
2024,10401,urbana,21,hombre,2,30,6.666666666666667
2024,10401,urbana,21,mujer,7,44,15.909090909090908
2024,10401,urbana,22,hombre,4,43,9.30232558139535
2024,10401,urbana,22,mujer,5,35,14.285714285714286
2024,10401,urbana,23,hombre,17,45,37.77777777777778
2024,10401,urbana,23,mujer,5,38,13.157894736842104
2024,10401,urbana,24,hombre,2,38,5.2631578947368425
2024,10401,urbana,24,mujer,3,36,8.333333333333334
2024,10401,urbana,25,hombre,5,33,15.151515151515152
2024,10401,urbana,25,mujer,1,38,2.6315789473684212
2024,10401,urbana,26,hombre,4,33,12.121212121212121
2024,10401,urbana,26,mujer,7,31,22.580645161290324
2024,10401,urbana,27,hombre,3,27,11.11111111111111
2024,10401,urbana,27,mujer,3,28,10.714285714285714
2024,10401,urbana,28,hombre,2,33,6.0606060606060606
2024,10401,urbana,28,mujer,2,35,5.714285714285714
2024,10402,rural,16,hombre,1,47,2.127659574468085
2024,10402,rural,16,mujer,0,63,0.0
2024,10402,rural,17,hombre,1,77,1.2987012987012987
2024,10402,rural,17,mujer,2,71,2.816901408450704
2024,10402,rural,18,hombre,0,72,0.0
2024,10402,rural,18,mujer,1,56,1.7857142857142858
2024,10402,rural,19,hombre,1,67,1.492537313432836
2024,10402,rural,19,mujer,2,45,4.444444444444445
2024,10402,rural,20,hombre,1,51,1.9607843137254901
2024,10402,rural,20,mujer,0,46,0.0
2024,10402,rural,21,hombre,0,66,0.0
2024,10402,rural,21,mujer,1,65,1.5384615384615385
2024,10402,rural,22,hombre,2,49,4.081632653061225
2024,10402,rural,22,mujer,0,60,0.0
2024,10402,rural,23,hombre,2,66,3.0303030303030303
2024,10402,rural,23,mujer,0,71,0.0
2024,10402,rural,24,hombre,5,65,7.6923076923076925
2024,10402,rural,24,mujer,1,72,1.3888888888888888
2024,10402,rural,25,hombre,2,56,3.5714285714285716
2024,10402,rural,25,mujer,0,48,0.0
2024,10402,rural,26,hombre,1,64,1.5625
2024,10402,rural,26,mujer,0,66,0.0
2024,10402,rural,27,hombre,3,53,5.660377358490566
2024,10402,rural,27,mujer,1,51,1.9607843137254901
2024,10402,rural,28,hombre,1,47,2.127659574468085
2024,10402,rural,28,mujer,1,50,2.0
2024,10402,urbana,16,hombre,0,14,0.0
2024,10402,urbana,16,mujer,2,26,7.6923076923076925
2024,10402,urbana,17,hombre,0,21,0.0
2024,10402,urbana,17,mujer,1,21,4.761904761904762
2024,10402,urbana,18,hombre,1,20,5.0
2024,10402,urbana,18,mujer,0,14,0.0
2024,10402,urbana,19,hombre,0,18,0.0
2024,10402,urbana,19,mujer,1,13,7.6923076923076925
2024,10402,urbana,20,hombre,0,14,0.0
2024,10402,urbana,20,mujer,1,18,5.555555555555555
2024,10402,urbana,21,hombre,1,13,7.6923076923076925
2024,10402,urbana,21,mujer,1,15,6.666666666666667
2024,10402,urbana,22,hombre,2,19,10.526315789473685
2024,10402,urbana,22,mujer,0,24,0.0
2024,10402,urbana,23,hombre,0,18,0.0
2024,10402,urbana,23,mujer,1,18,5.555555555555555
2024,10402,urbana,24,hombre,3,25,12.0
2024,10402,urbana,24,mujer,1,15,6.666666666666667
2024,10402,urbana,25,hombre,2,21,9.523809523809524
2024,10402,urbana,25,mujer,0,17,0.0
2024,10402,urbana,26,hombre,3,13,23.076923076923077
2024,10402,urbana,26,mujer,2,18,11.11111111111111
2024,10402,urbana,27,hombre,0,30,0.0
2024,10402,urbana,27,mujer,1,27,3.7037037037037037
2024,10402,urbana,28,hombre,1,17,5.882352941176471
2024,10402,urbana,28,mujer,0,18,0.0
2024,10403,rural,16,hombre,1,63,1.5873015873015872
2024,10403,rural,16,mujer,2,65,3.076923076923077
2024,10403,rural,17,hombre,3,78,3.8461538461538463
2024,10403,rural,17,mujer,2,72,2.7777777777777777
2024,10403,rural,18,hombre,3,78,3.8461538461538463
2024,10403,rural,18,mujer,1,57,1.7543859649122806
2024,10403,rural,19,hombre,8,62,12.903225806451612
2024,10403,rural,19,mujer,0,63,0.0
2024,10403,rural,20,hombre,3,59,5.084745762711864
2024,10403,rural,20,mujer,0,50,0.0
2024,10403,rural,21,hombre,2,48,4.166666666666667
2024,10403,rural,21,mujer,3,57,5.2631578947368425
2024,10403,rural,22,hombre,3,79,3.7974683544303796
2024,10403,rural,22,mujer,5,55,9.090909090909092
2024,10403,rural,23,hombre,3,69,4.3478260869565215
2024,10403,rural,23,mujer,4,54,7.407407407407407
2024,10403,rural,24,hombre,6,62,9.67741935483871
2024,10403,rural,24,mujer,3,71,4.225352112676056
2024,10403,rural,25,hombre,0,50,0.0
2024,10403,rural,25,mujer,1,66,1.5151515151515151
2024,10403,rural,26,hombre,4,63,6.349206349206349
2024,10403,rural,26,mujer,4,57,7.017543859649122
2024,10403,rural,27,hombre,2,50,4.0
2024,10403,rural,27,mujer,0,52,0.0
2024,10403,rural,28,hombre,3,63,4.761904761904762
2024,10403,rural,28,mujer,4,46,8.695652173913043
2024,10404,rural,16,hombre,0,27,0.0
2024,10404,rural,16,mujer,0,30,0.0
2024,10404,rural,17,hombre,0,33,0.0
2024,10404,rural,17,mujer,1,22,4.545454545454546
2024,10404,rural,18,hombre,2,31,6.451612903225806
2024,10404,rural,18,mujer,0,21,0.0
2024,10404,rural,19,hombre,0,26,0.0
2024,10404,rural,19,mujer,0,22,0.0
2024,10404,rural,20,hombre,2,22,9.090909090909092
2024,10404,rural,20,mujer,1,22,4.545454545454546
2024,10404,rural,21,hombre,0,29,0.0
2024,10404,rural,21,mujer,0,29,0.0
2024,10404,rural,22,hombre,4,45,8.88888888888889
2024,10404,rural,22,mujer,1,29,3.4482758620689653
2024,10404,rural,23,hombre,0,33,0.0
2024,10404,rural,23,mujer,2,37,5.405405405405405
2024,10404,rural,24,hombre,2,33,6.0606060606060606
2024,10404,rural,24,mujer,2,39,5.128205128205129
2024,10404,rural,25,hombre,6,37,16.216216216216218
2024,10404,rural,25,mujer,2,31,6.451612903225806
2024,10404,rural,26,hombre,4,25,16.0
2024,10404,rural,26,mujer,2,36,5.555555555555555
2024,10404,rural,27,hombre,2,32,6.25
2024,10404,rural,27,mujer,2,33,6.0606060606060606
2024,10404,rural,28,hombre,1,38,2.6315789473684212
2024,10404,rural,28,mujer,3,25,12.0
2024,10405,rural,16,hombre,1,46,2.1739130434782608
2024,10405,rural,16,mujer,0,42,0.0
2024,10405,rural,17,hombre,2,40,5.0
2024,10405,rural,17,mujer,0,46,0.0
2024,10405,rural,18,hombre,0,49,0.0
2024,10405,rural,18,mujer,0,45,0.0
2024,10405,rural,19,hombre,0,41,0.0
2024,10405,rural,19,mujer,0,43,0.0
2024,10405,rural,20,hombre,3,30,10.0
2024,10405,rural,20,mujer,0,34,0.0
2024,10405,rural,21,hombre,2,57,3.508771929824561
2024,10405,rural,21,mujer,3,50,6.0
2024,10405,rural,22,hombre,3,50,6.0
2024,10405,rural,22,mujer,0,44,0.0
2024,10405,rural,23,hombre,3,64,4.6875
2024,10405,rural,23,mujer,4,46,8.695652173913043
2024,10405,rural,24,hombre,3,51,5.882352941176471
2024,10405,rural,24,mujer,1,53,1.8867924528301887
2024,10405,rural,25,hombre,2,58,3.4482758620689653
2024,10405,rural,25,mujer,1,59,1.694915254237288
2024,10405,rural,26,hombre,1,52,1.9230769230769231
2024,10405,rural,26,mujer,0,66,0.0
2024,10405,rural,27,hombre,2,49,4.081632653061225
2024,10405,rural,27,mujer,0,53,0.0
2024,10405,rural,28,hombre,2,53,3.7735849056603774
2024,10405,rural,28,mujer,3,58,5.172413793103448
2024,10501,rural,16,hombre,5,85,5.882352941176471
2024,10501,rural,16,mujer,4,79,5.063291139240507
2024,10501,rural,17,hombre,4,82,4.878048780487805
2024,10501,rural,17,mujer,1,64,1.5625
2024,10501,rural,18,hombre,3,68,4.411764705882353
2024,10501,rural,18,mujer,2,51,3.9215686274509802
2024,10501,rural,19,hombre,4,60,6.666666666666667
2024,10501,rural,19,mujer,2,67,2.985074626865672
2024,10501,rural,20,hombre,4,73,5.47945205479452
2024,10501,rural,20,mujer,2,49,4.081632653061225
2024,10501,rural,21,hombre,7,52,13.461538461538462
2024,10501,rural,21,mujer,1,65,1.5384615384615385
2024,10501,rural,22,hombre,5,73,6.8493150684931505
2024,10501,rural,22,mujer,2,61,3.278688524590164
2024,10501,rural,23,hombre,6,88,6.818181818181818
2024,10501,rural,23,mujer,1,62,1.6129032258064515
2024,10501,rural,24,hombre,7,108,6.481481481481482
2024,10501,rural,24,mujer,1,89,1.1235955056179776
2024,10501,rural,25,hombre,5,95,5.2631578947368425
2024,10501,rural,25,mujer,3,70,4.285714285714286
2024,10501,rural,26,hombre,10,86,11.627906976744185
2024,10501,rural,26,mujer,2,69,2.898550724637681
2024,10501,rural,27,hombre,12,99,12.121212121212121
2024,10501,rural,27,mujer,0,69,0.0
2024,10501,rural,28,hombre,11,112,9.821428571428571
2024,10501,rural,28,mujer,2,81,2.4691358024691357
2024,10501,urbana,16,hombre,6,122,4.918032786885246
2024,10501,urbana,16,mujer,6,146,4.109589041095891
2024,10501,urbana,17,hombre,8,117,6.837606837606837
2024,10501,urbana,17,mujer,6,107,5.607476635514018
2024,10501,urbana,18,hombre,12,109,11.009174311926605
2024,10501,urbana,18,mujer,4,110,3.6363636363636362
2024,10501,urbana,19,hombre,13,101,12.871287128712872
2024,10501,urbana,19,mujer,7,103,6.796116504854369
2024,10501,urbana,20,hombre,17,110,15.454545454545455
2024,10501,urbana,20,mujer,18,112,16.071428571428573
2024,10501,urbana,21,hombre,21,124,16.93548387096774
2024,10501,urbana,21,mujer,10,113,8.849557522123893
2024,10501,urbana,22,hombre,12,115,10.434782608695652
2024,10501,urbana,22,mujer,13,99,13.131313131313131
2024,10501,urbana,23,hombre,7,118,5.932203389830509
2024,10501,urbana,23,mujer,9,132,6.818181818181818
2024,10501,urbana,24,hombre,13,104,12.5
2024,10501,urbana,24,mujer,13,143,9.090909090909092
2024,10501,urbana,25,hombre,6,103,5.825242718446602
2024,10501,urbana,25,mujer,9,106,8.49056603773585
2024,10501,urbana,26,hombre,9,117,7.6923076923076925
2024,10501,urbana,26,mujer,6,122,4.918032786885246
2024,10501,urbana,27,hombre,15,119,12.605042016806722
2024,10501,urbana,27,mujer,6,115,5.217391304347826
2024,10501,urbana,28,hombre,12,128,9.375
2024,10501,urbana,28,mujer,5,118,4.237288135593221
2024,10502,rural,16,hombre,1,48,2.0833333333333335
2024,10502,rural,16,mujer,2,47,4.25531914893617
2024,10502,rural,17,hombre,4,64,6.25
2024,10502,rural,17,mujer,4,53,7.547169811320755
2024,10502,rural,18,hombre,3,51,5.882352941176471
2024,10502,rural,18,mujer,0,39,0.0
2024,10502,rural,19,hombre,2,35,5.714285714285714
2024,10502,rural,19,mujer,2,24,8.333333333333334
2024,10502,rural,20,hombre,5,51,9.803921568627452
2024,10502,rural,20,mujer,0,36,0.0
2024,10502,rural,21,hombre,2,37,5.405405405405405
2024,10502,rural,21,mujer,2,36,5.555555555555555
2024,10502,rural,22,hombre,4,43,9.30232558139535
2024,10502,rural,22,mujer,0,30,0.0
2024,10502,rural,23,hombre,2,50,4.0
2024,10502,rural,23,mujer,5,54,9.25925925925926
2024,10502,rural,24,hombre,7,59,11.864406779661017
2024,10502,rural,24,mujer,1,45,2.2222222222222223
2024,10502,rural,25,hombre,3,53,5.660377358490566
2024,10502,rural,25,mujer,0,48,0.0
2024,10502,rural,26,hombre,6,46,13.043478260869565
2024,10502,rural,26,mujer,2,52,3.8461538461538463
2024,10502,rural,27,hombre,7,64,10.9375
2024,10502,rural,27,mujer,2,35,5.714285714285714
2024,10502,rural,28,hombre,9,47,19.148936170212767
2024,10502,rural,28,mujer,1,44,2.272727272727273
2024,10601,rural,16,hombre,5,101,4.9504950495049505
2024,10601,rural,16,mujer,2,101,1.9801980198019802
2024,10601,rural,17,hombre,4,113,3.5398230088495577
2024,10601,rural,17,mujer,0,103,0.0
2024,10601,rural,18,hombre,6,93,6.451612903225806
2024,10601,rural,18,mujer,3,79,3.7974683544303796
2024,10601,rural,19,hombre,0,80,0.0
2024,10601,rural,19,mujer,4,106,3.7735849056603774
2024,10601,rural,20,hombre,6,85,7.0588235294117645
2024,10601,rural,20,mujer,4,78,5.128205128205129
2024,10601,rural,21,hombre,8,80,10.0
2024,10601,rural,21,mujer,5,88,5.681818181818182
2024,10601,rural,22,hombre,3,69,4.3478260869565215
2024,10601,rural,22,mujer,3,70,4.285714285714286
2024,10601,rural,23,hombre,5,88,5.681818181818182
2024,10601,rural,23,mujer,9,89,10.112359550561798
2024,10601,rural,24,hombre,10,110,9.090909090909092
2024,10601,rural,24,mujer,5,89,5.617977528089888
2024,10601,rural,25,hombre,4,73,5.47945205479452
2024,10601,rural,25,mujer,2,68,2.9411764705882355
2024,10601,rural,26,hombre,6,61,9.836065573770492
2024,10601,rural,26,mujer,1,57,1.7543859649122806
2024,10601,rural,27,hombre,5,69,7.246376811594203
2024,10601,rural,27,mujer,1,44,2.272727272727273
2024,10601,rural,28,hombre,5,51,9.803921568627452
2024,10601,rural,28,mujer,0,60,0.0
2024,10601,urbana,16,hombre,1,33,3.0303030303030303
2024,10601,urbana,16,mujer,1,53,1.8867924528301887
2024,10601,urbana,17,hombre,1,32,3.125
2024,10601,urbana,17,mujer,0,31,0.0
2024,10601,urbana,18,hombre,1,29,3.4482758620689653
2024,10601,urbana,18,mujer,1,28,3.5714285714285716
2024,10601,urbana,19,hombre,3,26,11.538461538461538
2024,10601,urbana,19,mujer,1,21,4.761904761904762
2024,10601,urbana,20,hombre,1,18,5.555555555555555
2024,10601,urbana,20,mujer,2,25,8.0
2024,10601,urbana,21,hombre,2,19,10.526315789473685
2024,10601,urbana,21,mujer,1,19,5.2631578947368425
2024,10601,urbana,22,hombre,3,24,12.5
2024,10601,urbana,22,mujer,3,19,15.789473684210526
2024,10601,urbana,23,hombre,4,24,16.666666666666668
2024,10601,urbana,23,mujer,3,30,10.0
2024,10601,urbana,24,hombre,1,29,3.4482758620689653
2024,10601,urbana,24,mujer,2,17,11.764705882352942
2024,10601,urbana,25,hombre,1,19,5.2631578947368425
2024,10601,urbana,25,mujer,3,21,14.285714285714286
2024,10601,urbana,26,hombre,4,19,21.05263157894737
2024,10601,urbana,26,mujer,2,21,9.523809523809524
2024,10601,urbana,27,hombre,0,15,0.0
2024,10601,urbana,27,mujer,2,19,10.526315789473685
2024,10601,urbana,28,hombre,2,17,11.764705882352942
2024,10601,urbana,28,mujer,0,24,0.0
2024,10602,rural,16,hombre,1,74,1.3513513513513513
2024,10602,rural,16,mujer,1,72,1.3888888888888888
2024,10602,rural,17,hombre,2,71,2.816901408450704
2024,10602,rural,17,mujer,0,69,0.0
2024,10602,rural,18,hombre,4,64,6.25
2024,10602,rural,18,mujer,2,65,3.076923076923077
2024,10602,rural,19,hombre,4,53,7.547169811320755
2024,10602,rural,19,mujer,1,57,1.7543859649122806
2024,10602,rural,20,hombre,1,65,1.5384615384615385
2024,10602,rural,20,mujer,2,48,4.166666666666667
2024,10602,rural,21,hombre,3,55,5.454545454545454
2024,10602,rural,21,mujer,0,62,0.0
2024,10602,rural,22,hombre,3,58,5.172413793103448
2024,10602,rural,22,mujer,2,62,3.225806451612903
2024,10602,rural,23,hombre,5,66,7.575757575757576
2024,10602,rural,23,mujer,2,55,3.6363636363636362
2024,10602,rural,24,hombre,6,65,9.23076923076923
2024,10602,rural,24,mujer,2,52,3.8461538461538463
2024,10602,rural,25,hombre,4,71,5.633802816901408
2024,10602,rural,25,mujer,3,69,4.3478260869565215
2024,10602,rural,26,hombre,7,63,11.11111111111111
2024,10602,rural,26,mujer,3,58,5.172413793103448
2024,10602,rural,27,hombre,6,64,9.375
2024,10602,rural,27,mujer,2,67,2.985074626865672
2024,10602,rural,28,hombre,5,48,10.416666666666666
2024,10602,rural,28,mujer,0,48,0.0
2024,10701,rural,16,hombre,0,70,0.0
2024,10701,rural,16,mujer,2,68,2.9411764705882355
2024,10701,rural,17,hombre,3,77,3.896103896103896
2024,10701,rural,17,mujer,1,65,1.5384615384615385
2024,10701,rural,18,hombre,4,70,5.714285714285714
2024,10701,rural,18,mujer,3,61,4.918032786885246
2024,10701,rural,19,hombre,3,84,3.5714285714285716
2024,10701,rural,19,mujer,2,66,3.0303030303030303
2024,10701,rural,20,hombre,4,52,7.6923076923076925
2024,10701,rural,20,mujer,1,61,1.639344262295082
2024,10701,rural,21,hombre,10,72,13.88888888888889
2024,10701,rural,21,mujer,4,62,6.451612903225806
2024,10701,rural,22,hombre,9,85,10.588235294117647
2024,10701,rural,22,mujer,3,70,4.285714285714286
2024,10701,rural,23,hombre,7,63,11.11111111111111
2024,10701,rural,23,mujer,4,63,6.349206349206349
2024,10701,rural,24,hombre,7,69,10.144927536231885
2024,10701,rural,24,mujer,2,78,2.5641025641025643
2024,10701,rural,25,hombre,10,65,15.384615384615385
2024,10701,rural,25,mujer,3,74,4.054054054054054
2024,10701,rural,26,hombre,10,73,13.698630136986301
2024,10701,rural,26,mujer,2,91,2.197802197802198
2024,10701,rural,27,hombre,4,61,6.557377049180328
2024,10701,rural,27,mujer,3,69,4.3478260869565215
2024,10701,rural,28,hombre,11,79,13.924050632911392
2024,10701,rural,28,mujer,2,69,2.898550724637681
2024,10701,urbana,16,hombre,3,55,5.454545454545454
2024,10701,urbana,16,mujer,0,63,0.0
2024,10701,urbana,17,hombre,3,38,7.894736842105263
2024,10701,urbana,17,mujer,5,53,9.433962264150944
2024,10701,urbana,18,hombre,2,39,5.128205128205129
2024,10701,urbana,18,mujer,2,51,3.9215686274509802
2024,10701,urbana,19,hombre,0,30,0.0
2024,10701,urbana,19,mujer,4,30,13.333333333333334
2024,10701,urbana,20,hombre,7,41,17.073170731707318
2024,10701,urbana,20,mujer,4,33,12.121212121212121
2024,10701,urbana,21,hombre,0,39,0.0
2024,10701,urbana,21,mujer,3,31,9.67741935483871
2024,10701,urbana,22,hombre,5,41,12.195121951219512
2024,10701,urbana,22,mujer,5,41,12.195121951219512
2024,10701,urbana,23,hombre,7,49,14.285714285714286
2024,10701,urbana,23,mujer,4,45,8.88888888888889
2024,10701,urbana,24,hombre,5,35,14.285714285714286
2024,10701,urbana,24,mujer,8,49,16.3265306122449
2024,10701,urbana,25,hombre,6,40,15.0
2024,10701,urbana,25,mujer,1,57,1.7543859649122806
2024,10701,urbana,26,hombre,4,31,12.903225806451612
2024,10701,urbana,26,mujer,2,41,4.878048780487805
2024,10701,urbana,27,hombre,4,52,7.6923076923076925
2024,10701,urbana,27,mujer,2,45,4.444444444444445
2024,10701,urbana,28,hombre,6,32,18.75
2024,10701,urbana,28,mujer,3,46,6.521739130434782
2024,10702,rural,16,hombre,12,268,4.477611940298507
2024,10702,rural,16,mujer,7,277,2.527075812274368
2024,10702,rural,17,hombre,5,238,2.100840336134454
2024,10702,rural,17,mujer,9,270,3.3333333333333335
2024,10702,rural,18,hombre,12,212,5.660377358490566
2024,10702,rural,18,mujer,4,189,2.1164021164021163
2024,10702,rural,19,hombre,11,159,6.918238993710692
2024,10702,rural,19,mujer,5,203,2.4630541871921183
2024,10702,rural,20,hombre,14,160,8.75
2024,10702,rural,20,mujer,5,187,2.6737967914438503
2024,10702,rural,21,hombre,14,160,8.75
2024,10702,rural,21,mujer,7,171,4.093567251461988
2024,10702,rural,22,hombre,14,152,9.210526315789474
2024,10702,rural,22,mujer,6,171,3.508771929824561
2024,10702,rural,23,hombre,16,213,7.511737089201878
2024,10702,rural,23,mujer,7,169,4.1420118343195265
2024,10702,rural,24,hombre,14,181,7.734806629834254
2024,10702,rural,24,mujer,8,195,4.102564102564102
2024,10702,rural,25,hombre,15,152,9.868421052631579
2024,10702,rural,25,mujer,9,156,5.769230769230769
2024,10702,rural,26,hombre,16,163,9.815950920245399
2024,10702,rural,26,mujer,7,151,4.635761589403973
2024,10702,rural,27,hombre,22,159,13.836477987421384
2024,10702,rural,27,mujer,5,142,3.5211267605633805
2024,10702,rural,28,hombre,16,150,10.666666666666666
2024,10702,rural,28,mujer,7,136,5.147058823529412
2024,10702,urbana,16,hombre,1,33,3.0303030303030303
2024,10702,urbana,16,mujer,0,43,0.0
2024,10702,urbana,17,hombre,5,46,10.869565217391305
2024,10702,urbana,17,mujer,0,20,0.0
2024,10702,urbana,18,hombre,7,24,29.166666666666668
2024,10702,urbana,18,mujer,1,15,6.666666666666667
2024,10702,urbana,19,hombre,5,20,25.0
2024,10702,urbana,19,mujer,1,19,5.2631578947368425
2024,10702,urbana,20,hombre,3,19,15.789473684210526
2024,10702,urbana,20,mujer,1,21,4.761904761904762
2024,10702,urbana,21,hombre,5,17,29.41176470588235
2024,10702,urbana,21,mujer,2,20,10.0
2024,10702,urbana,22,hombre,4,17,23.529411764705884
2024,10702,urbana,22,mujer,0,21,0.0
2024,10702,urbana,23,hombre,1,19,5.2631578947368425
2024,10702,urbana,23,mujer,0,16,0.0
2024,10702,urbana,24,hombre,0,18,0.0
2024,10702,urbana,24,mujer,2,25,8.0
2024,10702,urbana,25,hombre,4,16,25.0
2024,10702,urbana,25,mujer,6,37,16.216216216216218
2024,10702,urbana,26,hombre,3,16,18.75
2024,10702,urbana,26,mujer,3,26,11.538461538461538
2024,10702,urbana,27,hombre,0,16,0.0
2024,10702,urbana,27,mujer,5,31,16.129032258064516
2024,10702,urbana,28,hombre,4,18,22.22222222222222
2024,10702,urbana,28,mujer,0,29,0.0
2024,10703,rural,16,hombre,2,112,1.7857142857142858
2024,10703,rural,16,mujer,1,111,0.9009009009009009
2024,10703,rural,17,hombre,3,138,2.1739130434782608
2024,10703,rural,17,mujer,5,134,3.7313432835820897
2024,10703,rural,18,hombre,9,110,8.181818181818182
2024,10703,rural,18,mujer,0,118,0.0
2024,10703,rural,19,hombre,4,130,3.076923076923077
2024,10703,rural,19,mujer,2,121,1.6528925619834711
2024,10703,rural,20,hombre,11,133,8.270676691729323
2024,10703,rural,20,mujer,1,119,0.8403361344537815
2024,10703,rural,21,hombre,5,109,4.587155963302752
2024,10703,rural,21,mujer,3,124,2.4193548387096775
2024,10703,rural,22,hombre,4,107,3.7383177570093458
2024,10703,rural,22,mujer,3,126,2.380952380952381
2024,10703,rural,23,hombre,6,137,4.37956204379562
2024,10703,rural,23,mujer,4,147,2.7210884353741496
2024,10703,rural,24,hombre,6,135,4.444444444444445
2024,10703,rural,24,mujer,2,124,1.6129032258064515
2024,10703,rural,25,hombre,14,135,10.37037037037037
2024,10703,rural,25,mujer,3,111,2.7027027027027026
2024,10703,rural,26,hombre,9,120,7.5
2024,10703,rural,26,mujer,3,92,3.260869565217391
2024,10703,rural,27,hombre,7,107,6.542056074766355
2024,10703,rural,27,mujer,1,101,0.9900990099009901
2024,10703,rural,28,hombre,2,103,1.941747572815534
2024,10703,rural,28,mujer,3,90,3.3333333333333335
2024,10703,urbana,16,hombre,0,19,0.0
2024,10703,urbana,16,mujer,0,19,0.0
2024,10703,urbana,17,hombre,0,21,0.0
2024,10703,urbana,17,mujer,0,19,0.0
2024,10703,urbana,18,hombre,1,22,4.545454545454546
2024,10703,urbana,18,mujer,1,11,9.090909090909092
2024,10703,urbana,19,hombre,0,27,0.0
2024,10703,urbana,19,mujer,0,29,0.0
2024,10703,urbana,20,hombre,0,23,0.0
2024,10703,urbana,20,mujer,0,20,0.0
2024,10703,urbana,21,hombre,1,18,5.555555555555555
2024,10703,urbana,21,mujer,1,17,5.882352941176471
2024,10703,urbana,22,hombre,0,14,0.0
2024,10703,urbana,22,mujer,1,32,3.125
2024,10703,urbana,23,hombre,1,31,3.225806451612903
2024,10703,urbana,23,mujer,0,34,0.0
2024,10703,urbana,24,hombre,3,37,8.108108108108109
2024,10703,urbana,24,mujer,0,42,0.0
2024,10703,urbana,25,hombre,0,29,0.0
2024,10703,urbana,25,mujer,0,29,0.0
2024,10703,urbana,26,hombre,0,17,0.0
2024,10703,urbana,26,mujer,2,33,6.0606060606060606
2024,10703,urbana,27,hombre,1,26,3.8461538461538463
2024,10703,urbana,27,mujer,0,29,0.0
2024,10703,urbana,28,hombre,1,29,3.4482758620689653
2024,10703,urbana,28,mujer,2,21,9.523809523809524
2024,10704,rural,16,hombre,6,118,5.084745762711864
2024,10704,rural,16,mujer,0,121,0.0
2024,10704,rural,17,hombre,9,139,6.474820143884892
2024,10704,rural,17,mujer,2,122,1.639344262295082
2024,10704,rural,18,hombre,6,121,4.958677685950414
2024,10704,rural,18,mujer,3,125,2.4
2024,10704,rural,19,hombre,6,112,5.357142857142857
2024,10704,rural,19,mujer,4,115,3.4782608695652173
2024,10704,rural,20,hombre,3,109,2.7522935779816513
2024,10704,rural,20,mujer,1,119,0.8403361344537815
2024,10704,rural,21,hombre,5,108,4.62962962962963
2024,10704,rural,21,mujer,1,137,0.7299270072992701
2024,10704,rural,22,hombre,5,92,5.434782608695652
2024,10704,rural,22,mujer,1,124,0.8064516129032258
2024,10704,rural,23,hombre,9,135,6.666666666666667
2024,10704,rural,23,mujer,4,116,3.4482758620689653
2024,10704,rural,24,hombre,3,114,2.6315789473684212
2024,10704,rural,24,mujer,2,92,2.1739130434782608
2024,10704,rural,25,hombre,8,95,8.421052631578947
2024,10704,rural,25,mujer,6,95,6.315789473684211
2024,10704,rural,26,hombre,10,105,9.523809523809524
2024,10704,rural,26,mujer,6,95,6.315789473684211
2024,10704,rural,27,hombre,9,86,10.465116279069768
2024,10704,rural,27,mujer,3,77,3.896103896103896
2024,10704,rural,28,hombre,6,94,6.382978723404255
2024,10704,rural,28,mujer,3,76,3.9473684210526314
2024,10704,urbana,16,hombre,2,28,7.142857142857143
2024,10704,urbana,16,mujer,3,28,10.714285714285714
2024,10704,urbana,17,hombre,2,24,8.333333333333334
2024,10704,urbana,17,mujer,1,36,2.7777777777777777
2024,10704,urbana,18,hombre,1,25,4.0
2024,10704,urbana,18,mujer,3,33,9.090909090909092
2024,10704,urbana,19,hombre,2,25,8.0
2024,10704,urbana,19,mujer,0,24,0.0
2024,10704,urbana,20,hombre,0,25,0.0
2024,10704,urbana,20,mujer,3,28,10.714285714285714
2024,10704,urbana,21,hombre,1,28,3.5714285714285716
2024,10704,urbana,21,mujer,1,30,3.3333333333333335
2024,10704,urbana,22,hombre,2,16,12.5
2024,10704,urbana,22,mujer,2,22,9.090909090909092
2024,10704,urbana,23,hombre,0,24,0.0
2024,10704,urbana,23,mujer,3,26,11.538461538461538
2024,10704,urbana,24,hombre,2,32,6.25
2024,10704,urbana,24,mujer,3,22,13.636363636363637
2024,10704,urbana,25,hombre,3,26,11.538461538461538
2024,10704,urbana,25,mujer,1,33,3.0303030303030303
2024,10704,urbana,26,hombre,6,28,21.428571428571427
2024,10704,urbana,26,mujer,2,28,7.142857142857143
2024,10704,urbana,27,hombre,2,22,9.090909090909092
2024,10704,urbana,27,mujer,1,36,2.7777777777777777
2024,10704,urbana,28,hombre,1,19,5.2631578947368425
2024,10704,urbana,28,mujer,1,29,3.4482758620689653
2024,10801,rural,16,hombre,2,46,4.3478260869565215
2024,10801,rural,16,mujer,1,44,2.272727272727273
2024,10801,rural,17,hombre,4,46,8.695652173913043
2024,10801,rural,17,mujer,4,53,7.547169811320755
2024,10801,rural,18,hombre,0,45,0.0
2024,10801,rural,18,mujer,0,33,0.0
2024,10801,rural,19,hombre,2,41,4.878048780487805
2024,10801,rural,19,mujer,0,29,0.0
2024,10801,rural,20,hombre,3,35,8.571428571428571
2024,10801,rural,20,mujer,0,43,0.0
2024,10801,rural,21,hombre,2,46,4.3478260869565215
2024,10801,rural,21,mujer,1,32,3.125
2024,10801,rural,22,hombre,3,31,9.67741935483871
2024,10801,rural,22,mujer,0,36,0.0
2024,10801,rural,23,hombre,3,36,8.333333333333334
2024,10801,rural,23,mujer,1,36,2.7777777777777777
2024,10801,rural,24,hombre,4,42,9.523809523809524
2024,10801,rural,24,mujer,2,40,5.0
2024,10801,rural,25,hombre,3,41,7.317073170731708
2024,10801,rural,25,mujer,0,29,0.0
2024,10801,rural,26,hombre,4,35,11.428571428571429
2024,10801,rural,26,mujer,2,35,5.714285714285714
2024,10801,rural,27,hombre,5,44,11.363636363636363
2024,10801,rural,27,mujer,1,40,2.5
2024,10801,rural,28,hombre,2,39,5.128205128205129
2024,10801,rural,28,mujer,1,37,2.7027027027027026
2024,10801,urbana,16,hombre,1,42,2.380952380952381
2024,10801,urbana,16,mujer,2,35,5.714285714285714
2024,10801,urbana,17,hombre,2,36,5.555555555555555
2024,10801,urbana,17,mujer,0,33,0.0
2024,10801,urbana,18,hombre,0,30,0.0
2024,10801,urbana,18,mujer,3,20,15.0
2024,10801,urbana,19,hombre,3,31,9.67741935483871
2024,10801,urbana,19,mujer,4,37,10.81081081081081
2024,10801,urbana,20,hombre,7,44,15.909090909090908
2024,10801,urbana,20,mujer,4,30,13.333333333333334
2024,10801,urbana,21,hombre,7,47,14.893617021276595
2024,10801,urbana,21,mujer,4,37,10.81081081081081
2024,10801,urbana,22,hombre,5,36,13.88888888888889
2024,10801,urbana,22,mujer,5,23,21.73913043478261
2024,10801,urbana,23,hombre,6,42,14.285714285714286
2024,10801,urbana,23,mujer,4,29,13.793103448275861
2024,10801,urbana,24,hombre,5,31,16.129032258064516
2024,10801,urbana,24,mujer,3,34,8.823529411764707
2024,10801,urbana,25,hombre,7,30,23.333333333333332
2024,10801,urbana,25,mujer,2,31,6.451612903225806
2024,10801,urbana,26,hombre,6,35,17.142857142857142
2024,10801,urbana,26,mujer,0,29,0.0
2024,10801,urbana,27,hombre,2,25,8.0
2024,10801,urbana,27,mujer,1,22,4.545454545454546
2024,10801,urbana,28,hombre,2,32,6.25
2024,10801,urbana,28,mujer,3,24,12.5
2024,10901,rural,16,hombre,0,21,0.0
2024,10901,rural,16,mujer,0,20,0.0
2024,10901,rural,17,hombre,0,32,0.0
2024,10901,rural,17,mujer,0,23,0.0
2024,10901,rural,18,hombre,0,12,0.0
2024,10901,rural,18,mujer,0,31,0.0
2024,10901,rural,19,hombre,0,22,0.0
2024,10901,rural,19,mujer,0,21,0.0
2024,10901,rural,20,hombre,1,27,3.7037037037037037
2024,10901,rural,20,mujer,2,18,11.11111111111111
2024,10901,rural,21,hombre,1,17,5.882352941176471
2024,10901,rural,21,mujer,0,18,0.0
2024,10901,rural,22,hombre,3,35,8.571428571428571
2024,10901,rural,22,mujer,1,24,4.166666666666667
2024,10901,rural,23,hombre,1,33,3.0303030303030303
2024,10901,rural,23,mujer,3,24,12.5
2024,10901,rural,24,hombre,1,29,3.4482758620689653
2024,10901,rural,24,mujer,2,30,6.666666666666667
2024,10901,rural,25,hombre,1,24,4.166666666666667
2024,10901,rural,25,mujer,1,20,5.0
2024,10901,rural,26,hombre,2,28,7.142857142857143
2024,10901,rural,26,mujer,0,30,0.0
2024,10901,rural,27,hombre,1,21,4.761904761904762
2024,10901,rural,27,mujer,0,21,0.0
2024,10901,rural,28,hombre,1,29,3.4482758620689653
2024,10901,rural,28,mujer,0,21,0.0
2024,10901,urbana,16,hombre,0,14,0.0
2024,10901,urbana,16,mujer,1,30,3.3333333333333335
2024,10901,urbana,17,hombre,1,25,4.0
2024,10901,urbana,17,mujer,0,28,0.0
2024,10901,urbana,18,hombre,0,17,0.0
2024,10901,urbana,18,mujer,1,14,7.142857142857143
2024,10901,urbana,19,hombre,0,16,0.0
2024,10901,urbana,19,mujer,0,16,0.0
2024,10901,urbana,20,hombre,2,18,11.11111111111111
2024,10901,urbana,20,mujer,0,21,0.0
2024,10901,urbana,21,hombre,3,27,11.11111111111111
2024,10901,urbana,21,mujer,0,26,0.0
2024,10901,urbana,22,hombre,2,24,8.333333333333334
2024,10901,urbana,22,mujer,3,19,15.789473684210526
2024,10901,urbana,23,hombre,1,31,3.225806451612903
2024,10901,urbana,23,mujer,0,16,0.0
2024,10901,urbana,24,hombre,0,36,0.0
2024,10901,urbana,24,mujer,1,24,4.166666666666667
2024,10901,urbana,25,hombre,0,21,0.0
2024,10901,urbana,25,mujer,0,20,0.0
2024,10901,urbana,26,hombre,2,17,11.764705882352942
2024,10901,urbana,26,mujer,1,25,4.0
2024,10901,urbana,27,hombre,1,16,6.25
2024,10901,urbana,27,mujer,1,22,4.545454545454546
2024,10901,urbana,28,hombre,1,27,3.7037037037037037
2024,10901,urbana,28,mujer,1,24,4.166666666666667
2024,10902,rural,16,hombre,2,105,1.9047619047619047
2024,10902,rural,16,mujer,0,109,0.0
2024,10902,rural,17,hombre,5,105,4.761904761904762
2024,10902,rural,17,mujer,2,109,1.834862385321101
2024,10902,rural,18,hombre,5,90,5.555555555555555
2024,10902,rural,18,mujer,2,105,1.9047619047619047
2024,10902,rural,19,hombre,8,90,8.88888888888889
2024,10902,rural,19,mujer,3,86,3.488372093023256
2024,10902,rural,20,hombre,3,92,3.260869565217391
2024,10902,rural,20,mujer,0,72,0.0
2024,10902,rural,21,hombre,6,97,6.185567010309279
2024,10902,rural,21,mujer,3,102,2.9411764705882355
2024,10902,rural,22,hombre,12,85,14.117647058823529
2024,10902,rural,22,mujer,2,75,2.6666666666666665
2024,10902,rural,23,hombre,12,96,12.5
2024,10902,rural,23,mujer,0,91,0.0
2024,10902,rural,24,hombre,2,92,2.1739130434782608
2024,10902,rural,24,mujer,4,85,4.705882352941177
2024,10902,rural,25,hombre,10,86,11.627906976744185
2024,10902,rural,25,mujer,6,89,6.741573033707865
2024,10902,rural,26,hombre,12,87,13.793103448275861
2024,10902,rural,26,mujer,0,71,0.0
2024,10902,rural,27,hombre,8,82,9.75609756097561
2024,10902,rural,27,mujer,3,72,4.166666666666667
2024,10902,rural,28,hombre,6,84,7.142857142857143
2024,10902,rural,28,mujer,5,76,6.578947368421052
2024,10902,urbana,16,hombre,0,32,0.0
2024,10902,urbana,16,mujer,1,37,2.7027027027027026
2024,10902,urbana,17,hombre,1,34,2.9411764705882355
2024,10902,urbana,17,mujer,3,35,8.571428571428571
2024,10902,urbana,18,hombre,0,32,0.0
2024,10902,urbana,18,mujer,2,28,7.142857142857143
2024,10902,urbana,19,hombre,1,29,3.4482758620689653
2024,10902,urbana,19,mujer,0,22,0.0
2024,10902,urbana,20,hombre,1,19,5.2631578947368425
2024,10902,urbana,20,mujer,0,19,0.0
2024,10902,urbana,21,hombre,1,24,4.166666666666667
2024,10902,urbana,21,mujer,0,15,0.0
2024,10902,urbana,22,hombre,1,22,4.545454545454546
2024,10902,urbana,22,mujer,1,24,4.166666666666667
2024,10902,urbana,23,hombre,3,31,9.67741935483871
2024,10902,urbana,23,mujer,3,29,10.344827586206897
2024,10902,urbana,24,hombre,1,16,6.25
2024,10902,urbana,24,mujer,2,24,8.333333333333334
2024,10902,urbana,25,hombre,1,22,4.545454545454546
2024,10902,urbana,25,mujer,0,25,0.0
2024,10902,urbana,26,hombre,2,25,8.0
2024,10902,urbana,26,mujer,3,30,10.0
2024,10902,urbana,27,hombre,3,28,10.714285714285714
2024,10902,urbana,27,mujer,0,24,0.0
2024,10902,urbana,28,hombre,2,23,8.695652173913043
2024,10902,urbana,28,mujer,0,17,0.0
2024,10903,rural,16,hombre,2,32,6.25
2024,10903,rural,16,mujer,0,34,0.0
2024,10903,rural,17,hombre,1,42,2.380952380952381
2024,10903,rural,17,mujer,0,32,0.0
2024,10903,rural,18,hombre,1,44,2.272727272727273
2024,10903,rural,18,mujer,2,29,6.896551724137931
2024,10903,rural,19,hombre,2,43,4.651162790697675
2024,10903,rural,19,mujer,0,40,0.0
2024,10903,rural,20,hombre,1,40,2.5
2024,10903,rural,20,mujer,0,36,0.0
2024,10903,rural,21,hombre,0,60,0.0
2024,10903,rural,21,mujer,0,29,0.0
2024,10903,rural,22,hombre,1,47,2.127659574468085
2024,10903,rural,22,mujer,0,37,0.0
2024,10903,rural,23,hombre,2,59,3.389830508474576
2024,10903,rural,23,mujer,2,46,4.3478260869565215
2024,10903,rural,24,hombre,2,66,3.0303030303030303
2024,10903,rural,24,mujer,1,45,2.2222222222222223
2024,10903,rural,25,hombre,4,50,8.0
2024,10903,rural,25,mujer,0,40,0.0
2024,10903,rural,26,hombre,0,43,0.0
2024,10903,rural,26,mujer,2,50,4.0
2024,10903,rural,27,hombre,4,56,7.142857142857143
2024,10903,rural,27,mujer,3,36,8.333333333333334
2024,10903,rural,28,hombre,0,49,0.0
2024,10903,rural,28,mujer,0,33,0.0
2024,11001,rural,16,hombre,1,83,1.2048192771084338
2024,11001,rural,16,mujer,0,75,0.0
2024,11001,rural,17,hombre,0,87,0.0
2024,11001,rural,17,mujer,1,73,1.36986301369863
2024,11001,rural,18,hombre,1,63,1.5873015873015872
2024,11001,rural,18,mujer,1,60,1.6666666666666667
2024,11001,rural,19,hombre,2,60,3.3333333333333335
2024,11001,rural,19,mujer,1,44,2.272727272727273
2024,11001,rural,20,hombre,0,51,0.0
2024,11001,rural,20,mujer,0,53,0.0
2024,11001,rural,21,hombre,4,58,6.896551724137931
2024,11001,rural,21,mujer,0,37,0.0
2024,11001,rural,22,hombre,2,52,3.8461538461538463
2024,11001,rural,22,mujer,2,57,3.508771929824561
2024,11001,rural,23,hombre,5,75,6.666666666666667
2024,11001,rural,23,mujer,1,57,1.7543859649122806
2024,11001,rural,24,hombre,2,76,2.6315789473684212
2024,11001,rural,24,mujer,1,65,1.5384615384615385
2024,11001,rural,25,hombre,2,49,4.081632653061225
2024,11001,rural,25,mujer,0,54,0.0
2024,11001,rural,26,hombre,0,53,0.0
2024,11001,rural,26,mujer,1,59,1.694915254237288
2024,11001,rural,27,hombre,6,68,8.823529411764707
2024,11001,rural,27,mujer,3,45,6.666666666666667
2024,11001,rural,28,hombre,2,75,2.6666666666666665
2024,11001,rural,28,mujer,0,53,0.0
2024,11001,urbana,16,hombre,0,35,0.0
2024,11001,urbana,16,mujer,0,37,0.0
2024,11001,urbana,17,hombre,5,43,11.627906976744185
2024,11001,urbana,17,mujer,5,46,10.869565217391305
2024,11001,urbana,18,hombre,16,101,15.841584158415841
2024,11001,urbana,18,mujer,7,52,13.461538461538462
2024,11001,urbana,19,hombre,21,108,19.444444444444443
2024,11001,urbana,19,mujer,14,76,18.42105263157895
2024,11001,urbana,20,hombre,19,116,16.379310344827587
2024,11001,urbana,20,mujer,16,85,18.823529411764707
2024,11001,urbana,21,hombre,11,109,10.091743119266056
2024,11001,urbana,21,mujer,10,89,11.235955056179776
2024,11001,urbana,22,hombre,16,112,14.285714285714286
2024,11001,urbana,22,mujer,12,92,13.043478260869565
2024,11001,urbana,23,hombre,20,118,16.949152542372882
2024,11001,urbana,23,mujer,8,56,14.285714285714286
2024,11001,urbana,24,hombre,7,89,7.865168539325842
2024,11001,urbana,24,mujer,4,72,5.555555555555555
2024,11001,urbana,25,hombre,7,84,8.333333333333334
2024,11001,urbana,25,mujer,8,65,12.307692307692308
2024,11001,urbana,26,hombre,8,54,14.814814814814815
2024,11001,urbana,26,mujer,2,24,8.333333333333334
2024,11001,urbana,27,hombre,3,63,4.761904761904762
2024,11001,urbana,27,mujer,3,49,6.122448979591836
2024,11001,urbana,28,hombre,6,67,8.955223880597014
2024,11001,urbana,28,mujer,1,40,2.5
2024,11002,rural,16,hombre,0,27,0.0
2024,11002,rural,16,mujer,0,26,0.0
2024,11002,rural,17,hombre,0,16,0.0
2024,11002,rural,17,mujer,0,24,0.0
2024,11002,rural,18,hombre,1,24,4.166666666666667
2024,11002,rural,18,mujer,0,28,0.0
2024,11002,rural,19,hombre,1,18,5.555555555555555
2024,11002,rural,19,mujer,0,17,0.0
2024,11002,rural,20,hombre,3,24,12.5
2024,11002,rural,20,mujer,0,15,0.0
2024,11002,rural,21,hombre,1,19,5.2631578947368425
2024,11002,rural,21,mujer,0,9,0.0
2024,11002,rural,22,hombre,2,19,10.526315789473685
2024,11002,rural,22,mujer,0,18,0.0
2024,11002,rural,23,hombre,2,17,11.764705882352942
2024,11002,rural,23,mujer,1,21,4.761904761904762
2024,11002,rural,24,hombre,2,25,8.0
2024,11002,rural,24,mujer,0,23,0.0
2024,11002,rural,25,hombre,3,19,15.789473684210526
2024,11002,rural,25,mujer,0,13,0.0
2024,11002,rural,26,hombre,2,30,6.666666666666667
2024,11002,rural,26,mujer,0,15,0.0
2024,11002,rural,27,hombre,3,23,13.043478260869565
2024,11002,rural,27,mujer,1,21,4.761904761904762
2024,11002,rural,28,hombre,2,20,10.0
2024,11002,rural,28,mujer,1,13,7.6923076923076925
2024,11003,rural,16,hombre,5,73,6.8493150684931505
2024,11003,rural,16,mujer,2,54,3.7037037037037037
2024,11003,rural,17,hombre,5,78,6.410256410256411
2024,11003,rural,17,mujer,0,49,0.0
2024,11003,rural,18,hombre,3,121,2.479338842975207
2024,11003,rural,18,mujer,0,67,0.0
2024,11003,rural,19,hombre,3,103,2.912621359223301
2024,11003,rural,19,mujer,0,64,0.0
2024,11003,rural,20,hombre,5,90,5.555555555555555
2024,11003,rural,20,mujer,0,63,0.0
2024,11003,rural,21,hombre,3,81,3.7037037037037037
2024,11003,rural,21,mujer,1,58,1.7241379310344827
2024,11003,rural,22,hombre,6,89,6.741573033707865
2024,11003,rural,22,mujer,4,75,5.333333333333333
2024,11003,rural,23,hombre,8,87,9.195402298850574
2024,11003,rural,23,mujer,1,68,1.4705882352941178
2024,11003,rural,24,hombre,9,96,9.375
2024,11003,rural,24,mujer,2,73,2.73972602739726
2024,11003,rural,25,hombre,4,65,6.153846153846154
2024,11003,rural,25,mujer,6,49,12.244897959183673
2024,11003,rural,26,hombre,10,69,14.492753623188406
2024,11003,rural,26,mujer,4,47,8.51063829787234
2024,11003,rural,27,hombre,9,62,14.516129032258064
2024,11003,rural,27,mujer,2,57,3.508771929824561
2024,11003,rural,28,hombre,10,50,20.0
2024,11003,rural,28,mujer,4,47,8.51063829787234
2024,20101,rural,16,hombre,4,54,7.407407407407407
2024,20101,rural,16,mujer,3,41,7.317073170731708
2024,20101,rural,17,hombre,4,55,7.2727272727272725
2024,20101,rural,17,mujer,2,43,4.651162790697675
2024,20101,rural,18,hombre,6,50,12.0
2024,20101,rural,18,mujer,10,55,18.181818181818183
2024,20101,rural,19,hombre,11,58,18.96551724137931
2024,20101,rural,19,mujer,3,44,6.818181818181818
2024,20101,rural,20,hombre,13,64,20.3125
2024,20101,rural,20,mujer,2,61,3.278688524590164
2024,20101,rural,21,hombre,7,59,11.864406779661017
2024,20101,rural,21,mujer,5,49,10.204081632653061
2024,20101,rural,22,hombre,13,78,16.666666666666668
2024,20101,rural,22,mujer,3,56,5.357142857142857
2024,20101,rural,23,hombre,16,70,22.857142857142858
2024,20101,rural,23,mujer,10,53,18.867924528301888
2024,20101,rural,24,hombre,24,88,27.272727272727273
2024,20101,rural,24,mujer,6,61,9.836065573770492
2024,20101,rural,25,hombre,17,66,25.757575757575758
2024,20101,rural,25,mujer,6,51,11.764705882352942
2024,20101,rural,26,hombre,11,69,15.942028985507246
2024,20101,rural,26,mujer,7,41,17.073170731707318
2024,20101,rural,27,hombre,17,64,26.5625
2024,20101,rural,27,mujer,2,50,4.0
2024,20101,rural,28,hombre,9,56,16.071428571428573
2024,20101,rural,28,mujer,6,53,11.320754716981131
2024,20101,urbana,16,hombre,87,5848,1.487688098495212
2024,20101,urbana,16,mujer,71,5643,1.2581959950381003
2024,20101,urbana,17,hombre,153,5997,2.5512756378189096
2024,20101,urbana,17,mujer,122,5805,2.1016365202411715
2024,20101,urbana,18,hombre,239,6689,3.5730303483330843
2024,20101,urbana,18,mujer,219,5980,3.6622073578595318
2024,20101,urbana,19,hombre,305,6494,4.696643055127811
2024,20101,urbana,19,mujer,269,5999,4.484080680113352
2024,20101,urbana,20,hombre,372,6213,5.987445678416224
2024,20101,urbana,20,mujer,289,6011,4.807852270836799
2024,20101,urbana,21,hombre,429,6414,6.688493919550982
2024,20101,urbana,21,mujer,322,6112,5.268324607329843
2024,20101,urbana,22,hombre,430,6389,6.730317733604633
2024,20101,urbana,22,mujer,315,6158,5.115297174407275
2024,20101,urbana,23,hombre,513,6809,7.534145983257454
2024,20101,urbana,23,mujer,370,6666,5.5505550555055505
2024,20101,urbana,24,hombre,531,6896,7.700116009280743
2024,20101,urbana,24,mujer,394,6766,5.823233816139521
2024,20101,urbana,25,hombre,616,6436,9.571162212554382
2024,20101,urbana,25,mujer,363,6580,5.5167173252279635
2024,20101,urbana,26,hombre,561,6258,8.964525407478428
2024,20101,urbana,26,mujer,395,6481,6.094738466286067
2024,20101,urbana,27,hombre,616,6503,9.472551130247577
2024,20101,urbana,27,mujer,382,6505,5.872405841660261
2024,20101,urbana,28,hombre,603,6290,9.58664546899841
2024,20101,urbana,28,mujer,412,6451,6.386606727639125
2024,20102,rural,16,hombre,9,175,5.142857142857143
2024,20102,rural,16,mujer,11,213,5.164319248826291
2024,20102,rural,17,hombre,8,158,5.063291139240507
2024,20102,rural,17,mujer,8,168,4.761904761904762
2024,20102,rural,18,hombre,11,133,8.270676691729323
2024,20102,rural,18,mujer,8,176,4.545454545454546
2024,20102,rural,19,hombre,7,146,4.794520547945205
2024,20102,rural,19,mujer,9,171,5.2631578947368425
2024,20102,rural,20,hombre,19,147,12.92517006802721
2024,20102,rural,20,mujer,8,175,4.571428571428571
2024,20102,rural,21,hombre,15,166,9.036144578313253
2024,20102,rural,21,mujer,13,177,7.344632768361582
2024,20102,rural,22,hombre,15,166,9.036144578313253
2024,20102,rural,22,mujer,11,167,6.586826347305389
2024,20102,rural,23,hombre,31,205,15.121951219512194
2024,20102,rural,23,mujer,13,229,5.676855895196507
2024,20102,rural,24,hombre,18,194,9.278350515463918
2024,20102,rural,24,mujer,10,205,4.878048780487805
2024,20102,rural,25,hombre,20,158,12.658227848101266
2024,20102,rural,25,mujer,9,188,4.787234042553192
2024,20102,rural,26,hombre,22,173,12.716763005780347
2024,20102,rural,26,mujer,3,198,1.5151515151515151
2024,20102,rural,27,hombre,18,169,10.650887573964496
2024,20102,rural,27,mujer,5,166,3.0120481927710845
2024,20102,rural,28,hombre,21,147,14.285714285714286
2024,20102,rural,28,mujer,5,167,2.9940119760479043
2024,20103,rural,16,hombre,7,145,4.827586206896552
2024,20103,rural,16,mujer,5,178,2.808988764044944
2024,20103,rural,17,hombre,8,127,6.299212598425197
2024,20103,rural,17,mujer,2,142,1.408450704225352
2024,20103,rural,18,hombre,10,134,7.462686567164179
2024,20103,rural,18,mujer,6,120,5.0
2024,20103,rural,19,hombre,10,140,7.142857142857143
2024,20103,rural,19,mujer,6,119,5.042016806722689
2024,20103,rural,20,hombre,9,119,7.563025210084033
2024,20103,rural,20,mujer,8,150,5.333333333333333
2024,20103,rural,21,hombre,13,158,8.227848101265822
2024,20103,rural,21,mujer,6,163,3.6809815950920246
2024,20103,rural,22,hombre,11,142,7.746478873239437
2024,20103,rural,22,mujer,5,157,3.1847133757961785
2024,20103,rural,23,hombre,19,154,12.337662337662337
2024,20103,rural,23,mujer,4,155,2.5806451612903225
2024,20103,rural,24,hombre,16,193,8.290155440414507
2024,20103,rural,24,mujer,6,195,3.076923076923077
2024,20103,rural,25,hombre,10,155,6.451612903225806
2024,20103,rural,25,mujer,9,160,5.625
2024,20103,rural,26,hombre,16,150,10.666666666666666
2024,20103,rural,26,mujer,6,148,4.054054054054054
2024,20103,rural,27,hombre,11,141,7.801418439716312
2024,20103,rural,27,mujer,5,129,3.875968992248062
2024,20103,rural,28,hombre,17,164,10.365853658536585
2024,20103,rural,28,mujer,8,136,5.882352941176471
2024,20104,rural,16,hombre,0,43,0.0
2024,20104,rural,16,mujer,0,41,0.0
2024,20104,rural,17,hombre,0,39,0.0
2024,20104,rural,17,mujer,0,36,0.0
2024,20104,rural,18,hombre,0,34,0.0
2024,20104,rural,18,mujer,1,40,2.5
2024,20104,rural,19,hombre,0,47,0.0
2024,20104,rural,19,mujer,1,40,2.5
2024,20104,rural,20,hombre,4,44,9.090909090909092
2024,20104,rural,20,mujer,1,47,2.127659574468085
2024,20104,rural,21,hombre,3,41,7.317073170731708
2024,20104,rural,21,mujer,1,39,2.5641025641025643
2024,20104,rural,22,hombre,1,57,1.7543859649122806
2024,20104,rural,22,mujer,0,49,0.0
2024,20104,rural,23,hombre,6,39,15.384615384615385
2024,20104,rural,23,mujer,2,54,3.7037037037037037
2024,20104,rural,24,hombre,0,44,0.0
2024,20104,rural,24,mujer,2,54,3.7037037037037037
2024,20104,rural,25,hombre,1,42,2.380952380952381
2024,20104,rural,25,mujer,1,52,1.9230769230769231
2024,20104,rural,26,hombre,2,50,4.0
2024,20104,rural,26,mujer,1,48,2.0833333333333335
2024,20104,rural,27,hombre,4,50,8.0
2024,20104,rural,27,mujer,1,60,1.6666666666666667
2024,20104,rural,28,hombre,1,35,2.857142857142857
2024,20104,rural,28,mujer,1,41,2.4390243902439024
2024,20104,urbana,16,hombre,24,405,5.925925925925926
2024,20104,urbana,16,mujer,18,344,5.232558139534884
2024,20104,urbana,17,hombre,24,329,7.2948328267477205
2024,20104,urbana,17,mujer,12,324,3.7037037037037037
2024,20104,urbana,18,hombre,26,263,9.885931558935361
2024,20104,urbana,18,mujer,31,324,9.567901234567902
2024,20104,urbana,19,hombre,30,306,9.803921568627452
2024,20104,urbana,19,mujer,29,332,8.734939759036145
2024,20104,urbana,20,hombre,43,358,12.011173184357542
2024,20104,urbana,20,mujer,39,346,11.271676300578035
2024,20104,urbana,21,hombre,65,348,18.67816091954023
2024,20104,urbana,21,mujer,34,339,10.029498525073747
2024,20104,urbana,22,hombre,48,322,14.906832298136646
2024,20104,urbana,22,mujer,37,353,10.48158640226629
2024,20104,urbana,23,hombre,76,387,19.638242894056848
2024,20104,urbana,23,mujer,50,411,12.165450121654501
2024,20104,urbana,24,hombre,70,407,17.1990171990172
2024,20104,urbana,24,mujer,44,393,11.195928753180661
2024,20104,urbana,25,hombre,71,403,17.617866004962778
2024,20104,urbana,25,mujer,35,352,9.943181818181818
2024,20104,urbana,26,hombre,52,359,14.484679665738161
2024,20104,urbana,26,mujer,32,359,8.913649025069638
2024,20104,urbana,27,hombre,51,314,16.24203821656051
2024,20104,urbana,27,mujer,32,376,8.51063829787234
2024,20104,urbana,28,hombre,50,325,15.384615384615385
2024,20104,urbana,28,mujer,34,356,9.55056179775281
2024,20105,rural,16,hombre,0,9,0.0
2024,20105,rural,16,mujer,0,7,0.0
2024,20105,rural,17,hombre,0,4,0.0
2024,20105,rural,17,mujer,0,5,0.0
2024,20105,rural,18,hombre,0,4,0.0
2024,20105,rural,18,mujer,0,4,0.0
2024,20105,rural,19,hombre,0,3,0.0
2024,20105,rural,19,mujer,0,9,0.0
2024,20105,rural,20,hombre,0,11,0.0
2024,20105,rural,20,mujer,0,6,0.0
2024,20105,rural,21,hombre,0,7,0.0
2024,20105,rural,21,mujer,1,3,33.333333333333336
2024,20105,rural,22,hombre,0,6,0.0
2024,20105,rural,22,mujer,0,8,0.0
2024,20105,rural,23,hombre,1,8,12.5
2024,20105,rural,23,mujer,0,4,0.0
2024,20105,rural,24,hombre,0,6,0.0
2024,20105,rural,24,mujer,0,5,0.0
2024,20105,rural,25,hombre,0,8,0.0
2024,20105,rural,25,mujer,0,5,0.0
2024,20105,rural,26,hombre,0,7,0.0
2024,20105,rural,26,mujer,0,6,0.0
2024,20105,rural,27,hombre,1,5,20.0
2024,20105,rural,27,mujer,0,2,0.0
2024,20105,rural,28,hombre,0,8,0.0
2024,20105,rural,28,mujer,0,3,0.0
2024,20105,urbana,16,hombre,352,8885,3.9617332583005065
2024,20105,urbana,16,mujer,312,8913,3.5005048805116123
2024,20105,urbana,17,hombre,478,8411,5.683034121983117
2024,20105,urbana,17,mujer,345,8615,4.004643064422519
2024,20105,urbana,18,hombre,583,7347,7.935211651014019
2024,20105,urbana,18,mujer,557,8600,6.476744186046512
2024,20105,urbana,19,hombre,771,7944,9.705438066465257
2024,20105,urbana,19,mujer,636,8563,7.427303515123205
2024,20105,urbana,20,hombre,962,8449,11.38596283583856
2024,20105,urbana,20,mujer,660,8991,7.340674007340674
2024,20105,urbana,21,hombre,1014,8662,11.706303394135304
2024,20105,urbana,21,mujer,695,8908,7.801975752132914
2024,20105,urbana,22,hombre,1013,8572,11.817545496966869
2024,20105,urbana,22,mujer,785,8988,8.733867378727192
2024,20105,urbana,23,hombre,1188,9391,12.65040996698967
2024,20105,urbana,23,mujer,737,9599,7.677883112824253
2024,20105,urbana,24,hombre,1191,9468,12.579214195183777
2024,20105,urbana,24,mujer,736,9773,7.530952624577918
2024,20105,urbana,25,hombre,1221,9010,13.551609322974473
2024,20105,urbana,25,mujer,665,9473,7.019951440937401
2024,20105,urbana,26,hombre,1141,8727,13.074366907299186
2024,20105,urbana,26,mujer,698,9125,7.64931506849315
2024,20105,urbana,27,hombre,1148,8350,13.748502994011975
2024,20105,urbana,27,mujer,671,8864,7.569945848375451
2024,20105,urbana,28,hombre,1167,8245,14.154032747119466
2024,20105,urbana,28,mujer,647,8807,7.346428976950153
2024,20201,rural,16,hombre,11,288,3.8194444444444446
2024,20201,rural,16,mujer,17,294,5.782312925170068
2024,20201,rural,17,hombre,14,279,5.017921146953405
2024,20201,rural,17,mujer,12,291,4.123711340206185
2024,20201,rural,18,hombre,17,240,7.083333333333333
2024,20201,rural,18,mujer,15,271,5.535055350553505
2024,20201,rural,19,hombre,17,215,7.906976744186046
2024,20201,rural,19,mujer,11,215,5.116279069767442
2024,20201,rural,20,hombre,20,242,8.264462809917354
2024,20201,rural,20,mujer,9,261,3.4482758620689653
2024,20201,rural,21,hombre,16,284,5.633802816901408
2024,20201,rural,21,mujer,14,290,4.827586206896552
2024,20201,rural,22,hombre,18,223,8.071748878923767
2024,20201,rural,22,mujer,12,293,4.09556313993174
2024,20201,rural,23,hombre,20,261,7.662835249042145
2024,20201,rural,23,mujer,13,281,4.6263345195729535
2024,20201,rural,24,hombre,40,289,13.84083044982699
2024,20201,rural,24,mujer,17,267,6.367041198501872
2024,20201,rural,25,hombre,34,298,11.409395973154362
2024,20201,rural,25,mujer,20,264,7.575757575757576
2024,20201,rural,26,hombre,45,272,16.544117647058822
2024,20201,rural,26,mujer,19,273,6.95970695970696
2024,20201,rural,27,hombre,32,255,12.549019607843137
2024,20201,rural,27,mujer,8,242,3.3057851239669422
2024,20201,rural,28,hombre,34,245,13.877551020408163
2024,20201,rural,28,mujer,20,256,7.8125
2024,20201,urbana,16,hombre,8,80,10.0
2024,20201,urbana,16,mujer,5,98,5.1020408163265305
2024,20201,urbana,17,hombre,9,108,8.333333333333334
2024,20201,urbana,17,mujer,9,88,10.227272727272727
2024,20201,urbana,18,hombre,3,137,2.18978102189781
2024,20201,urbana,18,mujer,6,86,6.976744186046512
2024,20201,urbana,19,hombre,11,129,8.527131782945736
2024,20201,urbana,19,mujer,9,77,11.688311688311689
2024,20201,urbana,20,hombre,11,96,11.458333333333334
2024,20201,urbana,20,mujer,9,78,11.538461538461538
2024,20201,urbana,21,hombre,16,93,17.204301075268816
2024,20201,urbana,21,mujer,16,81,19.753086419753085
2024,20201,urbana,22,hombre,12,91,13.186813186813186
2024,20201,urbana,22,mujer,8,87,9.195402298850574
2024,20201,urbana,23,hombre,9,62,14.516129032258064
2024,20201,urbana,23,mujer,13,102,12.745098039215685
2024,20201,urbana,24,hombre,13,69,18.840579710144926
2024,20201,urbana,24,mujer,6,83,7.228915662650603
2024,20201,urbana,25,hombre,21,97,21.649484536082475
2024,20201,urbana,25,mujer,7,86,8.13953488372093
2024,20201,urbana,26,hombre,18,80,22.5
2024,20201,urbana,26,mujer,8,92,8.695652173913043
2024,20201,urbana,27,hombre,13,78,16.666666666666668
2024,20201,urbana,27,mujer,13,103,12.62135922330097
2024,20201,urbana,28,hombre,12,77,15.584415584415584
2024,20201,urbana,28,mujer,9,92,9.782608695652174
2024,20202,rural,16,hombre,6,119,5.042016806722689
2024,20202,rural,16,mujer,8,115,6.956521739130435
2024,20202,rural,17,hombre,6,116,5.172413793103448
2024,20202,rural,17,mujer,8,112,7.142857142857143
2024,20202,rural,18,hombre,10,101,9.900990099009901
2024,20202,rural,18,mujer,12,105,11.428571428571429
2024,20202,rural,19,hombre,14,97,14.43298969072165
2024,20202,rural,19,mujer,6,99,6.0606060606060606
2024,20202,rural,20,hombre,11,96,11.458333333333334
2024,20202,rural,20,mujer,11,88,12.5
2024,20202,rural,21,hombre,5,96,5.208333333333333
2024,20202,rural,21,mujer,11,93,11.827956989247312
2024,20202,rural,22,hombre,11,90,12.222222222222221
2024,20202,rural,22,mujer,3,100,3.0
2024,20202,rural,23,hombre,15,114,13.157894736842104
2024,20202,rural,23,mujer,10,107,9.345794392523365
2024,20202,rural,24,hombre,10,113,8.849557522123893
2024,20202,rural,24,mujer,8,124,6.451612903225806
2024,20202,rural,25,hombre,14,114,12.280701754385966
2024,20202,rural,25,mujer,3,123,2.4390243902439024
2024,20202,rural,26,hombre,21,113,18.58407079646018
2024,20202,rural,26,mujer,4,121,3.3057851239669422
2024,20202,rural,27,hombre,19,95,20.0
2024,20202,rural,27,mujer,3,105,2.857142857142857
2024,20202,rural,28,hombre,14,111,12.612612612612613
2024,20202,rural,28,mujer,3,98,3.061224489795918
2024,20203,rural,16,hombre,1,56,1.7857142857142858
2024,20203,rural,16,mujer,1,63,1.5873015873015872
2024,20203,rural,17,hombre,2,39,5.128205128205129
2024,20203,rural,17,mujer,2,45,4.444444444444445
2024,20203,rural,18,hombre,5,39,12.820512820512821
2024,20203,rural,18,mujer,2,58,3.4482758620689653
2024,20203,rural,19,hombre,4,33,12.121212121212121
2024,20203,rural,19,mujer,6,47,12.76595744680851
2024,20203,rural,20,hombre,7,41,17.073170731707318
2024,20203,rural,20,mujer,4,45,8.88888888888889
2024,20203,rural,21,hombre,4,42,9.523809523809524
2024,20203,rural,21,mujer,5,48,10.416666666666666
2024,20203,rural,22,hombre,9,52,17.307692307692307
2024,20203,rural,22,mujer,2,52,3.8461538461538463
2024,20203,rural,23,hombre,8,50,16.0
2024,20203,rural,23,mujer,5,47,10.638297872340425
2024,20203,rural,24,hombre,7,44,15.909090909090908
2024,20203,rural,24,mujer,7,52,13.461538461538462
2024,20203,rural,25,hombre,5,43,11.627906976744185
2024,20203,rural,25,mujer,4,52,7.6923076923076925
2024,20203,rural,26,hombre,7,47,14.893617021276595
2024,20203,rural,26,mujer,5,53,9.433962264150944
2024,20203,rural,27,hombre,12,57,21.05263157894737
2024,20203,rural,27,mujer,4,46,8.695652173913043
2024,20203,rural,28,hombre,7,39,17.94871794871795
2024,20203,rural,28,mujer,3,55,5.454545454545454
2024,20204,rural,16,hombre,3,61,4.918032786885246
2024,20204,rural,16,mujer,1,61,1.639344262295082
2024,20204,rural,17,hombre,3,54,5.555555555555555
2024,20204,rural,17,mujer,4,55,7.2727272727272725
2024,20204,rural,18,hombre,2,34,5.882352941176471
2024,20204,rural,18,mujer,8,54,14.814814814814815
2024,20204,rural,19,hombre,13,54,24.074074074074073
2024,20204,rural,19,mujer,8,61,13.114754098360656
2024,20204,rural,20,hombre,5,54,9.25925925925926
2024,20204,rural,20,mujer,7,44,15.909090909090908
2024,20204,rural,21,hombre,3,41,7.317073170731708
2024,20204,rural,21,mujer,6,58,10.344827586206897
2024,20204,rural,22,hombre,6,39,15.384615384615385
2024,20204,rural,22,mujer,6,54,11.11111111111111
2024,20204,rural,23,hombre,11,65,16.923076923076923
2024,20204,rural,23,mujer,5,70,7.142857142857143
2024,20204,rural,24,hombre,10,61,16.39344262295082
2024,20204,rural,24,mujer,3,53,5.660377358490566
2024,20204,rural,25,hombre,9,51,17.647058823529413
2024,20204,rural,25,mujer,5,56,8.928571428571429
2024,20204,rural,26,hombre,14,56,25.0
2024,20204,rural,26,mujer,3,66,4.545454545454546
2024,20204,rural,27,hombre,14,54,25.925925925925927
2024,20204,rural,27,mujer,10,52,19.23076923076923
2024,20204,rural,28,hombre,16,56,28.571428571428573
2024,20204,rural,28,mujer,2,43,4.651162790697675
2024,20205,rural,16,hombre,2,31,6.451612903225806
2024,20205,rural,16,mujer,4,28,14.285714285714286
2024,20205,rural,17,hombre,3,35,8.571428571428571
2024,20205,rural,17,mujer,1,30,3.3333333333333335
2024,20205,rural,18,hombre,3,35,8.571428571428571
2024,20205,rural,18,mujer,5,34,14.705882352941176
2024,20205,rural,19,hombre,8,44,18.181818181818183
2024,20205,rural,19,mujer,3,26,11.538461538461538
2024,20205,rural,20,hombre,6,39,15.384615384615385
2024,20205,rural,20,mujer,1,26,3.8461538461538463
2024,20205,rural,21,hombre,11,38,28.94736842105263
2024,20205,rural,21,mujer,5,28,17.857142857142858
2024,20205,rural,22,hombre,6,26,23.076923076923077
2024,20205,rural,22,mujer,6,30,20.0
2024,20205,rural,23,hombre,3,39,7.6923076923076925
2024,20205,rural,23,mujer,7,42,16.666666666666668
2024,20205,rural,24,hombre,4,32,12.5
2024,20205,rural,24,mujer,2,32,6.25
2024,20205,rural,25,hombre,6,28,21.428571428571427
2024,20205,rural,25,mujer,6,26,23.076923076923077
2024,20205,rural,26,hombre,6,31,19.35483870967742
2024,20205,rural,26,mujer,4,29,13.793103448275861
2024,20205,rural,27,hombre,8,34,23.529411764705884
2024,20205,rural,27,mujer,3,32,9.375
2024,20205,rural,28,hombre,4,25,16.0
2024,20205,rural,28,mujer,4,26,15.384615384615385
2024,20206,rural,16,hombre,4,46,8.695652173913043
2024,20206,rural,16,mujer,2,46,4.3478260869565215
2024,20206,rural,17,hombre,1,77,1.2987012987012987
2024,20206,rural,17,mujer,2,45,4.444444444444445
2024,20206,rural,18,hombre,1,160,0.625
2024,20206,rural,18,mujer,7,63,11.11111111111111
2024,20206,rural,19,hombre,4,103,3.883495145631068
2024,20206,rural,19,mujer,10,59,16.949152542372882
2024,20206,rural,20,hombre,4,57,7.017543859649122
2024,20206,rural,20,mujer,6,61,9.836065573770492
2024,20206,rural,21,hombre,7,57,12.280701754385966
2024,20206,rural,21,mujer,4,42,9.523809523809524
2024,20206,rural,22,hombre,4,37,10.81081081081081
2024,20206,rural,22,mujer,5,58,8.620689655172415
2024,20206,rural,23,hombre,7,54,12.962962962962964
2024,20206,rural,23,mujer,10,56,17.857142857142858
2024,20206,rural,24,hombre,7,52,13.461538461538462
2024,20206,rural,24,mujer,1,60,1.6666666666666667
2024,20206,rural,25,hombre,9,60,15.0
2024,20206,rural,25,mujer,6,49,12.244897959183673
2024,20206,rural,26,hombre,4,60,6.666666666666667
2024,20206,rural,26,mujer,4,49,8.16326530612245
2024,20206,rural,27,hombre,8,48,16.666666666666668
2024,20206,rural,27,mujer,3,43,6.976744186046512
2024,20206,rural,28,hombre,4,51,7.8431372549019605
2024,20206,rural,28,mujer,4,45,8.88888888888889
2024,20301,rural,16,hombre,11,94,11.702127659574469
2024,20301,rural,16,mujer,6,88,6.818181818181818
2024,20301,rural,17,hombre,13,77,16.883116883116884
2024,20301,rural,17,mujer,9,88,10.227272727272727
2024,20301,rural,18,hombre,7,73,9.58904109589041
2024,20301,rural,18,mujer,12,73,16.438356164383563
2024,20301,rural,19,hombre,8,91,8.791208791208792
2024,20301,rural,19,mujer,8,68,11.764705882352942
2024,20301,rural,20,hombre,8,72,11.11111111111111
2024,20301,rural,20,mujer,3,80,3.75
2024,20301,rural,21,hombre,5,59,8.474576271186441
2024,20301,rural,21,mujer,12,78,15.384615384615385
2024,20301,rural,22,hombre,7,81,8.641975308641975
2024,20301,rural,22,mujer,10,59,16.949152542372882
2024,20301,rural,23,hombre,6,72,8.333333333333334
2024,20301,rural,23,mujer,8,93,8.602150537634408
2024,20301,rural,24,hombre,5,83,6.024096385542169
2024,20301,rural,24,mujer,7,78,8.974358974358974
2024,20301,rural,25,hombre,4,69,5.797101449275362
2024,20301,rural,25,mujer,6,90,6.666666666666667
2024,20301,rural,26,hombre,8,75,10.666666666666666
2024,20301,rural,26,mujer,6,90,6.666666666666667
2024,20301,rural,27,hombre,11,71,15.492957746478874
2024,20301,rural,27,mujer,9,68,13.235294117647058
2024,20301,rural,28,hombre,10,74,13.513513513513514
2024,20301,rural,28,mujer,2,54,3.7037037037037037
2024,20301,urbana,16,hombre,1,15,6.666666666666667
2024,20301,urbana,16,mujer,1,14,7.142857142857143
2024,20301,urbana,17,hombre,1,35,2.857142857142857
2024,20301,urbana,17,mujer,2,15,13.333333333333334
2024,20301,urbana,18,hombre,0,238,0.0
2024,20301,urbana,18,mujer,2,15,13.333333333333334
2024,20301,urbana,19,hombre,1,137,0.7299270072992701
2024,20301,urbana,19,mujer,1,12,8.333333333333334
2024,20301,urbana,20,hombre,0,54,0.0
2024,20301,urbana,20,mujer,2,9,22.22222222222222
2024,20301,urbana,21,hombre,1,36,2.7777777777777777
2024,20301,urbana,21,mujer,2,14,14.285714285714286
2024,20301,urbana,22,hombre,4,30,13.333333333333334
2024,20301,urbana,22,mujer,1,12,8.333333333333334
2024,20301,urbana,23,hombre,0,8,0.0
2024,20301,urbana,23,mujer,2,14,14.285714285714286
2024,20301,urbana,24,hombre,4,16,25.0
2024,20301,urbana,24,mujer,3,21,14.285714285714286
2024,20301,urbana,25,hombre,0,12,0.0
2024,20301,urbana,25,mujer,1,11,9.090909090909092
2024,20301,urbana,26,hombre,3,7,42.857142857142854
2024,20301,urbana,26,mujer,0,14,0.0
2024,20301,urbana,27,hombre,3,16,18.75
2024,20301,urbana,27,mujer,0,11,0.0
2024,20301,urbana,28,hombre,2,12,16.666666666666668
2024,20301,urbana,28,mujer,4,18,22.22222222222222
2024,20302,rural,16,hombre,5,116,4.310344827586207
2024,20302,rural,16,mujer,12,103,11.650485436893204
2024,20302,rural,17,hombre,10,117,8.547008547008547
2024,20302,rural,17,mujer,11,102,10.784313725490197
2024,20302,rural,18,hombre,14,108,12.962962962962964
2024,20302,rural,18,mujer,12,124,9.67741935483871
2024,20302,rural,19,hombre,12,112,10.714285714285714
2024,20302,rural,19,mujer,10,92,10.869565217391305
2024,20302,rural,20,hombre,15,87,17.24137931034483
2024,20302,rural,20,mujer,6,91,6.593406593406593
2024,20302,rural,21,hombre,10,93,10.75268817204301
2024,20302,rural,21,mujer,8,114,7.017543859649122
2024,20302,rural,22,hombre,11,90,12.222222222222221
2024,20302,rural,22,mujer,10,88,11.363636363636363
2024,20302,rural,23,hombre,17,115,14.782608695652174
2024,20302,rural,23,mujer,8,100,8.0
2024,20302,rural,24,hombre,12,104,11.538461538461538
2024,20302,rural,24,mujer,10,120,8.333333333333334
2024,20302,rural,25,hombre,9,99,9.090909090909092
2024,20302,rural,25,mujer,5,103,4.854368932038835
2024,20302,rural,26,hombre,15,107,14.018691588785046
2024,20302,rural,26,mujer,3,100,3.0
2024,20302,rural,27,hombre,11,98,11.224489795918368
2024,20302,rural,27,mujer,3,72,4.166666666666667
2024,20302,rural,28,hombre,14,112,12.5
2024,20302,rural,28,mujer,10,98,10.204081632653061
2024,20303,rural,16,hombre,6,98,6.122448979591836
2024,20303,rural,16,mujer,7,76,9.210526315789474
2024,20303,rural,17,hombre,5,59,8.474576271186441
2024,20303,rural,17,mujer,9,90,10.0
2024,20303,rural,18,hombre,4,51,7.8431372549019605
2024,20303,rural,18,mujer,10,80,12.5
2024,20303,rural,19,hombre,10,94,10.638297872340425
2024,20303,rural,19,mujer,7,69,10.144927536231885
2024,20303,rural,20,hombre,15,94,15.957446808510639
2024,20303,rural,20,mujer,4,77,5.194805194805195
2024,20303,rural,21,hombre,10,82,12.195121951219512
2024,20303,rural,21,mujer,5,81,6.172839506172839
2024,20303,rural,22,hombre,18,94,19.148936170212767
2024,20303,rural,22,mujer,9,81,11.11111111111111
2024,20303,rural,23,hombre,5,88,5.681818181818182
2024,20303,rural,23,mujer,8,85,9.411764705882353
2024,20303,rural,24,hombre,16,79,20.253164556962027
2024,20303,rural,24,mujer,6,78,7.6923076923076925
2024,20303,rural,25,hombre,18,80,22.5
2024,20303,rural,25,mujer,9,93,9.67741935483871
2024,20303,rural,26,hombre,13,87,14.942528735632184
2024,20303,rural,26,mujer,5,60,8.333333333333334
2024,20303,rural,27,hombre,14,79,17.72151898734177
2024,20303,rural,27,mujer,4,87,4.597701149425287
2024,20303,rural,28,hombre,6,66,9.090909090909092
2024,20303,rural,28,mujer,5,75,6.666666666666667
2024,20304,rural,16,hombre,3,40,7.5
2024,20304,rural,16,mujer,0,31,0.0
2024,20304,rural,17,hombre,4,46,8.695652173913043
2024,20304,rural,17,mujer,3,33,9.090909090909092
2024,20304,rural,18,hombre,2,37,5.405405405405405
2024,20304,rural,18,mujer,7,41,17.073170731707318
2024,20304,rural,19,hombre,13,44,29.545454545454547
2024,20304,rural,19,mujer,0,31,0.0
2024,20304,rural,20,hombre,6,33,18.181818181818183
2024,20304,rural,20,mujer,1,41,2.4390243902439024
2024,20304,rural,21,hombre,5,25,20.0
2024,20304,rural,21,mujer,2,39,5.128205128205129
2024,20304,rural,22,hombre,3,30,10.0
2024,20304,rural,22,mujer,4,34,11.764705882352942
2024,20304,rural,23,hombre,4,46,8.695652173913043
2024,20304,rural,23,mujer,3,39,7.6923076923076925
2024,20304,rural,24,hombre,4,38,10.526315789473685
2024,20304,rural,24,mujer,3,43,6.976744186046512
2024,20304,rural,25,hombre,9,32,28.125
2024,20304,rural,25,mujer,1,37,2.7027027027027026
2024,20304,rural,26,hombre,4,28,14.285714285714286
2024,20304,rural,26,mujer,2,39,5.128205128205129
2024,20304,rural,27,hombre,5,33,15.151515151515152
2024,20304,rural,27,mujer,1,27,3.7037037037037037
2024,20304,rural,28,hombre,4,24,16.666666666666668
2024,20304,rural,28,mujer,2,33,6.0606060606060606
2024,20305,rural,16,hombre,1,26,3.8461538461538463
2024,20305,rural,16,mujer,2,26,7.6923076923076925
2024,20305,rural,17,hombre,2,35,5.714285714285714
2024,20305,rural,17,mujer,3,31,9.67741935483871
2024,20305,rural,18,hombre,2,42,4.761904761904762
2024,20305,rural,18,mujer,4,38,10.526315789473685
2024,20305,rural,19,hombre,6,39,15.384615384615385
2024,20305,rural,19,mujer,6,26,23.076923076923077
2024,20305,rural,20,hombre,5,34,14.705882352941176
2024,20305,rural,20,mujer,3,37,8.108108108108109
2024,20305,rural,21,hombre,2,31,6.451612903225806
2024,20305,rural,21,mujer,2,29,6.896551724137931
2024,20305,rural,22,hombre,9,39,23.076923076923077
2024,20305,rural,22,mujer,2,30,6.666666666666667
2024,20305,rural,23,hombre,7,41,17.073170731707318
2024,20305,rural,23,mujer,5,30,16.666666666666668
2024,20305,rural,24,hombre,4,28,14.285714285714286
2024,20305,rural,24,mujer,2,33,6.0606060606060606
2024,20305,rural,25,hombre,8,41,19.51219512195122
2024,20305,rural,25,mujer,4,38,10.526315789473685
2024,20305,rural,26,hombre,4,36,11.11111111111111
2024,20305,rural,26,mujer,2,38,5.2631578947368425
2024,20305,rural,27,hombre,12,38,31.57894736842105
2024,20305,rural,27,mujer,4,26,15.384615384615385
2024,20305,rural,28,hombre,6,25,24.0
2024,20305,rural,28,mujer,6,28,21.428571428571427
2024,20306,rural,16,hombre,0,30,0.0
2024,20306,rural,16,mujer,0,33,0.0
2024,20306,rural,17,hombre,0,41,0.0
2024,20306,rural,17,mujer,0,38,0.0
2024,20306,rural,18,hombre,1,36,2.7777777777777777
2024,20306,rural,18,mujer,0,34,0.0
2024,20306,rural,19,hombre,0,45,0.0
2024,20306,rural,19,mujer,0,38,0.0
2024,20306,rural,20,hombre,0,44,0.0
2024,20306,rural,20,mujer,0,43,0.0
2024,20306,rural,21,hombre,2,43,4.651162790697675
2024,20306,rural,21,mujer,1,36,2.7777777777777777
2024,20306,rural,22,hombre,2,43,4.651162790697675
2024,20306,rural,22,mujer,0,43,0.0
2024,20306,rural,23,hombre,0,61,0.0
2024,20306,rural,23,mujer,1,73,1.36986301369863
2024,20306,rural,24,hombre,2,83,2.4096385542168677
2024,20306,rural,24,mujer,0,64,0.0
2024,20306,rural,25,hombre,0,55,0.0
2024,20306,rural,25,mujer,0,55,0.0
2024,20306,rural,26,hombre,3,51,5.882352941176471
2024,20306,rural,26,mujer,0,38,0.0
2024,20306,rural,27,hombre,0,61,0.0
2024,20306,rural,27,mujer,1,44,2.272727272727273
2024,20306,rural,28,hombre,1,47,2.127659574468085
2024,20306,rural,28,mujer,0,42,0.0
2024,20306,urbana,16,hombre,0,21,0.0
2024,20306,urbana,16,mujer,1,8,12.5
2024,20306,urbana,17,hombre,0,13,0.0
2024,20306,urbana,17,mujer,1,11,9.090909090909092
2024,20306,urbana,18,hombre,1,13,7.6923076923076925
2024,20306,urbana,18,mujer,0,15,0.0
2024,20306,urbana,19,hombre,0,12,0.0
2024,20306,urbana,19,mujer,5,19,26.31578947368421
2024,20306,urbana,20,hombre,0,18,0.0
2024,20306,urbana,20,mujer,1,15,6.666666666666667
2024,20306,urbana,21,hombre,1,18,5.555555555555555
2024,20306,urbana,21,mujer,0,13,0.0
2024,20306,urbana,22,hombre,1,12,8.333333333333334
2024,20306,urbana,22,mujer,3,24,12.5
2024,20306,urbana,23,hombre,0,22,0.0
2024,20306,urbana,23,mujer,1,27,3.7037037037037037
2024,20306,urbana,24,hombre,3,21,14.285714285714286
2024,20306,urbana,24,mujer,1,22,4.545454545454546
2024,20306,urbana,25,hombre,2,27,7.407407407407407
2024,20306,urbana,25,mujer,1,23,4.3478260869565215
2024,20306,urbana,26,hombre,1,14,7.142857142857143
2024,20306,urbana,26,mujer,0,11,0.0
2024,20306,urbana,27,hombre,0,16,0.0
2024,20306,urbana,27,mujer,1,19,5.2631578947368425
2024,20306,urbana,28,hombre,1,19,5.2631578947368425
2024,20306,urbana,28,mujer,1,18,5.555555555555555
2024,20307,rural,16,hombre,1,30,3.3333333333333335
2024,20307,rural,16,mujer,0,29,0.0
2024,20307,rural,17,hombre,2,35,5.714285714285714
2024,20307,rural,17,mujer,1,17,5.882352941176471
2024,20307,rural,18,hombre,3,26,11.538461538461538
2024,20307,rural,18,mujer,1,29,3.4482758620689653
2024,20307,rural,19,hombre,0,27,0.0
2024,20307,rural,19,mujer,1,30,3.3333333333333335
2024,20307,rural,20,hombre,1,31,3.225806451612903
2024,20307,rural,20,mujer,2,21,9.523809523809524
2024,20307,rural,21,hombre,0,33,0.0
2024,20307,rural,21,mujer,1,20,5.0
2024,20307,rural,22,hombre,1,31,3.225806451612903
2024,20307,rural,22,mujer,2,28,7.142857142857143
2024,20307,rural,23,hombre,0,26,0.0
2024,20307,rural,23,mujer,0,32,0.0
2024,20307,rural,24,hombre,2,38,5.2631578947368425
2024,20307,rural,24,mujer,2,40,5.0
2024,20307,rural,25,hombre,2,20,10.0
2024,20307,rural,25,mujer,0,19,0.0
2024,20307,rural,26,hombre,0,25,0.0
2024,20307,rural,26,mujer,4,43,9.30232558139535
2024,20307,rural,27,hombre,0,28,0.0
2024,20307,rural,27,mujer,0,28,0.0
2024,20307,rural,28,hombre,2,29,6.896551724137931
2024,20307,rural,28,mujer,0,26,0.0
2024,20308,rural,16,hombre,2,50,4.0
2024,20308,rural,16,mujer,7,47,14.893617021276595
2024,20308,rural,17,hombre,5,41,12.195121951219512
2024,20308,rural,17,mujer,1,42,2.380952380952381
2024,20308,rural,18,hombre,4,29,13.793103448275861
2024,20308,rural,18,mujer,4,46,8.695652173913043
2024,20308,rural,19,hombre,3,44,6.818181818181818
2024,20308,rural,19,mujer,5,50,10.0
2024,20308,rural,20,hombre,7,46,15.217391304347826
2024,20308,rural,20,mujer,4,42,9.523809523809524
2024,20308,rural,21,hombre,7,52,13.461538461538462
2024,20308,rural,21,mujer,2,40,5.0
2024,20308,rural,22,hombre,3,49,6.122448979591836
2024,20308,rural,22,mujer,4,45,8.88888888888889
2024,20308,rural,23,hombre,4,52,7.6923076923076925
2024,20308,rural,23,mujer,5,54,9.25925925925926
2024,20308,rural,24,hombre,10,58,17.24137931034483
2024,20308,rural,24,mujer,1,41,2.4390243902439024
2024,20308,rural,25,hombre,6,54,11.11111111111111
2024,20308,rural,25,mujer,8,40,20.0
2024,20308,rural,26,hombre,11,38,28.94736842105263
2024,20308,rural,26,mujer,4,50,8.0
2024,20308,rural,27,hombre,9,58,15.517241379310345
2024,20308,rural,27,mujer,5,55,9.090909090909092
2024,20308,rural,28,hombre,13,58,22.413793103448278
2024,20308,rural,28,mujer,5,37,13.513513513513514
2024,20401,rural,16,hombre,12,107,11.214953271028037
2024,20401,rural,16,mujer,5,105,4.761904761904762
2024,20401,rural,17,hombre,9,92,9.782608695652174
2024,20401,rural,17,mujer,10,86,11.627906976744185
2024,20401,rural,18,hombre,9,122,7.377049180327869
2024,20401,rural,18,mujer,13,95,13.68421052631579
2024,20401,rural,19,hombre,18,69,26.08695652173913
2024,20401,rural,19,mujer,9,68,13.235294117647058
2024,20401,rural,20,hombre,14,88,15.909090909090908
2024,20401,rural,20,mujer,9,66,13.636363636363637
2024,20401,rural,21,hombre,14,85,16.470588235294116
2024,20401,rural,21,mujer,4,61,6.557377049180328
2024,20401,rural,22,hombre,12,65,18.46153846153846
2024,20401,rural,22,mujer,12,79,15.189873417721518
2024,20401,rural,23,hombre,18,89,20.224719101123597
2024,20401,rural,23,mujer,8,73,10.95890410958904
2024,20401,rural,24,hombre,20,99,20.2020202020202
2024,20401,rural,24,mujer,10,101,9.900990099009901
2024,20401,rural,25,hombre,16,75,21.333333333333332
2024,20401,rural,25,mujer,10,96,10.416666666666666
2024,20401,rural,26,hombre,22,94,23.404255319148938
2024,20401,rural,26,mujer,14,90,15.555555555555555
2024,20401,rural,27,hombre,21,96,21.875
2024,20401,rural,27,mujer,10,73,13.698630136986301
2024,20401,rural,28,hombre,14,88,15.909090909090908
2024,20401,rural,28,mujer,7,77,9.090909090909092
2024,20402,rural,16,hombre,16,146,10.95890410958904
2024,20402,rural,16,mujer,16,141,11.347517730496454
2024,20402,rural,17,hombre,20,131,15.267175572519085
2024,20402,rural,17,mujer,22,135,16.296296296296298
2024,20402,rural,18,hombre,21,109,19.26605504587156
2024,20402,rural,18,mujer,12,132,9.090909090909092
2024,20402,rural,19,hombre,14,104,13.461538461538462
2024,20402,rural,19,mujer,7,126,5.555555555555555
2024,20402,rural,20,hombre,33,107,30.8411214953271
2024,20402,rural,20,mujer,18,109,16.513761467889907
2024,20402,rural,21,hombre,20,108,18.51851851851852
2024,20402,rural,21,mujer,12,107,11.214953271028037
2024,20402,rural,22,hombre,26,137,18.978102189781023
2024,20402,rural,22,mujer,14,124,11.290322580645162
2024,20402,rural,23,hombre,26,137,18.978102189781023
2024,20402,rural,23,mujer,18,144,12.5
2024,20402,rural,24,hombre,30,145,20.689655172413794
2024,20402,rural,24,mujer,13,121,10.743801652892563
2024,20402,rural,25,hombre,24,147,16.3265306122449
2024,20402,rural,25,mujer,15,114,13.157894736842104
2024,20402,rural,26,hombre,30,130,23.076923076923077
2024,20402,rural,26,mujer,16,101,15.841584158415841
2024,20402,rural,27,hombre,18,118,15.254237288135593
2024,20402,rural,27,mujer,12,118,10.169491525423728
2024,20402,rural,28,hombre,29,106,27.358490566037737
2024,20402,rural,28,mujer,8,89,8.98876404494382
2024,20403,rural,16,hombre,9,163,5.521472392638037
2024,20403,rural,16,mujer,4,129,3.10077519379845
2024,20403,rural,17,hombre,16,140,11.428571428571429
2024,20403,rural,17,mujer,5,122,4.098360655737705
2024,20403,rural,18,hombre,6,201,2.985074626865672
2024,20403,rural,18,mujer,13,114,11.403508771929825
2024,20403,rural,19,hombre,11,139,7.913669064748201
2024,20403,rural,19,mujer,8,109,7.339449541284404
2024,20403,rural,20,hombre,11,98,11.224489795918368
2024,20403,rural,20,mujer,4,106,3.7735849056603774
2024,20403,rural,21,hombre,9,108,8.333333333333334
2024,20403,rural,21,mujer,4,88,4.545454545454546
2024,20403,rural,22,hombre,10,93,10.75268817204301
2024,20403,rural,22,mujer,5,88,5.681818181818182
2024,20403,rural,23,hombre,10,135,7.407407407407407
2024,20403,rural,23,mujer,7,97,7.216494845360825
2024,20403,rural,24,hombre,14,96,14.583333333333334
2024,20403,rural,24,mujer,8,125,6.4
2024,20403,rural,25,hombre,13,122,10.655737704918034
2024,20403,rural,25,mujer,11,118,9.322033898305085
2024,20403,rural,26,hombre,16,92,17.391304347826086
2024,20403,rural,26,mujer,4,106,3.7735849056603774
2024,20403,rural,27,hombre,24,112,21.428571428571427
2024,20403,rural,27,mujer,3,105,2.857142857142857
2024,20403,rural,28,hombre,16,104,15.384615384615385
2024,20403,rural,28,mujer,4,82,4.878048780487805
2024,20404,rural,16,hombre,6,54,11.11111111111111
2024,20404,rural,16,mujer,4,36,11.11111111111111
2024,20404,rural,17,hombre,6,52,11.538461538461538
2024,20404,rural,17,mujer,2,38,5.2631578947368425
2024,20404,rural,18,hombre,7,41,17.073170731707318
2024,20404,rural,18,mujer,9,50,18.0
2024,20404,rural,19,hombre,11,43,25.58139534883721
2024,20404,rural,19,mujer,5,41,12.195121951219512
2024,20404,rural,20,hombre,3,40,7.5
2024,20404,rural,20,mujer,3,24,12.5
2024,20404,rural,21,hombre,6,33,18.181818181818183
2024,20404,rural,21,mujer,4,32,12.5
2024,20404,rural,22,hombre,1,40,2.5
2024,20404,rural,22,mujer,5,41,12.195121951219512
2024,20404,rural,23,hombre,5,38,13.157894736842104
2024,20404,rural,23,mujer,1,40,2.5
2024,20404,rural,24,hombre,7,51,13.72549019607843
2024,20404,rural,24,mujer,6,40,15.0
2024,20404,rural,25,hombre,6,41,14.634146341463415
2024,20404,rural,25,mujer,3,32,9.375
2024,20404,rural,26,hombre,9,42,21.428571428571427
2024,20404,rural,26,mujer,1,37,2.7027027027027026
2024,20404,rural,27,hombre,7,33,21.21212121212121
2024,20404,rural,27,mujer,3,34,8.823529411764707
2024,20404,rural,28,hombre,10,38,26.31578947368421
2024,20404,rural,28,mujer,2,31,6.451612903225806
2024,20405,rural,16,hombre,4,74,5.405405405405405
2024,20405,rural,16,mujer,6,58,10.344827586206897
2024,20405,rural,17,hombre,5,62,8.064516129032258
2024,20405,rural,17,mujer,10,68,14.705882352941176
2024,20405,rural,18,hombre,7,61,11.475409836065573
2024,20405,rural,18,mujer,3,53,5.660377358490566
2024,20405,rural,19,hombre,7,47,14.893617021276595
2024,20405,rural,19,mujer,4,57,7.017543859649122
2024,20405,rural,20,hombre,7,65,10.76923076923077
2024,20405,rural,20,mujer,4,44,9.090909090909092
2024,20405,rural,21,hombre,5,41,12.195121951219512
2024,20405,rural,21,mujer,3,51,5.882352941176471
2024,20405,rural,22,hombre,9,54,16.666666666666668
2024,20405,rural,22,mujer,5,62,8.064516129032258
2024,20405,rural,23,hombre,12,51,23.529411764705884
2024,20405,rural,23,mujer,6,43,13.953488372093023
2024,20405,rural,24,hombre,9,60,15.0
2024,20405,rural,24,mujer,7,49,14.285714285714286
2024,20405,rural,25,hombre,12,53,22.641509433962263
2024,20405,rural,25,mujer,5,58,8.620689655172415
2024,20405,rural,26,hombre,10,52,19.23076923076923
2024,20405,rural,26,mujer,5,43,11.627906976744185
2024,20405,rural,27,hombre,7,49,14.285714285714286
2024,20405,rural,27,mujer,4,48,8.333333333333334
2024,20405,rural,28,hombre,10,49,20.408163265306122
2024,20405,rural,28,mujer,9,40,22.5
2024,20501,rural,16,hombre,6,137,4.37956204379562
2024,20501,rural,16,mujer,7,144,4.861111111111111
2024,20501,rural,17,hombre,13,141,9.21985815602837
2024,20501,rural,17,mujer,5,141,3.5460992907801416
2024,20501,rural,18,hombre,14,113,12.389380530973451
2024,20501,rural,18,mujer,11,140,7.857142857142857
2024,20501,rural,19,hombre,10,125,8.0
2024,20501,rural,19,mujer,10,122,8.19672131147541
2024,20501,rural,20,hombre,8,124,6.451612903225806
2024,20501,rural,20,mujer,7,119,5.882352941176471
2024,20501,rural,21,hombre,18,155,11.612903225806452
2024,20501,rural,21,mujer,16,144,11.11111111111111
2024,20501,rural,22,hombre,20,162,12.345679012345679
2024,20501,rural,22,mujer,10,145,6.896551724137931
2024,20501,rural,23,hombre,20,158,12.658227848101266
2024,20501,rural,23,mujer,12,168,7.142857142857143
2024,20501,rural,24,hombre,24,223,10.762331838565023
2024,20501,rural,24,mujer,9,145,6.206896551724138
2024,20501,rural,25,hombre,18,160,11.25
2024,20501,rural,25,mujer,10,173,5.780346820809249
2024,20501,rural,26,hombre,15,143,10.48951048951049
2024,20501,rural,26,mujer,12,163,7.361963190184049
2024,20501,rural,27,hombre,24,150,16.0
2024,20501,rural,27,mujer,9,139,6.474820143884892
2024,20501,rural,28,hombre,11,158,6.962025316455696
2024,20501,rural,28,mujer,14,147,9.523809523809524
2024,20502,rural,16,hombre,14,77,18.181818181818183
2024,20502,rural,16,mujer,13,92,14.130434782608695
2024,20502,rural,17,hombre,6,83,7.228915662650603
2024,20502,rural,17,mujer,3,88,3.409090909090909
2024,20502,rural,18,hombre,7,71,9.859154929577464
2024,20502,rural,18,mujer,8,91,8.791208791208792
2024,20502,rural,19,hombre,10,88,11.363636363636363
2024,20502,rural,19,mujer,5,88,5.681818181818182
2024,20502,rural,20,hombre,9,80,11.25
2024,20502,rural,20,mujer,3,82,3.658536585365854
2024,20502,rural,21,hombre,14,83,16.867469879518072
2024,20502,rural,21,mujer,9,76,11.842105263157896
2024,20502,rural,22,hombre,11,76,14.473684210526315
2024,20502,rural,22,mujer,5,81,6.172839506172839
2024,20502,rural,23,hombre,12,87,13.793103448275861
2024,20502,rural,23,mujer,5,80,6.25
2024,20502,rural,24,hombre,21,95,22.105263157894736
2024,20502,rural,24,mujer,5,74,6.756756756756757
2024,20502,rural,25,hombre,18,100,18.0
2024,20502,rural,25,mujer,7,74,9.45945945945946
2024,20502,rural,26,hombre,10,69,14.492753623188406
2024,20502,rural,26,mujer,8,85,9.411764705882353
2024,20502,rural,27,hombre,16,90,17.77777777777778
2024,20502,rural,27,mujer,1,71,1.408450704225352
2024,20502,rural,28,hombre,8,81,9.876543209876543
2024,20502,rural,28,mujer,5,50,10.0
2024,20503,rural,16,hombre,5,58,8.620689655172415
2024,20503,rural,16,mujer,3,53,5.660377358490566
2024,20503,rural,17,hombre,12,67,17.91044776119403
2024,20503,rural,17,mujer,4,49,8.16326530612245
2024,20503,rural,18,hombre,8,46,17.391304347826086
2024,20503,rural,18,mujer,4,43,9.30232558139535
2024,20503,rural,19,hombre,13,60,21.666666666666668
2024,20503,rural,19,mujer,7,51,13.72549019607843
2024,20503,rural,20,hombre,15,65,23.076923076923077
2024,20503,rural,20,mujer,4,53,7.547169811320755
2024,20503,rural,21,hombre,13,61,21.311475409836067
2024,20503,rural,21,mujer,9,42,21.428571428571427
2024,20503,rural,22,hombre,9,63,14.285714285714286
2024,20503,rural,22,mujer,8,61,13.114754098360656
2024,20503,rural,23,hombre,17,65,26.153846153846153
2024,20503,rural,23,mujer,7,63,11.11111111111111
2024,20503,rural,24,hombre,17,75,22.666666666666668
2024,20503,rural,24,mujer,2,54,3.7037037037037037
2024,20503,rural,25,hombre,11,66,16.666666666666668
2024,20503,rural,25,mujer,3,48,6.25
2024,20503,rural,26,hombre,15,78,19.23076923076923
2024,20503,rural,26,mujer,8,66,12.121212121212121
2024,20503,rural,27,hombre,13,67,19.402985074626866
2024,20503,rural,27,mujer,5,56,8.928571428571429
2024,20503,rural,28,hombre,15,80,18.75
2024,20503,rural,28,mujer,7,64,10.9375
2024,20601,rural,16,hombre,8,195,4.102564102564102
2024,20601,rural,16,mujer,11,182,6.043956043956044
2024,20601,rural,17,hombre,16,183,8.743169398907105
2024,20601,rural,17,mujer,8,175,4.571428571428571
2024,20601,rural,18,hombre,18,176,10.227272727272727
2024,20601,rural,18,mujer,28,190,14.736842105263158
2024,20601,rural,19,hombre,30,198,15.151515151515152
2024,20601,rural,19,mujer,24,220,10.909090909090908
2024,20601,rural,20,hombre,27,194,13.917525773195877
2024,20601,rural,20,mujer,15,189,7.936507936507937
2024,20601,rural,21,hombre,32,195,16.41025641025641
2024,20601,rural,21,mujer,18,232,7.758620689655173
2024,20601,rural,22,hombre,34,207,16.42512077294686
2024,20601,rural,22,mujer,13,217,5.990783410138249
2024,20601,rural,23,hombre,28,220,12.727272727272727
2024,20601,rural,23,mujer,21,219,9.58904109589041
2024,20601,rural,24,hombre,41,239,17.15481171548117
2024,20601,rural,24,mujer,24,244,9.836065573770492
2024,20601,rural,25,hombre,40,239,16.736401673640167
2024,20601,rural,25,mujer,16,237,6.751054852320675
2024,20601,rural,26,hombre,38,261,14.559386973180077
2024,20601,rural,26,mujer,13,234,5.555555555555555
2024,20601,rural,27,hombre,44,242,18.181818181818183
2024,20601,rural,27,mujer,24,240,10.0
2024,20601,rural,28,hombre,44,236,18.64406779661017
2024,20601,rural,28,mujer,21,219,9.58904109589041
2024,20601,urbana,16,hombre,8,45,17.77777777777778
2024,20601,urbana,16,mujer,3,40,7.5
2024,20601,urbana,17,hombre,12,35,34.285714285714285
2024,20601,urbana,17,mujer,8,35,22.857142857142858
2024,20601,urbana,18,hombre,2,22,9.090909090909092
2024,20601,urbana,18,mujer,8,45,17.77777777777778
2024,20601,urbana,19,hombre,8,30,26.666666666666668
2024,20601,urbana,19,mujer,9,47,19.148936170212767
2024,20601,urbana,20,hombre,9,28,32.142857142857146
2024,20601,urbana,20,mujer,7,27,25.925925925925927
2024,20601,urbana,21,hombre,12,38,31.57894736842105
2024,20601,urbana,21,mujer,12,38,31.57894736842105
2024,20601,urbana,22,hombre,6,31,19.35483870967742
2024,20601,urbana,22,mujer,4,33,12.121212121212121
2024,20601,urbana,23,hombre,7,30,23.333333333333332
2024,20601,urbana,23,mujer,4,37,10.81081081081081
2024,20601,urbana,24,hombre,14,32,43.75
2024,20601,urbana,24,mujer,7,48,14.583333333333334
2024,20601,urbana,25,hombre,13,33,39.39393939393939
2024,20601,urbana,25,mujer,6,40,15.0
2024,20601,urbana,26,hombre,5,22,22.727272727272727
2024,20601,urbana,26,mujer,8,43,18.6046511627907
2024,20601,urbana,27,hombre,9,33,27.272727272727273
2024,20601,urbana,27,mujer,16,45,35.55555555555556
2024,20601,urbana,28,hombre,10,31,32.25806451612903
2024,20601,urbana,28,mujer,6,41,14.634146341463415
2024,20602,rural,16,hombre,5,85,5.882352941176471
2024,20602,rural,16,mujer,4,93,4.301075268817204
2024,20602,rural,17,hombre,14,113,12.389380530973451
2024,20602,rural,17,mujer,10,102,9.803921568627452
2024,20602,rural,18,hombre,20,90,22.22222222222222
2024,20602,rural,18,mujer,10,83,12.048192771084338
2024,20602,rural,19,hombre,26,110,23.636363636363637
2024,20602,rural,19,mujer,13,89,14.606741573033707
2024,20602,rural,20,hombre,23,105,21.904761904761905
2024,20602,rural,20,mujer,8,91,8.791208791208792
2024,20602,rural,21,hombre,34,112,30.357142857142858
2024,20602,rural,21,mujer,7,99,7.070707070707071
2024,20602,rural,22,hombre,35,124,28.225806451612904
2024,20602,rural,22,mujer,10,88,11.363636363636363
2024,20602,rural,23,hombre,35,141,24.822695035460992
2024,20602,rural,23,mujer,12,110,10.909090909090908
2024,20602,rural,24,hombre,26,136,19.11764705882353
2024,20602,rural,24,mujer,11,112,9.821428571428571
2024,20602,rural,25,hombre,32,122,26.229508196721312
2024,20602,rural,25,mujer,10,76,13.157894736842104
2024,20602,rural,26,hombre,32,141,22.69503546099291
2024,20602,rural,26,mujer,11,94,11.702127659574469
2024,20602,rural,27,hombre,40,138,28.985507246376812
2024,20602,rural,27,mujer,15,103,14.563106796116505
2024,20602,rural,28,hombre,46,128,35.9375
2024,20602,rural,28,mujer,15,117,12.820512820512821
2024,20602,urbana,16,hombre,4,38,10.526315789473685
2024,20602,urbana,16,mujer,1,54,1.8518518518518519
2024,20602,urbana,17,hombre,2,39,5.128205128205129
2024,20602,urbana,17,mujer,7,40,17.5
2024,20602,urbana,18,hombre,2,37,5.405405405405405
2024,20602,urbana,18,mujer,7,45,15.555555555555555
2024,20602,urbana,19,hombre,1,33,3.0303030303030303
2024,20602,urbana,19,mujer,3,39,7.6923076923076925
2024,20602,urbana,20,hombre,2,33,6.0606060606060606
2024,20602,urbana,20,mujer,4,26,15.384615384615385
2024,20602,urbana,21,hombre,5,32,15.625
2024,20602,urbana,21,mujer,1,35,2.857142857142857
2024,20602,urbana,22,hombre,4,30,13.333333333333334
2024,20602,urbana,22,mujer,7,41,17.073170731707318
2024,20602,urbana,23,hombre,4,38,10.526315789473685
2024,20602,urbana,23,mujer,5,41,12.195121951219512
2024,20602,urbana,24,hombre,4,30,13.333333333333334
2024,20602,urbana,24,mujer,5,45,11.11111111111111
2024,20602,urbana,25,hombre,5,35,14.285714285714286
2024,20602,urbana,25,mujer,4,40,10.0
2024,20602,urbana,26,hombre,1,36,2.7777777777777777
2024,20602,urbana,26,mujer,2,28,7.142857142857143
2024,20602,urbana,27,hombre,7,48,14.583333333333334
2024,20602,urbana,27,mujer,2,42,4.761904761904762
2024,20602,urbana,28,hombre,9,48,18.75
2024,20602,urbana,28,mujer,6,42,14.285714285714286
2024,20603,rural,16,hombre,11,75,14.666666666666666
2024,20603,rural,16,mujer,11,78,14.102564102564102
2024,20603,rural,17,hombre,16,86,18.6046511627907
2024,20603,rural,17,mujer,10,73,13.698630136986301
2024,20603,rural,18,hombre,17,70,24.285714285714285
2024,20603,rural,18,mujer,14,74,18.91891891891892
2024,20603,rural,19,hombre,26,83,31.325301204819276
2024,20603,rural,19,mujer,14,68,20.58823529411765
2024,20603,rural,20,hombre,18,86,20.930232558139537
2024,20603,rural,20,mujer,6,61,9.836065573770492
2024,20603,rural,21,hombre,26,81,32.098765432098766
2024,20603,rural,21,mujer,20,84,23.80952380952381
2024,20603,rural,22,hombre,26,100,26.0
2024,20603,rural,22,mujer,17,107,15.88785046728972
2024,20603,rural,23,hombre,27,88,30.681818181818183
2024,20603,rural,23,mujer,20,95,21.05263157894737
2024,20603,rural,24,hombre,23,102,22.54901960784314
2024,20603,rural,24,mujer,16,105,15.238095238095237
2024,20603,rural,25,hombre,33,105,31.428571428571427
2024,20603,rural,25,mujer,9,83,10.843373493975903
2024,20603,rural,26,hombre,34,111,30.63063063063063
2024,20603,rural,26,mujer,15,77,19.48051948051948
2024,20603,rural,27,hombre,23,99,23.232323232323232
2024,20603,rural,27,mujer,7,88,7.954545454545454
2024,20603,rural,28,hombre,30,95,31.57894736842105
2024,20603,rural,28,mujer,12,98,12.244897959183673
2024,20604,rural,16,hombre,2,46,4.3478260869565215
2024,20604,rural,16,mujer,2,36,5.555555555555555
2024,20604,rural,17,hombre,6,39,15.384615384615385
2024,20604,rural,17,mujer,1,31,3.225806451612903
2024,20604,rural,18,hombre,3,28,10.714285714285714
2024,20604,rural,18,mujer,4,40,10.0
2024,20604,rural,19,hombre,4,26,15.384615384615385
2024,20604,rural,19,mujer,0,35,0.0
2024,20604,rural,20,hombre,4,33,12.121212121212121
2024,20604,rural,20,mujer,3,33,9.090909090909092
2024,20604,rural,21,hombre,2,27,7.407407407407407
2024,20604,rural,21,mujer,3,47,6.382978723404255
2024,20604,rural,22,hombre,1,36,2.7777777777777777
2024,20604,rural,22,mujer,1,28,3.5714285714285716
2024,20604,rural,23,hombre,2,42,4.761904761904762
2024,20604,rural,23,mujer,1,58,1.7241379310344827
2024,20604,rural,24,hombre,3,46,6.521739130434782
2024,20604,rural,24,mujer,2,41,4.878048780487805
2024,20604,rural,25,hombre,2,42,4.761904761904762
2024,20604,rural,25,mujer,0,34,0.0
2024,20604,rural,26,hombre,1,47,2.127659574468085
2024,20604,rural,26,mujer,3,53,5.660377358490566
2024,20604,rural,27,hombre,3,44,6.818181818181818
2024,20604,rural,27,mujer,2,49,4.081632653061225
2024,20604,rural,28,hombre,2,54,3.7037037037037037
2024,20604,rural,28,mujer,0,27,0.0
2024,20605,rural,16,hombre,0,22,0.0
2024,20605,rural,16,mujer,1,15,6.666666666666667
2024,20605,rural,17,hombre,2,20,10.0
2024,20605,rural,17,mujer,0,20,0.0
2024,20605,rural,18,hombre,3,21,14.285714285714286
2024,20605,rural,18,mujer,2,22,9.090909090909092
2024,20605,rural,19,hombre,0,14,0.0
2024,20605,rural,19,mujer,1,21,4.761904761904762
2024,20605,rural,20,hombre,1,22,4.545454545454546
2024,20605,rural,20,mujer,1,15,6.666666666666667
2024,20605,rural,21,hombre,3,28,10.714285714285714
2024,20605,rural,21,mujer,3,24,12.5
2024,20605,rural,22,hombre,3,21,14.285714285714286
2024,20605,rural,22,mujer,1,19,5.2631578947368425
2024,20605,rural,23,hombre,4,27,14.814814814814815
2024,20605,rural,23,mujer,2,32,6.25
2024,20605,rural,24,hombre,4,32,12.5
2024,20605,rural,24,mujer,4,26,15.384615384615385
2024,20605,rural,25,hombre,2,30,6.666666666666667
2024,20605,rural,25,mujer,2,26,7.6923076923076925
2024,20605,rural,26,hombre,3,26,11.538461538461538
2024,20605,rural,26,mujer,1,26,3.8461538461538463
2024,20605,rural,27,hombre,2,19,10.526315789473685
2024,20605,rural,27,mujer,1,30,3.3333333333333335
2024,20605,rural,28,hombre,3,31,9.67741935483871
2024,20605,rural,28,mujer,2,25,8.0
2024,20606,rural,16,hombre,4,47,8.51063829787234
2024,20606,rural,16,mujer,1,43,2.3255813953488373
2024,20606,rural,17,hombre,6,48,12.5
2024,20606,rural,17,mujer,1,39,2.5641025641025643
2024,20606,rural,18,hombre,7,33,21.21212121212121
2024,20606,rural,18,mujer,2,22,9.090909090909092
2024,20606,rural,19,hombre,9,37,24.324324324324323
2024,20606,rural,19,mujer,2,32,6.25
2024,20606,rural,20,hombre,8,34,23.529411764705884
2024,20606,rural,20,mujer,3,26,11.538461538461538
2024,20606,rural,21,hombre,14,42,33.333333333333336
2024,20606,rural,21,mujer,2,33,6.0606060606060606
2024,20606,rural,22,hombre,6,37,16.216216216216218
2024,20606,rural,22,mujer,2,32,6.25
2024,20606,rural,23,hombre,12,55,21.818181818181817
2024,20606,rural,23,mujer,6,40,15.0
2024,20606,rural,24,hombre,17,57,29.82456140350877
2024,20606,rural,24,mujer,6,51,11.764705882352942
2024,20606,rural,25,hombre,13,51,25.49019607843137
2024,20606,rural,25,mujer,3,33,9.090909090909092
2024,20606,rural,26,hombre,13,49,26.53061224489796
2024,20606,rural,26,mujer,4,44,9.090909090909092
2024,20606,rural,27,hombre,15,54,27.77777777777778
2024,20606,rural,27,mujer,4,45,8.88888888888889
2024,20606,rural,28,hombre,13,50,26.0
2024,20606,rural,28,mujer,2,42,4.761904761904762
2024,20606,urbana,16,hombre,0,18,0.0
2024,20606,urbana,16,mujer,2,20,10.0
2024,20606,urbana,17,hombre,2,25,8.0
2024,20606,urbana,17,mujer,1,16,6.25
2024,20606,urbana,18,hombre,1,13,7.6923076923076925
2024,20606,urbana,18,mujer,1,6,16.666666666666668
2024,20606,urbana,19,hombre,6,19,31.57894736842105
2024,20606,urbana,19,mujer,4,17,23.529411764705884
2024,20606,urbana,20,hombre,3,12,25.0
2024,20606,urbana,20,mujer,1,11,9.090909090909092
2024,20606,urbana,21,hombre,3,16,18.75
2024,20606,urbana,21,mujer,2,19,10.526315789473685
2024,20606,urbana,22,hombre,4,15,26.666666666666668
2024,20606,urbana,22,mujer,3,21,14.285714285714286
2024,20606,urbana,23,hombre,3,17,17.647058823529413
2024,20606,urbana,23,mujer,1,13,7.6923076923076925
2024,20606,urbana,24,hombre,5,28,17.857142857142858
2024,20606,urbana,24,mujer,4,21,19.047619047619047
2024,20606,urbana,25,hombre,5,25,20.0
2024,20606,urbana,25,mujer,2,20,10.0
2024,20606,urbana,26,hombre,8,24,33.333333333333336
2024,20606,urbana,26,mujer,3,15,20.0
2024,20606,urbana,27,hombre,3,20,15.0
2024,20606,urbana,27,mujer,5,25,20.0
2024,20606,urbana,28,hombre,6,25,24.0
2024,20606,urbana,28,mujer,3,14,21.428571428571427
2024,20607,rural,16,hombre,4,86,4.651162790697675
2024,20607,rural,16,mujer,1,73,1.36986301369863
2024,20607,rural,17,hombre,3,94,3.1914893617021276
2024,20607,rural,17,mujer,3,88,3.409090909090909
2024,20607,rural,18,hombre,7,102,6.862745098039215
2024,20607,rural,18,mujer,9,75,12.0
2024,20607,rural,19,hombre,15,167,8.982035928143713
2024,20607,rural,19,mujer,5,94,5.319148936170213
2024,20607,rural,20,hombre,15,137,10.94890510948905
2024,20607,rural,20,mujer,6,98,6.122448979591836
2024,20607,rural,21,hombre,27,159,16.9811320754717
2024,20607,rural,21,mujer,5,108,4.62962962962963
2024,20607,rural,22,hombre,17,137,12.408759124087592
2024,20607,rural,22,mujer,10,111,9.00900900900901
2024,20607,rural,23,hombre,17,177,9.6045197740113
2024,20607,rural,23,mujer,8,108,7.407407407407407
2024,20607,rural,24,hombre,17,146,11.643835616438356
2024,20607,rural,24,mujer,12,126,9.523809523809524
2024,20607,rural,25,hombre,22,167,13.173652694610778
2024,20607,rural,25,mujer,7,99,7.070707070707071
2024,20607,rural,26,hombre,20,135,14.814814814814815
2024,20607,rural,26,mujer,8,121,6.6115702479338845
2024,20607,rural,27,hombre,33,170,19.41176470588235
2024,20607,rural,27,mujer,6,98,6.122448979591836
2024,20607,rural,28,hombre,23,141,16.31205673758865
2024,20607,rural,28,mujer,6,87,6.896551724137931
2024,20607,urbana,16,hombre,7,78,8.974358974358974
2024,20607,urbana,16,mujer,4,85,4.705882352941177
2024,20607,urbana,17,hombre,8,105,7.619047619047619
2024,20607,urbana,17,mujer,6,96,6.25
2024,20607,urbana,18,hombre,7,62,11.290322580645162
2024,20607,urbana,18,mujer,5,64,7.8125
2024,20607,urbana,19,hombre,11,67,16.417910447761194
2024,20607,urbana,19,mujer,9,104,8.653846153846153
2024,20607,urbana,20,hombre,13,78,16.666666666666668
2024,20607,urbana,20,mujer,8,95,8.421052631578947
2024,20607,urbana,21,hombre,12,87,13.793103448275861
2024,20607,urbana,21,mujer,8,113,7.079646017699115
2024,20607,urbana,22,hombre,16,93,17.204301075268816
2024,20607,urbana,22,mujer,5,110,4.545454545454546
2024,20607,urbana,23,hombre,14,100,14.0
2024,20607,urbana,23,mujer,9,105,8.571428571428571
2024,20607,urbana,24,hombre,16,107,14.953271028037383
2024,20607,urbana,24,mujer,12,117,10.256410256410257
2024,20607,urbana,25,hombre,21,116,18.103448275862068
2024,20607,urbana,25,mujer,11,102,10.784313725490197
2024,20607,urbana,26,hombre,16,92,17.391304347826086
2024,20607,urbana,26,mujer,17,129,13.178294573643411
2024,20607,urbana,27,hombre,13,104,12.5
2024,20607,urbana,27,mujer,9,116,7.758620689655173
2024,20607,urbana,28,hombre,25,116,21.551724137931036
2024,20607,urbana,28,mujer,7,102,6.862745098039215
2024,20608,rural,16,hombre,6,103,5.825242718446602
2024,20608,rural,16,mujer,7,76,9.210526315789474
2024,20608,rural,17,hombre,9,94,9.574468085106384
2024,20608,rural,17,mujer,8,85,9.411764705882353
2024,20608,rural,18,hombre,6,90,6.666666666666667
2024,20608,rural,18,mujer,7,83,8.433734939759036
2024,20608,rural,19,hombre,8,97,8.24742268041237
2024,20608,rural,19,mujer,4,88,4.545454545454546
2024,20608,rural,20,hombre,16,111,14.414414414414415
2024,20608,rural,20,mujer,9,103,8.737864077669903
2024,20608,rural,21,hombre,12,109,11.009174311926605
2024,20608,rural,21,mujer,6,81,7.407407407407407
2024,20608,rural,22,hombre,20,111,18.01801801801802
2024,20608,rural,22,mujer,9,90,10.0
2024,20608,rural,23,hombre,24,151,15.894039735099337
2024,20608,rural,23,mujer,8,96,8.333333333333334
2024,20608,rural,24,hombre,9,115,7.826086956521739
2024,20608,rural,24,mujer,6,93,6.451612903225806
2024,20608,rural,25,hombre,25,110,22.727272727272727
2024,20608,rural,25,mujer,7,90,7.777777777777778
2024,20608,rural,26,hombre,20,116,17.24137931034483
2024,20608,rural,26,mujer,9,87,10.344827586206897
2024,20608,rural,27,hombre,13,113,11.504424778761061
2024,20608,rural,27,mujer,7,95,7.368421052631579
2024,20608,rural,28,hombre,13,126,10.317460317460318
2024,20608,rural,28,mujer,11,89,12.359550561797754
2024,20608,urbana,16,hombre,1,21,4.761904761904762
2024,20608,urbana,16,mujer,2,36,5.555555555555555
2024,20608,urbana,17,hombre,1,17,5.882352941176471
2024,20608,urbana,17,mujer,1,25,4.0
2024,20608,urbana,18,hombre,1,17,5.882352941176471
2024,20608,urbana,18,mujer,1,33,3.0303030303030303
2024,20608,urbana,19,hombre,1,26,3.8461538461538463
2024,20608,urbana,19,mujer,2,32,6.25
2024,20608,urbana,20,hombre,3,19,15.789473684210526
2024,20608,urbana,20,mujer,2,24,8.333333333333334
2024,20608,urbana,21,hombre,5,27,18.51851851851852
2024,20608,urbana,21,mujer,1,31,3.225806451612903
2024,20608,urbana,22,hombre,4,24,16.666666666666668
2024,20608,urbana,22,mujer,1,36,2.7777777777777777
2024,20608,urbana,23,hombre,3,30,10.0
2024,20608,urbana,23,mujer,2,35,5.714285714285714
2024,20608,urbana,24,hombre,4,30,13.333333333333334
2024,20608,urbana,24,mujer,4,36,11.11111111111111
2024,20608,urbana,25,hombre,4,29,13.793103448275861
2024,20608,urbana,25,mujer,0,35,0.0
2024,20608,urbana,26,hombre,2,29,6.896551724137931
2024,20608,urbana,26,mujer,1,22,4.545454545454546
2024,20608,urbana,27,hombre,1,26,3.8461538461538463
2024,20608,urbana,27,mujer,1,25,4.0
2024,20608,urbana,28,hombre,5,35,14.285714285714286
2024,20608,urbana,28,mujer,5,25,20.0
2024,20701,rural,16,hombre,1,157,0.6369426751592356
2024,20701,rural,16,mujer,3,123,2.4390243902439024
2024,20701,rural,17,hombre,7,130,5.384615384615385
2024,20701,rural,17,mujer,1,130,0.7692307692307693
2024,20701,rural,18,hombre,9,157,5.732484076433121
2024,20701,rural,18,mujer,7,109,6.422018348623853
2024,20701,rural,19,hombre,10,159,6.289308176100629
2024,20701,rural,19,mujer,2,70,2.857142857142857
2024,20701,rural,20,hombre,10,142,7.042253521126761
2024,20701,rural,20,mujer,4,93,4.301075268817204
2024,20701,rural,21,hombre,13,116,11.206896551724139
2024,20701,rural,21,mujer,8,107,7.4766355140186915
2024,20701,rural,22,hombre,12,105,11.428571428571429
2024,20701,rural,22,mujer,4,99,4.040404040404041
2024,20701,rural,23,hombre,25,125,20.0
2024,20701,rural,23,mujer,9,111,8.108108108108109
2024,20701,rural,24,hombre,28,114,24.56140350877193
2024,20701,rural,24,mujer,6,82,7.317073170731708
2024,20701,rural,25,hombre,26,118,22.033898305084747
2024,20701,rural,25,mujer,8,92,8.695652173913043
2024,20701,rural,26,hombre,25,113,22.123893805309734
2024,20701,rural,26,mujer,5,101,4.9504950495049505
2024,20701,rural,27,hombre,20,123,16.260162601626018
2024,20701,rural,27,mujer,6,84,7.142857142857143
2024,20701,rural,28,hombre,17,102,16.666666666666668
2024,20701,rural,28,mujer,2,85,2.3529411764705883
2024,20701,urbana,16,hombre,2,60,3.3333333333333335
2024,20701,urbana,16,mujer,3,54,5.555555555555555
2024,20701,urbana,17,hombre,5,98,5.1020408163265305
2024,20701,urbana,17,mujer,10,67,14.925373134328359
2024,20701,urbana,18,hombre,6,171,3.508771929824561
2024,20701,urbana,18,mujer,5,42,11.904761904761905
2024,20701,urbana,19,hombre,6,93,6.451612903225806
2024,20701,urbana,19,mujer,4,32,12.5
2024,20701,urbana,20,hombre,5,73,6.8493150684931505
2024,20701,urbana,20,mujer,2,47,4.25531914893617
2024,20701,urbana,21,hombre,6,39,15.384615384615385
2024,20701,urbana,21,mujer,6,35,17.142857142857142
2024,20701,urbana,22,hombre,3,25,12.0
2024,20701,urbana,22,mujer,4,37,10.81081081081081
2024,20701,urbana,23,hombre,7,30,23.333333333333332
2024,20701,urbana,23,mujer,2,47,4.25531914893617
2024,20701,urbana,24,hombre,7,32,21.875
2024,20701,urbana,24,mujer,2,44,4.545454545454546
2024,20701,urbana,25,hombre,5,40,12.5
2024,20701,urbana,25,mujer,4,40,10.0
2024,20701,urbana,26,hombre,7,37,18.91891891891892
2024,20701,urbana,26,mujer,3,46,6.521739130434782
2024,20701,urbana,27,hombre,9,36,25.0
2024,20701,urbana,27,mujer,5,45,11.11111111111111
2024,20701,urbana,28,hombre,2,40,5.0
2024,20701,urbana,28,mujer,7,57,12.280701754385966
2024,20702,rural,16,hombre,9,80,11.25
2024,20702,rural,16,mujer,6,58,10.344827586206897
2024,20702,rural,17,hombre,10,92,10.869565217391305
2024,20702,rural,17,mujer,8,61,13.114754098360656
2024,20702,rural,18,hombre,10,101,9.900990099009901
2024,20702,rural,18,mujer,8,47,17.02127659574468
2024,20702,rural,19,hombre,12,121,9.917355371900827
2024,20702,rural,19,mujer,5,50,10.0
2024,20702,rural,20,hombre,8,118,6.779661016949152
2024,20702,rural,20,mujer,5,64,7.8125
2024,20702,rural,21,hombre,13,122,10.655737704918034
2024,20702,rural,21,mujer,8,64,12.5
2024,20702,rural,22,hombre,25,134,18.65671641791045
2024,20702,rural,22,mujer,4,77,5.194805194805195
2024,20702,rural,23,hombre,22,128,17.1875
2024,20702,rural,23,mujer,7,80,8.75
2024,20702,rural,24,hombre,25,146,17.123287671232877
2024,20702,rural,24,mujer,7,87,8.045977011494253
2024,20702,rural,25,hombre,20,137,14.598540145985401
2024,20702,rural,25,mujer,4,69,5.797101449275362
2024,20702,rural,26,hombre,14,113,12.389380530973451
2024,20702,rural,26,mujer,6,90,6.666666666666667
2024,20702,rural,27,hombre,15,102,14.705882352941176
2024,20702,rural,27,mujer,6,79,7.594936708860759
2024,20702,rural,28,hombre,15,121,12.396694214876034
2024,20702,rural,28,mujer,7,83,8.433734939759036
2024,20801,rural,16,hombre,4,144,2.7777777777777777
2024,20801,rural,16,mujer,9,169,5.325443786982248
2024,20801,rural,17,hombre,13,160,8.125
2024,20801,rural,17,mujer,9,184,4.891304347826087
2024,20801,rural,18,hombre,3,84,3.5714285714285716
2024,20801,rural,18,mujer,13,142,9.154929577464788
2024,20801,rural,19,hombre,15,123,12.195121951219512
2024,20801,rural,19,mujer,5,129,3.875968992248062
2024,20801,rural,20,hombre,19,122,15.573770491803279
2024,20801,rural,20,mujer,15,140,10.714285714285714
2024,20801,rural,21,hombre,16,129,12.4031007751938
2024,20801,rural,21,mujer,8,127,6.299212598425197
2024,20801,rural,22,hombre,22,117,18.803418803418804
2024,20801,rural,22,mujer,19,139,13.66906474820144
2024,20801,rural,23,hombre,17,140,12.142857142857142
2024,20801,rural,23,mujer,8,129,6.2015503875969
2024,20801,rural,24,hombre,20,164,12.195121951219512
2024,20801,rural,24,mujer,5,136,3.676470588235294
2024,20801,rural,25,hombre,29,156,18.58974358974359
2024,20801,rural,25,mujer,12,136,8.823529411764707
2024,20801,rural,26,hombre,20,130,15.384615384615385
2024,20801,rural,26,mujer,19,133,14.285714285714286
2024,20801,rural,27,hombre,16,136,11.764705882352942
2024,20801,rural,27,mujer,17,116,14.655172413793103
2024,20801,rural,28,hombre,30,158,18.9873417721519
2024,20801,rural,28,mujer,16,125,12.8
2024,20801,urbana,16,hombre,52,867,5.997693194925029
2024,20801,urbana,16,mujer,36,851,4.230317273795535
2024,20801,urbana,17,hombre,67,771,8.690012970168612
2024,20801,urbana,17,mujer,48,848,5.660377358490566
2024,20801,urbana,18,hombre,68,973,6.988694758478931
2024,20801,urbana,18,mujer,73,821,8.891595615103533
2024,20801,urbana,19,hombre,92,955,9.633507853403142
2024,20801,urbana,19,mujer,57,802,7.107231920199501
2024,20801,urbana,20,hombre,125,999,12.512512512512513
2024,20801,urbana,20,mujer,79,806,9.801488833746898
2024,20801,urbana,21,hombre,129,921,14.006514657980455
2024,20801,urbana,21,mujer,68,824,8.25242718446602
2024,20801,urbana,22,hombre,140,967,14.477766287487073
2024,20801,urbana,22,mujer,82,823,9.963547995139733
2024,20801,urbana,23,hombre,141,980,14.387755102040817
2024,20801,urbana,23,mujer,80,903,8.859357696566999
2024,20801,urbana,24,hombre,171,999,17.117117117117118
2024,20801,urbana,24,mujer,89,899,9.899888765294772
2024,20801,urbana,25,hombre,168,950,17.68421052631579
2024,20801,urbana,25,mujer,85,880,9.659090909090908
2024,20801,urbana,26,hombre,145,819,17.704517704517706
2024,20801,urbana,26,mujer,90,835,10.778443113772456
2024,20801,urbana,27,hombre,163,766,21.279373368146214
2024,20801,urbana,27,mujer,75,844,8.886255924170616
2024,20801,urbana,28,hombre,153,823,18.59052247873633
2024,20801,urbana,28,mujer,82,808,10.148514851485148
2024,20802,rural,16,hombre,3,61,4.918032786885246
2024,20802,rural,16,mujer,7,60,11.666666666666666
2024,20802,rural,17,hombre,7,91,7.6923076923076925
2024,20802,rural,17,mujer,3,57,5.2631578947368425
2024,20802,rural,18,hombre,1,193,0.5181347150259067
2024,20802,rural,18,mujer,1,38,2.6315789473684212
2024,20802,rural,19,hombre,2,112,1.7857142857142858
2024,20802,rural,19,mujer,7,51,13.72549019607843
2024,20802,rural,20,hombre,4,92,4.3478260869565215
2024,20802,rural,20,mujer,1,36,2.7777777777777777
2024,20802,rural,21,hombre,4,48,8.333333333333334
2024,20802,rural,21,mujer,1,44,2.272727272727273
2024,20802,rural,22,hombre,5,49,10.204081632653061
2024,20802,rural,22,mujer,4,52,7.6923076923076925
2024,20802,rural,23,hombre,5,49,10.204081632653061
2024,20802,rural,23,mujer,6,57,10.526315789473685
2024,20802,rural,24,hombre,5,52,9.615384615384615
2024,20802,rural,24,mujer,3,47,6.382978723404255
2024,20802,rural,25,hombre,7,43,16.27906976744186
2024,20802,rural,25,mujer,4,53,7.547169811320755
2024,20802,rural,26,hombre,3,38,7.894736842105263
2024,20802,rural,26,mujer,4,45,8.88888888888889
2024,20802,rural,27,hombre,9,43,20.930232558139537
2024,20802,rural,27,mujer,6,55,10.909090909090908
2024,20802,rural,28,hombre,5,50,10.0
2024,20802,rural,28,mujer,1,51,1.9607843137254901
2024,20803,rural,16,hombre,2,88,2.272727272727273
2024,20803,rural,16,mujer,5,109,4.587155963302752
2024,20803,rural,17,hombre,5,103,4.854368932038835
2024,20803,rural,17,mujer,4,109,3.669724770642202
2024,20803,rural,18,hombre,1,79,1.2658227848101267
2024,20803,rural,18,mujer,8,91,8.791208791208792
2024,20803,rural,19,hombre,7,76,9.210526315789474
2024,20803,rural,19,mujer,5,99,5.05050505050505
2024,20803,rural,20,hombre,7,90,7.777777777777778
2024,20803,rural,20,mujer,9,104,8.653846153846153
2024,20803,rural,21,hombre,8,103,7.766990291262136
2024,20803,rural,21,mujer,3,85,3.5294117647058822
2024,20803,rural,22,hombre,14,110,12.727272727272727
2024,20803,rural,22,mujer,2,112,1.7857142857142858
2024,20803,rural,23,hombre,11,108,10.185185185185185
2024,20803,rural,23,mujer,7,108,6.481481481481482
2024,20803,rural,24,hombre,12,108,11.11111111111111
2024,20803,rural,24,mujer,9,127,7.086614173228346
2024,20803,rural,25,hombre,12,97,12.371134020618557
2024,20803,rural,25,mujer,8,109,7.339449541284404
2024,20803,rural,26,hombre,10,97,10.309278350515465
2024,20803,rural,26,mujer,9,123,7.317073170731708
2024,20803,rural,27,hombre,7,76,9.210526315789474
2024,20803,rural,27,mujer,9,126,7.142857142857143
2024,20803,rural,28,hombre,8,100,8.0
2024,20803,rural,28,mujer,2,96,2.0833333333333335
2024,20804,rural,16,hombre,0,19,0.0
2024,20804,rural,16,mujer,0,17,0.0
2024,20804,rural,17,hombre,2,30,6.666666666666667
2024,20804,rural,17,mujer,0,18,0.0
2024,20804,rural,18,hombre,1,17,5.882352941176471
2024,20804,rural,18,mujer,1,11,9.090909090909092
2024,20804,rural,19,hombre,0,20,0.0
2024,20804,rural,19,mujer,0,20,0.0
2024,20804,rural,20,hombre,0,20,0.0
2024,20804,rural,20,mujer,0,16,0.0
2024,20804,rural,21,hombre,2,13,15.384615384615385
2024,20804,rural,21,mujer,0,12,0.0
2024,20804,rural,22,hombre,0,18,0.0
2024,20804,rural,22,mujer,0,16,0.0
2024,20804,rural,23,hombre,2,19,10.526315789473685
2024,20804,rural,23,mujer,0,9,0.0
2024,20804,rural,24,hombre,2,20,10.0
2024,20804,rural,24,mujer,3,21,14.285714285714286
2024,20804,rural,25,hombre,1,23,4.3478260869565215
2024,20804,rural,25,mujer,2,28,7.142857142857143
2024,20804,rural,26,hombre,1,16,6.25
2024,20804,rural,26,mujer,0,9,0.0
2024,20804,rural,27,hombre,2,16,12.5
2024,20804,rural,27,mujer,0,19,0.0
2024,20804,rural,28,hombre,0,12,0.0
2024,20804,rural,28,mujer,1,18,5.555555555555555
2024,20804,urbana,16,hombre,0,45,0.0
2024,20804,urbana,16,mujer,1,57,1.7543859649122806
2024,20804,urbana,17,hombre,2,53,3.7735849056603774
2024,20804,urbana,17,mujer,1,40,2.5
2024,20804,urbana,18,hombre,0,42,0.0
2024,20804,urbana,18,mujer,1,30,3.3333333333333335
2024,20804,urbana,19,hombre,3,29,10.344827586206897
2024,20804,urbana,19,mujer,1,42,2.380952380952381
2024,20804,urbana,20,hombre,2,31,6.451612903225806
2024,20804,urbana,20,mujer,1,35,2.857142857142857
2024,20804,urbana,21,hombre,2,34,5.882352941176471
2024,20804,urbana,21,mujer,1,33,3.0303030303030303
2024,20804,urbana,22,hombre,2,34,5.882352941176471
2024,20804,urbana,22,mujer,1,35,2.857142857142857
2024,20804,urbana,23,hombre,5,45,11.11111111111111
2024,20804,urbana,23,mujer,2,32,6.25
2024,20804,urbana,24,hombre,1,38,2.6315789473684212
2024,20804,urbana,24,mujer,2,39,5.128205128205129
2024,20804,urbana,25,hombre,2,36,5.555555555555555
2024,20804,urbana,25,mujer,1,38,2.6315789473684212
2024,20804,urbana,26,hombre,3,50,6.0
2024,20804,urbana,26,mujer,4,33,12.121212121212121
2024,20804,urbana,27,hombre,2,34,5.882352941176471
2024,20804,urbana,27,mujer,2,41,4.878048780487805
2024,20804,urbana,28,hombre,3,45,6.666666666666667
2024,20804,urbana,28,mujer,3,47,6.382978723404255
2024,20805,rural,16,hombre,4,55,7.2727272727272725
2024,20805,rural,16,mujer,2,65,3.076923076923077
2024,20805,rural,17,hombre,4,53,7.547169811320755
2024,20805,rural,17,mujer,3,54,5.555555555555555
2024,20805,rural,18,hombre,6,40,15.0
2024,20805,rural,18,mujer,3,42,7.142857142857143
2024,20805,rural,19,hombre,9,68,13.235294117647058
2024,20805,rural,19,mujer,4,36,11.11111111111111
2024,20805,rural,20,hombre,5,54,9.25925925925926
2024,20805,rural,20,mujer,2,47,4.25531914893617
2024,20805,rural,21,hombre,4,51,7.8431372549019605
2024,20805,rural,21,mujer,6,56,10.714285714285714
2024,20805,rural,22,hombre,4,44,9.090909090909092
2024,20805,rural,22,mujer,2,47,4.25531914893617
2024,20805,rural,23,hombre,7,52,13.461538461538462
2024,20805,rural,23,mujer,5,48,10.416666666666666
2024,20805,rural,24,hombre,4,47,8.51063829787234
2024,20805,rural,24,mujer,6,67,8.955223880597014
2024,20805,rural,25,hombre,3,45,6.666666666666667
2024,20805,rural,25,mujer,3,53,5.660377358490566
2024,20805,rural,26,hombre,7,47,14.893617021276595
2024,20805,rural,26,mujer,6,46,13.043478260869565
2024,20805,rural,27,hombre,7,44,15.909090909090908
2024,20805,rural,27,mujer,2,46,4.3478260869565215
2024,20805,rural,28,hombre,10,55,18.181818181818183
2024,20805,rural,28,mujer,2,48,4.166666666666667
2024,20806,rural,16,hombre,10,116,8.620689655172415
2024,20806,rural,16,mujer,8,121,6.6115702479338845
2024,20806,rural,17,hombre,11,110,10.0
2024,20806,rural,17,mujer,11,114,9.649122807017545
2024,20806,rural,18,hombre,10,111,9.00900900900901
2024,20806,rural,18,mujer,7,121,5.785123966942149
2024,20806,rural,19,hombre,8,96,8.333333333333334
2024,20806,rural,19,mujer,7,87,8.045977011494253
2024,20806,rural,20,hombre,14,118,11.864406779661017
2024,20806,rural,20,mujer,4,115,3.4782608695652173
2024,20806,rural,21,hombre,16,114,14.035087719298245
2024,20806,rural,21,mujer,6,115,5.217391304347826
2024,20806,rural,22,hombre,13,128,10.15625
2024,20806,rural,22,mujer,10,119,8.403361344537815
2024,20806,rural,23,hombre,11,120,9.166666666666666
2024,20806,rural,23,mujer,10,129,7.751937984496124
2024,20806,rural,24,hombre,9,128,7.03125
2024,20806,rural,24,mujer,8,111,7.207207207207207
2024,20806,rural,25,hombre,18,130,13.846153846153847
2024,20806,rural,25,mujer,17,134,12.686567164179104
2024,20806,rural,26,hombre,8,119,6.722689075630252
2024,20806,rural,26,mujer,4,108,3.7037037037037037
2024,20806,rural,27,hombre,14,125,11.2
2024,20806,rural,27,mujer,11,136,8.088235294117647
2024,20806,rural,28,hombre,15,97,15.463917525773196
2024,20806,rural,28,mujer,10,104,9.615384615384615
2024,20807,rural,16,hombre,0,48,0.0
2024,20807,rural,16,mujer,0,40,0.0
2024,20807,rural,17,hombre,1,38,2.6315789473684212
2024,20807,rural,17,mujer,0,53,0.0
2024,20807,rural,18,hombre,1,31,3.225806451612903
2024,20807,rural,18,mujer,0,42,0.0
2024,20807,rural,19,hombre,1,35,2.857142857142857
2024,20807,rural,19,mujer,1,49,2.0408163265306123
2024,20807,rural,20,hombre,4,46,8.695652173913043
2024,20807,rural,20,mujer,0,41,0.0
2024,20807,rural,21,hombre,0,38,0.0
2024,20807,rural,21,mujer,0,49,0.0
2024,20807,rural,22,hombre,2,44,4.545454545454546
2024,20807,rural,22,mujer,0,51,0.0
2024,20807,rural,23,hombre,2,49,4.081632653061225
2024,20807,rural,23,mujer,1,50,2.0
2024,20807,rural,24,hombre,1,45,2.2222222222222223
2024,20807,rural,24,mujer,0,55,0.0
2024,20807,rural,25,hombre,6,54,11.11111111111111
2024,20807,rural,25,mujer,1,52,1.9230769230769231
2024,20807,rural,26,hombre,3,41,7.317073170731708
2024,20807,rural,26,mujer,0,26,0.0
2024,20807,rural,27,hombre,3,31,9.67741935483871
2024,20807,rural,27,mujer,2,40,5.0
2024,20807,rural,28,hombre,3,44,6.818181818181818
2024,20807,rural,28,mujer,3,54,5.555555555555555
2024,20901,rural,16,hombre,6,82,7.317073170731708
2024,20901,rural,16,mujer,3,59,5.084745762711864
2024,20901,rural,17,hombre,4,77,5.194805194805195
2024,20901,rural,17,mujer,4,74,5.405405405405405
2024,20901,rural,18,hombre,4,49,8.16326530612245
2024,20901,rural,18,mujer,7,61,11.475409836065573
2024,20901,rural,19,hombre,6,55,10.909090909090908
2024,20901,rural,19,mujer,7,47,14.893617021276595
2024,20901,rural,20,hombre,8,74,10.81081081081081
2024,20901,rural,20,mujer,6,82,7.317073170731708
2024,20901,rural,21,hombre,11,69,15.942028985507246
2024,20901,rural,21,mujer,5,55,9.090909090909092
2024,20901,rural,22,hombre,8,68,11.764705882352942
2024,20901,rural,22,mujer,6,66,9.090909090909092
2024,20901,rural,23,hombre,11,67,16.417910447761194
2024,20901,rural,23,mujer,5,90,5.555555555555555
2024,20901,rural,24,hombre,14,94,14.893617021276595
2024,20901,rural,24,mujer,9,81,11.11111111111111
2024,20901,rural,25,hombre,14,93,15.053763440860216
2024,20901,rural,25,mujer,5,65,7.6923076923076925
2024,20901,rural,26,hombre,16,85,18.823529411764707
2024,20901,rural,26,mujer,6,82,7.317073170731708
2024,20901,rural,27,hombre,15,66,22.727272727272727
2024,20901,rural,27,mujer,3,88,3.409090909090909
2024,20901,rural,28,hombre,13,71,18.309859154929576
2024,20901,rural,28,mujer,6,66,9.090909090909092
2024,20902,rural,16,hombre,9,112,8.035714285714286
2024,20902,rural,16,mujer,6,117,5.128205128205129
2024,20902,rural,17,hombre,13,120,10.833333333333334
2024,20902,rural,17,mujer,8,99,8.080808080808081
2024,20902,rural,18,hombre,8,102,7.8431372549019605
2024,20902,rural,18,mujer,8,123,6.504065040650406
2024,20902,rural,19,hombre,13,102,12.745098039215685
2024,20902,rural,19,mujer,11,118,9.322033898305085
2024,20902,rural,20,hombre,21,110,19.09090909090909
2024,20902,rural,20,mujer,9,112,8.035714285714286
2024,20902,rural,21,hombre,16,113,14.15929203539823
2024,20902,rural,21,mujer,8,116,6.896551724137931
2024,20902,rural,22,hombre,15,117,12.820512820512821
2024,20902,rural,22,mujer,8,117,6.837606837606837
2024,20902,rural,23,hombre,21,144,14.583333333333334
2024,20902,rural,23,mujer,10,156,6.410256410256411
2024,20902,rural,24,hombre,21,143,14.685314685314685
2024,20902,rural,24,mujer,8,135,5.925925925925926
2024,20902,rural,25,hombre,17,135,12.592592592592593
2024,20902,rural,25,mujer,10,114,8.771929824561404
2024,20902,rural,26,hombre,17,118,14.40677966101695
2024,20902,rural,26,mujer,12,131,9.16030534351145
2024,20902,rural,27,hombre,20,138,14.492753623188406
2024,20902,rural,27,mujer,16,135,11.851851851851851
2024,20902,rural,28,hombre,24,116,20.689655172413794
2024,20902,rural,28,mujer,6,127,4.724409448818897
2024,20903,rural,16,hombre,7,89,7.865168539325842
2024,20903,rural,16,mujer,7,77,9.090909090909092
2024,20903,rural,17,hombre,5,74,6.756756756756757
2024,20903,rural,17,mujer,7,63,11.11111111111111
2024,20903,rural,18,hombre,7,93,7.526881720430108
2024,20903,rural,18,mujer,9,82,10.975609756097562
2024,20903,rural,19,hombre,11,84,13.095238095238095
2024,20903,rural,19,mujer,8,70,11.428571428571429
2024,20903,rural,20,hombre,17,110,15.454545454545455
2024,20903,rural,20,mujer,10,88,11.363636363636363
2024,20903,rural,21,hombre,16,96,16.666666666666668
2024,20903,rural,21,mujer,12,82,14.634146341463415
2024,20903,rural,22,hombre,11,95,11.578947368421053
2024,20903,rural,22,mujer,8,91,8.791208791208792
2024,20903,rural,23,hombre,9,85,10.588235294117647
2024,20903,rural,23,mujer,7,99,7.070707070707071
2024,20903,rural,24,hombre,13,100,13.0
2024,20903,rural,24,mujer,11,79,13.924050632911392
2024,20903,rural,25,hombre,13,86,15.116279069767442
2024,20903,rural,25,mujer,7,71,9.859154929577464
2024,20903,rural,26,hombre,8,81,9.876543209876543
2024,20903,rural,26,mujer,7,76,9.210526315789474
2024,20903,rural,27,hombre,10,82,12.195121951219512
2024,20903,rural,27,mujer,6,65,9.23076923076923
2024,20903,rural,28,hombre,9,72,12.5
2024,20903,rural,28,mujer,6,79,7.594936708860759
2024,20903,urbana,16,hombre,0,17,0.0
2024,20903,urbana,16,mujer,0,16,0.0
2024,20903,urbana,17,hombre,0,27,0.0
2024,20903,urbana,17,mujer,0,18,0.0
2024,20903,urbana,18,hombre,2,32,6.25
2024,20903,urbana,18,mujer,0,13,0.0
2024,20903,urbana,19,hombre,2,39,5.128205128205129
2024,20903,urbana,19,mujer,0,15,0.0
2024,20903,urbana,20,hombre,0,33,0.0
2024,20903,urbana,20,mujer,0,22,0.0
2024,20903,urbana,21,hombre,0,18,0.0
2024,20903,urbana,21,mujer,1,14,7.142857142857143
2024,20903,urbana,22,hombre,0,12,0.0
2024,20903,urbana,22,mujer,1,21,4.761904761904762
2024,20903,urbana,23,hombre,0,20,0.0
2024,20903,urbana,23,mujer,0,16,0.0
2024,20903,urbana,24,hombre,0,40,0.0
2024,20903,urbana,24,mujer,0,15,0.0
2024,20903,urbana,25,hombre,0,31,0.0
2024,20903,urbana,25,mujer,0,15,0.0
2024,20903,urbana,26,hombre,0,16,0.0
2024,20903,urbana,26,mujer,0,17,0.0
2024,20903,urbana,27,hombre,1,26,3.8461538461538463
2024,20903,urbana,27,mujer,0,12,0.0
2024,20903,urbana,28,hombre,0,11,0.0
2024,20903,urbana,28,mujer,0,12,0.0
2024,20904,rural,16,hombre,5,49,10.204081632653061
2024,20904,rural,16,mujer,0,48,0.0
2024,20904,rural,17,hombre,3,43,6.976744186046512
2024,20904,rural,17,mujer,0,38,0.0
2024,20904,rural,18,hombre,2,37,5.405405405405405
2024,20904,rural,18,mujer,2,39,5.128205128205129
2024,20904,rural,19,hombre,14,44,31.818181818181817
2024,20904,rural,19,mujer,6,33,18.181818181818183
2024,20904,rural,20,hombre,8,56,14.285714285714286
2024,20904,rural,20,mujer,1,48,2.0833333333333335
2024,20904,rural,21,hombre,11,53,20.754716981132077
2024,20904,rural,21,mujer,4,46,8.695652173913043
2024,20904,rural,22,hombre,16,63,25.396825396825395
2024,20904,rural,22,mujer,7,62,11.290322580645162
2024,20904,rural,23,hombre,13,72,18.055555555555557
2024,20904,rural,23,mujer,4,56,7.142857142857143
2024,20904,rural,24,hombre,12,65,18.46153846153846
2024,20904,rural,24,mujer,6,48,12.5
2024,20904,rural,25,hombre,16,86,18.6046511627907
2024,20904,rural,25,mujer,0,67,0.0
2024,20904,rural,26,hombre,8,54,14.814814814814815
2024,20904,rural,26,mujer,4,47,8.51063829787234
2024,20904,rural,27,hombre,11,57,19.29824561403509
2024,20904,rural,27,mujer,3,49,6.122448979591836
2024,20904,rural,28,hombre,5,51,9.803921568627452
2024,20904,rural,28,mujer,4,47,8.51063829787234
2024,20905,rural,16,hombre,4,124,3.225806451612903
2024,20905,rural,16,mujer,6,121,4.958677685950414
2024,20905,rural,17,hombre,7,118,5.932203389830509
2024,20905,rural,17,mujer,5,109,4.587155963302752
2024,20905,rural,18,hombre,8,104,7.6923076923076925
2024,20905,rural,18,mujer,9,99,9.090909090909092
2024,20905,rural,19,hombre,8,95,8.421052631578947
2024,20905,rural,19,mujer,8,94,8.51063829787234
2024,20905,rural,20,hombre,14,93,15.053763440860216
2024,20905,rural,20,mujer,9,104,8.653846153846153
2024,20905,rural,21,hombre,19,131,14.50381679389313
2024,20905,rural,21,mujer,11,101,10.891089108910892
2024,20905,rural,22,hombre,24,120,20.0
2024,20905,rural,22,mujer,8,115,6.956521739130435
2024,20905,rural,23,hombre,19,127,14.960629921259843
2024,20905,rural,23,mujer,8,117,6.837606837606837
2024,20905,rural,24,hombre,18,129,13.953488372093023
2024,20905,rural,24,mujer,10,133,7.518796992481203
2024,20905,rural,25,hombre,22,132,16.666666666666668
2024,20905,rural,25,mujer,12,139,8.633093525179856
2024,20905,rural,26,hombre,18,122,14.754098360655737
2024,20905,rural,26,mujer,8,98,8.16326530612245
2024,20905,rural,27,hombre,28,133,21.05263157894737
2024,20905,rural,27,mujer,5,125,4.0
2024,20905,rural,28,hombre,15,105,14.285714285714286
2024,20905,rural,28,mujer,3,101,2.9702970297029703
2024,21001,rural,16,hombre,17,167,10.179640718562874
2024,21001,rural,16,mujer,10,169,5.9171597633136095
2024,21001,rural,17,hombre,11,152,7.2368421052631575
2024,21001,rural,17,mujer,13,136,9.558823529411764
2024,21001,rural,18,hombre,23,115,20.0
2024,21001,rural,18,mujer,8,129,6.2015503875969
2024,21001,rural,19,hombre,30,128,23.4375
2024,21001,rural,19,mujer,7,129,5.426356589147287
2024,21001,rural,20,hombre,24,162,14.814814814814815
2024,21001,rural,20,mujer,9,134,6.7164179104477615
2024,21001,rural,21,hombre,30,157,19.10828025477707
2024,21001,rural,21,mujer,8,151,5.298013245033113
2024,21001,rural,22,hombre,37,169,21.893491124260354
2024,21001,rural,22,mujer,12,138,8.695652173913043
2024,21001,rural,23,hombre,30,183,16.39344262295082
2024,21001,rural,23,mujer,13,168,7.738095238095238
2024,21001,rural,24,hombre,51,191,26.701570680628272
2024,21001,rural,24,mujer,12,148,8.108108108108109
2024,21001,rural,25,hombre,35,171,20.46783625730994
2024,21001,rural,25,mujer,8,125,6.4
2024,21001,rural,26,hombre,38,173,21.965317919075144
2024,21001,rural,26,mujer,5,127,3.937007874015748
2024,21001,rural,27,hombre,41,177,23.163841807909606
2024,21001,rural,27,mujer,6,130,4.615384615384615
2024,21001,rural,28,hombre,42,177,23.728813559322035
2024,21001,rural,28,mujer,16,138,11.594202898550725
2024,21002,rural,16,hombre,1,44,2.272727272727273
2024,21002,rural,16,mujer,3,40,7.5
2024,21002,rural,17,hombre,4,36,11.11111111111111
2024,21002,rural,17,mujer,3,24,12.5
2024,21002,rural,18,hombre,7,35,20.0
2024,21002,rural,18,mujer,2,24,8.333333333333334
2024,21002,rural,19,hombre,8,49,16.3265306122449
2024,21002,rural,19,mujer,6,30,20.0
2024,21002,rural,20,hombre,10,46,21.73913043478261
2024,21002,rural,20,mujer,3,33,9.090909090909092
2024,21002,rural,21,hombre,20,56,35.714285714285715
2024,21002,rural,21,mujer,4,48,8.333333333333334
2024,21002,rural,22,hombre,18,62,29.032258064516128
2024,21002,rural,22,mujer,4,39,10.256410256410257
2024,21002,rural,23,hombre,22,74,29.72972972972973
2024,21002,rural,23,mujer,5,45,11.11111111111111
2024,21002,rural,24,hombre,35,84,41.666666666666664
2024,21002,rural,24,mujer,5,34,14.705882352941176
2024,21002,rural,25,hombre,34,95,35.78947368421053
2024,21002,rural,25,mujer,2,29,6.896551724137931
2024,21002,rural,26,hombre,30,77,38.96103896103896
2024,21002,rural,26,mujer,2,43,4.651162790697675
2024,21002,rural,27,hombre,24,88,27.272727272727273
2024,21002,rural,27,mujer,7,50,14.0
2024,21002,rural,28,hombre,36,87,41.37931034482759
2024,21002,rural,28,mujer,5,44,11.363636363636363
2024,21002,urbana,16,hombre,9,45,20.0
2024,21002,urbana,16,mujer,7,35,20.0
2024,21002,urbana,17,hombre,6,34,17.647058823529413
2024,21002,urbana,17,mujer,5,46,10.869565217391305
2024,21002,urbana,18,hombre,1,28,3.5714285714285716
2024,21002,urbana,18,mujer,6,27,22.22222222222222
2024,21002,urbana,19,hombre,5,37,13.513513513513514
2024,21002,urbana,19,mujer,7,28,25.0
2024,21002,urbana,20,hombre,2,37,5.405405405405405
2024,21002,urbana,20,mujer,3,44,6.818181818181818
2024,21002,urbana,21,hombre,5,25,20.0
2024,21002,urbana,21,mujer,2,29,6.896551724137931
2024,21002,urbana,22,hombre,7,29,24.137931034482758
2024,21002,urbana,22,mujer,3,27,11.11111111111111
2024,21002,urbana,23,hombre,6,35,17.142857142857142
2024,21002,urbana,23,mujer,5,35,14.285714285714286
2024,21002,urbana,24,hombre,4,35,11.428571428571429
2024,21002,urbana,24,mujer,4,45,8.88888888888889
2024,21002,urbana,25,hombre,8,51,15.686274509803921
2024,21002,urbana,25,mujer,3,46,6.521739130434782
2024,21002,urbana,26,hombre,3,26,11.538461538461538
2024,21002,urbana,26,mujer,2,37,5.405405405405405
2024,21002,urbana,27,hombre,4,30,13.333333333333334
2024,21002,urbana,27,mujer,2,44,4.545454545454546
2024,21002,urbana,28,hombre,4,32,12.5
2024,21002,urbana,28,mujer,2,38,5.2631578947368425
2024,21003,rural,16,hombre,8,106,7.547169811320755
2024,21003,rural,16,mujer,3,113,2.6548672566371683
2024,21003,rural,17,hombre,11,111,9.90990990990991
2024,21003,rural,17,mujer,10,111,9.00900900900901
2024,21003,rural,18,hombre,11,116,9.482758620689655
2024,21003,rural,18,mujer,15,119,12.605042016806722
2024,21003,rural,19,hombre,20,110,18.181818181818183
2024,21003,rural,19,mujer,13,112,11.607142857142858
2024,21003,rural,20,hombre,11,110,10.0
2024,21003,rural,20,mujer,10,117,8.547008547008547
2024,21003,rural,21,hombre,17,111,15.315315315315315
2024,21003,rural,21,mujer,13,108,12.037037037037036
2024,21003,rural,22,hombre,25,128,19.53125
2024,21003,rural,22,mujer,7,106,6.60377358490566
2024,21003,rural,23,hombre,26,161,16.149068322981368
2024,21003,rural,23,mujer,14,132,10.606060606060606
2024,21003,rural,24,hombre,27,142,19.014084507042252
2024,21003,rural,24,mujer,8,117,6.837606837606837
2024,21003,rural,25,hombre,32,142,22.535211267605632
2024,21003,rural,25,mujer,8,111,7.207207207207207
2024,21003,rural,26,hombre,17,133,12.781954887218046
2024,21003,rural,26,mujer,11,109,10.091743119266056
2024,21003,rural,27,hombre,25,123,20.32520325203252
2024,21003,rural,27,mujer,12,113,10.619469026548673
2024,21003,rural,28,hombre,28,126,22.22222222222222
2024,21003,rural,28,mujer,6,110,5.454545454545454
2024,21003,urbana,16,hombre,5,31,16.129032258064516
2024,21003,urbana,16,mujer,1,19,5.2631578947368425
2024,21003,urbana,17,hombre,2,21,9.523809523809524
2024,21003,urbana,17,mujer,0,22,0.0
2024,21003,urbana,18,hombre,2,17,11.764705882352942
2024,21003,urbana,18,mujer,2,26,7.6923076923076925
2024,21003,urbana,19,hombre,2,22,9.090909090909092
2024,21003,urbana,19,mujer,0,17,0.0
2024,21003,urbana,20,hombre,2,21,9.523809523809524
2024,21003,urbana,20,mujer,2,22,9.090909090909092
2024,21003,urbana,21,hombre,6,19,31.57894736842105
2024,21003,urbana,21,mujer,2,21,9.523809523809524
2024,21003,urbana,22,hombre,6,23,26.08695652173913
2024,21003,urbana,22,mujer,1,29,3.4482758620689653
2024,21003,urbana,23,hombre,5,18,27.77777777777778
2024,21003,urbana,23,mujer,3,20,15.0
2024,21003,urbana,24,hombre,6,25,24.0
2024,21003,urbana,24,mujer,1,32,3.125
2024,21003,urbana,25,hombre,2,15,13.333333333333334
2024,21003,urbana,25,mujer,1,25,4.0
2024,21003,urbana,26,hombre,3,25,12.0
2024,21003,urbana,26,mujer,1,22,4.545454545454546
2024,21003,urbana,27,hombre,5,20,25.0
2024,21003,urbana,27,mujer,0,27,0.0
2024,21003,urbana,28,hombre,4,21,19.047619047619047
2024,21003,urbana,28,mujer,0,21,0.0
2024,21004,rural,16,hombre,7,135,5.185185185185185
2024,21004,rural,16,mujer,3,118,2.542372881355932
2024,21004,rural,17,hombre,10,108,9.25925925925926
2024,21004,rural,17,mujer,4,118,3.389830508474576
2024,21004,rural,18,hombre,7,103,6.796116504854369
2024,21004,rural,18,mujer,10,121,8.264462809917354
2024,21004,rural,19,hombre,13,100,13.0
2024,21004,rural,19,mujer,4,125,3.2
2024,21004,rural,20,hombre,12,122,9.836065573770492
2024,21004,rural,20,mujer,7,131,5.343511450381679
2024,21004,rural,21,hombre,10,121,8.264462809917354
2024,21004,rural,21,mujer,10,114,8.771929824561404
2024,21004,rural,22,hombre,11,132,8.333333333333334
2024,21004,rural,22,mujer,4,119,3.361344537815126
2024,21004,rural,23,hombre,15,145,10.344827586206897
2024,21004,rural,23,mujer,6,120,5.0
2024,21004,rural,24,hombre,14,158,8.860759493670885
2024,21004,rural,24,mujer,7,147,4.761904761904762
2024,21004,rural,25,hombre,7,127,5.511811023622047
2024,21004,rural,25,mujer,6,113,5.3097345132743365
2024,21004,rural,26,hombre,11,134,8.208955223880597
2024,21004,rural,26,mujer,3,120,2.5
2024,21004,rural,27,hombre,12,150,8.0
2024,21004,rural,27,mujer,5,122,4.098360655737705
2024,21004,rural,28,hombre,17,143,11.888111888111888
2024,21004,rural,28,mujer,4,97,4.123711340206185
2024,21004,urbana,16,hombre,4,71,5.633802816901408
2024,21004,urbana,16,mujer,2,75,2.6666666666666665
2024,21004,urbana,17,hombre,5,60,8.333333333333334
2024,21004,urbana,17,mujer,2,63,3.1746031746031744
2024,21004,urbana,18,hombre,4,65,6.153846153846154
2024,21004,urbana,18,mujer,9,60,15.0
2024,21004,urbana,19,hombre,8,57,14.035087719298245
2024,21004,urbana,19,mujer,5,79,6.329113924050633
2024,21004,urbana,20,hombre,5,87,5.747126436781609
2024,21004,urbana,20,mujer,7,68,10.294117647058824
2024,21004,urbana,21,hombre,16,91,17.582417582417584
2024,21004,urbana,21,mujer,7,66,10.606060606060606
2024,21004,urbana,22,hombre,12,93,12.903225806451612
2024,21004,urbana,22,mujer,2,49,4.081632653061225
2024,21004,urbana,23,hombre,8,70,11.428571428571429
2024,21004,urbana,23,mujer,5,77,6.4935064935064934
2024,21004,urbana,24,hombre,9,56,16.071428571428573
2024,21004,urbana,24,mujer,2,57,3.508771929824561
2024,21004,urbana,25,hombre,8,49,16.3265306122449
2024,21004,urbana,25,mujer,2,49,4.081632653061225
2024,21004,urbana,26,hombre,8,49,16.3265306122449
2024,21004,urbana,26,mujer,3,56,5.357142857142857
2024,21004,urbana,27,hombre,13,52,25.0
2024,21004,urbana,27,mujer,1,54,1.8518518518518519
2024,21004,urbana,28,hombre,10,49,20.408163265306122
2024,21004,urbana,28,mujer,9,59,15.254237288135593
2024,21005,rural,16,hombre,5,75,6.666666666666667
2024,21005,rural,16,mujer,1,71,1.408450704225352
2024,21005,rural,17,hombre,7,65,10.76923076923077
2024,21005,rural,17,mujer,2,56,3.5714285714285716
2024,21005,rural,18,hombre,9,72,12.5
2024,21005,rural,18,mujer,7,64,10.9375
2024,21005,rural,19,hombre,21,59,35.59322033898305
2024,21005,rural,19,mujer,6,58,10.344827586206897
2024,21005,rural,20,hombre,9,61,14.754098360655737
2024,21005,rural,20,mujer,8,58,13.793103448275861
2024,21005,rural,21,hombre,14,66,21.21212121212121
2024,21005,rural,21,mujer,8,50,16.0
2024,21005,rural,22,hombre,13,57,22.80701754385965
2024,21005,rural,22,mujer,6,69,8.695652173913043
2024,21005,rural,23,hombre,19,81,23.45679012345679
2024,21005,rural,23,mujer,8,67,11.940298507462687
2024,21005,rural,24,hombre,13,79,16.455696202531644
2024,21005,rural,24,mujer,2,55,3.6363636363636362
2024,21005,rural,25,hombre,8,54,14.814814814814815
2024,21005,rural,25,mujer,3,69,4.3478260869565215
2024,21005,rural,26,hombre,10,74,13.513513513513514
2024,21005,rural,26,mujer,3,44,6.818181818181818
2024,21005,rural,27,hombre,14,68,20.58823529411765
2024,21005,rural,27,mujer,4,51,7.8431372549019605
2024,21005,rural,28,hombre,16,64,25.0
2024,21005,rural,28,mujer,7,58,12.068965517241379
2024,21005,urbana,16,hombre,1,20,5.0
2024,21005,urbana,16,mujer,0,21,0.0
2024,21005,urbana,17,hombre,0,28,0.0
2024,21005,urbana,17,mujer,0,29,0.0
2024,21005,urbana,18,hombre,3,25,12.0
2024,21005,urbana,18,mujer,0,22,0.0
2024,21005,urbana,19,hombre,1,27,3.7037037037037037
2024,21005,urbana,19,mujer,1,23,4.3478260869565215
2024,21005,urbana,20,hombre,0,15,0.0
2024,21005,urbana,20,mujer,0,26,0.0
2024,21005,urbana,21,hombre,0,15,0.0
2024,21005,urbana,21,mujer,0,14,0.0
2024,21005,urbana,22,hombre,0,20,0.0
2024,21005,urbana,22,mujer,0,21,0.0
2024,21005,urbana,23,hombre,1,26,3.8461538461538463
2024,21005,urbana,23,mujer,2,22,9.090909090909092
2024,21005,urbana,24,hombre,2,30,6.666666666666667
2024,21005,urbana,24,mujer,1,27,3.7037037037037037
2024,21005,urbana,25,hombre,1,20,5.0
2024,21005,urbana,25,mujer,1,19,5.2631578947368425
2024,21005,urbana,26,hombre,1,16,6.25
2024,21005,urbana,26,mujer,2,13,15.384615384615385
2024,21005,urbana,27,hombre,1,16,6.25
2024,21005,urbana,27,mujer,0,16,0.0
2024,21005,urbana,28,hombre,1,20,5.0
2024,21005,urbana,28,mujer,0,18,0.0
2024,21006,rural,16,hombre,1,30,3.3333333333333335
2024,21006,rural,16,mujer,0,33,0.0
2024,21006,rural,17,hombre,1,35,2.857142857142857
2024,21006,rural,17,mujer,0,25,0.0
2024,21006,rural,18,hombre,0,37,0.0
2024,21006,rural,18,mujer,1,31,3.225806451612903
2024,21006,rural,19,hombre,0,41,0.0
2024,21006,rural,19,mujer,0,30,0.0
2024,21006,rural,20,hombre,0,32,0.0
2024,21006,rural,20,mujer,1,41,2.4390243902439024
2024,21006,rural,21,hombre,0,27,0.0
2024,21006,rural,21,mujer,0,45,0.0
2024,21006,rural,22,hombre,0,45,0.0
2024,21006,rural,22,mujer,0,36,0.0
2024,21006,rural,23,hombre,4,47,8.51063829787234
2024,21006,rural,23,mujer,0,42,0.0
2024,21006,rural,24,hombre,2,54,3.7037037037037037
2024,21006,rural,24,mujer,0,49,0.0
2024,21006,rural,25,hombre,0,37,0.0
2024,21006,rural,25,mujer,0,41,0.0
2024,21006,rural,26,hombre,0,28,0.0
2024,21006,rural,26,mujer,2,40,5.0
2024,21006,rural,27,hombre,0,29,0.0
2024,21006,rural,27,mujer,0,38,0.0
2024,21006,rural,28,hombre,1,42,2.380952380952381
2024,21006,rural,28,mujer,1,43,2.3255813953488373
2024,21006,urbana,16,hombre,0,33,0.0
2024,21006,urbana,16,mujer,0,27,0.0
2024,21006,urbana,17,hombre,1,25,4.0
2024,21006,urbana,17,mujer,0,33,0.0
2024,21006,urbana,18,hombre,0,31,0.0
2024,21006,urbana,18,mujer,0,31,0.0
2024,21006,urbana,19,hombre,0,19,0.0
2024,21006,urbana,19,mujer,1,29,3.4482758620689653
2024,21006,urbana,20,hombre,0,35,0.0
2024,21006,urbana,20,mujer,0,36,0.0
2024,21006,urbana,21,hombre,1,28,3.5714285714285716
2024,21006,urbana,21,mujer,0,28,0.0
2024,21006,urbana,22,hombre,0,25,0.0
2024,21006,urbana,22,mujer,1,20,5.0
2024,21006,urbana,23,hombre,0,26,0.0
2024,21006,urbana,23,mujer,1,33,3.0303030303030303
2024,21006,urbana,24,hombre,0,45,0.0
2024,21006,urbana,24,mujer,1,49,2.0408163265306123
2024,21006,urbana,25,hombre,0,29,0.0
2024,21006,urbana,25,mujer,1,37,2.7027027027027026
2024,21006,urbana,26,hombre,0,28,0.0
2024,21006,urbana,26,mujer,1,36,2.7777777777777777
2024,21006,urbana,27,hombre,0,28,0.0
2024,21006,urbana,27,mujer,0,34,0.0
2024,21006,urbana,28,hombre,0,43,0.0
2024,21006,urbana,28,mujer,0,39,0.0
2024,21101,rural,16,hombre,7,139,5.0359712230215825
2024,21101,rural,16,mujer,7,140,5.0
2024,21101,rural,17,hombre,4,128,3.125
2024,21101,rural,17,mujer,11,125,8.8
2024,21101,rural,18,hombre,15,96,15.625
2024,21101,rural,18,mujer,11,134,8.208955223880597
2024,21101,rural,19,hombre,11,92,11.956521739130435
2024,21101,rural,19,mujer,10,107,9.345794392523365
2024,21101,rural,20,hombre,14,119,11.764705882352942
2024,21101,rural,20,mujer,5,111,4.504504504504505
2024,21101,rural,21,hombre,13,117,11.11111111111111
2024,21101,rural,21,mujer,9,120,7.5
2024,21101,rural,22,hombre,10,94,10.638297872340425
2024,21101,rural,22,mujer,6,119,5.042016806722689
2024,21101,rural,23,hombre,24,136,17.647058823529413
2024,21101,rural,23,mujer,16,124,12.903225806451612
2024,21101,rural,24,hombre,22,122,18.0327868852459
2024,21101,rural,24,mujer,15,124,12.096774193548388
2024,21101,rural,25,hombre,17,112,15.178571428571429
2024,21101,rural,25,mujer,10,136,7.352941176470588
2024,21101,rural,26,hombre,14,119,11.764705882352942
2024,21101,rural,26,mujer,12,113,10.619469026548673
2024,21101,rural,27,hombre,18,126,14.285714285714286
2024,21101,rural,27,mujer,15,125,12.0
2024,21101,rural,28,hombre,15,105,14.285714285714286
2024,21101,rural,28,mujer,10,125,8.0
2024,21101,urbana,16,hombre,1,22,4.545454545454546
2024,21101,urbana,16,mujer,3,32,9.375
2024,21101,urbana,17,hombre,3,27,11.11111111111111
2024,21101,urbana,17,mujer,4,26,15.384615384615385
2024,21101,urbana,18,hombre,1,9,11.11111111111111
2024,21101,urbana,18,mujer,1,17,5.882352941176471
2024,21101,urbana,19,hombre,6,20,30.0
2024,21101,urbana,19,mujer,2,23,8.695652173913043
2024,21101,urbana,20,hombre,3,9,33.333333333333336
2024,21101,urbana,20,mujer,2,15,13.333333333333334
2024,21101,urbana,21,hombre,6,22,27.272727272727273
2024,21101,urbana,21,mujer,1,10,10.0
2024,21101,urbana,22,hombre,2,19,10.526315789473685
2024,21101,urbana,22,mujer,1,9,11.11111111111111
2024,21101,urbana,23,hombre,0,9,0.0
2024,21101,urbana,23,mujer,2,20,10.0
2024,21101,urbana,24,hombre,6,17,35.294117647058826
2024,21101,urbana,24,mujer,6,24,25.0
2024,21101,urbana,25,hombre,3,16,18.75
2024,21101,urbana,25,mujer,3,22,13.636363636363637
2024,21101,urbana,26,hombre,2,20,10.0
2024,21101,urbana,26,mujer,3,23,13.043478260869565
2024,21101,urbana,27,hombre,6,19,31.57894736842105
2024,21101,urbana,27,mujer,1,17,5.882352941176471
2024,21101,urbana,28,hombre,9,22,40.90909090909091
2024,21101,urbana,28,mujer,5,26,19.23076923076923
2024,21102,rural,16,hombre,21,146,14.383561643835616
2024,21102,rural,16,mujer,9,136,6.617647058823529
2024,21102,rural,17,hombre,6,163,3.6809815950920246
2024,21102,rural,17,mujer,5,141,3.5460992907801416
2024,21102,rural,18,hombre,10,141,7.092198581560283
2024,21102,rural,18,mujer,21,147,14.285714285714286
2024,21102,rural,19,hombre,33,183,18.0327868852459
2024,21102,rural,19,mujer,15,116,12.931034482758621
2024,21102,rural,20,hombre,37,192,19.270833333333332
2024,21102,rural,20,mujer,23,152,15.131578947368421
2024,21102,rural,21,hombre,36,203,17.733990147783253
2024,21102,rural,21,mujer,14,144,9.722222222222221
2024,21102,rural,22,hombre,38,219,17.35159817351598
2024,21102,rural,22,mujer,19,136,13.970588235294118
2024,21102,rural,23,hombre,44,254,17.322834645669293
2024,21102,rural,23,mujer,17,153,11.11111111111111
2024,21102,rural,24,hombre,47,258,18.217054263565892
2024,21102,rural,24,mujer,20,167,11.976047904191617
2024,21102,rural,25,hombre,41,233,17.59656652360515
2024,21102,rural,25,mujer,17,170,10.0
2024,21102,rural,26,hombre,48,236,20.338983050847457
2024,21102,rural,26,mujer,16,145,11.03448275862069
2024,21102,rural,27,hombre,45,241,18.672199170124482
2024,21102,rural,27,mujer,18,169,10.650887573964496
2024,21102,rural,28,hombre,46,235,19.574468085106382
2024,21102,rural,28,mujer,14,164,8.536585365853659
2024,21102,urbana,16,hombre,4,24,16.666666666666668
2024,21102,urbana,16,mujer,5,38,13.157894736842104
2024,21102,urbana,17,hombre,2,22,9.090909090909092
2024,21102,urbana,17,mujer,6,28,21.428571428571427
2024,21102,urbana,18,hombre,6,18,33.333333333333336
2024,21102,urbana,18,mujer,3,29,10.344827586206897
2024,21102,urbana,19,hombre,9,32,28.125
2024,21102,urbana,19,mujer,10,27,37.03703703703704
2024,21102,urbana,20,hombre,0,15,0.0
2024,21102,urbana,20,mujer,6,14,42.857142857142854
2024,21102,urbana,21,hombre,5,20,25.0
2024,21102,urbana,21,mujer,4,24,16.666666666666668
2024,21102,urbana,22,hombre,6,26,23.076923076923077
2024,21102,urbana,22,mujer,6,21,28.571428571428573
2024,21102,urbana,23,hombre,8,21,38.095238095238095
2024,21102,urbana,23,mujer,6,17,35.294117647058826
2024,21102,urbana,24,hombre,8,26,30.76923076923077
2024,21102,urbana,24,mujer,6,24,25.0
2024,21102,urbana,25,hombre,8,22,36.36363636363637
2024,21102,urbana,25,mujer,8,29,27.586206896551722
2024,21102,urbana,26,hombre,6,18,33.333333333333336
2024,21102,urbana,26,mujer,0,15,0.0
2024,21102,urbana,27,hombre,6,17,35.294117647058826
2024,21102,urbana,27,mujer,6,29,20.689655172413794
2024,21102,urbana,28,hombre,6,14,42.857142857142854
2024,21102,urbana,28,mujer,5,18,27.77777777777778
2024,21103,rural,16,hombre,4,57,7.017543859649122
2024,21103,rural,16,mujer,2,67,2.985074626865672
2024,21103,rural,17,hombre,7,63,11.11111111111111
2024,21103,rural,17,mujer,5,64,7.8125
2024,21103,rural,18,hombre,2,34,5.882352941176471
2024,21103,rural,18,mujer,3,48,6.25
2024,21103,rural,19,hombre,9,62,14.516129032258064
2024,21103,rural,19,mujer,3,53,5.660377358490566
2024,21103,rural,20,hombre,7,69,10.144927536231885
2024,21103,rural,20,mujer,6,50,12.0
2024,21103,rural,21,hombre,16,58,27.586206896551722
2024,21103,rural,21,mujer,4,49,8.16326530612245
2024,21103,rural,22,hombre,16,74,21.62162162162162
2024,21103,rural,22,mujer,4,45,8.88888888888889
2024,21103,rural,23,hombre,14,55,25.454545454545453
2024,21103,rural,23,mujer,3,60,5.0
2024,21103,rural,24,hombre,20,76,26.31578947368421
2024,21103,rural,24,mujer,3,66,4.545454545454546
2024,21103,rural,25,hombre,10,51,19.607843137254903
2024,21103,rural,25,mujer,5,66,7.575757575757576
2024,21103,rural,26,hombre,11,66,16.666666666666668
2024,21103,rural,26,mujer,7,55,12.727272727272727
2024,21103,rural,27,hombre,14,60,23.333333333333332
2024,21103,rural,27,mujer,2,57,3.508771929824561
2024,21103,rural,28,hombre,11,71,15.492957746478874
2024,21103,rural,28,mujer,8,51,15.686274509803921
2024,21104,rural,16,hombre,33,225,14.666666666666666
2024,21104,rural,16,mujer,22,178,12.359550561797754
2024,21104,rural,17,hombre,39,192,20.3125
2024,21104,rural,17,mujer,27,172,15.69767441860465
2024,21104,rural,18,hombre,57,214,26.635514018691588
2024,21104,rural,18,mujer,38,159,23.89937106918239
2024,21104,rural,19,hombre,52,190,27.36842105263158
2024,21104,rural,19,mujer,40,172,23.25581395348837
2024,21104,rural,20,hombre,63,183,34.42622950819672
2024,21104,rural,20,mujer,24,152,15.789473684210526
2024,21104,rural,21,hombre,57,196,29.081632653061224
2024,21104,rural,21,mujer,31,164,18.902439024390244
2024,21104,rural,22,hombre,67,204,32.84313725490196
2024,21104,rural,22,mujer,33,164,20.121951219512194
2024,21104,rural,23,hombre,53,195,27.17948717948718
2024,21104,rural,23,mujer,22,192,11.458333333333334
2024,21104,rural,24,hombre,76,228,33.333333333333336
2024,21104,rural,24,mujer,36,182,19.78021978021978
2024,21104,rural,25,hombre,45,186,24.193548387096776
2024,21104,rural,25,mujer,18,127,14.173228346456693
2024,21104,rural,26,hombre,57,192,29.6875
2024,21104,rural,26,mujer,27,165,16.363636363636363
2024,21104,rural,27,hombre,58,202,28.712871287128714
2024,21104,rural,27,mujer,32,171,18.71345029239766
2024,21104,rural,28,hombre,46,149,30.87248322147651
2024,21104,rural,28,mujer,22,144,15.277777777777779
2024,21104,urbana,16,hombre,4,72,5.555555555555555
2024,21104,urbana,16,mujer,8,69,11.594202898550725
2024,21104,urbana,17,hombre,11,58,18.96551724137931
2024,21104,urbana,17,mujer,9,68,13.235294117647058
2024,21104,urbana,18,hombre,8,63,12.698412698412698
2024,21104,urbana,18,mujer,12,63,19.047619047619047
2024,21104,urbana,19,hombre,10,54,18.51851851851852
2024,21104,urbana,19,mujer,11,63,17.46031746031746
2024,21104,urbana,20,hombre,16,55,29.09090909090909
2024,21104,urbana,20,mujer,10,64,15.625
2024,21104,urbana,21,hombre,23,63,36.507936507936506
2024,21104,urbana,21,mujer,10,74,13.513513513513514
2024,21104,urbana,22,hombre,10,57,17.54385964912281
2024,21104,urbana,22,mujer,12,64,18.75
2024,21104,urbana,23,hombre,18,84,21.428571428571427
2024,21104,urbana,23,mujer,8,67,11.940298507462687
2024,21104,urbana,24,hombre,22,79,27.848101265822784
2024,21104,urbana,24,mujer,15,77,19.48051948051948
2024,21104,urbana,25,hombre,16,67,23.880597014925375
2024,21104,urbana,25,mujer,9,79,11.39240506329114
2024,21104,urbana,26,hombre,14,72,19.444444444444443
2024,21104,urbana,26,mujer,7,89,7.865168539325842
2024,21104,urbana,27,hombre,18,73,24.65753424657534
2024,21104,urbana,27,mujer,15,87,17.24137931034483
2024,21104,urbana,28,hombre,10,61,16.39344262295082
2024,21104,urbana,28,mujer,5,72,6.944444444444445
2024,21105,rural,16,hombre,58,466,12.446351931330472
2024,21105,rural,16,mujer,43,408,10.53921568627451
2024,21105,rural,17,hombre,57,423,13.47517730496454
2024,21105,rural,17,mujer,55,413,13.317191283292978
2024,21105,rural,18,hombre,66,383,17.232375979112273
2024,21105,rural,18,mujer,59,391,15.089514066496164
2024,21105,rural,19,hombre,71,389,18.251928020565554
2024,21105,rural,19,mujer,52,381,13.648293963254593
2024,21105,rural,20,hombre,82,401,20.448877805486283
2024,21105,rural,20,mujer,50,372,13.440860215053764
2024,21105,rural,21,hombre,79,362,21.823204419889503
2024,21105,rural,21,mujer,40,334,11.976047904191617
2024,21105,rural,22,hombre,98,406,24.137931034482758
2024,21105,rural,22,mujer,47,378,12.433862433862434
2024,21105,rural,23,hombre,94,445,21.123595505617978
2024,21105,rural,23,mujer,61,408,14.950980392156863
2024,21105,rural,24,hombre,105,455,23.076923076923077
2024,21105,rural,24,mujer,49,438,11.187214611872147
2024,21105,rural,25,hombre,85,432,19.675925925925927
2024,21105,rural,25,mujer,41,392,10.459183673469388
2024,21105,rural,26,hombre,97,413,23.486682808716708
2024,21105,rural,26,mujer,43,407,10.565110565110565
2024,21105,rural,27,hombre,97,446,21.748878923766817
2024,21105,rural,27,mujer,42,410,10.24390243902439
2024,21105,rural,28,hombre,84,397,21.15869017632242
2024,21105,rural,28,mujer,38,349,10.888252148997134
2024,21105,urbana,16,hombre,6,38,15.789473684210526
2024,21105,urbana,16,mujer,12,39,30.76923076923077
2024,21105,urbana,17,hombre,8,29,27.586206896551722
2024,21105,urbana,17,mujer,7,26,26.923076923076923
2024,21105,urbana,18,hombre,5,17,29.41176470588235
2024,21105,urbana,18,mujer,5,25,20.0
2024,21105,urbana,19,hombre,7,23,30.434782608695652
2024,21105,urbana,19,mujer,6,24,25.0
2024,21105,urbana,20,hombre,4,17,23.529411764705884
2024,21105,urbana,20,mujer,8,21,38.095238095238095
2024,21105,urbana,21,hombre,5,17,29.41176470588235
2024,21105,urbana,21,mujer,4,25,16.0
2024,21105,urbana,22,hombre,7,29,24.137931034482758
2024,21105,urbana,22,mujer,6,24,25.0
2024,21105,urbana,23,hombre,10,32,31.25
2024,21105,urbana,23,mujer,9,31,29.032258064516128
2024,21105,urbana,24,hombre,8,29,27.586206896551722
2024,21105,urbana,24,mujer,7,36,19.444444444444443
2024,21105,urbana,25,hombre,4,23,17.391304347826086
2024,21105,urbana,25,mujer,10,36,27.77777777777778
2024,21105,urbana,26,hombre,6,26,23.076923076923077
2024,21105,urbana,26,mujer,10,41,24.390243902439025
2024,21105,urbana,27,hombre,17,30,56.666666666666664
2024,21105,urbana,27,mujer,4,29,13.793103448275861
2024,21105,urbana,28,hombre,11,37,29.72972972972973
2024,21105,urbana,28,mujer,6,29,20.689655172413794
2024,21201,rural,16,hombre,17,272,6.25
2024,21201,rural,16,mujer,14,280,5.0
2024,21201,rural,17,hombre,15,252,5.9523809523809526
2024,21201,rural,17,mujer,28,254,11.023622047244094
2024,21201,rural,18,hombre,28,207,13.526570048309178
2024,21201,rural,18,mujer,32,252,12.698412698412698
2024,21201,rural,19,hombre,39,203,19.211822660098523
2024,21201,rural,19,mujer,25,276,9.057971014492754
2024,21201,rural,20,hombre,33,243,13.580246913580247
2024,21201,rural,20,mujer,25,251,9.9601593625498
2024,21201,rural,21,hombre,47,236,19.915254237288135
2024,21201,rural,21,mujer,21,251,8.366533864541832
2024,21201,rural,22,hombre,30,254,11.811023622047244
2024,21201,rural,22,mujer,27,257,10.505836575875486
2024,21201,rural,23,hombre,47,278,16.906474820143885
2024,21201,rural,23,mujer,38,291,13.058419243986254
2024,21201,rural,24,hombre,38,265,14.339622641509434
2024,21201,rural,24,mujer,42,288,14.583333333333334
2024,21201,rural,25,hombre,38,248,15.32258064516129
2024,21201,rural,25,mujer,16,270,5.925925925925926
2024,21201,rural,26,hombre,47,257,18.28793774319066
2024,21201,rural,26,mujer,17,263,6.4638783269961975
2024,21201,rural,27,hombre,53,237,22.362869198312236
2024,21201,rural,27,mujer,20,263,7.604562737642586
2024,21201,rural,28,hombre,40,232,17.24137931034483
2024,21201,rural,28,mujer,25,229,10.91703056768559
2024,21201,urbana,16,hombre,23,151,15.2317880794702
2024,21201,urbana,16,mujer,26,153,16.99346405228758
2024,21201,urbana,17,hombre,30,109,27.522935779816514
2024,21201,urbana,17,mujer,13,117,11.11111111111111
2024,21201,urbana,18,hombre,29,99,29.292929292929294
2024,21201,urbana,18,mujer,28,143,19.58041958041958
2024,21201,urbana,19,hombre,29,105,27.61904761904762
2024,21201,urbana,19,mujer,33,139,23.741007194244606
2024,21201,urbana,20,hombre,48,129,37.2093023255814
2024,21201,urbana,20,mujer,17,123,13.821138211382113
2024,21201,urbana,21,hombre,33,118,27.966101694915253
2024,21201,urbana,21,mujer,34,144,23.61111111111111
2024,21201,urbana,22,hombre,57,143,39.86013986013986
2024,21201,urbana,22,mujer,21,125,16.8
2024,21201,urbana,23,hombre,51,138,36.95652173913044
2024,21201,urbana,23,mujer,31,153,20.26143790849673
2024,21201,urbana,24,hombre,64,150,42.666666666666664
2024,21201,urbana,24,mujer,43,164,26.21951219512195
2024,21201,urbana,25,hombre,55,140,39.285714285714285
2024,21201,urbana,25,mujer,44,178,24.719101123595507
2024,21201,urbana,26,hombre,46,153,30.065359477124183
2024,21201,urbana,26,mujer,40,178,22.471910112359552
2024,21201,urbana,27,hombre,42,132,31.818181818181817
2024,21201,urbana,27,mujer,36,163,22.085889570552148
2024,21201,urbana,28,hombre,59,150,39.333333333333336
2024,21201,urbana,28,mujer,30,153,19.607843137254903
2024,21202,rural,16,hombre,7,241,2.904564315352697
2024,21202,rural,16,mujer,5,271,1.845018450184502
2024,21202,rural,17,hombre,8,167,4.790419161676646
2024,21202,rural,17,mujer,4,216,1.8518518518518519
2024,21202,rural,18,hombre,11,198,5.555555555555555
2024,21202,rural,18,mujer,15,204,7.352941176470588
2024,21202,rural,19,hombre,13,183,7.103825136612022
2024,21202,rural,19,mujer,7,190,3.6842105263157894
2024,21202,rural,20,hombre,16,214,7.4766355140186915
2024,21202,rural,20,mujer,10,231,4.329004329004329
2024,21202,rural,21,hombre,13,193,6.7357512953367875
2024,21202,rural,21,mujer,9,206,4.368932038834951
2024,21202,rural,22,hombre,24,213,11.267605633802816
2024,21202,rural,22,mujer,11,220,5.0
2024,21202,rural,23,hombre,14,202,6.930693069306931
2024,21202,rural,23,mujer,9,229,3.930131004366812
2024,21202,rural,24,hombre,19,238,7.983193277310924
2024,21202,rural,24,mujer,11,257,4.280155642023346
2024,21202,rural,25,hombre,27,215,12.55813953488372
2024,21202,rural,25,mujer,8,219,3.65296803652968
2024,21202,rural,26,hombre,21,203,10.344827586206897
2024,21202,rural,26,mujer,8,230,3.4782608695652173
2024,21202,rural,27,hombre,10,198,5.05050505050505
2024,21202,rural,27,mujer,7,209,3.349282296650718
2024,21202,rural,28,hombre,19,200,9.5
2024,21202,rural,28,mujer,11,218,5.045871559633028
2024,21202,urbana,16,hombre,4,88,4.545454545454546
2024,21202,urbana,16,mujer,6,108,5.555555555555555
2024,21202,urbana,17,hombre,5,87,5.747126436781609
2024,21202,urbana,17,mujer,6,92,6.521739130434782
2024,21202,urbana,18,hombre,8,72,11.11111111111111
2024,21202,urbana,18,mujer,13,99,13.131313131313131
2024,21202,urbana,19,hombre,19,76,25.0
2024,21202,urbana,19,mujer,12,93,12.903225806451612
2024,21202,urbana,20,hombre,17,84,20.238095238095237
2024,21202,urbana,20,mujer,15,94,15.957446808510639
2024,21202,urbana,21,hombre,12,64,18.75
2024,21202,urbana,21,mujer,9,90,10.0
2024,21202,urbana,22,hombre,15,79,18.9873417721519
2024,21202,urbana,22,mujer,19,112,16.964285714285715
2024,21202,urbana,23,hombre,20,87,22.988505747126435
2024,21202,urbana,23,mujer,15,100,15.0
2024,21202,urbana,24,hombre,21,91,23.076923076923077
2024,21202,urbana,24,mujer,15,100,15.0
2024,21202,urbana,25,hombre,27,112,24.107142857142858
2024,21202,urbana,25,mujer,16,89,17.97752808988764
2024,21202,urbana,26,hombre,21,89,23.59550561797753
2024,21202,urbana,26,mujer,6,88,6.818181818181818
2024,21202,urbana,27,hombre,19,80,23.75
2024,21202,urbana,27,mujer,12,98,12.244897959183673
2024,21202,urbana,28,hombre,28,100,28.0
2024,21202,urbana,28,mujer,15,94,15.957446808510639
2024,21203,rural,16,hombre,6,123,4.878048780487805
2024,21203,rural,16,mujer,10,115,8.695652173913043
2024,21203,rural,17,hombre,12,112,10.714285714285714
2024,21203,rural,17,mujer,8,134,5.970149253731344
2024,21203,rural,18,hombre,17,131,12.977099236641221
2024,21203,rural,18,mujer,11,131,8.396946564885496
2024,21203,rural,19,hombre,13,101,12.871287128712872
2024,21203,rural,19,mujer,10,111,9.00900900900901
2024,21203,rural,20,hombre,14,109,12.844036697247706
2024,21203,rural,20,mujer,10,105,9.523809523809524
2024,21203,rural,21,hombre,12,96,12.5
2024,21203,rural,21,mujer,5,102,4.901960784313726
2024,21203,rural,22,hombre,16,128,12.5
2024,21203,rural,22,mujer,15,155,9.67741935483871
2024,21203,rural,23,hombre,25,143,17.482517482517483
2024,21203,rural,23,mujer,12,141,8.51063829787234
2024,21203,rural,24,hombre,13,125,10.4
2024,21203,rural,24,mujer,13,145,8.96551724137931
2024,21203,rural,25,hombre,23,130,17.692307692307693
2024,21203,rural,25,mujer,8,137,5.839416058394161
2024,21203,rural,26,hombre,28,132,21.21212121212121
2024,21203,rural,26,mujer,16,147,10.884353741496598
2024,21203,rural,27,hombre,21,121,17.355371900826448
2024,21203,rural,27,mujer,16,149,10.738255033557047
2024,21203,rural,28,hombre,15,148,10.135135135135135
2024,21203,rural,28,mujer,10,123,8.130081300813009
2024,21203,urbana,16,hombre,0,22,0.0
2024,21203,urbana,16,mujer,0,18,0.0
2024,21203,urbana,17,hombre,1,23,4.3478260869565215
2024,21203,urbana,17,mujer,1,20,5.0
2024,21203,urbana,18,hombre,2,13,15.384615384615385
2024,21203,urbana,18,mujer,2,20,10.0
2024,21203,urbana,19,hombre,0,14,0.0
2024,21203,urbana,19,mujer,1,27,3.7037037037037037
2024,21203,urbana,20,hombre,2,25,8.0
2024,21203,urbana,20,mujer,0,21,0.0
2024,21203,urbana,21,hombre,1,26,3.8461538461538463
2024,21203,urbana,21,mujer,3,28,10.714285714285714
2024,21203,urbana,22,hombre,2,13,15.384615384615385
2024,21203,urbana,22,mujer,3,25,12.0
2024,21203,urbana,23,hombre,3,32,9.375
2024,21203,urbana,23,mujer,1,22,4.545454545454546
2024,21203,urbana,24,hombre,2,20,10.0
2024,21203,urbana,24,mujer,3,42,7.142857142857143
2024,21203,urbana,25,hombre,4,23,17.391304347826086
2024,21203,urbana,25,mujer,0,28,0.0
2024,21203,urbana,26,hombre,4,32,12.5
2024,21203,urbana,26,mujer,0,23,0.0
2024,21203,urbana,27,hombre,1,17,5.882352941176471
2024,21203,urbana,27,mujer,3,33,9.090909090909092
2024,21203,urbana,28,hombre,2,16,12.5
2024,21203,urbana,28,mujer,3,28,10.714285714285714
2024,21204,rural,16,hombre,3,55,5.454545454545454
2024,21204,rural,16,mujer,2,40,5.0
2024,21204,rural,17,hombre,2,43,4.651162790697675
2024,21204,rural,17,mujer,1,43,2.3255813953488373
2024,21204,rural,18,hombre,2,35,5.714285714285714
2024,21204,rural,18,mujer,1,42,2.380952380952381
2024,21204,rural,19,hombre,11,53,20.754716981132077
2024,21204,rural,19,mujer,2,58,3.4482758620689653
2024,21204,rural,20,hombre,5,36,13.88888888888889
2024,21204,rural,20,mujer,2,57,3.508771929824561
2024,21204,rural,21,hombre,3,48,6.25
2024,21204,rural,21,mujer,4,58,6.896551724137931
2024,21204,rural,22,hombre,3,47,6.382978723404255
2024,21204,rural,22,mujer,3,57,5.2631578947368425
2024,21204,rural,23,hombre,5,62,8.064516129032258
2024,21204,rural,23,mujer,2,47,4.25531914893617
2024,21204,rural,24,hombre,7,58,12.068965517241379
2024,21204,rural,24,mujer,3,58,5.172413793103448
2024,21204,rural,25,hombre,6,62,9.67741935483871
2024,21204,rural,25,mujer,8,62,12.903225806451612
2024,21204,rural,26,hombre,10,67,14.925373134328359
2024,21204,rural,26,mujer,4,64,6.25
2024,21204,rural,27,hombre,7,60,11.666666666666666
2024,21204,rural,27,mujer,3,67,4.477611940298507
2024,21204,rural,28,hombre,10,55,18.181818181818183
2024,21204,rural,28,mujer,1,61,1.639344262295082
2024,21301,rural,16,hombre,5,168,2.9761904761904763
2024,21301,rural,16,mujer,5,183,2.73224043715847
2024,21301,rural,17,hombre,13,181,7.18232044198895
2024,21301,rural,17,mujer,8,173,4.624277456647399
2024,21301,rural,18,hombre,10,157,6.369426751592357
2024,21301,rural,18,mujer,6,162,3.7037037037037037
2024,21301,rural,19,hombre,14,164,8.536585365853659
2024,21301,rural,19,mujer,9,181,4.972375690607735
2024,21301,rural,20,hombre,17,198,8.585858585858587
2024,21301,rural,20,mujer,5,170,2.9411764705882355
2024,21301,rural,21,hombre,22,225,9.777777777777779
2024,21301,rural,21,mujer,17,202,8.415841584158416
2024,21301,rural,22,hombre,23,208,11.057692307692308
2024,21301,rural,22,mujer,19,193,9.844559585492227
2024,21301,rural,23,hombre,17,221,7.6923076923076925
2024,21301,rural,23,mujer,9,199,4.522613065326633
2024,21301,rural,24,hombre,28,204,13.72549019607843
2024,21301,rural,24,mujer,11,188,5.851063829787234
2024,21301,rural,25,hombre,11,199,5.527638190954774
2024,21301,rural,25,mujer,11,190,5.7894736842105265
2024,21301,rural,26,hombre,21,221,9.502262443438914
2024,21301,rural,26,mujer,11,181,6.077348066298343
2024,21301,rural,27,hombre,23,185,12.432432432432432
2024,21301,rural,27,mujer,16,187,8.556149732620321
2024,21301,rural,28,hombre,29,192,15.104166666666666
2024,21301,rural,28,mujer,11,164,6.7073170731707314
2024,21301,urbana,16,hombre,6,68,8.823529411764707
2024,21301,urbana,16,mujer,11,97,11.34020618556701
2024,21301,urbana,17,hombre,17,80,21.25
2024,21301,urbana,17,mujer,12,71,16.901408450704224
2024,21301,urbana,18,hombre,5,77,6.4935064935064934
2024,21301,urbana,18,mujer,11,91,12.087912087912088
2024,21301,urbana,19,hombre,16,80,20.0
2024,21301,urbana,19,mujer,12,90,13.333333333333334
2024,21301,urbana,20,hombre,13,93,13.978494623655914
2024,21301,urbana,20,mujer,13,103,12.62135922330097
2024,21301,urbana,21,hombre,23,77,29.87012987012987
2024,21301,urbana,21,mujer,18,99,18.181818181818183
2024,21301,urbana,22,hombre,31,101,30.693069306930692
2024,21301,urbana,22,mujer,13,100,13.0
2024,21301,urbana,23,hombre,24,110,21.818181818181817
2024,21301,urbana,23,mujer,16,123,13.008130081300813
2024,21301,urbana,24,hombre,16,97,16.49484536082474
2024,21301,urbana,24,mujer,14,123,11.382113821138212
2024,21301,urbana,25,hombre,14,92,15.217391304347826
2024,21301,urbana,25,mujer,11,88,12.5
2024,21301,urbana,26,hombre,15,77,19.48051948051948
2024,21301,urbana,26,mujer,7,84,8.333333333333334
2024,21301,urbana,27,hombre,21,106,19.81132075471698
2024,21301,urbana,27,mujer,10,92,10.869565217391305
2024,21301,urbana,28,hombre,17,88,19.318181818181817
2024,21301,urbana,28,mujer,15,115,13.043478260869565
2024,21302,rural,16,hombre,3,68,4.411764705882353
2024,21302,rural,16,mujer,3,63,4.761904761904762
2024,21302,rural,17,hombre,2,55,3.6363636363636362
2024,21302,rural,17,mujer,3,61,4.918032786885246
2024,21302,rural,18,hombre,6,51,11.764705882352942
2024,21302,rural,18,mujer,2,55,3.6363636363636362
2024,21302,rural,19,hombre,5,44,11.363636363636363
2024,21302,rural,19,mujer,3,53,5.660377358490566
2024,21302,rural,20,hombre,9,55,16.363636363636363
2024,21302,rural,20,mujer,7,64,10.9375
2024,21302,rural,21,hombre,5,45,11.11111111111111
2024,21302,rural,21,mujer,6,57,10.526315789473685
2024,21302,rural,22,hombre,5,52,9.615384615384615
2024,21302,rural,22,mujer,2,56,3.5714285714285716
2024,21302,rural,23,hombre,9,60,15.0
2024,21302,rural,23,mujer,3,61,4.918032786885246
2024,21302,rural,24,hombre,6,68,8.823529411764707
2024,21302,rural,24,mujer,2,43,4.651162790697675
2024,21302,rural,25,hombre,5,52,9.615384615384615
2024,21302,rural,25,mujer,1,50,2.0
2024,21302,rural,26,hombre,4,52,7.6923076923076925
2024,21302,rural,26,mujer,2,42,4.761904761904762
2024,21302,rural,27,hombre,7,45,15.555555555555555
2024,21302,rural,27,mujer,0,51,0.0
2024,21302,rural,28,hombre,10,48,20.833333333333332
2024,21302,rural,28,mujer,2,47,4.25531914893617
2024,21303,rural,16,hombre,19,101,18.81188118811881
2024,21303,rural,16,mujer,9,83,10.843373493975903
2024,21303,rural,17,hombre,20,83,24.096385542168676
2024,21303,rural,17,mujer,17,76,22.36842105263158
2024,21303,rural,18,hombre,10,67,14.925373134328359
2024,21303,rural,18,mujer,22,95,23.157894736842106
2024,21303,rural,19,hombre,16,92,17.391304347826086
2024,21303,rural,19,mujer,17,90,18.88888888888889
2024,21303,rural,20,hombre,21,77,27.272727272727273
2024,21303,rural,20,mujer,12,77,15.584415584415584
2024,21303,rural,21,hombre,29,91,31.86813186813187
2024,21303,rural,21,mujer,9,86,10.465116279069768
2024,21303,rural,22,hombre,27,106,25.471698113207548
2024,21303,rural,22,mujer,11,88,12.5
2024,21303,rural,23,hombre,23,107,21.49532710280374
2024,21303,rural,23,mujer,10,79,12.658227848101266
2024,21303,rural,24,hombre,21,101,20.792079207920793
2024,21303,rural,24,mujer,12,94,12.76595744680851
2024,21303,rural,25,hombre,18,95,18.94736842105263
2024,21303,rural,25,mujer,14,90,15.555555555555555
2024,21303,rural,26,hombre,16,90,17.77777777777778
2024,21303,rural,26,mujer,5,92,5.434782608695652
2024,21303,rural,27,hombre,23,108,21.296296296296298
2024,21303,rural,27,mujer,6,69,8.695652173913043
2024,21303,rural,28,hombre,17,80,21.25
2024,21303,rural,28,mujer,8,87,9.195402298850574
2024,21304,rural,16,hombre,2,126,1.5873015873015872
2024,21304,rural,16,mujer,4,118,3.389830508474576
2024,21304,rural,17,hombre,4,116,3.4482758620689653
2024,21304,rural,17,mujer,3,118,2.542372881355932
2024,21304,rural,18,hombre,4,76,5.2631578947368425
2024,21304,rural,18,mujer,4,121,3.3057851239669422
2024,21304,rural,19,hombre,7,102,6.862745098039215
2024,21304,rural,19,mujer,4,103,3.883495145631068
2024,21304,rural,20,hombre,9,127,7.086614173228346
2024,21304,rural,20,mujer,7,103,6.796116504854369
2024,21304,rural,21,hombre,16,109,14.678899082568808
2024,21304,rural,21,mujer,7,116,6.0344827586206895
2024,21304,rural,22,hombre,12,111,10.81081081081081
2024,21304,rural,22,mujer,1,103,0.970873786407767
2024,21304,rural,23,hombre,14,132,10.606060606060606
2024,21304,rural,23,mujer,6,125,4.8
2024,21304,rural,24,hombre,9,115,7.826086956521739
2024,21304,rural,24,mujer,9,116,7.758620689655173
2024,21304,rural,25,hombre,12,113,10.619469026548673
2024,21304,rural,25,mujer,5,124,4.032258064516129
2024,21304,rural,26,hombre,16,115,13.91304347826087
2024,21304,rural,26,mujer,10,125,8.0
2024,21304,rural,27,hombre,20,123,16.260162601626018
2024,21304,rural,27,mujer,7,106,6.60377358490566
2024,21304,rural,28,hombre,11,113,9.734513274336283
2024,21304,rural,28,mujer,6,105,5.714285714285714
2024,21305,rural,16,hombre,4,103,3.883495145631068
2024,21305,rural,16,mujer,1,89,1.1235955056179776
2024,21305,rural,17,hombre,10,96,10.416666666666666
2024,21305,rural,17,mujer,4,98,4.081632653061225
2024,21305,rural,18,hombre,6,59,10.169491525423728
2024,21305,rural,18,mujer,4,79,5.063291139240507
2024,21305,rural,19,hombre,8,55,14.545454545454545
2024,21305,rural,19,mujer,9,94,9.574468085106384
2024,21305,rural,20,hombre,12,87,13.793103448275861
2024,21305,rural,20,mujer,3,95,3.1578947368421053
2024,21305,rural,21,hombre,4,87,4.597701149425287
2024,21305,rural,21,mujer,8,81,9.876543209876543
2024,21305,rural,22,hombre,9,88,10.227272727272727
2024,21305,rural,22,mujer,5,91,5.4945054945054945
2024,21305,rural,23,hombre,8,90,8.88888888888889
2024,21305,rural,23,mujer,5,91,5.4945054945054945
2024,21305,rural,24,hombre,13,81,16.049382716049383
2024,21305,rural,24,mujer,8,92,8.695652173913043
2024,21305,rural,25,hombre,10,88,11.363636363636363
2024,21305,rural,25,mujer,2,70,2.857142857142857
2024,21305,rural,26,hombre,8,73,10.95890410958904
2024,21305,rural,26,mujer,2,72,2.7777777777777777
2024,21305,rural,27,hombre,7,84,8.333333333333334
2024,21305,rural,27,mujer,4,77,5.194805194805195
2024,21305,rural,28,hombre,13,66,19.696969696969695
2024,21305,rural,28,mujer,4,77,5.194805194805195
2024,21305,urbana,16,hombre,11,133,8.270676691729323
2024,21305,urbana,16,mujer,16,126,12.698412698412698
2024,21305,urbana,17,hombre,17,143,11.888111888111888
2024,21305,urbana,17,mujer,14,117,11.965811965811966
2024,21305,urbana,18,hombre,13,158,8.227848101265822
2024,21305,urbana,18,mujer,18,146,12.32876712328767
2024,21305,urbana,19,hombre,15,146,10.273972602739725
2024,21305,urbana,19,mujer,18,122,14.754098360655737
2024,21305,urbana,20,hombre,23,144,15.972222222222221
2024,21305,urbana,20,mujer,17,155,10.96774193548387
2024,21305,urbana,21,hombre,34,135,25.185185185185187
2024,21305,urbana,21,mujer,15,110,13.636363636363637
2024,21305,urbana,22,hombre,25,136,18.38235294117647
2024,21305,urbana,22,mujer,22,127,17.322834645669293
2024,21305,urbana,23,hombre,21,129,16.27906976744186
2024,21305,urbana,23,mujer,27,141,19.148936170212767
2024,21305,urbana,24,hombre,42,151,27.814569536423843
2024,21305,urbana,24,mujer,26,145,17.93103448275862
2024,21305,urbana,25,hombre,23,117,19.65811965811966
2024,21305,urbana,25,mujer,13,114,11.403508771929825
2024,21305,urbana,26,hombre,30,134,22.388059701492537
2024,21305,urbana,26,mujer,17,125,13.6
2024,21305,urbana,27,hombre,22,117,18.803418803418804
2024,21305,urbana,27,mujer,25,168,14.880952380952381
2024,21305,urbana,28,hombre,24,121,19.834710743801654
2024,21305,urbana,28,mujer,12,132,9.090909090909092
2024,21306,rural,16,hombre,1,37,2.7027027027027026
2024,21306,rural,16,mujer,1,35,2.857142857142857
2024,21306,rural,17,hombre,1,36,2.7777777777777777
2024,21306,rural,17,mujer,2,36,5.555555555555555
2024,21306,rural,18,hombre,4,32,12.5
2024,21306,rural,18,mujer,0,30,0.0
2024,21306,rural,19,hombre,5,24,20.833333333333332
2024,21306,rural,19,mujer,1,38,2.6315789473684212
2024,21306,rural,20,hombre,9,39,23.076923076923077
2024,21306,rural,20,mujer,3,33,9.090909090909092
2024,21306,rural,21,hombre,5,36,13.88888888888889
2024,21306,rural,21,mujer,1,41,2.4390243902439024
2024,21306,rural,22,hombre,5,33,15.151515151515152
2024,21306,rural,22,mujer,3,41,7.317073170731708
2024,21306,rural,23,hombre,6,42,14.285714285714286
2024,21306,rural,23,mujer,2,52,3.8461538461538463
2024,21306,rural,24,hombre,5,35,14.285714285714286
2024,21306,rural,24,mujer,1,37,2.7027027027027026
2024,21306,rural,25,hombre,10,42,23.80952380952381
2024,21306,rural,25,mujer,2,42,4.761904761904762
2024,21306,rural,26,hombre,7,31,22.580645161290324
2024,21306,rural,26,mujer,4,37,10.81081081081081
2024,21306,rural,27,hombre,2,34,5.882352941176471
2024,21306,rural,27,mujer,2,46,4.3478260869565215
2024,21306,rural,28,hombre,2,31,6.451612903225806
2024,21306,rural,28,mujer,3,47,6.382978723404255
2024,21306,urbana,16,hombre,4,62,6.451612903225806
2024,21306,urbana,16,mujer,3,65,4.615384615384615
2024,21306,urbana,17,hombre,4,59,6.779661016949152
2024,21306,urbana,17,mujer,0,51,0.0
2024,21306,urbana,18,hombre,10,47,21.27659574468085
2024,21306,urbana,18,mujer,9,67,13.432835820895523
2024,21306,urbana,19,hombre,10,44,22.727272727272727
2024,21306,urbana,19,mujer,3,59,5.084745762711864
2024,21306,urbana,20,hombre,7,58,12.068965517241379
2024,21306,urbana,20,mujer,3,66,4.545454545454546
2024,21306,urbana,21,hombre,7,56,12.5
2024,21306,urbana,21,mujer,3,60,5.0
2024,21306,urbana,22,hombre,7,49,14.285714285714286
2024,21306,urbana,22,mujer,8,78,10.256410256410257
2024,21306,urbana,23,hombre,12,79,15.189873417721518
2024,21306,urbana,23,mujer,3,82,3.658536585365854
2024,21306,urbana,24,hombre,11,76,14.473684210526315
2024,21306,urbana,24,mujer,3,72,4.166666666666667
2024,21306,urbana,25,hombre,7,78,8.974358974358974
2024,21306,urbana,25,mujer,6,83,7.228915662650603
2024,21306,urbana,26,hombre,4,67,5.970149253731344
2024,21306,urbana,26,mujer,5,65,7.6923076923076925
2024,21306,urbana,27,hombre,14,69,20.28985507246377
2024,21306,urbana,27,mujer,4,73,5.47945205479452
2024,21306,urbana,28,hombre,8,76,10.526315789473685
2024,21306,urbana,28,mujer,3,72,4.166666666666667
2024,21307,rural,16,hombre,0,14,0.0
2024,21307,rural,16,mujer,0,11,0.0
2024,21307,rural,17,hombre,0,15,0.0
2024,21307,rural,17,mujer,0,8,0.0
2024,21307,rural,18,hombre,0,10,0.0
2024,21307,rural,18,mujer,0,9,0.0
2024,21307,rural,19,hombre,0,13,0.0
2024,21307,rural,19,mujer,0,8,0.0
2024,21307,rural,20,hombre,0,17,0.0
2024,21307,rural,20,mujer,1,14,7.142857142857143
2024,21307,rural,21,hombre,2,15,13.333333333333334
2024,21307,rural,21,mujer,0,12,0.0
2024,21307,rural,22,hombre,0,8,0.0
2024,21307,rural,22,mujer,0,14,0.0
2024,21307,rural,23,hombre,0,22,0.0
2024,21307,rural,23,mujer,0,12,0.0
2024,21307,rural,24,hombre,0,14,0.0
2024,21307,rural,24,mujer,1,13,7.6923076923076925
2024,21307,rural,25,hombre,2,17,11.764705882352942
2024,21307,rural,25,mujer,1,14,7.142857142857143
2024,21307,rural,26,hombre,2,14,14.285714285714286
2024,21307,rural,26,mujer,1,9,11.11111111111111
2024,21307,rural,27,hombre,1,16,6.25
2024,21307,rural,27,mujer,2,13,15.384615384615385
2024,21307,rural,28,hombre,0,17,0.0
2024,21307,rural,28,mujer,2,12,16.666666666666668
2024,21307,urbana,16,hombre,0,14,0.0
2024,21307,urbana,16,mujer,2,22,9.090909090909092
2024,21307,urbana,17,hombre,1,28,3.5714285714285716
2024,21307,urbana,17,mujer,0,28,0.0
2024,21307,urbana,18,hombre,0,36,0.0
2024,21307,urbana,18,mujer,1,24,4.166666666666667
2024,21307,urbana,19,hombre,1,22,4.545454545454546
2024,21307,urbana,19,mujer,1,24,4.166666666666667
2024,21307,urbana,20,hombre,0,33,0.0
2024,21307,urbana,20,mujer,1,33,3.0303030303030303
2024,21307,urbana,21,hombre,2,31,6.451612903225806
2024,21307,urbana,21,mujer,1,31,3.225806451612903
2024,21307,urbana,22,hombre,2,27,7.407407407407407
2024,21307,urbana,22,mujer,2,27,7.407407407407407
2024,21307,urbana,23,hombre,0,32,0.0
2024,21307,urbana,23,mujer,1,40,2.5
2024,21307,urbana,24,hombre,1,31,3.225806451612903
2024,21307,urbana,24,mujer,0,32,0.0
2024,21307,urbana,25,hombre,3,26,11.538461538461538
2024,21307,urbana,25,mujer,1,36,2.7777777777777777
2024,21307,urbana,26,hombre,1,30,3.3333333333333335
2024,21307,urbana,26,mujer,0,24,0.0
2024,21307,urbana,27,hombre,2,39,5.128205128205129
2024,21307,urbana,27,mujer,0,46,0.0
2024,21307,urbana,28,hombre,0,26,0.0
2024,21307,urbana,28,mujer,3,35,8.571428571428571
2024,21401,rural,16,hombre,10,190,5.2631578947368425
2024,21401,rural,16,mujer,10,209,4.784688995215311
2024,21401,rural,17,hombre,13,229,5.676855895196507
2024,21401,rural,17,mujer,15,196,7.653061224489796
2024,21401,rural,18,hombre,22,233,9.44206008583691
2024,21401,rural,18,mujer,20,242,8.264462809917354
2024,21401,rural,19,hombre,28,221,12.669683257918551
2024,21401,rural,19,mujer,14,250,5.6
2024,21401,rural,20,hombre,38,252,15.079365079365079
2024,21401,rural,20,mujer,27,226,11.946902654867257
2024,21401,rural,21,hombre,36,225,16.0
2024,21401,rural,21,mujer,27,207,13.043478260869565
2024,21401,rural,22,hombre,39,253,15.41501976284585
2024,21401,rural,22,mujer,19,236,8.05084745762712
2024,21401,rural,23,hombre,37,283,13.074204946996467
2024,21401,rural,23,mujer,27,256,10.546875
2024,21401,rural,24,hombre,42,270,15.555555555555555
2024,21401,rural,24,mujer,29,269,10.780669144981413
2024,21401,rural,25,hombre,42,254,16.53543307086614
2024,21401,rural,25,mujer,19,245,7.755102040816326
2024,21401,rural,26,hombre,32,215,14.883720930232558
2024,21401,rural,26,mujer,18,209,8.61244019138756
2024,21401,rural,27,hombre,42,242,17.355371900826448
2024,21401,rural,27,mujer,14,205,6.829268292682927
2024,21401,rural,28,hombre,36,217,16.589861751152075
2024,21401,rural,28,mujer,22,187,11.764705882352942
2024,21401,urbana,16,hombre,2,18,11.11111111111111
2024,21401,urbana,16,mujer,1,14,7.142857142857143
2024,21401,urbana,17,hombre,1,17,5.882352941176471
2024,21401,urbana,17,mujer,2,19,10.526315789473685
2024,21401,urbana,18,hombre,0,15,0.0
2024,21401,urbana,18,mujer,2,22,9.090909090909092
2024,21401,urbana,19,hombre,1,16,6.25
2024,21401,urbana,19,mujer,2,16,12.5
2024,21401,urbana,20,hombre,1,16,6.25
2024,21401,urbana,20,mujer,2,29,6.896551724137931
2024,21401,urbana,21,hombre,1,12,8.333333333333334
2024,21401,urbana,21,mujer,2,25,8.0
2024,21401,urbana,22,hombre,3,24,12.5
2024,21401,urbana,22,mujer,2,17,11.764705882352942
2024,21401,urbana,23,hombre,6,24,25.0
2024,21401,urbana,23,mujer,0,16,0.0
2024,21401,urbana,24,hombre,4,21,19.047619047619047
2024,21401,urbana,24,mujer,5,24,20.833333333333332
2024,21401,urbana,25,hombre,2,14,14.285714285714286
2024,21401,urbana,25,mujer,1,34,2.9411764705882355
2024,21401,urbana,26,hombre,5,24,20.833333333333332
2024,21401,urbana,26,mujer,3,20,15.0
2024,21401,urbana,27,hombre,2,15,13.333333333333334
2024,21401,urbana,27,mujer,2,27,7.407407407407407
2024,21401,urbana,28,hombre,2,15,13.333333333333334
2024,21401,urbana,28,mujer,1,15,6.666666666666667
2024,21402,rural,16,hombre,7,179,3.910614525139665
2024,21402,rural,16,mujer,5,181,2.7624309392265194
2024,21402,rural,17,hombre,12,169,7.100591715976331
2024,21402,rural,17,mujer,3,182,1.6483516483516483
2024,21402,rural,18,hombre,23,155,14.838709677419354
2024,21402,rural,18,mujer,12,178,6.741573033707865
2024,21402,rural,19,hombre,27,166,16.265060240963855
2024,21402,rural,19,mujer,15,157,9.554140127388536
2024,21402,rural,20,hombre,32,180,17.77777777777778
2024,21402,rural,20,mujer,7,165,4.242424242424242
2024,21402,rural,21,hombre,29,178,16.292134831460675
2024,21402,rural,21,mujer,16,137,11.678832116788321
2024,21402,rural,22,hombre,31,197,15.736040609137056
2024,21402,rural,22,mujer,9,117,7.6923076923076925
2024,21402,rural,23,hombre,34,166,20.481927710843372
2024,21402,rural,23,mujer,20,194,10.309278350515465
2024,21402,rural,24,hombre,33,217,15.2073732718894
2024,21402,rural,24,mujer,25,191,13.089005235602095
2024,21402,rural,25,hombre,33,184,17.934782608695652
2024,21402,rural,25,mujer,16,205,7.804878048780488
2024,21402,rural,26,hombre,45,191,23.56020942408377
2024,21402,rural,26,mujer,14,186,7.526881720430108
2024,21402,rural,27,hombre,38,172,22.093023255813954
2024,21402,rural,27,mujer,15,186,8.064516129032258
2024,21402,rural,28,hombre,35,174,20.114942528735632
2024,21402,rural,28,mujer,19,191,9.947643979057592
2024,21402,urbana,16,hombre,2,25,8.0
2024,21402,urbana,16,mujer,1,33,3.0303030303030303
2024,21402,urbana,17,hombre,0,35,0.0
2024,21402,urbana,17,mujer,1,19,5.2631578947368425
2024,21402,urbana,18,hombre,3,21,14.285714285714286
2024,21402,urbana,18,mujer,1,31,3.225806451612903
2024,21402,urbana,19,hombre,3,19,15.789473684210526
2024,21402,urbana,19,mujer,1,15,6.666666666666667
2024,21402,urbana,20,hombre,4,29,13.793103448275861
2024,21402,urbana,20,mujer,0,22,0.0
2024,21402,urbana,21,hombre,2,20,10.0
2024,21402,urbana,21,mujer,2,17,11.764705882352942
2024,21402,urbana,22,hombre,1,14,7.142857142857143
2024,21402,urbana,22,mujer,0,19,0.0
2024,21402,urbana,23,hombre,6,26,23.076923076923077
2024,21402,urbana,23,mujer,0,24,0.0
2024,21402,urbana,24,hombre,6,25,24.0
2024,21402,urbana,24,mujer,1,25,4.0
2024,21402,urbana,25,hombre,1,17,5.882352941176471
2024,21402,urbana,25,mujer,1,17,5.882352941176471
2024,21402,urbana,26,hombre,2,19,10.526315789473685
2024,21402,urbana,26,mujer,4,21,19.047619047619047
2024,21402,urbana,27,hombre,2,17,11.764705882352942
2024,21402,urbana,27,mujer,2,22,9.090909090909092
2024,21402,urbana,28,hombre,3,25,12.0
2024,21402,urbana,28,mujer,1,20,5.0
2024,21501,rural,16,hombre,1,74,1.3513513513513513
2024,21501,rural,16,mujer,3,67,4.477611940298507
2024,21501,rural,17,hombre,5,70,7.142857142857143
2024,21501,rural,17,mujer,0,63,0.0
2024,21501,rural,18,hombre,8,60,13.333333333333334
2024,21501,rural,18,mujer,1,56,1.7857142857142858
2024,21501,rural,19,hombre,2,56,3.5714285714285716
2024,21501,rural,19,mujer,2,45,4.444444444444445
2024,21501,rural,20,hombre,9,73,12.32876712328767
2024,21501,rural,20,mujer,0,61,0.0
2024,21501,rural,21,hombre,5,75,6.666666666666667
2024,21501,rural,21,mujer,2,50,4.0
2024,21501,rural,22,hombre,10,72,13.88888888888889
2024,21501,rural,22,mujer,1,44,2.272727272727273
2024,21501,rural,23,hombre,5,79,6.329113924050633
2024,21501,rural,23,mujer,2,64,3.125
2024,21501,rural,24,hombre,5,89,5.617977528089888
2024,21501,rural,24,mujer,4,75,5.333333333333333
2024,21501,rural,25,hombre,9,75,12.0
2024,21501,rural,25,mujer,2,66,3.0303030303030303
2024,21501,rural,26,hombre,11,85,12.941176470588236
2024,21501,rural,26,mujer,2,46,4.3478260869565215
2024,21501,rural,27,hombre,11,88,12.5
2024,21501,rural,27,mujer,5,56,8.928571428571429
2024,21501,rural,28,hombre,8,80,10.0
2024,21501,rural,28,mujer,2,45,4.444444444444445
2024,21501,urbana,16,hombre,2,48,4.166666666666667
2024,21501,urbana,16,mujer,4,45,8.88888888888889
2024,21501,urbana,17,hombre,3,41,7.317073170731708
2024,21501,urbana,17,mujer,2,45,4.444444444444445
2024,21501,urbana,18,hombre,2,54,3.7037037037037037
2024,21501,urbana,18,mujer,0,25,0.0
2024,21501,urbana,19,hombre,4,38,10.526315789473685
2024,21501,urbana,19,mujer,4,28,14.285714285714286
2024,21501,urbana,20,hombre,3,28,10.714285714285714
2024,21501,urbana,20,mujer,0,22,0.0
2024,21501,urbana,21,hombre,6,43,13.953488372093023
2024,21501,urbana,21,mujer,0,24,0.0
2024,21501,urbana,22,hombre,5,36,13.88888888888889
2024,21501,urbana,22,mujer,0,26,0.0
2024,21501,urbana,23,hombre,2,40,5.0
2024,21501,urbana,23,mujer,1,35,2.857142857142857
2024,21501,urbana,24,hombre,4,44,9.090909090909092
2024,21501,urbana,24,mujer,3,48,6.25
2024,21501,urbana,25,hombre,4,42,9.523809523809524
2024,21501,urbana,25,mujer,2,36,5.555555555555555
2024,21501,urbana,26,hombre,1,33,3.0303030303030303
2024,21501,urbana,26,mujer,6,40,15.0
2024,21501,urbana,27,hombre,1,45,2.2222222222222223
2024,21501,urbana,27,mujer,2,46,4.3478260869565215
2024,21501,urbana,28,hombre,5,45,11.11111111111111
2024,21501,urbana,28,mujer,0,38,0.0
2024,21502,rural,16,hombre,5,60,8.333333333333334
2024,21502,rural,16,mujer,2,72,2.7777777777777777
2024,21502,rural,17,hombre,6,37,16.216216216216218
2024,21502,rural,17,mujer,3,39,7.6923076923076925
2024,21502,rural,18,hombre,2,30,6.666666666666667
2024,21502,rural,18,mujer,1,45,2.2222222222222223
2024,21502,rural,19,hombre,4,30,13.333333333333334
2024,21502,rural,19,mujer,5,49,10.204081632653061
2024,21502,rural,20,hombre,6,37,16.216216216216218
2024,21502,rural,20,mujer,2,24,8.333333333333334
2024,21502,rural,21,hombre,7,36,19.444444444444443
2024,21502,rural,21,mujer,0,35,0.0
2024,21502,rural,22,hombre,8,39,20.512820512820515
2024,21502,rural,22,mujer,1,38,2.6315789473684212
2024,21502,rural,23,hombre,7,51,13.72549019607843
2024,21502,rural,23,mujer,3,43,6.976744186046512
2024,21502,rural,24,hombre,10,66,15.151515151515152
2024,21502,rural,24,mujer,1,43,2.3255813953488373
2024,21502,rural,25,hombre,7,54,12.962962962962964
2024,21502,rural,25,mujer,5,43,11.627906976744185
2024,21502,rural,26,hombre,5,40,12.5
2024,21502,rural,26,mujer,2,41,4.878048780487805
2024,21502,rural,27,hombre,6,47,12.76595744680851
2024,21502,rural,27,mujer,3,40,7.5
2024,21502,rural,28,hombre,4,41,9.75609756097561
2024,21502,rural,28,mujer,3,50,6.0
2024,21502,urbana,16,hombre,3,41,7.317073170731708
2024,21502,urbana,16,mujer,0,49,0.0
2024,21502,urbana,17,hombre,1,38,2.6315789473684212
2024,21502,urbana,17,mujer,1,59,1.694915254237288
2024,21502,urbana,18,hombre,1,23,4.3478260869565215
2024,21502,urbana,18,mujer,6,36,16.666666666666668
2024,21502,urbana,19,hombre,2,25,8.0
2024,21502,urbana,19,mujer,2,35,5.714285714285714
2024,21502,urbana,20,hombre,1,29,3.4482758620689653
2024,21502,urbana,20,mujer,0,37,0.0
2024,21502,urbana,21,hombre,1,26,3.8461538461538463
2024,21502,urbana,21,mujer,0,30,0.0
2024,21502,urbana,22,hombre,2,27,7.407407407407407
2024,21502,urbana,22,mujer,0,38,0.0
2024,21502,urbana,23,hombre,0,43,0.0
2024,21502,urbana,23,mujer,2,40,5.0
2024,21502,urbana,24,hombre,3,32,9.375
2024,21502,urbana,24,mujer,0,43,0.0
2024,21502,urbana,25,hombre,5,25,20.0
2024,21502,urbana,25,mujer,3,34,8.823529411764707
2024,21502,urbana,26,hombre,0,30,0.0
2024,21502,urbana,26,mujer,1,40,2.5
2024,21502,urbana,27,hombre,4,30,13.333333333333334
2024,21502,urbana,27,mujer,0,24,0.0
2024,21502,urbana,28,hombre,3,33,9.090909090909092
2024,21502,urbana,28,mujer,1,34,2.9411764705882355
2024,21601,rural,16,hombre,6,101,5.9405940594059405
2024,21601,rural,16,mujer,5,114,4.385964912280702
2024,21601,rural,17,hombre,9,108,8.333333333333334
2024,21601,rural,17,mujer,3,124,2.4193548387096775
2024,21601,rural,18,hombre,6,89,6.741573033707865
2024,21601,rural,18,mujer,4,104,3.8461538461538463
2024,21601,rural,19,hombre,11,98,11.224489795918368
2024,21601,rural,19,mujer,7,110,6.363636363636363
2024,21601,rural,20,hombre,12,129,9.30232558139535
2024,21601,rural,20,mujer,5,123,4.065040650406504
2024,21601,rural,21,hombre,9,97,9.278350515463918
2024,21601,rural,21,mujer,4,106,3.7735849056603774
2024,21601,rural,22,hombre,10,116,8.620689655172415
2024,21601,rural,22,mujer,6,114,5.2631578947368425
2024,21601,rural,23,hombre,14,141,9.929078014184396
2024,21601,rural,23,mujer,10,135,7.407407407407407
2024,21601,rural,24,hombre,16,147,10.884353741496598
2024,21601,rural,24,mujer,8,136,5.882352941176471
2024,21601,rural,25,hombre,12,126,9.523809523809524
2024,21601,rural,25,mujer,4,106,3.7735849056603774
2024,21601,rural,26,hombre,23,140,16.428571428571427
2024,21601,rural,26,mujer,3,115,2.608695652173913
2024,21601,rural,27,hombre,14,126,11.11111111111111
2024,21601,rural,27,mujer,5,111,4.504504504504505
2024,21601,rural,28,hombre,12,124,9.67741935483871
2024,21601,rural,28,mujer,3,92,3.260869565217391
2024,21601,urbana,16,hombre,1,24,4.166666666666667
2024,21601,urbana,16,mujer,0,28,0.0
2024,21601,urbana,17,hombre,0,31,0.0
2024,21601,urbana,17,mujer,1,14,7.142857142857143
2024,21601,urbana,18,hombre,0,32,0.0
2024,21601,urbana,18,mujer,0,27,0.0
2024,21601,urbana,19,hombre,0,28,0.0
2024,21601,urbana,19,mujer,1,27,3.7037037037037037
2024,21601,urbana,20,hombre,0,21,0.0
2024,21601,urbana,20,mujer,0,18,0.0
2024,21601,urbana,21,hombre,1,19,5.2631578947368425
2024,21601,urbana,21,mujer,1,16,6.25
2024,21601,urbana,22,hombre,1,29,3.4482758620689653
2024,21601,urbana,22,mujer,0,23,0.0
2024,21601,urbana,23,hombre,2,18,11.11111111111111
2024,21601,urbana,23,mujer,1,23,4.3478260869565215
2024,21601,urbana,24,hombre,1,40,2.5
2024,21601,urbana,24,mujer,1,25,4.0
2024,21601,urbana,25,hombre,1,25,4.0
2024,21601,urbana,25,mujer,2,12,16.666666666666668
2024,21601,urbana,26,hombre,2,33,6.0606060606060606
2024,21601,urbana,26,mujer,0,25,0.0
2024,21601,urbana,27,hombre,2,25,8.0
2024,21601,urbana,27,mujer,2,28,7.142857142857143
2024,21601,urbana,28,hombre,0,23,0.0
2024,21601,urbana,28,mujer,0,22,0.0
2024,21602,rural,16,hombre,2,71,2.816901408450704
2024,21602,rural,16,mujer,0,42,0.0
2024,21602,rural,17,hombre,3,83,3.6144578313253013
2024,21602,rural,17,mujer,1,63,1.5873015873015872
2024,21602,rural,18,hombre,4,62,6.451612903225806
2024,21602,rural,18,mujer,1,61,1.639344262295082
2024,21602,rural,19,hombre,6,71,8.450704225352112
2024,21602,rural,19,mujer,4,68,5.882352941176471
2024,21602,rural,20,hombre,8,94,8.51063829787234
2024,21602,rural,20,mujer,2,63,3.1746031746031744
2024,21602,rural,21,hombre,6,70,8.571428571428571
2024,21602,rural,21,mujer,2,63,3.1746031746031744
2024,21602,rural,22,hombre,8,77,10.38961038961039
2024,21602,rural,22,mujer,4,75,5.333333333333333
2024,21602,rural,23,hombre,5,64,7.8125
2024,21602,rural,23,mujer,2,70,2.857142857142857
2024,21602,rural,24,hombre,4,80,5.0
2024,21602,rural,24,mujer,1,65,1.5384615384615385
2024,21602,rural,25,hombre,7,88,7.954545454545454
2024,21602,rural,25,mujer,1,68,1.4705882352941178
2024,21602,rural,26,hombre,5,59,8.474576271186441
2024,21602,rural,26,mujer,1,53,1.8867924528301887
2024,21602,rural,27,hombre,3,52,5.769230769230769
2024,21602,rural,27,mujer,2,43,4.651162790697675
2024,21602,rural,28,hombre,6,65,9.23076923076923
2024,21602,rural,28,mujer,1,67,1.492537313432836
2024,21701,rural,16,hombre,2,95,2.1052631578947367
2024,21701,rural,16,mujer,2,93,2.150537634408602
2024,21701,rural,17,hombre,5,80,6.25
2024,21701,rural,17,mujer,4,66,6.0606060606060606
2024,21701,rural,18,hombre,6,62,9.67741935483871
2024,21701,rural,18,mujer,4,80,5.0
2024,21701,rural,19,hombre,2,66,3.0303030303030303
2024,21701,rural,19,mujer,0,66,0.0
2024,21701,rural,20,hombre,4,79,5.063291139240507
2024,21701,rural,20,mujer,2,72,2.7777777777777777
2024,21701,rural,21,hombre,6,88,6.818181818181818
2024,21701,rural,21,mujer,1,53,1.8867924528301887
2024,21701,rural,22,hombre,9,63,14.285714285714286
2024,21701,rural,22,mujer,1,83,1.2048192771084338
2024,21701,rural,23,hombre,9,92,9.782608695652174
2024,21701,rural,23,mujer,4,90,4.444444444444445
2024,21701,rural,24,hombre,7,74,9.45945945945946
2024,21701,rural,24,mujer,1,67,1.492537313432836
2024,21701,rural,25,hombre,6,71,8.450704225352112
2024,21701,rural,25,mujer,1,79,1.2658227848101267
2024,21701,rural,26,hombre,7,61,11.475409836065573
2024,21701,rural,26,mujer,6,99,6.0606060606060606
2024,21701,rural,27,hombre,4,79,5.063291139240507
2024,21701,rural,27,mujer,3,82,3.658536585365854
2024,21701,rural,28,hombre,9,73,12.32876712328767
2024,21701,rural,28,mujer,4,69,5.797101449275362
2024,21701,urbana,16,hombre,3,43,6.976744186046512
2024,21701,urbana,16,mujer,4,62,6.451612903225806
2024,21701,urbana,17,hombre,2,53,3.7735849056603774
2024,21701,urbana,17,mujer,1,45,2.2222222222222223
2024,21701,urbana,18,hombre,7,52,13.461538461538462
2024,21701,urbana,18,mujer,2,52,3.8461538461538463
2024,21701,urbana,19,hombre,7,52,13.461538461538462
2024,21701,urbana,19,mujer,7,48,14.583333333333334
2024,21701,urbana,20,hombre,7,51,13.72549019607843
2024,21701,urbana,20,mujer,1,42,2.380952380952381
2024,21701,urbana,21,hombre,7,38,18.42105263157895
2024,21701,urbana,21,mujer,3,46,6.521739130434782
2024,21701,urbana,22,hombre,4,47,8.51063829787234
2024,21701,urbana,22,mujer,3,39,7.6923076923076925
2024,21701,urbana,23,hombre,6,44,13.636363636363637
2024,21701,urbana,23,mujer,4,43,9.30232558139535
2024,21701,urbana,24,hombre,3,43,6.976744186046512
2024,21701,urbana,24,mujer,8,50,16.0
2024,21701,urbana,25,hombre,5,48,10.416666666666666
2024,21701,urbana,25,mujer,4,48,8.333333333333334
2024,21701,urbana,26,hombre,8,51,15.686274509803921
2024,21701,urbana,26,mujer,5,42,11.904761904761905
2024,21701,urbana,27,hombre,11,59,18.64406779661017
2024,21701,urbana,27,mujer,5,52,9.615384615384615
2024,21701,urbana,28,hombre,13,49,26.53061224489796
2024,21701,urbana,28,mujer,7,44,15.909090909090908
2024,21702,rural,16,hombre,2,56,3.5714285714285716
2024,21702,rural,16,mujer,0,46,0.0
2024,21702,rural,17,hombre,1,62,1.6129032258064515
2024,21702,rural,17,mujer,0,46,0.0
2024,21702,rural,18,hombre,2,100,2.0
2024,21702,rural,18,mujer,1,62,1.6129032258064515
2024,21702,rural,19,hombre,4,73,5.47945205479452
2024,21702,rural,19,mujer,3,55,5.454545454545454
2024,21702,rural,20,hombre,5,67,7.462686567164179
2024,21702,rural,20,mujer,0,47,0.0
2024,21702,rural,21,hombre,4,55,7.2727272727272725
2024,21702,rural,21,mujer,4,55,7.2727272727272725
2024,21702,rural,22,hombre,6,66,9.090909090909092
2024,21702,rural,22,mujer,2,49,4.081632653061225
2024,21702,rural,23,hombre,6,85,7.0588235294117645
2024,21702,rural,23,mujer,3,73,4.109589041095891
2024,21702,rural,24,hombre,4,54,7.407407407407407
2024,21702,rural,24,mujer,3,53,5.660377358490566
2024,21702,rural,25,hombre,13,63,20.634920634920636
2024,21702,rural,25,mujer,11,50,22.0
2024,21702,rural,26,hombre,5,67,7.462686567164179
2024,21702,rural,26,mujer,5,33,15.151515151515152
2024,21702,rural,27,hombre,2,54,3.7037037037037037
2024,21702,rural,27,mujer,4,61,6.557377049180328
2024,21702,rural,28,hombre,10,42,23.80952380952381
2024,21702,rural,28,mujer,5,56,8.928571428571429
2024,21703,rural,16,hombre,0,39,0.0
2024,21703,rural,16,mujer,0,18,0.0
2024,21703,rural,17,hombre,0,26,0.0
2024,21703,rural,17,mujer,0,35,0.0
2024,21703,rural,18,hombre,0,30,0.0
2024,21703,rural,18,mujer,0,16,0.0
2024,21703,rural,19,hombre,0,29,0.0
2024,21703,rural,19,mujer,0,21,0.0
2024,21703,rural,20,hombre,1,30,3.3333333333333335
2024,21703,rural,20,mujer,0,39,0.0
2024,21703,rural,21,hombre,2,31,6.451612903225806
2024,21703,rural,21,mujer,0,22,0.0
2024,21703,rural,22,hombre,0,37,0.0
2024,21703,rural,22,mujer,0,25,0.0
2024,21703,rural,23,hombre,0,38,0.0
2024,21703,rural,23,mujer,0,29,0.0
2024,21703,rural,24,hombre,2,35,5.714285714285714
2024,21703,rural,24,mujer,0,40,0.0
2024,21703,rural,25,hombre,0,39,0.0
2024,21703,rural,25,mujer,0,24,0.0
2024,21703,rural,26,hombre,1,38,2.6315789473684212
2024,21703,rural,26,mujer,0,33,0.0
2024,21703,rural,27,hombre,3,45,6.666666666666667
2024,21703,rural,27,mujer,0,28,0.0
2024,21703,rural,28,hombre,1,42,2.380952380952381
2024,21703,rural,28,mujer,0,40,0.0
2024,21703,urbana,16,hombre,0,20,0.0
2024,21703,urbana,16,mujer,0,30,0.0
2024,21703,urbana,17,hombre,0,29,0.0
2024,21703,urbana,17,mujer,0,26,0.0
2024,21703,urbana,18,hombre,0,41,0.0
2024,21703,urbana,18,mujer,0,22,0.0
2024,21703,urbana,19,hombre,0,18,0.0
2024,21703,urbana,19,mujer,0,16,0.0
2024,21703,urbana,20,hombre,1,23,4.3478260869565215
2024,21703,urbana,20,mujer,0,22,0.0
2024,21703,urbana,21,hombre,0,28,0.0
2024,21703,urbana,21,mujer,0,19,0.0
2024,21703,urbana,22,hombre,0,30,0.0
2024,21703,urbana,22,mujer,0,19,0.0
2024,21703,urbana,23,hombre,0,38,0.0
2024,21703,urbana,23,mujer,0,28,0.0
2024,21703,urbana,24,hombre,0,38,0.0
2024,21703,urbana,24,mujer,1,31,3.225806451612903
2024,21703,urbana,25,hombre,0,35,0.0
2024,21703,urbana,25,mujer,0,33,0.0
2024,21703,urbana,26,hombre,0,30,0.0
2024,21703,urbana,26,mujer,0,32,0.0
2024,21703,urbana,27,hombre,0,34,0.0
2024,21703,urbana,27,mujer,0,19,0.0
2024,21703,urbana,28,hombre,0,34,0.0
2024,21703,urbana,28,mujer,1,39,2.5641025641025643
2024,21801,rural,16,hombre,2,76,2.6315789473684212
2024,21801,rural,16,mujer,1,48,2.0833333333333335
2024,21801,rural,17,hombre,1,55,1.8181818181818181
2024,21801,rural,17,mujer,4,62,6.451612903225806
2024,21801,rural,18,hombre,6,60,10.0
2024,21801,rural,18,mujer,5,56,8.928571428571429
2024,21801,rural,19,hombre,14,71,19.718309859154928
2024,21801,rural,19,mujer,5,63,7.936507936507937
2024,21801,rural,20,hombre,10,46,21.73913043478261
2024,21801,rural,20,mujer,2,52,3.8461538461538463
2024,21801,rural,21,hombre,6,62,9.67741935483871
2024,21801,rural,21,mujer,2,64,3.125
2024,21801,rural,22,hombre,8,71,11.267605633802816
2024,21801,rural,22,mujer,2,68,2.9411764705882355
2024,21801,rural,23,hombre,14,86,16.27906976744186
2024,21801,rural,23,mujer,4,69,5.797101449275362
2024,21801,rural,24,hombre,11,85,12.941176470588236
2024,21801,rural,24,mujer,8,75,10.666666666666666
2024,21801,rural,25,hombre,12,71,16.901408450704224
2024,21801,rural,25,mujer,4,70,5.714285714285714
2024,21801,rural,26,hombre,10,73,13.698630136986301
2024,21801,rural,26,mujer,2,59,3.389830508474576
2024,21801,rural,27,hombre,11,73,15.068493150684931
2024,21801,rural,27,mujer,0,74,0.0
2024,21801,rural,28,hombre,8,67,11.940298507462687
2024,21801,rural,28,mujer,2,51,3.9215686274509802
2024,21802,rural,16,hombre,3,59,5.084745762711864
2024,21802,rural,16,mujer,1,60,1.6666666666666667
2024,21802,rural,17,hombre,2,30,6.666666666666667
2024,21802,rural,17,mujer,3,57,5.2631578947368425
2024,21802,rural,18,hombre,4,31,12.903225806451612
2024,21802,rural,18,mujer,7,36,19.444444444444443
2024,21802,rural,19,hombre,8,43,18.6046511627907
2024,21802,rural,19,mujer,4,34,11.764705882352942
2024,21802,rural,20,hombre,8,42,19.047619047619047
2024,21802,rural,20,mujer,5,45,11.11111111111111
2024,21802,rural,21,hombre,8,43,18.6046511627907
2024,21802,rural,21,mujer,4,37,10.81081081081081
2024,21802,rural,22,hombre,5,39,12.820512820512821
2024,21802,rural,22,mujer,3,45,6.666666666666667
2024,21802,rural,23,hombre,14,65,21.53846153846154
2024,21802,rural,23,mujer,10,62,16.129032258064516
2024,21802,rural,24,hombre,16,63,25.396825396825395
2024,21802,rural,24,mujer,0,39,0.0
2024,21802,rural,25,hombre,8,51,15.686274509803921
2024,21802,rural,25,mujer,3,35,8.571428571428571
2024,21802,rural,26,hombre,13,44,29.545454545454547
2024,21802,rural,26,mujer,4,42,9.523809523809524
2024,21802,rural,27,hombre,16,59,27.11864406779661
2024,21802,rural,27,mujer,5,40,12.5
2024,21802,rural,28,hombre,13,54,24.074074074074073
2024,21802,rural,28,mujer,5,48,10.416666666666666
2024,21803,rural,16,hombre,1,11,9.090909090909092
2024,21803,rural,16,mujer,0,16,0.0
2024,21803,rural,17,hombre,0,15,0.0
2024,21803,rural,17,mujer,1,10,10.0
2024,21803,rural,18,hombre,3,17,17.647058823529413
2024,21803,rural,18,mujer,1,13,7.6923076923076925
2024,21803,rural,19,hombre,2,6,33.333333333333336
2024,21803,rural,19,mujer,1,12,8.333333333333334
2024,21803,rural,20,hombre,1,20,5.0
2024,21803,rural,20,mujer,2,17,11.764705882352942
2024,21803,rural,21,hombre,2,7,28.571428571428573
2024,21803,rural,21,mujer,0,21,0.0
2024,21803,rural,22,hombre,3,21,14.285714285714286
2024,21803,rural,22,mujer,1,9,11.11111111111111
2024,21803,rural,23,hombre,3,18,16.666666666666668
2024,21803,rural,23,mujer,0,18,0.0
2024,21803,rural,24,hombre,2,14,14.285714285714286
2024,21803,rural,24,mujer,2,15,13.333333333333334
2024,21803,rural,25,hombre,2,15,13.333333333333334
2024,21803,rural,25,mujer,1,11,9.090909090909092
2024,21803,rural,26,hombre,4,15,26.666666666666668
2024,21803,rural,26,mujer,0,16,0.0
2024,21803,rural,27,hombre,3,14,21.428571428571427
2024,21803,rural,27,mujer,4,20,20.0
2024,21803,rural,28,hombre,1,14,7.142857142857143
2024,21803,rural,28,mujer,1,10,10.0
2024,21901,rural,16,hombre,8,55,14.545454545454545
2024,21901,rural,16,mujer,4,43,9.30232558139535
2024,21901,rural,17,hombre,5,56,8.928571428571429
2024,21901,rural,17,mujer,7,54,12.962962962962964
2024,21901,rural,18,hombre,8,36,22.22222222222222
2024,21901,rural,18,mujer,6,43,13.953488372093023
2024,21901,rural,19,hombre,12,52,23.076923076923077
2024,21901,rural,19,mujer,9,41,21.951219512195124
2024,21901,rural,20,hombre,10,48,20.833333333333332
2024,21901,rural,20,mujer,8,43,18.6046511627907
2024,21901,rural,21,hombre,7,36,19.444444444444443
2024,21901,rural,21,mujer,5,37,13.513513513513514
2024,21901,rural,22,hombre,10,57,17.54385964912281
2024,21901,rural,22,mujer,7,41,17.073170731707318
2024,21901,rural,23,hombre,12,48,25.0
2024,21901,rural,23,mujer,5,51,9.803921568627452
2024,21901,rural,24,hombre,6,39,15.384615384615385
2024,21901,rural,24,mujer,10,39,25.641025641025642
2024,21901,rural,25,hombre,9,57,15.789473684210526
2024,21901,rural,25,mujer,4,48,8.333333333333334
2024,21901,rural,26,hombre,7,64,10.9375
2024,21901,rural,26,mujer,3,46,6.521739130434782
2024,21901,rural,27,hombre,14,47,29.78723404255319
2024,21901,rural,27,mujer,7,50,14.0
2024,21901,rural,28,hombre,7,45,15.555555555555555
2024,21901,rural,28,mujer,10,63,15.873015873015873
2024,21902,rural,16,hombre,3,48,6.25
2024,21902,rural,16,mujer,2,31,6.451612903225806
2024,21902,rural,17,hombre,4,41,9.75609756097561
2024,21902,rural,17,mujer,2,53,3.7735849056603774
2024,21902,rural,18,hombre,4,49,8.16326530612245
2024,21902,rural,18,mujer,2,48,4.166666666666667
2024,21902,rural,19,hombre,3,47,6.382978723404255
2024,21902,rural,19,mujer,8,46,17.391304347826086
2024,21902,rural,20,hombre,3,54,5.555555555555555
2024,21902,rural,20,mujer,3,34,8.823529411764707
2024,21902,rural,21,hombre,1,39,2.5641025641025643
2024,21902,rural,21,mujer,1,37,2.7027027027027026
2024,21902,rural,22,hombre,3,39,7.6923076923076925
2024,21902,rural,22,mujer,5,55,9.090909090909092
2024,21902,rural,23,hombre,3,54,5.555555555555555
2024,21902,rural,23,mujer,4,60,6.666666666666667
2024,21902,rural,24,hombre,10,66,15.151515151515152
2024,21902,rural,24,mujer,2,61,3.278688524590164
2024,21902,rural,25,hombre,4,64,6.25
2024,21902,rural,25,mujer,3,64,4.6875
2024,21902,rural,26,hombre,8,56,14.285714285714286
2024,21902,rural,26,mujer,1,43,2.3255813953488373
2024,21902,rural,27,hombre,7,53,13.20754716981132
2024,21902,rural,27,mujer,1,40,2.5
2024,21902,rural,28,hombre,8,50,16.0
2024,21902,rural,28,mujer,1,45,2.2222222222222223
2024,22001,rural,16,hombre,18,353,5.09915014164306
2024,22001,rural,16,mujer,22,327,6.72782874617737
2024,22001,rural,17,hombre,20,320,6.25
2024,22001,rural,17,mujer,26,307,8.469055374592834
2024,22001,rural,18,hombre,23,281,8.185053380782918
2024,22001,rural,18,mujer,24,335,7.164179104477612
2024,22001,rural,19,hombre,28,320,8.75
2024,22001,rural,19,mujer,19,329,5.775075987841945
2024,22001,rural,20,hombre,24,348,6.896551724137931
2024,22001,rural,20,mujer,10,366,2.73224043715847
2024,22001,rural,21,hombre,32,381,8.398950131233596
2024,22001,rural,21,mujer,24,326,7.361963190184049
2024,22001,rural,22,hombre,28,381,7.349081364829396
2024,22001,rural,22,mujer,24,362,6.629834254143646
2024,22001,rural,23,hombre,29,399,7.268170426065163
2024,22001,rural,23,mujer,20,413,4.842615012106537
2024,22001,rural,24,hombre,42,417,10.071942446043165
2024,22001,rural,24,mujer,28,359,7.7994428969359335
2024,22001,rural,25,hombre,37,401,9.226932668329177
2024,22001,rural,25,mujer,21,370,5.675675675675675
2024,22001,rural,26,hombre,37,344,10.755813953488373
2024,22001,rural,26,mujer,19,329,5.775075987841945
2024,22001,rural,27,hombre,36,349,10.315186246418339
2024,22001,rural,27,mujer,20,353,5.665722379603399
2024,22001,rural,28,hombre,39,384,10.15625
2024,22001,rural,28,mujer,16,338,4.733727810650888
2024,22001,urbana,16,hombre,20,177,11.299435028248588
2024,22001,urbana,16,mujer,17,197,8.629441624365482
2024,22001,urbana,17,hombre,22,223,9.865470852017937
2024,22001,urbana,17,mujer,23,207,11.11111111111111
2024,22001,urbana,18,hombre,24,350,6.857142857142857
2024,22001,urbana,18,mujer,26,208,12.5
2024,22001,urbana,19,hombre,25,324,7.716049382716049
2024,22001,urbana,19,mujer,34,202,16.831683168316832
2024,22001,urbana,20,hombre,27,242,11.15702479338843
2024,22001,urbana,20,mujer,26,207,12.560386473429952
2024,22001,urbana,21,hombre,44,225,19.555555555555557
2024,22001,urbana,21,mujer,37,202,18.316831683168317
2024,22001,urbana,22,hombre,40,242,16.52892561983471
2024,22001,urbana,22,mujer,27,184,14.673913043478262
2024,22001,urbana,23,hombre,27,203,13.300492610837438
2024,22001,urbana,23,mujer,31,242,12.809917355371901
2024,22001,urbana,24,hombre,38,257,14.785992217898833
2024,22001,urbana,24,mujer,37,259,14.285714285714286
2024,22001,urbana,25,hombre,42,208,20.192307692307693
2024,22001,urbana,25,mujer,29,205,14.146341463414634
2024,22001,urbana,26,hombre,35,184,19.02173913043478
2024,22001,urbana,26,mujer,19,231,8.225108225108226
2024,22001,urbana,27,hombre,37,184,20.108695652173914
2024,22001,urbana,27,mujer,28,207,13.526570048309178
2024,22001,urbana,28,hombre,22,172,12.790697674418604
2024,22001,urbana,28,mujer,26,213,12.206572769953052
2024,22002,rural,16,hombre,17,89,19.10112359550562
2024,22002,rural,16,mujer,21,107,19.626168224299064
2024,22002,rural,17,hombre,22,93,23.655913978494624
2024,22002,rural,17,mujer,14,91,15.384615384615385
2024,22002,rural,18,hombre,22,83,26.50602409638554
2024,22002,rural,18,mujer,17,93,18.27956989247312
2024,22002,rural,19,hombre,14,83,16.867469879518072
2024,22002,rural,19,mujer,9,81,11.11111111111111
2024,22002,rural,20,hombre,29,118,24.576271186440678
2024,22002,rural,20,mujer,12,77,15.584415584415584
2024,22002,rural,21,hombre,20,100,20.0
2024,22002,rural,21,mujer,11,79,13.924050632911392
2024,22002,rural,22,hombre,17,93,18.27956989247312
2024,22002,rural,22,mujer,10,89,11.235955056179776
2024,22002,rural,23,hombre,27,117,23.076923076923077
2024,22002,rural,23,mujer,8,78,10.256410256410257
2024,22002,rural,24,hombre,22,89,24.719101123595507
2024,22002,rural,24,mujer,9,90,10.0
2024,22002,rural,25,hombre,24,100,24.0
2024,22002,rural,25,mujer,14,100,14.0
2024,22002,rural,26,hombre,19,103,18.446601941747574
2024,22002,rural,26,mujer,10,75,13.333333333333334
2024,22002,rural,27,hombre,20,97,20.61855670103093
2024,22002,rural,27,mujer,5,88,5.681818181818182
2024,22002,rural,28,hombre,17,87,19.54022988505747
2024,22002,rural,28,mujer,11,77,14.285714285714286
2024,30101,rural,16,mujer,0,1,0.0
2024,30101,rural,17,hombre,1,1,100.0
2024,30101,rural,19,hombre,0,1,0.0
2024,30101,rural,21,hombre,0,2,0.0
2024,30101,rural,24,hombre,1,1,100.0
2024,30101,rural,26,mujer,1,1,100.0
2024,30101,urbana,16,hombre,156,5771,2.703171027551551
2024,30101,urbana,16,mujer,104,5681,1.8306636155606408
2024,30101,urbana,17,hombre,238,5849,4.069071636177124
2024,30101,urbana,17,mujer,163,5984,2.7239304812834226
2024,30101,urbana,18,hombre,340,6048,5.621693121693122
2024,30101,urbana,18,mujer,323,6003,5.38064301182742
2024,30101,urbana,19,hombre,476,5935,8.020219039595618
2024,30101,urbana,19,mujer,392,6174,6.349206349206349
2024,30101,urbana,20,hombre,511,5879,8.691954414015989
2024,30101,urbana,20,mujer,417,6136,6.795958279009127
2024,30101,urbana,21,hombre,562,5934,9.470845972362655
2024,30101,urbana,21,mujer,436,6173,7.063016361574599
2024,30101,urbana,22,hombre,645,6065,10.634789777411378
2024,30101,urbana,22,mujer,430,6350,6.771653543307087
2024,30101,urbana,23,hombre,726,6540,11.100917431192661
2024,30101,urbana,23,mujer,497,6738,7.376075986939744
2024,30101,urbana,24,hombre,682,6494,10.502001847859562
2024,30101,urbana,24,mujer,502,6841,7.338108463674901
2024,30101,urbana,25,hombre,689,6061,11.36776109552879
2024,30101,urbana,25,mujer,452,6298,7.176881549698317
2024,30101,urbana,26,hombre,687,5772,11.902286902286903
2024,30101,urbana,26,mujer,404,6163,6.555249067012818
2024,30101,urbana,27,hombre,711,5740,12.386759581881533
2024,30101,urbana,27,mujer,416,6181,6.730302540042064
2024,30101,urbana,28,hombre,639,5650,11.309734513274336
2024,30101,urbana,28,mujer,412,6117,6.735327775053131
2024,30201,rural,16,hombre,0,128,0.0
2024,30201,rural,16,mujer,0,128,0.0
2024,30201,rural,17,hombre,5,151,3.3112582781456954
2024,30201,rural,17,mujer,4,132,3.0303030303030303
2024,30201,rural,18,hombre,4,106,3.7735849056603774
2024,30201,rural,18,mujer,6,124,4.838709677419355
2024,30201,rural,19,hombre,4,127,3.1496062992125986
2024,30201,rural,19,mujer,3,115,2.608695652173913
2024,30201,rural,20,hombre,8,100,8.0
2024,30201,rural,20,mujer,2,97,2.0618556701030926
2024,30201,rural,21,hombre,10,116,8.620689655172415
2024,30201,rural,21,mujer,1,101,0.9900990099009901
2024,30201,rural,22,hombre,4,93,4.301075268817204
2024,30201,rural,22,mujer,4,88,4.545454545454546
2024,30201,rural,23,hombre,8,110,7.2727272727272725
2024,30201,rural,23,mujer,3,99,3.0303030303030303
2024,30201,rural,24,hombre,7,122,5.737704918032787
2024,30201,rural,24,mujer,5,121,4.132231404958677
2024,30201,rural,25,hombre,7,104,6.730769230769231
2024,30201,rural,25,mujer,5,92,5.434782608695652
2024,30201,rural,26,hombre,9,83,10.843373493975903
2024,30201,rural,26,mujer,3,73,4.109589041095891
2024,30201,rural,27,hombre,4,84,4.761904761904762
2024,30201,rural,27,mujer,1,82,1.2195121951219512
2024,30201,rural,28,hombre,6,92,6.521739130434782
2024,30201,rural,28,mujer,0,90,0.0
2024,30201,urbana,16,hombre,4,97,4.123711340206185
2024,30201,urbana,16,mujer,2,92,2.1739130434782608
2024,30201,urbana,17,hombre,2,78,2.5641025641025643
2024,30201,urbana,17,mujer,6,101,5.9405940594059405
2024,30201,urbana,18,hombre,3,74,4.054054054054054
2024,30201,urbana,18,mujer,7,90,7.777777777777778
2024,30201,urbana,19,hombre,4,66,6.0606060606060606
2024,30201,urbana,19,mujer,5,70,7.142857142857143
2024,30201,urbana,20,hombre,2,64,3.125
2024,30201,urbana,20,mujer,4,68,5.882352941176471
2024,30201,urbana,21,hombre,2,63,3.1746031746031744
2024,30201,urbana,21,mujer,2,79,2.5316455696202533
2024,30201,urbana,22,hombre,8,62,12.903225806451612
2024,30201,urbana,22,mujer,8,85,9.411764705882353
2024,30201,urbana,23,hombre,3,59,5.084745762711864
2024,30201,urbana,23,mujer,2,84,2.380952380952381
2024,30201,urbana,24,hombre,11,78,14.102564102564102
2024,30201,urbana,24,mujer,2,78,2.5641025641025643
2024,30201,urbana,25,hombre,0,57,0.0
2024,30201,urbana,25,mujer,7,86,8.13953488372093
2024,30201,urbana,26,hombre,5,65,7.6923076923076925
2024,30201,urbana,26,mujer,5,65,7.6923076923076925
2024,30201,urbana,27,hombre,6,58,10.344827586206897
2024,30201,urbana,27,mujer,4,80,5.0
2024,30201,urbana,28,hombre,5,50,10.0
2024,30201,urbana,28,mujer,3,69,4.3478260869565215
2024,30202,rural,16,hombre,0,29,0.0
2024,30202,rural,16,mujer,0,26,0.0
2024,30202,rural,17,hombre,0,26,0.0
2024,30202,rural,17,mujer,2,20,10.0
2024,30202,rural,18,hombre,1,34,2.9411764705882355
2024,30202,rural,18,mujer,0,25,0.0
2024,30202,rural,19,hombre,1,15,6.666666666666667
2024,30202,rural,19,mujer,0,25,0.0
2024,30202,rural,20,hombre,0,38,0.0
2024,30202,rural,20,mujer,0,21,0.0
2024,30202,rural,21,hombre,2,32,6.25
2024,30202,rural,21,mujer,1,23,4.3478260869565215
2024,30202,rural,22,hombre,0,32,0.0
2024,30202,rural,22,mujer,2,25,8.0
2024,30202,rural,23,hombre,1,32,3.125
2024,30202,rural,23,mujer,1,30,3.3333333333333335
2024,30202,rural,24,hombre,1,31,3.225806451612903
2024,30202,rural,24,mujer,0,32,0.0
2024,30202,rural,25,hombre,0,41,0.0
2024,30202,rural,25,mujer,0,21,0.0
2024,30202,rural,26,hombre,0,24,0.0
2024,30202,rural,26,mujer,1,20,5.0
2024,30202,rural,27,hombre,3,29,10.344827586206897
2024,30202,rural,27,mujer,0,31,0.0
2024,30202,rural,28,hombre,3,47,6.382978723404255
2024,30202,rural,28,mujer,0,27,0.0
2024,30202,urbana,16,hombre,0,22,0.0
2024,30202,urbana,16,mujer,0,16,0.0
2024,30202,urbana,17,hombre,0,33,0.0
2024,30202,urbana,17,mujer,0,16,0.0
2024,30202,urbana,18,hombre,1,18,5.555555555555555
2024,30202,urbana,18,mujer,0,24,0.0
2024,30202,urbana,19,hombre,1,22,4.545454545454546
2024,30202,urbana,19,mujer,0,25,0.0
2024,30202,urbana,20,hombre,0,24,0.0
2024,30202,urbana,20,mujer,0,12,0.0
2024,30202,urbana,21,hombre,0,32,0.0
2024,30202,urbana,21,mujer,0,19,0.0
2024,30202,urbana,22,hombre,0,21,0.0
2024,30202,urbana,22,mujer,0,18,0.0
2024,30202,urbana,23,hombre,1,29,3.4482758620689653
2024,30202,urbana,23,mujer,1,29,3.4482758620689653
2024,30202,urbana,24,hombre,2,38,5.2631578947368425
2024,30202,urbana,24,mujer,0,24,0.0
2024,30202,urbana,25,hombre,0,20,0.0
2024,30202,urbana,25,mujer,0,17,0.0
2024,30202,urbana,26,hombre,0,28,0.0
2024,30202,urbana,26,mujer,0,23,0.0
2024,30202,urbana,27,hombre,1,27,3.7037037037037037
2024,30202,urbana,27,mujer,0,19,0.0
2024,30202,urbana,28,hombre,0,17,0.0
2024,30202,urbana,28,mujer,1,27,3.7037037037037037
2024,30203,rural,16,hombre,1,62,1.6129032258064515
2024,30203,rural,16,mujer,1,65,1.5384615384615385
2024,30203,rural,17,hombre,2,49,4.081632653061225
2024,30203,rural,17,mujer,0,55,0.0
2024,30203,rural,18,hombre,3,48,6.25
2024,30203,rural,18,mujer,0,50,0.0
2024,30203,rural,19,hombre,1,61,1.639344262295082
2024,30203,rural,19,mujer,0,66,0.0
2024,30203,rural,20,hombre,1,49,2.0408163265306123
2024,30203,rural,20,mujer,0,52,0.0
2024,30203,rural,21,hombre,1,57,1.7543859649122806
2024,30203,rural,21,mujer,1,57,1.7543859649122806
2024,30203,rural,22,hombre,2,67,2.985074626865672
2024,30203,rural,22,mujer,1,54,1.8518518518518519
2024,30203,rural,23,hombre,1,68,1.4705882352941178
2024,30203,rural,23,mujer,0,64,0.0
2024,30203,rural,24,hombre,4,77,5.194805194805195
2024,30203,rural,24,mujer,0,63,0.0
2024,30203,rural,25,hombre,11,55,20.0
2024,30203,rural,25,mujer,2,69,2.898550724637681
2024,30203,rural,26,hombre,2,68,2.9411764705882355
2024,30203,rural,26,mujer,4,69,5.797101449275362
2024,30203,rural,27,hombre,5,59,8.474576271186441
2024,30203,rural,27,mujer,2,43,4.651162790697675
2024,30203,rural,28,hombre,7,54,12.962962962962964
2024,30203,rural,28,mujer,1,52,1.9230769230769231
2024,30301,rural,16,hombre,16,223,7.174887892376682
2024,30301,rural,16,mujer,5,203,2.4630541871921183
2024,30301,rural,17,hombre,20,189,10.582010582010582
2024,30301,rural,17,mujer,8,191,4.18848167539267
2024,30301,rural,18,hombre,26,152,17.105263157894736
2024,30301,rural,18,mujer,10,158,6.329113924050633
2024,30301,rural,19,hombre,29,142,20.422535211267604
2024,30301,rural,19,mujer,2,134,1.492537313432836
2024,30301,rural,20,hombre,30,172,17.441860465116278
2024,30301,rural,20,mujer,9,138,6.521739130434782
2024,30301,rural,21,hombre,36,168,21.428571428571427
2024,30301,rural,21,mujer,5,123,4.065040650406504
2024,30301,rural,22,hombre,30,161,18.633540372670808
2024,30301,rural,22,mujer,8,120,6.666666666666667
2024,30301,rural,23,hombre,24,164,14.634146341463415
2024,30301,rural,23,mujer,8,138,5.797101449275362
2024,30301,rural,24,hombre,39,171,22.80701754385965
2024,30301,rural,24,mujer,8,134,5.970149253731344
2024,30301,rural,25,hombre,36,189,19.047619047619047
2024,30301,rural,25,mujer,3,118,2.542372881355932
2024,30301,rural,26,hombre,34,163,20.858895705521473
2024,30301,rural,26,mujer,10,149,6.7114093959731544
2024,30301,rural,27,hombre,28,143,19.58041958041958
2024,30301,rural,27,mujer,15,131,11.450381679389313
2024,30301,rural,28,hombre,30,146,20.54794520547945
2024,30301,rural,28,mujer,7,125,5.6
2024,30302,rural,16,hombre,5,135,3.7037037037037037
2024,30302,rural,16,mujer,3,134,2.2388059701492535
2024,30302,rural,17,hombre,3,106,2.830188679245283
2024,30302,rural,17,mujer,4,142,2.816901408450704
2024,30302,rural,18,hombre,8,87,9.195402298850574
2024,30302,rural,18,mujer,4,101,3.9603960396039604
2024,30302,rural,19,hombre,9,93,9.67741935483871
2024,30302,rural,19,mujer,8,114,7.017543859649122
2024,30302,rural,20,hombre,11,105,10.476190476190476
2024,30302,rural,20,mujer,7,108,6.481481481481482
2024,30302,rural,21,hombre,17,137,12.408759124087592
2024,30302,rural,21,mujer,4,94,4.25531914893617
2024,30302,rural,22,hombre,14,127,11.023622047244094
2024,30302,rural,22,mujer,2,95,2.1052631578947367
2024,30302,rural,23,hombre,14,127,11.023622047244094
2024,30302,rural,23,mujer,6,122,4.918032786885246
2024,30302,rural,24,hombre,15,118,12.711864406779661
2024,30302,rural,24,mujer,5,112,4.464285714285714
2024,30302,rural,25,hombre,11,129,8.527131782945736
2024,30302,rural,25,mujer,8,99,8.080808080808081
2024,30302,rural,26,hombre,11,104,10.576923076923077
2024,30302,rural,26,mujer,5,104,4.8076923076923075
2024,30302,rural,27,hombre,10,98,10.204081632653061
2024,30302,rural,27,mujer,11,93,11.827956989247312
2024,30302,rural,28,hombre,16,109,14.678899082568808
2024,30302,rural,28,mujer,4,82,4.878048780487805
2024,30303,rural,16,hombre,25,215,11.627906976744185
2024,30303,rural,16,mujer,13,178,7.303370786516854
2024,30303,rural,17,hombre,24,207,11.594202898550725
2024,30303,rural,17,mujer,19,174,10.919540229885058
2024,30303,rural,18,hombre,35,174,20.114942528735632
2024,30303,rural,18,mujer,12,168,7.142857142857143
2024,30303,rural,19,hombre,27,175,15.428571428571429
2024,30303,rural,19,mujer,8,153,5.228758169934641
2024,30303,rural,20,hombre,32,175,18.285714285714285
2024,30303,rural,20,mujer,15,170,8.823529411764707
2024,30303,rural,21,hombre,47,194,24.22680412371134
2024,30303,rural,21,mujer,4,144,2.7777777777777777
2024,30303,rural,22,hombre,49,206,23.78640776699029
2024,30303,rural,22,mujer,8,175,4.571428571428571
2024,30303,rural,23,hombre,62,245,25.306122448979593
2024,30303,rural,23,mujer,12,149,8.053691275167786
2024,30303,rural,24,hombre,50,227,22.026431718061673
2024,30303,rural,24,mujer,13,169,7.6923076923076925
2024,30303,rural,25,hombre,41,168,24.404761904761905
2024,30303,rural,25,mujer,8,124,6.451612903225806
2024,30303,rural,26,hombre,49,187,26.203208556149733
2024,30303,rural,26,mujer,19,140,13.571428571428571
2024,30303,rural,27,hombre,51,181,28.176795580110497
2024,30303,rural,27,mujer,12,142,8.450704225352112
2024,30303,rural,28,hombre,49,146,33.56164383561644
2024,30303,rural,28,mujer,8,122,6.557377049180328
2024,30401,rural,16,hombre,4,59,6.779661016949152
2024,30401,rural,16,mujer,0,45,0.0
2024,30401,rural,17,hombre,7,57,12.280701754385966
2024,30401,rural,17,mujer,6,55,10.909090909090908
2024,30401,rural,18,hombre,9,64,14.0625
2024,30401,rural,18,mujer,3,61,4.918032786885246
2024,30401,rural,19,hombre,3,47,6.382978723404255
2024,30401,rural,19,mujer,3,49,6.122448979591836
2024,30401,rural,20,hombre,7,71,9.859154929577464
2024,30401,rural,20,mujer,2,59,3.389830508474576
2024,30401,rural,21,hombre,13,58,22.413793103448278
2024,30401,rural,21,mujer,5,71,7.042253521126761
2024,30401,rural,22,hombre,5,50,10.0
2024,30401,rural,22,mujer,8,54,14.814814814814815
2024,30401,rural,23,hombre,7,53,13.20754716981132
2024,30401,rural,23,mujer,6,62,9.67741935483871
2024,30401,rural,24,hombre,11,74,14.864864864864865
2024,30401,rural,24,mujer,8,72,11.11111111111111
2024,30401,rural,25,hombre,9,52,17.307692307692307
2024,30401,rural,25,mujer,3,57,5.2631578947368425
2024,30401,rural,26,hombre,10,47,21.27659574468085
2024,30401,rural,26,mujer,1,54,1.8518518518518519
2024,30401,rural,27,hombre,12,58,20.689655172413794
2024,30401,rural,27,mujer,4,36,11.11111111111111
2024,30401,rural,28,hombre,6,40,15.0
2024,30401,rural,28,mujer,2,49,4.081632653061225
2024,30401,urbana,16,hombre,1,23,4.3478260869565215
2024,30401,urbana,16,mujer,2,33,6.0606060606060606
2024,30401,urbana,17,hombre,3,49,6.122448979591836
2024,30401,urbana,17,mujer,5,45,11.11111111111111
2024,30401,urbana,18,hombre,5,81,6.172839506172839
2024,30401,urbana,18,mujer,3,40,7.5
2024,30401,urbana,19,hombre,4,91,4.395604395604396
2024,30401,urbana,19,mujer,6,54,11.11111111111111
2024,30401,urbana,20,hombre,9,90,10.0
2024,30401,urbana,20,mujer,7,59,11.864406779661017
2024,30401,urbana,21,hombre,2,80,2.5
2024,30401,urbana,21,mujer,4,47,8.51063829787234
2024,30401,urbana,22,hombre,9,106,8.49056603773585
2024,30401,urbana,22,mujer,1,46,2.1739130434782608
2024,30401,urbana,23,hombre,9,101,8.910891089108912
2024,30401,urbana,23,mujer,3,47,6.382978723404255
2024,30401,urbana,24,hombre,7,56,12.5
2024,30401,urbana,24,mujer,1,40,2.5
2024,30401,urbana,25,hombre,5,36,13.88888888888889
2024,30401,urbana,25,mujer,3,44,6.818181818181818
2024,30401,urbana,26,hombre,5,38,13.157894736842104
2024,30401,urbana,26,mujer,3,46,6.521739130434782
2024,30401,urbana,27,hombre,3,25,12.0
2024,30401,urbana,27,mujer,4,33,12.121212121212121
2024,30401,urbana,28,hombre,5,35,14.285714285714286
2024,30401,urbana,28,mujer,5,28,17.857142857142858
2024,30402,rural,16,hombre,10,57,17.54385964912281
2024,30402,rural,16,mujer,9,75,12.0
2024,30402,rural,17,hombre,8,69,11.594202898550725
2024,30402,rural,17,mujer,6,67,8.955223880597014
2024,30402,rural,18,hombre,16,49,32.6530612244898
2024,30402,rural,18,mujer,7,49,14.285714285714286
2024,30402,rural,19,hombre,12,50,24.0
2024,30402,rural,19,mujer,3,48,6.25
2024,30402,rural,20,hombre,11,50,22.0
2024,30402,rural,20,mujer,6,49,12.244897959183673
2024,30402,rural,21,hombre,14,44,31.818181818181817
2024,30402,rural,21,mujer,9,42,21.428571428571427
2024,30402,rural,22,hombre,7,41,17.073170731707318
2024,30402,rural,22,mujer,11,55,20.0
2024,30402,rural,23,hombre,9,45,20.0
2024,30402,rural,23,mujer,6,50,12.0
2024,30402,rural,24,hombre,13,45,28.88888888888889
2024,30402,rural,24,mujer,4,43,9.30232558139535
2024,30402,rural,25,hombre,12,53,22.641509433962263
2024,30402,rural,25,mujer,3,42,7.142857142857143
2024,30402,rural,26,hombre,14,56,25.0
2024,30402,rural,26,mujer,8,44,18.181818181818183
2024,30402,rural,27,hombre,16,44,36.36363636363637
2024,30402,rural,27,mujer,3,40,7.5
2024,30402,rural,28,hombre,10,37,27.027027027027028
2024,30402,rural,28,mujer,5,37,13.513513513513514
2024,30403,rural,16,hombre,3,70,4.285714285714286
2024,30403,rural,16,mujer,1,48,2.0833333333333335
2024,30403,rural,17,hombre,5,81,6.172839506172839
2024,30403,rural,17,mujer,3,74,4.054054054054054
2024,30403,rural,18,hombre,5,60,8.333333333333334
2024,30403,rural,18,mujer,1,61,1.639344262295082
2024,30403,rural,19,hombre,10,70,14.285714285714286
2024,30403,rural,19,mujer,2,51,3.9215686274509802
2024,30403,rural,20,hombre,9,65,13.846153846153847
2024,30403,rural,20,mujer,4,60,6.666666666666667
2024,30403,rural,21,hombre,7,72,9.722222222222221
2024,30403,rural,21,mujer,3,67,4.477611940298507
2024,30403,rural,22,hombre,9,74,12.162162162162161
2024,30403,rural,22,mujer,3,65,4.615384615384615
2024,30403,rural,23,hombre,11,65,16.923076923076923
2024,30403,rural,23,mujer,4,71,5.633802816901408
2024,30403,rural,24,hombre,5,68,7.352941176470588
2024,30403,rural,24,mujer,3,81,3.7037037037037037
2024,30403,rural,25,hombre,11,71,15.492957746478874
2024,30403,rural,25,mujer,5,69,7.246376811594203
2024,30403,rural,26,hombre,11,59,18.64406779661017
2024,30403,rural,26,mujer,2,62,3.225806451612903
2024,30403,rural,27,hombre,10,54,18.51851851851852
2024,30403,rural,27,mujer,9,90,10.0
2024,30403,rural,28,hombre,8,71,11.267605633802816
2024,30403,rural,28,mujer,9,72,12.5
2024,30403,urbana,16,hombre,17,179,9.497206703910615
2024,30403,urbana,16,mujer,8,194,4.123711340206185
2024,30403,urbana,17,hombre,15,165,9.090909090909092
2024,30403,urbana,17,mujer,18,188,9.574468085106384
2024,30403,urbana,18,hombre,25,178,14.044943820224718
2024,30403,urbana,18,mujer,23,201,11.442786069651742
2024,30403,urbana,19,hombre,31,171,18.128654970760234
2024,30403,urbana,19,mujer,28,205,13.658536585365853
2024,30403,urbana,20,hombre,36,172,20.930232558139537
2024,30403,urbana,20,mujer,29,191,15.18324607329843
2024,30403,urbana,21,hombre,37,183,20.218579234972676
2024,30403,urbana,21,mujer,31,211,14.691943127962086
2024,30403,urbana,22,hombre,45,179,25.139664804469273
2024,30403,urbana,22,mujer,25,203,12.31527093596059
2024,30403,urbana,23,hombre,44,219,20.091324200913242
2024,30403,urbana,23,mujer,30,179,16.75977653631285
2024,30403,urbana,24,hombre,50,235,21.27659574468085
2024,30403,urbana,24,mujer,24,242,9.917355371900827
2024,30403,urbana,25,hombre,42,189,22.22222222222222
2024,30403,urbana,25,mujer,20,214,9.345794392523365
2024,30403,urbana,26,hombre,47,163,28.834355828220858
2024,30403,urbana,26,mujer,25,206,12.135922330097088
2024,30403,urbana,27,hombre,52,201,25.870646766169155
2024,30403,urbana,27,mujer,23,213,10.7981220657277
2024,30403,urbana,28,hombre,45,190,23.68421052631579
2024,30403,urbana,28,mujer,16,181,8.839779005524862
2024,30404,rural,16,hombre,3,55,5.454545454545454
2024,30404,rural,16,mujer,3,47,6.382978723404255
2024,30404,rural,17,hombre,3,46,6.521739130434782
2024,30404,rural,17,mujer,0,40,0.0
2024,30404,rural,18,hombre,8,53,15.09433962264151
2024,30404,rural,18,mujer,2,46,4.3478260869565215
2024,30404,rural,19,hombre,3,34,8.823529411764707
2024,30404,rural,19,mujer,5,33,15.151515151515152
2024,30404,rural,20,hombre,7,40,17.5
2024,30404,rural,20,mujer,7,29,24.137931034482758
2024,30404,rural,21,hombre,3,35,8.571428571428571
2024,30404,rural,21,mujer,1,35,2.857142857142857
2024,30404,rural,22,hombre,7,45,15.555555555555555
2024,30404,rural,22,mujer,1,34,2.9411764705882355
2024,30404,rural,23,hombre,8,54,14.814814814814815
2024,30404,rural,23,mujer,3,41,7.317073170731708
2024,30404,rural,24,hombre,2,40,5.0
2024,30404,rural,24,mujer,2,46,4.3478260869565215
2024,30404,rural,25,hombre,4,33,12.121212121212121
2024,30404,rural,25,mujer,1,37,2.7027027027027026
2024,30404,rural,26,hombre,10,42,23.80952380952381
2024,30404,rural,26,mujer,6,43,13.953488372093023
2024,30404,rural,27,hombre,5,26,19.23076923076923
2024,30404,rural,27,mujer,1,40,2.5
2024,30404,rural,28,hombre,9,40,22.5
2024,30404,rural,28,mujer,1,29,3.4482758620689653
2024,30501,rural,16,hombre,3,51,5.882352941176471
2024,30501,rural,16,mujer,4,56,7.142857142857143
2024,30501,rural,17,hombre,4,46,8.695652173913043
2024,30501,rural,17,mujer,1,40,2.5
2024,30501,rural,18,hombre,6,37,16.216216216216218
2024,30501,rural,18,mujer,5,48,10.416666666666666
2024,30501,rural,19,hombre,6,53,11.320754716981131
2024,30501,rural,19,mujer,4,44,9.090909090909092
2024,30501,rural,20,hombre,10,48,20.833333333333332
2024,30501,rural,20,mujer,5,60,8.333333333333334
2024,30501,rural,21,hombre,5,42,11.904761904761905
2024,30501,rural,21,mujer,7,49,14.285714285714286
2024,30501,rural,22,hombre,7,40,17.5
2024,30501,rural,22,mujer,8,49,16.3265306122449
2024,30501,rural,23,hombre,4,54,7.407407407407407
2024,30501,rural,23,mujer,3,51,5.882352941176471
2024,30501,rural,24,hombre,5,50,10.0
2024,30501,rural,24,mujer,5,45,11.11111111111111
2024,30501,rural,25,hombre,6,36,16.666666666666668
2024,30501,rural,25,mujer,6,59,10.169491525423728
2024,30501,rural,26,hombre,6,47,12.76595744680851
2024,30501,rural,26,mujer,2,50,4.0
2024,30501,rural,27,hombre,5,39,12.820512820512821
2024,30501,rural,27,mujer,3,47,6.382978723404255
2024,30501,rural,28,hombre,17,53,32.075471698113205
2024,30501,rural,28,mujer,6,48,12.5
2024,30501,urbana,16,hombre,4,36,11.11111111111111
2024,30501,urbana,16,mujer,1,36,2.7777777777777777
2024,30501,urbana,17,hombre,0,46,0.0
2024,30501,urbana,17,mujer,1,31,3.225806451612903
2024,30501,urbana,18,hombre,5,46,10.869565217391305
2024,30501,urbana,18,mujer,0,44,0.0
2024,30501,urbana,19,hombre,1,39,2.5641025641025643
2024,30501,urbana,19,mujer,2,38,5.2631578947368425
2024,30501,urbana,20,hombre,2,47,4.25531914893617
2024,30501,urbana,20,mujer,5,45,11.11111111111111
2024,30501,urbana,21,hombre,2,48,4.166666666666667
2024,30501,urbana,21,mujer,0,39,0.0
2024,30501,urbana,22,hombre,8,44,18.181818181818183
2024,30501,urbana,22,mujer,3,38,7.894736842105263
2024,30501,urbana,23,hombre,2,42,4.761904761904762
2024,30501,urbana,23,mujer,4,48,8.333333333333334
2024,30501,urbana,24,hombre,4,46,8.695652173913043
2024,30501,urbana,24,mujer,0,44,0.0
2024,30501,urbana,25,hombre,3,36,8.333333333333334
2024,30501,urbana,25,mujer,2,22,9.090909090909092
2024,30501,urbana,26,hombre,3,45,6.666666666666667
2024,30501,urbana,26,mujer,2,44,4.545454545454546
2024,30501,urbana,27,hombre,4,37,10.81081081081081
2024,30501,urbana,27,mujer,2,30,6.666666666666667
2024,30501,urbana,28,hombre,4,37,10.81081081081081
2024,30501,urbana,28,mujer,4,27,14.814814814814815
2024,30502,rural,16,hombre,5,73,6.8493150684931505
2024,30502,rural,16,mujer,3,73,4.109589041095891
2024,30502,rural,17,hombre,5,66,7.575757575757576
2024,30502,rural,17,mujer,4,66,6.0606060606060606
2024,30502,rural,18,hombre,9,57,15.789473684210526
2024,30502,rural,18,mujer,1,60,1.6666666666666667
2024,30502,rural,19,hombre,8,65,12.307692307692308
2024,30502,rural,19,mujer,5,70,7.142857142857143
2024,30502,rural,20,hombre,5,59,8.474576271186441
2024,30502,rural,20,mujer,8,81,9.876543209876543
2024,30502,rural,21,hombre,9,59,15.254237288135593
2024,30502,rural,21,mujer,4,54,7.407407407407407
2024,30502,rural,22,hombre,18,77,23.376623376623378
2024,30502,rural,22,mujer,4,62,6.451612903225806
2024,30502,rural,23,hombre,12,66,18.181818181818183
2024,30502,rural,23,mujer,4,73,5.47945205479452
2024,30502,rural,24,hombre,11,60,18.333333333333332
2024,30502,rural,24,mujer,2,75,2.6666666666666665
2024,30502,rural,25,hombre,5,46,10.869565217391305
2024,30502,rural,25,mujer,3,65,4.615384615384615
2024,30502,rural,26,hombre,6,46,13.043478260869565
2024,30502,rural,26,mujer,1,34,2.9411764705882355
2024,30502,rural,27,hombre,10,52,19.23076923076923
2024,30502,rural,27,mujer,2,56,3.5714285714285716
2024,30502,rural,28,hombre,9,51,17.647058823529413
2024,30502,rural,28,mujer,9,52,17.307692307692307
2024,30601,rural,16,hombre,13,106,12.264150943396226
2024,30601,rural,16,mujer,3,90,3.3333333333333335
2024,30601,rural,17,hombre,8,94,8.51063829787234
2024,30601,rural,17,mujer,4,88,4.545454545454546
2024,30601,rural,18,hombre,15,90,16.666666666666668
2024,30601,rural,18,mujer,4,99,4.040404040404041
2024,30601,rural,19,hombre,11,83,13.25301204819277
2024,30601,rural,19,mujer,4,93,4.301075268817204
2024,30601,rural,20,hombre,20,88,22.727272727272727
2024,30601,rural,20,mujer,5,97,5.154639175257732
2024,30601,rural,21,hombre,6,86,6.976744186046512
2024,30601,rural,21,mujer,10,84,11.904761904761905
2024,30601,rural,22,hombre,14,83,16.867469879518072
2024,30601,rural,22,mujer,3,81,3.7037037037037037
2024,30601,rural,23,hombre,18,117,15.384615384615385
2024,30601,rural,23,mujer,2,84,2.380952380952381
2024,30601,rural,24,hombre,22,109,20.18348623853211
2024,30601,rural,24,mujer,9,111,8.108108108108109
2024,30601,rural,25,hombre,14,83,16.867469879518072
2024,30601,rural,25,mujer,5,78,6.410256410256411
2024,30601,rural,26,hombre,15,82,18.29268292682927
2024,30601,rural,26,mujer,6,62,9.67741935483871
2024,30601,rural,27,hombre,15,82,18.29268292682927
2024,30601,rural,27,mujer,3,61,4.918032786885246
2024,30601,rural,28,hombre,15,67,22.388059701492537
2024,30601,rural,28,mujer,7,58,12.068965517241379
2024,30602,rural,16,hombre,13,110,11.818181818181818
2024,30602,rural,16,mujer,7,98,7.142857142857143
2024,30602,rural,17,hombre,20,97,20.61855670103093
2024,30602,rural,17,mujer,10,74,13.513513513513514
2024,30602,rural,18,hombre,13,91,14.285714285714286
2024,30602,rural,18,mujer,11,85,12.941176470588236
2024,30602,rural,19,hombre,11,80,13.75
2024,30602,rural,19,mujer,4,86,4.651162790697675
2024,30602,rural,20,hombre,8,104,7.6923076923076925
2024,30602,rural,20,mujer,4,77,5.194805194805195
2024,30602,rural,21,hombre,15,92,16.304347826086957
2024,30602,rural,21,mujer,5,90,5.555555555555555
2024,30602,rural,22,hombre,7,85,8.235294117647058
2024,30602,rural,22,mujer,8,80,10.0
2024,30602,rural,23,hombre,23,127,18.11023622047244
2024,30602,rural,23,mujer,4,79,5.063291139240507
2024,30602,rural,24,hombre,20,99,20.2020202020202
2024,30602,rural,24,mujer,7,83,8.433734939759036
2024,30602,rural,25,hombre,13,99,13.131313131313131
2024,30602,rural,25,mujer,3,58,5.172413793103448
2024,30602,rural,26,hombre,13,78,16.666666666666668
2024,30602,rural,26,mujer,5,71,7.042253521126761
2024,30602,rural,27,hombre,14,76,18.42105263157895
2024,30602,rural,27,mujer,7,72,9.722222222222221
2024,30602,rural,28,hombre,21,99,21.21212121212121
2024,30602,rural,28,mujer,2,60,3.3333333333333335
2024,30701,rural,16,hombre,5,94,5.319148936170213
2024,30701,rural,16,mujer,2,105,1.9047619047619047
2024,30701,rural,17,hombre,13,104,12.5
2024,30701,rural,17,mujer,6,96,6.25
2024,30701,rural,18,hombre,13,71,18.309859154929576
2024,30701,rural,18,mujer,8,83,9.63855421686747
2024,30701,rural,19,hombre,17,71,23.943661971830984
2024,30701,rural,19,mujer,10,92,10.869565217391305
2024,30701,rural,20,hombre,14,80,17.5
2024,30701,rural,20,mujer,8,64,12.5
2024,30701,rural,21,hombre,15,75,20.0
2024,30701,rural,21,mujer,11,81,13.580246913580247
2024,30701,rural,22,hombre,14,82,17.073170731707318
2024,30701,rural,22,mujer,5,68,7.352941176470588
2024,30701,rural,23,hombre,24,82,29.26829268292683
2024,30701,rural,23,mujer,16,98,16.3265306122449
2024,30701,rural,24,hombre,20,87,22.988505747126435
2024,30701,rural,24,mujer,5,91,5.4945054945054945
2024,30701,rural,25,hombre,17,96,17.708333333333332
2024,30701,rural,25,mujer,7,96,7.291666666666667
2024,30701,rural,26,hombre,12,68,17.647058823529413
2024,30701,rural,26,mujer,5,89,5.617977528089888
2024,30701,rural,27,hombre,15,80,18.75
2024,30701,rural,27,mujer,11,90,12.222222222222221
2024,30701,rural,28,hombre,15,62,24.193548387096776
2024,30701,rural,28,mujer,6,70,8.571428571428571
2024,30701,urbana,16,hombre,6,111,5.405405405405405
2024,30701,urbana,16,mujer,3,97,3.0927835051546393
2024,30701,urbana,17,hombre,6,87,6.896551724137931
2024,30701,urbana,17,mujer,5,102,4.901960784313726
2024,30701,urbana,18,hombre,6,72,8.333333333333334
2024,30701,urbana,18,mujer,6,85,7.0588235294117645
2024,30701,urbana,19,hombre,5,66,7.575757575757576
2024,30701,urbana,19,mujer,4,88,4.545454545454546
2024,30701,urbana,20,hombre,5,69,7.246376811594203
2024,30701,urbana,20,mujer,6,77,7.792207792207792
2024,30701,urbana,21,hombre,6,63,9.523809523809524
2024,30701,urbana,21,mujer,4,65,6.153846153846154
2024,30701,urbana,22,hombre,9,67,13.432835820895523
2024,30701,urbana,22,mujer,4,69,5.797101449275362
2024,30701,urbana,23,hombre,6,64,9.375
2024,30701,urbana,23,mujer,4,87,4.597701149425287
2024,30701,urbana,24,hombre,9,69,13.043478260869565
2024,30701,urbana,24,mujer,5,77,6.4935064935064934
2024,30701,urbana,25,hombre,6,67,8.955223880597014
2024,30701,urbana,25,mujer,4,66,6.0606060606060606
2024,30701,urbana,26,hombre,5,65,7.6923076923076925
2024,30701,urbana,26,mujer,6,71,8.450704225352112
2024,30701,urbana,27,hombre,8,64,12.5
2024,30701,urbana,27,mujer,2,66,3.0303030303030303
2024,30701,urbana,28,hombre,5,67,7.462686567164179
2024,30701,urbana,28,mujer,2,61,3.278688524590164
2024,30702,rural,16,hombre,2,53,3.7735849056603774
2024,30702,rural,16,mujer,2,61,3.278688524590164
2024,30702,rural,17,hombre,3,64,4.6875
2024,30702,rural,17,mujer,2,44,4.545454545454546
2024,30702,rural,18,hombre,4,109,3.669724770642202
2024,30702,rural,18,mujer,4,56,7.142857142857143
2024,30702,rural,19,hombre,4,83,4.819277108433735
2024,30702,rural,19,mujer,4,49,8.16326530612245
2024,30702,rural,20,hombre,15,85,17.647058823529413
2024,30702,rural,20,mujer,4,58,6.896551724137931
2024,30702,rural,21,hombre,5,42,11.904761904761905
2024,30702,rural,21,mujer,2,47,4.25531914893617
2024,30702,rural,22,hombre,18,69,26.08695652173913
2024,30702,rural,22,mujer,4,66,6.0606060606060606
2024,30702,rural,23,hombre,3,67,4.477611940298507
2024,30702,rural,23,mujer,3,61,4.918032786885246
2024,30702,rural,24,hombre,14,55,25.454545454545453
2024,30702,rural,24,mujer,4,51,7.8431372549019605
2024,30702,rural,25,hombre,7,57,12.280701754385966
2024,30702,rural,25,mujer,2,62,3.225806451612903
2024,30702,rural,26,hombre,5,56,8.928571428571429
2024,30702,rural,26,mujer,7,56,12.5
2024,30702,rural,27,hombre,13,65,20.0
2024,30702,rural,27,mujer,3,63,4.761904761904762
2024,30702,rural,28,hombre,13,57,22.80701754385965
2024,30702,rural,28,mujer,3,55,5.454545454545454
2024,30703,rural,16,hombre,1,43,2.3255813953488373
2024,30703,rural,16,mujer,0,38,0.0
2024,30703,rural,17,hombre,1,39,2.5641025641025643
2024,30703,rural,17,mujer,0,36,0.0
2024,30703,rural,18,hombre,2,34,5.882352941176471
2024,30703,rural,18,mujer,3,32,9.375
2024,30703,rural,19,hombre,2,40,5.0
2024,30703,rural,19,mujer,1,29,3.4482758620689653
2024,30703,rural,20,hombre,3,29,10.344827586206897
2024,30703,rural,20,mujer,0,30,0.0
2024,30703,rural,21,hombre,4,30,13.333333333333334
2024,30703,rural,21,mujer,2,31,6.451612903225806
2024,30703,rural,22,hombre,4,30,13.333333333333334
2024,30703,rural,22,mujer,3,30,10.0
2024,30703,rural,23,hombre,4,37,10.81081081081081
2024,30703,rural,23,mujer,1,46,2.1739130434782608
2024,30703,rural,24,hombre,0,48,0.0
2024,30703,rural,24,mujer,0,28,0.0
2024,30703,rural,25,hombre,5,33,15.151515151515152
2024,30703,rural,25,mujer,0,29,0.0
2024,30703,rural,26,hombre,6,33,18.181818181818183
2024,30703,rural,26,mujer,0,20,0.0
2024,30703,rural,27,hombre,3,38,7.894736842105263
2024,30703,rural,27,mujer,4,31,12.903225806451612
2024,30703,rural,28,hombre,3,26,11.538461538461538
2024,30703,rural,28,mujer,1,32,3.125
2024,30801,rural,16,hombre,5,72,6.944444444444445
2024,30801,rural,16,mujer,2,89,2.247191011235955
2024,30801,rural,17,hombre,4,100,4.0
2024,30801,rural,17,mujer,0,72,0.0
2024,30801,rural,18,hombre,3,84,3.5714285714285716
2024,30801,rural,18,mujer,4,88,4.545454545454546
2024,30801,rural,19,hombre,3,82,3.658536585365854
2024,30801,rural,19,mujer,1,79,1.2658227848101267
2024,30801,rural,20,hombre,2,85,2.3529411764705883
2024,30801,rural,20,mujer,3,76,3.9473684210526314
2024,30801,rural,21,hombre,6,85,7.0588235294117645
2024,30801,rural,21,mujer,1,86,1.1627906976744187
2024,30801,rural,22,hombre,7,75,9.333333333333334
2024,30801,rural,22,mujer,1,85,1.1764705882352942
2024,30801,rural,23,hombre,6,81,7.407407407407407
2024,30801,rural,23,mujer,1,95,1.0526315789473684
2024,30801,rural,24,hombre,3,86,3.488372093023256
2024,30801,rural,24,mujer,1,78,1.2820512820512822
2024,30801,rural,25,hombre,5,85,5.882352941176471
2024,30801,rural,25,mujer,2,75,2.6666666666666665
2024,30801,rural,26,hombre,8,84,9.523809523809524
2024,30801,rural,26,mujer,2,74,2.7027027027027026
2024,30801,rural,27,hombre,8,62,12.903225806451612
2024,30801,rural,27,mujer,4,71,5.633802816901408
2024,30801,rural,28,hombre,8,60,13.333333333333334
2024,30801,rural,28,mujer,2,78,2.5641025641025643
2024,30801,urbana,16,hombre,0,85,0.0
2024,30801,urbana,16,mujer,2,90,2.2222222222222223
2024,30801,urbana,17,hombre,1,100,1.0
2024,30801,urbana,17,mujer,3,86,3.488372093023256
2024,30801,urbana,18,hombre,2,84,2.380952380952381
2024,30801,urbana,18,mujer,2,93,2.150537634408602
2024,30801,urbana,19,hombre,3,86,3.488372093023256
2024,30801,urbana,19,mujer,2,83,2.4096385542168677
2024,30801,urbana,20,hombre,3,77,3.896103896103896
2024,30801,urbana,20,mujer,1,87,1.1494252873563218
2024,30801,urbana,21,hombre,3,98,3.061224489795918
2024,30801,urbana,21,mujer,4,91,4.395604395604396
2024,30801,urbana,22,hombre,2,74,2.7027027027027026
2024,30801,urbana,22,mujer,3,101,2.9702970297029703
2024,30801,urbana,23,hombre,3,97,3.0927835051546393
2024,30801,urbana,23,mujer,2,109,1.834862385321101
2024,30801,urbana,24,hombre,4,99,4.040404040404041
2024,30801,urbana,24,mujer,1,102,0.9803921568627451
2024,30801,urbana,25,hombre,3,106,2.830188679245283
2024,30801,urbana,25,mujer,1,79,1.2658227848101267
2024,30801,urbana,26,hombre,4,113,3.5398230088495577
2024,30801,urbana,26,mujer,2,80,2.5
2024,30801,urbana,27,hombre,4,88,4.545454545454546
2024,30801,urbana,27,mujer,1,82,1.2195121951219512
2024,30801,urbana,28,hombre,2,85,2.3529411764705883
2024,30801,urbana,28,mujer,0,99,0.0
2024,30802,rural,16,hombre,4,70,5.714285714285714
2024,30802,rural,16,mujer,0,43,0.0
2024,30802,rural,17,hombre,2,50,4.0
2024,30802,rural,17,mujer,1,51,1.9607843137254901
2024,30802,rural,18,hombre,6,64,9.375
2024,30802,rural,18,mujer,3,51,5.882352941176471
2024,30802,rural,19,hombre,4,47,8.51063829787234
2024,30802,rural,19,mujer,0,49,0.0
2024,30802,rural,20,hombre,5,56,8.928571428571429
2024,30802,rural,20,mujer,3,48,6.25
2024,30802,rural,21,hombre,4,66,6.0606060606060606
2024,30802,rural,21,mujer,3,61,4.918032786885246
2024,30802,rural,22,hombre,1,47,2.127659574468085
2024,30802,rural,22,mujer,3,53,5.660377358490566
2024,30802,rural,23,hombre,5,56,8.928571428571429
2024,30802,rural,23,mujer,8,67,11.940298507462687
2024,30802,rural,24,hombre,3,60,5.0
2024,30802,rural,24,mujer,5,54,9.25925925925926
2024,30802,rural,25,hombre,3,53,5.660377358490566
2024,30802,rural,25,mujer,3,51,5.882352941176471
2024,30802,rural,26,hombre,11,60,18.333333333333332
2024,30802,rural,26,mujer,5,55,9.090909090909092
2024,30802,rural,27,hombre,8,59,13.559322033898304
2024,30802,rural,27,mujer,7,51,13.72549019607843
2024,30802,rural,28,hombre,8,57,14.035087719298245
2024,30802,rural,28,mujer,1,52,1.9230769230769231
2024,30803,rural,16,hombre,0,42,0.0
2024,30803,rural,16,mujer,1,27,3.7037037037037037
2024,30803,rural,17,hombre,3,80,3.75
2024,30803,rural,17,mujer,0,50,0.0
2024,30803,rural,18,hombre,1,194,0.5154639175257731
2024,30803,rural,18,mujer,3,61,4.918032786885246
2024,30803,rural,19,hombre,7,146,4.794520547945205
2024,30803,rural,19,mujer,7,54,12.962962962962964
2024,30803,rural,20,hombre,4,106,3.7735849056603774
2024,30803,rural,20,mujer,2,51,3.9215686274509802
2024,30803,rural,21,hombre,4,88,4.545454545454546
2024,30803,rural,21,mujer,0,45,0.0
2024,30803,rural,22,hombre,4,107,3.7383177570093458
2024,30803,rural,22,mujer,4,53,7.547169811320755
2024,30803,rural,23,hombre,4,82,4.878048780487805
2024,30803,rural,23,mujer,1,63,1.5873015873015872
2024,30803,rural,24,hombre,6,64,9.375
2024,30803,rural,24,mujer,3,54,5.555555555555555
2024,30803,rural,25,hombre,6,60,10.0
2024,30803,rural,25,mujer,1,56,1.7857142857142858
2024,30803,rural,26,hombre,5,44,11.363636363636363
2024,30803,rural,26,mujer,3,57,5.2631578947368425
2024,30803,rural,27,hombre,10,61,16.39344262295082
2024,30803,rural,27,mujer,3,45,6.666666666666667
2024,30803,rural,28,hombre,5,53,9.433962264150944
2024,30803,rural,28,mujer,1,51,1.9607843137254901
2024,30803,urbana,16,hombre,1,17,5.882352941176471
2024,30803,urbana,16,mujer,2,24,8.333333333333334
2024,30803,urbana,17,hombre,0,61,0.0
2024,30803,urbana,17,mujer,0,22,0.0
2024,30803,urbana,18,hombre,0,152,0.0
2024,30803,urbana,18,mujer,1,17,5.882352941176471
2024,30803,urbana,19,hombre,1,65,1.5384615384615385
2024,30803,urbana,19,mujer,0,17,0.0
2024,30803,urbana,20,hombre,0,40,0.0
2024,30803,urbana,20,mujer,0,20,0.0
2024,30803,urbana,21,hombre,0,20,0.0
2024,30803,urbana,21,mujer,1,24,4.166666666666667
2024,30803,urbana,22,hombre,0,20,0.0
2024,30803,urbana,22,mujer,0,19,0.0
2024,30803,urbana,23,hombre,1,20,5.0
2024,30803,urbana,23,mujer,0,18,0.0
2024,30803,urbana,24,hombre,1,15,6.666666666666667
2024,30803,urbana,24,mujer,1,19,5.2631578947368425
2024,30803,urbana,25,hombre,0,19,0.0
2024,30803,urbana,25,mujer,0,21,0.0
2024,30803,urbana,26,hombre,1,18,5.555555555555555
2024,30803,urbana,26,mujer,0,24,0.0
2024,30803,urbana,27,hombre,0,12,0.0
2024,30803,urbana,27,mujer,0,20,0.0
2024,30803,urbana,28,hombre,1,14,7.142857142857143
2024,30803,urbana,28,mujer,1,22,4.545454545454546
2024,30901,rural,16,hombre,2,97,2.0618556701030926
2024,30901,rural,16,mujer,1,81,1.2345679012345678
2024,30901,rural,17,hombre,7,61,11.475409836065573
2024,30901,rural,17,mujer,1,74,1.3513513513513513
2024,30901,rural,18,hombre,10,63,15.873015873015873
2024,30901,rural,18,mujer,2,63,3.1746031746031744
2024,30901,rural,19,hombre,4,53,7.547169811320755
2024,30901,rural,19,mujer,4,81,4.938271604938271
2024,30901,rural,20,hombre,14,68,20.58823529411765
2024,30901,rural,20,mujer,3,64,4.6875
2024,30901,rural,21,hombre,12,74,16.216216216216218
2024,30901,rural,21,mujer,4,76,5.2631578947368425
2024,30901,rural,22,hombre,6,65,9.23076923076923
2024,30901,rural,22,mujer,2,51,3.9215686274509802
2024,30901,rural,23,hombre,11,77,14.285714285714286
2024,30901,rural,23,mujer,2,67,2.985074626865672
2024,30901,rural,24,hombre,11,74,14.864864864864865
2024,30901,rural,24,mujer,4,81,4.938271604938271
2024,30901,rural,25,hombre,16,72,22.22222222222222
2024,30901,rural,25,mujer,4,74,5.405405405405405
2024,30901,rural,26,hombre,10,56,17.857142857142858
2024,30901,rural,26,mujer,2,70,2.857142857142857
2024,30901,rural,27,hombre,14,70,20.0
2024,30901,rural,27,mujer,1,64,1.5625
2024,30901,rural,28,hombre,5,48,10.416666666666666
2024,30901,rural,28,mujer,4,49,8.16326530612245
2024,30901,urbana,16,hombre,37,1468,2.5204359673024523
2024,30901,urbana,16,mujer,29,1478,1.9621109607577807
2024,30901,urbana,17,hombre,27,1447,1.8659295093296475
2024,30901,urbana,17,mujer,32,1523,2.101116217990808
2024,30901,urbana,18,hombre,65,1601,4.059962523422861
2024,30901,urbana,18,mujer,54,1458,3.7037037037037037
2024,30901,urbana,19,hombre,77,1521,5.062458908612755
2024,30901,urbana,19,mujer,68,1499,4.536357571714476
2024,30901,urbana,20,hombre,89,1403,6.343549536707056
2024,30901,urbana,20,mujer,77,1501,5.129913391072618
2024,30901,urbana,21,hombre,92,1440,6.388888888888889
2024,30901,urbana,21,mujer,72,1534,4.69361147327249
2024,30901,urbana,22,hombre,80,1358,5.891016200294551
2024,30901,urbana,22,mujer,84,1491,5.633802816901408
2024,30901,urbana,23,hombre,105,1538,6.82704811443433
2024,30901,urbana,23,mujer,66,1611,4.0968342644320295
2024,30901,urbana,24,hombre,117,1505,7.774086378737541
2024,30901,urbana,24,mujer,72,1659,4.3399638336347195
2024,30901,urbana,25,hombre,93,1350,6.888888888888889
2024,30901,urbana,25,mujer,68,1526,4.456094364351245
2024,30901,urbana,26,hombre,102,1383,7.375271149674621
2024,30901,urbana,26,mujer,62,1490,4.1610738255033555
2024,30901,urbana,27,hombre,110,1354,8.124076809453472
2024,30901,urbana,27,mujer,54,1423,3.7947997189037244
2024,30901,urbana,28,hombre,93,1306,7.120980091883614
2024,30901,urbana,28,mujer,50,1469,3.4036759700476513
2024,30902,rural,16,hombre,11,185,5.945945945945946
2024,30902,rural,16,mujer,4,177,2.2598870056497176
2024,30902,rural,17,hombre,7,161,4.3478260869565215
2024,30902,rural,17,mujer,9,173,5.202312138728324
2024,30902,rural,18,hombre,16,130,12.307692307692308
2024,30902,rural,18,mujer,14,172,8.13953488372093
2024,30902,rural,19,hombre,8,122,6.557377049180328
2024,30902,rural,19,mujer,6,169,3.5502958579881656
2024,30902,rural,20,hombre,16,153,10.457516339869281
2024,30902,rural,20,mujer,11,160,6.875
2024,30902,rural,21,hombre,22,142,15.492957746478874
2024,30902,rural,21,mujer,15,176,8.522727272727273
2024,30902,rural,22,hombre,13,162,8.024691358024691
2024,30902,rural,22,mujer,11,149,7.382550335570469
2024,30902,rural,23,hombre,22,182,12.087912087912088
2024,30902,rural,23,mujer,8,178,4.49438202247191
2024,30902,rural,24,hombre,17,157,10.828025477707007
2024,30902,rural,24,mujer,10,184,5.434782608695652
2024,30902,rural,25,hombre,26,152,17.105263157894736
2024,30902,rural,25,mujer,9,162,5.555555555555555
2024,30902,rural,26,hombre,11,134,8.208955223880597
2024,30902,rural,26,mujer,9,146,6.164383561643835
2024,30902,rural,27,hombre,16,134,11.940298507462687
2024,30902,rural,27,mujer,7,147,4.761904761904762
2024,30902,rural,28,hombre,16,139,11.510791366906474
2024,30902,rural,28,mujer,6,167,3.592814371257485
2024,30902,urbana,16,hombre,13,405,3.2098765432098766
2024,30902,urbana,16,mujer,11,376,2.925531914893617
2024,30902,urbana,17,hombre,27,377,7.161803713527852
2024,30902,urbana,17,mujer,20,404,4.9504950495049505
2024,30902,urbana,18,hombre,21,299,7.023411371237458
2024,30902,urbana,18,mujer,27,418,6.45933014354067
2024,30902,urbana,19,hombre,24,274,8.75912408759124
2024,30902,urbana,19,mujer,19,371,5.121293800539084
2024,30902,urbana,20,hombre,33,328,10.060975609756097
2024,30902,urbana,20,mujer,25,375,6.666666666666667
2024,30902,urbana,21,hombre,32,304,10.526315789473685
2024,30902,urbana,21,mujer,19,404,4.702970297029703
2024,30902,urbana,22,hombre,37,342,10.818713450292398
2024,30902,urbana,22,mujer,24,373,6.434316353887399
2024,30902,urbana,23,hombre,49,390,12.564102564102564
2024,30902,urbana,23,mujer,27,409,6.601466992665037
2024,30902,urbana,24,hombre,38,341,11.143695014662757
2024,30902,urbana,24,mujer,19,374,5.080213903743315
2024,30902,urbana,25,hombre,36,328,10.975609756097562
2024,30902,urbana,25,mujer,19,395,4.810126582278481
2024,30902,urbana,26,hombre,41,293,13.993174061433447
2024,30902,urbana,26,mujer,17,357,4.761904761904762
2024,30902,urbana,27,hombre,45,317,14.195583596214512
2024,30902,urbana,27,mujer,15,368,4.076086956521739
2024,30902,urbana,28,hombre,29,284,10.211267605633802
2024,30902,urbana,28,mujer,12,389,3.0848329048843186
2024,30903,rural,16,hombre,1,43,2.3255813953488373
2024,30903,rural,16,mujer,1,47,2.127659574468085
2024,30903,rural,17,hombre,4,38,10.526315789473685
2024,30903,rural,17,mujer,2,34,5.882352941176471
2024,30903,rural,18,hombre,9,44,20.454545454545453
2024,30903,rural,18,mujer,1,35,2.857142857142857
2024,30903,rural,19,hombre,6,32,18.75
2024,30903,rural,19,mujer,1,28,3.5714285714285716
2024,30903,rural,20,hombre,5,27,18.51851851851852
2024,30903,rural,20,mujer,0,28,0.0
2024,30903,rural,21,hombre,3,33,9.090909090909092
2024,30903,rural,21,mujer,0,39,0.0
2024,30903,rural,22,hombre,3,23,13.043478260869565
2024,30903,rural,22,mujer,2,27,7.407407407407407
2024,30903,rural,23,hombre,4,27,14.814814814814815
2024,30903,rural,23,mujer,1,35,2.857142857142857
2024,30903,rural,24,hombre,3,18,16.666666666666668
2024,30903,rural,24,mujer,2,26,7.6923076923076925
2024,30903,rural,25,hombre,7,34,20.58823529411765
2024,30903,rural,25,mujer,1,21,4.761904761904762
2024,30903,rural,26,hombre,2,22,9.090909090909092
2024,30903,rural,26,mujer,3,22,13.636363636363637
2024,30903,rural,27,hombre,3,25,12.0
2024,30903,rural,27,mujer,0,26,0.0
2024,30903,rural,28,hombre,3,29,10.344827586206897
2024,30903,rural,28,mujer,1,27,3.7037037037037037
2024,30903,urbana,16,hombre,14,540,2.5925925925925926
2024,30903,urbana,16,mujer,5,520,0.9615384615384616
2024,30903,urbana,17,hombre,24,529,4.536862003780718
2024,30903,urbana,17,mujer,19,546,3.47985347985348
2024,30903,urbana,18,hombre,48,542,8.85608856088561
2024,30903,urbana,18,mujer,41,650,6.3076923076923075
2024,30903,urbana,19,hombre,52,544,9.558823529411764
2024,30903,urbana,19,mujer,33,570,5.7894736842105265
2024,30903,urbana,20,hombre,38,526,7.224334600760456
2024,30903,urbana,20,mujer,34,586,5.802047781569966
2024,30903,urbana,21,hombre,39,499,7.81563126252505
2024,30903,urbana,21,mujer,36,560,6.428571428571429
2024,30903,urbana,22,hombre,44,534,8.239700374531836
2024,30903,urbana,22,mujer,30,544,5.514705882352941
2024,30903,urbana,23,hombre,41,550,7.454545454545454
2024,30903,urbana,23,mujer,32,592,5.405405405405405
2024,30903,urbana,24,hombre,35,571,6.129597197898423
2024,30903,urbana,24,mujer,27,602,4.485049833887043
2024,30903,urbana,25,hombre,45,524,8.587786259541986
2024,30903,urbana,25,mujer,14,560,2.5
2024,30903,urbana,26,hombre,39,489,7.975460122699387
2024,30903,urbana,26,mujer,22,505,4.356435643564357
2024,30903,urbana,27,hombre,34,466,7.296137339055794
2024,30903,urbana,27,mujer,22,529,4.158790170132325
2024,30903,urbana,28,hombre,32,493,6.490872210953347
2024,30903,urbana,28,mujer,20,528,3.787878787878788
2024,30904,rural,16,hombre,2,91,2.197802197802198
2024,30904,rural,16,mujer,4,86,4.651162790697675
2024,30904,rural,17,hombre,9,85,10.588235294117647
2024,30904,rural,17,mujer,3,92,3.260869565217391
2024,30904,rural,18,hombre,8,71,11.267605633802816
2024,30904,rural,18,mujer,3,86,3.488372093023256
2024,30904,rural,19,hombre,5,64,7.8125
2024,30904,rural,19,mujer,4,81,4.938271604938271
2024,30904,rural,20,hombre,6,64,9.375
2024,30904,rural,20,mujer,6,89,6.741573033707865
2024,30904,rural,21,hombre,10,81,12.345679012345679
2024,30904,rural,21,mujer,1,75,1.3333333333333333
2024,30904,rural,22,hombre,7,76,9.210526315789474
2024,30904,rural,22,mujer,3,66,4.545454545454546
2024,30904,rural,23,hombre,11,92,11.956521739130435
2024,30904,rural,23,mujer,2,70,2.857142857142857
2024,30904,rural,24,hombre,11,70,15.714285714285714
2024,30904,rural,24,mujer,4,85,4.705882352941177
2024,30904,rural,25,hombre,5,57,8.771929824561404
2024,30904,rural,25,mujer,2,70,2.857142857142857
2024,30904,rural,26,hombre,11,66,16.666666666666668
2024,30904,rural,26,mujer,5,88,5.681818181818182
2024,30904,rural,27,hombre,11,73,15.068493150684931
2024,30904,rural,27,mujer,3,63,4.761904761904762
2024,30904,rural,28,hombre,8,80,10.0
2024,30904,rural,28,mujer,6,97,6.185567010309279
2024,30904,urbana,16,hombre,12,474,2.5316455696202533
2024,30904,urbana,16,mujer,11,441,2.494331065759637
2024,30904,urbana,17,hombre,20,433,4.618937644341801
2024,30904,urbana,17,mujer,19,500,3.8
2024,30904,urbana,18,hombre,28,423,6.619385342789598
2024,30904,urbana,18,mujer,23,496,4.637096774193548
2024,30904,urbana,19,hombre,34,397,8.564231738035264
2024,30904,urbana,19,mujer,34,463,7.34341252699784
2024,30904,urbana,20,hombre,59,459,12.854030501089325
2024,30904,urbana,20,mujer,33,500,6.6
2024,30904,urbana,21,hombre,52,462,11.255411255411255
2024,30904,urbana,21,mujer,36,478,7.531380753138075
2024,30904,urbana,22,hombre,57,465,12.258064516129032
2024,30904,urbana,22,mujer,37,488,7.581967213114754
2024,30904,urbana,23,hombre,60,529,11.342155009451796
2024,30904,urbana,23,mujer,37,566,6.5371024734982335
2024,30904,urbana,24,hombre,47,515,9.12621359223301
2024,30904,urbana,24,mujer,34,497,6.841046277665996
2024,30904,urbana,25,hombre,40,456,8.771929824561404
2024,30904,urbana,25,mujer,27,476,5.6722689075630255
2024,30904,urbana,26,hombre,36,406,8.866995073891626
2024,30904,urbana,26,mujer,26,474,5.485232067510548
2024,30904,urbana,27,hombre,49,435,11.264367816091953
2024,30904,urbana,27,mujer,18,464,3.8793103448275863
2024,30904,urbana,28,hombre,36,384,9.375
2024,30904,urbana,28,mujer,22,476,4.621848739495798
2024,30905,urbana,16,hombre,3,674,0.44510385756676557
2024,30905,urbana,16,mujer,6,551,1.0889292196007259
2024,30905,urbana,17,hombre,10,599,1.669449081803005
2024,30905,urbana,17,mujer,8,595,1.3445378151260505
2024,30905,urbana,18,hombre,18,538,3.345724907063197
2024,30905,urbana,18,mujer,10,605,1.6528925619834711
2024,30905,urbana,19,hombre,16,581,2.7538726333907055
2024,30905,urbana,19,mujer,19,577,3.292894280762565
2024,30905,urbana,20,hombre,47,569,8.260105448154658
2024,30905,urbana,20,mujer,14,620,2.2580645161290325
2024,30905,urbana,21,hombre,25,596,4.194630872483222
2024,30905,urbana,21,mujer,17,562,3.0249110320284696
2024,30905,urbana,22,hombre,34,560,6.071428571428571
2024,30905,urbana,22,mujer,22,611,3.600654664484452
2024,30905,urbana,23,hombre,34,610,5.573770491803279
2024,30905,urbana,23,mujer,22,617,3.565640194489465
2024,30905,urbana,24,hombre,33,607,5.436573311367381
2024,30905,urbana,24,mujer,23,661,3.479576399394856
2024,30905,urbana,25,hombre,35,591,5.922165820642978
2024,30905,urbana,25,mujer,26,616,4.220779220779221
2024,30905,urbana,26,hombre,53,579,9.153713298791018
2024,30905,urbana,26,mujer,24,613,3.9151712887438825
2024,30905,urbana,27,hombre,37,535,6.91588785046729
2024,30905,urbana,27,mujer,18,604,2.980132450331126
2024,30905,urbana,28,hombre,31,522,5.938697318007663
2024,30905,urbana,28,mujer,23,587,3.918228279386712
2024,31001,rural,16,hombre,21,243,8.641975308641975
2024,31001,rural,16,mujer,14,258,5.426356589147287
2024,31001,rural,17,hombre,25,241,10.37344398340249
2024,31001,rural,17,mujer,12,241,4.979253112033195
2024,31001,rural,18,hombre,30,210,14.285714285714286
2024,31001,rural,18,mujer,28,248,11.290322580645162
2024,31001,rural,19,hombre,27,230,11.73913043478261
2024,31001,rural,19,mujer,37,254,14.566929133858268
2024,31001,rural,20,hombre,48,235,20.425531914893618
2024,31001,rural,20,mujer,27,222,12.162162162162161
2024,31001,rural,21,hombre,40,237,16.877637130801688
2024,31001,rural,21,mujer,30,261,11.494252873563218
2024,31001,rural,22,hombre,44,232,18.96551724137931
2024,31001,rural,22,mujer,30,257,11.673151750972762
2024,31001,rural,23,hombre,51,255,20.0
2024,31001,rural,23,mujer,41,272,15.073529411764707
2024,31001,rural,24,hombre,50,252,19.841269841269842
2024,31001,rural,24,mujer,33,260,12.692307692307692
2024,31001,rural,25,hombre,56,211,26.540284360189574
2024,31001,rural,25,mujer,30,257,11.673151750972762
2024,31001,rural,26,hombre,35,224,15.625
2024,31001,rural,26,mujer,27,253,10.671936758893281
2024,31001,rural,27,hombre,37,206,17.961165048543688
2024,31001,rural,27,mujer,24,224,10.714285714285714
2024,31001,rural,28,hombre,42,218,19.26605504587156
2024,31001,rural,28,mujer,15,236,6.3559322033898304
2024,31001,urbana,16,hombre,42,1738,2.4165707710011506
2024,31001,urbana,16,mujer,37,1714,2.1586931155192532
2024,31001,urbana,17,hombre,77,1759,4.3774872086412735
2024,31001,urbana,17,mujer,72,1841,3.910917979359044
2024,31001,urbana,18,hombre,129,1838,7.018498367791077
2024,31001,urbana,18,mujer,144,1978,7.280080889787664
2024,31001,urbana,19,hombre,167,1828,9.135667396061269
2024,31001,urbana,19,mujer,148,2001,7.396301849075463
2024,31001,urbana,20,hombre,168,1901,8.837453971593899
2024,31001,urbana,20,mujer,133,1971,6.747843734145104
2024,31001,urbana,21,hombre,208,1941,10.716125708397733
2024,31001,urbana,21,mujer,160,1980,8.080808080808081
2024,31001,urbana,22,hombre,230,1911,12.035583464154893
2024,31001,urbana,22,mujer,162,1973,8.210846426761277
2024,31001,urbana,23,hombre,211,2002,10.53946053946054
2024,31001,urbana,23,mujer,141,2032,6.938976377952756
2024,31001,urbana,24,hombre,226,1949,11.59569009748589
2024,31001,urbana,24,mujer,128,2068,6.189555125725338
2024,31001,urbana,25,hombre,185,1796,10.300668151447661
2024,31001,urbana,25,mujer,128,1926,6.645898234683282
2024,31001,urbana,26,hombre,186,1779,10.45531197301855
2024,31001,urbana,26,mujer,107,1858,5.7588805166846075
2024,31001,urbana,27,hombre,212,1710,12.397660818713451
2024,31001,urbana,27,mujer,107,1762,6.072644721906924
2024,31001,urbana,28,hombre,176,1698,10.365135453474677
2024,31001,urbana,28,mujer,89,1760,5.056818181818182
2024,31002,rural,16,hombre,26,201,12.935323383084578
2024,31002,rural,16,mujer,14,177,7.909604519774011
2024,31002,rural,17,hombre,31,163,19.01840490797546
2024,31002,rural,17,mujer,16,156,10.256410256410257
2024,31002,rural,18,hombre,33,160,20.625
2024,31002,rural,18,mujer,22,169,13.017751479289942
2024,31002,rural,19,hombre,29,140,20.714285714285715
2024,31002,rural,19,mujer,15,152,9.868421052631579
2024,31002,rural,20,hombre,36,164,21.951219512195124
2024,31002,rural,20,mujer,21,158,13.291139240506329
2024,31002,rural,21,hombre,57,190,30.0
2024,31002,rural,21,mujer,18,151,11.920529801324504
2024,31002,rural,22,hombre,42,167,25.149700598802394
2024,31002,rural,22,mujer,9,137,6.569343065693431
2024,31002,rural,23,hombre,50,201,24.875621890547265
2024,31002,rural,23,mujer,25,156,16.025641025641026
2024,31002,rural,24,hombre,51,183,27.868852459016395
2024,31002,rural,24,mujer,11,171,6.432748538011696
2024,31002,rural,25,hombre,46,147,31.292517006802722
2024,31002,rural,25,mujer,22,155,14.193548387096774
2024,31002,rural,26,hombre,48,157,30.573248407643312
2024,31002,rural,26,mujer,21,128,16.40625
2024,31002,rural,27,hombre,43,168,25.595238095238095
2024,31002,rural,27,mujer,22,136,16.176470588235293
2024,31002,rural,28,hombre,49,154,31.818181818181817
2024,31002,rural,28,mujer,10,138,7.246376811594203
2024,31002,urbana,16,hombre,2,50,4.0
2024,31002,urbana,16,mujer,0,52,0.0
2024,31002,urbana,17,hombre,2,50,4.0
2024,31002,urbana,17,mujer,4,52,7.6923076923076925
2024,31002,urbana,18,hombre,2,119,1.680672268907563
2024,31002,urbana,18,mujer,4,52,7.6923076923076925
2024,31002,urbana,19,hombre,2,75,2.6666666666666665
2024,31002,urbana,19,mujer,6,43,13.953488372093023
2024,31002,urbana,20,hombre,4,46,8.695652173913043
2024,31002,urbana,20,mujer,3,38,7.894736842105263
2024,31002,urbana,21,hombre,9,52,17.307692307692307
2024,31002,urbana,21,mujer,2,43,4.651162790697675
2024,31002,urbana,22,hombre,4,40,10.0
2024,31002,urbana,22,mujer,2,44,4.545454545454546
2024,31002,urbana,23,hombre,6,37,16.216216216216218
2024,31002,urbana,23,mujer,4,44,9.090909090909092
2024,31002,urbana,24,hombre,9,52,17.307692307692307
2024,31002,urbana,24,mujer,4,43,9.30232558139535
2024,31002,urbana,25,hombre,3,29,10.344827586206897
2024,31002,urbana,25,mujer,4,49,8.16326530612245
2024,31002,urbana,26,hombre,1,34,2.9411764705882355
2024,31002,urbana,26,mujer,2,36,5.555555555555555
2024,31002,urbana,27,hombre,1,29,3.4482758620689653
2024,31002,urbana,27,mujer,4,43,9.30232558139535
2024,31002,urbana,28,hombre,5,33,15.151515151515152
2024,31002,urbana,28,mujer,4,45,8.88888888888889
2024,31003,rural,16,hombre,127,848,14.976415094339623
2024,31003,rural,16,mujer,73,672,10.863095238095237
2024,31003,rural,17,hombre,168,864,19.444444444444443
2024,31003,rural,17,mujer,88,707,12.446958981612447
2024,31003,rural,18,hombre,170,816,20.833333333333332
2024,31003,rural,18,mujer,122,638,19.122257053291538
2024,31003,rural,19,hombre,200,829,24.125452352231605
2024,31003,rural,19,mujer,128,652,19.631901840490798
2024,31003,rural,20,hombre,274,839,32.65792610250298
2024,31003,rural,20,mujer,106,615,17.235772357723576
2024,31003,rural,21,hombre,284,824,34.46601941747573
2024,31003,rural,21,mujer,147,672,21.875
2024,31003,rural,22,hombre,303,825,36.72727272727273
2024,31003,rural,22,mujer,128,696,18.39080459770115
2024,31003,rural,23,hombre,336,954,35.22012578616352
2024,31003,rural,23,mujer,141,797,17.69134253450439
2024,31003,rural,24,hombre,343,980,35.0
2024,31003,rural,24,mujer,128,832,15.384615384615385
2024,31003,rural,25,hombre,317,866,36.60508083140878
2024,31003,rural,25,mujer,141,756,18.650793650793652
2024,31003,rural,26,hombre,348,908,38.32599118942731
2024,31003,rural,26,mujer,119,707,16.831683168316832
2024,31003,rural,27,hombre,331,848,39.033018867924525
2024,31003,rural,27,mujer,128,744,17.204301075268816
2024,31003,rural,28,hombre,346,804,43.03482587064676
2024,31003,rural,28,mujer,103,734,14.032697547683924
2024,31003,urbana,16,hombre,11,128,8.59375
2024,31003,urbana,16,mujer,7,119,5.882352941176471
2024,31003,urbana,17,hombre,13,98,13.26530612244898
2024,31003,urbana,17,mujer,12,102,11.764705882352942
2024,31003,urbana,18,hombre,8,88,9.090909090909092
2024,31003,urbana,18,mujer,14,108,12.962962962962964
2024,31003,urbana,19,hombre,17,100,17.0
2024,31003,urbana,19,mujer,18,115,15.652173913043478
2024,31003,urbana,20,hombre,16,82,19.51219512195122
2024,31003,urbana,20,mujer,9,103,8.737864077669903
2024,31003,urbana,21,hombre,15,95,15.789473684210526
2024,31003,urbana,21,mujer,9,120,7.5
2024,31003,urbana,22,hombre,19,88,21.59090909090909
2024,31003,urbana,22,mujer,14,113,12.389380530973451
2024,31003,urbana,23,hombre,28,116,24.137931034482758
2024,31003,urbana,23,mujer,15,131,11.450381679389313
2024,31003,urbana,24,hombre,31,143,21.678321678321677
2024,31003,urbana,24,mujer,17,137,12.408759124087592
2024,31003,urbana,25,hombre,20,97,20.61855670103093
2024,31003,urbana,25,mujer,17,139,12.23021582733813
2024,31003,urbana,26,hombre,26,130,20.0
2024,31003,urbana,26,mujer,15,118,12.711864406779661
2024,31003,urbana,27,hombre,21,121,17.355371900826448
2024,31003,urbana,27,mujer,12,90,13.333333333333334
2024,31003,urbana,28,hombre,15,113,13.274336283185841
2024,31003,urbana,28,mujer,15,117,12.820512820512821
2024,31101,rural,16,hombre,17,213,7.981220657276995
2024,31101,rural,16,mujer,9,213,4.225352112676056
2024,31101,rural,17,hombre,21,229,9.170305676855895
2024,31101,rural,17,mujer,17,225,7.555555555555555
2024,31101,rural,18,hombre,25,189,13.227513227513228
2024,31101,rural,18,mujer,16,234,6.837606837606837
2024,31101,rural,19,hombre,21,180,11.666666666666666
2024,31101,rural,19,mujer,16,157,10.19108280254777
2024,31101,rural,20,hombre,34,194,17.52577319587629
2024,31101,rural,20,mujer,16,158,10.126582278481013
2024,31101,rural,21,hombre,42,214,19.626168224299064
2024,31101,rural,21,mujer,12,179,6.70391061452514
2024,31101,rural,22,hombre,43,236,18.220338983050848
2024,31101,rural,22,mujer,9,174,5.172413793103448
2024,31101,rural,23,hombre,39,230,16.956521739130434
2024,31101,rural,23,mujer,11,196,5.612244897959184
2024,31101,rural,24,hombre,34,199,17.08542713567839
2024,31101,rural,24,mujer,11,189,5.8201058201058204
2024,31101,rural,25,hombre,21,171,12.280701754385966
2024,31101,rural,25,mujer,6,151,3.9735099337748343
2024,31101,rural,26,hombre,40,206,19.41747572815534
2024,31101,rural,26,mujer,11,184,5.978260869565218
2024,31101,rural,27,hombre,33,178,18.53932584269663
2024,31101,rural,27,mujer,15,196,7.653061224489796
2024,31101,rural,28,hombre,36,179,20.11173184357542
2024,31101,rural,28,mujer,10,157,6.369426751592357
2024,31201,rural,16,hombre,13,130,10.0
2024,31201,rural,16,mujer,6,138,4.3478260869565215
2024,31201,rural,17,hombre,17,161,10.559006211180124
2024,31201,rural,17,mujer,6,147,4.081632653061225
2024,31201,rural,18,hombre,18,130,13.846153846153847
2024,31201,rural,18,mujer,14,123,11.382113821138212
2024,31201,rural,19,hombre,26,145,17.93103448275862
2024,31201,rural,19,mujer,8,135,5.925925925925926
2024,31201,rural,20,hombre,24,151,15.894039735099337
2024,31201,rural,20,mujer,10,131,7.633587786259542
2024,31201,rural,21,hombre,35,163,21.47239263803681
2024,31201,rural,21,mujer,6,136,4.411764705882353
2024,31201,rural,22,hombre,28,137,20.437956204379564
2024,31201,rural,22,mujer,5,121,4.132231404958677
2024,31201,rural,23,hombre,38,186,20.43010752688172
2024,31201,rural,23,mujer,9,137,6.569343065693431
2024,31201,rural,24,hombre,29,158,18.354430379746834
2024,31201,rural,24,mujer,13,156,8.333333333333334
2024,31201,rural,25,hombre,26,140,18.571428571428573
2024,31201,rural,25,mujer,9,114,7.894736842105263
2024,31201,rural,26,hombre,34,141,24.113475177304963
2024,31201,rural,26,mujer,8,104,7.6923076923076925
2024,31201,rural,27,hombre,23,127,18.11023622047244
2024,31201,rural,27,mujer,5,116,4.310344827586207
2024,31201,rural,28,hombre,29,141,20.56737588652482
2024,31201,rural,28,mujer,14,119,11.764705882352942
2024,31202,rural,16,hombre,9,151,5.960264900662252
2024,31202,rural,16,mujer,7,119,5.882352941176471
2024,31202,rural,17,hombre,14,132,10.606060606060606
2024,31202,rural,17,mujer,2,109,1.834862385321101
2024,31202,rural,18,hombre,3,105,2.857142857142857
2024,31202,rural,18,mujer,7,118,5.932203389830509
2024,31202,rural,19,hombre,10,122,8.19672131147541
2024,31202,rural,19,mujer,8,110,7.2727272727272725
2024,31202,rural,20,hombre,17,118,14.40677966101695
2024,31202,rural,20,mujer,7,98,7.142857142857143
2024,31202,rural,21,hombre,9,105,8.571428571428571
2024,31202,rural,21,mujer,7,111,6.306306306306307
2024,31202,rural,22,hombre,16,114,14.035087719298245
2024,31202,rural,22,mujer,8,116,6.896551724137931
2024,31202,rural,23,hombre,16,133,12.030075187969924
2024,31202,rural,23,mujer,4,113,3.5398230088495577
2024,31202,rural,24,hombre,24,121,19.834710743801654
2024,31202,rural,24,mujer,7,125,5.6
2024,31202,rural,25,hombre,18,116,15.517241379310345
2024,31202,rural,25,mujer,4,104,3.8461538461538463
2024,31202,rural,26,hombre,19,105,18.095238095238095
2024,31202,rural,26,mujer,2,96,2.0833333333333335
2024,31202,rural,27,hombre,17,100,17.0
2024,31202,rural,27,mujer,2,102,1.9607843137254901
2024,31202,rural,28,hombre,19,101,18.81188118811881
2024,31202,rural,28,mujer,3,76,3.9473684210526314
2024,31203,rural,16,hombre,4,110,3.6363636363636362
2024,31203,rural,16,mujer,1,99,1.0101010101010102
2024,31203,rural,17,hombre,8,97,8.24742268041237
2024,31203,rural,17,mujer,7,97,7.216494845360825
2024,31203,rural,18,hombre,9,91,9.89010989010989
2024,31203,rural,18,mujer,7,83,8.433734939759036
2024,31203,rural,19,hombre,11,86,12.790697674418604
2024,31203,rural,19,mujer,5,80,6.25
2024,31203,rural,20,hombre,17,104,16.346153846153847
2024,31203,rural,20,mujer,8,85,9.411764705882353
2024,31203,rural,21,hombre,19,105,18.095238095238095
2024,31203,rural,21,mujer,8,94,8.51063829787234
2024,31203,rural,22,hombre,22,97,22.68041237113402
2024,31203,rural,22,mujer,4,79,5.063291139240507
2024,31203,rural,23,hombre,33,107,30.8411214953271
2024,31203,rural,23,mujer,4,90,4.444444444444445
2024,31203,rural,24,hombre,15,118,12.711864406779661
2024,31203,rural,24,mujer,6,98,6.122448979591836
2024,31203,rural,25,hombre,14,81,17.28395061728395
2024,31203,rural,25,mujer,2,89,2.247191011235955
2024,31203,rural,26,hombre,10,84,11.904761904761905
2024,31203,rural,26,mujer,3,68,4.411764705882353
2024,31203,rural,27,hombre,16,89,17.97752808988764
2024,31203,rural,27,mujer,4,91,4.395604395604396
2024,31203,rural,28,hombre,14,73,19.17808219178082
2024,31203,rural,28,mujer,5,86,5.813953488372093
2024,31204,rural,16,hombre,14,170,8.235294117647058
2024,31204,rural,16,mujer,12,161,7.453416149068323
2024,31204,rural,17,hombre,20,168,11.904761904761905
2024,31204,rural,17,mujer,18,161,11.180124223602485
2024,31204,rural,18,hombre,32,150,21.333333333333332
2024,31204,rural,18,mujer,21,135,15.555555555555555
2024,31204,rural,19,hombre,40,200,20.0
2024,31204,rural,19,mujer,26,127,20.47244094488189
2024,31204,rural,20,hombre,38,168,22.61904761904762
2024,31204,rural,20,mujer,17,126,13.492063492063492
2024,31204,rural,21,hombre,54,169,31.952662721893493
2024,31204,rural,21,mujer,23,141,16.31205673758865
2024,31204,rural,22,hombre,57,173,32.947976878612714
2024,31204,rural,22,mujer,23,131,17.557251908396946
2024,31204,rural,23,hombre,48,162,29.62962962962963
2024,31204,rural,23,mujer,21,146,14.383561643835616
2024,31204,rural,24,hombre,60,208,28.846153846153847
2024,31204,rural,24,mujer,28,168,16.666666666666668
2024,31204,rural,25,hombre,63,179,35.19553072625698
2024,31204,rural,25,mujer,22,139,15.827338129496402
2024,31204,rural,26,hombre,46,150,30.666666666666668
2024,31204,rural,26,mujer,23,159,14.465408805031446
2024,31204,rural,27,hombre,44,158,27.848101265822784
2024,31204,rural,27,mujer,24,132,18.181818181818183
2024,31204,rural,28,hombre,56,170,32.94117647058823
2024,31204,rural,28,mujer,23,125,18.4
2024,31204,urbana,16,hombre,4,105,3.8095238095238093
2024,31204,urbana,16,mujer,9,118,7.627118644067797
2024,31204,urbana,17,hombre,12,130,9.23076923076923
2024,31204,urbana,17,mujer,14,133,10.526315789473685
2024,31204,urbana,18,hombre,11,174,6.32183908045977
2024,31204,urbana,18,mujer,15,111,13.513513513513514
2024,31204,urbana,19,hombre,20,142,14.084507042253522
2024,31204,urbana,19,mujer,12,119,10.084033613445378
2024,31204,urbana,20,hombre,10,113,8.849557522123893
2024,31204,urbana,20,mujer,11,87,12.64367816091954
2024,31204,urbana,21,hombre,21,102,20.58823529411765
2024,31204,urbana,21,mujer,11,106,10.377358490566039
2024,31204,urbana,22,hombre,14,117,11.965811965811966
2024,31204,urbana,22,mujer,14,104,13.461538461538462
2024,31204,urbana,23,hombre,31,137,22.62773722627737
2024,31204,urbana,23,mujer,5,124,4.032258064516129
2024,31204,urbana,24,hombre,26,125,20.8
2024,31204,urbana,24,mujer,16,118,13.559322033898304
2024,31204,urbana,25,hombre,28,128,21.875
2024,31204,urbana,25,mujer,18,119,15.126050420168067
2024,31204,urbana,26,hombre,19,107,17.757009345794394
2024,31204,urbana,26,mujer,10,111,9.00900900900901
2024,31204,urbana,27,hombre,17,116,14.655172413793103
2024,31204,urbana,27,mujer,11,106,10.377358490566039
2024,31204,urbana,28,hombre,18,102,17.647058823529413
2024,31204,urbana,28,mujer,9,107,8.411214953271028
2024,31205,rural,16,hombre,53,444,11.936936936936936
2024,31205,rural,16,mujer,26,366,7.103825136612022
2024,31205,rural,17,hombre,56,411,13.62530413625304
2024,31205,rural,17,mujer,46,376,12.23404255319149
2024,31205,rural,18,hombre,58,323,17.956656346749227
2024,31205,rural,18,mujer,40,307,13.029315960912053
2024,31205,rural,19,hombre,61,354,17.231638418079097
2024,31205,rural,19,mujer,50,332,15.060240963855422
2024,31205,rural,20,hombre,96,428,22.429906542056074
2024,31205,rural,20,mujer,60,328,18.29268292682927
2024,31205,rural,21,hombre,118,423,27.89598108747045
2024,31205,rural,21,mujer,42,357,11.764705882352942
2024,31205,rural,22,hombre,119,439,27.107061503416855
2024,31205,rural,22,mujer,49,390,12.564102564102564
2024,31205,rural,23,hombre,132,497,26.559356136820927
2024,31205,rural,23,mujer,51,402,12.686567164179104
2024,31205,rural,24,hombre,135,472,28.60169491525424
2024,31205,rural,24,mujer,67,437,15.331807780320366
2024,31205,rural,25,hombre,109,406,26.84729064039409
2024,31205,rural,25,mujer,56,368,15.217391304347826
2024,31205,rural,26,hombre,131,428,30.60747663551402
2024,31205,rural,26,mujer,53,340,15.588235294117647
2024,31205,rural,27,hombre,124,448,27.678571428571427
2024,31205,rural,27,mujer,42,378,11.11111111111111
2024,31205,rural,28,hombre,142,453,31.346578366445915
2024,31205,rural,28,mujer,44,396,11.11111111111111
2024,31205,urbana,16,hombre,20,235,8.51063829787234
2024,31205,urbana,16,mujer,30,265,11.320754716981131
2024,31205,urbana,17,hombre,31,239,12.97071129707113
2024,31205,urbana,17,mujer,26,248,10.483870967741936
2024,31205,urbana,18,hombre,32,216,14.814814814814815
2024,31205,urbana,18,mujer,25,215,11.627906976744185
2024,31205,urbana,19,hombre,27,215,12.55813953488372
2024,31205,urbana,19,mujer,27,226,11.946902654867257
2024,31205,urbana,20,hombre,35,225,15.555555555555555
2024,31205,urbana,20,mujer,25,236,10.59322033898305
2024,31205,urbana,21,hombre,35,220,15.909090909090908
2024,31205,urbana,21,mujer,38,237,16.033755274261605
2024,31205,urbana,22,hombre,40,213,18.779342723004696
2024,31205,urbana,22,mujer,26,241,10.78838174273859
2024,31205,urbana,23,hombre,44,228,19.29824561403509
2024,31205,urbana,23,mujer,22,256,8.59375
2024,31205,urbana,24,hombre,44,253,17.391304347826086
2024,31205,urbana,24,mujer,28,274,10.218978102189782
2024,31205,urbana,25,hombre,43,239,17.99163179916318
2024,31205,urbana,25,mujer,33,249,13.25301204819277
2024,31205,urbana,26,hombre,35,221,15.83710407239819
2024,31205,urbana,26,mujer,26,253,10.276679841897232
2024,31205,urbana,27,hombre,45,218,20.642201834862384
2024,31205,urbana,27,mujer,21,246,8.536585365853659
2024,31205,urbana,28,hombre,49,213,23.004694835680752
2024,31205,urbana,28,mujer,32,267,11.985018726591761
2024,31206,rural,16,hombre,29,134,21.64179104477612
2024,31206,rural,16,mujer,11,102,10.784313725490197
2024,31206,rural,17,hombre,37,141,26.24113475177305
2024,31206,rural,17,mujer,16,118,13.559322033898304
2024,31206,rural,18,hombre,34,118,28.8135593220339
2024,31206,rural,18,mujer,12,101,11.881188118811881
2024,31206,rural,19,hombre,46,157,29.29936305732484
2024,31206,rural,19,mujer,24,108,22.22222222222222
2024,31206,rural,20,hombre,35,115,30.434782608695652
2024,31206,rural,20,mujer,24,110,21.818181818181817
2024,31206,rural,21,hombre,66,166,39.75903614457831
2024,31206,rural,21,mujer,25,130,19.23076923076923
2024,31206,rural,22,hombre,49,142,34.50704225352113
2024,31206,rural,22,mujer,25,134,18.65671641791045
2024,31206,rural,23,hombre,74,219,33.789954337899545
2024,31206,rural,23,mujer,37,143,25.874125874125873
2024,31206,rural,24,hombre,72,209,34.44976076555024
2024,31206,rural,24,mujer,29,144,20.13888888888889
2024,31206,rural,25,hombre,78,203,38.423645320197046
2024,31206,rural,25,mujer,25,153,16.33986928104575
2024,31206,rural,26,hombre,84,184,45.65217391304348
2024,31206,rural,26,mujer,25,131,19.083969465648856
2024,31206,rural,27,hombre,84,194,43.29896907216495
2024,31206,rural,27,mujer,35,142,24.64788732394366
2024,31206,rural,28,hombre,75,185,40.54054054054054
2024,31206,rural,28,mujer,30,168,17.857142857142858
2024,31206,urbana,16,hombre,22,298,7.382550335570469
2024,31206,urbana,16,mujer,23,337,6.824925816023739
2024,31206,urbana,17,hombre,23,330,6.96969696969697
2024,31206,urbana,17,mujer,26,346,7.514450867052023
2024,31206,urbana,18,hombre,31,414,7.48792270531401
2024,31206,urbana,18,mujer,29,310,9.35483870967742
2024,31206,urbana,19,hombre,25,310,8.064516129032258
2024,31206,urbana,19,mujer,38,301,12.624584717607974
2024,31206,urbana,20,hombre,41,290,14.137931034482758
2024,31206,urbana,20,mujer,34,284,11.971830985915492
2024,31206,urbana,21,hombre,36,261,13.793103448275861
2024,31206,urbana,21,mujer,28,305,9.180327868852459
2024,31206,urbana,22,hombre,49,265,18.49056603773585
2024,31206,urbana,22,mujer,33,308,10.714285714285714
2024,31206,urbana,23,hombre,36,280,12.857142857142858
2024,31206,urbana,23,mujer,36,351,10.256410256410257
2024,31206,urbana,24,hombre,56,316,17.72151898734177
2024,31206,urbana,24,mujer,32,337,9.495548961424332
2024,31206,urbana,25,hombre,65,268,24.253731343283583
2024,31206,urbana,25,mujer,33,300,11.0
2024,31206,urbana,26,hombre,33,252,13.095238095238095
2024,31206,urbana,26,mujer,39,308,12.662337662337663
2024,31206,urbana,27,hombre,38,268,14.17910447761194
2024,31206,urbana,27,mujer,19,292,6.506849315068493
2024,31206,urbana,28,hombre,33,273,12.087912087912088
2024,31206,urbana,28,mujer,33,348,9.482758620689655
2024,31301,rural,16,hombre,5,138,3.6231884057971016
2024,31301,rural,16,mujer,6,124,4.838709677419355
2024,31301,rural,17,hombre,5,149,3.3557046979865772
2024,31301,rural,17,mujer,7,119,5.882352941176471
2024,31301,rural,18,hombre,12,100,12.0
2024,31301,rural,18,mujer,5,115,4.3478260869565215
2024,31301,rural,19,hombre,7,97,7.216494845360825
2024,31301,rural,19,mujer,7,108,6.481481481481482
2024,31301,rural,20,hombre,6,83,7.228915662650603
2024,31301,rural,20,mujer,12,110,10.909090909090908
2024,31301,rural,21,hombre,20,94,21.27659574468085
2024,31301,rural,21,mujer,5,97,5.154639175257732
2024,31301,rural,22,hombre,12,112,10.714285714285714
2024,31301,rural,22,mujer,8,92,8.695652173913043
2024,31301,rural,23,hombre,13,110,11.818181818181818
2024,31301,rural,23,mujer,8,113,7.079646017699115
2024,31301,rural,24,hombre,11,114,9.649122807017545
2024,31301,rural,24,mujer,10,112,8.928571428571429
2024,31301,rural,25,hombre,14,93,15.053763440860216
2024,31301,rural,25,mujer,2,114,1.7543859649122806
2024,31301,rural,26,hombre,12,99,12.121212121212121
2024,31301,rural,26,mujer,6,106,5.660377358490566
2024,31301,rural,27,hombre,13,99,13.131313131313131
2024,31301,rural,27,mujer,7,83,8.433734939759036
2024,31301,rural,28,hombre,11,101,10.891089108910892
2024,31301,rural,28,mujer,4,85,4.705882352941177
2024,31301,urbana,16,hombre,2,70,2.857142857142857
2024,31301,urbana,16,mujer,4,70,5.714285714285714
2024,31301,urbana,17,hombre,3,58,5.172413793103448
2024,31301,urbana,17,mujer,7,65,10.76923076923077
2024,31301,urbana,18,hombre,5,51,9.803921568627452
2024,31301,urbana,18,mujer,3,63,4.761904761904762
2024,31301,urbana,19,hombre,4,32,12.5
2024,31301,urbana,19,mujer,8,37,21.62162162162162
2024,31301,urbana,20,hombre,6,47,12.76595744680851
2024,31301,urbana,20,mujer,3,48,6.25
2024,31301,urbana,21,hombre,2,35,5.714285714285714
2024,31301,urbana,21,mujer,5,51,9.803921568627452
2024,31301,urbana,22,hombre,5,52,9.615384615384615
2024,31301,urbana,22,mujer,4,51,7.8431372549019605
2024,31301,urbana,23,hombre,6,55,10.909090909090908
2024,31301,urbana,23,mujer,4,55,7.2727272727272725
2024,31301,urbana,24,hombre,8,51,15.686274509803921
2024,31301,urbana,24,mujer,2,55,3.6363636363636362
2024,31301,urbana,25,hombre,4,37,10.81081081081081
2024,31301,urbana,25,mujer,2,52,3.8461538461538463
2024,31301,urbana,26,hombre,3,49,6.122448979591836
2024,31301,urbana,26,mujer,5,42,11.904761904761905
2024,31301,urbana,27,hombre,7,62,11.290322580645162
2024,31301,urbana,27,mujer,3,51,5.882352941176471
2024,31301,urbana,28,hombre,4,45,8.88888888888889
2024,31301,urbana,28,mujer,3,59,5.084745762711864
2024,31302,rural,16,hombre,5,52,9.615384615384615
2024,31302,rural,16,mujer,0,40,0.0
2024,31302,rural,17,hombre,6,57,10.526315789473685
2024,31302,rural,17,mujer,1,40,2.5
2024,31302,rural,18,hombre,6,43,13.953488372093023
2024,31302,rural,18,mujer,5,54,9.25925925925926
2024,31302,rural,19,hombre,7,53,13.20754716981132
2024,31302,rural,19,mujer,2,48,4.166666666666667
2024,31302,rural,20,hombre,7,45,15.555555555555555
2024,31302,rural,20,mujer,2,49,4.081632653061225
2024,31302,rural,21,hombre,9,55,16.363636363636363
2024,31302,rural,21,mujer,6,45,13.333333333333334
2024,31302,rural,22,hombre,11,50,22.0
2024,31302,rural,22,mujer,3,39,7.6923076923076925
2024,31302,rural,23,hombre,9,51,17.647058823529413
2024,31302,rural,23,mujer,1,42,2.380952380952381
2024,31302,rural,24,hombre,6,44,13.636363636363637
2024,31302,rural,24,mujer,4,47,8.51063829787234
2024,31302,rural,25,hombre,6,41,14.634146341463415
2024,31302,rural,25,mujer,3,49,6.122448979591836
2024,31302,rural,26,hombre,3,31,9.67741935483871
2024,31302,rural,26,mujer,0,35,0.0
2024,31302,rural,27,hombre,2,32,6.25
2024,31302,rural,27,mujer,1,22,4.545454545454546
2024,31302,rural,28,hombre,9,37,24.324324324324323
2024,31302,rural,28,mujer,2,36,5.555555555555555
2024,31303,rural,16,hombre,2,42,4.761904761904762
2024,31303,rural,16,mujer,3,27,11.11111111111111
2024,31303,rural,17,hombre,1,35,2.857142857142857
2024,31303,rural,17,mujer,0,27,0.0
2024,31303,rural,18,hombre,5,48,10.416666666666666
2024,31303,rural,18,mujer,4,22,18.181818181818183
2024,31303,rural,19,hombre,2,43,4.651162790697675
2024,31303,rural,19,mujer,1,33,3.0303030303030303
2024,31303,rural,20,hombre,2,26,7.6923076923076925
2024,31303,rural,20,mujer,2,29,6.896551724137931
2024,31303,rural,21,hombre,2,27,7.407407407407407
2024,31303,rural,21,mujer,1,37,2.7027027027027026
2024,31303,rural,22,hombre,5,37,13.513513513513514
2024,31303,rural,22,mujer,2,24,8.333333333333334
2024,31303,rural,23,hombre,11,45,24.444444444444443
2024,31303,rural,23,mujer,5,41,12.195121951219512
2024,31303,rural,24,hombre,3,40,7.5
2024,31303,rural,24,mujer,1,27,3.7037037037037037
2024,31303,rural,25,hombre,3,33,9.090909090909092
2024,31303,rural,25,mujer,3,41,7.317073170731708
2024,31303,rural,26,hombre,5,26,19.23076923076923
2024,31303,rural,26,mujer,0,23,0.0
2024,31303,rural,27,hombre,0,29,0.0
2024,31303,rural,27,mujer,4,30,13.333333333333334
2024,31303,rural,28,hombre,8,32,25.0
2024,31303,rural,28,mujer,3,30,10.0
2024,31304,rural,16,hombre,12,110,10.909090909090908
2024,31304,rural,16,mujer,7,84,8.333333333333334
2024,31304,rural,17,hombre,12,99,12.121212121212121
2024,31304,rural,17,mujer,9,96,9.375
2024,31304,rural,18,hombre,12,84,14.285714285714286
2024,31304,rural,18,mujer,2,72,2.7777777777777777
2024,31304,rural,19,hombre,14,86,16.27906976744186
2024,31304,rural,19,mujer,6,79,7.594936708860759
2024,31304,rural,20,hombre,10,86,11.627906976744185
2024,31304,rural,20,mujer,4,90,4.444444444444445
2024,31304,rural,21,hombre,9,65,13.846153846153847
2024,31304,rural,21,mujer,2,52,3.8461538461538463
2024,31304,rural,22,hombre,11,69,15.942028985507246
2024,31304,rural,22,mujer,4,51,7.8431372549019605
2024,31304,rural,23,hombre,19,74,25.675675675675677
2024,31304,rural,23,mujer,4,70,5.714285714285714
2024,31304,rural,24,hombre,12,81,14.814814814814815
2024,31304,rural,24,mujer,1,58,1.7241379310344827
2024,31304,rural,25,hombre,4,64,6.25
2024,31304,rural,25,mujer,4,64,6.25
2024,31304,rural,26,hombre,9,60,15.0
2024,31304,rural,26,mujer,3,45,6.666666666666667
2024,31304,rural,27,hombre,7,40,17.5
2024,31304,rural,27,mujer,3,51,5.882352941176471
2024,31304,rural,28,hombre,6,61,9.836065573770492
2024,31304,rural,28,mujer,3,39,7.6923076923076925
2024,31401,rural,16,hombre,3,65,4.615384615384615
2024,31401,rural,16,mujer,2,50,4.0
2024,31401,rural,17,hombre,1,56,1.7857142857142858
2024,31401,rural,17,mujer,1,51,1.9607843137254901
2024,31401,rural,18,hombre,1,48,2.0833333333333335
2024,31401,rural,18,mujer,1,70,1.4285714285714286
2024,31401,rural,19,hombre,3,47,6.382978723404255
2024,31401,rural,19,mujer,4,61,6.557377049180328
2024,31401,rural,20,hombre,6,59,10.169491525423728
2024,31401,rural,20,mujer,0,43,0.0
2024,31401,rural,21,hombre,11,62,17.741935483870968
2024,31401,rural,21,mujer,1,60,1.6666666666666667
2024,31401,rural,22,hombre,2,49,4.081632653061225
2024,31401,rural,22,mujer,2,57,3.508771929824561
2024,31401,rural,23,hombre,8,53,15.09433962264151
2024,31401,rural,23,mujer,4,84,4.761904761904762
2024,31401,rural,24,hombre,8,80,10.0
2024,31401,rural,24,mujer,2,79,2.5316455696202533
2024,31401,rural,25,hombre,3,50,6.0
2024,31401,rural,25,mujer,2,57,3.508771929824561
2024,31401,rural,26,hombre,4,53,7.547169811320755
2024,31401,rural,26,mujer,1,72,1.3888888888888888
2024,31401,rural,27,hombre,8,58,13.793103448275861
2024,31401,rural,27,mujer,3,69,4.3478260869565215
2024,31401,rural,28,hombre,9,70,12.857142857142858
2024,31401,rural,28,mujer,4,69,5.797101449275362
2024,31401,urbana,16,hombre,9,228,3.9473684210526314
2024,31401,urbana,16,mujer,12,235,5.1063829787234045
2024,31401,urbana,17,hombre,14,222,6.306306306306307
2024,31401,urbana,17,mujer,7,216,3.240740740740741
2024,31401,urbana,18,hombre,10,185,5.405405405405405
2024,31401,urbana,18,mujer,14,250,5.6
2024,31401,urbana,19,hombre,14,203,6.896551724137931
2024,31401,urbana,19,mujer,7,233,3.004291845493562
2024,31401,urbana,20,hombre,19,196,9.693877551020408
2024,31401,urbana,20,mujer,11,215,5.116279069767442
2024,31401,urbana,21,hombre,14,204,6.862745098039215
2024,31401,urbana,21,mujer,7,214,3.2710280373831777
2024,31401,urbana,22,hombre,18,211,8.530805687203792
2024,31401,urbana,22,mujer,8,255,3.1372549019607843
2024,31401,urbana,23,hombre,24,248,9.67741935483871
2024,31401,urbana,23,mujer,7,245,2.857142857142857
2024,31401,urbana,24,hombre,20,231,8.658008658008658
2024,31401,urbana,24,mujer,12,236,5.084745762711864
2024,31401,urbana,25,hombre,13,257,5.058365758754864
2024,31401,urbana,25,mujer,12,258,4.651162790697675
2024,31401,urbana,26,hombre,25,208,12.01923076923077
2024,31401,urbana,26,mujer,12,264,4.545454545454546
2024,31401,urbana,27,hombre,11,186,5.913978494623656
2024,31401,urbana,27,mujer,10,244,4.098360655737705
2024,31401,urbana,28,hombre,18,204,8.823529411764707
2024,31401,urbana,28,mujer,12,246,4.878048780487805
2024,31402,rural,16,hombre,1,57,1.7543859649122806
2024,31402,rural,16,mujer,2,52,3.8461538461538463
2024,31402,rural,17,hombre,4,43,9.30232558139535
2024,31402,rural,17,mujer,2,38,5.2631578947368425
2024,31402,rural,18,hombre,6,32,18.75
2024,31402,rural,18,mujer,1,56,1.7857142857142858
2024,31402,rural,19,hombre,1,36,2.7777777777777777
2024,31402,rural,19,mujer,1,44,2.272727272727273
2024,31402,rural,20,hombre,1,38,2.6315789473684212
2024,31402,rural,20,mujer,3,44,6.818181818181818
2024,31402,rural,21,hombre,9,52,17.307692307692307
2024,31402,rural,21,mujer,5,42,11.904761904761905
2024,31402,rural,22,hombre,1,42,2.380952380952381
2024,31402,rural,22,mujer,0,36,0.0
2024,31402,rural,23,hombre,5,47,10.638297872340425
2024,31402,rural,23,mujer,2,40,5.0
2024,31402,rural,24,hombre,3,42,7.142857142857143
2024,31402,rural,24,mujer,3,40,7.5
2024,31402,rural,25,hombre,3,34,8.823529411764707
2024,31402,rural,25,mujer,2,47,4.25531914893617
2024,31402,rural,26,hombre,7,40,17.5
2024,31402,rural,26,mujer,2,50,4.0
2024,31402,rural,27,hombre,2,41,4.878048780487805
2024,31402,rural,27,mujer,2,45,4.444444444444445
2024,31402,rural,28,hombre,7,51,13.72549019607843
2024,31402,rural,28,mujer,2,40,5.0
2024,31402,urbana,16,hombre,10,33,30.303030303030305
2024,31402,urbana,16,mujer,3,24,12.5
2024,31402,urbana,17,hombre,5,33,15.151515151515152
2024,31402,urbana,17,mujer,4,34,11.764705882352942
2024,31402,urbana,18,hombre,8,27,29.62962962962963
2024,31402,urbana,18,mujer,6,31,19.35483870967742
2024,31402,urbana,19,hombre,11,29,37.93103448275862
2024,31402,urbana,19,mujer,14,37,37.83783783783784
2024,31402,urbana,20,hombre,11,29,37.93103448275862
2024,31402,urbana,20,mujer,3,24,12.5
2024,31402,urbana,21,hombre,16,36,44.44444444444444
2024,31402,urbana,21,mujer,3,19,15.789473684210526
2024,31402,urbana,22,hombre,6,23,26.08695652173913
2024,31402,urbana,22,mujer,4,28,14.285714285714286
2024,31402,urbana,23,hombre,10,20,50.0
2024,31402,urbana,23,mujer,3,32,9.375
2024,31402,urbana,24,hombre,7,28,25.0
2024,31402,urbana,24,mujer,8,36,22.22222222222222
2024,31402,urbana,25,hombre,5,21,23.80952380952381
2024,31402,urbana,25,mujer,1,22,4.545454545454546
2024,31402,urbana,26,hombre,6,20,30.0
2024,31402,urbana,26,mujer,8,30,26.666666666666668
2024,31402,urbana,27,hombre,7,25,28.0
2024,31402,urbana,27,mujer,3,25,12.0
2024,31402,urbana,28,hombre,3,14,21.428571428571427
2024,31402,urbana,28,mujer,3,21,14.285714285714286
2024,31403,rural,16,hombre,0,29,0.0
2024,31403,rural,16,mujer,1,38,2.6315789473684212
2024,31403,rural,17,hombre,0,35,0.0
2024,31403,rural,17,mujer,0,28,0.0
2024,31403,rural,18,hombre,4,35,11.428571428571429
2024,31403,rural,18,mujer,1,36,2.7777777777777777
2024,31403,rural,19,hombre,7,36,19.444444444444443
2024,31403,rural,19,mujer,1,34,2.9411764705882355
2024,31403,rural,20,hombre,4,41,9.75609756097561
2024,31403,rural,20,mujer,2,35,5.714285714285714
2024,31403,rural,21,hombre,4,30,13.333333333333334
2024,31403,rural,21,mujer,1,36,2.7777777777777777
2024,31403,rural,22,hombre,3,35,8.571428571428571
2024,31403,rural,22,mujer,0,36,0.0
2024,31403,rural,23,hombre,2,30,6.666666666666667
2024,31403,rural,23,mujer,1,42,2.380952380952381
2024,31403,rural,24,hombre,4,28,14.285714285714286
2024,31403,rural,24,mujer,3,38,7.894736842105263
2024,31403,rural,25,hombre,1,28,3.5714285714285716
2024,31403,rural,25,mujer,3,36,8.333333333333334
2024,31403,rural,26,hombre,2,30,6.666666666666667
2024,31403,rural,26,mujer,1,26,3.8461538461538463
2024,31403,rural,27,hombre,2,40,5.0
2024,31403,rural,27,mujer,0,24,0.0
2024,31403,rural,28,hombre,1,42,2.380952380952381
2024,31403,rural,28,mujer,1,37,2.7027027027027026
2024,31403,urbana,16,hombre,4,62,6.451612903225806
2024,31403,urbana,16,mujer,4,82,4.878048780487805
2024,31403,urbana,17,hombre,0,92,0.0
2024,31403,urbana,17,mujer,1,64,1.5625
2024,31403,urbana,18,hombre,5,70,7.142857142857143
2024,31403,urbana,18,mujer,4,70,5.714285714285714
2024,31403,urbana,19,hombre,3,75,4.0
2024,31403,urbana,19,mujer,2,71,2.816901408450704
2024,31403,urbana,20,hombre,5,68,7.352941176470588
2024,31403,urbana,20,mujer,3,68,4.411764705882353
2024,31403,urbana,21,hombre,5,66,7.575757575757576
2024,31403,urbana,21,mujer,2,64,3.125
2024,31403,urbana,22,hombre,4,76,5.2631578947368425
2024,31403,urbana,22,mujer,5,70,7.142857142857143
2024,31403,urbana,23,hombre,6,62,9.67741935483871
2024,31403,urbana,23,mujer,4,86,4.651162790697675
2024,31403,urbana,24,hombre,11,84,13.095238095238095
2024,31403,urbana,24,mujer,3,71,4.225352112676056
2024,31403,urbana,25,hombre,1,57,1.7543859649122806
2024,31403,urbana,25,mujer,2,61,3.278688524590164
2024,31403,urbana,26,hombre,11,93,11.827956989247312
2024,31403,urbana,26,mujer,3,72,4.166666666666667
2024,31403,urbana,27,hombre,2,60,3.3333333333333335
2024,31403,urbana,27,mujer,1,72,1.3888888888888888
2024,31403,urbana,28,hombre,5,70,7.142857142857143
2024,31403,urbana,28,mujer,2,71,2.816901408450704
2024,31404,rural,16,hombre,0,16,0.0
2024,31404,rural,16,mujer,0,9,0.0
2024,31404,rural,17,hombre,0,11,0.0
2024,31404,rural,17,mujer,0,5,0.0
2024,31404,rural,18,hombre,0,10,0.0
2024,31404,rural,18,mujer,1,11,9.090909090909092
2024,31404,rural,19,hombre,0,11,0.0
2024,31404,rural,19,mujer,1,7,14.285714285714286
2024,31404,rural,20,hombre,0,11,0.0
2024,31404,rural,20,mujer,0,6,0.0
2024,31404,rural,21,hombre,1,7,14.285714285714286
2024,31404,rural,21,mujer,0,14,0.0
2024,31404,rural,22,hombre,3,7,42.857142857142854
2024,31404,rural,22,mujer,0,10,0.0
2024,31404,rural,23,hombre,0,6,0.0
2024,31404,rural,23,mujer,0,8,0.0
2024,31404,rural,24,hombre,1,6,16.666666666666668
2024,31404,rural,24,mujer,1,14,7.142857142857143
2024,31404,rural,25,hombre,0,10,0.0
2024,31404,rural,25,mujer,0,3,0.0
2024,31404,rural,26,hombre,2,11,18.181818181818183
2024,31404,rural,26,mujer,1,10,10.0
2024,31404,rural,27,hombre,0,6,0.0
2024,31404,rural,27,mujer,0,12,0.0
2024,31404,rural,28,hombre,0,8,0.0
2024,31404,rural,28,mujer,0,8,0.0
2024,31405,rural,16,hombre,0,33,0.0
2024,31405,rural,16,mujer,0,40,0.0
2024,31405,rural,17,hombre,0,26,0.0
2024,31405,rural,17,mujer,0,25,0.0
2024,31405,rural,18,hombre,0,29,0.0
2024,31405,rural,18,mujer,1,30,3.3333333333333335
2024,31405,rural,19,hombre,1,41,2.4390243902439024
2024,31405,rural,19,mujer,1,24,4.166666666666667
2024,31405,rural,20,hombre,1,29,3.4482758620689653
2024,31405,rural,20,mujer,0,42,0.0
2024,31405,rural,21,hombre,0,29,0.0
2024,31405,rural,21,mujer,0,18,0.0
2024,31405,rural,22,hombre,1,29,3.4482758620689653
2024,31405,rural,22,mujer,1,25,4.0
2024,31405,rural,23,hombre,0,26,0.0
2024,31405,rural,23,mujer,0,31,0.0
2024,31405,rural,24,hombre,3,43,6.976744186046512
2024,31405,rural,24,mujer,1,33,3.0303030303030303
2024,31405,rural,25,hombre,0,32,0.0
2024,31405,rural,25,mujer,0,49,0.0
2024,31405,rural,26,hombre,1,21,4.761904761904762
2024,31405,rural,26,mujer,0,29,0.0
2024,31405,rural,27,hombre,1,29,3.4482758620689653
2024,31405,rural,27,mujer,1,21,4.761904761904762
2024,31405,rural,28,hombre,2,25,8.0
2024,31405,rural,28,mujer,1,41,2.4390243902439024
2024,31501,rural,16,hombre,8,91,8.791208791208792
2024,31501,rural,16,mujer,1,62,1.6129032258064515
2024,31501,rural,17,hombre,3,81,3.7037037037037037
2024,31501,rural,17,mujer,4,57,7.017543859649122
2024,31501,rural,18,hombre,7,49,14.285714285714286
2024,31501,rural,18,mujer,5,49,10.204081632653061
2024,31501,rural,19,hombre,4,54,7.407407407407407
2024,31501,rural,19,mujer,3,56,5.357142857142857
2024,31501,rural,20,hombre,10,58,17.24137931034483
2024,31501,rural,20,mujer,1,68,1.4705882352941178
2024,31501,rural,21,hombre,16,76,21.05263157894737
2024,31501,rural,21,mujer,4,53,7.547169811320755
2024,31501,rural,22,hombre,14,82,17.073170731707318
2024,31501,rural,22,mujer,5,45,11.11111111111111
2024,31501,rural,23,hombre,20,85,23.529411764705884
2024,31501,rural,23,mujer,3,71,4.225352112676056
2024,31501,rural,24,hombre,20,94,21.27659574468085
2024,31501,rural,24,mujer,3,63,4.761904761904762
2024,31501,rural,25,hombre,2,64,3.125
2024,31501,rural,25,mujer,5,59,8.474576271186441
2024,31501,rural,26,hombre,6,53,11.320754716981131
2024,31501,rural,26,mujer,3,57,5.2631578947368425
2024,31501,rural,27,hombre,14,78,17.94871794871795
2024,31501,rural,27,mujer,1,55,1.8181818181818181
2024,31501,rural,28,hombre,14,73,19.17808219178082
2024,31501,rural,28,mujer,1,43,2.3255813953488373
2024,31601,rural,16,hombre,6,172,3.488372093023256
2024,31601,rural,16,mujer,5,176,2.840909090909091
2024,31601,rural,17,hombre,12,139,8.633093525179856
2024,31601,rural,17,mujer,3,163,1.8404907975460123
2024,31601,rural,18,hombre,18,131,13.740458015267176
2024,31601,rural,18,mujer,4,127,3.1496062992125986
2024,31601,rural,19,hombre,16,130,12.307692307692308
2024,31601,rural,19,mujer,4,103,3.883495145631068
2024,31601,rural,20,hombre,18,112,16.071428571428573
2024,31601,rural,20,mujer,11,110,10.0
2024,31601,rural,21,hombre,21,133,15.789473684210526
2024,31601,rural,21,mujer,12,127,9.448818897637794
2024,31601,rural,22,hombre,13,118,11.016949152542374
2024,31601,rural,22,mujer,7,119,5.882352941176471
2024,31601,rural,23,hombre,15,140,10.714285714285714
2024,31601,rural,23,mujer,11,127,8.661417322834646
2024,31601,rural,24,hombre,27,135,20.0
2024,31601,rural,24,mujer,9,145,6.206896551724138
2024,31601,rural,25,hombre,23,122,18.852459016393443
2024,31601,rural,25,mujer,8,119,6.722689075630252
2024,31601,rural,26,hombre,16,117,13.675213675213675
2024,31601,rural,26,mujer,4,97,4.123711340206185
2024,31601,rural,27,hombre,25,113,22.123893805309734
2024,31601,rural,27,mujer,9,97,9.278350515463918
2024,31601,rural,28,hombre,20,114,17.54385964912281
2024,31601,rural,28,mujer,8,96,8.333333333333334
2024,31601,urbana,16,hombre,2,21,9.523809523809524
2024,31601,urbana,16,mujer,0,35,0.0
2024,31601,urbana,17,hombre,0,28,0.0
2024,31601,urbana,17,mujer,0,24,0.0
2024,31601,urbana,18,hombre,3,15,20.0
2024,31601,urbana,18,mujer,0,19,0.0
2024,31601,urbana,19,hombre,1,19,5.2631578947368425
2024,31601,urbana,19,mujer,0,24,0.0
2024,31601,urbana,20,hombre,0,19,0.0
2024,31601,urbana,20,mujer,1,19,5.2631578947368425
2024,31601,urbana,21,hombre,0,21,0.0
2024,31601,urbana,21,mujer,1,29,3.4482758620689653
2024,31601,urbana,22,hombre,1,30,3.3333333333333335
2024,31601,urbana,22,mujer,0,20,0.0
2024,31601,urbana,23,hombre,4,25,16.0
2024,31601,urbana,23,mujer,1,24,4.166666666666667
2024,31601,urbana,24,hombre,5,20,25.0
2024,31601,urbana,24,mujer,1,25,4.0
2024,31601,urbana,25,hombre,5,19,26.31578947368421
2024,31601,urbana,25,mujer,0,23,0.0
2024,31601,urbana,26,hombre,2,17,11.764705882352942
2024,31601,urbana,26,mujer,1,16,6.25
2024,31601,urbana,27,hombre,3,19,15.789473684210526
2024,31601,urbana,27,mujer,0,22,0.0
2024,31601,urbana,28,hombre,3,21,14.285714285714286
2024,31601,urbana,28,mujer,1,21,4.761904761904762
2024,31602,rural,16,hombre,19,195,9.743589743589743
2024,31602,rural,16,mujer,9,163,5.521472392638037
2024,31602,rural,17,hombre,25,200,12.5
2024,31602,rural,17,mujer,18,162,11.11111111111111
2024,31602,rural,18,hombre,30,284,10.56338028169014
2024,31602,rural,18,mujer,18,169,10.650887573964496
2024,31602,rural,19,hombre,30,264,11.363636363636363
2024,31602,rural,19,mujer,17,168,10.119047619047619
2024,31602,rural,20,hombre,53,260,20.384615384615383
2024,31602,rural,20,mujer,15,150,10.0
2024,31602,rural,21,hombre,41,186,22.043010752688172
2024,31602,rural,21,mujer,20,166,12.048192771084338
2024,31602,rural,22,hombre,40,188,21.27659574468085
2024,31602,rural,22,mujer,26,199,13.06532663316583
2024,31602,rural,23,hombre,48,189,25.396825396825395
2024,31602,rural,23,mujer,21,149,14.093959731543624
2024,31602,rural,24,hombre,64,201,31.8407960199005
2024,31602,rural,24,mujer,18,164,10.975609756097562
2024,31602,rural,25,hombre,49,195,25.128205128205128
2024,31602,rural,25,mujer,13,160,8.125
2024,31602,rural,26,hombre,58,186,31.182795698924732
2024,31602,rural,26,mujer,22,169,13.017751479289942
2024,31602,rural,27,hombre,50,158,31.645569620253166
2024,31602,rural,27,mujer,13,163,7.975460122699387
2024,31602,rural,28,hombre,51,162,31.48148148148148
2024,31602,rural,28,mujer,16,164,9.75609756097561
2024,31602,urbana,16,hombre,8,106,7.547169811320755
2024,31602,urbana,16,mujer,8,96,8.333333333333334
2024,31602,urbana,17,hombre,15,98,15.306122448979592
2024,31602,urbana,17,mujer,9,96,9.375
2024,31602,urbana,18,hombre,4,75,5.333333333333333
2024,31602,urbana,18,mujer,8,84,9.523809523809524
2024,31602,urbana,19,hombre,13,81,16.049382716049383
2024,31602,urbana,19,mujer,17,100,17.0
2024,31602,urbana,20,hombre,16,91,17.582417582417584
2024,31602,urbana,20,mujer,12,95,12.631578947368421
2024,31602,urbana,21,hombre,17,84,20.238095238095237
2024,31602,urbana,21,mujer,11,86,12.790697674418604
2024,31602,urbana,22,hombre,7,77,9.090909090909092
2024,31602,urbana,22,mujer,8,89,8.98876404494382
2024,31602,urbana,23,hombre,22,110,20.0
2024,31602,urbana,23,mujer,10,99,10.1010101010101
2024,31602,urbana,24,hombre,14,81,17.28395061728395
2024,31602,urbana,24,mujer,11,99,11.11111111111111
2024,31602,urbana,25,hombre,18,92,19.565217391304348
2024,31602,urbana,25,mujer,10,96,10.416666666666666
2024,31602,urbana,26,hombre,10,71,14.084507042253522
2024,31602,urbana,26,mujer,7,101,6.930693069306931
2024,31602,urbana,27,hombre,16,87,18.39080459770115
2024,31602,urbana,27,mujer,8,94,8.51063829787234
2024,31602,urbana,28,hombre,10,91,10.989010989010989
2024,31602,urbana,28,mujer,4,91,4.395604395604396
2024,40101,rural,18,mujer,0,1,0.0
2024,40101,rural,21,hombre,0,1,0.0
2024,40101,rural,22,hombre,0,1,0.0
2024,40101,rural,22,mujer,0,1,0.0
2024,40101,rural,24,hombre,1,1,100.0
2024,40101,rural,24,mujer,0,1,0.0
2024,40101,rural,25,hombre,1,1,100.0
2024,40101,rural,25,mujer,0,1,0.0
2024,40101,rural,26,hombre,1,3,33.333333333333336
2024,40101,rural,28,mujer,0,1,0.0
2024,40101,urbana,16,hombre,126,2822,4.4649184975194895
2024,40101,urbana,16,mujer,105,2902,3.618194348725017
2024,40101,urbana,17,hombre,143,2815,5.0799289520426285
2024,40101,urbana,17,mujer,136,2793,4.869316147511636
2024,40101,urbana,18,hombre,213,2603,8.182865923933923
2024,40101,urbana,18,mujer,197,2751,7.161032351872047
2024,40101,urbana,19,hombre,268,2548,10.518053375196232
2024,40101,urbana,19,mujer,239,2739,8.725812340270172
2024,40101,urbana,20,hombre,311,2617,11.88383645395491
2024,40101,urbana,20,mujer,237,2740,8.64963503649635
2024,40101,urbana,21,hombre,356,2801,12.709746519100321
2024,40101,urbana,21,mujer,231,2802,8.244111349036402
2024,40101,urbana,22,hombre,336,2878,11.674774148714384
2024,40101,urbana,22,mujer,217,2826,7.678697806086341
2024,40101,urbana,23,hombre,419,3104,13.498711340206185
2024,40101,urbana,23,mujer,229,3023,7.57525636784651
2024,40101,urbana,24,hombre,365,2969,12.293701583024587
2024,40101,urbana,24,mujer,224,3045,7.35632183908046
2024,40101,urbana,25,hombre,369,2757,13.38411316648531
2024,40101,urbana,25,mujer,204,2851,7.15538407576289
2024,40101,urbana,26,hombre,338,2669,12.663919070813039
2024,40101,urbana,26,mujer,219,2859,7.660020986358867
2024,40101,urbana,27,hombre,340,2616,12.996941896024465
2024,40101,urbana,27,mujer,204,2855,7.145359019264449
2024,40101,urbana,28,hombre,325,2623,12.390392680137248
2024,40101,urbana,28,mujer,205,2913,7.037418468932372
2024,40102,rural,16,hombre,8,113,7.079646017699115
2024,40102,rural,16,mujer,3,128,2.34375
2024,40102,rural,17,hombre,6,113,5.3097345132743365
2024,40102,rural,17,mujer,10,137,7.299270072992701
2024,40102,rural,18,hombre,9,123,7.317073170731708
2024,40102,rural,18,mujer,5,128,3.90625
2024,40102,rural,19,hombre,13,112,11.607142857142858
2024,40102,rural,19,mujer,10,114,8.771929824561404
2024,40102,rural,20,hombre,16,108,14.814814814814815
2024,40102,rural,20,mujer,9,115,7.826086956521739
2024,40102,rural,21,hombre,19,118,16.10169491525424
2024,40102,rural,21,mujer,7,117,5.982905982905983
2024,40102,rural,22,hombre,14,110,12.727272727272727
2024,40102,rural,22,mujer,9,119,7.563025210084033
2024,40102,rural,23,hombre,12,109,11.009174311926605
2024,40102,rural,23,mujer,6,136,4.411764705882353
2024,40102,rural,24,hombre,18,163,11.042944785276074
2024,40102,rural,24,mujer,8,128,6.25
2024,40102,rural,25,hombre,14,117,11.965811965811966
2024,40102,rural,25,mujer,7,102,6.862745098039215
2024,40102,rural,26,hombre,14,124,11.290322580645162
2024,40102,rural,26,mujer,7,119,5.882352941176471
2024,40102,rural,27,hombre,13,107,12.149532710280374
2024,40102,rural,27,mujer,12,119,10.084033613445378
2024,40102,rural,28,hombre,18,113,15.929203539823009
2024,40102,rural,28,mujer,6,115,5.217391304347826
2024,40102,urbana,16,hombre,4,66,6.0606060606060606
2024,40102,urbana,16,mujer,3,71,4.225352112676056
2024,40102,urbana,17,hombre,5,78,6.410256410256411
2024,40102,urbana,17,mujer,2,70,2.857142857142857
2024,40102,urbana,18,hombre,5,81,6.172839506172839
2024,40102,urbana,18,mujer,6,89,6.741573033707865
2024,40102,urbana,19,hombre,7,102,6.862745098039215
2024,40102,urbana,19,mujer,7,86,8.13953488372093
2024,40102,urbana,20,hombre,6,94,6.382978723404255
2024,40102,urbana,20,mujer,7,83,8.433734939759036
2024,40102,urbana,21,hombre,11,113,9.734513274336283
2024,40102,urbana,21,mujer,5,80,6.25
2024,40102,urbana,22,hombre,16,114,14.035087719298245
2024,40102,urbana,22,mujer,10,80,12.5
2024,40102,urbana,23,hombre,10,97,10.309278350515465
2024,40102,urbana,23,mujer,1,77,1.2987012987012987
2024,40102,urbana,24,hombre,9,85,10.588235294117647
2024,40102,urbana,24,mujer,8,77,10.38961038961039
2024,40102,urbana,25,hombre,13,74,17.56756756756757
2024,40102,urbana,25,mujer,5,71,7.042253521126761
2024,40102,urbana,26,hombre,8,70,11.428571428571429
2024,40102,urbana,26,mujer,7,83,8.433734939759036
2024,40102,urbana,27,hombre,9,59,15.254237288135593
2024,40102,urbana,27,mujer,5,74,6.756756756756757
2024,40102,urbana,28,hombre,4,52,7.6923076923076925
2024,40102,urbana,28,mujer,3,56,5.357142857142857
2024,40103,rural,16,hombre,8,82,9.75609756097561
2024,40103,rural,16,mujer,6,72,8.333333333333334
2024,40103,rural,17,hombre,7,72,9.722222222222221
2024,40103,rural,17,mujer,3,62,4.838709677419355
2024,40103,rural,18,hombre,4,70,5.714285714285714
2024,40103,rural,18,mujer,12,65,18.46153846153846
2024,40103,rural,19,hombre,15,80,18.75
2024,40103,rural,19,mujer,8,85,9.411764705882353
2024,40103,rural,20,hombre,14,84,16.666666666666668
2024,40103,rural,20,mujer,6,65,9.23076923076923
2024,40103,rural,21,hombre,8,63,12.698412698412698
2024,40103,rural,21,mujer,9,67,13.432835820895523
2024,40103,rural,22,hombre,22,82,26.829268292682926
2024,40103,rural,22,mujer,8,69,11.594202898550725
2024,40103,rural,23,hombre,14,96,14.583333333333334
2024,40103,rural,23,mujer,6,71,8.450704225352112
2024,40103,rural,24,hombre,14,99,14.141414141414142
2024,40103,rural,24,mujer,7,75,9.333333333333334
2024,40103,rural,25,hombre,13,93,13.978494623655914
2024,40103,rural,25,mujer,6,78,7.6923076923076925
2024,40103,rural,26,hombre,15,63,23.80952380952381
2024,40103,rural,26,mujer,10,77,12.987012987012987
2024,40103,rural,27,hombre,11,83,13.25301204819277
2024,40103,rural,27,mujer,6,75,8.0
2024,40103,rural,28,hombre,13,84,15.476190476190476
2024,40103,rural,28,mujer,10,77,12.987012987012987
2024,40104,rural,16,hombre,6,144,4.166666666666667
2024,40104,rural,16,mujer,5,142,3.5211267605633805
2024,40104,rural,17,hombre,8,123,6.504065040650406
2024,40104,rural,17,mujer,6,129,4.651162790697675
2024,40104,rural,18,hombre,4,95,4.2105263157894735
2024,40104,rural,18,mujer,4,110,3.6363636363636362
2024,40104,rural,19,hombre,10,112,8.928571428571429
2024,40104,rural,19,mujer,13,126,10.317460317460318
2024,40104,rural,20,hombre,10,112,8.928571428571429
2024,40104,rural,20,mujer,10,108,9.25925925925926
2024,40104,rural,21,hombre,13,110,11.818181818181818
2024,40104,rural,21,mujer,7,116,6.0344827586206895
2024,40104,rural,22,hombre,10,128,7.8125
2024,40104,rural,22,mujer,4,135,2.962962962962963
2024,40104,rural,23,hombre,15,144,10.416666666666666
2024,40104,rural,23,mujer,10,126,7.936507936507937
2024,40104,rural,24,hombre,16,128,12.5
2024,40104,rural,24,mujer,5,107,4.672897196261682
2024,40104,rural,25,hombre,15,135,11.11111111111111
2024,40104,rural,25,mujer,10,147,6.802721088435374
2024,40104,rural,26,hombre,18,123,14.634146341463415
2024,40104,rural,26,mujer,7,112,6.25
2024,40104,rural,27,hombre,20,155,12.903225806451612
2024,40104,rural,27,mujer,5,118,4.237288135593221
2024,40104,rural,28,hombre,14,119,11.764705882352942
2024,40104,rural,28,mujer,11,135,8.148148148148149
2024,40201,rural,16,hombre,15,200,7.5
2024,40201,rural,16,mujer,12,133,9.022556390977444
2024,40201,rural,17,hombre,17,156,10.897435897435898
2024,40201,rural,17,mujer,14,143,9.79020979020979
2024,40201,rural,18,hombre,16,169,9.467455621301776
2024,40201,rural,18,mujer,20,187,10.695187165775401
2024,40201,rural,19,hombre,27,175,15.428571428571429
2024,40201,rural,19,mujer,7,148,4.72972972972973
2024,40201,rural,20,hombre,31,189,16.402116402116402
2024,40201,rural,20,mujer,13,154,8.441558441558442
2024,40201,rural,21,hombre,45,231,19.48051948051948
2024,40201,rural,21,mujer,12,175,6.857142857142857
2024,40201,rural,22,hombre,34,195,17.435897435897434
2024,40201,rural,22,mujer,11,164,6.7073170731707314
2024,40201,rural,23,hombre,34,216,15.74074074074074
2024,40201,rural,23,mujer,11,180,6.111111111111111
2024,40201,rural,24,hombre,28,229,12.22707423580786
2024,40201,rural,24,mujer,15,209,7.177033492822966
2024,40201,rural,25,hombre,45,209,21.5311004784689
2024,40201,rural,25,mujer,8,132,6.0606060606060606
2024,40201,rural,26,hombre,39,219,17.80821917808219
2024,40201,rural,26,mujer,9,158,5.69620253164557
2024,40201,rural,27,hombre,42,214,19.626168224299064
2024,40201,rural,27,mujer,9,149,6.040268456375839
2024,40201,rural,28,hombre,39,223,17.48878923766816
2024,40201,rural,28,mujer,9,166,5.421686746987952
2024,40201,urbana,16,hombre,16,155,10.32258064516129
2024,40201,urbana,16,mujer,20,168,11.904761904761905
2024,40201,urbana,17,hombre,20,174,11.494252873563218
2024,40201,urbana,17,mujer,28,174,16.091954022988507
2024,40201,urbana,18,hombre,19,247,7.6923076923076925
2024,40201,urbana,18,mujer,20,128,15.625
2024,40201,urbana,19,hombre,16,169,9.467455621301776
2024,40201,urbana,19,mujer,19,105,18.095238095238095
2024,40201,urbana,20,hombre,22,118,18.64406779661017
2024,40201,urbana,20,mujer,14,131,10.687022900763358
2024,40201,urbana,21,hombre,23,99,23.232323232323232
2024,40201,urbana,21,mujer,19,109,17.431192660550458
2024,40201,urbana,22,hombre,23,101,22.77227722772277
2024,40201,urbana,22,mujer,21,123,17.073170731707318
2024,40201,urbana,23,hombre,26,88,29.545454545454547
2024,40201,urbana,23,mujer,20,131,15.267175572519085
2024,40201,urbana,24,hombre,23,120,19.166666666666668
2024,40201,urbana,24,mujer,11,126,8.73015873015873
2024,40201,urbana,25,hombre,36,103,34.95145631067961
2024,40201,urbana,25,mujer,20,143,13.986013986013987
2024,40201,urbana,26,hombre,26,109,23.853211009174313
2024,40201,urbana,26,mujer,11,108,10.185185185185185
2024,40201,urbana,27,hombre,26,93,27.956989247311828
2024,40201,urbana,27,mujer,11,121,9.090909090909092
2024,40201,urbana,28,hombre,14,87,16.091954022988507
2024,40201,urbana,28,mujer,10,127,7.874015748031496
2024,40202,rural,16,hombre,9,56,16.071428571428573
2024,40202,rural,16,mujer,7,49,14.285714285714286
2024,40202,rural,17,hombre,4,36,11.11111111111111
2024,40202,rural,17,mujer,7,40,17.5
2024,40202,rural,18,hombre,8,30,26.666666666666668
2024,40202,rural,18,mujer,9,42,21.428571428571427
2024,40202,rural,19,hombre,6,43,13.953488372093023
2024,40202,rural,19,mujer,13,33,39.39393939393939
2024,40202,rural,20,hombre,12,46,26.08695652173913
2024,40202,rural,20,mujer,5,23,21.73913043478261
2024,40202,rural,21,hombre,11,41,26.829268292682926
2024,40202,rural,21,mujer,3,31,9.67741935483871
2024,40202,rural,22,hombre,13,42,30.952380952380953
2024,40202,rural,22,mujer,6,29,20.689655172413794
2024,40202,rural,23,hombre,6,41,14.634146341463415
2024,40202,rural,23,mujer,6,36,16.666666666666668
2024,40202,rural,24,hombre,9,40,22.5
2024,40202,rural,24,mujer,10,41,24.390243902439025
2024,40202,rural,25,hombre,10,30,33.333333333333336
2024,40202,rural,25,mujer,1,29,3.4482758620689653
2024,40202,rural,26,hombre,12,38,31.57894736842105
2024,40202,rural,26,mujer,6,29,20.689655172413794
2024,40202,rural,27,hombre,10,37,27.027027027027028
2024,40202,rural,27,mujer,6,38,15.789473684210526
2024,40202,rural,28,hombre,13,50,26.0
2024,40202,rural,28,mujer,4,39,10.256410256410257
2024,40301,rural,16,hombre,8,131,6.106870229007634
2024,40301,rural,16,mujer,7,134,5.223880597014926
2024,40301,rural,17,hombre,6,124,4.838709677419355
2024,40301,rural,17,mujer,16,133,12.030075187969924
2024,40301,rural,18,hombre,6,134,4.477611940298507
2024,40301,rural,18,mujer,12,110,10.909090909090908
2024,40301,rural,19,hombre,12,144,8.333333333333334
2024,40301,rural,19,mujer,18,131,13.740458015267176
2024,40301,rural,20,hombre,10,117,8.547008547008547
2024,40301,rural,20,mujer,10,137,7.299270072992701
2024,40301,rural,21,hombre,7,139,5.0359712230215825
2024,40301,rural,21,mujer,22,148,14.864864864864865
2024,40301,rural,22,hombre,14,119,11.764705882352942
2024,40301,rural,22,mujer,11,122,9.01639344262295
2024,40301,rural,23,hombre,10,148,6.756756756756757
2024,40301,rural,23,mujer,18,175,10.285714285714286
2024,40301,rural,24,hombre,5,123,4.065040650406504
2024,40301,rural,24,mujer,19,157,12.101910828025478
2024,40301,rural,25,hombre,13,128,10.15625
2024,40301,rural,25,mujer,10,123,8.130081300813009
2024,40301,rural,26,hombre,7,113,6.1946902654867255
2024,40301,rural,26,mujer,10,103,9.70873786407767
2024,40301,rural,27,hombre,10,106,9.433962264150944
2024,40301,rural,27,mujer,3,127,2.3622047244094486
2024,40301,rural,28,hombre,9,120,7.5
2024,40301,rural,28,mujer,3,123,2.4390243902439024
2024,40302,rural,16,hombre,1,24,4.166666666666667
2024,40302,rural,16,mujer,0,12,0.0
2024,40302,rural,17,hombre,1,17,5.882352941176471
2024,40302,rural,17,mujer,2,19,10.526315789473685
2024,40302,rural,18,hombre,1,19,5.2631578947368425
2024,40302,rural,18,mujer,2,16,12.5
2024,40302,rural,19,hombre,0,16,0.0
2024,40302,rural,19,mujer,3,16,18.75
2024,40302,rural,20,hombre,0,18,0.0
2024,40302,rural,20,mujer,3,13,23.076923076923077
2024,40302,rural,21,hombre,0,17,0.0
2024,40302,rural,21,mujer,1,22,4.545454545454546
2024,40302,rural,22,hombre,1,17,5.882352941176471
2024,40302,rural,22,mujer,0,19,0.0
2024,40302,rural,23,hombre,3,33,9.090909090909092
2024,40302,rural,23,mujer,0,22,0.0
2024,40302,rural,24,hombre,1,21,4.761904761904762
2024,40302,rural,24,mujer,2,19,10.526315789473685
2024,40302,rural,25,hombre,0,24,0.0
2024,40302,rural,25,mujer,0,17,0.0
2024,40302,rural,26,hombre,1,21,4.761904761904762
2024,40302,rural,26,mujer,0,20,0.0
2024,40302,rural,27,hombre,2,19,10.526315789473685
2024,40302,rural,27,mujer,1,13,7.6923076923076925
2024,40302,rural,28,hombre,1,20,5.0
2024,40302,rural,28,mujer,0,22,0.0
2024,40401,rural,16,hombre,4,52,7.6923076923076925
2024,40401,rural,16,mujer,2,38,5.2631578947368425
2024,40401,rural,17,hombre,3,98,3.061224489795918
2024,40401,rural,17,mujer,4,44,9.090909090909092
2024,40401,rural,18,hombre,3,143,2.097902097902098
2024,40401,rural,18,mujer,4,48,8.333333333333334
2024,40401,rural,19,hombre,5,107,4.672897196261682
2024,40401,rural,19,mujer,8,46,17.391304347826086
2024,40401,rural,20,hombre,7,76,9.210526315789474
2024,40401,rural,20,mujer,4,39,10.256410256410257
2024,40401,rural,21,hombre,6,60,10.0
2024,40401,rural,21,mujer,3,48,6.25
2024,40401,rural,22,hombre,9,70,12.857142857142858
2024,40401,rural,22,mujer,2,40,5.0
2024,40401,rural,23,hombre,12,70,17.142857142857142
2024,40401,rural,23,mujer,3,46,6.521739130434782
2024,40401,rural,24,hombre,7,55,12.727272727272727
2024,40401,rural,24,mujer,4,61,6.557377049180328
2024,40401,rural,25,hombre,6,59,10.169491525423728
2024,40401,rural,25,mujer,2,50,4.0
2024,40401,rural,26,hombre,5,62,8.064516129032258
2024,40401,rural,26,mujer,1,60,1.6666666666666667
2024,40401,rural,27,hombre,6,44,13.636363636363637
2024,40401,rural,27,mujer,1,45,2.2222222222222223
2024,40401,rural,28,hombre,6,59,10.169491525423728
2024,40401,rural,28,mujer,2,62,3.225806451612903
2024,40402,rural,16,hombre,5,36,13.88888888888889
2024,40402,rural,16,mujer,2,37,5.405405405405405
2024,40402,rural,17,hombre,4,50,8.0
2024,40402,rural,17,mujer,9,44,20.454545454545453
2024,40402,rural,18,hombre,4,60,6.666666666666667
2024,40402,rural,18,mujer,1,33,3.0303030303030303
2024,40402,rural,19,hombre,1,36,2.7777777777777777
2024,40402,rural,19,mujer,3,48,6.25
2024,40402,rural,20,hombre,2,42,4.761904761904762
2024,40402,rural,20,mujer,3,35,8.571428571428571
2024,40402,rural,21,hombre,5,46,10.869565217391305
2024,40402,rural,21,mujer,3,37,8.108108108108109
2024,40402,rural,22,hombre,3,47,6.382978723404255
2024,40402,rural,22,mujer,4,34,11.764705882352942
2024,40402,rural,23,hombre,4,43,9.30232558139535
2024,40402,rural,23,mujer,2,51,3.9215686274509802
2024,40402,rural,24,hombre,5,59,8.474576271186441
2024,40402,rural,24,mujer,1,42,2.380952380952381
2024,40402,rural,25,hombre,6,50,12.0
2024,40402,rural,25,mujer,1,44,2.272727272727273
2024,40402,rural,26,hombre,2,40,5.0
2024,40402,rural,26,mujer,2,33,6.0606060606060606
2024,40402,rural,27,hombre,5,48,10.416666666666666
2024,40402,rural,27,mujer,2,46,4.3478260869565215
2024,40402,rural,28,hombre,2,43,4.651162790697675
2024,40402,rural,28,mujer,2,40,5.0
2024,40501,rural,16,hombre,0,1,0.0
2024,40501,rural,17,mujer,0,2,0.0
2024,40501,rural,18,hombre,0,1,0.0
2024,40501,rural,18,mujer,0,1,0.0
2024,40501,rural,19,hombre,0,1,0.0
2024,40501,rural,19,mujer,0,2,0.0
2024,40501,rural,20,hombre,0,1,0.0
2024,40501,rural,20,mujer,3,4,75.0
2024,40501,rural,21,hombre,1,1,100.0
2024,40501,rural,21,mujer,0,1,0.0
2024,40501,rural,23,hombre,3,3,100.0
2024,40501,rural,23,mujer,0,1,0.0
2024,40501,rural,24,hombre,0,1,0.0
2024,40501,rural,24,mujer,0,2,0.0
2024,40501,rural,25,hombre,0,1,0.0
2024,40501,rural,25,mujer,0,1,0.0
2024,40501,rural,26,hombre,0,2,0.0
2024,40501,rural,26,mujer,1,1,100.0
2024,40501,rural,27,mujer,0,1,0.0
2024,40501,rural,28,hombre,0,1,0.0
2024,40501,rural,28,mujer,0,2,0.0
2024,40501,urbana,16,hombre,3,26,11.538461538461538
2024,40501,urbana,16,mujer,0,31,0.0
2024,40501,urbana,17,hombre,1,48,2.0833333333333335
2024,40501,urbana,17,mujer,0,29,0.0
2024,40501,urbana,18,hombre,0,97,0.0
2024,40501,urbana,18,mujer,2,29,6.896551724137931
2024,40501,urbana,19,hombre,6,76,7.894736842105263
2024,40501,urbana,19,mujer,2,31,6.451612903225806
2024,40501,urbana,20,hombre,0,53,0.0
2024,40501,urbana,20,mujer,1,26,3.8461538461538463
2024,40501,urbana,21,hombre,2,31,6.451612903225806
2024,40501,urbana,21,mujer,4,37,10.81081081081081
2024,40501,urbana,22,hombre,1,32,3.125
2024,40501,urbana,22,mujer,0,24,0.0
2024,40501,urbana,23,hombre,5,41,12.195121951219512
2024,40501,urbana,23,mujer,4,37,10.81081081081081
2024,40501,urbana,24,hombre,2,39,5.128205128205129
2024,40501,urbana,24,mujer,5,35,14.285714285714286
2024,40501,urbana,25,hombre,4,41,9.75609756097561
2024,40501,urbana,25,mujer,1,27,3.7037037037037037
2024,40501,urbana,26,hombre,6,33,18.181818181818183
2024,40501,urbana,26,mujer,1,30,3.3333333333333335
2024,40501,urbana,27,hombre,6,41,14.634146341463415
2024,40501,urbana,27,mujer,2,31,6.451612903225806
2024,40501,urbana,28,hombre,2,23,8.695652173913043
2024,40501,urbana,28,mujer,1,30,3.3333333333333335
2024,40502,rural,16,hombre,0,16,0.0
2024,40502,rural,16,mujer,0,9,0.0
2024,40502,rural,17,hombre,0,13,0.0
2024,40502,rural,17,mujer,0,17,0.0
2024,40502,rural,18,hombre,2,10,20.0
2024,40502,rural,18,mujer,0,16,0.0
2024,40502,rural,19,hombre,0,12,0.0
2024,40502,rural,19,mujer,0,12,0.0
2024,40502,rural,20,hombre,1,14,7.142857142857143
2024,40502,rural,20,mujer,2,14,14.285714285714286
2024,40502,rural,21,hombre,1,17,5.882352941176471
2024,40502,rural,21,mujer,0,12,0.0
2024,40502,rural,22,hombre,1,17,5.882352941176471
2024,40502,rural,22,mujer,1,12,8.333333333333334
2024,40502,rural,23,hombre,2,14,14.285714285714286
2024,40502,rural,23,mujer,1,15,6.666666666666667
2024,40502,rural,24,hombre,0,16,0.0
2024,40502,rural,24,mujer,0,8,0.0
2024,40502,rural,25,hombre,0,10,0.0
2024,40502,rural,25,mujer,0,18,0.0
2024,40502,rural,26,hombre,1,11,9.090909090909092
2024,40502,rural,26,mujer,2,16,12.5
2024,40502,rural,27,hombre,0,17,0.0
2024,40502,rural,27,mujer,1,12,8.333333333333334
2024,40502,rural,28,hombre,0,10,0.0
2024,40502,rural,28,mujer,1,11,9.090909090909092
2024,40502,urbana,16,hombre,0,20,0.0
2024,40502,urbana,16,mujer,2,21,9.523809523809524
2024,40502,urbana,17,hombre,0,26,0.0
2024,40502,urbana,17,mujer,0,15,0.0
2024,40502,urbana,18,hombre,1,24,4.166666666666667
2024,40502,urbana,18,mujer,0,19,0.0
2024,40502,urbana,19,hombre,0,24,0.0
2024,40502,urbana,19,mujer,0,15,0.0
2024,40502,urbana,20,hombre,0,20,0.0
2024,40502,urbana,20,mujer,0,12,0.0
2024,40502,urbana,21,hombre,0,18,0.0
2024,40502,urbana,21,mujer,0,13,0.0
2024,40502,urbana,22,hombre,0,22,0.0
2024,40502,urbana,22,mujer,0,20,0.0
2024,40502,urbana,23,hombre,0,21,0.0
2024,40502,urbana,23,mujer,0,17,0.0
2024,40502,urbana,24,hombre,0,25,0.0
2024,40502,urbana,24,mujer,0,22,0.0
2024,40502,urbana,25,hombre,0,27,0.0
2024,40502,urbana,25,mujer,0,24,0.0
2024,40502,urbana,26,hombre,0,19,0.0
2024,40502,urbana,26,mujer,0,23,0.0
2024,40502,urbana,27,hombre,2,22,9.090909090909092
2024,40502,urbana,27,mujer,0,20,0.0
2024,40502,urbana,28,hombre,3,24,12.5
2024,40502,urbana,28,mujer,0,28,0.0
2024,40503,rural,16,hombre,0,17,0.0
2024,40503,rural,16,mujer,0,12,0.0
2024,40503,rural,17,hombre,0,10,0.0
2024,40503,rural,17,mujer,1,11,9.090909090909092
2024,40503,rural,18,hombre,0,11,0.0
2024,40503,rural,18,mujer,0,14,0.0
2024,40503,rural,19,hombre,0,13,0.0
2024,40503,rural,19,mujer,0,15,0.0
2024,40503,rural,20,hombre,2,20,10.0
2024,40503,rural,20,mujer,0,11,0.0
2024,40503,rural,21,hombre,2,13,15.384615384615385
2024,40503,rural,21,mujer,1,13,7.6923076923076925
2024,40503,rural,22,hombre,1,18,5.555555555555555
2024,40503,rural,22,mujer,0,14,0.0
2024,40503,rural,23,hombre,0,10,0.0
2024,40503,rural,23,mujer,0,11,0.0
2024,40503,rural,24,hombre,3,21,14.285714285714286
2024,40503,rural,24,mujer,0,21,0.0
2024,40503,rural,25,hombre,0,14,0.0
2024,40503,rural,25,mujer,0,10,0.0
2024,40503,rural,26,hombre,0,15,0.0
2024,40503,rural,26,mujer,0,17,0.0
2024,40503,rural,27,hombre,2,9,22.22222222222222
2024,40503,rural,27,mujer,1,13,7.6923076923076925
2024,40503,rural,28,hombre,1,12,8.333333333333334
2024,40503,rural,28,mujer,0,16,0.0
2024,40504,rural,16,hombre,0,10,0.0
2024,40504,rural,16,mujer,0,6,0.0
2024,40504,rural,17,hombre,0,10,0.0
2024,40504,rural,17,mujer,0,3,0.0
2024,40504,rural,18,hombre,0,6,0.0
2024,40504,rural,18,mujer,0,4,0.0
2024,40504,rural,19,hombre,0,9,0.0
2024,40504,rural,19,mujer,0,4,0.0
2024,40504,rural,20,hombre,0,7,0.0
2024,40504,rural,20,mujer,1,9,11.11111111111111
2024,40504,rural,21,hombre,0,10,0.0
2024,40504,rural,21,mujer,1,4,25.0
2024,40504,rural,22,hombre,0,8,0.0
2024,40504,rural,22,mujer,0,17,0.0
2024,40504,rural,23,hombre,0,12,0.0
2024,40504,rural,23,mujer,0,9,0.0
2024,40504,rural,24,hombre,0,3,0.0
2024,40504,rural,24,mujer,0,16,0.0
2024,40504,rural,25,hombre,0,17,0.0
2024,40504,rural,25,mujer,0,10,0.0
2024,40504,rural,26,hombre,0,7,0.0
2024,40504,rural,26,mujer,0,7,0.0
2024,40504,rural,27,hombre,1,13,7.6923076923076925
2024,40504,rural,27,mujer,0,5,0.0
2024,40504,rural,28,hombre,0,9,0.0
2024,40504,rural,28,mujer,0,11,0.0
2024,40505,rural,16,hombre,0,26,0.0
2024,40505,rural,16,mujer,0,31,0.0
2024,40505,rural,17,hombre,0,17,0.0
2024,40505,rural,17,mujer,0,27,0.0
2024,40505,rural,18,hombre,0,29,0.0
2024,40505,rural,18,mujer,0,26,0.0
2024,40505,rural,19,hombre,0,40,0.0
2024,40505,rural,19,mujer,0,33,0.0
2024,40505,rural,20,hombre,1,39,2.5641025641025643
2024,40505,rural,20,mujer,0,38,0.0
2024,40505,rural,21,hombre,1,36,2.7777777777777777
2024,40505,rural,21,mujer,0,21,0.0
2024,40505,rural,22,hombre,0,33,0.0
2024,40505,rural,22,mujer,0,43,0.0
2024,40505,rural,23,hombre,1,40,2.5
2024,40505,rural,23,mujer,0,46,0.0
2024,40505,rural,24,hombre,0,44,0.0
2024,40505,rural,24,mujer,0,32,0.0
2024,40505,rural,25,hombre,2,42,4.761904761904762
2024,40505,rural,25,mujer,0,43,0.0
2024,40505,rural,26,hombre,2,48,4.166666666666667
2024,40505,rural,26,mujer,1,46,2.1739130434782608
2024,40505,rural,27,hombre,0,32,0.0
2024,40505,rural,27,mujer,0,35,0.0
2024,40505,rural,28,hombre,1,45,2.2222222222222223
2024,40505,rural,28,mujer,1,40,2.5
2024,40601,rural,16,hombre,0,32,0.0
2024,40601,rural,16,mujer,1,22,4.545454545454546
2024,40601,rural,17,hombre,2,15,13.333333333333334
2024,40601,rural,17,mujer,0,25,0.0
2024,40601,rural,18,hombre,5,32,15.625
2024,40601,rural,18,mujer,2,15,13.333333333333334
2024,40601,rural,19,hombre,5,27,18.51851851851852
2024,40601,rural,19,mujer,6,26,23.076923076923077
2024,40601,rural,20,hombre,5,19,26.31578947368421
2024,40601,rural,20,mujer,2,22,9.090909090909092
2024,40601,rural,21,hombre,8,33,24.242424242424242
2024,40601,rural,21,mujer,3,21,14.285714285714286
2024,40601,rural,22,hombre,2,33,6.0606060606060606
2024,40601,rural,22,mujer,6,28,21.428571428571427
2024,40601,rural,23,hombre,10,37,27.027027027027028
2024,40601,rural,23,mujer,5,37,13.513513513513514
2024,40601,rural,24,hombre,3,23,13.043478260869565
2024,40601,rural,24,mujer,5,32,15.625
2024,40601,rural,25,hombre,6,29,20.689655172413794
2024,40601,rural,25,mujer,3,28,10.714285714285714
2024,40601,rural,26,hombre,8,38,21.05263157894737
2024,40601,rural,26,mujer,2,33,6.0606060606060606
2024,40601,rural,27,hombre,5,23,21.73913043478261
2024,40601,rural,27,mujer,2,30,6.666666666666667
2024,40601,rural,28,hombre,10,27,37.03703703703704
2024,40601,rural,28,mujer,3,30,10.0
2024,40601,urbana,16,hombre,1,35,2.857142857142857
2024,40601,urbana,16,mujer,1,57,1.7543859649122806
2024,40601,urbana,17,hombre,1,43,2.3255813953488373
2024,40601,urbana,17,mujer,1,36,2.7777777777777777
2024,40601,urbana,18,hombre,1,29,3.4482758620689653
2024,40601,urbana,18,mujer,2,37,5.405405405405405
2024,40601,urbana,19,hombre,7,38,18.42105263157895
2024,40601,urbana,19,mujer,2,25,8.0
2024,40601,urbana,20,hombre,3,34,8.823529411764707
2024,40601,urbana,20,mujer,2,33,6.0606060606060606
2024,40601,urbana,21,hombre,5,53,9.433962264150944
2024,40601,urbana,21,mujer,4,41,9.75609756097561
2024,40601,urbana,22,hombre,2,34,5.882352941176471
2024,40601,urbana,22,mujer,1,31,3.225806451612903
2024,40601,urbana,23,hombre,12,53,22.641509433962263
2024,40601,urbana,23,mujer,2,47,4.25531914893617
2024,40601,urbana,24,hombre,9,64,14.0625
2024,40601,urbana,24,mujer,2,50,4.0
2024,40601,urbana,25,hombre,5,52,9.615384615384615
2024,40601,urbana,25,mujer,2,59,3.389830508474576
2024,40601,urbana,26,hombre,7,56,12.5
2024,40601,urbana,26,mujer,4,42,9.523809523809524
2024,40601,urbana,27,hombre,6,46,13.043478260869565
2024,40601,urbana,27,mujer,3,43,6.976744186046512
2024,40601,urbana,28,hombre,6,53,11.320754716981131
2024,40601,urbana,28,mujer,2,40,5.0
2024,40602,rural,16,hombre,3,35,8.571428571428571
2024,40602,rural,16,mujer,4,28,14.285714285714286
2024,40602,rural,17,hombre,5,33,15.151515151515152
2024,40602,rural,17,mujer,4,28,14.285714285714286
2024,40602,rural,18,hombre,4,25,16.0
2024,40602,rural,18,mujer,4,30,13.333333333333334
2024,40602,rural,19,hombre,6,26,23.076923076923077
2024,40602,rural,19,mujer,2,29,6.896551724137931
2024,40602,rural,20,hombre,3,24,12.5
2024,40602,rural,20,mujer,2,25,8.0
2024,40602,rural,21,hombre,7,28,25.0
2024,40602,rural,21,mujer,1,21,4.761904761904762
2024,40602,rural,22,hombre,8,31,25.806451612903224
2024,40602,rural,22,mujer,0,22,0.0
2024,40602,rural,23,hombre,8,31,25.806451612903224
2024,40602,rural,23,mujer,2,23,8.695652173913043
2024,40602,rural,24,hombre,7,33,21.21212121212121
2024,40602,rural,24,mujer,1,24,4.166666666666667
2024,40602,rural,25,hombre,5,25,20.0
2024,40602,rural,25,mujer,4,23,17.391304347826086
2024,40602,rural,26,hombre,6,34,17.647058823529413
2024,40602,rural,26,mujer,0,26,0.0
2024,40602,rural,27,hombre,9,25,36.0
2024,40602,rural,27,mujer,4,30,13.333333333333334
2024,40602,rural,28,hombre,4,27,14.814814814814815
2024,40602,rural,28,mujer,1,29,3.4482758620689653
2024,40603,rural,16,hombre,0,34,0.0
2024,40603,rural,16,mujer,0,34,0.0
2024,40603,rural,17,hombre,0,30,0.0
2024,40603,rural,17,mujer,4,29,13.793103448275861
2024,40603,rural,18,hombre,1,20,5.0
2024,40603,rural,18,mujer,2,25,8.0
2024,40603,rural,19,hombre,3,19,15.789473684210526
2024,40603,rural,19,mujer,3,24,12.5
2024,40603,rural,20,hombre,3,23,13.043478260869565
2024,40603,rural,20,mujer,1,28,3.5714285714285716
2024,40603,rural,21,hombre,4,26,15.384615384615385
2024,40603,rural,21,mujer,1,21,4.761904761904762
2024,40603,rural,22,hombre,4,23,17.391304347826086
2024,40603,rural,22,mujer,1,23,4.3478260869565215
2024,40603,rural,23,hombre,3,27,11.11111111111111
2024,40603,rural,23,mujer,2,24,8.333333333333334
2024,40603,rural,24,hombre,4,24,16.666666666666668
2024,40603,rural,24,mujer,2,31,6.451612903225806
2024,40603,rural,25,hombre,4,31,12.903225806451612
2024,40603,rural,25,mujer,3,26,11.538461538461538
2024,40603,rural,26,hombre,6,27,22.22222222222222
2024,40603,rural,26,mujer,1,22,4.545454545454546
2024,40603,rural,27,hombre,6,28,21.428571428571427
2024,40603,rural,27,mujer,0,22,0.0
2024,40603,rural,28,hombre,8,31,25.806451612903224
2024,40603,rural,28,mujer,5,30,16.666666666666668
2024,40701,rural,16,hombre,2,32,6.25
2024,40701,rural,16,mujer,1,24,4.166666666666667
2024,40701,rural,17,hombre,1,28,3.5714285714285716
2024,40701,rural,17,mujer,5,33,15.151515151515152
2024,40701,rural,18,hombre,2,33,6.0606060606060606
2024,40701,rural,18,mujer,2,21,9.523809523809524
2024,40701,rural,19,hombre,5,26,19.23076923076923
2024,40701,rural,19,mujer,2,26,7.6923076923076925
2024,40701,rural,20,hombre,2,25,8.0
2024,40701,rural,20,mujer,1,15,6.666666666666667
2024,40701,rural,21,hombre,5,25,20.0
2024,40701,rural,21,mujer,0,19,0.0
2024,40701,rural,22,hombre,6,32,18.75
2024,40701,rural,22,mujer,3,23,13.043478260869565
2024,40701,rural,23,hombre,6,35,17.142857142857142
2024,40701,rural,23,mujer,0,24,0.0
2024,40701,rural,24,hombre,2,22,9.090909090909092
2024,40701,rural,24,mujer,3,39,7.6923076923076925
2024,40701,rural,25,hombre,6,30,20.0
2024,40701,rural,25,mujer,0,25,0.0
2024,40701,rural,26,hombre,8,33,24.242424242424242
2024,40701,rural,26,mujer,1,34,2.9411764705882355
2024,40701,rural,27,hombre,2,32,6.25
2024,40701,rural,27,mujer,4,32,12.5
2024,40701,rural,28,hombre,6,38,15.789473684210526
2024,40701,rural,28,mujer,1,23,4.3478260869565215
2024,40701,urbana,16,hombre,2,175,1.1428571428571428
2024,40701,urbana,16,mujer,0,203,0.0
2024,40701,urbana,17,hombre,3,206,1.4563106796116505
2024,40701,urbana,17,mujer,6,160,3.75
2024,40701,urbana,18,hombre,3,169,1.7751479289940828
2024,40701,urbana,18,mujer,2,163,1.2269938650306749
2024,40701,urbana,19,hombre,4,174,2.2988505747126435
2024,40701,urbana,19,mujer,2,147,1.3605442176870748
2024,40701,urbana,20,hombre,6,186,3.225806451612903
2024,40701,urbana,20,mujer,5,141,3.5460992907801416
2024,40701,urbana,21,hombre,6,157,3.821656050955414
2024,40701,urbana,21,mujer,4,167,2.395209580838323
2024,40701,urbana,22,hombre,11,170,6.470588235294118
2024,40701,urbana,22,mujer,7,150,4.666666666666667
2024,40701,urbana,23,hombre,9,157,5.732484076433121
2024,40701,urbana,23,mujer,5,135,3.7037037037037037
2024,40701,urbana,24,hombre,6,144,4.166666666666667
2024,40701,urbana,24,mujer,5,136,3.676470588235294
2024,40701,urbana,25,hombre,12,134,8.955223880597014
2024,40701,urbana,25,mujer,1,135,0.7407407407407407
2024,40701,urbana,26,hombre,13,141,9.21985815602837
2024,40701,urbana,26,mujer,3,94,3.1914893617021276
2024,40701,urbana,27,hombre,14,121,11.570247933884298
2024,40701,urbana,27,mujer,8,125,6.4
2024,40701,urbana,28,hombre,12,148,8.108108108108109
2024,40701,urbana,28,mujer,2,117,1.7094017094017093
2024,40702,rural,16,hombre,0,13,0.0
2024,40702,rural,16,mujer,0,16,0.0
2024,40702,rural,17,hombre,3,22,13.636363636363637
2024,40702,rural,17,mujer,0,12,0.0
2024,40702,rural,18,hombre,4,17,23.529411764705884
2024,40702,rural,18,mujer,3,18,16.666666666666668
2024,40702,rural,19,hombre,1,21,4.761904761904762
2024,40702,rural,19,mujer,1,19,5.2631578947368425
2024,40702,rural,20,hombre,1,18,5.555555555555555
2024,40702,rural,20,mujer,1,18,5.555555555555555
2024,40702,rural,21,hombre,1,19,5.2631578947368425
2024,40702,rural,21,mujer,1,20,5.0
2024,40702,rural,22,hombre,2,21,9.523809523809524
2024,40702,rural,22,mujer,0,17,0.0
2024,40702,rural,23,hombre,0,16,0.0
2024,40702,rural,23,mujer,0,16,0.0
2024,40702,rural,24,hombre,3,20,15.0
2024,40702,rural,24,mujer,2,22,9.090909090909092
2024,40702,rural,25,hombre,3,18,16.666666666666668
2024,40702,rural,25,mujer,1,19,5.2631578947368425
2024,40702,rural,26,hombre,3,18,16.666666666666668
2024,40702,rural,26,mujer,4,25,16.0
2024,40702,rural,27,hombre,3,28,10.714285714285714
2024,40702,rural,27,mujer,0,20,0.0
2024,40702,rural,28,hombre,6,25,24.0
2024,40702,rural,28,mujer,2,26,7.6923076923076925
2024,40702,urbana,16,hombre,0,25,0.0
2024,40702,urbana,16,mujer,1,27,3.7037037037037037
2024,40702,urbana,17,hombre,1,32,3.125
2024,40702,urbana,17,mujer,1,19,5.2631578947368425
2024,40702,urbana,18,hombre,0,27,0.0
2024,40702,urbana,18,mujer,3,27,11.11111111111111
2024,40702,urbana,19,hombre,2,28,7.142857142857143
2024,40702,urbana,19,mujer,1,31,3.225806451612903
2024,40702,urbana,20,hombre,3,18,16.666666666666668
2024,40702,urbana,20,mujer,1,25,4.0
2024,40702,urbana,21,hombre,6,30,20.0
2024,40702,urbana,21,mujer,2,31,6.451612903225806
2024,40702,urbana,22,hombre,4,25,16.0
2024,40702,urbana,22,mujer,2,27,7.407407407407407
2024,40702,urbana,23,hombre,3,27,11.11111111111111
2024,40702,urbana,23,mujer,1,22,4.545454545454546
2024,40702,urbana,24,hombre,4,30,13.333333333333334
2024,40702,urbana,24,mujer,2,26,7.6923076923076925
2024,40702,urbana,25,hombre,4,28,14.285714285714286
2024,40702,urbana,25,mujer,1,19,5.2631578947368425
2024,40702,urbana,26,hombre,4,18,22.22222222222222
2024,40702,urbana,26,mujer,0,26,0.0
2024,40702,urbana,27,hombre,4,28,14.285714285714286
2024,40702,urbana,27,mujer,2,21,9.523809523809524
2024,40702,urbana,28,hombre,7,34,20.58823529411765
2024,40702,urbana,28,mujer,3,28,10.714285714285714
2024,40801,rural,16,hombre,11,119,9.243697478991596
2024,40801,rural,16,mujer,10,103,9.70873786407767
2024,40801,rural,17,hombre,14,135,10.37037037037037
2024,40801,rural,17,mujer,14,118,11.864406779661017
2024,40801,rural,18,hombre,15,114,13.157894736842104
2024,40801,rural,18,mujer,12,103,11.650485436893204
2024,40801,rural,19,hombre,15,120,12.5
2024,40801,rural,19,mujer,12,112,10.714285714285714
2024,40801,rural,20,hombre,18,127,14.173228346456693
2024,40801,rural,20,mujer,8,90,8.88888888888889
2024,40801,rural,21,hombre,22,121,18.181818181818183
2024,40801,rural,21,mujer,7,108,6.481481481481482
2024,40801,rural,22,hombre,18,134,13.432835820895523
2024,40801,rural,22,mujer,9,122,7.377049180327869
2024,40801,rural,23,hombre,11,118,9.322033898305085
2024,40801,rural,23,mujer,15,122,12.295081967213115
2024,40801,rural,24,hombre,23,150,15.333333333333334
2024,40801,rural,24,mujer,11,116,9.482758620689655
2024,40801,rural,25,hombre,36,118,30.508474576271187
2024,40801,rural,25,mujer,9,123,7.317073170731708
2024,40801,rural,26,hombre,19,129,14.728682170542635
2024,40801,rural,26,mujer,4,111,3.6036036036036037
2024,40801,rural,27,hombre,25,140,17.857142857142858
2024,40801,rural,27,mujer,3,109,2.7522935779816513
2024,40801,rural,28,hombre,18,124,14.516129032258064
2024,40801,rural,28,mujer,12,111,10.81081081081081
2024,40802,rural,16,hombre,2,16,12.5
2024,40802,rural,16,mujer,2,21,9.523809523809524
2024,40802,rural,17,hombre,4,33,12.121212121212121
2024,40802,rural,17,mujer,2,18,11.11111111111111
2024,40802,rural,18,hombre,4,24,16.666666666666668
2024,40802,rural,18,mujer,1,22,4.545454545454546
2024,40802,rural,19,hombre,4,23,17.391304347826086
2024,40802,rural,19,mujer,1,12,8.333333333333334
2024,40802,rural,20,hombre,4,21,19.047619047619047
2024,40802,rural,20,mujer,3,19,15.789473684210526
2024,40802,rural,21,hombre,8,23,34.78260869565217
2024,40802,rural,21,mujer,0,24,0.0
2024,40802,rural,22,hombre,5,19,26.31578947368421
2024,40802,rural,22,mujer,3,18,16.666666666666668
2024,40802,rural,23,hombre,3,30,10.0
2024,40802,rural,23,mujer,3,29,10.344827586206897
2024,40802,rural,24,hombre,5,31,16.129032258064516
2024,40802,rural,24,mujer,2,24,8.333333333333334
2024,40802,rural,25,hombre,3,18,16.666666666666668
2024,40802,rural,25,mujer,1,15,6.666666666666667
2024,40802,rural,26,hombre,3,20,15.0
2024,40802,rural,26,mujer,1,13,7.6923076923076925
2024,40802,rural,27,hombre,5,24,20.833333333333332
2024,40802,rural,27,mujer,0,31,0.0
2024,40802,rural,28,hombre,7,16,43.75
2024,40802,rural,28,mujer,2,26,7.6923076923076925
2024,40901,rural,16,hombre,3,101,2.9702970297029703
2024,40901,rural,16,mujer,2,116,1.7241379310344827
2024,40901,rural,17,hombre,5,101,4.9504950495049505
2024,40901,rural,17,mujer,6,112,5.357142857142857
2024,40901,rural,18,hombre,11,134,8.208955223880597
2024,40901,rural,18,mujer,7,121,5.785123966942149
2024,40901,rural,19,hombre,12,144,8.333333333333334
2024,40901,rural,19,mujer,11,94,11.702127659574469
2024,40901,rural,20,hombre,7,129,5.426356589147287
2024,40901,rural,20,mujer,9,95,9.473684210526315
2024,40901,rural,21,hombre,11,115,9.565217391304348
2024,40901,rural,21,mujer,12,117,10.256410256410257
2024,40901,rural,22,hombre,9,115,7.826086956521739
2024,40901,rural,22,mujer,9,114,7.894736842105263
2024,40901,rural,23,hombre,12,149,8.053691275167786
2024,40901,rural,23,mujer,12,124,9.67741935483871
2024,40901,rural,24,hombre,10,163,6.134969325153374
2024,40901,rural,24,mujer,9,128,7.03125
2024,40901,rural,25,hombre,13,128,10.15625
2024,40901,rural,25,mujer,5,115,4.3478260869565215
2024,40901,rural,26,hombre,15,127,11.811023622047244
2024,40901,rural,26,mujer,11,120,9.166666666666666
2024,40901,rural,27,hombre,6,109,5.504587155963303
2024,40901,rural,27,mujer,5,111,4.504504504504505
2024,40901,rural,28,hombre,7,123,5.691056910569106
2024,40901,rural,28,mujer,8,113,7.079646017699115
2024,40901,urbana,16,hombre,0,25,0.0
2024,40901,urbana,16,mujer,0,21,0.0
2024,40901,urbana,17,hombre,0,33,0.0
2024,40901,urbana,17,mujer,0,24,0.0
2024,40901,urbana,18,hombre,0,40,0.0
2024,40901,urbana,18,mujer,0,26,0.0
2024,40901,urbana,19,hombre,0,43,0.0
2024,40901,urbana,19,mujer,1,42,2.380952380952381
2024,40901,urbana,20,hombre,0,37,0.0
2024,40901,urbana,20,mujer,3,48,6.25
2024,40901,urbana,21,hombre,0,46,0.0
2024,40901,urbana,21,mujer,0,30,0.0
2024,40901,urbana,22,hombre,0,48,0.0
2024,40901,urbana,22,mujer,0,43,0.0
2024,40901,urbana,23,hombre,0,54,0.0
2024,40901,urbana,23,mujer,0,63,0.0
2024,40901,urbana,24,hombre,1,80,1.25
2024,40901,urbana,24,mujer,1,39,2.5641025641025643
2024,40901,urbana,25,hombre,1,46,2.1739130434782608
2024,40901,urbana,25,mujer,0,46,0.0
2024,40901,urbana,26,hombre,0,41,0.0
2024,40901,urbana,26,mujer,1,36,2.7777777777777777
2024,40901,urbana,27,hombre,5,53,9.433962264150944
2024,40901,urbana,27,mujer,0,31,0.0
2024,40901,urbana,28,hombre,0,41,0.0
2024,40901,urbana,28,mujer,1,38,2.6315789473684212
2024,40902,rural,16,hombre,0,12,0.0
2024,40902,rural,16,mujer,1,10,10.0
2024,40902,rural,17,hombre,0,11,0.0
2024,40902,rural,17,mujer,0,5,0.0
2024,40902,rural,18,hombre,0,16,0.0
2024,40902,rural,18,mujer,0,8,0.0
2024,40902,rural,19,hombre,1,11,9.090909090909092
2024,40902,rural,19,mujer,1,10,10.0
2024,40902,rural,20,hombre,1,13,7.6923076923076925
2024,40902,rural,20,mujer,1,7,14.285714285714286
2024,40902,rural,21,hombre,0,10,0.0
2024,40902,rural,21,mujer,1,13,7.6923076923076925
2024,40902,rural,22,hombre,0,10,0.0
2024,40902,rural,22,mujer,0,12,0.0
2024,40902,rural,23,hombre,0,18,0.0
2024,40902,rural,23,mujer,1,12,8.333333333333334
2024,40902,rural,24,hombre,0,14,0.0
2024,40902,rural,24,mujer,1,15,6.666666666666667
2024,40902,rural,25,hombre,0,11,0.0
2024,40902,rural,25,mujer,0,11,0.0
2024,40902,rural,26,hombre,0,5,0.0
2024,40902,rural,26,mujer,0,16,0.0
2024,40902,rural,27,hombre,0,14,0.0
2024,40902,rural,27,mujer,0,23,0.0
2024,40902,rural,28,hombre,2,11,18.181818181818183
2024,40902,rural,28,mujer,0,7,0.0
2024,40903,rural,16,hombre,4,19,21.05263157894737
2024,40903,rural,16,mujer,1,26,3.8461538461538463
2024,40903,rural,17,hombre,2,10,20.0
2024,40903,rural,17,mujer,4,29,13.793103448275861
2024,40903,rural,18,hombre,3,10,30.0
2024,40903,rural,18,mujer,10,26,38.46153846153846
2024,40903,rural,19,hombre,9,19,47.36842105263158
2024,40903,rural,19,mujer,8,22,36.36363636363637
2024,40903,rural,20,hombre,1,14,7.142857142857143
2024,40903,rural,20,mujer,4,19,21.05263157894737
2024,40903,rural,21,hombre,10,19,52.63157894736842
2024,40903,rural,21,mujer,6,22,27.272727272727273
2024,40903,rural,22,hombre,10,23,43.47826086956522
2024,40903,rural,22,mujer,6,29,20.689655172413794
2024,40903,rural,23,hombre,13,23,56.52173913043478
2024,40903,rural,23,mujer,8,19,42.10526315789474
2024,40903,rural,24,hombre,13,26,50.0
2024,40903,rural,24,mujer,5,16,31.25
2024,40903,rural,25,hombre,13,27,48.148148148148145
2024,40903,rural,25,mujer,5,20,25.0
2024,40903,rural,26,hombre,11,31,35.483870967741936
2024,40903,rural,26,mujer,7,22,31.818181818181817
2024,40903,rural,27,hombre,9,20,45.0
2024,40903,rural,27,mujer,3,26,11.538461538461538
2024,40903,rural,28,hombre,13,23,56.52173913043478
2024,40903,rural,28,mujer,6,32,18.75
2024,41001,rural,16,hombre,9,84,10.714285714285714
2024,41001,rural,16,mujer,10,94,10.638297872340425
2024,41001,rural,17,hombre,6,87,6.896551724137931
2024,41001,rural,17,mujer,8,70,11.428571428571429
2024,41001,rural,18,hombre,8,66,12.121212121212121
2024,41001,rural,18,mujer,9,78,11.538461538461538
2024,41001,rural,19,hombre,8,87,9.195402298850574
2024,41001,rural,19,mujer,5,73,6.8493150684931505
2024,41001,rural,20,hombre,6,77,7.792207792207792
2024,41001,rural,20,mujer,5,75,6.666666666666667
2024,41001,rural,21,hombre,7,89,7.865168539325842
2024,41001,rural,21,mujer,4,84,4.761904761904762
2024,41001,rural,22,hombre,15,93,16.129032258064516
2024,41001,rural,22,mujer,3,70,4.285714285714286
2024,41001,rural,23,hombre,11,103,10.679611650485437
2024,41001,rural,23,mujer,5,104,4.8076923076923075
2024,41001,rural,24,hombre,12,97,12.371134020618557
2024,41001,rural,24,mujer,9,102,8.823529411764707
2024,41001,rural,25,hombre,11,83,13.25301204819277
2024,41001,rural,25,mujer,2,66,3.0303030303030303
2024,41001,rural,26,hombre,18,93,19.35483870967742
2024,41001,rural,26,mujer,15,85,17.647058823529413
2024,41001,rural,27,hombre,10,89,11.235955056179776
2024,41001,rural,27,mujer,7,77,9.090909090909092
2024,41001,rural,28,hombre,9,94,9.574468085106384
2024,41001,rural,28,mujer,6,99,6.0606060606060606
2024,41101,rural,16,hombre,0,27,0.0
2024,41101,rural,16,mujer,0,24,0.0
2024,41101,rural,17,hombre,1,18,5.555555555555555
2024,41101,rural,17,mujer,0,22,0.0
2024,41101,rural,18,hombre,0,23,0.0
2024,41101,rural,18,mujer,1,26,3.8461538461538463
2024,41101,rural,19,hombre,1,23,4.3478260869565215
2024,41101,rural,19,mujer,0,12,0.0
2024,41101,rural,20,hombre,1,23,4.3478260869565215
2024,41101,rural,20,mujer,1,20,5.0
2024,41101,rural,21,hombre,4,30,13.333333333333334
2024,41101,rural,21,mujer,1,24,4.166666666666667
2024,41101,rural,22,hombre,3,31,9.67741935483871
2024,41101,rural,22,mujer,0,17,0.0
2024,41101,rural,23,hombre,0,29,0.0
2024,41101,rural,23,mujer,0,23,0.0
2024,41101,rural,24,hombre,5,32,15.625
2024,41101,rural,24,mujer,2,10,20.0
2024,41101,rural,25,hombre,3,24,12.5
2024,41101,rural,25,mujer,0,23,0.0
2024,41101,rural,26,hombre,3,25,12.0
2024,41101,rural,26,mujer,0,26,0.0
2024,41101,rural,27,hombre,1,27,3.7037037037037037
2024,41101,rural,27,mujer,0,26,0.0
2024,41101,rural,28,hombre,6,28,21.428571428571427
2024,41101,rural,28,mujer,0,19,0.0
2024,41101,urbana,16,hombre,4,25,16.0
2024,41101,urbana,16,mujer,1,27,3.7037037037037037
2024,41101,urbana,17,hombre,1,20,5.0
2024,41101,urbana,17,mujer,1,20,5.0
2024,41101,urbana,18,hombre,4,16,25.0
2024,41101,urbana,18,mujer,4,25,16.0
2024,41101,urbana,19,hombre,2,14,14.285714285714286
2024,41101,urbana,19,mujer,0,22,0.0
2024,41101,urbana,20,hombre,1,18,5.555555555555555
2024,41101,urbana,20,mujer,1,25,4.0
2024,41101,urbana,21,hombre,3,21,14.285714285714286
2024,41101,urbana,21,mujer,0,16,0.0
2024,41101,urbana,22,hombre,2,19,10.526315789473685
2024,41101,urbana,22,mujer,1,23,4.3478260869565215
2024,41101,urbana,23,hombre,3,22,13.636363636363637
2024,41101,urbana,23,mujer,3,20,15.0
2024,41101,urbana,24,hombre,0,8,0.0
2024,41101,urbana,24,mujer,1,20,5.0
2024,41101,urbana,25,hombre,2,12,16.666666666666668
2024,41101,urbana,25,mujer,1,21,4.761904761904762
2024,41101,urbana,26,hombre,2,25,8.0
2024,41101,urbana,26,mujer,3,16,18.75
2024,41101,urbana,27,hombre,2,18,11.11111111111111
2024,41101,urbana,27,mujer,2,25,8.0
2024,41101,urbana,28,hombre,4,15,26.666666666666668
2024,41101,urbana,28,mujer,1,23,4.3478260869565215
2024,41201,rural,16,hombre,1,44,2.272727272727273
2024,41201,rural,16,mujer,1,42,2.380952380952381
2024,41201,rural,17,hombre,2,35,5.714285714285714
2024,41201,rural,17,mujer,4,33,12.121212121212121
2024,41201,rural,18,hombre,7,39,17.94871794871795
2024,41201,rural,18,mujer,2,45,4.444444444444445
2024,41201,rural,19,hombre,1,34,2.9411764705882355
2024,41201,rural,19,mujer,3,40,7.5
2024,41201,rural,20,hombre,5,44,11.363636363636363
2024,41201,rural,20,mujer,3,37,8.108108108108109
2024,41201,rural,21,hombre,6,49,12.244897959183673
2024,41201,rural,21,mujer,2,44,4.545454545454546
2024,41201,rural,22,hombre,4,40,10.0
2024,41201,rural,22,mujer,4,47,8.51063829787234
2024,41201,rural,23,hombre,7,46,15.217391304347826
2024,41201,rural,23,mujer,3,42,7.142857142857143
2024,41201,rural,24,hombre,6,56,10.714285714285714
2024,41201,rural,24,mujer,6,49,12.244897959183673
2024,41201,rural,25,hombre,7,58,12.068965517241379
2024,41201,rural,25,mujer,7,43,16.27906976744186
2024,41201,rural,26,hombre,2,46,4.3478260869565215
2024,41201,rural,26,mujer,4,50,8.0
2024,41201,rural,27,hombre,4,51,7.8431372549019605
2024,41201,rural,27,mujer,4,42,9.523809523809524
2024,41201,rural,28,hombre,3,32,9.375
2024,41201,rural,28,mujer,2,46,4.3478260869565215
2024,41202,rural,16,hombre,2,29,6.896551724137931
2024,41202,rural,16,mujer,2,21,9.523809523809524
2024,41202,rural,17,hombre,0,22,0.0
2024,41202,rural,17,mujer,0,21,0.0
2024,41202,rural,18,hombre,1,24,4.166666666666667
2024,41202,rural,18,mujer,0,16,0.0
2024,41202,rural,19,hombre,2,22,9.090909090909092
2024,41202,rural,19,mujer,2,23,8.695652173913043
2024,41202,rural,20,hombre,4,23,17.391304347826086
2024,41202,rural,20,mujer,1,23,4.3478260869565215
2024,41202,rural,21,hombre,2,24,8.333333333333334
2024,41202,rural,21,mujer,2,20,10.0
2024,41202,rural,22,hombre,2,24,8.333333333333334
2024,41202,rural,22,mujer,5,28,17.857142857142858
2024,41202,rural,23,hombre,2,16,12.5
2024,41202,rural,23,mujer,1,21,4.761904761904762
2024,41202,rural,24,hombre,4,26,15.384615384615385
2024,41202,rural,24,mujer,0,27,0.0
2024,41202,rural,25,hombre,2,20,10.0
2024,41202,rural,25,mujer,1,17,5.882352941176471
2024,41202,rural,26,hombre,4,28,14.285714285714286
2024,41202,rural,26,mujer,1,17,5.882352941176471
2024,41202,rural,27,hombre,1,21,4.761904761904762
2024,41202,rural,27,mujer,0,17,0.0
2024,41202,rural,28,hombre,5,27,18.51851851851852
2024,41202,rural,28,mujer,4,32,12.5
2024,41301,rural,16,hombre,1,62,1.6129032258064515
2024,41301,rural,16,mujer,6,41,14.634146341463415
2024,41301,rural,17,hombre,5,42,11.904761904761905
2024,41301,rural,17,mujer,5,39,12.820512820512821
2024,41301,rural,18,hombre,6,45,13.333333333333334
2024,41301,rural,18,mujer,5,48,10.416666666666666
2024,41301,rural,19,hombre,11,52,21.153846153846153
2024,41301,rural,19,mujer,3,49,6.122448979591836
2024,41301,rural,20,hombre,5,41,12.195121951219512
2024,41301,rural,20,mujer,5,36,13.88888888888889
2024,41301,rural,21,hombre,8,46,17.391304347826086
2024,41301,rural,21,mujer,4,42,9.523809523809524
2024,41301,rural,22,hombre,5,43,11.627906976744185
2024,41301,rural,22,mujer,0,39,0.0
2024,41301,rural,23,hombre,13,60,21.666666666666668
2024,41301,rural,23,mujer,5,56,8.928571428571429
2024,41301,rural,24,hombre,7,54,12.962962962962964
2024,41301,rural,24,mujer,8,50,16.0
2024,41301,rural,25,hombre,10,56,17.857142857142858
2024,41301,rural,25,mujer,4,49,8.16326530612245
2024,41301,rural,26,hombre,8,44,18.181818181818183
2024,41301,rural,26,mujer,7,65,10.76923076923077
2024,41301,rural,27,hombre,9,41,21.951219512195124
2024,41301,rural,27,mujer,10,72,13.88888888888889
2024,41301,rural,28,hombre,8,55,14.545454545454545
2024,41301,rural,28,mujer,5,47,10.638297872340425
2024,41401,rural,16,hombre,4,64,6.25
2024,41401,rural,16,mujer,3,60,5.0
2024,41401,rural,17,hombre,10,69,14.492753623188406
2024,41401,rural,17,mujer,2,42,4.761904761904762
2024,41401,rural,18,hombre,6,77,7.792207792207792
2024,41401,rural,18,mujer,0,56,0.0
2024,41401,rural,19,hombre,9,64,14.0625
2024,41401,rural,19,mujer,8,79,10.126582278481013
2024,41401,rural,20,hombre,6,66,9.090909090909092
2024,41401,rural,20,mujer,1,53,1.8867924528301887
2024,41401,rural,21,hombre,7,82,8.536585365853659
2024,41401,rural,21,mujer,8,61,13.114754098360656
2024,41401,rural,22,hombre,11,75,14.666666666666666
2024,41401,rural,22,mujer,2,60,3.3333333333333335
2024,41401,rural,23,hombre,11,83,13.25301204819277
2024,41401,rural,23,mujer,3,59,5.084745762711864
2024,41401,rural,24,hombre,15,95,15.789473684210526
2024,41401,rural,24,mujer,4,61,6.557377049180328
2024,41401,rural,25,hombre,8,75,10.666666666666666
2024,41401,rural,25,mujer,5,48,10.416666666666666
2024,41401,rural,26,hombre,8,75,10.666666666666666
2024,41401,rural,26,mujer,2,44,4.545454545454546
2024,41401,rural,27,hombre,15,85,17.647058823529413
2024,41401,rural,27,mujer,3,69,4.3478260869565215
2024,41401,rural,28,hombre,12,75,16.0
2024,41401,rural,28,mujer,1,58,1.7241379310344827
2024,41401,urbana,16,hombre,0,38,0.0
2024,41401,urbana,16,mujer,0,29,0.0
2024,41401,urbana,17,hombre,0,40,0.0
2024,41401,urbana,17,mujer,1,44,2.272727272727273
2024,41401,urbana,18,hombre,2,36,5.555555555555555
2024,41401,urbana,18,mujer,3,41,7.317073170731708
2024,41401,urbana,19,hombre,0,25,0.0
2024,41401,urbana,19,mujer,1,29,3.4482758620689653
2024,41401,urbana,20,hombre,0,36,0.0
2024,41401,urbana,20,mujer,0,35,0.0
2024,41401,urbana,21,hombre,0,28,0.0
2024,41401,urbana,21,mujer,2,22,9.090909090909092
2024,41401,urbana,22,hombre,4,33,12.121212121212121
2024,41401,urbana,22,mujer,1,20,5.0
2024,41401,urbana,23,hombre,1,43,2.3255813953488373
2024,41401,urbana,23,mujer,0,43,0.0
2024,41401,urbana,24,hombre,0,35,0.0
2024,41401,urbana,24,mujer,0,33,0.0
2024,41401,urbana,25,hombre,4,46,8.695652173913043
2024,41401,urbana,25,mujer,1,52,1.9230769230769231
2024,41401,urbana,26,hombre,1,25,4.0
2024,41401,urbana,26,mujer,0,36,0.0
2024,41401,urbana,27,hombre,1,24,4.166666666666667
2024,41401,urbana,27,mujer,2,28,7.142857142857143
2024,41401,urbana,28,hombre,2,32,6.25
2024,41401,urbana,28,mujer,0,28,0.0
2024,41501,rural,16,hombre,0,16,0.0
2024,41501,rural,16,mujer,0,15,0.0
2024,41501,rural,17,hombre,0,13,0.0
2024,41501,rural,17,mujer,1,14,7.142857142857143
2024,41501,rural,18,hombre,0,10,0.0
2024,41501,rural,18,mujer,0,7,0.0
2024,41501,rural,19,hombre,0,14,0.0
2024,41501,rural,19,mujer,0,8,0.0
2024,41501,rural,20,hombre,0,10,0.0
2024,41501,rural,20,mujer,0,9,0.0
2024,41501,rural,21,hombre,0,8,0.0
2024,41501,rural,21,mujer,0,14,0.0
2024,41501,rural,22,hombre,0,17,0.0
2024,41501,rural,22,mujer,0,7,0.0
2024,41501,rural,23,hombre,1,15,6.666666666666667
2024,41501,rural,23,mujer,0,12,0.0
2024,41501,rural,24,hombre,0,7,0.0
2024,41501,rural,24,mujer,0,9,0.0
2024,41501,rural,25,hombre,1,11,9.090909090909092
2024,41501,rural,25,mujer,1,9,11.11111111111111
2024,41501,rural,26,hombre,0,7,0.0
2024,41501,rural,26,mujer,0,9,0.0
2024,41501,rural,27,hombre,1,13,7.6923076923076925
2024,41501,rural,27,mujer,0,12,0.0
2024,41501,rural,28,hombre,0,7,0.0
2024,41501,rural,28,mujer,0,11,0.0
2024,41502,rural,16,hombre,0,6,0.0
2024,41502,rural,16,mujer,0,9,0.0
2024,41502,rural,17,hombre,0,25,0.0
2024,41502,rural,17,mujer,0,3,0.0
2024,41502,rural,18,hombre,1,27,3.7037037037037037
2024,41502,rural,18,mujer,1,8,12.5
2024,41502,rural,19,hombre,0,17,0.0
2024,41502,rural,19,mujer,0,12,0.0
2024,41502,rural,20,hombre,0,18,0.0
2024,41502,rural,20,mujer,1,5,20.0
2024,41502,rural,21,hombre,1,11,9.090909090909092
2024,41502,rural,21,mujer,1,9,11.11111111111111
2024,41502,rural,22,hombre,0,9,0.0
2024,41502,rural,22,mujer,0,6,0.0
2024,41502,rural,23,hombre,2,8,25.0
2024,41502,rural,23,mujer,1,12,8.333333333333334
2024,41502,rural,24,hombre,2,10,20.0
2024,41502,rural,24,mujer,1,7,14.285714285714286
2024,41502,rural,25,hombre,2,12,16.666666666666668
2024,41502,rural,25,mujer,0,12,0.0
2024,41502,rural,26,hombre,0,7,0.0
2024,41502,rural,26,mujer,0,8,0.0
2024,41502,rural,27,hombre,0,8,0.0
2024,41502,rural,27,mujer,2,15,13.333333333333334
2024,41502,rural,28,hombre,3,14,21.428571428571427
2024,41502,rural,28,mujer,0,10,0.0
2024,41503,rural,16,hombre,0,13,0.0
2024,41503,rural,16,mujer,0,11,0.0
2024,41503,rural,17,hombre,0,10,0.0
2024,41503,rural,17,mujer,0,11,0.0
2024,41503,rural,18,hombre,1,9,11.11111111111111
2024,41503,rural,18,mujer,1,9,11.11111111111111
2024,41503,rural,19,hombre,0,16,0.0
2024,41503,rural,19,mujer,0,9,0.0
2024,41503,rural,20,hombre,0,7,0.0
2024,41503,rural,20,mujer,0,10,0.0
2024,41503,rural,21,hombre,0,13,0.0
2024,41503,rural,21,mujer,0,19,0.0
2024,41503,rural,22,hombre,2,17,11.764705882352942
2024,41503,rural,22,mujer,0,12,0.0
2024,41503,rural,23,hombre,0,10,0.0
2024,41503,rural,23,mujer,0,6,0.0
2024,41503,rural,24,hombre,0,17,0.0
2024,41503,rural,24,mujer,1,11,9.090909090909092
2024,41503,rural,25,hombre,0,11,0.0
2024,41503,rural,25,mujer,0,8,0.0
2024,41503,rural,26,hombre,1,10,10.0
2024,41503,rural,26,mujer,1,16,6.25
2024,41503,rural,27,hombre,0,6,0.0
2024,41503,rural,27,mujer,1,15,6.666666666666667
2024,41503,rural,28,hombre,0,10,0.0
2024,41503,rural,28,mujer,0,5,0.0
2024,41601,rural,16,hombre,2,35,5.714285714285714
2024,41601,rural,16,mujer,4,38,10.526315789473685
2024,41601,rural,17,hombre,4,36,11.11111111111111
2024,41601,rural,17,mujer,6,41,14.634146341463415
2024,41601,rural,18,hombre,1,26,3.8461538461538463
2024,41601,rural,18,mujer,0,26,0.0
2024,41601,rural,19,hombre,6,29,20.689655172413794
2024,41601,rural,19,mujer,2,33,6.0606060606060606
2024,41601,rural,20,hombre,5,29,17.24137931034483
2024,41601,rural,20,mujer,6,21,28.571428571428573
2024,41601,rural,21,hombre,2,31,6.451612903225806
2024,41601,rural,21,mujer,2,25,8.0
2024,41601,rural,22,hombre,4,33,12.121212121212121
2024,41601,rural,22,mujer,4,27,14.814814814814815
2024,41601,rural,23,hombre,3,25,12.0
2024,41601,rural,23,mujer,4,36,11.11111111111111
2024,41601,rural,24,hombre,4,35,11.428571428571429
2024,41601,rural,24,mujer,6,55,10.909090909090908
2024,41601,rural,25,hombre,9,40,22.5
2024,41601,rural,25,mujer,4,31,12.903225806451612
2024,41601,rural,26,hombre,9,33,27.272727272727273
2024,41601,rural,26,mujer,1,30,3.3333333333333335
2024,41601,rural,27,hombre,8,40,20.0
2024,41601,rural,27,mujer,7,28,25.0
2024,41601,rural,28,hombre,8,41,19.51219512195122
2024,41601,rural,28,mujer,6,46,13.043478260869565
2024,50101,rural,16,hombre,7,175,4.0
2024,50101,rural,16,mujer,4,154,2.5974025974025974
2024,50101,rural,17,hombre,7,166,4.216867469879518
2024,50101,rural,17,mujer,3,131,2.2900763358778624
2024,50101,rural,18,hombre,9,143,6.293706293706293
2024,50101,rural,18,mujer,3,123,2.4390243902439024
2024,50101,rural,19,hombre,11,148,7.4324324324324325
2024,50101,rural,19,mujer,4,99,4.040404040404041
2024,50101,rural,20,hombre,15,132,11.363636363636363
2024,50101,rural,20,mujer,5,138,3.6231884057971016
2024,50101,rural,21,hombre,13,167,7.7844311377245505
2024,50101,rural,21,mujer,3,122,2.459016393442623
2024,50101,rural,22,hombre,21,151,13.907284768211921
2024,50101,rural,22,mujer,6,133,4.511278195488722
2024,50101,rural,23,hombre,22,182,12.087912087912088
2024,50101,rural,23,mujer,5,146,3.4246575342465753
2024,50101,rural,24,hombre,24,173,13.872832369942197
2024,50101,rural,24,mujer,8,136,5.882352941176471
2024,50101,rural,25,hombre,25,159,15.723270440251572
2024,50101,rural,25,mujer,8,162,4.938271604938271
2024,50101,rural,26,hombre,21,179,11.731843575418994
2024,50101,rural,26,mujer,5,168,2.9761904761904763
2024,50101,rural,27,hombre,21,155,13.548387096774194
2024,50101,rural,27,mujer,6,152,3.9473684210526314
2024,50101,rural,28,hombre,14,168,8.333333333333334
2024,50101,rural,28,mujer,4,130,3.076923076923077
2024,50101,urbana,16,hombre,88,2079,4.232804232804233
2024,50101,urbana,16,mujer,68,2129,3.193987787693753
2024,50101,urbana,17,hombre,108,1940,5.56701030927835
2024,50101,urbana,17,mujer,84,2046,4.105571847507331
2024,50101,urbana,18,hombre,169,1897,8.908803373748023
2024,50101,urbana,18,mujer,125,1985,6.297229219143577
2024,50101,urbana,19,hombre,170,1876,9.06183368869936
2024,50101,urbana,19,mujer,146,1950,7.487179487179487
2024,50101,urbana,20,hombre,205,1839,11.147362697117998
2024,50101,urbana,20,mujer,145,2002,7.242757242757243
2024,50101,urbana,21,hombre,202,1978,10.212335692618806
2024,50101,urbana,21,mujer,151,2047,7.376648754274548
2024,50101,urbana,22,hombre,186,1874,9.925293489861259
2024,50101,urbana,22,mujer,168,2102,7.992388201712655
2024,50101,urbana,23,hombre,220,2072,10.617760617760618
2024,50101,urbana,23,mujer,151,2251,6.708129720124389
2024,50101,urbana,24,hombre,228,2024,11.264822134387352
2024,50101,urbana,24,mujer,157,2203,7.126645483431684
2024,50101,urbana,25,hombre,187,1920,9.739583333333334
2024,50101,urbana,25,mujer,137,2036,6.728880157170924
2024,50101,urbana,26,hombre,202,1784,11.32286995515695
2024,50101,urbana,26,mujer,134,2008,6.673306772908367
2024,50101,urbana,27,hombre,198,1799,11.006114508060033
2024,50101,urbana,27,mujer,119,2046,5.81622678396872
2024,50101,urbana,28,hombre,171,1707,10.017574692442881
2024,50101,urbana,28,mujer,84,1848,4.545454545454546
2024,50102,rural,16,hombre,17,285,5.964912280701754
2024,50102,rural,16,mujer,5,229,2.183406113537118
2024,50102,rural,17,hombre,22,287,7.665505226480836
2024,50102,rural,17,mujer,8,210,3.8095238095238093
2024,50102,rural,18,hombre,23,265,8.679245283018869
2024,50102,rural,18,mujer,13,198,6.565656565656566
2024,50102,rural,19,hombre,24,223,10.762331838565023
2024,50102,rural,19,mujer,9,216,4.166666666666667
2024,50102,rural,20,hombre,28,278,10.071942446043165
2024,50102,rural,20,mujer,5,209,2.3923444976076556
2024,50102,rural,21,hombre,44,305,14.426229508196721
2024,50102,rural,21,mujer,13,221,5.882352941176471
2024,50102,rural,22,hombre,45,302,14.900662251655628
2024,50102,rural,22,mujer,4,192,2.0833333333333335
2024,50102,rural,23,hombre,41,317,12.933753943217665
2024,50102,rural,23,mujer,6,241,2.4896265560165975
2024,50102,rural,24,hombre,45,317,14.195583596214512
2024,50102,rural,24,mujer,6,199,3.0150753768844223
2024,50102,rural,25,hombre,53,283,18.72791519434629
2024,50102,rural,25,mujer,14,169,8.284023668639053
2024,50102,rural,26,hombre,50,268,18.65671641791045
2024,50102,rural,26,mujer,13,179,7.262569832402234
2024,50102,rural,27,hombre,48,292,16.438356164383563
2024,50102,rural,27,mujer,10,186,5.376344086021505
2024,50102,rural,28,hombre,43,282,15.24822695035461
2024,50102,rural,28,mujer,10,176,5.681818181818182
2024,50103,rural,16,hombre,2,86,2.3255813953488373
2024,50103,rural,16,mujer,2,93,2.150537634408602
2024,50103,rural,17,hombre,1,78,1.2820512820512822
2024,50103,rural,17,mujer,0,75,0.0
2024,50103,rural,18,hombre,1,80,1.25
2024,50103,rural,18,mujer,0,82,0.0
2024,50103,rural,19,hombre,2,66,3.0303030303030303
2024,50103,rural,19,mujer,1,65,1.5384615384615385
2024,50103,rural,20,hombre,4,65,6.153846153846154
2024,50103,rural,20,mujer,1,72,1.3888888888888888
2024,50103,rural,21,hombre,8,89,8.98876404494382
2024,50103,rural,21,mujer,3,81,3.7037037037037037
2024,50103,rural,22,hombre,2,71,2.816901408450704
2024,50103,rural,22,mujer,4,85,4.705882352941177
2024,50103,rural,23,hombre,10,85,11.764705882352942
2024,50103,rural,23,mujer,3,80,3.75
2024,50103,rural,24,hombre,9,110,8.181818181818182
2024,50103,rural,24,mujer,3,79,3.7974683544303796
2024,50103,rural,25,hombre,10,83,12.048192771084338
2024,50103,rural,25,mujer,1,78,1.2820512820512822
2024,50103,rural,26,hombre,8,106,7.547169811320755
2024,50103,rural,26,mujer,6,98,6.122448979591836
2024,50103,rural,27,hombre,9,89,10.112359550561798
2024,50103,rural,27,mujer,6,96,6.25
2024,50103,rural,28,hombre,10,93,10.75268817204301
2024,50103,rural,28,mujer,1,78,1.2820512820512822
2024,50104,rural,16,hombre,1,17,5.882352941176471
2024,50104,rural,16,mujer,0,16,0.0
2024,50104,rural,17,hombre,3,28,10.714285714285714
2024,50104,rural,17,mujer,2,14,14.285714285714286
2024,50104,rural,18,hombre,2,17,11.764705882352942
2024,50104,rural,18,mujer,2,24,8.333333333333334
2024,50104,rural,19,hombre,6,34,17.647058823529413
2024,50104,rural,19,mujer,0,18,0.0
2024,50104,rural,20,hombre,2,18,11.11111111111111
2024,50104,rural,20,mujer,1,13,7.6923076923076925
2024,50104,rural,21,hombre,2,22,9.090909090909092
2024,50104,rural,21,mujer,0,22,0.0
2024,50104,rural,22,hombre,4,29,13.793103448275861
2024,50104,rural,22,mujer,0,19,0.0
2024,50104,rural,23,hombre,6,38,15.789473684210526
2024,50104,rural,23,mujer,0,27,0.0
2024,50104,rural,24,hombre,4,28,14.285714285714286
2024,50104,rural,24,mujer,1,23,4.3478260869565215
2024,50104,rural,25,hombre,3,22,13.636363636363637
2024,50104,rural,25,mujer,0,19,0.0
2024,50104,rural,26,hombre,4,31,12.903225806451612
2024,50104,rural,26,mujer,0,11,0.0
2024,50104,rural,27,hombre,2,27,7.407407407407407
2024,50104,rural,27,mujer,1,22,4.545454545454546
2024,50104,rural,28,hombre,6,31,19.35483870967742
2024,50104,rural,28,mujer,2,23,8.695652173913043
2024,50201,rural,16,hombre,3,134,2.2388059701492535
2024,50201,rural,16,mujer,1,99,1.0101010101010102
2024,50201,rural,17,hombre,9,137,6.569343065693431
2024,50201,rural,17,mujer,1,119,0.8403361344537815
2024,50201,rural,18,hombre,12,99,12.121212121212121
2024,50201,rural,18,mujer,8,92,8.695652173913043
2024,50201,rural,19,hombre,8,105,7.619047619047619
2024,50201,rural,19,mujer,2,105,1.9047619047619047
2024,50201,rural,20,hombre,10,114,8.771929824561404
2024,50201,rural,20,mujer,3,90,3.3333333333333335
2024,50201,rural,21,hombre,18,124,14.516129032258064
2024,50201,rural,21,mujer,11,101,10.891089108910892
2024,50201,rural,22,hombre,13,115,11.304347826086957
2024,50201,rural,22,mujer,2,108,1.8518518518518519
2024,50201,rural,23,hombre,21,143,14.685314685314685
2024,50201,rural,23,mujer,4,123,3.252032520325203
2024,50201,rural,24,hombre,10,132,7.575757575757576
2024,50201,rural,24,mujer,8,119,6.722689075630252
2024,50201,rural,25,hombre,20,131,15.267175572519085
2024,50201,rural,25,mujer,2,100,2.0
2024,50201,rural,26,hombre,20,133,15.037593984962406
2024,50201,rural,26,mujer,1,125,0.8
2024,50201,rural,27,hombre,30,142,21.12676056338028
2024,50201,rural,27,mujer,3,100,3.0
2024,50201,rural,28,hombre,15,146,10.273972602739725
2024,50201,rural,28,mujer,2,87,2.2988505747126435
2024,50201,urbana,16,hombre,23,105,21.904761904761905
2024,50201,urbana,16,mujer,8,86,9.30232558139535
2024,50201,urbana,17,hombre,29,106,27.358490566037737
2024,50201,urbana,17,mujer,19,125,15.2
2024,50201,urbana,18,hombre,12,137,8.75912408759124
2024,50201,urbana,18,mujer,16,76,21.05263157894737
2024,50201,urbana,19,hombre,16,116,13.793103448275861
2024,50201,urbana,19,mujer,17,86,19.767441860465116
2024,50201,urbana,20,hombre,18,86,20.930232558139537
2024,50201,urbana,20,mujer,15,87,17.24137931034483
2024,50201,urbana,21,hombre,15,90,16.666666666666668
2024,50201,urbana,21,mujer,14,92,15.217391304347826
2024,50201,urbana,22,hombre,20,96,20.833333333333332
2024,50201,urbana,22,mujer,11,85,12.941176470588236
2024,50201,urbana,23,hombre,17,93,18.27956989247312
2024,50201,urbana,23,mujer,21,85,24.705882352941178
2024,50201,urbana,24,hombre,19,88,21.59090909090909
2024,50201,urbana,24,mujer,10,84,11.904761904761905
2024,50201,urbana,25,hombre,12,79,15.189873417721518
2024,50201,urbana,25,mujer,9,77,11.688311688311689
2024,50201,urbana,26,hombre,15,73,20.54794520547945
2024,50201,urbana,26,mujer,15,94,15.957446808510639
2024,50201,urbana,27,hombre,10,80,12.5
2024,50201,urbana,27,mujer,20,78,25.641025641025642
2024,50201,urbana,28,hombre,10,78,12.820512820512821
2024,50201,urbana,28,mujer,15,108,13.88888888888889
2024,50202,rural,16,hombre,2,107,1.8691588785046729
2024,50202,rural,16,mujer,2,116,1.7241379310344827
2024,50202,rural,17,hombre,7,118,5.932203389830509
2024,50202,rural,17,mujer,5,121,4.132231404958677
2024,50202,rural,18,hombre,6,78,7.6923076923076925
2024,50202,rural,18,mujer,2,116,1.7241379310344827
2024,50202,rural,19,hombre,14,125,11.2
2024,50202,rural,19,mujer,4,87,4.597701149425287
2024,50202,rural,20,hombre,14,123,11.382113821138212
2024,50202,rural,20,mujer,5,112,4.464285714285714
2024,50202,rural,21,hombre,10,124,8.064516129032258
2024,50202,rural,21,mujer,3,95,3.1578947368421053
2024,50202,rural,22,hombre,9,127,7.086614173228346
2024,50202,rural,22,mujer,4,99,4.040404040404041
2024,50202,rural,23,hombre,16,136,11.764705882352942
2024,50202,rural,23,mujer,2,99,2.0202020202020203
2024,50202,rural,24,hombre,12,125,9.6
2024,50202,rural,24,mujer,3,110,2.727272727272727
2024,50202,rural,25,hombre,22,144,15.277777777777779
2024,50202,rural,25,mujer,3,81,3.7037037037037037
2024,50202,rural,26,hombre,15,126,11.904761904761905
2024,50202,rural,26,mujer,4,90,4.444444444444445
2024,50202,rural,27,hombre,20,116,17.24137931034483
2024,50202,rural,27,mujer,2,94,2.127659574468085
2024,50202,rural,28,hombre,12,119,10.084033613445378
2024,50202,rural,28,mujer,0,100,0.0
2024,50202,urbana,16,hombre,0,26,0.0
2024,50202,urbana,16,mujer,2,19,10.526315789473685
2024,50202,urbana,17,hombre,2,10,20.0
2024,50202,urbana,17,mujer,5,30,16.666666666666668
2024,50202,urbana,18,hombre,1,19,5.2631578947368425
2024,50202,urbana,18,mujer,2,25,8.0
2024,50202,urbana,19,hombre,3,30,10.0
2024,50202,urbana,19,mujer,3,41,7.317073170731708
2024,50202,urbana,20,hombre,3,67,4.477611940298507
2024,50202,urbana,20,mujer,6,56,10.714285714285714
2024,50202,urbana,21,hombre,4,38,10.526315789473685
2024,50202,urbana,21,mujer,1,42,2.380952380952381
2024,50202,urbana,22,hombre,10,45,22.22222222222222
2024,50202,urbana,22,mujer,5,35,14.285714285714286
2024,50202,urbana,23,hombre,4,54,7.407407407407407
2024,50202,urbana,23,mujer,7,38,18.42105263157895
2024,50202,urbana,24,hombre,6,49,12.244897959183673
2024,50202,urbana,24,mujer,3,33,9.090909090909092
2024,50202,urbana,25,hombre,7,35,20.0
2024,50202,urbana,25,mujer,1,23,4.3478260869565215
2024,50202,urbana,26,hombre,9,34,26.470588235294116
2024,50202,urbana,26,mujer,1,19,5.2631578947368425
2024,50202,urbana,27,hombre,3,12,25.0
2024,50202,urbana,27,mujer,1,23,4.3478260869565215
2024,50202,urbana,28,hombre,5,16,31.25
2024,50202,urbana,28,mujer,2,32,6.25
2024,50203,rural,16,hombre,4,45,8.88888888888889
2024,50203,rural,16,mujer,2,44,4.545454545454546
2024,50203,rural,17,hombre,7,47,14.893617021276595
2024,50203,rural,17,mujer,2,34,5.882352941176471
2024,50203,rural,18,hombre,6,32,18.75
2024,50203,rural,18,mujer,5,42,11.904761904761905
2024,50203,rural,19,hombre,7,37,18.91891891891892
2024,50203,rural,19,mujer,4,36,11.11111111111111
2024,50203,rural,20,hombre,12,35,34.285714285714285
2024,50203,rural,20,mujer,4,41,9.75609756097561
2024,50203,rural,21,hombre,15,47,31.914893617021278
2024,50203,rural,21,mujer,6,34,17.647058823529413
2024,50203,rural,22,hombre,10,46,21.73913043478261
2024,50203,rural,22,mujer,6,42,14.285714285714286
2024,50203,rural,23,hombre,7,43,16.27906976744186
2024,50203,rural,23,mujer,2,26,7.6923076923076925
2024,50203,rural,24,hombre,13,56,23.214285714285715
2024,50203,rural,24,mujer,2,28,7.142857142857143
2024,50203,rural,25,hombre,10,39,25.641025641025642
2024,50203,rural,25,mujer,2,43,4.651162790697675
2024,50203,rural,26,hombre,14,48,29.166666666666668
2024,50203,rural,26,mujer,3,37,8.108108108108109
2024,50203,rural,27,hombre,12,42,28.571428571428573
2024,50203,rural,27,mujer,4,35,11.428571428571429
2024,50203,rural,28,hombre,11,51,21.568627450980394
2024,50203,rural,28,mujer,2,32,6.25
2024,50203,urbana,16,hombre,21,364,5.769230769230769
2024,50203,urbana,16,mujer,13,347,3.7463976945244957
2024,50203,urbana,17,hombre,40,359,11.142061281337048
2024,50203,urbana,17,mujer,45,446,10.089686098654708
2024,50203,urbana,18,hombre,67,371,18.059299191374663
2024,50203,urbana,18,mujer,156,610,25.57377049180328
2024,50203,urbana,19,hombre,93,405,22.962962962962962
2024,50203,urbana,19,mujer,154,548,28.1021897810219
2024,50203,urbana,20,hombre,136,497,27.364185110663986
2024,50203,urbana,20,mujer,165,574,28.745644599303137
2024,50203,urbana,21,hombre,128,537,23.83612662942272
2024,50203,urbana,21,mujer,163,587,27.76831345826235
2024,50203,urbana,22,hombre,125,490,25.510204081632654
2024,50203,urbana,22,mujer,149,557,26.75044883303411
2024,50203,urbana,23,hombre,123,472,26.059322033898304
2024,50203,urbana,23,mujer,102,495,20.606060606060606
2024,50203,urbana,24,hombre,111,432,25.694444444444443
2024,50203,urbana,24,mujer,93,442,21.040723981900452
2024,50203,urbana,25,hombre,68,337,20.178041543026705
2024,50203,urbana,25,mujer,39,346,11.271676300578035
2024,50203,urbana,26,hombre,71,303,23.432343234323433
2024,50203,urbana,26,mujer,34,326,10.429447852760736
2024,50203,urbana,27,hombre,52,312,16.666666666666668
2024,50203,urbana,27,mujer,41,327,12.53822629969419
2024,50203,urbana,28,hombre,54,278,19.424460431654676
2024,50203,urbana,28,mujer,29,330,8.787878787878787
2024,50204,rural,16,hombre,4,81,4.938271604938271
2024,50204,rural,16,mujer,8,54,14.814814814814815
2024,50204,rural,17,hombre,12,73,16.438356164383563
2024,50204,rural,17,mujer,3,58,5.172413793103448
2024,50204,rural,18,hombre,10,62,16.129032258064516
2024,50204,rural,18,mujer,3,57,5.2631578947368425
2024,50204,rural,19,hombre,9,47,19.148936170212767
2024,50204,rural,19,mujer,0,46,0.0
2024,50204,rural,20,hombre,12,63,19.047619047619047
2024,50204,rural,20,mujer,1,49,2.0408163265306123
2024,50204,rural,21,hombre,16,51,31.372549019607842
2024,50204,rural,21,mujer,2,48,4.166666666666667
2024,50204,rural,22,hombre,14,65,21.53846153846154
2024,50204,rural,22,mujer,3,48,6.25
2024,50204,rural,23,hombre,11,59,18.64406779661017
2024,50204,rural,23,mujer,2,50,4.0
2024,50204,rural,24,hombre,17,65,26.153846153846153
2024,50204,rural,24,mujer,3,47,6.382978723404255
2024,50204,rural,25,hombre,16,64,25.0
2024,50204,rural,25,mujer,0,40,0.0
2024,50204,rural,26,hombre,17,66,25.757575757575758
2024,50204,rural,26,mujer,2,40,5.0
2024,50204,rural,27,hombre,18,66,27.272727272727273
2024,50204,rural,27,mujer,1,32,3.125
2024,50204,rural,28,hombre,18,44,40.90909090909091
2024,50204,rural,28,mujer,4,43,9.30232558139535
2024,50204,urbana,16,hombre,1,25,4.0
2024,50204,urbana,16,mujer,1,29,3.4482758620689653
2024,50204,urbana,17,hombre,0,18,0.0
2024,50204,urbana,17,mujer,0,18,0.0
2024,50204,urbana,18,hombre,0,9,0.0
2024,50204,urbana,18,mujer,1,12,8.333333333333334
2024,50204,urbana,19,hombre,2,17,11.764705882352942
2024,50204,urbana,19,mujer,1,14,7.142857142857143
2024,50204,urbana,20,hombre,5,14,35.714285714285715
2024,50204,urbana,20,mujer,0,15,0.0
2024,50204,urbana,21,hombre,3,12,25.0
2024,50204,urbana,21,mujer,0,15,0.0
2024,50204,urbana,22,hombre,4,21,19.047619047619047
2024,50204,urbana,22,mujer,1,15,6.666666666666667
2024,50204,urbana,23,hombre,5,20,25.0
2024,50204,urbana,23,mujer,0,15,0.0
2024,50204,urbana,24,hombre,0,19,0.0
2024,50204,urbana,24,mujer,0,19,0.0
2024,50204,urbana,25,hombre,3,18,16.666666666666668
2024,50204,urbana,25,mujer,4,23,17.391304347826086
2024,50204,urbana,26,hombre,2,15,13.333333333333334
2024,50204,urbana,26,mujer,1,17,5.882352941176471
2024,50204,urbana,27,hombre,2,24,8.333333333333334
2024,50204,urbana,27,mujer,1,13,7.6923076923076925
2024,50204,urbana,28,hombre,3,20,15.0
2024,50204,urbana,28,mujer,1,23,4.3478260869565215
2024,50301,rural,16,hombre,7,256,2.734375
2024,50301,rural,16,mujer,4,205,1.951219512195122
2024,50301,rural,17,hombre,20,221,9.049773755656108
2024,50301,rural,17,mujer,9,205,4.390243902439025
2024,50301,rural,18,hombre,12,164,7.317073170731708
2024,50301,rural,18,mujer,1,176,0.5681818181818182
2024,50301,rural,19,hombre,11,174,6.32183908045977
2024,50301,rural,19,mujer,8,173,4.624277456647399
2024,50301,rural,20,hombre,18,197,9.137055837563452
2024,50301,rural,20,mujer,6,191,3.141361256544503
2024,50301,rural,21,hombre,12,179,6.70391061452514
2024,50301,rural,21,mujer,3,181,1.6574585635359116
2024,50301,rural,22,hombre,12,229,5.240174672489083
2024,50301,rural,22,mujer,4,198,2.0202020202020203
2024,50301,rural,23,hombre,17,218,7.798165137614679
2024,50301,rural,23,mujer,1,190,0.5263157894736842
2024,50301,rural,24,hombre,27,237,11.39240506329114
2024,50301,rural,24,mujer,3,198,1.5151515151515151
2024,50301,rural,25,hombre,23,175,13.142857142857142
2024,50301,rural,25,mujer,8,169,4.733727810650888
2024,50301,rural,26,hombre,16,165,9.696969696969697
2024,50301,rural,26,mujer,5,181,2.7624309392265194
2024,50301,rural,27,hombre,19,191,9.947643979057592
2024,50301,rural,27,mujer,3,175,1.7142857142857142
2024,50301,rural,28,hombre,14,176,7.954545454545454
2024,50301,rural,28,mujer,5,160,3.125
2024,50301,urbana,16,hombre,8,72,11.11111111111111
2024,50301,urbana,16,mujer,2,63,3.1746031746031744
2024,50301,urbana,17,hombre,5,73,6.8493150684931505
2024,50301,urbana,17,mujer,2,68,2.9411764705882355
2024,50301,urbana,18,hombre,3,53,5.660377358490566
2024,50301,urbana,18,mujer,3,57,5.2631578947368425
2024,50301,urbana,19,hombre,5,49,10.204081632653061
2024,50301,urbana,19,mujer,6,50,12.0
2024,50301,urbana,20,hombre,8,60,13.333333333333334
2024,50301,urbana,20,mujer,6,68,8.823529411764707
2024,50301,urbana,21,hombre,8,46,17.391304347826086
2024,50301,urbana,21,mujer,7,48,14.583333333333334
2024,50301,urbana,22,hombre,8,52,15.384615384615385
2024,50301,urbana,22,mujer,2,64,3.125
2024,50301,urbana,23,hombre,12,51,23.529411764705884
2024,50301,urbana,23,mujer,4,56,7.142857142857143
2024,50301,urbana,24,hombre,8,47,17.02127659574468
2024,50301,urbana,24,mujer,1,58,1.7241379310344827
2024,50301,urbana,25,hombre,13,63,20.634920634920636
2024,50301,urbana,25,mujer,2,54,3.7037037037037037
2024,50301,urbana,26,hombre,3,55,5.454545454545454
2024,50301,urbana,26,mujer,3,63,4.761904761904762
2024,50301,urbana,27,hombre,8,53,15.09433962264151
2024,50301,urbana,27,mujer,1,54,1.8518518518518519
2024,50301,urbana,28,hombre,5,44,11.363636363636363
2024,50301,urbana,28,mujer,5,58,8.620689655172415
2024,50302,rural,16,hombre,0,66,0.0
2024,50302,rural,16,mujer,1,68,1.4705882352941178
2024,50302,rural,17,hombre,1,62,1.6129032258064515
2024,50302,rural,17,mujer,1,63,1.5873015873015872
2024,50302,rural,18,hombre,1,63,1.5873015873015872
2024,50302,rural,18,mujer,1,63,1.5873015873015872
2024,50302,rural,19,hombre,5,53,9.433962264150944
2024,50302,rural,19,mujer,2,67,2.985074626865672
2024,50302,rural,20,hombre,4,55,7.2727272727272725
2024,50302,rural,20,mujer,2,68,2.9411764705882355
2024,50302,rural,21,hombre,10,68,14.705882352941176
2024,50302,rural,21,mujer,2,63,3.1746031746031744
2024,50302,rural,22,hombre,4,66,6.0606060606060606
2024,50302,rural,22,mujer,2,65,3.076923076923077
2024,50302,rural,23,hombre,9,84,10.714285714285714
2024,50302,rural,23,mujer,2,58,3.4482758620689653
2024,50302,rural,24,hombre,9,76,11.842105263157896
2024,50302,rural,24,mujer,3,61,4.918032786885246
2024,50302,rural,25,hombre,5,64,7.8125
2024,50302,rural,25,mujer,3,63,4.761904761904762
2024,50302,rural,26,hombre,4,70,5.714285714285714
2024,50302,rural,26,mujer,0,57,0.0
2024,50302,rural,27,hombre,13,64,20.3125
2024,50302,rural,27,mujer,1,62,1.6129032258064515
2024,50302,rural,28,hombre,5,67,7.462686567164179
2024,50302,rural,28,mujer,4,68,5.882352941176471
2024,50303,rural,16,hombre,12,148,8.108108108108109
2024,50303,rural,16,mujer,10,121,8.264462809917354
2024,50303,rural,17,hombre,10,126,7.936507936507937
2024,50303,rural,17,mujer,6,108,5.555555555555555
2024,50303,rural,18,hombre,8,116,6.896551724137931
2024,50303,rural,18,mujer,9,113,7.964601769911504
2024,50303,rural,19,hombre,7,98,7.142857142857143
2024,50303,rural,19,mujer,4,98,4.081632653061225
2024,50303,rural,20,hombre,14,138,10.144927536231885
2024,50303,rural,20,mujer,3,102,2.9411764705882355
2024,50303,rural,21,hombre,22,136,16.176470588235293
2024,50303,rural,21,mujer,3,125,2.4
2024,50303,rural,22,hombre,17,131,12.977099236641221
2024,50303,rural,22,mujer,10,82,12.195121951219512
2024,50303,rural,23,hombre,27,154,17.532467532467532
2024,50303,rural,23,mujer,8,94,8.51063829787234
2024,50303,rural,24,hombre,14,141,9.929078014184396
2024,50303,rural,24,mujer,5,104,4.8076923076923075
2024,50303,rural,25,hombre,17,144,11.805555555555555
2024,50303,rural,25,mujer,4,92,4.3478260869565215
2024,50303,rural,26,hombre,18,123,14.634146341463415
2024,50303,rural,26,mujer,5,94,5.319148936170213
2024,50303,rural,27,hombre,18,108,16.666666666666668
2024,50303,rural,27,mujer,3,67,4.477611940298507
2024,50303,rural,28,hombre,18,102,17.647058823529413
2024,50303,rural,28,mujer,3,70,4.285714285714286
2024,50401,rural,16,hombre,16,115,13.91304347826087
2024,50401,rural,16,mujer,8,100,8.0
2024,50401,rural,17,hombre,22,113,19.469026548672566
2024,50401,rural,17,mujer,4,84,4.761904761904762
2024,50401,rural,18,hombre,29,89,32.58426966292135
2024,50401,rural,18,mujer,10,89,11.235955056179776
2024,50401,rural,19,hombre,17,94,18.085106382978722
2024,50401,rural,19,mujer,10,77,12.987012987012987
2024,50401,rural,20,hombre,15,78,19.23076923076923
2024,50401,rural,20,mujer,12,86,13.953488372093023
2024,50401,rural,21,hombre,26,86,30.232558139534884
2024,50401,rural,21,mujer,9,92,9.782608695652174
2024,50401,rural,22,hombre,16,87,18.39080459770115
2024,50401,rural,22,mujer,7,69,10.144927536231885
2024,50401,rural,23,hombre,18,99,18.181818181818183
2024,50401,rural,23,mujer,4,67,5.970149253731344
2024,50401,rural,24,hombre,30,104,28.846153846153847
2024,50401,rural,24,mujer,13,90,14.444444444444445
2024,50401,rural,25,hombre,15,82,18.29268292682927
2024,50401,rural,25,mujer,6,76,7.894736842105263
2024,50401,rural,26,hombre,19,53,35.84905660377358
2024,50401,rural,26,mujer,7,61,11.475409836065573
2024,50401,rural,27,hombre,14,74,18.91891891891892
2024,50401,rural,27,mujer,5,61,8.19672131147541
2024,50401,rural,28,hombre,26,79,32.91139240506329
2024,50401,rural,28,mujer,6,54,11.11111111111111
2024,50401,urbana,16,hombre,5,48,10.416666666666666
2024,50401,urbana,16,mujer,4,47,8.51063829787234
2024,50401,urbana,17,hombre,6,53,11.320754716981131
2024,50401,urbana,17,mujer,3,52,5.769230769230769
2024,50401,urbana,18,hombre,11,59,18.64406779661017
2024,50401,urbana,18,mujer,1,35,2.857142857142857
2024,50401,urbana,19,hombre,18,71,25.35211267605634
2024,50401,urbana,19,mujer,1,25,4.0
2024,50401,urbana,20,hombre,22,73,30.136986301369863
2024,50401,urbana,20,mujer,2,31,6.451612903225806
2024,50401,urbana,21,hombre,25,89,28.089887640449437
2024,50401,urbana,21,mujer,2,46,4.3478260869565215
2024,50401,urbana,22,hombre,25,98,25.510204081632654
2024,50401,urbana,22,mujer,3,40,7.5
2024,50401,urbana,23,hombre,30,91,32.967032967032964
2024,50401,urbana,23,mujer,1,40,2.5
2024,50401,urbana,24,hombre,39,124,31.451612903225808
2024,50401,urbana,24,mujer,2,35,5.714285714285714
2024,50401,urbana,25,hombre,24,88,27.272727272727273
2024,50401,urbana,25,mujer,5,37,13.513513513513514
2024,50401,urbana,26,hombre,21,84,25.0
2024,50401,urbana,26,mujer,7,46,15.217391304347826
2024,50401,urbana,27,hombre,23,74,31.08108108108108
2024,50401,urbana,27,mujer,3,45,6.666666666666667
2024,50401,urbana,28,hombre,14,74,18.91891891891892
2024,50401,urbana,28,mujer,2,45,4.444444444444445
2024,50402,rural,16,hombre,10,135,7.407407407407407
2024,50402,rural,16,mujer,10,134,7.462686567164179
2024,50402,rural,17,hombre,13,130,10.0
2024,50402,rural,17,mujer,9,104,8.653846153846153
2024,50402,rural,18,hombre,10,131,7.633587786259542
2024,50402,rural,18,mujer,4,100,4.0
2024,50402,rural,19,hombre,6,99,6.0606060606060606
2024,50402,rural,19,mujer,7,85,8.235294117647058
2024,50402,rural,20,hombre,13,104,12.5
2024,50402,rural,20,mujer,8,94,8.51063829787234
2024,50402,rural,21,hombre,17,126,13.492063492063492
2024,50402,rural,21,mujer,3,101,2.9702970297029703
2024,50402,rural,22,hombre,19,112,16.964285714285715
2024,50402,rural,22,mujer,5,95,5.2631578947368425
2024,50402,rural,23,hombre,22,124,17.741935483870968
2024,50402,rural,23,mujer,6,115,5.217391304347826
2024,50402,rural,24,hombre,23,128,17.96875
2024,50402,rural,24,mujer,7,91,7.6923076923076925
2024,50402,rural,25,hombre,15,90,16.666666666666668
2024,50402,rural,25,mujer,9,97,9.278350515463918
2024,50402,rural,26,hombre,18,113,15.929203539823009
2024,50402,rural,26,mujer,7,82,8.536585365853659
2024,50402,rural,27,hombre,20,116,17.24137931034483
2024,50402,rural,27,mujer,1,90,1.1111111111111112
2024,50402,rural,28,hombre,24,107,22.429906542056074
2024,50402,rural,28,mujer,8,73,10.95890410958904
2024,50403,rural,16,hombre,28,289,9.688581314878892
2024,50403,rural,16,mujer,5,235,2.127659574468085
2024,50403,rural,17,hombre,22,247,8.906882591093117
2024,50403,rural,17,mujer,8,219,3.65296803652968
2024,50403,rural,18,hombre,25,232,10.775862068965518
2024,50403,rural,18,mujer,19,267,7.116104868913857
2024,50403,rural,19,hombre,31,211,14.691943127962086
2024,50403,rural,19,mujer,18,255,7.0588235294117645
2024,50403,rural,20,hombre,38,258,14.728682170542635
2024,50403,rural,20,mujer,15,240,6.25
2024,50403,rural,21,hombre,34,241,14.107883817427386
2024,50403,rural,21,mujer,8,260,3.076923076923077
2024,50403,rural,22,hombre,39,252,15.476190476190476
2024,50403,rural,22,mujer,18,219,8.219178082191782
2024,50403,rural,23,hombre,36,300,12.0
2024,50403,rural,23,mujer,18,249,7.228915662650603
2024,50403,rural,24,hombre,42,302,13.907284768211921
2024,50403,rural,24,mujer,12,225,5.333333333333333
2024,50403,rural,25,hombre,51,274,18.613138686131386
2024,50403,rural,25,mujer,12,196,6.122448979591836
2024,50403,rural,26,hombre,43,255,16.862745098039216
2024,50403,rural,26,mujer,12,210,5.714285714285714
2024,50403,rural,27,hombre,24,252,9.523809523809524
2024,50403,rural,27,mujer,13,201,6.467661691542289
2024,50403,rural,28,hombre,36,261,13.793103448275861
2024,50403,rural,28,mujer,10,186,5.376344086021505
2024,50403,urbana,16,hombre,6,17,35.294117647058826
2024,50403,urbana,16,mujer,9,22,40.90909090909091
2024,50403,urbana,17,hombre,18,37,48.648648648648646
2024,50403,urbana,17,mujer,6,19,31.57894736842105
2024,50403,urbana,18,hombre,6,14,42.857142857142854
2024,50403,urbana,18,mujer,9,25,36.0
2024,50403,urbana,19,hombre,8,14,57.142857142857146
2024,50403,urbana,19,mujer,12,22,54.54545454545455
2024,50403,urbana,20,hombre,11,16,68.75
2024,50403,urbana,20,mujer,13,23,56.52173913043478
2024,50403,urbana,21,hombre,9,12,75.0
2024,50403,urbana,21,mujer,13,25,52.0
2024,50403,urbana,22,hombre,9,13,69.23076923076923
2024,50403,urbana,22,mujer,18,34,52.94117647058823
2024,50403,urbana,23,hombre,9,17,52.94117647058823
2024,50403,urbana,23,mujer,8,19,42.10526315789474
2024,50403,urbana,24,hombre,11,16,68.75
2024,50403,urbana,24,mujer,17,33,51.515151515151516
2024,50403,urbana,25,hombre,12,17,70.58823529411765
2024,50403,urbana,25,mujer,11,21,52.38095238095238
2024,50403,urbana,26,hombre,16,20,80.0
2024,50403,urbana,26,mujer,19,28,67.85714285714286
2024,50403,urbana,27,hombre,9,13,69.23076923076923
2024,50403,urbana,27,mujer,15,28,53.57142857142857
2024,50403,urbana,28,hombre,7,16,43.75
2024,50403,urbana,28,mujer,10,24,41.666666666666664
2024,50404,rural,16,hombre,16,144,11.11111111111111
2024,50404,rural,16,mujer,7,118,5.932203389830509
2024,50404,rural,17,hombre,26,150,17.333333333333332
2024,50404,rural,17,mujer,8,104,7.6923076923076925
2024,50404,rural,18,hombre,24,116,20.689655172413794
2024,50404,rural,18,mujer,9,106,8.49056603773585
2024,50404,rural,19,hombre,19,101,18.81188118811881
2024,50404,rural,19,mujer,6,77,7.792207792207792
2024,50404,rural,20,hombre,32,151,21.192052980132452
2024,50404,rural,20,mujer,10,99,10.1010101010101
2024,50404,rural,21,hombre,26,139,18.705035971223023
2024,50404,rural,21,mujer,7,91,7.6923076923076925
2024,50404,rural,22,hombre,22,108,20.37037037037037
2024,50404,rural,22,mujer,6,94,6.382978723404255
2024,50404,rural,23,hombre,34,140,24.285714285714285
2024,50404,rural,23,mujer,8,107,7.4766355140186915
2024,50404,rural,24,hombre,41,145,28.275862068965516
2024,50404,rural,24,mujer,5,80,6.25
2024,50404,rural,25,hombre,31,107,28.97196261682243
2024,50404,rural,25,mujer,5,72,6.944444444444445
2024,50404,rural,26,hombre,30,127,23.62204724409449
2024,50404,rural,26,mujer,2,79,2.5316455696202533
2024,50404,rural,27,hombre,31,126,24.603174603174605
2024,50404,rural,27,mujer,6,83,7.228915662650603
2024,50404,rural,28,hombre,33,108,30.555555555555557
2024,50404,rural,28,mujer,12,72,16.666666666666668
2024,50405,rural,16,hombre,22,212,10.377358490566039
2024,50405,rural,16,mujer,12,183,6.557377049180328
2024,50405,rural,17,hombre,26,182,14.285714285714286
2024,50405,rural,17,mujer,13,164,7.926829268292683
2024,50405,rural,18,hombre,31,206,15.048543689320388
2024,50405,rural,18,mujer,10,162,6.172839506172839
2024,50405,rural,19,hombre,29,188,15.425531914893616
2024,50405,rural,19,mujer,9,156,5.769230769230769
2024,50405,rural,20,hombre,43,209,20.574162679425836
2024,50405,rural,20,mujer,14,151,9.271523178807946
2024,50405,rural,21,hombre,64,209,30.62200956937799
2024,50405,rural,21,mujer,11,161,6.832298136645963
2024,50405,rural,22,hombre,52,201,25.870646766169155
2024,50405,rural,22,mujer,10,129,7.751937984496124
2024,50405,rural,23,hombre,58,213,27.230046948356808
2024,50405,rural,23,mujer,10,153,6.5359477124183005
2024,50405,rural,24,hombre,63,241,26.141078838174273
2024,50405,rural,24,mujer,16,173,9.248554913294798
2024,50405,rural,25,hombre,57,198,28.78787878787879
2024,50405,rural,25,mujer,7,122,5.737704918032787
2024,50405,rural,26,hombre,54,182,29.67032967032967
2024,50405,rural,26,mujer,9,125,7.2
2024,50405,rural,27,hombre,55,209,26.31578947368421
2024,50405,rural,27,mujer,8,113,7.079646017699115
2024,50405,rural,28,hombre,38,177,21.468926553672315
2024,50405,rural,28,mujer,13,123,10.56910569105691
2024,50501,rural,16,hombre,35,276,12.681159420289855
2024,50501,rural,16,mujer,17,223,7.623318385650224
2024,50501,rural,17,hombre,48,275,17.454545454545453
2024,50501,rural,17,mujer,24,244,9.836065573770492
2024,50501,rural,18,hombre,43,200,21.5
2024,50501,rural,18,mujer,19,209,9.090909090909092
2024,50501,rural,19,hombre,37,201,18.407960199004975
2024,50501,rural,19,mujer,14,207,6.763285024154589
2024,50501,rural,20,hombre,35,196,17.857142857142858
2024,50501,rural,20,mujer,15,202,7.425742574257426
2024,50501,rural,21,hombre,49,234,20.94017094017094
2024,50501,rural,21,mujer,15,171,8.771929824561404
2024,50501,rural,22,hombre,54,230,23.47826086956522
2024,50501,rural,22,mujer,11,155,7.096774193548387
2024,50501,rural,23,hombre,64,254,25.19685039370079
2024,50501,rural,23,mujer,19,179,10.614525139664805
2024,50501,rural,24,hombre,48,220,21.818181818181817
2024,50501,rural,24,mujer,21,191,10.99476439790576
2024,50501,rural,25,hombre,53,218,24.31192660550459
2024,50501,rural,25,mujer,23,161,14.285714285714286
2024,50501,rural,26,hombre,57,208,27.403846153846153
2024,50501,rural,26,mujer,13,144,9.027777777777779
2024,50501,rural,27,hombre,49,205,23.902439024390244
2024,50501,rural,27,mujer,17,157,10.828025477707007
2024,50501,rural,28,hombre,64,202,31.683168316831683
2024,50501,rural,28,mujer,13,134,9.701492537313433
2024,50502,rural,16,hombre,13,97,13.402061855670103
2024,50502,rural,16,mujer,14,104,13.461538461538462
2024,50502,rural,17,hombre,21,97,21.649484536082475
2024,50502,rural,17,mujer,5,87,5.747126436781609
2024,50502,rural,18,hombre,20,77,25.974025974025974
2024,50502,rural,18,mujer,9,77,11.688311688311689
2024,50502,rural,19,hombre,12,62,19.35483870967742
2024,50502,rural,19,mujer,6,80,7.5
2024,50502,rural,20,hombre,8,77,10.38961038961039
2024,50502,rural,20,mujer,1,68,1.4705882352941178
2024,50502,rural,21,hombre,14,72,19.444444444444443
2024,50502,rural,21,mujer,9,64,14.0625
2024,50502,rural,22,hombre,7,64,10.9375
2024,50502,rural,22,mujer,5,69,7.246376811594203
2024,50502,rural,23,hombre,22,78,28.205128205128204
2024,50502,rural,23,mujer,6,70,8.571428571428571
2024,50502,rural,24,hombre,18,82,21.951219512195124
2024,50502,rural,24,mujer,6,67,8.955223880597014
2024,50502,rural,25,hombre,18,75,24.0
2024,50502,rural,25,mujer,6,56,10.714285714285714
2024,50502,rural,26,hombre,26,73,35.61643835616438
2024,50502,rural,26,mujer,3,72,4.166666666666667
2024,50502,rural,27,hombre,10,71,14.084507042253522
2024,50502,rural,27,mujer,5,64,7.8125
2024,50502,rural,28,hombre,21,92,22.82608695652174
2024,50502,rural,28,mujer,10,61,16.39344262295082
2024,50601,rural,16,hombre,11,205,5.365853658536586
2024,50601,rural,16,mujer,10,192,5.208333333333333
2024,50601,rural,17,hombre,16,216,7.407407407407407
2024,50601,rural,17,mujer,6,196,3.061224489795918
2024,50601,rural,18,hombre,26,166,15.662650602409638
2024,50601,rural,18,mujer,23,181,12.707182320441989
2024,50601,rural,19,hombre,33,180,18.333333333333332
2024,50601,rural,19,mujer,14,181,7.734806629834254
2024,50601,rural,20,hombre,29,211,13.744075829383887
2024,50601,rural,20,mujer,12,167,7.18562874251497
2024,50601,rural,21,hombre,31,191,16.230366492146597
2024,50601,rural,21,mujer,11,179,6.145251396648045
2024,50601,rural,22,hombre,29,206,14.077669902912621
2024,50601,rural,22,mujer,10,178,5.617977528089888
2024,50601,rural,23,hombre,39,213,18.309859154929576
2024,50601,rural,23,mujer,17,215,7.906976744186046
2024,50601,rural,24,hombre,37,212,17.452830188679247
2024,50601,rural,24,mujer,20,235,8.51063829787234
2024,50601,rural,25,hombre,41,200,20.5
2024,50601,rural,25,mujer,12,186,6.451612903225806
2024,50601,rural,26,hombre,35,195,17.94871794871795
2024,50601,rural,26,mujer,25,215,11.627906976744185
2024,50601,rural,27,hombre,42,217,19.35483870967742
2024,50601,rural,27,mujer,9,206,4.368932038834951
2024,50601,rural,28,hombre,48,216,22.22222222222222
2024,50601,rural,28,mujer,20,228,8.771929824561404
2024,50601,urbana,16,hombre,3,31,9.67741935483871
2024,50601,urbana,16,mujer,6,45,13.333333333333334
2024,50601,urbana,17,hombre,10,34,29.41176470588235
2024,50601,urbana,17,mujer,6,48,12.5
2024,50601,urbana,18,hombre,8,35,22.857142857142858
2024,50601,urbana,18,mujer,8,28,28.571428571428573
2024,50601,urbana,19,hombre,7,20,35.0
2024,50601,urbana,19,mujer,1,20,5.0
2024,50601,urbana,20,hombre,6,28,21.428571428571427
2024,50601,urbana,20,mujer,5,20,25.0
2024,50601,urbana,21,hombre,6,25,24.0
2024,50601,urbana,21,mujer,3,25,12.0
2024,50601,urbana,22,hombre,3,16,18.75
2024,50601,urbana,22,mujer,5,25,20.0
2024,50601,urbana,23,hombre,7,26,26.923076923076923
2024,50601,urbana,23,mujer,3,20,15.0
2024,50601,urbana,24,hombre,9,25,36.0
2024,50601,urbana,24,mujer,4,31,12.903225806451612
2024,50601,urbana,25,hombre,11,25,44.0
2024,50601,urbana,25,mujer,6,30,20.0
2024,50601,urbana,26,hombre,3,19,15.789473684210526
2024,50601,urbana,26,mujer,1,23,4.3478260869565215
2024,50601,urbana,27,hombre,4,23,17.391304347826086
2024,50601,urbana,27,mujer,6,23,26.08695652173913
2024,50601,urbana,28,hombre,5,21,23.80952380952381
2024,50601,urbana,28,mujer,3,21,14.285714285714286
2024,50602,rural,16,hombre,3,70,4.285714285714286
2024,50602,rural,16,mujer,3,86,3.488372093023256
2024,50602,rural,17,hombre,10,75,13.333333333333334
2024,50602,rural,17,mujer,1,78,1.2820512820512822
2024,50602,rural,18,hombre,7,72,9.722222222222221
2024,50602,rural,18,mujer,1,74,1.3513513513513513
2024,50602,rural,19,hombre,9,69,13.043478260869565
2024,50602,rural,19,mujer,5,70,7.142857142857143
2024,50602,rural,20,hombre,14,75,18.666666666666668
2024,50602,rural,20,mujer,3,69,4.3478260869565215
2024,50602,rural,21,hombre,10,66,15.151515151515152
2024,50602,rural,21,mujer,7,90,7.777777777777778
2024,50602,rural,22,hombre,6,64,9.375
2024,50602,rural,22,mujer,3,71,4.225352112676056
2024,50602,rural,23,hombre,10,88,11.363636363636363
2024,50602,rural,23,mujer,7,87,8.045977011494253
2024,50602,rural,24,hombre,8,70,11.428571428571429
2024,50602,rural,24,mujer,9,85,10.588235294117647
2024,50602,rural,25,hombre,7,76,9.210526315789474
2024,50602,rural,25,mujer,2,73,2.73972602739726
2024,50602,rural,26,hombre,7,64,10.9375
2024,50602,rural,26,mujer,4,69,5.797101449275362
2024,50602,rural,27,hombre,11,68,16.176470588235293
2024,50602,rural,27,mujer,2,53,3.7735849056603774
2024,50602,rural,28,hombre,8,60,13.333333333333334
2024,50602,rural,28,mujer,3,70,4.285714285714286
2024,50701,rural,16,hombre,12,144,8.333333333333334
2024,50701,rural,16,mujer,9,120,7.5
2024,50701,rural,17,hombre,8,132,6.0606060606060606
2024,50701,rural,17,mujer,4,149,2.684563758389262
2024,50701,rural,18,hombre,6,87,6.896551724137931
2024,50701,rural,18,mujer,6,111,5.405405405405405
2024,50701,rural,19,hombre,11,83,13.25301204819277
2024,50701,rural,19,mujer,5,88,5.681818181818182
2024,50701,rural,20,hombre,23,114,20.17543859649123
2024,50701,rural,20,mujer,3,100,3.0
2024,50701,rural,21,hombre,29,131,22.137404580152673
2024,50701,rural,21,mujer,3,96,3.125
2024,50701,rural,22,hombre,15,108,13.88888888888889
2024,50701,rural,22,mujer,3,78,3.8461538461538463
2024,50701,rural,23,hombre,27,149,18.120805369127517
2024,50701,rural,23,mujer,5,105,4.761904761904762
2024,50701,rural,24,hombre,33,147,22.448979591836736
2024,50701,rural,24,mujer,6,87,6.896551724137931
2024,50701,rural,25,hombre,27,123,21.951219512195124
2024,50701,rural,25,mujer,7,93,7.526881720430108
2024,50701,rural,26,hombre,36,135,26.666666666666668
2024,50701,rural,26,mujer,5,80,6.25
2024,50701,rural,27,hombre,40,133,30.075187969924812
2024,50701,rural,27,mujer,5,80,6.25
2024,50701,rural,28,hombre,31,109,28.440366972477065
2024,50701,rural,28,mujer,6,78,7.6923076923076925
2024,50701,urbana,16,hombre,0,13,0.0
2024,50701,urbana,16,mujer,0,15,0.0
2024,50701,urbana,17,hombre,6,26,23.076923076923077
2024,50701,urbana,17,mujer,3,21,14.285714285714286
2024,50701,urbana,18,hombre,2,14,14.285714285714286
2024,50701,urbana,18,mujer,5,16,31.25
2024,50701,urbana,19,hombre,4,10,40.0
2024,50701,urbana,19,mujer,1,16,6.25
2024,50701,urbana,20,hombre,2,9,22.22222222222222
2024,50701,urbana,20,mujer,3,14,21.428571428571427
2024,50701,urbana,21,hombre,3,22,13.636363636363637
2024,50701,urbana,21,mujer,8,21,38.095238095238095
2024,50701,urbana,22,hombre,6,13,46.15384615384615
2024,50701,urbana,22,mujer,5,21,23.80952380952381
2024,50701,urbana,23,hombre,2,10,20.0
2024,50701,urbana,23,mujer,5,19,26.31578947368421
2024,50701,urbana,24,hombre,4,15,26.666666666666668
2024,50701,urbana,24,mujer,3,26,11.538461538461538
2024,50701,urbana,25,hombre,2,13,15.384615384615385
2024,50701,urbana,25,mujer,3,12,25.0
2024,50701,urbana,26,hombre,2,11,18.181818181818183
2024,50701,urbana,26,mujer,4,15,26.666666666666668
2024,50701,urbana,27,hombre,0,8,0.0
2024,50701,urbana,27,mujer,2,13,15.384615384615385
2024,50701,urbana,28,hombre,7,18,38.888888888888886
2024,50701,urbana,28,mujer,2,15,13.333333333333334
2024,50702,rural,16,hombre,6,97,6.185567010309279
2024,50702,rural,16,mujer,4,78,5.128205128205129
2024,50702,rural,17,hombre,8,70,11.428571428571429
2024,50702,rural,17,mujer,3,57,5.2631578947368425
2024,50702,rural,18,hombre,1,48,2.0833333333333335
2024,50702,rural,18,mujer,4,71,5.633802816901408
2024,50702,rural,19,hombre,6,43,13.953488372093023
2024,50702,rural,19,mujer,2,44,4.545454545454546
2024,50702,rural,20,hombre,8,68,11.764705882352942
2024,50702,rural,20,mujer,5,54,9.25925925925926
2024,50702,rural,21,hombre,13,75,17.333333333333332
2024,50702,rural,21,mujer,0,54,0.0
2024,50702,rural,22,hombre,13,84,15.476190476190476
2024,50702,rural,22,mujer,2,44,4.545454545454546
2024,50702,rural,23,hombre,7,66,10.606060606060606
2024,50702,rural,23,mujer,4,52,7.6923076923076925
2024,50702,rural,24,hombre,12,79,15.189873417721518
2024,50702,rural,24,mujer,2,58,3.4482758620689653
2024,50702,rural,25,hombre,20,78,25.641025641025642
2024,50702,rural,25,mujer,1,46,2.1739130434782608
2024,50702,rural,26,hombre,22,77,28.571428571428573
2024,50702,rural,26,mujer,3,52,5.769230769230769
2024,50702,rural,27,hombre,25,82,30.48780487804878
2024,50702,rural,27,mujer,5,54,9.25925925925926
2024,50702,rural,28,hombre,28,87,32.18390804597701
2024,50702,rural,28,mujer,2,51,3.9215686274509802
2024,50801,rural,16,hombre,2,156,1.2820512820512822
2024,50801,rural,16,mujer,3,127,2.3622047244094486
2024,50801,rural,17,hombre,7,114,6.140350877192983
2024,50801,rural,17,mujer,8,125,6.4
2024,50801,rural,18,hombre,14,111,12.612612612612613
2024,50801,rural,18,mujer,9,123,7.317073170731708
2024,50801,rural,19,hombre,15,108,13.88888888888889
2024,50801,rural,19,mujer,5,100,5.0
2024,50801,rural,20,hombre,19,118,16.10169491525424
2024,50801,rural,20,mujer,9,129,6.976744186046512
2024,50801,rural,21,hombre,18,137,13.138686131386862
2024,50801,rural,21,mujer,9,105,8.571428571428571
2024,50801,rural,22,hombre,16,126,12.698412698412698
2024,50801,rural,22,mujer,10,129,7.751937984496124
2024,50801,rural,23,hombre,17,125,13.6
2024,50801,rural,23,mujer,6,124,4.838709677419355
2024,50801,rural,24,hombre,23,145,15.862068965517242
2024,50801,rural,24,mujer,8,124,6.451612903225806
2024,50801,rural,25,hombre,18,127,14.173228346456693
2024,50801,rural,25,mujer,6,110,5.454545454545454
2024,50801,rural,26,hombre,25,126,19.841269841269842
2024,50801,rural,26,mujer,8,124,6.451612903225806
2024,50801,rural,27,hombre,24,125,19.2
2024,50801,rural,27,mujer,9,133,6.7669172932330826
2024,50801,rural,28,hombre,29,129,22.48062015503876
2024,50801,rural,28,mujer,5,126,3.9682539682539684
2024,50801,urbana,16,hombre,13,320,4.0625
2024,50801,urbana,16,mujer,8,275,2.909090909090909
2024,50801,urbana,17,hombre,12,296,4.054054054054054
2024,50801,urbana,17,mujer,9,241,3.7344398340248963
2024,50801,urbana,18,hombre,18,301,5.980066445182724
2024,50801,urbana,18,mujer,15,202,7.425742574257426
2024,50801,urbana,19,hombre,24,262,9.16030534351145
2024,50801,urbana,19,mujer,9,182,4.945054945054945
2024,50801,urbana,20,hombre,34,220,15.454545454545455
2024,50801,urbana,20,mujer,21,191,10.99476439790576
2024,50801,urbana,21,hombre,20,201,9.950248756218905
2024,50801,urbana,21,mujer,23,177,12.994350282485875
2024,50801,urbana,22,hombre,22,173,12.716763005780347
2024,50801,urbana,22,mujer,15,221,6.787330316742081
2024,50801,urbana,23,hombre,29,183,15.846994535519126
2024,50801,urbana,23,mujer,29,215,13.488372093023257
2024,50801,urbana,24,hombre,32,212,15.09433962264151
2024,50801,urbana,24,mujer,17,223,7.623318385650224
2024,50801,urbana,25,hombre,23,204,11.27450980392157
2024,50801,urbana,25,mujer,19,219,8.67579908675799
2024,50801,urbana,26,hombre,22,227,9.691629955947137
2024,50801,urbana,26,mujer,18,245,7.346938775510204
2024,50801,urbana,27,hombre,26,210,12.380952380952381
2024,50801,urbana,27,mujer,18,282,6.382978723404255
2024,50801,urbana,28,hombre,31,219,14.155251141552512
2024,50801,urbana,28,mujer,13,238,5.46218487394958
2024,50802,rural,16,hombre,3,93,3.225806451612903
2024,50802,rural,16,mujer,3,101,2.9702970297029703
2024,50802,rural,17,hombre,15,85,17.647058823529413
2024,50802,rural,17,mujer,9,84,10.714285714285714
2024,50802,rural,18,hombre,12,49,24.489795918367346
2024,50802,rural,18,mujer,12,56,21.428571428571427
2024,50802,rural,19,hombre,14,59,23.728813559322035
2024,50802,rural,19,mujer,14,59,23.728813559322035
2024,50802,rural,20,hombre,14,47,29.78723404255319
2024,50802,rural,20,mujer,10,56,17.857142857142858
2024,50802,rural,21,hombre,11,54,20.37037037037037
2024,50802,rural,21,mujer,8,52,15.384615384615385
2024,50802,rural,22,hombre,16,59,27.11864406779661
2024,50802,rural,22,mujer,11,44,25.0
2024,50802,rural,23,hombre,26,93,27.956989247311828
2024,50802,rural,23,mujer,9,70,12.857142857142858
2024,50802,rural,24,hombre,27,74,36.486486486486484
2024,50802,rural,24,mujer,5,50,10.0
2024,50802,rural,25,hombre,23,87,26.436781609195403
2024,50802,rural,25,mujer,12,91,13.186813186813186
2024,50802,rural,26,hombre,26,78,33.333333333333336
2024,50802,rural,26,mujer,5,72,6.944444444444445
2024,50802,rural,27,hombre,27,97,27.835051546391753
2024,50802,rural,27,mujer,6,67,8.955223880597014
2024,50802,rural,28,hombre,22,90,24.444444444444443
2024,50802,rural,28,mujer,12,84,14.285714285714286
2024,50901,rural,16,hombre,5,88,5.681818181818182
2024,50901,rural,16,mujer,4,93,4.301075268817204
2024,50901,rural,17,hombre,4,122,3.278688524590164
2024,50901,rural,17,mujer,2,69,2.898550724637681
2024,50901,rural,18,hombre,7,168,4.166666666666667
2024,50901,rural,18,mujer,2,65,3.076923076923077
2024,50901,rural,19,hombre,3,122,2.459016393442623
2024,50901,rural,19,mujer,5,48,10.416666666666666
2024,50901,rural,20,hombre,8,81,9.876543209876543
2024,50901,rural,20,mujer,2,56,3.5714285714285716
2024,50901,rural,21,hombre,6,74,8.108108108108109
2024,50901,rural,21,mujer,4,52,7.6923076923076925
2024,50901,rural,22,hombre,13,66,19.696969696969695
2024,50901,rural,22,mujer,6,65,9.23076923076923
2024,50901,rural,23,hombre,16,74,21.62162162162162
2024,50901,rural,23,mujer,5,70,7.142857142857143
2024,50901,rural,24,hombre,16,86,18.6046511627907
2024,50901,rural,24,mujer,7,80,8.75
2024,50901,rural,25,hombre,8,74,10.81081081081081
2024,50901,rural,25,mujer,11,85,12.941176470588236
2024,50901,rural,26,hombre,17,108,15.74074074074074
2024,50901,rural,26,mujer,9,82,10.975609756097562
2024,50901,rural,27,hombre,16,91,17.582417582417584
2024,50901,rural,27,mujer,11,74,14.864864864864865
2024,50901,rural,28,hombre,10,95,10.526315789473685
2024,50901,rural,28,mujer,4,82,4.878048780487805
2024,50901,urbana,16,hombre,2,23,8.695652173913043
2024,50901,urbana,16,mujer,0,22,0.0
2024,50901,urbana,17,hombre,3,22,13.636363636363637
2024,50901,urbana,17,mujer,1,23,4.3478260869565215
2024,50901,urbana,18,hombre,0,7,0.0
2024,50901,urbana,18,mujer,1,21,4.761904761904762
2024,50901,urbana,19,hombre,0,8,0.0
2024,50901,urbana,19,mujer,0,11,0.0
2024,50901,urbana,20,hombre,3,8,37.5
2024,50901,urbana,20,mujer,0,7,0.0
2024,50901,urbana,21,hombre,2,15,13.333333333333334
2024,50901,urbana,21,mujer,1,12,8.333333333333334
2024,50901,urbana,22,hombre,2,10,20.0
2024,50901,urbana,22,mujer,1,20,5.0
2024,50901,urbana,23,hombre,3,22,13.636363636363637
2024,50901,urbana,23,mujer,0,13,0.0
2024,50901,urbana,24,hombre,4,20,20.0
2024,50901,urbana,24,mujer,0,16,0.0
2024,50901,urbana,25,hombre,1,22,4.545454545454546
2024,50901,urbana,25,mujer,2,23,8.695652173913043
2024,50901,urbana,26,hombre,3,14,21.428571428571427
2024,50901,urbana,26,mujer,0,25,0.0
2024,50901,urbana,27,hombre,4,18,22.22222222222222
2024,50901,urbana,27,mujer,4,20,20.0
2024,50901,urbana,28,hombre,6,19,31.57894736842105
2024,50901,urbana,28,mujer,1,15,6.666666666666667
2024,50902,rural,16,hombre,0,16,0.0
2024,50902,rural,16,mujer,1,11,9.090909090909092
2024,50902,rural,17,hombre,1,19,5.2631578947368425
2024,50902,rural,17,mujer,0,16,0.0
2024,50902,rural,18,hombre,1,10,10.0
2024,50902,rural,18,mujer,2,5,40.0
2024,50902,rural,19,hombre,2,22,9.090909090909092
2024,50902,rural,19,mujer,2,13,15.384615384615385
2024,50902,rural,20,hombre,3,16,18.75
2024,50902,rural,20,mujer,0,11,0.0
2024,50902,rural,21,hombre,2,19,10.526315789473685
2024,50902,rural,21,mujer,3,12,25.0
2024,50902,rural,22,hombre,1,21,4.761904761904762
2024,50902,rural,22,mujer,1,8,12.5
2024,50902,rural,23,hombre,3,24,12.5
2024,50902,rural,23,mujer,1,8,12.5
2024,50902,rural,24,hombre,3,14,21.428571428571427
2024,50902,rural,24,mujer,0,7,0.0
2024,50902,rural,25,hombre,4,17,23.529411764705884
2024,50902,rural,25,mujer,1,13,7.6923076923076925
2024,50902,rural,26,hombre,3,19,15.789473684210526
2024,50902,rural,26,mujer,1,11,9.090909090909092
2024,50902,rural,27,hombre,1,20,5.0
2024,50902,rural,27,mujer,3,6,50.0
2024,50902,rural,28,hombre,5,11,45.45454545454545
2024,50902,rural,28,mujer,0,12,0.0
2024,51001,rural,16,hombre,4,33,12.121212121212121
2024,51001,rural,16,mujer,0,25,0.0
2024,51001,rural,17,hombre,3,35,8.571428571428571
2024,51001,rural,17,mujer,1,27,3.7037037037037037
2024,51001,rural,18,hombre,6,40,15.0
2024,51001,rural,18,mujer,4,24,16.666666666666668
2024,51001,rural,19,hombre,5,30,16.666666666666668
2024,51001,rural,19,mujer,2,23,8.695652173913043
2024,51001,rural,20,hombre,5,37,13.513513513513514
2024,51001,rural,20,mujer,2,18,11.11111111111111
2024,51001,rural,21,hombre,2,27,7.407407407407407
2024,51001,rural,21,mujer,1,21,4.761904761904762
2024,51001,rural,22,hombre,11,36,30.555555555555557
2024,51001,rural,22,mujer,1,28,3.5714285714285716
2024,51001,rural,23,hombre,5,18,27.77777777777778
2024,51001,rural,23,mujer,1,30,3.3333333333333335
2024,51001,rural,24,hombre,7,34,20.58823529411765
2024,51001,rural,24,mujer,1,27,3.7037037037037037
2024,51001,rural,25,hombre,6,20,30.0
2024,51001,rural,25,mujer,3,22,13.636363636363637
2024,51001,rural,26,hombre,4,19,21.05263157894737
2024,51001,rural,26,mujer,5,33,15.151515151515152
2024,51001,rural,27,hombre,8,39,20.512820512820515
2024,51001,rural,27,mujer,1,28,3.5714285714285716
2024,51001,rural,28,hombre,8,31,25.806451612903224
2024,51001,rural,28,mujer,1,27,3.7037037037037037
2024,51002,rural,16,hombre,1,12,8.333333333333334
2024,51002,rural,16,mujer,1,7,14.285714285714286
2024,51002,rural,17,hombre,0,7,0.0
2024,51002,rural,17,mujer,0,9,0.0
2024,51002,rural,18,hombre,0,7,0.0
2024,51002,rural,18,mujer,0,4,0.0
2024,51002,rural,19,hombre,0,10,0.0
2024,51002,rural,19,mujer,0,6,0.0
2024,51002,rural,20,hombre,1,7,14.285714285714286
2024,51002,rural,20,mujer,1,11,9.090909090909092
2024,51002,rural,21,hombre,0,6,0.0
2024,51002,rural,21,mujer,1,7,14.285714285714286
2024,51002,rural,22,hombre,0,5,0.0
2024,51002,rural,22,mujer,0,3,0.0
2024,51002,rural,23,hombre,0,11,0.0
2024,51002,rural,23,mujer,0,8,0.0
2024,51002,rural,24,hombre,2,13,15.384615384615385
2024,51002,rural,24,mujer,0,10,0.0
2024,51002,rural,25,hombre,1,6,16.666666666666668
2024,51002,rural,25,mujer,1,6,16.666666666666668
2024,51002,rural,26,hombre,2,9,22.22222222222222
2024,51002,rural,26,mujer,0,9,0.0
2024,51002,rural,27,hombre,2,10,20.0
2024,51002,rural,27,mujer,0,6,0.0
2024,51002,rural,28,hombre,1,9,11.11111111111111
2024,51002,rural,28,mujer,0,7,0.0
2024,51003,rural,16,hombre,0,27,0.0
2024,51003,rural,16,mujer,0,20,0.0
2024,51003,rural,17,hombre,2,22,9.090909090909092
2024,51003,rural,17,mujer,1,12,8.333333333333334
2024,51003,rural,18,hombre,3,12,25.0
2024,51003,rural,18,mujer,1,28,3.5714285714285716
2024,51003,rural,19,hombre,4,16,25.0
2024,51003,rural,19,mujer,1,13,7.6923076923076925
2024,51003,rural,20,hombre,0,12,0.0
2024,51003,rural,20,mujer,1,13,7.6923076923076925
2024,51003,rural,21,hombre,6,15,40.0
2024,51003,rural,21,mujer,0,17,0.0
2024,51003,rural,22,hombre,5,17,29.41176470588235
2024,51003,rural,22,mujer,0,16,0.0
2024,51003,rural,23,hombre,4,17,23.529411764705884
2024,51003,rural,23,mujer,1,13,7.6923076923076925
2024,51003,rural,24,hombre,5,20,25.0
2024,51003,rural,24,mujer,0,19,0.0
2024,51003,rural,25,hombre,7,25,28.0
2024,51003,rural,25,mujer,1,13,7.6923076923076925
2024,51003,rural,26,hombre,4,16,25.0
2024,51003,rural,26,mujer,0,24,0.0
2024,51003,rural,27,hombre,3,17,17.647058823529413
2024,51003,rural,27,mujer,0,14,0.0
2024,51003,rural,28,hombre,4,14,28.571428571428573
2024,51003,rural,28,mujer,2,13,15.384615384615385
2024,51101,rural,16,hombre,7,174,4.022988505747127
2024,51101,rural,16,mujer,8,150,5.333333333333333
2024,51101,rural,17,hombre,6,119,5.042016806722689
2024,51101,rural,17,mujer,8,122,6.557377049180328
2024,51101,rural,18,hombre,5,105,4.761904761904762
2024,51101,rural,18,mujer,6,119,5.042016806722689
2024,51101,rural,19,hombre,10,111,9.00900900900901
2024,51101,rural,19,mujer,5,115,4.3478260869565215
2024,51101,rural,20,hombre,7,118,5.932203389830509
2024,51101,rural,20,mujer,9,130,6.923076923076923
2024,51101,rural,21,hombre,17,114,14.912280701754385
2024,51101,rural,21,mujer,2,102,1.9607843137254901
2024,51101,rural,22,hombre,14,125,11.2
2024,51101,rural,22,mujer,2,99,2.0202020202020203
2024,51101,rural,23,hombre,14,131,10.687022900763358
2024,51101,rural,23,mujer,11,133,8.270676691729323
2024,51101,rural,24,hombre,17,117,14.52991452991453
2024,51101,rural,24,mujer,6,108,5.555555555555555
2024,51101,rural,25,hombre,10,101,9.900990099009901
2024,51101,rural,25,mujer,14,119,11.764705882352942
2024,51101,rural,26,hombre,14,122,11.475409836065573
2024,51101,rural,26,mujer,7,100,7.0
2024,51101,rural,27,hombre,12,108,11.11111111111111
2024,51101,rural,27,mujer,6,82,7.317073170731708
2024,51101,rural,28,hombre,14,109,12.844036697247706
2024,51101,rural,28,mujer,7,111,6.306306306306307
2024,51102,rural,16,hombre,5,77,6.4935064935064934
2024,51102,rural,16,mujer,2,79,2.5316455696202533
2024,51102,rural,17,hombre,3,71,4.225352112676056
2024,51102,rural,17,mujer,1,61,1.639344262295082
2024,51102,rural,18,hombre,3,54,5.555555555555555
2024,51102,rural,18,mujer,8,74,10.81081081081081
2024,51102,rural,19,hombre,5,57,8.771929824561404
2024,51102,rural,19,mujer,4,61,6.557377049180328
2024,51102,rural,20,hombre,4,62,6.451612903225806
2024,51102,rural,20,mujer,2,48,4.166666666666667
2024,51102,rural,21,hombre,10,77,12.987012987012987
2024,51102,rural,21,mujer,4,59,6.779661016949152
2024,51102,rural,22,hombre,15,74,20.27027027027027
2024,51102,rural,22,mujer,2,62,3.225806451612903
2024,51102,rural,23,hombre,8,76,10.526315789473685
2024,51102,rural,23,mujer,1,67,1.492537313432836
2024,51102,rural,24,hombre,13,80,16.25
2024,51102,rural,24,mujer,2,69,2.898550724637681
2024,51102,rural,25,hombre,11,81,13.580246913580247
2024,51102,rural,25,mujer,2,66,3.0303030303030303
2024,51102,rural,26,hombre,2,58,3.4482758620689653
2024,51102,rural,26,mujer,4,67,5.970149253731344
2024,51102,rural,27,hombre,9,75,12.0
2024,51102,rural,27,mujer,2,63,3.1746031746031744
2024,51102,rural,28,hombre,8,64,12.5
2024,51102,rural,28,mujer,3,63,4.761904761904762
2024,51102,urbana,16,hombre,4,41,9.75609756097561
2024,51102,urbana,16,mujer,3,29,10.344827586206897
2024,51102,urbana,17,hombre,2,41,4.878048780487805
2024,51102,urbana,17,mujer,0,26,0.0
2024,51102,urbana,18,hombre,5,37,13.513513513513514
2024,51102,urbana,18,mujer,0,22,0.0
2024,51102,urbana,19,hombre,2,20,10.0
2024,51102,urbana,19,mujer,2,27,7.407407407407407
2024,51102,urbana,20,hombre,3,37,8.108108108108109
2024,51102,urbana,20,mujer,4,42,9.523809523809524
2024,51102,urbana,21,hombre,5,29,17.24137931034483
2024,51102,urbana,21,mujer,2,46,4.3478260869565215
2024,51102,urbana,22,hombre,7,30,23.333333333333332
2024,51102,urbana,22,mujer,2,28,7.142857142857143
2024,51102,urbana,23,hombre,6,47,12.76595744680851
2024,51102,urbana,23,mujer,6,48,12.5
2024,51102,urbana,24,hombre,10,47,21.27659574468085
2024,51102,urbana,24,mujer,4,45,8.88888888888889
2024,51102,urbana,25,hombre,10,39,25.641025641025642
2024,51102,urbana,25,mujer,1,32,3.125
2024,51102,urbana,26,hombre,7,33,21.21212121212121
2024,51102,urbana,26,mujer,3,28,10.714285714285714
2024,51102,urbana,27,hombre,9,43,20.930232558139537
2024,51102,urbana,27,mujer,1,36,2.7777777777777777
2024,51102,urbana,28,hombre,6,36,16.666666666666668
2024,51102,urbana,28,mujer,3,46,6.521739130434782
2024,51103,rural,16,hombre,3,159,1.8867924528301887
2024,51103,rural,16,mujer,1,155,0.6451612903225806
2024,51103,rural,17,hombre,7,138,5.072463768115942
2024,51103,rural,17,mujer,1,130,0.7692307692307693
2024,51103,rural,18,hombre,7,151,4.635761589403973
2024,51103,rural,18,mujer,0,108,0.0
2024,51103,rural,19,hombre,3,132,2.272727272727273
2024,51103,rural,19,mujer,0,111,0.0
2024,51103,rural,20,hombre,5,122,4.098360655737705
2024,51103,rural,20,mujer,3,123,2.4390243902439024
2024,51103,rural,21,hombre,4,131,3.053435114503817
2024,51103,rural,21,mujer,1,118,0.847457627118644
2024,51103,rural,22,hombre,7,122,5.737704918032787
2024,51103,rural,22,mujer,1,121,0.8264462809917356
2024,51103,rural,23,hombre,12,142,8.450704225352112
2024,51103,rural,23,mujer,4,112,3.5714285714285716
2024,51103,rural,24,hombre,5,132,3.787878787878788
2024,51103,rural,24,mujer,0,117,0.0
2024,51103,rural,25,hombre,10,122,8.19672131147541
2024,51103,rural,25,mujer,2,75,2.6666666666666665
2024,51103,rural,26,hombre,13,123,10.56910569105691
2024,51103,rural,26,mujer,0,93,0.0
2024,51103,rural,27,hombre,9,91,9.89010989010989
2024,51103,rural,27,mujer,2,78,2.5641025641025643
2024,51103,rural,28,hombre,11,89,12.359550561797754
2024,51103,rural,28,mujer,0,98,0.0
2024,51201,rural,16,hombre,15,95,15.789473684210526
2024,51201,rural,16,mujer,12,108,11.11111111111111
2024,51201,rural,17,hombre,12,85,14.117647058823529
2024,51201,rural,17,mujer,12,95,12.631578947368421
2024,51201,rural,18,hombre,18,88,20.454545454545453
2024,51201,rural,18,mujer,8,80,10.0
2024,51201,rural,19,hombre,8,74,10.81081081081081
2024,51201,rural,19,mujer,9,69,13.043478260869565
2024,51201,rural,20,hombre,7,69,10.144927536231885
2024,51201,rural,20,mujer,2,63,3.1746031746031744
2024,51201,rural,21,hombre,12,54,22.22222222222222
2024,51201,rural,21,mujer,7,72,9.722222222222221
2024,51201,rural,22,hombre,14,75,18.666666666666668
2024,51201,rural,22,mujer,6,73,8.219178082191782
2024,51201,rural,23,hombre,12,82,14.634146341463415
2024,51201,rural,23,mujer,8,67,11.940298507462687
2024,51201,rural,24,hombre,19,75,25.333333333333332
2024,51201,rural,24,mujer,8,67,11.940298507462687
2024,51201,rural,25,hombre,12,66,18.181818181818183
2024,51201,rural,25,mujer,5,70,7.142857142857143
2024,51201,rural,26,hombre,19,72,26.38888888888889
2024,51201,rural,26,mujer,4,78,5.128205128205129
2024,51201,rural,27,hombre,24,84,28.571428571428573
2024,51201,rural,27,mujer,3,61,4.918032786885246
2024,51201,rural,28,hombre,20,74,27.027027027027028
2024,51201,rural,28,mujer,4,74,5.405405405405405
2024,51201,urbana,16,hombre,11,259,4.2471042471042475
2024,51201,urbana,16,mujer,5,246,2.032520325203252
2024,51201,urbana,17,hombre,14,243,5.761316872427984
2024,51201,urbana,17,mujer,6,200,3.0
2024,51201,urbana,18,hombre,22,336,6.5476190476190474
2024,51201,urbana,18,mujer,26,195,13.333333333333334
2024,51201,urbana,19,hombre,29,262,11.068702290076336
2024,51201,urbana,19,mujer,19,173,10.982658959537572
2024,51201,urbana,20,hombre,27,188,14.361702127659575
2024,51201,urbana,20,mujer,25,186,13.440860215053764
2024,51201,urbana,21,hombre,32,179,17.877094972067038
2024,51201,urbana,21,mujer,28,175,16.0
2024,51201,urbana,22,hombre,31,185,16.756756756756758
2024,51201,urbana,22,mujer,28,192,14.583333333333334
2024,51201,urbana,23,hombre,50,188,26.595744680851062
2024,51201,urbana,23,mujer,32,244,13.114754098360656
2024,51201,urbana,24,hombre,40,216,18.51851851851852
2024,51201,urbana,24,mujer,37,237,15.611814345991561
2024,51201,urbana,25,hombre,47,191,24.607329842931936
2024,51201,urbana,25,mujer,31,233,13.304721030042918
2024,51201,urbana,26,hombre,47,191,24.607329842931936
2024,51201,urbana,26,mujer,27,249,10.843373493975903
2024,51201,urbana,27,hombre,54,222,24.324324324324323
2024,51201,urbana,27,mujer,26,230,11.304347826086957
2024,51201,urbana,28,hombre,46,214,21.49532710280374
2024,51201,urbana,28,mujer,26,256,10.15625
2024,51202,rural,16,hombre,11,63,17.46031746031746
2024,51202,rural,16,mujer,4,54,7.407407407407407
2024,51202,rural,17,hombre,5,43,11.627906976744185
2024,51202,rural,17,mujer,11,58,18.96551724137931
2024,51202,rural,18,hombre,5,54,9.25925925925926
2024,51202,rural,18,mujer,4,43,9.30232558139535
2024,51202,rural,19,hombre,4,30,13.333333333333334
2024,51202,rural,19,mujer,3,41,7.317073170731708
2024,51202,rural,20,hombre,6,57,10.526315789473685
2024,51202,rural,20,mujer,5,51,9.803921568627452
2024,51202,rural,21,hombre,14,54,25.925925925925927
2024,51202,rural,21,mujer,11,46,23.91304347826087
2024,51202,rural,22,hombre,7,53,13.20754716981132
2024,51202,rural,22,mujer,5,56,8.928571428571429
2024,51202,rural,23,hombre,13,63,20.634920634920636
2024,51202,rural,23,mujer,6,47,12.76595744680851
2024,51202,rural,24,hombre,6,49,12.244897959183673
2024,51202,rural,24,mujer,7,70,10.0
2024,51202,rural,25,hombre,14,51,27.45098039215686
2024,51202,rural,25,mujer,3,58,5.172413793103448
2024,51202,rural,26,hombre,18,56,32.142857142857146
2024,51202,rural,26,mujer,3,55,5.454545454545454
2024,51202,rural,27,hombre,10,54,18.51851851851852
2024,51202,rural,27,mujer,3,43,6.976744186046512
2024,51202,rural,28,hombre,8,36,22.22222222222222
2024,51202,rural,28,mujer,5,51,9.803921568627452
2024,51203,rural,16,hombre,0,13,0.0
2024,51203,rural,16,mujer,3,15,20.0
2024,51203,rural,17,hombre,0,20,0.0
2024,51203,rural,17,mujer,3,16,18.75
2024,51203,rural,18,hombre,2,18,11.11111111111111
2024,51203,rural,18,mujer,1,15,6.666666666666667
2024,51203,rural,19,hombre,4,18,22.22222222222222
2024,51203,rural,19,mujer,3,12,25.0
2024,51203,rural,20,hombre,2,15,13.333333333333334
2024,51203,rural,20,mujer,1,14,7.142857142857143
2024,51203,rural,21,hombre,2,21,9.523809523809524
2024,51203,rural,21,mujer,1,7,14.285714285714286
2024,51203,rural,22,hombre,4,23,17.391304347826086
2024,51203,rural,22,mujer,1,25,4.0
2024,51203,rural,23,hombre,1,19,5.2631578947368425
2024,51203,rural,23,mujer,1,19,5.2631578947368425
2024,51203,rural,24,hombre,4,21,19.047619047619047
2024,51203,rural,24,mujer,5,33,15.151515151515152
2024,51203,rural,25,hombre,2,25,8.0
2024,51203,rural,25,mujer,0,19,0.0
2024,51203,rural,26,hombre,4,20,20.0
2024,51203,rural,26,mujer,2,29,6.896551724137931
2024,51203,rural,27,hombre,6,22,27.272727272727273
2024,51203,rural,27,mujer,3,21,14.285714285714286
2024,51203,rural,28,hombre,6,17,35.294117647058826
2024,51203,rural,28,mujer,0,17,0.0
2024,51203,urbana,16,hombre,8,133,6.015037593984962
2024,51203,urbana,16,mujer,2,139,1.4388489208633093
2024,51203,urbana,17,hombre,4,76,5.2631578947368425
2024,51203,urbana,17,mujer,3,102,2.9411764705882355
2024,51203,urbana,18,hombre,11,72,15.277777777777779
2024,51203,urbana,18,mujer,3,74,4.054054054054054
2024,51203,urbana,19,hombre,23,99,23.232323232323232
2024,51203,urbana,19,mujer,1,81,1.2345679012345678
2024,51203,urbana,20,hombre,24,115,20.869565217391305
2024,51203,urbana,20,mujer,3,95,3.1578947368421053
2024,51203,urbana,21,hombre,32,156,20.512820512820515
2024,51203,urbana,21,mujer,10,102,9.803921568627452
2024,51203,urbana,22,hombre,31,147,21.08843537414966
2024,51203,urbana,22,mujer,4,113,3.5398230088495577
2024,51203,urbana,23,hombre,42,159,26.41509433962264
2024,51203,urbana,23,mujer,9,117,7.6923076923076925
2024,51203,urbana,24,hombre,40,193,20.72538860103627
2024,51203,urbana,24,mujer,6,108,5.555555555555555
2024,51203,urbana,25,hombre,27,157,17.197452229299362
2024,51203,urbana,25,mujer,2,104,1.9230769230769231
2024,51203,urbana,26,hombre,35,147,23.80952380952381
2024,51203,urbana,26,mujer,4,110,3.6363636363636362
2024,51203,urbana,27,hombre,39,177,22.033898305084747
2024,51203,urbana,27,mujer,6,100,6.0
2024,51203,urbana,28,hombre,36,143,25.174825174825173
2024,51203,urbana,28,mujer,8,111,7.207207207207207
2024,51204,rural,16,hombre,6,47,12.76595744680851
2024,51204,rural,16,mujer,2,40,5.0
2024,51204,rural,17,hombre,7,45,15.555555555555555
2024,51204,rural,17,mujer,3,56,5.357142857142857
2024,51204,rural,18,hombre,9,40,22.5
2024,51204,rural,18,mujer,4,38,10.526315789473685
2024,51204,rural,19,hombre,6,23,26.08695652173913
2024,51204,rural,19,mujer,6,47,12.76595744680851
2024,51204,rural,20,hombre,9,44,20.454545454545453
2024,51204,rural,20,mujer,7,45,15.555555555555555
2024,51204,rural,21,hombre,12,36,33.333333333333336
2024,51204,rural,21,mujer,5,38,13.157894736842104
2024,51204,rural,22,hombre,8,40,20.0
2024,51204,rural,22,mujer,9,55,16.363636363636363
2024,51204,rural,23,hombre,11,48,22.916666666666668
2024,51204,rural,23,mujer,7,43,16.27906976744186
2024,51204,rural,24,hombre,10,42,23.80952380952381
2024,51204,rural,24,mujer,4,41,9.75609756097561
2024,51204,rural,25,hombre,10,39,25.641025641025642
2024,51204,rural,25,mujer,5,42,11.904761904761905
2024,51204,rural,26,hombre,21,43,48.83720930232558
2024,51204,rural,26,mujer,2,36,5.555555555555555
2024,51204,rural,27,hombre,7,43,16.27906976744186
2024,51204,rural,27,mujer,4,41,9.75609756097561
2024,51204,rural,28,hombre,7,34,20.58823529411765
2024,51204,rural,28,mujer,6,42,14.285714285714286
2024,51301,rural,16,hombre,7,40,17.5
2024,51301,rural,16,mujer,2,36,5.555555555555555
2024,51301,rural,17,hombre,3,42,7.142857142857143
2024,51301,rural,17,mujer,3,30,10.0
2024,51301,rural,18,hombre,0,31,0.0
2024,51301,rural,18,mujer,2,33,6.0606060606060606
2024,51301,rural,19,hombre,1,21,4.761904761904762
2024,51301,rural,19,mujer,2,25,8.0
2024,51301,rural,20,hombre,7,38,18.42105263157895
2024,51301,rural,20,mujer,1,18,5.555555555555555
2024,51301,rural,21,hombre,4,26,15.384615384615385
2024,51301,rural,21,mujer,1,22,4.545454545454546
2024,51301,rural,22,hombre,5,21,23.80952380952381
2024,51301,rural,22,mujer,5,17,29.41176470588235
2024,51301,rural,23,hombre,4,32,12.5
2024,51301,rural,23,mujer,1,30,3.3333333333333335
2024,51301,rural,24,hombre,7,25,28.0
2024,51301,rural,24,mujer,2,20,10.0
2024,51301,rural,25,hombre,3,25,12.0
2024,51301,rural,25,mujer,1,20,5.0
2024,51301,rural,26,hombre,5,19,26.31578947368421
2024,51301,rural,26,mujer,3,27,11.11111111111111
2024,51301,rural,27,hombre,11,28,39.285714285714285
2024,51301,rural,27,mujer,1,19,5.2631578947368425
2024,51301,rural,28,hombre,6,19,31.57894736842105
2024,51301,rural,28,mujer,2,17,11.764705882352942
2024,51302,rural,16,hombre,3,42,7.142857142857143
2024,51302,rural,16,mujer,1,43,2.3255813953488373
2024,51302,rural,17,hombre,8,54,14.814814814814815
2024,51302,rural,17,mujer,5,46,10.869565217391305
2024,51302,rural,18,hombre,3,26,11.538461538461538
2024,51302,rural,18,mujer,6,40,15.0
2024,51302,rural,19,hombre,3,27,11.11111111111111
2024,51302,rural,19,mujer,1,30,3.3333333333333335
2024,51302,rural,20,hombre,4,23,17.391304347826086
2024,51302,rural,20,mujer,2,18,11.11111111111111
2024,51302,rural,21,hombre,5,26,19.23076923076923
2024,51302,rural,21,mujer,0,19,0.0
2024,51302,rural,22,hombre,7,28,25.0
2024,51302,rural,22,mujer,3,29,10.344827586206897
2024,51302,rural,23,hombre,5,25,20.0
2024,51302,rural,23,mujer,1,24,4.166666666666667
2024,51302,rural,24,hombre,7,28,25.0
2024,51302,rural,24,mujer,2,16,12.5
2024,51302,rural,25,hombre,6,24,25.0
2024,51302,rural,25,mujer,2,20,10.0
2024,51302,rural,26,hombre,5,22,22.727272727272727
2024,51302,rural,26,mujer,2,19,10.526315789473685
2024,51302,rural,27,hombre,6,23,26.08695652173913
2024,51302,rural,27,mujer,2,20,10.0
2024,51302,rural,28,hombre,6,25,24.0
2024,51302,rural,28,mujer,4,28,14.285714285714286
2024,51401,rural,16,hombre,3,33,9.090909090909092
2024,51401,rural,16,mujer,4,20,20.0
2024,51401,rural,17,hombre,4,33,12.121212121212121
2024,51401,rural,17,mujer,11,38,28.94736842105263
2024,51401,rural,18,hombre,7,43,16.27906976744186
2024,51401,rural,18,mujer,15,34,44.11764705882353
2024,51401,rural,19,hombre,12,41,29.26829268292683
2024,51401,rural,19,mujer,23,47,48.93617021276596
2024,51401,rural,20,hombre,14,53,26.41509433962264
2024,51401,rural,20,mujer,13,36,36.111111111111114
2024,51401,rural,21,hombre,16,39,41.02564102564103
2024,51401,rural,21,mujer,13,30,43.333333333333336
2024,51401,rural,22,hombre,25,53,47.16981132075472
2024,51401,rural,22,mujer,17,31,54.83870967741935
2024,51401,rural,23,hombre,19,41,46.34146341463415
2024,51401,rural,23,mujer,12,30,40.0
2024,51401,rural,24,hombre,13,33,39.39393939393939
2024,51401,rural,24,mujer,3,23,13.043478260869565
2024,51401,rural,25,hombre,10,38,26.31578947368421
2024,51401,rural,25,mujer,7,34,20.58823529411765
2024,51401,rural,26,hombre,11,32,34.375
2024,51401,rural,26,mujer,8,28,28.571428571428573
2024,51401,rural,27,hombre,11,31,35.483870967741936
2024,51401,rural,27,mujer,4,31,12.903225806451612
2024,51401,rural,28,hombre,11,33,33.333333333333336
2024,51401,rural,28,mujer,4,28,14.285714285714286
2024,51402,rural,16,hombre,3,14,21.428571428571427
2024,51402,rural,16,mujer,1,9,11.11111111111111
2024,51402,rural,17,hombre,1,11,9.090909090909092
2024,51402,rural,17,mujer,3,16,18.75
2024,51402,rural,18,hombre,4,13,30.76923076923077
2024,51402,rural,18,mujer,1,8,12.5
2024,51402,rural,19,hombre,2,10,20.0
2024,51402,rural,19,mujer,1,14,7.142857142857143
2024,51402,rural,20,hombre,1,10,10.0
2024,51402,rural,20,mujer,2,12,16.666666666666668
2024,51402,rural,21,hombre,6,11,54.54545454545455
2024,51402,rural,21,mujer,1,5,20.0
2024,51402,rural,22,hombre,1,11,9.090909090909092
2024,51402,rural,22,mujer,3,14,21.428571428571427
2024,51402,rural,23,hombre,5,21,23.80952380952381
2024,51402,rural,23,mujer,2,9,22.22222222222222
2024,51402,rural,24,hombre,1,9,11.11111111111111
2024,51402,rural,24,mujer,2,14,14.285714285714286
2024,51402,rural,25,hombre,4,15,26.666666666666668
2024,51402,rural,25,mujer,2,7,28.571428571428573
2024,51402,rural,26,hombre,3,10,30.0
2024,51402,rural,26,mujer,0,10,0.0
2024,51402,rural,27,hombre,3,12,25.0
2024,51402,rural,27,mujer,1,12,8.333333333333334
2024,51402,rural,28,hombre,2,7,28.571428571428573
2024,51402,rural,28,mujer,2,16,12.5
2024,51501,rural,16,hombre,4,78,5.128205128205129
2024,51501,rural,16,mujer,2,58,3.4482758620689653
2024,51501,rural,17,hombre,1,65,1.5384615384615385
2024,51501,rural,17,mujer,3,68,4.411764705882353
2024,51501,rural,18,hombre,4,69,5.797101449275362
2024,51501,rural,18,mujer,5,58,8.620689655172415
2024,51501,rural,19,hombre,5,67,7.462686567164179
2024,51501,rural,19,mujer,1,46,2.1739130434782608
2024,51501,rural,20,hombre,5,50,10.0
2024,51501,rural,20,mujer,4,51,7.8431372549019605
2024,51501,rural,21,hombre,9,58,15.517241379310345
2024,51501,rural,21,mujer,9,57,15.789473684210526
2024,51501,rural,22,hombre,6,53,11.320754716981131
2024,51501,rural,22,mujer,4,49,8.16326530612245
2024,51501,rural,23,hombre,6,45,13.333333333333334
2024,51501,rural,23,mujer,5,50,10.0
2024,51501,rural,24,hombre,13,64,20.3125
2024,51501,rural,24,mujer,4,54,7.407407407407407
2024,51501,rural,25,hombre,11,65,16.923076923076923
2024,51501,rural,25,mujer,2,51,3.9215686274509802
2024,51501,rural,26,hombre,11,44,25.0
2024,51501,rural,26,mujer,4,66,6.0606060606060606
2024,51501,rural,27,hombre,5,56,8.928571428571429
2024,51501,rural,27,mujer,1,70,1.4285714285714286
2024,51501,rural,28,hombre,3,43,6.976744186046512
2024,51501,rural,28,mujer,1,65,1.5384615384615385
2024,51501,urbana,16,hombre,8,419,1.909307875894988
2024,51501,urbana,16,mujer,2,408,0.49019607843137253
2024,51501,urbana,17,hombre,6,341,1.7595307917888563
2024,51501,urbana,17,mujer,0,334,0.0
2024,51501,urbana,18,hombre,13,300,4.333333333333333
2024,51501,urbana,18,mujer,2,322,0.6211180124223602
2024,51501,urbana,19,hombre,9,271,3.321033210332103
2024,51501,urbana,19,mujer,8,253,3.1620553359683794
2024,51501,urbana,20,hombre,13,302,4.304635761589404
2024,51501,urbana,20,mujer,7,361,1.9390581717451523
2024,51501,urbana,21,hombre,22,286,7.6923076923076925
2024,51501,urbana,21,mujer,12,291,4.123711340206185
2024,51501,urbana,22,hombre,13,311,4.180064308681672
2024,51501,urbana,22,mujer,12,331,3.6253776435045317
2024,51501,urbana,23,hombre,17,356,4.775280898876405
2024,51501,urbana,23,mujer,11,330,3.3333333333333335
2024,51501,urbana,24,hombre,26,390,6.666666666666667
2024,51501,urbana,24,mujer,13,340,3.823529411764706
2024,51501,urbana,25,hombre,11,311,3.536977491961415
2024,51501,urbana,25,mujer,12,373,3.2171581769436997
2024,51501,urbana,26,hombre,21,327,6.422018348623853
2024,51501,urbana,26,mujer,12,355,3.380281690140845
2024,51501,urbana,27,hombre,21,319,6.58307210031348
2024,51501,urbana,27,mujer,17,379,4.485488126649076
2024,51501,urbana,28,hombre,26,351,7.407407407407407
2024,51501,urbana,28,mujer,11,399,2.756892230576441
2024,51601,rural,16,hombre,0,22,0.0
2024,51601,rural,16,mujer,0,20,0.0
2024,51601,rural,17,hombre,1,14,7.142857142857143
2024,51601,rural,17,mujer,0,11,0.0
2024,51601,rural,18,hombre,0,19,0.0
2024,51601,rural,18,mujer,0,16,0.0
2024,51601,rural,19,hombre,1,20,5.0
2024,51601,rural,19,mujer,1,15,6.666666666666667
2024,51601,rural,20,hombre,3,16,18.75
2024,51601,rural,20,mujer,1,26,3.8461538461538463
2024,51601,rural,21,hombre,3,17,17.647058823529413
2024,51601,rural,21,mujer,1,16,6.25
2024,51601,rural,22,hombre,1,20,5.0
2024,51601,rural,22,mujer,0,12,0.0
2024,51601,rural,23,hombre,2,20,10.0
2024,51601,rural,23,mujer,0,18,0.0
2024,51601,rural,24,hombre,0,20,0.0
2024,51601,rural,24,mujer,2,20,10.0
2024,51601,rural,25,hombre,3,23,13.043478260869565
2024,51601,rural,25,mujer,1,18,5.555555555555555
2024,51601,rural,26,hombre,1,13,7.6923076923076925
2024,51601,rural,26,mujer,1,20,5.0
2024,51601,rural,27,hombre,1,15,6.666666666666667
2024,51601,rural,27,mujer,2,23,8.695652173913043
2024,51601,rural,28,hombre,3,16,18.75
2024,51601,rural,28,mujer,1,23,4.3478260869565215
2024,60101,rural,16,hombre,3,154,1.948051948051948
2024,60101,rural,16,mujer,2,177,1.1299435028248588
2024,60101,rural,17,hombre,5,188,2.6595744680851063
2024,60101,rural,17,mujer,4,178,2.247191011235955
2024,60101,rural,18,hombre,5,161,3.1055900621118013
2024,60101,rural,18,mujer,4,180,2.2222222222222223
2024,60101,rural,19,hombre,8,157,5.095541401273885
2024,60101,rural,19,mujer,2,142,1.408450704225352
2024,60101,rural,20,hombre,7,157,4.45859872611465
2024,60101,rural,20,mujer,5,179,2.793296089385475
2024,60101,rural,21,hombre,5,174,2.8735632183908044
2024,60101,rural,21,mujer,9,162,5.555555555555555
2024,60101,rural,22,hombre,11,160,6.875
2024,60101,rural,22,mujer,5,126,3.9682539682539684
2024,60101,rural,23,hombre,12,178,6.741573033707865
2024,60101,rural,23,mujer,4,168,2.380952380952381
2024,60101,rural,24,hombre,7,199,3.5175879396984926
2024,60101,rural,24,mujer,3,175,1.7142857142857142
2024,60101,rural,25,hombre,9,174,5.172413793103448
2024,60101,rural,25,mujer,5,176,2.840909090909091
2024,60101,rural,26,hombre,12,181,6.629834254143646
2024,60101,rural,26,mujer,6,190,3.1578947368421053
2024,60101,rural,27,hombre,9,181,4.972375690607735
2024,60101,rural,27,mujer,5,198,2.525252525252525
2024,60101,rural,28,hombre,18,197,9.137055837563452
2024,60101,rural,28,mujer,4,166,2.4096385542168677
2024,60101,urbana,16,hombre,29,1840,1.576086956521739
2024,60101,urbana,16,mujer,21,1733,1.2117714945181766
2024,60101,urbana,17,hombre,38,1849,2.055164954029205
2024,60101,urbana,17,mujer,42,1769,2.3742227247032224
2024,60101,urbana,18,hombre,101,2063,4.895782840523509
2024,60101,urbana,18,mujer,125,1861,6.716818914562063
2024,60101,urbana,19,hombre,157,1948,8.059548254620124
2024,60101,urbana,19,mujer,178,1918,9.280500521376434
2024,60101,urbana,20,hombre,180,1791,10.050251256281408
2024,60101,urbana,20,mujer,159,1796,8.853006681514477
2024,60101,urbana,21,hombre,189,1833,10.310965630114566
2024,60101,urbana,21,mujer,180,1848,9.74025974025974
2024,60101,urbana,22,hombre,200,1888,10.59322033898305
2024,60101,urbana,22,mujer,156,1916,8.1419624217119
2024,60101,urbana,23,hombre,208,2009,10.353409656545544
2024,60101,urbana,23,mujer,151,1952,7.735655737704918
2024,60101,urbana,24,hombre,199,2093,9.507883420926898
2024,60101,urbana,24,mujer,152,2217,6.856111862877762
2024,60101,urbana,25,hombre,194,1878,10.33013844515442
2024,60101,urbana,25,mujer,123,1864,6.598712446351931
2024,60101,urbana,26,hombre,177,1779,9.949409780775717
2024,60101,urbana,26,mujer,151,2021,7.471548738248392
2024,60101,urbana,27,hombre,193,1965,9.821882951653944
2024,60101,urbana,27,mujer,138,1992,6.927710843373494
2024,60101,urbana,28,hombre,199,1945,10.231362467866324
2024,60101,urbana,28,mujer,88,2021,4.3542800593765465
2024,60201,rural,16,hombre,3,182,1.6483516483516483
2024,60201,rural,16,mujer,1,136,0.7352941176470589
2024,60201,rural,17,hombre,2,126,1.5873015873015872
2024,60201,rural,17,mujer,1,114,0.8771929824561403
2024,60201,rural,18,hombre,1,123,0.8130081300813008
2024,60201,rural,18,mujer,0,114,0.0
2024,60201,rural,19,hombre,2,98,2.0408163265306123
2024,60201,rural,19,mujer,2,80,2.5
2024,60201,rural,20,hombre,3,118,2.542372881355932
2024,60201,rural,20,mujer,6,117,5.128205128205129
2024,60201,rural,21,hombre,6,131,4.580152671755725
2024,60201,rural,21,mujer,1,125,0.8
2024,60201,rural,22,hombre,3,130,2.3076923076923075
2024,60201,rural,22,mujer,0,127,0.0
2024,60201,rural,23,hombre,7,159,4.40251572327044
2024,60201,rural,23,mujer,1,122,0.819672131147541
2024,60201,rural,24,hombre,8,176,4.545454545454546
2024,60201,rural,24,mujer,1,121,0.8264462809917356
2024,60201,rural,25,hombre,14,172,8.13953488372093
2024,60201,rural,25,mujer,1,156,0.6410256410256411
2024,60201,rural,26,hombre,9,124,7.258064516129032
2024,60201,rural,26,mujer,3,144,2.0833333333333335
2024,60201,rural,27,hombre,9,159,5.660377358490566
2024,60201,rural,27,mujer,4,137,2.9197080291970803
2024,60201,rural,28,hombre,8,167,4.790419161676646
2024,60201,rural,28,mujer,2,145,1.3793103448275863
2024,60202,rural,16,hombre,1,38,2.6315789473684212
2024,60202,rural,16,mujer,0,33,0.0
2024,60202,rural,17,hombre,0,39,0.0
2024,60202,rural,17,mujer,0,37,0.0
2024,60202,rural,18,hombre,1,32,3.125
2024,60202,rural,18,mujer,0,29,0.0
2024,60202,rural,19,hombre,1,37,2.7027027027027026
2024,60202,rural,19,mujer,0,28,0.0
2024,60202,rural,20,hombre,1,27,3.7037037037037037
2024,60202,rural,20,mujer,0,37,0.0
2024,60202,rural,21,hombre,0,26,0.0
2024,60202,rural,21,mujer,0,34,0.0
2024,60202,rural,22,hombre,0,32,0.0
2024,60202,rural,22,mujer,0,30,0.0
2024,60202,rural,23,hombre,1,36,2.7777777777777777
2024,60202,rural,23,mujer,2,40,5.0
2024,60202,rural,24,hombre,0,36,0.0
2024,60202,rural,24,mujer,0,43,0.0
2024,60202,rural,25,hombre,2,32,6.25
2024,60202,rural,25,mujer,3,45,6.666666666666667
2024,60202,rural,26,hombre,4,48,8.333333333333334
2024,60202,rural,26,mujer,0,35,0.0
2024,60202,rural,27,hombre,1,29,3.4482758620689653
2024,60202,rural,27,mujer,0,33,0.0
2024,60202,rural,28,hombre,4,40,10.0
2024,60202,rural,28,mujer,0,29,0.0
2024,60202,urbana,16,hombre,5,294,1.7006802721088434
2024,60202,urbana,16,mujer,3,272,1.1029411764705883
2024,60202,urbana,17,hombre,5,264,1.893939393939394
2024,60202,urbana,17,mujer,5,249,2.0080321285140563
2024,60202,urbana,18,hombre,6,253,2.3715415019762847
2024,60202,urbana,18,mujer,3,200,1.5
2024,60202,urbana,19,hombre,3,243,1.2345679012345678
2024,60202,urbana,19,mujer,4,221,1.8099547511312217
2024,60202,urbana,20,hombre,13,219,5.936073059360731
2024,60202,urbana,20,mujer,5,196,2.5510204081632653
2024,60202,urbana,21,hombre,15,209,7.177033492822966
2024,60202,urbana,21,mujer,4,217,1.8433179723502304
2024,60202,urbana,22,hombre,15,217,6.912442396313364
2024,60202,urbana,22,mujer,11,210,5.238095238095238
2024,60202,urbana,23,hombre,12,237,5.063291139240507
2024,60202,urbana,23,mujer,6,279,2.150537634408602
2024,60202,urbana,24,hombre,27,266,10.150375939849624
2024,60202,urbana,24,mujer,9,249,3.6144578313253013
2024,60202,urbana,25,hombre,17,260,6.538461538461538
2024,60202,urbana,25,mujer,11,278,3.9568345323741005
2024,60202,urbana,26,hombre,26,273,9.523809523809524
2024,60202,urbana,26,mujer,6,275,2.1818181818181817
2024,60202,urbana,27,hombre,18,222,8.108108108108109
2024,60202,urbana,27,mujer,15,293,5.1194539249146755
2024,60202,urbana,28,hombre,22,291,7.560137457044673
2024,60202,urbana,28,mujer,9,281,3.202846975088968
2024,60301,rural,16,hombre,2,250,0.8
2024,60301,rural,16,mujer,2,247,0.8097165991902834
2024,60301,rural,17,hombre,5,242,2.0661157024793386
2024,60301,rural,17,mujer,2,241,0.8298755186721992
2024,60301,rural,18,hombre,7,278,2.5179856115107913
2024,60301,rural,18,mujer,2,177,1.1299435028248588
2024,60301,rural,19,hombre,6,230,2.608695652173913
2024,60301,rural,19,mujer,7,201,3.482587064676617
2024,60301,rural,20,hombre,10,223,4.484304932735426
2024,60301,rural,20,mujer,5,196,2.5510204081632653
2024,60301,rural,21,hombre,7,214,3.2710280373831777
2024,60301,rural,21,mujer,7,166,4.216867469879518
2024,60301,rural,22,hombre,6,240,2.5
2024,60301,rural,22,mujer,6,187,3.2085561497326203
2024,60301,rural,23,hombre,17,243,6.995884773662551
2024,60301,rural,23,mujer,9,227,3.9647577092511015
2024,60301,rural,24,hombre,15,289,5.190311418685121
2024,60301,rural,24,mujer,13,243,5.349794238683128
2024,60301,rural,25,hombre,12,239,5.02092050209205
2024,60301,rural,25,mujer,7,208,3.3653846153846154
2024,60301,rural,26,hombre,14,236,5.932203389830509
2024,60301,rural,26,mujer,4,218,1.834862385321101
2024,60301,rural,27,hombre,15,221,6.787330316742081
2024,60301,rural,27,mujer,1,205,0.4878048780487805
2024,60301,rural,28,hombre,20,195,10.256410256410257
2024,60301,rural,28,mujer,6,206,2.912621359223301
2024,60301,urbana,16,hombre,3,645,0.46511627906976744
2024,60301,urbana,16,mujer,1,635,0.15748031496062992
2024,60301,urbana,17,hombre,13,666,1.951951951951952
2024,60301,urbana,17,mujer,8,625,1.28
2024,60301,urbana,18,hombre,18,643,2.7993779160186625
2024,60301,urbana,18,mujer,13,506,2.569169960474308
2024,60301,urbana,19,hombre,14,566,2.4734982332155475
2024,60301,urbana,19,mujer,12,456,2.6315789473684212
2024,60301,urbana,20,hombre,29,547,5.301645338208409
2024,60301,urbana,20,mujer,24,434,5.529953917050691
2024,60301,urbana,21,hombre,26,547,4.753199268738574
2024,60301,urbana,21,mujer,11,490,2.2448979591836733
2024,60301,urbana,22,hombre,30,531,5.649717514124294
2024,60301,urbana,22,mujer,24,575,4.173913043478261
2024,60301,urbana,23,hombre,29,619,4.684975767366721
2024,60301,urbana,23,mujer,22,585,3.7606837606837606
2024,60301,urbana,24,hombre,46,708,6.497175141242938
2024,60301,urbana,24,mujer,17,622,2.733118971061093
2024,60301,urbana,25,hombre,42,614,6.840390879478828
2024,60301,urbana,25,mujer,17,628,2.7070063694267517
2024,60301,urbana,26,hombre,40,662,6.042296072507553
2024,60301,urbana,26,mujer,26,714,3.641456582633053
2024,60301,urbana,27,hombre,60,683,8.784773060029282
2024,60301,urbana,27,mujer,22,686,3.206997084548105
2024,60301,urbana,28,hombre,46,655,7.022900763358779
2024,60301,urbana,28,mujer,29,659,4.400606980273142
2024,60302,rural,16,hombre,0,101,0.0
2024,60302,rural,16,mujer,1,97,1.0309278350515463
2024,60302,rural,17,hombre,2,94,2.127659574468085
2024,60302,rural,17,mujer,2,88,2.272727272727273
2024,60302,rural,18,hombre,2,78,2.5641025641025643
2024,60302,rural,18,mujer,0,81,0.0
2024,60302,rural,19,hombre,5,91,5.4945054945054945
2024,60302,rural,19,mujer,0,68,0.0
2024,60302,rural,20,hombre,2,60,3.3333333333333335
2024,60302,rural,20,mujer,1,59,1.694915254237288
2024,60302,rural,21,hombre,3,86,3.488372093023256
2024,60302,rural,21,mujer,2,77,2.5974025974025974
2024,60302,rural,22,hombre,3,61,4.918032786885246
2024,60302,rural,22,mujer,0,76,0.0
2024,60302,rural,23,hombre,4,83,4.819277108433735
2024,60302,rural,23,mujer,5,83,6.024096385542169
2024,60302,rural,24,hombre,9,94,9.574468085106384
2024,60302,rural,24,mujer,2,87,2.2988505747126435
2024,60302,rural,25,hombre,6,86,6.976744186046512
2024,60302,rural,25,mujer,5,97,5.154639175257732
2024,60302,rural,26,hombre,11,108,10.185185185185185
2024,60302,rural,26,mujer,5,113,4.424778761061947
2024,60302,rural,27,hombre,11,75,14.666666666666666
2024,60302,rural,27,mujer,3,87,3.4482758620689653
2024,60302,rural,28,hombre,7,104,6.730769230769231
2024,60302,rural,28,mujer,2,94,2.127659574468085
2024,60302,urbana,16,hombre,1,41,2.4390243902439024
2024,60302,urbana,16,mujer,0,36,0.0
2024,60302,urbana,17,hombre,0,32,0.0
2024,60302,urbana,17,mujer,2,41,4.878048780487805
2024,60302,urbana,18,hombre,0,26,0.0
2024,60302,urbana,18,mujer,1,31,3.225806451612903
2024,60302,urbana,19,hombre,2,31,6.451612903225806
2024,60302,urbana,19,mujer,1,23,4.3478260869565215
2024,60302,urbana,20,hombre,1,15,6.666666666666667
2024,60302,urbana,20,mujer,0,24,0.0
2024,60302,urbana,21,hombre,4,23,17.391304347826086
2024,60302,urbana,21,mujer,0,24,0.0
2024,60302,urbana,22,hombre,2,25,8.0
2024,60302,urbana,22,mujer,3,35,8.571428571428571
2024,60302,urbana,23,hombre,3,33,9.090909090909092
2024,60302,urbana,23,mujer,1,29,3.4482758620689653
2024,60302,urbana,24,hombre,2,32,6.25
2024,60302,urbana,24,mujer,3,39,7.6923076923076925
2024,60302,urbana,25,hombre,3,24,12.5
2024,60302,urbana,25,mujer,5,30,16.666666666666668
2024,60302,urbana,26,hombre,2,24,8.333333333333334
2024,60302,urbana,26,mujer,1,43,2.3255813953488373
2024,60302,urbana,27,hombre,8,35,22.857142857142858
2024,60302,urbana,27,mujer,5,31,16.129032258064516
2024,60302,urbana,28,hombre,8,33,24.242424242424242
2024,60302,urbana,28,mujer,6,36,16.666666666666668
2024,60303,rural,16,hombre,1,106,0.9433962264150944
2024,60303,rural,16,mujer,0,88,0.0
2024,60303,rural,17,hombre,4,132,3.0303030303030303
2024,60303,rural,17,mujer,1,95,1.0526315789473684
2024,60303,rural,18,hombre,1,306,0.32679738562091504
2024,60303,rural,18,mujer,0,89,0.0
2024,60303,rural,19,hombre,4,191,2.094240837696335
2024,60303,rural,19,mujer,4,91,4.395604395604396
2024,60303,rural,20,hombre,4,122,3.278688524590164
2024,60303,rural,20,mujer,1,82,1.2195121951219512
2024,60303,rural,21,hombre,7,114,6.140350877192983
2024,60303,rural,21,mujer,0,85,0.0
2024,60303,rural,22,hombre,2,93,2.150537634408602
2024,60303,rural,22,mujer,3,87,3.4482758620689653
2024,60303,rural,23,hombre,7,108,6.481481481481482
2024,60303,rural,23,mujer,3,107,2.803738317757009
2024,60303,rural,24,hombre,9,132,6.818181818181818
2024,60303,rural,24,mujer,6,105,5.714285714285714
2024,60303,rural,25,hombre,9,104,8.653846153846153
2024,60303,rural,25,mujer,5,104,4.8076923076923075
2024,60303,rural,26,hombre,10,115,8.695652173913043
2024,60303,rural,26,mujer,1,93,1.075268817204301
2024,60303,rural,27,hombre,12,102,11.764705882352942
2024,60303,rural,27,mujer,3,110,2.727272727272727
2024,60303,rural,28,hombre,6,101,5.9405940594059405
2024,60303,rural,28,mujer,3,108,2.7777777777777777
2024,60303,urbana,16,hombre,6,313,1.9169329073482428
2024,60303,urbana,16,mujer,5,324,1.5432098765432098
2024,60303,urbana,17,hombre,10,350,2.857142857142857
2024,60303,urbana,17,mujer,4,305,1.3114754098360655
2024,60303,urbana,18,hombre,14,320,4.375
2024,60303,urbana,18,mujer,7,191,3.6649214659685865
2024,60303,urbana,19,hombre,11,246,4.471544715447155
2024,60303,urbana,19,mujer,10,191,5.2356020942408374
2024,60303,urbana,20,hombre,10,213,4.694835680751174
2024,60303,urbana,20,mujer,10,207,4.830917874396135
2024,60303,urbana,21,hombre,22,232,9.482758620689655
2024,60303,urbana,21,mujer,7,184,3.8043478260869565
2024,60303,urbana,22,hombre,20,222,9.00900900900901
2024,60303,urbana,22,mujer,12,250,4.8
2024,60303,urbana,23,hombre,22,265,8.30188679245283
2024,60303,urbana,23,mujer,7,259,2.7027027027027026
2024,60303,urbana,24,hombre,26,280,9.285714285714286
2024,60303,urbana,24,mujer,10,271,3.690036900369004
2024,60303,urbana,25,hombre,33,229,14.410480349344978
2024,60303,urbana,25,mujer,14,277,5.054151624548736
2024,60303,urbana,26,hombre,31,262,11.83206106870229
2024,60303,urbana,26,mujer,15,284,5.28169014084507
2024,60303,urbana,27,hombre,35,268,13.059701492537313
2024,60303,urbana,27,mujer,19,295,6.440677966101695
2024,60303,urbana,28,hombre,33,295,11.186440677966102
2024,60303,urbana,28,mujer,12,293,4.09556313993174
2024,60401,rural,16,hombre,0,105,0.0
2024,60401,rural,16,mujer,0,134,0.0
2024,60401,rural,17,hombre,1,117,0.8547008547008547
2024,60401,rural,17,mujer,0,94,0.0
2024,60401,rural,18,hombre,2,104,1.9230769230769231
2024,60401,rural,18,mujer,1,100,1.0
2024,60401,rural,19,hombre,3,89,3.3707865168539324
2024,60401,rural,19,mujer,1,95,1.0526315789473684
2024,60401,rural,20,hombre,3,72,4.166666666666667
2024,60401,rural,20,mujer,1,91,1.098901098901099
2024,60401,rural,21,hombre,4,97,4.123711340206185
2024,60401,rural,21,mujer,3,107,2.803738317757009
2024,60401,rural,22,hombre,4,115,3.4782608695652173
2024,60401,rural,22,mujer,1,98,1.0204081632653061
2024,60401,rural,23,hombre,6,110,5.454545454545454
2024,60401,rural,23,mujer,2,119,1.680672268907563
2024,60401,rural,24,hombre,3,120,2.5
2024,60401,rural,24,mujer,1,115,0.8695652173913043
2024,60401,rural,25,hombre,3,91,3.2967032967032965
2024,60401,rural,25,mujer,1,103,0.970873786407767
2024,60401,rural,26,hombre,5,131,3.816793893129771
2024,60401,rural,26,mujer,4,114,3.508771929824561
2024,60401,rural,27,hombre,3,99,3.0303030303030303
2024,60401,rural,27,mujer,2,125,1.6
2024,60401,rural,28,hombre,7,117,5.982905982905983
2024,60401,rural,28,mujer,2,118,1.694915254237288
2024,60401,urbana,16,hombre,0,29,0.0
2024,60401,urbana,16,mujer,0,22,0.0
2024,60401,urbana,17,hombre,0,25,0.0
2024,60401,urbana,17,mujer,0,21,0.0
2024,60401,urbana,18,hombre,1,22,4.545454545454546
2024,60401,urbana,18,mujer,0,13,0.0
2024,60401,urbana,19,hombre,0,22,0.0
2024,60401,urbana,19,mujer,0,17,0.0
2024,60401,urbana,20,hombre,0,14,0.0
2024,60401,urbana,20,mujer,1,20,5.0
2024,60401,urbana,21,hombre,1,17,5.882352941176471
2024,60401,urbana,21,mujer,0,18,0.0
2024,60401,urbana,22,hombre,0,23,0.0
2024,60401,urbana,22,mujer,0,24,0.0
2024,60401,urbana,23,hombre,1,22,4.545454545454546
2024,60401,urbana,23,mujer,0,14,0.0
2024,60401,urbana,24,hombre,2,30,6.666666666666667
2024,60401,urbana,24,mujer,0,13,0.0
2024,60401,urbana,25,hombre,2,20,10.0
2024,60401,urbana,25,mujer,0,18,0.0
2024,60401,urbana,26,hombre,3,25,12.0
2024,60401,urbana,26,mujer,1,18,5.555555555555555
2024,60401,urbana,27,hombre,0,18,0.0
2024,60401,urbana,27,mujer,1,20,5.0
2024,60401,urbana,28,hombre,1,22,4.545454545454546
2024,60401,urbana,28,mujer,0,19,0.0
2024,60402,rural,16,hombre,1,56,1.7857142857142858
2024,60402,rural,16,mujer,0,38,0.0
2024,60402,rural,17,hombre,2,42,4.761904761904762
2024,60402,rural,17,mujer,1,35,2.857142857142857
2024,60402,rural,18,hombre,1,34,2.9411764705882355
2024,60402,rural,18,mujer,1,29,3.4482758620689653
2024,60402,rural,19,hombre,2,36,5.555555555555555
2024,60402,rural,19,mujer,3,32,9.375
2024,60402,rural,20,hombre,5,32,15.625
2024,60402,rural,20,mujer,1,32,3.125
2024,60402,rural,21,hombre,2,32,6.25
2024,60402,rural,21,mujer,2,42,4.761904761904762
2024,60402,rural,22,hombre,1,27,3.7037037037037037
2024,60402,rural,22,mujer,1,46,2.1739130434782608
2024,60402,rural,23,hombre,6,44,13.636363636363637
2024,60402,rural,23,mujer,0,38,0.0
2024,60402,rural,24,hombre,3,29,10.344827586206897
2024,60402,rural,24,mujer,1,41,2.4390243902439024
2024,60402,rural,25,hombre,2,40,5.0
2024,60402,rural,25,mujer,1,28,3.5714285714285716
2024,60402,rural,26,hombre,5,37,13.513513513513514
2024,60402,rural,26,mujer,2,41,4.878048780487805
2024,60402,rural,27,hombre,2,29,6.896551724137931
2024,60402,rural,27,mujer,4,38,10.526315789473685
2024,60402,rural,28,hombre,6,42,14.285714285714286
2024,60402,rural,28,mujer,4,34,11.764705882352942
2024,60501,rural,16,hombre,1,188,0.5319148936170213
2024,60501,rural,16,mujer,1,186,0.5376344086021505
2024,60501,rural,17,hombre,3,184,1.6304347826086956
2024,60501,rural,17,mujer,3,202,1.4851485148514851
2024,60501,rural,18,hombre,8,176,4.545454545454546
2024,60501,rural,18,mujer,5,171,2.9239766081871346
2024,60501,rural,19,hombre,11,172,6.395348837209302
2024,60501,rural,19,mujer,4,163,2.4539877300613497
2024,60501,rural,20,hombre,8,161,4.968944099378882
2024,60501,rural,20,mujer,3,182,1.6483516483516483
2024,60501,rural,21,hombre,8,196,4.081632653061225
2024,60501,rural,21,mujer,5,169,2.9585798816568047
2024,60501,rural,22,hombre,11,183,6.0109289617486334
2024,60501,rural,22,mujer,3,201,1.492537313432836
2024,60501,rural,23,hombre,9,187,4.81283422459893
2024,60501,rural,23,mujer,7,204,3.4313725490196076
2024,60501,rural,24,hombre,23,224,10.267857142857142
2024,60501,rural,24,mujer,4,201,1.9900497512437811
2024,60501,rural,25,hombre,11,198,5.555555555555555
2024,60501,rural,25,mujer,4,210,1.9047619047619047
2024,60501,rural,26,hombre,10,189,5.291005291005291
2024,60501,rural,26,mujer,4,203,1.9704433497536946
2024,60501,rural,27,hombre,13,181,7.18232044198895
2024,60501,rural,27,mujer,3,196,1.530612244897959
2024,60501,rural,28,hombre,11,192,5.729166666666667
2024,60501,rural,28,mujer,4,194,2.0618556701030926
2024,60501,urbana,16,hombre,2,48,4.166666666666667
2024,60501,urbana,16,mujer,0,50,0.0
2024,60501,urbana,17,hombre,0,49,0.0
2024,60501,urbana,17,mujer,0,54,0.0
2024,60501,urbana,18,hombre,0,56,0.0
2024,60501,urbana,18,mujer,1,37,2.7027027027027026
2024,60501,urbana,19,hombre,2,47,4.25531914893617
2024,60501,urbana,19,mujer,1,52,1.9230769230769231
2024,60501,urbana,20,hombre,3,33,9.090909090909092
2024,60501,urbana,20,mujer,1,51,1.9607843137254901
2024,60501,urbana,21,hombre,3,48,6.25
2024,60501,urbana,21,mujer,1,53,1.8867924528301887
2024,60501,urbana,22,hombre,1,50,2.0
2024,60501,urbana,22,mujer,0,48,0.0
2024,60501,urbana,23,hombre,0,52,0.0
2024,60501,urbana,23,mujer,2,38,5.2631578947368425
2024,60501,urbana,24,hombre,3,58,5.172413793103448
2024,60501,urbana,24,mujer,0,50,0.0
2024,60501,urbana,25,hombre,4,53,7.547169811320755
2024,60501,urbana,25,mujer,0,42,0.0
2024,60501,urbana,26,hombre,2,35,5.714285714285714
2024,60501,urbana,26,mujer,2,43,4.651162790697675
2024,60501,urbana,27,hombre,3,38,7.894736842105263
2024,60501,urbana,27,mujer,0,40,0.0
2024,60501,urbana,28,hombre,3,49,6.122448979591836
2024,60501,urbana,28,mujer,1,57,1.7543859649122806
2024,60502,rural,16,hombre,0,67,0.0
2024,60502,rural,16,mujer,1,72,1.3888888888888888
2024,60502,rural,17,hombre,2,65,3.076923076923077
2024,60502,rural,17,mujer,1,67,1.492537313432836
2024,60502,rural,18,hombre,4,53,7.547169811320755
2024,60502,rural,18,mujer,2,60,3.3333333333333335
2024,60502,rural,19,hombre,1,68,1.4705882352941178
2024,60502,rural,19,mujer,1,44,2.272727272727273
2024,60502,rural,20,hombre,2,53,3.7735849056603774
2024,60502,rural,20,mujer,2,58,3.4482758620689653
2024,60502,rural,21,hombre,3,66,4.545454545454546
2024,60502,rural,21,mujer,0,61,0.0
2024,60502,rural,22,hombre,1,54,1.8518518518518519
2024,60502,rural,22,mujer,0,66,0.0
2024,60502,rural,23,hombre,4,63,6.349206349206349
2024,60502,rural,23,mujer,1,65,1.5384615384615385
2024,60502,rural,24,hombre,4,77,5.194805194805195
2024,60502,rural,24,mujer,0,75,0.0
2024,60502,rural,25,hombre,1,56,1.7857142857142858
2024,60502,rural,25,mujer,4,66,6.0606060606060606
2024,60502,rural,26,hombre,3,58,5.172413793103448
2024,60502,rural,26,mujer,2,83,2.4096385542168677
2024,60502,rural,27,hombre,2,55,3.6363636363636362
2024,60502,rural,27,mujer,1,55,1.8181818181818181
2024,60502,rural,28,hombre,5,69,7.246376811594203
2024,60502,rural,28,mujer,1,61,1.639344262295082
2024,60601,rural,16,hombre,1,148,0.6756756756756757
2024,60601,rural,16,mujer,0,139,0.0
2024,60601,rural,17,hombre,2,117,1.7094017094017093
2024,60601,rural,17,mujer,0,140,0.0
2024,60601,rural,18,hombre,1,112,0.8928571428571429
2024,60601,rural,18,mujer,0,99,0.0
2024,60601,rural,19,hombre,2,107,1.8691588785046729
2024,60601,rural,19,mujer,3,91,3.2967032967032965
2024,60601,rural,20,hombre,7,103,6.796116504854369
2024,60601,rural,20,mujer,0,117,0.0
2024,60601,rural,21,hombre,4,95,4.2105263157894735
2024,60601,rural,21,mujer,0,78,0.0
2024,60601,rural,22,hombre,8,94,8.51063829787234
2024,60601,rural,22,mujer,1,81,1.2345679012345678
2024,60601,rural,23,hombre,7,102,6.862745098039215
2024,60601,rural,23,mujer,3,103,2.912621359223301
2024,60601,rural,24,hombre,6,135,4.444444444444445
2024,60601,rural,24,mujer,1,135,0.7407407407407407
2024,60601,rural,25,hombre,5,112,4.464285714285714
2024,60601,rural,25,mujer,3,113,2.6548672566371683
2024,60601,rural,26,hombre,4,128,3.125
2024,60601,rural,26,mujer,2,134,1.492537313432836
2024,60601,rural,27,hombre,8,126,6.349206349206349
2024,60601,rural,27,mujer,2,146,1.36986301369863
2024,60601,rural,28,hombre,6,147,4.081632653061225
2024,60601,rural,28,mujer,2,123,1.6260162601626016
2024,60601,urbana,16,hombre,2,42,4.761904761904762
2024,60601,urbana,16,mujer,2,36,5.555555555555555
2024,60601,urbana,17,hombre,0,31,0.0
2024,60601,urbana,17,mujer,0,35,0.0
2024,60601,urbana,18,hombre,3,36,8.333333333333334
2024,60601,urbana,18,mujer,1,29,3.4482758620689653
2024,60601,urbana,19,hombre,0,27,0.0
2024,60601,urbana,19,mujer,1,25,4.0
2024,60601,urbana,20,hombre,1,16,6.25
2024,60601,urbana,20,mujer,3,25,12.0
2024,60601,urbana,21,hombre,2,28,7.142857142857143
2024,60601,urbana,21,mujer,2,36,5.555555555555555
2024,60601,urbana,22,hombre,3,30,10.0
2024,60601,urbana,22,mujer,2,19,10.526315789473685
2024,60601,urbana,23,hombre,0,25,0.0
2024,60601,urbana,23,mujer,0,27,0.0
2024,60601,urbana,24,hombre,1,27,3.7037037037037037
2024,60601,urbana,24,mujer,0,34,0.0
2024,60601,urbana,25,hombre,1,26,3.8461538461538463
2024,60601,urbana,25,mujer,4,36,11.11111111111111
2024,60601,urbana,26,hombre,1,30,3.3333333333333335
2024,60601,urbana,26,mujer,0,35,0.0
2024,60601,urbana,27,hombre,2,26,7.6923076923076925
2024,60601,urbana,27,mujer,1,45,2.2222222222222223
2024,60601,urbana,28,hombre,7,51,13.72549019607843
2024,60601,urbana,28,mujer,2,47,4.25531914893617
2024,70101,rural,16,hombre,0,103,0.0
2024,70101,rural,16,mujer,2,108,1.8518518518518519
2024,70101,rural,17,hombre,0,85,0.0
2024,70101,rural,17,mujer,0,108,0.0
2024,70101,rural,18,hombre,2,82,2.4390243902439024
2024,70101,rural,18,mujer,0,75,0.0
2024,70101,rural,19,hombre,2,85,2.3529411764705883
2024,70101,rural,19,mujer,0,74,0.0
2024,70101,rural,20,hombre,4,90,4.444444444444445
2024,70101,rural,20,mujer,1,66,1.5151515151515151
2024,70101,rural,21,hombre,3,89,3.3707865168539324
2024,70101,rural,21,mujer,2,80,2.5
2024,70101,rural,22,hombre,5,77,6.4935064935064934
2024,70101,rural,22,mujer,1,80,1.25
2024,70101,rural,23,hombre,4,88,4.545454545454546
2024,70101,rural,23,mujer,2,87,2.2988505747126435
2024,70101,rural,24,hombre,6,93,6.451612903225806
2024,70101,rural,24,mujer,1,83,1.2048192771084338
2024,70101,rural,25,hombre,4,77,5.194805194805195
2024,70101,rural,25,mujer,0,99,0.0
2024,70101,rural,26,hombre,3,90,3.3333333333333335
2024,70101,rural,26,mujer,2,68,2.9411764705882355
2024,70101,rural,27,hombre,7,80,8.75
2024,70101,rural,27,mujer,2,80,2.5
2024,70101,rural,28,hombre,4,77,5.194805194805195
2024,70101,rural,28,mujer,4,84,4.761904761904762
2024,70101,urbana,16,hombre,144,13419,1.0731052984574112
2024,70101,urbana,16,mujer,88,13280,0.6626506024096386
2024,70101,urbana,17,hombre,237,13564,1.7472721910940725
2024,70101,urbana,17,mujer,180,13438,1.3394850424170264
2024,70101,urbana,18,hombre,473,13733,3.4442583557853346
2024,70101,urbana,18,mujer,375,14096,2.660329171396141
2024,70101,urbana,19,hombre,724,13928,5.198161975875934
2024,70101,urbana,19,mujer,534,14153,3.773051649826892
2024,70101,urbana,20,hombre,887,14020,6.326676176890157
2024,70101,urbana,20,mujer,599,14442,4.147624982689378
2024,70101,urbana,21,hombre,927,14290,6.487053883834849
2024,70101,urbana,21,mujer,623,14335,4.346006278339728
2024,70101,urbana,22,hombre,1041,14367,7.245771559824598
2024,70101,urbana,22,mujer,676,14499,4.662390509690323
2024,70101,urbana,23,hombre,1159,15575,7.441412520064206
2024,70101,urbana,23,mujer,682,15477,4.406538734896944
2024,70101,urbana,24,hombre,1257,16135,7.790517508521847
2024,70101,urbana,24,mujer,761,16264,4.679045745204132
2024,70101,urbana,25,hombre,1239,15301,8.097509966668845
2024,70101,urbana,25,mujer,768,15511,4.95132486622397
2024,70101,urbana,26,hombre,1215,15100,8.04635761589404
2024,70101,urbana,26,mujer,688,15466,4.448467606362343
2024,70101,urbana,27,hombre,1290,14949,8.62933975516757
2024,70101,urbana,27,mujer,698,15562,4.4852846677804905
2024,70101,urbana,28,hombre,1270,15402,8.24568237891183
2024,70101,urbana,28,mujer,694,15868,4.373582051928409
2024,70102,rural,16,hombre,1,154,0.6493506493506493
2024,70102,rural,16,mujer,0,167,0.0
2024,70102,rural,17,hombre,5,182,2.7472527472527473
2024,70102,rural,17,mujer,3,146,2.0547945205479454
2024,70102,rural,18,hombre,3,156,1.9230769230769231
2024,70102,rural,18,mujer,2,128,1.5625
2024,70102,rural,19,hombre,4,151,2.6490066225165565
2024,70102,rural,19,mujer,1,144,0.6944444444444444
2024,70102,rural,20,hombre,5,122,4.098360655737705
2024,70102,rural,20,mujer,3,125,2.4
2024,70102,rural,21,hombre,10,137,7.299270072992701
2024,70102,rural,21,mujer,3,122,2.459016393442623
2024,70102,rural,22,hombre,9,120,7.5
2024,70102,rural,22,mujer,1,113,0.8849557522123894
2024,70102,rural,23,hombre,13,157,8.280254777070065
2024,70102,rural,23,mujer,5,152,3.289473684210526
2024,70102,rural,24,hombre,12,142,8.450704225352112
2024,70102,rural,24,mujer,0,140,0.0
2024,70102,rural,25,hombre,10,139,7.194244604316546
2024,70102,rural,25,mujer,5,144,3.4722222222222223
2024,70102,rural,26,hombre,11,142,7.746478873239437
2024,70102,rural,26,mujer,1,163,0.6134969325153374
2024,70102,rural,27,hombre,4,137,2.9197080291970803
2024,70102,rural,27,mujer,3,146,2.0547945205479454
2024,70102,rural,28,hombre,12,147,8.16326530612245
2024,70102,rural,28,mujer,5,134,3.7313432835820897
2024,70102,urbana,16,hombre,9,903,0.9966777408637874
2024,70102,urbana,16,mujer,8,860,0.9302325581395349
2024,70102,urbana,17,hombre,13,868,1.4976958525345623
2024,70102,urbana,17,mujer,7,824,0.8495145631067961
2024,70102,urbana,18,hombre,17,806,2.109181141439206
2024,70102,urbana,18,mujer,6,774,0.7751937984496124
2024,70102,urbana,19,hombre,39,782,4.987212276214834
2024,70102,urbana,19,mujer,11,773,1.423027166882277
2024,70102,urbana,20,hombre,40,785,5.095541401273885
2024,70102,urbana,20,mujer,16,746,2.1447721179624666
2024,70102,urbana,21,hombre,39,770,5.064935064935065
2024,70102,urbana,21,mujer,11,804,1.3681592039800996
2024,70102,urbana,22,hombre,33,782,4.219948849104859
2024,70102,urbana,22,mujer,14,761,1.8396846254927726
2024,70102,urbana,23,hombre,46,785,5.859872611464968
2024,70102,urbana,23,mujer,18,884,2.0361990950226243
2024,70102,urbana,24,hombre,66,909,7.260726072607261
2024,70102,urbana,24,mujer,19,829,2.2919179734620023
2024,70102,urbana,25,hombre,41,786,5.216284987277354
2024,70102,urbana,25,mujer,21,830,2.5301204819277108
2024,70102,urbana,26,hombre,56,768,7.291666666666667
2024,70102,urbana,26,mujer,24,811,2.9593094944512948
2024,70102,urbana,27,hombre,46,797,5.771643663739021
2024,70102,urbana,27,mujer,22,805,2.732919254658385
2024,70102,urbana,28,hombre,56,831,6.738868832731649
2024,70102,urbana,28,mujer,19,821,2.3142509135200973
2024,70103,rural,16,hombre,2,108,1.8518518518518519
2024,70103,rural,16,mujer,0,89,0.0
2024,70103,rural,17,hombre,2,107,1.8691588785046729
2024,70103,rural,17,mujer,1,90,1.1111111111111112
2024,70103,rural,18,hombre,4,97,4.123711340206185
2024,70103,rural,18,mujer,0,67,0.0
2024,70103,rural,19,hombre,7,86,8.13953488372093
2024,70103,rural,19,mujer,2,68,2.9411764705882355
2024,70103,rural,20,hombre,1,74,1.3513513513513513
2024,70103,rural,20,mujer,1,77,1.2987012987012987
2024,70103,rural,21,hombre,6,88,6.818181818181818
2024,70103,rural,21,mujer,2,83,2.4096385542168677
2024,70103,rural,22,hombre,11,105,10.476190476190476
2024,70103,rural,22,mujer,1,79,1.2658227848101267
2024,70103,rural,23,hombre,6,93,6.451612903225806
2024,70103,rural,23,mujer,1,96,1.0416666666666667
2024,70103,rural,24,hombre,9,100,9.0
2024,70103,rural,24,mujer,3,102,2.9411764705882355
2024,70103,rural,25,hombre,1,85,1.1764705882352942
2024,70103,rural,25,mujer,5,89,5.617977528089888
2024,70103,rural,26,hombre,10,75,13.333333333333334
2024,70103,rural,26,mujer,2,84,2.380952380952381
2024,70103,rural,27,hombre,7,98,7.142857142857143
2024,70103,rural,27,mujer,0,90,0.0
2024,70103,rural,28,hombre,6,97,6.185567010309279
2024,70103,rural,28,mujer,2,91,2.197802197802198
2024,70103,urbana,16,hombre,0,109,0.0
2024,70103,urbana,16,mujer,0,96,0.0
2024,70103,urbana,17,hombre,0,84,0.0
2024,70103,urbana,17,mujer,2,109,1.834862385321101
2024,70103,urbana,18,hombre,1,86,1.1627906976744187
2024,70103,urbana,18,mujer,1,98,1.0204081632653061
2024,70103,urbana,19,hombre,2,79,2.5316455696202533
2024,70103,urbana,19,mujer,0,83,0.0
2024,70103,urbana,20,hombre,3,103,2.912621359223301
2024,70103,urbana,20,mujer,0,82,0.0
2024,70103,urbana,21,hombre,1,71,1.408450704225352
2024,70103,urbana,21,mujer,0,83,0.0
2024,70103,urbana,22,hombre,3,76,3.9473684210526314
2024,70103,urbana,22,mujer,4,92,4.3478260869565215
2024,70103,urbana,23,hombre,5,89,5.617977528089888
2024,70103,urbana,23,mujer,0,94,0.0
2024,70103,urbana,24,hombre,2,71,2.816901408450704
2024,70103,urbana,24,mujer,1,100,1.0
2024,70103,urbana,25,hombre,5,74,6.756756756756757
2024,70103,urbana,25,mujer,1,87,1.1494252873563218
2024,70103,urbana,26,hombre,2,72,2.7777777777777777
2024,70103,urbana,26,mujer,0,79,0.0
2024,70103,urbana,27,hombre,2,82,2.4390243902439024
2024,70103,urbana,27,mujer,1,69,1.4492753623188406
2024,70103,urbana,28,hombre,6,80,7.5
2024,70103,urbana,28,mujer,2,76,2.6315789473684212
2024,70104,rural,16,hombre,1,84,1.1904761904761905
2024,70104,rural,16,mujer,0,70,0.0
2024,70104,rural,17,hombre,3,68,4.411764705882353
2024,70104,rural,17,mujer,1,62,1.6129032258064515
2024,70104,rural,18,hombre,6,90,6.666666666666667
2024,70104,rural,18,mujer,1,73,1.36986301369863
2024,70104,rural,19,hombre,1,73,1.36986301369863
2024,70104,rural,19,mujer,4,66,6.0606060606060606
2024,70104,rural,20,hombre,2,70,2.857142857142857
2024,70104,rural,20,mujer,0,61,0.0
2024,70104,rural,21,hombre,5,75,6.666666666666667
2024,70104,rural,21,mujer,1,63,1.5873015873015872
2024,70104,rural,22,hombre,9,75,12.0
2024,70104,rural,22,mujer,0,63,0.0
2024,70104,rural,23,hombre,13,73,17.80821917808219
2024,70104,rural,23,mujer,0,69,0.0
2024,70104,rural,24,hombre,9,80,11.25
2024,70104,rural,24,mujer,2,88,2.272727272727273
2024,70104,rural,25,hombre,8,82,9.75609756097561
2024,70104,rural,25,mujer,2,73,2.73972602739726
2024,70104,rural,26,hombre,11,80,13.75
2024,70104,rural,26,mujer,3,75,4.0
2024,70104,rural,27,hombre,11,67,16.417910447761194
2024,70104,rural,27,mujer,2,72,2.7777777777777777
2024,70104,rural,28,hombre,6,76,7.894736842105263
2024,70104,rural,28,mujer,3,60,5.0
2024,70104,urbana,16,hombre,13,1273,1.021209740769835
2024,70104,urbana,16,mujer,5,1283,0.3897116134060795
2024,70104,urbana,17,hombre,19,1265,1.5019762845849802
2024,70104,urbana,17,mujer,17,1191,1.4273719563392107
2024,70104,urbana,18,hombre,36,1214,2.9654036243822075
2024,70104,urbana,18,mujer,29,1234,2.3500810372771475
2024,70104,urbana,19,hombre,30,1144,2.6223776223776225
2024,70104,urbana,19,mujer,32,1303,2.4558710667689945
2024,70104,urbana,20,hombre,56,1218,4.597701149425287
2024,70104,urbana,20,mujer,36,1198,3.005008347245409
2024,70104,urbana,21,hombre,65,1164,5.584192439862543
2024,70104,urbana,21,mujer,30,1217,2.4650780608052587
2024,70104,urbana,22,hombre,90,1207,7.456503728251864
2024,70104,urbana,22,mujer,39,1256,3.105095541401274
2024,70104,urbana,23,hombre,85,1313,6.473724295506473
2024,70104,urbana,23,mujer,46,1366,3.3674963396778916
2024,70104,urbana,24,hombre,101,1383,7.30296456977585
2024,70104,urbana,24,mujer,36,1448,2.4861878453038675
2024,70104,urbana,25,hombre,80,1245,6.42570281124498
2024,70104,urbana,25,mujer,31,1314,2.3592085235920854
2024,70104,urbana,26,hombre,77,1240,6.209677419354839
2024,70104,urbana,26,mujer,40,1425,2.807017543859649
2024,70104,urbana,27,hombre,89,1344,6.622023809523809
2024,70104,urbana,27,mujer,37,1291,2.865995352439969
2024,70104,urbana,28,hombre,92,1350,6.814814814814815
2024,70104,urbana,28,mujer,39,1499,2.601734489659773
2024,70105,rural,16,hombre,5,172,2.9069767441860463
2024,70105,rural,16,mujer,0,128,0.0
2024,70105,rural,17,hombre,4,205,1.951219512195122
2024,70105,rural,17,mujer,0,132,0.0
2024,70105,rural,18,hombre,9,174,5.172413793103448
2024,70105,rural,18,mujer,2,123,1.6260162601626016
2024,70105,rural,19,hombre,5,130,3.8461538461538463
2024,70105,rural,19,mujer,5,141,3.5460992907801416
2024,70105,rural,20,hombre,6,149,4.026845637583893
2024,70105,rural,20,mujer,5,105,4.761904761904762
2024,70105,rural,21,hombre,7,114,6.140350877192983
2024,70105,rural,21,mujer,2,117,1.7094017094017093
2024,70105,rural,22,hombre,8,123,6.504065040650406
2024,70105,rural,22,mujer,3,102,2.9411764705882355
2024,70105,rural,23,hombre,12,121,9.917355371900827
2024,70105,rural,23,mujer,2,130,1.5384615384615385
2024,70105,rural,24,hombre,11,141,7.801418439716312
2024,70105,rural,24,mujer,6,140,4.285714285714286
2024,70105,rural,25,hombre,11,136,8.088235294117647
2024,70105,rural,25,mujer,6,125,4.8
2024,70105,rural,26,hombre,6,116,5.172413793103448
2024,70105,rural,26,mujer,6,130,4.615384615384615
2024,70105,rural,27,hombre,8,114,7.017543859649122
2024,70105,rural,27,mujer,3,122,2.459016393442623
2024,70105,rural,28,hombre,14,115,12.173913043478262
2024,70105,rural,28,mujer,4,123,3.252032520325203
2024,70105,urbana,16,hombre,6,408,1.4705882352941178
2024,70105,urbana,16,mujer,4,402,0.9950248756218906
2024,70105,urbana,17,hombre,8,391,2.0460358056265986
2024,70105,urbana,17,mujer,4,383,1.0443864229765014
2024,70105,urbana,18,hombre,20,373,5.361930294906166
2024,70105,urbana,18,mujer,9,350,2.5714285714285716
2024,70105,urbana,19,hombre,12,339,3.5398230088495577
2024,70105,urbana,19,mujer,15,343,4.373177842565598
2024,70105,urbana,20,hombre,15,322,4.658385093167702
2024,70105,urbana,20,mujer,10,335,2.985074626865672
2024,70105,urbana,21,hombre,22,302,7.28476821192053
2024,70105,urbana,21,mujer,5,298,1.6778523489932886
2024,70105,urbana,22,hombre,20,304,6.578947368421052
2024,70105,urbana,22,mujer,15,357,4.201680672268908
2024,70105,urbana,23,hombre,30,378,7.936507936507937
2024,70105,urbana,23,mujer,13,385,3.3766233766233764
2024,70105,urbana,24,hombre,37,414,8.93719806763285
2024,70105,urbana,24,mujer,8,349,2.292263610315186
2024,70105,urbana,25,hombre,13,361,3.601108033240997
2024,70105,urbana,25,mujer,16,355,4.507042253521127
2024,70105,urbana,26,hombre,32,374,8.556149732620321
2024,70105,urbana,26,mujer,8,408,1.9607843137254901
2024,70105,urbana,27,hombre,25,353,7.0821529745042495
2024,70105,urbana,27,mujer,12,380,3.1578947368421053
2024,70105,urbana,28,hombre,20,370,5.405405405405405
2024,70105,urbana,28,mujer,18,401,4.488778054862843
2024,70201,rural,16,hombre,1,163,0.6134969325153374
2024,70201,rural,16,mujer,1,153,0.6535947712418301
2024,70201,rural,17,hombre,6,169,3.5502958579881656
2024,70201,rural,17,mujer,0,171,0.0
2024,70201,rural,18,hombre,2,130,1.5384615384615385
2024,70201,rural,18,mujer,3,122,2.459016393442623
2024,70201,rural,19,hombre,4,146,2.73972602739726
2024,70201,rural,19,mujer,0,119,0.0
2024,70201,rural,20,hombre,3,125,2.4
2024,70201,rural,20,mujer,1,129,0.7751937984496124
2024,70201,rural,21,hombre,5,130,3.8461538461538463
2024,70201,rural,21,mujer,1,136,0.7352941176470589
2024,70201,rural,22,hombre,3,144,2.0833333333333335
2024,70201,rural,22,mujer,3,119,2.5210084033613445
2024,70201,rural,23,hombre,10,149,6.7114093959731544
2024,70201,rural,23,mujer,2,133,1.5037593984962405
2024,70201,rural,24,hombre,11,155,7.096774193548387
2024,70201,rural,24,mujer,4,153,2.6143790849673203
2024,70201,rural,25,hombre,12,159,7.547169811320755
2024,70201,rural,25,mujer,2,145,1.3793103448275863
2024,70201,rural,26,hombre,13,155,8.387096774193548
2024,70201,rural,26,mujer,4,148,2.7027027027027026
2024,70201,rural,27,hombre,3,131,2.2900763358778624
2024,70201,rural,27,mujer,3,136,2.2058823529411766
2024,70201,rural,28,hombre,13,166,7.831325301204819
2024,70201,rural,28,mujer,2,144,1.3888888888888888
2024,70201,urbana,16,hombre,18,1346,1.337295690936107
2024,70201,urbana,16,mujer,6,1311,0.4576659038901602
2024,70201,urbana,17,hombre,21,1365,1.5384615384615385
2024,70201,urbana,17,mujer,9,1316,0.6838905775075987
2024,70201,urbana,18,hombre,31,1400,2.2142857142857144
2024,70201,urbana,18,mujer,14,1223,1.1447260834014719
2024,70201,urbana,19,hombre,28,1206,2.3217247097844114
2024,70201,urbana,19,mujer,26,1257,2.0684168655529036
2024,70201,urbana,20,hombre,43,1245,3.4538152610441766
2024,70201,urbana,20,mujer,29,1163,2.4935511607910574
2024,70201,urbana,21,hombre,69,1191,5.793450881612091
2024,70201,urbana,21,mujer,37,1158,3.1951640759930915
2024,70201,urbana,22,hombre,74,1195,6.192468619246862
2024,70201,urbana,22,mujer,37,1199,3.085904920767306
2024,70201,urbana,23,hombre,73,1290,5.658914728682171
2024,70201,urbana,23,mujer,48,1255,3.8247011952191237
2024,70201,urbana,24,hombre,86,1324,6.495468277945619
2024,70201,urbana,24,mujer,44,1327,3.3157498116051243
2024,70201,urbana,25,hombre,88,1160,7.586206896551724
2024,70201,urbana,25,mujer,33,1221,2.7027027027027026
2024,70201,urbana,26,hombre,91,1174,7.751277683134583
2024,70201,urbana,26,mujer,38,1217,3.122432210353328
2024,70201,urbana,27,hombre,87,1221,7.125307125307125
2024,70201,urbana,27,mujer,34,1211,2.8075970272502064
2024,70201,urbana,28,hombre,73,1147,6.364428945074106
2024,70201,urbana,28,mujer,37,1263,2.929532858273951
2024,70202,rural,16,hombre,0,36,0.0
2024,70202,rural,16,mujer,1,54,1.8518518518518519
2024,70202,rural,17,hombre,2,62,3.225806451612903
2024,70202,rural,17,mujer,0,55,0.0
2024,70202,rural,18,hombre,1,42,2.380952380952381
2024,70202,rural,18,mujer,0,43,0.0
2024,70202,rural,19,hombre,1,47,2.127659574468085
2024,70202,rural,19,mujer,2,35,5.714285714285714
2024,70202,rural,20,hombre,0,36,0.0
2024,70202,rural,20,mujer,2,35,5.714285714285714
2024,70202,rural,21,hombre,2,44,4.545454545454546
2024,70202,rural,21,mujer,1,42,2.380952380952381
2024,70202,rural,22,hombre,2,46,4.3478260869565215
2024,70202,rural,22,mujer,0,40,0.0
2024,70202,rural,23,hombre,5,51,9.803921568627452
2024,70202,rural,23,mujer,0,42,0.0
2024,70202,rural,24,hombre,4,52,7.6923076923076925
2024,70202,rural,24,mujer,0,33,0.0
2024,70202,rural,25,hombre,4,47,8.51063829787234
2024,70202,rural,25,mujer,0,44,0.0
2024,70202,rural,26,hombre,2,51,3.9215686274509802
2024,70202,rural,26,mujer,0,49,0.0
2024,70202,rural,27,hombre,9,49,18.367346938775512
2024,70202,rural,27,mujer,1,36,2.7777777777777777
2024,70202,rural,28,hombre,3,47,6.382978723404255
2024,70202,rural,28,mujer,1,30,3.3333333333333335
2024,70202,urbana,16,hombre,1,55,1.8181818181818181
2024,70202,urbana,16,mujer,0,49,0.0
2024,70202,urbana,17,hombre,1,60,1.6666666666666667
2024,70202,urbana,17,mujer,0,56,0.0
2024,70202,urbana,18,hombre,2,43,4.651162790697675
2024,70202,urbana,18,mujer,2,56,3.5714285714285716
2024,70202,urbana,19,hombre,3,45,6.666666666666667
2024,70202,urbana,19,mujer,1,44,2.272727272727273
2024,70202,urbana,20,hombre,2,40,5.0
2024,70202,urbana,20,mujer,1,41,2.4390243902439024
2024,70202,urbana,21,hombre,1,44,2.272727272727273
2024,70202,urbana,21,mujer,0,35,0.0
2024,70202,urbana,22,hombre,3,36,8.333333333333334
2024,70202,urbana,22,mujer,1,40,2.5
2024,70202,urbana,23,hombre,2,39,5.128205128205129
2024,70202,urbana,23,mujer,4,44,9.090909090909092
2024,70202,urbana,24,hombre,7,62,11.290322580645162
2024,70202,urbana,24,mujer,1,54,1.8518518518518519
2024,70202,urbana,25,hombre,2,27,7.407407407407407
2024,70202,urbana,25,mujer,3,55,5.454545454545454
2024,70202,urbana,26,hombre,0,34,0.0
2024,70202,urbana,26,mujer,2,52,3.8461538461538463
2024,70202,urbana,27,hombre,1,38,2.6315789473684212
2024,70202,urbana,27,mujer,1,40,2.5
2024,70202,urbana,28,hombre,1,39,2.5641025641025643
2024,70202,urbana,28,mujer,0,43,0.0
2024,70301,rural,16,hombre,5,326,1.5337423312883436
2024,70301,rural,16,mujer,6,300,2.0
2024,70301,rural,17,hombre,14,356,3.932584269662921
2024,70301,rural,17,mujer,2,258,0.7751937984496124
2024,70301,rural,18,hombre,9,308,2.9220779220779223
2024,70301,rural,18,mujer,9,285,3.1578947368421053
2024,70301,rural,19,hombre,9,294,3.061224489795918
2024,70301,rural,19,mujer,10,274,3.6496350364963503
2024,70301,rural,20,hombre,17,309,5.501618122977346
2024,70301,rural,20,mujer,17,255,6.666666666666667
2024,70301,rural,21,hombre,24,316,7.594936708860759
2024,70301,rural,21,mujer,8,283,2.8268551236749118
2024,70301,rural,22,hombre,22,296,7.4324324324324325
2024,70301,rural,22,mujer,10,310,3.225806451612903
2024,70301,rural,23,hombre,30,349,8.595988538681949
2024,70301,rural,23,mujer,16,321,4.984423676012461
2024,70301,rural,24,hombre,30,374,8.02139037433155
2024,70301,rural,24,mujer,9,296,3.0405405405405403
2024,70301,rural,25,hombre,27,334,8.083832335329342
2024,70301,rural,25,mujer,17,295,5.762711864406779
2024,70301,rural,26,hombre,28,307,9.120521172638437
2024,70301,rural,26,mujer,13,295,4.406779661016949
2024,70301,rural,27,hombre,40,325,12.307692307692308
2024,70301,rural,27,mujer,8,249,3.21285140562249
2024,70301,rural,28,hombre,38,338,11.242603550295858
2024,70301,rural,28,mujer,13,264,4.924242424242424
2024,70301,urbana,16,hombre,13,343,3.7900874635568513
2024,70301,urbana,16,mujer,5,315,1.5873015873015872
2024,70301,urbana,17,hombre,7,368,1.9021739130434783
2024,70301,urbana,17,mujer,15,331,4.531722054380665
2024,70301,urbana,18,hombre,15,381,3.937007874015748
2024,70301,urbana,18,mujer,18,279,6.451612903225806
2024,70301,urbana,19,hombre,18,356,5.056179775280899
2024,70301,urbana,19,mujer,14,272,5.147058823529412
2024,70301,urbana,20,hombre,19,294,6.462585034013605
2024,70301,urbana,20,mujer,3,257,1.1673151750972763
2024,70301,urbana,21,hombre,22,268,8.208955223880597
2024,70301,urbana,21,mujer,13,258,5.038759689922481
2024,70301,urbana,22,hombre,27,281,9.608540925266905
2024,70301,urbana,22,mujer,10,269,3.717472118959108
2024,70301,urbana,23,hombre,20,313,6.389776357827476
2024,70301,urbana,23,mujer,14,266,5.2631578947368425
2024,70301,urbana,24,hombre,24,271,8.85608856088561
2024,70301,urbana,24,mujer,16,295,5.423728813559322
2024,70301,urbana,25,hombre,21,230,9.130434782608695
2024,70301,urbana,25,mujer,9,242,3.71900826446281
2024,70301,urbana,26,hombre,21,238,8.823529411764707
2024,70301,urbana,26,mujer,13,312,4.166666666666667
2024,70301,urbana,27,hombre,29,292,9.931506849315069
2024,70301,urbana,27,mujer,9,292,3.0821917808219177
2024,70301,urbana,28,hombre,23,262,8.778625954198473
2024,70301,urbana,28,mujer,16,282,5.673758865248227
2024,70302,rural,16,hombre,4,63,6.349206349206349
2024,70302,rural,16,mujer,0,73,0.0
2024,70302,rural,17,hombre,5,73,6.8493150684931505
2024,70302,rural,17,mujer,2,59,3.389830508474576
2024,70302,rural,18,hombre,6,73,8.219178082191782
2024,70302,rural,18,mujer,2,60,3.3333333333333335
2024,70302,rural,19,hombre,9,70,12.857142857142858
2024,70302,rural,19,mujer,3,64,4.6875
2024,70302,rural,20,hombre,8,82,9.75609756097561
2024,70302,rural,20,mujer,2,54,3.7037037037037037
2024,70302,rural,21,hombre,5,80,6.25
2024,70302,rural,21,mujer,3,59,5.084745762711864
2024,70302,rural,22,hombre,6,81,7.407407407407407
2024,70302,rural,22,mujer,4,74,5.405405405405405
2024,70302,rural,23,hombre,15,103,14.563106796116505
2024,70302,rural,23,mujer,3,91,3.2967032967032965
2024,70302,rural,24,hombre,14,110,12.727272727272727
2024,70302,rural,24,mujer,4,84,4.761904761904762
2024,70302,rural,25,hombre,12,108,11.11111111111111
2024,70302,rural,25,mujer,2,79,2.5316455696202533
2024,70302,rural,26,hombre,14,122,11.475409836065573
2024,70302,rural,26,mujer,6,80,7.5
2024,70302,rural,27,hombre,17,110,15.454545454545455
2024,70302,rural,27,mujer,5,79,6.329113924050633
2024,70302,rural,28,hombre,17,117,14.52991452991453
2024,70302,rural,28,mujer,6,90,6.666666666666667
2024,70302,urbana,16,hombre,2,56,3.5714285714285716
2024,70302,urbana,16,mujer,4,75,5.333333333333333
2024,70302,urbana,17,hombre,4,64,6.25
2024,70302,urbana,17,mujer,5,64,7.8125
2024,70302,urbana,18,hombre,4,38,10.526315789473685
2024,70302,urbana,18,mujer,1,34,2.9411764705882355
2024,70302,urbana,19,hombre,1,35,2.857142857142857
2024,70302,urbana,19,mujer,0,40,0.0
2024,70302,urbana,20,hombre,3,35,8.571428571428571
2024,70302,urbana,20,mujer,1,36,2.7777777777777777
2024,70302,urbana,21,hombre,0,28,0.0
2024,70302,urbana,21,mujer,1,33,3.0303030303030303
2024,70302,urbana,22,hombre,1,36,2.7777777777777777
2024,70302,urbana,22,mujer,1,40,2.5
2024,70302,urbana,23,hombre,2,27,7.407407407407407
2024,70302,urbana,23,mujer,1,33,3.0303030303030303
2024,70302,urbana,24,hombre,5,33,15.151515151515152
2024,70302,urbana,24,mujer,1,51,1.9607843137254901
2024,70302,urbana,25,hombre,3,39,7.6923076923076925
2024,70302,urbana,25,mujer,0,21,0.0
2024,70302,urbana,26,hombre,3,31,9.67741935483871
2024,70302,urbana,26,mujer,1,29,3.4482758620689653
2024,70302,urbana,27,hombre,2,34,5.882352941176471
2024,70302,urbana,27,mujer,1,36,2.7777777777777777
2024,70302,urbana,28,hombre,2,41,4.878048780487805
2024,70302,urbana,28,mujer,2,44,4.545454545454546
2024,70303,rural,16,hombre,1,48,2.0833333333333335
2024,70303,rural,16,mujer,4,48,8.333333333333334
2024,70303,rural,17,hombre,6,46,13.043478260869565
2024,70303,rural,17,mujer,2,38,5.2631578947368425
2024,70303,rural,18,hombre,6,38,15.789473684210526
2024,70303,rural,18,mujer,4,37,10.81081081081081
2024,70303,rural,19,hombre,7,51,13.72549019607843
2024,70303,rural,19,mujer,5,32,15.625
2024,70303,rural,20,hombre,8,38,21.05263157894737
2024,70303,rural,20,mujer,2,45,4.444444444444445
2024,70303,rural,21,hombre,17,45,37.77777777777778
2024,70303,rural,21,mujer,6,39,15.384615384615385
2024,70303,rural,22,hombre,11,45,24.444444444444443
2024,70303,rural,22,mujer,3,58,5.172413793103448
2024,70303,rural,23,hombre,11,60,18.333333333333332
2024,70303,rural,23,mujer,5,45,11.11111111111111
2024,70303,rural,24,hombre,18,84,21.428571428571427
2024,70303,rural,24,mujer,6,42,14.285714285714286
2024,70303,rural,25,hombre,27,77,35.064935064935064
2024,70303,rural,25,mujer,5,47,10.638297872340425
2024,70303,rural,26,hombre,18,64,28.125
2024,70303,rural,26,mujer,8,48,16.666666666666668
2024,70303,rural,27,hombre,16,70,22.857142857142858
2024,70303,rural,27,mujer,4,47,8.51063829787234
2024,70303,rural,28,hombre,23,77,29.87012987012987
2024,70303,rural,28,mujer,6,41,14.634146341463415
2024,70303,urbana,16,hombre,3,39,7.6923076923076925
2024,70303,urbana,16,mujer,1,20,5.0
2024,70303,urbana,17,hombre,3,42,7.142857142857143
2024,70303,urbana,17,mujer,1,31,3.225806451612903
2024,70303,urbana,18,hombre,2,22,9.090909090909092
2024,70303,urbana,18,mujer,2,25,8.0
2024,70303,urbana,19,hombre,0,24,0.0
2024,70303,urbana,19,mujer,0,20,0.0
2024,70303,urbana,20,hombre,2,16,12.5
2024,70303,urbana,20,mujer,2,25,8.0
2024,70303,urbana,21,hombre,1,26,3.8461538461538463
2024,70303,urbana,21,mujer,1,22,4.545454545454546
2024,70303,urbana,22,hombre,1,12,8.333333333333334
2024,70303,urbana,22,mujer,1,29,3.4482758620689653
2024,70303,urbana,23,hombre,1,16,6.25
2024,70303,urbana,23,mujer,2,28,7.142857142857143
2024,70303,urbana,24,hombre,1,22,4.545454545454546
2024,70303,urbana,24,mujer,1,25,4.0
2024,70303,urbana,25,hombre,5,27,18.51851851851852
2024,70303,urbana,25,mujer,0,21,0.0
2024,70303,urbana,26,hombre,0,21,0.0
2024,70303,urbana,26,mujer,1,24,4.166666666666667
2024,70303,urbana,27,hombre,2,27,7.407407407407407
2024,70303,urbana,27,mujer,0,24,0.0
2024,70303,urbana,28,hombre,5,20,25.0
2024,70303,urbana,28,mujer,0,26,0.0
2024,70401,rural,16,hombre,1,76,1.3157894736842106
2024,70401,rural,16,mujer,0,84,0.0
2024,70401,rural,17,hombre,2,77,2.5974025974025974
2024,70401,rural,17,mujer,2,71,2.816901408450704
2024,70401,rural,18,hombre,0,69,0.0
2024,70401,rural,18,mujer,3,62,4.838709677419355
2024,70401,rural,19,hombre,3,62,4.838709677419355
2024,70401,rural,19,mujer,2,59,3.389830508474576
2024,70401,rural,20,hombre,4,50,8.0
2024,70401,rural,20,mujer,1,50,2.0
2024,70401,rural,21,hombre,2,43,4.651162790697675
2024,70401,rural,21,mujer,0,62,0.0
2024,70401,rural,22,hombre,4,61,6.557377049180328
2024,70401,rural,22,mujer,1,56,1.7857142857142858
2024,70401,rural,23,hombre,5,65,7.6923076923076925
2024,70401,rural,23,mujer,2,53,3.7735849056603774
2024,70401,rural,24,hombre,4,73,5.47945205479452
2024,70401,rural,24,mujer,1,50,2.0
2024,70401,rural,25,hombre,2,46,4.3478260869565215
2024,70401,rural,25,mujer,2,63,3.1746031746031744
2024,70401,rural,26,hombre,9,74,12.162162162162161
2024,70401,rural,26,mujer,1,64,1.5625
2024,70401,rural,27,hombre,7,74,9.45945945945946
2024,70401,rural,27,mujer,3,55,5.454545454545454
2024,70401,rural,28,hombre,1,66,1.5151515151515151
2024,70401,rural,28,mujer,2,68,2.9411764705882355
2024,70401,urbana,16,hombre,0,53,0.0
2024,70401,urbana,16,mujer,0,61,0.0
2024,70401,urbana,17,hombre,2,92,2.1739130434782608
2024,70401,urbana,17,mujer,0,44,0.0
2024,70401,urbana,18,hombre,1,125,0.8
2024,70401,urbana,18,mujer,0,34,0.0
2024,70401,urbana,19,hombre,0,88,0.0
2024,70401,urbana,19,mujer,1,37,2.7027027027027026
2024,70401,urbana,20,hombre,2,44,4.545454545454546
2024,70401,urbana,20,mujer,1,31,3.225806451612903
2024,70401,urbana,21,hombre,1,45,2.2222222222222223
2024,70401,urbana,21,mujer,2,39,5.128205128205129
2024,70401,urbana,22,hombre,0,53,0.0
2024,70401,urbana,22,mujer,0,52,0.0
2024,70401,urbana,23,hombre,3,64,4.6875
2024,70401,urbana,23,mujer,0,33,0.0
2024,70401,urbana,24,hombre,4,53,7.547169811320755
2024,70401,urbana,24,mujer,4,56,7.142857142857143
2024,70401,urbana,25,hombre,2,46,4.3478260869565215
2024,70401,urbana,25,mujer,0,40,0.0
2024,70401,urbana,26,hombre,2,48,4.166666666666667
2024,70401,urbana,26,mujer,0,44,0.0
2024,70401,urbana,27,hombre,2,36,5.555555555555555
2024,70401,urbana,27,mujer,4,38,10.526315789473685
2024,70401,urbana,28,hombre,1,42,2.380952380952381
2024,70401,urbana,28,mujer,2,49,4.081632653061225
2024,70402,rural,16,hombre,0,70,0.0
2024,70402,rural,16,mujer,0,60,0.0
2024,70402,rural,17,hombre,1,58,1.7241379310344827
2024,70402,rural,17,mujer,0,42,0.0
2024,70402,rural,18,hombre,2,53,3.7735849056603774
2024,70402,rural,18,mujer,1,48,2.0833333333333335
2024,70402,rural,19,hombre,0,43,0.0
2024,70402,rural,19,mujer,1,38,2.6315789473684212
2024,70402,rural,20,hombre,4,65,6.153846153846154
2024,70402,rural,20,mujer,1,43,2.3255813953488373
2024,70402,rural,21,hombre,2,40,5.0
2024,70402,rural,21,mujer,1,39,2.5641025641025643
2024,70402,rural,22,hombre,4,45,8.88888888888889
2024,70402,rural,22,mujer,3,34,8.823529411764707
2024,70402,rural,23,hombre,3,49,6.122448979591836
2024,70402,rural,23,mujer,0,43,0.0
2024,70402,rural,24,hombre,2,49,4.081632653061225
2024,70402,rural,24,mujer,2,33,6.0606060606060606
2024,70402,rural,25,hombre,3,68,4.411764705882353
2024,70402,rural,25,mujer,0,34,0.0
2024,70402,rural,26,hombre,3,55,5.454545454545454
2024,70402,rural,26,mujer,1,47,2.127659574468085
2024,70402,rural,27,hombre,5,56,8.928571428571429
2024,70402,rural,27,mujer,0,47,0.0
2024,70402,rural,28,hombre,3,38,7.894736842105263
2024,70402,rural,28,mujer,3,42,7.142857142857143
2024,70402,urbana,16,hombre,1,123,0.8130081300813008
2024,70402,urbana,16,mujer,1,136,0.7352941176470589
2024,70402,urbana,17,hombre,1,117,0.8547008547008547
2024,70402,urbana,17,mujer,2,127,1.5748031496062993
2024,70402,urbana,18,hombre,4,104,3.8461538461538463
2024,70402,urbana,18,mujer,1,123,0.8130081300813008
2024,70402,urbana,19,hombre,6,106,5.660377358490566
2024,70402,urbana,19,mujer,3,114,2.6315789473684212
2024,70402,urbana,20,hombre,6,87,6.896551724137931
2024,70402,urbana,20,mujer,2,101,1.9801980198019802
2024,70402,urbana,21,hombre,2,81,2.4691358024691357
2024,70402,urbana,21,mujer,1,92,1.0869565217391304
2024,70402,urbana,22,hombre,9,100,9.0
2024,70402,urbana,22,mujer,2,96,2.0833333333333335
2024,70402,urbana,23,hombre,4,91,4.395604395604396
2024,70402,urbana,23,mujer,2,103,1.941747572815534
2024,70402,urbana,24,hombre,10,114,8.771929824561404
2024,70402,urbana,24,mujer,3,135,2.2222222222222223
2024,70402,urbana,25,hombre,6,99,6.0606060606060606
2024,70402,urbana,25,mujer,7,126,5.555555555555555
2024,70402,urbana,26,hombre,2,96,2.0833333333333335
2024,70402,urbana,26,mujer,5,132,3.787878787878788
2024,70402,urbana,27,hombre,9,115,7.826086956521739
2024,70402,urbana,27,mujer,6,115,5.217391304347826
2024,70402,urbana,28,hombre,7,111,6.306306306306307
2024,70402,urbana,28,mujer,1,108,0.9259259259259259
2024,70403,rural,16,hombre,9,162,5.555555555555555
2024,70403,rural,16,mujer,6,142,4.225352112676056
2024,70403,rural,17,hombre,22,173,12.716763005780347
2024,70403,rural,17,mujer,5,122,4.098360655737705
2024,70403,rural,18,hombre,50,240,20.833333333333332
2024,70403,rural,18,mujer,16,122,13.114754098360656
2024,70403,rural,19,hombre,38,248,15.32258064516129
2024,70403,rural,19,mujer,12,106,11.320754716981131
2024,70403,rural,20,hombre,33,217,15.2073732718894
2024,70403,rural,20,mujer,17,127,13.385826771653543
2024,70403,rural,21,hombre,80,269,29.739776951672862
2024,70403,rural,21,mujer,19,117,16.23931623931624
2024,70403,rural,22,hombre,50,191,26.17801047120419
2024,70403,rural,22,mujer,18,123,14.634146341463415
2024,70403,rural,23,hombre,83,265,31.32075471698113
2024,70403,rural,23,mujer,19,166,11.44578313253012
2024,70403,rural,24,hombre,77,274,28.1021897810219
2024,70403,rural,24,mujer,21,180,11.666666666666666
2024,70403,rural,25,hombre,76,237,32.06751054852321
2024,70403,rural,25,mujer,15,152,9.868421052631579
2024,70403,rural,26,hombre,85,276,30.797101449275363
2024,70403,rural,26,mujer,14,162,8.641975308641975
2024,70403,rural,27,hombre,70,259,27.027027027027028
2024,70403,rural,27,mujer,20,178,11.235955056179776
2024,70403,rural,28,hombre,77,249,30.923694779116467
2024,70403,rural,28,mujer,30,171,17.54385964912281
2024,70403,urbana,16,hombre,10,363,2.7548209366391183
2024,70403,urbana,16,mujer,9,348,2.586206896551724
2024,70403,urbana,17,hombre,14,376,3.723404255319149
2024,70403,urbana,17,mujer,20,394,5.0761421319796955
2024,70403,urbana,18,hombre,6,293,2.04778156996587
2024,70403,urbana,18,mujer,18,351,5.128205128205129
2024,70403,urbana,19,hombre,28,291,9.621993127147766
2024,70403,urbana,19,mujer,20,348,5.747126436781609
2024,70403,urbana,20,hombre,27,298,9.060402684563758
2024,70403,urbana,20,mujer,12,332,3.6144578313253013
2024,70403,urbana,21,hombre,29,282,10.28368794326241
2024,70403,urbana,21,mujer,19,326,5.828220858895706
2024,70403,urbana,22,hombre,26,268,9.701492537313433
2024,70403,urbana,22,mujer,17,293,5.802047781569966
2024,70403,urbana,23,hombre,37,356,10.393258426966293
2024,70403,urbana,23,mujer,17,371,4.5822102425876015
2024,70403,urbana,24,hombre,36,351,10.256410256410257
2024,70403,urbana,24,mujer,24,390,6.153846153846154
2024,70403,urbana,25,hombre,32,330,9.696969696969697
2024,70403,urbana,25,mujer,15,339,4.424778761061947
2024,70403,urbana,26,hombre,23,349,6.590257879656161
2024,70403,urbana,26,mujer,13,343,3.7900874635568513
2024,70403,urbana,27,hombre,33,310,10.64516129032258
2024,70403,urbana,27,mujer,13,343,3.7900874635568513
2024,70403,urbana,28,hombre,35,324,10.802469135802468
2024,70403,urbana,28,mujer,21,382,5.49738219895288
2024,70404,rural,16,hombre,2,45,4.444444444444445
2024,70404,rural,16,mujer,0,31,0.0
2024,70404,rural,17,hombre,1,34,2.9411764705882355
2024,70404,rural,17,mujer,1,39,2.5641025641025643
2024,70404,rural,18,hombre,8,42,19.047619047619047
2024,70404,rural,18,mujer,0,26,0.0
2024,70404,rural,19,hombre,1,37,2.7027027027027026
2024,70404,rural,19,mujer,0,25,0.0
2024,70404,rural,20,hombre,7,41,17.073170731707318
2024,70404,rural,20,mujer,0,36,0.0
2024,70404,rural,21,hombre,3,23,13.043478260869565
2024,70404,rural,21,mujer,0,25,0.0
2024,70404,rural,22,hombre,4,38,10.526315789473685
2024,70404,rural,22,mujer,0,19,0.0
2024,70404,rural,23,hombre,8,37,21.62162162162162
2024,70404,rural,23,mujer,1,24,4.166666666666667
2024,70404,rural,24,hombre,10,43,23.25581395348837
2024,70404,rural,24,mujer,2,37,5.405405405405405
2024,70404,rural,25,hombre,7,37,18.91891891891892
2024,70404,rural,25,mujer,1,21,4.761904761904762
2024,70404,rural,26,hombre,8,36,22.22222222222222
2024,70404,rural,26,mujer,1,25,4.0
2024,70404,rural,27,hombre,2,33,6.0606060606060606
2024,70404,rural,27,mujer,2,41,4.878048780487805
2024,70404,rural,28,hombre,5,51,9.803921568627452
2024,70404,rural,28,mujer,1,30,3.3333333333333335
2024,70404,urbana,16,hombre,0,51,0.0
2024,70404,urbana,16,mujer,0,60,0.0
2024,70404,urbana,17,hombre,0,69,0.0
2024,70404,urbana,17,mujer,1,64,1.5625
2024,70404,urbana,18,hombre,1,57,1.7543859649122806
2024,70404,urbana,18,mujer,0,63,0.0
2024,70404,urbana,19,hombre,0,51,0.0
2024,70404,urbana,19,mujer,0,58,0.0
2024,70404,urbana,20,hombre,1,66,1.5151515151515151
2024,70404,urbana,20,mujer,1,66,1.5151515151515151
2024,70404,urbana,21,hombre,2,46,4.3478260869565215
2024,70404,urbana,21,mujer,1,48,2.0833333333333335
2024,70404,urbana,22,hombre,0,40,0.0
2024,70404,urbana,22,mujer,1,47,2.127659574468085
2024,70404,urbana,23,hombre,2,55,3.6363636363636362
2024,70404,urbana,23,mujer,0,51,0.0
2024,70404,urbana,24,hombre,1,58,1.7241379310344827
2024,70404,urbana,24,mujer,2,53,3.7735849056603774
2024,70404,urbana,25,hombre,3,62,4.838709677419355
2024,70404,urbana,25,mujer,1,44,2.272727272727273
2024,70404,urbana,26,hombre,5,42,11.904761904761905
2024,70404,urbana,26,mujer,1,40,2.5
2024,70404,urbana,27,hombre,0,43,0.0
2024,70404,urbana,27,mujer,0,51,0.0
2024,70404,urbana,28,hombre,5,47,10.638297872340425
2024,70404,urbana,28,mujer,2,54,3.7037037037037037
2024,70501,rural,16,hombre,3,236,1.271186440677966
2024,70501,rural,16,mujer,4,234,1.7094017094017093
2024,70501,rural,17,hombre,6,262,2.2900763358778624
2024,70501,rural,17,mujer,2,218,0.9174311926605505
2024,70501,rural,18,hombre,14,254,5.511811023622047
2024,70501,rural,18,mujer,8,231,3.463203463203463
2024,70501,rural,19,hombre,23,240,9.583333333333334
2024,70501,rural,19,mujer,11,214,5.140186915887851
2024,70501,rural,20,hombre,32,257,12.45136186770428
2024,70501,rural,20,mujer,13,208,6.25
2024,70501,rural,21,hombre,38,258,14.728682170542635
2024,70501,rural,21,mujer,10,221,4.524886877828054
2024,70501,rural,22,hombre,30,225,13.333333333333334
2024,70501,rural,22,mujer,14,221,6.334841628959276
2024,70501,rural,23,hombre,39,296,13.175675675675675
2024,70501,rural,23,mujer,10,233,4.291845493562231
2024,70501,rural,24,hombre,32,265,12.075471698113208
2024,70501,rural,24,mujer,14,234,5.982905982905983
2024,70501,rural,25,hombre,33,263,12.547528517110266
2024,70501,rural,25,mujer,15,205,7.317073170731708
2024,70501,rural,26,hombre,50,273,18.315018315018314
2024,70501,rural,26,mujer,4,188,2.127659574468085
2024,70501,rural,27,hombre,46,236,19.491525423728813
2024,70501,rural,27,mujer,11,208,5.288461538461538
2024,70501,rural,28,hombre,42,258,16.27906976744186
2024,70501,rural,28,mujer,10,201,4.975124378109452
2024,70501,urbana,16,hombre,2,137,1.4598540145985401
2024,70501,urbana,16,mujer,0,121,0.0
2024,70501,urbana,17,hombre,4,153,2.6143790849673203
2024,70501,urbana,17,mujer,1,131,0.7633587786259542
2024,70501,urbana,18,hombre,2,185,1.0810810810810811
2024,70501,urbana,18,mujer,6,118,5.084745762711864
2024,70501,urbana,19,hombre,2,145,1.3793103448275863
2024,70501,urbana,19,mujer,3,96,3.125
2024,70501,urbana,20,hombre,3,98,3.061224489795918
2024,70501,urbana,20,mujer,5,98,5.1020408163265305
2024,70501,urbana,21,hombre,4,127,3.1496062992125986
2024,70501,urbana,21,mujer,3,90,3.3333333333333335
2024,70501,urbana,22,hombre,2,83,2.4096385542168677
2024,70501,urbana,22,mujer,2,84,2.380952380952381
2024,70501,urbana,23,hombre,6,97,6.185567010309279
2024,70501,urbana,23,mujer,2,96,2.0833333333333335
2024,70501,urbana,24,hombre,6,106,5.660377358490566
2024,70501,urbana,24,mujer,3,85,3.5294117647058822
2024,70501,urbana,25,hombre,4,98,4.081632653061225
2024,70501,urbana,25,mujer,6,109,5.504587155963303
2024,70501,urbana,26,hombre,9,107,8.411214953271028
2024,70501,urbana,26,mujer,4,95,4.2105263157894735
2024,70501,urbana,27,hombre,7,92,7.608695652173913
2024,70501,urbana,27,mujer,1,93,1.075268817204301
2024,70501,urbana,28,hombre,6,86,6.976744186046512
2024,70501,urbana,28,mujer,8,95,8.421052631578947
2024,70502,rural,16,hombre,1,352,0.2840909090909091
2024,70502,rural,16,mujer,1,310,0.3225806451612903
2024,70502,rural,17,hombre,9,361,2.4930747922437675
2024,70502,rural,17,mujer,3,324,0.9259259259259259
2024,70502,rural,18,hombre,10,355,2.816901408450704
2024,70502,rural,18,mujer,6,328,1.829268292682927
2024,70502,rural,19,hombre,18,337,5.341246290801187
2024,70502,rural,19,mujer,6,306,1.9607843137254901
2024,70502,rural,20,hombre,17,343,4.956268221574344
2024,70502,rural,20,mujer,4,315,1.2698412698412698
2024,70502,rural,21,hombre,11,362,3.0386740331491713
2024,70502,rural,21,mujer,9,303,2.9702970297029703
2024,70502,rural,22,hombre,23,377,6.10079575596817
2024,70502,rural,22,mujer,8,299,2.6755852842809364
2024,70502,rural,23,hombre,28,405,6.91358024691358
2024,70502,rural,23,mujer,7,353,1.9830028328611897
2024,70502,rural,24,hombre,26,376,6.914893617021277
2024,70502,rural,24,mujer,4,357,1.1204481792717087
2024,70502,rural,25,hombre,33,401,8.229426433915211
2024,70502,rural,25,mujer,7,315,2.2222222222222223
2024,70502,rural,26,hombre,30,371,8.086253369272237
2024,70502,rural,26,mujer,8,309,2.588996763754045
2024,70502,rural,27,hombre,25,358,6.983240223463687
2024,70502,rural,27,mujer,11,289,3.8062283737024223
2024,70502,rural,28,hombre,29,353,8.215297450424929
2024,70502,rural,28,mujer,8,290,2.7586206896551726
2024,70502,urbana,16,hombre,3,154,1.948051948051948
2024,70502,urbana,16,mujer,1,176,0.5681818181818182
2024,70502,urbana,17,hombre,7,172,4.069767441860465
2024,70502,urbana,17,mujer,2,170,1.1764705882352942
2024,70502,urbana,18,hombre,6,150,4.0
2024,70502,urbana,18,mujer,2,174,1.1494252873563218
2024,70502,urbana,19,hombre,7,118,5.932203389830509
2024,70502,urbana,19,mujer,1,136,0.7352941176470589
2024,70502,urbana,20,hombre,5,138,3.6231884057971016
2024,70502,urbana,20,mujer,1,150,0.6666666666666666
2024,70502,urbana,21,hombre,8,157,5.095541401273885
2024,70502,urbana,21,mujer,2,124,1.6129032258064515
2024,70502,urbana,22,hombre,8,139,5.755395683453237
2024,70502,urbana,22,mujer,6,148,4.054054054054054
2024,70502,urbana,23,hombre,6,156,3.8461538461538463
2024,70502,urbana,23,mujer,7,176,3.977272727272727
2024,70502,urbana,24,hombre,6,148,4.054054054054054
2024,70502,urbana,24,mujer,6,167,3.592814371257485
2024,70502,urbana,25,hombre,10,151,6.622516556291391
2024,70502,urbana,25,mujer,7,154,4.545454545454546
2024,70502,urbana,26,hombre,12,151,7.947019867549669
2024,70502,urbana,26,mujer,4,156,2.5641025641025643
2024,70502,urbana,27,hombre,15,151,9.933774834437086
2024,70502,urbana,27,mujer,2,172,1.1627906976744187
2024,70502,urbana,28,hombre,12,160,7.5
2024,70502,urbana,28,mujer,2,158,1.2658227848101267
2024,70503,rural,16,hombre,0,51,0.0
2024,70503,rural,16,mujer,1,49,2.0408163265306123
2024,70503,rural,17,hombre,0,83,0.0
2024,70503,rural,17,mujer,2,56,3.5714285714285716
2024,70503,rural,18,hombre,1,153,0.6535947712418301
2024,70503,rural,18,mujer,0,41,0.0
2024,70503,rural,19,hombre,4,114,3.508771929824561
2024,70503,rural,19,mujer,1,36,2.7777777777777777
2024,70503,rural,20,hombre,3,62,4.838709677419355
2024,70503,rural,20,mujer,1,29,3.4482758620689653
2024,70503,rural,21,hombre,3,49,6.122448979591836
2024,70503,rural,21,mujer,0,43,0.0
2024,70503,rural,22,hombre,4,35,11.428571428571429
2024,70503,rural,22,mujer,2,43,4.651162790697675
2024,70503,rural,23,hombre,7,54,12.962962962962964
2024,70503,rural,23,mujer,1,33,3.0303030303030303
2024,70503,rural,24,hombre,9,65,13.846153846153847
2024,70503,rural,24,mujer,5,44,11.363636363636363
2024,70503,rural,25,hombre,1,48,2.0833333333333335
2024,70503,rural,25,mujer,1,40,2.5
2024,70503,rural,26,hombre,9,54,16.666666666666668
2024,70503,rural,26,mujer,2,45,4.444444444444445
2024,70503,rural,27,hombre,4,44,9.090909090909092
2024,70503,rural,27,mujer,4,57,7.017543859649122
2024,70503,rural,28,hombre,8,43,18.6046511627907
2024,70503,rural,28,mujer,2,42,4.761904761904762
2024,70503,urbana,16,hombre,1,113,0.8849557522123894
2024,70503,urbana,16,mujer,2,96,2.0833333333333335
2024,70503,urbana,17,hombre,4,214,1.8691588785046729
2024,70503,urbana,17,mujer,2,106,1.8867924528301887
2024,70503,urbana,18,hombre,0,297,0.0
2024,70503,urbana,18,mujer,2,86,2.3255813953488373
2024,70503,urbana,19,hombre,0,186,0.0
2024,70503,urbana,19,mujer,0,74,0.0
2024,70503,urbana,20,hombre,3,134,2.2388059701492535
2024,70503,urbana,20,mujer,0,77,0.0
2024,70503,urbana,21,hombre,1,81,1.2345679012345678
2024,70503,urbana,21,mujer,1,68,1.4705882352941178
2024,70503,urbana,22,hombre,5,82,6.097560975609756
2024,70503,urbana,22,mujer,3,77,3.896103896103896
2024,70503,urbana,23,hombre,5,84,5.9523809523809526
2024,70503,urbana,23,mujer,0,82,0.0
2024,70503,urbana,24,hombre,3,78,3.8461538461538463
2024,70503,urbana,24,mujer,1,101,0.9900990099009901
2024,70503,urbana,25,hombre,8,84,9.523809523809524
2024,70503,urbana,25,mujer,4,68,5.882352941176471
2024,70503,urbana,26,hombre,7,70,10.0
2024,70503,urbana,26,mujer,4,79,5.063291139240507
2024,70503,urbana,27,hombre,6,81,7.407407407407407
2024,70503,urbana,27,mujer,4,91,4.395604395604396
2024,70503,urbana,28,hombre,10,86,11.627906976744185
2024,70503,urbana,28,mujer,3,106,2.830188679245283
2024,70601,rural,16,hombre,1,39,2.5641025641025643
2024,70601,rural,16,mujer,0,31,0.0
2024,70601,rural,17,hombre,1,33,3.0303030303030303
2024,70601,rural,17,mujer,0,38,0.0
2024,70601,rural,18,hombre,3,43,6.976744186046512
2024,70601,rural,18,mujer,0,35,0.0
2024,70601,rural,19,hombre,2,23,8.695652173913043
2024,70601,rural,19,mujer,2,27,7.407407407407407
2024,70601,rural,20,hombre,1,26,3.8461538461538463
2024,70601,rural,20,mujer,1,21,4.761904761904762
2024,70601,rural,21,hombre,2,34,5.882352941176471
2024,70601,rural,21,mujer,2,23,8.695652173913043
2024,70601,rural,22,hombre,3,31,9.67741935483871
2024,70601,rural,22,mujer,1,24,4.166666666666667
2024,70601,rural,23,hombre,5,34,14.705882352941176
2024,70601,rural,23,mujer,0,39,0.0
2024,70601,rural,24,hombre,3,48,6.25
2024,70601,rural,24,mujer,0,41,0.0
2024,70601,rural,25,hombre,4,44,9.090909090909092
2024,70601,rural,25,mujer,2,40,5.0
2024,70601,rural,26,hombre,2,23,8.695652173913043
2024,70601,rural,26,mujer,1,24,4.166666666666667
2024,70601,rural,27,hombre,1,37,2.7027027027027026
2024,70601,rural,27,mujer,0,27,0.0
2024,70601,rural,28,hombre,3,30,10.0
2024,70601,rural,28,mujer,0,30,0.0
2024,70601,urbana,16,hombre,1,172,0.5813953488372093
2024,70601,urbana,16,mujer,0,143,0.0
2024,70601,urbana,17,hombre,1,139,0.7194244604316546
2024,70601,urbana,17,mujer,1,162,0.6172839506172839
2024,70601,urbana,18,hombre,3,137,2.18978102189781
2024,70601,urbana,18,mujer,2,132,1.5151515151515151
2024,70601,urbana,19,hombre,0,117,0.0
2024,70601,urbana,19,mujer,2,120,1.6666666666666667
2024,70601,urbana,20,hombre,2,121,1.6528925619834711
2024,70601,urbana,20,mujer,2,112,1.7857142857142858
2024,70601,urbana,21,hombre,4,117,3.4188034188034186
2024,70601,urbana,21,mujer,3,123,2.4390243902439024
2024,70601,urbana,22,hombre,5,138,3.6231884057971016
2024,70601,urbana,22,mujer,5,131,3.816793893129771
2024,70601,urbana,23,hombre,4,153,2.6143790849673203
2024,70601,urbana,23,mujer,7,164,4.2682926829268295
2024,70601,urbana,24,hombre,5,162,3.0864197530864197
2024,70601,urbana,24,mujer,6,177,3.389830508474576
2024,70601,urbana,25,hombre,6,115,5.217391304347826
2024,70601,urbana,25,mujer,3,140,2.142857142857143
2024,70601,urbana,26,hombre,11,131,8.396946564885496
2024,70601,urbana,26,mujer,8,143,5.594405594405594
2024,70601,urbana,27,hombre,4,140,2.857142857142857
2024,70601,urbana,27,mujer,1,132,0.7575757575757576
2024,70601,urbana,28,hombre,5,143,3.4965034965034967
2024,70601,urbana,28,mujer,4,139,2.8776978417266186
2024,70602,rural,16,hombre,4,125,3.2
2024,70602,rural,16,mujer,8,119,6.722689075630252
2024,70602,rural,17,hombre,13,126,10.317460317460318
2024,70602,rural,17,mujer,4,96,4.166666666666667
2024,70602,rural,18,hombre,13,112,11.607142857142858
2024,70602,rural,18,mujer,12,110,10.909090909090908
2024,70602,rural,19,hombre,12,96,12.5
2024,70602,rural,19,mujer,8,92,8.695652173913043
2024,70602,rural,20,hombre,14,108,12.962962962962964
2024,70602,rural,20,mujer,6,89,6.741573033707865
2024,70602,rural,21,hombre,13,98,13.26530612244898
2024,70602,rural,21,mujer,7,96,7.291666666666667
2024,70602,rural,22,hombre,25,109,22.93577981651376
2024,70602,rural,22,mujer,7,93,7.526881720430108
2024,70602,rural,23,hombre,25,131,19.083969465648856
2024,70602,rural,23,mujer,3,98,3.061224489795918
2024,70602,rural,24,hombre,19,124,15.32258064516129
2024,70602,rural,24,mujer,9,111,8.108108108108109
2024,70602,rural,25,hombre,37,150,24.666666666666668
2024,70602,rural,25,mujer,11,92,11.956521739130435
2024,70602,rural,26,hombre,20,123,16.260162601626018
2024,70602,rural,26,mujer,10,115,8.695652173913043
2024,70602,rural,27,hombre,19,122,15.573770491803279
2024,70602,rural,27,mujer,8,94,8.51063829787234
2024,70602,rural,28,hombre,26,114,22.80701754385965
2024,70602,rural,28,mujer,4,95,4.2105263157894735
2024,70602,urbana,16,hombre,2,64,3.125
2024,70602,urbana,16,mujer,0,64,0.0
2024,70602,urbana,17,hombre,2,52,3.8461538461538463
2024,70602,urbana,17,mujer,2,48,4.166666666666667
2024,70602,urbana,18,hombre,1,43,2.3255813953488373
2024,70602,urbana,18,mujer,1,43,2.3255813953488373
2024,70602,urbana,19,hombre,0,36,0.0
2024,70602,urbana,19,mujer,1,41,2.4390243902439024
2024,70602,urbana,20,hombre,0,33,0.0
2024,70602,urbana,20,mujer,2,32,6.25
2024,70602,urbana,21,hombre,3,38,7.894736842105263
2024,70602,urbana,21,mujer,1,36,2.7777777777777777
2024,70602,urbana,22,hombre,1,27,3.7037037037037037
2024,70602,urbana,22,mujer,0,37,0.0
2024,70602,urbana,23,hombre,0,41,0.0
2024,70602,urbana,23,mujer,0,41,0.0
2024,70602,urbana,24,hombre,2,37,5.405405405405405
2024,70602,urbana,24,mujer,3,44,6.818181818181818
2024,70602,urbana,25,hombre,3,41,7.317073170731708
2024,70602,urbana,25,mujer,0,41,0.0
2024,70602,urbana,26,hombre,2,34,5.882352941176471
2024,70602,urbana,26,mujer,1,26,3.8461538461538463
2024,70602,urbana,27,hombre,2,27,7.407407407407407
2024,70602,urbana,27,mujer,0,38,0.0
2024,70602,urbana,28,hombre,4,42,9.523809523809524
2024,70602,urbana,28,mujer,1,35,2.857142857142857
2024,70603,rural,16,hombre,0,9,0.0
2024,70603,rural,16,mujer,0,6,0.0
2024,70603,rural,17,hombre,1,9,11.11111111111111
2024,70603,rural,17,mujer,0,8,0.0
2024,70603,rural,18,hombre,0,7,0.0
2024,70603,rural,18,mujer,0,7,0.0
2024,70603,rural,19,hombre,1,8,12.5
2024,70603,rural,19,mujer,0,4,0.0
2024,70603,rural,20,hombre,1,10,10.0
2024,70603,rural,20,mujer,0,11,0.0
2024,70603,rural,21,hombre,1,5,20.0
2024,70603,rural,21,mujer,0,3,0.0
2024,70603,rural,22,hombre,0,5,0.0
2024,70603,rural,22,mujer,0,5,0.0
2024,70603,rural,23,hombre,0,4,0.0
2024,70603,rural,23,mujer,0,11,0.0
2024,70603,rural,24,hombre,0,7,0.0
2024,70603,rural,24,mujer,0,12,0.0
2024,70603,rural,25,hombre,3,13,23.076923076923077
2024,70603,rural,25,mujer,0,4,0.0
2024,70603,rural,26,hombre,0,12,0.0
2024,70603,rural,26,mujer,0,7,0.0
2024,70603,rural,27,hombre,1,4,25.0
2024,70603,rural,27,mujer,0,11,0.0
2024,70603,rural,28,hombre,2,11,18.181818181818183
2024,70603,rural,28,mujer,0,4,0.0
2024,70603,urbana,16,hombre,0,54,0.0
2024,70603,urbana,16,mujer,0,38,0.0
2024,70603,urbana,17,hombre,0,49,0.0
2024,70603,urbana,17,mujer,0,47,0.0
2024,70603,urbana,18,hombre,0,38,0.0
2024,70603,urbana,18,mujer,0,58,0.0
2024,70603,urbana,19,hombre,0,56,0.0
2024,70603,urbana,19,mujer,1,39,2.5641025641025643
2024,70603,urbana,20,hombre,0,50,0.0
2024,70603,urbana,20,mujer,0,42,0.0
2024,70603,urbana,21,hombre,0,31,0.0
2024,70603,urbana,21,mujer,0,44,0.0
2024,70603,urbana,22,hombre,3,41,7.317073170731708
2024,70603,urbana,22,mujer,2,40,5.0
2024,70603,urbana,23,hombre,4,50,8.0
2024,70603,urbana,23,mujer,1,35,2.857142857142857
2024,70603,urbana,24,hombre,3,47,6.382978723404255
2024,70603,urbana,24,mujer,0,29,0.0
2024,70603,urbana,25,hombre,3,32,9.375
2024,70603,urbana,25,mujer,2,44,4.545454545454546
2024,70603,urbana,26,hombre,2,47,4.25531914893617
2024,70603,urbana,26,mujer,1,51,1.9607843137254901
2024,70603,urbana,27,hombre,2,27,7.407407407407407
2024,70603,urbana,27,mujer,0,50,0.0
2024,70603,urbana,28,hombre,0,54,0.0
2024,70603,urbana,28,mujer,3,49,6.122448979591836
2024,70701,rural,16,hombre,1,70,1.4285714285714286
2024,70701,rural,16,mujer,0,45,0.0
2024,70701,rural,17,hombre,0,57,0.0
2024,70701,rural,17,mujer,0,50,0.0
2024,70701,rural,18,hombre,0,45,0.0
2024,70701,rural,18,mujer,1,61,1.639344262295082
2024,70701,rural,19,hombre,0,49,0.0
2024,70701,rural,19,mujer,1,44,2.272727272727273
2024,70701,rural,20,hombre,0,31,0.0
2024,70701,rural,20,mujer,0,39,0.0
2024,70701,rural,21,hombre,2,47,4.25531914893617
2024,70701,rural,21,mujer,1,48,2.0833333333333335
2024,70701,rural,22,hombre,1,39,2.5641025641025643
2024,70701,rural,22,mujer,2,47,4.25531914893617
2024,70701,rural,23,hombre,1,38,2.6315789473684212
2024,70701,rural,23,mujer,0,42,0.0
2024,70701,rural,24,hombre,1,55,1.8181818181818181
2024,70701,rural,24,mujer,0,39,0.0
2024,70701,rural,25,hombre,3,47,6.382978723404255
2024,70701,rural,25,mujer,2,49,4.081632653061225
2024,70701,rural,26,hombre,1,46,2.1739130434782608
2024,70701,rural,26,mujer,1,55,1.8181818181818181
2024,70701,rural,27,hombre,5,44,11.363636363636363
2024,70701,rural,27,mujer,0,47,0.0
2024,70701,rural,28,hombre,3,52,5.769230769230769
2024,70701,rural,28,mujer,3,41,7.317073170731708
2024,70702,rural,16,hombre,2,327,0.6116207951070336
2024,70702,rural,16,mujer,2,326,0.6134969325153374
2024,70702,rural,17,hombre,3,356,0.8426966292134831
2024,70702,rural,17,mujer,2,358,0.5586592178770949
2024,70702,rural,18,hombre,9,337,2.6706231454005933
2024,70702,rural,18,mujer,4,301,1.3289036544850499
2024,70702,rural,19,hombre,7,310,2.2580645161290325
2024,70702,rural,19,mujer,3,283,1.0600706713780919
2024,70702,rural,20,hombre,10,296,3.3783783783783785
2024,70702,rural,20,mujer,2,301,0.6644518272425249
2024,70702,rural,21,hombre,12,292,4.109589041095891
2024,70702,rural,21,mujer,3,314,0.9554140127388535
2024,70702,rural,22,hombre,23,342,6.7251461988304095
2024,70702,rural,22,mujer,8,287,2.7874564459930316
2024,70702,rural,23,hombre,12,311,3.8585209003215435
2024,70702,rural,23,mujer,5,292,1.7123287671232876
2024,70702,rural,24,hombre,25,325,7.6923076923076925
2024,70702,rural,24,mujer,8,296,2.7027027027027026
2024,70702,rural,25,hombre,14,269,5.204460966542751
2024,70702,rural,25,mujer,2,238,0.8403361344537815
2024,70702,rural,26,hombre,25,299,8.361204013377927
2024,70702,rural,26,mujer,1,237,0.4219409282700422
2024,70702,rural,27,hombre,27,274,9.854014598540147
2024,70702,rural,27,mujer,3,242,1.2396694214876034
2024,70702,rural,28,hombre,23,254,9.05511811023622
2024,70702,rural,28,mujer,8,251,3.187250996015936
2024,70702,urbana,16,hombre,0,53,0.0
2024,70702,urbana,16,mujer,0,53,0.0
2024,70702,urbana,17,hombre,0,83,0.0
2024,70702,urbana,17,mujer,0,60,0.0
2024,70702,urbana,18,hombre,0,153,0.0
2024,70702,urbana,18,mujer,3,56,5.357142857142857
2024,70702,urbana,19,hombre,0,94,0.0
2024,70702,urbana,19,mujer,0,38,0.0
2024,70702,urbana,20,hombre,0,55,0.0
2024,70702,urbana,20,mujer,0,47,0.0
2024,70702,urbana,21,hombre,2,44,4.545454545454546
2024,70702,urbana,21,mujer,5,41,12.195121951219512
2024,70702,urbana,22,hombre,5,42,11.904761904761905
2024,70702,urbana,22,mujer,3,54,5.555555555555555
2024,70702,urbana,23,hombre,3,48,6.25
2024,70702,urbana,23,mujer,3,49,6.122448979591836
2024,70702,urbana,24,hombre,2,40,5.0
2024,70702,urbana,24,mujer,3,47,6.382978723404255
2024,70702,urbana,25,hombre,5,62,8.064516129032258
2024,70702,urbana,25,mujer,3,54,5.555555555555555
2024,70702,urbana,26,hombre,7,36,19.444444444444443
2024,70702,urbana,26,mujer,0,34,0.0
2024,70702,urbana,27,hombre,7,45,15.555555555555555
2024,70702,urbana,27,mujer,2,49,4.081632653061225
2024,70702,urbana,28,hombre,1,35,2.857142857142857
2024,70702,urbana,28,mujer,1,41,2.4390243902439024
2024,70703,rural,16,hombre,2,228,0.8771929824561403
2024,70703,rural,16,mujer,0,242,0.0
2024,70703,rural,17,hombre,3,240,1.25
2024,70703,rural,17,mujer,3,233,1.2875536480686696
2024,70703,rural,18,hombre,9,246,3.658536585365854
2024,70703,rural,18,mujer,2,189,1.0582010582010581
2024,70703,rural,19,hombre,7,210,3.3333333333333335
2024,70703,rural,19,mujer,2,187,1.0695187165775402
2024,70703,rural,20,hombre,3,202,1.4851485148514851
2024,70703,rural,20,mujer,3,197,1.5228426395939085
2024,70703,rural,21,hombre,7,230,3.0434782608695654
2024,70703,rural,21,mujer,1,211,0.47393364928909953
2024,70703,rural,22,hombre,12,233,5.150214592274678
2024,70703,rural,22,mujer,5,177,2.824858757062147
2024,70703,rural,23,hombre,10,253,3.952569169960474
2024,70703,rural,23,mujer,4,205,1.951219512195122
2024,70703,rural,24,hombre,10,213,4.694835680751174
2024,70703,rural,24,mujer,3,219,1.36986301369863
2024,70703,rural,25,hombre,14,210,6.666666666666667
2024,70703,rural,25,mujer,5,192,2.6041666666666665
2024,70703,rural,26,hombre,18,241,7.468879668049793
2024,70703,rural,26,mujer,4,213,1.8779342723004695
2024,70703,rural,27,hombre,16,220,7.2727272727272725
2024,70703,rural,27,mujer,3,168,1.7857142857142858
2024,70703,rural,28,hombre,18,202,8.910891089108912
2024,70703,rural,28,mujer,12,187,6.4171122994652405
2024,70703,urbana,16,hombre,1,103,0.970873786407767
2024,70703,urbana,16,mujer,2,97,2.0618556701030926
2024,70703,urbana,17,hombre,4,124,3.225806451612903
2024,70703,urbana,17,mujer,2,82,2.4390243902439024
2024,70703,urbana,18,hombre,4,145,2.7586206896551726
2024,70703,urbana,18,mujer,0,87,0.0
2024,70703,urbana,19,hombre,2,104,1.9230769230769231
2024,70703,urbana,19,mujer,0,69,0.0
2024,70703,urbana,20,hombre,3,79,3.7974683544303796
2024,70703,urbana,20,mujer,2,76,2.6315789473684212
2024,70703,urbana,21,hombre,4,77,5.194805194805195
2024,70703,urbana,21,mujer,0,75,0.0
2024,70703,urbana,22,hombre,2,88,2.272727272727273
2024,70703,urbana,22,mujer,2,84,2.380952380952381
2024,70703,urbana,23,hombre,3,89,3.3707865168539324
2024,70703,urbana,23,mujer,2,82,2.4390243902439024
2024,70703,urbana,24,hombre,3,89,3.3707865168539324
2024,70703,urbana,24,mujer,3,89,3.3707865168539324
2024,70703,urbana,25,hombre,11,92,11.956521739130435
2024,70703,urbana,25,mujer,1,81,1.2345679012345678
2024,70703,urbana,26,hombre,7,77,9.090909090909092
2024,70703,urbana,26,mujer,2,80,2.5
2024,70703,urbana,27,hombre,6,86,6.976744186046512
2024,70703,urbana,27,mujer,2,72,2.7777777777777777
2024,70703,urbana,28,hombre,6,69,8.695652173913043
2024,70703,urbana,28,mujer,4,97,4.123711340206185
2024,70704,rural,16,hombre,0,18,0.0
2024,70704,rural,16,mujer,0,21,0.0
2024,70704,rural,17,hombre,0,11,0.0
2024,70704,rural,17,mujer,0,25,0.0
2024,70704,rural,18,hombre,1,22,4.545454545454546
2024,70704,rural,18,mujer,1,18,5.555555555555555
2024,70704,rural,19,hombre,0,17,0.0
2024,70704,rural,19,mujer,1,21,4.761904761904762
2024,70704,rural,20,hombre,3,18,16.666666666666668
2024,70704,rural,20,mujer,0,24,0.0
2024,70704,rural,21,hombre,2,22,9.090909090909092
2024,70704,rural,21,mujer,1,18,5.555555555555555
2024,70704,rural,22,hombre,2,22,9.090909090909092
2024,70704,rural,22,mujer,2,19,10.526315789473685
2024,70704,rural,23,hombre,4,29,13.793103448275861
2024,70704,rural,23,mujer,0,18,0.0
2024,70704,rural,24,hombre,2,22,9.090909090909092
2024,70704,rural,24,mujer,0,27,0.0
2024,70704,rural,25,hombre,4,21,19.047619047619047
2024,70704,rural,25,mujer,0,20,0.0
2024,70704,rural,26,hombre,5,32,15.625
2024,70704,rural,26,mujer,1,29,3.4482758620689653
2024,70704,rural,27,hombre,2,34,5.882352941176471
2024,70704,rural,27,mujer,0,16,0.0
2024,70704,rural,28,hombre,2,19,10.526315789473685
2024,70704,rural,28,mujer,0,16,0.0
2024,70704,urbana,16,hombre,0,26,0.0
2024,70704,urbana,16,mujer,0,18,0.0
2024,70704,urbana,17,hombre,0,49,0.0
2024,70704,urbana,17,mujer,0,26,0.0
2024,70704,urbana,18,hombre,0,113,0.0
2024,70704,urbana,18,mujer,0,29,0.0
2024,70704,urbana,19,hombre,0,84,0.0
2024,70704,urbana,19,mujer,0,26,0.0
2024,70704,urbana,20,hombre,0,42,0.0
2024,70704,urbana,20,mujer,0,27,0.0
2024,70704,urbana,21,hombre,0,32,0.0
2024,70704,urbana,21,mujer,0,22,0.0
2024,70704,urbana,22,hombre,0,23,0.0
2024,70704,urbana,22,mujer,0,23,0.0
2024,70704,urbana,23,hombre,1,32,3.125
2024,70704,urbana,23,mujer,0,18,0.0
2024,70704,urbana,24,hombre,0,34,0.0
2024,70704,urbana,24,mujer,0,31,0.0
2024,70704,urbana,25,hombre,0,22,0.0
2024,70704,urbana,25,mujer,0,27,0.0
2024,70704,urbana,26,hombre,0,31,0.0
2024,70704,urbana,26,mujer,0,15,0.0
2024,70704,urbana,27,hombre,1,29,3.4482758620689653
2024,70704,urbana,27,mujer,0,23,0.0
2024,70704,urbana,28,hombre,0,39,0.0
2024,70704,urbana,28,mujer,0,25,0.0
2024,70705,rural,16,hombre,0,182,0.0
2024,70705,rural,16,mujer,2,143,1.3986013986013985
2024,70705,rural,17,hombre,2,153,1.3071895424836601
2024,70705,rural,17,mujer,1,165,0.6060606060606061
2024,70705,rural,18,hombre,0,108,0.0
2024,70705,rural,18,mujer,3,143,2.097902097902098
2024,70705,rural,19,hombre,5,109,4.587155963302752
2024,70705,rural,19,mujer,3,122,2.459016393442623
2024,70705,rural,20,hombre,4,148,2.7027027027027026
2024,70705,rural,20,mujer,4,152,2.6315789473684212
2024,70705,rural,21,hombre,2,118,1.694915254237288
2024,70705,rural,21,mujer,3,128,2.34375
2024,70705,rural,22,hombre,4,135,2.962962962962963
2024,70705,rural,22,mujer,4,149,2.684563758389262
2024,70705,rural,23,hombre,10,156,6.410256410256411
2024,70705,rural,23,mujer,4,136,2.9411764705882355
2024,70705,rural,24,hombre,9,143,6.293706293706293
2024,70705,rural,24,mujer,3,159,1.8867924528301887
2024,70705,rural,25,hombre,7,139,5.0359712230215825
2024,70705,rural,25,mujer,4,121,3.3057851239669422
2024,70705,rural,26,hombre,4,121,3.3057851239669422
2024,70705,rural,26,mujer,3,123,2.4390243902439024
2024,70705,rural,27,hombre,4,133,3.007518796992481
2024,70705,rural,27,mujer,3,93,3.225806451612903
2024,70705,rural,28,hombre,8,127,6.299212598425197
2024,70705,rural,28,mujer,2,118,1.694915254237288
2024,70706,rural,16,hombre,0,41,0.0
2024,70706,rural,16,mujer,0,62,0.0
2024,70706,rural,17,hombre,1,103,0.970873786407767
2024,70706,rural,17,mujer,0,58,0.0
2024,70706,rural,18,hombre,0,147,0.0
2024,70706,rural,18,mujer,0,54,0.0
2024,70706,rural,19,hombre,0,101,0.0
2024,70706,rural,19,mujer,1,47,2.127659574468085
2024,70706,rural,20,hombre,2,101,1.9801980198019802
2024,70706,rural,20,mujer,0,50,0.0
2024,70706,rural,21,hombre,0,63,0.0
2024,70706,rural,21,mujer,1,78,1.2820512820512822
2024,70706,rural,22,hombre,3,51,5.882352941176471
2024,70706,rural,22,mujer,1,51,1.9607843137254901
2024,70706,rural,23,hombre,2,62,3.225806451612903
2024,70706,rural,23,mujer,2,63,3.1746031746031744
2024,70706,rural,24,hombre,2,58,3.4482758620689653
2024,70706,rural,24,mujer,2,77,2.5974025974025974
2024,70706,rural,25,hombre,2,58,3.4482758620689653
2024,70706,rural,25,mujer,1,59,1.694915254237288
2024,70706,rural,26,hombre,1,41,2.4390243902439024
2024,70706,rural,26,mujer,1,50,2.0
2024,70706,rural,27,hombre,2,45,4.444444444444445
2024,70706,rural,27,mujer,0,39,0.0
2024,70706,rural,28,hombre,3,52,5.769230769230769
2024,70706,rural,28,mujer,0,48,0.0
2024,70706,urbana,16,hombre,0,221,0.0
2024,70706,urbana,16,mujer,3,238,1.2605042016806722
2024,70706,urbana,17,hombre,3,223,1.345291479820628
2024,70706,urbana,17,mujer,3,217,1.3824884792626728
2024,70706,urbana,18,hombre,12,218,5.504587155963303
2024,70706,urbana,18,mujer,10,234,4.273504273504273
2024,70706,urbana,19,hombre,13,255,5.098039215686274
2024,70706,urbana,19,mujer,23,221,10.407239819004525
2024,70706,urbana,20,hombre,21,212,9.90566037735849
2024,70706,urbana,20,mujer,27,242,11.15702479338843
2024,70706,urbana,21,hombre,30,238,12.605042016806722
2024,70706,urbana,21,mujer,14,239,5.857740585774058
2024,70706,urbana,22,hombre,30,209,14.354066985645932
2024,70706,urbana,22,mujer,19,234,8.11965811965812
2024,70706,urbana,23,hombre,23,246,9.34959349593496
2024,70706,urbana,23,mujer,18,232,7.758620689655173
2024,70706,urbana,24,hombre,16,226,7.079646017699115
2024,70706,urbana,24,mujer,17,257,6.614785992217898
2024,70706,urbana,25,hombre,15,201,7.462686567164179
2024,70706,urbana,25,mujer,22,226,9.734513274336283
2024,70706,urbana,26,hombre,12,206,5.825242718446602
2024,70706,urbana,26,mujer,10,232,4.310344827586207
2024,70706,urbana,27,hombre,13,178,7.303370786516854
2024,70706,urbana,27,mujer,4,226,1.7699115044247788
2024,70706,urbana,28,hombre,24,229,10.480349344978166
2024,70706,urbana,28,mujer,15,232,6.4655172413793105
2024,70707,rural,16,hombre,0,11,0.0
2024,70707,rural,16,mujer,0,10,0.0
2024,70707,rural,17,hombre,0,12,0.0
2024,70707,rural,17,mujer,0,11,0.0
2024,70707,rural,18,hombre,2,20,10.0
2024,70707,rural,18,mujer,1,10,10.0
2024,70707,rural,19,hombre,1,14,7.142857142857143
2024,70707,rural,19,mujer,1,8,12.5
2024,70707,rural,20,hombre,0,10,0.0
2024,70707,rural,20,mujer,0,17,0.0
2024,70707,rural,21,hombre,0,11,0.0
2024,70707,rural,21,mujer,0,10,0.0
2024,70707,rural,22,hombre,0,13,0.0
2024,70707,rural,22,mujer,0,19,0.0
2024,70707,rural,23,hombre,0,15,0.0
2024,70707,rural,23,mujer,0,16,0.0
2024,70707,rural,24,hombre,1,25,4.0
2024,70707,rural,24,mujer,0,14,0.0
2024,70707,rural,25,hombre,0,22,0.0
2024,70707,rural,25,mujer,0,18,0.0
2024,70707,rural,26,hombre,3,25,12.0
2024,70707,rural,26,mujer,0,14,0.0
2024,70707,rural,27,hombre,0,23,0.0
2024,70707,rural,27,mujer,0,19,0.0
2024,70707,rural,28,hombre,2,21,9.523809523809524
2024,70707,rural,28,mujer,0,13,0.0
2024,70707,urbana,16,hombre,0,32,0.0
2024,70707,urbana,16,mujer,0,33,0.0
2024,70707,urbana,17,hombre,0,49,0.0
2024,70707,urbana,17,mujer,1,37,2.7027027027027026
2024,70707,urbana,18,hombre,1,148,0.6756756756756757
2024,70707,urbana,18,mujer,0,30,0.0
2024,70707,urbana,19,hombre,1,108,0.9259259259259259
2024,70707,urbana,19,mujer,0,28,0.0
2024,70707,urbana,20,hombre,0,57,0.0
2024,70707,urbana,20,mujer,1,37,2.7027027027027026
2024,70707,urbana,21,hombre,0,41,0.0
2024,70707,urbana,21,mujer,0,27,0.0
2024,70707,urbana,22,hombre,2,45,4.444444444444445
2024,70707,urbana,22,mujer,0,19,0.0
2024,70707,urbana,23,hombre,0,29,0.0
2024,70707,urbana,23,mujer,0,30,0.0
2024,70707,urbana,24,hombre,1,24,4.166666666666667
2024,70707,urbana,24,mujer,0,30,0.0
2024,70707,urbana,25,hombre,0,32,0.0
2024,70707,urbana,25,mujer,1,29,3.4482758620689653
2024,70707,urbana,26,hombre,0,33,0.0
2024,70707,urbana,26,mujer,2,33,6.0606060606060606
2024,70707,urbana,27,hombre,2,28,7.142857142857143
2024,70707,urbana,27,mujer,1,36,2.7777777777777777
2024,70707,urbana,28,hombre,1,28,3.5714285714285716
2024,70707,urbana,28,mujer,1,25,4.0
2024,70801,rural,16,hombre,3,39,7.6923076923076925
2024,70801,rural,16,mujer,0,29,0.0
2024,70801,rural,17,hombre,0,31,0.0
2024,70801,rural,17,mujer,0,29,0.0
2024,70801,rural,18,hombre,2,32,6.25
2024,70801,rural,18,mujer,2,22,9.090909090909092
2024,70801,rural,19,hombre,3,31,9.67741935483871
2024,70801,rural,19,mujer,2,21,9.523809523809524
2024,70801,rural,20,hombre,3,29,10.344827586206897
2024,70801,rural,20,mujer,0,23,0.0
2024,70801,rural,21,hombre,6,40,15.0
2024,70801,rural,21,mujer,1,26,3.8461538461538463
2024,70801,rural,22,hombre,2,40,5.0
2024,70801,rural,22,mujer,1,25,4.0
2024,70801,rural,23,hombre,8,43,18.6046511627907
2024,70801,rural,23,mujer,2,28,7.142857142857143
2024,70801,rural,24,hombre,6,41,14.634146341463415
2024,70801,rural,24,mujer,0,34,0.0
2024,70801,rural,25,hombre,2,40,5.0
2024,70801,rural,25,mujer,0,25,0.0
2024,70801,rural,26,hombre,7,49,14.285714285714286
2024,70801,rural,26,mujer,1,27,3.7037037037037037
2024,70801,rural,27,hombre,0,37,0.0
2024,70801,rural,27,mujer,0,58,0.0
2024,70801,rural,28,hombre,8,46,17.391304347826086
2024,70801,rural,28,mujer,0,29,0.0
2024,70801,urbana,16,hombre,4,108,3.7037037037037037
2024,70801,urbana,16,mujer,2,98,2.0408163265306123
2024,70801,urbana,17,hombre,4,93,4.301075268817204
2024,70801,urbana,17,mujer,3,77,3.896103896103896
2024,70801,urbana,18,hombre,14,98,14.285714285714286
2024,70801,urbana,18,mujer,15,88,17.045454545454547
2024,70801,urbana,19,hombre,13,79,16.455696202531644
2024,70801,urbana,19,mujer,11,71,15.492957746478874
2024,70801,urbana,20,hombre,11,85,12.941176470588236
2024,70801,urbana,20,mujer,10,94,10.638297872340425
2024,70801,urbana,21,hombre,14,81,17.28395061728395
2024,70801,urbana,21,mujer,18,108,16.666666666666668
2024,70801,urbana,22,hombre,14,75,18.666666666666668
2024,70801,urbana,22,mujer,10,91,10.989010989010989
2024,70801,urbana,23,hombre,14,99,14.141414141414142
2024,70801,urbana,23,mujer,9,90,10.0
2024,70801,urbana,24,hombre,18,90,20.0
2024,70801,urbana,24,mujer,2,96,2.0833333333333335
2024,70801,urbana,25,hombre,14,96,14.583333333333334
2024,70801,urbana,25,mujer,6,97,6.185567010309279
2024,70801,urbana,26,hombre,8,75,10.666666666666666
2024,70801,urbana,26,mujer,7,93,7.526881720430108
2024,70801,urbana,27,hombre,7,92,7.608695652173913
2024,70801,urbana,27,mujer,8,102,7.8431372549019605
2024,70801,urbana,28,hombre,11,71,15.492957746478874
2024,70801,urbana,28,mujer,1,67,1.492537313432836
2024,70802,rural,16,hombre,0,14,0.0
2024,70802,rural,16,mujer,0,21,0.0
2024,70802,rural,17,hombre,0,12,0.0
2024,70802,rural,17,mujer,0,12,0.0
2024,70802,rural,18,hombre,0,12,0.0
2024,70802,rural,18,mujer,0,15,0.0
2024,70802,rural,19,hombre,2,21,9.523809523809524
2024,70802,rural,19,mujer,0,11,0.0
2024,70802,rural,20,hombre,3,11,27.272727272727273
2024,70802,rural,20,mujer,0,13,0.0
2024,70802,rural,21,hombre,0,11,0.0
2024,70802,rural,21,mujer,0,11,0.0
2024,70802,rural,22,hombre,2,15,13.333333333333334
2024,70802,rural,22,mujer,0,18,0.0
2024,70802,rural,23,hombre,3,20,15.0
2024,70802,rural,23,mujer,1,16,6.25
2024,70802,rural,24,hombre,3,14,21.428571428571427
2024,70802,rural,24,mujer,1,17,5.882352941176471
2024,70802,rural,25,hombre,1,14,7.142857142857143
2024,70802,rural,25,mujer,1,18,5.555555555555555
2024,70802,rural,26,hombre,2,20,10.0
2024,70802,rural,26,mujer,0,21,0.0
2024,70802,rural,27,hombre,2,25,8.0
2024,70802,rural,27,mujer,1,15,6.666666666666667
2024,70802,rural,28,hombre,3,12,25.0
2024,70802,rural,28,mujer,1,18,5.555555555555555
2024,70803,rural,16,hombre,2,19,10.526315789473685
2024,70803,rural,16,mujer,0,17,0.0
2024,70803,rural,17,hombre,4,28,14.285714285714286
2024,70803,rural,17,mujer,0,23,0.0
2024,70803,rural,18,hombre,1,20,5.0
2024,70803,rural,18,mujer,1,22,4.545454545454546
2024,70803,rural,19,hombre,2,14,14.285714285714286
2024,70803,rural,19,mujer,0,11,0.0
2024,70803,rural,20,hombre,2,18,11.11111111111111
2024,70803,rural,20,mujer,1,17,5.882352941176471
2024,70803,rural,21,hombre,0,17,0.0
2024,70803,rural,21,mujer,0,15,0.0
2024,70803,rural,22,hombre,3,22,13.636363636363637
2024,70803,rural,22,mujer,0,18,0.0
2024,70803,rural,23,hombre,2,22,9.090909090909092
2024,70803,rural,23,mujer,0,33,0.0
2024,70803,rural,24,hombre,2,21,9.523809523809524
2024,70803,rural,24,mujer,2,16,12.5
2024,70803,rural,25,hombre,2,23,8.695652173913043
2024,70803,rural,25,mujer,0,21,0.0
2024,70803,rural,26,hombre,1,23,4.3478260869565215
2024,70803,rural,26,mujer,2,21,9.523809523809524
2024,70803,rural,27,hombre,0,27,0.0
2024,70803,rural,27,mujer,4,28,14.285714285714286
2024,70803,rural,28,hombre,0,16,0.0
2024,70803,rural,28,mujer,5,14,35.714285714285715
2024,70804,rural,16,hombre,0,14,0.0
2024,70804,rural,16,mujer,0,9,0.0
2024,70804,rural,17,hombre,1,16,6.25
2024,70804,rural,17,mujer,0,11,0.0
2024,70804,rural,18,hombre,0,17,0.0
2024,70804,rural,18,mujer,0,8,0.0
2024,70804,rural,19,hombre,0,7,0.0
2024,70804,rural,19,mujer,0,10,0.0
2024,70804,rural,20,hombre,0,18,0.0
2024,70804,rural,20,mujer,0,7,0.0
2024,70804,rural,21,hombre,1,10,10.0
2024,70804,rural,21,mujer,0,8,0.0
2024,70804,rural,22,hombre,0,16,0.0
2024,70804,rural,22,mujer,0,9,0.0
2024,70804,rural,23,hombre,2,12,16.666666666666668
2024,70804,rural,23,mujer,0,20,0.0
2024,70804,rural,24,hombre,1,13,7.6923076923076925
2024,70804,rural,24,mujer,0,17,0.0
2024,70804,rural,25,hombre,2,20,10.0
2024,70804,rural,25,mujer,0,8,0.0
2024,70804,rural,26,hombre,1,11,9.090909090909092
2024,70804,rural,26,mujer,1,11,9.090909090909092
2024,70804,rural,27,hombre,1,12,8.333333333333334
2024,70804,rural,27,mujer,0,7,0.0
2024,70804,rural,28,hombre,2,16,12.5
2024,70804,rural,28,mujer,1,5,20.0
2024,70805,rural,16,hombre,0,12,0.0
2024,70805,rural,16,mujer,1,6,16.666666666666668
2024,70805,rural,17,hombre,0,16,0.0
2024,70805,rural,17,mujer,0,12,0.0
2024,70805,rural,18,hombre,0,12,0.0
2024,70805,rural,18,mujer,0,2,0.0
2024,70805,rural,19,hombre,0,13,0.0
2024,70805,rural,19,mujer,0,7,0.0
2024,70805,rural,20,hombre,1,13,7.6923076923076925
2024,70805,rural,20,mujer,0,8,0.0
2024,70805,rural,21,hombre,1,10,10.0
2024,70805,rural,21,mujer,1,9,11.11111111111111
2024,70805,rural,22,hombre,0,17,0.0
2024,70805,rural,22,mujer,1,7,14.285714285714286
2024,70805,rural,23,hombre,2,18,11.11111111111111
2024,70805,rural,23,mujer,1,10,10.0
2024,70805,rural,24,hombre,0,21,0.0
2024,70805,rural,24,mujer,1,14,7.142857142857143
2024,70805,rural,25,hombre,0,19,0.0
2024,70805,rural,25,mujer,0,9,0.0
2024,70805,rural,26,hombre,1,11,9.090909090909092
2024,70805,rural,26,mujer,0,14,0.0
2024,70805,rural,27,hombre,1,14,7.142857142857143
2024,70805,rural,27,mujer,1,11,9.090909090909092
2024,70805,rural,28,hombre,3,15,20.0
2024,70805,rural,28,mujer,0,17,0.0
2024,70901,rural,16,hombre,0,57,0.0
2024,70901,rural,16,mujer,1,40,2.5
2024,70901,rural,17,hombre,0,69,0.0
2024,70901,rural,17,mujer,0,55,0.0
2024,70901,rural,18,hombre,0,45,0.0
2024,70901,rural,18,mujer,1,28,3.5714285714285716
2024,70901,rural,19,hombre,4,46,8.695652173913043
2024,70901,rural,19,mujer,0,37,0.0
2024,70901,rural,20,hombre,4,43,9.30232558139535
2024,70901,rural,20,mujer,2,40,5.0
2024,70901,rural,21,hombre,4,47,8.51063829787234
2024,70901,rural,21,mujer,1,34,2.9411764705882355
2024,70901,rural,22,hombre,3,50,6.0
2024,70901,rural,22,mujer,1,39,2.5641025641025643
2024,70901,rural,23,hombre,3,47,6.382978723404255
2024,70901,rural,23,mujer,0,46,0.0
2024,70901,rural,24,hombre,7,45,15.555555555555555
2024,70901,rural,24,mujer,1,38,2.6315789473684212
2024,70901,rural,25,hombre,3,43,6.976744186046512
2024,70901,rural,25,mujer,0,42,0.0
2024,70901,rural,26,hombre,4,59,6.779661016949152
2024,70901,rural,26,mujer,3,44,6.818181818181818
2024,70901,rural,27,hombre,3,50,6.0
2024,70901,rural,27,mujer,1,43,2.3255813953488373
2024,70901,rural,28,hombre,7,43,16.27906976744186
2024,70901,rural,28,mujer,3,38,7.894736842105263
2024,70901,urbana,16,hombre,0,52,0.0
2024,70901,urbana,16,mujer,1,48,2.0833333333333335
2024,70901,urbana,17,hombre,3,53,5.660377358490566
2024,70901,urbana,17,mujer,0,44,0.0
2024,70901,urbana,18,hombre,4,42,9.523809523809524
2024,70901,urbana,18,mujer,1,43,2.3255813953488373
2024,70901,urbana,19,hombre,12,40,30.0
2024,70901,urbana,19,mujer,4,36,11.11111111111111
2024,70901,urbana,20,hombre,6,45,13.333333333333334
2024,70901,urbana,20,mujer,1,33,3.0303030303030303
2024,70901,urbana,21,hombre,6,50,12.0
2024,70901,urbana,21,mujer,2,33,6.0606060606060606
2024,70901,urbana,22,hombre,2,33,6.0606060606060606
2024,70901,urbana,22,mujer,1,42,2.380952380952381
2024,70901,urbana,23,hombre,6,34,17.647058823529413
2024,70901,urbana,23,mujer,2,45,4.444444444444445
2024,70901,urbana,24,hombre,6,36,16.666666666666668
2024,70901,urbana,24,mujer,4,45,8.88888888888889
2024,70901,urbana,25,hombre,6,34,17.647058823529413
2024,70901,urbana,25,mujer,5,56,8.928571428571429
2024,70901,urbana,26,hombre,6,37,16.216216216216218
2024,70901,urbana,26,mujer,1,41,2.4390243902439024
2024,70901,urbana,27,hombre,4,41,9.75609756097561
2024,70901,urbana,27,mujer,1,44,2.272727272727273
2024,70901,urbana,28,hombre,4,44,9.090909090909092
2024,70901,urbana,28,mujer,3,56,5.357142857142857
2024,70902,rural,16,hombre,1,44,2.272727272727273
2024,70902,rural,16,mujer,1,65,1.5384615384615385
2024,70902,rural,17,hombre,2,54,3.7037037037037037
2024,70902,rural,17,mujer,0,40,0.0
2024,70902,rural,18,hombre,5,51,9.803921568627452
2024,70902,rural,18,mujer,1,38,2.6315789473684212
2024,70902,rural,19,hombre,2,32,6.25
2024,70902,rural,19,mujer,2,31,6.451612903225806
2024,70902,rural,20,hombre,1,46,2.1739130434782608
2024,70902,rural,20,mujer,0,33,0.0
2024,70902,rural,21,hombre,3,34,8.823529411764707
2024,70902,rural,21,mujer,2,43,4.651162790697675
2024,70902,rural,22,hombre,5,41,12.195121951219512
2024,70902,rural,22,mujer,2,37,5.405405405405405
2024,70902,rural,23,hombre,4,52,7.6923076923076925
2024,70902,rural,23,mujer,2,44,4.545454545454546
2024,70902,rural,24,hombre,4,55,7.2727272727272725
2024,70902,rural,24,mujer,0,40,0.0
2024,70902,rural,25,hombre,2,48,4.166666666666667
2024,70902,rural,25,mujer,1,36,2.7777777777777777
2024,70902,rural,26,hombre,5,43,11.627906976744185
2024,70902,rural,26,mujer,0,58,0.0
2024,70902,rural,27,hombre,5,46,10.869565217391305
2024,70902,rural,27,mujer,1,41,2.4390243902439024
2024,70902,rural,28,hombre,3,40,7.5
2024,70902,rural,28,mujer,1,41,2.4390243902439024
2024,70902,urbana,16,hombre,1,45,2.2222222222222223
2024,70902,urbana,16,mujer,1,44,2.272727272727273
2024,70902,urbana,17,hombre,1,48,2.0833333333333335
2024,70902,urbana,17,mujer,3,39,7.6923076923076925
2024,70902,urbana,18,hombre,1,31,3.225806451612903
2024,70902,urbana,18,mujer,1,30,3.3333333333333335
2024,70902,urbana,19,hombre,3,26,11.538461538461538
2024,70902,urbana,19,mujer,1,26,3.8461538461538463
2024,70902,urbana,20,hombre,1,34,2.9411764705882355
2024,70902,urbana,20,mujer,1,27,3.7037037037037037
2024,70902,urbana,21,hombre,1,24,4.166666666666667
2024,70902,urbana,21,mujer,1,38,2.6315789473684212
2024,70902,urbana,22,hombre,4,33,12.121212121212121
2024,70902,urbana,22,mujer,0,31,0.0
2024,70902,urbana,23,hombre,0,28,0.0
2024,70902,urbana,23,mujer,1,36,2.7777777777777777
2024,70902,urbana,24,hombre,0,34,0.0
2024,70902,urbana,24,mujer,1,36,2.7777777777777777
2024,70902,urbana,25,hombre,5,37,13.513513513513514
2024,70902,urbana,25,mujer,1,34,2.9411764705882355
2024,70902,urbana,26,hombre,2,30,6.666666666666667
2024,70902,urbana,26,mujer,0,19,0.0
2024,70902,urbana,27,hombre,1,32,3.125
2024,70902,urbana,27,mujer,1,34,2.9411764705882355
2024,70902,urbana,28,hombre,1,27,3.7037037037037037
2024,70902,urbana,28,mujer,0,27,0.0
2024,70903,rural,16,hombre,3,35,8.571428571428571
2024,70903,rural,16,mujer,0,45,0.0
2024,70903,rural,17,hombre,5,70,7.142857142857143
2024,70903,rural,17,mujer,3,57,5.2631578947368425
2024,70903,rural,18,hombre,5,39,12.820512820512821
2024,70903,rural,18,mujer,5,34,14.705882352941176
2024,70903,rural,19,hombre,14,35,40.0
2024,70903,rural,19,mujer,2,41,4.878048780487805
2024,70903,rural,20,hombre,7,42,16.666666666666668
2024,70903,rural,20,mujer,2,32,6.25
2024,70903,rural,21,hombre,6,40,15.0
2024,70903,rural,21,mujer,0,28,0.0
2024,70903,rural,22,hombre,5,43,11.627906976744185
2024,70903,rural,22,mujer,4,33,12.121212121212121
2024,70903,rural,23,hombre,5,36,13.88888888888889
2024,70903,rural,23,mujer,1,38,2.6315789473684212
2024,70903,rural,24,hombre,5,40,12.5
2024,70903,rural,24,mujer,4,41,9.75609756097561
2024,70903,rural,25,hombre,10,49,20.408163265306122
2024,70903,rural,25,mujer,1,46,2.1739130434782608
2024,70903,rural,26,hombre,11,63,17.46031746031746
2024,70903,rural,26,mujer,3,39,7.6923076923076925
2024,70903,rural,27,hombre,6,46,13.043478260869565
2024,70903,rural,27,mujer,5,42,11.904761904761905
2024,70903,rural,28,hombre,7,48,14.583333333333334
2024,70903,rural,28,mujer,2,43,4.651162790697675
2024,70903,urbana,16,hombre,1,85,1.1764705882352942
2024,70903,urbana,16,mujer,1,71,1.408450704225352
2024,70903,urbana,17,hombre,7,84,8.333333333333334
2024,70903,urbana,17,mujer,1,65,1.5384615384615385
2024,70903,urbana,18,hombre,4,61,6.557377049180328
2024,70903,urbana,18,mujer,4,74,5.405405405405405
2024,70903,urbana,19,hombre,6,57,10.526315789473685
2024,70903,urbana,19,mujer,2,63,3.1746031746031744
2024,70903,urbana,20,hombre,4,61,6.557377049180328
2024,70903,urbana,20,mujer,5,58,8.620689655172415
2024,70903,urbana,21,hombre,11,71,15.492957746478874
2024,70903,urbana,21,mujer,2,66,3.0303030303030303
2024,70903,urbana,22,hombre,6,60,10.0
2024,70903,urbana,22,mujer,1,60,1.6666666666666667
2024,70903,urbana,23,hombre,12,81,14.814814814814815
2024,70903,urbana,23,mujer,5,71,7.042253521126761
2024,70903,urbana,24,hombre,12,73,16.438356164383563
2024,70903,urbana,24,mujer,3,72,4.166666666666667
2024,70903,urbana,25,hombre,10,72,13.88888888888889
2024,70903,urbana,25,mujer,4,64,6.25
2024,70903,urbana,26,hombre,11,69,15.942028985507246
2024,70903,urbana,26,mujer,5,62,8.064516129032258
2024,70903,urbana,27,hombre,3,69,4.3478260869565215
2024,70903,urbana,27,mujer,8,87,9.195402298850574
2024,70903,urbana,28,hombre,11,59,18.64406779661017
2024,70903,urbana,28,mujer,7,63,11.11111111111111
2024,70904,rural,16,hombre,0,19,0.0
2024,70904,rural,16,mujer,0,21,0.0
2024,70904,rural,17,hombre,1,16,6.25
2024,70904,rural,17,mujer,0,14,0.0
2024,70904,rural,18,hombre,1,18,5.555555555555555
2024,70904,rural,18,mujer,1,15,6.666666666666667
2024,70904,rural,19,hombre,1,25,4.0
2024,70904,rural,19,mujer,1,23,4.3478260869565215
2024,70904,rural,20,hombre,1,24,4.166666666666667
2024,70904,rural,20,mujer,0,21,0.0
2024,70904,rural,21,hombre,2,19,10.526315789473685
2024,70904,rural,21,mujer,0,15,0.0
2024,70904,rural,22,hombre,0,24,0.0
2024,70904,rural,22,mujer,0,17,0.0
2024,70904,rural,23,hombre,1,31,3.225806451612903
2024,70904,rural,23,mujer,0,25,0.0
2024,70904,rural,24,hombre,0,28,0.0
2024,70904,rural,24,mujer,2,41,4.878048780487805
2024,70904,rural,25,hombre,0,22,0.0
2024,70904,rural,25,mujer,0,32,0.0
2024,70904,rural,26,hombre,0,26,0.0
2024,70904,rural,26,mujer,0,25,0.0
2024,70904,rural,27,hombre,1,29,3.4482758620689653
2024,70904,rural,27,mujer,1,27,3.7037037037037037
2024,70904,rural,28,hombre,0,26,0.0
2024,70904,rural,28,mujer,1,37,2.7027027027027026
2024,71001,rural,16,hombre,0,5,0.0
2024,71001,rural,16,mujer,0,4,0.0
2024,71001,rural,17,hombre,1,13,7.6923076923076925
2024,71001,rural,17,mujer,0,8,0.0
2024,71001,rural,18,hombre,0,6,0.0
2024,71001,rural,18,mujer,0,7,0.0
2024,71001,rural,19,hombre,0,13,0.0
2024,71001,rural,19,mujer,0,10,0.0
2024,71001,rural,20,hombre,0,3,0.0
2024,71001,rural,20,mujer,0,7,0.0
2024,71001,rural,21,hombre,0,6,0.0
2024,71001,rural,21,mujer,0,4,0.0
2024,71001,rural,22,hombre,2,8,25.0
2024,71001,rural,22,mujer,0,9,0.0
2024,71001,rural,23,hombre,0,8,0.0
2024,71001,rural,23,mujer,1,6,16.666666666666668
2024,71001,rural,24,hombre,0,4,0.0
2024,71001,rural,24,mujer,0,8,0.0
2024,71001,rural,25,hombre,1,5,20.0
2024,71001,rural,25,mujer,0,6,0.0
2024,71001,rural,26,hombre,1,12,8.333333333333334
2024,71001,rural,26,mujer,0,3,0.0
2024,71001,rural,27,hombre,1,7,14.285714285714286
2024,71001,rural,27,mujer,0,9,0.0
2024,71001,rural,28,hombre,0,4,0.0
2024,71001,rural,28,mujer,0,8,0.0
2024,71001,urbana,16,hombre,24,1123,2.13713268032057
2024,71001,urbana,16,mujer,21,1151,1.8245004344048654
2024,71001,urbana,17,hombre,18,1179,1.5267175572519085
2024,71001,urbana,17,mujer,19,1185,1.6033755274261603
2024,71001,urbana,18,hombre,31,1231,2.5182778229082046
2024,71001,urbana,18,mujer,40,1112,3.597122302158273
2024,71001,urbana,19,hombre,38,1151,3.3014769765421375
2024,71001,urbana,19,mujer,38,1100,3.4545454545454546
2024,71001,urbana,20,hombre,41,1131,3.6251105216622457
2024,71001,urbana,20,mujer,43,1116,3.8530465949820787
2024,71001,urbana,21,hombre,58,1101,5.2679382379654855
2024,71001,urbana,21,mujer,35,1163,3.0094582975064488
2024,71001,urbana,22,hombre,59,1111,5.3105310531053105
2024,71001,urbana,22,mujer,34,1221,2.7846027846027845
2024,71001,urbana,23,hombre,70,1230,5.691056910569106
2024,71001,urbana,23,mujer,48,1164,4.123711340206185
2024,71001,urbana,24,hombre,66,1264,5.2215189873417724
2024,71001,urbana,24,mujer,45,1232,3.6525974025974026
2024,71001,urbana,25,hombre,70,1194,5.8626465661641545
2024,71001,urbana,25,mujer,45,1216,3.700657894736842
2024,71001,urbana,26,hombre,64,1144,5.594405594405594
2024,71001,urbana,26,mujer,41,1206,3.399668325041459
2024,71001,urbana,27,hombre,74,1188,6.228956228956229
2024,71001,urbana,27,mujer,44,1196,3.678929765886288
2024,71001,urbana,28,hombre,79,1189,6.644238856181666
2024,71001,urbana,28,mujer,38,1177,3.2285471537807986
2024,71002,rural,16,hombre,1,77,1.2987012987012987
2024,71002,rural,16,mujer,1,93,1.075268817204301
2024,71002,rural,17,hombre,1,102,0.9803921568627451
2024,71002,rural,17,mujer,1,91,1.098901098901099
2024,71002,rural,18,hombre,4,77,5.194805194805195
2024,71002,rural,18,mujer,0,65,0.0
2024,71002,rural,19,hombre,3,81,3.7037037037037037
2024,71002,rural,19,mujer,1,57,1.7543859649122806
2024,71002,rural,20,hombre,2,86,2.3255813953488373
2024,71002,rural,20,mujer,1,80,1.25
2024,71002,rural,21,hombre,3,89,3.3707865168539324
2024,71002,rural,21,mujer,0,73,0.0
2024,71002,rural,22,hombre,9,83,10.843373493975903
2024,71002,rural,22,mujer,2,69,2.898550724637681
2024,71002,rural,23,hombre,6,78,7.6923076923076925
2024,71002,rural,23,mujer,1,87,1.1494252873563218
2024,71002,rural,24,hombre,7,95,7.368421052631579
2024,71002,rural,24,mujer,1,87,1.1494252873563218
2024,71002,rural,25,hombre,5,76,6.578947368421052
2024,71002,rural,25,mujer,2,82,2.4390243902439024
2024,71002,rural,26,hombre,4,76,5.2631578947368425
2024,71002,rural,26,mujer,1,79,1.2658227848101267
2024,71002,rural,27,hombre,5,80,6.25
2024,71002,rural,27,mujer,0,73,0.0
2024,71002,rural,28,hombre,7,57,12.280701754385966
2024,71002,rural,28,mujer,1,77,1.2987012987012987
2024,71002,urbana,16,hombre,0,75,0.0
2024,71002,urbana,16,mujer,1,78,1.2820512820512822
2024,71002,urbana,17,hombre,2,79,2.5316455696202533
2024,71002,urbana,17,mujer,0,90,0.0
2024,71002,urbana,18,hombre,1,54,1.8518518518518519
2024,71002,urbana,18,mujer,0,68,0.0
2024,71002,urbana,19,hombre,0,59,0.0
2024,71002,urbana,19,mujer,0,66,0.0
2024,71002,urbana,20,hombre,1,63,1.5873015873015872
2024,71002,urbana,20,mujer,0,64,0.0
2024,71002,urbana,21,hombre,1,50,2.0
2024,71002,urbana,21,mujer,1,69,1.4492753623188406
2024,71002,urbana,22,hombre,1,80,1.25
2024,71002,urbana,22,mujer,3,93,3.225806451612903
2024,71002,urbana,23,hombre,4,78,5.128205128205129
2024,71002,urbana,23,mujer,1,76,1.3157894736842106
2024,71002,urbana,24,hombre,4,89,4.49438202247191
2024,71002,urbana,24,mujer,0,70,0.0
2024,71002,urbana,25,hombre,3,81,3.7037037037037037
2024,71002,urbana,25,mujer,0,75,0.0
2024,71002,urbana,26,hombre,5,76,6.578947368421052
2024,71002,urbana,26,mujer,0,72,0.0
2024,71002,urbana,27,hombre,1,72,1.3888888888888888
2024,71002,urbana,27,mujer,1,92,1.0869565217391304
2024,71002,urbana,28,hombre,4,68,5.882352941176471
2024,71002,urbana,28,mujer,3,77,3.896103896103896
2024,71003,rural,16,hombre,0,43,0.0
2024,71003,rural,16,mujer,1,57,1.7543859649122806
2024,71003,rural,17,hombre,2,49,4.081632653061225
2024,71003,rural,17,mujer,1,53,1.8867924528301887
2024,71003,rural,18,hombre,3,42,7.142857142857143
2024,71003,rural,18,mujer,1,37,2.7027027027027026
2024,71003,rural,19,hombre,3,45,6.666666666666667
2024,71003,rural,19,mujer,0,41,0.0
2024,71003,rural,20,hombre,3,39,7.6923076923076925
2024,71003,rural,20,mujer,1,35,2.857142857142857
2024,71003,rural,21,hombre,3,39,7.6923076923076925
2024,71003,rural,21,mujer,0,38,0.0
2024,71003,rural,22,hombre,2,39,5.128205128205129
2024,71003,rural,22,mujer,2,37,5.405405405405405
2024,71003,rural,23,hombre,1,23,4.3478260869565215
2024,71003,rural,23,mujer,1,37,2.7027027027027026
2024,71003,rural,24,hombre,4,39,10.256410256410257
2024,71003,rural,24,mujer,1,35,2.857142857142857
2024,71003,rural,25,hombre,3,32,9.375
2024,71003,rural,25,mujer,1,30,3.3333333333333335
2024,71003,rural,26,hombre,2,37,5.405405405405405
2024,71003,rural,26,mujer,0,29,0.0
2024,71003,rural,27,hombre,1,38,2.6315789473684212
2024,71003,rural,27,mujer,1,29,3.4482758620689653
2024,71003,rural,28,hombre,5,36,13.88888888888889
2024,71003,rural,28,mujer,0,25,0.0
2024,71003,urbana,16,hombre,4,197,2.030456852791878
2024,71003,urbana,16,mujer,3,182,1.6483516483516483
2024,71003,urbana,17,hombre,3,218,1.3761467889908257
2024,71003,urbana,17,mujer,2,194,1.0309278350515463
2024,71003,urbana,18,hombre,4,173,2.3121387283236996
2024,71003,urbana,18,mujer,1,151,0.6622516556291391
2024,71003,urbana,19,hombre,6,162,3.7037037037037037
2024,71003,urbana,19,mujer,3,148,2.027027027027027
2024,71003,urbana,20,hombre,8,158,5.063291139240507
2024,71003,urbana,20,mujer,1,168,0.5952380952380952
2024,71003,urbana,21,hombre,8,142,5.633802816901408
2024,71003,urbana,21,mujer,1,155,0.6451612903225806
2024,71003,urbana,22,hombre,5,156,3.2051282051282053
2024,71003,urbana,22,mujer,1,143,0.6993006993006993
2024,71003,urbana,23,hombre,4,162,2.4691358024691357
2024,71003,urbana,23,mujer,3,154,1.948051948051948
2024,71003,urbana,24,hombre,9,163,5.521472392638037
2024,71003,urbana,24,mujer,4,175,2.2857142857142856
2024,71003,urbana,25,hombre,9,152,5.921052631578948
2024,71003,urbana,25,mujer,4,165,2.4242424242424243
2024,71003,urbana,26,hombre,13,164,7.926829268292683
2024,71003,urbana,26,mujer,4,167,2.395209580838323
2024,71003,urbana,27,hombre,8,150,5.333333333333333
2024,71003,urbana,27,mujer,2,161,1.2422360248447204
2024,71003,urbana,28,hombre,4,140,2.857142857142857
2024,71003,urbana,28,mujer,2,184,1.0869565217391304
2024,71004,rural,16,hombre,0,29,0.0
2024,71004,rural,16,mujer,1,12,8.333333333333334
2024,71004,rural,17,hombre,1,38,2.6315789473684212
2024,71004,rural,17,mujer,0,17,0.0
2024,71004,rural,18,hombre,0,21,0.0
2024,71004,rural,18,mujer,0,14,0.0
2024,71004,rural,19,hombre,2,44,4.545454545454546
2024,71004,rural,19,mujer,0,18,0.0
2024,71004,rural,20,hombre,0,31,0.0
2024,71004,rural,20,mujer,0,22,0.0
2024,71004,rural,21,hombre,0,44,0.0
2024,71004,rural,21,mujer,0,16,0.0
2024,71004,rural,22,hombre,1,56,1.7857142857142858
2024,71004,rural,22,mujer,1,29,3.4482758620689653
2024,71004,rural,23,hombre,0,66,0.0
2024,71004,rural,23,mujer,1,20,5.0
2024,71004,rural,24,hombre,1,75,1.3333333333333333
2024,71004,rural,24,mujer,0,20,0.0
2024,71004,rural,25,hombre,1,80,1.25
2024,71004,rural,25,mujer,0,19,0.0
2024,71004,rural,26,hombre,1,66,1.5151515151515151
2024,71004,rural,26,mujer,0,25,0.0
2024,71004,rural,27,hombre,3,63,4.761904761904762
2024,71004,rural,27,mujer,0,21,0.0
2024,71004,rural,28,hombre,1,105,0.9523809523809523
2024,71004,rural,28,mujer,1,25,4.0
2024,71004,urbana,16,hombre,0,118,0.0
2024,71004,urbana,16,mujer,1,100,1.0
2024,71004,urbana,17,hombre,1,148,0.6756756756756757
2024,71004,urbana,17,mujer,3,107,2.803738317757009
2024,71004,urbana,18,hombre,3,111,2.7027027027027026
2024,71004,urbana,18,mujer,0,102,0.0
2024,71004,urbana,19,hombre,4,89,4.49438202247191
2024,71004,urbana,19,mujer,3,108,2.7777777777777777
2024,71004,urbana,20,hombre,0,98,0.0
2024,71004,urbana,20,mujer,0,83,0.0
2024,71004,urbana,21,hombre,0,84,0.0
2024,71004,urbana,21,mujer,3,84,3.5714285714285716
2024,71004,urbana,22,hombre,4,102,3.9215686274509802
2024,71004,urbana,22,mujer,2,102,1.9607843137254901
2024,71004,urbana,23,hombre,7,89,7.865168539325842
2024,71004,urbana,23,mujer,3,88,3.409090909090909
2024,71004,urbana,24,hombre,5,113,4.424778761061947
2024,71004,urbana,24,mujer,4,96,4.166666666666667
2024,71004,urbana,25,hombre,6,103,5.825242718446602
2024,71004,urbana,25,mujer,5,82,6.097560975609756
2024,71004,urbana,26,hombre,2,82,2.4390243902439024
2024,71004,urbana,26,mujer,2,107,1.8691588785046729
2024,71004,urbana,27,hombre,8,90,8.88888888888889
2024,71004,urbana,27,mujer,3,95,3.1578947368421053
2024,71004,urbana,28,hombre,0,89,0.0
2024,71004,urbana,28,mujer,2,126,1.5873015873015872
2024,71005,rural,16,hombre,0,65,0.0
2024,71005,rural,16,mujer,1,41,2.4390243902439024
2024,71005,rural,17,hombre,2,70,2.857142857142857
2024,71005,rural,17,mujer,0,47,0.0
2024,71005,rural,18,hombre,2,63,3.1746031746031744
2024,71005,rural,18,mujer,0,52,0.0
2024,71005,rural,19,hombre,2,55,3.6363636363636362
2024,71005,rural,19,mujer,2,53,3.7735849056603774
2024,71005,rural,20,hombre,5,56,8.928571428571429
2024,71005,rural,20,mujer,2,56,3.5714285714285716
2024,71005,rural,21,hombre,6,71,8.450704225352112
2024,71005,rural,21,mujer,0,49,0.0
2024,71005,rural,22,hombre,5,81,6.172839506172839
2024,71005,rural,22,mujer,2,61,3.278688524590164
2024,71005,rural,23,hombre,1,82,1.2195121951219512
2024,71005,rural,23,mujer,0,51,0.0
2024,71005,rural,24,hombre,5,94,5.319148936170213
2024,71005,rural,24,mujer,1,59,1.694915254237288
2024,71005,rural,25,hombre,5,63,7.936507936507937
2024,71005,rural,25,mujer,1,44,2.272727272727273
2024,71005,rural,26,hombre,6,83,7.228915662650603
2024,71005,rural,26,mujer,1,60,1.6666666666666667
2024,71005,rural,27,hombre,4,92,4.3478260869565215
2024,71005,rural,27,mujer,2,48,4.166666666666667
2024,71005,rural,28,hombre,3,88,3.409090909090909
2024,71005,rural,28,mujer,0,47,0.0
2024,71005,urbana,16,hombre,6,107,5.607476635514018
2024,71005,urbana,16,mujer,1,91,1.098901098901099
2024,71005,urbana,17,hombre,6,97,6.185567010309279
2024,71005,urbana,17,mujer,3,83,3.6144578313253013
2024,71005,urbana,18,hombre,4,74,5.405405405405405
2024,71005,urbana,18,mujer,3,90,3.3333333333333335
2024,71005,urbana,19,hombre,9,79,11.39240506329114
2024,71005,urbana,19,mujer,1,69,1.4492753623188406
2024,71005,urbana,20,hombre,6,90,6.666666666666667
2024,71005,urbana,20,mujer,8,93,8.602150537634408
2024,71005,urbana,21,hombre,12,98,12.244897959183673
2024,71005,urbana,21,mujer,5,86,5.813953488372093
2024,71005,urbana,22,hombre,10,83,12.048192771084338
2024,71005,urbana,22,mujer,3,88,3.409090909090909
2024,71005,urbana,23,hombre,7,74,9.45945945945946
2024,71005,urbana,23,mujer,4,88,4.545454545454546
2024,71005,urbana,24,hombre,18,113,15.929203539823009
2024,71005,urbana,24,mujer,5,83,6.024096385542169
2024,71005,urbana,25,hombre,9,77,11.688311688311689
2024,71005,urbana,25,mujer,2,86,2.3255813953488373
2024,71005,urbana,26,hombre,12,95,12.631578947368421
2024,71005,urbana,26,mujer,2,75,2.6666666666666665
2024,71005,urbana,27,hombre,6,87,6.896551724137931
2024,71005,urbana,27,mujer,3,76,3.9473684210526314
2024,71005,urbana,28,hombre,7,93,7.526881720430108
2024,71005,urbana,28,mujer,0,79,0.0
2024,71101,rural,16,hombre,7,112,6.25
2024,71101,rural,16,mujer,3,120,2.5
2024,71101,rural,17,hombre,12,128,9.375
2024,71101,rural,17,mujer,9,110,8.181818181818182
2024,71101,rural,18,hombre,10,120,8.333333333333334
2024,71101,rural,18,mujer,2,86,2.3255813953488373
2024,71101,rural,19,hombre,15,120,12.5
2024,71101,rural,19,mujer,9,110,8.181818181818182
2024,71101,rural,20,hombre,17,132,12.878787878787879
2024,71101,rural,20,mujer,8,92,8.695652173913043
2024,71101,rural,21,hombre,26,150,17.333333333333332
2024,71101,rural,21,mujer,13,108,12.037037037037036
2024,71101,rural,22,hombre,41,150,27.333333333333332
2024,71101,rural,22,mujer,4,110,3.6363636363636362
2024,71101,rural,23,hombre,40,173,23.121387283236995
2024,71101,rural,23,mujer,5,106,4.716981132075472
2024,71101,rural,24,hombre,37,176,21.022727272727273
2024,71101,rural,24,mujer,10,145,6.896551724137931
2024,71101,rural,25,hombre,22,146,15.068493150684931
2024,71101,rural,25,mujer,13,127,10.236220472440944
2024,71101,rural,26,hombre,42,181,23.204419889502763
2024,71101,rural,26,mujer,14,129,10.852713178294573
2024,71101,rural,27,hombre,35,179,19.553072625698324
2024,71101,rural,27,mujer,13,127,10.236220472440944
2024,71101,rural,28,hombre,37,160,23.125
2024,71101,rural,28,mujer,12,123,9.75609756097561
2024,71101,urbana,16,hombre,6,153,3.9215686274509802
2024,71101,urbana,16,mujer,6,165,3.6363636363636362
2024,71101,urbana,17,hombre,9,152,5.921052631578948
2024,71101,urbana,17,mujer,2,167,1.1976047904191616
2024,71101,urbana,18,hombre,5,112,4.464285714285714
2024,71101,urbana,18,mujer,3,125,2.4
2024,71101,urbana,19,hombre,7,139,5.0359712230215825
2024,71101,urbana,19,mujer,3,128,2.34375
2024,71101,urbana,20,hombre,13,117,11.11111111111111
2024,71101,urbana,20,mujer,10,133,7.518796992481203
2024,71101,urbana,21,hombre,12,136,8.823529411764707
2024,71101,urbana,21,mujer,5,136,3.676470588235294
2024,71101,urbana,22,hombre,13,140,9.285714285714286
2024,71101,urbana,22,mujer,9,135,6.666666666666667
2024,71101,urbana,23,hombre,14,146,9.58904109589041
2024,71101,urbana,23,mujer,7,172,4.069767441860465
2024,71101,urbana,24,hombre,19,168,11.30952380952381
2024,71101,urbana,24,mujer,7,158,4.430379746835443
2024,71101,urbana,25,hombre,11,128,8.59375
2024,71101,urbana,25,mujer,9,144,6.25
2024,71101,urbana,26,hombre,13,127,10.236220472440944
2024,71101,urbana,26,mujer,4,128,3.125
2024,71101,urbana,27,hombre,16,139,11.510791366906474
2024,71101,urbana,27,mujer,4,142,2.816901408450704
2024,71101,urbana,28,hombre,13,127,10.236220472440944
2024,71101,urbana,28,mujer,9,133,6.7669172932330826
2024,71102,rural,16,hombre,1,58,1.7241379310344827
2024,71102,rural,16,mujer,2,53,3.7735849056603774
2024,71102,rural,17,hombre,5,62,8.064516129032258
2024,71102,rural,17,mujer,0,59,0.0
2024,71102,rural,18,hombre,3,64,4.6875
2024,71102,rural,18,mujer,1,51,1.9607843137254901
2024,71102,rural,19,hombre,6,57,10.526315789473685
2024,71102,rural,19,mujer,1,34,2.9411764705882355
2024,71102,rural,20,hombre,7,61,11.475409836065573
2024,71102,rural,20,mujer,0,65,0.0
2024,71102,rural,21,hombre,9,58,15.517241379310345
2024,71102,rural,21,mujer,1,52,1.9230769230769231
2024,71102,rural,22,hombre,8,66,12.121212121212121
2024,71102,rural,22,mujer,1,59,1.694915254237288
2024,71102,rural,23,hombre,3,67,4.477611940298507
2024,71102,rural,23,mujer,1,69,1.4492753623188406
2024,71102,rural,24,hombre,14,80,17.5
2024,71102,rural,24,mujer,3,59,5.084745762711864
2024,71102,rural,25,hombre,12,77,15.584415584415584
2024,71102,rural,25,mujer,0,46,0.0
2024,71102,rural,26,hombre,3,132,2.272727272727273
2024,71102,rural,26,mujer,0,73,0.0
2024,71102,rural,27,hombre,10,55,18.181818181818183
2024,71102,rural,27,mujer,2,53,3.7735849056603774
2024,71102,rural,28,hombre,4,85,4.705882352941177
2024,71102,rural,28,mujer,2,67,2.985074626865672
2024,71102,urbana,16,hombre,2,101,1.9801980198019802
2024,71102,urbana,16,mujer,1,81,1.2345679012345678
2024,71102,urbana,17,hombre,2,74,2.7027027027027026
2024,71102,urbana,17,mujer,0,85,0.0
2024,71102,urbana,18,hombre,4,69,5.797101449275362
2024,71102,urbana,18,mujer,1,72,1.3888888888888888
2024,71102,urbana,19,hombre,2,50,4.0
2024,71102,urbana,19,mujer,1,68,1.4705882352941178
2024,71102,urbana,20,hombre,1,57,1.7543859649122806
2024,71102,urbana,20,mujer,1,57,1.7543859649122806
2024,71102,urbana,21,hombre,1,66,1.5151515151515151
2024,71102,urbana,21,mujer,0,62,0.0
2024,71102,urbana,22,hombre,2,68,2.9411764705882355
2024,71102,urbana,22,mujer,1,76,1.3157894736842106
2024,71102,urbana,23,hombre,4,65,6.153846153846154
2024,71102,urbana,23,mujer,2,68,2.9411764705882355
2024,71102,urbana,24,hombre,2,70,2.857142857142857
2024,71102,urbana,24,mujer,1,81,1.2345679012345678
2024,71102,urbana,25,hombre,2,49,4.081632653061225
2024,71102,urbana,25,mujer,0,65,0.0
2024,71102,urbana,26,hombre,4,47,8.51063829787234
2024,71102,urbana,26,mujer,2,68,2.9411764705882355
2024,71102,urbana,27,hombre,3,63,4.761904761904762
2024,71102,urbana,27,mujer,1,70,1.4285714285714286
2024,71102,urbana,28,hombre,5,47,10.638297872340425
2024,71102,urbana,28,mujer,0,71,0.0
2024,71103,rural,16,hombre,9,193,4.66321243523316
2024,71103,rural,16,mujer,11,184,5.978260869565218
2024,71103,rural,17,hombre,7,182,3.8461538461538463
2024,71103,rural,17,mujer,11,194,5.670103092783505
2024,71103,rural,18,hombre,17,166,10.240963855421686
2024,71103,rural,18,mujer,19,187,10.16042780748663
2024,71103,rural,19,hombre,15,163,9.202453987730062
2024,71103,rural,19,mujer,12,155,7.741935483870968
2024,71103,rural,20,hombre,27,187,14.438502673796792
2024,71103,rural,20,mujer,9,159,5.660377358490566
2024,71103,rural,21,hombre,28,186,15.053763440860216
2024,71103,rural,21,mujer,24,185,12.972972972972974
2024,71103,rural,22,hombre,30,185,16.216216216216218
2024,71103,rural,22,mujer,15,166,9.036144578313253
2024,71103,rural,23,hombre,33,217,15.2073732718894
2024,71103,rural,23,mujer,13,172,7.558139534883721
2024,71103,rural,24,hombre,35,222,15.765765765765765
2024,71103,rural,24,mujer,21,219,9.58904109589041
2024,71103,rural,25,hombre,31,189,16.402116402116402
2024,71103,rural,25,mujer,14,182,7.6923076923076925
2024,71103,rural,26,hombre,34,213,15.96244131455399
2024,71103,rural,26,mujer,16,175,9.142857142857142
2024,71103,rural,27,hombre,38,192,19.791666666666668
2024,71103,rural,27,mujer,15,183,8.19672131147541
2024,71103,rural,28,hombre,28,177,15.819209039548022
2024,71103,rural,28,mujer,12,160,7.5
2024,71103,urbana,16,hombre,18,300,6.0
2024,71103,urbana,16,mujer,13,292,4.4520547945205475
2024,71103,urbana,17,hombre,13,241,5.394190871369295
2024,71103,urbana,17,mujer,23,260,8.846153846153847
2024,71103,urbana,18,hombre,25,194,12.88659793814433
2024,71103,urbana,18,mujer,15,242,6.198347107438017
2024,71103,urbana,19,hombre,30,190,15.789473684210526
2024,71103,urbana,19,mujer,29,234,12.393162393162394
2024,71103,urbana,20,hombre,20,169,11.834319526627219
2024,71103,urbana,20,mujer,22,241,9.12863070539419
2024,71103,urbana,21,hombre,30,192,15.625
2024,71103,urbana,21,mujer,26,233,11.158798283261802
2024,71103,urbana,22,hombre,40,206,19.41747572815534
2024,71103,urbana,22,mujer,33,242,13.636363636363637
2024,71103,urbana,23,hombre,49,233,21.030042918454935
2024,71103,urbana,23,mujer,23,253,9.090909090909092
2024,71103,urbana,24,hombre,31,246,12.601626016260163
2024,71103,urbana,24,mujer,34,269,12.639405204460967
2024,71103,urbana,25,hombre,37,203,18.226600985221676
2024,71103,urbana,25,mujer,22,244,9.01639344262295
2024,71103,urbana,26,hombre,28,183,15.300546448087431
2024,71103,urbana,26,mujer,12,227,5.286343612334802
2024,71103,urbana,27,hombre,30,200,15.0
2024,71103,urbana,27,mujer,24,289,8.304498269896193
2024,71103,urbana,28,hombre,37,196,18.877551020408163
2024,71103,urbana,28,mujer,19,267,7.116104868913857
2024,71104,rural,16,hombre,0,64,0.0
2024,71104,rural,16,mujer,0,66,0.0
2024,71104,rural,17,hombre,0,66,0.0
2024,71104,rural,17,mujer,0,79,0.0
2024,71104,rural,18,hombre,0,42,0.0
2024,71104,rural,18,mujer,0,57,0.0
2024,71104,rural,19,hombre,2,51,3.9215686274509802
2024,71104,rural,19,mujer,0,52,0.0
2024,71104,rural,20,hombre,0,44,0.0
2024,71104,rural,20,mujer,2,41,4.878048780487805
2024,71104,rural,21,hombre,2,50,4.0
2024,71104,rural,21,mujer,0,32,0.0
2024,71104,rural,22,hombre,0,44,0.0
2024,71104,rural,22,mujer,0,55,0.0
2024,71104,rural,23,hombre,0,35,0.0
2024,71104,rural,23,mujer,2,54,3.7037037037037037
2024,71104,rural,24,hombre,1,44,2.272727272727273
2024,71104,rural,24,mujer,0,56,0.0
2024,71104,rural,25,hombre,0,60,0.0
2024,71104,rural,25,mujer,1,56,1.7857142857142858
2024,71104,rural,26,hombre,1,49,2.0408163265306123
2024,71104,rural,26,mujer,1,48,2.0833333333333335
2024,71104,rural,27,hombre,0,44,0.0
2024,71104,rural,27,mujer,1,56,1.7857142857142858
2024,71104,rural,28,hombre,2,54,3.7037037037037037
2024,71104,rural,28,mujer,0,33,0.0
2024,71105,rural,16,hombre,0,7,0.0
2024,71105,rural,16,mujer,0,8,0.0
2024,71105,rural,17,hombre,0,7,0.0
2024,71105,rural,17,mujer,1,11,9.090909090909092
2024,71105,rural,18,hombre,2,7,28.571428571428573
2024,71105,rural,18,mujer,0,4,0.0
2024,71105,rural,19,hombre,1,8,12.5
2024,71105,rural,19,mujer,1,4,25.0
2024,71105,rural,20,hombre,1,5,20.0
2024,71105,rural,20,mujer,0,5,0.0
2024,71105,rural,21,hombre,2,7,28.571428571428573
2024,71105,rural,21,mujer,0,6,0.0
2024,71105,rural,22,hombre,0,9,0.0
2024,71105,rural,22,mujer,0,7,0.0
2024,71105,rural,23,hombre,2,5,40.0
2024,71105,rural,23,mujer,1,7,14.285714285714286
2024,71105,rural,24,hombre,2,13,15.384615384615385
2024,71105,rural,24,mujer,0,14,0.0
2024,71105,rural,25,hombre,3,16,18.75
2024,71105,rural,25,mujer,0,10,0.0
2024,71105,rural,26,hombre,5,10,50.0
2024,71105,rural,26,mujer,0,4,0.0
2024,71105,rural,27,hombre,2,11,18.181818181818183
2024,71105,rural,27,mujer,1,11,9.090909090909092
2024,71105,rural,28,hombre,1,7,14.285714285714286
2024,71105,rural,28,mujer,0,9,0.0
2024,71105,urbana,16,hombre,1,83,1.2048192771084338
2024,71105,urbana,16,mujer,2,62,3.225806451612903
2024,71105,urbana,17,hombre,2,81,2.4691358024691357
2024,71105,urbana,17,mujer,0,71,0.0
2024,71105,urbana,18,hombre,1,53,1.8867924528301887
2024,71105,urbana,18,mujer,1,77,1.2987012987012987
2024,71105,urbana,19,hombre,0,49,0.0
2024,71105,urbana,19,mujer,3,68,4.411764705882353
2024,71105,urbana,20,hombre,3,40,7.5
2024,71105,urbana,20,mujer,0,56,0.0
2024,71105,urbana,21,hombre,1,50,2.0
2024,71105,urbana,21,mujer,1,73,1.36986301369863
2024,71105,urbana,22,hombre,1,52,1.9230769230769231
2024,71105,urbana,22,mujer,1,58,1.7241379310344827
2024,71105,urbana,23,hombre,5,84,5.9523809523809526
2024,71105,urbana,23,mujer,1,70,1.4285714285714286
2024,71105,urbana,24,hombre,2,67,2.985074626865672
2024,71105,urbana,24,mujer,1,64,1.5625
2024,71105,urbana,25,hombre,2,67,2.985074626865672
2024,71105,urbana,25,mujer,1,66,1.5151515151515151
2024,71105,urbana,26,hombre,3,68,4.411764705882353
2024,71105,urbana,26,mujer,0,78,0.0
2024,71105,urbana,27,hombre,1,51,1.9607843137254901
2024,71105,urbana,27,mujer,3,67,4.477611940298507
2024,71105,urbana,28,hombre,2,66,3.0303030303030303
2024,71105,urbana,28,mujer,2,62,3.225806451612903
2024,71106,rural,16,hombre,3,132,2.272727272727273
2024,71106,rural,16,mujer,1,137,0.7299270072992701
2024,71106,rural,17,hombre,2,123,1.6260162601626016
2024,71106,rural,17,mujer,2,147,1.3605442176870748
2024,71106,rural,18,hombre,3,139,2.158273381294964
2024,71106,rural,18,mujer,2,128,1.5625
2024,71106,rural,19,hombre,1,120,0.8333333333333334
2024,71106,rural,19,mujer,2,120,1.6666666666666667
2024,71106,rural,20,hombre,7,126,5.555555555555555
2024,71106,rural,20,mujer,2,123,1.6260162601626016
2024,71106,rural,21,hombre,8,139,5.755395683453237
2024,71106,rural,21,mujer,5,121,4.132231404958677
2024,71106,rural,22,hombre,6,152,3.9473684210526314
2024,71106,rural,22,mujer,2,107,1.8691588785046729
2024,71106,rural,23,hombre,9,150,6.0
2024,71106,rural,23,mujer,4,132,3.0303030303030303
2024,71106,rural,24,hombre,14,155,9.03225806451613
2024,71106,rural,24,mujer,4,130,3.076923076923077
2024,71106,rural,25,hombre,14,160,8.75
2024,71106,rural,25,mujer,2,124,1.6129032258064515
2024,71106,rural,26,hombre,7,154,4.545454545454546
2024,71106,rural,26,mujer,7,139,5.0359712230215825
2024,71106,rural,27,hombre,4,166,2.4096385542168677
2024,71106,rural,27,mujer,2,111,1.8018018018018018
2024,71106,rural,28,hombre,6,149,4.026845637583893
2024,71106,rural,28,mujer,6,109,5.504587155963303
2024,71106,urbana,16,hombre,7,117,5.982905982905983
2024,71106,urbana,16,mujer,2,102,1.9607843137254901
2024,71106,urbana,17,hombre,6,105,5.714285714285714
2024,71106,urbana,17,mujer,2,114,1.7543859649122806
2024,71106,urbana,18,hombre,8,100,8.0
2024,71106,urbana,18,mujer,5,100,5.0
2024,71106,urbana,19,hombre,6,83,7.228915662650603
2024,71106,urbana,19,mujer,6,87,6.896551724137931
2024,71106,urbana,20,hombre,11,101,10.891089108910892
2024,71106,urbana,20,mujer,4,99,4.040404040404041
2024,71106,urbana,21,hombre,8,92,8.695652173913043
2024,71106,urbana,21,mujer,2,83,2.4096385542168677
2024,71106,urbana,22,hombre,6,112,5.357142857142857
2024,71106,urbana,22,mujer,7,116,6.0344827586206895
2024,71106,urbana,23,hombre,7,100,7.0
2024,71106,urbana,23,mujer,3,105,2.857142857142857
2024,71106,urbana,24,hombre,6,94,6.382978723404255
2024,71106,urbana,24,mujer,6,117,5.128205128205129
2024,71106,urbana,25,hombre,15,104,14.423076923076923
2024,71106,urbana,25,mujer,11,124,8.870967741935484
2024,71106,urbana,26,hombre,8,92,8.695652173913043
2024,71106,urbana,26,mujer,6,118,5.084745762711864
2024,71106,urbana,27,hombre,7,97,7.216494845360825
2024,71106,urbana,27,mujer,7,125,5.6
2024,71106,urbana,28,hombre,11,109,10.091743119266056
2024,71106,urbana,28,mujer,8,120,6.666666666666667
2024,71201,rural,16,hombre,0,62,0.0
2024,71201,rural,16,mujer,0,71,0.0
2024,71201,rural,17,hombre,2,84,2.380952380952381
2024,71201,rural,17,mujer,1,58,1.7241379310344827
2024,71201,rural,18,hombre,1,68,1.4705882352941178
2024,71201,rural,18,mujer,1,42,2.380952380952381
2024,71201,rural,19,hombre,1,70,1.4285714285714286
2024,71201,rural,19,mujer,1,47,2.127659574468085
2024,71201,rural,20,hombre,4,59,6.779661016949152
2024,71201,rural,20,mujer,2,48,4.166666666666667
2024,71201,rural,21,hombre,2,59,3.389830508474576
2024,71201,rural,21,mujer,0,49,0.0
2024,71201,rural,22,hombre,6,70,8.571428571428571
2024,71201,rural,22,mujer,3,56,5.357142857142857
2024,71201,rural,23,hombre,4,65,6.153846153846154
2024,71201,rural,23,mujer,2,53,3.7735849056603774
2024,71201,rural,24,hombre,2,61,3.278688524590164
2024,71201,rural,24,mujer,1,71,1.408450704225352
2024,71201,rural,25,hombre,5,62,8.064516129032258
2024,71201,rural,25,mujer,1,55,1.8181818181818181
2024,71201,rural,26,hombre,3,58,5.172413793103448
2024,71201,rural,26,mujer,3,64,4.6875
2024,71201,rural,27,hombre,7,68,10.294117647058824
2024,71201,rural,27,mujer,3,61,4.918032786885246
2024,71201,rural,28,hombre,3,61,4.918032786885246
2024,71201,rural,28,mujer,1,47,2.127659574468085
2024,71201,urbana,16,hombre,2,60,3.3333333333333335
2024,71201,urbana,16,mujer,0,76,0.0
2024,71201,urbana,17,hombre,1,86,1.1627906976744187
2024,71201,urbana,17,mujer,0,66,0.0
2024,71201,urbana,18,hombre,3,153,1.9607843137254901
2024,71201,urbana,18,mujer,0,48,0.0
2024,71201,urbana,19,hombre,0,89,0.0
2024,71201,urbana,19,mujer,1,46,2.1739130434782608
2024,71201,urbana,20,hombre,1,67,1.492537313432836
2024,71201,urbana,20,mujer,1,56,1.7857142857142858
2024,71201,urbana,21,hombre,0,57,0.0
2024,71201,urbana,21,mujer,0,44,0.0
2024,71201,urbana,22,hombre,2,59,3.389830508474576
2024,71201,urbana,22,mujer,1,68,1.4705882352941178
2024,71201,urbana,23,hombre,4,48,8.333333333333334
2024,71201,urbana,23,mujer,5,71,7.042253521126761
2024,71201,urbana,24,hombre,1,54,1.8518518518518519
2024,71201,urbana,24,mujer,4,66,6.0606060606060606
2024,71201,urbana,25,hombre,2,56,3.5714285714285716
2024,71201,urbana,25,mujer,2,61,3.278688524590164
2024,71201,urbana,26,hombre,5,56,8.928571428571429
2024,71201,urbana,26,mujer,1,56,1.7857142857142858
2024,71201,urbana,27,hombre,4,70,5.714285714285714
2024,71201,urbana,27,mujer,2,69,2.898550724637681
2024,71201,urbana,28,hombre,4,65,6.153846153846154
2024,71201,urbana,28,mujer,2,59,3.389830508474576
2024,71301,rural,16,hombre,3,106,2.830188679245283
2024,71301,rural,16,mujer,3,76,3.9473684210526314
2024,71301,rural,17,hombre,3,114,2.6315789473684212
2024,71301,rural,17,mujer,3,85,3.5294117647058822
2024,71301,rural,18,hombre,14,97,14.43298969072165
2024,71301,rural,18,mujer,2,71,2.816901408450704
2024,71301,rural,19,hombre,4,83,4.819277108433735
2024,71301,rural,19,mujer,4,69,5.797101449275362
2024,71301,rural,20,hombre,8,93,8.602150537634408
2024,71301,rural,20,mujer,3,76,3.9473684210526314
2024,71301,rural,21,hombre,7,79,8.860759493670885
2024,71301,rural,21,mujer,3,80,3.75
2024,71301,rural,22,hombre,7,74,9.45945945945946
2024,71301,rural,22,mujer,3,99,3.0303030303030303
2024,71301,rural,23,hombre,11,88,12.5
2024,71301,rural,23,mujer,3,81,3.7037037037037037
2024,71301,rural,24,hombre,13,94,13.829787234042554
2024,71301,rural,24,mujer,5,77,6.4935064935064934
2024,71301,rural,25,hombre,6,91,6.593406593406593
2024,71301,rural,25,mujer,4,75,5.333333333333333
2024,71301,rural,26,hombre,8,72,11.11111111111111
2024,71301,rural,26,mujer,4,72,5.555555555555555
2024,71301,rural,27,hombre,10,76,13.157894736842104
2024,71301,rural,27,mujer,3,101,2.9702970297029703
2024,71301,rural,28,hombre,16,86,18.6046511627907
2024,71301,rural,28,mujer,5,82,6.097560975609756
2024,71301,urbana,16,hombre,3,64,4.6875
2024,71301,urbana,16,mujer,3,70,4.285714285714286
2024,71301,urbana,17,hombre,3,69,4.3478260869565215
2024,71301,urbana,17,mujer,4,76,5.2631578947368425
2024,71301,urbana,18,hombre,2,56,3.5714285714285716
2024,71301,urbana,18,mujer,2,47,4.25531914893617
2024,71301,urbana,19,hombre,12,49,24.489795918367346
2024,71301,urbana,19,mujer,4,45,8.88888888888889
2024,71301,urbana,20,hombre,11,49,22.448979591836736
2024,71301,urbana,20,mujer,2,40,5.0
2024,71301,urbana,21,hombre,9,53,16.9811320754717
2024,71301,urbana,21,mujer,2,44,4.545454545454546
2024,71301,urbana,22,hombre,1,53,1.8867924528301887
2024,71301,urbana,22,mujer,3,38,7.894736842105263
2024,71301,urbana,23,hombre,2,52,3.8461538461538463
2024,71301,urbana,23,mujer,5,55,9.090909090909092
2024,71301,urbana,24,hombre,9,50,18.0
2024,71301,urbana,24,mujer,5,54,9.25925925925926
2024,71301,urbana,25,hombre,8,58,13.793103448275861
2024,71301,urbana,25,mujer,4,55,7.2727272727272725
2024,71301,urbana,26,hombre,7,44,15.909090909090908
2024,71301,urbana,26,mujer,2,53,3.7735849056603774
2024,71301,urbana,27,hombre,8,65,12.307692307692308
2024,71301,urbana,27,mujer,2,58,3.4482758620689653
2024,71301,urbana,28,hombre,5,51,9.803921568627452
2024,71301,urbana,28,mujer,4,45,8.88888888888889
2024,71302,rural,16,hombre,1,15,6.666666666666667
2024,71302,rural,16,mujer,0,23,0.0
2024,71302,rural,17,hombre,0,21,0.0
2024,71302,rural,17,mujer,0,13,0.0
2024,71302,rural,18,hombre,4,23,17.391304347826086
2024,71302,rural,18,mujer,1,20,5.0
2024,71302,rural,19,hombre,3,27,11.11111111111111
2024,71302,rural,19,mujer,3,21,14.285714285714286
2024,71302,rural,20,hombre,1,8,12.5
2024,71302,rural,20,mujer,1,14,7.142857142857143
2024,71302,rural,21,hombre,4,23,17.391304347826086
2024,71302,rural,21,mujer,0,12,0.0
2024,71302,rural,22,hombre,3,13,23.076923076923077
2024,71302,rural,22,mujer,0,10,0.0
2024,71302,rural,23,hombre,7,24,29.166666666666668
2024,71302,rural,23,mujer,0,26,0.0
2024,71302,rural,24,hombre,0,12,0.0
2024,71302,rural,24,mujer,0,17,0.0
2024,71302,rural,25,hombre,6,21,28.571428571428573
2024,71302,rural,25,mujer,0,18,0.0
2024,71302,rural,26,hombre,4,17,23.529411764705884
2024,71302,rural,26,mujer,0,14,0.0
2024,71302,rural,27,hombre,1,15,6.666666666666667
2024,71302,rural,27,mujer,1,20,5.0
2024,71302,rural,28,hombre,3,20,15.0
2024,71302,rural,28,mujer,1,17,5.882352941176471
2024,71302,urbana,16,hombre,1,39,2.5641025641025643
2024,71302,urbana,16,mujer,0,35,0.0
2024,71302,urbana,17,hombre,2,39,5.128205128205129
2024,71302,urbana,17,mujer,1,39,2.5641025641025643
2024,71302,urbana,18,hombre,0,39,0.0
2024,71302,urbana,18,mujer,3,27,11.11111111111111
2024,71302,urbana,19,hombre,3,38,7.894736842105263
2024,71302,urbana,19,mujer,1,23,4.3478260869565215
2024,71302,urbana,20,hombre,5,39,12.820512820512821
2024,71302,urbana,20,mujer,1,29,3.4482758620689653
2024,71302,urbana,21,hombre,1,28,3.5714285714285716
2024,71302,urbana,21,mujer,0,22,0.0
2024,71302,urbana,22,hombre,6,32,18.75
2024,71302,urbana,22,mujer,0,20,0.0
2024,71302,urbana,23,hombre,7,39,17.94871794871795
2024,71302,urbana,23,mujer,4,29,13.793103448275861
2024,71302,urbana,24,hombre,6,32,18.75
2024,71302,urbana,24,mujer,3,28,10.714285714285714
2024,71302,urbana,25,hombre,1,24,4.166666666666667
2024,71302,urbana,25,mujer,1,29,3.4482758620689653
2024,71302,urbana,26,hombre,3,30,10.0
2024,71302,urbana,26,mujer,1,24,4.166666666666667
2024,71302,urbana,27,hombre,3,22,13.636363636363637
2024,71302,urbana,27,mujer,1,22,4.545454545454546
2024,71302,urbana,28,hombre,3,33,9.090909090909092
2024,71302,urbana,28,mujer,2,36,5.555555555555555
2024,71401,rural,16,hombre,1,41,2.4390243902439024
2024,71401,rural,16,mujer,0,36,0.0
2024,71401,rural,17,hombre,0,34,0.0
2024,71401,rural,17,mujer,2,39,5.128205128205129
2024,71401,rural,18,hombre,0,55,0.0
2024,71401,rural,18,mujer,1,39,2.5641025641025643
2024,71401,rural,19,hombre,1,44,2.272727272727273
2024,71401,rural,19,mujer,1,34,2.9411764705882355
2024,71401,rural,20,hombre,4,42,9.523809523809524
2024,71401,rural,20,mujer,2,42,4.761904761904762
2024,71401,rural,21,hombre,1,58,1.7241379310344827
2024,71401,rural,21,mujer,0,29,0.0
2024,71401,rural,22,hombre,3,55,5.454545454545454
2024,71401,rural,22,mujer,1,42,2.380952380952381
2024,71401,rural,23,hombre,1,56,1.7857142857142858
2024,71401,rural,23,mujer,0,44,0.0
2024,71401,rural,24,hombre,1,62,1.6129032258064515
2024,71401,rural,24,mujer,0,41,0.0
2024,71401,rural,25,hombre,5,66,7.575757575757576
2024,71401,rural,25,mujer,4,45,8.88888888888889
2024,71401,rural,26,hombre,5,73,6.8493150684931505
2024,71401,rural,26,mujer,4,43,9.30232558139535
2024,71401,rural,27,hombre,3,51,5.882352941176471
2024,71401,rural,27,mujer,2,57,3.508771929824561
2024,71401,rural,28,hombre,3,57,5.2631578947368425
2024,71401,rural,28,mujer,2,41,4.878048780487805
2024,71401,urbana,16,hombre,2,106,1.8867924528301887
2024,71401,urbana,16,mujer,1,112,0.8928571428571429
2024,71401,urbana,17,hombre,2,129,1.550387596899225
2024,71401,urbana,17,mujer,3,92,3.260869565217391
2024,71401,urbana,18,hombre,2,243,0.823045267489712
2024,71401,urbana,18,mujer,1,81,1.2345679012345678
2024,71401,urbana,19,hombre,1,176,0.5681818181818182
2024,71401,urbana,19,mujer,1,69,1.4492753623188406
2024,71401,urbana,20,hombre,3,113,2.6548672566371683
2024,71401,urbana,20,mujer,2,84,2.380952380952381
2024,71401,urbana,21,hombre,5,86,5.813953488372093
2024,71401,urbana,21,mujer,4,86,4.651162790697675
2024,71401,urbana,22,hombre,5,85,5.882352941176471
2024,71401,urbana,22,mujer,5,72,6.944444444444445
2024,71401,urbana,23,hombre,5,84,5.9523809523809526
2024,71401,urbana,23,mujer,1,87,1.1494252873563218
2024,71401,urbana,24,hombre,9,101,8.910891089108912
2024,71401,urbana,24,mujer,5,83,6.024096385542169
2024,71401,urbana,25,hombre,6,76,7.894736842105263
2024,71401,urbana,25,mujer,3,76,3.9473684210526314
2024,71401,urbana,26,hombre,7,81,8.641975308641975
2024,71401,urbana,26,mujer,5,90,5.555555555555555
2024,71401,urbana,27,hombre,8,97,8.24742268041237
2024,71401,urbana,27,mujer,5,95,5.2631578947368425
2024,71401,urbana,28,hombre,6,90,6.666666666666667
2024,71401,urbana,28,mujer,7,102,6.862745098039215
2024,71402,rural,16,hombre,0,3,0.0
2024,71402,rural,17,hombre,0,3,0.0
2024,71402,rural,17,mujer,0,7,0.0
2024,71402,rural,18,hombre,0,7,0.0
2024,71402,rural,18,mujer,0,1,0.0
2024,71402,rural,19,hombre,1,13,7.6923076923076925
2024,71402,rural,19,mujer,1,2,50.0
2024,71402,rural,20,hombre,0,8,0.0
2024,71402,rural,20,mujer,0,2,0.0
2024,71402,rural,21,mujer,1,2,50.0
2024,71402,rural,22,hombre,2,4,50.0
2024,71402,rural,22,mujer,0,1,0.0
2024,71402,rural,23,hombre,0,4,0.0
2024,71402,rural,23,mujer,0,4,0.0
2024,71402,rural,24,hombre,0,4,0.0
2024,71402,rural,24,mujer,0,1,0.0
2024,71402,rural,25,hombre,0,3,0.0
2024,71402,rural,25,mujer,0,2,0.0
2024,71402,rural,26,hombre,0,2,0.0
2024,71402,rural,26,mujer,0,6,0.0
2024,71402,rural,27,hombre,0,7,0.0
2024,71402,rural,28,hombre,0,10,0.0
2024,71402,rural,28,mujer,0,2,0.0
2024,71402,urbana,16,hombre,0,162,0.0
2024,71402,urbana,16,mujer,1,160,0.625
2024,71402,urbana,17,hombre,3,210,1.4285714285714286
2024,71402,urbana,17,mujer,3,158,1.8987341772151898
2024,71402,urbana,18,hombre,2,241,0.8298755186721992
2024,71402,urbana,18,mujer,2,123,1.6260162601626016
2024,71402,urbana,19,hombre,6,183,3.278688524590164
2024,71402,urbana,19,mujer,2,145,1.3793103448275863
2024,71402,urbana,20,hombre,6,154,3.896103896103896
2024,71402,urbana,20,mujer,3,131,2.2900763358778624
2024,71402,urbana,21,hombre,5,119,4.201680672268908
2024,71402,urbana,21,mujer,4,126,3.1746031746031744
2024,71402,urbana,22,hombre,13,145,8.96551724137931
2024,71402,urbana,22,mujer,5,143,3.4965034965034967
2024,71402,urbana,23,hombre,19,169,11.242603550295858
2024,71402,urbana,23,mujer,8,139,5.755395683453237
2024,71402,urbana,24,hombre,7,148,4.72972972972973
2024,71402,urbana,24,mujer,16,180,8.88888888888889
2024,71402,urbana,25,hombre,17,146,11.643835616438356
2024,71402,urbana,25,mujer,3,146,2.0547945205479454
2024,71402,urbana,26,hombre,15,176,8.522727272727273
2024,71402,urbana,26,mujer,7,147,4.761904761904762
2024,71402,urbana,27,hombre,15,180,8.333333333333334
2024,71402,urbana,27,mujer,8,156,5.128205128205129
2024,71402,urbana,28,hombre,19,166,11.44578313253012
2024,71402,urbana,28,mujer,16,171,9.35672514619883
2024,71403,rural,16,hombre,1,38,2.6315789473684212
2024,71403,rural,16,mujer,0,45,0.0
2024,71403,rural,17,hombre,0,40,0.0
2024,71403,rural,17,mujer,2,32,6.25
2024,71403,rural,18,hombre,1,36,2.7777777777777777
2024,71403,rural,18,mujer,1,27,3.7037037037037037
2024,71403,rural,19,hombre,2,35,5.714285714285714
2024,71403,rural,19,mujer,0,35,0.0
2024,71403,rural,20,hombre,8,47,17.02127659574468
2024,71403,rural,20,mujer,0,22,0.0
2024,71403,rural,21,hombre,4,38,10.526315789473685
2024,71403,rural,21,mujer,0,23,0.0
2024,71403,rural,22,hombre,9,35,25.714285714285715
2024,71403,rural,22,mujer,1,23,4.3478260869565215
2024,71403,rural,23,hombre,4,61,6.557377049180328
2024,71403,rural,23,mujer,1,25,4.0
2024,71403,rural,24,hombre,7,62,11.290322580645162
2024,71403,rural,24,mujer,2,38,5.2631578947368425
2024,71403,rural,25,hombre,4,45,8.88888888888889
2024,71403,rural,25,mujer,2,30,6.666666666666667
2024,71403,rural,26,hombre,6,38,15.789473684210526
2024,71403,rural,26,mujer,1,40,2.5
2024,71403,rural,27,hombre,4,41,9.75609756097561
2024,71403,rural,27,mujer,2,42,4.761904761904762
2024,71403,rural,28,hombre,9,62,14.516129032258064
2024,71403,rural,28,mujer,4,46,8.695652173913043
2024,71403,urbana,16,hombre,1,25,4.0
2024,71403,urbana,16,mujer,1,39,2.5641025641025643
2024,71403,urbana,17,hombre,1,36,2.7777777777777777
2024,71403,urbana,17,mujer,1,33,3.0303030303030303
2024,71403,urbana,18,hombre,0,23,0.0
2024,71403,urbana,18,mujer,0,31,0.0
2024,71403,urbana,19,hombre,1,30,3.3333333333333335
2024,71403,urbana,19,mujer,0,30,0.0
2024,71403,urbana,20,hombre,0,33,0.0
2024,71403,urbana,20,mujer,1,19,5.2631578947368425
2024,71403,urbana,21,hombre,0,16,0.0
2024,71403,urbana,21,mujer,2,39,5.128205128205129
2024,71403,urbana,22,hombre,1,14,7.142857142857143
2024,71403,urbana,22,mujer,1,23,4.3478260869565215
2024,71403,urbana,23,hombre,0,19,0.0
2024,71403,urbana,23,mujer,0,22,0.0
2024,71403,urbana,24,hombre,2,32,6.25
2024,71403,urbana,24,mujer,2,34,5.882352941176471
2024,71403,urbana,25,hombre,0,26,0.0
2024,71403,urbana,25,mujer,2,29,6.896551724137931
2024,71403,urbana,26,hombre,3,29,10.344827586206897
2024,71403,urbana,26,mujer,3,37,8.108108108108109
2024,71403,urbana,27,hombre,2,18,11.11111111111111
2024,71403,urbana,27,mujer,3,40,7.5
2024,71403,urbana,28,hombre,2,35,5.714285714285714
2024,71403,urbana,28,mujer,1,32,3.125
2024,71501,rural,16,hombre,10,93,10.75268817204301
2024,71501,rural,16,mujer,6,78,7.6923076923076925
2024,71501,rural,17,hombre,21,89,23.59550561797753
2024,71501,rural,17,mujer,8,78,10.256410256410257
2024,71501,rural,18,hombre,30,87,34.48275862068966
2024,71501,rural,18,mujer,10,78,12.820512820512821
2024,71501,rural,19,hombre,33,109,30.275229357798164
2024,71501,rural,19,mujer,20,86,23.25581395348837
2024,71501,rural,20,hombre,39,98,39.795918367346935
2024,71501,rural,20,mujer,20,84,23.80952380952381
2024,71501,rural,21,hombre,29,93,31.182795698924732
2024,71501,rural,21,mujer,12,59,20.338983050847457
2024,71501,rural,22,hombre,37,101,36.633663366336634
2024,71501,rural,22,mujer,17,77,22.07792207792208
2024,71501,rural,23,hombre,48,116,41.37931034482759
2024,71501,rural,23,mujer,17,88,19.318181818181817
2024,71501,rural,24,hombre,51,135,37.77777777777778
2024,71501,rural,24,mujer,18,83,21.686746987951807
2024,71501,rural,25,hombre,49,113,43.36283185840708
2024,71501,rural,25,mujer,17,90,18.88888888888889
2024,71501,rural,26,hombre,57,126,45.23809523809524
2024,71501,rural,26,mujer,11,78,14.102564102564102
2024,71501,rural,27,hombre,37,101,36.633663366336634
2024,71501,rural,27,mujer,17,97,17.52577319587629
2024,71501,rural,28,hombre,46,133,34.58646616541353
2024,71501,rural,28,mujer,12,89,13.48314606741573
2024,71501,urbana,16,hombre,5,272,1.838235294117647
2024,71501,urbana,16,mujer,3,280,1.0714285714285714
2024,71501,urbana,17,hombre,9,285,3.1578947368421053
2024,71501,urbana,17,mujer,5,276,1.8115942028985508
2024,71501,urbana,18,hombre,7,200,3.5
2024,71501,urbana,18,mujer,4,236,1.694915254237288
2024,71501,urbana,19,hombre,6,194,3.0927835051546393
2024,71501,urbana,19,mujer,7,182,3.8461538461538463
2024,71501,urbana,20,hombre,3,136,2.2058823529411766
2024,71501,urbana,20,mujer,2,202,0.9900990099009901
2024,71501,urbana,21,hombre,8,171,4.678362573099415
2024,71501,urbana,21,mujer,2,191,1.0471204188481675
2024,71501,urbana,22,hombre,7,179,3.910614525139665
2024,71501,urbana,22,mujer,10,202,4.9504950495049505
2024,71501,urbana,23,hombre,11,190,5.7894736842105265
2024,71501,urbana,23,mujer,4,212,1.8867924528301887
2024,71501,urbana,24,hombre,20,211,9.47867298578199
2024,71501,urbana,24,mujer,4,201,1.9900497512437811
2024,71501,urbana,25,hombre,7,201,3.482587064676617
2024,71501,urbana,25,mujer,4,184,2.1739130434782608
2024,71501,urbana,26,hombre,17,177,9.6045197740113
2024,71501,urbana,26,mujer,10,185,5.405405405405405
2024,71501,urbana,27,hombre,9,193,4.66321243523316
2024,71501,urbana,27,mujer,8,199,4.0201005025125625
2024,71501,urbana,28,hombre,8,203,3.9408866995073892
2024,71501,urbana,28,mujer,2,186,1.075268817204301
2024,71502,rural,16,hombre,0,6,0.0
2024,71502,rural,16,mujer,0,7,0.0
2024,71502,rural,17,hombre,2,13,15.384615384615385
2024,71502,rural,17,mujer,0,8,0.0
2024,71502,rural,18,hombre,2,7,28.571428571428573
2024,71502,rural,18,mujer,1,7,14.285714285714286
2024,71502,rural,19,hombre,3,8,37.5
2024,71502,rural,19,mujer,1,14,7.142857142857143
2024,71502,rural,20,hombre,4,11,36.36363636363637
2024,71502,rural,20,mujer,1,6,16.666666666666668
2024,71502,rural,21,hombre,0,9,0.0
2024,71502,rural,21,mujer,0,4,0.0
2024,71502,rural,22,hombre,2,5,40.0
2024,71502,rural,22,mujer,2,9,22.22222222222222
2024,71502,rural,23,hombre,3,14,21.428571428571427
2024,71502,rural,23,mujer,2,9,22.22222222222222
2024,71502,rural,24,hombre,3,13,23.076923076923077
2024,71502,rural,24,mujer,4,17,23.529411764705884
2024,71502,rural,25,hombre,4,15,26.666666666666668
2024,71502,rural,25,mujer,1,9,11.11111111111111
2024,71502,rural,26,hombre,2,8,25.0
2024,71502,rural,26,mujer,4,7,57.142857142857146
2024,71502,rural,27,hombre,4,11,36.36363636363637
2024,71502,rural,27,mujer,1,13,7.6923076923076925
2024,71502,rural,28,hombre,5,20,25.0
2024,71502,rural,28,mujer,3,11,27.272727272727273
2024,71502,urbana,16,hombre,0,62,0.0
2024,71502,urbana,16,mujer,0,73,0.0
2024,71502,urbana,17,hombre,1,63,1.5873015873015872
2024,71502,urbana,17,mujer,1,64,1.5625
2024,71502,urbana,18,hombre,1,30,3.3333333333333335
2024,71502,urbana,18,mujer,0,63,0.0
2024,71502,urbana,19,hombre,4,37,10.81081081081081
2024,71502,urbana,19,mujer,0,39,0.0
2024,71502,urbana,20,hombre,2,24,8.333333333333334
2024,71502,urbana,20,mujer,1,25,4.0
2024,71502,urbana,21,hombre,1,52,1.9230769230769231
2024,71502,urbana,21,mujer,3,43,6.976744186046512
2024,71502,urbana,22,hombre,2,42,4.761904761904762
2024,71502,urbana,22,mujer,1,51,1.9607843137254901
2024,71502,urbana,23,hombre,3,50,6.0
2024,71502,urbana,23,mujer,0,38,0.0
2024,71502,urbana,24,hombre,4,40,10.0
2024,71502,urbana,24,mujer,1,50,2.0
2024,71502,urbana,25,hombre,3,46,6.521739130434782
2024,71502,urbana,25,mujer,2,42,4.761904761904762
2024,71502,urbana,26,hombre,5,42,11.904761904761905
2024,71502,urbana,26,mujer,2,38,5.2631578947368425
2024,71502,urbana,27,hombre,5,38,13.157894736842104
2024,71502,urbana,27,mujer,3,48,6.25
2024,71502,urbana,28,hombre,5,42,11.904761904761905
2024,71502,urbana,28,mujer,0,36,0.0
2024,71503,rural,16,hombre,18,125,14.4
2024,71503,rural,16,mujer,5,107,4.672897196261682
2024,71503,rural,17,hombre,18,134,13.432835820895523
2024,71503,rural,17,mujer,6,105,5.714285714285714
2024,71503,rural,18,hombre,28,121,23.140495867768596
2024,71503,rural,18,mujer,10,96,10.416666666666666
2024,71503,rural,19,hombre,39,125,31.2
2024,71503,rural,19,mujer,18,116,15.517241379310345
2024,71503,rural,20,hombre,41,143,28.67132867132867
2024,71503,rural,20,mujer,16,90,17.77777777777778
2024,71503,rural,21,hombre,31,120,25.833333333333332
2024,71503,rural,21,mujer,10,95,10.526315789473685
2024,71503,rural,22,hombre,45,130,34.61538461538461
2024,71503,rural,22,mujer,14,100,14.0
2024,71503,rural,23,hombre,55,165,33.333333333333336
2024,71503,rural,23,mujer,9,109,8.256880733944953
2024,71503,rural,24,hombre,50,168,29.761904761904763
2024,71503,rural,24,mujer,18,126,14.285714285714286
2024,71503,rural,25,hombre,56,160,35.0
2024,71503,rural,25,mujer,10,114,8.771929824561404
2024,71503,rural,26,hombre,45,130,34.61538461538461
2024,71503,rural,26,mujer,12,121,9.917355371900827
2024,71503,rural,27,hombre,58,160,36.25
2024,71503,rural,27,mujer,18,96,18.75
2024,71503,rural,28,hombre,37,139,26.618705035971225
2024,71503,rural,28,mujer,10,98,10.204081632653061
2024,71503,urbana,16,hombre,0,35,0.0
2024,71503,urbana,16,mujer,1,34,2.9411764705882355
2024,71503,urbana,17,hombre,4,38,10.526315789473685
2024,71503,urbana,17,mujer,1,30,3.3333333333333335
2024,71503,urbana,18,hombre,0,30,0.0
2024,71503,urbana,18,mujer,0,29,0.0
2024,71503,urbana,19,hombre,1,20,5.0
2024,71503,urbana,19,mujer,0,15,0.0
2024,71503,urbana,20,hombre,3,26,11.538461538461538
2024,71503,urbana,20,mujer,0,16,0.0
2024,71503,urbana,21,hombre,0,10,0.0
2024,71503,urbana,21,mujer,0,20,0.0
2024,71503,urbana,22,hombre,2,18,11.11111111111111
2024,71503,urbana,22,mujer,0,18,0.0
2024,71503,urbana,23,hombre,1,19,5.2631578947368425
2024,71503,urbana,23,mujer,0,25,0.0
2024,71503,urbana,24,hombre,2,30,6.666666666666667
2024,71503,urbana,24,mujer,2,24,8.333333333333334
2024,71503,urbana,25,hombre,0,18,0.0
2024,71503,urbana,25,mujer,1,23,4.3478260869565215
2024,71503,urbana,26,hombre,1,20,5.0
2024,71503,urbana,26,mujer,0,28,0.0
2024,71503,urbana,27,hombre,3,23,13.043478260869565
2024,71503,urbana,27,mujer,1,24,4.166666666666667
2024,71503,urbana,28,hombre,0,13,0.0
2024,71503,urbana,28,mujer,2,21,9.523809523809524
2024,80101,rural,16,hombre,1,71,1.408450704225352
2024,80101,rural,16,mujer,1,61,1.639344262295082
2024,80101,rural,17,hombre,2,71,2.816901408450704
2024,80101,rural,17,mujer,0,55,0.0
2024,80101,rural,18,hombre,0,62,0.0
2024,80101,rural,18,mujer,1,54,1.8518518518518519
2024,80101,rural,19,hombre,1,56,1.7857142857142858
2024,80101,rural,19,mujer,0,66,0.0
2024,80101,rural,20,hombre,3,88,3.409090909090909
2024,80101,rural,20,mujer,4,60,6.666666666666667
2024,80101,rural,21,hombre,3,94,3.1914893617021276
2024,80101,rural,21,mujer,3,48,6.25
2024,80101,rural,22,hombre,3,87,3.4482758620689653
2024,80101,rural,22,mujer,0,36,0.0
2024,80101,rural,23,hombre,5,79,6.329113924050633
2024,80101,rural,23,mujer,2,55,3.6363636363636362
2024,80101,rural,24,hombre,2,60,3.3333333333333335
2024,80101,rural,24,mujer,0,39,0.0
2024,80101,rural,25,hombre,6,55,10.909090909090908
2024,80101,rural,25,mujer,1,35,2.857142857142857
2024,80101,rural,26,hombre,4,51,7.8431372549019605
2024,80101,rural,26,mujer,4,54,7.407407407407407
2024,80101,rural,27,hombre,4,55,7.2727272727272725
2024,80101,rural,27,mujer,1,37,2.7027027027027026
2024,80101,rural,28,hombre,4,40,10.0
2024,80101,rural,28,mujer,0,46,0.0
2024,80101,urbana,16,hombre,15,1211,1.2386457473162675
2024,80101,urbana,16,mujer,6,1251,0.47961630695443647
2024,80101,urbana,17,hombre,19,1265,1.5019762845849802
2024,80101,urbana,17,mujer,10,1239,0.8071025020177562
2024,80101,urbana,18,hombre,34,1401,2.4268379728765166
2024,80101,urbana,18,mujer,32,1217,2.629416598192276
2024,80101,urbana,19,hombre,45,1151,3.909643788010426
2024,80101,urbana,19,mujer,64,1156,5.536332179930795
2024,80101,urbana,20,hombre,69,1154,5.979202772963605
2024,80101,urbana,20,mujer,56,1117,5.0134288272157566
2024,80101,urbana,21,hombre,62,1118,5.545617173524151
2024,80101,urbana,21,mujer,64,1124,5.693950177935943
2024,80101,urbana,22,hombre,56,1087,5.151793928242871
2024,80101,urbana,22,mujer,60,1114,5.3859964093357275
2024,80101,urbana,23,hombre,99,1240,7.983870967741935
2024,80101,urbana,23,mujer,51,1179,4.325699745547074
2024,80101,urbana,24,hombre,92,1243,7.401448109412711
2024,80101,urbana,24,mujer,59,1227,4.808475957620212
2024,80101,urbana,25,hombre,86,1067,8.059981255857544
2024,80101,urbana,25,mujer,47,1130,4.15929203539823
2024,80101,urbana,26,hombre,82,1021,8.03134182174339
2024,80101,urbana,26,mujer,36,1128,3.1914893617021276
2024,80101,urbana,27,hombre,79,1123,7.034728406055209
2024,80101,urbana,27,mujer,37,1187,3.1171019376579614
2024,80101,urbana,28,hombre,59,1130,5.221238938053097
2024,80101,urbana,28,mujer,44,1088,4.044117647058823
2024,80102,rural,16,hombre,0,76,0.0
2024,80102,rural,16,mujer,0,63,0.0
2024,80102,rural,17,hombre,3,68,4.411764705882353
2024,80102,rural,17,mujer,0,63,0.0
2024,80102,rural,18,hombre,2,88,2.272727272727273
2024,80102,rural,18,mujer,3,39,7.6923076923076925
2024,80102,rural,19,hombre,2,54,3.7037037037037037
2024,80102,rural,19,mujer,0,65,0.0
2024,80102,rural,20,hombre,3,59,5.084745762711864
2024,80102,rural,20,mujer,0,64,0.0
2024,80102,rural,21,hombre,4,70,5.714285714285714
2024,80102,rural,21,mujer,2,66,3.0303030303030303
2024,80102,rural,22,hombre,10,63,15.873015873015873
2024,80102,rural,22,mujer,1,49,2.0408163265306123
2024,80102,rural,23,hombre,4,97,4.123711340206185
2024,80102,rural,23,mujer,2,84,2.380952380952381
2024,80102,rural,24,hombre,6,71,8.450704225352112
2024,80102,rural,24,mujer,6,79,7.594936708860759
2024,80102,rural,25,hombre,6,95,6.315789473684211
2024,80102,rural,25,mujer,4,69,5.797101449275362
2024,80102,rural,26,hombre,4,83,4.819277108433735
2024,80102,rural,26,mujer,2,65,3.076923076923077
2024,80102,rural,27,hombre,5,71,7.042253521126761
2024,80102,rural,27,mujer,1,48,2.0833333333333335
2024,80102,rural,28,hombre,6,74,8.108108108108109
2024,80102,rural,28,mujer,2,64,3.125
2024,80201,rural,16,hombre,4,120,3.3333333333333335
2024,80201,rural,16,mujer,3,117,2.5641025641025643
2024,80201,rural,17,hombre,4,155,2.5806451612903225
2024,80201,rural,17,mujer,2,120,1.6666666666666667
2024,80201,rural,18,hombre,7,197,3.553299492385787
2024,80201,rural,18,mujer,8,97,8.24742268041237
2024,80201,rural,19,hombre,5,130,3.8461538461538463
2024,80201,rural,19,mujer,4,91,4.395604395604396
2024,80201,rural,20,hombre,7,110,6.363636363636363
2024,80201,rural,20,mujer,10,91,10.989010989010989
2024,80201,rural,21,hombre,16,124,12.903225806451612
2024,80201,rural,21,mujer,5,85,5.882352941176471
2024,80201,rural,22,hombre,6,86,6.976744186046512
2024,80201,rural,22,mujer,8,95,8.421052631578947
2024,80201,rural,23,hombre,21,143,14.685314685314685
2024,80201,rural,23,mujer,3,96,3.125
2024,80201,rural,24,hombre,18,100,18.0
2024,80201,rural,24,mujer,7,111,6.306306306306307
2024,80201,rural,25,hombre,12,85,14.117647058823529
2024,80201,rural,25,mujer,9,83,10.843373493975903
2024,80201,rural,26,hombre,8,80,10.0
2024,80201,rural,26,mujer,6,74,8.108108108108109
2024,80201,rural,27,hombre,20,92,21.73913043478261
2024,80201,rural,27,mujer,8,98,8.16326530612245
2024,80201,rural,28,hombre,10,102,9.803921568627452
2024,80201,rural,28,mujer,4,82,4.878048780487805
2024,80201,urbana,16,hombre,16,1128,1.4184397163120568
2024,80201,urbana,16,mujer,6,1059,0.56657223796034
2024,80201,urbana,17,hombre,23,1136,2.0246478873239435
2024,80201,urbana,17,mujer,15,1055,1.4218009478672986
2024,80201,urbana,18,hombre,29,1002,2.8942115768463075
2024,80201,urbana,18,mujer,15,839,1.7878426698450536
2024,80201,urbana,19,hombre,32,882,3.6281179138321997
2024,80201,urbana,19,mujer,26,900,2.888888888888889
2024,80201,urbana,20,hombre,33,844,3.909952606635071
2024,80201,urbana,20,mujer,18,791,2.275600505689001
2024,80201,urbana,21,hombre,41,808,5.074257425742574
2024,80201,urbana,21,mujer,30,824,3.6407766990291264
2024,80201,urbana,22,hombre,43,845,5.088757396449704
2024,80201,urbana,22,mujer,32,995,3.2160804020100504
2024,80201,urbana,23,hombre,51,894,5.704697986577181
2024,80201,urbana,23,mujer,25,953,2.6232948583420774
2024,80201,urbana,24,hombre,51,986,5.172413793103448
2024,80201,urbana,24,mujer,36,1001,3.5964035964035963
2024,80201,urbana,25,hombre,33,771,4.280155642023346
2024,80201,urbana,25,mujer,31,887,3.4949267192784665
2024,80201,urbana,26,hombre,47,802,5.860349127182045
2024,80201,urbana,26,mujer,35,860,4.069767441860465
2024,80201,urbana,27,hombre,45,855,5.2631578947368425
2024,80201,urbana,27,mujer,33,916,3.6026200873362444
2024,80201,urbana,28,hombre,49,774,6.330749354005168
2024,80201,urbana,28,mujer,27,836,3.229665071770335
2024,80202,rural,16,hombre,6,61,9.836065573770492
2024,80202,rural,16,mujer,0,57,0.0
2024,80202,rural,17,hombre,1,43,2.3255813953488373
2024,80202,rural,17,mujer,0,49,0.0
2024,80202,rural,18,hombre,2,37,5.405405405405405
2024,80202,rural,18,mujer,0,48,0.0
2024,80202,rural,19,hombre,2,49,4.081632653061225
2024,80202,rural,19,mujer,2,35,5.714285714285714
2024,80202,rural,20,hombre,2,37,5.405405405405405
2024,80202,rural,20,mujer,1,25,4.0
2024,80202,rural,21,hombre,2,39,5.128205128205129
2024,80202,rural,21,mujer,1,49,2.0408163265306123
2024,80202,rural,22,hombre,5,52,9.615384615384615
2024,80202,rural,22,mujer,0,39,0.0
2024,80202,rural,23,hombre,6,62,9.67741935483871
2024,80202,rural,23,mujer,4,62,6.451612903225806
2024,80202,rural,24,hombre,9,59,15.254237288135593
2024,80202,rural,24,mujer,1,56,1.7857142857142858
2024,80202,rural,25,hombre,3,40,7.5
2024,80202,rural,25,mujer,3,42,7.142857142857143
2024,80202,rural,26,hombre,5,68,7.352941176470588
2024,80202,rural,26,mujer,3,40,7.5
2024,80202,rural,27,hombre,11,58,18.96551724137931
2024,80202,rural,27,mujer,0,36,0.0
2024,80202,rural,28,hombre,9,47,19.148936170212767
2024,80202,rural,28,mujer,2,50,4.0
2024,80202,urbana,16,hombre,3,345,0.8695652173913043
2024,80202,urbana,16,mujer,1,356,0.2808988764044944
2024,80202,urbana,17,hombre,7,387,1.8087855297157622
2024,80202,urbana,17,mujer,1,357,0.2801120448179272
2024,80202,urbana,18,hombre,4,472,0.847457627118644
2024,80202,urbana,18,mujer,6,274,2.18978102189781
2024,80202,urbana,19,hombre,6,371,1.6172506738544474
2024,80202,urbana,19,mujer,4,249,1.606425702811245
2024,80202,urbana,20,hombre,10,287,3.484320557491289
2024,80202,urbana,20,mujer,9,267,3.3707865168539324
2024,80202,urbana,21,hombre,14,248,5.645161290322581
2024,80202,urbana,21,mujer,15,254,5.905511811023622
2024,80202,urbana,22,hombre,13,287,4.529616724738676
2024,80202,urbana,22,mujer,8,255,3.1372549019607843
2024,80202,urbana,23,hombre,15,314,4.777070063694268
2024,80202,urbana,23,mujer,11,304,3.6184210526315788
2024,80202,urbana,24,hombre,9,321,2.803738317757009
2024,80202,urbana,24,mujer,19,322,5.900621118012422
2024,80202,urbana,25,hombre,9,265,3.3962264150943398
2024,80202,urbana,25,mujer,7,292,2.3972602739726026
2024,80202,urbana,26,hombre,19,286,6.643356643356643
2024,80202,urbana,26,mujer,11,277,3.9711191335740073
2024,80202,urbana,27,hombre,12,258,4.651162790697675
2024,80202,urbana,27,mujer,10,311,3.215434083601286
2024,80202,urbana,28,hombre,11,240,4.583333333333333
2024,80202,urbana,28,mujer,8,286,2.797202797202797
2024,80301,rural,16,hombre,2,59,3.389830508474576
2024,80301,rural,16,mujer,0,43,0.0
2024,80301,rural,17,hombre,2,50,4.0
2024,80301,rural,17,mujer,6,41,14.634146341463415
2024,80301,rural,18,hombre,8,36,22.22222222222222
2024,80301,rural,18,mujer,2,33,6.0606060606060606
2024,80301,rural,19,hombre,16,49,32.6530612244898
2024,80301,rural,19,mujer,5,40,12.5
2024,80301,rural,20,hombre,12,39,30.76923076923077
2024,80301,rural,20,mujer,5,31,16.129032258064516
2024,80301,rural,21,hombre,9,34,26.470588235294116
2024,80301,rural,21,mujer,4,30,13.333333333333334
2024,80301,rural,22,hombre,13,39,33.333333333333336
2024,80301,rural,22,mujer,0,28,0.0
2024,80301,rural,23,hombre,19,49,38.775510204081634
2024,80301,rural,23,mujer,3,34,8.823529411764707
2024,80301,rural,24,hombre,13,38,34.21052631578947
2024,80301,rural,24,mujer,3,32,9.375
2024,80301,rural,25,hombre,9,43,20.930232558139537
2024,80301,rural,25,mujer,3,39,7.6923076923076925
2024,80301,rural,26,hombre,11,48,22.916666666666668
2024,80301,rural,26,mujer,3,26,11.538461538461538
2024,80301,rural,27,hombre,13,42,30.952380952380953
2024,80301,rural,27,mujer,3,42,7.142857142857143
2024,80301,rural,28,hombre,17,39,43.58974358974359
2024,80301,rural,28,mujer,2,37,5.405405405405405
2024,80301,urbana,16,hombre,0,58,0.0
2024,80301,urbana,16,mujer,1,83,1.2048192771084338
2024,80301,urbana,17,hombre,3,81,3.7037037037037037
2024,80301,urbana,17,mujer,1,68,1.4705882352941178
2024,80301,urbana,18,hombre,1,72,1.3888888888888888
2024,80301,urbana,18,mujer,1,49,2.0408163265306123
2024,80301,urbana,19,hombre,2,56,3.5714285714285716
2024,80301,urbana,19,mujer,1,34,2.9411764705882355
2024,80301,urbana,20,hombre,3,43,6.976744186046512
2024,80301,urbana,20,mujer,0,32,0.0
2024,80301,urbana,21,hombre,2,35,5.714285714285714
2024,80301,urbana,21,mujer,3,45,6.666666666666667
2024,80301,urbana,22,hombre,2,38,5.2631578947368425
2024,80301,urbana,22,mujer,2,43,4.651162790697675
2024,80301,urbana,23,hombre,2,48,4.166666666666667
2024,80301,urbana,23,mujer,1,42,2.380952380952381
2024,80301,urbana,24,hombre,3,48,6.25
2024,80301,urbana,24,mujer,1,60,1.6666666666666667
2024,80301,urbana,25,hombre,2,40,5.0
2024,80301,urbana,25,mujer,1,53,1.8867924528301887
2024,80301,urbana,26,hombre,3,56,5.357142857142857
2024,80301,urbana,26,mujer,0,60,0.0
2024,80301,urbana,27,hombre,4,48,8.333333333333334
2024,80301,urbana,27,mujer,2,51,3.9215686274509802
2024,80301,urbana,28,hombre,2,53,3.7735849056603774
2024,80301,urbana,28,mujer,2,62,3.225806451612903
2024,80302,rural,16,hombre,14,267,5.2434456928838955
2024,80302,rural,16,mujer,8,250,3.2
2024,80302,rural,17,hombre,20,215,9.30232558139535
2024,80302,rural,17,mujer,15,238,6.302521008403361
2024,80302,rural,18,hombre,22,239,9.205020920502092
2024,80302,rural,18,mujer,14,219,6.392694063926941
2024,80302,rural,19,hombre,22,208,10.576923076923077
2024,80302,rural,19,mujer,18,182,9.89010989010989
2024,80302,rural,20,hombre,22,181,12.154696132596685
2024,80302,rural,20,mujer,16,218,7.339449541284404
2024,80302,rural,21,hombre,27,225,12.0
2024,80302,rural,21,mujer,10,213,4.694835680751174
2024,80302,rural,22,hombre,33,172,19.186046511627907
2024,80302,rural,22,mujer,17,183,9.289617486338798
2024,80302,rural,23,hombre,33,200,16.5
2024,80302,rural,23,mujer,10,216,4.62962962962963
2024,80302,rural,24,hombre,33,200,16.5
2024,80302,rural,24,mujer,9,167,5.389221556886228
2024,80302,rural,25,hombre,21,194,10.824742268041238
2024,80302,rural,25,mujer,11,174,6.32183908045977
2024,80302,rural,26,hombre,31,196,15.816326530612244
2024,80302,rural,26,mujer,8,184,4.3478260869565215
2024,80302,rural,27,hombre,28,201,13.930348258706468
2024,80302,rural,27,mujer,7,173,4.046242774566474
2024,80302,rural,28,hombre,23,199,11.557788944723619
2024,80302,rural,28,mujer,8,164,4.878048780487805
2024,80302,urbana,16,hombre,11,230,4.782608695652174
2024,80302,urbana,16,mujer,6,251,2.3904382470119523
2024,80302,urbana,17,hombre,11,265,4.150943396226415
2024,80302,urbana,17,mujer,8,226,3.5398230088495577
2024,80302,urbana,18,hombre,7,156,4.487179487179487
2024,80302,urbana,18,mujer,8,193,4.1450777202072535
2024,80302,urbana,19,hombre,16,178,8.98876404494382
2024,80302,urbana,19,mujer,5,135,3.7037037037037037
2024,80302,urbana,20,hombre,14,140,10.0
2024,80302,urbana,20,mujer,5,155,3.225806451612903
2024,80302,urbana,21,hombre,17,136,12.5
2024,80302,urbana,21,mujer,11,143,7.6923076923076925
2024,80302,urbana,22,hombre,16,161,9.937888198757763
2024,80302,urbana,22,mujer,7,170,4.117647058823529
2024,80302,urbana,23,hombre,13,160,8.125
2024,80302,urbana,23,mujer,9,175,5.142857142857143
2024,80302,urbana,24,hombre,18,155,11.612903225806452
2024,80302,urbana,24,mujer,15,218,6.8807339449541285
2024,80302,urbana,25,hombre,14,138,10.144927536231885
2024,80302,urbana,25,mujer,9,171,5.2631578947368425
2024,80302,urbana,26,hombre,23,162,14.197530864197532
2024,80302,urbana,26,mujer,8,213,3.755868544600939
2024,80302,urbana,27,hombre,22,163,13.496932515337424
2024,80302,urbana,27,mujer,10,162,6.172839506172839
2024,80302,urbana,28,hombre,18,184,9.782608695652174
2024,80302,urbana,28,mujer,11,192,5.729166666666667
2024,80303,rural,16,hombre,1,60,1.6666666666666667
2024,80303,rural,16,mujer,0,44,0.0
2024,80303,rural,17,hombre,3,64,4.6875
2024,80303,rural,17,mujer,2,53,3.7735849056603774
2024,80303,rural,18,hombre,0,34,0.0
2024,80303,rural,18,mujer,2,40,5.0
2024,80303,rural,19,hombre,5,36,13.88888888888889
2024,80303,rural,19,mujer,1,33,3.0303030303030303
2024,80303,rural,20,hombre,4,37,10.81081081081081
2024,80303,rural,20,mujer,0,25,0.0
2024,80303,rural,21,hombre,4,41,9.75609756097561
2024,80303,rural,21,mujer,1,47,2.127659574468085
2024,80303,rural,22,hombre,0,36,0.0
2024,80303,rural,22,mujer,0,28,0.0
2024,80303,rural,23,hombre,6,33,18.181818181818183
2024,80303,rural,23,mujer,0,44,0.0
2024,80303,rural,24,hombre,2,59,3.389830508474576
2024,80303,rural,24,mujer,2,48,4.166666666666667
2024,80303,rural,25,hombre,4,41,9.75609756097561
2024,80303,rural,25,mujer,0,38,0.0
2024,80303,rural,26,hombre,3,59,5.084745762711864
2024,80303,rural,26,mujer,1,35,2.857142857142857
2024,80303,rural,27,hombre,4,46,8.695652173913043
2024,80303,rural,27,mujer,0,47,0.0
2024,80303,rural,28,hombre,5,50,10.0
2024,80303,rural,28,mujer,1,40,2.5
2024,80303,urbana,16,hombre,0,53,0.0
2024,80303,urbana,16,mujer,2,64,3.125
2024,80303,urbana,17,hombre,0,58,0.0
2024,80303,urbana,17,mujer,2,56,3.5714285714285716
2024,80303,urbana,18,hombre,0,39,0.0
2024,80303,urbana,18,mujer,1,41,2.4390243902439024
2024,80303,urbana,19,hombre,4,34,11.764705882352942
2024,80303,urbana,19,mujer,2,32,6.25
2024,80303,urbana,20,hombre,1,42,2.380952380952381
2024,80303,urbana,20,mujer,0,34,0.0
2024,80303,urbana,21,hombre,1,28,3.5714285714285716
2024,80303,urbana,21,mujer,0,33,0.0
2024,80303,urbana,22,hombre,2,43,4.651162790697675
2024,80303,urbana,22,mujer,0,36,0.0
2024,80303,urbana,23,hombre,3,43,6.976744186046512
2024,80303,urbana,23,mujer,0,42,0.0
2024,80303,urbana,24,hombre,3,46,6.521739130434782
2024,80303,urbana,24,mujer,1,51,1.9607843137254901
2024,80303,urbana,25,hombre,1,36,2.7777777777777777
2024,80303,urbana,25,mujer,1,39,2.5641025641025643
2024,80303,urbana,26,hombre,1,45,2.2222222222222223
2024,80303,urbana,26,mujer,0,39,0.0
2024,80303,urbana,27,hombre,2,50,4.0
2024,80303,urbana,27,mujer,2,46,4.3478260869565215
2024,80303,urbana,28,hombre,2,49,4.081632653061225
2024,80303,urbana,28,mujer,2,36,5.555555555555555
2024,80304,rural,16,hombre,10,92,10.869565217391305
2024,80304,rural,16,mujer,3,57,5.2631578947368425
2024,80304,rural,17,hombre,9,71,12.67605633802817
2024,80304,rural,17,mujer,6,67,8.955223880597014
2024,80304,rural,18,hombre,13,66,19.696969696969695
2024,80304,rural,18,mujer,6,48,12.5
2024,80304,rural,19,hombre,18,44,40.90909090909091
2024,80304,rural,19,mujer,5,50,10.0
2024,80304,rural,20,hombre,17,67,25.37313432835821
2024,80304,rural,20,mujer,8,49,16.3265306122449
2024,80304,rural,21,hombre,12,48,25.0
2024,80304,rural,21,mujer,8,50,16.0
2024,80304,rural,22,hombre,12,50,24.0
2024,80304,rural,22,mujer,8,54,14.814814814814815
2024,80304,rural,23,hombre,12,66,18.181818181818183
2024,80304,rural,23,mujer,6,57,10.526315789473685
2024,80304,rural,24,hombre,19,68,27.941176470588236
2024,80304,rural,24,mujer,8,57,14.035087719298245
2024,80304,rural,25,hombre,11,51,21.568627450980394
2024,80304,rural,25,mujer,4,59,6.779661016949152
2024,80304,rural,26,hombre,19,74,25.675675675675677
2024,80304,rural,26,mujer,2,47,4.25531914893617
2024,80304,rural,27,hombre,21,65,32.30769230769231
2024,80304,rural,27,mujer,6,64,9.375
2024,80304,rural,28,hombre,12,67,17.91044776119403
2024,80304,rural,28,mujer,6,61,9.836065573770492
2024,80304,urbana,16,hombre,3,153,1.9607843137254901
2024,80304,urbana,16,mujer,1,125,0.8
2024,80304,urbana,17,hombre,2,185,1.0810810810810811
2024,80304,urbana,17,mujer,3,148,2.027027027027027
2024,80304,urbana,18,hombre,6,256,2.34375
2024,80304,urbana,18,mujer,4,91,4.395604395604396
2024,80304,urbana,19,hombre,8,166,4.819277108433735
2024,80304,urbana,19,mujer,4,90,4.444444444444445
2024,80304,urbana,20,hombre,9,116,7.758620689655173
2024,80304,urbana,20,mujer,10,109,9.174311926605505
2024,80304,urbana,21,hombre,5,108,4.62962962962963
2024,80304,urbana,21,mujer,5,95,5.2631578947368425
2024,80304,urbana,22,hombre,5,87,5.747126436781609
2024,80304,urbana,22,mujer,4,107,3.7383177570093458
2024,80304,urbana,23,hombre,10,119,8.403361344537815
2024,80304,urbana,23,mujer,7,113,6.1946902654867255
2024,80304,urbana,24,hombre,14,107,13.08411214953271
2024,80304,urbana,24,mujer,7,132,5.303030303030303
2024,80304,urbana,25,hombre,14,101,13.861386138613861
2024,80304,urbana,25,mujer,6,116,5.172413793103448
2024,80304,urbana,26,hombre,14,119,11.764705882352942
2024,80304,urbana,26,mujer,7,118,5.932203389830509
2024,80304,urbana,27,hombre,11,101,10.891089108910892
2024,80304,urbana,27,mujer,8,116,6.896551724137931
2024,80304,urbana,28,hombre,12,94,12.76595744680851
2024,80304,urbana,28,mujer,7,114,6.140350877192983
2024,80401,rural,16,hombre,1,48,2.0833333333333335
2024,80401,rural,16,mujer,0,51,0.0
2024,80401,rural,17,hombre,3,62,4.838709677419355
2024,80401,rural,17,mujer,0,39,0.0
2024,80401,rural,18,hombre,2,36,5.555555555555555
2024,80401,rural,18,mujer,1,36,2.7777777777777777
2024,80401,rural,19,hombre,2,45,4.444444444444445
2024,80401,rural,19,mujer,1,46,2.1739130434782608
2024,80401,rural,20,hombre,1,37,2.7027027027027026
2024,80401,rural,20,mujer,1,42,2.380952380952381
2024,80401,rural,21,hombre,3,64,4.6875
2024,80401,rural,21,mujer,0,39,0.0
2024,80401,rural,22,hombre,3,35,8.571428571428571
2024,80401,rural,22,mujer,0,28,0.0
2024,80401,rural,23,hombre,3,48,6.25
2024,80401,rural,23,mujer,1,33,3.0303030303030303
2024,80401,rural,24,hombre,2,61,3.278688524590164
2024,80401,rural,24,mujer,0,36,0.0
2024,80401,rural,25,hombre,4,41,9.75609756097561
2024,80401,rural,25,mujer,0,32,0.0
2024,80401,rural,26,hombre,7,64,10.9375
2024,80401,rural,26,mujer,0,38,0.0
2024,80401,rural,27,hombre,0,36,0.0
2024,80401,rural,27,mujer,0,31,0.0
2024,80401,rural,28,hombre,3,46,6.521739130434782
2024,80401,rural,28,mujer,0,36,0.0
2024,80401,urbana,16,hombre,1,130,0.7692307692307693
2024,80401,urbana,16,mujer,1,154,0.6493506493506493
2024,80401,urbana,17,hombre,2,159,1.2578616352201257
2024,80401,urbana,17,mujer,3,123,2.4390243902439024
2024,80401,urbana,18,hombre,2,104,1.9230769230769231
2024,80401,urbana,18,mujer,0,91,0.0
2024,80401,urbana,19,hombre,0,97,0.0
2024,80401,urbana,19,mujer,3,100,3.0
2024,80401,urbana,20,hombre,3,91,3.2967032967032965
2024,80401,urbana,20,mujer,0,89,0.0
2024,80401,urbana,21,hombre,1,79,1.2658227848101267
2024,80401,urbana,21,mujer,1,79,1.2658227848101267
2024,80401,urbana,22,hombre,2,87,2.2988505747126435
2024,80401,urbana,22,mujer,1,87,1.1494252873563218
2024,80401,urbana,23,hombre,4,79,5.063291139240507
2024,80401,urbana,23,mujer,0,108,0.0
2024,80401,urbana,24,hombre,5,111,4.504504504504505
2024,80401,urbana,24,mujer,2,117,1.7094017094017093
2024,80401,urbana,25,hombre,4,81,4.938271604938271
2024,80401,urbana,25,mujer,1,84,1.1904761904761905
2024,80401,urbana,26,hombre,4,83,4.819277108433735
2024,80401,urbana,26,mujer,2,85,2.3529411764705883
2024,80401,urbana,27,hombre,9,92,9.782608695652174
2024,80401,urbana,27,mujer,1,114,0.8771929824561403
2024,80401,urbana,28,hombre,5,81,6.172839506172839
2024,80401,urbana,28,mujer,0,95,0.0
2024,80402,rural,16,hombre,0,48,0.0
2024,80402,rural,16,mujer,0,57,0.0
2024,80402,rural,17,hombre,0,63,0.0
2024,80402,rural,17,mujer,0,58,0.0
2024,80402,rural,18,hombre,0,62,0.0
2024,80402,rural,18,mujer,0,59,0.0
2024,80402,rural,19,hombre,3,66,4.545454545454546
2024,80402,rural,19,mujer,0,67,0.0
2024,80402,rural,20,hombre,2,86,2.3255813953488373
2024,80402,rural,20,mujer,0,90,0.0
2024,80402,rural,21,hombre,1,80,1.25
2024,80402,rural,21,mujer,0,60,0.0
2024,80402,rural,22,hombre,1,84,1.1904761904761905
2024,80402,rural,22,mujer,0,63,0.0
2024,80402,rural,23,hombre,1,76,1.3157894736842106
2024,80402,rural,23,mujer,0,59,0.0
2024,80402,rural,24,hombre,0,82,0.0
2024,80402,rural,24,mujer,0,54,0.0
2024,80402,rural,25,hombre,0,74,0.0
2024,80402,rural,25,mujer,0,45,0.0
2024,80402,rural,26,hombre,1,67,1.492537313432836
2024,80402,rural,26,mujer,0,54,0.0
2024,80402,rural,27,hombre,3,78,3.8461538461538463
2024,80402,rural,27,mujer,0,61,0.0
2024,80402,rural,28,hombre,5,72,6.944444444444445
2024,80402,rural,28,mujer,0,47,0.0
2024,80402,urbana,16,hombre,0,18,0.0
2024,80402,urbana,16,mujer,0,18,0.0
2024,80402,urbana,17,hombre,0,27,0.0
2024,80402,urbana,17,mujer,0,15,0.0
2024,80402,urbana,18,hombre,0,20,0.0
2024,80402,urbana,18,mujer,0,22,0.0
2024,80402,urbana,19,hombre,0,24,0.0
2024,80402,urbana,19,mujer,0,21,0.0
2024,80402,urbana,20,hombre,0,32,0.0
2024,80402,urbana,20,mujer,0,27,0.0
2024,80402,urbana,21,hombre,0,21,0.0
2024,80402,urbana,21,mujer,0,20,0.0
2024,80402,urbana,22,hombre,0,21,0.0
2024,80402,urbana,22,mujer,0,23,0.0
2024,80402,urbana,23,hombre,0,36,0.0
2024,80402,urbana,23,mujer,0,19,0.0
2024,80402,urbana,24,hombre,0,27,0.0
2024,80402,urbana,24,mujer,0,18,0.0
2024,80402,urbana,25,hombre,0,23,0.0
2024,80402,urbana,25,mujer,0,23,0.0
2024,80402,urbana,26,hombre,0,18,0.0
2024,80402,urbana,26,mujer,0,15,0.0
2024,80402,urbana,27,hombre,0,21,0.0
2024,80402,urbana,27,mujer,0,16,0.0
2024,80402,urbana,28,hombre,0,13,0.0
2024,80402,urbana,28,mujer,0,26,0.0
2024,80501,rural,16,hombre,1,140,0.7142857142857143
2024,80501,rural,16,mujer,0,97,0.0
2024,80501,rural,17,hombre,2,120,1.6666666666666667
2024,80501,rural,17,mujer,2,120,1.6666666666666667
2024,80501,rural,18,hombre,5,82,6.097560975609756
2024,80501,rural,18,mujer,1,65,1.5384615384615385
2024,80501,rural,19,hombre,6,88,6.818181818181818
2024,80501,rural,19,mujer,0,79,0.0
2024,80501,rural,20,hombre,2,79,2.5316455696202533
2024,80501,rural,20,mujer,1,82,1.2195121951219512
2024,80501,rural,21,hombre,6,76,7.894736842105263
2024,80501,rural,21,mujer,1,77,1.2987012987012987
2024,80501,rural,22,hombre,4,76,5.2631578947368425
2024,80501,rural,22,mujer,0,84,0.0
2024,80501,rural,23,hombre,9,94,9.574468085106384
2024,80501,rural,23,mujer,1,82,1.2195121951219512
2024,80501,rural,24,hombre,9,111,8.108108108108109
2024,80501,rural,24,mujer,2,107,1.8691588785046729
2024,80501,rural,25,hombre,12,104,11.538461538461538
2024,80501,rural,25,mujer,1,66,1.5151515151515151
2024,80501,rural,26,hombre,8,86,9.30232558139535
2024,80501,rural,26,mujer,2,73,2.73972602739726
2024,80501,rural,27,hombre,8,80,10.0
2024,80501,rural,27,mujer,2,78,2.5641025641025643
2024,80501,rural,28,hombre,7,84,8.333333333333334
2024,80501,rural,28,mujer,6,71,8.450704225352112
2024,80501,urbana,16,hombre,2,125,1.6
2024,80501,urbana,16,mujer,2,125,1.6
2024,80501,urbana,17,hombre,1,101,0.9900990099009901
2024,80501,urbana,17,mujer,1,118,0.847457627118644
2024,80501,urbana,18,hombre,5,79,6.329113924050633
2024,80501,urbana,18,mujer,8,93,8.602150537634408
2024,80501,urbana,19,hombre,4,65,6.153846153846154
2024,80501,urbana,19,mujer,7,87,8.045977011494253
2024,80501,urbana,20,hombre,6,98,6.122448979591836
2024,80501,urbana,20,mujer,2,77,2.5974025974025974
2024,80501,urbana,21,hombre,4,75,5.333333333333333
2024,80501,urbana,21,mujer,6,79,7.594936708860759
2024,80501,urbana,22,hombre,13,77,16.883116883116884
2024,80501,urbana,22,mujer,5,70,7.142857142857143
2024,80501,urbana,23,hombre,11,96,11.458333333333334
2024,80501,urbana,23,mujer,5,75,6.666666666666667
2024,80501,urbana,24,hombre,6,78,7.6923076923076925
2024,80501,urbana,24,mujer,1,90,1.1111111111111112
2024,80501,urbana,25,hombre,10,75,13.333333333333334
2024,80501,urbana,25,mujer,3,77,3.896103896103896
2024,80501,urbana,26,hombre,5,67,7.462686567164179
2024,80501,urbana,26,mujer,1,88,1.1363636363636365
2024,80501,urbana,27,hombre,7,68,10.294117647058824
2024,80501,urbana,27,mujer,2,76,2.6315789473684212
2024,80501,urbana,28,hombre,6,78,7.6923076923076925
2024,80501,urbana,28,mujer,3,80,3.75
2024,80601,rural,16,hombre,0,26,0.0
2024,80601,rural,16,mujer,1,53,1.8867924528301887
2024,80601,rural,17,hombre,1,26,3.8461538461538463
2024,80601,rural,17,mujer,1,31,3.225806451612903
2024,80601,rural,18,hombre,2,38,5.2631578947368425
2024,80601,rural,18,mujer,1,25,4.0
2024,80601,rural,19,hombre,2,17,11.764705882352942
2024,80601,rural,19,mujer,2,38,5.2631578947368425
2024,80601,rural,20,hombre,3,34,8.823529411764707
2024,80601,rural,20,mujer,2,46,4.3478260869565215
2024,80601,rural,21,hombre,3,27,11.11111111111111
2024,80601,rural,21,mujer,1,30,3.3333333333333335
2024,80601,rural,22,hombre,5,37,13.513513513513514
2024,80601,rural,22,mujer,1,35,2.857142857142857
2024,80601,rural,23,hombre,3,38,7.894736842105263
2024,80601,rural,23,mujer,0,27,0.0
2024,80601,rural,24,hombre,0,29,0.0
2024,80601,rural,24,mujer,0,35,0.0
2024,80601,rural,25,hombre,3,41,7.317073170731708
2024,80601,rural,25,mujer,0,25,0.0
2024,80601,rural,26,hombre,2,29,6.896551724137931
2024,80601,rural,26,mujer,0,26,0.0
2024,80601,rural,27,hombre,1,34,2.9411764705882355
2024,80601,rural,27,mujer,1,35,2.857142857142857
2024,80601,rural,28,hombre,0,36,0.0
2024,80601,rural,28,mujer,1,36,2.7777777777777777
2024,80602,rural,16,hombre,2,124,1.6129032258064515
2024,80602,rural,16,mujer,1,65,1.5384615384615385
2024,80602,rural,17,hombre,7,132,5.303030303030303
2024,80602,rural,17,mujer,2,94,2.127659574468085
2024,80602,rural,18,hombre,16,111,14.414414414414415
2024,80602,rural,18,mujer,11,86,12.790697674418604
2024,80602,rural,19,hombre,13,109,11.926605504587156
2024,80602,rural,19,mujer,2,72,2.7777777777777777
2024,80602,rural,20,hombre,23,108,21.296296296296298
2024,80602,rural,20,mujer,5,73,6.8493150684931505
2024,80602,rural,21,hombre,30,120,25.0
2024,80602,rural,21,mujer,9,84,10.714285714285714
2024,80602,rural,22,hombre,25,118,21.1864406779661
2024,80602,rural,22,mujer,10,91,10.989010989010989
2024,80602,rural,23,hombre,36,148,24.324324324324323
2024,80602,rural,23,mujer,11,101,10.891089108910892
2024,80602,rural,24,hombre,29,138,21.014492753623188
2024,80602,rural,24,mujer,11,128,8.59375
2024,80602,rural,25,hombre,33,146,22.602739726027398
2024,80602,rural,25,mujer,4,87,4.597701149425287
2024,80602,rural,26,hombre,26,141,18.43971631205674
2024,80602,rural,26,mujer,8,117,6.837606837606837
2024,80602,rural,27,hombre,30,132,22.727272727272727
2024,80602,rural,27,mujer,9,120,7.5
2024,80602,rural,28,hombre,35,153,22.875816993464053
2024,80602,rural,28,mujer,14,123,11.382113821138212
2024,80602,urbana,16,hombre,1,26,3.8461538461538463
2024,80602,urbana,16,mujer,0,28,0.0
2024,80602,urbana,17,hombre,0,37,0.0
2024,80602,urbana,17,mujer,2,28,7.142857142857143
2024,80602,urbana,18,hombre,1,14,7.142857142857143
2024,80602,urbana,18,mujer,0,18,0.0
2024,80602,urbana,19,hombre,3,13,23.076923076923077
2024,80602,urbana,19,mujer,1,18,5.555555555555555
2024,80602,urbana,20,hombre,4,20,20.0
2024,80602,urbana,20,mujer,2,28,7.142857142857143
2024,80602,urbana,21,hombre,1,19,5.2631578947368425
2024,80602,urbana,21,mujer,1,9,11.11111111111111
2024,80602,urbana,22,hombre,0,22,0.0
2024,80602,urbana,22,mujer,1,19,5.2631578947368425
2024,80602,urbana,23,hombre,2,14,14.285714285714286
2024,80602,urbana,23,mujer,2,25,8.0
2024,80602,urbana,24,hombre,0,20,0.0
2024,80602,urbana,24,mujer,1,25,4.0
2024,80602,urbana,25,hombre,6,20,30.0
2024,80602,urbana,25,mujer,2,18,11.11111111111111
2024,80602,urbana,26,hombre,1,17,5.882352941176471
2024,80602,urbana,26,mujer,1,31,3.225806451612903
2024,80602,urbana,27,hombre,3,26,11.538461538461538
2024,80602,urbana,27,mujer,2,30,6.666666666666667
2024,80602,urbana,28,hombre,3,25,12.0
2024,80602,urbana,28,mujer,0,28,0.0
2024,80701,rural,16,hombre,0,18,0.0
2024,80701,rural,16,mujer,0,18,0.0
2024,80701,rural,17,hombre,0,24,0.0
2024,80701,rural,17,mujer,0,15,0.0
2024,80701,rural,18,hombre,0,15,0.0
2024,80701,rural,18,mujer,0,16,0.0
2024,80701,rural,19,hombre,0,14,0.0
2024,80701,rural,19,mujer,0,11,0.0
2024,80701,rural,20,hombre,2,13,15.384615384615385
2024,80701,rural,20,mujer,1,13,7.6923076923076925
2024,80701,rural,21,hombre,0,12,0.0
2024,80701,rural,21,mujer,0,10,0.0
2024,80701,rural,22,hombre,1,15,6.666666666666667
2024,80701,rural,22,mujer,0,20,0.0
2024,80701,rural,23,hombre,2,19,10.526315789473685
2024,80701,rural,23,mujer,0,16,0.0
2024,80701,rural,24,hombre,0,17,0.0
2024,80701,rural,24,mujer,0,13,0.0
2024,80701,rural,25,hombre,1,17,5.882352941176471
2024,80701,rural,25,mujer,0,13,0.0
2024,80701,rural,26,hombre,1,12,8.333333333333334
2024,80701,rural,26,mujer,0,14,0.0
2024,80701,rural,27,hombre,0,25,0.0
2024,80701,rural,27,mujer,1,13,7.6923076923076925
2024,80701,rural,28,hombre,3,20,15.0
2024,80701,rural,28,mujer,0,16,0.0
2024,80701,urbana,16,hombre,1,36,2.7777777777777777
2024,80701,urbana,16,mujer,0,40,0.0
2024,80701,urbana,17,hombre,0,78,0.0
2024,80701,urbana,17,mujer,0,36,0.0
2024,80701,urbana,18,hombre,0,109,0.0
2024,80701,urbana,18,mujer,0,32,0.0
2024,80701,urbana,19,hombre,0,97,0.0
2024,80701,urbana,19,mujer,0,33,0.0
2024,80701,urbana,20,hombre,1,51,1.9607843137254901
2024,80701,urbana,20,mujer,0,36,0.0
2024,80701,urbana,21,hombre,1,31,3.225806451612903
2024,80701,urbana,21,mujer,0,33,0.0
2024,80701,urbana,22,hombre,2,33,6.0606060606060606
2024,80701,urbana,22,mujer,0,31,0.0
2024,80701,urbana,23,hombre,2,45,4.444444444444445
2024,80701,urbana,23,mujer,1,50,2.0
2024,80701,urbana,24,hombre,1,48,2.0833333333333335
2024,80701,urbana,24,mujer,1,38,2.6315789473684212
2024,80701,urbana,25,hombre,0,34,0.0
2024,80701,urbana,25,mujer,0,45,0.0
2024,80701,urbana,26,hombre,2,35,5.714285714285714
2024,80701,urbana,26,mujer,3,37,8.108108108108109
2024,80701,urbana,27,hombre,3,45,6.666666666666667
2024,80701,urbana,27,mujer,1,44,2.272727272727273
2024,80701,urbana,28,hombre,1,52,1.9230769230769231
2024,80701,urbana,28,mujer,0,45,0.0
2024,80702,rural,16,hombre,1,9,11.11111111111111
2024,80702,rural,16,mujer,0,7,0.0
2024,80702,rural,17,hombre,2,17,11.764705882352942
2024,80702,rural,17,mujer,1,12,8.333333333333334
2024,80702,rural,18,hombre,4,19,21.05263157894737
2024,80702,rural,18,mujer,4,13,30.76923076923077
2024,80702,rural,19,hombre,7,18,38.888888888888886
2024,80702,rural,19,mujer,3,22,13.636363636363637
2024,80702,rural,20,hombre,8,18,44.44444444444444
2024,80702,rural,20,mujer,1,10,10.0
2024,80702,rural,21,hombre,7,18,38.888888888888886
2024,80702,rural,21,mujer,5,16,31.25
2024,80702,rural,22,hombre,7,19,36.8421052631579
2024,80702,rural,22,mujer,2,10,20.0
2024,80702,rural,23,hombre,8,23,34.78260869565217
2024,80702,rural,23,mujer,3,14,21.428571428571427
2024,80702,rural,24,hombre,8,17,47.05882352941177
2024,80702,rural,24,mujer,0,9,0.0
2024,80702,rural,25,hombre,8,17,47.05882352941177
2024,80702,rural,25,mujer,1,15,6.666666666666667
2024,80702,rural,26,hombre,4,16,25.0
2024,80702,rural,26,mujer,2,18,11.11111111111111
2024,80702,rural,27,hombre,4,14,28.571428571428573
2024,80702,rural,27,mujer,3,14,21.428571428571427
2024,80702,rural,28,hombre,6,21,28.571428571428573
2024,80702,rural,28,mujer,1,10,10.0
2024,80702,urbana,16,hombre,1,53,1.8867924528301887
2024,80702,urbana,16,mujer,1,55,1.8181818181818181
2024,80702,urbana,17,hombre,0,42,0.0
2024,80702,urbana,17,mujer,2,39,5.128205128205129
2024,80702,urbana,18,hombre,0,33,0.0
2024,80702,urbana,18,mujer,0,26,0.0
2024,80702,urbana,19,hombre,2,36,5.555555555555555
2024,80702,urbana,19,mujer,1,24,4.166666666666667
2024,80702,urbana,20,hombre,0,27,0.0
2024,80702,urbana,20,mujer,0,24,0.0
2024,80702,urbana,21,hombre,0,33,0.0
2024,80702,urbana,21,mujer,0,19,0.0
2024,80702,urbana,22,hombre,0,24,0.0
2024,80702,urbana,22,mujer,0,17,0.0
2024,80702,urbana,23,hombre,0,35,0.0
2024,80702,urbana,23,mujer,0,25,0.0
2024,80702,urbana,24,hombre,2,21,9.523809523809524
2024,80702,urbana,24,mujer,0,39,0.0
2024,80702,urbana,25,hombre,0,23,0.0
2024,80702,urbana,25,mujer,1,41,2.4390243902439024
2024,80702,urbana,26,hombre,2,33,6.0606060606060606
2024,80702,urbana,26,mujer,0,27,0.0
2024,80702,urbana,27,hombre,0,17,0.0
2024,80702,urbana,27,mujer,3,24,12.5
2024,80702,urbana,28,hombre,1,36,2.7777777777777777
2024,80702,urbana,28,mujer,0,33,0.0
2024,80703,rural,16,hombre,1,10,10.0
2024,80703,rural,16,mujer,0,17,0.0
2024,80703,rural,17,hombre,0,13,0.0
2024,80703,rural,17,mujer,1,6,16.666666666666668
2024,80703,rural,18,hombre,1,9,11.11111111111111
2024,80703,rural,18,mujer,1,8,12.5
2024,80703,rural,19,hombre,0,4,0.0
2024,80703,rural,19,mujer,0,7,0.0
2024,80703,rural,20,hombre,1,4,25.0
2024,80703,rural,20,mujer,0,9,0.0
2024,80703,rural,21,hombre,1,7,14.285714285714286
2024,80703,rural,21,mujer,0,9,0.0
2024,80703,rural,22,hombre,0,5,0.0
2024,80703,rural,22,mujer,0,7,0.0
2024,80703,rural,23,hombre,2,11,18.181818181818183
2024,80703,rural,23,mujer,0,8,0.0
2024,80703,rural,24,hombre,0,11,0.0
2024,80703,rural,24,mujer,0,10,0.0
2024,80703,rural,25,hombre,1,13,7.6923076923076925
2024,80703,rural,25,mujer,0,5,0.0
2024,80703,rural,26,hombre,1,8,12.5
2024,80703,rural,26,mujer,0,14,0.0
2024,80703,rural,27,hombre,2,11,18.181818181818183
2024,80703,rural,27,mujer,0,6,0.0
2024,80703,rural,28,hombre,0,14,0.0
2024,80703,rural,28,mujer,1,8,12.5
2024,80801,rural,16,hombre,1,26,3.8461538461538463
2024,80801,rural,16,mujer,0,23,0.0
2024,80801,rural,17,hombre,0,33,0.0
2024,80801,rural,17,mujer,0,20,0.0
2024,80801,rural,18,hombre,0,29,0.0
2024,80801,rural,18,mujer,0,15,0.0
2024,80801,rural,19,hombre,1,23,4.3478260869565215
2024,80801,rural,19,mujer,0,12,0.0
2024,80801,rural,20,hombre,0,15,0.0
2024,80801,rural,20,mujer,0,16,0.0
2024,80801,rural,21,hombre,0,19,0.0
2024,80801,rural,21,mujer,1,15,6.666666666666667
2024,80801,rural,22,hombre,3,18,16.666666666666668
2024,80801,rural,22,mujer,0,16,0.0
2024,80801,rural,23,hombre,1,20,5.0
2024,80801,rural,23,mujer,1,20,5.0
2024,80801,rural,24,hombre,2,30,6.666666666666667
2024,80801,rural,24,mujer,1,26,3.8461538461538463
2024,80801,rural,25,hombre,0,30,0.0
2024,80801,rural,25,mujer,0,16,0.0
2024,80801,rural,26,hombre,2,24,8.333333333333334
2024,80801,rural,26,mujer,0,16,0.0
2024,80801,rural,27,hombre,2,30,6.666666666666667
2024,80801,rural,27,mujer,0,16,0.0
2024,80801,rural,28,hombre,2,28,7.142857142857143
2024,80801,rural,28,mujer,1,22,4.545454545454546
2024,80801,urbana,16,hombre,1,105,0.9523809523809523
2024,80801,urbana,16,mujer,1,94,1.0638297872340425
2024,80801,urbana,17,hombre,3,116,2.586206896551724
2024,80801,urbana,17,mujer,3,105,2.857142857142857
2024,80801,urbana,18,hombre,0,75,0.0
2024,80801,urbana,18,mujer,2,75,2.6666666666666665
2024,80801,urbana,19,hombre,1,72,1.3888888888888888
2024,80801,urbana,19,mujer,0,52,0.0
2024,80801,urbana,20,hombre,2,56,3.5714285714285716
2024,80801,urbana,20,mujer,1,55,1.8181818181818181
2024,80801,urbana,21,hombre,0,63,0.0
2024,80801,urbana,21,mujer,1,57,1.7543859649122806
2024,80801,urbana,22,hombre,3,61,4.918032786885246
2024,80801,urbana,22,mujer,0,45,0.0
2024,80801,urbana,23,hombre,1,65,1.5384615384615385
2024,80801,urbana,23,mujer,1,67,1.492537313432836
2024,80801,urbana,24,hombre,1,67,1.492537313432836
2024,80801,urbana,24,mujer,2,79,2.5316455696202533
2024,80801,urbana,25,hombre,2,59,3.389830508474576
2024,80801,urbana,25,mujer,1,52,1.9230769230769231
2024,80801,urbana,26,hombre,2,73,2.73972602739726
2024,80801,urbana,26,mujer,0,66,0.0
2024,80801,urbana,27,hombre,1,70,1.4285714285714286
2024,80801,urbana,27,mujer,2,83,2.4096385542168677
2024,80801,urbana,28,hombre,4,60,6.666666666666667
2024,80801,urbana,28,mujer,1,72,1.3888888888888888
2024,80802,rural,16,hombre,3,33,9.090909090909092
2024,80802,rural,16,mujer,1,26,3.8461538461538463
2024,80802,rural,17,hombre,2,66,3.0303030303030303
2024,80802,rural,17,mujer,1,36,2.7777777777777777
2024,80802,rural,18,hombre,1,86,1.1627906976744187
2024,80802,rural,18,mujer,3,25,12.0
2024,80802,rural,19,hombre,2,61,3.278688524590164
2024,80802,rural,19,mujer,0,23,0.0
2024,80802,rural,20,hombre,6,67,8.955223880597014
2024,80802,rural,20,mujer,2,30,6.666666666666667
2024,80802,rural,21,hombre,1,48,2.0833333333333335
2024,80802,rural,21,mujer,1,29,3.4482758620689653
2024,80802,rural,22,hombre,5,55,9.090909090909092
2024,80802,rural,22,mujer,2,36,5.555555555555555
2024,80802,rural,23,hombre,5,55,9.090909090909092
2024,80802,rural,23,mujer,3,56,5.357142857142857
2024,80802,rural,24,hombre,11,74,14.864864864864865
2024,80802,rural,24,mujer,1,46,2.1739130434782608
2024,80802,rural,25,hombre,7,50,14.0
2024,80802,rural,25,mujer,1,33,3.0303030303030303
2024,80802,rural,26,hombre,10,63,15.873015873015873
2024,80802,rural,26,mujer,2,43,4.651162790697675
2024,80802,rural,27,hombre,5,49,10.204081632653061
2024,80802,rural,27,mujer,4,54,7.407407407407407
2024,80802,rural,28,hombre,8,60,13.333333333333334
2024,80802,rural,28,mujer,2,42,4.761904761904762
2024,80802,urbana,16,hombre,0,23,0.0
2024,80802,urbana,16,mujer,1,22,4.545454545454546
2024,80802,urbana,17,hombre,1,26,3.8461538461538463
2024,80802,urbana,17,mujer,0,22,0.0
2024,80802,urbana,18,hombre,0,14,0.0
2024,80802,urbana,18,mujer,0,15,0.0
2024,80802,urbana,19,hombre,0,13,0.0
2024,80802,urbana,19,mujer,1,14,7.142857142857143
2024,80802,urbana,20,hombre,3,17,17.647058823529413
2024,80802,urbana,20,mujer,0,15,0.0
2024,80802,urbana,21,hombre,1,10,10.0
2024,80802,urbana,21,mujer,0,16,0.0
2024,80802,urbana,22,hombre,1,10,10.0
2024,80802,urbana,22,mujer,0,10,0.0
2024,80802,urbana,23,hombre,1,12,8.333333333333334
2024,80802,urbana,23,mujer,1,13,7.6923076923076925
2024,80802,urbana,24,hombre,1,13,7.6923076923076925
2024,80802,urbana,24,mujer,1,14,7.142857142857143
2024,80802,urbana,25,hombre,3,16,18.75
2024,80802,urbana,25,mujer,1,12,8.333333333333334
2024,80802,urbana,26,hombre,0,12,0.0
2024,80802,urbana,26,mujer,0,12,0.0
2024,80802,urbana,27,hombre,2,15,13.333333333333334
2024,80802,urbana,27,mujer,1,11,9.090909090909092
2024,80802,urbana,28,hombre,0,15,0.0
2024,80802,urbana,28,mujer,1,18,5.555555555555555
2024,80803,rural,16,hombre,0,18,0.0
2024,80803,rural,16,mujer,0,15,0.0
2024,80803,rural,17,hombre,1,20,5.0
2024,80803,rural,17,mujer,0,12,0.0
2024,80803,rural,18,hombre,0,20,0.0
2024,80803,rural,18,mujer,0,20,0.0
2024,80803,rural,19,hombre,0,19,0.0
2024,80803,rural,19,mujer,0,21,0.0
2024,80803,rural,20,hombre,0,19,0.0
2024,80803,rural,20,mujer,0,20,0.0
2024,80803,rural,21,hombre,0,24,0.0
2024,80803,rural,21,mujer,0,18,0.0
2024,80803,rural,22,hombre,0,18,0.0
2024,80803,rural,22,mujer,0,18,0.0
2024,80803,rural,23,hombre,2,30,6.666666666666667
2024,80803,rural,23,mujer,0,21,0.0
2024,80803,rural,24,hombre,2,34,5.882352941176471
2024,80803,rural,24,mujer,0,15,0.0
2024,80803,rural,25,hombre,1,25,4.0
2024,80803,rural,25,mujer,0,15,0.0
2024,80803,rural,26,hombre,0,14,0.0
2024,80803,rural,26,mujer,0,15,0.0
2024,80803,rural,27,hombre,0,24,0.0
2024,80803,rural,27,mujer,0,17,0.0
2024,80803,rural,28,hombre,1,24,4.166666666666667
2024,80803,rural,28,mujer,0,18,0.0
2024,80803,urbana,16,hombre,1,20,5.0
2024,80803,urbana,16,mujer,0,20,0.0
2024,80803,urbana,17,hombre,1,24,4.166666666666667
2024,80803,urbana,17,mujer,0,14,0.0
2024,80803,urbana,18,hombre,0,9,0.0
2024,80803,urbana,18,mujer,1,7,14.285714285714286
2024,80803,urbana,19,hombre,0,12,0.0
2024,80803,urbana,19,mujer,0,8,0.0
2024,80803,urbana,20,hombre,1,18,5.555555555555555
2024,80803,urbana,20,mujer,1,13,7.6923076923076925
2024,80803,urbana,21,hombre,0,11,0.0
2024,80803,urbana,21,mujer,0,17,0.0
2024,80803,urbana,22,hombre,0,12,0.0
2024,80803,urbana,22,mujer,0,14,0.0
2024,80803,urbana,23,hombre,0,16,0.0
2024,80803,urbana,23,mujer,0,16,0.0
2024,80803,urbana,24,hombre,1,20,5.0
2024,80803,urbana,24,mujer,0,12,0.0
2024,80803,urbana,25,hombre,0,20,0.0
2024,80803,urbana,25,mujer,0,7,0.0
2024,80803,urbana,26,hombre,0,21,0.0
2024,80803,urbana,26,mujer,1,17,5.882352941176471
2024,80803,urbana,27,hombre,0,17,0.0
2024,80803,urbana,27,mujer,0,8,0.0
2024,80803,urbana,28,hombre,0,17,0.0
2024,80803,urbana,28,mujer,1,16,6.25
2024,80901,rural,16,hombre,0,56,0.0
2024,80901,rural,16,mujer,1,37,2.7027027027027026
2024,80901,rural,17,hombre,1,46,2.1739130434782608
2024,80901,rural,17,mujer,1,31,3.225806451612903
2024,80901,rural,18,hombre,4,31,12.903225806451612
2024,80901,rural,18,mujer,0,25,0.0
2024,80901,rural,19,hombre,2,26,7.6923076923076925
2024,80901,rural,19,mujer,0,27,0.0
2024,80901,rural,20,hombre,0,27,0.0
2024,80901,rural,20,mujer,4,30,13.333333333333334
2024,80901,rural,21,hombre,6,42,14.285714285714286
2024,80901,rural,21,mujer,1,35,2.857142857142857
2024,80901,rural,22,hombre,1,23,4.3478260869565215
2024,80901,rural,22,mujer,0,26,0.0
2024,80901,rural,23,hombre,2,24,8.333333333333334
2024,80901,rural,23,mujer,1,35,2.857142857142857
2024,80901,rural,24,hombre,5,36,13.88888888888889
2024,80901,rural,24,mujer,2,32,6.25
2024,80901,rural,25,hombre,1,35,2.857142857142857
2024,80901,rural,25,mujer,2,31,6.451612903225806
2024,80901,rural,26,hombre,2,26,7.6923076923076925
2024,80901,rural,26,mujer,0,28,0.0
2024,80901,rural,27,hombre,2,24,8.333333333333334
2024,80901,rural,27,mujer,0,35,0.0
2024,80901,rural,28,hombre,2,25,8.0
2024,80901,rural,28,mujer,0,15,0.0
2024,90101,rural,16,hombre,1,11,9.090909090909092
2024,90101,rural,16,mujer,1,7,14.285714285714286
2024,90101,rural,17,hombre,0,12,0.0
2024,90101,rural,17,mujer,0,11,0.0
2024,90101,rural,18,hombre,1,21,4.761904761904762
2024,90101,rural,18,mujer,0,14,0.0
2024,90101,rural,19,hombre,0,16,0.0
2024,90101,rural,19,mujer,0,21,0.0
2024,90101,rural,20,hombre,1,25,4.0
2024,90101,rural,20,mujer,1,19,5.2631578947368425
2024,90101,rural,21,hombre,2,39,5.128205128205129
2024,90101,rural,21,mujer,1,11,9.090909090909092
2024,90101,rural,22,hombre,0,28,0.0
2024,90101,rural,22,mujer,0,25,0.0
2024,90101,rural,23,hombre,4,24,16.666666666666668
2024,90101,rural,23,mujer,0,22,0.0
2024,90101,rural,24,hombre,1,15,6.666666666666667
2024,90101,rural,24,mujer,2,19,10.526315789473685
2024,90101,rural,25,hombre,1,16,6.25
2024,90101,rural,25,mujer,0,15,0.0
2024,90101,rural,26,hombre,2,16,12.5
2024,90101,rural,26,mujer,0,14,0.0
2024,90101,rural,27,hombre,1,9,11.11111111111111
2024,90101,rural,27,mujer,0,12,0.0
2024,90101,rural,28,hombre,3,17,17.647058823529413
2024,90101,rural,28,mujer,2,15,13.333333333333334
2024,90101,urbana,16,hombre,8,494,1.6194331983805668
2024,90101,urbana,16,mujer,9,498,1.8072289156626506
2024,90101,urbana,17,hombre,5,624,0.8012820512820513
2024,90101,urbana,17,mujer,12,525,2.2857142857142856
2024,90101,urbana,18,hombre,18,831,2.1660649819494586
2024,90101,urbana,18,mujer,18,541,3.3271719038817005
2024,90101,urbana,19,hombre,35,633,5.529225908372828
2024,90101,urbana,19,mujer,23,475,4.842105263157895
2024,90101,urbana,20,hombre,41,541,7.578558225508318
2024,90101,urbana,20,mujer,30,520,5.769230769230769
2024,90101,urbana,21,hombre,30,529,5.671077504725898
2024,90101,urbana,21,mujer,25,520,4.8076923076923075
2024,90101,urbana,22,hombre,42,533,7.879924953095685
2024,90101,urbana,22,mujer,35,562,6.227758007117438
2024,90101,urbana,23,hombre,45,566,7.950530035335689
2024,90101,urbana,23,mujer,35,564,6.205673758865248
2024,90101,urbana,24,hombre,47,571,8.231173380035026
2024,90101,urbana,24,mujer,33,541,6.099815157116451
2024,90101,urbana,25,hombre,42,506,8.300395256916996
2024,90101,urbana,25,mujer,31,478,6.485355648535565
2024,90101,urbana,26,hombre,50,476,10.504201680672269
2024,90101,urbana,26,mujer,24,518,4.633204633204633
2024,90101,urbana,27,hombre,37,464,7.974137931034483
2024,90101,urbana,27,mujer,24,495,4.848484848484849
2024,90101,urbana,28,hombre,51,453,11.258278145695364
2024,90101,urbana,28,mujer,27,489,5.521472392638037
2024,90102,rural,16,hombre,0,18,0.0
2024,90102,rural,16,mujer,0,19,0.0
2024,90102,rural,17,hombre,0,15,0.0
2024,90102,rural,17,mujer,0,15,0.0
2024,90102,rural,18,hombre,1,20,5.0
2024,90102,rural,18,mujer,1,20,5.0
2024,90102,rural,19,hombre,1,19,5.2631578947368425
2024,90102,rural,19,mujer,0,16,0.0
2024,90102,rural,20,hombre,0,9,0.0
2024,90102,rural,20,mujer,0,16,0.0
2024,90102,rural,21,hombre,1,15,6.666666666666667
2024,90102,rural,21,mujer,0,15,0.0
2024,90102,rural,22,hombre,0,9,0.0
2024,90102,rural,22,mujer,0,9,0.0
2024,90102,rural,23,hombre,2,18,11.11111111111111
2024,90102,rural,23,mujer,1,29,3.4482758620689653
2024,90102,rural,24,hombre,2,16,12.5
2024,90102,rural,24,mujer,1,16,6.25
2024,90102,rural,25,hombre,1,16,6.25
2024,90102,rural,25,mujer,0,19,0.0
2024,90102,rural,26,hombre,2,17,11.764705882352942
2024,90102,rural,26,mujer,0,14,0.0
2024,90102,rural,27,hombre,0,21,0.0
2024,90102,rural,27,mujer,0,19,0.0
2024,90102,rural,28,hombre,0,11,0.0
2024,90102,rural,28,mujer,0,16,0.0
2024,90102,urbana,16,hombre,1,72,1.3888888888888888
2024,90102,urbana,16,mujer,0,76,0.0
2024,90102,urbana,17,hombre,1,85,1.1764705882352942
2024,90102,urbana,17,mujer,1,86,1.1627906976744187
2024,90102,urbana,18,hombre,1,83,1.2048192771084338
2024,90102,urbana,18,mujer,0,79,0.0
2024,90102,urbana,19,hombre,1,62,1.6129032258064515
2024,90102,urbana,19,mujer,0,74,0.0
2024,90102,urbana,20,hombre,0,84,0.0
2024,90102,urbana,20,mujer,1,78,1.2820512820512822
2024,90102,urbana,21,hombre,3,54,5.555555555555555
2024,90102,urbana,21,mujer,1,55,1.8181818181818181
2024,90102,urbana,22,hombre,1,73,1.36986301369863
2024,90102,urbana,22,mujer,0,53,0.0
2024,90102,urbana,23,hombre,2,73,2.73972602739726
2024,90102,urbana,23,mujer,3,71,4.225352112676056
2024,90102,urbana,24,hombre,1,83,1.2048192771084338
2024,90102,urbana,24,mujer,2,82,2.4390243902439024
2024,90102,urbana,25,hombre,4,66,6.0606060606060606
2024,90102,urbana,25,mujer,2,86,2.3255813953488373
2024,90102,urbana,26,hombre,3,44,6.818181818181818
2024,90102,urbana,26,mujer,0,43,0.0
2024,90102,urbana,27,hombre,0,62,0.0
2024,90102,urbana,27,mujer,1,58,1.7241379310344827
2024,90102,urbana,28,hombre,3,58,5.172413793103448
2024,90102,urbana,28,mujer,2,62,3.225806451612903
2024,90103,rural,16,hombre,2,20,10.0
2024,90103,rural,16,mujer,0,18,0.0
2024,90103,rural,17,hombre,1,25,4.0
2024,90103,rural,17,mujer,0,9,0.0
2024,90103,rural,18,hombre,4,30,13.333333333333334
2024,90103,rural,18,mujer,0,16,0.0
2024,90103,rural,19,hombre,4,25,16.0
2024,90103,rural,19,mujer,0,12,0.0
2024,90103,rural,20,hombre,2,18,11.11111111111111
2024,90103,rural,20,mujer,0,13,0.0
2024,90103,rural,21,hombre,3,18,16.666666666666668
2024,90103,rural,21,mujer,1,28,3.5714285714285716
2024,90103,rural,22,hombre,2,17,11.764705882352942
2024,90103,rural,22,mujer,0,12,0.0
2024,90103,rural,23,hombre,2,24,8.333333333333334
2024,90103,rural,23,mujer,1,18,5.555555555555555
2024,90103,rural,24,hombre,9,33,27.272727272727273
2024,90103,rural,24,mujer,3,17,17.647058823529413
2024,90103,rural,25,hombre,4,20,20.0
2024,90103,rural,25,mujer,1,19,5.2631578947368425
2024,90103,rural,26,hombre,6,26,23.076923076923077
2024,90103,rural,26,mujer,1,17,5.882352941176471
2024,90103,rural,27,hombre,3,19,15.789473684210526
2024,90103,rural,27,mujer,0,19,0.0
2024,90103,rural,28,hombre,4,21,19.047619047619047
2024,90103,rural,28,mujer,0,13,0.0
2024,90104,rural,16,hombre,0,15,0.0
2024,90104,rural,16,mujer,1,24,4.166666666666667
2024,90104,rural,17,hombre,4,46,8.695652173913043
2024,90104,rural,17,mujer,1,22,4.545454545454546
2024,90104,rural,18,hombre,4,57,7.017543859649122
2024,90104,rural,18,mujer,2,31,6.451612903225806
2024,90104,rural,19,hombre,4,26,15.384615384615385
2024,90104,rural,19,mujer,3,21,14.285714285714286
2024,90104,rural,20,hombre,7,40,17.5
2024,90104,rural,20,mujer,4,27,14.814814814814815
2024,90104,rural,21,hombre,10,37,27.027027027027028
2024,90104,rural,21,mujer,3,19,15.789473684210526
2024,90104,rural,22,hombre,3,31,9.67741935483871
2024,90104,rural,22,mujer,3,37,8.108108108108109
2024,90104,rural,23,hombre,12,48,25.0
2024,90104,rural,23,mujer,5,33,15.151515151515152
2024,90104,rural,24,hombre,8,42,19.047619047619047
2024,90104,rural,24,mujer,3,34,8.823529411764707
2024,90104,rural,25,hombre,7,37,18.91891891891892
2024,90104,rural,25,mujer,0,28,0.0
2024,90104,rural,26,hombre,6,35,17.142857142857142
2024,90104,rural,26,mujer,2,22,9.090909090909092
2024,90104,rural,27,hombre,12,47,25.53191489361702
2024,90104,rural,27,mujer,2,24,8.333333333333334
2024,90104,rural,28,hombre,8,36,22.22222222222222
2024,90104,rural,28,mujer,1,30,3.3333333333333335
2024,90201,rural,16,hombre,0,49,0.0
2024,90201,rural,16,mujer,0,49,0.0
2024,90201,rural,17,hombre,1,46,2.1739130434782608
2024,90201,rural,17,mujer,1,34,2.9411764705882355
2024,90201,rural,18,hombre,2,41,4.878048780487805
2024,90201,rural,18,mujer,2,37,5.405405405405405
2024,90201,rural,19,hombre,1,33,3.0303030303030303
2024,90201,rural,19,mujer,0,26,0.0
2024,90201,rural,20,hombre,1,29,3.4482758620689653
2024,90201,rural,20,mujer,2,35,5.714285714285714
2024,90201,rural,21,hombre,2,42,4.761904761904762
2024,90201,rural,21,mujer,0,32,0.0
2024,90201,rural,22,hombre,7,54,12.962962962962964
2024,90201,rural,22,mujer,2,31,6.451612903225806
2024,90201,rural,23,hombre,3,46,6.521739130434782
2024,90201,rural,23,mujer,0,32,0.0
2024,90201,rural,24,hombre,5,44,11.363636363636363
2024,90201,rural,24,mujer,2,32,6.25
2024,90201,rural,25,hombre,6,42,14.285714285714286
2024,90201,rural,25,mujer,1,33,3.0303030303030303
2024,90201,rural,26,hombre,4,37,10.81081081081081
2024,90201,rural,26,mujer,4,39,10.256410256410257
2024,90201,rural,27,hombre,4,38,10.526315789473685
2024,90201,rural,27,mujer,0,25,0.0
2024,90201,rural,28,hombre,13,49,26.53061224489796
2024,90201,rural,28,mujer,1,32,3.125
2024,90201,urbana,16,hombre,0,32,0.0
2024,90201,urbana,16,mujer,0,30,0.0
2024,90201,urbana,17,hombre,2,60,3.3333333333333335
2024,90201,urbana,17,mujer,1,35,2.857142857142857
2024,90201,urbana,18,hombre,5,143,3.4965034965034967
2024,90201,urbana,18,mujer,7,48,14.583333333333334
2024,90201,urbana,19,hombre,2,85,2.3529411764705883
2024,90201,urbana,19,mujer,7,38,18.42105263157895
2024,90201,urbana,20,hombre,4,61,6.557377049180328
2024,90201,urbana,20,mujer,7,35,20.0
2024,90201,urbana,21,hombre,7,47,14.893617021276595
2024,90201,urbana,21,mujer,6,47,12.76595744680851
2024,90201,urbana,22,hombre,13,48,27.083333333333332
2024,90201,urbana,22,mujer,5,41,12.195121951219512
2024,90201,urbana,23,hombre,6,41,14.634146341463415
2024,90201,urbana,23,mujer,1,42,2.380952380952381
2024,90201,urbana,24,hombre,6,37,16.216216216216218
2024,90201,urbana,24,mujer,9,49,18.367346938775512
2024,90201,urbana,25,hombre,16,48,33.333333333333336
2024,90201,urbana,25,mujer,5,32,15.625
2024,90201,urbana,26,hombre,9,36,25.0
2024,90201,urbana,26,mujer,4,32,12.5
2024,90201,urbana,27,hombre,5,33,15.151515151515152
2024,90201,urbana,27,mujer,1,20,5.0
2024,90201,urbana,28,hombre,6,21,28.571428571428573
2024,90201,urbana,28,mujer,3,31,9.67741935483871
2024,90202,rural,16,hombre,0,31,0.0
2024,90202,rural,16,mujer,0,53,0.0
2024,90202,rural,17,hombre,0,41,0.0
2024,90202,rural,17,mujer,0,37,0.0
2024,90202,rural,18,hombre,2,30,6.666666666666667
2024,90202,rural,18,mujer,0,35,0.0
2024,90202,rural,19,hombre,0,42,0.0
2024,90202,rural,19,mujer,1,35,2.857142857142857
2024,90202,rural,20,hombre,0,40,0.0
2024,90202,rural,20,mujer,0,37,0.0
2024,90202,rural,21,hombre,5,30,16.666666666666668
2024,90202,rural,21,mujer,0,24,0.0
2024,90202,rural,22,hombre,1,34,2.9411764705882355
2024,90202,rural,22,mujer,0,29,0.0
2024,90202,rural,23,hombre,1,31,3.225806451612903
2024,90202,rural,23,mujer,0,28,0.0
2024,90202,rural,24,hombre,4,44,9.090909090909092
2024,90202,rural,24,mujer,0,31,0.0
2024,90202,rural,25,hombre,1,28,3.5714285714285716
2024,90202,rural,25,mujer,0,29,0.0
2024,90202,rural,26,hombre,2,31,6.451612903225806
2024,90202,rural,26,mujer,0,23,0.0
2024,90202,rural,27,hombre,3,36,8.333333333333334
2024,90202,rural,27,mujer,1,28,3.5714285714285716
2024,90202,rural,28,hombre,4,32,12.5
2024,90202,rural,28,mujer,0,23,0.0
2024,90203,rural,16,hombre,0,91,0.0
2024,90203,rural,16,mujer,0,57,0.0
2024,90203,rural,17,hombre,1,62,1.6129032258064515
2024,90203,rural,17,mujer,1,64,1.5625
2024,90203,rural,18,hombre,4,70,5.714285714285714
2024,90203,rural,18,mujer,1,54,1.8518518518518519
2024,90203,rural,19,hombre,10,61,16.39344262295082
2024,90203,rural,19,mujer,4,64,6.25
2024,90203,rural,20,hombre,6,61,9.836065573770492
2024,90203,rural,20,mujer,4,68,5.882352941176471
2024,90203,rural,21,hombre,11,73,15.068493150684931
2024,90203,rural,21,mujer,4,68,5.882352941176471
2024,90203,rural,22,hombre,5,77,6.4935064935064934
2024,90203,rural,22,mujer,3,72,4.166666666666667
2024,90203,rural,23,hombre,20,98,20.408163265306122
2024,90203,rural,23,mujer,4,81,4.938271604938271
2024,90203,rural,24,hombre,11,86,12.790697674418604
2024,90203,rural,24,mujer,3,65,4.615384615384615
2024,90203,rural,25,hombre,22,80,27.5
2024,90203,rural,25,mujer,0,66,0.0
2024,90203,rural,26,hombre,13,94,13.829787234042554
2024,90203,rural,26,mujer,3,80,3.75
2024,90203,rural,27,hombre,14,85,16.470588235294116
2024,90203,rural,27,mujer,3,52,5.769230769230769
2024,90203,rural,28,hombre,19,90,21.11111111111111
2024,90203,rural,28,mujer,3,41,7.317073170731708
2024,90301,rural,16,hombre,0,85,0.0
2024,90301,rural,16,mujer,0,87,0.0
2024,90301,rural,17,hombre,1,98,1.0204081632653061
2024,90301,rural,17,mujer,0,99,0.0
2024,90301,rural,18,hombre,0,81,0.0
2024,90301,rural,18,mujer,0,84,0.0
2024,90301,rural,19,hombre,1,63,1.5873015873015872
2024,90301,rural,19,mujer,1,91,1.098901098901099
2024,90301,rural,20,hombre,0,101,0.0
2024,90301,rural,20,mujer,0,68,0.0
2024,90301,rural,21,hombre,0,79,0.0
2024,90301,rural,21,mujer,0,58,0.0
2024,90301,rural,22,hombre,0,76,0.0
2024,90301,rural,22,mujer,0,84,0.0
2024,90301,rural,23,hombre,2,84,2.380952380952381
2024,90301,rural,23,mujer,0,89,0.0
2024,90301,rural,24,hombre,0,115,0.0
2024,90301,rural,24,mujer,0,109,0.0
2024,90301,rural,25,hombre,0,86,0.0
2024,90301,rural,25,mujer,0,99,0.0
2024,90301,rural,26,hombre,2,63,3.1746031746031744
2024,90301,rural,26,mujer,1,74,1.3513513513513513
2024,90301,rural,27,hombre,0,113,0.0
2024,90301,rural,27,mujer,1,107,0.9345794392523364
2024,90301,rural,28,hombre,0,113,0.0
2024,90301,rural,28,mujer,0,100,0.0
2024,90301,urbana,16,hombre,0,14,0.0
2024,90301,urbana,16,mujer,0,12,0.0
2024,90301,urbana,17,hombre,0,17,0.0
2024,90301,urbana,17,mujer,0,14,0.0
2024,90301,urbana,18,hombre,0,16,0.0
2024,90301,urbana,18,mujer,0,18,0.0
2024,90301,urbana,19,hombre,0,14,0.0
2024,90301,urbana,19,mujer,0,15,0.0
2024,90301,urbana,20,hombre,0,12,0.0
2024,90301,urbana,20,mujer,0,11,0.0
2024,90301,urbana,21,hombre,1,16,6.25
2024,90301,urbana,21,mujer,1,17,5.882352941176471
2024,90301,urbana,22,hombre,0,11,0.0
2024,90301,urbana,22,mujer,0,13,0.0
2024,90301,urbana,23,hombre,0,17,0.0
2024,90301,urbana,23,mujer,0,15,0.0
2024,90301,urbana,24,hombre,0,26,0.0
2024,90301,urbana,24,mujer,1,24,4.166666666666667
2024,90301,urbana,25,hombre,1,11,9.090909090909092
2024,90301,urbana,25,mujer,0,15,0.0
2024,90301,urbana,26,hombre,0,23,0.0
2024,90301,urbana,26,mujer,0,8,0.0
2024,90301,urbana,27,hombre,1,18,5.555555555555555
2024,90301,urbana,27,mujer,0,24,0.0
2024,90301,urbana,28,hombre,0,30,0.0
2024,90301,urbana,28,mujer,2,26,7.6923076923076925
2024,90302,rural,16,hombre,0,88,0.0
2024,90302,rural,16,mujer,1,103,0.970873786407767
2024,90302,rural,17,hombre,2,130,1.5384615384615385
2024,90302,rural,17,mujer,0,115,0.0
2024,90302,rural,18,hombre,1,107,0.9345794392523364
2024,90302,rural,18,mujer,0,72,0.0
2024,90302,rural,19,hombre,1,81,1.2345679012345678
2024,90302,rural,19,mujer,0,77,0.0
2024,90302,rural,20,hombre,0,110,0.0
2024,90302,rural,20,mujer,1,99,1.0101010101010102
2024,90302,rural,21,hombre,7,81,8.641975308641975
2024,90302,rural,21,mujer,3,80,3.75
2024,90302,rural,22,hombre,4,122,3.278688524590164
2024,90302,rural,22,mujer,0,92,0.0
2024,90302,rural,23,hombre,2,93,2.150537634408602
2024,90302,rural,23,mujer,2,88,2.272727272727273
2024,90302,rural,24,hombre,3,107,2.803738317757009
2024,90302,rural,24,mujer,0,96,0.0
2024,90302,rural,25,hombre,0,95,0.0
2024,90302,rural,25,mujer,0,101,0.0
2024,90302,rural,26,hombre,1,93,1.075268817204301
2024,90302,rural,26,mujer,1,72,1.3888888888888888
2024,90302,rural,27,hombre,4,107,3.7383177570093458
2024,90302,rural,27,mujer,0,96,0.0
2024,90302,rural,28,hombre,2,106,1.8867924528301887
2024,90302,rural,28,mujer,1,80,1.25
2024,90303,rural,16,hombre,0,57,0.0
2024,90303,rural,16,mujer,0,39,0.0
2024,90303,rural,17,hombre,3,64,4.6875
2024,90303,rural,17,mujer,1,47,2.127659574468085
2024,90303,rural,18,hombre,8,49,16.3265306122449
2024,90303,rural,18,mujer,5,52,9.615384615384615
2024,90303,rural,19,hombre,8,57,14.035087719298245
2024,90303,rural,19,mujer,4,56,7.142857142857143
2024,90303,rural,20,hombre,10,64,15.625
2024,90303,rural,20,mujer,1,34,2.9411764705882355
2024,90303,rural,21,hombre,6,56,10.714285714285714
2024,90303,rural,21,mujer,3,53,5.660377358490566
2024,90303,rural,22,hombre,7,62,11.290322580645162
2024,90303,rural,22,mujer,2,48,4.166666666666667
2024,90303,rural,23,hombre,7,60,11.666666666666666
2024,90303,rural,23,mujer,1,41,2.4390243902439024
2024,90303,rural,24,hombre,9,67,13.432835820895523
2024,90303,rural,24,mujer,5,61,8.19672131147541
2024,90303,rural,25,hombre,10,54,18.51851851851852
2024,90303,rural,25,mujer,1,40,2.5
2024,90303,rural,26,hombre,11,73,15.068493150684931
2024,90303,rural,26,mujer,0,42,0.0
2024,90303,rural,27,hombre,12,68,17.647058823529413
2024,90303,rural,27,mujer,4,41,9.75609756097561
2024,90303,rural,28,hombre,10,54,18.51851851851852
2024,90303,rural,28,mujer,0,43,0.0
2024,90303,urbana,16,hombre,2,46,4.3478260869565215
2024,90303,urbana,16,mujer,2,47,4.25531914893617
2024,90303,urbana,17,hombre,2,48,4.166666666666667
2024,90303,urbana,17,mujer,1,50,2.0
2024,90303,urbana,18,hombre,0,36,0.0
2024,90303,urbana,18,mujer,0,37,0.0
2024,90303,urbana,19,hombre,1,27,3.7037037037037037
2024,90303,urbana,19,mujer,1,39,2.5641025641025643
2024,90303,urbana,20,hombre,3,33,9.090909090909092
2024,90303,urbana,20,mujer,2,32,6.25
2024,90303,urbana,21,hombre,3,34,8.823529411764707
2024,90303,urbana,21,mujer,1,41,2.4390243902439024
2024,90303,urbana,22,hombre,3,51,5.882352941176471
2024,90303,urbana,22,mujer,0,40,0.0
2024,90303,urbana,23,hombre,2,39,5.128205128205129
2024,90303,urbana,23,mujer,0,39,0.0
2024,90303,urbana,24,hombre,2,42,4.761904761904762
2024,90303,urbana,24,mujer,3,48,6.25
2024,90303,urbana,25,hombre,4,41,9.75609756097561
2024,90303,urbana,25,mujer,1,41,2.4390243902439024
2024,90303,urbana,26,hombre,6,36,16.666666666666668
2024,90303,urbana,26,mujer,2,27,7.407407407407407
2024,90303,urbana,27,hombre,8,44,18.181818181818183
2024,90303,urbana,27,mujer,1,36,2.7777777777777777
2024,90303,urbana,28,hombre,6,33,18.181818181818183
2024,90303,urbana,28,mujer,2,48,4.166666666666667
2024,90401,rural,16,hombre,0,32,0.0
2024,90401,rural,16,mujer,1,20,5.0
2024,90401,rural,17,hombre,3,27,11.11111111111111
2024,90401,rural,17,mujer,0,19,0.0
2024,90401,rural,18,hombre,1,25,4.0
2024,90401,rural,18,mujer,1,25,4.0
2024,90401,rural,19,hombre,4,26,15.384615384615385
2024,90401,rural,19,mujer,0,23,0.0
2024,90401,rural,20,hombre,1,15,6.666666666666667
2024,90401,rural,20,mujer,0,18,0.0
2024,90401,rural,21,hombre,5,34,14.705882352941176
2024,90401,rural,21,mujer,1,24,4.166666666666667
2024,90401,rural,22,hombre,2,24,8.333333333333334
2024,90401,rural,22,mujer,1,18,5.555555555555555
2024,90401,rural,23,hombre,5,40,12.5
2024,90401,rural,23,mujer,0,29,0.0
2024,90401,rural,24,hombre,3,30,10.0
2024,90401,rural,24,mujer,2,25,8.0
2024,90401,rural,25,hombre,3,28,10.714285714285714
2024,90401,rural,25,mujer,2,19,10.526315789473685
2024,90401,rural,26,hombre,4,27,14.814814814814815
2024,90401,rural,26,mujer,2,25,8.0
2024,90401,rural,27,hombre,7,30,23.333333333333332
2024,90401,rural,27,mujer,2,31,6.451612903225806
2024,90401,rural,28,hombre,5,35,14.285714285714286
2024,90401,rural,28,mujer,1,23,4.3478260869565215
2024,90402,rural,16,hombre,0,27,0.0
2024,90402,rural,16,mujer,1,18,5.555555555555555
2024,90402,rural,17,hombre,1,29,3.4482758620689653
2024,90402,rural,17,mujer,1,28,3.5714285714285716
2024,90402,rural,18,hombre,1,19,5.2631578947368425
2024,90402,rural,18,mujer,0,25,0.0
2024,90402,rural,19,hombre,2,18,11.11111111111111
2024,90402,rural,19,mujer,0,17,0.0
2024,90402,rural,20,hombre,2,26,7.6923076923076925
2024,90402,rural,20,mujer,1,17,5.882352941176471
2024,90402,rural,21,hombre,1,19,5.2631578947368425
2024,90402,rural,21,mujer,0,17,0.0
2024,90402,rural,22,hombre,1,37,2.7027027027027026
2024,90402,rural,22,mujer,0,25,0.0
2024,90402,rural,23,hombre,3,31,9.67741935483871
2024,90402,rural,23,mujer,1,25,4.0
2024,90402,rural,24,hombre,3,23,13.043478260869565
2024,90402,rural,24,mujer,3,25,12.0
2024,90402,rural,25,hombre,3,25,12.0
2024,90402,rural,25,mujer,0,14,0.0
2024,90402,rural,26,hombre,4,27,14.814814814814815
2024,90402,rural,26,mujer,0,21,0.0
2024,90402,rural,27,hombre,7,35,20.0
2024,90402,rural,27,mujer,0,10,0.0
2024,90402,rural,28,hombre,4,37,10.81081081081081
2024,90402,rural,28,mujer,1,23,4.3478260869565215
2024,90501,rural,16,hombre,0,16,0.0
2024,90501,rural,16,mujer,0,15,0.0
2024,90501,rural,17,hombre,1,12,8.333333333333334
2024,90501,rural,17,mujer,0,17,0.0
2024,90501,rural,18,hombre,1,12,8.333333333333334
2024,90501,rural,18,mujer,0,9,0.0
2024,90501,rural,19,hombre,2,16,12.5
2024,90501,rural,19,mujer,0,8,0.0
2024,90501,rural,20,hombre,1,16,6.25
2024,90501,rural,20,mujer,1,7,14.285714285714286
2024,90501,rural,21,hombre,2,11,18.181818181818183
2024,90501,rural,21,mujer,1,9,11.11111111111111
2024,90501,rural,22,hombre,1,9,11.11111111111111
2024,90501,rural,22,mujer,1,11,9.090909090909092
2024,90501,rural,23,hombre,0,16,0.0
2024,90501,rural,23,mujer,1,12,8.333333333333334
2024,90501,rural,24,hombre,2,10,20.0
2024,90501,rural,24,mujer,0,13,0.0
2024,90501,rural,25,hombre,3,21,14.285714285714286
2024,90501,rural,25,mujer,0,9,0.0
2024,90501,rural,26,hombre,0,9,0.0
2024,90501,rural,26,mujer,1,10,10.0
2024,90501,rural,27,hombre,0,16,0.0
2024,90501,rural,27,mujer,2,11,18.181818181818183
2024,90501,rural,28,hombre,1,9,11.11111111111111
2024,90501,rural,28,mujer,0,16,0.0
2024,90502,rural,16,hombre,0,25,0.0
2024,90502,rural,16,mujer,0,23,0.0
2024,90502,rural,17,hombre,2,29,6.896551724137931
2024,90502,rural,17,mujer,0,30,0.0
2024,90502,rural,18,hombre,1,14,7.142857142857143
2024,90502,rural,18,mujer,1,28,3.5714285714285716
2024,90502,rural,19,hombre,2,24,8.333333333333334
2024,90502,rural,19,mujer,1,24,4.166666666666667
2024,90502,rural,20,hombre,3,26,11.538461538461538
2024,90502,rural,20,mujer,1,14,7.142857142857143
2024,90502,rural,21,hombre,2,22,9.090909090909092
2024,90502,rural,21,mujer,1,27,3.7037037037037037
2024,90502,rural,22,hombre,4,30,13.333333333333334
2024,90502,rural,22,mujer,1,15,6.666666666666667
2024,90502,rural,23,hombre,3,33,9.090909090909092
2024,90502,rural,23,mujer,3,32,9.375
2024,90502,rural,24,hombre,6,35,17.142857142857142
2024,90502,rural,24,mujer,2,23,8.695652173913043
2024,90502,rural,25,hombre,2,25,8.0
2024,90502,rural,25,mujer,0,23,0.0
2024,90502,rural,26,hombre,3,25,12.0
2024,90502,rural,26,mujer,1,16,6.25
2024,90502,rural,27,hombre,4,26,15.384615384615385
2024,90502,rural,27,mujer,0,19,0.0
2024,90502,rural,28,hombre,1,23,4.3478260869565215
2024,90502,rural,28,mujer,0,16,0.0
2024,90503,rural,16,hombre,0,24,0.0
2024,90503,rural,16,mujer,0,21,0.0
2024,90503,rural,17,hombre,0,25,0.0
2024,90503,rural,17,mujer,1,30,3.3333333333333335
2024,90503,rural,18,hombre,0,21,0.0
2024,90503,rural,18,mujer,1,18,5.555555555555555
2024,90503,rural,19,hombre,2,18,11.11111111111111
2024,90503,rural,19,mujer,0,9,0.0
2024,90503,rural,20,hombre,0,31,0.0
2024,90503,rural,20,mujer,0,22,0.0
2024,90503,rural,21,hombre,0,26,0.0
2024,90503,rural,21,mujer,0,23,0.0
2024,90503,rural,22,hombre,0,21,0.0
2024,90503,rural,22,mujer,1,17,5.882352941176471
2024,90503,rural,23,hombre,1,33,3.0303030303030303
2024,90503,rural,23,mujer,0,24,0.0
2024,90503,rural,24,hombre,2,33,6.0606060606060606
2024,90503,rural,24,mujer,0,17,0.0
2024,90503,rural,25,hombre,2,34,5.882352941176471
2024,90503,rural,25,mujer,0,18,0.0
2024,90503,rural,26,hombre,1,22,4.545454545454546
2024,90503,rural,26,mujer,0,13,0.0
2024,90503,rural,27,hombre,2,23,8.695652173913043
2024,90503,rural,27,mujer,1,28,3.5714285714285716
2024,90503,rural,28,hombre,3,25,12.0
2024,90503,rural,28,mujer,0,9,0.0
