gestion,codigo_municipio,area,edad,sexo,numerador,denominador,valor
2024,10101,rural,16,hombre,12,180,6.666666666666667
2024,10101,rural,16,mujer,6,158,3.7974683544303796
2024,10101,rural,17,hombre,14,159,8.80503144654088
2024,10101,rural,17,mujer,9,154,5.8441558441558445
2024,10101,rural,18,hombre,18,153,11.764705882352942
2024,10101,rural,18,mujer,15,147,10.204081632653061
2024,10101,rural,19,hombre,19,143,13.286713286713287
2024,10101,rural,19,mujer,11,123,8.94308943089431
2024,10101,rural,20,hombre,30,140,21.428571428571427
2024,10101,rural,20,mujer,17,111,15.315315315315315
2024,10101,rural,21,hombre,23,119,19.327731092436974
2024,10101,rural,21,mujer,14,139,10.071942446043165
2024,10101,rural,22,hombre,39,141,27.659574468085108
2024,10101,rural,22,mujer,26,127,20.47244094488189
2024,10101,rural,23,hombre,51,164,31.097560975609756
2024,10101,rural,23,mujer,31,147,21.08843537414966
2024,10101,rural,24,hombre,45,163,27.607361963190183
2024,10101,rural,24,mujer,33,163,20.245398773006134
2024,10101,rural,25,hombre,63,175,36.0
2024,10101,rural,25,mujer,29,142,20.422535211267604
2024,10101,rural,26,hombre,60,148,40.54054054054054
2024,10101,rural,26,mujer,36,141,25.53191489361702
2024,10101,rural,27,hombre,67,154,43.506493506493506
2024,10101,rural,27,mujer,42,152,27.63157894736842
2024,10101,rural,28,hombre,65,133,48.87218045112782
2024,10101,rural,28,mujer,31,120,25.833333333333332
2024,10101,urbana,16,hombre,115,2460,4.67479674796748
2024,10101,urbana,16,mujer,143,2523,5.667855727308759
2024,10101,urbana,17,hombre,239,2614,9.143075745983168
2024,10101,urbana,17,mujer,221,2643,8.361710177828225
2024,10101,urbana,18,hombre,396,2620,15.114503816793894
2024,10101,urbana,18,mujer,508,2858,17.774667599720082
2024,10101,urbana,19,hombre,540,2608,20.70552147239264
2024,10101,urbana,19,mujer,609,2887,21.094561828888118
2024,10101,urbana,20,hombre,590,2714,21.73913043478261
2024,10101,urbana,20,mujer,625,2818,22.178850248403123
2024,10101,urbana,21,hombre,719,2723,26.404700697759825
2024,10101,urbana,21,mujer,715,2930,24.40273037542662
2024,10101,urbana,22,hombre,755,2714,27.818717759764187
2024,10101,urbana,22,mujer,734,2884,25.450762829403605
2024,10101,urbana,23,hombre,875,2886,30.31878031878032
2024,10101,urbana,23,mujer,834,3122,26.713645099295324
2024,10101,urbana,24,hombre,965,2949,32.722956934554084
2024,10101,urbana,24,mujer,813,3069,26.490713587487782
2024,10101,urbana,25,hombre,922,2688,34.30059523809524
2024,10101,urbana,25,mujer,762,2826,26.963906581740975
2024,10101,urbana,26,hombre,979,2606,37.567152724481964
2024,10101,urbana,26,mujer,776,2754,28.177196804647785
2024,10101,urbana,27,hombre,968,2438,39.70467596390484
2024,10101,urbana,27,mujer,743,2666,27.86946736684171
2024,10101,urbana,28,hombre,1050,2508,41.866028708133975
2024,10101,urbana,28,mujer,782,2603,30.042258932001538
2024,10102,rural,16,hombre,3,80,3.75
2024,10102,rural,16,mujer,3,72,4.166666666666667
2024,10102,rural,17,hombre,2,65,3.076923076923077
2024,10102,rural,17,mujer,5,68,7.352941176470588
2024,10102,rural,18,hombre,3,70,4.285714285714286
2024,10102,rural,18,mujer,7,65,10.76923076923077
2024,10102,rural,19,hombre,5,55,9.090909090909092
2024,10102,rural,19,mujer,5,67,7.462686567164179
2024,10102,rural,20,hombre,8,83,9.63855421686747
2024,10102,rural,20,mujer,6,60,10.0
2024,10102,rural,21,hombre,11,67,16.417910447761194
2024,10102,rural,21,mujer,5,68,7.352941176470588
2024,10102,rural,22,hombre,8,65,12.307692307692308
2024,10102,rural,22,mujer,13,64,20.3125
2024,10102,rural,23,hombre,13,71,18.309859154929576
2024,10102,rural,23,mujer,9,69,13.043478260869565
2024,10102,rural,24,hombre,12,68,17.647058823529413
2024,10102,rural,24,mujer,9,76,11.842105263157896
2024,10102,rural,25,hombre,16,64,25.0
2024,10102,rural,25,mujer,14,69,20.28985507246377
2024,10102,rural,26,hombre,23,74,31.08108108108108
2024,10102,rural,26,mujer,8,77,10.38961038961039
2024,10102,rural,27,hombre,25,69,36.231884057971016
2024,10102,rural,27,mujer,13,69,18.840579710144926
2024,10102,rural,28,hombre,26,67,38.80597014925373
2024,10102,rural,28,mujer,14,74,18.91891891891892
2024,10103,rural,16,hombre,12,152,7.894736842105263
2024,10103,rural,16,mujer,19,137,13.86861313868613
2024,10103,rural,17,hombre,16,133,12.030075187969924
2024,10103,rural,17,mujer,13,120,10.833333333333334
2024,10103,rural,18,hombre,18,131,13.740458015267176
2024,10103,rural,18,mujer,12,121,9.917355371900827
2024,10103,rural,19,hombre,11,95,11.578947368421053
2024,10103,rural,19,mujer,13,103,12.62135922330097
2024,10103,rural,20,hombre,21,112,18.75
2024,10103,rural,20,mujer,15,89,16.853932584269664
2024,10103,rural,21,hombre,25,99,25.252525252525253
2024,10103,rural,21,mujer,14,102,13.72549019607843
2024,10103,rural,22,hombre,20,85,23.529411764705884
2024,10103,rural,22,mujer,16,77,20.77922077922078
2024,10103,rural,23,hombre,33,97,34.02061855670103
2024,10103,rural,23,mujer,18,100,18.0
2024,10103,rural,24,hombre,22,85,25.88235294117647
2024,10103,rural,24,mujer,23,95,24.210526315789473
2024,10103,rural,25,hombre,32,86,37.2093023255814
2024,10103,rural,25,mujer,13,74,17.56756756756757
2024,10103,rural,26,hombre,31,84,36.904761904761905
2024,10103,rural,26,mujer,15,73,20.54794520547945
2024,10103,rural,27,hombre,36,93,38.70967741935484
2024,10103,rural,27,mujer,20,68,29.41176470588235
2024,10103,rural,28,hombre,48,83,57.83132530120482
2024,10103,rural,28,mujer,27,90,30.0
2024,10201,rural,16,hombre,4,83,4.819277108433735
2024,10201,rural,16,mujer,1,72,1.3888888888888888
2024,10201,rural,17,hombre,2,74,2.7027027027027026
2024,10201,rural,17,mujer,7,77,9.090909090909092
2024,10201,rural,18,hombre,10,56,17.857142857142858
2024,10201,rural,18,mujer,6,60,10.0
2024,10201,rural,19,hombre,9,41,21.951219512195124
2024,10201,rural,19,mujer,4,56,7.142857142857143
2024,10201,rural,20,hombre,13,38,34.21052631578947
2024,10201,rural,20,mujer,4,39,10.256410256410257
2024,10201,rural,21,hombre,23,54,42.592592592592595
2024,10201,rural,21,mujer,7,43,16.27906976744186
2024,10201,rural,22,hombre,16,40,40.0
2024,10201,rural,22,mujer,8,37,21.62162162162162
2024,10201,rural,23,hombre,18,69,26.08695652173913
2024,10201,rural,23,mujer,6,55,10.909090909090908
2024,10201,rural,24,hombre,27,48,56.25
2024,10201,rural,24,mujer,5,37,13.513513513513514
2024,10201,rural,25,hombre,23,50,46.0
2024,10201,rural,25,mujer,12,49,24.489795918367346
2024,10201,rural,26,hombre,26,45,57.77777777777778
2024,10201,rural,26,mujer,15,48,31.25
2024,10201,rural,27,hombre,21,43,48.83720930232558
2024,10201,rural,27,mujer,8,48,16.666666666666668
2024,10201,rural,28,hombre,9,32,28.125
2024,10201,rural,28,mujer,10,49,20.408163265306122
2024,10202,rural,16,hombre,7,159,4.40251572327044
2024,10202,rural,16,mujer,4,164,2.4390243902439024
2024,10202,rural,17,hombre,9,173,5.202312138728324
2024,10202,rural,17,mujer,9,149,6.040268456375839
2024,10202,rural,18,hombre,11,152,7.2368421052631575
2024,10202,rural,18,mujer,14,211,6.6350710900473935
2024,10202,rural,19,hombre,19,156,12.179487179487179
2024,10202,rural,19,mujer,12,172,6.976744186046512
2024,10202,rural,20,hombre,24,138,17.391304347826086
2024,10202,rural,20,mujer,9,172,5.232558139534884
2024,10202,rural,21,hombre,11,114,9.649122807017545
2024,10202,rural,21,mujer,10,124,8.064516129032258
2024,10202,rural,22,hombre,22,116,18.96551724137931
2024,10202,rural,22,mujer,12,143,8.391608391608392
2024,10202,rural,23,hombre,43,138,31.159420289855074
2024,10202,rural,23,mujer,17,161,10.559006211180124
2024,10202,rural,24,hombre,41,117,35.042735042735046
2024,10202,rural,24,mujer,21,153,13.72549019607843
2024,10202,rural,25,hombre,57,167,34.131736526946106
2024,10202,rural,25,mujer,28,145,19.310344827586206
2024,10202,rural,26,hombre,32,104,30.76923076923077
2024,10202,rural,26,mujer,12,125,9.6
2024,10202,rural,27,hombre,47,118,39.83050847457627
2024,10202,rural,27,mujer,21,111,18.91891891891892
2024,10202,rural,28,hombre,40,116,34.48275862068966
2024,10202,rural,28,mujer,29,124,23.387096774193548
2024,10301,rural,16,hombre,3,87,3.4482758620689653
2024,10301,rural,16,mujer,2,69,2.898550724637681
2024,10301,rural,17,hombre,2,81,2.4691358024691357
2024,10301,rural,17,mujer,4,84,4.761904761904762
2024,10301,rural,18,hombre,4,85,4.705882352941177
2024,10301,rural,18,mujer,3,71,4.225352112676056
2024,10301,rural,19,hombre,9,98,9.183673469387756
2024,10301,rural,19,mujer,7,75,9.333333333333334
2024,10301,rural,20,hombre,7,93,7.526881720430108
2024,10301,rural,20,mujer,10,103,9.70873786407767
2024,10301,rural,21,hombre,9,86,10.465116279069768
2024,10301,rural,21,mujer,8,81,9.876543209876543
2024,10301,rural,22,hombre,10,84,11.904761904761905
2024,10301,rural,22,mujer,4,69,5.797101449275362
2024,10301,rural,23,hombre,14,96,14.583333333333334
2024,10301,rural,23,mujer,11,77,14.285714285714286
2024,10301,rural,24,hombre,18,111,16.216216216216218
2024,10301,rural,24,mujer,11,72,15.277777777777779
2024,10301,rural,25,hombre,19,95,20.0
2024,10301,rural,25,mujer,12,98,12.244897959183673
2024,10301,rural,26,hombre,20,88,22.727272727272727
2024,10301,rural,26,mujer,9,78,11.538461538461538
2024,10301,rural,27,hombre,17,72,23.61111111111111
2024,10301,rural,27,mujer,10,58,17.24137931034483
2024,10301,rural,28,hombre,10,90,11.11111111111111
2024,10301,rural,28,mujer,7,80,8.75
2024,10301,urbana,16,hombre,0,40,0.0
2024,10301,urbana,16,mujer,2,39,5.128205128205129
2024,10301,urbana,17,hombre,1,42,2.380952380952381
2024,10301,urbana,17,mujer,1,35,2.857142857142857
2024,10301,urbana,18,hombre,3,47,6.382978723404255
2024,10301,urbana,18,mujer,4,30,13.333333333333334
2024,10301,urbana,19,hombre,5,33,15.151515151515152
2024,10301,urbana,19,mujer,4,30,13.333333333333334
2024,10301,urbana,20,hombre,5,45,11.11111111111111
2024,10301,urbana,20,mujer,6,41,14.634146341463415
2024,10301,urbana,21,hombre,3,29,10.344827586206897
2024,10301,urbana,21,mujer,8,42,19.047619047619047
2024,10301,urbana,22,hombre,5,33,15.151515151515152
2024,10301,urbana,22,mujer,5,32,15.625
2024,10301,urbana,23,hombre,7,34,20.58823529411765
2024,10301,urbana,23,mujer,7,44,15.909090909090908
2024,10301,urbana,24,hombre,14,49,28.571428571428573
2024,10301,urbana,24,mujer,7,42,16.666666666666668
2024,10301,urbana,25,hombre,15,56,26.785714285714285
2024,10301,urbana,25,mujer,6,35,17.142857142857142
2024,10301,urbana,26,hombre,16,34,47.05882352941177
2024,10301,urbana,26,mujer,13,37,35.13513513513514
2024,10301,urbana,27,hombre,9,48,18.75
2024,10301,urbana,27,mujer,4,26,15.384615384615385
2024,10301,urbana,28,hombre,9,32,28.125
2024,10301,urbana,28,mujer,15,39,38.46153846153846
2024,10302,rural,16,hombre,4,113,3.5398230088495577
2024,10302,rural,16,mujer,4,106,3.7735849056603774
2024,10302,rural,17,hombre,9,118,7.627118644067797
2024,10302,rural,17,mujer,1,90,1.1111111111111112
2024,10302,rural,18,hombre,4,112,3.5714285714285716
2024,10302,rural,18,mujer,6,86,6.976744186046512
2024,10302,rural,19,hombre,12,104,11.538461538461538
2024,10302,rural,19,mujer,6,95,6.315789473684211
2024,10302,rural,20,hombre,13,130,10.0
2024,10302,rural,20,mujer,16,105,15.238095238095237
2024,10302,rural,21,hombre,22,112,19.642857142857142
2024,10302,rural,21,mujer,8,77,10.38961038961039
2024,10302,rural,22,hombre,16,83,19.27710843373494
2024,10302,rural,22,mujer,11,92,11.956521739130435
2024,10302,rural,23,hombre,35,135,25.925925925925927
2024,10302,rural,23,mujer,9,83,10.843373493975903
2024,10302,rural,24,hombre,36,124,29.032258064516128
2024,10302,rural,24,mujer,8,106,7.547169811320755
2024,10302,rural,25,hombre,33,101,32.67326732673267
2024,10302,rural,25,mujer,8,97,8.24742268041237
2024,10302,rural,26,hombre,35,100,35.0
2024,10302,rural,26,mujer,11,70,15.714285714285714
2024,10302,rural,27,hombre,35,96,36.458333333333336
2024,10302,rural,27,mujer,19,69,27.536231884057973
2024,10302,rural,28,hombre,33,83,39.75903614457831
2024,10302,rural,28,mujer,11,65,16.923076923076923
2024,10302,urbana,16,hombre,3,18,16.666666666666668
2024,10302,urbana,16,mujer,2,31,6.451612903225806
2024,10302,urbana,17,hombre,4,19,21.05263157894737
2024,10302,urbana,17,mujer,1,17,5.882352941176471
2024,10302,urbana,18,hombre,0,22,0.0
2024,10302,urbana,18,mujer,4,20,20.0
2024,10302,urbana,19,hombre,2,16,12.5
2024,10302,urbana,19,mujer,1,11,9.090909090909092
2024,10302,urbana,20,hombre,4,27,14.814814814814815
2024,10302,urbana,20,mujer,1,15,6.666666666666667
2024,10302,urbana,21,hombre,3,20,15.0
2024,10302,urbana,21,mujer,1,21,4.761904761904762
2024,10302,urbana,22,hombre,2,17,11.764705882352942
2024,10302,urbana,22,mujer,1,10,10.0
2024,10302,urbana,23,hombre,2,12,16.666666666666668
2024,10302,urbana,23,mujer,6,17,35.294117647058826
2024,10302,urbana,24,hombre,3,15,20.0
2024,10302,urbana,24,mujer,4,26,15.384615384615385
2024,10302,urbana,25,hombre,2,20,10.0
2024,10302,urbana,25,mujer,2,23,8.695652173913043
2024,10302,urbana,26,hombre,7,16,43.75
2024,10302,urbana,26,mujer,6,23,26.08695652173913
2024,10302,urbana,27,hombre,3,12,25.0
2024,10302,urbana,27,mujer,6,27,22.22222222222222
2024,10302,urbana,28,hombre,10,18,55.55555555555556
2024,10302,urbana,28,mujer,3,15,20.0
2024,10303,rural,16,hombre,1,43,2.3255813953488373
2024,10303,rural,16,mujer,2,50,4.0
2024,10303,rural,17,hombre,2,52,3.8461538461538463
2024,10303,rural,17,mujer,1,54,1.8518518518518519
2024,10303,rural,18,hombre,1,46,2.1739130434782608
2024,10303,rural,18,mujer,3,51,5.882352941176471
2024,10303,rural,19,hombre,2,46,4.3478260869565215
2024,10303,rural,19,mujer,1,46,2.1739130434782608
2024,10303,rural,20,hombre,0,47,0.0
2024,10303,rural,20,mujer,2,52,3.8461538461538463
2024,10303,rural,21,hombre,5,36,13.88888888888889
2024,10303,rural,21,mujer,4,40,10.0
2024,10303,rural,22,hombre,10,49,20.408163265306122
2024,10303,rural,22,mujer,5,40,12.5
2024,10303,rural,23,hombre,9,69,13.043478260869565
2024,10303,rural,23,mujer,5,71,7.042253521126761
2024,10303,rural,24,hombre,17,83,20.481927710843372
2024,10303,rural,24,mujer,10,71,14.084507042253522
2024,10303,rural,25,hombre,21,68,30.88235294117647
2024,10303,rural,25,mujer,8,73,10.95890410958904
2024,10303,rural,26,hombre,23,60,38.333333333333336
2024,10303,rural,26,mujer,8,60,13.333333333333334
2024,10303,rural,27,hombre,15,43,34.883720930232556
2024,10303,rural,27,mujer,7,44,15.909090909090908
2024,10303,rural,28,hombre,30,73,41.0958904109589
2024,10303,rural,28,mujer,10,62,16.129032258064516
2024,10303,urbana,16,hombre,4,31,12.903225806451612
2024,10303,urbana,16,mujer,4,34,11.764705882352942
2024,10303,urbana,17,hombre,3,28,10.714285714285714
2024,10303,urbana,17,mujer,3,15,20.0
2024,10303,urbana,18,hombre,4,23,17.391304347826086
2024,10303,urbana,18,mujer,2,20,10.0
2024,10303,urbana,19,hombre,2,16,12.5
2024,10303,urbana,19,mujer,2,24,8.333333333333334
2024,10303,urbana,20,hombre,3,18,16.666666666666668
2024,10303,urbana,20,mujer,2,13,15.384615384615385
2024,10303,urbana,21,hombre,4,12,33.333333333333336
2024,10303,urbana,21,mujer,5,16,31.25
2024,10303,urbana,22,hombre,7,22,31.818181818181817
2024,10303,urbana,22,mujer,3,16,18.75
2024,10303,urbana,23,hombre,7,27,25.925925925925927
2024,10303,urbana,23,mujer,5,27,18.51851851851852
2024,10303,urbana,24,hombre,5,20,25.0
2024,10303,urbana,24,mujer,7,30,23.333333333333332
2024,10303,urbana,25,hombre,12,32,37.5
2024,10303,urbana,25,mujer,3,23,13.043478260869565
2024,10303,urbana,26,hombre,8,15,53.333333333333336
2024,10303,urbana,26,mujer,10,34,29.41176470588235
2024,10303,urbana,27,hombre,12,19,63.1578947368421
2024,10303,urbana,27,mujer,3,13,23.076923076923077
2024,10303,urbana,28,hombre,13,27,48.148148148148145
2024,10303,urbana,28,mujer,7,22,31.818181818181817
2024,10304,rural,16,hombre,2,88,2.272727272727273
2024,10304,rural,16,mujer,0,92,0.0
2024,10304,rural,17,hombre,5,97,5.154639175257732
2024,10304,rural,17,mujer,4,116,3.4482758620689653
2024,10304,rural,18,hombre,4,89,4.49438202247191
2024,10304,rural,18,mujer,5,89,5.617977528089888
2024,10304,rural,19,hombre,5,95,5.2631578947368425
2024,10304,rural,19,mujer,5,72,6.944444444444445
2024,10304,rural,20,hombre,7,95,7.368421052631579
2024,10304,rural,20,mujer,9,79,11.39240506329114
2024,10304,rural,21,hombre,7,79,8.860759493670885
2024,10304,rural,21,mujer,11,93,11.827956989247312
2024,10304,rural,22,hombre,16,93,17.204301075268816
2024,10304,rural,22,mujer,10,66,15.151515151515152
2024,10304,rural,23,hombre,17,104,16.346153846153847
2024,10304,rural,23,mujer,7,95,7.368421052631579
2024,10304,rural,24,hombre,15,97,15.463917525773196
2024,10304,rural,24,mujer,9,90,10.0
2024,10304,rural,25,hombre,30,78,38.46153846153846
2024,10304,rural,25,mujer,12,96,12.5
2024,10304,rural,26,hombre,16,78,20.512820512820515
2024,10304,rural,26,mujer,11,76,14.473684210526315
2024,10304,rural,27,hombre,16,74,21.62162162162162
2024,10304,rural,27,mujer,16,74,21.62162162162162
2024,10304,rural,28,hombre,28,86,32.55813953488372
2024,10304,rural,28,mujer,7,68,10.294117647058824
2024,10401,rural,16,hombre,2,29,6.896551724137931
2024,10401,rural,16,mujer,1,26,3.8461538461538463
2024,10401,rural,17,hombre,1,29,3.4482758620689653
2024,10401,rural,17,mujer,0,36,0.0
2024,10401,rural,18,hombre,1,25,4.0
2024,10401,rural,18,mujer,4,27,14.814814814814815
2024,10401,rural,19,hombre,1,21,4.761904761904762
2024,10401,rural,19,mujer,1,31,3.225806451612903
2024,10401,rural,20,hombre,7,30,23.333333333333332
2024,10401,rural,20,mujer,5,37,13.513513513513514
2024,10401,rural,21,hombre,8,30,26.666666666666668
2024,10401,rural,21,mujer,3,33,9.090909090909092
2024,10401,rural,22,hombre,5,41,12.195121951219512
2024,10401,rural,22,mujer,2,23,8.695652173913043
2024,10401,rural,23,hombre,8,32,25.0
2024,10401,rural,23,mujer,7,36,19.444444444444443
2024,10401,rural,24,hombre,9,35,25.714285714285715
2024,10401,rural,24,mujer,4,30,13.333333333333334
2024,10401,rural,25,hombre,7,41,17.073170731707318
2024,10401,rural,25,mujer,3,31,9.67741935483871
2024,10401,rural,26,hombre,9,31,29.032258064516128
2024,10401,rural,26,mujer,5,26,19.23076923076923
2024,10401,rural,27,hombre,9,31,29.032258064516128
2024,10401,rural,27,mujer,4,26,15.384615384615385
2024,10401,rural,28,hombre,12,38,31.57894736842105
2024,10401,rural,28,mujer,9,31,29.032258064516128
2024,10401,urbana,16,hombre,3,42,7.142857142857143
2024,10401,urbana,16,mujer,6,39,15.384615384615385
2024,10401,urbana,17,hombre,4,28,14.285714285714286
2024,10401,urbana,17,mujer,9,54,16.666666666666668
2024,10401,urbana,18,hombre,9,37,24.324324324324323
2024,10401,urbana,18,mujer,6,24,25.0
2024,10401,urbana,19,hombre,7,26,26.923076923076923
2024,10401,urbana,19,mujer,13,36,36.111111111111114
2024,10401,urbana,20,hombre,5,23,21.73913043478261
2024,10401,urbana,20,mujer,22,56,39.285714285714285
2024,10401,urbana,21,hombre,5,27,18.51851851851852
2024,10401,urbana,21,mujer,11,41,26.829268292682926
2024,10401,urbana,22,hombre,10,37,27.027027027027028
2024,10401,urbana,22,mujer,8,34,23.529411764705884
2024,10401,urbana,23,hombre,21,43,48.83720930232558
2024,10401,urbana,23,mujer,12,38,31.57894736842105
2024,10401,urbana,24,hombre,10,31,32.25806451612903
2024,10401,urbana,24,mujer,7,34,20.58823529411765
2024,10401,urbana,25,hombre,13,30,43.333333333333336
2024,10401,urbana,25,mujer,12,37,32.432432432432435
2024,10401,urbana,26,hombre,13,33,39.39393939393939
2024,10401,urbana,26,mujer,13,31,41.935483870967744
2024,10401,urbana,27,hombre,6,23,26.08695652173913
2024,10401,urbana,27,mujer,9,28,32.142857142857146
2024,10401,urbana,28,hombre,13,31,41.935483870967744
2024,10401,urbana,28,mujer,14,33,42.42424242424242
2024,10402,rural,16,hombre,3,47,6.382978723404255
2024,10402,rural,16,mujer,1,63,1.5873015873015872
2024,10402,rural,17,hombre,1,75,1.3333333333333333
2024,10402,rural,17,mujer,4,71,5.633802816901408
2024,10402,rural,18,hombre,2,71,2.816901408450704
2024,10402,rural,18,mujer,2,54,3.7037037037037037
2024,10402,rural,19,hombre,2,65,3.076923076923077
2024,10402,rural,19,mujer,5,45,11.11111111111111
2024,10402,rural,20,hombre,3,51,5.882352941176471
2024,10402,rural,20,mujer,2,45,4.444444444444445
2024,10402,rural,21,hombre,4,66,6.0606060606060606
2024,10402,rural,21,mujer,3,64,4.6875
2024,10402,rural,22,hombre,3,48,6.25
2024,10402,rural,22,mujer,1,58,1.7241379310344827
2024,10402,rural,23,hombre,8,66,12.121212121212121
2024,10402,rural,23,mujer,4,70,5.714285714285714
2024,10402,rural,24,hombre,12,63,19.047619047619047
2024,10402,rural,24,mujer,6,66,9.090909090909092
2024,10402,rural,25,hombre,8,55,14.545454545454545
2024,10402,rural,25,mujer,6,47,12.76595744680851
2024,10402,rural,26,hombre,8,63,12.698412698412698
2024,10402,rural,26,mujer,9,63,14.285714285714286
2024,10402,rural,27,hombre,11,53,20.754716981132077
2024,10402,rural,27,mujer,5,50,10.0
2024,10402,rural,28,hombre,10,46,21.73913043478261
2024,10402,rural,28,mujer,5,50,10.0
2024,10402,urbana,16,hombre,0,14,0.0
2024,10402,urbana,16,mujer,2,26,7.6923076923076925
2024,10402,urbana,17,hombre,1,20,5.0
2024,10402,urbana,17,mujer,3,20,15.0
2024,10402,urbana,18,hombre,1,17,5.882352941176471
2024,10402,urbana,18,mujer,0,12,0.0
2024,10402,urbana,19,hombre,1,15,6.666666666666667
2024,10402,urbana,19,mujer,1,12,8.333333333333334
2024,10402,urbana,20,hombre,0,12,0.0
2024,10402,urbana,20,mujer,2,17,11.764705882352942
2024,10402,urbana,21,hombre,3,10,30.0
2024,10402,urbana,21,mujer,2,14,14.285714285714286
2024,10402,urbana,22,hombre,4,19,21.05263157894737
2024,10402,urbana,22,mujer,4,23,17.391304347826086
2024,10402,urbana,23,hombre,2,15,13.333333333333334
2024,10402,urbana,23,mujer,2,17,11.764705882352942
2024,10402,urbana,24,hombre,8,24,33.333333333333336
2024,10402,urbana,24,mujer,4,15,26.666666666666668
2024,10402,urbana,25,hombre,2,20,10.0
2024,10402,urbana,25,mujer,3,17,17.647058823529413
2024,10402,urbana,26,hombre,6,12,50.0
2024,10402,urbana,26,mujer,5,17,29.41176470588235
2024,10402,urbana,27,hombre,11,27,40.74074074074074
2024,10402,urbana,27,mujer,9,26,34.61538461538461
2024,10402,urbana,28,hombre,6,17,35.294117647058826
2024,10402,urbana,28,mujer,10,18,55.55555555555556
2024,10403,rural,16,hombre,5,61,8.19672131147541
2024,10403,rural,16,mujer,4,65,6.153846153846154
2024,10403,rural,17,hombre,10,75,13.333333333333334
2024,10403,rural,17,mujer,4,71,5.633802816901408
2024,10403,rural,18,hombre,5,74,6.756756756756757
2024,10403,rural,18,mujer,1,57,1.7543859649122806
2024,10403,rural,19,hombre,9,59,15.254237288135593
2024,10403,rural,19,mujer,1,62,1.6129032258064515
2024,10403,rural,20,hombre,9,57,15.789473684210526
2024,10403,rural,20,mujer,4,50,8.0
2024,10403,rural,21,hombre,3,45,6.666666666666667
2024,10403,rural,21,mujer,7,55,12.727272727272727
2024,10403,rural,22,hombre,11,78,14.102564102564102
2024,10403,rural,22,mujer,10,54,18.51851851851852
2024,10403,rural,23,hombre,5,67,7.462686567164179
2024,10403,rural,23,mujer,8,54,14.814814814814815
2024,10403,rural,24,hombre,14,60,23.333333333333332
2024,10403,rural,24,mujer,8,71,11.267605633802816
2024,10403,rural,25,hombre,10,50,20.0
2024,10403,rural,25,mujer,11,65,16.923076923076923
2024,10403,rural,26,hombre,11,61,18.0327868852459
2024,10403,rural,26,mujer,15,55,27.272727272727273
2024,10403,rural,27,hombre,9,49,18.367346938775512
2024,10403,rural,27,mujer,5,51,9.803921568627452
2024,10403,rural,28,hombre,12,62,19.35483870967742
2024,10403,rural,28,mujer,10,43,23.25581395348837
2024,10404,rural,16,hombre,0,27,0.0
2024,10404,rural,16,mujer,2,29,6.896551724137931
2024,10404,rural,17,hombre,1,33,3.0303030303030303
2024,10404,rural,17,mujer,1,22,4.545454545454546
2024,10404,rural,18,hombre,3,31,9.67741935483871
2024,10404,rural,18,mujer,0,20,0.0
2024,10404,rural,19,hombre,1,25,4.0
2024,10404,rural,19,mujer,1,22,4.545454545454546
2024,10404,rural,20,hombre,3,20,15.0
2024,10404,rural,20,mujer,3,22,13.636363636363637
2024,10404,rural,21,hombre,3,29,10.344827586206897
2024,10404,rural,21,mujer,2,29,6.896551724137931
2024,10404,rural,22,hombre,5,44,11.363636363636363
2024,10404,rural,22,mujer,5,29,17.24137931034483
2024,10404,rural,23,hombre,2,33,6.0606060606060606
2024,10404,rural,23,mujer,7,36,19.444444444444443
2024,10404,rural,24,hombre,9,32,28.125
2024,10404,rural,24,mujer,5,37,13.513513513513514
2024,10404,rural,25,hombre,10,36,27.77777777777778
2024,10404,rural,25,mujer,3,31,9.67741935483871
2024,10404,rural,26,hombre,10,24,41.666666666666664
2024,10404,rural,26,mujer,8,35,22.857142857142858
2024,10404,rural,27,hombre,9,32,28.125
2024,10404,rural,27,mujer,9,33,27.272727272727273
2024,10404,rural,28,hombre,15,38,39.473684210526315
2024,10404,rural,28,mujer,8,22,36.36363636363637
2024,10405,rural,16,hombre,1,44,2.272727272727273
2024,10405,rural,16,mujer,0,40,0.0
2024,10405,rural,17,hombre,2,40,5.0
2024,10405,rural,17,mujer,0,44,0.0
2024,10405,rural,18,hombre,2,48,4.166666666666667
2024,10405,rural,18,mujer,2,45,4.444444444444445
2024,10405,rural,19,hombre,1,38,2.6315789473684212
2024,10405,rural,19,mujer,1,40,2.5
2024,10405,rural,20,hombre,4,28,14.285714285714286
2024,10405,rural,20,mujer,1,33,3.0303030303030303
2024,10405,rural,21,hombre,2,56,3.5714285714285716
2024,10405,rural,21,mujer,5,50,10.0
2024,10405,rural,22,hombre,9,49,18.367346938775512
2024,10405,rural,22,mujer,6,43,13.953488372093023
2024,10405,rural,23,hombre,7,59,11.864406779661017
2024,10405,rural,23,mujer,8,44,18.181818181818183
2024,10405,rural,24,hombre,11,50,22.0
2024,10405,rural,24,mujer,9,51,17.647058823529413
2024,10405,rural,25,hombre,15,55,27.272727272727273
2024,10405,rural,25,mujer,7,56,12.5
2024,10405,rural,26,hombre,14,50,28.0
2024,10405,rural,26,mujer,10,66,15.151515151515152
2024,10405,rural,27,hombre,15,47,31.914893617021278
2024,10405,rural,27,mujer,12,52,23.076923076923077
2024,10405,rural,28,hombre,16,53,30.18867924528302
2024,10405,rural,28,mujer,13,57,22.80701754385965
2024,10501,rural,16,hombre,6,82,7.317073170731708
2024,10501,rural,16,mujer,6,77,7.792207792207792
2024,10501,rural,17,hombre,5,78,6.410256410256411
2024,10501,rural,17,mujer,2,63,3.1746031746031744
2024,10501,rural,18,hombre,5,68,7.352941176470588
2024,10501,rural,18,mujer,5,48,10.416666666666666
2024,10501,rural,19,hombre,5,59,8.474576271186441
2024,10501,rural,19,mujer,5,66,7.575757575757576
2024,10501,rural,20,hombre,5,70,7.142857142857143
2024,10501,rural,20,mujer,4,46,8.695652173913043
2024,10501,rural,21,hombre,14,50,28.0
2024,10501,rural,21,mujer,8,61,13.114754098360656
2024,10501,rural,22,hombre,15,69,21.73913043478261
2024,10501,rural,22,mujer,9,55,16.363636363636363
2024,10501,rural,23,hombre,14,79,17.72151898734177
2024,10501,rural,23,mujer,11,60,18.333333333333332
2024,10501,rural,24,hombre,25,103,24.271844660194176
2024,10501,rural,24,mujer,12,84,14.285714285714286
2024,10501,rural,25,hombre,18,91,19.78021978021978
2024,10501,rural,25,mujer,10,68,14.705882352941176
2024,10501,rural,26,hombre,30,83,36.144578313253014
2024,10501,rural,26,mujer,8,66,12.121212121212121
2024,10501,rural,27,hombre,32,95,33.68421052631579
2024,10501,rural,27,mujer,15,68,22.058823529411764
2024,10501,rural,28,hombre,45,108,41.666666666666664
2024,10501,rural,28,mujer,16,76,21.05263157894737
2024,10501,urbana,16,hombre,6,120,5.0
2024,10501,urbana,16,mujer,8,139,5.755395683453237
2024,10501,urbana,17,hombre,11,113,9.734513274336283
2024,10501,urbana,17,mujer,11,103,10.679611650485437
2024,10501,urbana,18,hombre,21,102,20.58823529411765
2024,10501,urbana,18,mujer,12,105,11.428571428571429
2024,10501,urbana,19,hombre,18,92,19.565217391304348
2024,10501,urbana,19,mujer,13,98,13.26530612244898
2024,10501,urbana,20,hombre,24,95,25.263157894736842
2024,10501,urbana,20,mujer,29,106,27.358490566037737
2024,10501,urbana,21,hombre,36,113,31.858407079646017
2024,10501,urbana,21,mujer,21,106,19.81132075471698
2024,10501,urbana,22,hombre,27,104,25.96153846153846
2024,10501,urbana,22,mujer,36,93,38.70967741935484
2024,10501,urbana,23,hombre,28,109,25.68807339449541
2024,10501,urbana,23,mujer,38,127,29.921259842519685
2024,10501,urbana,24,hombre,36,93,38.70967741935484
2024,10501,urbana,24,mujer,43,135,31.85185185185185
2024,10501,urbana,25,hombre,44,92,47.82608695652174
2024,10501,urbana,25,mujer,25,104,24.03846153846154
2024,10501,urbana,26,hombre,45,104,43.26923076923077
2024,10501,urbana,26,mujer,25,117,21.367521367521366
2024,10501,urbana,27,hombre,45,111,40.54054054054054
2024,10501,urbana,27,mujer,35,113,30.97345132743363
2024,10501,urbana,28,hombre,41,117,35.042735042735046
2024,10501,urbana,28,mujer,39,109,35.77981651376147
2024,10502,rural,16,hombre,2,45,4.444444444444445
2024,10502,rural,16,mujer,4,43,9.30232558139535
2024,10502,rural,17,hombre,5,60,8.333333333333334
2024,10502,rural,17,mujer,7,53,13.20754716981132
2024,10502,rural,18,hombre,5,48,10.416666666666666
2024,10502,rural,18,mujer,4,37,10.81081081081081
2024,10502,rural,19,hombre,3,34,8.823529411764707
2024,10502,rural,19,mujer,4,24,16.666666666666668
2024,10502,rural,20,hombre,13,47,27.659574468085108
2024,10502,rural,20,mujer,3,35,8.571428571428571
2024,10502,rural,21,hombre,4,34,11.764705882352942
2024,10502,rural,21,mujer,5,35,14.285714285714286
2024,10502,rural,22,hombre,10,43,23.25581395348837
2024,10502,rural,22,mujer,6,29,20.689655172413794
2024,10502,rural,23,hombre,14,48,29.166666666666668
2024,10502,rural,23,mujer,12,50,24.0
2024,10502,rural,24,hombre,28,57,49.12280701754386
2024,10502,rural,24,mujer,9,45,20.0
2024,10502,rural,25,hombre,20,50,40.0
2024,10502,rural,25,mujer,14,48,29.166666666666668
2024,10502,rural,26,hombre,20,42,47.61904761904762
2024,10502,rural,26,mujer,9,50,18.0
2024,10502,rural,27,hombre,33,61,54.09836065573771
2024,10502,rural,27,mujer,11,35,31.428571428571427
2024,10502,rural,28,hombre,18,46,39.130434782608695
2024,10502,rural,28,mujer,11,43,25.58139534883721
2024,10601,rural,16,hombre,7,100,7.0
2024,10601,rural,16,mujer,4,99,4.040404040404041
2024,10601,rural,17,hombre,5,110,4.545454545454546
2024,10601,rural,17,mujer,0,103,0.0
2024,10601,rural,18,hombre,9,90,10.0
2024,10601,rural,18,mujer,6,79,7.594936708860759
2024,10601,rural,19,hombre,5,78,6.410256410256411
2024,10601,rural,19,mujer,7,100,7.0
2024,10601,rural,20,hombre,10,82,12.195121951219512
2024,10601,rural,20,mujer,5,75,6.666666666666667
2024,10601,rural,21,hombre,12,79,15.189873417721518
2024,10601,rural,21,mujer,8,83,9.63855421686747
2024,10601,rural,22,hombre,11,66,16.666666666666668
2024,10601,rural,22,mujer,5,68,7.352941176470588
2024,10601,rural,23,hombre,15,87,17.24137931034483
2024,10601,rural,23,mujer,17,87,19.54022988505747
2024,10601,rural,24,hombre,20,107,18.69158878504673
2024,10601,rural,24,mujer,11,85,12.941176470588236
2024,10601,rural,25,hombre,18,71,25.35211267605634
2024,10601,rural,25,mujer,12,67,17.91044776119403
2024,10601,rural,26,hombre,19,61,31.147540983606557
2024,10601,rural,26,mujer,4,56,7.142857142857143
2024,10601,rural,27,hombre,26,67,38.80597014925373
2024,10601,rural,27,mujer,7,42,16.666666666666668
2024,10601,rural,28,hombre,15,48,31.25
2024,10601,rural,28,mujer,10,60,16.666666666666668
2024,10601,urbana,16,hombre,1,33,3.0303030303030303
2024,10601,urbana,16,mujer,2,52,3.8461538461538463
2024,10601,urbana,17,hombre,1,32,3.125
2024,10601,urbana,17,mujer,2,31,6.451612903225806
2024,10601,urbana,18,hombre,1,28,3.5714285714285716
2024,10601,urbana,18,mujer,2,28,7.142857142857143
2024,10601,urbana,19,hombre,5,25,20.0
2024,10601,urbana,19,mujer,3,21,14.285714285714286
2024,10601,urbana,20,hombre,1,18,5.555555555555555
2024,10601,urbana,20,mujer,4,25,16.0
2024,10601,urbana,21,hombre,1,15,6.666666666666667
2024,10601,urbana,21,mujer,2,18,11.11111111111111
2024,10601,urbana,22,hombre,6,23,26.08695652173913
2024,10601,urbana,22,mujer,5,16,31.25
2024,10601,urbana,23,hombre,6,17,35.294117647058826
2024,10601,urbana,23,mujer,10,27,37.03703703703704
2024,10601,urbana,24,hombre,5,24,20.833333333333332
2024,10601,urbana,24,mujer,6,14,42.857142857142854
2024,10601,urbana,25,hombre,6,19,31.57894736842105
2024,10601,urbana,25,mujer,7,21,33.333333333333336
2024,10601,urbana,26,hombre,5,15,33.333333333333336
2024,10601,urbana,26,mujer,7,18,38.888888888888886
2024,10601,urbana,27,hombre,4,13,30.76923076923077
2024,10601,urbana,27,mujer,10,19,52.63157894736842
2024,10601,urbana,28,hombre,6,12,50.0
2024,10601,urbana,28,mujer,7,23,30.434782608695652
2024,10602,rural,16,hombre,2,74,2.7027027027027026
2024,10602,rural,16,mujer,2,72,2.7777777777777777
2024,10602,rural,17,hombre,3,70,4.285714285714286
2024,10602,rural,17,mujer,1,67,1.492537313432836
2024,10602,rural,18,hombre,5,63,7.936507936507937
2024,10602,rural,18,mujer,8,64,12.5
2024,10602,rural,19,hombre,8,53,15.09433962264151
2024,10602,rural,19,mujer,3,57,5.2631578947368425
2024,10602,rural,20,hombre,2,61,3.278688524590164
2024,10602,rural,20,mujer,4,47,8.51063829787234
2024,10602,rural,21,hombre,8,53,15.09433962264151
2024,10602,rural,21,mujer,4,62,6.451612903225806
2024,10602,rural,22,hombre,13,56,23.214285714285715
2024,10602,rural,22,mujer,8,61,13.114754098360656
2024,10602,rural,23,hombre,12,66,18.181818181818183
2024,10602,rural,23,mujer,9,54,16.666666666666668
2024,10602,rural,24,hombre,18,62,29.032258064516128
2024,10602,rural,24,mujer,6,51,11.764705882352942
2024,10602,rural,25,hombre,23,70,32.857142857142854
2024,10602,rural,25,mujer,13,68,19.11764705882353
2024,10602,rural,26,hombre,24,61,39.34426229508197
2024,10602,rural,26,mujer,12,56,21.428571428571427
2024,10602,rural,27,hombre,20,61,32.78688524590164
2024,10602,rural,27,mujer,11,67,16.417910447761194
2024,10602,rural,28,hombre,19,48,39.583333333333336
2024,10602,rural,28,mujer,9,48,18.75
2024,10701,rural,16,hombre,0,68,0.0
2024,10701,rural,16,mujer,3,64,4.6875
2024,10701,rural,17,hombre,6,75,8.0
2024,10701,rural,17,mujer,2,61,3.278688524590164
2024,10701,rural,18,hombre,6,65,9.23076923076923
2024,10701,rural,18,mujer,5,61,8.19672131147541
2024,10701,rural,19,hombre,11,83,13.25301204819277
2024,10701,rural,19,mujer,7,64,10.9375
2024,10701,rural,20,hombre,7,50,14.0
2024,10701,rural,20,mujer,2,59,3.389830508474576
2024,10701,rural,21,hombre,16,70,22.857142857142858
2024,10701,rural,21,mujer,12,58,20.689655172413794
2024,10701,rural,22,hombre,22,85,25.88235294117647
2024,10701,rural,22,mujer,8,70,11.428571428571429
2024,10701,rural,23,hombre,19,61,31.147540983606557
2024,10701,rural,23,mujer,7,61,11.475409836065573
2024,10701,rural,24,hombre,20,67,29.850746268656717
2024,10701,rural,24,mujer,18,76,23.68421052631579
2024,10701,rural,25,hombre,23,64,35.9375
2024,10701,rural,25,mujer,11,73,15.068493150684931
2024,10701,rural,26,hombre,35,71,49.29577464788732
2024,10701,rural,26,mujer,13,89,14.606741573033707
2024,10701,rural,27,hombre,27,61,44.26229508196721
2024,10701,rural,27,mujer,18,67,26.865671641791046
2024,10701,rural,28,hombre,38,79,48.10126582278481
2024,10701,rural,28,mujer,19,69,27.536231884057973
2024,10701,urbana,16,hombre,4,54,7.407407407407407
2024,10701,urbana,16,mujer,4,63,6.349206349206349
2024,10701,urbana,17,hombre,5,38,13.157894736842104
2024,10701,urbana,17,mujer,6,53,11.320754716981131
2024,10701,urbana,18,hombre,3,35,8.571428571428571
2024,10701,urbana,18,mujer,11,50,22.0
2024,10701,urbana,19,hombre,1,30,3.3333333333333335
2024,10701,urbana,19,mujer,8,27,29.62962962962963
2024,10701,urbana,20,hombre,9,39,23.076923076923077
2024,10701,urbana,20,mujer,6,33,18.181818181818183
2024,10701,urbana,21,hombre,4,33,12.121212121212121
2024,10701,urbana,21,mujer,6,29,20.689655172413794
2024,10701,urbana,22,hombre,10,35,28.571428571428573
2024,10701,urbana,22,mujer,10,40,25.0
2024,10701,urbana,23,hombre,12,37,32.432432432432435
2024,10701,urbana,23,mujer,12,45,26.666666666666668
2024,10701,urbana,24,hombre,13,33,39.39393939393939
2024,10701,urbana,24,mujer,12,47,25.53191489361702
2024,10701,urbana,25,hombre,12,38,31.57894736842105
2024,10701,urbana,25,mujer,11,54,20.37037037037037
2024,10701,urbana,26,hombre,10,28,35.714285714285715
2024,10701,urbana,26,mujer,8,41,19.51219512195122
2024,10701,urbana,27,hombre,19,49,38.775510204081634
2024,10701,urbana,27,mujer,12,44,27.272727272727273
2024,10701,urbana,28,hombre,15,29,51.724137931034484
2024,10701,urbana,28,mujer,13,46,28.26086956521739
2024,10702,rural,16,hombre,22,261,8.42911877394636
2024,10702,rural,16,mujer,13,271,4.797047970479705
2024,10702,rural,17,hombre,11,230,4.782608695652174
2024,10702,rural,17,mujer,18,268,6.7164179104477615
2024,10702,rural,18,hombre,19,211,9.004739336492891
2024,10702,rural,18,mujer,13,187,6.951871657754011
2024,10702,rural,19,hombre,33,159,20.754716981132077
2024,10702,rural,19,mujer,17,200,8.5
2024,10702,rural,20,hombre,33,157,21.019108280254777
2024,10702,rural,20,mujer,16,184,8.695652173913043
2024,10702,rural,21,hombre,47,158,29.746835443037973
2024,10702,rural,21,mujer,23,170,13.529411764705882
2024,10702,rural,22,hombre,57,152,37.5
2024,10702,rural,22,mujer,17,168,10.119047619047619
2024,10702,rural,23,hombre,69,211,32.70142180094787
2024,10702,rural,23,mujer,30,168,17.857142857142858
2024,10702,rural,24,hombre,66,178,37.07865168539326
2024,10702,rural,24,mujer,38,194,19.587628865979383
2024,10702,rural,25,hombre,66,151,43.70860927152318
2024,10702,rural,25,mujer,39,154,25.324675324675326
2024,10702,rural,26,hombre,77,162,47.53086419753087
2024,10702,rural,26,mujer,26,147,17.687074829931973
2024,10702,rural,27,hombre,80,158,50.63291139240506
2024,10702,rural,27,mujer,36,142,25.35211267605634
2024,10702,rural,28,hombre,80,148,54.054054054054056
2024,10702,rural,28,mujer,36,135,26.666666666666668
2024,10702,urbana,16,hombre,1,33,3.0303030303030303
2024,10702,urbana,16,mujer,3,42,7.142857142857143
2024,10702,urbana,17,hombre,6,46,13.043478260869565
2024,10702,urbana,17,mujer,1,19,5.2631578947368425
2024,10702,urbana,18,hombre,8,24,33.333333333333336
2024,10702,urbana,18,mujer,1,14,7.142857142857143
2024,10702,urbana,19,hombre,6,20,30.0
2024,10702,urbana,19,mujer,3,17,17.647058823529413
2024,10702,urbana,20,hombre,4,19,21.05263157894737
2024,10702,urbana,20,mujer,5,20,25.0
2024,10702,urbana,21,hombre,5,16,31.25
2024,10702,urbana,21,mujer,5,20,25.0
2024,10702,urbana,22,hombre,9,17,52.94117647058823
2024,10702,urbana,22,mujer,6,21,28.571428571428573
2024,10702,urbana,23,hombre,4,18,22.22222222222222
2024,10702,urbana,23,mujer,5,16,31.25
2024,10702,urbana,24,hombre,8,18,44.44444444444444
2024,10702,urbana,24,mujer,8,24,33.333333333333336
2024,10702,urbana,25,hombre,9,14,64.28571428571429
2024,10702,urbana,25,mujer,10,36,27.77777777777778
2024,10702,urbana,26,hombre,7,15,46.666666666666664
2024,10702,urbana,26,mujer,9,26,34.61538461538461
2024,10702,urbana,27,hombre,9,16,56.25
2024,10702,urbana,27,mujer,14,31,45.16129032258065
2024,10702,urbana,28,hombre,9,17,52.94117647058823
2024,10702,urbana,28,mujer,13,28,46.42857142857143
2024,10703,rural,16,hombre,6,107,5.607476635514018
2024,10703,rural,16,mujer,3,110,2.727272727272727
2024,10703,rural,17,hombre,10,132,7.575757575757576
2024,10703,rural,17,mujer,10,133,7.518796992481203
2024,10703,rural,18,hombre,18,108,16.666666666666668
2024,10703,rural,18,mujer,7,115,6.086956521739131
2024,10703,rural,19,hombre,16,125,12.8
2024,10703,rural,19,mujer,8,117,6.837606837606837
2024,10703,rural,20,hombre,27,130,20.76923076923077
2024,10703,rural,20,mujer,1,115,0.8695652173913043
2024,10703,rural,21,hombre,21,106,19.81132075471698
2024,10703,rural,21,mujer,14,123,11.382113821138212
2024,10703,rural,22,hombre,24,101,23.762376237623762
2024,10703,rural,22,mujer,15,121,12.396694214876034
2024,10703,rural,23,hombre,49,133,36.8421052631579
2024,10703,rural,23,mujer,26,142,18.309859154929576
2024,10703,rural,24,hombre,43,130,33.07692307692308
2024,10703,rural,24,mujer,10,118,8.474576271186441
2024,10703,rural,25,hombre,58,128,45.3125
2024,10703,rural,25,mujer,19,108,17.59259259259259
2024,10703,rural,26,hombre,41,112,36.607142857142854
2024,10703,rural,26,mujer,16,87,18.39080459770115
2024,10703,rural,27,hombre,38,103,36.89320388349515
2024,10703,rural,27,mujer,15,93,16.129032258064516
2024,10703,rural,28,hombre,33,100,33.0
2024,10703,rural,28,mujer,13,83,15.662650602409638
2024,10703,urbana,16,hombre,0,10,0.0
2024,10703,urbana,16,mujer,2,16,12.5
2024,10703,urbana,17,hombre,0,16,0.0
2024,10703,urbana,17,mujer,1,16,6.25
2024,10703,urbana,18,hombre,5,18,27.77777777777778
2024,10703,urbana,18,mujer,1,10,10.0
2024,10703,urbana,19,hombre,3,21,14.285714285714286
2024,10703,urbana,19,mujer,1,26,3.8461538461538463
2024,10703,urbana,20,hombre,0,21,0.0
2024,10703,urbana,20,mujer,3,16,18.75
2024,10703,urbana,21,hombre,3,16,18.75
2024,10703,urbana,21,mujer,3,15,20.0
2024,10703,urbana,22,hombre,2,11,18.181818181818183
2024,10703,urbana,22,mujer,11,28,39.285714285714285
2024,10703,urbana,23,hombre,6,26,23.076923076923077
2024,10703,urbana,23,mujer,4,30,13.333333333333334
2024,10703,urbana,24,hombre,12,31,38.70967741935484
2024,10703,urbana,24,mujer,12,35,34.285714285714285
2024,10703,urbana,25,hombre,4,20,20.0
2024,10703,urbana,25,mujer,6,24,25.0
2024,10703,urbana,26,hombre,4,17,23.529411764705884
2024,10703,urbana,26,mujer,7,27,25.925925925925927
2024,10703,urbana,27,hombre,8,20,40.0
2024,10703,urbana,27,mujer,1,24,4.166666666666667
2024,10703,urbana,28,hombre,10,24,41.666666666666664
2024,10703,urbana,28,mujer,7,19,36.8421052631579
2024,10704,rural,16,hombre,10,118,8.474576271186441
2024,10704,rural,16,mujer,2,119,1.680672268907563
2024,10704,rural,17,hombre,10,139,7.194244604316546
2024,10704,rural,17,mujer,7,122,5.737704918032787
2024,10704,rural,18,hombre,12,120,10.0
2024,10704,rural,18,mujer,5,124,4.032258064516129
2024,10704,rural,19,hombre,12,112,10.714285714285714
2024,10704,rural,19,mujer,8,114,7.017543859649122
2024,10704,rural,20,hombre,7,108,6.481481481481482
2024,10704,rural,20,mujer,5,118,4.237288135593221
2024,10704,rural,21,hombre,13,108,12.037037037037036
2024,10704,rural,21,mujer,16,137,11.678832116788321
2024,10704,rural,22,hombre,14,92,15.217391304347826
2024,10704,rural,22,mujer,10,123,8.130081300813009
2024,10704,rural,23,hombre,32,134,23.880597014925375
2024,10704,rural,23,mujer,13,116,11.206896551724139
2024,10704,rural,24,hombre,30,114,26.31578947368421
2024,10704,rural,24,mujer,9,90,10.0
2024,10704,rural,25,hombre,30,92,32.608695652173914
2024,10704,rural,25,mujer,18,95,18.94736842105263
2024,10704,rural,26,hombre,43,104,41.34615384615385
2024,10704,rural,26,mujer,27,95,28.42105263157895
2024,10704,rural,27,hombre,38,85,44.705882352941174
2024,10704,rural,27,mujer,16,76,21.05263157894737
2024,10704,rural,28,hombre,36,94,38.297872340425535
2024,10704,rural,28,mujer,15,76,19.736842105263158
2024,10704,urbana,16,hombre,2,28,7.142857142857143
2024,10704,urbana,16,mujer,4,28,14.285714285714286
2024,10704,urbana,17,hombre,2,24,8.333333333333334
2024,10704,urbana,17,mujer,1,36,2.7777777777777777
2024,10704,urbana,18,hombre,4,25,16.0
2024,10704,urbana,18,mujer,5,31,16.129032258064516
2024,10704,urbana,19,hombre,4,23,17.391304347826086
2024,10704,urbana,19,mujer,2,22,9.090909090909092
2024,10704,urbana,20,hombre,3,25,12.0
2024,10704,urbana,20,mujer,7,27,25.925925925925927
2024,10704,urbana,21,hombre,8,27,29.62962962962963
2024,10704,urbana,21,mujer,4,29,13.793103448275861
2024,10704,urbana,22,hombre,4,16,25.0
2024,10704,urbana,22,mujer,6,21,28.571428571428573
2024,10704,urbana,23,hombre,4,24,16.666666666666668
2024,10704,urbana,23,mujer,3,26,11.538461538461538
2024,10704,urbana,24,hombre,7,30,23.333333333333332
2024,10704,urbana,24,mujer,6,21,28.571428571428573
2024,10704,urbana,25,hombre,6,25,24.0
2024,10704,urbana,25,mujer,6,30,20.0
2024,10704,urbana,26,hombre,13,26,50.0
2024,10704,urbana,26,mujer,5,28,17.857142857142858
2024,10704,urbana,27,hombre,9,19,47.36842105263158
2024,10704,urbana,27,mujer,13,35,37.142857142857146
2024,10704,urbana,28,hombre,7,19,36.8421052631579
2024,10704,urbana,28,mujer,10,28,35.714285714285715
2024,10801,rural,16,hombre,4,46,8.695652173913043
2024,10801,rural,16,mujer,2,43,4.651162790697675
2024,10801,rural,17,hombre,5,45,11.11111111111111
2024,10801,rural,17,mujer,5,53,9.433962264150944
2024,10801,rural,18,hombre,0,45,0.0
2024,10801,rural,18,mujer,1,32,3.125
2024,10801,rural,19,hombre,5,40,12.5
2024,10801,rural,19,mujer,3,28,10.714285714285714
2024,10801,rural,20,hombre,7,35,20.0
2024,10801,rural,20,mujer,3,43,6.976744186046512
2024,10801,rural,21,hombre,6,45,13.333333333333334
2024,10801,rural,21,mujer,5,32,15.625
2024,10801,rural,22,hombre,6,30,20.0
2024,10801,rural,22,mujer,1,36,2.7777777777777777
2024,10801,rural,23,hombre,11,35,31.428571428571427
2024,10801,rural,23,mujer,5,35,14.285714285714286
2024,10801,rural,24,hombre,16,42,38.095238095238095
2024,10801,rural,24,mujer,9,40,22.5
2024,10801,rural,25,hombre,11,41,26.829268292682926
2024,10801,rural,25,mujer,5,29,17.24137931034483
2024,10801,rural,26,hombre,15,35,42.857142857142854
2024,10801,rural,26,mujer,6,35,17.142857142857142
2024,10801,rural,27,hombre,14,44,31.818181818181817
2024,10801,rural,27,mujer,9,39,23.076923076923077
2024,10801,rural,28,hombre,19,38,50.0
2024,10801,rural,28,mujer,6,37,16.216216216216218
2024,10801,urbana,16,hombre,2,40,5.0
2024,10801,urbana,16,mujer,3,35,8.571428571428571
2024,10801,urbana,17,hombre,3,35,8.571428571428571
2024,10801,urbana,17,mujer,0,31,0.0
2024,10801,urbana,18,hombre,2,29,6.896551724137931
2024,10801,urbana,18,mujer,3,18,16.666666666666668
2024,10801,urbana,19,hombre,5,29,17.24137931034483
2024,10801,urbana,19,mujer,8,35,22.857142857142858
2024,10801,urbana,20,hombre,12,40,30.0
2024,10801,urbana,20,mujer,7,28,25.0
2024,10801,urbana,21,hombre,14,45,31.11111111111111
2024,10801,urbana,21,mujer,7,33,21.21212121212121
2024,10801,urbana,22,hombre,9,32,28.125
2024,10801,urbana,22,mujer,6,22,27.272727272727273
2024,10801,urbana,23,hombre,11,38,28.94736842105263
2024,10801,urbana,23,mujer,8,28,28.571428571428573
2024,10801,urbana,24,hombre,7,29,24.137931034482758
2024,10801,urbana,24,mujer,9,33,27.272727272727273
2024,10801,urbana,25,hombre,8,28,28.571428571428573
2024,10801,urbana,25,mujer,5,30,16.666666666666668
2024,10801,urbana,26,hombre,13,31,41.935483870967744
2024,10801,urbana,26,mujer,7,27,25.925925925925927
2024,10801,urbana,27,hombre,8,22,36.36363636363637
2024,10801,urbana,27,mujer,3,22,13.636363636363637
2024,10801,urbana,28,hombre,14,31,45.16129032258065
2024,10801,urbana,28,mujer,9,24,37.5
2024,10901,rural,16,hombre,0,21,0.0
2024,10901,rural,16,mujer,0,20,0.0
2024,10901,rural,17,hombre,2,29,6.896551724137931
2024,10901,rural,17,mujer,0,23,0.0
2024,10901,rural,18,hombre,1,12,8.333333333333334
2024,10901,rural,18,mujer,3,30,10.0
2024,10901,rural,19,hombre,1,20,5.0
2024,10901,rural,19,mujer,2,21,9.523809523809524
2024,10901,rural,20,hombre,1,27,3.7037037037037037
2024,10901,rural,20,mujer,2,16,12.5
2024,10901,rural,21,hombre,2,16,12.5
2024,10901,rural,21,mujer,3,18,16.666666666666668
2024,10901,rural,22,hombre,8,33,24.242424242424242
2024,10901,rural,22,mujer,3,23,13.043478260869565
2024,10901,rural,23,hombre,4,29,13.793103448275861
2024,10901,rural,23,mujer,6,22,27.272727272727273
2024,10901,rural,24,hombre,6,26,23.076923076923077
2024,10901,rural,24,mujer,4,30,13.333333333333334
2024,10901,rural,25,hombre,5,22,22.727272727272727
2024,10901,rural,25,mujer,2,20,10.0
2024,10901,rural,26,hombre,6,24,25.0
2024,10901,rural,26,mujer,5,30,16.666666666666668
2024,10901,rural,27,hombre,6,20,30.0
2024,10901,rural,27,mujer,2,21,9.523809523809524
2024,10901,rural,28,hombre,7,25,28.0
2024,10901,rural,28,mujer,5,19,26.31578947368421
2024,10901,urbana,16,hombre,1,13,7.6923076923076925
2024,10901,urbana,16,mujer,1,25,4.0
2024,10901,urbana,17,hombre,1,22,4.545454545454546
2024,10901,urbana,17,mujer,0,27,0.0
2024,10901,urbana,18,hombre,0,14,0.0
2024,10901,urbana,18,mujer,2,13,15.384615384615385
2024,10901,urbana,19,hombre,1,15,6.666666666666667
2024,10901,urbana,19,mujer,1,16,6.25
2024,10901,urbana,20,hombre,3,14,21.428571428571427
2024,10901,urbana,20,mujer,1,19,5.2631578947368425
2024,10901,urbana,21,hombre,4,26,15.384615384615385
2024,10901,urbana,21,mujer,0,26,0.0
2024,10901,urbana,22,hombre,4,19,21.05263157894737
2024,10901,urbana,22,mujer,5,19,26.31578947368421
2024,10901,urbana,23,hombre,5,28,17.857142857142858
2024,10901,urbana,23,mujer,1,13,7.6923076923076925
2024,10901,urbana,24,hombre,6,35,17.142857142857142
2024,10901,urbana,24,mujer,2,23,8.695652173913043
2024,10901,urbana,25,hombre,3,17,17.647058823529413
2024,10901,urbana,25,mujer,2,19,10.526315789473685
2024,10901,urbana,26,hombre,5,15,33.333333333333336
2024,10901,urbana,26,mujer,7,25,28.0
2024,10901,urbana,27,hombre,5,15,33.333333333333336
2024,10901,urbana,27,mujer,3,20,15.0
2024,10901,urbana,28,hombre,6,22,27.272727272727273
2024,10901,urbana,28,mujer,4,21,19.047619047619047
2024,10902,rural,16,hombre,2,104,1.9230769230769231
2024,10902,rural,16,mujer,2,107,1.8691588785046729
2024,10902,rural,17,hombre,6,105,5.714285714285714
2024,10902,rural,17,mujer,4,109,3.669724770642202
2024,10902,rural,18,hombre,10,90,11.11111111111111
2024,10902,rural,18,mujer,6,105,5.714285714285714
2024,10902,rural,19,hombre,14,90,15.555555555555555
2024,10902,rural,19,mujer,8,86,9.30232558139535
2024,10902,rural,20,hombre,17,91,18.681318681318682
2024,10902,rural,20,mujer,8,72,11.11111111111111
2024,10902,rural,21,hombre,25,97,25.77319587628866
2024,10902,rural,21,mujer,15,102,14.705882352941176
2024,10902,rural,22,hombre,28,82,34.146341463414636
2024,10902,rural,22,mujer,11,75,14.666666666666666
2024,10902,rural,23,hombre,32,95,33.68421052631579
2024,10902,rural,23,mujer,12,90,13.333333333333334
2024,10902,rural,24,hombre,26,92,28.26086956521739
2024,10902,rural,24,mujer,8,85,9.411764705882353
2024,10902,rural,25,hombre,39,82,47.5609756097561
2024,10902,rural,25,mujer,19,89,21.348314606741575
2024,10902,rural,26,hombre,46,86,53.48837209302326
2024,10902,rural,26,mujer,11,70,15.714285714285714
2024,10902,rural,27,hombre,36,80,45.0
2024,10902,rural,27,mujer,16,71,22.535211267605632
2024,10902,rural,28,hombre,37,81,45.67901234567901
2024,10902,rural,28,mujer,17,76,22.36842105263158
2024,10902,urbana,16,hombre,0,31,0.0
2024,10902,urbana,16,mujer,1,35,2.857142857142857
2024,10902,urbana,17,hombre,2,30,6.666666666666667
2024,10902,urbana,17,mujer,5,32,15.625
2024,10902,urbana,18,hombre,1,31,3.225806451612903
2024,10902,urbana,18,mujer,2,28,7.142857142857143
2024,10902,urbana,19,hombre,3,28,10.714285714285714
2024,10902,urbana,19,mujer,2,22,9.090909090909092
2024,10902,urbana,20,hombre,3,19,15.789473684210526
2024,10902,urbana,20,mujer,2,17,11.764705882352942
2024,10902,urbana,21,hombre,6,23,26.08695652173913
2024,10902,urbana,21,mujer,3,14,21.428571428571427
2024,10902,urbana,22,hombre,3,21,14.285714285714286
2024,10902,urbana,22,mujer,4,23,17.391304347826086
2024,10902,urbana,23,hombre,11,30,36.666666666666664
2024,10902,urbana,23,mujer,8,28,28.571428571428573
2024,10902,urbana,24,hombre,7,16,43.75
2024,10902,urbana,24,mujer,6,23,26.08695652173913
2024,10902,urbana,25,hombre,5,22,22.727272727272727
2024,10902,urbana,25,mujer,7,24,29.166666666666668
2024,10902,urbana,26,hombre,11,23,47.82608695652174
2024,10902,urbana,26,mujer,10,30,33.333333333333336
2024,10902,urbana,27,hombre,12,27,44.44444444444444
2024,10902,urbana,27,mujer,5,24,20.833333333333332
2024,10902,urbana,28,hombre,8,22,36.36363636363637
2024,10902,urbana,28,mujer,7,17,41.1764705882353
2024,10903,rural,16,hombre,2,32,6.25
2024,10903,rural,16,mujer,0,32,0.0
2024,10903,rural,17,hombre,1,40,2.5
2024,10903,rural,17,mujer,0,32,0.0
2024,10903,rural,18,hombre,2,40,5.0
2024,10903,rural,18,mujer,2,27,7.407407407407407
2024,10903,rural,19,hombre,2,40,5.0
2024,10903,rural,19,mujer,1,39,2.5641025641025643
2024,10903,rural,20,hombre,2,35,5.714285714285714
2024,10903,rural,20,mujer,1,36,2.7777777777777777
2024,10903,rural,21,hombre,2,54,3.7037037037037037
2024,10903,rural,21,mujer,3,26,11.538461538461538
2024,10903,rural,22,hombre,6,42,14.285714285714286
2024,10903,rural,22,mujer,3,35,8.571428571428571
2024,10903,rural,23,hombre,3,54,5.555555555555555
2024,10903,rural,23,mujer,4,41,9.75609756097561
2024,10903,rural,24,hombre,10,64,15.625
2024,10903,rural,24,mujer,7,41,17.073170731707318
2024,10903,rural,25,hombre,12,42,28.571428571428573
2024,10903,rural,25,mujer,3,37,8.108108108108109
2024,10903,rural,26,hombre,6,36,16.666666666666668
2024,10903,rural,26,mujer,5,46,10.869565217391305
2024,10903,rural,27,hombre,16,51,31.372549019607842
2024,10903,rural,27,mujer,7,33,21.21212121212121
2024,10903,rural,28,hombre,11,45,24.444444444444443
2024,10903,rural,28,mujer,5,33,15.151515151515152
2024,11001,rural,16,hombre,1,43,2.3255813953488373
2024,11001,rural,16,mujer,0,47,0.0
2024,11001,rural,17,hombre,0,42,0.0
2024,11001,rural,17,mujer,1,44,2.272727272727273
2024,11001,rural,18,hombre,1,41,2.4390243902439024
2024,11001,rural,18,mujer,1,42,2.380952380952381
2024,11001,rural,19,hombre,4,51,7.8431372549019605
2024,11001,rural,19,mujer,3,38,7.894736842105263
2024,11001,rural,20,hombre,5,43,11.627906976744185
2024,11001,rural,20,mujer,5,46,10.869565217391305
2024,11001,rural,21,hombre,10,49,20.408163265306122
2024,11001,rural,21,mujer,3,33,9.090909090909092
2024,11001,rural,22,hombre,8,48,16.666666666666668
2024,11001,rural,22,mujer,10,56,17.857142857142858
2024,11001,rural,23,hombre,20,67,29.850746268656717
2024,11001,rural,23,mujer,5,53,9.433962264150944
2024,11001,rural,24,hombre,22,67,32.83582089552239
2024,11001,rural,24,mujer,7,58,12.068965517241379
2024,11001,rural,25,hombre,14,43,32.55813953488372
2024,11001,rural,25,mujer,7,48,14.583333333333334
2024,11001,rural,26,hombre,12,47,25.53191489361702
2024,11001,rural,26,mujer,12,54,22.22222222222222
2024,11001,rural,27,hombre,30,62,48.38709677419355
2024,11001,rural,27,mujer,11,43,25.58139534883721
2024,11001,rural,28,hombre,28,66,42.42424242424242
2024,11001,rural,28,mujer,7,45,15.555555555555555
2024,11001,urbana,16,hombre,0,28,0.0
2024,11001,urbana,16,mujer,1,33,3.0303030303030303
2024,11001,urbana,17,hombre,5,27,18.51851851851852
2024,11001,urbana,17,mujer,5,36,13.88888888888889
2024,11001,urbana,18,hombre,21,57,36.8421052631579
2024,11001,urbana,18,mujer,8,30,26.666666666666668
2024,11001,urbana,19,hombre,25,58,43.10344827586207
2024,11001,urbana,19,mujer,16,44,36.36363636363637
2024,11001,urbana,20,hombre,26,68,38.23529411764706
2024,11001,urbana,20,mujer,21,54,38.888888888888886
2024,11001,urbana,21,hombre,16,46,34.78260869565217
2024,11001,urbana,21,mujer,17,47,36.170212765957444
2024,11001,urbana,22,hombre,25,65,38.46153846153846
2024,11001,urbana,22,mujer,19,54,35.18518518518518
2024,11001,urbana,23,hombre,33,69,47.82608695652174
2024,11001,urbana,23,mujer,13,34,38.23529411764706
2024,11001,urbana,24,hombre,16,47,34.04255319148936
2024,11001,urbana,24,mujer,8,45,17.77777777777778
2024,11001,urbana,25,hombre,19,44,43.18181818181818
2024,11001,urbana,25,mujer,16,42,38.095238095238095
2024,11001,urbana,26,hombre,14,30,46.666666666666664
2024,11001,urbana,26,mujer,5,12,41.666666666666664
2024,11001,urbana,27,hombre,11,30,36.666666666666664
2024,11001,urbana,27,mujer,7,34,20.58823529411765
2024,11001,urbana,28,hombre,16,32,50.0
2024,11001,urbana,28,mujer,6,20,30.0
2024,11002,rural,16,hombre,0,27,0.0
2024,11002,rural,16,mujer,1,26,3.8461538461538463
2024,11002,rural,17,hombre,0,16,0.0
2024,11002,rural,17,mujer,0,24,0.0
2024,11002,rural,18,hombre,1,24,4.166666666666667
2024,11002,rural,18,mujer,4,28,14.285714285714286
2024,11002,rural,19,hombre,2,18,11.11111111111111
2024,11002,rural,19,mujer,4,17,23.529411764705884
2024,11002,rural,20,hombre,5,24,20.833333333333332
2024,11002,rural,20,mujer,3,15,20.0
2024,11002,rural,21,hombre,2,19,10.526315789473685
2024,11002,rural,21,mujer,1,9,11.11111111111111
2024,11002,rural,22,hombre,8,19,42.10526315789474
2024,11002,rural,22,mujer,5,18,27.77777777777778
2024,11002,rural,23,hombre,5,17,29.41176470588235
2024,11002,rural,23,mujer,10,20,50.0
2024,11002,rural,24,hombre,4,25,16.0
2024,11002,rural,24,mujer,7,23,30.434782608695652
2024,11002,rural,25,hombre,9,18,50.0
2024,11002,rural,25,mujer,2,13,15.384615384615385
2024,11002,rural,26,hombre,14,28,50.0
2024,11002,rural,26,mujer,4,14,28.571428571428573
2024,11002,rural,27,hombre,14,22,63.63636363636363
2024,11002,rural,27,mujer,8,20,40.0
2024,11002,rural,28,hombre,4,19,21.05263157894737
2024,11002,rural,28,mujer,2,12,16.666666666666668
2024,11003,rural,16,hombre,4,72,5.555555555555555
2024,11003,rural,16,mujer,7,53,13.20754716981132
2024,11003,rural,17,hombre,7,56,12.5
2024,11003,rural,17,mujer,3,45,6.666666666666667
2024,11003,rural,18,hombre,4,41,9.75609756097561
2024,11003,rural,18,mujer,5,33,15.151515151515152
2024,11003,rural,19,hombre,8,36,22.22222222222222
2024,11003,rural,19,mujer,4,25,16.0
2024,11003,rural,20,hombre,6,34,17.647058823529413
2024,11003,rural,20,mujer,8,48,16.666666666666668
2024,11003,rural,21,hombre,4,28,14.285714285714286
2024,11003,rural,21,mujer,4,35,11.428571428571429
2024,11003,rural,22,hombre,14,44,31.818181818181817
2024,11003,rural,22,mujer,13,47,27.659574468085108
2024,11003,rural,23,hombre,13,38,34.21052631578947
2024,11003,rural,23,mujer,5,54,9.25925925925926
2024,11003,rural,24,hombre,21,55,38.18181818181818
2024,11003,rural,24,mujer,15,62,24.193548387096776
2024,11003,rural,25,hombre,14,51,27.45098039215686
2024,11003,rural,25,mujer,15,43,34.883720930232556
2024,11003,rural,26,hombre,27,60,45.0
2024,11003,rural,26,mujer,7,43,16.27906976744186
2024,11003,rural,27,hombre,30,57,52.63157894736842
2024,11003,rural,27,mujer,12,55,21.818181818181817
2024,11003,rural,28,hombre,23,47,48.93617021276596
2024,11003,rural,28,mujer,13,45,28.88888888888889
2024,20101,rural,16,hombre,5,50,10.0
2024,20101,rural,16,mujer,5,38,13.157894736842104
2024,20101,rural,17,hombre,8,51,15.686274509803921
2024,20101,rural,17,mujer,5,39,12.820512820512821
2024,20101,rural,18,hombre,10,47,21.27659574468085
2024,20101,rural,18,mujer,15,54,27.77777777777778
2024,20101,rural,19,hombre,13,54,24.074074074074073
2024,20101,rural,19,mujer,9,42,21.428571428571427
2024,20101,rural,20,hombre,19,53,35.84905660377358
2024,20101,rural,20,mujer,13,57,22.80701754385965
2024,20101,rural,21,hombre,15,52,28.846153846153847
2024,20101,rural,21,mujer,12,45,26.666666666666668
2024,20101,rural,22,hombre,18,63,28.571428571428573
2024,20101,rural,22,mujer,13,54,24.074074074074073
2024,20101,rural,23,hombre,30,67,44.776119402985074
2024,20101,rural,23,mujer,15,48,31.25
2024,20101,rural,24,hombre,36,80,45.0
2024,20101,rural,24,mujer,17,56,30.357142857142858
2024,20101,rural,25,hombre,27,58,46.55172413793103
2024,20101,rural,25,mujer,18,46,39.130434782608695
2024,20101,rural,26,hombre,32,63,50.79365079365079
2024,20101,rural,26,mujer,16,38,42.10526315789474
2024,20101,rural,27,hombre,37,60,61.666666666666664
2024,20101,rural,27,mujer,14,49,28.571428571428573
2024,20101,rural,28,hombre,24,48,50.0
2024,20101,rural,28,mujer,29,52,55.76923076923077
2024,20101,urbana,16,hombre,134,5768,2.323162274618585
2024,20101,urbana,16,mujer,141,5568,2.5323275862068964
2024,20101,urbana,17,hombre,232,5621,4.1273794698452235
2024,20101,urbana,17,mujer,224,5650,3.9646017699115044
2024,20101,urbana,18,hombre,369,5438,6.785582934902537
2024,20101,urbana,18,mujer,420,5754,7.299270072992701
2024,20101,urbana,19,hombre,534,5613,9.51362907536077
2024,20101,urbana,19,mujer,499,5776,8.639196675900276
2024,20101,urbana,20,hombre,666,5595,11.90348525469169
2024,20101,urbana,20,mujer,587,5759,10.1927417954506
2024,20101,urbana,21,hombre,767,5814,13.192294461644307
2024,20101,urbana,21,mujer,678,5856,11.577868852459016
2024,20101,urbana,22,hombre,899,5821,15.444081772891256
2024,20101,urbana,22,mujer,721,5870,12.282793867120954
2024,20101,urbana,23,hombre,1125,6179,18.20682958407509
2024,20101,urbana,23,mujer,918,6357,14.440773949976403
2024,20101,urbana,24,hombre,1291,6357,20.3083215353154
2024,20101,urbana,24,mujer,1038,6401,16.216216216216218
2024,20101,urbana,25,hombre,1480,5959,24.836381943279072
2024,20101,urbana,25,mujer,1069,6248,17.109475032010245
2024,20101,urbana,26,hombre,1668,5801,28.753663161523875
2024,20101,urbana,26,mujer,1147,6129,18.714309022679068
2024,20101,urbana,27,hombre,1883,5962,31.583361288158336
2024,20101,urbana,27,mujer,1175,6150,19.10569105691057
2024,20101,urbana,28,hombre,2020,5718,35.32703742567331
2024,20101,urbana,28,mujer,1395,6085,22.925225965488906
2024,20102,rural,16,hombre,17,175,9.714285714285714
2024,20102,rural,16,mujer,19,210,9.047619047619047
2024,20102,rural,17,hombre,10,155,6.451612903225806
2024,20102,rural,17,mujer,13,164,7.926829268292683
2024,20102,rural,18,hombre,14,131,10.687022900763358
2024,20102,rural,18,mujer,17,176,9.659090909090908
2024,20102,rural,19,hombre,22,145,15.172413793103448
2024,20102,rural,19,mujer,25,171,14.619883040935672
2024,20102,rural,20,hombre,37,146,25.34246575342466
2024,20102,rural,20,mujer,25,172,14.534883720930232
2024,20102,rural,21,hombre,41,161,25.46583850931677
2024,20102,rural,21,mujer,26,174,14.942528735632184
2024,20102,rural,22,hombre,39,158,24.68354430379747
2024,20102,rural,22,mujer,38,165,23.03030303030303
2024,20102,rural,23,hombre,84,203,41.37931034482759
2024,20102,rural,23,mujer,53,223,23.766816143497756
2024,20102,rural,24,hombre,79,192,41.145833333333336
2024,20102,rural,24,mujer,41,205,20.0
2024,20102,rural,25,hombre,75,156,48.07692307692308
2024,20102,rural,25,mujer,48,184,26.08695652173913
2024,20102,rural,26,hombre,85,170,50.0
2024,20102,rural,26,mujer,56,198,28.282828282828284
2024,20102,rural,27,hombre,82,166,49.397590361445786
2024,20102,rural,27,mujer,50,165,30.303030303030305
2024,20102,rural,28,hombre,87,146,59.58904109589041
2024,20102,rural,28,mujer,40,165,24.242424242424242
2024,20103,rural,16,hombre,10,145,6.896551724137931
2024,20103,rural,16,mujer,7,178,3.932584269662921
2024,20103,rural,17,hombre,10,127,7.874015748031496
2024,20103,rural,17,mujer,4,138,2.898550724637681
2024,20103,rural,18,hombre,15,132,11.363636363636363
2024,20103,rural,18,mujer,10,120,8.333333333333334
2024,20103,rural,19,hombre,16,140,11.428571428571429
2024,20103,rural,19,mujer,10,117,8.547008547008547
2024,20103,rural,20,hombre,16,119,13.445378151260504
2024,20103,rural,20,mujer,21,148,14.18918918918919
2024,20103,rural,21,hombre,31,157,19.745222929936304
2024,20103,rural,21,mujer,12,162,7.407407407407407
2024,20103,rural,22,hombre,30,140,21.428571428571427
2024,20103,rural,22,mujer,10,156,6.410256410256411
2024,20103,rural,23,hombre,38,152,25.0
2024,20103,rural,23,mujer,26,153,16.99346405228758
2024,20103,rural,24,hombre,56,191,29.319371727748692
2024,20103,rural,24,mujer,29,193,15.025906735751295
2024,20103,rural,25,hombre,52,149,34.899328859060404
2024,20103,rural,25,mujer,28,157,17.8343949044586
2024,20103,rural,26,hombre,54,148,36.486486486486484
2024,20103,rural,26,mujer,26,146,17.80821917808219
2024,20103,rural,27,hombre,46,137,33.57664233576642
2024,20103,rural,27,mujer,20,127,15.748031496062993
2024,20103,rural,28,hombre,80,163,49.079754601226995
2024,20103,rural,28,mujer,37,135,27.40740740740741
2024,20104,rural,16,hombre,2,42,4.761904761904762
2024,20104,rural,16,mujer,0,41,0.0
2024,20104,rural,17,hombre,0,38,0.0
2024,20104,rural,17,mujer,0,35,0.0
2024,20104,rural,18,hombre,2,34,5.882352941176471
2024,20104,rural,18,mujer,2,39,5.128205128205129
2024,20104,rural,19,hombre,0,43,0.0
2024,20104,rural,19,mujer,3,38,7.894736842105263
2024,20104,rural,20,hombre,6,41,14.634146341463415
2024,20104,rural,20,mujer,3,47,6.382978723404255
2024,20104,rural,21,hombre,3,40,7.5
2024,20104,rural,21,mujer,1,37,2.7027027027027026
2024,20104,rural,22,hombre,15,54,27.77777777777778
2024,20104,rural,22,mujer,2,49,4.081632653061225
2024,20104,rural,23,hombre,12,36,33.333333333333336
2024,20104,rural,23,mujer,5,53,9.433962264150944
2024,20104,rural,24,hombre,10,42,23.80952380952381
2024,20104,rural,24,mujer,4,54,7.407407407407407
2024,20104,rural,25,hombre,14,40,35.0
2024,20104,rural,25,mujer,8,49,16.3265306122449
2024,20104,rural,26,hombre,6,49,12.244897959183673
2024,20104,rural,26,mujer,6,45,13.333333333333334
2024,20104,rural,27,hombre,17,47,36.170212765957444
2024,20104,rural,27,mujer,5,59,8.474576271186441
2024,20104,rural,28,hombre,9,34,26.470588235294116
2024,20104,rural,28,mujer,4,38,10.526315789473685
2024,20104,urbana,16,hombre,32,393,8.142493638676845
2024,20104,urbana,16,mujer,24,335,7.164179104477612
2024,20104,urbana,17,hombre,30,318,9.433962264150944
2024,20104,urbana,17,mujer,22,314,7.006369426751593
2024,20104,urbana,18,hombre,42,248,16.93548387096774
2024,20104,urbana,18,mujer,49,309,15.857605177993527
2024,20104,urbana,19,hombre,61,285,21.403508771929825
2024,20104,urbana,19,mujer,53,324,16.358024691358025
2024,20104,urbana,20,hombre,80,344,23.25581395348837
2024,20104,urbana,20,mujer,68,336,20.238095238095237
2024,20104,urbana,21,hombre,106,332,31.927710843373493
2024,20104,urbana,21,mujer,65,329,19.756838905775076
2024,20104,urbana,22,hombre,94,310,30.322580645161292
2024,20104,urbana,22,mujer,75,343,21.865889212827987
2024,20104,urbana,23,hombre,134,369,36.31436314363144
2024,20104,urbana,23,mujer,109,402,27.114427860696516
2024,20104,urbana,24,hombre,163,393,41.475826972010175
2024,20104,urbana,24,mujer,97,381,25.459317585301836
2024,20104,urbana,25,hombre,172,386,44.55958549222798
2024,20104,urbana,25,mujer,103,340,30.294117647058822
2024,20104,urbana,26,hombre,163,338,48.22485207100592
2024,20104,urbana,26,mujer,105,347,30.259365994236312
2024,20104,urbana,27,hombre,141,290,48.62068965517241
2024,20104,urbana,27,mujer,114,362,31.49171270718232
2024,20104,urbana,28,hombre,169,308,54.87012987012987
2024,20104,urbana,28,mujer,95,343,27.696793002915452
2024,20105,rural,16,hombre,0,9,0.0
2024,20105,rural,16,mujer,0,7,0.0
2024,20105,rural,17,hombre,0,4,0.0
2024,20105,rural,17,mujer,0,5,0.0
2024,20105,rural,18,hombre,0,4,0.0
2024,20105,rural,18,mujer,0,4,0.0
2024,20105,rural,19,hombre,0,3,0.0
2024,20105,rural,19,mujer,1,9,11.11111111111111
2024,20105,rural,20,hombre,2,11,18.181818181818183
2024,20105,rural,20,mujer,1,6,16.666666666666668
2024,20105,rural,21,hombre,0,7,0.0
2024,20105,rural,21,mujer,1,3,33.333333333333336
2024,20105,rural,22,hombre,0,6,0.0
2024,20105,rural,22,mujer,0,7,0.0
2024,20105,rural,23,hombre,4,8,50.0
2024,20105,rural,23,mujer,0,4,0.0
2024,20105,rural,24,hombre,1,6,16.666666666666668
2024,20105,rural,24,mujer,1,5,20.0
2024,20105,rural,25,hombre,1,8,12.5
2024,20105,rural,25,mujer,0,5,0.0
2024,20105,rural,26,hombre,2,7,28.571428571428573
2024,20105,rural,26,mujer,0,6,0.0
2024,20105,rural,27,hombre,2,5,40.0
2024,20105,rural,27,mujer,0,2,0.0
2024,20105,rural,28,hombre,5,8,62.5
2024,20105,rural,28,mujer,0,3,0.0
2024,20105,urbana,16,hombre,572,8815,6.4889393079977316
2024,20105,urbana,16,mujer,560,8830,6.342015855039637
2024,20105,urbana,17,hombre,759,8239,9.212283044058745
2024,20105,urbana,17,mujer,672,8533,7.875307629204266
2024,20105,urbana,18,hombre,958,6901,13.88204608027822
2024,20105,urbana,18,mujer,1087,8502,12.785227005410492
2024,20105,urbana,19,hombre,1280,7691,16.642829280977764
2024,20105,urbana,19,mujer,1270,8462,15.008272276057669
2024,20105,urbana,20,hombre,1733,8228,21.062226543509965
2024,20105,urbana,20,mujer,1485,8861,16.758830831734567
2024,20105,urbana,21,hombre,2001,8456,23.663670766319772
2024,20105,urbana,21,mujer,1651,8759,18.84918369676904
2024,20105,urbana,22,hombre,2222,8399,26.45553042028813
2024,20105,urbana,22,mujer,1874,8834,21.213493321258774
2024,20105,urbana,23,hombre,2824,9215,30.645686380900706
2024,20105,urbana,23,mujer,2084,9446,22.06224857082363
2024,20105,urbana,24,hombre,3236,9266,34.92337578243039
2024,20105,urbana,24,mujer,2262,9589,23.58952966941287
2024,20105,urbana,25,hombre,3424,8841,38.728650605135165
2024,20105,urbana,25,mujer,2305,9320,24.73175965665236
2024,20105,urbana,26,hombre,3579,8544,41.889044943820224
2024,20105,urbana,26,mujer,2494,8983,27.76355337860403
2024,20105,urbana,27,hombre,3719,8155,45.60392397302269
2024,20105,urbana,27,mujer,2547,8698,29.28259369970108
2024,20105,urbana,28,hombre,3990,8034,49.663928304705
2024,20105,urbana,28,mujer,2729,8655,31.530906990179087
2024,20201,rural,16,hombre,12,285,4.2105263157894735
2024,20201,rural,16,mujer,21,292,7.191780821917808
2024,20201,rural,17,hombre,15,279,5.376344086021505
2024,20201,rural,17,mujer,16,288,5.555555555555555
2024,20201,rural,18,hombre,30,232,12.931034482758621
2024,20201,rural,18,mujer,19,267,7.116104868913857
2024,20201,rural,19,hombre,30,212,14.150943396226415
2024,20201,rural,19,mujer,19,209,9.090909090909092
2024,20201,rural,20,hombre,35,241,14.522821576763485
2024,20201,rural,20,mujer,21,257,8.171206225680933
2024,20201,rural,21,hombre,44,278,15.827338129496402
2024,20201,rural,21,mujer,39,287,13.588850174216027
2024,20201,rural,22,hombre,50,221,22.624434389140273
2024,20201,rural,22,mujer,44,291,15.120274914089347
2024,20201,rural,23,hombre,80,260,30.76923076923077
2024,20201,rural,23,mujer,37,280,13.214285714285714
2024,20201,rural,24,hombre,88,285,30.87719298245614
2024,20201,rural,24,mujer,62,265,23.39622641509434
2024,20201,rural,25,hombre,91,295,30.847457627118644
2024,20201,rural,25,mujer,49,262,18.702290076335878
2024,20201,rural,26,hombre,116,270,42.96296296296296
2024,20201,rural,26,mujer,53,272,19.485294117647058
2024,20201,rural,27,hombre,116,252,46.03174603174603
2024,20201,rural,27,mujer,47,237,19.831223628691983
2024,20201,rural,28,hombre,138,244,56.557377049180324
2024,20201,rural,28,mujer,61,253,24.110671936758894
2024,20201,urbana,16,hombre,10,80,12.5
2024,20201,urbana,16,mujer,13,98,13.26530612244898
2024,20201,urbana,17,hombre,14,87,16.091954022988507
2024,20201,urbana,17,mujer,12,87,13.793103448275861
2024,20201,urbana,18,hombre,5,60,8.333333333333334
2024,20201,urbana,18,mujer,9,84,10.714285714285714
2024,20201,urbana,19,hombre,14,81,17.28395061728395
2024,20201,urbana,19,mujer,19,76,25.0
2024,20201,urbana,20,hombre,17,73,23.28767123287671
2024,20201,urbana,20,mujer,15,78,19.23076923076923
2024,20201,urbana,21,hombre,28,84,33.333333333333336
2024,20201,urbana,21,mujer,23,80,28.75
2024,20201,urbana,22,hombre,22,84,26.19047619047619
2024,20201,urbana,22,mujer,20,85,23.529411764705884
2024,20201,urbana,23,hombre,20,61,32.78688524590164
2024,20201,urbana,23,mujer,29,97,29.896907216494846
2024,20201,urbana,24,hombre,27,69,39.130434782608695
2024,20201,urbana,24,mujer,21,82,25.609756097560975
2024,20201,urbana,25,hombre,46,92,50.0
2024,20201,urbana,25,mujer,28,84,33.333333333333336
2024,20201,urbana,26,hombre,41,74,55.4054054054054
2024,20201,urbana,26,mujer,25,89,28.089887640449437
2024,20201,urbana,27,hombre,42,76,55.26315789473684
2024,20201,urbana,27,mujer,31,102,30.392156862745097
2024,20201,urbana,28,hombre,37,73,50.68493150684932
2024,20201,urbana,28,mujer,38,91,41.75824175824176
2024,20202,rural,16,hombre,8,118,6.779661016949152
2024,20202,rural,16,mujer,12,115,10.434782608695652
2024,20202,rural,17,hombre,9,116,7.758620689655173
2024,20202,rural,17,mujer,15,111,13.513513513513514
2024,20202,rural,18,hombre,14,100,14.0
2024,20202,rural,18,mujer,19,105,18.095238095238095
2024,20202,rural,19,hombre,17,95,17.894736842105264
2024,20202,rural,19,mujer,6,98,6.122448979591836
2024,20202,rural,20,hombre,15,95,15.789473684210526
2024,20202,rural,20,mujer,17,87,19.54022988505747
2024,20202,rural,21,hombre,13,95,13.68421052631579
2024,20202,rural,21,mujer,14,91,15.384615384615385
2024,20202,rural,22,hombre,18,89,20.224719101123597
2024,20202,rural,22,mujer,14,99,14.141414141414142
2024,20202,rural,23,hombre,34,114,29.82456140350877
2024,20202,rural,23,mujer,21,107,19.626168224299064
2024,20202,rural,24,hombre,30,110,27.272727272727273
2024,20202,rural,24,mujer,26,120,21.666666666666668
2024,20202,rural,25,hombre,32,114,28.07017543859649
2024,20202,rural,25,mujer,19,123,15.447154471544716
2024,20202,rural,26,hombre,50,111,45.04504504504504
2024,20202,rural,26,mujer,27,121,22.31404958677686
2024,20202,rural,27,hombre,38,95,40.0
2024,20202,rural,27,mujer,21,105,20.0
2024,20202,rural,28,hombre,54,109,49.54128440366973
2024,20202,rural,28,mujer,18,97,18.556701030927837
2024,20203,rural,16,hombre,1,56,1.7857142857142858
2024,20203,rural,16,mujer,1,62,1.6129032258064515
2024,20203,rural,17,hombre,2,39,5.128205128205129
2024,20203,rural,17,mujer,3,44,6.818181818181818
2024,20203,rural,18,hombre,7,39,17.94871794871795
2024,20203,rural,18,mujer,7,58,12.068965517241379
2024,20203,rural,19,hombre,4,32,12.5
2024,20203,rural,19,mujer,8,46,17.391304347826086
2024,20203,rural,20,hombre,10,40,25.0
2024,20203,rural,20,mujer,6,42,14.285714285714286
2024,20203,rural,21,hombre,7,42,16.666666666666668
2024,20203,rural,21,mujer,9,46,19.565217391304348
2024,20203,rural,22,hombre,15,51,29.41176470588235
2024,20203,rural,22,mujer,5,50,10.0
2024,20203,rural,23,hombre,14,48,29.166666666666668
2024,20203,rural,23,mujer,12,44,27.272727272727273
2024,20203,rural,24,hombre,16,43,37.2093023255814
2024,20203,rural,24,mujer,15,50,30.0
2024,20203,rural,25,hombre,16,42,38.095238095238095
2024,20203,rural,25,mujer,14,52,26.923076923076923
2024,20203,rural,26,hombre,19,46,41.30434782608695
2024,20203,rural,26,mujer,8,50,16.0
2024,20203,rural,27,hombre,28,55,50.90909090909091
2024,20203,rural,27,mujer,9,46,19.565217391304348
2024,20203,rural,28,hombre,17,39,43.58974358974359
2024,20203,rural,28,mujer,12,54,22.22222222222222
2024,20204,rural,16,hombre,4,60,6.666666666666667
2024,20204,rural,16,mujer,2,61,3.278688524590164
2024,20204,rural,17,hombre,4,52,7.6923076923076925
2024,20204,rural,17,mujer,5,53,9.433962264150944
2024,20204,rural,18,hombre,4,34,11.764705882352942
2024,20204,rural,18,mujer,10,53,18.867924528301888
2024,20204,rural,19,hombre,15,53,28.30188679245283
2024,20204,rural,19,mujer,10,60,16.666666666666668
2024,20204,rural,20,hombre,12,53,22.641509433962263
2024,20204,rural,20,mujer,13,42,30.952380952380953
2024,20204,rural,21,hombre,5,41,12.195121951219512
2024,20204,rural,21,mujer,10,58,17.24137931034483
2024,20204,rural,22,hombre,12,38,31.57894736842105
2024,20204,rural,22,mujer,12,53,22.641509433962263
2024,20204,rural,23,hombre,15,65,23.076923076923077
2024,20204,rural,23,mujer,10,68,14.705882352941176
2024,20204,rural,24,hombre,19,61,31.147540983606557
2024,20204,rural,24,mujer,20,52,38.46153846153846
2024,20204,rural,25,hombre,20,50,40.0
2024,20204,rural,25,mujer,14,56,25.0
2024,20204,rural,26,hombre,28,56,50.0
2024,20204,rural,26,mujer,13,64,20.3125
2024,20204,rural,27,hombre,26,53,49.056603773584904
2024,20204,rural,27,mujer,19,50,38.0
2024,20204,rural,28,hombre,31,56,55.357142857142854
2024,20204,rural,28,mujer,12,42,28.571428571428573
2024,20205,rural,16,hombre,2,31,6.451612903225806
2024,20205,rural,16,mujer,5,28,17.857142857142858
2024,20205,rural,17,hombre,5,33,15.151515151515152
2024,20205,rural,17,mujer,2,30,6.666666666666667
2024,20205,rural,18,hombre,9,24,37.5
2024,20205,rural,18,mujer,8,32,25.0
2024,20205,rural,19,hombre,9,33,27.272727272727273
2024,20205,rural,19,mujer,7,25,28.0
2024,20205,rural,20,hombre,13,34,38.23529411764706
2024,20205,rural,20,mujer,5,23,21.73913043478261
2024,20205,rural,21,hombre,13,36,36.111111111111114
2024,20205,rural,21,mujer,7,25,28.0
2024,20205,rural,22,hombre,9,24,37.5
2024,20205,rural,22,mujer,9,28,32.142857142857146
2024,20205,rural,23,hombre,5,39,12.820512820512821
2024,20205,rural,23,mujer,14,40,35.0
2024,20205,rural,24,hombre,19,31,61.29032258064516
2024,20205,rural,24,mujer,4,29,13.793103448275861
2024,20205,rural,25,hombre,11,28,39.285714285714285
2024,20205,rural,25,mujer,8,25,32.0
2024,20205,rural,26,hombre,12,28,42.857142857142854
2024,20205,rural,26,mujer,9,27,33.333333333333336
2024,20205,rural,27,hombre,14,34,41.1764705882353
2024,20205,rural,27,mujer,9,30,30.0
2024,20205,rural,28,hombre,13,23,56.52173913043478
2024,20205,rural,28,mujer,6,25,24.0
2024,20206,rural,16,hombre,5,43,11.627906976744185
2024,20206,rural,16,mujer,3,45,6.666666666666667
2024,20206,rural,17,hombre,1,44,2.272727272727273
2024,20206,rural,17,mujer,3,43,6.976744186046512
2024,20206,rural,18,hombre,2,38,5.2631578947368425
2024,20206,rural,18,mujer,8,55,14.545454545454545
2024,20206,rural,19,hombre,10,51,19.607843137254903
2024,20206,rural,19,mujer,14,54,25.925925925925927
2024,20206,rural,20,hombre,7,36,19.444444444444443
2024,20206,rural,20,mujer,9,57,15.789473684210526
2024,20206,rural,21,hombre,11,45,24.444444444444443
2024,20206,rural,21,mujer,6,39,15.384615384615385
2024,20206,rural,22,hombre,7,35,20.0
2024,20206,rural,22,mujer,6,58,10.344827586206897
2024,20206,rural,23,hombre,16,53,30.18867924528302
2024,20206,rural,23,mujer,13,55,23.636363636363637
2024,20206,rural,24,hombre,12,50,24.0
2024,20206,rural,24,mujer,7,56,12.5
2024,20206,rural,25,hombre,14,58,24.137931034482758
2024,20206,rural,25,mujer,9,49,18.367346938775512
2024,20206,rural,26,hombre,18,57,31.57894736842105
2024,20206,rural,26,mujer,12,48,25.0
2024,20206,rural,27,hombre,17,45,37.77777777777778
2024,20206,rural,27,mujer,6,41,14.634146341463415
2024,20206,rural,28,hombre,18,49,36.734693877551024
2024,20206,rural,28,mujer,8,43,18.6046511627907
2024,20301,rural,16,hombre,14,92,15.217391304347826
2024,20301,rural,16,mujer,18,87,20.689655172413794
2024,20301,rural,17,hombre,16,76,21.05263157894737
2024,20301,rural,17,mujer,12,87,13.793103448275861
2024,20301,rural,18,hombre,11,72,15.277777777777779
2024,20301,rural,18,mujer,15,71,21.12676056338028
2024,20301,rural,19,hombre,14,86,16.27906976744186
2024,20301,rural,19,mujer,10,66,15.151515151515152
2024,20301,rural,20,hombre,13,72,18.055555555555557
2024,20301,rural,20,mujer,17,77,22.07792207792208
2024,20301,rural,21,hombre,13,58,22.413793103448278
2024,20301,rural,21,mujer,18,76,23.68421052631579
2024,20301,rural,22,hombre,19,80,23.75
2024,20301,rural,22,mujer,21,58,36.206896551724135
2024,20301,rural,23,hombre,24,70,34.285714285714285
2024,20301,rural,23,mujer,26,90,28.88888888888889
2024,20301,rural,24,hombre,21,83,25.301204819277107
2024,20301,rural,24,mujer,21,78,26.923076923076923
2024,20301,rural,25,hombre,20,65,30.76923076923077
2024,20301,rural,25,mujer,14,88,15.909090909090908
2024,20301,rural,26,hombre,26,74,35.13513513513514
2024,20301,rural,26,mujer,19,89,21.348314606741575
2024,20301,rural,27,hombre,25,71,35.2112676056338
2024,20301,rural,27,mujer,24,68,35.294117647058826
2024,20301,rural,28,hombre,31,73,42.465753424657535
2024,20301,rural,28,mujer,18,53,33.9622641509434
2024,20301,urbana,16,hombre,2,15,13.333333333333334
2024,20301,urbana,16,mujer,1,14,7.142857142857143
2024,20301,urbana,17,hombre,2,21,9.523809523809524
2024,20301,urbana,17,mujer,3,15,20.0
2024,20301,urbana,18,hombre,9,86,10.465116279069768
2024,20301,urbana,18,mujer,3,15,20.0
2024,20301,urbana,19,hombre,12,51,23.529411764705884
2024,20301,urbana,19,mujer,3,11,27.272727272727273
2024,20301,urbana,20,hombre,1,19,5.2631578947368425
2024,20301,urbana,20,mujer,2,8,25.0
2024,20301,urbana,21,hombre,3,21,14.285714285714286
2024,20301,urbana,21,mujer,4,12,33.333333333333336
2024,20301,urbana,22,hombre,7,21,33.333333333333336
2024,20301,urbana,22,mujer,6,12,50.0
2024,20301,urbana,23,hombre,3,7,42.857142857142854
2024,20301,urbana,23,mujer,3,14,21.428571428571427
2024,20301,urbana,24,hombre,6,14,42.857142857142854
2024,20301,urbana,24,mujer,4,21,19.047619047619047
2024,20301,urbana,25,hombre,2,9,22.22222222222222
2024,20301,urbana,25,mujer,3,10,30.0
2024,20301,urbana,26,hombre,5,7,71.42857142857143
2024,20301,urbana,26,mujer,2,12,16.666666666666668
2024,20301,urbana,27,hombre,9,13,69.23076923076923
2024,20301,urbana,27,mujer,4,10,40.0
2024,20301,urbana,28,hombre,5,9,55.55555555555556
2024,20301,urbana,28,mujer,6,15,40.0
2024,20302,rural,16,hombre,9,107,8.411214953271028
2024,20302,rural,16,mujer,12,96,12.5
2024,20302,rural,17,hombre,18,102,17.647058823529413
2024,20302,rural,17,mujer,14,98,14.285714285714286
2024,20302,rural,18,hombre,17,99,17.171717171717173
2024,20302,rural,18,mujer,19,115,16.52173913043478
2024,20302,rural,19,hombre,17,93,18.27956989247312
2024,20302,rural,19,mujer,13,88,14.772727272727273
2024,20302,rural,20,hombre,18,85,21.176470588235293
2024,20302,rural,20,mujer,12,86,13.953488372093023
2024,20302,rural,21,hombre,21,87,24.137931034482758
2024,20302,rural,21,mujer,17,109,15.596330275229358
2024,20302,rural,22,hombre,19,86,22.093023255813954
2024,20302,rural,22,mujer,15,82,18.29268292682927
2024,20302,rural,23,hombre,32,111,28.82882882882883
2024,20302,rural,23,mujer,16,97,16.49484536082474
2024,20302,rural,24,hombre,28,104,26.923076923076923
2024,20302,rural,24,mujer,23,117,19.65811965811966
2024,20302,rural,25,hombre,30,92,32.608695652173914
2024,20302,rural,25,mujer,18,98,18.367346938775512
2024,20302,rural,26,hombre,34,104,32.69230769230769
2024,20302,rural,26,mujer,13,96,13.541666666666666
2024,20302,rural,27,hombre,22,91,24.175824175824175
2024,20302,rural,27,mujer,14,71,19.718309859154928
2024,20302,rural,28,hombre,42,108,38.888888888888886
2024,20302,rural,28,mujer,23,96,23.958333333333332
2024,20303,rural,16,hombre,8,97,8.24742268041237
2024,20303,rural,16,mujer,9,73,12.32876712328767
2024,20303,rural,17,hombre,8,59,13.559322033898304
2024,20303,rural,17,mujer,13,90,14.444444444444445
2024,20303,rural,18,hombre,5,51,9.803921568627452
2024,20303,rural,18,mujer,14,79,17.72151898734177
2024,20303,rural,19,hombre,13,93,13.978494623655914
2024,20303,rural,19,mujer,12,68,17.647058823529413
2024,20303,rural,20,hombre,24,92,26.08695652173913
2024,20303,rural,20,mujer,15,74,20.27027027027027
2024,20303,rural,21,hombre,20,82,24.390243902439025
2024,20303,rural,21,mujer,9,79,11.39240506329114
2024,20303,rural,22,hombre,31,92,33.69565217391305
2024,20303,rural,22,mujer,19,81,23.45679012345679
2024,20303,rural,23,hombre,19,87,21.839080459770116
2024,20303,rural,23,mujer,23,83,27.710843373493976
2024,20303,rural,24,hombre,26,76,34.21052631578947
2024,20303,rural,24,mujer,19,77,24.675324675324674
2024,20303,rural,25,hombre,33,78,42.30769230769231
2024,20303,rural,25,mujer,29,92,31.52173913043478
2024,20303,rural,26,hombre,33,85,38.8235294117647
2024,20303,rural,26,mujer,14,59,23.728813559322035
2024,20303,rural,27,hombre,32,79,40.50632911392405
2024,20303,rural,27,mujer,15,87,17.24137931034483
2024,20303,rural,28,hombre,29,64,45.3125
2024,20303,rural,28,mujer,22,75,29.333333333333332
2024,20304,rural,16,hombre,4,39,10.256410256410257
2024,20304,rural,16,mujer,1,31,3.225806451612903
2024,20304,rural,17,hombre,6,45,13.333333333333334
2024,20304,rural,17,mujer,4,32,12.5
2024,20304,rural,18,hombre,5,37,13.513513513513514
2024,20304,rural,18,mujer,9,41,21.951219512195124
2024,20304,rural,19,hombre,16,44,36.36363636363637
2024,20304,rural,19,mujer,2,31,6.451612903225806
2024,20304,rural,20,hombre,9,33,27.272727272727273
2024,20304,rural,20,mujer,3,40,7.5
2024,20304,rural,21,hombre,8,24,33.333333333333336
2024,20304,rural,21,mujer,7,39,17.94871794871795
2024,20304,rural,22,hombre,7,30,23.333333333333332
2024,20304,rural,22,mujer,8,34,23.529411764705884
2024,20304,rural,23,hombre,9,46,19.565217391304348
2024,20304,rural,23,mujer,10,38,26.31578947368421
2024,20304,rural,24,hombre,12,36,33.333333333333336
2024,20304,rural,24,mujer,12,43,27.906976744186046
2024,20304,rural,25,hombre,11,30,36.666666666666664
2024,20304,rural,25,mujer,10,37,27.027027027027028
2024,20304,rural,26,hombre,11,28,39.285714285714285
2024,20304,rural,26,mujer,10,38,26.31578947368421
2024,20304,rural,27,hombre,9,33,27.272727272727273
2024,20304,rural,27,mujer,7,26,26.923076923076923
2024,20304,rural,28,hombre,9,24,37.5
2024,20304,rural,28,mujer,7,32,21.875
2024,20305,rural,16,hombre,2,26,7.6923076923076925
2024,20305,rural,16,mujer,5,25,20.0
2024,20305,rural,17,hombre,3,28,10.714285714285714
2024,20305,rural,17,mujer,8,31,25.806451612903224
2024,20305,rural,18,hombre,5,13,38.46153846153846
2024,20305,rural,18,mujer,5,38,13.157894736842104
2024,20305,rural,19,hombre,8,32,25.0
2024,20305,rural,19,mujer,10,26,38.46153846153846
2024,20305,rural,20,hombre,7,27,25.925925925925927
2024,20305,rural,20,mujer,8,37,21.62162162162162
2024,20305,rural,21,hombre,5,29,17.24137931034483
2024,20305,rural,21,mujer,3,29,10.344827586206897
2024,20305,rural,22,hombre,17,39,43.58974358974359
2024,20305,rural,22,mujer,5,30,16.666666666666668
2024,20305,rural,23,hombre,14,41,34.146341463414636
2024,20305,rural,23,mujer,10,30,33.333333333333336
2024,20305,rural,24,hombre,8,27,29.62962962962963
2024,20305,rural,24,mujer,8,32,25.0
2024,20305,rural,25,hombre,17,39,43.58974358974359
2024,20305,rural,25,mujer,13,37,35.13513513513514
2024,20305,rural,26,hombre,12,33,36.36363636363637
2024,20305,rural,26,mujer,11,38,28.94736842105263
2024,20305,rural,27,hombre,19,33,57.57575757575758
2024,20305,rural,27,mujer,14,26,53.84615384615385
2024,20305,rural,28,hombre,12,22,54.54545454545455
2024,20305,rural,28,mujer,14,26,53.84615384615385
2024,20306,rural,16,hombre,0,28,0.0
2024,20306,rural,16,mujer,0,33,0.0
2024,20306,rural,17,hombre,3,39,7.6923076923076925
2024,20306,rural,17,mujer,1,35,2.857142857142857
2024,20306,rural,18,hombre,2,34,5.882352941176471
2024,20306,rural,18,mujer,2,33,6.0606060606060606
2024,20306,rural,19,hombre,4,42,9.523809523809524
2024,20306,rural,19,mujer,1,38,2.6315789473684212
2024,20306,rural,20,hombre,2,42,4.761904761904762
2024,20306,rural,20,mujer,3,37,8.108108108108109
2024,20306,rural,21,hombre,3,40,7.5
2024,20306,rural,21,mujer,3,31,9.67741935483871
2024,20306,rural,22,hombre,4,37,10.81081081081081
2024,20306,rural,22,mujer,1,36,2.7777777777777777
2024,20306,rural,23,hombre,5,52,9.615384615384615
2024,20306,rural,23,mujer,8,63,12.698412698412698
2024,20306,rural,24,hombre,13,75,17.333333333333332
2024,20306,rural,24,mujer,6,56,10.714285714285714
2024,20306,rural,25,hombre,4,43,9.30232558139535
2024,20306,rural,25,mujer,6,52,11.538461538461538
2024,20306,rural,26,hombre,12,45,26.666666666666668
2024,20306,rural,26,mujer,4,36,11.11111111111111
2024,20306,rural,27,hombre,8,59,13.559322033898304
2024,20306,rural,27,mujer,6,38,15.789473684210526
2024,20306,rural,28,hombre,7,44,15.909090909090908
2024,20306,rural,28,mujer,8,40,20.0
2024,20306,urbana,16,hombre,0,18,0.0
2024,20306,urbana,16,mujer,2,7,28.571428571428573
2024,20306,urbana,17,hombre,0,11,0.0
2024,20306,urbana,17,mujer,1,11,9.090909090909092
2024,20306,urbana,18,hombre,2,12,16.666666666666668
2024,20306,urbana,18,mujer,2,13,15.384615384615385
2024,20306,urbana,19,hombre,1,11,9.090909090909092
2024,20306,urbana,19,mujer,7,16,43.75
2024,20306,urbana,20,hombre,1,14,7.142857142857143
2024,20306,urbana,20,mujer,2,14,14.285714285714286
2024,20306,urbana,21,hombre,2,15,13.333333333333334
2024,20306,urbana,21,mujer,1,10,10.0
2024,20306,urbana,22,hombre,3,7,42.857142857142854
2024,20306,urbana,22,mujer,4,19,21.05263157894737
2024,20306,urbana,23,hombre,4,17,23.529411764705884
2024,20306,urbana,23,mujer,7,23,30.434782608695652
2024,20306,urbana,24,hombre,6,17,35.294117647058826
2024,20306,urbana,24,mujer,4,19,21.05263157894737
2024,20306,urbana,25,hombre,7,24,29.166666666666668
2024,20306,urbana,25,mujer,7,20,35.0
2024,20306,urbana,26,hombre,3,12,25.0
2024,20306,urbana,26,mujer,3,10,30.0
2024,20306,urbana,27,hombre,1,13,7.6923076923076925
2024,20306,urbana,27,mujer,4,15,26.666666666666668
2024,20306,urbana,28,hombre,4,13,30.76923076923077
2024,20306,urbana,28,mujer,2,13,15.384615384615385
2024,20307,rural,16,hombre,2,30,6.666666666666667
2024,20307,rural,16,mujer,1,29,3.4482758620689653
2024,20307,rural,17,hombre,4,35,11.428571428571429
2024,20307,rural,17,mujer,3,17,17.647058823529413
2024,20307,rural,18,hombre,6,25,24.0
2024,20307,rural,18,mujer,5,29,17.24137931034483
2024,20307,rural,19,hombre,5,27,18.51851851851852
2024,20307,rural,19,mujer,4,30,13.333333333333334
2024,20307,rural,20,hombre,5,31,16.129032258064516
2024,20307,rural,20,mujer,4,21,19.047619047619047
2024,20307,rural,21,hombre,6,33,18.181818181818183
2024,20307,rural,21,mujer,3,20,15.0
2024,20307,rural,22,hombre,11,30,36.666666666666664
2024,20307,rural,22,mujer,7,28,25.0
2024,20307,rural,23,hombre,5,26,19.23076923076923
2024,20307,rural,23,mujer,4,32,12.5
2024,20307,rural,24,hombre,6,38,15.789473684210526
2024,20307,rural,24,mujer,7,40,17.5
2024,20307,rural,25,hombre,5,19,26.31578947368421
2024,20307,rural,25,mujer,5,19,26.31578947368421
2024,20307,rural,26,hombre,4,25,16.0
2024,20307,rural,26,mujer,11,42,26.19047619047619
2024,20307,rural,27,hombre,13,28,46.42857142857143
2024,20307,rural,27,mujer,6,28,21.428571428571427
2024,20307,rural,28,hombre,8,29,27.586206896551722
2024,20307,rural,28,mujer,2,26,7.6923076923076925
2024,20308,rural,16,hombre,2,50,4.0
2024,20308,rural,16,mujer,7,45,15.555555555555555
2024,20308,rural,17,hombre,5,41,12.195121951219512
2024,20308,rural,17,mujer,1,41,2.4390243902439024
2024,20308,rural,18,hombre,5,29,17.24137931034483
2024,20308,rural,18,mujer,6,46,13.043478260869565
2024,20308,rural,19,hombre,4,44,9.090909090909092
2024,20308,rural,19,mujer,8,50,16.0
2024,20308,rural,20,hombre,10,46,21.73913043478261
2024,20308,rural,20,mujer,6,42,14.285714285714286
2024,20308,rural,21,hombre,10,52,19.23076923076923
2024,20308,rural,21,mujer,5,39,12.820512820512821
2024,20308,rural,22,hombre,9,49,18.367346938775512
2024,20308,rural,22,mujer,6,43,13.953488372093023
2024,20308,rural,23,hombre,10,52,19.23076923076923
2024,20308,rural,23,mujer,11,53,20.754716981132077
2024,20308,rural,24,hombre,23,57,40.35087719298246
2024,20308,rural,24,mujer,6,40,15.0
2024,20308,rural,25,hombre,18,54,33.333333333333336
2024,20308,rural,25,mujer,13,39,33.333333333333336
2024,20308,rural,26,hombre,15,38,39.473684210526315
2024,20308,rural,26,mujer,11,49,22.448979591836736
2024,20308,rural,27,hombre,29,57,50.87719298245614
2024,20308,rural,27,mujer,14,54,25.925925925925927
2024,20308,rural,28,hombre,32,58,55.172413793103445
2024,20308,rural,28,mujer,8,37,21.62162162162162
2024,20401,rural,16,hombre,14,105,13.333333333333334
2024,20401,rural,16,mujer,10,103,9.70873786407767
2024,20401,rural,17,hombre,11,91,12.087912087912088
2024,20401,rural,17,mujer,15,86,17.441860465116278
2024,20401,rural,18,hombre,10,105,9.523809523809524
2024,20401,rural,18,mujer,15,94,15.957446808510639
2024,20401,rural,19,hombre,19,68,27.941176470588236
2024,20401,rural,19,mujer,14,67,20.895522388059703
2024,20401,rural,20,hombre,16,87,18.39080459770115
2024,20401,rural,20,mujer,15,66,22.727272727272727
2024,20401,rural,21,hombre,21,84,25.0
2024,20401,rural,21,mujer,12,61,19.672131147540984
2024,20401,rural,22,hombre,21,64,32.8125
2024,20401,rural,22,mujer,22,77,28.571428571428573
2024,20401,rural,23,hombre,32,87,36.7816091954023
2024,20401,rural,23,mujer,12,73,16.438356164383563
2024,20401,rural,24,hombre,33,98,33.673469387755105
2024,20401,rural,24,mujer,25,101,24.752475247524753
2024,20401,rural,25,hombre,34,73,46.57534246575342
2024,20401,rural,25,mujer,30,95,31.57894736842105
2024,20401,rural,26,hombre,41,94,43.61702127659574
2024,20401,rural,26,mujer,23,88,26.136363636363637
2024,20401,rural,27,hombre,42,93,45.16129032258065
2024,20401,rural,27,mujer,25,72,34.72222222222222
2024,20401,rural,28,hombre,44,88,50.0
2024,20401,rural,28,mujer,16,76,21.05263157894737
2024,20402,rural,16,hombre,24,142,16.901408450704224
2024,20402,rural,16,mujer,24,141,17.02127659574468
2024,20402,rural,17,hombre,26,131,19.84732824427481
2024,20402,rural,17,mujer,30,133,22.55639097744361
2024,20402,rural,18,hombre,26,108,24.074074074074073
2024,20402,rural,18,mujer,20,132,15.151515151515152
2024,20402,rural,19,hombre,25,102,24.50980392156863
2024,20402,rural,19,mujer,18,124,14.516129032258064
2024,20402,rural,20,hombre,37,103,35.922330097087375
2024,20402,rural,20,mujer,27,108,25.0
2024,20402,rural,21,hombre,35,107,32.71028037383178
2024,20402,rural,21,mujer,26,107,24.299065420560748
2024,20402,rural,22,hombre,43,132,32.57575757575758
2024,20402,rural,22,mujer,38,124,30.64516129032258
2024,20402,rural,23,hombre,51,136,37.5
2024,20402,rural,23,mujer,47,144,32.638888888888886
2024,20402,rural,24,hombre,58,142,40.84507042253521
2024,20402,rural,24,mujer,29,118,24.576271186440678
2024,20402,rural,25,hombre,62,144,43.05555555555556
2024,20402,rural,25,mujer,30,110,27.272727272727273
2024,20402,rural,26,hombre,69,130,53.07692307692308
2024,20402,rural,26,mujer,33,101,32.67326732673267
2024,20402,rural,27,hombre,54,118,45.76271186440678
2024,20402,rural,27,mujer,39,118,33.05084745762712
2024,20402,rural,28,hombre,70,106,66.0377358490566
2024,20402,rural,28,mujer,30,88,34.09090909090909
2024,20403,rural,16,hombre,10,158,6.329113924050633
2024,20403,rural,16,mujer,6,126,4.761904761904762
2024,20403,rural,17,hombre,21,113,18.58407079646018
2024,20403,rural,17,mujer,9,122,7.377049180327869
2024,20403,rural,18,hombre,11,94,11.702127659574469
2024,20403,rural,18,mujer,16,114,14.035087719298245
2024,20403,rural,19,hombre,14,99,14.141414141414142
2024,20403,rural,19,mujer,16,107,14.953271028037383
2024,20403,rural,20,hombre,20,81,24.691358024691358
2024,20403,rural,20,mujer,16,103,15.533980582524272
2024,20403,rural,21,hombre,19,102,18.627450980392158
2024,20403,rural,21,mujer,13,88,14.772727272727273
2024,20403,rural,22,hombre,28,90,31.11111111111111
2024,20403,rural,22,mujer,13,88,14.772727272727273
2024,20403,rural,23,hombre,33,129,25.58139534883721
2024,20403,rural,23,mujer,18,91,19.78021978021978
2024,20403,rural,24,hombre,31,93,33.333333333333336
2024,20403,rural,24,mujer,27,125,21.6
2024,20403,rural,25,hombre,40,120,33.333333333333336
2024,20403,rural,25,mujer,32,118,27.11864406779661
2024,20403,rural,26,hombre,40,92,43.47826086956522
2024,20403,rural,26,mujer,26,106,24.528301886792452
2024,20403,rural,27,hombre,50,109,45.87155963302752
2024,20403,rural,27,mujer,22,104,21.153846153846153
2024,20403,rural,28,hombre,54,104,51.92307692307692
2024,20403,rural,28,mujer,17,81,20.987654320987655
2024,20404,rural,16,hombre,11,54,20.37037037037037
2024,20404,rural,16,mujer,6,36,16.666666666666668
2024,20404,rural,17,hombre,8,52,15.384615384615385
2024,20404,rural,17,mujer,4,37,10.81081081081081
2024,20404,rural,18,hombre,10,41,24.390243902439025
2024,20404,rural,18,mujer,13,50,26.0
2024,20404,rural,19,hombre,15,43,34.883720930232556
2024,20404,rural,19,mujer,10,40,25.0
2024,20404,rural,20,hombre,9,40,22.5
2024,20404,rural,20,mujer,4,23,17.391304347826086
2024,20404,rural,21,hombre,8,33,24.242424242424242
2024,20404,rural,21,mujer,6,32,18.75
2024,20404,rural,22,hombre,11,39,28.205128205128204
2024,20404,rural,22,mujer,10,41,24.390243902439025
2024,20404,rural,23,hombre,15,38,39.473684210526315
2024,20404,rural,23,mujer,4,38,10.526315789473685
2024,20404,rural,24,hombre,19,51,37.254901960784316
2024,20404,rural,24,mujer,9,40,22.5
2024,20404,rural,25,hombre,21,40,52.5
2024,20404,rural,25,mujer,10,30,33.333333333333336
2024,20404,rural,26,hombre,20,41,48.78048780487805
2024,20404,rural,26,mujer,8,36,22.22222222222222
2024,20404,rural,27,hombre,16,33,48.484848484848484
2024,20404,rural,27,mujer,11,34,32.35294117647059
2024,20404,rural,28,hombre,24,37,64.86486486486487
2024,20404,rural,28,mujer,9,31,29.032258064516128
2024,20405,rural,16,hombre,12,73,16.438356164383563
2024,20405,rural,16,mujer,7,58,12.068965517241379
2024,20405,rural,17,hombre,5,62,8.064516129032258
2024,20405,rural,17,mujer,13,67,19.402985074626866
2024,20405,rural,18,hombre,10,61,16.39344262295082
2024,20405,rural,18,mujer,6,52,11.538461538461538
2024,20405,rural,19,hombre,11,47,23.404255319148938
2024,20405,rural,19,mujer,8,56,14.285714285714286
2024,20405,rural,20,hombre,10,63,15.873015873015873
2024,20405,rural,20,mujer,9,44,20.454545454545453
2024,20405,rural,21,hombre,13,41,31.70731707317073
2024,20405,rural,21,mujer,10,49,20.408163265306122
2024,20405,rural,22,hombre,20,53,37.735849056603776
2024,20405,rural,22,mujer,13,62,20.967741935483872
2024,20405,rural,23,hombre,23,51,45.09803921568628
2024,20405,rural,23,mujer,9,40,22.5
2024,20405,rural,24,hombre,22,60,36.666666666666664
2024,20405,rural,24,mujer,14,49,28.571428571428573
2024,20405,rural,25,hombre,28,53,52.83018867924528
2024,20405,rural,25,mujer,17,57,29.82456140350877
2024,20405,rural,26,hombre,16,48,33.333333333333336
2024,20405,rural,26,mujer,10,43,23.25581395348837
2024,20405,rural,27,hombre,21,48,43.75
2024,20405,rural,27,mujer,19,47,40.42553191489362
2024,20405,rural,28,hombre,19,47,40.42553191489362
2024,20405,rural,28,mujer,18,39,46.15384615384615
2024,20501,rural,16,hombre,12,134,8.955223880597014
2024,20501,rural,16,mujer,14,143,9.79020979020979
2024,20501,rural,17,hombre,20,138,14.492753623188406
2024,20501,rural,17,mujer,13,140,9.285714285714286
2024,20501,rural,18,hombre,24,112,21.428571428571427
2024,20501,rural,18,mujer,26,140,18.571428571428573
2024,20501,rural,19,hombre,30,122,24.59016393442623
2024,20501,rural,19,mujer,28,120,23.333333333333332
2024,20501,rural,20,hombre,25,122,20.491803278688526
2024,20501,rural,20,mujer,20,118,16.949152542372882
2024,20501,rural,21,hombre,42,150,28.0
2024,20501,rural,21,mujer,33,140,23.571428571428573
2024,20501,rural,22,hombre,48,160,30.0
2024,20501,rural,22,mujer,33,145,22.75862068965517
2024,20501,rural,23,hombre,48,154,31.16883116883117
2024,20501,rural,23,mujer,37,164,22.5609756097561
2024,20501,rural,24,hombre,67,217,30.87557603686636
2024,20501,rural,24,mujer,39,144,27.083333333333332
2024,20501,rural,25,hombre,57,156,36.53846153846154
2024,20501,rural,25,mujer,43,168,25.595238095238095
2024,20501,rural,26,hombre,60,141,42.5531914893617
2024,20501,rural,26,mujer,38,161,23.60248447204969
2024,20501,rural,27,hombre,73,145,50.3448275862069
2024,20501,rural,27,mujer,28,138,20.28985507246377
2024,20501,rural,28,hombre,71,149,47.651006711409394
2024,20501,rural,28,mujer,45,142,31.690140845070424
2024,20502,rural,16,hombre,14,73,19.17808219178082
2024,20502,rural,16,mujer,18,91,19.78021978021978
2024,20502,rural,17,hombre,9,82,10.975609756097562
2024,20502,rural,17,mujer,4,83,4.819277108433735
2024,20502,rural,18,hombre,10,69,14.492753623188406
2024,20502,rural,18,mujer,14,89,15.730337078651685
2024,20502,rural,19,hombre,15,84,17.857142857142858
2024,20502,rural,19,mujer,10,84,11.904761904761905
2024,20502,rural,20,hombre,17,77,22.07792207792208
2024,20502,rural,20,mujer,8,76,10.526315789473685
2024,20502,rural,21,hombre,30,83,36.144578313253014
2024,20502,rural,21,mujer,18,75,24.0
2024,20502,rural,22,hombre,28,74,37.83783783783784
2024,20502,rural,22,mujer,20,80,25.0
2024,20502,rural,23,hombre,32,84,38.095238095238095
2024,20502,rural,23,mujer,20,78,25.641025641025642
2024,20502,rural,24,hombre,48,92,52.17391304347826
2024,20502,rural,24,mujer,19,74,25.675675675675677
2024,20502,rural,25,hombre,49,93,52.68817204301075
2024,20502,rural,25,mujer,18,73,24.65753424657534
2024,20502,rural,26,hombre,30,68,44.11764705882353
2024,20502,rural,26,mujer,31,80,38.75
2024,20502,rural,27,hombre,41,85,48.23529411764706
2024,20502,rural,27,mujer,20,69,28.985507246376812
2024,20502,rural,28,hombre,40,78,51.282051282051285
2024,20502,rural,28,mujer,19,48,39.583333333333336
2024,20503,rural,16,hombre,8,54,14.814814814814815
2024,20503,rural,16,mujer,4,51,7.8431372549019605
2024,20503,rural,17,hombre,15,64,23.4375
2024,20503,rural,17,mujer,6,46,13.043478260869565
2024,20503,rural,18,hombre,10,42,23.80952380952381
2024,20503,rural,18,mujer,7,40,17.5
2024,20503,rural,19,hombre,20,58,34.48275862068966
2024,20503,rural,19,mujer,10,48,20.833333333333332
2024,20503,rural,20,hombre,20,56,35.714285714285715
2024,20503,rural,20,mujer,14,51,27.45098039215686
2024,20503,rural,21,hombre,23,53,43.39622641509434
2024,20503,rural,21,mujer,14,39,35.8974358974359
2024,20503,rural,22,hombre,21,58,36.206896551724135
2024,20503,rural,22,mujer,16,55,29.09090909090909
2024,20503,rural,23,hombre,29,57,50.87719298245614
2024,20503,rural,23,mujer,17,59,28.8135593220339
2024,20503,rural,24,hombre,36,68,52.94117647058823
2024,20503,rural,24,mujer,17,53,32.075471698113205
2024,20503,rural,25,hombre,30,60,50.0
2024,20503,rural,25,mujer,14,42,33.333333333333336
2024,20503,rural,26,hombre,41,73,56.16438356164384
2024,20503,rural,26,mujer,20,65,30.76923076923077
2024,20503,rural,27,hombre,36,63,57.142857142857146
2024,20503,rural,27,mujer,16,54,29.62962962962963
2024,20503,rural,28,hombre,45,74,60.810810810810814
2024,20503,rural,28,mujer,27,62,43.54838709677419
2024,20601,rural,16,hombre,14,191,7.329842931937173
2024,20601,rural,16,mujer,19,178,10.674157303370787
2024,20601,rural,17,hombre,23,177,12.994350282485875
2024,20601,rural,17,mujer,21,172,12.209302325581396
2024,20601,rural,18,hombre,27,169,15.976331360946746
2024,20601,rural,18,mujer,41,186,22.043010752688172
2024,20601,rural,19,hombre,47,191,24.607329842931936
2024,20601,rural,19,mujer,40,215,18.6046511627907
2024,20601,rural,20,hombre,52,181,28.7292817679558
2024,20601,rural,20,mujer,39,183,21.311475409836067
2024,20601,rural,21,hombre,56,185,30.27027027027027
2024,20601,rural,21,mujer,43,221,19.457013574660632
2024,20601,rural,22,hombre,73,191,38.21989528795812
2024,20601,rural,22,mujer,34,207,16.42512077294686
2024,20601,rural,23,hombre,68,210,32.38095238095238
2024,20601,rural,23,mujer,50,214,23.364485981308412
2024,20601,rural,24,hombre,92,224,41.07142857142857
2024,20601,rural,24,mujer,75,238,31.51260504201681
2024,20601,rural,25,hombre,91,220,41.36363636363637
2024,20601,rural,25,mujer,68,234,29.05982905982906
2024,20601,rural,26,hombre,117,249,46.98795180722892
2024,20601,rural,26,mujer,57,229,24.890829694323145
2024,20601,rural,27,hombre,120,231,51.94805194805195
2024,20601,rural,27,mujer,74,234,31.623931623931625
2024,20601,rural,28,hombre,130,222,58.55855855855856
2024,20601,rural,28,mujer,72,215,33.48837209302326
2024,20601,urbana,16,hombre,11,43,25.58139534883721
2024,20601,urbana,16,mujer,8,40,20.0
2024,20601,urbana,17,hombre,12,32,37.5
2024,20601,urbana,17,mujer,12,34,35.294117647058826
2024,20601,urbana,18,hombre,2,20,10.0
2024,20601,urbana,18,mujer,16,43,37.2093023255814
2024,20601,urbana,19,hombre,11,29,37.93103448275862
2024,20601,urbana,19,mujer,17,44,38.63636363636363
2024,20601,urbana,20,hombre,9,26,34.61538461538461
2024,20601,urbana,20,mujer,13,26,50.0
2024,20601,urbana,21,hombre,18,37,48.648648648648646
2024,20601,urbana,21,mujer,19,38,50.0
2024,20601,urbana,22,hombre,14,29,48.275862068965516
2024,20601,urbana,22,mujer,14,32,43.75
2024,20601,urbana,23,hombre,13,26,50.0
2024,20601,urbana,23,mujer,14,35,40.0
2024,20601,urbana,24,hombre,23,31,74.19354838709677
2024,20601,urbana,24,mujer,26,46,56.52173913043478
2024,20601,urbana,25,hombre,21,33,63.63636363636363
2024,20601,urbana,25,mujer,18,38,47.36842105263158
2024,20601,urbana,26,hombre,9,22,40.90909090909091
2024,20601,urbana,26,mujer,19,41,46.34146341463415
2024,20601,urbana,27,hombre,18,30,60.0
2024,20601,urbana,27,mujer,33,41,80.48780487804878
2024,20601,urbana,28,hombre,19,31,61.29032258064516
2024,20601,urbana,28,mujer,23,39,58.97435897435897
2024,20602,rural,16,hombre,5,79,6.329113924050633
2024,20602,rural,16,mujer,6,92,6.521739130434782
2024,20602,rural,17,hombre,16,110,14.545454545454545
2024,20602,rural,17,mujer,14,101,13.861386138613861
2024,20602,rural,18,hombre,25,79,31.645569620253166
2024,20602,rural,18,mujer,19,82,23.170731707317074
2024,20602,rural,19,hombre,37,96,38.541666666666664
2024,20602,rural,19,mujer,26,86,30.232558139534884
2024,20602,rural,20,hombre,35,99,35.35353535353536
2024,20602,rural,20,mujer,21,88,23.863636363636363
2024,20602,rural,21,hombre,48,101,47.524752475247524
2024,20602,rural,21,mujer,30,98,30.612244897959183
2024,20602,rural,22,hombre,56,110,50.90909090909091
2024,20602,rural,22,mujer,23,86,26.74418604651163
2024,20602,rural,23,hombre,62,121,51.239669421487605
2024,20602,rural,23,mujer,39,102,38.23529411764706
2024,20602,rural,24,hombre,59,118,50.0
2024,20602,rural,24,mujer,40,110,36.36363636363637
2024,20602,rural,25,hombre,62,104,59.61538461538461
2024,20602,rural,25,mujer,29,73,39.726027397260275
2024,20602,rural,26,hombre,79,118,66.94915254237289
2024,20602,rural,26,mujer,32,92,34.78260869565217
2024,20602,rural,27,hombre,86,126,68.25396825396825
2024,20602,rural,27,mujer,46,101,45.54455445544554
2024,20602,rural,28,hombre,84,119,70.58823529411765
2024,20602,rural,28,mujer,36,114,31.57894736842105
2024,20602,urbana,16,hombre,4,38,10.526315789473685
2024,20602,urbana,16,mujer,1,52,1.9230769230769231
2024,20602,urbana,17,hombre,2,38,5.2631578947368425
2024,20602,urbana,17,mujer,9,40,22.5
2024,20602,urbana,18,hombre,2,34,5.882352941176471
2024,20602,urbana,18,mujer,8,42,19.047619047619047
2024,20602,urbana,19,hombre,2,31,6.451612903225806
2024,20602,urbana,19,mujer,7,36,19.444444444444443
2024,20602,urbana,20,hombre,4,32,12.5
2024,20602,urbana,20,mujer,9,26,34.61538461538461
2024,20602,urbana,21,hombre,8,30,26.666666666666668
2024,20602,urbana,21,mujer,5,33,15.151515151515152
2024,20602,urbana,22,hombre,7,27,25.925925925925927
2024,20602,urbana,22,mujer,8,34,23.529411764705884
2024,20602,urbana,23,hombre,11,35,31.428571428571427
2024,20602,urbana,23,mujer,9,38,23.68421052631579
2024,20602,urbana,24,hombre,9,30,30.0
2024,20602,urbana,24,mujer,11,38,28.94736842105263
2024,20602,urbana,25,hombre,13,31,41.935483870967744
2024,20602,urbana,25,mujer,11,39,28.205128205128204
2024,20602,urbana,26,hombre,12,28,42.857142857142854
2024,20602,urbana,26,mujer,8,25,32.0
2024,20602,urbana,27,hombre,23,45,51.111111111111114
2024,20602,urbana,27,mujer,13,39,33.333333333333336
2024,20602,urbana,28,hombre,18,41,43.90243902439025
2024,20602,urbana,28,mujer,14,38,36.8421052631579
2024,20603,rural,16,hombre,14,72,19.444444444444443
2024,20603,rural,16,mujer,20,76,26.31578947368421
2024,20603,rural,17,hombre,19,80,23.75
2024,20603,rural,17,mujer,16,68,23.529411764705884
2024,20603,rural,18,hombre,20,66,30.303030303030305
2024,20603,rural,18,mujer,25,71,35.2112676056338
2024,20603,rural,19,hombre,37,76,48.68421052631579
2024,20603,rural,19,mujer,24,63,38.095238095238095
2024,20603,rural,20,hombre,30,79,37.9746835443038
2024,20603,rural,20,mujer,17,59,28.8135593220339
2024,20603,rural,21,hombre,42,74,56.75675675675676
2024,20603,rural,21,mujer,30,79,37.9746835443038
2024,20603,rural,22,hombre,39,85,45.88235294117647
2024,20603,rural,22,mujer,37,102,36.27450980392157
2024,20603,rural,23,hombre,46,80,57.5
2024,20603,rural,23,mujer,39,88,44.31818181818182
2024,20603,rural,24,hombre,55,94,58.51063829787234
2024,20603,rural,24,mujer,44,100,44.0
2024,20603,rural,25,hombre,59,96,61.458333333333336
2024,20603,rural,25,mujer,26,78,33.333333333333336
2024,20603,rural,26,hombre,70,101,69.3069306930693
2024,20603,rural,26,mujer,33,75,44.0
2024,20603,rural,27,hombre,59,83,71.08433734939759
2024,20603,rural,27,mujer,26,84,30.952380952380953
2024,20603,rural,28,hombre,62,82,75.60975609756098
2024,20603,rural,28,mujer,42,93,45.16129032258065
2024,20604,rural,16,hombre,5,46,10.869565217391305
2024,20604,rural,16,mujer,3,36,8.333333333333334
2024,20604,rural,17,hombre,10,38,26.31578947368421
2024,20604,rural,17,mujer,3,31,9.67741935483871
2024,20604,rural,18,hombre,9,27,33.333333333333336
2024,20604,rural,18,mujer,6,39,15.384615384615385
2024,20604,rural,19,hombre,7,26,26.923076923076923
2024,20604,rural,19,mujer,3,33,9.090909090909092
2024,20604,rural,20,hombre,12,33,36.36363636363637
2024,20604,rural,20,mujer,9,32,28.125
2024,20604,rural,21,hombre,4,26,15.384615384615385
2024,20604,rural,21,mujer,11,42,26.19047619047619
2024,20604,rural,22,hombre,11,35,31.428571428571427
2024,20604,rural,22,mujer,4,28,14.285714285714286
2024,20604,rural,23,hombre,14,39,35.8974358974359
2024,20604,rural,23,mujer,14,58,24.137931034482758
2024,20604,rural,24,hombre,12,43,27.906976744186046
2024,20604,rural,24,mujer,7,38,18.42105263157895
2024,20604,rural,25,hombre,15,39,38.46153846153846
2024,20604,rural,25,mujer,9,33,27.272727272727273
2024,20604,rural,26,hombre,21,46,45.65217391304348
2024,20604,rural,26,mujer,13,49,26.53061224489796
2024,20604,rural,27,hombre,18,41,43.90243902439025
2024,20604,rural,27,mujer,14,45,31.11111111111111
2024,20604,rural,28,hombre,22,51,43.13725490196079
2024,20604,rural,28,mujer,7,26,26.923076923076923
2024,20605,rural,16,hombre,0,21,0.0
2024,20605,rural,16,mujer,3,12,25.0
2024,20605,rural,17,hombre,2,20,10.0
2024,20605,rural,17,mujer,0,19,0.0
2024,20605,rural,18,hombre,3,19,15.789473684210526
2024,20605,rural,18,mujer,2,22,9.090909090909092
2024,20605,rural,19,hombre,0,14,0.0
2024,20605,rural,19,mujer,2,20,10.0
2024,20605,rural,20,hombre,4,22,18.181818181818183
2024,20605,rural,20,mujer,3,15,20.0
2024,20605,rural,21,hombre,4,28,14.285714285714286
2024,20605,rural,21,mujer,7,22,31.818181818181817
2024,20605,rural,22,hombre,4,21,19.047619047619047
2024,20605,rural,22,mujer,5,18,27.77777777777778
2024,20605,rural,23,hombre,8,26,30.76923076923077
2024,20605,rural,23,mujer,5,31,16.129032258064516
2024,20605,rural,24,hombre,6,32,18.75
2024,20605,rural,24,mujer,6,26,23.076923076923077
2024,20605,rural,25,hombre,7,30,23.333333333333332
2024,20605,rural,25,mujer,5,26,19.23076923076923
2024,20605,rural,26,hombre,10,26,38.46153846153846
2024,20605,rural,26,mujer,2,26,7.6923076923076925
2024,20605,rural,27,hombre,7,18,38.888888888888886
2024,20605,rural,27,mujer,7,30,23.333333333333332
2024,20605,rural,28,hombre,10,31,32.25806451612903
2024,20605,rural,28,mujer,3,25,12.0
2024,20606,rural,16,hombre,6,47,12.76595744680851
2024,20606,rural,16,mujer,2,43,4.651162790697675
2024,20606,rural,17,hombre,6,47,12.76595744680851
2024,20606,rural,17,mujer,3,39,7.6923076923076925
2024,20606,rural,18,hombre,14,32,43.75
2024,20606,rural,18,mujer,3,20,15.0
2024,20606,rural,19,hombre,18,36,50.0
2024,20606,rural,19,mujer,4,30,13.333333333333334
2024,20606,rural,20,hombre,14,33,42.42424242424242
2024,20606,rural,20,mujer,7,26,26.923076923076923
2024,20606,rural,21,hombre,21,42,50.0
2024,20606,rural,21,mujer,6,29,20.689655172413794
2024,20606,rural,22,hombre,18,35,51.42857142857143
2024,20606,rural,22,mujer,4,31,12.903225806451612
2024,20606,rural,23,hombre,23,52,44.23076923076923
2024,20606,rural,23,mujer,18,39,46.15384615384615
2024,20606,rural,24,hombre,37,54,68.51851851851852
2024,20606,rural,24,mujer,14,49,28.571428571428573
2024,20606,rural,25,hombre,33,50,66.0
2024,20606,rural,25,mujer,10,32,31.25
2024,20606,rural,26,hombre,33,49,67.34693877551021
2024,20606,rural,26,mujer,17,43,39.53488372093023
2024,20606,rural,27,hombre,38,54,70.37037037037037
2024,20606,rural,27,mujer,14,42,33.333333333333336
2024,20606,rural,28,hombre,30,49,61.224489795918366
2024,20606,rural,28,mujer,8,42,19.047619047619047
2024,20606,urbana,16,hombre,0,17,0.0
2024,20606,urbana,16,mujer,3,19,15.789473684210526
2024,20606,urbana,17,hombre,2,24,8.333333333333334
2024,20606,urbana,17,mujer,1,16,6.25
2024,20606,urbana,18,hombre,2,12,16.666666666666668
2024,20606,urbana,18,mujer,1,6,16.666666666666668
2024,20606,urbana,19,hombre,6,16,37.5
2024,20606,urbana,19,mujer,4,15,26.666666666666668
2024,20606,urbana,20,hombre,2,8,25.0
2024,20606,urbana,20,mujer,2,11,18.181818181818183
2024,20606,urbana,21,hombre,4,14,28.571428571428573
2024,20606,urbana,21,mujer,8,18,44.44444444444444
2024,20606,urbana,22,hombre,7,13,53.84615384615385
2024,20606,urbana,22,mujer,6,19,31.57894736842105
2024,20606,urbana,23,hombre,6,16,37.5
2024,20606,urbana,23,mujer,1,12,8.333333333333334
2024,20606,urbana,24,hombre,8,25,32.0
2024,20606,urbana,24,mujer,5,20,25.0
2024,20606,urbana,25,hombre,11,21,52.38095238095238
2024,20606,urbana,25,mujer,5,19,26.31578947368421
2024,20606,urbana,26,hombre,13,23,56.52173913043478
2024,20606,urbana,26,mujer,5,15,33.333333333333336
2024,20606,urbana,27,hombre,11,19,57.89473684210526
2024,20606,urbana,27,mujer,12,25,48.0
2024,20606,urbana,28,hombre,15,25,60.0
2024,20606,urbana,28,mujer,5,14,35.714285714285715
2024,20607,rural,16,hombre,5,75,6.666666666666667
2024,20607,rural,16,mujer,3,71,4.225352112676056
2024,20607,rural,17,hombre,8,79,10.126582278481013
2024,20607,rural,17,mujer,8,85,9.411764705882353
2024,20607,rural,18,hombre,11,52,21.153846153846153
2024,20607,rural,18,mujer,14,64,21.875
2024,20607,rural,19,hombre,19,91,20.87912087912088
2024,20607,rural,19,mujer,16,78,20.512820512820515
2024,20607,rural,20,hombre,23,88,26.136363636363637
2024,20607,rural,20,mujer,14,82,17.073170731707318
2024,20607,rural,21,hombre,46,106,43.39622641509434
2024,20607,rural,21,mujer,25,96,26.041666666666668
2024,20607,rural,22,hombre,33,79,41.77215189873418
2024,20607,rural,22,mujer,22,99,22.22222222222222
2024,20607,rural,23,hombre,47,112,41.964285714285715
2024,20607,rural,23,mujer,29,94,30.851063829787233
2024,20607,rural,24,hombre,46,94,48.93617021276596
2024,20607,rural,24,mujer,35,105,33.333333333333336
2024,20607,rural,25,hombre,56,109,51.37614678899082
2024,20607,rural,25,mujer,35,89,39.325842696629216
2024,20607,rural,26,hombre,55,85,64.70588235294117
2024,20607,rural,26,mujer,30,107,28.037383177570092
2024,20607,rural,27,hombre,86,112,76.78571428571429
2024,20607,rural,27,mujer,29,87,33.333333333333336
2024,20607,rural,28,hombre,64,89,71.91011235955057
2024,20607,rural,28,mujer,23,74,31.08108108108108
2024,20607,urbana,16,hombre,9,74,12.162162162162161
2024,20607,urbana,16,mujer,9,80,11.25
2024,20607,urbana,17,hombre,10,95,10.526315789473685
2024,20607,urbana,17,mujer,9,84,10.714285714285714
2024,20607,urbana,18,hombre,14,57,24.56140350877193
2024,20607,urbana,18,mujer,8,52,15.384615384615385
2024,20607,urbana,19,hombre,15,58,25.862068965517242
2024,20607,urbana,19,mujer,22,83,26.50602409638554
2024,20607,urbana,20,hombre,25,71,35.2112676056338
2024,20607,urbana,20,mujer,15,72,20.833333333333332
2024,20607,urbana,21,hombre,24,76,31.57894736842105
2024,20607,urbana,21,mujer,23,89,25.84269662921348
2024,20607,urbana,22,hombre,42,84,50.0
2024,20607,urbana,22,mujer,21,86,24.41860465116279
2024,20607,urbana,23,hombre,41,82,50.0
2024,20607,urbana,23,mujer,27,96,28.125
2024,20607,urbana,24,hombre,51,93,54.83870967741935
2024,20607,urbana,24,mujer,27,94,28.72340425531915
2024,20607,urbana,25,hombre,59,104,56.73076923076923
2024,20607,urbana,25,mujer,29,90,32.22222222222222
2024,20607,urbana,26,hombre,51,82,62.19512195121951
2024,20607,urbana,26,mujer,41,119,34.45378151260504
2024,20607,urbana,27,hombre,65,91,71.42857142857143
2024,20607,urbana,27,mujer,40,103,38.83495145631068
2024,20607,urbana,28,hombre,62,97,63.91752577319588
2024,20607,urbana,28,mujer,38,98,38.775510204081634
2024,20608,rural,16,hombre,11,95,11.578947368421053
2024,20608,rural,16,mujer,10,74,13.513513513513514
2024,20608,rural,17,hombre,12,86,13.953488372093023
2024,20608,rural,17,mujer,14,82,17.073170731707318
2024,20608,rural,18,hombre,14,74,18.91891891891892
2024,20608,rural,18,mujer,9,75,12.0
2024,20608,rural,19,hombre,17,75,22.666666666666668
2024,20608,rural,19,mujer,12,83,14.457831325301205
2024,20608,rural,20,hombre,27,96,28.125
2024,20608,rural,20,mujer,21,98,21.428571428571427
2024,20608,rural,21,hombre,29,91,31.86813186813187
2024,20608,rural,21,mujer,16,79,20.253164556962027
2024,20608,rural,22,hombre,33,90,36.666666666666664
2024,20608,rural,22,mujer,19,87,21.839080459770116
2024,20608,rural,23,hombre,50,129,38.75968992248062
2024,20608,rural,23,mujer,36,93,38.70967741935484
2024,20608,rural,24,hombre,37,97,38.144329896907216
2024,20608,rural,24,mujer,29,88,32.95454545454545
2024,20608,rural,25,hombre,49,88,55.68181818181818
2024,20608,rural,25,mujer,21,84,25.0
2024,20608,rural,26,hombre,46,101,45.54455445544554
2024,20608,rural,26,mujer,24,79,30.379746835443036
2024,20608,rural,27,hombre,55,91,60.43956043956044
2024,20608,rural,27,mujer,38,86,44.18604651162791
2024,20608,rural,28,hombre,62,104,59.61538461538461
2024,20608,rural,28,mujer,40,85,47.05882352941177
2024,20608,urbana,16,hombre,3,20,15.0
2024,20608,urbana,16,mujer,4,33,12.121212121212121
2024,20608,urbana,17,hombre,2,17,11.764705882352942
2024,20608,urbana,17,mujer,2,22,9.090909090909092
2024,20608,urbana,18,hombre,2,15,13.333333333333334
2024,20608,urbana,18,mujer,11,29,37.93103448275862
2024,20608,urbana,19,hombre,6,25,24.0
2024,20608,urbana,19,mujer,10,30,33.333333333333336
2024,20608,urbana,20,hombre,4,16,25.0
2024,20608,urbana,20,mujer,8,23,34.78260869565217
2024,20608,urbana,21,hombre,13,26,50.0
2024,20608,urbana,21,mujer,9,28,32.142857142857146
2024,20608,urbana,22,hombre,11,19,57.89473684210526
2024,20608,urbana,22,mujer,10,30,33.333333333333336
2024,20608,urbana,23,hombre,7,25,28.0
2024,20608,urbana,23,mujer,14,31,45.16129032258065
2024,20608,urbana,24,hombre,11,27,40.74074074074074
2024,20608,urbana,24,mujer,13,36,36.111111111111114
2024,20608,urbana,25,hombre,13,24,54.166666666666664
2024,20608,urbana,25,mujer,17,30,56.666666666666664
2024,20608,urbana,26,hombre,10,24,41.666666666666664
2024,20608,urbana,26,mujer,9,21,42.857142857142854
2024,20608,urbana,27,hombre,11,26,42.30769230769231
2024,20608,urbana,27,mujer,10,24,41.666666666666664
2024,20608,urbana,28,hombre,19,30,63.333333333333336
2024,20608,urbana,28,mujer,14,23,60.869565217391305
2024,20701,rural,16,hombre,1,157,0.6369426751592356
2024,20701,rural,16,mujer,5,123,4.065040650406504
2024,20701,rural,17,hombre,9,127,7.086614173228346
2024,20701,rural,17,mujer,6,129,4.651162790697675
2024,20701,rural,18,hombre,14,107,13.08411214953271
2024,20701,rural,18,mujer,12,108,11.11111111111111
2024,20701,rural,19,hombre,20,98,20.408163265306122
2024,20701,rural,19,mujer,4,68,5.882352941176471
2024,20701,rural,20,hombre,28,103,27.184466019417474
2024,20701,rural,20,mujer,10,91,10.989010989010989
2024,20701,rural,21,hombre,32,100,32.0
2024,20701,rural,21,mujer,18,105,17.142857142857142
2024,20701,rural,22,hombre,35,90,38.888888888888886
2024,20701,rural,22,mujer,18,96,18.75
2024,20701,rural,23,hombre,59,119,49.57983193277311
2024,20701,rural,23,mujer,25,110,22.727272727272727
2024,20701,rural,24,hombre,61,110,55.45454545454545
2024,20701,rural,24,mujer,18,81,22.22222222222222
2024,20701,rural,25,hombre,63,113,55.75221238938053
2024,20701,rural,25,mujer,22,90,24.444444444444443
2024,20701,rural,26,hombre,70,110,63.63636363636363
2024,20701,rural,26,mujer,24,97,24.742268041237114
2024,20701,rural,27,hombre,80,120,66.66666666666667
2024,20701,rural,27,mujer,27,84,32.142857142857146
2024,20701,rural,28,hombre,64,99,64.64646464646465
2024,20701,rural,28,mujer,18,85,21.176470588235293
2024,20701,urbana,16,hombre,5,59,8.474576271186441
2024,20701,urbana,16,mujer,7,51,13.72549019607843
2024,20701,urbana,17,hombre,10,60,16.666666666666668
2024,20701,urbana,17,mujer,14,65,21.53846153846154
2024,20701,urbana,18,hombre,10,42,23.80952380952381
2024,20701,urbana,18,mujer,7,40,17.5
2024,20701,urbana,19,hombre,9,30,30.0
2024,20701,urbana,19,mujer,9,30,30.0
2024,20701,urbana,20,hombre,10,29,34.48275862068966
2024,20701,urbana,20,mujer,8,46,17.391304347826086
2024,20701,urbana,21,hombre,7,25,28.0
2024,20701,urbana,21,mujer,10,32,31.25
2024,20701,urbana,22,hombre,6,19,31.57894736842105
2024,20701,urbana,22,mujer,14,34,41.1764705882353
2024,20701,urbana,23,hombre,14,28,50.0
2024,20701,urbana,23,mujer,12,40,30.0
2024,20701,urbana,24,hombre,17,27,62.96296296296296
2024,20701,urbana,24,mujer,10,41,24.390243902439025
2024,20701,urbana,25,hombre,13,31,41.935483870967744
2024,20701,urbana,25,mujer,16,37,43.24324324324324
2024,20701,urbana,26,hombre,25,34,73.52941176470588
2024,20701,urbana,26,mujer,15,43,34.883720930232556
2024,20701,urbana,27,hombre,25,33,75.75757575757575
2024,20701,urbana,27,mujer,14,43,32.55813953488372
2024,20701,urbana,28,hombre,19,36,52.77777777777778
2024,20701,urbana,28,mujer,21,52,40.38461538461539
2024,20702,rural,16,hombre,8,69,11.594202898550725
2024,20702,rural,16,mujer,6,57,10.526315789473685
2024,20702,rural,17,hombre,13,77,16.883116883116884
2024,20702,rural,17,mujer,10,56,17.857142857142858
2024,20702,rural,18,hombre,12,52,23.076923076923077
2024,20702,rural,18,mujer,8,46,17.391304347826086
2024,20702,rural,19,hombre,20,83,24.096385542168676
2024,20702,rural,19,mujer,9,45,20.0
2024,20702,rural,20,hombre,24,84,28.571428571428573
2024,20702,rural,20,mujer,9,59,15.254237288135593
2024,20702,rural,21,hombre,24,74,32.432432432432435
2024,20702,rural,21,mujer,17,56,30.357142857142858
2024,20702,rural,22,hombre,42,97,43.29896907216495
2024,20702,rural,22,mujer,16,72,22.22222222222222
2024,20702,rural,23,hombre,37,104,35.57692307692308
2024,20702,rural,23,mujer,18,68,26.470588235294116
2024,20702,rural,24,hombre,40,105,38.095238095238095
2024,20702,rural,24,mujer,19,79,24.050632911392405
2024,20702,rural,25,hombre,58,104,55.76923076923077
2024,20702,rural,25,mujer,14,59,23.728813559322035
2024,20702,rural,26,hombre,45,89,50.561797752808985
2024,20702,rural,26,mujer,20,81,24.691358024691358
2024,20702,rural,27,hombre,49,86,56.97674418604651
2024,20702,rural,27,mujer,21,77,27.272727272727273
2024,20702,rural,28,hombre,60,91,65.93406593406593
2024,20702,rural,28,mujer,20,77,25.974025974025974
2024,20801,rural,16,hombre,6,143,4.195804195804196
2024,20801,rural,16,mujer,16,168,9.523809523809524
2024,20801,rural,17,hombre,12,157,7.643312101910828
2024,20801,rural,17,mujer,12,179,6.70391061452514
2024,20801,rural,18,hombre,4,81,4.938271604938271
2024,20801,rural,18,mujer,15,140,10.714285714285714
2024,20801,rural,19,hombre,18,119,15.126050420168067
2024,20801,rural,19,mujer,15,129,11.627906976744185
2024,20801,rural,20,hombre,27,118,22.88135593220339
2024,20801,rural,20,mujer,26,138,18.840579710144926
2024,20801,rural,21,hombre,29,122,23.770491803278688
2024,20801,rural,21,mujer,19,123,15.447154471544716
2024,20801,rural,22,hombre,39,112,34.82142857142857
2024,20801,rural,22,mujer,30,138,21.73913043478261
2024,20801,rural,23,hombre,34,129,26.356589147286822
2024,20801,rural,23,mujer,27,127,21.25984251968504
2024,20801,rural,24,hombre,43,147,29.25170068027211
2024,20801,rural,24,mujer,25,135,18.51851851851852
2024,20801,rural,25,hombre,65,140,46.42857142857143
2024,20801,rural,25,mujer,33,131,25.19083969465649
2024,20801,rural,26,hombre,50,114,43.85964912280702
2024,20801,rural,26,mujer,41,131,31.297709923664122
2024,20801,rural,27,hombre,55,114,48.24561403508772
2024,20801,rural,27,mujer,39,114,34.21052631578947
2024,20801,rural,28,hombre,72,137,52.55474452554745
2024,20801,rural,28,mujer,44,122,36.0655737704918
2024,20801,urbana,16,hombre,71,858,8.275058275058274
2024,20801,urbana,16,mujer,64,844,7.5829383886255926
2024,20801,urbana,17,hombre,84,690,12.173913043478262
2024,20801,urbana,17,mujer,91,844,10.781990521327014
2024,20801,urbana,18,hombre,108,573,18.848167539267017
2024,20801,urbana,18,mujer,128,815,15.705521472392638
2024,20801,urbana,19,hombre,159,754,21.087533156498672
2024,20801,urbana,19,mujer,129,792,16.28787878787879
2024,20801,urbana,20,hombre,221,840,26.30952380952381
2024,20801,urbana,20,mujer,168,791,21.238938053097346
2024,20801,urbana,21,hombre,235,802,29.301745635910226
2024,20801,urbana,21,mujer,171,810,21.11111111111111
2024,20801,urbana,22,hombre,272,864,31.48148148148148
2024,20801,urbana,22,mujer,163,812,20.073891625615765
2024,20801,urbana,23,hombre,304,880,34.54545454545455
2024,20801,urbana,23,mujer,249,894,27.85234899328859
2024,20801,urbana,24,hombre,396,918,43.13725490196079
2024,20801,urbana,24,mujer,271,890,30.44943820224719
2024,20801,urbana,25,hombre,401,875,45.82857142857143
2024,20801,urbana,25,mujer,239,865,27.63005780346821
2024,20801,urbana,26,hombre,383,781,49.039692701664535
2024,20801,urbana,26,mujer,264,830,31.80722891566265
2024,20801,urbana,27,hombre,403,740,54.45945945945946
2024,20801,urbana,27,mujer,258,836,30.861244019138756
2024,20801,urbana,28,hombre,457,797,57.340025094102884
2024,20801,urbana,28,mujer,264,794,33.249370277078086
2024,20802,rural,16,hombre,4,61,6.557377049180328
2024,20802,rural,16,mujer,9,60,15.0
2024,20802,rural,17,hombre,9,54,16.666666666666668
2024,20802,rural,17,mujer,6,57,10.526315789473685
2024,20802,rural,18,hombre,2,48,4.166666666666667
2024,20802,rural,18,mujer,1,37,2.7027027027027026
2024,20802,rural,19,hombre,5,42,11.904761904761905
2024,20802,rural,19,mujer,11,48,22.916666666666668
2024,20802,rural,20,hombre,7,54,12.962962962962964
2024,20802,rural,20,mujer,4,36,11.11111111111111
2024,20802,rural,21,hombre,6,39,15.384615384615385
2024,20802,rural,21,mujer,2,44,4.545454545454546
2024,20802,rural,22,hombre,8,46,17.391304347826086
2024,20802,rural,22,mujer,11,51,21.568627450980394
2024,20802,rural,23,hombre,13,48,27.083333333333332
2024,20802,rural,23,mujer,10,55,18.181818181818183
2024,20802,rural,24,hombre,14,51,27.45098039215686
2024,20802,rural,24,mujer,7,44,15.909090909090908
2024,20802,rural,25,hombre,14,41,34.146341463414636
2024,20802,rural,25,mujer,9,50,18.0
2024,20802,rural,26,hombre,15,36,41.666666666666664
2024,20802,rural,26,mujer,11,43,25.58139534883721
2024,20802,rural,27,hombre,20,41,48.78048780487805
2024,20802,rural,27,mujer,15,54,27.77777777777778
2024,20802,rural,28,hombre,20,45,44.44444444444444
2024,20802,rural,28,mujer,8,49,16.3265306122449
2024,20803,rural,16,hombre,6,88,6.818181818181818
2024,20803,rural,16,mujer,6,109,5.504587155963303
2024,20803,rural,17,hombre,8,102,7.8431372549019605
2024,20803,rural,17,mujer,5,109,4.587155963302752
2024,20803,rural,18,hombre,4,79,5.063291139240507
2024,20803,rural,18,mujer,17,91,18.681318681318682
2024,20803,rural,19,hombre,13,76,17.105263157894736
2024,20803,rural,19,mujer,9,98,9.183673469387756
2024,20803,rural,20,hombre,8,89,8.98876404494382
2024,20803,rural,20,mujer,19,104,18.26923076923077
2024,20803,rural,21,hombre,14,100,14.0
2024,20803,rural,21,mujer,9,84,10.714285714285714
2024,20803,rural,22,hombre,26,110,23.636363636363637
2024,20803,rural,22,mujer,15,112,13.392857142857142
2024,20803,rural,23,hombre,25,107,23.364485981308412
2024,20803,rural,23,mujer,21,107,19.626168224299064
2024,20803,rural,24,hombre,27,106,25.471698113207548
2024,20803,rural,24,mujer,19,124,15.32258064516129
2024,20803,rural,25,hombre,33,95,34.73684210526316
2024,20803,rural,25,mujer,20,106,18.867924528301888
2024,20803,rural,26,hombre,31,96,32.291666666666664
2024,20803,rural,26,mujer,30,120,25.0
2024,20803,rural,27,hombre,27,75,36.0
2024,20803,rural,27,mujer,32,125,25.6
2024,20803,rural,28,hombre,37,97,38.144329896907216
2024,20803,rural,28,mujer,15,94,15.957446808510639
2024,20804,rural,16,hombre,0,19,0.0
2024,20804,rural,16,mujer,0,17,0.0
2024,20804,rural,17,hombre,2,29,6.896551724137931
2024,20804,rural,17,mujer,1,18,5.555555555555555
2024,20804,rural,18,hombre,1,13,7.6923076923076925
2024,20804,rural,18,mujer,1,11,9.090909090909092
2024,20804,rural,19,hombre,0,15,0.0
2024,20804,rural,19,mujer,2,19,10.526315789473685
2024,20804,rural,20,hombre,1,19,5.2631578947368425
2024,20804,rural,20,mujer,1,16,6.25
2024,20804,rural,21,hombre,5,11,45.45454545454545
2024,20804,rural,21,mujer,2,12,16.666666666666668
2024,20804,rural,22,hombre,0,15,0.0
2024,20804,rural,22,mujer,2,16,12.5
2024,20804,rural,23,hombre,7,18,38.888888888888886
2024,20804,rural,23,mujer,0,9,0.0
2024,20804,rural,24,hombre,5,19,26.31578947368421
2024,20804,rural,24,mujer,6,21,28.571428571428573
2024,20804,rural,25,hombre,5,23,21.73913043478261
2024,20804,rural,25,mujer,3,27,11.11111111111111
2024,20804,rural,26,hombre,5,14,35.714285714285715
2024,20804,rural,26,mujer,0,9,0.0
2024,20804,rural,27,hombre,8,16,50.0
2024,20804,rural,27,mujer,2,19,10.526315789473685
2024,20804,rural,28,hombre,3,12,25.0
2024,20804,rural,28,mujer,2,18,11.11111111111111
2024,20804,urbana,16,hombre,0,45,0.0
2024,20804,urbana,16,mujer,1,56,1.7857142857142858
2024,20804,urbana,17,hombre,3,53,5.660377358490566
2024,20804,urbana,17,mujer,2,40,5.0
2024,20804,urbana,18,hombre,0,41,0.0
2024,20804,urbana,18,mujer,1,30,3.3333333333333335
2024,20804,urbana,19,hombre,5,29,17.24137931034483
2024,20804,urbana,19,mujer,2,39,5.128205128205129
2024,20804,urbana,20,hombre,3,28,10.714285714285714
2024,20804,urbana,20,mujer,1,34,2.9411764705882355
2024,20804,urbana,21,hombre,8,34,23.529411764705884
2024,20804,urbana,21,mujer,1,33,3.0303030303030303
2024,20804,urbana,22,hombre,6,32,18.75
2024,20804,urbana,22,mujer,2,33,6.0606060606060606
2024,20804,urbana,23,hombre,15,43,34.883720930232556
2024,20804,urbana,23,mujer,6,32,18.75
2024,20804,urbana,24,hombre,9,36,25.0
2024,20804,urbana,24,mujer,4,38,10.526315789473685
2024,20804,urbana,25,hombre,9,36,25.0
2024,20804,urbana,25,mujer,4,38,10.526315789473685
2024,20804,urbana,26,hombre,18,46,39.130434782608695
2024,20804,urbana,26,mujer,8,31,25.806451612903224
2024,20804,urbana,27,hombre,12,34,35.294117647058826
2024,20804,urbana,27,mujer,7,37,18.91891891891892
2024,20804,urbana,28,hombre,18,40,45.0
2024,20804,urbana,28,mujer,13,46,28.26086956521739
2024,20805,rural,16,hombre,5,54,9.25925925925926
2024,20805,rural,16,mujer,3,63,4.761904761904762
2024,20805,rural,17,hombre,7,51,13.72549019607843
2024,20805,rural,17,mujer,6,53,11.320754716981131
2024,20805,rural,18,hombre,8,35,22.857142857142858
2024,20805,rural,18,mujer,5,42,11.904761904761905
2024,20805,rural,19,hombre,13,65,20.0
2024,20805,rural,19,mujer,6,35,17.142857142857142
2024,20805,rural,20,hombre,12,51,23.529411764705884
2024,20805,rural,20,mujer,7,47,14.893617021276595
2024,20805,rural,21,hombre,8,51,15.686274509803921
2024,20805,rural,21,mujer,15,55,27.272727272727273
2024,20805,rural,22,hombre,6,43,13.953488372093023
2024,20805,rural,22,mujer,7,45,15.555555555555555
2024,20805,rural,23,hombre,14,52,26.923076923076923
2024,20805,rural,23,mujer,14,47,29.78723404255319
2024,20805,rural,24,hombre,10,47,21.27659574468085
2024,20805,rural,24,mujer,15,64,23.4375
2024,20805,rural,25,hombre,10,45,22.22222222222222
2024,20805,rural,25,mujer,8,52,15.384615384615385
2024,20805,rural,26,hombre,21,45,46.666666666666664
2024,20805,rural,26,mujer,11,46,23.91304347826087
2024,20805,rural,27,hombre,14,43,32.55813953488372
2024,20805,rural,27,mujer,17,46,36.95652173913044
2024,20805,rural,28,hombre,20,53,37.735849056603776
2024,20805,rural,28,mujer,10,47,21.27659574468085
2024,20806,rural,16,hombre,15,115,13.043478260869565
2024,20806,rural,16,mujer,13,119,10.92436974789916
2024,20806,rural,17,hombre,16,110,14.545454545454545
2024,20806,rural,17,mujer,12,113,10.619469026548673
2024,20806,rural,18,hombre,17,109,15.596330275229358
2024,20806,rural,18,mujer,14,118,11.864406779661017
2024,20806,rural,19,hombre,11,94,11.702127659574469
2024,20806,rural,19,mujer,10,86,11.627906976744185
2024,20806,rural,20,hombre,19,115,16.52173913043478
2024,20806,rural,20,mujer,9,109,8.256880733944953
2024,20806,rural,21,hombre,30,114,26.31578947368421
2024,20806,rural,21,mujer,13,113,11.504424778761061
2024,20806,rural,22,hombre,28,126,22.22222222222222
2024,20806,rural,22,mujer,16,116,13.793103448275861
2024,20806,rural,23,hombre,18,118,15.254237288135593
2024,20806,rural,23,mujer,24,125,19.2
2024,20806,rural,24,hombre,33,125,26.4
2024,20806,rural,24,mujer,18,110,16.363636363636363
2024,20806,rural,25,hombre,35,128,27.34375
2024,20806,rural,25,mujer,33,130,25.384615384615383
2024,20806,rural,26,hombre,32,117,27.35042735042735
2024,20806,rural,26,mujer,17,106,16.037735849056602
2024,20806,rural,27,hombre,40,124,32.25806451612903
2024,20806,rural,27,mujer,33,133,24.81203007518797
2024,20806,rural,28,hombre,39,95,41.05263157894737
2024,20806,rural,28,mujer,23,102,22.54901960784314
2024,20807,rural,16,hombre,3,46,6.521739130434782
2024,20807,rural,16,mujer,1,40,2.5
2024,20807,rural,17,hombre,1,37,2.7027027027027026
2024,20807,rural,17,mujer,0,53,0.0
2024,20807,rural,18,hombre,1,30,3.3333333333333335
2024,20807,rural,18,mujer,4,42,9.523809523809524
2024,20807,rural,19,hombre,0,34,0.0
2024,20807,rural,19,mujer,2,46,4.3478260869565215
2024,20807,rural,20,hombre,7,45,15.555555555555555
2024,20807,rural,20,mujer,5,40,12.5
2024,20807,rural,21,hombre,2,36,5.555555555555555
2024,20807,rural,21,mujer,3,47,6.382978723404255
2024,20807,rural,22,hombre,9,44,20.454545454545453
2024,20807,rural,22,mujer,4,49,8.16326530612245
2024,20807,rural,23,hombre,10,49,20.408163265306122
2024,20807,rural,23,mujer,5,50,10.0
2024,20807,rural,24,hombre,13,45,28.88888888888889
2024,20807,rural,24,mujer,6,54,11.11111111111111
2024,20807,rural,25,hombre,14,51,27.45098039215686
2024,20807,rural,25,mujer,8,51,15.686274509803921
2024,20807,rural,26,hombre,16,39,41.02564102564103
2024,20807,rural,26,mujer,2,24,8.333333333333334
2024,20807,rural,27,hombre,12,30,40.0
2024,20807,rural,27,mujer,6,40,15.0
2024,20807,rural,28,hombre,16,42,38.095238095238095
2024,20807,rural,28,mujer,12,51,23.529411764705884
2024,20901,rural,16,hombre,7,82,8.536585365853659
2024,20901,rural,16,mujer,6,59,10.169491525423728
2024,20901,rural,17,hombre,7,74,9.45945945945946
2024,20901,rural,17,mujer,7,71,9.859154929577464
2024,20901,rural,18,hombre,5,48,10.416666666666666
2024,20901,rural,18,mujer,8,61,13.114754098360656
2024,20901,rural,19,hombre,10,55,18.181818181818183
2024,20901,rural,19,mujer,11,46,23.91304347826087
2024,20901,rural,20,hombre,15,72,20.833333333333332
2024,20901,rural,20,mujer,10,80,12.5
2024,20901,rural,21,hombre,21,67,31.34328358208955
2024,20901,rural,21,mujer,9,55,16.363636363636363
2024,20901,rural,22,hombre,18,68,26.470588235294116
2024,20901,rural,22,mujer,14,64,21.875
2024,20901,rural,23,hombre,15,67,22.388059701492537
2024,20901,rural,23,mujer,14,88,15.909090909090908
2024,20901,rural,24,hombre,29,94,30.851063829787233
2024,20901,rural,24,mujer,22,80,27.5
2024,20901,rural,25,hombre,45,93,48.38709677419355
2024,20901,rural,25,mujer,14,65,21.53846153846154
2024,20901,rural,26,hombre,39,84,46.42857142857143
2024,20901,rural,26,mujer,21,80,26.25
2024,20901,rural,27,hombre,30,65,46.15384615384615
2024,20901,rural,27,mujer,16,86,18.6046511627907
2024,20901,rural,28,hombre,39,71,54.929577464788736
2024,20901,rural,28,mujer,18,65,27.692307692307693
2024,20902,rural,16,hombre,13,111,11.711711711711711
2024,20902,rural,16,mujer,8,116,6.896551724137931
2024,20902,rural,17,hombre,14,119,11.764705882352942
2024,20902,rural,17,mujer,10,98,10.204081632653061
2024,20902,rural,18,hombre,16,99,16.161616161616163
2024,20902,rural,18,mujer,18,123,14.634146341463415
2024,20902,rural,19,hombre,22,100,22.0
2024,20902,rural,19,mujer,19,118,16.10169491525424
2024,20902,rural,20,hombre,33,106,31.132075471698112
2024,20902,rural,20,mujer,19,111,17.117117117117118
2024,20902,rural,21,hombre,22,110,20.0
2024,20902,rural,21,mujer,21,115,18.26086956521739
2024,20902,rural,22,hombre,31,116,26.724137931034484
2024,20902,rural,22,mujer,22,114,19.29824561403509
2024,20902,rural,23,hombre,50,142,35.2112676056338
2024,20902,rural,23,mujer,32,155,20.64516129032258
2024,20902,rural,24,hombre,54,143,37.76223776223776
2024,20902,rural,24,mujer,36,134,26.865671641791046
2024,20902,rural,25,hombre,58,133,43.609022556390975
2024,20902,rural,25,mujer,32,111,28.82882882882883
2024,20902,rural,26,hombre,52,117,44.44444444444444
2024,20902,rural,26,mujer,36,131,27.480916030534353
2024,20902,rural,27,hombre,64,138,46.3768115942029
2024,20902,rural,27,mujer,50,134,37.3134328358209
2024,20902,rural,28,hombre,63,116,54.310344827586206
2024,20902,rural,28,mujer,41,127,32.28346456692913
2024,20903,rural,16,hombre,10,87,11.494252873563218
2024,20903,rural,16,mujer,8,76,10.526315789473685
2024,20903,rural,17,hombre,8,73,10.95890410958904
2024,20903,rural,17,mujer,10,62,16.129032258064516
2024,20903,rural,18,hombre,13,93,13.978494623655914
2024,20903,rural,18,mujer,17,82,20.73170731707317
2024,20903,rural,19,hombre,16,84,19.047619047619047
2024,20903,rural,19,mujer,15,70,21.428571428571427
2024,20903,rural,20,hombre,23,108,21.296296296296298
2024,20903,rural,20,mujer,17,84,20.238095238095237
2024,20903,rural,21,hombre,28,95,29.473684210526315
2024,20903,rural,21,mujer,24,81,29.62962962962963
2024,20903,rural,22,hombre,28,95,29.473684210526315
2024,20903,rural,22,mujer,24,90,26.666666666666668
2024,20903,rural,23,hombre,26,84,30.952380952380953
2024,20903,rural,23,mujer,21,98,21.428571428571427
2024,20903,rural,24,hombre,42,95,44.21052631578947
2024,20903,rural,24,mujer,25,78,32.05128205128205
2024,20903,rural,25,hombre,38,85,44.705882352941174
2024,20903,rural,25,mujer,18,66,27.272727272727273
2024,20903,rural,26,hombre,38,80,47.5
2024,20903,rural,26,mujer,22,76,28.94736842105263
2024,20903,rural,27,hombre,32,79,40.50632911392405
2024,20903,rural,27,mujer,15,65,23.076923076923077
2024,20903,rural,28,hombre,38,70,54.285714285714285
2024,20903,rural,28,mujer,21,78,26.923076923076923
2024,20903,urbana,16,hombre,0,16,0.0
2024,20903,urbana,16,mujer,3,15,20.0
2024,20903,urbana,17,hombre,1,26,3.8461538461538463
2024,20903,urbana,17,mujer,0,15,0.0
2024,20903,urbana,18,hombre,2,32,6.25
2024,20903,urbana,18,mujer,0,12,0.0
2024,20903,urbana,19,hombre,4,37,10.81081081081081
2024,20903,urbana,19,mujer,0,15,0.0
2024,20903,urbana,20,hombre,0,33,0.0
2024,20903,urbana,20,mujer,1,21,4.761904761904762
2024,20903,urbana,21,hombre,2,18,11.11111111111111
2024,20903,urbana,21,mujer,4,14,28.571428571428573
2024,20903,urbana,22,hombre,1,11,9.090909090909092
2024,20903,urbana,22,mujer,6,18,33.333333333333336
2024,20903,urbana,23,hombre,2,19,10.526315789473685
2024,20903,urbana,23,mujer,1,16,6.25
2024,20903,urbana,24,hombre,3,39,7.6923076923076925
2024,20903,urbana,24,mujer,0,15,0.0
2024,20903,urbana,25,hombre,1,29,3.4482758620689653
2024,20903,urbana,25,mujer,0,15,0.0
2024,20903,urbana,26,hombre,0,16,0.0
2024,20903,urbana,26,mujer,2,16,12.5
2024,20903,urbana,27,hombre,1,26,3.8461538461538463
2024,20903,urbana,27,mujer,1,12,8.333333333333334
2024,20903,urbana,28,hombre,1,11,9.090909090909092
2024,20903,urbana,28,mujer,2,11,18.181818181818183
2024,20904,rural,16,hombre,6,49,12.244897959183673
2024,20904,rural,16,mujer,3,48,6.25
2024,20904,rural,17,hombre,5,42,11.904761904761905
2024,20904,rural,17,mujer,4,38,10.526315789473685
2024,20904,rural,18,hombre,6,37,16.216216216216218
2024,20904,rural,18,mujer,5,38,13.157894736842104
2024,20904,rural,19,hombre,18,42,42.857142857142854
2024,20904,rural,19,mujer,6,32,18.75
2024,20904,rural,20,hombre,15,53,28.30188679245283
2024,20904,rural,20,mujer,10,46,21.73913043478261
2024,20904,rural,21,hombre,24,50,48.0
2024,20904,rural,21,mujer,15,44,34.09090909090909
2024,20904,rural,22,hombre,31,63,49.20634920634921
2024,20904,rural,22,mujer,26,61,42.622950819672134
2024,20904,rural,23,hombre,31,70,44.285714285714285
2024,20904,rural,23,mujer,11,54,20.37037037037037
2024,20904,rural,24,hombre,32,60,53.333333333333336
2024,20904,rural,24,mujer,18,47,38.297872340425535
2024,20904,rural,25,hombre,43,77,55.84415584415584
2024,20904,rural,25,mujer,14,63,22.22222222222222
2024,20904,rural,26,hombre,29,51,56.86274509803921
2024,20904,rural,26,mujer,18,46,39.130434782608695
2024,20904,rural,27,hombre,25,53,47.16981132075472
2024,20904,rural,27,mujer,17,45,37.77777777777778
2024,20904,rural,28,hombre,21,50,42.0
2024,20904,rural,28,mujer,16,44,36.36363636363637
2024,20905,rural,16,hombre,9,124,7.258064516129032
2024,20905,rural,16,mujer,9,121,7.43801652892562
2024,20905,rural,17,hombre,9,116,7.758620689655173
2024,20905,rural,17,mujer,10,108,9.25925925925926
2024,20905,rural,18,hombre,13,102,12.745098039215685
2024,20905,rural,18,mujer,13,97,13.402061855670103
2024,20905,rural,19,hombre,20,95,21.05263157894737
2024,20905,rural,19,mujer,15,94,15.957446808510639
2024,20905,rural,20,hombre,26,91,28.571428571428573
2024,20905,rural,20,mujer,22,104,21.153846153846153
2024,20905,rural,21,hombre,36,129,27.906976744186046
2024,20905,rural,21,mujer,26,101,25.742574257425744
2024,20905,rural,22,hombre,42,119,35.294117647058826
2024,20905,rural,22,mujer,29,114,25.43859649122807
2024,20905,rural,23,hombre,56,126,44.44444444444444
2024,20905,rural,23,mujer,27,116,23.275862068965516
2024,20905,rural,24,hombre,52,127,40.94488188976378
2024,20905,rural,24,mujer,28,133,21.05263157894737
2024,20905,rural,25,hombre,66,131,50.38167938931298
2024,20905,rural,25,mujer,37,138,26.81159420289855
2024,20905,rural,26,hombre,69,121,57.02479338842975
2024,20905,rural,26,mujer,31,97,31.95876288659794
2024,20905,rural,27,hombre,74,128,57.8125
2024,20905,rural,27,mujer,32,123,26.016260162601625
2024,20905,rural,28,hombre,58,105,55.23809523809524
2024,20905,rural,28,mujer,25,100,25.0
2024,21001,rural,16,hombre,20,166,12.048192771084338
2024,21001,rural,16,mujer,13,167,7.7844311377245505
2024,21001,rural,17,hombre,14,150,9.333333333333334
2024,21001,rural,17,mujer,17,136,12.5
2024,21001,rural,18,hombre,31,113,27.43362831858407
2024,21001,rural,18,mujer,21,126,16.666666666666668
2024,21001,rural,19,hombre,34,124,27.419354838709676
2024,21001,rural,19,mujer,17,129,13.178294573643411
2024,21001,rural,20,hombre,38,154,24.675324675324674
2024,21001,rural,20,mujer,28,133,21.05263157894737
2024,21001,rural,21,hombre,54,153,35.294117647058826
2024,21001,rural,21,mujer,30,147,20.408163265306122
2024,21001,rural,22,hombre,64,160,40.0
2024,21001,rural,22,mujer,32,134,23.880597014925375
2024,21001,rural,23,hombre,76,173,43.93063583815029
2024,21001,rural,23,mujer,38,163,23.312883435582823
2024,21001,rural,24,hombre,96,187,51.336898395721924
2024,21001,rural,24,mujer,35,146,23.972602739726028
2024,21001,rural,25,hombre,90,169,53.25443786982248
2024,21001,rural,25,mujer,35,124,28.225806451612904
2024,21001,rural,26,hombre,98,166,59.036144578313255
2024,21001,rural,26,mujer,34,125,27.2
2024,21001,rural,27,hombre,100,172,58.13953488372093
2024,21001,rural,27,mujer,44,129,34.10852713178294
2024,21001,rural,28,hombre,105,171,61.40350877192982
2024,21001,rural,28,mujer,40,134,29.850746268656717
2024,21002,rural,16,hombre,1,43,2.3255813953488373
2024,21002,rural,16,mujer,3,39,7.6923076923076925
2024,21002,rural,17,hombre,4,35,11.428571428571429
2024,21002,rural,17,mujer,8,24,33.333333333333336
2024,21002,rural,18,hombre,9,32,28.125
2024,21002,rural,18,mujer,5,23,21.73913043478261
2024,21002,rural,19,hombre,13,41,31.70731707317073
2024,21002,rural,19,mujer,8,29,27.586206896551722
2024,21002,rural,20,hombre,14,39,35.8974358974359
2024,21002,rural,20,mujer,5,31,16.129032258064516
2024,21002,rural,21,hombre,25,50,50.0
2024,21002,rural,21,mujer,11,46,23.91304347826087
2024,21002,rural,22,hombre,28,50,56.0
2024,21002,rural,22,mujer,11,37,29.72972972972973
2024,21002,rural,23,hombre,31,55,56.36363636363637
2024,21002,rural,23,mujer,11,44,25.0
2024,21002,rural,24,hombre,45,65,69.23076923076923
2024,21002,rural,24,mujer,16,32,50.0
2024,21002,rural,25,hombre,47,70,67.14285714285714
2024,21002,rural,25,mujer,7,26,26.923076923076923
2024,21002,rural,26,hombre,41,61,67.21311475409836
2024,21002,rural,26,mujer,18,41,43.90243902439025
2024,21002,rural,27,hombre,38,56,67.85714285714286
2024,21002,rural,27,mujer,11,47,23.404255319148938
2024,21002,rural,28,hombre,46,69,66.66666666666667
2024,21002,rural,28,mujer,18,42,42.857142857142854
2024,21002,urbana,16,hombre,12,44,27.272727272727273
2024,21002,urbana,16,mujer,8,33,24.242424242424242
2024,21002,urbana,17,hombre,7,34,20.58823529411765
2024,21002,urbana,17,mujer,9,44,20.454545454545453
2024,21002,urbana,18,hombre,1,27,3.7037037037037037
2024,21002,urbana,18,mujer,7,27,25.925925925925927
2024,21002,urbana,19,hombre,6,35,17.142857142857142
2024,21002,urbana,19,mujer,9,28,32.142857142857146
2024,21002,urbana,20,hombre,7,33,21.21212121212121
2024,21002,urbana,20,mujer,12,43,27.906976744186046
2024,21002,urbana,21,hombre,9,25,36.0
2024,21002,urbana,21,mujer,10,26,38.46153846153846
2024,21002,urbana,22,hombre,13,28,46.42857142857143
2024,21002,urbana,22,mujer,8,27,29.62962962962963
2024,21002,urbana,23,hombre,12,33,36.36363636363637
2024,21002,urbana,23,mujer,17,33,51.515151515151516
2024,21002,urbana,24,hombre,12,33,36.36363636363637
2024,21002,urbana,24,mujer,15,44,34.09090909090909
2024,21002,urbana,25,hombre,21,48,43.75
2024,21002,urbana,25,mujer,25,44,56.81818181818182
2024,21002,urbana,26,hombre,7,22,31.818181818181817
2024,21002,urbana,26,mujer,17,37,45.945945945945944
2024,21002,urbana,27,hombre,15,27,55.55555555555556
2024,21002,urbana,27,mujer,18,42,42.857142857142854
2024,21002,urbana,28,hombre,15,28,53.57142857142857
2024,21002,urbana,28,mujer,14,37,37.83783783783784
2024,21003,rural,16,hombre,10,104,9.615384615384615
2024,21003,rural,16,mujer,10,113,8.849557522123893
2024,21003,rural,17,hombre,19,105,18.095238095238095
2024,21003,rural,17,mujer,17,104,16.346153846153847
2024,21003,rural,18,hombre,19,106,17.92452830188679
2024,21003,rural,18,mujer,32,116,27.586206896551722
2024,21003,rural,19,hombre,30,105,28.571428571428573
2024,21003,rural,19,mujer,30,104,28.846153846153847
2024,21003,rural,20,hombre,26,105,24.761904761904763
2024,21003,rural,20,mujer,30,111,27.027027027027028
2024,21003,rural,21,hombre,36,107,33.64485981308411
2024,21003,rural,21,mujer,29,104,27.884615384615383
2024,21003,rural,22,hombre,48,118,40.67796610169491
2024,21003,rural,22,mujer,23,100,23.0
2024,21003,rural,23,hombre,78,155,50.32258064516129
2024,21003,rural,23,mujer,34,127,26.771653543307085
2024,21003,rural,24,hombre,64,131,48.85496183206107
2024,21003,rural,24,mujer,39,114,34.21052631578947
2024,21003,rural,25,hombre,83,138,60.14492753623188
2024,21003,rural,25,mujer,31,106,29.245283018867923
2024,21003,rural,26,hombre,70,123,56.91056910569106
2024,21003,rural,26,mujer,43,105,40.95238095238095
2024,21003,rural,27,hombre,65,117,55.55555555555556
2024,21003,rural,27,mujer,49,111,44.14414414414414
2024,21003,rural,28,hombre,64,116,55.172413793103445
2024,21003,rural,28,mujer,46,109,42.20183486238532
2024,21003,urbana,16,hombre,6,29,20.689655172413794
2024,21003,urbana,16,mujer,2,19,10.526315789473685
2024,21003,urbana,17,hombre,3,20,15.0
2024,21003,urbana,17,mujer,4,22,18.181818181818183
2024,21003,urbana,18,hombre,6,16,37.5
2024,21003,urbana,18,mujer,5,26,19.23076923076923
2024,21003,urbana,19,hombre,7,20,35.0
2024,21003,urbana,19,mujer,1,17,5.882352941176471
2024,21003,urbana,20,hombre,7,18,38.888888888888886
2024,21003,urbana,20,mujer,4,21,19.047619047619047
2024,21003,urbana,21,hombre,8,16,50.0
2024,21003,urbana,21,mujer,4,21,19.047619047619047
2024,21003,urbana,22,hombre,12,22,54.54545454545455
2024,21003,urbana,22,mujer,11,29,37.93103448275862
2024,21003,urbana,23,hombre,10,16,62.5
2024,21003,urbana,23,mujer,9,20,45.0
2024,21003,urbana,24,hombre,18,23,78.26086956521739
2024,21003,urbana,24,mujer,9,29,31.03448275862069
2024,21003,urbana,25,hombre,9,14,64.28571428571429
2024,21003,urbana,25,mujer,6,24,25.0
2024,21003,urbana,26,hombre,18,23,78.26086956521739
2024,21003,urbana,26,mujer,8,18,44.44444444444444
2024,21003,urbana,27,hombre,16,18,88.88888888888889
2024,21003,urbana,27,mujer,10,27,37.03703703703704
2024,21003,urbana,28,hombre,18,21,85.71428571428571
2024,21003,urbana,28,mujer,12,21,57.142857142857146
2024,21004,rural,16,hombre,9,135,6.666666666666667
2024,21004,rural,16,mujer,7,116,6.0344827586206895
2024,21004,rural,17,hombre,11,106,10.377358490566039
2024,21004,rural,17,mujer,6,116,5.172413793103448
2024,21004,rural,18,hombre,17,101,16.831683168316832
2024,21004,rural,18,mujer,17,121,14.049586776859504
2024,21004,rural,19,hombre,18,99,18.181818181818183
2024,21004,rural,19,mujer,8,122,6.557377049180328
2024,21004,rural,20,hombre,25,120,20.833333333333332
2024,21004,rural,20,mujer,16,131,12.213740458015268
2024,21004,rural,21,hombre,27,118,22.88135593220339
2024,21004,rural,21,mujer,18,113,15.929203539823009
2024,21004,rural,22,hombre,31,128,24.21875
2024,21004,rural,22,mujer,16,118,13.559322033898304
2024,21004,rural,23,hombre,49,142,34.50704225352113
2024,21004,rural,23,mujer,19,118,16.10169491525424
2024,21004,rural,24,hombre,65,156,41.666666666666664
2024,21004,rural,24,mujer,21,147,14.285714285714286
2024,21004,rural,25,hombre,43,127,33.85826771653543
2024,21004,rural,25,mujer,26,111,23.423423423423422
2024,21004,rural,26,hombre,54,133,40.6015037593985
2024,21004,rural,26,mujer,18,118,15.254237288135593
2024,21004,rural,27,hombre,70,147,47.61904761904762
2024,21004,rural,27,mujer,28,121,23.140495867768596
2024,21004,rural,28,hombre,69,142,48.59154929577465
2024,21004,rural,28,mujer,23,97,23.711340206185568
2024,21004,urbana,16,hombre,7,71,9.859154929577464
2024,21004,urbana,16,mujer,3,75,4.0
2024,21004,urbana,17,hombre,11,59,18.64406779661017
2024,21004,urbana,17,mujer,3,58,5.172413793103448
2024,21004,urbana,18,hombre,10,48,20.833333333333332
2024,21004,urbana,18,mujer,10,45,22.22222222222222
2024,21004,urbana,19,hombre,10,35,28.571428571428573
2024,21004,urbana,19,mujer,11,53,20.754716981132077
2024,21004,urbana,20,hombre,9,46,19.565217391304348
2024,21004,urbana,20,mujer,11,52,21.153846153846153
2024,21004,urbana,21,hombre,24,52,46.15384615384615
2024,21004,urbana,21,mujer,13,51,25.49019607843137
2024,21004,urbana,22,hombre,24,58,41.37931034482759
2024,21004,urbana,22,mujer,13,40,32.5
2024,21004,urbana,23,hombre,25,53,47.16981132075472
2024,21004,urbana,23,mujer,18,71,25.35211267605634
2024,21004,urbana,24,hombre,33,51,64.70588235294117
2024,21004,urbana,24,mujer,8,55,14.545454545454545
2024,21004,urbana,25,hombre,26,48,54.166666666666664
2024,21004,urbana,25,mujer,14,47,29.78723404255319
2024,21004,urbana,26,hombre,23,48,47.916666666666664
2024,21004,urbana,26,mujer,13,55,23.636363636363637
2024,21004,urbana,27,hombre,34,48,70.83333333333333
2024,21004,urbana,27,mujer,14,51,27.45098039215686
2024,21004,urbana,28,hombre,27,45,60.0
2024,21004,urbana,28,mujer,26,53,49.056603773584904
2024,21005,rural,16,hombre,6,75,8.0
2024,21005,rural,16,mujer,3,69,4.3478260869565215
2024,21005,rural,17,hombre,11,65,16.923076923076923
2024,21005,rural,17,mujer,4,56,7.142857142857143
2024,21005,rural,18,hombre,14,72,19.444444444444443
2024,21005,rural,18,mujer,14,64,21.875
2024,21005,rural,19,hombre,27,58,46.55172413793103
2024,21005,rural,19,mujer,9,57,15.789473684210526
2024,21005,rural,20,hombre,14,61,22.950819672131146
2024,21005,rural,20,mujer,16,57,28.07017543859649
2024,21005,rural,21,hombre,31,66,46.96969696969697
2024,21005,rural,21,mujer,16,49,32.6530612244898
2024,21005,rural,22,hombre,29,57,50.87719298245614
2024,21005,rural,22,mujer,13,69,18.840579710144926
2024,21005,rural,23,hombre,41,80,51.25
2024,21005,rural,23,mujer,18,67,26.865671641791046
2024,21005,rural,24,hombre,40,79,50.63291139240506
2024,21005,rural,24,mujer,16,55,29.09090909090909
2024,21005,rural,25,hombre,27,54,50.0
2024,21005,rural,25,mujer,24,67,35.82089552238806
2024,21005,rural,26,hombre,39,73,53.42465753424658
2024,21005,rural,26,mujer,14,44,31.818181818181817
2024,21005,rural,27,hombre,44,68,64.70588235294117
2024,21005,rural,27,mujer,15,51,29.41176470588235
2024,21005,rural,28,hombre,42,64,65.625
2024,21005,rural,28,mujer,17,58,29.310344827586206
2024,21005,urbana,16,hombre,1,20,5.0
2024,21005,urbana,16,mujer,0,21,0.0
2024,21005,urbana,17,hombre,1,26,3.8461538461538463
2024,21005,urbana,17,mujer,1,29,3.4482758620689653
2024,21005,urbana,18,hombre,4,25,16.0
2024,21005,urbana,18,mujer,2,22,9.090909090909092
2024,21005,urbana,19,hombre,2,24,8.333333333333334
2024,21005,urbana,19,mujer,3,23,13.043478260869565
2024,21005,urbana,20,hombre,0,15,0.0
2024,21005,urbana,20,mujer,2,25,8.0
2024,21005,urbana,21,hombre,1,13,7.6923076923076925
2024,21005,urbana,21,mujer,0,13,0.0
2024,21005,urbana,22,hombre,0,20,0.0
2024,21005,urbana,22,mujer,1,20,5.0
2024,21005,urbana,23,hombre,3,26,11.538461538461538
2024,21005,urbana,23,mujer,2,21,9.523809523809524
2024,21005,urbana,24,hombre,5,29,17.24137931034483
2024,21005,urbana,24,mujer,6,25,24.0
2024,21005,urbana,25,hombre,7,19,36.8421052631579
2024,21005,urbana,25,mujer,2,19,10.526315789473685
2024,21005,urbana,26,hombre,3,16,18.75
2024,21005,urbana,26,mujer,4,13,30.76923076923077
2024,21005,urbana,27,hombre,2,16,12.5
2024,21005,urbana,27,mujer,5,16,31.25
2024,21005,urbana,28,hombre,5,19,26.31578947368421
2024,21005,urbana,28,mujer,0,18,0.0
2024,21006,rural,16,hombre,1,30,3.3333333333333335
2024,21006,rural,16,mujer,1,33,3.0303030303030303
2024,21006,rural,17,hombre,1,35,2.857142857142857
2024,21006,rural,17,mujer,1,25,4.0
2024,21006,rural,18,hombre,1,35,2.857142857142857
2024,21006,rural,18,mujer,2,31,6.451612903225806
2024,21006,rural,19,hombre,6,41,14.634146341463415
2024,21006,rural,19,mujer,2,30,6.666666666666667
2024,21006,rural,20,hombre,1,32,3.125
2024,21006,rural,20,mujer,1,41,2.4390243902439024
2024,21006,rural,21,hombre,2,26,7.6923076923076925
2024,21006,rural,21,mujer,8,45,17.77777777777778
2024,21006,rural,22,hombre,4,45,8.88888888888889
2024,21006,rural,22,mujer,6,35,17.142857142857142
2024,21006,rural,23,hombre,9,47,19.148936170212767
2024,21006,rural,23,mujer,5,42,11.904761904761905
2024,21006,rural,24,hombre,12,52,23.076923076923077
2024,21006,rural,24,mujer,8,46,17.391304347826086
2024,21006,rural,25,hombre,8,36,22.22222222222222
2024,21006,rural,25,mujer,8,41,19.51219512195122
2024,21006,rural,26,hombre,5,27,18.51851851851852
2024,21006,rural,26,mujer,7,38,18.42105263157895
2024,21006,rural,27,hombre,4,29,13.793103448275861
2024,21006,rural,27,mujer,8,37,21.62162162162162
2024,21006,rural,28,hombre,14,40,35.0
2024,21006,rural,28,mujer,3,41,7.317073170731708
2024,21006,urbana,16,hombre,1,31,3.225806451612903
2024,21006,urbana,16,mujer,1,27,3.7037037037037037
2024,21006,urbana,17,hombre,4,23,17.391304347826086
2024,21006,urbana,17,mujer,1,33,3.0303030303030303
2024,21006,urbana,18,hombre,1,29,3.4482758620689653
2024,21006,urbana,18,mujer,1,29,3.4482758620689653
2024,21006,urbana,19,hombre,1,18,5.555555555555555
2024,21006,urbana,19,mujer,1,29,3.4482758620689653
2024,21006,urbana,20,hombre,2,33,6.0606060606060606
2024,21006,urbana,20,mujer,2,36,5.555555555555555
2024,21006,urbana,21,hombre,3,27,11.11111111111111
2024,21006,urbana,21,mujer,4,28,14.285714285714286
2024,21006,urbana,22,hombre,6,25,24.0
2024,21006,urbana,22,mujer,2,19,10.526315789473685
2024,21006,urbana,23,hombre,5,23,21.73913043478261
2024,21006,urbana,23,mujer,8,32,25.0
2024,21006,urbana,24,hombre,10,45,22.22222222222222
2024,21006,urbana,24,mujer,5,45,11.11111111111111
2024,21006,urbana,25,hombre,7,28,25.0
2024,21006,urbana,25,mujer,9,36,25.0
2024,21006,urbana,26,hombre,10,25,40.0
2024,21006,urbana,26,mujer,9,34,26.470588235294116
2024,21006,urbana,27,hombre,10,27,37.03703703703704
2024,21006,urbana,27,mujer,7,33,21.21212121212121
2024,21006,urbana,28,hombre,13,40,32.5
2024,21006,urbana,28,mujer,10,38,26.31578947368421
2024,21101,rural,16,hombre,10,137,7.299270072992701
2024,21101,rural,16,mujer,10,138,7.246376811594203
2024,21101,rural,17,hombre,11,126,8.73015873015873
2024,21101,rural,17,mujer,14,123,11.382113821138212
2024,21101,rural,18,hombre,19,93,20.43010752688172
2024,21101,rural,18,mujer,15,133,11.278195488721805
2024,21101,rural,19,hombre,17,88,19.318181818181817
2024,21101,rural,19,mujer,17,106,16.037735849056602
2024,21101,rural,20,hombre,21,118,17.796610169491526
2024,21101,rural,20,mujer,18,107,16.822429906542055
2024,21101,rural,21,hombre,24,114,21.05263157894737
2024,21101,rural,21,mujer,29,120,24.166666666666668
2024,21101,rural,22,hombre,26,93,27.956989247311828
2024,21101,rural,22,mujer,16,118,13.559322033898304
2024,21101,rural,23,hombre,43,129,33.333333333333336
2024,21101,rural,23,mujer,36,120,30.0
2024,21101,rural,24,hombre,41,119,34.45378151260504
2024,21101,rural,24,mujer,41,123,33.333333333333336
2024,21101,rural,25,hombre,49,109,44.95412844036697
2024,21101,rural,25,mujer,34,127,26.771653543307085
2024,21101,rural,26,hombre,54,117,46.15384615384615
2024,21101,rural,26,mujer,38,110,34.54545454545455
2024,21101,rural,27,hombre,61,122,50.0
2024,21101,rural,27,mujer,48,123,39.02439024390244
2024,21101,rural,28,hombre,51,105,48.57142857142857
2024,21101,rural,28,mujer,39,124,31.451612903225808
2024,21101,urbana,16,hombre,1,21,4.761904761904762
2024,21101,urbana,16,mujer,4,31,12.903225806451612
2024,21101,urbana,17,hombre,5,27,18.51851851851852
2024,21101,urbana,17,mujer,5,26,19.23076923076923
2024,21101,urbana,18,hombre,1,9,11.11111111111111
2024,21101,urbana,18,mujer,3,16,18.75
2024,21101,urbana,19,hombre,6,18,33.333333333333336
2024,21101,urbana,19,mujer,5,23,21.73913043478261
2024,21101,urbana,20,hombre,5,8,62.5
2024,21101,urbana,20,mujer,2,14,14.285714285714286
2024,21101,urbana,21,hombre,10,20,50.0
2024,21101,urbana,21,mujer,3,10,30.0
2024,21101,urbana,22,hombre,4,17,23.529411764705884
2024,21101,urbana,22,mujer,2,9,22.22222222222222
2024,21101,urbana,23,hombre,1,9,11.11111111111111
2024,21101,urbana,23,mujer,6,19,31.57894736842105
2024,21101,urbana,24,hombre,8,17,47.05882352941177
2024,21101,urbana,24,mujer,12,22,54.54545454545455
2024,21101,urbana,25,hombre,9,13,69.23076923076923
2024,21101,urbana,25,mujer,11,20,55.0
2024,21101,urbana,26,hombre,9,17,52.94117647058823
2024,21101,urbana,26,mujer,14,23,60.869565217391305
2024,21101,urbana,27,hombre,13,19,68.42105263157895
2024,21101,urbana,27,mujer,3,17,17.647058823529413
2024,21101,urbana,28,hombre,12,21,57.142857142857146
2024,21101,urbana,28,mujer,10,23,43.47826086956522
2024,21102,rural,16,hombre,26,132,19.696969696969695
2024,21102,rural,16,mujer,11,129,8.527131782945736
2024,21102,rural,17,hombre,14,144,9.722222222222221
2024,21102,rural,17,mujer,17,127,13.385826771653543
2024,21102,rural,18,hombre,21,111,18.91891891891892
2024,21102,rural,18,mujer,37,133,27.81954887218045
2024,21102,rural,19,hombre,48,157,30.573248407643312
2024,21102,rural,19,mujer,28,109,25.68807339449541
2024,21102,rural,20,hombre,54,150,36.0
2024,21102,rural,20,mujer,54,144,37.5
2024,21102,rural,21,hombre,58,146,39.726027397260275
2024,21102,rural,21,mujer,31,136,22.794117647058822
2024,21102,rural,22,hombre,73,176,41.47727272727273
2024,21102,rural,22,mujer,45,130,34.61538461538461
2024,21102,rural,23,hombre,83,182,45.604395604395606
2024,21102,rural,23,mujer,51,143,35.66433566433567
2024,21102,rural,24,hombre,92,204,45.09803921568628
2024,21102,rural,24,mujer,59,157,37.5796178343949
2024,21102,rural,25,hombre,90,178,50.561797752808985
2024,21102,rural,25,mujer,56,159,35.22012578616352
2024,21102,rural,26,hombre,111,189,58.73015873015873
2024,21102,rural,26,mujer,53,137,38.68613138686131
2024,21102,rural,27,hombre,104,180,57.77777777777778
2024,21102,rural,27,mujer,70,163,42.94478527607362
2024,21102,rural,28,hombre,119,192,61.979166666666664
2024,21102,rural,28,mujer,66,148,44.5945945945946
2024,21102,urbana,16,hombre,5,23,21.73913043478261
2024,21102,urbana,16,mujer,6,37,16.216216216216218
2024,21102,urbana,17,hombre,3,21,14.285714285714286
2024,21102,urbana,17,mujer,7,27,25.925925925925927
2024,21102,urbana,18,hombre,8,18,44.44444444444444
2024,21102,urbana,18,mujer,9,27,33.333333333333336
2024,21102,urbana,19,hombre,9,30,30.0
2024,21102,urbana,19,mujer,12,25,48.0
2024,21102,urbana,20,hombre,4,13,30.76923076923077
2024,21102,urbana,20,mujer,6,14,42.857142857142854
2024,21102,urbana,21,hombre,8,20,40.0
2024,21102,urbana,21,mujer,8,22,36.36363636363637
2024,21102,urbana,22,hombre,9,25,36.0
2024,21102,urbana,22,mujer,8,18,44.44444444444444
2024,21102,urbana,23,hombre,13,20,65.0
2024,21102,urbana,23,mujer,10,17,58.8235294117647
2024,21102,urbana,24,hombre,14,25,56.0
2024,21102,urbana,24,mujer,14,23,60.869565217391305
2024,21102,urbana,25,hombre,16,22,72.72727272727273
2024,21102,urbana,25,mujer,18,27,66.66666666666667
2024,21102,urbana,26,hombre,11,17,64.70588235294117
2024,21102,urbana,26,mujer,4,14,28.571428571428573
2024,21102,urbana,27,hombre,12,15,80.0
2024,21102,urbana,27,mujer,17,28,60.714285714285715
2024,21102,urbana,28,hombre,9,12,75.0
2024,21102,urbana,28,mujer,12,18,66.66666666666667
2024,21103,rural,16,hombre,4,54,7.407407407407407
2024,21103,rural,16,mujer,4,64,6.25
2024,21103,rural,17,hombre,8,61,13.114754098360656
2024,21103,rural,17,mujer,5,62,8.064516129032258
2024,21103,rural,18,hombre,5,33,15.151515151515152
2024,21103,rural,18,mujer,5,47,10.638297872340425
2024,21103,rural,19,hombre,13,61,21.311475409836067
2024,21103,rural,19,mujer,9,50,18.0
2024,21103,rural,20,hombre,12,64,18.75
2024,21103,rural,20,mujer,9,48,18.75
2024,21103,rural,21,hombre,21,55,38.18181818181818
2024,21103,rural,21,mujer,11,48,22.916666666666668
2024,21103,rural,22,hombre,21,70,30.0
2024,21103,rural,22,mujer,11,44,25.0
2024,21103,rural,23,hombre,22,50,44.0
2024,21103,rural,23,mujer,15,57,26.31578947368421
2024,21103,rural,24,hombre,35,70,50.0
2024,21103,rural,24,mujer,16,63,25.396825396825395
2024,21103,rural,25,hombre,19,47,40.42553191489362
2024,21103,rural,25,mujer,11,63,17.46031746031746
2024,21103,rural,26,hombre,27,63,42.857142857142854
2024,21103,rural,26,mujer,21,52,40.38461538461539
2024,21103,rural,27,hombre,30,54,55.55555555555556
2024,21103,rural,27,mujer,13,53,24.528301886792452
2024,21103,rural,28,hombre,31,65,47.69230769230769
2024,21103,rural,28,mujer,22,47,46.808510638297875
2024,21104,rural,16,hombre,40,210,19.047619047619047
2024,21104,rural,16,mujer,35,171,20.46783625730994
2024,21104,rural,17,hombre,50,172,29.069767441860463
2024,21104,rural,17,mujer,41,165,24.848484848484848
2024,21104,rural,18,hombre,70,173,40.46242774566474
2024,21104,rural,18,mujer,73,155,47.096774193548384
2024,21104,rural,19,hombre,75,179,41.899441340782126
2024,21104,rural,19,mujer,72,168,42.857142857142854
2024,21104,rural,20,hombre,81,166,48.795180722891565
2024,21104,rural,20,mujer,50,145,34.48275862068966
2024,21104,rural,21,hombre,85,185,45.945945945945944
2024,21104,rural,21,mujer,66,158,41.77215189873418
2024,21104,rural,22,hombre,104,195,53.333333333333336
2024,21104,rural,22,mujer,65,156,41.666666666666664
2024,21104,rural,23,hombre,98,189,51.851851851851855
2024,21104,rural,23,mujer,87,184,47.28260869565217
2024,21104,rural,24,hombre,132,214,61.6822429906542
2024,21104,rural,24,mujer,85,176,48.29545454545455
2024,21104,rural,25,hombre,89,171,52.046783625730995
2024,21104,rural,25,mujer,54,126,42.857142857142854
2024,21104,rural,26,hombre,120,186,64.51612903225806
2024,21104,rural,26,mujer,89,162,54.93827160493827
2024,21104,rural,27,hombre,121,185,65.4054054054054
2024,21104,rural,27,mujer,84,164,51.21951219512195
2024,21104,rural,28,hombre,91,142,64.08450704225352
2024,21104,rural,28,mujer,87,140,62.142857142857146
2024,21104,urbana,16,hombre,10,64,15.625
2024,21104,urbana,16,mujer,10,67,14.925373134328359
2024,21104,urbana,17,hombre,17,57,29.82456140350877
2024,21104,urbana,17,mujer,15,65,23.076923076923077
2024,21104,urbana,18,hombre,15,60,25.0
2024,21104,urbana,18,mujer,17,62,27.419354838709676
2024,21104,urbana,19,hombre,17,49,34.69387755102041
2024,21104,urbana,19,mujer,19,59,32.20338983050848
2024,21104,urbana,20,hombre,24,53,45.283018867924525
2024,21104,urbana,20,mujer,21,61,34.42622950819672
2024,21104,urbana,21,hombre,33,60,55.0
2024,21104,urbana,21,mujer,25,72,34.72222222222222
2024,21104,urbana,22,hombre,17,49,34.69387755102041
2024,21104,urbana,22,mujer,27,63,42.857142857142854
2024,21104,urbana,23,hombre,40,76,52.63157894736842
2024,21104,urbana,23,mujer,22,64,34.375
2024,21104,urbana,24,hombre,41,75,54.666666666666664
2024,21104,urbana,24,mujer,31,69,44.927536231884055
2024,21104,urbana,25,hombre,34,58,58.62068965517241
2024,21104,urbana,25,mujer,31,73,42.465753424657535
2024,21104,urbana,26,hombre,37,65,56.92307692307692
2024,21104,urbana,26,mujer,35,80,43.75
2024,21104,urbana,27,hombre,41,66,62.121212121212125
2024,21104,urbana,27,mujer,37,80,46.25
2024,21104,urbana,28,hombre,28,55,50.90909090909091
2024,21104,urbana,28,mujer,18,66,27.272727272727273
2024,21105,rural,16,hombre,76,448,16.964285714285715
2024,21105,rural,16,mujer,68,394,17.258883248730964
2024,21105,rural,17,hombre,95,399,23.80952380952381
2024,21105,rural,17,mujer,85,398,21.35678391959799
2024,21105,rural,18,hombre,111,356,31.179775280898877
2024,21105,rural,18,mujer,109,371,29.380053908355794
2024,21105,rural,19,hombre,124,359,34.540389972144844
2024,21105,rural,19,mujer,111,354,31.35593220338983
2024,21105,rural,20,hombre,141,375,37.6
2024,21105,rural,20,mujer,116,361,32.13296398891967
2024,21105,rural,21,hombre,150,339,44.24778761061947
2024,21105,rural,21,mujer,104,312,33.333333333333336
2024,21105,rural,22,hombre,185,378,48.94179894179894
2024,21105,rural,22,mujer,135,367,36.78474114441417
2024,21105,rural,23,hombre,220,414,53.14009661835749
2024,21105,rural,23,mujer,156,386,40.41450777202073
2024,21105,rural,24,hombre,239,420,56.904761904761905
2024,21105,rural,24,mujer,178,417,42.68585131894484
2024,21105,rural,25,hombre,226,401,56.35910224438903
2024,21105,rural,25,mujer,166,382,43.455497382198956
2024,21105,rural,26,hombre,252,388,64.94845360824742
2024,21105,rural,26,mujer,174,391,44.50127877237852
2024,21105,rural,27,hombre,292,426,68.54460093896714
2024,21105,rural,27,mujer,186,390,47.69230769230769
2024,21105,rural,28,hombre,245,378,64.81481481481481
2024,21105,rural,28,mujer,165,333,49.549549549549546
2024,21105,urbana,16,hombre,6,36,16.666666666666668
2024,21105,urbana,16,mujer,13,37,35.13513513513514
2024,21105,urbana,17,hombre,10,29,34.48275862068966
2024,21105,urbana,17,mujer,11,26,42.30769230769231
2024,21105,urbana,18,hombre,8,16,50.0
2024,21105,urbana,18,mujer,11,24,45.833333333333336
2024,21105,urbana,19,hombre,9,22,40.90909090909091
2024,21105,urbana,19,mujer,10,24,41.666666666666664
2024,21105,urbana,20,hombre,8,17,47.05882352941177
2024,21105,urbana,20,mujer,11,16,68.75
2024,21105,urbana,21,hombre,9,17,52.94117647058823
2024,21105,urbana,21,mujer,9,23,39.130434782608695
2024,21105,urbana,22,hombre,14,27,51.851851851851855
2024,21105,urbana,22,mujer,9,23,39.130434782608695
2024,21105,urbana,23,hombre,24,31,77.41935483870968
2024,21105,urbana,23,mujer,18,29,62.06896551724138
2024,21105,urbana,24,hombre,19,29,65.51724137931035
2024,21105,urbana,24,mujer,16,35,45.714285714285715
2024,21105,urbana,25,hombre,16,19,84.21052631578948
2024,21105,urbana,25,mujer,20,33,60.60606060606061
2024,21105,urbana,26,hombre,10,24,41.666666666666664
2024,21105,urbana,26,mujer,23,40,57.5
2024,21105,urbana,27,hombre,21,26,80.76923076923077
2024,21105,urbana,27,mujer,16,27,59.25925925925926
2024,21105,urbana,28,hombre,27,35,77.14285714285714
2024,21105,urbana,28,mujer,15,25,60.0
2024,21201,rural,16,hombre,19,268,7.08955223880597
2024,21201,rural,16,mujer,28,277,10.108303249097473
2024,21201,rural,17,hombre,22,249,8.835341365461847
2024,21201,rural,17,mujer,34,252,13.492063492063492
2024,21201,rural,18,hombre,38,205,18.536585365853657
2024,21201,rural,18,mujer,49,251,19.52191235059761
2024,21201,rural,19,hombre,52,203,25.61576354679803
2024,21201,rural,19,mujer,46,275,16.727272727272727
2024,21201,rural,20,hombre,61,240,25.416666666666668
2024,21201,rural,20,mujer,47,247,19.02834008097166
2024,21201,rural,21,hombre,86,234,36.75213675213675
2024,21201,rural,21,mujer,53,243,21.810699588477366
2024,21201,rural,22,hombre,82,247,33.19838056680162
2024,21201,rural,22,mujer,72,252,28.571428571428573
2024,21201,rural,23,hombre,109,272,40.0735294117647
2024,21201,rural,23,mujer,78,288,27.083333333333332
2024,21201,rural,24,hombre,112,262,42.74809160305343
2024,21201,rural,24,mujer,90,282,31.914893617021278
2024,21201,rural,25,hombre,119,244,48.77049180327869
2024,21201,rural,25,mujer,81,267,30.337078651685392
2024,21201,rural,26,hombre,129,254,50.78740157480315
2024,21201,rural,26,mujer,74,257,28.79377431906615
2024,21201,rural,27,hombre,145,235,61.702127659574465
2024,21201,rural,27,mujer,86,262,32.82442748091603
2024,21201,rural,28,hombre,135,230,58.69565217391305
2024,21201,rural,28,mujer,87,229,37.99126637554585
2024,21201,urbana,16,hombre,31,151,20.52980132450331
2024,21201,urbana,16,mujer,36,152,23.68421052631579
2024,21201,urbana,17,hombre,37,108,34.25925925925926
2024,21201,urbana,17,mujer,22,116,18.96551724137931
2024,21201,urbana,18,hombre,34,99,34.343434343434346
2024,21201,urbana,18,mujer,46,141,32.6241134751773
2024,21201,urbana,19,hombre,38,101,37.62376237623762
2024,21201,urbana,19,mujer,56,137,40.87591240875913
2024,21201,urbana,20,hombre,71,128,55.46875
2024,21201,urbana,20,mujer,52,119,43.69747899159664
2024,21201,urbana,21,hombre,55,117,47.00854700854701
2024,21201,urbana,21,mujer,62,144,43.05555555555556
2024,21201,urbana,22,hombre,87,141,61.702127659574465
2024,21201,urbana,22,mujer,46,125,36.8
2024,21201,urbana,23,hombre,90,137,65.69343065693431
2024,21201,urbana,23,mujer,62,150,41.333333333333336
2024,21201,urbana,24,hombre,104,146,71.23287671232876
2024,21201,urbana,24,mujer,73,163,44.785276073619634
2024,21201,urbana,25,hombre,94,137,68.61313868613139
2024,21201,urbana,25,mujer,81,175,46.285714285714285
2024,21201,urbana,26,hombre,115,151,76.15894039735099
2024,21201,urbana,26,mujer,90,177,50.847457627118644
2024,21201,urbana,27,hombre,99,132,75.0
2024,21201,urbana,27,mujer,75,162,46.2962962962963
2024,21201,urbana,28,hombre,121,150,80.66666666666667
2024,21201,urbana,28,mujer,84,152,55.26315789473684
2024,21202,rural,16,hombre,11,240,4.583333333333333
2024,21202,rural,16,mujer,8,270,2.962962962962963
2024,21202,rural,17,hombre,12,166,7.228915662650603
2024,21202,rural,17,mujer,7,212,3.30188679245283
2024,21202,rural,18,hombre,20,193,10.362694300518134
2024,21202,rural,18,mujer,25,204,12.254901960784315
2024,21202,rural,19,hombre,24,183,13.114754098360656
2024,21202,rural,19,mujer,15,189,7.936507936507937
2024,21202,rural,20,hombre,40,211,18.95734597156398
2024,21202,rural,20,mujer,29,226,12.831858407079647
2024,21202,rural,21,hombre,36,190,18.94736842105263
2024,21202,rural,21,mujer,24,206,11.650485436893204
2024,21202,rural,22,hombre,69,211,32.70142180094787
2024,21202,rural,22,mujer,34,215,15.813953488372093
2024,21202,rural,23,hombre,63,198,31.818181818181817
2024,21202,rural,23,mujer,30,227,13.215859030837004
2024,21202,rural,24,hombre,80,233,34.33476394849785
2024,21202,rural,24,mujer,44,255,17.254901960784313
2024,21202,rural,25,hombre,78,211,36.96682464454976
2024,21202,rural,25,mujer,33,214,15.42056074766355
2024,21202,rural,26,hombre,83,198,41.91919191919192
2024,21202,rural,26,mujer,43,228,18.859649122807017
2024,21202,rural,27,hombre,85,195,43.58974358974359
2024,21202,rural,27,mujer,36,207,17.391304347826086
2024,21202,rural,28,hombre,89,197,45.17766497461929
2024,21202,rural,28,mujer,43,214,20.093457943925234
2024,21202,urbana,16,hombre,8,88,9.090909090909092
2024,21202,urbana,16,mujer,12,108,11.11111111111111
2024,21202,urbana,17,hombre,12,87,13.793103448275861
2024,21202,urbana,17,mujer,14,91,15.384615384615385
2024,21202,urbana,18,hombre,10,72,13.88888888888889
2024,21202,urbana,18,mujer,22,98,22.448979591836736
2024,21202,urbana,19,hombre,24,75,32.0
2024,21202,urbana,19,mujer,21,93,22.580645161290324
2024,21202,urbana,20,hombre,30,84,35.714285714285715
2024,21202,urbana,20,mujer,27,94,28.72340425531915
2024,21202,urbana,21,hombre,26,64,40.625
2024,21202,urbana,21,mujer,17,90,18.88888888888889
2024,21202,urbana,22,hombre,24,79,30.379746835443036
2024,21202,urbana,22,mujer,34,112,30.357142857142858
2024,21202,urbana,23,hombre,39,86,45.348837209302324
2024,21202,urbana,23,mujer,37,99,37.37373737373738
2024,21202,urbana,24,hombre,46,88,52.27272727272727
2024,21202,urbana,24,mujer,36,100,36.0
2024,21202,urbana,25,hombre,55,111,49.549549549549546
2024,21202,urbana,25,mujer,34,88,38.63636363636363
2024,21202,urbana,26,hombre,54,89,60.674157303370784
2024,21202,urbana,26,mujer,26,88,29.545454545454547
2024,21202,urbana,27,hombre,54,79,68.35443037974683
2024,21202,urbana,27,mujer,44,98,44.89795918367347
2024,21202,urbana,28,hombre,71,100,71.0
2024,21202,urbana,28,mujer,37,93,39.784946236559136
2024,21203,rural,16,hombre,12,122,9.836065573770492
2024,21203,rural,16,mujer,13,114,11.403508771929825
2024,21203,rural,17,hombre,13,111,11.711711711711711
2024,21203,rural,17,mujer,13,133,9.774436090225564
2024,21203,rural,18,hombre,17,131,12.977099236641221
2024,21203,rural,18,mujer,19,130,14.615384615384615
2024,21203,rural,19,hombre,24,100,24.0
2024,21203,rural,19,mujer,19,108,17.59259259259259
2024,21203,rural,20,hombre,19,108,17.59259259259259
2024,21203,rural,20,mujer,16,105,15.238095238095237
2024,21203,rural,21,hombre,25,95,26.31578947368421
2024,21203,rural,21,mujer,18,102,17.647058823529413
2024,21203,rural,22,hombre,36,127,28.346456692913385
2024,21203,rural,22,mujer,31,151,20.52980132450331
2024,21203,rural,23,hombre,59,141,41.843971631205676
2024,21203,rural,23,mujer,30,140,21.428571428571427
2024,21203,rural,24,hombre,35,124,28.225806451612904
2024,21203,rural,24,mujer,31,145,21.379310344827587
2024,21203,rural,25,hombre,61,127,48.031496062992126
2024,21203,rural,25,mujer,33,135,24.444444444444443
2024,21203,rural,26,hombre,67,131,51.14503816793893
2024,21203,rural,26,mujer,43,147,29.25170068027211
2024,21203,rural,27,hombre,60,121,49.586776859504134
2024,21203,rural,27,mujer,40,147,27.210884353741495
2024,21203,rural,28,hombre,75,148,50.67567567567568
2024,21203,rural,28,mujer,34,122,27.868852459016395
2024,21203,urbana,16,hombre,0,22,0.0
2024,21203,urbana,16,mujer,1,18,5.555555555555555
2024,21203,urbana,17,hombre,1,23,4.3478260869565215
2024,21203,urbana,17,mujer,1,19,5.2631578947368425
2024,21203,urbana,18,hombre,2,13,15.384615384615385
2024,21203,urbana,18,mujer,3,20,15.0
2024,21203,urbana,19,hombre,1,14,7.142857142857143
2024,21203,urbana,19,mujer,1,26,3.8461538461538463
2024,21203,urbana,20,hombre,3,25,12.0
2024,21203,urbana,20,mujer,3,21,14.285714285714286
2024,21203,urbana,21,hombre,4,24,16.666666666666668
2024,21203,urbana,21,mujer,6,27,22.22222222222222
2024,21203,urbana,22,hombre,2,12,16.666666666666668
2024,21203,urbana,22,mujer,3,25,12.0
2024,21203,urbana,23,hombre,7,32,21.875
2024,21203,urbana,23,mujer,3,22,13.636363636363637
2024,21203,urbana,24,hombre,5,19,26.31578947368421
2024,21203,urbana,24,mujer,6,40,15.0
2024,21203,urbana,25,hombre,9,23,39.130434782608695
2024,21203,urbana,25,mujer,3,28,10.714285714285714
2024,21203,urbana,26,hombre,14,30,46.666666666666664
2024,21203,urbana,26,mujer,3,23,13.043478260869565
2024,21203,urbana,27,hombre,6,17,35.294117647058826
2024,21203,urbana,27,mujer,7,33,21.21212121212121
2024,21203,urbana,28,hombre,8,16,50.0
2024,21203,urbana,28,mujer,6,27,22.22222222222222
2024,21204,rural,16,hombre,3,53,5.660377358490566
2024,21204,rural,16,mujer,3,40,7.5
2024,21204,rural,17,hombre,3,43,6.976744186046512
2024,21204,rural,17,mujer,1,42,2.380952380952381
2024,21204,rural,18,hombre,4,33,12.121212121212121
2024,21204,rural,18,mujer,2,37,5.405405405405405
2024,21204,rural,19,hombre,14,46,30.434782608695652
2024,21204,rural,19,mujer,4,56,7.142857142857143
2024,21204,rural,20,hombre,8,31,25.806451612903224
2024,21204,rural,20,mujer,3,46,6.521739130434782
2024,21204,rural,21,hombre,11,44,25.0
2024,21204,rural,21,mujer,9,54,16.666666666666668
2024,21204,rural,22,hombre,9,40,22.5
2024,21204,rural,22,mujer,6,52,11.538461538461538
2024,21204,rural,23,hombre,22,57,38.59649122807018
2024,21204,rural,23,mujer,7,42,16.666666666666668
2024,21204,rural,24,hombre,23,56,41.07142857142857
2024,21204,rural,24,mujer,5,56,8.928571428571429
2024,21204,rural,25,hombre,27,60,45.0
2024,21204,rural,25,mujer,17,57,29.82456140350877
2024,21204,rural,26,hombre,29,65,44.61538461538461
2024,21204,rural,26,mujer,11,63,17.46031746031746
2024,21204,rural,27,hombre,36,60,60.0
2024,21204,rural,27,mujer,12,66,18.181818181818183
2024,21204,rural,28,hombre,31,53,58.490566037735846
2024,21204,rural,28,mujer,8,61,13.114754098360656
2024,21301,rural,16,hombre,7,167,4.191616766467066
2024,21301,rural,16,mujer,7,183,3.8251366120218577
2024,21301,rural,17,hombre,19,181,10.497237569060774
2024,21301,rural,17,mujer,12,173,6.936416184971098
2024,21301,rural,18,hombre,12,155,7.741935483870968
2024,21301,rural,18,mujer,10,158,6.329113924050633
2024,21301,rural,19,hombre,28,162,17.28395061728395
2024,21301,rural,19,mujer,14,180,7.777777777777778
2024,21301,rural,20,hombre,26,198,13.131313131313131
2024,21301,rural,20,mujer,17,168,10.119047619047619
2024,21301,rural,21,hombre,42,221,19.004524886877828
2024,21301,rural,21,mujer,33,200,16.5
2024,21301,rural,22,hombre,50,205,24.390243902439025
2024,21301,rural,22,mujer,45,191,23.56020942408377
2024,21301,rural,23,hombre,66,221,29.86425339366516
2024,21301,rural,23,mujer,33,193,17.098445595854923
2024,21301,rural,24,hombre,86,201,42.78606965174129
2024,21301,rural,24,mujer,35,185,18.91891891891892
2024,21301,rural,25,hombre,75,197,38.07106598984772
2024,21301,rural,25,mujer,37,189,19.576719576719576
2024,21301,rural,26,hombre,92,219,42.009132420091326
2024,21301,rural,26,mujer,42,180,23.333333333333332
2024,21301,rural,27,hombre,88,182,48.35164835164835
2024,21301,rural,27,mujer,44,184,23.91304347826087
2024,21301,rural,28,hombre,100,188,53.191489361702125
2024,21301,rural,28,mujer,42,163,25.766871165644172
2024,21301,urbana,16,hombre,9,66,13.636363636363637
2024,21301,urbana,16,mujer,15,96,15.625
2024,21301,urbana,17,hombre,25,79,31.645569620253166
2024,21301,urbana,17,mujer,18,70,25.714285714285715
2024,21301,urbana,18,hombre,11,72,15.277777777777779
2024,21301,urbana,18,mujer,25,87,28.735632183908045
2024,21301,urbana,19,hombre,25,79,31.645569620253166
2024,21301,urbana,19,mujer,24,85,28.235294117647058
2024,21301,urbana,20,hombre,25,86,29.069767441860463
2024,21301,urbana,20,mujer,30,96,31.25
2024,21301,urbana,21,hombre,38,74,51.351351351351354
2024,21301,urbana,21,mujer,41,95,43.1578947368421
2024,21301,urbana,22,hombre,47,98,47.95918367346939
2024,21301,urbana,22,mujer,33,94,35.1063829787234
2024,21301,urbana,23,hombre,50,105,47.61904761904762
2024,21301,urbana,23,mujer,43,122,35.24590163934426
2024,21301,urbana,24,hombre,41,89,46.06741573033708
2024,21301,urbana,24,mujer,46,118,38.983050847457626
2024,21301,urbana,25,hombre,42,89,47.19101123595506
2024,21301,urbana,25,mujer,33,88,37.5
2024,21301,urbana,26,hombre,40,74,54.054054054054056
2024,21301,urbana,26,mujer,34,83,40.963855421686745
2024,21301,urbana,27,hombre,57,101,56.43564356435643
2024,21301,urbana,27,mujer,37,91,40.65934065934066
2024,21301,urbana,28,hombre,47,87,54.02298850574713
2024,21301,urbana,28,mujer,50,115,43.47826086956522
2024,21302,rural,16,hombre,3,67,4.477611940298507
2024,21302,rural,16,mujer,5,62,8.064516129032258
2024,21302,rural,17,hombre,2,53,3.7735849056603774
2024,21302,rural,17,mujer,6,61,9.836065573770492
2024,21302,rural,18,hombre,10,48,20.833333333333332
2024,21302,rural,18,mujer,5,54,9.25925925925926
2024,21302,rural,19,hombre,11,42,26.19047619047619
2024,21302,rural,19,mujer,6,53,11.320754716981131
2024,21302,rural,20,hombre,15,55,27.272727272727273
2024,21302,rural,20,mujer,11,64,17.1875
2024,21302,rural,21,hombre,10,44,22.727272727272727
2024,21302,rural,21,mujer,11,57,19.29824561403509
2024,21302,rural,22,hombre,13,51,25.49019607843137
2024,21302,rural,22,mujer,8,55,14.545454545454545
2024,21302,rural,23,hombre,22,60,36.666666666666664
2024,21302,rural,23,mujer,11,60,18.333333333333332
2024,21302,rural,24,hombre,16,62,25.806451612903224
2024,21302,rural,24,mujer,7,42,16.666666666666668
2024,21302,rural,25,hombre,20,51,39.21568627450981
2024,21302,rural,25,mujer,12,49,24.489795918367346
2024,21302,rural,26,hombre,24,52,46.15384615384615
2024,21302,rural,26,mujer,12,41,29.26829268292683
2024,21302,rural,27,hombre,16,44,36.36363636363637
2024,21302,rural,27,mujer,6,51,11.764705882352942
2024,21302,rural,28,hombre,25,48,52.083333333333336
2024,21302,rural,28,mujer,8,47,17.02127659574468
2024,21303,rural,16,hombre,18,100,18.0
2024,21303,rural,16,mujer,11,83,13.25301204819277
2024,21303,rural,17,hombre,25,83,30.120481927710845
2024,21303,rural,17,mujer,23,76,30.263157894736842
2024,21303,rural,18,hombre,12,67,17.91044776119403
2024,21303,rural,18,mujer,33,95,34.73684210526316
2024,21303,rural,19,hombre,24,89,26.96629213483146
2024,21303,rural,19,mujer,23,89,25.84269662921348
2024,21303,rural,20,hombre,30,77,38.96103896103896
2024,21303,rural,20,mujer,19,77,24.675324675324674
2024,21303,rural,21,hombre,33,91,36.26373626373626
2024,21303,rural,21,mujer,20,86,23.25581395348837
2024,21303,rural,22,hombre,49,106,46.22641509433962
2024,21303,rural,22,mujer,26,88,29.545454545454547
2024,21303,rural,23,hombre,44,106,41.509433962264154
2024,21303,rural,23,mujer,23,79,29.11392405063291
2024,21303,rural,24,hombre,55,101,54.45544554455446
2024,21303,rural,24,mujer,28,92,30.434782608695652
2024,21303,rural,25,hombre,41,95,43.1578947368421
2024,21303,rural,25,mujer,32,88,36.36363636363637
2024,21303,rural,26,hombre,49,89,55.056179775280896
2024,21303,rural,26,mujer,21,91,23.076923076923077
2024,21303,rural,27,hombre,60,107,56.074766355140184
2024,21303,rural,27,mujer,25,69,36.231884057971016
2024,21303,rural,28,hombre,43,79,54.43037974683544
2024,21303,rural,28,mujer,27,87,31.03448275862069
2024,21304,rural,16,hombre,2,125,1.6
2024,21304,rural,16,mujer,4,118,3.389830508474576
2024,21304,rural,17,hombre,6,116,5.172413793103448
2024,21304,rural,17,mujer,5,114,4.385964912280702
2024,21304,rural,18,hombre,7,75,9.333333333333334
2024,21304,rural,18,mujer,6,119,5.042016806722689
2024,21304,rural,19,hombre,11,101,10.891089108910892
2024,21304,rural,19,mujer,7,100,7.0
2024,21304,rural,20,hombre,20,126,15.873015873015873
2024,21304,rural,20,mujer,10,102,9.803921568627452
2024,21304,rural,21,hombre,27,107,25.233644859813083
2024,21304,rural,21,mujer,15,115,13.043478260869565
2024,21304,rural,22,hombre,28,111,25.225225225225227
2024,21304,rural,22,mujer,11,100,11.0
2024,21304,rural,23,hombre,52,130,40.0
2024,21304,rural,23,mujer,16,122,13.114754098360656
2024,21304,rural,24,hombre,42,113,37.16814159292036
2024,21304,rural,24,mujer,20,112,17.857142857142858
2024,21304,rural,25,hombre,39,113,34.51327433628319
2024,21304,rural,25,mujer,22,121,18.181818181818183
2024,21304,rural,26,hombre,57,113,50.442477876106196
2024,21304,rural,26,mujer,24,121,19.834710743801654
2024,21304,rural,27,hombre,52,121,42.97520661157025
2024,21304,rural,27,mujer,27,104,25.96153846153846
2024,21304,rural,28,hombre,46,109,42.20183486238532
2024,21304,rural,28,mujer,32,104,30.76923076923077
2024,21305,rural,16,hombre,7,103,6.796116504854369
2024,21305,rural,16,mujer,1,88,1.1363636363636365
2024,21305,rural,17,hombre,13,96,13.541666666666666
2024,21305,rural,17,mujer,6,97,6.185567010309279
2024,21305,rural,18,hombre,8,59,13.559322033898304
2024,21305,rural,18,mujer,6,78,7.6923076923076925
2024,21305,rural,19,hombre,11,55,20.0
2024,21305,rural,19,mujer,12,93,12.903225806451612
2024,21305,rural,20,hombre,22,87,25.28735632183908
2024,21305,rural,20,mujer,10,94,10.638297872340425
2024,21305,rural,21,hombre,19,87,21.839080459770116
2024,21305,rural,21,mujer,12,80,15.0
2024,21305,rural,22,hombre,36,88,40.90909090909091
2024,21305,rural,22,mujer,11,90,12.222222222222221
2024,21305,rural,23,hombre,23,88,26.136363636363637
2024,21305,rural,23,mujer,15,91,16.483516483516482
2024,21305,rural,24,hombre,40,78,51.282051282051285
2024,21305,rural,24,mujer,15,89,16.853932584269664
2024,21305,rural,25,hombre,34,86,39.53488372093023
2024,21305,rural,25,mujer,14,68,20.58823529411765
2024,21305,rural,26,hombre,32,73,43.83561643835616
2024,21305,rural,26,mujer,14,71,19.718309859154928
2024,21305,rural,27,hombre,39,84,46.42857142857143
2024,21305,rural,27,mujer,16,77,20.77922077922078
2024,21305,rural,28,hombre,43,66,65.15151515151516
2024,21305,rural,28,mujer,17,73,23.28767123287671
2024,21305,urbana,16,hombre,12,132,9.090909090909092
2024,21305,urbana,16,mujer,20,125,16.0
2024,21305,urbana,17,hombre,22,120,18.333333333333332
2024,21305,urbana,17,mujer,24,117,20.512820512820515
2024,21305,urbana,18,hombre,15,69,21.73913043478261
2024,21305,urbana,18,mujer,37,146,25.34246575342466
2024,21305,urbana,19,hombre,21,100,21.0
2024,21305,urbana,19,mujer,30,119,25.210084033613445
2024,21305,urbana,20,hombre,41,116,35.3448275862069
2024,21305,urbana,20,mujer,45,150,30.0
2024,21305,urbana,21,hombre,53,117,45.2991452991453
2024,21305,urbana,21,mujer,30,104,28.846153846153847
2024,21305,urbana,22,hombre,56,125,44.8
2024,21305,urbana,22,mujer,46,123,37.39837398373984
2024,21305,urbana,23,hombre,44,110,40.0
2024,21305,urbana,23,mujer,53,137,38.68613138686131
2024,21305,urbana,24,hombre,81,131,61.83206106870229
2024,21305,urbana,24,mujer,65,141,46.09929078014184
2024,21305,urbana,25,hombre,55,101,54.45544554455446
2024,21305,urbana,25,mujer,34,112,30.357142857142858
2024,21305,urbana,26,hombre,78,121,64.46280991735537
2024,21305,urbana,26,mujer,52,123,42.27642276422764
2024,21305,urbana,27,hombre,56,92,60.869565217391305
2024,21305,urbana,27,mujer,88,164,53.65853658536585
2024,21305,urbana,28,hombre,66,104,63.46153846153846
2024,21305,urbana,28,mujer,61,130,46.92307692307692
2024,21306,rural,16,hombre,1,37,2.7027027027027026
2024,21306,rural,16,mujer,1,35,2.857142857142857
2024,21306,rural,17,hombre,2,35,5.714285714285714
2024,21306,rural,17,mujer,2,36,5.555555555555555
2024,21306,rural,18,hombre,5,32,15.625
2024,21306,rural,18,mujer,0,30,0.0
2024,21306,rural,19,hombre,5,24,20.833333333333332
2024,21306,rural,19,mujer,4,38,10.526315789473685
2024,21306,rural,20,hombre,10,39,25.641025641025642
2024,21306,rural,20,mujer,7,33,21.21212121212121
2024,21306,rural,21,hombre,8,36,22.22222222222222
2024,21306,rural,21,mujer,5,41,12.195121951219512
2024,21306,rural,22,hombre,8,33,24.242424242424242
2024,21306,rural,22,mujer,8,41,19.51219512195122
2024,21306,rural,23,hombre,13,40,32.5
2024,21306,rural,23,mujer,6,50,12.0
2024,21306,rural,24,hombre,16,35,45.714285714285715
2024,21306,rural,24,mujer,8,37,21.62162162162162
2024,21306,rural,25,hombre,17,41,41.46341463414634
2024,21306,rural,25,mujer,6,41,14.634146341463415
2024,21306,rural,26,hombre,15,31,48.38709677419355
2024,21306,rural,26,mujer,12,37,32.432432432432435
2024,21306,rural,27,hombre,16,34,47.05882352941177
2024,21306,rural,27,mujer,7,46,15.217391304347826
2024,21306,rural,28,hombre,16,31,51.61290322580645
2024,21306,rural,28,mujer,10,47,21.27659574468085
2024,21306,urbana,16,hombre,5,62,8.064516129032258
2024,21306,urbana,16,mujer,4,65,6.153846153846154
2024,21306,urbana,17,hombre,5,59,8.474576271186441
2024,21306,urbana,17,mujer,1,51,1.9607843137254901
2024,21306,urbana,18,hombre,13,47,27.659574468085108
2024,21306,urbana,18,mujer,10,66,15.151515151515152
2024,21306,urbana,19,hombre,11,44,25.0
2024,21306,urbana,19,mujer,6,59,10.169491525423728
2024,21306,urbana,20,hombre,13,58,22.413793103448278
2024,21306,urbana,20,mujer,8,66,12.121212121212121
2024,21306,urbana,21,hombre,18,55,32.72727272727273
2024,21306,urbana,21,mujer,6,60,10.0
2024,21306,urbana,22,hombre,18,49,36.734693877551024
2024,21306,urbana,22,mujer,17,77,22.07792207792208
2024,21306,urbana,23,hombre,24,79,30.379746835443036
2024,21306,urbana,23,mujer,16,81,19.753086419753085
2024,21306,urbana,24,hombre,37,75,49.333333333333336
2024,21306,urbana,24,mujer,19,72,26.38888888888889
2024,21306,urbana,25,hombre,45,78,57.69230769230769
2024,21306,urbana,25,mujer,14,83,16.867469879518072
2024,21306,urbana,26,hombre,34,67,50.74626865671642
2024,21306,urbana,26,mujer,18,65,27.692307692307693
2024,21306,urbana,27,hombre,45,68,66.17647058823529
2024,21306,urbana,27,mujer,19,72,26.38888888888889
2024,21306,urbana,28,hombre,43,74,58.108108108108105
2024,21306,urbana,28,mujer,19,70,27.142857142857142
2024,21307,rural,16,hombre,0,14,0.0
2024,21307,rural,16,mujer,0,11,0.0
2024,21307,rural,17,hombre,0,15,0.0
2024,21307,rural,17,mujer,1,8,12.5
2024,21307,rural,18,hombre,0,10,0.0
2024,21307,rural,18,mujer,0,9,0.0
2024,21307,rural,19,hombre,0,13,0.0
2024,21307,rural,19,mujer,0,8,0.0
2024,21307,rural,20,hombre,0,16,0.0
2024,21307,rural,20,mujer,2,14,14.285714285714286
2024,21307,rural,21,hombre,2,14,14.285714285714286
2024,21307,rural,21,mujer,2,12,16.666666666666668
2024,21307,rural,22,hombre,2,8,25.0
2024,21307,rural,22,mujer,2,14,14.285714285714286
2024,21307,rural,23,hombre,7,20,35.0
2024,21307,rural,23,mujer,2,12,16.666666666666668
2024,21307,rural,24,hombre,3,14,21.428571428571427
2024,21307,rural,24,mujer,2,13,15.384615384615385
2024,21307,rural,25,hombre,4,17,23.529411764705884
2024,21307,rural,25,mujer,3,14,21.428571428571427
2024,21307,rural,26,hombre,4,14,28.571428571428573
2024,21307,rural,26,mujer,2,9,22.22222222222222
2024,21307,rural,27,hombre,2,15,13.333333333333334
2024,21307,rural,27,mujer,4,13,30.76923076923077
2024,21307,rural,28,hombre,3,16,18.75
2024,21307,rural,28,mujer,4,12,33.333333333333336
2024,21307,urbana,16,hombre,0,12,0.0
2024,21307,urbana,16,mujer,2,22,9.090909090909092
2024,21307,urbana,17,hombre,1,26,3.8461538461538463
2024,21307,urbana,17,mujer,1,27,3.7037037037037037
2024,21307,urbana,18,hombre,0,36,0.0
2024,21307,urbana,18,mujer,1,23,4.3478260869565215
2024,21307,urbana,19,hombre,1,22,4.545454545454546
2024,21307,urbana,19,mujer,1,24,4.166666666666667
2024,21307,urbana,20,hombre,0,30,0.0
2024,21307,urbana,20,mujer,4,33,12.121212121212121
2024,21307,urbana,21,hombre,3,30,10.0
2024,21307,urbana,21,mujer,2,31,6.451612903225806
2024,21307,urbana,22,hombre,4,25,16.0
2024,21307,urbana,22,mujer,1,26,3.8461538461538463
2024,21307,urbana,23,hombre,1,32,3.125
2024,21307,urbana,23,mujer,3,40,7.5
2024,21307,urbana,24,hombre,7,30,23.333333333333332
2024,21307,urbana,24,mujer,3,32,9.375
2024,21307,urbana,25,hombre,4,25,16.0
2024,21307,urbana,25,mujer,2,33,6.0606060606060606
2024,21307,urbana,26,hombre,8,28,28.571428571428573
2024,21307,urbana,26,mujer,0,24,0.0
2024,21307,urbana,27,hombre,9,39,23.076923076923077
2024,21307,urbana,27,mujer,2,43,4.651162790697675
2024,21307,urbana,28,hombre,7,26,26.923076923076923
2024,21307,urbana,28,mujer,4,35,11.428571428571429
2024,21401,rural,16,hombre,12,169,7.100591715976331
2024,21401,rural,16,mujer,19,201,9.45273631840796
2024,21401,rural,17,hombre,23,189,12.16931216931217
2024,21401,rural,17,mujer,28,172,16.27906976744186
2024,21401,rural,18,hombre,36,185,19.45945945945946
2024,21401,rural,18,mujer,41,201,20.398009950248756
2024,21401,rural,19,hombre,33,169,19.526627218934912
2024,21401,rural,19,mujer,41,197,20.81218274111675
2024,21401,rural,20,hombre,60,213,28.169014084507044
2024,21401,rural,20,mujer,40,187,21.390374331550802
2024,21401,rural,21,hombre,55,185,29.72972972972973
2024,21401,rural,21,mujer,44,168,26.19047619047619
2024,21401,rural,22,hombre,75,220,34.09090909090909
2024,21401,rural,22,mujer,53,198,26.767676767676768
2024,21401,rural,23,hombre,89,232,38.36206896551724
2024,21401,rural,23,mujer,69,221,31.221719457013574
2024,21401,rural,24,hombre,105,224,46.875
2024,21401,rural,24,mujer,70,237,29.535864978902953
2024,21401,rural,25,hombre,118,226,52.21238938053097
2024,21401,rural,25,mujer,72,226,31.858407079646017
2024,21401,rural,26,hombre,90,182,49.45054945054945
2024,21401,rural,26,mujer,64,192,33.333333333333336
2024,21401,rural,27,hombre,124,210,59.04761904761905
2024,21401,rural,27,mujer,54,180,30.0
2024,21401,rural,28,hombre,106,199,53.266331658291456
2024,21401,rural,28,mujer,59,164,35.97560975609756
2024,21401,urbana,16,hombre,3,18,16.666666666666668
2024,21401,urbana,16,mujer,1,14,7.142857142857143
2024,21401,urbana,17,hombre,0,16,0.0
2024,21401,urbana,17,mujer,3,19,15.789473684210526
2024,21401,urbana,18,hombre,1,15,6.666666666666667
2024,21401,urbana,18,mujer,4,20,20.0
2024,21401,urbana,19,hombre,2,16,12.5
2024,21401,urbana,19,mujer,3,15,20.0
2024,21401,urbana,20,hombre,1,15,6.666666666666667
2024,21401,urbana,20,mujer,4,29,13.793103448275861
2024,21401,urbana,21,hombre,4,11,36.36363636363637
2024,21401,urbana,21,mujer,4,20,20.0
2024,21401,urbana,22,hombre,6,24,25.0
2024,21401,urbana,22,mujer,3,16,18.75
2024,21401,urbana,23,hombre,6,23,26.08695652173913
2024,21401,urbana,23,mujer,5,14,35.714285714285715
2024,21401,urbana,24,hombre,6,20,30.0
2024,21401,urbana,24,mujer,9,20,45.0
2024,21401,urbana,25,hombre,4,12,33.333333333333336
2024,21401,urbana,25,mujer,3,31,9.67741935483871
2024,21401,urbana,26,hombre,11,23,47.82608695652174
2024,21401,urbana,26,mujer,9,18,50.0
2024,21401,urbana,27,hombre,3,13,23.076923076923077
2024,21401,urbana,27,mujer,6,22,27.272727272727273
2024,21401,urbana,28,hombre,5,14,35.714285714285715
2024,21401,urbana,28,mujer,5,14,35.714285714285715
2024,21402,rural,16,hombre,10,171,5.847953216374269
2024,21402,rural,16,mujer,13,176,7.386363636363637
2024,21402,rural,17,hombre,26,164,15.853658536585366
2024,21402,rural,17,mujer,14,178,7.865168539325842
2024,21402,rural,18,hombre,29,147,19.727891156462587
2024,21402,rural,18,mujer,20,171,11.695906432748538
2024,21402,rural,19,hombre,40,161,24.84472049689441
2024,21402,rural,19,mujer,27,149,18.120805369127517
2024,21402,rural,20,hombre,52,170,30.58823529411765
2024,21402,rural,20,mujer,24,156,15.384615384615385
2024,21402,rural,21,hombre,50,164,30.48780487804878
2024,21402,rural,21,mujer,28,134,20.895522388059703
2024,21402,rural,22,hombre,65,189,34.39153439153439
2024,21402,rural,22,mujer,22,114,19.29824561403509
2024,21402,rural,23,hombre,65,150,43.333333333333336
2024,21402,rural,23,mujer,49,185,26.486486486486488
2024,21402,rural,24,hombre,94,202,46.53465346534654
2024,21402,rural,24,mujer,55,185,29.72972972972973
2024,21402,rural,25,hombre,87,177,49.152542372881356
2024,21402,rural,25,mujer,66,198,33.333333333333336
2024,21402,rural,26,hombre,95,182,52.1978021978022
2024,21402,rural,26,mujer,62,177,35.02824858757062
2024,21402,rural,27,hombre,100,163,61.34969325153374
2024,21402,rural,27,mujer,59,181,32.59668508287293
2024,21402,rural,28,hombre,94,165,56.96969696969697
2024,21402,rural,28,mujer,57,187,30.481283422459892
2024,21402,urbana,16,hombre,2,25,8.0
2024,21402,urbana,16,mujer,4,33,12.121212121212121
2024,21402,urbana,17,hombre,0,34,0.0
2024,21402,urbana,17,mujer,1,18,5.555555555555555
2024,21402,urbana,18,hombre,4,21,19.047619047619047
2024,21402,urbana,18,mujer,3,30,10.0
2024,21402,urbana,19,hombre,3,18,16.666666666666668
2024,21402,urbana,19,mujer,1,15,6.666666666666667
2024,21402,urbana,20,hombre,4,25,16.0
2024,21402,urbana,20,mujer,2,20,10.0
2024,21402,urbana,21,hombre,3,20,15.0
2024,21402,urbana,21,mujer,2,16,12.5
2024,21402,urbana,22,hombre,3,12,25.0
2024,21402,urbana,22,mujer,5,18,27.77777777777778
2024,21402,urbana,23,hombre,11,25,44.0
2024,21402,urbana,23,mujer,6,22,27.272727272727273
2024,21402,urbana,24,hombre,12,25,48.0
2024,21402,urbana,24,mujer,1,22,4.545454545454546
2024,21402,urbana,25,hombre,7,16,43.75
2024,21402,urbana,25,mujer,4,16,25.0
2024,21402,urbana,26,hombre,8,19,42.10526315789474
2024,21402,urbana,26,mujer,11,19,57.89473684210526
2024,21402,urbana,27,hombre,8,16,50.0
2024,21402,urbana,27,mujer,4,21,19.047619047619047
2024,21402,urbana,28,hombre,11,23,47.82608695652174
2024,21402,urbana,28,mujer,4,18,22.22222222222222
2024,21501,rural,16,hombre,2,63,3.1746031746031744
2024,21501,rural,16,mujer,3,60,5.0
2024,21501,rural,17,hombre,6,65,9.23076923076923
2024,21501,rural,17,mujer,0,57,0.0
2024,21501,rural,18,hombre,8,44,18.181818181818183
2024,21501,rural,18,mujer,4,50,8.0
2024,21501,rural,19,hombre,5,47,10.638297872340425
2024,21501,rural,19,mujer,2,41,4.878048780487805
2024,21501,rural,20,hombre,14,57,24.56140350877193
2024,21501,rural,20,mujer,2,49,4.081632653061225
2024,21501,rural,21,hombre,19,52,36.53846153846154
2024,21501,rural,21,mujer,10,42,23.80952380952381
2024,21501,rural,22,hombre,21,56,37.5
2024,21501,rural,22,mujer,5,39,12.820512820512821
2024,21501,rural,23,hombre,25,56,44.642857142857146
2024,21501,rural,23,mujer,7,55,12.727272727272727
2024,21501,rural,24,hombre,35,65,53.84615384615385
2024,21501,rural,24,mujer,13,64,20.3125
2024,21501,rural,25,hombre,32,54,59.25925925925926
2024,21501,rural,25,mujer,5,58,8.620689655172415
2024,21501,rural,26,hombre,38,73,52.054794520547944
2024,21501,rural,26,mujer,9,40,22.5
2024,21501,rural,27,hombre,33,68,48.529411764705884
2024,21501,rural,27,mujer,16,50,32.0
2024,21501,rural,28,hombre,38,55,69.0909090909091
2024,21501,rural,28,mujer,4,40,10.0
2024,21501,urbana,16,hombre,5,46,10.869565217391305
2024,21501,urbana,16,mujer,3,41,7.317073170731708
2024,21501,urbana,17,hombre,7,37,18.91891891891892
2024,21501,urbana,17,mujer,5,42,11.904761904761905
2024,21501,urbana,18,hombre,6,38,15.789473684210526
2024,21501,urbana,18,mujer,4,25,16.0
2024,21501,urbana,19,hombre,6,25,24.0
2024,21501,urbana,19,mujer,12,26,46.15384615384615
2024,21501,urbana,20,hombre,3,17,17.647058823529413
2024,21501,urbana,20,mujer,0,19,0.0
2024,21501,urbana,21,hombre,10,27,37.03703703703704
2024,21501,urbana,21,mujer,3,21,14.285714285714286
2024,21501,urbana,22,hombre,12,28,42.857142857142854
2024,21501,urbana,22,mujer,4,21,19.047619047619047
2024,21501,urbana,23,hombre,9,29,31.03448275862069
2024,21501,urbana,23,mujer,9,30,30.0
2024,21501,urbana,24,hombre,12,35,34.285714285714285
2024,21501,urbana,24,mujer,15,46,32.608695652173914
2024,21501,urbana,25,hombre,17,32,53.125
2024,21501,urbana,25,mujer,11,33,33.333333333333336
2024,21501,urbana,26,hombre,7,22,31.818181818181817
2024,21501,urbana,26,mujer,15,37,40.54054054054054
2024,21501,urbana,27,hombre,15,30,50.0
2024,21501,urbana,27,mujer,12,40,30.0
2024,21501,urbana,28,hombre,17,32,53.125
2024,21501,urbana,28,mujer,9,35,25.714285714285715
2024,21502,rural,16,hombre,5,58,8.620689655172415
2024,21502,rural,16,mujer,4,70,5.714285714285714
2024,21502,rural,17,hombre,6,36,16.666666666666668
2024,21502,rural,17,mujer,4,38,10.526315789473685
2024,21502,rural,18,hombre,3,27,11.11111111111111
2024,21502,rural,18,mujer,2,44,4.545454545454546
2024,21502,rural,19,hombre,6,27,22.22222222222222
2024,21502,rural,19,mujer,8,46,17.391304347826086
2024,21502,rural,20,hombre,8,32,25.0
2024,21502,rural,20,mujer,4,22,18.181818181818183
2024,21502,rural,21,hombre,10,31,32.25806451612903
2024,21502,rural,21,mujer,2,30,6.666666666666667
2024,21502,rural,22,hombre,11,34,32.35294117647059
2024,21502,rural,22,mujer,9,35,25.714285714285715
2024,21502,rural,23,hombre,12,44,27.272727272727273
2024,21502,rural,23,mujer,12,41,29.26829268292683
2024,21502,rural,24,hombre,25,55,45.45454545454545
2024,21502,rural,24,mujer,7,42,16.666666666666668
2024,21502,rural,25,hombre,29,47,61.702127659574465
2024,21502,rural,25,mujer,17,40,42.5
2024,21502,rural,26,hombre,20,36,55.55555555555556
2024,21502,rural,26,mujer,7,35,20.0
2024,21502,rural,27,hombre,28,37,75.67567567567568
2024,21502,rural,27,mujer,10,40,25.0
2024,21502,rural,28,hombre,20,36,55.55555555555556
2024,21502,rural,28,mujer,13,40,32.5
2024,21502,urbana,16,hombre,3,41,7.317073170731708
2024,21502,urbana,16,mujer,2,48,4.166666666666667
2024,21502,urbana,17,hombre,2,37,5.405405405405405
2024,21502,urbana,17,mujer,2,56,3.5714285714285716
2024,21502,urbana,18,hombre,1,22,4.545454545454546
2024,21502,urbana,18,mujer,8,36,22.22222222222222
2024,21502,urbana,19,hombre,2,23,8.695652173913043
2024,21502,urbana,19,mujer,3,31,9.67741935483871
2024,21502,urbana,20,hombre,2,29,6.896551724137931
2024,21502,urbana,20,mujer,3,37,8.108108108108109
2024,21502,urbana,21,hombre,5,22,22.727272727272727
2024,21502,urbana,21,mujer,3,30,10.0
2024,21502,urbana,22,hombre,3,23,13.043478260869565
2024,21502,urbana,22,mujer,5,34,14.705882352941176
2024,21502,urbana,23,hombre,15,39,38.46153846153846
2024,21502,urbana,23,mujer,6,38,15.789473684210526
2024,21502,urbana,24,hombre,10,30,33.333333333333336
2024,21502,urbana,24,mujer,7,38,18.42105263157895
2024,21502,urbana,25,hombre,13,23,56.52173913043478
2024,21502,urbana,25,mujer,7,30,23.333333333333332
2024,21502,urbana,26,hombre,13,30,43.333333333333336
2024,21502,urbana,26,mujer,3,37,8.108108108108109
2024,21502,urbana,27,hombre,13,26,50.0
2024,21502,urbana,27,mujer,6,23,26.08695652173913
2024,21502,urbana,28,hombre,14,32,43.75
2024,21502,urbana,28,mujer,6,33,18.181818181818183
2024,21601,rural,16,hombre,12,100,12.0
2024,21601,rural,16,mujer,7,114,6.140350877192983
2024,21601,rural,17,hombre,13,107,12.149532710280374
2024,21601,rural,17,mujer,7,122,5.737704918032787
2024,21601,rural,18,hombre,10,87,11.494252873563218
2024,21601,rural,18,mujer,13,102,12.745098039215685
2024,21601,rural,19,hombre,20,96,20.833333333333332
2024,21601,rural,19,mujer,20,106,18.867924528301888
2024,21601,rural,20,hombre,41,126,32.53968253968254
2024,21601,rural,20,mujer,13,123,10.56910569105691
2024,21601,rural,21,hombre,22,90,24.444444444444443
2024,21601,rural,21,mujer,6,104,5.769230769230769
2024,21601,rural,22,hombre,36,109,33.027522935779814
2024,21601,rural,22,mujer,19,102,18.627450980392158
2024,21601,rural,23,hombre,60,132,45.45454545454545
2024,21601,rural,23,mujer,28,129,21.705426356589147
2024,21601,rural,24,hombre,64,139,46.0431654676259
2024,21601,rural,24,mujer,28,129,21.705426356589147
2024,21601,rural,25,hombre,63,120,52.5
2024,21601,rural,25,mujer,29,102,28.431372549019606
2024,21601,rural,26,hombre,74,132,56.06060606060606
2024,21601,rural,26,mujer,26,111,23.423423423423422
2024,21601,rural,27,hombre,71,120,59.166666666666664
2024,21601,rural,27,mujer,30,107,28.037383177570092
2024,21601,rural,28,hombre,66,118,55.932203389830505
2024,21601,rural,28,mujer,19,87,21.839080459770116
2024,21601,urbana,16,hombre,1,24,4.166666666666667
2024,21601,urbana,16,mujer,0,28,0.0
2024,21601,urbana,17,hombre,0,30,0.0
2024,21601,urbana,17,mujer,2,14,14.285714285714286
2024,21601,urbana,18,hombre,2,31,6.451612903225806
2024,21601,urbana,18,mujer,0,27,0.0
2024,21601,urbana,19,hombre,2,27,7.407407407407407
2024,21601,urbana,19,mujer,5,27,18.51851851851852
2024,21601,urbana,20,hombre,0,21,0.0
2024,21601,urbana,20,mujer,2,18,11.11111111111111
2024,21601,urbana,21,hombre,3,19,15.789473684210526
2024,21601,urbana,21,mujer,2,16,12.5
2024,21601,urbana,22,hombre,3,29,10.344827586206897
2024,21601,urbana,22,mujer,2,23,8.695652173913043
2024,21601,urbana,23,hombre,4,18,22.22222222222222
2024,21601,urbana,23,mujer,6,21,28.571428571428573
2024,21601,urbana,24,hombre,8,40,20.0
2024,21601,urbana,24,mujer,1,25,4.0
2024,21601,urbana,25,hombre,5,25,20.0
2024,21601,urbana,25,mujer,2,12,16.666666666666668
2024,21601,urbana,26,hombre,8,33,24.242424242424242
2024,21601,urbana,26,mujer,4,25,16.0
2024,21601,urbana,27,hombre,5,24,20.833333333333332
2024,21601,urbana,27,mujer,5,28,17.857142857142858
2024,21601,urbana,28,hombre,3,21,14.285714285714286
2024,21601,urbana,28,mujer,3,22,13.636363636363637
2024,21602,rural,16,hombre,5,71,7.042253521126761
2024,21602,rural,16,mujer,3,41,7.317073170731708
2024,21602,rural,17,hombre,6,82,7.317073170731708
2024,21602,rural,17,mujer,2,62,3.225806451612903
2024,21602,rural,18,hombre,8,56,14.285714285714286
2024,21602,rural,18,mujer,4,60,6.666666666666667
2024,21602,rural,19,hombre,16,66,24.242424242424242
2024,21602,rural,19,mujer,3,67,4.477611940298507
2024,21602,rural,20,hombre,28,87,32.18390804597701
2024,21602,rural,20,mujer,8,61,13.114754098360656
2024,21602,rural,21,hombre,22,64,34.375
2024,21602,rural,21,mujer,7,58,12.068965517241379
2024,21602,rural,22,hombre,19,74,25.675675675675677
2024,21602,rural,22,mujer,10,74,13.513513513513514
2024,21602,rural,23,hombre,28,61,45.90163934426229
2024,21602,rural,23,mujer,13,70,18.571428571428573
2024,21602,rural,24,hombre,25,73,34.24657534246575
2024,21602,rural,24,mujer,4,64,6.25
2024,21602,rural,25,hombre,35,81,43.20987654320987
2024,21602,rural,25,mujer,13,67,19.402985074626866
2024,21602,rural,26,hombre,23,53,43.39622641509434
2024,21602,rural,26,mujer,8,50,16.0
2024,21602,rural,27,hombre,21,49,42.857142857142854
2024,21602,rural,27,mujer,8,42,19.047619047619047
2024,21602,rural,28,hombre,36,64,56.25
2024,21602,rural,28,mujer,12,64,18.75
2024,21701,rural,16,hombre,3,95,3.1578947368421053
2024,21701,rural,16,mujer,2,92,2.1739130434782608
2024,21701,rural,17,hombre,6,80,7.5
2024,21701,rural,17,mujer,4,66,6.0606060606060606
2024,21701,rural,18,hombre,8,59,13.559322033898304
2024,21701,rural,18,mujer,5,79,6.329113924050633
2024,21701,rural,19,hombre,4,64,6.25
2024,21701,rural,19,mujer,2,64,3.125
2024,21701,rural,20,hombre,8,77,10.38961038961039
2024,21701,rural,20,mujer,4,72,5.555555555555555
2024,21701,rural,21,hombre,13,87,14.942528735632184
2024,21701,rural,21,mujer,3,52,5.769230769230769
2024,21701,rural,22,hombre,12,62,19.35483870967742
2024,21701,rural,22,mujer,3,83,3.6144578313253013
2024,21701,rural,23,hombre,22,91,24.175824175824175
2024,21701,rural,23,mujer,10,88,11.363636363636363
2024,21701,rural,24,hombre,22,74,29.72972972972973
2024,21701,rural,24,mujer,8,64,12.5
2024,21701,rural,25,hombre,22,70,31.428571428571427
2024,21701,rural,25,mujer,7,78,8.974358974358974
2024,21701,rural,26,hombre,21,60,35.0
2024,21701,rural,26,mujer,10,97,10.309278350515465
2024,21701,rural,27,hombre,24,78,30.76923076923077
2024,21701,rural,27,mujer,18,81,22.22222222222222
2024,21701,rural,28,hombre,29,73,39.726027397260275
2024,21701,rural,28,mujer,19,69,27.536231884057973
2024,21701,urbana,16,hombre,6,43,13.953488372093023
2024,21701,urbana,16,mujer,6,62,9.67741935483871
2024,21701,urbana,17,hombre,1,51,1.9607843137254901
2024,21701,urbana,17,mujer,2,45,4.444444444444445
2024,21701,urbana,18,hombre,8,48,16.666666666666668
2024,21701,urbana,18,mujer,6,52,11.538461538461538
2024,21701,urbana,19,hombre,12,51,23.529411764705884
2024,21701,urbana,19,mujer,9,47,19.148936170212767
2024,21701,urbana,20,hombre,5,47,10.638297872340425
2024,21701,urbana,20,mujer,2,39,5.128205128205129
2024,21701,urbana,21,hombre,8,37,21.62162162162162
2024,21701,urbana,21,mujer,4,45,8.88888888888889
2024,21701,urbana,22,hombre,8,45,17.77777777777778
2024,21701,urbana,22,mujer,9,34,26.470588235294116
2024,21701,urbana,23,hombre,13,43,30.232558139534884
2024,21701,urbana,23,mujer,11,39,28.205128205128204
2024,21701,urbana,24,hombre,12,40,30.0
2024,21701,urbana,24,mujer,12,46,26.08695652173913
2024,21701,urbana,25,hombre,14,43,32.55813953488372
2024,21701,urbana,25,mujer,9,46,19.565217391304348
2024,21701,urbana,26,hombre,21,43,48.83720930232558
2024,21701,urbana,26,mujer,9,38,23.68421052631579
2024,21701,urbana,27,hombre,27,56,48.214285714285715
2024,21701,urbana,27,mujer,11,45,24.444444444444443
2024,21701,urbana,28,hombre,27,45,60.0
2024,21701,urbana,28,mujer,12,41,29.26829268292683
2024,21702,rural,16,hombre,3,55,5.454545454545454
2024,21702,rural,16,mujer,0,43,0.0
2024,21702,rural,17,hombre,1,47,2.127659574468085
2024,21702,rural,17,mujer,4,46,8.695652173913043
2024,21702,rural,18,hombre,2,45,4.444444444444445
2024,21702,rural,18,mujer,2,59,3.389830508474576
2024,21702,rural,19,hombre,4,44,9.090909090909092
2024,21702,rural,19,mujer,5,52,9.615384615384615
2024,21702,rural,20,hombre,8,58,13.793103448275861
2024,21702,rural,20,mujer,3,45,6.666666666666667
2024,21702,rural,21,hombre,7,47,14.893617021276595
2024,21702,rural,21,mujer,5,44,11.363636363636363
2024,21702,rural,22,hombre,9,52,17.307692307692307
2024,21702,rural,22,mujer,6,46,13.043478260869565
2024,21702,rural,23,hombre,18,75,24.0
2024,21702,rural,23,mujer,7,64,10.9375
2024,21702,rural,24,hombre,16,52,30.76923076923077
2024,21702,rural,24,mujer,11,49,22.448979591836736
2024,21702,rural,25,hombre,23,59,38.983050847457626
2024,21702,rural,25,mujer,19,49,38.775510204081634
2024,21702,rural,26,hombre,19,63,30.158730158730158
2024,21702,rural,26,mujer,8,33,24.242424242424242
2024,21702,rural,27,hombre,18,50,36.0
2024,21702,rural,27,mujer,10,52,19.23076923076923
2024,21702,rural,28,hombre,23,38,60.526315789473685
2024,21702,rural,28,mujer,9,54,16.666666666666668
2024,21703,rural,16,hombre,0,39,0.0
2024,21703,rural,16,mujer,0,17,0.0
2024,21703,rural,17,hombre,0,24,0.0
2024,21703,rural,17,mujer,0,32,0.0
2024,21703,rural,18,hombre,1,29,3.4482758620689653
2024,21703,rural,18,mujer,1,16,6.25
2024,21703,rural,19,hombre,2,29,6.896551724137931
2024,21703,rural,19,mujer,2,18,11.11111111111111
2024,21703,rural,20,hombre,1,28,3.5714285714285716
2024,21703,rural,20,mujer,3,36,8.333333333333334
2024,21703,rural,21,hombre,4,29,13.793103448275861
2024,21703,rural,21,mujer,2,22,9.090909090909092
2024,21703,rural,22,hombre,5,35,14.285714285714286
2024,21703,rural,22,mujer,1,24,4.166666666666667
2024,21703,rural,23,hombre,3,37,8.108108108108109
2024,21703,rural,23,mujer,1,28,3.5714285714285716
2024,21703,rural,24,hombre,6,32,18.75
2024,21703,rural,24,mujer,1,37,2.7027027027027026
2024,21703,rural,25,hombre,5,34,14.705882352941176
2024,21703,rural,25,mujer,2,21,9.523809523809524
2024,21703,rural,26,hombre,5,38,13.157894736842104
2024,21703,rural,26,mujer,5,32,15.625
2024,21703,rural,27,hombre,9,44,20.454545454545453
2024,21703,rural,27,mujer,4,26,15.384615384615385
2024,21703,rural,28,hombre,5,40,12.5
2024,21703,rural,28,mujer,10,39,25.641025641025642
2024,21703,urbana,16,hombre,0,16,0.0
2024,21703,urbana,16,mujer,1,26,3.8461538461538463
2024,21703,urbana,17,hombre,1,25,4.0
2024,21703,urbana,17,mujer,0,21,0.0
2024,21703,urbana,18,hombre,0,32,0.0
2024,21703,urbana,18,mujer,2,20,10.0
2024,21703,urbana,19,hombre,2,14,14.285714285714286
2024,21703,urbana,19,mujer,1,15,6.666666666666667
2024,21703,urbana,20,hombre,1,21,4.761904761904762
2024,21703,urbana,20,mujer,0,20,0.0
2024,21703,urbana,21,hombre,1,20,5.0
2024,21703,urbana,21,mujer,1,15,6.666666666666667
2024,21703,urbana,22,hombre,0,23,0.0
2024,21703,urbana,22,mujer,1,19,5.2631578947368425
2024,21703,urbana,23,hombre,1,30,3.3333333333333335
2024,21703,urbana,23,mujer,1,24,4.166666666666667
2024,21703,urbana,24,hombre,1,30,3.3333333333333335
2024,21703,urbana,24,mujer,3,23,13.043478260869565
2024,21703,urbana,25,hombre,3,27,11.11111111111111
2024,21703,urbana,25,mujer,2,29,6.896551724137931
2024,21703,urbana,26,hombre,0,25,0.0
2024,21703,urbana,26,mujer,4,23,17.391304347826086
2024,21703,urbana,27,hombre,2,27,7.407407407407407
2024,21703,urbana,27,mujer,0,14,0.0
2024,21703,urbana,28,hombre,2,27,7.407407407407407
2024,21703,urbana,28,mujer,4,31,12.903225806451612
2024,21801,rural,16,hombre,2,76,2.6315789473684212
2024,21801,rural,16,mujer,1,48,2.0833333333333335
2024,21801,rural,17,hombre,1,55,1.8181818181818181
2024,21801,rural,17,mujer,4,62,6.451612903225806
2024,21801,rural,18,hombre,7,59,11.864406779661017
2024,21801,rural,18,mujer,8,56,14.285714285714286
2024,21801,rural,19,hombre,17,71,23.943661971830984
2024,21801,rural,19,mujer,8,63,12.698412698412698
2024,21801,rural,20,hombre,11,45,24.444444444444443
2024,21801,rural,20,mujer,4,52,7.6923076923076925
2024,21801,rural,21,hombre,19,62,30.64516129032258
2024,21801,rural,21,mujer,7,63,11.11111111111111
2024,21801,rural,22,hombre,17,71,23.943661971830984
2024,21801,rural,22,mujer,9,67,13.432835820895523
2024,21801,rural,23,hombre,27,85,31.764705882352942
2024,21801,rural,23,mujer,10,69,14.492753623188406
2024,21801,rural,24,hombre,29,85,34.11764705882353
2024,21801,rural,24,mujer,13,75,17.333333333333332
2024,21801,rural,25,hombre,34,70,48.57142857142857
2024,21801,rural,25,mujer,12,69,17.391304347826086
2024,21801,rural,26,hombre,34,73,46.57534246575342
2024,21801,rural,26,mujer,8,58,13.793103448275861
2024,21801,rural,27,hombre,33,73,45.205479452054796
2024,21801,rural,27,mujer,16,74,21.62162162162162
2024,21801,rural,28,hombre,30,66,45.45454545454545
2024,21801,rural,28,mujer,5,50,10.0
2024,21802,rural,16,hombre,3,58,5.172413793103448
2024,21802,rural,16,mujer,1,59,1.694915254237288
2024,21802,rural,17,hombre,2,30,6.666666666666667
2024,21802,rural,17,mujer,4,57,7.017543859649122
2024,21802,rural,18,hombre,4,31,12.903225806451612
2024,21802,rural,18,mujer,8,36,22.22222222222222
2024,21802,rural,19,hombre,9,43,20.930232558139537
2024,21802,rural,19,mujer,5,34,14.705882352941176
2024,21802,rural,20,hombre,15,42,35.714285714285715
2024,21802,rural,20,mujer,6,44,13.636363636363637
2024,21802,rural,21,hombre,13,43,30.232558139534884
2024,21802,rural,21,mujer,8,37,21.62162162162162
2024,21802,rural,22,hombre,18,39,46.15384615384615
2024,21802,rural,22,mujer,7,45,15.555555555555555
2024,21802,rural,23,hombre,32,64,50.0
2024,21802,rural,23,mujer,22,62,35.483870967741936
2024,21802,rural,24,hombre,32,63,50.79365079365079
2024,21802,rural,24,mujer,3,39,7.6923076923076925
2024,21802,rural,25,hombre,21,51,41.1764705882353
2024,21802,rural,25,mujer,5,33,15.151515151515152
2024,21802,rural,26,hombre,21,42,50.0
2024,21802,rural,26,mujer,12,41,29.26829268292683
2024,21802,rural,27,hombre,36,58,62.06896551724138
2024,21802,rural,27,mujer,15,40,37.5
2024,21802,rural,28,hombre,30,54,55.55555555555556
2024,21802,rural,28,mujer,14,45,31.11111111111111
2024,21803,rural,16,hombre,2,11,18.181818181818183
2024,21803,rural,16,mujer,0,16,0.0
2024,21803,rural,17,hombre,0,15,0.0
2024,21803,rural,17,mujer,2,10,20.0
2024,21803,rural,18,hombre,3,17,17.647058823529413
2024,21803,rural,18,mujer,1,13,7.6923076923076925
2024,21803,rural,19,hombre,1,5,20.0
2024,21803,rural,19,mujer,2,12,16.666666666666668
2024,21803,rural,20,hombre,3,20,15.0
2024,21803,rural,20,mujer,3,17,17.647058823529413
2024,21803,rural,21,hombre,5,6,83.33333333333333
2024,21803,rural,21,mujer,4,20,20.0
2024,21803,rural,22,hombre,10,20,50.0
2024,21803,rural,22,mujer,2,9,22.22222222222222
2024,21803,rural,23,hombre,8,18,44.44444444444444
2024,21803,rural,23,mujer,4,18,22.22222222222222
2024,21803,rural,24,hombre,9,14,64.28571428571429
2024,21803,rural,24,mujer,5,14,35.714285714285715
2024,21803,rural,25,hombre,9,15,60.0
2024,21803,rural,25,mujer,5,11,45.45454545454545
2024,21803,rural,26,hombre,12,15,80.0
2024,21803,rural,26,mujer,3,16,18.75
2024,21803,rural,27,hombre,8,13,61.53846153846154
2024,21803,rural,27,mujer,9,20,45.0
2024,21803,rural,28,hombre,9,14,64.28571428571429
2024,21803,rural,28,mujer,2,10,20.0
2024,21901,rural,16,hombre,8,55,14.545454545454545
2024,21901,rural,16,mujer,6,43,13.953488372093023
2024,21901,rural,17,hombre,8,54,14.814814814814815
2024,21901,rural,17,mujer,12,54,22.22222222222222
2024,21901,rural,18,hombre,8,31,25.806451612903224
2024,21901,rural,18,mujer,7,43,16.27906976744186
2024,21901,rural,19,hombre,17,50,34.0
2024,21901,rural,19,mujer,13,41,31.70731707317073
2024,21901,rural,20,hombre,20,47,42.5531914893617
2024,21901,rural,20,mujer,11,42,26.19047619047619
2024,21901,rural,21,hombre,9,36,25.0
2024,21901,rural,21,mujer,11,36,30.555555555555557
2024,21901,rural,22,hombre,15,55,27.272727272727273
2024,21901,rural,22,mujer,13,41,31.70731707317073
2024,21901,rural,23,hombre,18,47,38.297872340425535
2024,21901,rural,23,mujer,11,51,21.568627450980394
2024,21901,rural,24,hombre,17,37,45.945945945945944
2024,21901,rural,24,mujer,21,39,53.84615384615385
2024,21901,rural,25,hombre,22,56,39.285714285714285
2024,21901,rural,25,mujer,15,48,31.25
2024,21901,rural,26,hombre,19,62,30.64516129032258
2024,21901,rural,26,mujer,16,44,36.36363636363637
2024,21901,rural,27,hombre,26,47,55.319148936170215
2024,21901,rural,27,mujer,16,50,32.0
2024,21901,rural,28,hombre,18,45,40.0
2024,21901,rural,28,mujer,27,61,44.26229508196721
2024,21902,rural,16,hombre,3,48,6.25
2024,21902,rural,16,mujer,3,31,9.67741935483871
2024,21902,rural,17,hombre,5,39,12.820512820512821
2024,21902,rural,17,mujer,6,53,11.320754716981131
2024,21902,rural,18,hombre,7,48,14.583333333333334
2024,21902,rural,18,mujer,6,48,12.5
2024,21902,rural,19,hombre,4,47,8.51063829787234
2024,21902,rural,19,mujer,9,45,20.0
2024,21902,rural,20,hombre,10,54,18.51851851851852
2024,21902,rural,20,mujer,6,33,18.181818181818183
2024,21902,rural,21,hombre,10,38,26.31578947368421
2024,21902,rural,21,mujer,5,37,13.513513513513514
2024,21902,rural,22,hombre,9,39,23.076923076923077
2024,21902,rural,22,mujer,8,55,14.545454545454545
2024,21902,rural,23,hombre,15,54,27.77777777777778
2024,21902,rural,23,mujer,21,59,35.59322033898305
2024,21902,rural,24,hombre,26,64,40.625
2024,21902,rural,24,mujer,16,60,26.666666666666668
2024,21902,rural,25,hombre,20,61,32.78688524590164
2024,21902,rural,25,mujer,14,64,21.875
2024,21902,rural,26,hombre,28,54,51.851851851851855
2024,21902,rural,26,mujer,10,43,23.25581395348837
2024,21902,rural,27,hombre,30,53,56.60377358490566
2024,21902,rural,27,mujer,11,40,27.5
2024,21902,rural,28,hombre,19,49,38.775510204081634
2024,21902,rural,28,mujer,12,45,26.666666666666668
2024,22001,rural,16,hombre,40,336,11.904761904761905
2024,22001,rural,16,mujer,46,303,15.181518151815181
2024,22001,rural,17,hombre,40,296,13.513513513513514
2024,22001,rural,17,mujer,43,286,15.034965034965035
2024,22001,rural,18,hombre,41,253,16.205533596837945
2024,22001,rural,18,mujer,49,310,15.806451612903226
2024,22001,rural,19,hombre,69,292,23.63013698630137
2024,22001,rural,19,mujer,43,303,14.191419141914192
2024,22001,rural,20,hombre,65,311,20.90032154340836
2024,22001,rural,20,mujer,64,334,19.161676646706585
2024,22001,rural,21,hombre,93,348,26.724137931034484
2024,22001,rural,21,mujer,71,307,23.127035830618894
2024,22001,rural,22,hombre,87,334,26.047904191616766
2024,22001,rural,22,mujer,86,335,25.671641791044777
2024,22001,rural,23,hombre,108,358,30.16759776536313
2024,22001,rural,23,mujer,95,395,24.050632911392405
2024,22001,rural,24,hombre,129,362,35.6353591160221
2024,22001,rural,24,mujer,94,333,28.22822822822823
2024,22001,rural,25,hombre,146,361,40.443213296398895
2024,22001,rural,25,mujer,107,341,31.378299120234605
2024,22001,rural,26,hombre,155,319,48.58934169278997
2024,22001,rural,26,mujer,97,307,31.596091205211728
2024,22001,rural,27,hombre,149,320,46.5625
2024,22001,rural,27,mujer,111,332,33.433734939759034
2024,22001,rural,28,hombre,173,351,49.287749287749286
2024,22001,rural,28,mujer,115,322,35.714285714285715
2024,22001,urbana,16,hombre,32,165,19.393939393939394
2024,22001,urbana,16,mujer,24,186,12.903225806451612
2024,22001,urbana,17,hombre,38,182,20.87912087912088
2024,22001,urbana,17,mujer,38,193,19.689119170984455
2024,22001,urbana,18,hombre,35,134,26.119402985074625
2024,22001,urbana,18,mujer,49,194,25.257731958762886
2024,22001,urbana,19,hombre,40,160,25.0
2024,22001,urbana,19,mujer,63,186,33.87096774193548
2024,22001,urbana,20,hombre,47,155,30.322580645161292
2024,22001,urbana,20,mujer,62,194,31.95876288659794
2024,22001,urbana,21,hombre,74,182,40.65934065934066
2024,22001,urbana,21,mujer,79,187,42.24598930481283
2024,22001,urbana,22,hombre,84,188,44.680851063829785
2024,22001,urbana,22,mujer,60,174,34.48275862068966
2024,22001,urbana,23,hombre,60,176,34.09090909090909
2024,22001,urbana,23,mujer,83,218,38.07339449541284
2024,22001,urbana,24,hombre,103,226,45.575221238938056
2024,22001,urbana,24,mujer,99,239,41.42259414225941
2024,22001,urbana,25,hombre,81,175,46.285714285714285
2024,22001,urbana,25,mujer,77,191,40.31413612565445
2024,22001,urbana,26,hombre,93,165,56.36363636363637
2024,22001,urbana,26,mujer,85,215,39.53488372093023
2024,22001,urbana,27,hombre,95,162,58.641975308641975
2024,22001,urbana,27,mujer,83,189,43.91534391534392
2024,22001,urbana,28,hombre,89,150,59.333333333333336
2024,22001,urbana,28,mujer,104,203,51.23152709359606
2024,22002,rural,16,hombre,19,87,21.839080459770116
2024,22002,rural,16,mujer,33,106,31.132075471698112
2024,22002,rural,17,hombre,29,85,34.11764705882353
2024,22002,rural,17,mujer,20,85,23.529411764705884
2024,22002,rural,18,hombre,33,72,45.833333333333336
2024,22002,rural,18,mujer,28,85,32.94117647058823
2024,22002,rural,19,hombre,31,72,43.05555555555556
2024,22002,rural,19,mujer,23,76,30.263157894736842
2024,22002,rural,20,hombre,45,111,40.54054054054054
2024,22002,rural,20,mujer,26,68,38.23529411764706
2024,22002,rural,21,hombre,32,92,34.78260869565217
2024,22002,rural,21,mujer,30,76,39.473684210526315
2024,22002,rural,22,hombre,32,80,40.0
2024,22002,rural,22,mujer,28,85,32.94117647058823
2024,22002,rural,23,hombre,60,105,57.142857142857146
2024,22002,rural,23,mujer,15,70,21.428571428571427
2024,22002,rural,24,hombre,37,78,47.43589743589744
2024,22002,rural,24,mujer,35,86,40.69767441860465
2024,22002,rural,25,hombre,47,91,51.64835164835165
2024,22002,rural,25,mujer,38,96,39.583333333333336
2024,22002,rural,26,hombre,44,96,45.833333333333336
2024,22002,rural,26,mujer,33,71,46.478873239436616
2024,22002,rural,27,hombre,49,88,55.68181818181818
2024,22002,rural,27,mujer,35,84,41.666666666666664
2024,22002,rural,28,hombre,47,78,60.256410256410255
2024,22002,rural,28,mujer,38,71,53.521126760563384
2024,30101,rural,16,mujer,0,1,0.0
2024,30101,rural,17,hombre,1,1,100.0
2024,30101,rural,19,hombre,0,1,0.0
2024,30101,rural,21,hombre,1,2,50.0
2024,30101,rural,24,hombre,1,1,100.0
2024,30101,rural,26,mujer,1,1,100.0
2024,30101,urbana,16,hombre,269,5697,4.721783394769177
2024,30101,urbana,16,mujer,217,5576,3.8916786226685796
2024,30101,urbana,17,hombre,371,5592,6.63447782546495
2024,30101,urbana,17,mujer,321,5850,5.487179487179487
2024,30101,urbana,18,hombre,556,5340,10.411985018726591
2024,30101,urbana,18,mujer,579,5795,9.99137187230371
2024,30101,urbana,19,hombre,767,5453,14.065651934714836
2024,30101,urbana,19,mujer,770,5956,12.92813969106783
2024,30101,urbana,20,hombre,919,5478,16.77619569185834
2024,30101,urbana,20,mujer,861,5877,14.650331801939766
2024,30101,urbana,21,hombre,1080,5591,19.31675907708818
2024,30101,urbana,21,mujer,999,5917,16.883555856008112
2024,30101,urbana,22,hombre,1326,5729,23.14540059347181
2024,30101,urbana,22,mujer,1108,6077,18.23268059897976
2024,30101,urbana,23,hombre,1557,6176,25.210492227979273
2024,30101,urbana,23,mujer,1350,6415,21.044427123928294
2024,30101,urbana,24,hombre,1757,6116,28.727926749509482
2024,30101,urbana,24,mujer,1478,6522,22.661760196258815
2024,30101,urbana,25,hombre,1820,5685,32.01407211961302
2024,30101,urbana,25,mujer,1442,6017,23.96543127804554
2024,30101,urbana,26,hombre,1900,5445,34.89439853076217
2024,30101,urbana,26,mujer,1539,5882,26.164569874192452
2024,30101,urbana,27,hombre,2205,5385,40.94707520891365
2024,30101,urbana,27,mujer,1594,5947,26.803430300992098
2024,30101,urbana,28,hombre,2226,5322,41.826381059751974
2024,30101,urbana,28,mujer,1688,5832,28.9437585733882
2024,30201,rural,16,hombre,2,127,1.5748031496062993
2024,30201,rural,16,mujer,1,127,0.7874015748031497
2024,30201,rural,17,hombre,8,151,5.298013245033113
2024,30201,rural,17,mujer,8,131,6.106870229007634
2024,30201,rural,18,hombre,12,105,11.428571428571429
2024,30201,rural,18,mujer,11,121,9.090909090909092
2024,30201,rural,19,hombre,8,125,6.4
2024,30201,rural,19,mujer,10,114,8.771929824561404
2024,30201,rural,20,hombre,11,100,11.0
2024,30201,rural,20,mujer,7,97,7.216494845360825
2024,30201,rural,21,hombre,21,115,18.26086956521739
2024,30201,rural,21,mujer,11,98,11.224489795918368
2024,30201,rural,22,hombre,15,91,16.483516483516482
2024,30201,rural,22,mujer,14,86,16.27906976744186
2024,30201,rural,23,hombre,27,108,25.0
2024,30201,rural,23,mujer,16,99,16.161616161616163
2024,30201,rural,24,hombre,35,121,28.925619834710744
2024,30201,rural,24,mujer,10,118,8.474576271186441
2024,30201,rural,25,hombre,33,102,32.35294117647059
2024,30201,rural,25,mujer,18,92,19.565217391304348
2024,30201,rural,26,hombre,29,81,35.80246913580247
2024,30201,rural,26,mujer,11,73,15.068493150684931
2024,30201,rural,27,hombre,31,83,37.34939759036145
2024,30201,rural,27,mujer,14,82,17.073170731707318
2024,30201,rural,28,hombre,33,92,35.869565217391305
2024,30201,rural,28,mujer,17,90,18.88888888888889
2024,30201,urbana,16,hombre,5,93,5.376344086021505
2024,30201,urbana,16,mujer,3,89,3.3707865168539324
2024,30201,urbana,17,hombre,5,77,6.4935064935064934
2024,30201,urbana,17,mujer,9,97,9.278350515463918
2024,30201,urbana,18,hombre,8,73,10.95890410958904
2024,30201,urbana,18,mujer,14,85,16.470588235294116
2024,30201,urbana,19,hombre,6,65,9.23076923076923
2024,30201,urbana,19,mujer,6,67,8.955223880597014
2024,30201,urbana,20,hombre,6,62,9.67741935483871
2024,30201,urbana,20,mujer,12,63,19.047619047619047
2024,30201,urbana,21,hombre,8,61,13.114754098360656
2024,30201,urbana,21,mujer,15,76,19.736842105263158
2024,30201,urbana,22,hombre,16,59,27.11864406779661
2024,30201,urbana,22,mujer,21,79,26.582278481012658
2024,30201,urbana,23,hombre,16,58,27.586206896551722
2024,30201,urbana,23,mujer,17,81,20.987654320987655
2024,30201,urbana,24,hombre,22,76,28.94736842105263
2024,30201,urbana,24,mujer,17,71,23.943661971830984
2024,30201,urbana,25,hombre,17,50,34.0
2024,30201,urbana,25,mujer,20,82,24.390243902439025
2024,30201,urbana,26,hombre,22,62,35.483870967741936
2024,30201,urbana,26,mujer,11,64,17.1875
2024,30201,urbana,27,hombre,24,55,43.63636363636363
2024,30201,urbana,27,mujer,24,77,31.16883116883117
2024,30201,urbana,28,hombre,25,50,50.0
2024,30201,urbana,28,mujer,18,67,26.865671641791046
2024,30202,rural,16,hombre,1,29,3.4482758620689653
2024,30202,rural,16,mujer,0,26,0.0
2024,30202,rural,17,hombre,0,25,0.0
2024,30202,rural,17,mujer,2,20,10.0
2024,30202,rural,18,hombre,2,34,5.882352941176471
2024,30202,rural,18,mujer,1,25,4.0
2024,30202,rural,19,hombre,3,15,20.0
2024,30202,rural,19,mujer,3,25,12.0
2024,30202,rural,20,hombre,3,38,7.894736842105263
2024,30202,rural,20,mujer,0,20,0.0
2024,30202,rural,21,hombre,6,32,18.75
2024,30202,rural,21,mujer,3,23,13.043478260869565
2024,30202,rural,22,hombre,6,32,18.75
2024,30202,rural,22,mujer,2,25,8.0
2024,30202,rural,23,hombre,2,32,6.25
2024,30202,rural,23,mujer,10,29,34.48275862068966
2024,30202,rural,24,hombre,8,31,25.806451612903224
2024,30202,rural,24,mujer,2,31,6.451612903225806
2024,30202,rural,25,hombre,9,40,22.5
2024,30202,rural,25,mujer,3,21,14.285714285714286
2024,30202,rural,26,hombre,6,24,25.0
2024,30202,rural,26,mujer,3,20,15.0
2024,30202,rural,27,hombre,9,29,31.03448275862069
2024,30202,rural,27,mujer,3,31,9.67741935483871
2024,30202,rural,28,hombre,16,47,34.04255319148936
2024,30202,rural,28,mujer,0,26,0.0
2024,30202,urbana,16,hombre,0,17,0.0
2024,30202,urbana,16,mujer,0,12,0.0
2024,30202,urbana,17,hombre,0,31,0.0
2024,30202,urbana,17,mujer,0,16,0.0
2024,30202,urbana,18,hombre,3,17,17.647058823529413
2024,30202,urbana,18,mujer,2,24,8.333333333333334
2024,30202,urbana,19,hombre,2,20,10.0
2024,30202,urbana,19,mujer,1,24,4.166666666666667
2024,30202,urbana,20,hombre,2,22,9.090909090909092
2024,30202,urbana,20,mujer,0,11,0.0
2024,30202,urbana,21,hombre,0,30,0.0
2024,30202,urbana,21,mujer,1,17,5.882352941176471
2024,30202,urbana,22,hombre,1,20,5.0
2024,30202,urbana,22,mujer,1,18,5.555555555555555
2024,30202,urbana,23,hombre,3,28,10.714285714285714
2024,30202,urbana,23,mujer,2,26,7.6923076923076925
2024,30202,urbana,24,hombre,10,35,28.571428571428573
2024,30202,urbana,24,mujer,1,22,4.545454545454546
2024,30202,urbana,25,hombre,3,19,15.789473684210526
2024,30202,urbana,25,mujer,1,16,6.25
2024,30202,urbana,26,hombre,5,26,19.23076923076923
2024,30202,urbana,26,mujer,4,23,17.391304347826086
2024,30202,urbana,27,hombre,4,25,16.0
2024,30202,urbana,27,mujer,3,18,16.666666666666668
2024,30202,urbana,28,hombre,2,16,12.5
2024,30202,urbana,28,mujer,5,26,19.23076923076923
2024,30203,rural,16,hombre,1,61,1.639344262295082
2024,30203,rural,16,mujer,2,65,3.076923076923077
2024,30203,rural,17,hombre,3,49,6.122448979591836
2024,30203,rural,17,mujer,2,55,3.6363636363636362
2024,30203,rural,18,hombre,3,47,6.382978723404255
2024,30203,rural,18,mujer,5,49,10.204081632653061
2024,30203,rural,19,hombre,6,61,9.836065573770492
2024,30203,rural,19,mujer,3,66,4.545454545454546
2024,30203,rural,20,hombre,6,48,12.5
2024,30203,rural,20,mujer,3,51,5.882352941176471
2024,30203,rural,21,hombre,4,56,7.142857142857143
2024,30203,rural,21,mujer,5,57,8.771929824561404
2024,30203,rural,22,hombre,8,66,12.121212121212121
2024,30203,rural,22,mujer,4,52,7.6923076923076925
2024,30203,rural,23,hombre,10,68,14.705882352941176
2024,30203,rural,23,mujer,6,63,9.523809523809524
2024,30203,rural,24,hombre,23,75,30.666666666666668
2024,30203,rural,24,mujer,9,62,14.516129032258064
2024,30203,rural,25,hombre,27,54,50.0
2024,30203,rural,25,mujer,10,65,15.384615384615385
2024,30203,rural,26,hombre,20,66,30.303030303030305
2024,30203,rural,26,mujer,14,68,20.58823529411765
2024,30203,rural,27,hombre,25,58,43.10344827586207
2024,30203,rural,27,mujer,8,43,18.6046511627907
2024,30203,rural,28,hombre,32,53,60.37735849056604
2024,30203,rural,28,mujer,9,48,18.75
2024,30301,rural,16,hombre,19,221,8.597285067873303
2024,30301,rural,16,mujer,12,199,6.030150753768845
2024,30301,rural,17,hombre,24,187,12.834224598930481
2024,30301,rural,17,mujer,13,188,6.914893617021277
2024,30301,rural,18,hombre,37,151,24.503311258278146
2024,30301,rural,18,mujer,20,156,12.820512820512821
2024,30301,rural,19,hombre,47,140,33.57142857142857
2024,30301,rural,19,mujer,15,133,11.278195488721805
2024,30301,rural,20,hombre,59,169,34.9112426035503
2024,30301,rural,20,mujer,19,137,13.86861313868613
2024,30301,rural,21,hombre,66,165,40.0
2024,30301,rural,21,mujer,23,123,18.69918699186992
2024,30301,rural,22,hombre,71,160,44.375
2024,30301,rural,22,mujer,24,118,20.338983050847457
2024,30301,rural,23,hombre,77,162,47.53086419753087
2024,30301,rural,23,mujer,31,136,22.794117647058822
2024,30301,rural,24,hombre,98,168,58.333333333333336
2024,30301,rural,24,mujer,29,131,22.137404580152673
2024,30301,rural,25,hombre,116,187,62.032085561497325
2024,30301,rural,25,mujer,28,117,23.931623931623932
2024,30301,rural,26,hombre,106,160,66.25
2024,30301,rural,26,mujer,39,148,26.35135135135135
2024,30301,rural,27,hombre,83,141,58.86524822695036
2024,30301,rural,27,mujer,34,128,26.5625
2024,30301,rural,28,hombre,104,140,74.28571428571429
2024,30301,rural,28,mujer,39,121,32.231404958677686
2024,30302,rural,16,hombre,8,135,5.925925925925926
2024,30302,rural,16,mujer,6,133,4.511278195488722
2024,30302,rural,17,hombre,6,106,5.660377358490566
2024,30302,rural,17,mujer,12,140,8.571428571428571
2024,30302,rural,18,hombre,14,86,16.27906976744186
2024,30302,rural,18,mujer,9,100,9.0
2024,30302,rural,19,hombre,17,93,18.27956989247312
2024,30302,rural,19,mujer,17,112,15.178571428571429
2024,30302,rural,20,hombre,20,104,19.23076923076923
2024,30302,rural,20,mujer,16,107,14.953271028037383
2024,30302,rural,21,hombre,44,134,32.83582089552239
2024,30302,rural,21,mujer,16,93,17.204301075268816
2024,30302,rural,22,hombre,35,124,28.225806451612904
2024,30302,rural,22,mujer,9,95,9.473684210526315
2024,30302,rural,23,hombre,44,124,35.483870967741936
2024,30302,rural,23,mujer,18,121,14.87603305785124
2024,30302,rural,24,hombre,38,117,32.47863247863248
2024,30302,rural,24,mujer,23,112,20.535714285714285
2024,30302,rural,25,hombre,42,126,33.333333333333336
2024,30302,rural,25,mujer,23,97,23.711340206185568
2024,30302,rural,26,hombre,50,104,48.07692307692308
2024,30302,rural,26,mujer,22,102,21.568627450980394
2024,30302,rural,27,hombre,40,95,42.10526315789474
2024,30302,rural,27,mujer,27,92,29.347826086956523
2024,30302,rural,28,hombre,55,107,51.401869158878505
2024,30302,rural,28,mujer,28,81,34.5679012345679
2024,30303,rural,16,hombre,33,210,15.714285714285714
2024,30303,rural,16,mujer,15,176,8.522727272727273
2024,30303,rural,17,hombre,34,200,17.0
2024,30303,rural,17,mujer,26,169,15.384615384615385
2024,30303,rural,18,hombre,49,167,29.34131736526946
2024,30303,rural,18,mujer,20,168,11.904761904761905
2024,30303,rural,19,hombre,53,169,31.36094674556213
2024,30303,rural,19,mujer,22,148,14.864864864864865
2024,30303,rural,20,hombre,59,166,35.54216867469879
2024,30303,rural,20,mujer,32,166,19.27710843373494
2024,30303,rural,21,hombre,93,182,51.0989010989011
2024,30303,rural,21,mujer,29,139,20.863309352517987
2024,30303,rural,22,hombre,113,200,56.5
2024,30303,rural,22,mujer,43,173,24.85549132947977
2024,30303,rural,23,hombre,136,240,56.666666666666664
2024,30303,rural,23,mujer,39,149,26.174496644295303
2024,30303,rural,24,hombre,132,222,59.45945945945946
2024,30303,rural,24,mujer,51,166,30.72289156626506
2024,30303,rural,25,hombre,103,162,63.58024691358025
2024,30303,rural,25,mujer,40,124,32.25806451612903
2024,30303,rural,26,hombre,128,180,71.11111111111111
2024,30303,rural,26,mujer,52,136,38.23529411764706
2024,30303,rural,27,hombre,128,179,71.50837988826815
2024,30303,rural,27,mujer,61,141,43.262411347517734
2024,30303,rural,28,hombre,111,146,76.02739726027397
2024,30303,rural,28,mujer,37,119,31.092436974789916
2024,30401,rural,16,hombre,5,59,8.474576271186441
2024,30401,rural,16,mujer,3,45,6.666666666666667
2024,30401,rural,17,hombre,7,56,12.5
2024,30401,rural,17,mujer,8,55,14.545454545454545
2024,30401,rural,18,hombre,14,64,21.875
2024,30401,rural,18,mujer,7,61,11.475409836065573
2024,30401,rural,19,hombre,9,47,19.148936170212767
2024,30401,rural,19,mujer,6,49,12.244897959183673
2024,30401,rural,20,hombre,15,71,21.12676056338028
2024,30401,rural,20,mujer,8,58,13.793103448275861
2024,30401,rural,21,hombre,17,57,29.82456140350877
2024,30401,rural,21,mujer,18,70,25.714285714285715
2024,30401,rural,22,hombre,19,50,38.0
2024,30401,rural,22,mujer,19,53,35.84905660377358
2024,30401,rural,23,hombre,17,52,32.69230769230769
2024,30401,rural,23,mujer,18,62,29.032258064516128
2024,30401,rural,24,hombre,36,73,49.31506849315068
2024,30401,rural,24,mujer,21,72,29.166666666666668
2024,30401,rural,25,hombre,18,50,36.0
2024,30401,rural,25,mujer,20,56,35.714285714285715
2024,30401,rural,26,hombre,24,47,51.06382978723404
2024,30401,rural,26,mujer,18,54,33.333333333333336
2024,30401,rural,27,hombre,27,57,47.36842105263158
2024,30401,rural,27,mujer,13,36,36.111111111111114
2024,30401,rural,28,hombre,21,40,52.5
2024,30401,rural,28,mujer,18,49,36.734693877551024
2024,30401,urbana,16,hombre,2,23,8.695652173913043
2024,30401,urbana,16,mujer,3,33,9.090909090909092
2024,30401,urbana,17,hombre,7,39,17.94871794871795
2024,30401,urbana,17,mujer,9,41,21.951219512195124
2024,30401,urbana,18,hombre,6,26,23.076923076923077
2024,30401,urbana,18,mujer,8,36,22.22222222222222
2024,30401,urbana,19,hombre,7,30,23.333333333333332
2024,30401,urbana,19,mujer,11,42,26.19047619047619
2024,30401,urbana,20,hombre,12,39,30.76923076923077
2024,30401,urbana,20,mujer,14,50,28.0
2024,30401,urbana,21,hombre,6,24,25.0
2024,30401,urbana,21,mujer,11,29,37.93103448275862
2024,30401,urbana,22,hombre,15,42,35.714285714285715
2024,30401,urbana,22,mujer,6,33,18.181818181818183
2024,30401,urbana,23,hombre,14,43,32.55813953488372
2024,30401,urbana,23,mujer,9,40,22.5
2024,30401,urbana,24,hombre,11,30,36.666666666666664
2024,30401,urbana,24,mujer,4,37,10.81081081081081
2024,30401,urbana,25,hombre,11,28,39.285714285714285
2024,30401,urbana,25,mujer,12,39,30.76923076923077
2024,30401,urbana,26,hombre,15,36,41.666666666666664
2024,30401,urbana,26,mujer,11,45,24.444444444444443
2024,30401,urbana,27,hombre,7,22,31.818181818181817
2024,30401,urbana,27,mujer,8,32,25.0
2024,30401,urbana,28,hombre,11,32,34.375
2024,30401,urbana,28,mujer,11,25,44.0
2024,30402,rural,16,hombre,12,54,22.22222222222222
2024,30402,rural,16,mujer,13,75,17.333333333333332
2024,30402,rural,17,hombre,11,69,15.942028985507246
2024,30402,rural,17,mujer,8,63,12.698412698412698
2024,30402,rural,18,hombre,23,49,46.93877551020408
2024,30402,rural,18,mujer,14,49,28.571428571428573
2024,30402,rural,19,hombre,18,50,36.0
2024,30402,rural,19,mujer,14,48,29.166666666666668
2024,30402,rural,20,hombre,23,50,46.0
2024,30402,rural,20,mujer,11,49,22.448979591836736
2024,30402,rural,21,hombre,17,42,40.476190476190474
2024,30402,rural,21,mujer,13,42,30.952380952380953
2024,30402,rural,22,hombre,15,41,36.58536585365854
2024,30402,rural,22,mujer,20,55,36.36363636363637
2024,30402,rural,23,hombre,18,44,40.90909090909091
2024,30402,rural,23,mujer,19,49,38.775510204081634
2024,30402,rural,24,hombre,21,42,50.0
2024,30402,rural,24,mujer,12,43,27.906976744186046
2024,30402,rural,25,hombre,24,52,46.15384615384615
2024,30402,rural,25,mujer,14,40,35.0
2024,30402,rural,26,hombre,31,54,57.407407407407405
2024,30402,rural,26,mujer,17,44,38.63636363636363
2024,30402,rural,27,hombre,24,44,54.54545454545455
2024,30402,rural,27,mujer,21,39,53.84615384615385
2024,30402,rural,28,hombre,23,37,62.16216216216216
2024,30402,rural,28,mujer,17,37,45.945945945945944
2024,30403,rural,16,hombre,9,70,12.857142857142858
2024,30403,rural,16,mujer,1,48,2.0833333333333335
2024,30403,rural,17,hombre,5,79,6.329113924050633
2024,30403,rural,17,mujer,5,74,6.756756756756757
2024,30403,rural,18,hombre,6,55,10.909090909090908
2024,30403,rural,18,mujer,7,58,12.068965517241379
2024,30403,rural,19,hombre,13,68,19.11764705882353
2024,30403,rural,19,mujer,8,50,16.0
2024,30403,rural,20,hombre,14,63,22.22222222222222
2024,30403,rural,20,mujer,6,58,10.344827586206897
2024,30403,rural,21,hombre,13,71,18.309859154929576
2024,30403,rural,21,mujer,14,66,21.21212121212121
2024,30403,rural,22,hombre,18,70,25.714285714285715
2024,30403,rural,22,mujer,11,63,17.46031746031746
2024,30403,rural,23,hombre,18,60,30.0
2024,30403,rural,23,mujer,14,69,20.28985507246377
2024,30403,rural,24,hombre,21,65,32.30769230769231
2024,30403,rural,24,mujer,17,78,21.794871794871796
2024,30403,rural,25,hombre,33,70,47.142857142857146
2024,30403,rural,25,mujer,15,63,23.80952380952381
2024,30403,rural,26,hombre,27,56,48.214285714285715
2024,30403,rural,26,mujer,22,60,36.666666666666664
2024,30403,rural,27,hombre,24,53,45.283018867924525
2024,30403,rural,27,mujer,33,85,38.8235294117647
2024,30403,rural,28,hombre,28,68,41.1764705882353
2024,30403,rural,28,mujer,23,65,35.38461538461539
2024,30403,urbana,16,hombre,20,172,11.627906976744185
2024,30403,urbana,16,mujer,16,191,8.37696335078534
2024,30403,urbana,17,hombre,27,162,16.666666666666668
2024,30403,urbana,17,mujer,35,184,19.02173913043478
2024,30403,urbana,18,hombre,34,171,19.883040935672515
2024,30403,urbana,18,mujer,40,196,20.408163265306122
2024,30403,urbana,19,hombre,44,166,26.50602409638554
2024,30403,urbana,19,mujer,58,200,29.0
2024,30403,urbana,20,hombre,55,167,32.93413173652694
2024,30403,urbana,20,mujer,58,186,31.182795698924732
2024,30403,urbana,21,hombre,69,174,39.6551724137931
2024,30403,urbana,21,mujer,68,201,33.830845771144276
2024,30403,urbana,22,hombre,78,170,45.88235294117647
2024,30403,urbana,22,mujer,64,194,32.98969072164948
2024,30403,urbana,23,hombre,94,207,45.410628019323674
2024,30403,urbana,23,mujer,64,167,38.32335329341317
2024,30403,urbana,24,hombre,118,220,53.63636363636363
2024,30403,urbana,24,mujer,88,227,38.76651982378855
2024,30403,urbana,25,hombre,112,183,61.202185792349724
2024,30403,urbana,25,mujer,83,208,39.90384615384615
2024,30403,urbana,26,hombre,114,156,73.07692307692308
2024,30403,urbana,26,mujer,81,194,41.75257731958763
2024,30403,urbana,27,hombre,133,192,69.27083333333333
2024,30403,urbana,27,mujer,94,207,45.410628019323674
2024,30403,urbana,28,hombre,115,176,65.3409090909091
2024,30403,urbana,28,mujer,84,173,48.554913294797686
2024,30404,rural,16,hombre,4,54,7.407407407407407
2024,30404,rural,16,mujer,4,47,8.51063829787234
2024,30404,rural,17,hombre,7,46,15.217391304347826
2024,30404,rural,17,mujer,3,40,7.5
2024,30404,rural,18,hombre,10,53,18.867924528301888
2024,30404,rural,18,mujer,4,46,8.695652173913043
2024,30404,rural,19,hombre,5,34,14.705882352941176
2024,30404,rural,19,mujer,7,33,21.21212121212121
2024,30404,rural,20,hombre,14,40,35.0
2024,30404,rural,20,mujer,10,29,34.48275862068966
2024,30404,rural,21,hombre,5,35,14.285714285714286
2024,30404,rural,21,mujer,4,35,11.428571428571429
2024,30404,rural,22,hombre,12,45,26.666666666666668
2024,30404,rural,22,mujer,3,34,8.823529411764707
2024,30404,rural,23,hombre,15,54,27.77777777777778
2024,30404,rural,23,mujer,8,41,19.51219512195122
2024,30404,rural,24,hombre,11,39,28.205128205128204
2024,30404,rural,24,mujer,9,46,19.565217391304348
2024,30404,rural,25,hombre,7,33,21.21212121212121
2024,30404,rural,25,mujer,6,37,16.216216216216218
2024,30404,rural,26,hombre,18,42,42.857142857142854
2024,30404,rural,26,mujer,15,43,34.883720930232556
2024,30404,rural,27,hombre,12,26,46.15384615384615
2024,30404,rural,27,mujer,7,40,17.5
2024,30404,rural,28,hombre,15,40,37.5
2024,30404,rural,28,mujer,8,29,27.586206896551722
2024,30501,rural,16,hombre,4,51,7.8431372549019605
2024,30501,rural,16,mujer,5,56,8.928571428571429
2024,30501,rural,17,hombre,6,46,13.043478260869565
2024,30501,rural,17,mujer,2,40,5.0
2024,30501,rural,18,hombre,6,37,16.216216216216218
2024,30501,rural,18,mujer,8,47,17.02127659574468
2024,30501,rural,19,hombre,12,52,23.076923076923077
2024,30501,rural,19,mujer,7,44,15.909090909090908
2024,30501,rural,20,hombre,13,47,27.659574468085108
2024,30501,rural,20,mujer,8,60,13.333333333333334
2024,30501,rural,21,hombre,9,42,21.428571428571427
2024,30501,rural,21,mujer,9,49,18.367346938775512
2024,30501,rural,22,hombre,11,40,27.5
2024,30501,rural,22,mujer,14,49,28.571428571428573
2024,30501,rural,23,hombre,14,54,25.925925925925927
2024,30501,rural,23,mujer,11,51,21.568627450980394
2024,30501,rural,24,hombre,14,50,28.0
2024,30501,rural,24,mujer,10,45,22.22222222222222
2024,30501,rural,25,hombre,16,36,44.44444444444444
2024,30501,rural,25,mujer,14,59,23.728813559322035
2024,30501,rural,26,hombre,22,47,46.808510638297875
2024,30501,rural,26,mujer,12,50,24.0
2024,30501,rural,27,hombre,21,39,53.84615384615385
2024,30501,rural,27,mujer,15,47,31.914893617021278
2024,30501,rural,28,hombre,32,53,60.37735849056604
2024,30501,rural,28,mujer,24,48,50.0
2024,30501,urbana,16,hombre,5,36,13.88888888888889
2024,30501,urbana,16,mujer,3,34,8.823529411764707
2024,30501,urbana,17,hombre,2,46,4.3478260869565215
2024,30501,urbana,17,mujer,2,31,6.451612903225806
2024,30501,urbana,18,hombre,7,45,15.555555555555555
2024,30501,urbana,18,mujer,2,44,4.545454545454546
2024,30501,urbana,19,hombre,3,36,8.333333333333334
2024,30501,urbana,19,mujer,6,38,15.789473684210526
2024,30501,urbana,20,hombre,5,42,11.904761904761905
2024,30501,urbana,20,mujer,9,45,20.0
2024,30501,urbana,21,hombre,7,43,16.27906976744186
2024,30501,urbana,21,mujer,7,39,17.94871794871795
2024,30501,urbana,22,hombre,14,42,33.333333333333336
2024,30501,urbana,22,mujer,13,37,35.13513513513514
2024,30501,urbana,23,hombre,9,40,22.5
2024,30501,urbana,23,mujer,12,45,26.666666666666668
2024,30501,urbana,24,hombre,11,41,26.829268292682926
2024,30501,urbana,24,mujer,9,42,21.428571428571427
2024,30501,urbana,25,hombre,8,31,25.806451612903224
2024,30501,urbana,25,mujer,9,22,40.90909090909091
2024,30501,urbana,26,hombre,10,40,25.0
2024,30501,urbana,26,mujer,9,43,20.930232558139537
2024,30501,urbana,27,hombre,14,33,42.42424242424242
2024,30501,urbana,27,mujer,8,29,27.586206896551722
2024,30501,urbana,28,hombre,14,31,45.16129032258065
2024,30501,urbana,28,mujer,9,27,33.333333333333336
2024,30502,rural,16,hombre,7,71,9.859154929577464
2024,30502,rural,16,mujer,7,73,9.58904109589041
2024,30502,rural,17,hombre,8,65,12.307692307692308
2024,30502,rural,17,mujer,7,63,11.11111111111111
2024,30502,rural,18,hombre,11,56,19.642857142857142
2024,30502,rural,18,mujer,5,56,8.928571428571429
2024,30502,rural,19,hombre,13,58,22.413793103448278
2024,30502,rural,19,mujer,14,60,23.333333333333332
2024,30502,rural,20,hombre,8,50,16.0
2024,30502,rural,20,mujer,16,70,22.857142857142858
2024,30502,rural,21,hombre,16,54,29.62962962962963
2024,30502,rural,21,mujer,7,49,14.285714285714286
2024,30502,rural,22,hombre,25,66,37.878787878787875
2024,30502,rural,22,mujer,11,56,19.642857142857142
2024,30502,rural,23,hombre,19,61,31.147540983606557
2024,30502,rural,23,mujer,15,66,22.727272727272727
2024,30502,rural,24,hombre,20,58,34.48275862068966
2024,30502,rural,24,mujer,19,67,28.35820895522388
2024,30502,rural,25,hombre,14,43,32.55813953488372
2024,30502,rural,25,mujer,16,59,27.11864406779661
2024,30502,rural,26,hombre,27,45,60.0
2024,30502,rural,26,mujer,12,33,36.36363636363637
2024,30502,rural,27,hombre,20,51,39.21568627450981
2024,30502,rural,27,mujer,18,55,32.72727272727273
2024,30502,rural,28,hombre,24,51,47.05882352941177
2024,30502,rural,28,mujer,18,48,37.5
2024,30601,rural,16,hombre,17,104,16.346153846153847
2024,30601,rural,16,mujer,5,85,5.882352941176471
2024,30601,rural,17,hombre,16,92,17.391304347826086
2024,30601,rural,17,mujer,10,87,11.494252873563218
2024,30601,rural,18,hombre,29,86,33.72093023255814
2024,30601,rural,18,mujer,16,99,16.161616161616163
2024,30601,rural,19,hombre,26,83,31.325301204819276
2024,30601,rural,19,mujer,14,92,15.217391304347826
2024,30601,rural,20,hombre,40,88,45.45454545454545
2024,30601,rural,20,mujer,22,97,22.68041237113402
2024,30601,rural,21,hombre,34,85,40.0
2024,30601,rural,21,mujer,27,82,32.926829268292686
2024,30601,rural,22,hombre,37,83,44.57831325301205
2024,30601,rural,22,mujer,15,80,18.75
2024,30601,rural,23,hombre,68,116,58.62068965517241
2024,30601,rural,23,mujer,22,82,26.829268292682926
2024,30601,rural,24,hombre,72,107,67.28971962616822
2024,30601,rural,24,mujer,27,109,24.770642201834864
2024,30601,rural,25,hombre,47,81,58.02469135802469
2024,30601,rural,25,mujer,19,75,25.333333333333332
2024,30601,rural,26,hombre,55,82,67.07317073170732
2024,30601,rural,26,mujer,23,60,38.333333333333336
2024,30601,rural,27,hombre,57,82,69.51219512195122
2024,30601,rural,27,mujer,19,59,32.20338983050848
2024,30601,rural,28,hombre,42,66,63.63636363636363
2024,30601,rural,28,mujer,18,58,31.03448275862069
2024,30602,rural,16,hombre,18,109,16.513761467889907
2024,30602,rural,16,mujer,10,95,10.526315789473685
2024,30602,rural,17,hombre,24,96,25.0
2024,30602,rural,17,mujer,12,68,17.647058823529413
2024,30602,rural,18,hombre,24,88,27.272727272727273
2024,30602,rural,18,mujer,17,85,20.0
2024,30602,rural,19,hombre,19,80,23.75
2024,30602,rural,19,mujer,10,83,12.048192771084338
2024,30602,rural,20,hombre,23,103,22.33009708737864
2024,30602,rural,20,mujer,12,76,15.789473684210526
2024,30602,rural,21,hombre,29,92,31.52173913043478
2024,30602,rural,21,mujer,17,89,19.10112359550562
2024,30602,rural,22,hombre,22,85,25.88235294117647
2024,30602,rural,22,mujer,18,80,22.5
2024,30602,rural,23,hombre,53,126,42.06349206349206
2024,30602,rural,23,mujer,19,79,24.050632911392405
2024,30602,rural,24,hombre,52,98,53.06122448979592
2024,30602,rural,24,mujer,25,83,30.120481927710845
2024,30602,rural,25,hombre,41,99,41.41414141414141
2024,30602,rural,25,mujer,15,57,26.31578947368421
2024,30602,rural,26,hombre,35,78,44.87179487179487
2024,30602,rural,26,mujer,16,71,22.535211267605632
2024,30602,rural,27,hombre,36,75,48.0
2024,30602,rural,27,mujer,20,72,27.77777777777778
2024,30602,rural,28,hombre,57,99,57.57575757575758
2024,30602,rural,28,mujer,15,60,25.0
2024,30701,rural,16,hombre,11,91,12.087912087912088
2024,30701,rural,16,mujer,9,103,8.737864077669903
2024,30701,rural,17,hombre,19,99,19.19191919191919
2024,30701,rural,17,mujer,15,95,15.789473684210526
2024,30701,rural,18,hombre,18,70,25.714285714285715
2024,30701,rural,18,mujer,20,81,24.691358024691358
2024,30701,rural,19,hombre,22,69,31.884057971014492
2024,30701,rural,19,mujer,18,91,19.78021978021978
2024,30701,rural,20,hombre,21,79,26.582278481012658
2024,30701,rural,20,mujer,17,64,26.5625
2024,30701,rural,21,hombre,24,72,33.333333333333336
2024,30701,rural,21,mujer,29,80,36.25
2024,30701,rural,22,hombre,25,82,30.48780487804878
2024,30701,rural,22,mujer,22,66,33.333333333333336
2024,30701,rural,23,hombre,39,82,47.5609756097561
2024,30701,rural,23,mujer,36,98,36.734693877551024
2024,30701,rural,24,hombre,44,87,50.57471264367816
2024,30701,rural,24,mujer,30,90,33.333333333333336
2024,30701,rural,25,hombre,40,93,43.01075268817204
2024,30701,rural,25,mujer,34,94,36.170212765957444
2024,30701,rural,26,hombre,36,68,52.94117647058823
2024,30701,rural,26,mujer,33,88,37.5
2024,30701,rural,27,hombre,35,76,46.05263157894737
2024,30701,rural,27,mujer,35,86,40.69767441860465
2024,30701,rural,28,hombre,36,61,59.01639344262295
2024,30701,rural,28,mujer,27,69,39.130434782608695
2024,30701,urbana,16,hombre,12,109,11.009174311926605
2024,30701,urbana,16,mujer,4,92,4.3478260869565215
2024,30701,urbana,17,hombre,8,86,9.30232558139535
2024,30701,urbana,17,mujer,7,101,6.930693069306931
2024,30701,urbana,18,hombre,8,70,11.428571428571429
2024,30701,urbana,18,mujer,8,84,9.523809523809524
2024,30701,urbana,19,hombre,11,66,16.666666666666668
2024,30701,urbana,19,mujer,15,87,17.24137931034483
2024,30701,urbana,20,hombre,11,68,16.176470588235293
2024,30701,urbana,20,mujer,14,75,18.666666666666668
2024,30701,urbana,21,hombre,13,62,20.967741935483872
2024,30701,urbana,21,mujer,6,65,9.23076923076923
2024,30701,urbana,22,hombre,17,67,25.37313432835821
2024,30701,urbana,22,mujer,16,68,23.529411764705884
2024,30701,urbana,23,hombre,18,63,28.571428571428573
2024,30701,urbana,23,mujer,18,83,21.686746987951807
2024,30701,urbana,24,hombre,20,68,29.41176470588235
2024,30701,urbana,24,mujer,23,77,29.87012987012987
2024,30701,urbana,25,hombre,25,66,37.878787878787875
2024,30701,urbana,25,mujer,15,64,23.4375
2024,30701,urbana,26,hombre,9,63,14.285714285714286
2024,30701,urbana,26,mujer,16,67,23.880597014925375
2024,30701,urbana,27,hombre,31,63,49.20634920634921
2024,30701,urbana,27,mujer,11,63,17.46031746031746
2024,30701,urbana,28,hombre,23,66,34.84848484848485
2024,30701,urbana,28,mujer,17,58,29.310344827586206
2024,30702,rural,16,hombre,3,52,5.769230769230769
2024,30702,rural,16,mujer,4,60,6.666666666666667
2024,30702,rural,17,hombre,3,58,5.172413793103448
2024,30702,rural,17,mujer,5,42,11.904761904761905
2024,30702,rural,18,hombre,7,57,12.280701754385966
2024,30702,rural,18,mujer,3,54,5.555555555555555
2024,30702,rural,19,hombre,8,46,17.391304347826086
2024,30702,rural,19,mujer,9,48,18.75
2024,30702,rural,20,hombre,19,72,26.38888888888889
2024,30702,rural,20,mujer,13,53,24.528301886792452
2024,30702,rural,21,hombre,6,36,16.666666666666668
2024,30702,rural,21,mujer,8,46,17.391304347826086
2024,30702,rural,22,hombre,24,62,38.70967741935484
2024,30702,rural,22,mujer,13,63,20.634920634920636
2024,30702,rural,23,hombre,10,61,16.39344262295082
2024,30702,rural,23,mujer,11,60,18.333333333333332
2024,30702,rural,24,hombre,25,53,47.16981132075472
2024,30702,rural,24,mujer,17,47,36.170212765957444
2024,30702,rural,25,hombre,23,52,44.23076923076923
2024,30702,rural,25,mujer,10,58,17.24137931034483
2024,30702,rural,26,hombre,19,52,36.53846153846154
2024,30702,rural,26,mujer,20,53,37.735849056603776
2024,30702,rural,27,hombre,31,59,52.54237288135593
2024,30702,rural,27,mujer,14,56,25.0
2024,30702,rural,28,hombre,34,55,61.81818181818182
2024,30702,rural,28,mujer,17,54,31.48148148148148
2024,30703,rural,16,hombre,2,43,4.651162790697675
2024,30703,rural,16,mujer,2,38,5.2631578947368425
2024,30703,rural,17,hombre,3,39,7.6923076923076925
2024,30703,rural,17,mujer,1,36,2.7777777777777777
2024,30703,rural,18,hombre,3,34,8.823529411764707
2024,30703,rural,18,mujer,9,32,28.125
2024,30703,rural,19,hombre,5,39,12.820512820512821
2024,30703,rural,19,mujer,7,29,24.137931034482758
2024,30703,rural,20,hombre,5,29,17.24137931034483
2024,30703,rural,20,mujer,5,30,16.666666666666668
2024,30703,rural,21,hombre,10,30,33.333333333333336
2024,30703,rural,21,mujer,4,30,13.333333333333334
2024,30703,rural,22,hombre,9,28,32.142857142857146
2024,30703,rural,22,mujer,4,29,13.793103448275861
2024,30703,rural,23,hombre,16,36,44.44444444444444
2024,30703,rural,23,mujer,8,45,17.77777777777778
2024,30703,rural,24,hombre,10,47,21.27659574468085
2024,30703,rural,24,mujer,4,28,14.285714285714286
2024,30703,rural,25,hombre,16,33,48.484848484848484
2024,30703,rural,25,mujer,3,29,10.344827586206897
2024,30703,rural,26,hombre,15,32,46.875
2024,30703,rural,26,mujer,7,20,35.0
2024,30703,rural,27,hombre,19,36,52.77777777777778
2024,30703,rural,27,mujer,12,31,38.70967741935484
2024,30703,rural,28,hombre,10,24,41.666666666666664
2024,30703,rural,28,mujer,10,32,31.25
2024,30801,rural,16,hombre,6,70,8.571428571428571
2024,30801,rural,16,mujer,2,86,2.3255813953488373
2024,30801,rural,17,hombre,7,99,7.070707070707071
2024,30801,rural,17,mujer,5,72,6.944444444444445
2024,30801,rural,18,hombre,6,83,7.228915662650603
2024,30801,rural,18,mujer,7,86,8.13953488372093
2024,30801,rural,19,hombre,10,81,12.345679012345679
2024,30801,rural,19,mujer,6,75,8.0
2024,30801,rural,20,hombre,10,83,12.048192771084338
2024,30801,rural,20,mujer,6,75,8.0
2024,30801,rural,21,hombre,14,82,17.073170731707318
2024,30801,rural,21,mujer,6,84,7.142857142857143
2024,30801,rural,22,hombre,15,74,20.27027027027027
2024,30801,rural,22,mujer,9,82,10.975609756097562
2024,30801,rural,23,hombre,19,80,23.75
2024,30801,rural,23,mujer,16,89,17.97752808988764
2024,30801,rural,24,hombre,20,85,23.529411764705884
2024,30801,rural,24,mujer,11,78,14.102564102564102
2024,30801,rural,25,hombre,23,85,27.058823529411764
2024,30801,rural,25,mujer,18,72,25.0
2024,30801,rural,26,hombre,35,83,42.16867469879518
2024,30801,rural,26,mujer,13,73,17.80821917808219
2024,30801,rural,27,hombre,22,62,35.483870967741936
2024,30801,rural,27,mujer,17,70,24.285714285714285
2024,30801,rural,28,hombre,27,59,45.76271186440678
2024,30801,rural,28,mujer,20,78,25.641025641025642
2024,30801,urbana,16,hombre,3,83,3.6144578313253013
2024,30801,urbana,16,mujer,4,86,4.651162790697675
2024,30801,urbana,17,hombre,4,98,4.081632653061225
2024,30801,urbana,17,mujer,5,84,5.9523809523809526
2024,30801,urbana,18,hombre,2,82,2.4390243902439024
2024,30801,urbana,18,mujer,6,91,6.593406593406593
2024,30801,urbana,19,hombre,8,84,9.523809523809524
2024,30801,urbana,19,mujer,7,79,8.860759493670885
2024,30801,urbana,20,hombre,7,72,9.722222222222221
2024,30801,urbana,20,mujer,8,84,9.523809523809524
2024,30801,urbana,21,hombre,8,96,8.333333333333334
2024,30801,urbana,21,mujer,12,87,13.793103448275861
2024,30801,urbana,22,hombre,10,73,13.698630136986301
2024,30801,urbana,22,mujer,7,98,7.142857142857143
2024,30801,urbana,23,hombre,21,96,21.875
2024,30801,urbana,23,mujer,13,108,12.037037037037036
2024,30801,urbana,24,hombre,15,96,15.625
2024,30801,urbana,24,mujer,9,97,9.278350515463918
2024,30801,urbana,25,hombre,20,103,19.41747572815534
2024,30801,urbana,25,mujer,4,75,5.333333333333333
2024,30801,urbana,26,hombre,24,110,21.818181818181817
2024,30801,urbana,26,mujer,14,75,18.666666666666668
2024,30801,urbana,27,hombre,19,87,21.839080459770116
2024,30801,urbana,27,mujer,13,78,16.666666666666668
2024,30801,urbana,28,hombre,16,82,19.51219512195122
2024,30801,urbana,28,mujer,20,97,20.61855670103093
2024,30802,rural,16,hombre,5,69,7.246376811594203
2024,30802,rural,16,mujer,2,42,4.761904761904762
2024,30802,rural,17,hombre,4,48,8.333333333333334
2024,30802,rural,17,mujer,3,48,6.25
2024,30802,rural,18,hombre,7,64,10.9375
2024,30802,rural,18,mujer,5,49,10.204081632653061
2024,30802,rural,19,hombre,6,47,12.76595744680851
2024,30802,rural,19,mujer,5,49,10.204081632653061
2024,30802,rural,20,hombre,14,56,25.0
2024,30802,rural,20,mujer,6,48,12.5
2024,30802,rural,21,hombre,11,62,17.741935483870968
2024,30802,rural,21,mujer,12,60,20.0
2024,30802,rural,22,hombre,5,46,10.869565217391305
2024,30802,rural,22,mujer,10,52,19.23076923076923
2024,30802,rural,23,hombre,16,55,29.09090909090909
2024,30802,rural,23,mujer,12,66,18.181818181818183
2024,30802,rural,24,hombre,15,59,25.423728813559322
2024,30802,rural,24,mujer,12,52,23.076923076923077
2024,30802,rural,25,hombre,15,50,30.0
2024,30802,rural,25,mujer,10,51,19.607843137254903
2024,30802,rural,26,hombre,23,58,39.6551724137931
2024,30802,rural,26,mujer,13,55,23.636363636363637
2024,30802,rural,27,hombre,20,52,38.46153846153846
2024,30802,rural,27,mujer,13,48,27.083333333333332
2024,30802,rural,28,hombre,21,54,38.888888888888886
2024,30802,rural,28,mujer,11,50,22.0
2024,30803,rural,16,hombre,1,40,2.5
2024,30803,rural,16,mujer,3,26,11.538461538461538
2024,30803,rural,17,hombre,4,41,9.75609756097561
2024,30803,rural,17,mujer,1,45,2.2222222222222223
2024,30803,rural,18,hombre,3,40,7.5
2024,30803,rural,18,mujer,6,49,12.244897959183673
2024,30803,rural,19,hombre,14,43,32.55813953488372
2024,30803,rural,19,mujer,12,40,30.0
2024,30803,rural,20,hombre,9,38,23.68421052631579
2024,30803,rural,20,mujer,7,39,17.94871794871795
2024,30803,rural,21,hombre,9,36,25.0
2024,30803,rural,21,mujer,6,32,18.75
2024,30803,rural,22,hombre,15,47,31.914893617021278
2024,30803,rural,22,mujer,10,42,23.80952380952381
2024,30803,rural,23,hombre,10,43,23.25581395348837
2024,30803,rural,23,mujer,6,47,12.76595744680851
2024,30803,rural,24,hombre,14,44,31.818181818181817
2024,30803,rural,24,mujer,11,47,23.404255319148938
2024,30803,rural,25,hombre,16,45,35.55555555555556
2024,30803,rural,25,mujer,15,50,30.0
2024,30803,rural,26,hombre,14,40,35.0
2024,30803,rural,26,mujer,17,53,32.075471698113205
2024,30803,rural,27,hombre,26,54,48.148148148148145
2024,30803,rural,27,mujer,10,43,23.25581395348837
2024,30803,rural,28,hombre,26,45,57.77777777777778
2024,30803,rural,28,mujer,13,46,28.26086956521739
2024,30803,urbana,16,hombre,2,17,11.764705882352942
2024,30803,urbana,16,mujer,2,24,8.333333333333334
2024,30803,urbana,17,hombre,1,9,11.11111111111111
2024,30803,urbana,17,mujer,1,19,5.2631578947368425
2024,30803,urbana,18,hombre,0,15,0.0
2024,30803,urbana,18,mujer,1,16,6.25
2024,30803,urbana,19,hombre,1,11,9.090909090909092
2024,30803,urbana,19,mujer,0,17,0.0
2024,30803,urbana,20,hombre,2,14,14.285714285714286
2024,30803,urbana,20,mujer,5,19,26.31578947368421
2024,30803,urbana,21,hombre,1,14,7.142857142857143
2024,30803,urbana,21,mujer,3,20,15.0
2024,30803,urbana,22,hombre,4,16,25.0
2024,30803,urbana,22,mujer,0,19,0.0
2024,30803,urbana,23,hombre,6,19,31.57894736842105
2024,30803,urbana,23,mujer,4,18,22.22222222222222
2024,30803,urbana,24,hombre,4,15,26.666666666666668
2024,30803,urbana,24,mujer,5,17,29.41176470588235
2024,30803,urbana,25,hombre,1,19,5.2631578947368425
2024,30803,urbana,25,mujer,2,19,10.526315789473685
2024,30803,urbana,26,hombre,5,15,33.333333333333336
2024,30803,urbana,26,mujer,4,21,19.047619047619047
2024,30803,urbana,27,hombre,2,10,20.0
2024,30803,urbana,27,mujer,6,19,31.57894736842105
2024,30803,urbana,28,hombre,4,12,33.333333333333336
2024,30803,urbana,28,mujer,5,21,23.80952380952381
2024,30901,rural,16,hombre,2,95,2.1052631578947367
2024,30901,rural,16,mujer,2,80,2.5
2024,30901,rural,17,hombre,8,61,13.114754098360656
2024,30901,rural,17,mujer,1,73,1.36986301369863
2024,30901,rural,18,hombre,12,61,19.672131147540984
2024,30901,rural,18,mujer,4,61,6.557377049180328
2024,30901,rural,19,hombre,8,50,16.0
2024,30901,rural,19,mujer,8,80,10.0
2024,30901,rural,20,hombre,23,68,33.8235294117647
2024,30901,rural,20,mujer,13,60,21.666666666666668
2024,30901,rural,21,hombre,24,71,33.80281690140845
2024,30901,rural,21,mujer,20,74,27.027027027027028
2024,30901,rural,22,hombre,16,63,25.396825396825395
2024,30901,rural,22,mujer,9,51,17.647058823529413
2024,30901,rural,23,hombre,29,77,37.66233766233766
2024,30901,rural,23,mujer,17,67,25.37313432835821
2024,30901,rural,24,hombre,25,72,34.72222222222222
2024,30901,rural,24,mujer,24,79,30.379746835443036
2024,30901,rural,25,hombre,32,70,45.714285714285715
2024,30901,rural,25,mujer,19,72,26.38888888888889
2024,30901,rural,26,hombre,30,55,54.54545454545455
2024,30901,rural,26,mujer,25,69,36.231884057971016
2024,30901,rural,27,hombre,37,67,55.223880597014926
2024,30901,rural,27,mujer,22,63,34.92063492063492
2024,30901,rural,28,hombre,25,47,53.191489361702125
2024,30901,rural,28,mujer,10,47,21.27659574468085
2024,30901,urbana,16,hombre,62,1454,4.264099037138927
2024,30901,urbana,16,mujer,72,1455,4.948453608247423
2024,30901,urbana,17,hombre,61,1390,4.388489208633094
2024,30901,urbana,17,mujer,66,1494,4.417670682730924
2024,30901,urbana,18,hombre,128,1365,9.377289377289378
2024,30901,urbana,18,mujer,126,1426,8.835904628330995
2024,30901,urbana,19,hombre,148,1390,10.647482014388489
2024,30901,urbana,19,mujer,167,1452,11.50137741046832
2024,30901,urbana,20,hombre,185,1304,14.187116564417177
2024,30901,urbana,20,mujer,198,1458,13.580246913580247
2024,30901,urbana,21,hombre,239,1374,17.394468704512374
2024,30901,urbana,21,mujer,208,1498,13.885180240320427
2024,30901,urbana,22,hombre,232,1298,17.873651771956858
2024,30901,urbana,22,mujer,245,1460,16.78082191780822
2024,30901,urbana,23,hombre,314,1464,21.44808743169399
2024,30901,urbana,23,mujer,278,1578,17.61723700887199
2024,30901,urbana,24,hombre,358,1433,24.98255408234473
2024,30901,urbana,24,mujer,282,1618,17.428924598269468
2024,30901,urbana,25,hombre,334,1265,26.40316205533597
2024,30901,urbana,25,mujer,310,1492,20.777479892761395
2024,30901,urbana,26,hombre,402,1314,30.59360730593607
2024,30901,urbana,26,mujer,322,1448,22.23756906077348
2024,30901,urbana,27,hombre,490,1287,38.07303807303807
2024,30901,urbana,27,mujer,317,1389,22.822174226061914
2024,30901,urbana,28,hombre,462,1237,37.34842360549717
2024,30901,urbana,28,mujer,361,1441,25.05204718945177
2024,30902,rural,16,hombre,15,184,8.152173913043478
2024,30902,rural,16,mujer,10,175,5.714285714285714
2024,30902,rural,17,hombre,14,160,8.75
2024,30902,rural,17,mujer,18,172,10.465116279069768
2024,30902,rural,18,hombre,29,128,22.65625
2024,30902,rural,18,mujer,30,170,17.647058823529413
2024,30902,rural,19,hombre,15,121,12.396694214876034
2024,30902,rural,19,mujer,23,168,13.69047619047619
2024,30902,rural,20,hombre,31,151,20.52980132450331
2024,30902,rural,20,mujer,31,158,19.620253164556964
2024,30902,rural,21,hombre,37,139,26.618705035971225
2024,30902,rural,21,mujer,37,174,21.264367816091955
2024,30902,rural,22,hombre,36,158,22.78481012658228
2024,30902,rural,22,mujer,35,148,23.64864864864865
2024,30902,rural,23,hombre,62,181,34.25414364640884
2024,30902,rural,23,mujer,33,177,18.64406779661017
2024,30902,rural,24,hombre,58,154,37.66233766233766
2024,30902,rural,24,mujer,45,183,24.59016393442623
2024,30902,rural,25,hombre,62,152,40.78947368421053
2024,30902,rural,25,mujer,48,161,29.81366459627329
2024,30902,rural,26,hombre,51,132,38.63636363636363
2024,30902,rural,26,mujer,39,146,26.71232876712329
2024,30902,rural,27,hombre,72,132,54.54545454545455
2024,30902,rural,27,mujer,48,147,32.6530612244898
2024,30902,rural,28,hombre,63,139,45.32374100719424
2024,30902,rural,28,mujer,59,165,35.75757575757576
2024,30902,urbana,16,hombre,22,388,5.670103092783505
2024,30902,urbana,16,mujer,30,373,8.04289544235925
2024,30902,urbana,17,hombre,43,364,11.813186813186814
2024,30902,urbana,17,mujer,46,401,11.471321695760599
2024,30902,urbana,18,hombre,37,294,12.585034013605442
2024,30902,urbana,18,mujer,73,411,17.761557177615572
2024,30902,urbana,19,hombre,53,272,19.485294117647058
2024,30902,urbana,19,mujer,60,367,16.348773841961854
2024,30902,urbana,20,hombre,75,321,23.364485981308412
2024,30902,urbana,20,mujer,66,369,17.88617886178862
2024,30902,urbana,21,hombre,67,298,22.483221476510067
2024,30902,urbana,21,mujer,83,398,20.85427135678392
2024,30902,urbana,22,hombre,83,331,25.075528700906343
2024,30902,urbana,22,mujer,95,369,25.745257452574524
2024,30902,urbana,23,hombre,140,385,36.36363636363637
2024,30902,urbana,23,mujer,111,407,27.272727272727273
2024,30902,urbana,24,hombre,110,328,33.53658536585366
2024,30902,urbana,24,mujer,119,370,32.16216216216216
2024,30902,urbana,25,hombre,130,323,40.247678018575854
2024,30902,urbana,25,mujer,106,389,27.249357326478147
2024,30902,urbana,26,hombre,122,284,42.95774647887324
2024,30902,urbana,26,mujer,108,352,30.681818181818183
2024,30902,urbana,27,hombre,157,310,50.645161290322584
2024,30902,urbana,27,mujer,110,360,30.555555555555557
2024,30902,urbana,28,hombre,137,278,49.280575539568346
2024,30902,urbana,28,mujer,135,385,35.064935064935064
2024,30903,rural,16,hombre,1,43,2.3255813953488373
2024,30903,rural,16,mujer,2,47,4.25531914893617
2024,30903,rural,17,hombre,4,38,10.526315789473685
2024,30903,rural,17,mujer,3,34,8.823529411764707
2024,30903,rural,18,hombre,12,44,27.272727272727273
2024,30903,rural,18,mujer,2,34,5.882352941176471
2024,30903,rural,19,hombre,9,32,28.125
2024,30903,rural,19,mujer,1,28,3.5714285714285716
2024,30903,rural,20,hombre,8,27,29.62962962962963
2024,30903,rural,20,mujer,4,27,14.814814814814815
2024,30903,rural,21,hombre,9,33,27.272727272727273
2024,30903,rural,21,mujer,2,39,5.128205128205129
2024,30903,rural,22,hombre,11,23,47.82608695652174
2024,30903,rural,22,mujer,5,26,19.23076923076923
2024,30903,rural,23,hombre,13,27,48.148148148148145
2024,30903,rural,23,mujer,9,34,26.470588235294116
2024,30903,rural,24,hombre,10,17,58.8235294117647
2024,30903,rural,24,mujer,7,26,26.923076923076923
2024,30903,rural,25,hombre,19,34,55.88235294117647
2024,30903,rural,25,mujer,8,21,38.095238095238095
2024,30903,rural,26,hombre,15,21,71.42857142857143
2024,30903,rural,26,mujer,9,22,40.90909090909091
2024,30903,rural,27,hombre,16,25,64.0
2024,30903,rural,27,mujer,6,26,23.076923076923077
2024,30903,rural,28,hombre,24,28,85.71428571428571
2024,30903,rural,28,mujer,4,27,14.814814814814815
2024,30903,urbana,16,hombre,18,528,3.409090909090909
2024,30903,urbana,16,mujer,13,488,2.6639344262295084
2024,30903,urbana,17,hombre,36,497,7.2434607645875255
2024,30903,urbana,17,mujer,33,495,6.666666666666667
2024,30903,urbana,18,hombre,73,509,14.341846758349705
2024,30903,urbana,18,mujer,61,593,10.286677908937605
2024,30903,urbana,19,hombre,79,509,15.520628683693516
2024,30903,urbana,19,mujer,72,527,13.66223908918406
2024,30903,urbana,20,hombre,77,504,15.277777777777779
2024,30903,urbana,20,mujer,67,547,12.248628884826326
2024,30903,urbana,21,hombre,85,475,17.894736842105264
2024,30903,urbana,21,mujer,79,521,15.163147792706335
2024,30903,urbana,22,hombre,105,504,20.833333333333332
2024,30903,urbana,22,mujer,74,517,14.313346228239846
2024,30903,urbana,23,hombre,103,524,19.65648854961832
2024,30903,urbana,23,mujer,101,559,18.067978533094813
2024,30903,urbana,24,hombre,134,538,24.907063197026023
2024,30903,urbana,24,mujer,91,576,15.79861111111111
2024,30903,urbana,25,hombre,126,500,25.2
2024,30903,urbana,25,mujer,77,532,14.473684210526315
2024,30903,urbana,26,hombre,135,468,28.846153846153847
2024,30903,urbana,26,mujer,109,494,22.06477732793522
2024,30903,urbana,27,hombre,140,454,30.837004405286343
2024,30903,urbana,27,mujer,97,513,18.908382066276804
2024,30903,urbana,28,hombre,170,474,35.86497890295359
2024,30903,urbana,28,mujer,127,513,24.756335282651072
2024,30904,rural,16,hombre,3,90,3.3333333333333335
2024,30904,rural,16,mujer,8,86,9.30232558139535
2024,30904,rural,17,hombre,10,85,11.764705882352942
2024,30904,rural,17,mujer,7,91,7.6923076923076925
2024,30904,rural,18,hombre,13,71,18.309859154929576
2024,30904,rural,18,mujer,8,84,9.523809523809524
2024,30904,rural,19,hombre,8,63,12.698412698412698
2024,30904,rural,19,mujer,11,81,13.580246913580247
2024,30904,rural,20,hombre,11,64,17.1875
2024,30904,rural,20,mujer,15,87,17.24137931034483
2024,30904,rural,21,hombre,15,80,18.75
2024,30904,rural,21,mujer,9,74,12.162162162162161
2024,30904,rural,22,hombre,18,75,24.0
2024,30904,rural,22,mujer,16,65,24.615384615384617
2024,30904,rural,23,hombre,28,92,30.434782608695652
2024,30904,rural,23,mujer,7,69,10.144927536231885
2024,30904,rural,24,hombre,29,68,42.64705882352941
2024,30904,rural,24,mujer,18,85,21.176470588235293
2024,30904,rural,25,hombre,22,56,39.285714285714285
2024,30904,rural,25,mujer,14,69,20.28985507246377
2024,30904,rural,26,hombre,30,64,46.875
2024,30904,rural,26,mujer,26,86,30.232558139534884
2024,30904,rural,27,hombre,31,72,43.05555555555556
2024,30904,rural,27,mujer,17,63,26.984126984126984
2024,30904,rural,28,hombre,42,77,54.54545454545455
2024,30904,rural,28,mujer,29,96,30.208333333333332
2024,30904,urbana,16,hombre,23,466,4.935622317596566
2024,30904,urbana,16,mujer,26,423,6.1465721040189125
2024,30904,urbana,17,hombre,32,420,7.619047619047619
2024,30904,urbana,17,mujer,46,482,9.54356846473029
2024,30904,urbana,18,hombre,51,400,12.75
2024,30904,urbana,18,mujer,52,458,11.353711790393014
2024,30904,urbana,19,hombre,71,378,18.78306878306878
2024,30904,urbana,19,mujer,71,436,16.28440366972477
2024,30904,urbana,20,hombre,107,432,24.76851851851852
2024,30904,urbana,20,mujer,78,482,16.182572614107883
2024,30904,urbana,21,hombre,91,430,21.162790697674417
2024,30904,urbana,21,mujer,88,452,19.469026548672566
2024,30904,urbana,22,hombre,108,452,23.893805309734514
2024,30904,urbana,22,mujer,104,473,21.987315010570825
2024,30904,urbana,23,hombre,145,502,28.884462151394423
2024,30904,urbana,23,mujer,123,532,23.1203007518797
2024,30904,urbana,24,hombre,161,498,32.329317269076306
2024,30904,urbana,24,mujer,117,480,24.375
2024,30904,urbana,25,hombre,160,438,36.529680365296805
2024,30904,urbana,25,mujer,109,461,23.644251626898047
2024,30904,urbana,26,hombre,153,390,39.23076923076923
2024,30904,urbana,26,mujer,130,459,28.32244008714597
2024,30904,urbana,27,hombre,185,417,44.36450839328537
2024,30904,urbana,27,mujer,113,451,25.055432372505543
2024,30904,urbana,28,hombre,184,375,49.06666666666667
2024,30904,urbana,28,mujer,133,460,28.91304347826087
2024,30905,urbana,16,hombre,7,631,1.109350237717908
2024,30905,urbana,16,mujer,10,541,1.8484288354898337
2024,30905,urbana,17,hombre,17,557,3.0520646319569122
2024,30905,urbana,17,mujer,16,581,2.7538726333907055
2024,30905,urbana,18,hombre,34,510,6.666666666666667
2024,30905,urbana,18,mujer,21,589,3.565365025466893
2024,30905,urbana,19,hombre,42,551,7.6225045372050815
2024,30905,urbana,19,mujer,38,559,6.797853309481217
2024,30905,urbana,20,hombre,71,542,13.099630996309964
2024,30905,urbana,20,mujer,51,599,8.514190317195325
2024,30905,urbana,21,hombre,67,559,11.985688729874777
2024,30905,urbana,21,mujer,54,541,9.981515711645102
2024,30905,urbana,22,hombre,78,539,14.471243042671615
2024,30905,urbana,22,mujer,65,588,11.054421768707483
2024,30905,urbana,23,hombre,116,586,19.795221843003414
2024,30905,urbana,23,mujer,72,596,12.080536912751677
2024,30905,urbana,24,hombre,109,581,18.76075731497418
2024,30905,urbana,24,mujer,96,644,14.906832298136646
2024,30905,urbana,25,hombre,131,565,23.1858407079646
2024,30905,urbana,25,mujer,97,592,16.385135135135137
2024,30905,urbana,26,hombre,165,565,29.20353982300885
2024,30905,urbana,26,mujer,103,598,17.224080267558527
2024,30905,urbana,27,hombre,160,517,30.947775628626694
2024,30905,urbana,27,mujer,112,587,19.08006814310051
2024,30905,urbana,28,hombre,169,505,33.46534653465346
2024,30905,urbana,28,mujer,124,573,21.640488656195462
2024,31001,rural,16,hombre,32,239,13.389121338912133
2024,31001,rural,16,mujer,21,254,8.26771653543307
2024,31001,rural,17,hombre,38,234,16.23931623931624
2024,31001,rural,17,mujer,30,236,12.711864406779661
2024,31001,rural,18,hombre,53,203,26.108374384236452
2024,31001,rural,18,mujer,54,243,22.22222222222222
2024,31001,rural,19,hombre,48,227,21.145374449339208
2024,31001,rural,19,mujer,66,241,27.38589211618257
2024,31001,rural,20,hombre,74,227,32.59911894273128
2024,31001,rural,20,mujer,50,216,23.14814814814815
2024,31001,rural,21,hombre,67,222,30.18018018018018
2024,31001,rural,21,mujer,69,253,27.272727272727273
2024,31001,rural,22,hombre,83,222,37.387387387387385
2024,31001,rural,22,mujer,70,247,28.34008097165992
2024,31001,rural,23,hombre,101,244,41.39344262295082
2024,31001,rural,23,mujer,96,266,36.090225563909776
2024,31001,rural,24,hombre,111,241,46.058091286307054
2024,31001,rural,24,mujer,100,254,39.37007874015748
2024,31001,rural,25,hombre,109,193,56.476683937823836
2024,31001,rural,25,mujer,98,254,38.58267716535433
2024,31001,rural,26,hombre,104,214,48.598130841121495
2024,31001,rural,26,mujer,96,246,39.02439024390244
2024,31001,rural,27,hombre,111,199,55.778894472361806
2024,31001,rural,27,mujer,85,217,39.1705069124424
2024,31001,rural,28,hombre,136,213,63.84976525821596
2024,31001,rural,28,mujer,90,230,39.130434782608695
2024,31001,urbana,16,hombre,67,1709,3.920421299005266
2024,31001,urbana,16,mujer,75,1674,4.480286738351254
2024,31001,urbana,17,hombre,119,1672,7.117224880382775
2024,31001,urbana,17,mujer,132,1743,7.573149741824441
2024,31001,urbana,18,hombre,208,1716,12.121212121212121
2024,31001,urbana,18,mujer,269,1800,14.944444444444445
2024,31001,urbana,19,hombre,283,1696,16.68632075471698
2024,31001,urbana,19,mujer,316,1852,17.062634989200863
2024,31001,urbana,20,hombre,336,1770,18.983050847457626
2024,31001,urbana,20,mujer,334,1848,18.073593073593074
2024,31001,urbana,21,hombre,383,1780,21.51685393258427
2024,31001,urbana,21,mujer,354,1866,18.971061093247588
2024,31001,urbana,22,hombre,440,1781,24.705221785513757
2024,31001,urbana,22,mujer,398,1864,21.3519313304721
2024,31001,urbana,23,hombre,466,1883,24.747742963356345
2024,31001,urbana,23,mujer,420,1952,21.516393442622952
2024,31001,urbana,24,hombre,573,1847,31.02328099621007
2024,31001,urbana,24,mujer,445,1995,22.305764411027567
2024,31001,urbana,25,hombre,524,1684,31.116389548693586
2024,31001,urbana,25,mujer,475,1862,25.510204081632654
2024,31001,urbana,26,hombre,596,1661,35.88199879590608
2024,31001,urbana,26,mujer,436,1791,24.34394193188163
2024,31001,urbana,27,hombre,619,1584,39.07828282828283
2024,31001,urbana,27,mujer,466,1706,27.31535756154748
2024,31001,urbana,28,hombre,660,1558,42.36200256739409
2024,31001,urbana,28,mujer,468,1696,27.59433962264151
2024,31002,rural,16,hombre,35,198,17.67676767676768
2024,31002,rural,16,mujer,24,175,13.714285714285714
2024,31002,rural,17,hombre,34,161,21.11801242236025
2024,31002,rural,17,mujer,29,154,18.83116883116883
2024,31002,rural,18,hombre,48,157,30.573248407643312
2024,31002,rural,18,mujer,48,169,28.402366863905325
2024,31002,rural,19,hombre,38,134,28.35820895522388
2024,31002,rural,19,mujer,36,151,23.841059602649008
2024,31002,rural,20,hombre,55,154,35.714285714285715
2024,31002,rural,20,mujer,51,157,32.48407643312102
2024,31002,rural,21,hombre,88,187,47.05882352941177
2024,31002,rural,21,mujer,39,149,26.174496644295303
2024,31002,rural,22,hombre,59,165,35.75757575757576
2024,31002,rural,22,mujer,43,134,32.08955223880597
2024,31002,rural,23,hombre,86,196,43.87755102040816
2024,31002,rural,23,mujer,58,150,38.666666666666664
2024,31002,rural,24,hombre,109,182,59.89010989010989
2024,31002,rural,24,mujer,55,167,32.93413173652694
2024,31002,rural,25,hombre,88,146,60.273972602739725
2024,31002,rural,25,mujer,62,150,41.333333333333336
2024,31002,rural,26,hombre,102,151,67.54966887417218
2024,31002,rural,26,mujer,54,128,42.1875
2024,31002,rural,27,hombre,97,164,59.146341463414636
2024,31002,rural,27,mujer,64,132,48.484848484848484
2024,31002,rural,28,hombre,99,148,66.89189189189189
2024,31002,rural,28,mujer,59,133,44.3609022556391
2024,31002,urbana,16,hombre,2,49,4.081632653061225
2024,31002,urbana,16,mujer,1,42,2.380952380952381
2024,31002,urbana,17,hombre,4,31,12.903225806451612
2024,31002,urbana,17,mujer,10,44,22.727272727272727
2024,31002,urbana,18,hombre,3,29,10.344827586206897
2024,31002,urbana,18,mujer,9,45,20.0
2024,31002,urbana,19,hombre,4,35,11.428571428571429
2024,31002,urbana,19,mujer,8,41,19.51219512195122
2024,31002,urbana,20,hombre,5,28,17.857142857142858
2024,31002,urbana,20,mujer,8,37,21.62162162162162
2024,31002,urbana,21,hombre,10,48,20.833333333333332
2024,31002,urbana,21,mujer,5,42,11.904761904761905
2024,31002,urbana,22,hombre,8,37,21.62162162162162
2024,31002,urbana,22,mujer,6,43,13.953488372093023
2024,31002,urbana,23,hombre,9,33,27.272727272727273
2024,31002,urbana,23,mujer,10,42,23.80952380952381
2024,31002,urbana,24,hombre,14,51,27.45098039215686
2024,31002,urbana,24,mujer,11,41,26.829268292682926
2024,31002,urbana,25,hombre,6,28,21.428571428571427
2024,31002,urbana,25,mujer,17,45,37.77777777777778
2024,31002,urbana,26,hombre,9,32,28.125
2024,31002,urbana,26,mujer,8,33,24.242424242424242
2024,31002,urbana,27,hombre,8,26,30.76923076923077
2024,31002,urbana,27,mujer,14,43,32.55813953488372
2024,31002,urbana,28,hombre,16,31,51.61290322580645
2024,31002,urbana,28,mujer,11,42,26.19047619047619
2024,31003,rural,16,hombre,179,817,21.909424724602204
2024,31003,rural,16,mujer,131,660,19.848484848484848
2024,31003,rural,17,hombre,230,799,28.785982478097623
2024,31003,rural,17,mujer,170,688,24.709302325581394
2024,31003,rural,18,hombre,229,606,37.788778877887786
2024,31003,rural,18,mujer,208,608,34.21052631578947
2024,31003,rural,19,hombre,274,658,41.641337386018236
2024,31003,rural,19,mujer,239,624,38.30128205128205
2024,31003,rural,20,hombre,368,733,50.20463847203274
2024,31003,rural,20,mujer,239,590,40.50847457627118
2024,31003,rural,21,hombre,416,760,54.73684210526316
2024,31003,rural,21,mujer,318,655,48.54961832061068
2024,31003,rural,22,hombre,423,768,55.078125
2024,31003,rural,22,mujer,296,665,44.51127819548872
2024,31003,rural,23,hombre,522,905,57.67955801104972
2024,31003,rural,23,mujer,346,763,45.34731323722149
2024,31003,rural,24,hombre,585,924,63.311688311688314
2024,31003,rural,24,mujer,393,806,48.759305210918114
2024,31003,rural,25,hombre,516,819,63.00366300366301
2024,31003,rural,25,mujer,408,732,55.73770491803279
2024,31003,rural,26,hombre,593,864,68.63425925925925
2024,31003,rural,26,mujer,353,684,51.60818713450293
2024,31003,rural,27,hombre,588,813,72.32472324723247
2024,31003,rural,27,mujer,403,725,55.58620689655172
2024,31003,rural,28,hombre,572,772,74.09326424870466
2024,31003,rural,28,mujer,399,709,56.276445698166434
2024,31003,urbana,16,hombre,17,122,13.934426229508198
2024,31003,urbana,16,mujer,12,110,10.909090909090908
2024,31003,urbana,17,hombre,18,95,18.94736842105263
2024,31003,urbana,17,mujer,19,99,19.19191919191919
2024,31003,urbana,18,hombre,12,82,14.634146341463415
2024,31003,urbana,18,mujer,22,99,22.22222222222222
2024,31003,urbana,19,hombre,30,87,34.48275862068966
2024,31003,urbana,19,mujer,29,104,27.884615384615383
2024,31003,urbana,20,hombre,23,73,31.506849315068493
2024,31003,urbana,20,mujer,26,92,28.26086956521739
2024,31003,urbana,21,hombre,34,88,38.63636363636363
2024,31003,urbana,21,mujer,25,105,23.80952380952381
2024,31003,urbana,22,hombre,32,78,41.02564102564103
2024,31003,urbana,22,mujer,40,101,39.603960396039604
2024,31003,urbana,23,hombre,50,103,48.54368932038835
2024,31003,urbana,23,mujer,39,110,35.45454545454545
2024,31003,urbana,24,hombre,62,125,49.6
2024,31003,urbana,24,mujer,49,121,40.49586776859504
2024,31003,urbana,25,hombre,49,89,55.056179775280896
2024,31003,urbana,25,mujer,56,129,43.41085271317829
2024,31003,urbana,26,hombre,59,116,50.86206896551724
2024,31003,urbana,26,mujer,45,109,41.28440366972477
2024,31003,urbana,27,hombre,68,104,65.38461538461539
2024,31003,urbana,27,mujer,50,87,57.47126436781609
2024,31003,urbana,28,hombre,47,99,47.474747474747474
2024,31003,urbana,28,mujer,45,105,42.857142857142854
2024,31101,rural,16,hombre,24,212,11.320754716981131
2024,31101,rural,16,mujer,24,211,11.374407582938389
2024,31101,rural,17,hombre,39,227,17.180616740088105
2024,31101,rural,17,mujer,26,224,11.607142857142858
2024,31101,rural,18,hombre,39,185,21.08108108108108
2024,31101,rural,18,mujer,38,231,16.450216450216452
2024,31101,rural,19,hombre,46,178,25.84269662921348
2024,31101,rural,19,mujer,30,157,19.10828025477707
2024,31101,rural,20,hombre,62,193,32.12435233160622
2024,31101,rural,20,mujer,23,155,14.838709677419354
2024,31101,rural,21,hombre,86,212,40.56603773584906
2024,31101,rural,21,mujer,35,178,19.662921348314608
2024,31101,rural,22,hombre,93,234,39.743589743589745
2024,31101,rural,22,mujer,28,173,16.184971098265898
2024,31101,rural,23,hombre,109,229,47.59825327510917
2024,31101,rural,23,mujer,42,194,21.649484536082475
2024,31101,rural,24,hombre,104,197,52.79187817258883
2024,31101,rural,24,mujer,41,187,21.925133689839573
2024,31101,rural,25,hombre,85,168,50.595238095238095
2024,31101,rural,25,mujer,47,151,31.125827814569536
2024,31101,rural,26,hombre,115,203,56.65024630541872
2024,31101,rural,26,mujer,60,182,32.967032967032964
2024,31101,rural,27,hombre,112,176,63.63636363636363
2024,31101,rural,27,mujer,59,196,30.102040816326532
2024,31101,rural,28,hombre,110,179,61.452513966480446
2024,31101,rural,28,mujer,44,155,28.387096774193548
2024,31201,rural,16,hombre,20,129,15.503875968992247
2024,31201,rural,16,mujer,8,135,5.925925925925926
2024,31201,rural,17,hombre,24,157,15.286624203821656
2024,31201,rural,17,mujer,13,144,9.027777777777779
2024,31201,rural,18,hombre,23,123,18.69918699186992
2024,31201,rural,18,mujer,23,121,19.00826446280992
2024,31201,rural,19,hombre,42,142,29.577464788732396
2024,31201,rural,19,mujer,22,135,16.296296296296298
2024,31201,rural,20,hombre,47,141,33.333333333333336
2024,31201,rural,20,mujer,20,131,15.267175572519085
2024,31201,rural,21,hombre,66,148,44.5945945945946
2024,31201,rural,21,mujer,26,133,19.548872180451127
2024,31201,rural,22,hombre,67,129,51.93798449612403
2024,31201,rural,22,mujer,25,121,20.66115702479339
2024,31201,rural,23,hombre,96,179,53.63128491620112
2024,31201,rural,23,mujer,34,135,25.185185185185187
2024,31201,rural,24,hombre,80,145,55.172413793103445
2024,31201,rural,24,mujer,42,155,27.096774193548388
2024,31201,rural,25,hombre,83,128,64.84375
2024,31201,rural,25,mujer,32,111,28.82882882882883
2024,31201,rural,26,hombre,86,127,67.71653543307086
2024,31201,rural,26,mujer,43,103,41.74757281553398
2024,31201,rural,27,hombre,69,103,66.99029126213593
2024,31201,rural,27,mujer,29,114,25.43859649122807
2024,31201,rural,28,hombre,92,132,69.6969696969697
2024,31201,rural,28,mujer,34,112,30.357142857142858
2024,31202,rural,16,hombre,13,150,8.666666666666666
2024,31202,rural,16,mujer,8,116,6.896551724137931
2024,31202,rural,17,hombre,17,130,13.076923076923077
2024,31202,rural,17,mujer,9,107,8.411214953271028
2024,31202,rural,18,hombre,7,102,6.862745098039215
2024,31202,rural,18,mujer,13,117,11.11111111111111
2024,31202,rural,19,hombre,21,119,17.647058823529413
2024,31202,rural,19,mujer,17,109,15.596330275229358
2024,31202,rural,20,hombre,31,116,26.724137931034484
2024,31202,rural,20,mujer,13,94,13.829787234042554
2024,31202,rural,21,hombre,21,102,20.58823529411765
2024,31202,rural,21,mujer,17,106,16.037735849056602
2024,31202,rural,22,hombre,32,110,29.09090909090909
2024,31202,rural,22,mujer,24,111,21.62162162162162
2024,31202,rural,23,hombre,47,126,37.301587301587304
2024,31202,rural,23,mujer,22,109,20.18348623853211
2024,31202,rural,24,hombre,59,118,50.0
2024,31202,rural,24,mujer,31,124,25.0
2024,31202,rural,25,hombre,53,110,48.18181818181818
2024,31202,rural,25,mujer,18,101,17.821782178217823
2024,31202,rural,26,hombre,51,103,49.51456310679612
2024,31202,rural,26,mujer,13,92,14.130434782608695
2024,31202,rural,27,hombre,58,95,61.05263157894737
2024,31202,rural,27,mujer,27,100,27.0
2024,31202,rural,28,hombre,62,98,63.265306122448976
2024,31202,rural,28,mujer,16,74,21.62162162162162
2024,31203,rural,16,hombre,6,106,5.660377358490566
2024,31203,rural,16,mujer,4,96,4.166666666666667
2024,31203,rural,17,hombre,11,94,11.702127659574469
2024,31203,rural,17,mujer,9,97,9.278350515463918
2024,31203,rural,18,hombre,14,89,15.730337078651685
2024,31203,rural,18,mujer,12,83,14.457831325301205
2024,31203,rural,19,hombre,21,83,25.301204819277107
2024,31203,rural,19,mujer,9,79,11.39240506329114
2024,31203,rural,20,hombre,26,99,26.262626262626263
2024,31203,rural,20,mujer,10,84,11.904761904761905
2024,31203,rural,21,hombre,36,99,36.36363636363637
2024,31203,rural,21,mujer,12,94,12.76595744680851
2024,31203,rural,22,hombre,38,95,40.0
2024,31203,rural,22,mujer,17,79,21.518987341772153
2024,31203,rural,23,hombre,53,101,52.475247524752476
2024,31203,rural,23,mujer,21,90,23.333333333333332
2024,31203,rural,24,hombre,47,105,44.76190476190476
2024,31203,rural,24,mujer,22,95,23.157894736842106
2024,31203,rural,25,hombre,47,76,61.8421052631579
2024,31203,rural,25,mujer,20,89,22.471910112359552
2024,31203,rural,26,hombre,44,76,57.89473684210526
2024,31203,rural,26,mujer,13,68,19.11764705882353
2024,31203,rural,27,hombre,55,86,63.95348837209303
2024,31203,rural,27,mujer,16,86,18.6046511627907
2024,31203,rural,28,hombre,38,67,56.71641791044776
2024,31203,rural,28,mujer,25,83,30.120481927710845
2024,31204,rural,16,hombre,21,165,12.727272727272727
2024,31204,rural,16,mujer,25,158,15.822784810126583
2024,31204,rural,17,hombre,32,157,20.38216560509554
2024,31204,rural,17,mujer,30,157,19.10828025477707
2024,31204,rural,18,hombre,40,122,32.78688524590164
2024,31204,rural,18,mujer,36,129,27.906976744186046
2024,31204,rural,19,hombre,57,144,39.583333333333336
2024,31204,rural,19,mujer,42,123,34.146341463414636
2024,31204,rural,20,hombre,59,137,43.065693430656935
2024,31204,rural,20,mujer,40,124,32.25806451612903
2024,31204,rural,21,hombre,79,152,51.973684210526315
2024,31204,rural,21,mujer,55,138,39.85507246376812
2024,31204,rural,22,hombre,84,161,52.17391304347826
2024,31204,rural,22,mujer,44,128,34.375
2024,31204,rural,23,hombre,89,152,58.55263157894737
2024,31204,rural,23,mujer,62,144,43.05555555555556
2024,31204,rural,24,hombre,108,194,55.670103092783506
2024,31204,rural,24,mujer,63,165,38.18181818181818
2024,31204,rural,25,hombre,114,164,69.51219512195122
2024,31204,rural,25,mujer,66,134,49.25373134328358
2024,31204,rural,26,hombre,94,143,65.73426573426573
2024,31204,rural,26,mujer,70,155,45.16129032258065
2024,31204,rural,27,hombre,105,153,68.62745098039215
2024,31204,rural,27,mujer,60,132,45.45454545454545
2024,31204,rural,28,hombre,106,163,65.03067484662577
2024,31204,rural,28,mujer,61,121,50.413223140495866
2024,31204,urbana,16,hombre,12,100,12.0
2024,31204,urbana,16,mujer,20,113,17.699115044247787
2024,31204,urbana,17,hombre,16,95,16.842105263157894
2024,31204,urbana,17,mujer,24,123,19.51219512195122
2024,31204,urbana,18,hombre,16,70,22.857142857142858
2024,31204,urbana,18,mujer,24,95,25.263157894736842
2024,31204,urbana,19,hombre,26,82,31.70731707317073
2024,31204,urbana,19,mujer,25,100,25.0
2024,31204,urbana,20,hombre,19,84,22.61904761904762
2024,31204,urbana,20,mujer,19,74,25.675675675675677
2024,31204,urbana,21,hombre,30,78,38.46153846153846
2024,31204,urbana,21,mujer,17,90,18.88888888888889
2024,31204,urbana,22,hombre,44,92,47.82608695652174
2024,31204,urbana,22,mujer,25,89,28.089887640449437
2024,31204,urbana,23,hombre,54,112,48.214285714285715
2024,31204,urbana,23,mujer,31,114,27.19298245614035
2024,31204,urbana,24,hombre,43,101,42.57425742574257
2024,31204,urbana,24,mujer,48,107,44.85981308411215
2024,31204,urbana,25,hombre,52,94,55.319148936170215
2024,31204,urbana,25,mujer,53,110,48.18181818181818
2024,31204,urbana,26,hombre,45,81,55.55555555555556
2024,31204,urbana,26,mujer,48,107,44.85981308411215
2024,31204,urbana,27,hombre,48,82,58.53658536585366
2024,31204,urbana,27,mujer,48,95,50.526315789473685
2024,31204,urbana,28,hombre,43,79,54.43037974683544
2024,31204,urbana,28,mujer,43,104,41.34615384615385
2024,31205,rural,16,hombre,76,429,17.715617715617714
2024,31205,rural,16,mujer,58,352,16.477272727272727
2024,31205,rural,17,hombre,88,390,22.564102564102566
2024,31205,rural,17,mujer,87,364,23.9010989010989
2024,31205,rural,18,hombre,85,283,30.035335689045937
2024,31205,rural,18,mujer,69,293,23.549488054607508
2024,31205,rural,19,hombre,95,305,31.147540983606557
2024,31205,rural,19,mujer,86,324,26.54320987654321
2024,31205,rural,20,hombre,157,377,41.644562334217504
2024,31205,rural,20,mujer,123,314,39.17197452229299
2024,31205,rural,21,hombre,178,383,46.47519582245431
2024,31205,rural,21,mujer,124,346,35.83815028901734
2024,31205,rural,22,hombre,186,407,45.7002457002457
2024,31205,rural,22,mujer,143,384,37.239583333333336
2024,31205,rural,23,hombre,236,479,49.26931106471816
2024,31205,rural,23,mujer,165,392,42.09183673469388
2024,31205,rural,24,hombre,244,451,54.1019955654102
2024,31205,rural,24,mujer,178,428,41.58878504672897
2024,31205,rural,25,hombre,224,393,56.99745547073791
2024,31205,rural,25,mujer,153,356,42.97752808988764
2024,31205,rural,26,hombre,253,412,61.407766990291265
2024,31205,rural,26,mujer,155,326,47.54601226993865
2024,31205,rural,27,hombre,255,425,60.0
2024,31205,rural,27,mujer,163,366,44.53551912568306
2024,31205,rural,28,hombre,288,431,66.82134570765662
2024,31205,rural,28,mujer,174,381,45.669291338582674
2024,31205,urbana,16,hombre,36,223,16.143497757847534
2024,31205,urbana,16,mujer,53,247,21.45748987854251
2024,31205,urbana,17,hombre,51,212,24.056603773584907
2024,31205,urbana,17,mujer,60,229,26.200873362445414
2024,31205,urbana,18,hombre,47,155,30.322580645161292
2024,31205,urbana,18,mujer,49,199,24.623115577889447
2024,31205,urbana,19,hombre,50,167,29.940119760479043
2024,31205,urbana,19,mujer,65,209,31.10047846889952
2024,31205,urbana,20,hombre,64,203,31.527093596059114
2024,31205,urbana,20,mujer,61,215,28.372093023255815
2024,31205,urbana,21,hombre,80,196,40.816326530612244
2024,31205,urbana,21,mujer,81,219,36.986301369863014
2024,31205,urbana,22,hombre,79,189,41.7989417989418
2024,31205,urbana,22,mujer,75,220,34.09090909090909
2024,31205,urbana,23,hombre,94,197,47.71573604060914
2024,31205,urbana,23,mujer,77,233,33.047210300429185
2024,31205,urbana,24,hombre,115,225,51.111111111111114
2024,31205,urbana,24,mujer,104,246,42.27642276422764
2024,31205,urbana,25,hombre,104,208,50.0
2024,31205,urbana,25,mujer,100,223,44.84304932735426
2024,31205,urbana,26,hombre,116,205,56.58536585365854
2024,31205,urbana,26,mujer,104,228,45.6140350877193
2024,31205,urbana,27,hombre,117,191,61.2565445026178
2024,31205,urbana,27,mujer,105,229,45.851528384279476
2024,31205,urbana,28,hombre,133,196,67.85714285714286
2024,31205,urbana,28,mujer,113,249,45.381526104417674
2024,31206,rural,16,hombre,35,125,28.0
2024,31206,rural,16,mujer,20,100,20.0
2024,31206,rural,17,hombre,46,135,34.074074074074076
2024,31206,rural,17,mujer,28,114,24.56140350877193
2024,31206,rural,18,hombre,41,112,36.607142857142854
2024,31206,rural,18,mujer,21,90,23.333333333333332
2024,31206,rural,19,hombre,62,150,41.333333333333336
2024,31206,rural,19,mujer,33,105,31.428571428571427
2024,31206,rural,20,hombre,45,107,42.05607476635514
2024,31206,rural,20,mujer,43,104,41.34615384615385
2024,31206,rural,21,hombre,77,158,48.734177215189874
2024,31206,rural,21,mujer,47,123,38.21138211382114
2024,31206,rural,22,hombre,65,128,50.78125
2024,31206,rural,22,mujer,44,124,35.483870967741936
2024,31206,rural,23,hombre,110,201,54.72636815920398
2024,31206,rural,23,mujer,69,137,50.36496350364963
2024,31206,rural,24,hombre,103,196,52.55102040816327
2024,31206,rural,24,mujer,71,131,54.19847328244275
2024,31206,rural,25,hombre,112,185,60.54054054054054
2024,31206,rural,25,mujer,72,142,50.70422535211268
2024,31206,rural,26,hombre,113,168,67.26190476190476
2024,31206,rural,26,mujer,68,123,55.28455284552845
2024,31206,rural,27,hombre,117,171,68.42105263157895
2024,31206,rural,27,mujer,79,136,58.088235294117645
2024,31206,rural,28,hombre,103,167,61.67664670658683
2024,31206,rural,28,mujer,95,156,60.8974358974359
2024,31206,urbana,16,hombre,41,273,15.018315018315018
2024,31206,urbana,16,mujer,45,317,14.195583596214512
2024,31206,urbana,17,hombre,47,290,16.20689655172414
2024,31206,urbana,17,mujer,60,334,17.964071856287426
2024,31206,urbana,18,hombre,59,272,21.691176470588236
2024,31206,urbana,18,mujer,67,285,23.50877192982456
2024,31206,urbana,19,hombre,63,212,29.71698113207547
2024,31206,urbana,19,mujer,86,279,30.82437275985663
2024,31206,urbana,20,hombre,81,233,34.76394849785408
2024,31206,urbana,20,mujer,88,269,32.71375464684015
2024,31206,urbana,21,hombre,81,217,37.327188940092164
2024,31206,urbana,21,mujer,98,282,34.751773049645394
2024,31206,urbana,22,hombre,91,242,37.603305785123965
2024,31206,urbana,22,mujer,110,287,38.32752613240418
2024,31206,urbana,23,hombre,96,257,37.35408560311284
2024,31206,urbana,23,mujer,137,330,41.515151515151516
2024,31206,urbana,24,hombre,141,288,48.958333333333336
2024,31206,urbana,24,mujer,147,316,46.51898734177215
2024,31206,urbana,25,hombre,133,246,54.0650406504065
2024,31206,urbana,25,mujer,124,282,43.97163120567376
2024,31206,urbana,26,hombre,134,242,55.37190082644628
2024,31206,urbana,26,mujer,146,293,49.829351535836174
2024,31206,urbana,27,hombre,146,246,59.34959349593496
2024,31206,urbana,27,mujer,120,280,42.857142857142854
2024,31206,urbana,28,hombre,140,251,55.776892430278885
2024,31206,urbana,28,mujer,150,323,46.43962848297214
2024,31301,rural,16,hombre,8,132,6.0606060606060606
2024,31301,rural,16,mujer,8,120,6.666666666666667
2024,31301,rural,17,hombre,7,144,4.861111111111111
2024,31301,rural,17,mujer,11,116,9.482758620689655
2024,31301,rural,18,hombre,19,98,19.387755102040817
2024,31301,rural,18,mujer,11,113,9.734513274336283
2024,31301,rural,19,hombre,14,96,14.583333333333334
2024,31301,rural,19,mujer,16,106,15.09433962264151
2024,31301,rural,20,hombre,14,83,16.867469879518072
2024,31301,rural,20,mujer,25,110,22.727272727272727
2024,31301,rural,21,hombre,33,92,35.869565217391305
2024,31301,rural,21,mujer,22,94,23.404255319148938
2024,31301,rural,22,hombre,33,109,30.275229357798164
2024,31301,rural,22,mujer,17,89,19.10112359550562
2024,31301,rural,23,hombre,41,106,38.679245283018865
2024,31301,rural,23,mujer,23,111,20.72072072072072
2024,31301,rural,24,hombre,42,111,37.83783783783784
2024,31301,rural,24,mujer,23,109,21.10091743119266
2024,31301,rural,25,hombre,39,91,42.857142857142854
2024,31301,rural,25,mujer,29,112,25.892857142857142
2024,31301,rural,26,hombre,47,96,48.958333333333336
2024,31301,rural,26,mujer,23,105,21.904761904761905
2024,31301,rural,27,hombre,48,96,50.0
2024,31301,rural,27,mujer,30,79,37.9746835443038
2024,31301,rural,28,hombre,48,100,48.0
2024,31301,rural,28,mujer,24,85,28.235294117647058
2024,31301,urbana,16,hombre,4,67,5.970149253731344
2024,31301,urbana,16,mujer,5,59,8.474576271186441
2024,31301,urbana,17,hombre,4,56,7.142857142857143
2024,31301,urbana,17,mujer,10,60,16.666666666666668
2024,31301,urbana,18,hombre,10,49,20.408163265306122
2024,31301,urbana,18,mujer,8,55,14.545454545454545
2024,31301,urbana,19,hombre,7,30,23.333333333333332
2024,31301,urbana,19,mujer,15,34,44.11764705882353
2024,31301,urbana,20,hombre,14,45,31.11111111111111
2024,31301,urbana,20,mujer,11,48,22.916666666666668
2024,31301,urbana,21,hombre,4,31,12.903225806451612
2024,31301,urbana,21,mujer,12,48,25.0
2024,31301,urbana,22,hombre,12,45,26.666666666666668
2024,31301,urbana,22,mujer,8,49,16.3265306122449
2024,31301,urbana,23,hombre,29,52,55.76923076923077
2024,31301,urbana,23,mujer,13,51,25.49019607843137
2024,31301,urbana,24,hombre,23,45,51.111111111111114
2024,31301,urbana,24,mujer,15,55,27.272727272727273
2024,31301,urbana,25,hombre,20,35,57.142857142857146
2024,31301,urbana,25,mujer,12,49,24.489795918367346
2024,31301,urbana,26,hombre,23,46,50.0
2024,31301,urbana,26,mujer,12,41,29.26829268292683
2024,31301,urbana,27,hombre,34,57,59.64912280701754
2024,31301,urbana,27,mujer,13,50,26.0
2024,31301,urbana,28,hombre,25,40,62.5
2024,31301,urbana,28,mujer,14,58,24.137931034482758
2024,31302,rural,16,hombre,12,51,23.529411764705884
2024,31302,rural,16,mujer,4,40,10.0
2024,31302,rural,17,hombre,14,54,25.925925925925927
2024,31302,rural,17,mujer,7,40,17.5
2024,31302,rural,18,hombre,14,43,32.55813953488372
2024,31302,rural,18,mujer,9,51,17.647058823529413
2024,31302,rural,19,hombre,18,50,36.0
2024,31302,rural,19,mujer,9,46,19.565217391304348
2024,31302,rural,20,hombre,13,44,29.545454545454547
2024,31302,rural,20,mujer,10,45,22.22222222222222
2024,31302,rural,21,hombre,20,53,37.735849056603776
2024,31302,rural,21,mujer,20,44,45.45454545454545
2024,31302,rural,22,hombre,27,49,55.10204081632653
2024,31302,rural,22,mujer,9,38,23.68421052631579
2024,31302,rural,23,hombre,24,51,47.05882352941177
2024,31302,rural,23,mujer,11,42,26.19047619047619
2024,31302,rural,24,hombre,19,43,44.18604651162791
2024,31302,rural,24,mujer,17,47,36.170212765957444
2024,31302,rural,25,hombre,21,41,51.21951219512195
2024,31302,rural,25,mujer,17,48,35.416666666666664
2024,31302,rural,26,hombre,14,31,45.16129032258065
2024,31302,rural,26,mujer,13,35,37.142857142857146
2024,31302,rural,27,hombre,15,31,48.38709677419355
2024,31302,rural,27,mujer,10,21,47.61904761904762
2024,31302,rural,28,hombre,22,35,62.857142857142854
2024,31302,rural,28,mujer,19,36,52.77777777777778
2024,31303,rural,16,hombre,4,42,9.523809523809524
2024,31303,rural,16,mujer,5,27,18.51851851851852
2024,31303,rural,17,hombre,4,35,11.428571428571429
2024,31303,rural,17,mujer,3,25,12.0
2024,31303,rural,18,hombre,7,47,14.893617021276595
2024,31303,rural,18,mujer,6,22,27.272727272727273
2024,31303,rural,19,hombre,9,43,20.930232558139537
2024,31303,rural,19,mujer,2,32,6.25
2024,31303,rural,20,hombre,3,26,11.538461538461538
2024,31303,rural,20,mujer,3,29,10.344827586206897
2024,31303,rural,21,hombre,7,27,25.925925925925927
2024,31303,rural,21,mujer,9,37,24.324324324324323
2024,31303,rural,22,hombre,11,37,29.72972972972973
2024,31303,rural,22,mujer,4,24,16.666666666666668
2024,31303,rural,23,hombre,16,44,36.36363636363637
2024,31303,rural,23,mujer,10,41,24.390243902439025
2024,31303,rural,24,hombre,12,39,30.76923076923077
2024,31303,rural,24,mujer,3,27,11.11111111111111
2024,31303,rural,25,hombre,12,33,36.36363636363637
2024,31303,rural,25,mujer,9,41,21.951219512195124
2024,31303,rural,26,hombre,12,24,50.0
2024,31303,rural,26,mujer,2,22,9.090909090909092
2024,31303,rural,27,hombre,6,29,20.689655172413794
2024,31303,rural,27,mujer,12,28,42.857142857142854
2024,31303,rural,28,hombre,19,32,59.375
2024,31303,rural,28,mujer,7,30,23.333333333333332
2024,31304,rural,16,hombre,16,110,14.545454545454545
2024,31304,rural,16,mujer,8,83,9.63855421686747
2024,31304,rural,17,hombre,17,99,17.171717171717173
2024,31304,rural,17,mujer,11,95,11.578947368421053
2024,31304,rural,18,hombre,17,82,20.73170731707317
2024,31304,rural,18,mujer,7,72,9.722222222222221
2024,31304,rural,19,hombre,22,85,25.88235294117647
2024,31304,rural,19,mujer,11,79,13.924050632911392
2024,31304,rural,20,hombre,21,86,24.41860465116279
2024,31304,rural,20,mujer,14,89,15.730337078651685
2024,31304,rural,21,hombre,23,64,35.9375
2024,31304,rural,21,mujer,9,52,17.307692307692307
2024,31304,rural,22,hombre,20,69,28.985507246376812
2024,31304,rural,22,mujer,9,51,17.647058823529413
2024,31304,rural,23,hombre,29,73,39.726027397260275
2024,31304,rural,23,mujer,17,69,24.63768115942029
2024,31304,rural,24,hombre,34,80,42.5
2024,31304,rural,24,mujer,17,57,29.82456140350877
2024,31304,rural,25,hombre,25,64,39.0625
2024,31304,rural,25,mujer,12,62,19.35483870967742
2024,31304,rural,26,hombre,30,60,50.0
2024,31304,rural,26,mujer,8,45,17.77777777777778
2024,31304,rural,27,hombre,31,39,79.48717948717949
2024,31304,rural,27,mujer,9,48,18.75
2024,31304,rural,28,hombre,38,61,62.295081967213115
2024,31304,rural,28,mujer,13,39,33.333333333333336
2024,31401,rural,16,hombre,3,64,4.6875
2024,31401,rural,16,mujer,5,49,10.204081632653061
2024,31401,rural,17,hombre,4,56,7.142857142857143
2024,31401,rural,17,mujer,2,49,4.081632653061225
2024,31401,rural,18,hombre,2,46,4.3478260869565215
2024,31401,rural,18,mujer,4,66,6.0606060606060606
2024,31401,rural,19,hombre,9,47,19.148936170212767
2024,31401,rural,19,mujer,11,58,18.96551724137931
2024,31401,rural,20,hombre,13,59,22.033898305084747
2024,31401,rural,20,mujer,2,40,5.0
2024,31401,rural,21,hombre,17,61,27.868852459016395
2024,31401,rural,21,mujer,5,56,8.928571428571429
2024,31401,rural,22,hombre,10,46,21.73913043478261
2024,31401,rural,22,mujer,10,56,17.857142857142858
2024,31401,rural,23,hombre,19,52,36.53846153846154
2024,31401,rural,23,mujer,19,82,23.170731707317074
2024,31401,rural,24,hombre,22,79,27.848101265822784
2024,31401,rural,24,mujer,15,79,18.9873417721519
2024,31401,rural,25,hombre,13,48,27.083333333333332
2024,31401,rural,25,mujer,10,56,17.857142857142858
2024,31401,rural,26,hombre,17,50,34.0
2024,31401,rural,26,mujer,13,68,19.11764705882353
2024,31401,rural,27,hombre,24,55,43.63636363636363
2024,31401,rural,27,mujer,19,68,27.941176470588236
2024,31401,rural,28,hombre,34,68,50.0
2024,31401,rural,28,mujer,15,67,22.388059701492537
2024,31401,urbana,16,hombre,12,223,5.381165919282512
2024,31401,urbana,16,mujer,20,228,8.771929824561404
2024,31401,urbana,17,hombre,20,218,9.174311926605505
2024,31401,urbana,17,mujer,10,209,4.784688995215311
2024,31401,urbana,18,hombre,16,180,8.88888888888889
2024,31401,urbana,18,mujer,23,243,9.465020576131687
2024,31401,urbana,19,hombre,26,198,13.131313131313131
2024,31401,urbana,19,mujer,19,223,8.52017937219731
2024,31401,urbana,20,hombre,32,189,16.93121693121693
2024,31401,urbana,20,mujer,30,205,14.634146341463415
2024,31401,urbana,21,hombre,36,193,18.65284974093264
2024,31401,urbana,21,mujer,26,207,12.560386473429952
2024,31401,urbana,22,hombre,47,203,23.15270935960591
2024,31401,urbana,22,mujer,30,246,12.195121951219512
2024,31401,urbana,23,hombre,65,235,27.659574468085108
2024,31401,urbana,23,mujer,35,239,14.644351464435147
2024,31401,urbana,24,hombre,63,223,28.251121076233183
2024,31401,urbana,24,mujer,46,227,20.26431718061674
2024,31401,urbana,25,hombre,65,245,26.53061224489796
2024,31401,urbana,25,mujer,44,248,17.741935483870968
2024,31401,urbana,26,hombre,62,194,31.95876288659794
2024,31401,urbana,26,mujer,52,243,21.39917695473251
2024,31401,urbana,27,hombre,63,178,35.39325842696629
2024,31401,urbana,27,mujer,51,231,22.07792207792208
2024,31401,urbana,28,hombre,80,192,41.666666666666664
2024,31401,urbana,28,mujer,61,235,25.95744680851064
2024,31402,rural,16,hombre,2,57,3.508771929824561
2024,31402,rural,16,mujer,4,51,7.8431372549019605
2024,31402,rural,17,hombre,5,42,11.904761904761905
2024,31402,rural,17,mujer,2,38,5.2631578947368425
2024,31402,rural,18,hombre,6,32,18.75
2024,31402,rural,18,mujer,3,55,5.454545454545454
2024,31402,rural,19,hombre,1,36,2.7777777777777777
2024,31402,rural,19,mujer,5,43,11.627906976744185
2024,31402,rural,20,hombre,2,38,5.2631578947368425
2024,31402,rural,20,mujer,6,44,13.636363636363637
2024,31402,rural,21,hombre,13,52,25.0
2024,31402,rural,21,mujer,7,42,16.666666666666668
2024,31402,rural,22,hombre,6,41,14.634146341463415
2024,31402,rural,22,mujer,3,34,8.823529411764707
2024,31402,rural,23,hombre,9,47,19.148936170212767
2024,31402,rural,23,mujer,3,40,7.5
2024,31402,rural,24,hombre,7,39,17.94871794871795
2024,31402,rural,24,mujer,9,39,23.076923076923077
2024,31402,rural,25,hombre,7,34,20.58823529411765
2024,31402,rural,25,mujer,9,46,19.565217391304348
2024,31402,rural,26,hombre,13,39,33.333333333333336
2024,31402,rural,26,mujer,9,49,18.367346938775512
2024,31402,rural,27,hombre,17,41,41.46341463414634
2024,31402,rural,27,mujer,8,45,17.77777777777778
2024,31402,rural,28,hombre,24,50,48.0
2024,31402,rural,28,mujer,9,38,23.68421052631579
2024,31402,urbana,16,hombre,14,32,43.75
2024,31402,urbana,16,mujer,5,24,20.833333333333332
2024,31402,urbana,17,hombre,7,33,21.21212121212121
2024,31402,urbana,17,mujer,7,33,21.21212121212121
2024,31402,urbana,18,hombre,9,26,34.61538461538461
2024,31402,urbana,18,mujer,11,31,35.483870967741936
2024,31402,urbana,19,hombre,15,29,51.724137931034484
2024,31402,urbana,19,mujer,19,37,51.351351351351354
2024,31402,urbana,20,hombre,13,28,46.42857142857143
2024,31402,urbana,20,mujer,8,24,33.333333333333336
2024,31402,urbana,21,hombre,25,36,69.44444444444444
2024,31402,urbana,21,mujer,10,19,52.63157894736842
2024,31402,urbana,22,hombre,12,23,52.17391304347826
2024,31402,urbana,22,mujer,12,28,42.857142857142854
2024,31402,urbana,23,hombre,14,20,70.0
2024,31402,urbana,23,mujer,18,32,56.25
2024,31402,urbana,24,hombre,15,28,53.57142857142857
2024,31402,urbana,24,mujer,17,36,47.22222222222222
2024,31402,urbana,25,hombre,11,21,52.38095238095238
2024,31402,urbana,25,mujer,6,22,27.272727272727273
2024,31402,urbana,26,hombre,13,20,65.0
2024,31402,urbana,26,mujer,20,29,68.96551724137932
2024,31402,urbana,27,hombre,19,25,76.0
2024,31402,urbana,27,mujer,15,24,62.5
2024,31402,urbana,28,hombre,8,14,57.142857142857146
2024,31402,urbana,28,mujer,10,21,47.61904761904762
2024,31403,rural,16,hombre,0,29,0.0
2024,31403,rural,16,mujer,1,38,2.6315789473684212
2024,31403,rural,17,hombre,0,35,0.0
2024,31403,rural,17,mujer,0,28,0.0
2024,31403,rural,18,hombre,6,35,17.142857142857142
2024,31403,rural,18,mujer,1,35,2.857142857142857
2024,31403,rural,19,hombre,8,35,22.857142857142858
2024,31403,rural,19,mujer,2,34,5.882352941176471
2024,31403,rural,20,hombre,6,40,15.0
2024,31403,rural,20,mujer,2,35,5.714285714285714
2024,31403,rural,21,hombre,5,29,17.24137931034483
2024,31403,rural,21,mujer,2,35,5.714285714285714
2024,31403,rural,22,hombre,7,35,20.0
2024,31403,rural,22,mujer,4,36,11.11111111111111
2024,31403,rural,23,hombre,4,29,13.793103448275861
2024,31403,rural,23,mujer,9,42,21.428571428571427
2024,31403,rural,24,hombre,7,28,25.0
2024,31403,rural,24,mujer,10,38,26.31578947368421
2024,31403,rural,25,hombre,9,27,33.333333333333336
2024,31403,rural,25,mujer,8,36,22.22222222222222
2024,31403,rural,26,hombre,7,28,25.0
2024,31403,rural,26,mujer,5,26,19.23076923076923
2024,31403,rural,27,hombre,7,40,17.5
2024,31403,rural,27,mujer,4,24,16.666666666666668
2024,31403,rural,28,hombre,19,42,45.23809523809524
2024,31403,rural,28,mujer,7,36,19.444444444444443
2024,31403,urbana,16,hombre,5,61,8.19672131147541
2024,31403,urbana,16,mujer,8,81,9.876543209876543
2024,31403,urbana,17,hombre,2,90,2.2222222222222223
2024,31403,urbana,17,mujer,3,63,4.761904761904762
2024,31403,urbana,18,hombre,9,69,13.043478260869565
2024,31403,urbana,18,mujer,6,68,8.823529411764707
2024,31403,urbana,19,hombre,7,74,9.45945945945946
2024,31403,urbana,19,mujer,5,67,7.462686567164179
2024,31403,urbana,20,hombre,9,66,13.636363636363637
2024,31403,urbana,20,mujer,8,68,11.764705882352942
2024,31403,urbana,21,hombre,4,61,6.557377049180328
2024,31403,urbana,21,mujer,13,63,20.634920634920636
2024,31403,urbana,22,hombre,10,75,13.333333333333334
2024,31403,urbana,22,mujer,15,70,21.428571428571427
2024,31403,urbana,23,hombre,16,59,27.11864406779661
2024,31403,urbana,23,mujer,12,85,14.117647058823529
2024,31403,urbana,24,hombre,24,81,29.62962962962963
2024,31403,urbana,24,mujer,15,71,21.12676056338028
2024,31403,urbana,25,hombre,18,57,31.57894736842105
2024,31403,urbana,25,mujer,16,60,26.666666666666668
2024,31403,urbana,26,hombre,32,92,34.78260869565217
2024,31403,urbana,26,mujer,16,72,22.22222222222222
2024,31403,urbana,27,hombre,22,59,37.28813559322034
2024,31403,urbana,27,mujer,13,72,18.055555555555557
2024,31403,urbana,28,hombre,28,68,41.1764705882353
2024,31403,urbana,28,mujer,18,70,25.714285714285715
2024,31404,rural,16,hombre,0,16,0.0
2024,31404,rural,16,mujer,0,9,0.0
2024,31404,rural,17,hombre,0,11,0.0
2024,31404,rural,17,mujer,0,4,0.0
2024,31404,rural,18,hombre,1,10,10.0
2024,31404,rural,18,mujer,2,11,18.181818181818183
2024,31404,rural,19,hombre,0,11,0.0
2024,31404,rural,19,mujer,2,7,28.571428571428573
2024,31404,rural,20,hombre,1,11,9.090909090909092
2024,31404,rural,20,mujer,0,6,0.0
2024,31404,rural,21,hombre,3,7,42.857142857142854
2024,31404,rural,21,mujer,1,14,7.142857142857143
2024,31404,rural,22,hombre,4,7,57.142857142857146
2024,31404,rural,22,mujer,2,10,20.0
2024,31404,rural,23,hombre,0,6,0.0
2024,31404,rural,23,mujer,1,8,12.5
2024,31404,rural,24,hombre,2,6,33.333333333333336
2024,31404,rural,24,mujer,2,14,14.285714285714286
2024,31404,rural,25,hombre,4,10,40.0
2024,31404,rural,25,mujer,0,3,0.0
2024,31404,rural,26,hombre,7,11,63.63636363636363
2024,31404,rural,26,mujer,4,10,40.0
2024,31404,rural,27,hombre,2,6,33.333333333333336
2024,31404,rural,27,mujer,2,12,16.666666666666668
2024,31404,rural,28,hombre,4,8,50.0
2024,31404,rural,28,mujer,0,8,0.0
2024,31405,rural,16,hombre,1,31,3.225806451612903
2024,31405,rural,16,mujer,0,38,0.0
2024,31405,rural,17,hombre,0,26,0.0
2024,31405,rural,17,mujer,0,25,0.0
2024,31405,rural,18,hombre,1,29,3.4482758620689653
2024,31405,rural,18,mujer,1,30,3.3333333333333335
2024,31405,rural,19,hombre,3,40,7.5
2024,31405,rural,19,mujer,2,24,8.333333333333334
2024,31405,rural,20,hombre,4,29,13.793103448275861
2024,31405,rural,20,mujer,1,42,2.380952380952381
2024,31405,rural,21,hombre,2,28,7.142857142857143
2024,31405,rural,21,mujer,1,17,5.882352941176471
2024,31405,rural,22,hombre,2,28,7.142857142857143
2024,31405,rural,22,mujer,4,24,16.666666666666668
2024,31405,rural,23,hombre,1,25,4.0
2024,31405,rural,23,mujer,7,30,23.333333333333332
2024,31405,rural,24,hombre,8,42,19.047619047619047
2024,31405,rural,24,mujer,3,33,9.090909090909092
2024,31405,rural,25,hombre,10,32,31.25
2024,31405,rural,25,mujer,10,47,21.27659574468085
2024,31405,rural,26,hombre,5,21,23.80952380952381
2024,31405,rural,26,mujer,5,27,18.51851851851852
2024,31405,rural,27,hombre,5,28,17.857142857142858
2024,31405,rural,27,mujer,2,21,9.523809523809524
2024,31405,rural,28,hombre,8,24,33.333333333333336
2024,31405,rural,28,mujer,6,40,15.0
2024,31501,rural,16,hombre,14,91,15.384615384615385
2024,31501,rural,16,mujer,4,62,6.451612903225806
2024,31501,rural,17,hombre,6,81,7.407407407407407
2024,31501,rural,17,mujer,3,55,5.454545454545454
2024,31501,rural,18,hombre,13,49,26.53061224489796
2024,31501,rural,18,mujer,7,48,14.583333333333334
2024,31501,rural,19,hombre,7,54,12.962962962962964
2024,31501,rural,19,mujer,6,56,10.714285714285714
2024,31501,rural,20,hombre,16,58,27.586206896551722
2024,31501,rural,20,mujer,5,68,7.352941176470588
2024,31501,rural,21,hombre,26,76,34.21052631578947
2024,31501,rural,21,mujer,11,53,20.754716981132077
2024,31501,rural,22,hombre,37,82,45.1219512195122
2024,31501,rural,22,mujer,6,44,13.636363636363637
2024,31501,rural,23,hombre,41,85,48.23529411764706
2024,31501,rural,23,mujer,9,71,12.67605633802817
2024,31501,rural,24,hombre,56,93,60.215053763440864
2024,31501,rural,24,mujer,12,62,19.35483870967742
2024,31501,rural,25,hombre,36,64,56.25
2024,31501,rural,25,mujer,12,59,20.338983050847457
2024,31501,rural,26,hombre,32,52,61.53846153846154
2024,31501,rural,26,mujer,13,57,22.80701754385965
2024,31501,rural,27,hombre,56,78,71.7948717948718
2024,31501,rural,27,mujer,10,55,18.181818181818183
2024,31501,rural,28,hombre,48,73,65.75342465753425
2024,31501,rural,28,mujer,7,42,16.666666666666668
2024,31601,rural,16,hombre,9,172,5.232558139534884
2024,31601,rural,16,mujer,8,176,4.545454545454546
2024,31601,rural,17,hombre,15,139,10.79136690647482
2024,31601,rural,17,mujer,8,163,4.9079754601226995
2024,31601,rural,18,hombre,24,130,18.46153846153846
2024,31601,rural,18,mujer,11,126,8.73015873015873
2024,31601,rural,19,hombre,20,128,15.625
2024,31601,rural,19,mujer,5,103,4.854368932038835
2024,31601,rural,20,hombre,31,111,27.92792792792793
2024,31601,rural,20,mujer,18,109,16.513761467889907
2024,31601,rural,21,hombre,30,133,22.55639097744361
2024,31601,rural,21,mujer,29,126,23.015873015873016
2024,31601,rural,22,hombre,30,118,25.423728813559322
2024,31601,rural,22,mujer,18,117,15.384615384615385
2024,31601,rural,23,hombre,41,139,29.496402877697843
2024,31601,rural,23,mujer,29,126,23.015873015873016
2024,31601,rural,24,hombre,53,134,39.55223880597015
2024,31601,rural,24,mujer,32,145,22.06896551724138
2024,31601,rural,25,hombre,60,121,49.586776859504134
2024,31601,rural,25,mujer,24,119,20.168067226890756
2024,31601,rural,26,hombre,50,117,42.73504273504273
2024,31601,rural,26,mujer,15,97,15.463917525773196
2024,31601,rural,27,hombre,56,112,50.0
2024,31601,rural,27,mujer,30,97,30.927835051546392
2024,31601,rural,28,hombre,59,114,51.75438596491228
2024,31601,rural,28,mujer,27,96,28.125
2024,31601,urbana,16,hombre,3,21,14.285714285714286
2024,31601,urbana,16,mujer,1,35,2.857142857142857
2024,31601,urbana,17,hombre,1,28,3.5714285714285716
2024,31601,urbana,17,mujer,1,24,4.166666666666667
2024,31601,urbana,18,hombre,3,15,20.0
2024,31601,urbana,18,mujer,0,19,0.0
2024,31601,urbana,19,hombre,1,18,5.555555555555555
2024,31601,urbana,19,mujer,0,23,0.0
2024,31601,urbana,20,hombre,1,19,5.2631578947368425
2024,31601,urbana,20,mujer,2,19,10.526315789473685
2024,31601,urbana,21,hombre,1,20,5.0
2024,31601,urbana,21,mujer,4,25,16.0
2024,31601,urbana,22,hombre,4,29,13.793103448275861
2024,31601,urbana,22,mujer,1,20,5.0
2024,31601,urbana,23,hombre,4,24,16.666666666666668
2024,31601,urbana,23,mujer,5,24,20.833333333333332
2024,31601,urbana,24,hombre,6,19,31.57894736842105
2024,31601,urbana,24,mujer,2,25,8.0
2024,31601,urbana,25,hombre,8,18,44.44444444444444
2024,31601,urbana,25,mujer,4,20,20.0
2024,31601,urbana,26,hombre,8,16,50.0
2024,31601,urbana,26,mujer,4,16,25.0
2024,31601,urbana,27,hombre,7,18,38.888888888888886
2024,31601,urbana,27,mujer,4,21,19.047619047619047
2024,31601,urbana,28,hombre,9,20,45.0
2024,31601,urbana,28,mujer,6,21,28.571428571428573
2024,31602,rural,16,hombre,30,192,15.625
2024,31602,rural,16,mujer,22,161,13.664596273291925
2024,31602,rural,17,hombre,29,157,18.471337579617835
2024,31602,rural,17,mujer,33,161,20.496894409937887
2024,31602,rural,18,hombre,40,148,27.027027027027028
2024,31602,rural,18,mujer,40,150,26.666666666666668
2024,31602,rural,19,hombre,47,122,38.52459016393443
2024,31602,rural,19,mujer,43,152,28.289473684210527
2024,31602,rural,20,hombre,72,184,39.130434782608695
2024,31602,rural,20,mujer,37,143,25.874125874125873
2024,31602,rural,21,hombre,70,148,47.2972972972973
2024,31602,rural,21,mujer,52,162,32.098765432098766
2024,31602,rural,22,hombre,73,170,42.94117647058823
2024,31602,rural,22,mujer,72,193,37.30569948186528
2024,31602,rural,23,hombre,92,177,51.9774011299435
2024,31602,rural,23,mujer,52,144,36.111111111111114
2024,31602,rural,24,hombre,107,195,54.87179487179487
2024,31602,rural,24,mujer,63,160,39.375
2024,31602,rural,25,hombre,108,185,58.37837837837838
2024,31602,rural,25,mujer,55,156,35.256410256410255
2024,31602,rural,26,hombre,113,175,64.57142857142857
2024,31602,rural,26,mujer,75,164,45.73170731707317
2024,31602,rural,27,hombre,105,153,68.62745098039215
2024,31602,rural,27,mujer,74,160,46.25
2024,31602,rural,28,hombre,110,156,70.51282051282051
2024,31602,rural,28,mujer,74,159,46.540880503144656
2024,31602,urbana,16,hombre,12,104,11.538461538461538
2024,31602,urbana,16,mujer,17,92,18.47826086956522
2024,31602,urbana,17,hombre,25,93,26.881720430107528
2024,31602,urbana,17,mujer,19,94,20.21276595744681
2024,31602,urbana,18,hombre,10,71,14.084507042253522
2024,31602,urbana,18,mujer,16,79,20.253164556962027
2024,31602,urbana,19,hombre,21,75,28.0
2024,31602,urbana,19,mujer,30,96,31.25
2024,31602,urbana,20,hombre,31,85,36.470588235294116
2024,31602,urbana,20,mujer,28,94,29.78723404255319
2024,31602,urbana,21,hombre,28,81,34.5679012345679
2024,31602,urbana,21,mujer,28,78,35.8974358974359
2024,31602,urbana,22,hombre,22,70,31.428571428571427
2024,31602,urbana,22,mujer,28,85,32.94117647058823
2024,31602,urbana,23,hombre,41,97,42.2680412371134
2024,31602,urbana,23,mujer,35,95,36.8421052631579
2024,31602,urbana,24,hombre,38,79,48.10126582278481
2024,31602,urbana,24,mujer,36,93,38.70967741935484
2024,31602,urbana,25,hombre,38,87,43.67816091954023
2024,31602,urbana,25,mujer,32,90,35.55555555555556
2024,31602,urbana,26,hombre,35,70,50.0
2024,31602,urbana,26,mujer,42,98,42.857142857142854
2024,31602,urbana,27,hombre,44,78,56.41025641025641
2024,31602,urbana,27,mujer,30,87,34.48275862068966
2024,31602,urbana,28,hombre,40,80,50.0
2024,31602,urbana,28,mujer,36,88,40.90909090909091
2024,40101,rural,18,mujer,0,1,0.0
2024,40101,rural,21,hombre,0,1,0.0
2024,40101,rural,22,hombre,0,1,0.0
2024,40101,rural,22,mujer,0,1,0.0
2024,40101,rural,24,hombre,1,1,100.0
2024,40101,rural,24,mujer,0,1,0.0
2024,40101,rural,25,hombre,1,1,100.0
2024,40101,rural,25,mujer,0,1,0.0
2024,40101,rural,26,hombre,1,3,33.333333333333336
2024,40101,rural,28,mujer,0,1,0.0
2024,40101,urbana,16,hombre,189,2780,6.798561151079137
2024,40101,urbana,16,mujer,192,2866,6.699232379623168
2024,40101,urbana,17,hombre,249,2712,9.18141592920354
2024,40101,urbana,17,mujer,251,2761,9.090909090909092
2024,40101,urbana,18,hombre,313,2290,13.668122270742359
2024,40101,urbana,18,mujer,392,2696,14.540059347181009
2024,40101,urbana,19,hombre,435,2364,18.401015228426395
2024,40101,urbana,19,mujer,459,2684,17.10134128166915
2024,40101,urbana,20,hombre,542,2481,21.846029826682788
2024,40101,urbana,20,mujer,501,2687,18.64532936360253
2024,40101,urbana,21,hombre,682,2657,25.668046669175762
2024,40101,urbana,21,mujer,560,2735,20.47531992687386
2024,40101,urbana,22,hombre,706,2724,25.91776798825257
2024,40101,urbana,22,mujer,570,2767,20.59992771955186
2024,40101,urbana,23,hombre,906,2918,31.048663468128854
2024,40101,urbana,23,mujer,698,2927,23.8469422617014
2024,40101,urbana,24,hombre,895,2756,32.47460087082729
2024,40101,urbana,24,mujer,738,2959,24.94085839810747
2024,40101,urbana,25,hombre,959,2585,37.09864603481625
2024,40101,urbana,25,mujer,760,2755,27.586206896551722
2024,40101,urbana,26,hombre,936,2468,37.92544570502431
2024,40101,urbana,26,mujer,827,2754,30.029048656499636
2024,40101,urbana,27,hombre,1075,2414,44.531897265948636
2024,40101,urbana,27,mujer,844,2743,30.76923076923077
2024,40101,urbana,28,hombre,1131,2431,46.524064171122994
2024,40101,urbana,28,mujer,878,2796,31.40200286123033
2024,40102,rural,16,hombre,9,112,8.035714285714286
2024,40102,rural,16,mujer,5,125,4.0
2024,40102,rural,17,hombre,9,112,8.035714285714286
2024,40102,rural,17,mujer,15,137,10.94890510948905
2024,40102,rural,18,hombre,12,120,10.0
2024,40102,rural,18,mujer,14,124,11.290322580645162
2024,40102,rural,19,hombre,27,107,25.233644859813083
2024,40102,rural,19,mujer,25,114,21.92982456140351
2024,40102,rural,20,hombre,30,108,27.77777777777778
2024,40102,rural,20,mujer,15,113,13.274336283185841
2024,40102,rural,21,hombre,31,113,27.43362831858407
2024,40102,rural,21,mujer,16,116,13.793103448275861
2024,40102,rural,22,hombre,29,103,28.155339805825243
2024,40102,rural,22,mujer,19,116,16.379310344827587
2024,40102,rural,23,hombre,29,107,27.102803738317757
2024,40102,rural,23,mujer,25,134,18.65671641791045
2024,40102,rural,24,hombre,56,158,35.44303797468354
2024,40102,rural,24,mujer,27,125,21.6
2024,40102,rural,25,hombre,46,113,40.70796460176991
2024,40102,rural,25,mujer,21,101,20.792079207920793
2024,40102,rural,26,hombre,52,118,44.067796610169495
2024,40102,rural,26,mujer,40,118,33.898305084745765
2024,40102,rural,27,hombre,50,103,48.54368932038835
2024,40102,rural,27,mujer,38,117,32.47863247863248
2024,40102,rural,28,hombre,61,106,57.54716981132076
2024,40102,rural,28,mujer,30,115,26.08695652173913
2024,40102,urbana,16,hombre,9,66,13.636363636363637
2024,40102,urbana,16,mujer,6,70,8.571428571428571
2024,40102,urbana,17,hombre,6,72,8.333333333333334
2024,40102,urbana,17,mujer,7,67,10.447761194029852
2024,40102,urbana,18,hombre,6,57,10.526315789473685
2024,40102,urbana,18,mujer,9,71,12.67605633802817
2024,40102,urbana,19,hombre,11,75,14.666666666666666
2024,40102,urbana,19,mujer,10,66,15.151515151515152
2024,40102,urbana,20,hombre,13,62,20.967741935483872
2024,40102,urbana,20,mujer,20,67,29.850746268656717
2024,40102,urbana,21,hombre,25,66,37.878787878787875
2024,40102,urbana,21,mujer,12,68,17.647058823529413
2024,40102,urbana,22,hombre,30,72,41.666666666666664
2024,40102,urbana,22,mujer,27,65,41.53846153846154
2024,40102,urbana,23,hombre,21,70,30.0
2024,40102,urbana,23,mujer,14,74,18.91891891891892
2024,40102,urbana,24,hombre,31,74,41.891891891891895
2024,40102,urbana,24,mujer,18,74,24.324324324324323
2024,40102,urbana,25,hombre,27,70,38.57142857142857
2024,40102,urbana,25,mujer,29,71,40.84507042253521
2024,40102,urbana,26,hombre,33,67,49.25373134328358
2024,40102,urbana,26,mujer,25,77,32.467532467532465
2024,40102,urbana,27,hombre,31,57,54.3859649122807
2024,40102,urbana,27,mujer,26,72,36.111111111111114
2024,40102,urbana,28,hombre,20,50,40.0
2024,40102,urbana,28,mujer,19,54,35.18518518518518
2024,40103,rural,16,hombre,14,81,17.28395061728395
2024,40103,rural,16,mujer,9,72,12.5
2024,40103,rural,17,hombre,9,71,12.67605633802817
2024,40103,rural,17,mujer,4,62,6.451612903225806
2024,40103,rural,18,hombre,9,66,13.636363636363637
2024,40103,rural,18,mujer,13,65,20.0
2024,40103,rural,19,hombre,25,78,32.05128205128205
2024,40103,rural,19,mujer,17,84,20.238095238095237
2024,40103,rural,20,hombre,24,81,29.62962962962963
2024,40103,rural,20,mujer,12,64,18.75
2024,40103,rural,21,hombre,20,62,32.25806451612903
2024,40103,rural,21,mujer,18,66,27.272727272727273
2024,40103,rural,22,hombre,34,79,43.037974683544306
2024,40103,rural,22,mujer,18,67,26.865671641791046
2024,40103,rural,23,hombre,29,93,31.182795698924732
2024,40103,rural,23,mujer,19,69,27.536231884057973
2024,40103,rural,24,hombre,37,96,38.541666666666664
2024,40103,rural,24,mujer,22,75,29.333333333333332
2024,40103,rural,25,hombre,35,89,39.325842696629216
2024,40103,rural,25,mujer,25,76,32.89473684210526
2024,40103,rural,26,hombre,28,62,45.16129032258065
2024,40103,rural,26,mujer,33,73,45.205479452054796
2024,40103,rural,27,hombre,43,81,53.08641975308642
2024,40103,rural,27,mujer,18,72,25.0
2024,40103,rural,28,hombre,37,82,45.1219512195122
2024,40103,rural,28,mujer,30,76,39.473684210526315
2024,40104,rural,16,hombre,6,144,4.166666666666667
2024,40104,rural,16,mujer,6,139,4.316546762589928
2024,40104,rural,17,hombre,9,121,7.43801652892562
2024,40104,rural,17,mujer,9,129,6.976744186046512
2024,40104,rural,18,hombre,8,91,8.791208791208792
2024,40104,rural,18,mujer,11,109,10.091743119266056
2024,40104,rural,19,hombre,13,106,12.264150943396226
2024,40104,rural,19,mujer,17,124,13.709677419354838
2024,40104,rural,20,hombre,17,110,15.454545454545455
2024,40104,rural,20,mujer,20,105,19.047619047619047
2024,40104,rural,21,hombre,26,109,23.853211009174313
2024,40104,rural,21,mujer,21,114,18.42105263157895
2024,40104,rural,22,hombre,26,126,20.634920634920636
2024,40104,rural,22,mujer,12,132,9.090909090909092
2024,40104,rural,23,hombre,37,140,26.428571428571427
2024,40104,rural,23,mujer,26,123,21.13821138211382
2024,40104,rural,24,hombre,46,127,36.22047244094488
2024,40104,rural,24,mujer,22,106,20.754716981132077
2024,40104,rural,25,hombre,55,134,41.04477611940298
2024,40104,rural,25,mujer,29,144,20.13888888888889
2024,40104,rural,26,hombre,57,122,46.721311475409834
2024,40104,rural,26,mujer,20,112,17.857142857142858
2024,40104,rural,27,hombre,84,153,54.90196078431372
2024,40104,rural,27,mujer,24,117,20.512820512820515
2024,40104,rural,28,hombre,73,118,61.86440677966102
2024,40104,rural,28,mujer,30,130,23.076923076923077
2024,40201,rural,16,hombre,21,200,10.5
2024,40201,rural,16,mujer,15,131,11.450381679389313
2024,40201,rural,17,hombre,29,155,18.70967741935484
2024,40201,rural,17,mujer,24,142,16.901408450704224
2024,40201,rural,18,hombre,25,168,14.880952380952381
2024,40201,rural,18,mujer,34,186,18.27956989247312
2024,40201,rural,19,hombre,40,174,22.988505747126435
2024,40201,rural,19,mujer,12,146,8.219178082191782
2024,40201,rural,20,hombre,58,189,30.687830687830687
2024,40201,rural,20,mujer,27,154,17.532467532467532
2024,40201,rural,21,hombre,78,231,33.76623376623377
2024,40201,rural,21,mujer,27,174,15.517241379310345
2024,40201,rural,22,hombre,76,193,39.37823834196891
2024,40201,rural,22,mujer,20,163,12.269938650306749
2024,40201,rural,23,hombre,100,213,46.948356807511736
2024,40201,rural,23,mujer,27,180,15.0
2024,40201,rural,24,hombre,101,227,44.49339207048458
2024,40201,rural,24,mujer,42,207,20.28985507246377
2024,40201,rural,25,hombre,103,208,49.51923076923077
2024,40201,rural,25,mujer,40,131,30.53435114503817
2024,40201,rural,26,hombre,117,218,53.669724770642205
2024,40201,rural,26,mujer,38,158,24.050632911392405
2024,40201,rural,27,hombre,123,213,57.74647887323944
2024,40201,rural,27,mujer,37,148,25.0
2024,40201,rural,28,hombre,145,221,65.61085972850678
2024,40201,rural,28,mujer,48,166,28.91566265060241
2024,40201,urbana,16,hombre,27,145,18.620689655172413
2024,40201,urbana,16,mujer,31,163,19.01840490797546
2024,40201,urbana,17,hombre,28,115,24.347826086956523
2024,40201,urbana,17,mujer,44,167,26.347305389221557
2024,40201,urbana,18,hombre,34,107,31.77570093457944
2024,40201,urbana,18,mujer,36,126,28.571428571428573
2024,40201,urbana,19,hombre,24,90,26.666666666666668
2024,40201,urbana,19,mujer,42,103,40.77669902912621
2024,40201,urbana,20,hombre,41,90,45.55555555555556
2024,40201,urbana,20,mujer,47,130,36.15384615384615
2024,40201,urbana,21,hombre,37,86,43.02325581395349
2024,40201,urbana,21,mujer,40,109,36.69724770642202
2024,40201,urbana,22,hombre,47,94,50.0
2024,40201,urbana,22,mujer,55,122,45.08196721311475
2024,40201,urbana,23,hombre,47,86,54.651162790697676
2024,40201,urbana,23,mujer,49,129,37.98449612403101
2024,40201,urbana,24,hombre,59,115,51.30434782608695
2024,40201,urbana,24,mujer,46,126,36.507936507936506
2024,40201,urbana,25,hombre,60,98,61.224489795918366
2024,40201,urbana,25,mujer,59,140,42.142857142857146
2024,40201,urbana,26,hombre,62,100,62.0
2024,40201,urbana,26,mujer,48,104,46.15384615384615
2024,40201,urbana,27,hombre,49,85,57.64705882352941
2024,40201,urbana,27,mujer,67,121,55.37190082644628
2024,40201,urbana,28,hombre,47,84,55.95238095238095
2024,40201,urbana,28,mujer,69,126,54.76190476190476
2024,40202,rural,16,hombre,9,56,16.071428571428573
2024,40202,rural,16,mujer,10,49,20.408163265306122
2024,40202,rural,17,hombre,5,36,13.88888888888889
2024,40202,rural,17,mujer,11,40,27.5
2024,40202,rural,18,hombre,8,30,26.666666666666668
2024,40202,rural,18,mujer,12,41,29.26829268292683
2024,40202,rural,19,hombre,10,43,23.25581395348837
2024,40202,rural,19,mujer,16,33,48.484848484848484
2024,40202,rural,20,hombre,16,45,35.55555555555556
2024,40202,rural,20,mujer,8,23,34.78260869565217
2024,40202,rural,21,hombre,13,40,32.5
2024,40202,rural,21,mujer,6,31,19.35483870967742
2024,40202,rural,22,hombre,16,42,38.095238095238095
2024,40202,rural,22,mujer,7,29,24.137931034482758
2024,40202,rural,23,hombre,15,39,38.46153846153846
2024,40202,rural,23,mujer,13,36,36.111111111111114
2024,40202,rural,24,hombre,18,39,46.15384615384615
2024,40202,rural,24,mujer,14,41,34.146341463414636
2024,40202,rural,25,hombre,18,29,62.06896551724138
2024,40202,rural,25,mujer,7,28,25.0
2024,40202,rural,26,hombre,20,36,55.55555555555556
2024,40202,rural,26,mujer,12,29,41.37931034482759
2024,40202,rural,27,hombre,24,37,64.86486486486487
2024,40202,rural,27,mujer,17,38,44.73684210526316
2024,40202,rural,28,hombre,31,50,62.0
2024,40202,rural,28,mujer,11,39,28.205128205128204
2024,40301,rural,16,hombre,9,122,7.377049180327869
2024,40301,rural,16,mujer,12,130,9.23076923076923
2024,40301,rural,17,hombre,10,112,8.928571428571429
2024,40301,rural,17,mujer,28,130,21.53846153846154
2024,40301,rural,18,hombre,14,105,13.333333333333334
2024,40301,rural,18,mujer,18,104,17.307692307692307
2024,40301,rural,19,hombre,17,110,15.454545454545455
2024,40301,rural,19,mujer,26,123,21.13821138211382
2024,40301,rural,20,hombre,18,98,18.367346938775512
2024,40301,rural,20,mujer,25,132,18.939393939393938
2024,40301,rural,21,hombre,17,125,13.6
2024,40301,rural,21,mujer,33,142,23.239436619718308
2024,40301,rural,22,hombre,31,113,27.43362831858407
2024,40301,rural,22,mujer,20,120,16.666666666666668
2024,40301,rural,23,hombre,33,137,24.087591240875913
2024,40301,rural,23,mujer,33,167,19.760479041916167
2024,40301,rural,24,hombre,32,121,26.446280991735538
2024,40301,rural,24,mujer,34,150,22.666666666666668
2024,40301,rural,25,hombre,32,121,26.446280991735538
2024,40301,rural,25,mujer,18,119,15.126050420168067
2024,40301,rural,26,hombre,31,111,27.92792792792793
2024,40301,rural,26,mujer,25,99,25.252525252525253
2024,40301,rural,27,hombre,29,101,28.712871287128714
2024,40301,rural,27,mujer,21,123,17.073170731707318
2024,40301,rural,28,hombre,43,114,37.719298245614034
2024,40301,rural,28,mujer,19,119,15.966386554621849
2024,40302,rural,16,hombre,1,24,4.166666666666667
2024,40302,rural,16,mujer,1,12,8.333333333333334
2024,40302,rural,17,hombre,3,17,17.647058823529413
2024,40302,rural,17,mujer,2,18,11.11111111111111
2024,40302,rural,18,hombre,2,19,10.526315789473685
2024,40302,rural,18,mujer,2,16,12.5
2024,40302,rural,19,hombre,0,16,0.0
2024,40302,rural,19,mujer,3,16,18.75
2024,40302,rural,20,hombre,1,18,5.555555555555555
2024,40302,rural,20,mujer,4,13,30.76923076923077
2024,40302,rural,21,hombre,0,17,0.0
2024,40302,rural,21,mujer,1,21,4.761904761904762
2024,40302,rural,22,hombre,3,16,18.75
2024,40302,rural,22,mujer,2,19,10.526315789473685
2024,40302,rural,23,hombre,5,31,16.129032258064516
2024,40302,rural,23,mujer,1,21,4.761904761904762
2024,40302,rural,24,hombre,2,20,10.0
2024,40302,rural,24,mujer,4,17,23.529411764705884
2024,40302,rural,25,hombre,3,21,14.285714285714286
2024,40302,rural,25,mujer,1,17,5.882352941176471
2024,40302,rural,26,hombre,3,19,15.789473684210526
2024,40302,rural,26,mujer,4,20,20.0
2024,40302,rural,27,hombre,7,18,38.888888888888886
2024,40302,rural,27,mujer,5,13,38.46153846153846
2024,40302,rural,28,hombre,6,20,30.0
2024,40302,rural,28,mujer,2,22,9.090909090909092
2024,40401,rural,16,hombre,4,50,8.0
2024,40401,rural,16,mujer,3,38,7.894736842105263
2024,40401,rural,17,hombre,3,51,5.882352941176471
2024,40401,rural,17,mujer,5,44,11.363636363636363
2024,40401,rural,18,hombre,2,31,6.451612903225806
2024,40401,rural,18,mujer,7,48,14.583333333333334
2024,40401,rural,19,hombre,6,42,14.285714285714286
2024,40401,rural,19,mujer,8,45,17.77777777777778
2024,40401,rural,20,hombre,9,47,19.148936170212767
2024,40401,rural,20,mujer,5,39,12.820512820512821
2024,40401,rural,21,hombre,11,55,20.0
2024,40401,rural,21,mujer,6,48,12.5
2024,40401,rural,22,hombre,14,62,22.580645161290324
2024,40401,rural,22,mujer,4,39,10.256410256410257
2024,40401,rural,23,hombre,20,68,29.41176470588235
2024,40401,rural,23,mujer,9,44,20.454545454545453
2024,40401,rural,24,hombre,10,51,19.607843137254903
2024,40401,rural,24,mujer,9,61,14.754098360655737
2024,40401,rural,25,hombre,13,55,23.636363636363637
2024,40401,rural,25,mujer,9,48,18.75
2024,40401,rural,26,hombre,15,58,25.862068965517242
2024,40401,rural,26,mujer,8,59,13.559322033898304
2024,40401,rural,27,hombre,15,40,37.5
2024,40401,rural,27,mujer,7,44,15.909090909090908
2024,40401,rural,28,hombre,25,54,46.2962962962963
2024,40401,rural,28,mujer,13,58,22.413793103448278
2024,40402,rural,16,hombre,5,35,14.285714285714286
2024,40402,rural,16,mujer,2,36,5.555555555555555
2024,40402,rural,17,hombre,4,46,8.695652173913043
2024,40402,rural,17,mujer,9,42,21.428571428571427
2024,40402,rural,18,hombre,4,37,10.81081081081081
2024,40402,rural,18,mujer,4,32,12.5
2024,40402,rural,19,hombre,3,29,10.344827586206897
2024,40402,rural,19,mujer,7,45,15.555555555555555
2024,40402,rural,20,hombre,4,34,11.764705882352942
2024,40402,rural,20,mujer,2,29,6.896551724137931
2024,40402,rural,21,hombre,8,37,21.62162162162162
2024,40402,rural,21,mujer,6,35,17.142857142857142
2024,40402,rural,22,hombre,6,45,13.333333333333334
2024,40402,rural,22,mujer,8,32,25.0
2024,40402,rural,23,hombre,10,37,27.027027027027028
2024,40402,rural,23,mujer,7,47,14.893617021276595
2024,40402,rural,24,hombre,10,58,17.24137931034483
2024,40402,rural,24,mujer,5,40,12.5
2024,40402,rural,25,hombre,11,44,25.0
2024,40402,rural,25,mujer,6,41,14.634146341463415
2024,40402,rural,26,hombre,15,33,45.45454545454545
2024,40402,rural,26,mujer,6,32,18.75
2024,40402,rural,27,hombre,22,44,50.0
2024,40402,rural,27,mujer,4,44,9.090909090909092
2024,40402,rural,28,hombre,13,38,34.21052631578947
2024,40402,rural,28,mujer,10,39,25.641025641025642
2024,40501,rural,16,hombre,0,1,0.0
2024,40501,rural,17,mujer,0,2,0.0
2024,40501,rural,18,hombre,0,1,0.0
2024,40501,rural,18,mujer,0,1,0.0
2024,40501,rural,19,hombre,0,1,0.0
2024,40501,rural,19,mujer,0,2,0.0
2024,40501,rural,20,hombre,0,1,0.0
2024,40501,rural,20,mujer,3,4,75.0
2024,40501,rural,21,hombre,1,1,100.0
2024,40501,rural,21,mujer,0,1,0.0
2024,40501,rural,23,hombre,3,3,100.0
2024,40501,rural,23,mujer,0,1,0.0
2024,40501,rural,24,hombre,0,1,0.0
2024,40501,rural,24,mujer,0,2,0.0
2024,40501,rural,25,hombre,0,1,0.0
2024,40501,rural,25,mujer,0,1,0.0
2024,40501,rural,26,hombre,0,2,0.0
2024,40501,rural,26,mujer,1,1,100.0
2024,40501,rural,27,mujer,0,1,0.0
2024,40501,rural,28,hombre,1,1,100.0
2024,40501,rural,28,mujer,1,2,50.0
2024,40501,urbana,16,hombre,4,24,16.666666666666668
2024,40501,urbana,16,mujer,0,30,0.0
2024,40501,urbana,17,hombre,2,25,8.0
2024,40501,urbana,17,mujer,0,27,0.0
2024,40501,urbana,18,hombre,0,17,0.0
2024,40501,urbana,18,mujer,5,27,18.51851851851852
2024,40501,urbana,19,hombre,7,25,28.0
2024,40501,urbana,19,mujer,4,29,13.793103448275861
2024,40501,urbana,20,hombre,0,23,0.0
2024,40501,urbana,20,mujer,2,26,7.6923076923076925
2024,40501,urbana,21,hombre,5,23,21.73913043478261
2024,40501,urbana,21,mujer,9,36,25.0
2024,40501,urbana,22,hombre,3,25,12.0
2024,40501,urbana,22,mujer,1,23,4.3478260869565215
2024,40501,urbana,23,hombre,11,36,30.555555555555557
2024,40501,urbana,23,mujer,9,37,24.324324324324323
2024,40501,urbana,24,hombre,11,36,30.555555555555557
2024,40501,urbana,24,mujer,6,30,20.0
2024,40501,urbana,25,hombre,12,38,31.57894736842105
2024,40501,urbana,25,mujer,6,22,27.272727272727273
2024,40501,urbana,26,hombre,17,30,56.666666666666664
2024,40501,urbana,26,mujer,4,30,13.333333333333334
2024,40501,urbana,27,hombre,16,33,48.484848484848484
2024,40501,urbana,27,mujer,4,31,12.903225806451612
2024,40501,urbana,28,hombre,12,20,60.0
2024,40501,urbana,28,mujer,3,30,10.0
2024,40502,rural,16,hombre,0,16,0.0
2024,40502,rural,16,mujer,0,9,0.0
2024,40502,rural,17,hombre,0,13,0.0
2024,40502,rural,17,mujer,1,16,6.25
2024,40502,rural,18,hombre,5,10,50.0
2024,40502,rural,18,mujer,1,16,6.25
2024,40502,rural,19,hombre,0,11,0.0
2024,40502,rural,19,mujer,1,12,8.333333333333334
2024,40502,rural,20,hombre,3,14,21.428571428571427
2024,40502,rural,20,mujer,3,14,21.428571428571427
2024,40502,rural,21,hombre,4,16,25.0
2024,40502,rural,21,mujer,3,11,27.272727272727273
2024,40502,rural,22,hombre,4,17,23.529411764705884
2024,40502,rural,22,mujer,2,11,18.181818181818183
2024,40502,rural,23,hombre,5,14,35.714285714285715
2024,40502,rural,23,mujer,4,14,28.571428571428573
2024,40502,rural,24,hombre,2,14,14.285714285714286
2024,40502,rural,24,mujer,2,8,25.0
2024,40502,rural,25,hombre,4,10,40.0
2024,40502,rural,25,mujer,4,18,22.22222222222222
2024,40502,rural,26,hombre,4,10,40.0
2024,40502,rural,26,mujer,3,16,18.75
2024,40502,rural,27,hombre,3,16,18.75
2024,40502,rural,27,mujer,5,12,41.666666666666664
2024,40502,rural,28,hombre,3,10,30.0
2024,40502,rural,28,mujer,1,11,9.090909090909092
2024,40502,urbana,16,hombre,0,17,0.0
2024,40502,urbana,16,mujer,3,21,14.285714285714286
2024,40502,urbana,17,hombre,3,26,11.538461538461538
2024,40502,urbana,17,mujer,0,14,0.0
2024,40502,urbana,18,hombre,2,22,9.090909090909092
2024,40502,urbana,18,mujer,1,18,5.555555555555555
2024,40502,urbana,19,hombre,1,24,4.166666666666667
2024,40502,urbana,19,mujer,1,15,6.666666666666667
2024,40502,urbana,20,hombre,0,18,0.0
2024,40502,urbana,20,mujer,1,11,9.090909090909092
2024,40502,urbana,21,hombre,3,18,16.666666666666668
2024,40502,urbana,21,mujer,0,12,0.0
2024,40502,urbana,22,hombre,1,20,5.0
2024,40502,urbana,22,mujer,1,19,5.2631578947368425
2024,40502,urbana,23,hombre,0,18,0.0
2024,40502,urbana,23,mujer,2,17,11.764705882352942
2024,40502,urbana,24,hombre,3,19,15.789473684210526
2024,40502,urbana,24,mujer,0,20,0.0
2024,40502,urbana,25,hombre,4,24,16.666666666666668
2024,40502,urbana,25,mujer,1,23,4.3478260869565215
2024,40502,urbana,26,hombre,5,16,31.25
2024,40502,urbana,26,mujer,0,21,0.0
2024,40502,urbana,27,hombre,5,21,23.80952380952381
2024,40502,urbana,27,mujer,4,20,20.0
2024,40502,urbana,28,hombre,8,23,34.78260869565217
2024,40502,urbana,28,mujer,3,26,11.538461538461538
2024,40503,rural,16,hombre,0,16,0.0
2024,40503,rural,16,mujer,0,11,0.0
2024,40503,rural,17,hombre,0,9,0.0
2024,40503,rural,17,mujer,1,9,11.11111111111111
2024,40503,rural,18,hombre,0,8,0.0
2024,40503,rural,18,mujer,2,13,15.384615384615385
2024,40503,rural,19,hombre,1,11,9.090909090909092
2024,40503,rural,19,mujer,2,13,15.384615384615385
2024,40503,rural,20,hombre,3,16,18.75
2024,40503,rural,20,mujer,0,10,0.0
2024,40503,rural,21,hombre,3,11,27.272727272727273
2024,40503,rural,21,mujer,1,11,9.090909090909092
2024,40503,rural,22,hombre,1,15,6.666666666666667
2024,40503,rural,22,mujer,1,12,8.333333333333334
2024,40503,rural,23,hombre,2,8,25.0
2024,40503,rural,23,mujer,0,9,0.0
2024,40503,rural,24,hombre,4,19,21.05263157894737
2024,40503,rural,24,mujer,0,17,0.0
2024,40503,rural,25,hombre,1,11,9.090909090909092
2024,40503,rural,25,mujer,1,10,10.0
2024,40503,rural,26,hombre,4,14,28.571428571428573
2024,40503,rural,26,mujer,2,16,12.5
2024,40503,rural,27,hombre,5,8,62.5
2024,40503,rural,27,mujer,3,12,25.0
2024,40503,rural,28,hombre,4,9,44.44444444444444
2024,40503,rural,28,mujer,1,15,6.666666666666667
2024,40504,rural,16,hombre,0,10,0.0
2024,40504,rural,16,mujer,0,6,0.0
2024,40504,rural,17,hombre,0,10,0.0
2024,40504,rural,17,mujer,0,3,0.0
2024,40504,rural,18,hombre,0,6,0.0
2024,40504,rural,18,mujer,0,3,0.0
2024,40504,rural,19,hombre,1,9,11.11111111111111
2024,40504,rural,19,mujer,0,4,0.0
2024,40504,rural,20,hombre,0,7,0.0
2024,40504,rural,20,mujer,1,8,12.5
2024,40504,rural,21,hombre,1,10,10.0
2024,40504,rural,21,mujer,1,4,25.0
2024,40504,rural,22,hombre,0,8,0.0
2024,40504,rural,22,mujer,0,17,0.0
2024,40504,rural,23,hombre,1,12,8.333333333333334
2024,40504,rural,23,mujer,1,8,12.5
2024,40504,rural,24,hombre,0,3,0.0
2024,40504,rural,24,mujer,1,16,6.25
2024,40504,rural,25,hombre,3,16,18.75
2024,40504,rural,25,mujer,0,10,0.0
2024,40504,rural,26,hombre,0,7,0.0
2024,40504,rural,26,mujer,1,7,14.285714285714286
2024,40504,rural,27,hombre,3,13,23.076923076923077
2024,40504,rural,27,mujer,0,5,0.0
2024,40504,rural,28,hombre,1,9,11.11111111111111
2024,40504,rural,28,mujer,0,11,0.0
2024,40505,rural,16,hombre,0,24,0.0
2024,40505,rural,16,mujer,0,28,0.0
2024,40505,rural,17,hombre,0,17,0.0
2024,40505,rural,17,mujer,0,26,0.0
2024,40505,rural,18,hombre,4,27,14.814814814814815
2024,40505,rural,18,mujer,2,21,9.523809523809524
2024,40505,rural,19,hombre,2,38,5.2631578947368425
2024,40505,rural,19,mujer,1,33,3.0303030303030303
2024,40505,rural,20,hombre,4,33,12.121212121212121
2024,40505,rural,20,mujer,1,33,3.0303030303030303
2024,40505,rural,21,hombre,8,30,26.666666666666668
2024,40505,rural,21,mujer,0,19,0.0
2024,40505,rural,22,hombre,4,29,13.793103448275861
2024,40505,rural,22,mujer,1,37,2.7027027027027026
2024,40505,rural,23,hombre,10,37,27.027027027027028
2024,40505,rural,23,mujer,3,40,7.5
2024,40505,rural,24,hombre,7,37,18.91891891891892
2024,40505,rural,24,mujer,3,27,11.11111111111111
2024,40505,rural,25,hombre,16,38,42.10526315789474
2024,40505,rural,25,mujer,3,36,8.333333333333334
2024,40505,rural,26,hombre,14,40,35.0
2024,40505,rural,26,mujer,3,39,7.6923076923076925
2024,40505,rural,27,hombre,14,26,53.84615384615385
2024,40505,rural,27,mujer,3,34,8.823529411764707
2024,40505,rural,28,hombre,17,37,45.945945945945944
2024,40505,rural,28,mujer,8,37,21.62162162162162
2024,40601,rural,16,hombre,0,32,0.0
2024,40601,rural,16,mujer,1,22,4.545454545454546
2024,40601,rural,17,hombre,2,15,13.333333333333334
2024,40601,rural,17,mujer,0,25,0.0
2024,40601,rural,18,hombre,6,32,18.75
2024,40601,rural,18,mujer,3,15,20.0
2024,40601,rural,19,hombre,9,26,34.61538461538461
2024,40601,rural,19,mujer,7,26,26.923076923076923
2024,40601,rural,20,hombre,7,19,36.8421052631579
2024,40601,rural,20,mujer,3,22,13.636363636363637
2024,40601,rural,21,hombre,10,30,33.333333333333336
2024,40601,rural,21,mujer,4,21,19.047619047619047
2024,40601,rural,22,hombre,10,33,30.303030303030305
2024,40601,rural,22,mujer,11,28,39.285714285714285
2024,40601,rural,23,hombre,19,35,54.285714285714285
2024,40601,rural,23,mujer,9,37,24.324324324324323
2024,40601,rural,24,hombre,10,22,45.45454545454545
2024,40601,rural,24,mujer,10,31,32.25806451612903
2024,40601,rural,25,hombre,17,27,62.96296296296296
2024,40601,rural,25,mujer,5,26,19.23076923076923
2024,40601,rural,26,hombre,14,34,41.1764705882353
2024,40601,rural,26,mujer,8,33,24.242424242424242
2024,40601,rural,27,hombre,10,23,43.47826086956522
2024,40601,rural,27,mujer,9,30,30.0
2024,40601,rural,28,hombre,18,26,69.23076923076923
2024,40601,rural,28,mujer,10,30,33.333333333333336
2024,40601,urbana,16,hombre,1,35,2.857142857142857
2024,40601,urbana,16,mujer,2,57,3.508771929824561
2024,40601,urbana,17,hombre,1,42,2.380952380952381
2024,40601,urbana,17,mujer,1,36,2.7777777777777777
2024,40601,urbana,18,hombre,3,28,10.714285714285714
2024,40601,urbana,18,mujer,4,37,10.81081081081081
2024,40601,urbana,19,hombre,8,38,21.05263157894737
2024,40601,urbana,19,mujer,2,25,8.0
2024,40601,urbana,20,hombre,9,33,27.272727272727273
2024,40601,urbana,20,mujer,4,33,12.121212121212121
2024,40601,urbana,21,hombre,11,52,21.153846153846153
2024,40601,urbana,21,mujer,7,41,17.073170731707318
2024,40601,urbana,22,hombre,7,33,21.21212121212121
2024,40601,urbana,22,mujer,4,30,13.333333333333334
2024,40601,urbana,23,hombre,20,50,40.0
2024,40601,urbana,23,mujer,6,47,12.76595744680851
2024,40601,urbana,24,hombre,28,64,43.75
2024,40601,urbana,24,mujer,9,50,18.0
2024,40601,urbana,25,hombre,32,50,64.0
2024,40601,urbana,25,mujer,10,59,16.949152542372882
2024,40601,urbana,26,hombre,29,52,55.76923076923077
2024,40601,urbana,26,mujer,9,42,21.428571428571427
2024,40601,urbana,27,hombre,28,45,62.22222222222222
2024,40601,urbana,27,mujer,11,42,26.19047619047619
2024,40601,urbana,28,hombre,36,53,67.9245283018868
2024,40601,urbana,28,mujer,10,40,25.0
2024,40602,rural,16,hombre,3,35,8.571428571428571
2024,40602,rural,16,mujer,4,27,14.814814814814815
2024,40602,rural,17,hombre,5,32,15.625
2024,40602,rural,17,mujer,5,27,18.51851851851852
2024,40602,rural,18,hombre,6,23,26.08695652173913
2024,40602,rural,18,mujer,5,30,16.666666666666668
2024,40602,rural,19,hombre,6,26,23.076923076923077
2024,40602,rural,19,mujer,4,29,13.793103448275861
2024,40602,rural,20,hombre,5,20,25.0
2024,40602,rural,20,mujer,4,24,16.666666666666668
2024,40602,rural,21,hombre,10,27,37.03703703703704
2024,40602,rural,21,mujer,3,21,14.285714285714286
2024,40602,rural,22,hombre,12,28,42.857142857142854
2024,40602,rural,22,mujer,1,22,4.545454545454546
2024,40602,rural,23,hombre,11,31,35.483870967741936
2024,40602,rural,23,mujer,7,23,30.434782608695652
2024,40602,rural,24,hombre,13,33,39.39393939393939
2024,40602,rural,24,mujer,4,24,16.666666666666668
2024,40602,rural,25,hombre,11,21,52.38095238095238
2024,40602,rural,25,mujer,7,22,31.818181818181817
2024,40602,rural,26,hombre,16,31,51.61290322580645
2024,40602,rural,26,mujer,3,26,11.538461538461538
2024,40602,rural,27,hombre,19,23,82.6086956521739
2024,40602,rural,27,mujer,9,29,31.03448275862069
2024,40602,rural,28,hombre,14,27,51.851851851851855
2024,40602,rural,28,mujer,8,27,29.62962962962963
2024,40603,rural,16,hombre,1,34,2.9411764705882355
2024,40603,rural,16,mujer,0,34,0.0
2024,40603,rural,17,hombre,0,30,0.0
2024,40603,rural,17,mujer,6,29,20.689655172413794
2024,40603,rural,18,hombre,2,20,10.0
2024,40603,rural,18,mujer,2,25,8.0
2024,40603,rural,19,hombre,3,18,16.666666666666668
2024,40603,rural,19,mujer,7,22,31.818181818181817
2024,40603,rural,20,hombre,5,22,22.727272727272727
2024,40603,rural,20,mujer,4,28,14.285714285714286
2024,40603,rural,21,hombre,8,25,32.0
2024,40603,rural,21,mujer,2,21,9.523809523809524
2024,40603,rural,22,hombre,11,21,52.38095238095238
2024,40603,rural,22,mujer,2,21,9.523809523809524
2024,40603,rural,23,hombre,9,25,36.0
2024,40603,rural,23,mujer,5,22,22.727272727272727
2024,40603,rural,24,hombre,7,23,30.434782608695652
2024,40603,rural,24,mujer,11,29,37.93103448275862
2024,40603,rural,25,hombre,14,29,48.275862068965516
2024,40603,rural,25,mujer,10,25,40.0
2024,40603,rural,26,hombre,13,25,52.0
2024,40603,rural,26,mujer,6,22,27.272727272727273
2024,40603,rural,27,hombre,14,26,53.84615384615385
2024,40603,rural,27,mujer,8,22,36.36363636363637
2024,40603,rural,28,hombre,18,29,62.06896551724138
2024,40603,rural,28,mujer,12,30,40.0
2024,40701,rural,16,hombre,4,32,12.5
2024,40701,rural,16,mujer,2,24,8.333333333333334
2024,40701,rural,17,hombre,1,26,3.8461538461538463
2024,40701,rural,17,mujer,5,33,15.151515151515152
2024,40701,rural,18,hombre,3,17,17.647058823529413
2024,40701,rural,18,mujer,2,21,9.523809523809524
2024,40701,rural,19,hombre,6,19,31.57894736842105
2024,40701,rural,19,mujer,3,25,12.0
2024,40701,rural,20,hombre,6,22,27.272727272727273
2024,40701,rural,20,mujer,1,15,6.666666666666667
2024,40701,rural,21,hombre,10,22,45.45454545454545
2024,40701,rural,21,mujer,1,19,5.2631578947368425
2024,40701,rural,22,hombre,9,30,30.0
2024,40701,rural,22,mujer,7,22,31.818181818181817
2024,40701,rural,23,hombre,15,34,44.11764705882353
2024,40701,rural,23,mujer,3,24,12.5
2024,40701,rural,24,hombre,5,18,27.77777777777778
2024,40701,rural,24,mujer,7,37,18.91891891891892
2024,40701,rural,25,hombre,14,28,50.0
2024,40701,rural,25,mujer,3,25,12.0
2024,40701,rural,26,hombre,21,32,65.625
2024,40701,rural,26,mujer,8,34,23.529411764705884
2024,40701,rural,27,hombre,15,32,46.875
2024,40701,rural,27,mujer,7,31,22.580645161290324
2024,40701,rural,28,hombre,28,37,75.67567567567568
2024,40701,rural,28,mujer,4,23,17.391304347826086
2024,40701,urbana,16,hombre,6,173,3.468208092485549
2024,40701,urbana,16,mujer,2,201,0.9950248756218906
2024,40701,urbana,17,hombre,5,198,2.525252525252525
2024,40701,urbana,17,mujer,8,156,5.128205128205129
2024,40701,urbana,18,hombre,5,115,4.3478260869565215
2024,40701,urbana,18,mujer,3,153,1.9607843137254901
2024,40701,urbana,19,hombre,12,131,9.16030534351145
2024,40701,urbana,19,mujer,9,133,6.7669172932330826
2024,40701,urbana,20,hombre,16,144,11.11111111111111
2024,40701,urbana,20,mujer,12,123,9.75609756097561
2024,40701,urbana,21,hombre,15,125,12.0
2024,40701,urbana,21,mujer,15,153,9.803921568627452
2024,40701,urbana,22,hombre,25,133,18.796992481203006
2024,40701,urbana,22,mujer,18,138,13.043478260869565
2024,40701,urbana,23,hombre,21,133,15.789473684210526
2024,40701,urbana,23,mujer,18,129,13.953488372093023
2024,40701,urbana,24,hombre,26,128,20.3125
2024,40701,urbana,24,mujer,28,130,21.53846153846154
2024,40701,urbana,25,hombre,36,125,28.8
2024,40701,urbana,25,mujer,15,131,11.450381679389313
2024,40701,urbana,26,hombre,52,129,40.310077519379846
2024,40701,urbana,26,mujer,18,92,19.565217391304348
2024,40701,urbana,27,hombre,39,113,34.51327433628319
2024,40701,urbana,27,mujer,30,116,25.862068965517242
2024,40701,urbana,28,hombre,53,139,38.1294964028777
2024,40701,urbana,28,mujer,24,115,20.869565217391305
2024,40702,rural,16,hombre,0,13,0.0
2024,40702,rural,16,mujer,0,15,0.0
2024,40702,rural,17,hombre,3,21,14.285714285714286
2024,40702,rural,17,mujer,0,12,0.0
2024,40702,rural,18,hombre,7,17,41.1764705882353
2024,40702,rural,18,mujer,3,18,16.666666666666668
2024,40702,rural,19,hombre,3,21,14.285714285714286
2024,40702,rural,19,mujer,2,19,10.526315789473685
2024,40702,rural,20,hombre,2,18,11.11111111111111
2024,40702,rural,20,mujer,3,18,16.666666666666668
2024,40702,rural,21,hombre,2,19,10.526315789473685
2024,40702,rural,21,mujer,3,20,15.0
2024,40702,rural,22,hombre,6,21,28.571428571428573
2024,40702,rural,22,mujer,1,17,5.882352941176471
2024,40702,rural,23,hombre,5,16,31.25
2024,40702,rural,23,mujer,4,14,28.571428571428573
2024,40702,rural,24,hombre,7,20,35.0
2024,40702,rural,24,mujer,3,22,13.636363636363637
2024,40702,rural,25,hombre,6,18,33.333333333333336
2024,40702,rural,25,mujer,1,19,5.2631578947368425
2024,40702,rural,26,hombre,9,17,52.94117647058823
2024,40702,rural,26,mujer,6,25,24.0
2024,40702,rural,27,hombre,11,26,42.30769230769231
2024,40702,rural,27,mujer,3,20,15.0
2024,40702,rural,28,hombre,16,24,66.66666666666667
2024,40702,rural,28,mujer,4,24,16.666666666666668
2024,40702,urbana,16,hombre,0,25,0.0
2024,40702,urbana,16,mujer,1,27,3.7037037037037037
2024,40702,urbana,17,hombre,1,32,3.125
2024,40702,urbana,17,mujer,1,19,5.2631578947368425
2024,40702,urbana,18,hombre,1,27,3.7037037037037037
2024,40702,urbana,18,mujer,7,27,25.925925925925927
2024,40702,urbana,19,hombre,4,27,14.814814814814815
2024,40702,urbana,19,mujer,3,31,9.67741935483871
2024,40702,urbana,20,hombre,3,17,17.647058823529413
2024,40702,urbana,20,mujer,4,25,16.0
2024,40702,urbana,21,hombre,8,30,26.666666666666668
2024,40702,urbana,21,mujer,4,30,13.333333333333334
2024,40702,urbana,22,hombre,6,23,26.08695652173913
2024,40702,urbana,22,mujer,2,27,7.407407407407407
2024,40702,urbana,23,hombre,6,27,22.22222222222222
2024,40702,urbana,23,mujer,5,22,22.727272727272727
2024,40702,urbana,24,hombre,13,30,43.333333333333336
2024,40702,urbana,24,mujer,8,26,30.76923076923077
2024,40702,urbana,25,hombre,8,27,29.62962962962963
2024,40702,urbana,25,mujer,5,19,26.31578947368421
2024,40702,urbana,26,hombre,9,17,52.94117647058823
2024,40702,urbana,26,mujer,5,26,19.23076923076923
2024,40702,urbana,27,hombre,11,28,39.285714285714285
2024,40702,urbana,27,mujer,7,21,33.333333333333336
2024,40702,urbana,28,hombre,16,34,47.05882352941177
2024,40702,urbana,28,mujer,5,26,19.23076923076923
2024,40801,rural,16,hombre,14,118,11.864406779661017
2024,40801,rural,16,mujer,14,103,13.592233009708737
2024,40801,rural,17,hombre,16,130,12.307692307692308
2024,40801,rural,17,mujer,26,118,22.033898305084747
2024,40801,rural,18,hombre,22,114,19.29824561403509
2024,40801,rural,18,mujer,17,101,16.831683168316832
2024,40801,rural,19,hombre,21,116,18.103448275862068
2024,40801,rural,19,mujer,18,111,16.216216216216218
2024,40801,rural,20,hombre,41,123,33.333333333333336
2024,40801,rural,20,mujer,17,88,19.318181818181817
2024,40801,rural,21,hombre,40,121,33.05785123966942
2024,40801,rural,21,mujer,22,102,21.568627450980394
2024,40801,rural,22,hombre,42,132,31.818181818181817
2024,40801,rural,22,mujer,26,119,21.84873949579832
2024,40801,rural,23,hombre,33,113,29.20353982300885
2024,40801,rural,23,mujer,28,118,23.728813559322035
2024,40801,rural,24,hombre,58,143,40.55944055944056
2024,40801,rural,24,mujer,28,110,25.454545454545453
2024,40801,rural,25,hombre,65,117,55.55555555555556
2024,40801,rural,25,mujer,33,122,27.049180327868854
2024,40801,rural,26,hombre,56,127,44.09448818897638
2024,40801,rural,26,mujer,24,108,22.22222222222222
2024,40801,rural,27,hombre,66,138,47.82608695652174
2024,40801,rural,27,mujer,20,107,18.69158878504673
2024,40801,rural,28,hombre,54,117,46.15384615384615
2024,40801,rural,28,mujer,38,110,34.54545454545455
2024,40802,rural,16,hombre,2,16,12.5
2024,40802,rural,16,mujer,2,21,9.523809523809524
2024,40802,rural,17,hombre,4,33,12.121212121212121
2024,40802,rural,17,mujer,2,18,11.11111111111111
2024,40802,rural,18,hombre,7,23,30.434782608695652
2024,40802,rural,18,mujer,2,22,9.090909090909092
2024,40802,rural,19,hombre,5,23,21.73913043478261
2024,40802,rural,19,mujer,1,12,8.333333333333334
2024,40802,rural,20,hombre,4,21,19.047619047619047
2024,40802,rural,20,mujer,4,19,21.05263157894737
2024,40802,rural,21,hombre,11,23,47.82608695652174
2024,40802,rural,21,mujer,4,24,16.666666666666668
2024,40802,rural,22,hombre,11,19,57.89473684210526
2024,40802,rural,22,mujer,5,18,27.77777777777778
2024,40802,rural,23,hombre,12,29,41.37931034482759
2024,40802,rural,23,mujer,7,29,24.137931034482758
2024,40802,rural,24,hombre,15,30,50.0
2024,40802,rural,24,mujer,7,23,30.434782608695652
2024,40802,rural,25,hombre,8,18,44.44444444444444
2024,40802,rural,25,mujer,6,15,40.0
2024,40802,rural,26,hombre,10,20,50.0
2024,40802,rural,26,mujer,2,13,15.384615384615385
2024,40802,rural,27,hombre,14,24,58.333333333333336
2024,40802,rural,27,mujer,4,31,12.903225806451612
2024,40802,rural,28,hombre,9,16,56.25
2024,40802,rural,28,mujer,4,26,15.384615384615385
2024,40901,rural,16,hombre,4,98,4.081632653061225
2024,40901,rural,16,mujer,4,110,3.6363636363636362
2024,40901,rural,17,hombre,10,91,10.989010989010989
2024,40901,rural,17,mujer,9,107,8.411214953271028
2024,40901,rural,18,hombre,15,97,15.463917525773196
2024,40901,rural,18,mujer,14,113,12.389380530973451
2024,40901,rural,19,hombre,17,121,14.049586776859504
2024,40901,rural,19,mujer,14,90,15.555555555555555
2024,40901,rural,20,hombre,17,102,16.666666666666668
2024,40901,rural,20,mujer,13,87,14.942528735632184
2024,40901,rural,21,hombre,20,95,21.05263157894737
2024,40901,rural,21,mujer,16,107,14.953271028037383
2024,40901,rural,22,hombre,24,104,23.076923076923077
2024,40901,rural,22,mujer,19,104,18.26923076923077
2024,40901,rural,23,hombre,38,126,30.158730158730158
2024,40901,rural,23,mujer,19,119,15.966386554621849
2024,40901,rural,24,hombre,39,142,27.464788732394368
2024,40901,rural,24,mujer,15,123,12.195121951219512
2024,40901,rural,25,hombre,49,116,42.241379310344826
2024,40901,rural,25,mujer,19,110,17.272727272727273
2024,40901,rural,26,hombre,52,114,45.6140350877193
2024,40901,rural,26,mujer,16,112,14.285714285714286
2024,40901,rural,27,hombre,45,100,45.0
2024,40901,rural,27,mujer,16,107,14.953271028037383
2024,40901,rural,28,hombre,50,120,41.666666666666664
2024,40901,rural,28,mujer,20,108,18.51851851851852
2024,40901,urbana,16,hombre,0,22,0.0
2024,40901,urbana,16,mujer,0,18,0.0
2024,40901,urbana,17,hombre,0,25,0.0
2024,40901,urbana,17,mujer,2,19,10.526315789473685
2024,40901,urbana,18,hombre,1,21,4.761904761904762
2024,40901,urbana,18,mujer,1,15,6.666666666666667
2024,40901,urbana,19,hombre,1,19,5.2631578947368425
2024,40901,urbana,19,mujer,4,23,17.391304347826086
2024,40901,urbana,20,hombre,2,17,11.764705882352942
2024,40901,urbana,20,mujer,5,27,18.51851851851852
2024,40901,urbana,21,hombre,2,24,8.333333333333334
2024,40901,urbana,21,mujer,4,19,21.05263157894737
2024,40901,urbana,22,hombre,4,21,19.047619047619047
2024,40901,urbana,22,mujer,4,23,17.391304347826086
2024,40901,urbana,23,hombre,5,28,17.857142857142858
2024,40901,urbana,23,mujer,5,32,15.625
2024,40901,urbana,24,hombre,9,32,28.125
2024,40901,urbana,24,mujer,5,19,26.31578947368421
2024,40901,urbana,25,hombre,6,22,27.272727272727273
2024,40901,urbana,25,mujer,5,23,21.73913043478261
2024,40901,urbana,26,hombre,9,21,42.857142857142854
2024,40901,urbana,26,mujer,9,24,37.5
2024,40901,urbana,27,hombre,11,24,45.833333333333336
2024,40901,urbana,27,mujer,2,23,8.695652173913043
2024,40901,urbana,28,hombre,3,10,30.0
2024,40901,urbana,28,mujer,3,25,12.0
2024,40902,rural,16,hombre,0,12,0.0
2024,40902,rural,16,mujer,2,10,20.0
2024,40902,rural,17,hombre,0,9,0.0
2024,40902,rural,17,mujer,0,5,0.0
2024,40902,rural,18,hombre,1,8,12.5
2024,40902,rural,18,mujer,0,8,0.0
2024,40902,rural,19,hombre,2,8,25.0
2024,40902,rural,19,mujer,1,10,10.0
2024,40902,rural,20,hombre,3,10,30.0
2024,40902,rural,20,mujer,2,6,33.333333333333336
2024,40902,rural,21,hombre,0,10,0.0
2024,40902,rural,21,mujer,1,12,8.333333333333334
2024,40902,rural,22,hombre,3,10,30.0
2024,40902,rural,22,mujer,0,12,0.0
2024,40902,rural,23,hombre,3,18,16.666666666666668
2024,40902,rural,23,mujer,1,11,9.090909090909092
2024,40902,rural,24,hombre,3,13,23.076923076923077
2024,40902,rural,24,mujer,0,14,0.0
2024,40902,rural,25,hombre,2,11,18.181818181818183
2024,40902,rural,25,mujer,4,11,36.36363636363637
2024,40902,rural,26,hombre,4,5,80.0
2024,40902,rural,26,mujer,3,16,18.75
2024,40902,rural,27,hombre,7,14,50.0
2024,40902,rural,27,mujer,2,23,8.695652173913043
2024,40902,rural,28,hombre,8,11,72.72727272727273
2024,40902,rural,28,mujer,0,7,0.0
2024,40903,rural,16,hombre,5,19,26.31578947368421
2024,40903,rural,16,mujer,2,26,7.6923076923076925
2024,40903,rural,17,hombre,2,10,20.0
2024,40903,rural,17,mujer,5,29,17.24137931034483
2024,40903,rural,18,hombre,4,10,40.0
2024,40903,rural,18,mujer,12,26,46.15384615384615
2024,40903,rural,19,hombre,9,19,47.36842105263158
2024,40903,rural,19,mujer,15,22,68.18181818181819
2024,40903,rural,20,hombre,2,14,14.285714285714286
2024,40903,rural,20,mujer,7,18,38.888888888888886
2024,40903,rural,21,hombre,12,18,66.66666666666667
2024,40903,rural,21,mujer,11,22,50.0
2024,40903,rural,22,hombre,14,22,63.63636363636363
2024,40903,rural,22,mujer,16,29,55.172413793103445
2024,40903,rural,23,hombre,19,23,82.6086956521739
2024,40903,rural,23,mujer,14,19,73.6842105263158
2024,40903,rural,24,hombre,18,24,75.0
2024,40903,rural,24,mujer,9,15,60.0
2024,40903,rural,25,hombre,18,27,66.66666666666667
2024,40903,rural,25,mujer,14,20,70.0
2024,40903,rural,26,hombre,20,30,66.66666666666667
2024,40903,rural,26,mujer,14,22,63.63636363636363
2024,40903,rural,27,hombre,17,20,85.0
2024,40903,rural,27,mujer,11,26,42.30769230769231
2024,40903,rural,28,hombre,22,23,95.65217391304348
2024,40903,rural,28,mujer,20,32,62.5
2024,41001,rural,16,hombre,11,81,13.580246913580247
2024,41001,rural,16,mujer,16,89,17.97752808988764
2024,41001,rural,17,hombre,11,81,13.580246913580247
2024,41001,rural,17,mujer,15,67,22.388059701492537
2024,41001,rural,18,hombre,20,65,30.76923076923077
2024,41001,rural,18,mujer,22,77,28.571428571428573
2024,41001,rural,19,hombre,21,84,25.0
2024,41001,rural,19,mujer,14,70,20.0
2024,41001,rural,20,hombre,15,76,19.736842105263158
2024,41001,rural,20,mujer,20,74,27.027027027027028
2024,41001,rural,21,hombre,13,86,15.116279069767442
2024,41001,rural,21,mujer,15,82,18.29268292682927
2024,41001,rural,22,hombre,24,93,25.806451612903224
2024,41001,rural,22,mujer,16,69,23.18840579710145
2024,41001,rural,23,hombre,30,99,30.303030303030305
2024,41001,rural,23,mujer,19,102,18.627450980392158
2024,41001,rural,24,hombre,36,95,37.89473684210526
2024,41001,rural,24,mujer,18,99,18.181818181818183
2024,41001,rural,25,hombre,26,81,32.098765432098766
2024,41001,rural,25,mujer,14,66,21.21212121212121
2024,41001,rural,26,hombre,34,93,36.55913978494624
2024,41001,rural,26,mujer,28,84,33.333333333333336
2024,41001,rural,27,hombre,27,85,31.764705882352942
2024,41001,rural,27,mujer,22,73,30.136986301369863
2024,41001,rural,28,hombre,30,88,34.09090909090909
2024,41001,rural,28,mujer,28,95,29.473684210526315
2024,41101,rural,16,hombre,0,27,0.0
2024,41101,rural,16,mujer,0,24,0.0
2024,41101,rural,17,hombre,1,18,5.555555555555555
2024,41101,rural,17,mujer,0,22,0.0
2024,41101,rural,18,hombre,1,23,4.3478260869565215
2024,41101,rural,18,mujer,1,26,3.8461538461538463
2024,41101,rural,19,hombre,2,22,9.090909090909092
2024,41101,rural,19,mujer,0,11,0.0
2024,41101,rural,20,hombre,2,22,9.090909090909092
2024,41101,rural,20,mujer,4,20,20.0
2024,41101,rural,21,hombre,9,30,30.0
2024,41101,rural,21,mujer,1,24,4.166666666666667
2024,41101,rural,22,hombre,10,31,32.25806451612903
2024,41101,rural,22,mujer,1,17,5.882352941176471
2024,41101,rural,23,hombre,5,28,17.857142857142858
2024,41101,rural,23,mujer,3,23,13.043478260869565
2024,41101,rural,24,hombre,12,31,38.70967741935484
2024,41101,rural,24,mujer,2,10,20.0
2024,41101,rural,25,hombre,7,24,29.166666666666668
2024,41101,rural,25,mujer,3,23,13.043478260869565
2024,41101,rural,26,hombre,7,25,28.0
2024,41101,rural,26,mujer,5,26,19.23076923076923
2024,41101,rural,27,hombre,13,27,48.148148148148145
2024,41101,rural,27,mujer,4,26,15.384615384615385
2024,41101,rural,28,hombre,10,28,35.714285714285715
2024,41101,rural,28,mujer,4,19,21.05263157894737
2024,41101,urbana,16,hombre,5,25,20.0
2024,41101,urbana,16,mujer,3,27,11.11111111111111
2024,41101,urbana,17,hombre,3,19,15.789473684210526
2024,41101,urbana,17,mujer,2,20,10.0
2024,41101,urbana,18,hombre,5,16,31.25
2024,41101,urbana,18,mujer,7,25,28.0
2024,41101,urbana,19,hombre,5,14,35.714285714285715
2024,41101,urbana,19,mujer,3,22,13.636363636363637
2024,41101,urbana,20,hombre,4,18,22.22222222222222
2024,41101,urbana,20,mujer,3,25,12.0
2024,41101,urbana,21,hombre,9,21,42.857142857142854
2024,41101,urbana,21,mujer,4,15,26.666666666666668
2024,41101,urbana,22,hombre,5,19,26.31578947368421
2024,41101,urbana,22,mujer,5,21,23.80952380952381
2024,41101,urbana,23,hombre,9,22,40.90909090909091
2024,41101,urbana,23,mujer,6,20,30.0
2024,41101,urbana,24,hombre,2,8,25.0
2024,41101,urbana,24,mujer,7,19,36.8421052631579
2024,41101,urbana,25,hombre,5,11,45.45454545454545
2024,41101,urbana,25,mujer,13,21,61.904761904761905
2024,41101,urbana,26,hombre,13,25,52.0
2024,41101,urbana,26,mujer,5,16,31.25
2024,41101,urbana,27,hombre,13,17,76.47058823529412
2024,41101,urbana,27,mujer,8,25,32.0
2024,41101,urbana,28,hombre,9,15,60.0
2024,41101,urbana,28,mujer,8,23,34.78260869565217
2024,41201,rural,16,hombre,1,43,2.3255813953488373
2024,41201,rural,16,mujer,1,40,2.5
2024,41201,rural,17,hombre,7,35,20.0
2024,41201,rural,17,mujer,5,33,15.151515151515152
2024,41201,rural,18,hombre,8,38,21.05263157894737
2024,41201,rural,18,mujer,3,45,6.666666666666667
2024,41201,rural,19,hombre,1,34,2.9411764705882355
2024,41201,rural,19,mujer,6,40,15.0
2024,41201,rural,20,hombre,9,43,20.930232558139537
2024,41201,rural,20,mujer,5,36,13.88888888888889
2024,41201,rural,21,hombre,9,48,18.75
2024,41201,rural,21,mujer,6,41,14.634146341463415
2024,41201,rural,22,hombre,6,40,15.0
2024,41201,rural,22,mujer,8,45,17.77777777777778
2024,41201,rural,23,hombre,11,44,25.0
2024,41201,rural,23,mujer,6,41,14.634146341463415
2024,41201,rural,24,hombre,15,55,27.272727272727273
2024,41201,rural,24,mujer,9,49,18.367346938775512
2024,41201,rural,25,hombre,15,58,25.862068965517242
2024,41201,rural,25,mujer,11,43,25.58139534883721
2024,41201,rural,26,hombre,14,46,30.434782608695652
2024,41201,rural,26,mujer,5,49,10.204081632653061
2024,41201,rural,27,hombre,14,51,27.45098039215686
2024,41201,rural,27,mujer,12,42,28.571428571428573
2024,41201,rural,28,hombre,9,31,29.032258064516128
2024,41201,rural,28,mujer,9,45,20.0
2024,41202,rural,16,hombre,5,28,17.857142857142858
2024,41202,rural,16,mujer,3,20,15.0
2024,41202,rural,17,hombre,2,22,9.090909090909092
2024,41202,rural,17,mujer,1,21,4.761904761904762
2024,41202,rural,18,hombre,2,24,8.333333333333334
2024,41202,rural,18,mujer,0,16,0.0
2024,41202,rural,19,hombre,5,21,23.80952380952381
2024,41202,rural,19,mujer,2,23,8.695652173913043
2024,41202,rural,20,hombre,5,23,21.73913043478261
2024,41202,rural,20,mujer,3,23,13.043478260869565
2024,41202,rural,21,hombre,2,24,8.333333333333334
2024,41202,rural,21,mujer,7,20,35.0
2024,41202,rural,22,hombre,4,24,16.666666666666668
2024,41202,rural,22,mujer,8,28,28.571428571428573
2024,41202,rural,23,hombre,4,16,25.0
2024,41202,rural,23,mujer,3,21,14.285714285714286
2024,41202,rural,24,hombre,10,26,38.46153846153846
2024,41202,rural,24,mujer,1,27,3.7037037037037037
2024,41202,rural,25,hombre,7,20,35.0
2024,41202,rural,25,mujer,1,17,5.882352941176471
2024,41202,rural,26,hombre,10,27,37.03703703703704
2024,41202,rural,26,mujer,3,17,17.647058823529413
2024,41202,rural,27,hombre,8,21,38.095238095238095
2024,41202,rural,27,mujer,2,17,11.764705882352942
2024,41202,rural,28,hombre,11,27,40.74074074074074
2024,41202,rural,28,mujer,9,31,29.032258064516128
2024,41301,rural,16,hombre,2,62,3.225806451612903
2024,41301,rural,16,mujer,10,41,24.390243902439025
2024,41301,rural,17,hombre,6,42,14.285714285714286
2024,41301,rural,17,mujer,8,39,20.512820512820515
2024,41301,rural,18,hombre,6,45,13.333333333333334
2024,41301,rural,18,mujer,11,46,23.91304347826087
2024,41301,rural,19,hombre,11,52,21.153846153846153
2024,41301,rural,19,mujer,7,49,14.285714285714286
2024,41301,rural,20,hombre,9,41,21.951219512195124
2024,41301,rural,20,mujer,10,35,28.571428571428573
2024,41301,rural,21,hombre,11,46,23.91304347826087
2024,41301,rural,21,mujer,10,42,23.80952380952381
2024,41301,rural,22,hombre,10,43,23.25581395348837
2024,41301,rural,22,mujer,11,37,29.72972972972973
2024,41301,rural,23,hombre,24,60,40.0
2024,41301,rural,23,mujer,18,56,32.142857142857146
2024,41301,rural,24,hombre,13,53,24.528301886792452
2024,41301,rural,24,mujer,17,49,34.69387755102041
2024,41301,rural,25,hombre,22,55,40.0
2024,41301,rural,25,mujer,15,49,30.612244897959183
2024,41301,rural,26,hombre,16,44,36.36363636363637
2024,41301,rural,26,mujer,21,64,32.8125
2024,41301,rural,27,hombre,20,41,48.78048780487805
2024,41301,rural,27,mujer,25,71,35.2112676056338
2024,41301,rural,28,hombre,25,55,45.45454545454545
2024,41301,rural,28,mujer,17,47,36.170212765957444
2024,41401,rural,16,hombre,5,64,7.8125
2024,41401,rural,16,mujer,4,60,6.666666666666667
2024,41401,rural,17,hombre,13,69,18.840579710144926
2024,41401,rural,17,mujer,3,41,7.317073170731708
2024,41401,rural,18,hombre,7,76,9.210526315789474
2024,41401,rural,18,mujer,3,55,5.454545454545454
2024,41401,rural,19,hombre,12,64,18.75
2024,41401,rural,19,mujer,11,78,14.102564102564102
2024,41401,rural,20,hombre,8,65,12.307692307692308
2024,41401,rural,20,mujer,4,53,7.547169811320755
2024,41401,rural,21,hombre,17,81,20.987654320987655
2024,41401,rural,21,mujer,14,61,22.950819672131146
2024,41401,rural,22,hombre,22,75,29.333333333333332
2024,41401,rural,22,mujer,10,59,16.949152542372882
2024,41401,rural,23,hombre,24,82,29.26829268292683
2024,41401,rural,23,mujer,8,58,13.793103448275861
2024,41401,rural,24,hombre,30,94,31.914893617021278
2024,41401,rural,24,mujer,12,60,20.0
2024,41401,rural,25,hombre,30,73,41.0958904109589
2024,41401,rural,25,mujer,11,47,23.404255319148938
2024,41401,rural,26,hombre,27,75,36.0
2024,41401,rural,26,mujer,13,43,30.232558139534884
2024,41401,rural,27,hombre,42,85,49.411764705882355
2024,41401,rural,27,mujer,9,68,13.235294117647058
2024,41401,rural,28,hombre,35,75,46.666666666666664
2024,41401,rural,28,mujer,8,58,13.793103448275861
2024,41401,urbana,16,hombre,2,38,5.2631578947368425
2024,41401,urbana,16,mujer,0,29,0.0
2024,41401,urbana,17,hombre,1,39,2.5641025641025643
2024,41401,urbana,17,mujer,2,44,4.545454545454546
2024,41401,urbana,18,hombre,3,36,8.333333333333334
2024,41401,urbana,18,mujer,6,38,15.789473684210526
2024,41401,urbana,19,hombre,2,25,8.0
2024,41401,urbana,19,mujer,2,29,6.896551724137931
2024,41401,urbana,20,hombre,3,34,8.823529411764707
2024,41401,urbana,20,mujer,1,34,2.9411764705882355
2024,41401,urbana,21,hombre,3,27,11.11111111111111
2024,41401,urbana,21,mujer,2,22,9.090909090909092
2024,41401,urbana,22,hombre,4,31,12.903225806451612
2024,41401,urbana,22,mujer,3,18,16.666666666666668
2024,41401,urbana,23,hombre,6,41,14.634146341463415
2024,41401,urbana,23,mujer,7,39,17.94871794871795
2024,41401,urbana,24,hombre,7,31,22.580645161290324
2024,41401,urbana,24,mujer,1,31,3.225806451612903
2024,41401,urbana,25,hombre,12,46,26.08695652173913
2024,41401,urbana,25,mujer,4,50,8.0
2024,41401,urbana,26,hombre,12,24,50.0
2024,41401,urbana,26,mujer,12,35,34.285714285714285
2024,41401,urbana,27,hombre,8,23,34.78260869565217
2024,41401,urbana,27,mujer,2,27,7.407407407407407
2024,41401,urbana,28,hombre,7,30,23.333333333333332
2024,41401,urbana,28,mujer,2,26,7.6923076923076925
2024,41501,rural,16,hombre,1,15,6.666666666666667
2024,41501,rural,16,mujer,0,15,0.0
2024,41501,rural,17,hombre,1,13,7.6923076923076925
2024,41501,rural,17,mujer,2,14,14.285714285714286
2024,41501,rural,18,hombre,0,10,0.0
2024,41501,rural,18,mujer,0,6,0.0
2024,41501,rural,19,hombre,1,13,7.6923076923076925
2024,41501,rural,19,mujer,1,8,12.5
2024,41501,rural,20,hombre,1,9,11.11111111111111
2024,41501,rural,20,mujer,2,9,22.22222222222222
2024,41501,rural,21,hombre,1,8,12.5
2024,41501,rural,21,mujer,0,13,0.0
2024,41501,rural,22,hombre,0,16,0.0
2024,41501,rural,22,mujer,2,6,33.333333333333336
2024,41501,rural,23,hombre,3,14,21.428571428571427
2024,41501,rural,23,mujer,0,12,0.0
2024,41501,rural,24,hombre,2,7,28.571428571428573
2024,41501,rural,24,mujer,0,8,0.0
2024,41501,rural,25,hombre,3,11,27.272727272727273
2024,41501,rural,25,mujer,1,8,12.5
2024,41501,rural,26,hombre,1,7,14.285714285714286
2024,41501,rural,26,mujer,1,9,11.11111111111111
2024,41501,rural,27,hombre,3,13,23.076923076923077
2024,41501,rural,27,mujer,4,11,36.36363636363637
2024,41501,rural,28,hombre,2,7,28.571428571428573
2024,41501,rural,28,mujer,0,10,0.0
2024,41502,rural,16,hombre,0,6,0.0
2024,41502,rural,16,mujer,0,9,0.0
2024,41502,rural,17,hombre,0,14,0.0
2024,41502,rural,17,mujer,0,3,0.0
2024,41502,rural,18,hombre,1,8,12.5
2024,41502,rural,18,mujer,3,7,42.857142857142854
2024,41502,rural,19,hombre,0,10,0.0
2024,41502,rural,19,mujer,0,11,0.0
2024,41502,rural,20,hombre,1,12,8.333333333333334
2024,41502,rural,20,mujer,1,5,20.0
2024,41502,rural,21,hombre,2,8,25.0
2024,41502,rural,21,mujer,1,8,12.5
2024,41502,rural,22,hombre,1,9,11.11111111111111
2024,41502,rural,22,mujer,1,5,20.0
2024,41502,rural,23,hombre,2,8,25.0
2024,41502,rural,23,mujer,2,12,16.666666666666668
2024,41502,rural,24,hombre,7,10,70.0
2024,41502,rural,24,mujer,0,5,0.0
2024,41502,rural,25,hombre,4,11,36.36363636363637
2024,41502,rural,25,mujer,1,11,9.090909090909092
2024,41502,rural,26,hombre,5,6,83.33333333333333
2024,41502,rural,26,mujer,1,8,12.5
2024,41502,rural,27,hombre,3,6,50.0
2024,41502,rural,27,mujer,4,15,26.666666666666668
2024,41502,rural,28,hombre,12,14,85.71428571428571
2024,41502,rural,28,mujer,1,10,10.0
2024,41503,rural,16,hombre,0,12,0.0
2024,41503,rural,16,mujer,0,10,0.0
2024,41503,rural,17,hombre,1,9,11.11111111111111
2024,41503,rural,17,mujer,0,11,0.0
2024,41503,rural,18,hombre,2,9,22.22222222222222
2024,41503,rural,18,mujer,1,8,12.5
2024,41503,rural,19,hombre,3,12,25.0
2024,41503,rural,19,mujer,0,8,0.0
2024,41503,rural,20,hombre,2,7,28.571428571428573
2024,41503,rural,20,mujer,0,8,0.0
2024,41503,rural,21,hombre,1,10,10.0
2024,41503,rural,21,mujer,0,17,0.0
2024,41503,rural,22,hombre,7,13,53.84615384615385
2024,41503,rural,22,mujer,0,12,0.0
2024,41503,rural,23,hombre,2,10,20.0
2024,41503,rural,23,mujer,0,5,0.0
2024,41503,rural,24,hombre,3,17,17.647058823529413
2024,41503,rural,24,mujer,1,11,9.090909090909092
2024,41503,rural,25,hombre,4,11,36.36363636363637
2024,41503,rural,25,mujer,0,7,0.0
2024,41503,rural,26,hombre,2,10,20.0
2024,41503,rural,26,mujer,2,15,13.333333333333334
2024,41503,rural,27,hombre,2,6,33.333333333333336
2024,41503,rural,27,mujer,3,11,27.272727272727273
2024,41503,rural,28,hombre,4,10,40.0
2024,41503,rural,28,mujer,3,5,60.0
2024,41601,rural,16,hombre,2,34,5.882352941176471
2024,41601,rural,16,mujer,4,37,10.81081081081081
2024,41601,rural,17,hombre,6,36,16.666666666666668
2024,41601,rural,17,mujer,6,41,14.634146341463415
2024,41601,rural,18,hombre,4,26,15.384615384615385
2024,41601,rural,18,mujer,1,26,3.8461538461538463
2024,41601,rural,19,hombre,7,29,24.137931034482758
2024,41601,rural,19,mujer,5,33,15.151515151515152
2024,41601,rural,20,hombre,7,29,24.137931034482758
2024,41601,rural,20,mujer,8,21,38.095238095238095
2024,41601,rural,21,hombre,5,30,16.666666666666668
2024,41601,rural,21,mujer,6,25,24.0
2024,41601,rural,22,hombre,13,33,39.39393939393939
2024,41601,rural,22,mujer,5,25,20.0
2024,41601,rural,23,hombre,6,25,24.0
2024,41601,rural,23,mujer,10,36,27.77777777777778
2024,41601,rural,24,hombre,14,34,41.1764705882353
2024,41601,rural,24,mujer,7,52,13.461538461538462
2024,41601,rural,25,hombre,14,40,35.0
2024,41601,rural,25,mujer,10,31,32.25806451612903
2024,41601,rural,26,hombre,14,33,42.42424242424242
2024,41601,rural,26,mujer,5,30,16.666666666666668
2024,41601,rural,27,hombre,16,40,40.0
2024,41601,rural,27,mujer,12,28,42.857142857142854
2024,41601,rural,28,hombre,17,40,42.5
2024,41601,rural,28,mujer,16,46,34.78260869565217
2024,50101,rural,16,hombre,13,169,7.6923076923076925
2024,50101,rural,16,mujer,6,153,3.9215686274509802
2024,50101,rural,17,hombre,10,152,6.578947368421052
2024,50101,rural,17,mujer,7,125,5.6
2024,50101,rural,18,hombre,16,119,13.445378151260504
2024,50101,rural,18,mujer,9,121,7.43801652892562
2024,50101,rural,19,hombre,19,131,14.50381679389313
2024,50101,rural,19,mujer,11,99,11.11111111111111
2024,50101,rural,20,hombre,28,112,25.0
2024,50101,rural,20,mujer,19,136,13.970588235294118
2024,50101,rural,21,hombre,32,153,20.915032679738562
2024,50101,rural,21,mujer,11,120,9.166666666666666
2024,50101,rural,22,hombre,44,141,31.20567375886525
2024,50101,rural,22,mujer,21,128,16.40625
2024,50101,rural,23,hombre,47,166,28.313253012048193
2024,50101,rural,23,mujer,16,143,11.188811188811188
2024,50101,rural,24,hombre,59,164,35.97560975609756
2024,50101,rural,24,mujer,24,134,17.91044776119403
2024,50101,rural,25,hombre,63,151,41.72185430463576
2024,50101,rural,25,mujer,29,160,18.125
2024,50101,rural,26,hombre,78,169,46.15384615384615
2024,50101,rural,26,mujer,24,165,14.545454545454545
2024,50101,rural,27,hombre,68,150,45.333333333333336
2024,50101,rural,27,mujer,28,152,18.42105263157895
2024,50101,rural,28,hombre,81,162,50.0
2024,50101,rural,28,mujer,22,127,17.322834645669293
2024,50101,urbana,16,hombre,149,2056,7.247081712062257
2024,50101,urbana,16,mujer,158,2089,7.563427477261848
2024,50101,urbana,17,hombre,181,1871,9.673971138428648
2024,50101,urbana,17,mujer,217,2006,10.817547357926221
2024,50101,urbana,18,hombre,318,1777,17.895329206527855
2024,50101,urbana,18,mujer,303,1909,15.872184389732844
2024,50101,urbana,19,hombre,340,1744,19.495412844036696
2024,50101,urbana,19,mujer,340,1859,18.28940290478752
2024,50101,urbana,20,hombre,427,1736,24.596774193548388
2024,50101,urbana,20,mujer,416,1923,21.632865314612584
2024,50101,urbana,21,hombre,488,1850,26.37837837837838
2024,50101,urbana,21,mujer,464,1958,23.6976506639428
2024,50101,urbana,22,hombre,490,1740,28.160919540229884
2024,50101,urbana,22,mujer,507,2030,24.97536945812808
2024,50101,urbana,23,hombre,620,1936,32.02479338842975
2024,50101,urbana,23,mujer,602,2191,27.476038338658146
2024,50101,urbana,24,hombre,662,1914,34.58725182863114
2024,50101,urbana,24,mujer,625,2136,29.260299625468164
2024,50101,urbana,25,hombre,664,1804,36.80709534368071
2024,50101,urbana,25,mujer,565,1965,28.75318066157761
2024,50101,urbana,26,hombre,687,1663,41.310883944678295
2024,50101,urbana,26,mujer,617,1932,31.935817805383024
2024,50101,urbana,27,hombre,764,1689,45.23386619301362
2024,50101,urbana,27,mujer,651,1975,32.962025316455694
2024,50101,urbana,28,hombre,721,1584,45.51767676767677
2024,50101,urbana,28,mujer,598,1790,33.40782122905028
2024,50102,rural,16,hombre,23,283,8.12720848056537
2024,50102,rural,16,mujer,12,228,5.2631578947368425
2024,50102,rural,17,hombre,43,285,15.087719298245615
2024,50102,rural,17,mujer,11,210,5.238095238095238
2024,50102,rural,18,hombre,62,263,23.574144486692017
2024,50102,rural,18,mujer,27,198,13.636363636363637
2024,50102,rural,19,hombre,66,223,29.59641255605381
2024,50102,rural,19,mujer,24,212,11.320754716981131
2024,50102,rural,20,hombre,97,276,35.14492753623188
2024,50102,rural,20,mujer,18,208,8.653846153846153
2024,50102,rural,21,hombre,132,303,43.56435643564357
2024,50102,rural,21,mujer,34,220,15.454545454545455
2024,50102,rural,22,hombre,141,301,46.84385382059801
2024,50102,rural,22,mujer,19,191,9.947643979057592
2024,50102,rural,23,hombre,167,316,52.848101265822784
2024,50102,rural,23,mujer,28,235,11.914893617021276
2024,50102,rural,24,hombre,189,314,60.19108280254777
2024,50102,rural,24,mujer,30,199,15.075376884422111
2024,50102,rural,25,hombre,188,282,66.66666666666667
2024,50102,rural,25,mujer,36,167,21.55688622754491
2024,50102,rural,26,hombre,182,266,68.42105263157895
2024,50102,rural,26,mujer,45,179,25.139664804469273
2024,50102,rural,27,hombre,194,291,66.66666666666667
2024,50102,rural,27,mujer,39,184,21.195652173913043
2024,50102,rural,28,hombre,192,282,68.08510638297872
2024,50102,rural,28,mujer,43,175,24.571428571428573
2024,50103,rural,16,hombre,2,84,2.380952380952381
2024,50103,rural,16,mujer,3,92,3.260869565217391
2024,50103,rural,17,hombre,2,76,2.6315789473684212
2024,50103,rural,17,mujer,1,73,1.36986301369863
2024,50103,rural,18,hombre,3,75,4.0
2024,50103,rural,18,mujer,3,80,3.75
2024,50103,rural,19,hombre,6,63,9.523809523809524
2024,50103,rural,19,mujer,3,63,4.761904761904762
2024,50103,rural,20,hombre,7,64,10.9375
2024,50103,rural,20,mujer,7,72,9.722222222222221
2024,50103,rural,21,hombre,18,82,21.951219512195124
2024,50103,rural,21,mujer,7,80,8.75
2024,50103,rural,22,hombre,4,69,5.797101449275362
2024,50103,rural,22,mujer,12,83,14.457831325301205
2024,50103,rural,23,hombre,22,80,27.5
2024,50103,rural,23,mujer,11,80,13.75
2024,50103,rural,24,hombre,35,104,33.65384615384615
2024,50103,rural,24,mujer,11,79,13.924050632911392
2024,50103,rural,25,hombre,31,79,39.24050632911393
2024,50103,rural,25,mujer,12,78,15.384615384615385
2024,50103,rural,26,hombre,40,103,38.83495145631068
2024,50103,rural,26,mujer,11,96,11.458333333333334
2024,50103,rural,27,hombre,39,87,44.827586206896555
2024,50103,rural,27,mujer,18,96,18.75
2024,50103,rural,28,hombre,43,89,48.31460674157304
2024,50103,rural,28,mujer,6,77,7.792207792207792
2024,50104,rural,16,hombre,2,17,11.764705882352942
2024,50104,rural,16,mujer,2,16,12.5
2024,50104,rural,17,hombre,2,27,7.407407407407407
2024,50104,rural,17,mujer,3,14,21.428571428571427
2024,50104,rural,18,hombre,2,17,11.764705882352942
2024,50104,rural,18,mujer,2,23,8.695652173913043
2024,50104,rural,19,hombre,8,33,24.242424242424242
2024,50104,rural,19,mujer,2,18,11.11111111111111
2024,50104,rural,20,hombre,3,18,16.666666666666668
2024,50104,rural,20,mujer,3,13,23.076923076923077
2024,50104,rural,21,hombre,5,22,22.727272727272727
2024,50104,rural,21,mujer,2,22,9.090909090909092
2024,50104,rural,22,hombre,7,29,24.137931034482758
2024,50104,rural,22,mujer,0,19,0.0
2024,50104,rural,23,hombre,14,37,37.83783783783784
2024,50104,rural,23,mujer,4,26,15.384615384615385
2024,50104,rural,24,hombre,11,28,39.285714285714285
2024,50104,rural,24,mujer,1,23,4.3478260869565215
2024,50104,rural,25,hombre,9,22,40.90909090909091
2024,50104,rural,25,mujer,1,19,5.2631578947368425
2024,50104,rural,26,hombre,12,31,38.70967741935484
2024,50104,rural,26,mujer,1,11,9.090909090909092
2024,50104,rural,27,hombre,10,26,38.46153846153846
2024,50104,rural,27,mujer,6,22,27.272727272727273
2024,50104,rural,28,hombre,13,31,41.935483870967744
2024,50104,rural,28,mujer,9,23,39.130434782608695
2024,50201,rural,16,hombre,7,134,5.223880597014926
2024,50201,rural,16,mujer,6,99,6.0606060606060606
2024,50201,rural,17,hombre,15,137,10.94890510948905
2024,50201,rural,17,mujer,4,119,3.361344537815126
2024,50201,rural,18,hombre,19,99,19.19191919191919
2024,50201,rural,18,mujer,12,92,13.043478260869565
2024,50201,rural,19,hombre,23,105,21.904761904761905
2024,50201,rural,19,mujer,11,103,10.679611650485437
2024,50201,rural,20,hombre,22,113,19.469026548672566
2024,50201,rural,20,mujer,5,90,5.555555555555555
2024,50201,rural,21,hombre,39,122,31.9672131147541
2024,50201,rural,21,mujer,19,101,18.81188118811881
2024,50201,rural,22,hombre,44,115,38.26086956521739
2024,50201,rural,22,mujer,19,108,17.59259259259259
2024,50201,rural,23,hombre,65,143,45.45454545454545
2024,50201,rural,23,mujer,14,123,11.382113821138212
2024,50201,rural,24,hombre,49,131,37.404580152671755
2024,50201,rural,24,mujer,20,119,16.80672268907563
2024,50201,rural,25,hombre,68,129,52.713178294573645
2024,50201,rural,25,mujer,13,99,13.131313131313131
2024,50201,rural,26,hombre,68,130,52.30769230769231
2024,50201,rural,26,mujer,25,125,20.0
2024,50201,rural,27,hombre,90,142,63.38028169014085
2024,50201,rural,27,mujer,16,100,16.0
2024,50201,rural,28,hombre,91,142,64.08450704225352
2024,50201,rural,28,mujer,19,87,21.839080459770116
2024,50201,urbana,16,hombre,27,104,25.96153846153846
2024,50201,urbana,16,mujer,16,86,18.6046511627907
2024,50201,urbana,17,hombre,36,79,45.56962025316456
2024,50201,urbana,17,mujer,28,124,22.580645161290324
2024,50201,urbana,18,hombre,19,62,30.64516129032258
2024,50201,urbana,18,mujer,23,75,30.666666666666668
2024,50201,urbana,19,hombre,20,73,27.397260273972602
2024,50201,urbana,19,mujer,27,84,32.142857142857146
2024,50201,urbana,20,hombre,27,62,43.54838709677419
2024,50201,urbana,20,mujer,34,85,40.0
2024,50201,urbana,21,hombre,27,69,39.130434782608695
2024,50201,urbana,21,mujer,34,91,37.362637362637365
2024,50201,urbana,22,hombre,33,81,40.74074074074074
2024,50201,urbana,22,mujer,29,81,35.80246913580247
2024,50201,urbana,23,hombre,30,76,39.473684210526315
2024,50201,urbana,23,mujer,41,82,50.0
2024,50201,urbana,24,hombre,35,70,50.0
2024,50201,urbana,24,mujer,32,83,38.55421686746988
2024,50201,urbana,25,hombre,28,66,42.42424242424242
2024,50201,urbana,25,mujer,37,74,50.0
2024,50201,urbana,26,hombre,34,61,55.73770491803279
2024,50201,urbana,26,mujer,52,89,58.42696629213483
2024,50201,urbana,27,hombre,27,65,41.53846153846154
2024,50201,urbana,27,mujer,39,76,51.31578947368421
2024,50201,urbana,28,hombre,32,60,53.333333333333336
2024,50201,urbana,28,mujer,47,104,45.19230769230769
2024,50202,rural,16,hombre,5,106,4.716981132075472
2024,50202,rural,16,mujer,4,116,3.4482758620689653
2024,50202,rural,17,hombre,11,118,9.322033898305085
2024,50202,rural,17,mujer,10,117,8.547008547008547
2024,50202,rural,18,hombre,13,78,16.666666666666668
2024,50202,rural,18,mujer,12,115,10.434782608695652
2024,50202,rural,19,hombre,21,124,16.93548387096774
2024,50202,rural,19,mujer,9,86,10.465116279069768
2024,50202,rural,20,hombre,31,123,25.203252032520325
2024,50202,rural,20,mujer,13,111,11.711711711711711
2024,50202,rural,21,hombre,33,124,26.612903225806452
2024,50202,rural,21,mujer,16,94,17.02127659574468
2024,50202,rural,22,hombre,40,127,31.496062992125985
2024,50202,rural,22,mujer,14,99,14.141414141414142
2024,50202,rural,23,hombre,53,134,39.55223880597015
2024,50202,rural,23,mujer,11,99,11.11111111111111
2024,50202,rural,24,hombre,61,123,49.59349593495935
2024,50202,rural,24,mujer,14,109,12.844036697247706
2024,50202,rural,25,hombre,74,141,52.4822695035461
2024,50202,rural,25,mujer,22,81,27.160493827160494
2024,50202,rural,26,hombre,77,126,61.111111111111114
2024,50202,rural,26,mujer,16,87,18.39080459770115
2024,50202,rural,27,hombre,73,113,64.60176991150442
2024,50202,rural,27,mujer,23,94,24.46808510638298
2024,50202,rural,28,hombre,64,115,55.65217391304348
2024,50202,rural,28,mujer,16,99,16.161616161616163
2024,50202,urbana,16,hombre,0,26,0.0
2024,50202,urbana,16,mujer,3,19,15.789473684210526
2024,50202,urbana,17,hombre,2,9,22.22222222222222
2024,50202,urbana,17,mujer,6,28,21.428571428571427
2024,50202,urbana,18,hombre,2,13,15.384615384615385
2024,50202,urbana,18,mujer,5,20,25.0
2024,50202,urbana,19,hombre,3,11,27.272727272727273
2024,50202,urbana,19,mujer,7,22,31.818181818181817
2024,50202,urbana,20,hombre,4,20,20.0
2024,50202,urbana,20,mujer,8,25,32.0
2024,50202,urbana,21,hombre,6,15,40.0
2024,50202,urbana,21,mujer,5,23,21.73913043478261
2024,50202,urbana,22,hombre,12,20,60.0
2024,50202,urbana,22,mujer,6,17,35.294117647058826
2024,50202,urbana,23,hombre,9,21,42.857142857142854
2024,50202,urbana,23,mujer,10,23,43.47826086956522
2024,50202,urbana,24,hombre,12,22,54.54545454545455
2024,50202,urbana,24,mujer,13,28,46.42857142857143
2024,50202,urbana,25,hombre,16,25,64.0
2024,50202,urbana,25,mujer,9,21,42.857142857142854
2024,50202,urbana,26,hombre,14,30,46.666666666666664
2024,50202,urbana,26,mujer,5,17,29.41176470588235
2024,50202,urbana,27,hombre,7,10,70.0
2024,50202,urbana,27,mujer,8,23,34.78260869565217
2024,50202,urbana,28,hombre,5,10,50.0
2024,50202,urbana,28,mujer,14,31,45.16129032258065
2024,50203,rural,16,hombre,5,45,11.11111111111111
2024,50203,rural,16,mujer,3,44,6.818181818181818
2024,50203,rural,17,hombre,8,46,17.391304347826086
2024,50203,rural,17,mujer,2,33,6.0606060606060606
2024,50203,rural,18,hombre,9,32,28.125
2024,50203,rural,18,mujer,10,40,25.0
2024,50203,rural,19,hombre,12,37,32.432432432432435
2024,50203,rural,19,mujer,6,34,17.647058823529413
2024,50203,rural,20,hombre,16,35,45.714285714285715
2024,50203,rural,20,mujer,10,40,25.0
2024,50203,rural,21,hombre,24,47,51.06382978723404
2024,50203,rural,21,mujer,7,34,20.58823529411765
2024,50203,rural,22,hombre,25,46,54.34782608695652
2024,50203,rural,22,mujer,13,40,32.5
2024,50203,rural,23,hombre,25,42,59.523809523809526
2024,50203,rural,23,mujer,5,26,19.23076923076923
2024,50203,rural,24,hombre,32,56,57.142857142857146
2024,50203,rural,24,mujer,10,27,37.03703703703704
2024,50203,rural,25,hombre,32,39,82.05128205128206
2024,50203,rural,25,mujer,11,41,26.829268292682926
2024,50203,rural,26,hombre,36,48,75.0
2024,50203,rural,26,mujer,6,34,17.647058823529413
2024,50203,rural,27,hombre,32,42,76.19047619047619
2024,50203,rural,27,mujer,10,34,29.41176470588235
2024,50203,rural,28,hombre,33,51,64.70588235294117
2024,50203,rural,28,mujer,5,30,16.666666666666668
2024,50203,urbana,16,hombre,33,363,9.090909090909092
2024,50203,urbana,16,mujer,27,343,7.871720116618076
2024,50203,urbana,17,hombre,58,354,16.384180790960453
2024,50203,urbana,17,mujer,70,436,16.05504587155963
2024,50203,urbana,18,hombre,98,343,28.571428571428573
2024,50203,urbana,18,mujer,204,574,35.54006968641115
2024,50203,urbana,19,hombre,129,367,35.14986376021798
2024,50203,urbana,19,mujer,186,492,37.80487804878049
2024,50203,urbana,20,hombre,196,451,43.4589800443459
2024,50203,urbana,20,mujer,239,531,45.00941619585687
2024,50203,urbana,21,hombre,200,470,42.5531914893617
2024,50203,urbana,21,mujer,250,542,46.125461254612546
2024,50203,urbana,22,hombre,204,431,47.33178654292343
2024,50203,urbana,22,mujer,238,521,45.68138195777351
2024,50203,urbana,23,hombre,202,434,46.54377880184332
2024,50203,urbana,23,mujer,203,467,43.46895074946467
2024,50203,urbana,24,hombre,185,401,46.13466334164588
2024,50203,urbana,24,mujer,190,425,44.705882352941174
2024,50203,urbana,25,hombre,155,322,48.13664596273292
2024,50203,urbana,25,mujer,135,332,40.66265060240964
2024,50203,urbana,26,hombre,154,289,53.28719723183391
2024,50203,urbana,26,mujer,122,319,38.244514106583075
2024,50203,urbana,27,hombre,160,295,54.23728813559322
2024,50203,urbana,27,mujer,127,319,39.81191222570533
2024,50203,urbana,28,hombre,141,267,52.80898876404494
2024,50203,urbana,28,mujer,147,325,45.23076923076923
2024,50204,rural,16,hombre,4,80,5.0
2024,50204,rural,16,mujer,11,54,20.37037037037037
2024,50204,rural,17,hombre,15,73,20.54794520547945
2024,50204,rural,17,mujer,4,57,7.017543859649122
2024,50204,rural,18,hombre,14,61,22.950819672131146
2024,50204,rural,18,mujer,5,56,8.928571428571429
2024,50204,rural,19,hombre,15,47,31.914893617021278
2024,50204,rural,19,mujer,11,46,23.91304347826087
2024,50204,rural,20,hombre,25,63,39.682539682539684
2024,50204,rural,20,mujer,4,49,8.16326530612245
2024,50204,rural,21,hombre,24,51,47.05882352941177
2024,50204,rural,21,mujer,9,47,19.148936170212767
2024,50204,rural,22,hombre,40,65,61.53846153846154
2024,50204,rural,22,mujer,10,48,20.833333333333332
2024,50204,rural,23,hombre,35,58,60.3448275862069
2024,50204,rural,23,mujer,14,50,28.0
2024,50204,rural,24,hombre,36,64,56.25
2024,50204,rural,24,mujer,11,45,24.444444444444443
2024,50204,rural,25,hombre,39,63,61.904761904761905
2024,50204,rural,25,mujer,7,40,17.5
2024,50204,rural,26,hombre,50,66,75.75757575757575
2024,50204,rural,26,mujer,13,40,32.5
2024,50204,rural,27,hombre,51,66,77.27272727272727
2024,50204,rural,27,mujer,10,32,31.25
2024,50204,rural,28,hombre,33,43,76.74418604651163
2024,50204,rural,28,mujer,16,42,38.095238095238095
2024,50204,urbana,16,hombre,2,25,8.0
2024,50204,urbana,16,mujer,2,29,6.896551724137931
2024,50204,urbana,17,hombre,0,18,0.0
2024,50204,urbana,17,mujer,1,18,5.555555555555555
2024,50204,urbana,18,hombre,1,9,11.11111111111111
2024,50204,urbana,18,mujer,2,12,16.666666666666668
2024,50204,urbana,19,hombre,5,17,29.41176470588235
2024,50204,urbana,19,mujer,2,14,14.285714285714286
2024,50204,urbana,20,hombre,6,14,42.857142857142854
2024,50204,urbana,20,mujer,2,15,13.333333333333334
2024,50204,urbana,21,hombre,7,12,58.333333333333336
2024,50204,urbana,21,mujer,2,15,13.333333333333334
2024,50204,urbana,22,hombre,9,21,42.857142857142854
2024,50204,urbana,22,mujer,2,15,13.333333333333334
2024,50204,urbana,23,hombre,15,20,75.0
2024,50204,urbana,23,mujer,0,15,0.0
2024,50204,urbana,24,hombre,9,19,47.36842105263158
2024,50204,urbana,24,mujer,2,19,10.526315789473685
2024,50204,urbana,25,hombre,10,16,62.5
2024,50204,urbana,25,mujer,6,23,26.08695652173913
2024,50204,urbana,26,hombre,13,15,86.66666666666667
2024,50204,urbana,26,mujer,5,17,29.41176470588235
2024,50204,urbana,27,hombre,16,23,69.56521739130434
2024,50204,urbana,27,mujer,2,13,15.384615384615385
2024,50204,urbana,28,hombre,16,20,80.0
2024,50204,urbana,28,mujer,5,23,21.73913043478261
2024,50301,rural,16,hombre,14,254,5.511811023622047
2024,50301,rural,16,mujer,6,202,2.9702970297029703
2024,50301,rural,17,hombre,30,221,13.574660633484163
2024,50301,rural,17,mujer,11,204,5.392156862745098
2024,50301,rural,18,hombre,18,164,10.975609756097562
2024,50301,rural,18,mujer,8,173,4.624277456647399
2024,50301,rural,19,hombre,28,174,16.091954022988507
2024,50301,rural,19,mujer,17,171,9.941520467836257
2024,50301,rural,20,hombre,33,197,16.751269035532996
2024,50301,rural,20,mujer,21,191,10.99476439790576
2024,50301,rural,21,hombre,33,177,18.64406779661017
2024,50301,rural,21,mujer,12,179,6.70391061452514
2024,50301,rural,22,hombre,46,227,20.26431718061674
2024,50301,rural,22,mujer,17,197,8.629441624365482
2024,50301,rural,23,hombre,63,216,29.166666666666668
2024,50301,rural,23,mujer,27,187,14.438502673796792
2024,50301,rural,24,hombre,74,235,31.48936170212766
2024,50301,rural,24,mujer,26,198,13.131313131313131
2024,50301,rural,25,hombre,69,174,39.6551724137931
2024,50301,rural,25,mujer,34,167,20.35928143712575
2024,50301,rural,26,hombre,68,161,42.2360248447205
2024,50301,rural,26,mujer,23,179,12.849162011173185
2024,50301,rural,27,hombre,80,190,42.10526315789474
2024,50301,rural,27,mujer,21,174,12.068965517241379
2024,50301,rural,28,hombre,68,175,38.857142857142854
2024,50301,rural,28,mujer,35,158,22.151898734177216
2024,50301,urbana,16,hombre,9,71,12.67605633802817
2024,50301,urbana,16,mujer,5,62,8.064516129032258
2024,50301,urbana,17,hombre,10,72,13.88888888888889
2024,50301,urbana,17,mujer,7,67,10.447761194029852
2024,50301,urbana,18,hombre,4,53,7.547169811320755
2024,50301,urbana,18,mujer,6,56,10.714285714285714
2024,50301,urbana,19,hombre,9,47,19.148936170212767
2024,50301,urbana,19,mujer,15,50,30.0
2024,50301,urbana,20,hombre,18,59,30.508474576271187
2024,50301,urbana,20,mujer,11,66,16.666666666666668
2024,50301,urbana,21,hombre,19,45,42.22222222222222
2024,50301,urbana,21,mujer,15,48,31.25
2024,50301,urbana,22,hombre,22,50,44.0
2024,50301,urbana,22,mujer,6,64,9.375
2024,50301,urbana,23,hombre,20,51,39.21568627450981
2024,50301,urbana,23,mujer,13,56,23.214285714285715
2024,50301,urbana,24,hombre,18,45,40.0
2024,50301,urbana,24,mujer,17,58,29.310344827586206
2024,50301,urbana,25,hombre,25,61,40.98360655737705
2024,50301,urbana,25,mujer,16,52,30.76923076923077
2024,50301,urbana,26,hombre,17,51,33.333333333333336
2024,50301,urbana,26,mujer,19,61,31.147540983606557
2024,50301,urbana,27,hombre,25,50,50.0
2024,50301,urbana,27,mujer,19,54,35.18518518518518
2024,50301,urbana,28,hombre,21,42,50.0
2024,50301,urbana,28,mujer,22,58,37.93103448275862
2024,50302,rural,16,hombre,0,66,0.0
2024,50302,rural,16,mujer,1,68,1.4705882352941178
2024,50302,rural,17,hombre,3,62,4.838709677419355
2024,50302,rural,17,mujer,3,63,4.761904761904762
2024,50302,rural,18,hombre,5,62,8.064516129032258
2024,50302,rural,18,mujer,4,61,6.557377049180328
2024,50302,rural,19,hombre,11,50,22.0
2024,50302,rural,19,mujer,3,67,4.477611940298507
2024,50302,rural,20,hombre,9,54,16.666666666666668
2024,50302,rural,20,mujer,3,67,4.477611940298507
2024,50302,rural,21,hombre,14,66,21.21212121212121
2024,50302,rural,21,mujer,7,63,11.11111111111111
2024,50302,rural,22,hombre,9,63,14.285714285714286
2024,50302,rural,22,mujer,6,63,9.523809523809524
2024,50302,rural,23,hombre,24,78,30.76923076923077
2024,50302,rural,23,mujer,5,56,8.928571428571429
2024,50302,rural,24,hombre,23,75,30.666666666666668
2024,50302,rural,24,mujer,6,61,9.836065573770492
2024,50302,rural,25,hombre,20,59,33.898305084745765
2024,50302,rural,25,mujer,8,61,13.114754098360656
2024,50302,rural,26,hombre,21,69,30.434782608695652
2024,50302,rural,26,mujer,7,57,12.280701754385966
2024,50302,rural,27,hombre,31,60,51.666666666666664
2024,50302,rural,27,mujer,10,61,16.39344262295082
2024,50302,rural,28,hombre,28,64,43.75
2024,50302,rural,28,mujer,11,64,17.1875
2024,50303,rural,16,hombre,18,145,12.413793103448276
2024,50303,rural,16,mujer,17,118,14.40677966101695
2024,50303,rural,17,hombre,20,125,16.0
2024,50303,rural,17,mujer,10,108,9.25925925925926
2024,50303,rural,18,hombre,20,115,17.391304347826086
2024,50303,rural,18,mujer,20,112,17.857142857142858
2024,50303,rural,19,hombre,14,95,14.736842105263158
2024,50303,rural,19,mujer,8,95,8.421052631578947
2024,50303,rural,20,hombre,36,136,26.470588235294116
2024,50303,rural,20,mujer,17,102,16.666666666666668
2024,50303,rural,21,hombre,41,134,30.597014925373134
2024,50303,rural,21,mujer,21,124,16.93548387096774
2024,50303,rural,22,hombre,44,130,33.84615384615385
2024,50303,rural,22,mujer,16,81,19.753086419753085
2024,50303,rural,23,hombre,57,153,37.254901960784316
2024,50303,rural,23,mujer,29,93,31.182795698924732
2024,50303,rural,24,hombre,52,139,37.410071942446045
2024,50303,rural,24,mujer,27,102,26.470588235294116
2024,50303,rural,25,hombre,55,140,39.285714285714285
2024,50303,rural,25,mujer,19,91,20.87912087912088
2024,50303,rural,26,hombre,56,117,47.863247863247864
2024,50303,rural,26,mujer,17,92,18.47826086956522
2024,50303,rural,27,hombre,56,107,52.33644859813084
2024,50303,rural,27,mujer,10,66,15.151515151515152
2024,50303,rural,28,hombre,55,102,53.92156862745098
2024,50303,rural,28,mujer,23,69,33.333333333333336
2024,50401,rural,16,hombre,23,113,20.353982300884955
2024,50401,rural,16,mujer,17,96,17.708333333333332
2024,50401,rural,17,hombre,25,113,22.123893805309734
2024,50401,rural,17,mujer,14,84,16.666666666666668
2024,50401,rural,18,hombre,42,89,47.19101123595506
2024,50401,rural,18,mujer,23,88,26.136363636363637
2024,50401,rural,19,hombre,30,93,32.25806451612903
2024,50401,rural,19,mujer,24,77,31.16883116883117
2024,50401,rural,20,hombre,30,77,38.96103896103896
2024,50401,rural,20,mujer,31,86,36.04651162790697
2024,50401,rural,21,hombre,43,86,50.0
2024,50401,rural,21,mujer,30,92,32.608695652173914
2024,50401,rural,22,hombre,36,85,42.35294117647059
2024,50401,rural,22,mujer,23,66,34.84848484848485
2024,50401,rural,23,hombre,40,97,41.23711340206186
2024,50401,rural,23,mujer,24,64,37.5
2024,50401,rural,24,hombre,69,103,66.99029126213593
2024,50401,rural,24,mujer,31,87,35.632183908045974
2024,50401,rural,25,hombre,43,82,52.4390243902439
2024,50401,rural,25,mujer,27,75,36.0
2024,50401,rural,26,hombre,33,51,64.70588235294117
2024,50401,rural,26,mujer,28,61,45.90163934426229
2024,50401,rural,27,hombre,47,74,63.513513513513516
2024,50401,rural,27,mujer,27,61,44.26229508196721
2024,50401,rural,28,hombre,55,79,69.62025316455696
2024,50401,rural,28,mujer,24,54,44.44444444444444
2024,50401,urbana,16,hombre,9,43,20.930232558139537
2024,50401,urbana,16,mujer,10,47,21.27659574468085
2024,50401,urbana,17,hombre,13,48,27.083333333333332
2024,50401,urbana,17,mujer,4,52,7.6923076923076925
2024,50401,urbana,18,hombre,18,48,37.5
2024,50401,urbana,18,mujer,4,33,12.121212121212121
2024,50401,urbana,19,hombre,27,55,49.09090909090909
2024,50401,urbana,19,mujer,4,25,16.0
2024,50401,urbana,20,hombre,36,60,60.0
2024,50401,urbana,20,mujer,9,31,29.032258064516128
2024,50401,urbana,21,hombre,44,74,59.45945945945946
2024,50401,urbana,21,mujer,8,45,17.77777777777778
2024,50401,urbana,22,hombre,49,84,58.333333333333336
2024,50401,urbana,22,mujer,8,38,21.05263157894737
2024,50401,urbana,23,hombre,54,76,71.05263157894737
2024,50401,urbana,23,mujer,13,39,33.333333333333336
2024,50401,urbana,24,hombre,82,101,81.18811881188118
2024,50401,urbana,24,mujer,6,35,17.142857142857142
2024,50401,urbana,25,hombre,61,75,81.33333333333333
2024,50401,urbana,25,mujer,10,37,27.027027027027028
2024,50401,urbana,26,hombre,52,68,76.47058823529412
2024,50401,urbana,26,mujer,16,44,36.36363636363637
2024,50401,urbana,27,hombre,49,59,83.05084745762711
2024,50401,urbana,27,mujer,12,45,26.666666666666668
2024,50401,urbana,28,hombre,49,61,80.32786885245902
2024,50401,urbana,28,mujer,10,41,24.390243902439025
2024,50402,rural,16,hombre,14,134,10.447761194029852
2024,50402,rural,16,mujer,15,131,11.450381679389313
2024,50402,rural,17,hombre,14,128,10.9375
2024,50402,rural,17,mujer,14,101,13.861386138613861
2024,50402,rural,18,hombre,19,128,14.84375
2024,50402,rural,18,mujer,11,100,11.0
2024,50402,rural,19,hombre,15,99,15.151515151515152
2024,50402,rural,19,mujer,15,83,18.072289156626507
2024,50402,rural,20,hombre,28,104,26.923076923076923
2024,50402,rural,20,mujer,20,92,21.73913043478261
2024,50402,rural,21,hombre,37,124,29.838709677419356
2024,50402,rural,21,mujer,11,99,11.11111111111111
2024,50402,rural,22,hombre,34,111,30.63063063063063
2024,50402,rural,22,mujer,16,94,17.02127659574468
2024,50402,rural,23,hombre,40,120,33.333333333333336
2024,50402,rural,23,mujer,20,114,17.54385964912281
2024,50402,rural,24,hombre,48,126,38.095238095238095
2024,50402,rural,24,mujer,21,89,23.59550561797753
2024,50402,rural,25,hombre,33,90,36.666666666666664
2024,50402,rural,25,mujer,30,95,31.57894736842105
2024,50402,rural,26,hombre,44,112,39.285714285714285
2024,50402,rural,26,mujer,28,81,34.5679012345679
2024,50402,rural,27,hombre,44,114,38.59649122807018
2024,50402,rural,27,mujer,22,87,25.28735632183908
2024,50402,rural,28,hombre,57,107,53.271028037383175
2024,50402,rural,28,mujer,24,71,33.80281690140845
2024,50403,rural,16,hombre,38,288,13.194444444444445
2024,50403,rural,16,mujer,14,232,6.0344827586206895
2024,50403,rural,17,hombre,31,245,12.653061224489797
2024,50403,rural,17,mujer,17,217,7.8341013824884795
2024,50403,rural,18,hombre,53,230,23.043478260869566
2024,50403,rural,18,mujer,39,267,14.606741573033707
2024,50403,rural,19,hombre,57,210,27.142857142857142
2024,50403,rural,19,mujer,46,253,18.181818181818183
2024,50403,rural,20,hombre,80,254,31.496062992125985
2024,50403,rural,20,mujer,43,237,18.143459915611814
2024,50403,rural,21,hombre,97,240,40.416666666666664
2024,50403,rural,21,mujer,47,255,18.431372549019606
2024,50403,rural,22,hombre,100,249,40.16064257028113
2024,50403,rural,22,mujer,46,216,21.296296296296298
2024,50403,rural,23,hombre,139,299,46.48829431438127
2024,50403,rural,23,mujer,61,248,24.596774193548388
2024,50403,rural,24,hombre,152,299,50.836120401337794
2024,50403,rural,24,mujer,52,223,23.318385650224215
2024,50403,rural,25,hombre,149,268,55.59701492537314
2024,50403,rural,25,mujer,55,192,28.645833333333332
2024,50403,rural,26,hombre,135,254,53.1496062992126
2024,50403,rural,26,mujer,61,209,29.1866028708134
2024,50403,rural,27,hombre,150,248,60.483870967741936
2024,50403,rural,27,mujer,51,198,25.757575757575758
2024,50403,rural,28,hombre,138,258,53.48837209302326
2024,50403,rural,28,mujer,53,184,28.804347826086957
2024,50403,urbana,16,hombre,9,17,52.94117647058823
2024,50403,urbana,16,mujer,11,22,50.0
2024,50403,urbana,17,hombre,22,37,59.45945945945946
2024,50403,urbana,17,mujer,7,19,36.8421052631579
2024,50403,urbana,18,hombre,8,14,57.142857142857146
2024,50403,urbana,18,mujer,20,25,80.0
2024,50403,urbana,19,hombre,10,14,71.42857142857143
2024,50403,urbana,19,mujer,15,22,68.18181818181819
2024,50403,urbana,20,hombre,11,16,68.75
2024,50403,urbana,20,mujer,17,23,73.91304347826087
2024,50403,urbana,21,hombre,10,12,83.33333333333333
2024,50403,urbana,21,mujer,17,25,68.0
2024,50403,urbana,22,hombre,11,13,84.61538461538461
2024,50403,urbana,22,mujer,25,34,73.52941176470588
2024,50403,urbana,23,hombre,13,17,76.47058823529412
2024,50403,urbana,23,mujer,16,19,84.21052631578948
2024,50403,urbana,24,hombre,10,14,71.42857142857143
2024,50403,urbana,24,mujer,28,33,84.84848484848484
2024,50403,urbana,25,hombre,14,17,82.3529411764706
2024,50403,urbana,25,mujer,15,19,78.94736842105263
2024,50403,urbana,26,hombre,19,20,95.0
2024,50403,urbana,26,mujer,24,28,85.71428571428571
2024,50403,urbana,27,hombre,10,13,76.92307692307692
2024,50403,urbana,27,mujer,25,28,89.28571428571429
2024,50403,urbana,28,hombre,11,16,68.75
2024,50403,urbana,28,mujer,19,23,82.6086956521739
2024,50404,rural,16,hombre,24,143,16.783216783216783
2024,50404,rural,16,mujer,13,116,11.206896551724139
2024,50404,rural,17,hombre,38,148,25.675675675675677
2024,50404,rural,17,mujer,19,103,18.446601941747574
2024,50404,rural,18,hombre,31,112,27.678571428571427
2024,50404,rural,18,mujer,17,97,17.52577319587629
2024,50404,rural,19,hombre,33,99,33.333333333333336
2024,50404,rural,19,mujer,14,70,20.0
2024,50404,rural,20,hombre,61,148,41.21621621621622
2024,50404,rural,20,mujer,18,95,18.94736842105263
2024,50404,rural,21,hombre,60,138,43.47826086956522
2024,50404,rural,21,mujer,18,80,22.5
2024,50404,rural,22,hombre,53,108,49.074074074074076
2024,50404,rural,22,mujer,18,91,19.78021978021978
2024,50404,rural,23,hombre,80,137,58.394160583941606
2024,50404,rural,23,mujer,29,106,27.358490566037737
2024,50404,rural,24,hombre,82,144,56.94444444444444
2024,50404,rural,24,mujer,13,78,16.666666666666668
2024,50404,rural,25,hombre,66,104,63.46153846153846
2024,50404,rural,25,mujer,20,71,28.169014084507044
2024,50404,rural,26,hombre,84,126,66.66666666666667
2024,50404,rural,26,mujer,22,78,28.205128205128204
2024,50404,rural,27,hombre,82,125,65.6
2024,50404,rural,27,mujer,24,82,29.26829268292683
2024,50404,rural,28,hombre,72,108,66.66666666666667
2024,50404,rural,28,mujer,26,71,36.61971830985915
2024,50405,rural,16,hombre,28,210,13.333333333333334
2024,50405,rural,16,mujer,13,183,7.103825136612022
2024,50405,rural,17,hombre,35,182,19.23076923076923
2024,50405,rural,17,mujer,21,160,13.125
2024,50405,rural,18,hombre,52,203,25.61576354679803
2024,50405,rural,18,mujer,26,162,16.049382716049383
2024,50405,rural,19,hombre,51,187,27.272727272727273
2024,50405,rural,19,mujer,24,156,15.384615384615385
2024,50405,rural,20,hombre,75,209,35.88516746411483
2024,50405,rural,20,mujer,28,151,18.543046357615893
2024,50405,rural,21,hombre,109,208,52.40384615384615
2024,50405,rural,21,mujer,35,161,21.73913043478261
2024,50405,rural,22,hombre,96,200,48.0
2024,50405,rural,22,mujer,30,128,23.4375
2024,50405,rural,23,hombre,124,212,58.490566037735846
2024,50405,rural,23,mujer,38,150,25.333333333333332
2024,50405,rural,24,hombre,159,239,66.52719665271967
2024,50405,rural,24,mujer,41,171,23.976608187134502
2024,50405,rural,25,hombre,136,197,69.03553299492386
2024,50405,rural,25,mujer,27,122,22.131147540983605
2024,50405,rural,26,hombre,127,181,70.1657458563536
2024,50405,rural,26,mujer,34,125,27.2
2024,50405,rural,27,hombre,144,209,68.89952153110048
2024,50405,rural,27,mujer,26,111,23.423423423423422
2024,50405,rural,28,hombre,133,176,75.56818181818181
2024,50405,rural,28,mujer,47,120,39.166666666666664
2024,50501,rural,16,hombre,48,272,17.647058823529413
2024,50501,rural,16,mujer,35,221,15.83710407239819
2024,50501,rural,17,hombre,79,273,28.937728937728938
2024,50501,rural,17,mujer,47,242,19.421487603305785
2024,50501,rural,18,hombre,64,199,32.1608040201005
2024,50501,rural,18,mujer,38,208,18.26923076923077
2024,50501,rural,19,hombre,78,200,39.0
2024,50501,rural,19,mujer,41,202,20.297029702970296
2024,50501,rural,20,hombre,82,195,42.05128205128205
2024,50501,rural,20,mujer,41,198,20.707070707070706
2024,50501,rural,21,hombre,114,232,49.13793103448276
2024,50501,rural,21,mujer,46,171,26.900584795321638
2024,50501,rural,22,hombre,109,227,48.01762114537445
2024,50501,rural,22,mujer,39,153,25.49019607843137
2024,50501,rural,23,hombre,139,253,54.940711462450594
2024,50501,rural,23,mujer,62,179,34.63687150837989
2024,50501,rural,24,hombre,130,217,59.90783410138249
2024,50501,rural,24,mujer,63,190,33.1578947368421
2024,50501,rural,25,hombre,139,216,64.35185185185185
2024,50501,rural,25,mujer,57,158,36.075949367088604
2024,50501,rural,26,hombre,147,206,71.35922330097087
2024,50501,rural,26,mujer,43,142,30.281690140845072
2024,50501,rural,27,hombre,147,202,72.77227722772277
2024,50501,rural,27,mujer,56,156,35.8974358974359
2024,50501,rural,28,hombre,152,199,76.38190954773869
2024,50501,rural,28,mujer,62,133,46.61654135338346
2024,50502,rural,16,hombre,17,95,17.894736842105264
2024,50502,rural,16,mujer,19,102,18.627450980392158
2024,50502,rural,17,hombre,23,93,24.731182795698924
2024,50502,rural,17,mujer,15,87,17.24137931034483
2024,50502,rural,18,hombre,27,74,36.486486486486484
2024,50502,rural,18,mujer,21,76,27.63157894736842
2024,50502,rural,19,hombre,17,61,27.868852459016395
2024,50502,rural,19,mujer,10,78,12.820512820512821
2024,50502,rural,20,hombre,20,74,27.027027027027028
2024,50502,rural,20,mujer,16,67,23.880597014925375
2024,50502,rural,21,hombre,29,72,40.27777777777778
2024,50502,rural,21,mujer,15,63,23.80952380952381
2024,50502,rural,22,hombre,20,62,32.25806451612903
2024,50502,rural,22,mujer,23,66,34.84848484848485
2024,50502,rural,23,hombre,36,76,47.36842105263158
2024,50502,rural,23,mujer,16,68,23.529411764705884
2024,50502,rural,24,hombre,39,80,48.75
2024,50502,rural,24,mujer,20,65,30.76923076923077
2024,50502,rural,25,hombre,42,74,56.75675675675676
2024,50502,rural,25,mujer,14,56,25.0
2024,50502,rural,26,hombre,43,65,66.15384615384616
2024,50502,rural,26,mujer,27,71,38.028169014084504
2024,50502,rural,27,hombre,36,69,52.17391304347826
2024,50502,rural,27,mujer,24,62,38.70967741935484
2024,50502,rural,28,hombre,60,90,66.66666666666667
2024,50502,rural,28,mujer,25,60,41.666666666666664
2024,50601,rural,16,hombre,17,202,8.415841584158416
2024,50601,rural,16,mujer,16,190,8.421052631578947
2024,50601,rural,17,hombre,16,211,7.5829383886255926
2024,50601,rural,17,mujer,17,195,8.717948717948717
2024,50601,rural,18,hombre,34,165,20.606060606060606
2024,50601,rural,18,mujer,33,175,18.857142857142858
2024,50601,rural,19,hombre,48,178,26.96629213483146
2024,50601,rural,19,mujer,31,179,17.318435754189945
2024,50601,rural,20,hombre,46,209,22.00956937799043
2024,50601,rural,20,mujer,26,165,15.757575757575758
2024,50601,rural,21,hombre,53,187,28.342245989304814
2024,50601,rural,21,mujer,33,177,18.64406779661017
2024,50601,rural,22,hombre,60,202,29.702970297029704
2024,50601,rural,22,mujer,45,177,25.423728813559322
2024,50601,rural,23,hombre,68,210,32.38095238095238
2024,50601,rural,23,mujer,49,214,22.897196261682243
2024,50601,rural,24,hombre,78,208,37.5
2024,50601,rural,24,mujer,55,232,23.70689655172414
2024,50601,rural,25,hombre,86,199,43.21608040201005
2024,50601,rural,25,mujer,51,185,27.56756756756757
2024,50601,rural,26,hombre,89,190,46.8421052631579
2024,50601,rural,26,mujer,62,212,29.245283018867923
2024,50601,rural,27,hombre,119,216,55.092592592592595
2024,50601,rural,27,mujer,53,203,26.108374384236452
2024,50601,rural,28,hombre,103,214,48.13084112149533
2024,50601,rural,28,mujer,72,225,32.0
2024,50601,urbana,16,hombre,6,31,19.35483870967742
2024,50601,urbana,16,mujer,8,44,18.181818181818183
2024,50601,urbana,17,hombre,12,34,35.294117647058826
2024,50601,urbana,17,mujer,9,48,18.75
2024,50601,urbana,18,hombre,9,35,25.714285714285715
2024,50601,urbana,18,mujer,14,28,50.0
2024,50601,urbana,19,hombre,9,19,47.36842105263158
2024,50601,urbana,19,mujer,4,20,20.0
2024,50601,urbana,20,hombre,9,28,32.142857142857146
2024,50601,urbana,20,mujer,7,20,35.0
2024,50601,urbana,21,hombre,13,25,52.0
2024,50601,urbana,21,mujer,10,25,40.0
2024,50601,urbana,22,hombre,7,15,46.666666666666664
2024,50601,urbana,22,mujer,9,25,36.0
2024,50601,urbana,23,hombre,14,25,56.0
2024,50601,urbana,23,mujer,10,20,50.0
2024,50601,urbana,24,hombre,14,24,58.333333333333336
2024,50601,urbana,24,mujer,11,31,35.483870967741936
2024,50601,urbana,25,hombre,18,25,72.0
2024,50601,urbana,25,mujer,15,29,51.724137931034484
2024,50601,urbana,26,hombre,8,18,44.44444444444444
2024,50601,urbana,26,mujer,7,20,35.0
2024,50601,urbana,27,hombre,9,20,45.0
2024,50601,urbana,27,mujer,12,22,54.54545454545455
2024,50601,urbana,28,hombre,10,20,50.0
2024,50601,urbana,28,mujer,8,19,42.10526315789474
2024,50602,rural,16,hombre,4,70,5.714285714285714
2024,50602,rural,16,mujer,3,84,3.5714285714285716
2024,50602,rural,17,hombre,10,75,13.333333333333334
2024,50602,rural,17,mujer,4,77,5.194805194805195
2024,50602,rural,18,hombre,7,69,10.144927536231885
2024,50602,rural,18,mujer,3,70,4.285714285714286
2024,50602,rural,19,hombre,13,67,19.402985074626866
2024,50602,rural,19,mujer,9,69,13.043478260869565
2024,50602,rural,20,hombre,18,74,24.324324324324323
2024,50602,rural,20,mujer,8,69,11.594202898550725
2024,50602,rural,21,hombre,19,63,30.158730158730158
2024,50602,rural,21,mujer,19,87,21.839080459770116
2024,50602,rural,22,hombre,15,64,23.4375
2024,50602,rural,22,mujer,10,71,14.084507042253522
2024,50602,rural,23,hombre,21,85,24.705882352941178
2024,50602,rural,23,mujer,22,84,26.19047619047619
2024,50602,rural,24,hombre,27,70,38.57142857142857
2024,50602,rural,24,mujer,19,82,23.170731707317074
2024,50602,rural,25,hombre,20,73,27.397260273972602
2024,50602,rural,25,mujer,14,70,20.0
2024,50602,rural,26,hombre,20,61,32.78688524590164
2024,50602,rural,26,mujer,16,66,24.242424242424242
2024,50602,rural,27,hombre,31,67,46.26865671641791
2024,50602,rural,27,mujer,15,51,29.41176470588235
2024,50602,rural,28,hombre,29,60,48.333333333333336
2024,50602,rural,28,mujer,16,68,23.529411764705884
2024,50701,rural,16,hombre,14,144,9.722222222222221
2024,50701,rural,16,mujer,12,118,10.169491525423728
2024,50701,rural,17,hombre,14,131,10.687022900763358
2024,50701,rural,17,mujer,10,146,6.8493150684931505
2024,50701,rural,18,hombre,15,86,17.441860465116278
2024,50701,rural,18,mujer,13,111,11.711711711711711
2024,50701,rural,19,hombre,21,83,25.301204819277107
2024,50701,rural,19,mujer,13,88,14.772727272727273
2024,50701,rural,20,hombre,44,113,38.93805309734513
2024,50701,rural,20,mujer,15,99,15.151515151515152
2024,50701,rural,21,hombre,66,130,50.76923076923077
2024,50701,rural,21,mujer,15,96,15.625
2024,50701,rural,22,hombre,41,107,38.3177570093458
2024,50701,rural,22,mujer,11,78,14.102564102564102
2024,50701,rural,23,hombre,72,149,48.32214765100671
2024,50701,rural,23,mujer,14,104,13.461538461538462
2024,50701,rural,24,hombre,94,145,64.82758620689656
2024,50701,rural,24,mujer,21,84,25.0
2024,50701,rural,25,hombre,85,123,69.10569105691057
2024,50701,rural,25,mujer,24,91,26.373626373626372
2024,50701,rural,26,hombre,94,135,69.62962962962963
2024,50701,rural,26,mujer,22,80,27.5
2024,50701,rural,27,hombre,97,133,72.93233082706767
2024,50701,rural,27,mujer,29,79,36.70886075949367
2024,50701,rural,28,hombre,89,108,82.4074074074074
2024,50701,rural,28,mujer,26,77,33.76623376623377
2024,50701,urbana,16,hombre,0,13,0.0
2024,50701,urbana,16,mujer,0,15,0.0
2024,50701,urbana,17,hombre,10,26,38.46153846153846
2024,50701,urbana,17,mujer,5,21,23.80952380952381
2024,50701,urbana,18,hombre,2,14,14.285714285714286
2024,50701,urbana,18,mujer,5,15,33.333333333333336
2024,50701,urbana,19,hombre,4,10,40.0
2024,50701,urbana,19,mujer,3,16,18.75
2024,50701,urbana,20,hombre,4,8,50.0
2024,50701,urbana,20,mujer,5,14,35.714285714285715
2024,50701,urbana,21,hombre,5,22,22.727272727272727
2024,50701,urbana,21,mujer,13,21,61.904761904761905
2024,50701,urbana,22,hombre,6,13,46.15384615384615
2024,50701,urbana,22,mujer,10,21,47.61904761904762
2024,50701,urbana,23,hombre,3,10,30.0
2024,50701,urbana,23,mujer,10,19,52.63157894736842
2024,50701,urbana,24,hombre,7,14,50.0
2024,50701,urbana,24,mujer,7,24,29.166666666666668
2024,50701,urbana,25,hombre,5,13,38.46153846153846
2024,50701,urbana,25,mujer,5,12,41.666666666666664
2024,50701,urbana,26,hombre,4,10,40.0
2024,50701,urbana,26,mujer,9,15,60.0
2024,50701,urbana,27,hombre,3,7,42.857142857142854
2024,50701,urbana,27,mujer,5,12,41.666666666666664
2024,50701,urbana,28,hombre,15,18,83.33333333333333
2024,50701,urbana,28,mujer,7,15,46.666666666666664
2024,50702,rural,16,hombre,10,97,10.309278350515465
2024,50702,rural,16,mujer,10,78,12.820512820512821
2024,50702,rural,17,hombre,17,70,24.285714285714285
2024,50702,rural,17,mujer,7,56,12.5
2024,50702,rural,18,hombre,5,48,10.416666666666666
2024,50702,rural,18,mujer,8,71,11.267605633802816
2024,50702,rural,19,hombre,10,41,24.390243902439025
2024,50702,rural,19,mujer,5,44,11.363636363636363
2024,50702,rural,20,hombre,23,67,34.32835820895522
2024,50702,rural,20,mujer,11,53,20.754716981132077
2024,50702,rural,21,hombre,39,75,52.0
2024,50702,rural,21,mujer,7,54,12.962962962962964
2024,50702,rural,22,hombre,39,84,46.42857142857143
2024,50702,rural,22,mujer,10,44,22.727272727272727
2024,50702,rural,23,hombre,41,65,63.07692307692308
2024,50702,rural,23,mujer,8,52,15.384615384615385
2024,50702,rural,24,hombre,47,79,59.49367088607595
2024,50702,rural,24,mujer,14,58,24.137931034482758
2024,50702,rural,25,hombre,53,78,67.94871794871794
2024,50702,rural,25,mujer,5,45,11.11111111111111
2024,50702,rural,26,hombre,59,76,77.63157894736842
2024,50702,rural,26,mujer,13,51,25.49019607843137
2024,50702,rural,27,hombre,56,81,69.1358024691358
2024,50702,rural,27,mujer,10,53,18.867924528301888
2024,50702,rural,28,hombre,60,87,68.96551724137932
2024,50702,rural,28,mujer,13,51,25.49019607843137
2024,50801,rural,16,hombre,3,152,1.9736842105263157
2024,50801,rural,16,mujer,5,127,3.937007874015748
2024,50801,rural,17,hombre,9,110,8.181818181818182
2024,50801,rural,17,mujer,11,123,8.94308943089431
2024,50801,rural,18,hombre,20,108,18.51851851851852
2024,50801,rural,18,mujer,13,121,10.743801652892563
2024,50801,rural,19,hombre,21,103,20.388349514563107
2024,50801,rural,19,mujer,14,99,14.141414141414142
2024,50801,rural,20,hombre,30,115,26.08695652173913
2024,50801,rural,20,mujer,22,126,17.46031746031746
2024,50801,rural,21,hombre,36,130,27.692307692307693
2024,50801,rural,21,mujer,21,100,21.0
2024,50801,rural,22,hombre,32,119,26.89075630252101
2024,50801,rural,22,mujer,34,124,27.419354838709676
2024,50801,rural,23,hombre,40,113,35.39823008849557
2024,50801,rural,23,mujer,28,119,23.529411764705884
2024,50801,rural,24,hombre,62,133,46.61654135338346
2024,50801,rural,24,mujer,31,119,26.050420168067227
2024,50801,rural,25,hombre,61,121,50.413223140495866
2024,50801,rural,25,mujer,24,106,22.641509433962263
2024,50801,rural,26,hombre,67,122,54.91803278688525
2024,50801,rural,26,mujer,38,121,31.40495867768595
2024,50801,rural,27,hombre,75,119,63.02521008403362
2024,50801,rural,27,mujer,35,129,27.131782945736433
2024,50801,rural,28,hombre,78,122,63.9344262295082
2024,50801,rural,28,mujer,37,121,30.578512396694215
2024,50801,urbana,16,hombre,18,313,5.7507987220447285
2024,50801,urbana,16,mujer,20,267,7.49063670411985
2024,50801,urbana,17,hombre,20,261,7.662835249042145
2024,50801,urbana,17,mujer,19,236,8.05084745762712
2024,50801,urbana,18,hombre,25,169,14.792899408284024
2024,50801,urbana,18,mujer,28,195,14.35897435897436
2024,50801,urbana,19,hombre,35,172,20.348837209302324
2024,50801,urbana,19,mujer,26,174,14.942528735632184
2024,50801,urbana,20,hombre,51,187,27.272727272727273
2024,50801,urbana,20,mujer,45,187,24.06417112299465
2024,50801,urbana,21,hombre,42,169,24.85207100591716
2024,50801,urbana,21,mujer,43,174,24.71264367816092
2024,50801,urbana,22,hombre,51,161,31.677018633540374
2024,50801,urbana,22,mujer,51,213,23.943661971830984
2024,50801,urbana,23,hombre,62,174,35.632183908045974
2024,50801,urbana,23,mujer,57,204,27.941176470588236
2024,50801,urbana,24,hombre,73,199,36.68341708542714
2024,50801,urbana,24,mujer,67,211,31.753554502369667
2024,50801,urbana,25,hombre,68,190,35.78947368421053
2024,50801,urbana,25,mujer,68,210,32.38095238095238
2024,50801,urbana,26,hombre,74,217,34.10138248847926
2024,50801,urbana,26,mujer,60,235,25.53191489361702
2024,50801,urbana,27,hombre,83,199,41.70854271356784
2024,50801,urbana,27,mujer,80,275,29.09090909090909
2024,50801,urbana,28,hombre,100,208,48.07692307692308
2024,50801,urbana,28,mujer,64,234,27.35042735042735
2024,50802,rural,16,hombre,5,91,5.4945054945054945
2024,50802,rural,16,mujer,9,99,9.090909090909092
2024,50802,rural,17,hombre,19,85,22.352941176470587
2024,50802,rural,17,mujer,13,84,15.476190476190476
2024,50802,rural,18,hombre,10,46,21.73913043478261
2024,50802,rural,18,mujer,14,53,26.41509433962264
2024,50802,rural,19,hombre,20,56,35.714285714285715
2024,50802,rural,19,mujer,19,57,33.333333333333336
2024,50802,rural,20,hombre,19,45,42.22222222222222
2024,50802,rural,20,mujer,15,55,27.272727272727273
2024,50802,rural,21,hombre,21,53,39.62264150943396
2024,50802,rural,21,mujer,14,52,26.923076923076923
2024,50802,rural,22,hombre,31,55,56.36363636363637
2024,50802,rural,22,mujer,15,43,34.883720930232556
2024,50802,rural,23,hombre,51,89,57.30337078651685
2024,50802,rural,23,mujer,24,67,35.82089552238806
2024,50802,rural,24,hombre,51,71,71.83098591549296
2024,50802,rural,24,mujer,13,46,28.26086956521739
2024,50802,rural,25,hombre,51,80,63.75
2024,50802,rural,25,mujer,29,89,32.58426966292135
2024,50802,rural,26,hombre,50,75,66.66666666666667
2024,50802,rural,26,mujer,24,70,34.285714285714285
2024,50802,rural,27,hombre,68,92,73.91304347826087
2024,50802,rural,27,mujer,18,67,26.865671641791046
2024,50802,rural,28,hombre,61,83,73.49397590361446
2024,50802,rural,28,mujer,26,83,31.325301204819276
2024,50901,rural,16,hombre,7,86,8.13953488372093
2024,50901,rural,16,mujer,7,90,7.777777777777778
2024,50901,rural,17,hombre,5,91,5.4945054945054945
2024,50901,rural,17,mujer,9,63,14.285714285714286
2024,50901,rural,18,hombre,8,43,18.6046511627907
2024,50901,rural,18,mujer,10,62,16.129032258064516
2024,50901,rural,19,hombre,6,41,14.634146341463415
2024,50901,rural,19,mujer,11,46,23.91304347826087
2024,50901,rural,20,hombre,11,42,26.19047619047619
2024,50901,rural,20,mujer,10,53,18.867924528301888
2024,50901,rural,21,hombre,16,50,32.0
2024,50901,rural,21,mujer,11,45,24.444444444444443
2024,50901,rural,22,hombre,20,53,37.735849056603776
2024,50901,rural,22,mujer,16,61,26.229508196721312
2024,50901,rural,23,hombre,24,61,39.34426229508197
2024,50901,rural,23,mujer,17,64,26.5625
2024,50901,rural,24,hombre,37,70,52.857142857142854
2024,50901,rural,24,mujer,25,74,33.78378378378378
2024,50901,rural,25,hombre,20,51,39.21568627450981
2024,50901,rural,25,mujer,36,74,48.648648648648646
2024,50901,rural,26,hombre,42,79,53.164556962025316
2024,50901,rural,26,mujer,23,79,29.11392405063291
2024,50901,rural,27,hombre,42,62,67.74193548387096
2024,50901,rural,27,mujer,21,65,32.30769230769231
2024,50901,rural,28,hombre,30,55,54.54545454545455
2024,50901,rural,28,mujer,26,75,34.666666666666664
2024,50901,urbana,16,hombre,4,23,17.391304347826086
2024,50901,urbana,16,mujer,0,20,0.0
2024,50901,urbana,17,hombre,3,22,13.636363636363637
2024,50901,urbana,17,mujer,1,23,4.3478260869565215
2024,50901,urbana,18,hombre,1,6,16.666666666666668
2024,50901,urbana,18,mujer,5,20,25.0
2024,50901,urbana,19,hombre,0,7,0.0
2024,50901,urbana,19,mujer,3,11,27.272727272727273
2024,50901,urbana,20,hombre,3,7,42.857142857142854
2024,50901,urbana,20,mujer,0,7,0.0
2024,50901,urbana,21,hombre,3,14,21.428571428571427
2024,50901,urbana,21,mujer,2,11,18.181818181818183
2024,50901,urbana,22,hombre,2,10,20.0
2024,50901,urbana,22,mujer,6,18,33.333333333333336
2024,50901,urbana,23,hombre,4,20,20.0
2024,50901,urbana,23,mujer,1,13,7.6923076923076925
2024,50901,urbana,24,hombre,9,17,52.94117647058823
2024,50901,urbana,24,mujer,4,15,26.666666666666668
2024,50901,urbana,25,hombre,5,20,25.0
2024,50901,urbana,25,mujer,10,22,45.45454545454545
2024,50901,urbana,26,hombre,7,13,53.84615384615385
2024,50901,urbana,26,mujer,6,25,24.0
2024,50901,urbana,27,hombre,10,18,55.55555555555556
2024,50901,urbana,27,mujer,9,19,47.36842105263158
2024,50901,urbana,28,hombre,8,18,44.44444444444444
2024,50901,urbana,28,mujer,7,15,46.666666666666664
2024,50902,rural,16,hombre,0,16,0.0
2024,50902,rural,16,mujer,1,11,9.090909090909092
2024,50902,rural,17,hombre,2,18,11.11111111111111
2024,50902,rural,17,mujer,2,14,14.285714285714286
2024,50902,rural,18,hombre,2,6,33.333333333333336
2024,50902,rural,18,mujer,2,5,40.0
2024,50902,rural,19,hombre,3,11,27.272727272727273
2024,50902,rural,19,mujer,2,12,16.666666666666668
2024,50902,rural,20,hombre,3,10,30.0
2024,50902,rural,20,mujer,2,10,20.0
2024,50902,rural,21,hombre,4,15,26.666666666666668
2024,50902,rural,21,mujer,6,12,50.0
2024,50902,rural,22,hombre,4,15,26.666666666666668
2024,50902,rural,22,mujer,6,8,75.0
2024,50902,rural,23,hombre,6,21,28.571428571428573
2024,50902,rural,23,mujer,1,8,12.5
2024,50902,rural,24,hombre,5,12,41.666666666666664
2024,50902,rural,24,mujer,1,5,20.0
2024,50902,rural,25,hombre,7,16,43.75
2024,50902,rural,25,mujer,1,9,11.11111111111111
2024,50902,rural,26,hombre,7,14,50.0
2024,50902,rural,26,mujer,4,11,36.36363636363637
2024,50902,rural,27,hombre,3,11,27.272727272727273
2024,50902,rural,27,mujer,5,6,83.33333333333333
2024,50902,rural,28,hombre,7,10,70.0
2024,50902,rural,28,mujer,3,10,30.0
2024,51001,rural,16,hombre,3,30,10.0
2024,51001,rural,16,mujer,3,24,12.5
2024,51001,rural,17,hombre,5,32,15.625
2024,51001,rural,17,mujer,3,24,12.5
2024,51001,rural,18,hombre,6,24,25.0
2024,51001,rural,18,mujer,7,22,31.818181818181817
2024,51001,rural,19,hombre,7,19,36.8421052631579
2024,51001,rural,19,mujer,4,21,19.047619047619047
2024,51001,rural,20,hombre,6,24,25.0
2024,51001,rural,20,mujer,4,17,23.529411764705884
2024,51001,rural,21,hombre,7,16,43.75
2024,51001,rural,21,mujer,4,18,22.22222222222222
2024,51001,rural,22,hombre,15,34,44.11764705882353
2024,51001,rural,22,mujer,5,26,19.23076923076923
2024,51001,rural,23,hombre,7,13,53.84615384615385
2024,51001,rural,23,mujer,7,24,29.166666666666668
2024,51001,rural,24,hombre,10,27,37.03703703703704
2024,51001,rural,24,mujer,6,23,26.08695652173913
2024,51001,rural,25,hombre,10,17,58.8235294117647
2024,51001,rural,25,mujer,5,22,22.727272727272727
2024,51001,rural,26,hombre,10,16,62.5
2024,51001,rural,26,mujer,16,31,51.61290322580645
2024,51001,rural,27,hombre,19,33,57.57575757575758
2024,51001,rural,27,mujer,10,26,38.46153846153846
2024,51001,rural,28,hombre,20,25,80.0
2024,51001,rural,28,mujer,8,21,38.095238095238095
2024,51002,rural,16,hombre,1,12,8.333333333333334
2024,51002,rural,16,mujer,2,7,28.571428571428573
2024,51002,rural,17,hombre,0,6,0.0
2024,51002,rural,17,mujer,0,8,0.0
2024,51002,rural,18,hombre,2,6,33.333333333333336
2024,51002,rural,18,mujer,0,2,0.0
2024,51002,rural,19,hombre,1,8,12.5
2024,51002,rural,19,mujer,0,6,0.0
2024,51002,rural,20,hombre,3,6,50.0
2024,51002,rural,20,mujer,3,11,27.272727272727273
2024,51002,rural,21,hombre,0,5,0.0
2024,51002,rural,21,mujer,3,6,50.0
2024,51002,rural,22,hombre,0,3,0.0
2024,51002,rural,22,mujer,0,3,0.0
2024,51002,rural,23,hombre,1,9,11.11111111111111
2024,51002,rural,23,mujer,2,8,25.0
2024,51002,rural,24,hombre,2,12,16.666666666666668
2024,51002,rural,24,mujer,2,9,22.22222222222222
2024,51002,rural,25,hombre,2,6,33.333333333333336
2024,51002,rural,25,mujer,4,6,66.66666666666667
2024,51002,rural,26,hombre,5,8,62.5
2024,51002,rural,26,mujer,4,9,44.44444444444444
2024,51002,rural,27,hombre,5,10,50.0
2024,51002,rural,27,mujer,1,6,16.666666666666668
2024,51002,rural,28,hombre,3,8,37.5
2024,51002,rural,28,mujer,0,6,0.0
2024,51003,rural,16,hombre,0,26,0.0
2024,51003,rural,16,mujer,1,20,5.0
2024,51003,rural,17,hombre,2,22,9.090909090909092
2024,51003,rural,17,mujer,3,10,30.0
2024,51003,rural,18,hombre,3,9,33.333333333333336
2024,51003,rural,18,mujer,5,27,18.51851851851852
2024,51003,rural,19,hombre,5,15,33.333333333333336
2024,51003,rural,19,mujer,3,13,23.076923076923077
2024,51003,rural,20,hombre,2,12,16.666666666666668
2024,51003,rural,20,mujer,5,13,38.46153846153846
2024,51003,rural,21,hombre,6,13,46.15384615384615
2024,51003,rural,21,mujer,3,17,17.647058823529413
2024,51003,rural,22,hombre,9,15,60.0
2024,51003,rural,22,mujer,4,16,25.0
2024,51003,rural,23,hombre,6,16,37.5
2024,51003,rural,23,mujer,9,13,69.23076923076923
2024,51003,rural,24,hombre,11,19,57.89473684210526
2024,51003,rural,24,mujer,8,19,42.10526315789474
2024,51003,rural,25,hombre,16,21,76.19047619047619
2024,51003,rural,25,mujer,4,13,30.76923076923077
2024,51003,rural,26,hombre,6,15,40.0
2024,51003,rural,26,mujer,10,22,45.45454545454545
2024,51003,rural,27,hombre,8,15,53.333333333333336
2024,51003,rural,27,mujer,6,13,46.15384615384615
2024,51003,rural,28,hombre,6,12,50.0
2024,51003,rural,28,mujer,5,12,41.666666666666664
2024,51101,rural,16,hombre,11,171,6.432748538011696
2024,51101,rural,16,mujer,10,145,6.896551724137931
2024,51101,rural,17,hombre,8,115,6.956521739130435
2024,51101,rural,17,mujer,12,121,9.917355371900827
2024,51101,rural,18,hombre,9,102,8.823529411764707
2024,51101,rural,18,mujer,7,116,6.0344827586206895
2024,51101,rural,19,hombre,16,109,14.678899082568808
2024,51101,rural,19,mujer,11,113,9.734513274336283
2024,51101,rural,20,hombre,11,114,9.649122807017545
2024,51101,rural,20,mujer,14,130,10.76923076923077
2024,51101,rural,21,hombre,33,114,28.94736842105263
2024,51101,rural,21,mujer,11,101,10.891089108910892
2024,51101,rural,22,hombre,22,122,18.0327868852459
2024,51101,rural,22,mujer,10,99,10.1010101010101
2024,51101,rural,23,hombre,34,131,25.954198473282442
2024,51101,rural,23,mujer,20,131,15.267175572519085
2024,51101,rural,24,hombre,36,116,31.03448275862069
2024,51101,rural,24,mujer,16,106,15.09433962264151
2024,51101,rural,25,hombre,30,97,30.927835051546392
2024,51101,rural,25,mujer,20,113,17.699115044247787
2024,51101,rural,26,hombre,41,119,34.45378151260504
2024,51101,rural,26,mujer,18,96,18.75
2024,51101,rural,27,hombre,46,108,42.592592592592595
2024,51101,rural,27,mujer,16,81,19.753086419753085
2024,51101,rural,28,hombre,46,105,43.80952380952381
2024,51101,rural,28,mujer,28,107,26.16822429906542
2024,51102,rural,16,hombre,5,66,7.575757575757576
2024,51102,rural,16,mujer,4,70,5.714285714285714
2024,51102,rural,17,hombre,5,63,7.936507936507937
2024,51102,rural,17,mujer,7,56,12.5
2024,51102,rural,18,hombre,4,52,7.6923076923076925
2024,51102,rural,18,mujer,11,70,15.714285714285714
2024,51102,rural,19,hombre,8,56,14.285714285714286
2024,51102,rural,19,mujer,9,57,15.789473684210526
2024,51102,rural,20,hombre,13,61,21.311475409836067
2024,51102,rural,20,mujer,7,47,14.893617021276595
2024,51102,rural,21,hombre,18,69,26.08695652173913
2024,51102,rural,21,mujer,9,58,15.517241379310345
2024,51102,rural,22,hombre,22,67,32.83582089552239
2024,51102,rural,22,mujer,8,61,13.114754098360656
2024,51102,rural,23,hombre,17,69,24.63768115942029
2024,51102,rural,23,mujer,9,65,13.846153846153847
2024,51102,rural,24,hombre,29,76,38.1578947368421
2024,51102,rural,24,mujer,12,65,18.46153846153846
2024,51102,rural,25,hombre,25,76,32.89473684210526
2024,51102,rural,25,mujer,13,64,20.3125
2024,51102,rural,26,hombre,22,54,40.74074074074074
2024,51102,rural,26,mujer,12,65,18.46153846153846
2024,51102,rural,27,hombre,25,73,34.24657534246575
2024,51102,rural,27,mujer,10,63,15.873015873015873
2024,51102,rural,28,hombre,25,61,40.98360655737705
2024,51102,rural,28,mujer,14,62,22.580645161290324
2024,51102,urbana,16,hombre,6,39,15.384615384615385
2024,51102,urbana,16,mujer,4,29,13.793103448275861
2024,51102,urbana,17,hombre,3,41,7.317073170731708
2024,51102,urbana,17,mujer,1,26,3.8461538461538463
2024,51102,urbana,18,hombre,9,36,25.0
2024,51102,urbana,18,mujer,1,21,4.761904761904762
2024,51102,urbana,19,hombre,4,19,21.05263157894737
2024,51102,urbana,19,mujer,6,26,23.076923076923077
2024,51102,urbana,20,hombre,5,36,13.88888888888889
2024,51102,urbana,20,mujer,9,41,21.951219512195124
2024,51102,urbana,21,hombre,6,29,20.689655172413794
2024,51102,urbana,21,mujer,11,42,26.19047619047619
2024,51102,urbana,22,hombre,13,29,44.827586206896555
2024,51102,urbana,22,mujer,9,28,32.142857142857146
2024,51102,urbana,23,hombre,16,43,37.2093023255814
2024,51102,urbana,23,mujer,23,46,50.0
2024,51102,urbana,24,hombre,28,45,62.22222222222222
2024,51102,urbana,24,mujer,12,44,27.272727272727273
2024,51102,urbana,25,hombre,20,37,54.054054054054056
2024,51102,urbana,25,mujer,10,31,32.25806451612903
2024,51102,urbana,26,hombre,21,33,63.63636363636363
2024,51102,urbana,26,mujer,12,26,46.15384615384615
2024,51102,urbana,27,hombre,25,40,62.5
2024,51102,urbana,27,mujer,11,35,31.428571428571427
2024,51102,urbana,28,hombre,25,35,71.42857142857143
2024,51102,urbana,28,mujer,19,46,41.30434782608695
2024,51103,rural,16,hombre,3,158,1.8987341772151898
2024,51103,rural,16,mujer,2,155,1.2903225806451613
2024,51103,rural,17,hombre,13,138,9.420289855072463
2024,51103,rural,17,mujer,5,129,3.875968992248062
2024,51103,rural,18,hombre,20,151,13.245033112582782
2024,51103,rural,18,mujer,5,107,4.672897196261682
2024,51103,rural,19,hombre,19,132,14.393939393939394
2024,51103,rural,19,mujer,7,111,6.306306306306307
2024,51103,rural,20,hombre,22,122,18.0327868852459
2024,51103,rural,20,mujer,9,123,7.317073170731708
2024,51103,rural,21,hombre,33,131,25.19083969465649
2024,51103,rural,21,mujer,11,118,9.322033898305085
2024,51103,rural,22,hombre,34,122,27.868852459016395
2024,51103,rural,22,mujer,11,120,9.166666666666666
2024,51103,rural,23,hombre,38,139,27.33812949640288
2024,51103,rural,23,mujer,16,112,14.285714285714286
2024,51103,rural,24,hombre,36,132,27.272727272727273
2024,51103,rural,24,mujer,11,116,9.482758620689655
2024,51103,rural,25,hombre,43,122,35.24590163934426
2024,51103,rural,25,mujer,7,75,9.333333333333334
2024,51103,rural,26,hombre,52,122,42.622950819672134
2024,51103,rural,26,mujer,13,93,13.978494623655914
2024,51103,rural,27,hombre,35,91,38.46153846153846
2024,51103,rural,27,mujer,13,77,16.883116883116884
2024,51103,rural,28,hombre,42,88,47.72727272727273
2024,51103,rural,28,mujer,17,96,17.708333333333332
2024,51201,rural,16,hombre,15,95,15.789473684210526
2024,51201,rural,16,mujer,15,107,14.018691588785046
2024,51201,rural,17,hombre,15,82,18.29268292682927
2024,51201,rural,17,mujer,19,93,20.43010752688172
2024,51201,rural,18,hombre,25,79,31.645569620253166
2024,51201,rural,18,mujer,11,78,14.102564102564102
2024,51201,rural,19,hombre,11,67,16.417910447761194
2024,51201,rural,19,mujer,14,67,20.895522388059703
2024,51201,rural,20,hombre,16,65,24.615384615384617
2024,51201,rural,20,mujer,9,62,14.516129032258064
2024,51201,rural,21,hombre,18,51,35.294117647058826
2024,51201,rural,21,mujer,14,70,20.0
2024,51201,rural,22,hombre,30,72,41.666666666666664
2024,51201,rural,22,mujer,15,70,21.428571428571427
2024,51201,rural,23,hombre,28,78,35.8974358974359
2024,51201,rural,23,mujer,13,65,20.0
2024,51201,rural,24,hombre,41,68,60.294117647058826
2024,51201,rural,24,mujer,24,62,38.70967741935484
2024,51201,rural,25,hombre,32,62,51.61290322580645
2024,51201,rural,25,mujer,16,65,24.615384615384617
2024,51201,rural,26,hombre,39,68,57.35294117647059
2024,51201,rural,26,mujer,22,74,29.72972972972973
2024,51201,rural,27,hombre,58,80,72.5
2024,51201,rural,27,mujer,19,59,32.20338983050848
2024,51201,rural,28,hombre,47,66,71.21212121212122
2024,51201,rural,28,mujer,29,72,40.27777777777778
2024,51201,urbana,16,hombre,15,257,5.836575875486381
2024,51201,urbana,16,mujer,13,239,5.439330543933054
2024,51201,urbana,17,hombre,27,196,13.775510204081632
2024,51201,urbana,17,mujer,11,196,5.612244897959184
2024,51201,urbana,18,hombre,35,164,21.341463414634145
2024,51201,urbana,18,mujer,41,185,22.16216216216216
2024,51201,urbana,19,hombre,45,156,28.846153846153847
2024,51201,urbana,19,mujer,31,167,18.562874251497007
2024,51201,urbana,20,hombre,40,142,28.169014084507044
2024,51201,urbana,20,mujer,44,181,24.30939226519337
2024,51201,urbana,21,hombre,60,152,39.473684210526315
2024,51201,urbana,21,mujer,48,169,28.402366863905325
2024,51201,urbana,22,hombre,57,154,37.01298701298701
2024,51201,urbana,22,mujer,70,177,39.548022598870055
2024,51201,urbana,23,hombre,71,158,44.936708860759495
2024,51201,urbana,23,mujer,77,234,32.9059829059829
2024,51201,urbana,24,hombre,92,191,48.167539267015705
2024,51201,urbana,24,mujer,91,223,40.80717488789238
2024,51201,urbana,25,hombre,93,167,55.68862275449102
2024,51201,urbana,25,mujer,83,218,38.07339449541284
2024,51201,urbana,26,hombre,95,169,56.21301775147929
2024,51201,urbana,26,mujer,95,222,42.792792792792795
2024,51201,urbana,27,hombre,119,198,60.101010101010104
2024,51201,urbana,27,mujer,83,214,38.78504672897196
2024,51201,urbana,28,hombre,110,188,58.51063829787234
2024,51201,urbana,28,mujer,92,235,39.148936170212764
2024,51202,rural,16,hombre,14,62,22.580645161290324
2024,51202,rural,16,mujer,6,53,11.320754716981131
2024,51202,rural,17,hombre,7,42,16.666666666666668
2024,51202,rural,17,mujer,15,56,26.785714285714285
2024,51202,rural,18,hombre,8,51,15.686274509803921
2024,51202,rural,18,mujer,3,42,7.142857142857143
2024,51202,rural,19,hombre,5,29,17.24137931034483
2024,51202,rural,19,mujer,6,40,15.0
2024,51202,rural,20,hombre,13,55,23.636363636363637
2024,51202,rural,20,mujer,14,50,28.0
2024,51202,rural,21,hombre,22,54,40.74074074074074
2024,51202,rural,21,mujer,21,45,46.666666666666664
2024,51202,rural,22,hombre,15,53,28.30188679245283
2024,51202,rural,22,mujer,13,55,23.636363636363637
2024,51202,rural,23,hombre,19,59,32.20338983050848
2024,51202,rural,23,mujer,17,47,36.170212765957444
2024,51202,rural,24,hombre,16,48,33.333333333333336
2024,51202,rural,24,mujer,22,69,31.884057971014492
2024,51202,rural,25,hombre,29,51,56.86274509803921
2024,51202,rural,25,mujer,16,56,28.571428571428573
2024,51202,rural,26,hombre,30,55,54.54545454545455
2024,51202,rural,26,mujer,19,55,34.54545454545455
2024,51202,rural,27,hombre,26,52,50.0
2024,51202,rural,27,mujer,15,43,34.883720930232556
2024,51202,rural,28,hombre,18,36,50.0
2024,51202,rural,28,mujer,22,49,44.89795918367347
2024,51203,rural,16,hombre,0,12,0.0
2024,51203,rural,16,mujer,3,15,20.0
2024,51203,rural,17,hombre,1,19,5.2631578947368425
2024,51203,rural,17,mujer,4,16,25.0
2024,51203,rural,18,hombre,2,18,11.11111111111111
2024,51203,rural,18,mujer,3,14,21.428571428571427
2024,51203,rural,19,hombre,4,16,25.0
2024,51203,rural,19,mujer,4,12,33.333333333333336
2024,51203,rural,20,hombre,5,15,33.333333333333336
2024,51203,rural,20,mujer,4,14,28.571428571428573
2024,51203,rural,21,hombre,5,21,23.80952380952381
2024,51203,rural,21,mujer,3,7,42.857142857142854
2024,51203,rural,22,hombre,8,21,38.095238095238095
2024,51203,rural,22,mujer,7,24,29.166666666666668
2024,51203,rural,23,hombre,3,17,17.647058823529413
2024,51203,rural,23,mujer,2,18,11.11111111111111
2024,51203,rural,24,hombre,5,21,23.80952380952381
2024,51203,rural,24,mujer,12,33,36.36363636363637
2024,51203,rural,25,hombre,6,23,26.08695652173913
2024,51203,rural,25,mujer,3,19,15.789473684210526
2024,51203,rural,26,hombre,6,20,30.0
2024,51203,rural,26,mujer,7,29,24.137931034482758
2024,51203,rural,27,hombre,13,22,59.09090909090909
2024,51203,rural,27,mujer,7,21,33.333333333333336
2024,51203,rural,28,hombre,9,17,52.94117647058823
2024,51203,rural,28,mujer,7,17,41.1764705882353
2024,51203,urbana,16,hombre,11,129,8.527131782945736
2024,51203,urbana,16,mujer,5,137,3.6496350364963503
2024,51203,urbana,17,hombre,9,67,13.432835820895523
2024,51203,urbana,17,mujer,8,95,8.421052631578947
2024,51203,urbana,18,hombre,19,66,28.78787878787879
2024,51203,urbana,18,mujer,12,73,16.438356164383563
2024,51203,urbana,19,hombre,39,87,44.827586206896555
2024,51203,urbana,19,mujer,7,77,9.090909090909092
2024,51203,urbana,20,hombre,51,107,47.66355140186916
2024,51203,urbana,20,mujer,20,87,22.988505747126435
2024,51203,urbana,21,hombre,81,137,59.12408759124087
2024,51203,urbana,21,mujer,21,96,21.875
2024,51203,urbana,22,hombre,76,131,58.01526717557252
2024,51203,urbana,22,mujer,17,106,16.037735849056602
2024,51203,urbana,23,hombre,88,144,61.111111111111114
2024,51203,urbana,23,mujer,28,106,26.41509433962264
2024,51203,urbana,24,hombre,104,169,61.53846153846154
2024,51203,urbana,24,mujer,17,102,16.666666666666668
2024,51203,urbana,25,hombre,101,147,68.70748299319727
2024,51203,urbana,25,mujer,23,99,23.232323232323232
2024,51203,urbana,26,hombre,97,137,70.8029197080292
2024,51203,urbana,26,mujer,22,104,21.153846153846153
2024,51203,urbana,27,hombre,125,168,74.4047619047619
2024,51203,urbana,27,mujer,24,95,25.263157894736842
2024,51203,urbana,28,hombre,91,133,68.42105263157895
2024,51203,urbana,28,mujer,33,106,31.132075471698112
2024,51204,rural,16,hombre,8,47,17.02127659574468
2024,51204,rural,16,mujer,6,40,15.0
2024,51204,rural,17,hombre,12,44,27.272727272727273
2024,51204,rural,17,mujer,6,56,10.714285714285714
2024,51204,rural,18,hombre,13,40,32.5
2024,51204,rural,18,mujer,9,38,23.68421052631579
2024,51204,rural,19,hombre,6,21,28.571428571428573
2024,51204,rural,19,mujer,12,44,27.272727272727273
2024,51204,rural,20,hombre,14,44,31.818181818181817
2024,51204,rural,20,mujer,12,45,26.666666666666668
2024,51204,rural,21,hombre,16,36,44.44444444444444
2024,51204,rural,21,mujer,15,38,39.473684210526315
2024,51204,rural,22,hombre,16,40,40.0
2024,51204,rural,22,mujer,23,55,41.81818181818182
2024,51204,rural,23,hombre,21,48,43.75
2024,51204,rural,23,mujer,16,43,37.2093023255814
2024,51204,rural,24,hombre,21,41,51.21951219512195
2024,51204,rural,24,mujer,17,41,41.46341463414634
2024,51204,rural,25,hombre,23,39,58.97435897435897
2024,51204,rural,25,mujer,16,42,38.095238095238095
2024,51204,rural,26,hombre,28,42,66.66666666666667
2024,51204,rural,26,mujer,13,36,36.111111111111114
2024,51204,rural,27,hombre,24,42,57.142857142857146
2024,51204,rural,27,mujer,17,41,41.46341463414634
2024,51204,rural,28,hombre,20,34,58.8235294117647
2024,51204,rural,28,mujer,19,42,45.23809523809524
2024,51301,rural,16,hombre,8,39,20.512820512820515
2024,51301,rural,16,mujer,3,36,8.333333333333334
2024,51301,rural,17,hombre,7,42,16.666666666666668
2024,51301,rural,17,mujer,4,30,13.333333333333334
2024,51301,rural,18,hombre,6,31,19.35483870967742
2024,51301,rural,18,mujer,5,33,15.151515151515152
2024,51301,rural,19,hombre,5,21,23.80952380952381
2024,51301,rural,19,mujer,6,24,25.0
2024,51301,rural,20,hombre,17,37,45.945945945945944
2024,51301,rural,20,mujer,4,17,23.529411764705884
2024,51301,rural,21,hombre,9,26,34.61538461538461
2024,51301,rural,21,mujer,6,21,28.571428571428573
2024,51301,rural,22,hombre,11,21,52.38095238095238
2024,51301,rural,22,mujer,9,17,52.94117647058823
2024,51301,rural,23,hombre,17,32,53.125
2024,51301,rural,23,mujer,7,29,24.137931034482758
2024,51301,rural,24,hombre,12,25,48.0
2024,51301,rural,24,mujer,6,20,30.0
2024,51301,rural,25,hombre,12,25,48.0
2024,51301,rural,25,mujer,5,20,25.0
2024,51301,rural,26,hombre,12,19,63.1578947368421
2024,51301,rural,26,mujer,11,27,40.74074074074074
2024,51301,rural,27,hombre,19,27,70.37037037037037
2024,51301,rural,27,mujer,7,19,36.8421052631579
2024,51301,rural,28,hombre,14,19,73.6842105263158
2024,51301,rural,28,mujer,5,17,29.41176470588235
2024,51302,rural,16,hombre,4,40,10.0
2024,51302,rural,16,mujer,2,40,5.0
2024,51302,rural,17,hombre,11,54,20.37037037037037
2024,51302,rural,17,mujer,7,40,17.5
2024,51302,rural,18,hombre,3,22,13.636363636363637
2024,51302,rural,18,mujer,9,37,24.324324324324323
2024,51302,rural,19,hombre,6,26,23.076923076923077
2024,51302,rural,19,mujer,4,29,13.793103448275861
2024,51302,rural,20,hombre,4,23,17.391304347826086
2024,51302,rural,20,mujer,3,17,17.647058823529413
2024,51302,rural,21,hombre,10,26,38.46153846153846
2024,51302,rural,21,mujer,3,19,15.789473684210526
2024,51302,rural,22,hombre,10,28,35.714285714285715
2024,51302,rural,22,mujer,12,29,41.37931034482759
2024,51302,rural,23,hombre,11,24,45.833333333333336
2024,51302,rural,23,mujer,7,23,30.434782608695652
2024,51302,rural,24,hombre,14,27,51.851851851851855
2024,51302,rural,24,mujer,6,16,37.5
2024,51302,rural,25,hombre,13,24,54.166666666666664
2024,51302,rural,25,mujer,6,19,31.57894736842105
2024,51302,rural,26,hombre,13,22,59.09090909090909
2024,51302,rural,26,mujer,7,19,36.8421052631579
2024,51302,rural,27,hombre,13,23,56.52173913043478
2024,51302,rural,27,mujer,7,19,36.8421052631579
2024,51302,rural,28,hombre,14,23,60.869565217391305
2024,51302,rural,28,mujer,7,27,25.925925925925927
2024,51401,rural,16,hombre,4,32,12.5
2024,51401,rural,16,mujer,4,20,20.0
2024,51401,rural,17,hombre,5,31,16.129032258064516
2024,51401,rural,17,mujer,12,34,35.294117647058826
2024,51401,rural,18,hombre,11,29,37.93103448275862
2024,51401,rural,18,mujer,18,34,52.94117647058823
2024,51401,rural,19,hombre,13,24,54.166666666666664
2024,51401,rural,19,mujer,29,47,61.702127659574465
2024,51401,rural,20,hombre,17,42,40.476190476190474
2024,51401,rural,20,mujer,18,36,50.0
2024,51401,rural,21,hombre,18,32,56.25
2024,51401,rural,21,mujer,15,29,51.724137931034484
2024,51401,rural,22,hombre,31,52,59.61538461538461
2024,51401,rural,22,mujer,22,30,73.33333333333333
2024,51401,rural,23,hombre,27,39,69.23076923076923
2024,51401,rural,23,mujer,21,30,70.0
2024,51401,rural,24,hombre,19,29,65.51724137931035
2024,51401,rural,24,mujer,10,22,45.45454545454545
2024,51401,rural,25,hombre,20,32,62.5
2024,51401,rural,25,mujer,15,34,44.11764705882353
2024,51401,rural,26,hombre,16,26,61.53846153846154
2024,51401,rural,26,mujer,10,28,35.714285714285715
2024,51401,rural,27,hombre,18,25,72.0
2024,51401,rural,27,mujer,14,31,45.16129032258065
2024,51401,rural,28,hombre,16,25,64.0
2024,51401,rural,28,mujer,12,28,42.857142857142854
2024,51402,rural,16,hombre,3,14,21.428571428571427
2024,51402,rural,16,mujer,1,9,11.11111111111111
2024,51402,rural,17,hombre,1,11,9.090909090909092
2024,51402,rural,17,mujer,3,16,18.75
2024,51402,rural,18,hombre,4,13,30.76923076923077
2024,51402,rural,18,mujer,1,8,12.5
2024,51402,rural,19,hombre,2,10,20.0
2024,51402,rural,19,mujer,4,14,28.571428571428573
2024,51402,rural,20,hombre,2,9,22.22222222222222
2024,51402,rural,20,mujer,2,11,18.181818181818183
2024,51402,rural,21,hombre,6,11,54.54545454545455
2024,51402,rural,21,mujer,3,5,60.0
2024,51402,rural,22,hombre,3,11,27.272727272727273
2024,51402,rural,22,mujer,3,14,21.428571428571427
2024,51402,rural,23,hombre,9,21,42.857142857142854
2024,51402,rural,23,mujer,3,8,37.5
2024,51402,rural,24,hombre,4,9,44.44444444444444
2024,51402,rural,24,mujer,3,14,21.428571428571427
2024,51402,rural,25,hombre,9,14,64.28571428571429
2024,51402,rural,25,mujer,3,7,42.857142857142854
2024,51402,rural,26,hombre,7,10,70.0
2024,51402,rural,26,mujer,3,10,30.0
2024,51402,rural,27,hombre,7,12,58.333333333333336
2024,51402,rural,27,mujer,3,12,25.0
2024,51402,rural,28,hombre,6,7,85.71428571428571
2024,51402,rural,28,mujer,8,16,50.0
2024,51501,rural,16,hombre,5,78,6.410256410256411
2024,51501,rural,16,mujer,3,56,5.357142857142857
2024,51501,rural,17,hombre,3,64,4.6875
2024,51501,rural,17,mujer,8,64,12.5
2024,51501,rural,18,hombre,5,63,7.936507936507937
2024,51501,rural,18,mujer,7,57,12.280701754385966
2024,51501,rural,19,hombre,8,61,13.114754098360656
2024,51501,rural,19,mujer,3,45,6.666666666666667
2024,51501,rural,20,hombre,13,47,27.659574468085108
2024,51501,rural,20,mujer,12,50,24.0
2024,51501,rural,21,hombre,18,56,32.142857142857146
2024,51501,rural,21,mujer,18,55,32.72727272727273
2024,51501,rural,22,hombre,16,53,30.18867924528302
2024,51501,rural,22,mujer,8,48,16.666666666666668
2024,51501,rural,23,hombre,21,43,48.83720930232558
2024,51501,rural,23,mujer,18,50,36.0
2024,51501,rural,24,hombre,21,60,35.0
2024,51501,rural,24,mujer,11,52,21.153846153846153
2024,51501,rural,25,hombre,28,58,48.275862068965516
2024,51501,rural,25,mujer,18,49,36.734693877551024
2024,51501,rural,26,hombre,26,43,60.46511627906977
2024,51501,rural,26,mujer,18,65,27.692307692307693
2024,51501,rural,27,hombre,23,52,44.23076923076923
2024,51501,rural,27,mujer,15,69,21.73913043478261
2024,51501,rural,28,hombre,19,41,46.34146341463415
2024,51501,rural,28,mujer,18,64,28.125
2024,51501,urbana,16,hombre,14,410,3.4146341463414633
2024,51501,urbana,16,mujer,11,402,2.736318407960199
2024,51501,urbana,17,hombre,12,324,3.7037037037037037
2024,51501,urbana,17,mujer,7,326,2.147239263803681
2024,51501,urbana,18,hombre,30,278,10.79136690647482
2024,51501,urbana,18,mujer,14,307,4.5602605863192185
2024,51501,urbana,19,hombre,20,249,8.032128514056225
2024,51501,urbana,19,mujer,30,229,13.100436681222707
2024,51501,urbana,20,hombre,32,279,11.469534050179211
2024,51501,urbana,20,mujer,36,339,10.619469026548673
2024,51501,urbana,21,hombre,49,264,18.560606060606062
2024,51501,urbana,21,mujer,35,268,13.059701492537313
2024,51501,urbana,22,hombre,56,288,19.444444444444443
2024,51501,urbana,22,mujer,56,311,18.006430868167204
2024,51501,urbana,23,hombre,72,322,22.36024844720497
2024,51501,urbana,23,mujer,45,308,14.61038961038961
2024,51501,urbana,24,hombre,96,353,27.195467422096318
2024,51501,urbana,24,mujer,57,312,18.26923076923077
2024,51501,urbana,25,hombre,75,278,26.97841726618705
2024,51501,urbana,25,mujer,63,352,17.897727272727273
2024,51501,urbana,26,hombre,102,290,35.172413793103445
2024,51501,urbana,26,mujer,62,327,18.960244648318042
2024,51501,urbana,27,hombre,102,295,34.57627118644068
2024,51501,urbana,27,mujer,92,359,25.62674094707521
2024,51501,urbana,28,hombre,130,322,40.37267080745342
2024,51501,urbana,28,mujer,90,373,24.128686327077748
2024,51601,rural,16,hombre,0,20,0.0
2024,51601,rural,16,mujer,0,20,0.0
2024,51601,rural,17,hombre,1,14,7.142857142857143
2024,51601,rural,17,mujer,0,11,0.0
2024,51601,rural,18,hombre,1,14,7.142857142857143
2024,51601,rural,18,mujer,0,16,0.0
2024,51601,rural,19,hombre,1,15,6.666666666666667
2024,51601,rural,19,mujer,1,15,6.666666666666667
2024,51601,rural,20,hombre,4,15,26.666666666666668
2024,51601,rural,20,mujer,4,24,16.666666666666668
2024,51601,rural,21,hombre,4,15,26.666666666666668
2024,51601,rural,21,mujer,3,16,18.75
2024,51601,rural,22,hombre,1,20,5.0
2024,51601,rural,22,mujer,1,11,9.090909090909092
2024,51601,rural,23,hombre,5,18,27.77777777777778
2024,51601,rural,23,mujer,3,18,16.666666666666668
2024,51601,rural,24,hombre,1,16,6.25
2024,51601,rural,24,mujer,3,20,15.0
2024,51601,rural,25,hombre,6,21,28.571428571428573
2024,51601,rural,25,mujer,2,18,11.11111111111111
2024,51601,rural,26,hombre,3,11,27.272727272727273
2024,51601,rural,26,mujer,3,19,15.789473684210526
2024,51601,rural,27,hombre,4,13,30.76923076923077
2024,51601,rural,27,mujer,8,22,36.36363636363637
2024,51601,rural,28,hombre,10,13,76.92307692307692
2024,51601,rural,28,mujer,4,23,17.391304347826086
2024,60101,rural,16,hombre,5,152,3.289473684210526
2024,60101,rural,16,mujer,3,173,1.7341040462427746
2024,60101,rural,17,hombre,8,183,4.371584699453552
2024,60101,rural,17,mujer,7,175,4.0
2024,60101,rural,18,hombre,9,152,5.921052631578948
2024,60101,rural,18,mujer,12,177,6.779661016949152
2024,60101,rural,19,hombre,12,153,7.8431372549019605
2024,60101,rural,19,mujer,5,139,3.597122302158273
2024,60101,rural,20,hombre,17,151,11.258278145695364
2024,60101,rural,20,mujer,11,172,6.395348837209302
2024,60101,rural,21,hombre,22,169,13.017751479289942
2024,60101,rural,21,mujer,20,157,12.738853503184714
2024,60101,rural,22,hombre,23,158,14.556962025316455
2024,60101,rural,22,mujer,23,125,18.4
2024,60101,rural,23,hombre,29,171,16.95906432748538
2024,60101,rural,23,mujer,18,167,10.778443113772456
2024,60101,rural,24,hombre,39,192,20.3125
2024,60101,rural,24,mujer,24,173,13.872832369942197
2024,60101,rural,25,hombre,44,168,26.19047619047619
2024,60101,rural,25,mujer,19,171,11.11111111111111
2024,60101,rural,26,hombre,47,174,27.011494252873565
2024,60101,rural,26,mujer,29,186,15.591397849462366
2024,60101,rural,27,hombre,49,177,27.683615819209038
2024,60101,rural,27,mujer,35,193,18.134715025906736
2024,60101,rural,28,hombre,63,193,32.64248704663213
2024,60101,rural,28,mujer,31,164,18.902439024390244
2024,60101,urbana,16,hombre,36,1799,2.001111728738188
2024,60101,urbana,16,mujer,34,1685,2.0178041543026706
2024,60101,urbana,17,hombre,54,1718,3.1431897555296855
2024,60101,urbana,17,mujer,73,1713,4.261529480443666
2024,60101,urbana,18,hombre,133,1650,8.06060606060606
2024,60101,urbana,18,mujer,191,1766,10.815402038505097
2024,60101,urbana,19,hombre,245,1671,14.661879114302813
2024,60101,urbana,19,mujer,254,1826,13.910186199342826
2024,60101,urbana,20,hombre,278,1600,17.375
2024,60101,urbana,20,mujer,268,1702,15.746180963572268
2024,60101,urbana,21,hombre,326,1674,19.47431302270012
2024,60101,urbana,21,mujer,302,1757,17.188389299943086
2024,60101,urbana,22,hombre,380,1739,21.85163887291547
2024,60101,urbana,22,mujer,309,1818,16.996699669966997
2024,60101,urbana,23,hombre,456,1856,24.56896551724138
2024,60101,urbana,23,mujer,363,1864,19.474248927038627
2024,60101,urbana,24,hombre,482,1951,24.705279343926193
2024,60101,urbana,24,mujer,409,2127,19.22896097790315
2024,60101,urbana,25,hombre,511,1742,29.33409873708381
2024,60101,urbana,25,mujer,396,1788,22.14765100671141
2024,60101,urbana,26,hombre,525,1656,31.702898550724637
2024,60101,urbana,26,mujer,453,1957,23.147675012774656
2024,60101,urbana,27,hombre,656,1821,36.02416254805052
2024,60101,urbana,27,mujer,474,1918,24.713242961418143
2024,60101,urbana,28,hombre,677,1812,37.36203090507726
2024,60101,urbana,28,mujer,475,1954,24.309109518935518
2024,60201,rural,16,hombre,4,181,2.2099447513812156
2024,60201,rural,16,mujer,1,135,0.7407407407407407
2024,60201,rural,17,hombre,5,120,4.166666666666667
2024,60201,rural,17,mujer,2,112,1.7857142857142858
2024,60201,rural,18,hombre,2,109,1.834862385321101
2024,60201,rural,18,mujer,6,112,5.357142857142857
2024,60201,rural,19,hombre,4,92,4.3478260869565215
2024,60201,rural,19,mujer,4,80,5.0
2024,60201,rural,20,hombre,14,109,12.844036697247706
2024,60201,rural,20,mujer,10,113,8.849557522123893
2024,60201,rural,21,hombre,11,128,8.59375
2024,60201,rural,21,mujer,11,123,8.94308943089431
2024,60201,rural,22,hombre,13,124,10.483870967741936
2024,60201,rural,22,mujer,10,123,8.130081300813009
2024,60201,rural,23,hombre,23,154,14.935064935064934
2024,60201,rural,23,mujer,10,117,8.547008547008547
2024,60201,rural,24,hombre,32,169,18.93491124260355
2024,60201,rural,24,mujer,11,118,9.322033898305085
2024,60201,rural,25,hombre,42,169,24.85207100591716
2024,60201,rural,25,mujer,23,151,15.2317880794702
2024,60201,rural,26,hombre,35,119,29.41176470588235
2024,60201,rural,26,mujer,16,139,11.510791366906474
2024,60201,rural,27,hombre,36,155,23.225806451612904
2024,60201,rural,27,mujer,18,134,13.432835820895523
2024,60201,rural,28,hombre,65,162,40.123456790123456
2024,60201,rural,28,mujer,17,144,11.805555555555555
2024,60202,rural,16,hombre,1,36,2.7777777777777777
2024,60202,rural,16,mujer,0,32,0.0
2024,60202,rural,17,hombre,0,38,0.0
2024,60202,rural,17,mujer,1,37,2.7027027027027026
2024,60202,rural,18,hombre,1,31,3.225806451612903
2024,60202,rural,18,mujer,0,29,0.0
2024,60202,rural,19,hombre,2,36,5.555555555555555
2024,60202,rural,19,mujer,1,27,3.7037037037037037
2024,60202,rural,20,hombre,2,26,7.6923076923076925
2024,60202,rural,20,mujer,1,37,2.7027027027027026
2024,60202,rural,21,hombre,2,26,7.6923076923076925
2024,60202,rural,21,mujer,2,34,5.882352941176471
2024,60202,rural,22,hombre,5,31,16.129032258064516
2024,60202,rural,22,mujer,1,30,3.3333333333333335
2024,60202,rural,23,hombre,4,35,11.428571428571429
2024,60202,rural,23,mujer,9,40,22.5
2024,60202,rural,24,hombre,7,34,20.58823529411765
2024,60202,rural,24,mujer,9,42,21.428571428571427
2024,60202,rural,25,hombre,9,30,30.0
2024,60202,rural,25,mujer,10,44,22.727272727272727
2024,60202,rural,26,hombre,14,44,31.818181818181817
2024,60202,rural,26,mujer,5,35,14.285714285714286
2024,60202,rural,27,hombre,12,29,41.37931034482759
2024,60202,rural,27,mujer,6,33,18.181818181818183
2024,60202,rural,28,hombre,20,39,51.282051282051285
2024,60202,rural,28,mujer,4,28,14.285714285714286
2024,60202,urbana,16,hombre,9,291,3.0927835051546393
2024,60202,urbana,16,mujer,6,267,2.247191011235955
2024,60202,urbana,17,hombre,8,244,3.278688524590164
2024,60202,urbana,17,mujer,7,244,2.8688524590163933
2024,60202,urbana,18,hombre,8,180,4.444444444444445
2024,60202,urbana,18,mujer,9,190,4.7368421052631575
2024,60202,urbana,19,hombre,12,210,5.714285714285714
2024,60202,urbana,19,mujer,13,212,6.132075471698113
2024,60202,urbana,20,hombre,27,200,13.5
2024,60202,urbana,20,mujer,15,185,8.108108108108109
2024,60202,urbana,21,hombre,34,190,17.894736842105264
2024,60202,urbana,21,mujer,10,204,4.901960784313726
2024,60202,urbana,22,hombre,30,199,15.075376884422111
2024,60202,urbana,22,mujer,23,200,11.5
2024,60202,urbana,23,hombre,32,224,14.285714285714286
2024,60202,urbana,23,mujer,35,266,13.157894736842104
2024,60202,urbana,24,hombre,60,249,24.096385542168676
2024,60202,urbana,24,mujer,34,233,14.592274678111588
2024,60202,urbana,25,hombre,60,244,24.59016393442623
2024,60202,urbana,25,mujer,52,272,19.11764705882353
2024,60202,urbana,26,hombre,84,254,33.07086614173228
2024,60202,urbana,26,mujer,49,266,18.42105263157895
2024,60202,urbana,27,hombre,72,209,34.44976076555024
2024,60202,urbana,27,mujer,57,282,20.21276595744681
2024,60202,urbana,28,hombre,103,268,38.43283582089552
2024,60202,urbana,28,mujer,53,275,19.272727272727273
2024,60301,rural,16,hombre,3,249,1.2048192771084338
2024,60301,rural,16,mujer,2,245,0.8163265306122449
2024,60301,rural,17,hombre,7,219,3.1963470319634704
2024,60301,rural,17,mujer,3,239,1.2552301255230125
2024,60301,rural,18,hombre,9,214,4.205607476635514
2024,60301,rural,18,mujer,6,174,3.4482758620689653
2024,60301,rural,19,hombre,15,158,9.49367088607595
2024,60301,rural,19,mujer,19,196,9.693877551020408
2024,60301,rural,20,hombre,20,198,10.1010101010101
2024,60301,rural,20,mujer,20,193,10.362694300518134
2024,60301,rural,21,hombre,22,186,11.827956989247312
2024,60301,rural,21,mujer,17,161,10.559006211180124
2024,60301,rural,22,hombre,45,198,22.727272727272727
2024,60301,rural,22,mujer,21,182,11.538461538461538
2024,60301,rural,23,hombre,60,197,30.456852791878173
2024,60301,rural,23,mujer,27,224,12.053571428571429
2024,60301,rural,24,hombre,95,252,37.698412698412696
2024,60301,rural,24,mujer,43,241,17.842323651452283
2024,60301,rural,25,hombre,89,201,44.27860696517413
2024,60301,rural,25,mujer,40,205,19.51219512195122
2024,60301,rural,26,hombre,97,213,45.539906103286384
2024,60301,rural,26,mujer,43,214,20.093457943925234
2024,60301,rural,27,hombre,109,210,51.904761904761905
2024,60301,rural,27,mujer,42,201,20.895522388059703
2024,60301,rural,28,hombre,105,188,55.851063829787236
2024,60301,rural,28,mujer,55,204,26.96078431372549
2024,60301,urbana,16,hombre,9,636,1.4150943396226414
2024,60301,urbana,16,mujer,3,621,0.4830917874396135
2024,60301,urbana,17,hombre,15,605,2.479338842975207
2024,60301,urbana,17,mujer,12,609,1.9704433497536946
2024,60301,urbana,18,hombre,28,483,5.797101449275362
2024,60301,urbana,18,mujer,27,479,5.6367432150313155
2024,60301,urbana,19,hombre,32,459,6.971677559912854
2024,60301,urbana,19,mujer,27,426,6.338028169014085
2024,60301,urbana,20,hombre,62,470,13.191489361702128
2024,60301,urbana,20,mujer,40,409,9.7799511002445
2024,60301,urbana,21,hombre,67,476,14.07563025210084
2024,60301,urbana,21,mujer,33,459,7.189542483660131
2024,60301,urbana,22,hombre,70,465,15.053763440860216
2024,60301,urbana,22,mujer,82,548,14.963503649635037
2024,60301,urbana,23,hombre,101,562,17.97153024911032
2024,60301,urbana,23,mujer,78,560,13.928571428571429
2024,60301,urbana,24,hombre,170,648,26.234567901234566
2024,60301,urbana,24,mujer,88,585,15.042735042735043
2024,60301,urbana,25,hombre,144,564,25.53191489361702
2024,60301,urbana,25,mujer,95,604,15.728476821192054
2024,60301,urbana,26,hombre,171,607,28.17133443163097
2024,60301,urbana,26,mujer,146,688,21.22093023255814
2024,60301,urbana,27,hombre,208,622,33.440514469453376
2024,60301,urbana,27,mujer,136,670,20.29850746268657
2024,60301,urbana,28,hombre,225,612,36.76470588235294
2024,60301,urbana,28,mujer,145,633,22.906793048973142
2024,60302,rural,16,hombre,0,99,0.0
2024,60302,rural,16,mujer,1,97,1.0309278350515463
2024,60302,rural,17,hombre,2,88,2.272727272727273
2024,60302,rural,17,mujer,4,86,4.651162790697675
2024,60302,rural,18,hombre,4,63,6.349206349206349
2024,60302,rural,18,mujer,3,80,3.75
2024,60302,rural,19,hombre,8,82,9.75609756097561
2024,60302,rural,19,mujer,4,68,5.882352941176471
2024,60302,rural,20,hombre,5,58,8.620689655172415
2024,60302,rural,20,mujer,4,59,6.779661016949152
2024,60302,rural,21,hombre,11,81,13.580246913580247
2024,60302,rural,21,mujer,8,76,10.526315789473685
2024,60302,rural,22,hombre,10,57,17.54385964912281
2024,60302,rural,22,mujer,8,75,10.666666666666666
2024,60302,rural,23,hombre,18,81,22.22222222222222
2024,60302,rural,23,mujer,11,82,13.414634146341463
2024,60302,rural,24,hombre,22,89,24.719101123595507
2024,60302,rural,24,mujer,11,84,13.095238095238095
2024,60302,rural,25,hombre,27,82,32.926829268292686
2024,60302,rural,25,mujer,19,92,20.652173913043477
2024,60302,rural,26,hombre,36,102,35.294117647058826
2024,60302,rural,26,mujer,24,112,21.428571428571427
2024,60302,rural,27,hombre,27,72,37.5
2024,60302,rural,27,mujer,19,86,22.093023255813954
2024,60302,rural,28,hombre,44,100,44.0
2024,60302,rural,28,mujer,20,93,21.50537634408602
2024,60302,urbana,16,hombre,1,40,2.5
2024,60302,urbana,16,mujer,2,35,5.714285714285714
2024,60302,urbana,17,hombre,0,32,0.0
2024,60302,urbana,17,mujer,2,40,5.0
2024,60302,urbana,18,hombre,1,26,3.8461538461538463
2024,60302,urbana,18,mujer,1,31,3.225806451612903
2024,60302,urbana,19,hombre,2,30,6.666666666666667
2024,60302,urbana,19,mujer,3,23,13.043478260869565
2024,60302,urbana,20,hombre,1,13,7.6923076923076925
2024,60302,urbana,20,mujer,2,23,8.695652173913043
2024,60302,urbana,21,hombre,6,23,26.08695652173913
2024,60302,urbana,21,mujer,4,22,18.181818181818183
2024,60302,urbana,22,hombre,5,24,20.833333333333332
2024,60302,urbana,22,mujer,4,33,12.121212121212121
2024,60302,urbana,23,hombre,7,29,24.137931034482758
2024,60302,urbana,23,mujer,4,29,13.793103448275861
2024,60302,urbana,24,hombre,11,28,39.285714285714285
2024,60302,urbana,24,mujer,8,38,21.05263157894737
2024,60302,urbana,25,hombre,9,21,42.857142857142854
2024,60302,urbana,25,mujer,10,27,37.03703703703704
2024,60302,urbana,26,hombre,11,23,47.82608695652174
2024,60302,urbana,26,mujer,10,40,25.0
2024,60302,urbana,27,hombre,19,35,54.285714285714285
2024,60302,urbana,27,mujer,9,28,32.142857142857146
2024,60302,urbana,28,hombre,23,30,76.66666666666667
2024,60302,urbana,28,mujer,14,35,40.0
2024,60303,rural,16,hombre,2,100,2.0
2024,60303,rural,16,mujer,2,88,2.272727272727273
2024,60303,rural,17,hombre,4,93,4.301075268817204
2024,60303,rural,17,mujer,2,93,2.150537634408602
2024,60303,rural,18,hombre,3,102,2.9411764705882355
2024,60303,rural,18,mujer,3,88,3.409090909090909
2024,60303,rural,19,hombre,14,85,16.470588235294116
2024,60303,rural,19,mujer,7,90,7.777777777777778
2024,60303,rural,20,hombre,10,76,13.157894736842104
2024,60303,rural,20,mujer,10,80,12.5
2024,60303,rural,21,hombre,16,89,17.97752808988764
2024,60303,rural,21,mujer,11,84,13.095238095238095
2024,60303,rural,22,hombre,19,81,23.45679012345679
2024,60303,rural,22,mujer,15,86,17.441860465116278
2024,60303,rural,23,hombre,26,100,26.0
2024,60303,rural,23,mujer,18,103,17.475728155339805
2024,60303,rural,24,hombre,42,122,34.42622950819672
2024,60303,rural,24,mujer,23,104,22.115384615384617
2024,60303,rural,25,hombre,46,90,51.111111111111114
2024,60303,rural,25,mujer,21,101,20.792079207920793
2024,60303,rural,26,hombre,47,101,46.53465346534654
2024,60303,rural,26,mujer,27,92,29.347826086956523
2024,60303,rural,27,hombre,54,93,58.064516129032256
2024,60303,rural,27,mujer,21,108,19.444444444444443
2024,60303,rural,28,hombre,37,87,42.52873563218391
2024,60303,rural,28,mujer,28,105,26.666666666666668
2024,60303,urbana,16,hombre,7,312,2.2435897435897436
2024,60303,urbana,16,mujer,10,318,3.1446540880503147
2024,60303,urbana,17,hombre,14,324,4.320987654320987
2024,60303,urbana,17,mujer,11,298,3.6912751677852347
2024,60303,urbana,18,hombre,19,222,8.558558558558559
2024,60303,urbana,18,mujer,14,180,7.777777777777778
2024,60303,urbana,19,hombre,27,191,14.136125654450261
2024,60303,urbana,19,mujer,27,187,14.438502673796792
2024,60303,urbana,20,hombre,26,183,14.207650273224044
2024,60303,urbana,20,mujer,27,200,13.5
2024,60303,urbana,21,hombre,44,208,21.153846153846153
2024,60303,urbana,21,mujer,26,180,14.444444444444445
2024,60303,urbana,22,hombre,40,197,20.304568527918782
2024,60303,urbana,22,mujer,51,243,20.987654320987655
2024,60303,urbana,23,hombre,69,245,28.163265306122447
2024,60303,urbana,23,mujer,38,251,15.139442231075698
2024,60303,urbana,24,hombre,76,259,29.343629343629345
2024,60303,urbana,24,mujer,54,260,20.76923076923077
2024,60303,urbana,25,hombre,95,214,44.39252336448598
2024,60303,urbana,25,mujer,65,267,24.344569288389515
2024,60303,urbana,26,hombre,109,243,44.8559670781893
2024,60303,urbana,26,mujer,69,264,26.136363636363637
2024,60303,urbana,27,hombre,104,253,41.10671936758893
2024,60303,urbana,27,mujer,89,287,31.010452961672474
2024,60303,urbana,28,hombre,125,272,45.955882352941174
2024,60303,urbana,28,mujer,88,286,30.76923076923077
2024,60401,rural,16,hombre,2,104,1.9230769230769231
2024,60401,rural,16,mujer,1,134,0.746268656716418
2024,60401,rural,17,hombre,3,115,2.608695652173913
2024,60401,rural,17,mujer,0,93,0.0
2024,60401,rural,18,hombre,4,103,3.883495145631068
2024,60401,rural,18,mujer,5,98,5.1020408163265305
2024,60401,rural,19,hombre,5,88,5.681818181818182
2024,60401,rural,19,mujer,2,94,2.127659574468085
2024,60401,rural,20,hombre,7,71,9.859154929577464
2024,60401,rural,20,mujer,5,91,5.4945054945054945
2024,60401,rural,21,hombre,6,93,6.451612903225806
2024,60401,rural,21,mujer,16,107,14.953271028037383
2024,60401,rural,22,hombre,14,112,12.5
2024,60401,rural,22,mujer,8,98,8.16326530612245
2024,60401,rural,23,hombre,18,109,16.513761467889907
2024,60401,rural,23,mujer,11,117,9.401709401709402
2024,60401,rural,24,hombre,18,119,15.126050420168067
2024,60401,rural,24,mujer,12,113,10.619469026548673
2024,60401,rural,25,hombre,13,89,14.606741573033707
2024,60401,rural,25,mujer,18,102,17.647058823529413
2024,60401,rural,26,hombre,43,129,33.333333333333336
2024,60401,rural,26,mujer,22,111,19.81981981981982
2024,60401,rural,27,hombre,23,99,23.232323232323232
2024,60401,rural,27,mujer,25,125,20.0
2024,60401,rural,28,hombre,46,117,39.31623931623932
2024,60401,rural,28,mujer,29,118,24.576271186440678
2024,60401,urbana,16,hombre,1,29,3.4482758620689653
2024,60401,urbana,16,mujer,0,22,0.0
2024,60401,urbana,17,hombre,1,25,4.0
2024,60401,urbana,17,mujer,1,20,5.0
2024,60401,urbana,18,hombre,1,22,4.545454545454546
2024,60401,urbana,18,mujer,0,13,0.0
2024,60401,urbana,19,hombre,1,21,4.761904761904762
2024,60401,urbana,19,mujer,1,17,5.882352941176471
2024,60401,urbana,20,hombre,0,14,0.0
2024,60401,urbana,20,mujer,1,19,5.2631578947368425
2024,60401,urbana,21,hombre,4,16,25.0
2024,60401,urbana,21,mujer,1,17,5.882352941176471
2024,60401,urbana,22,hombre,2,21,9.523809523809524
2024,60401,urbana,22,mujer,3,22,13.636363636363637
2024,60401,urbana,23,hombre,3,20,15.0
2024,60401,urbana,23,mujer,2,14,14.285714285714286
2024,60401,urbana,24,hombre,4,28,14.285714285714286
2024,60401,urbana,24,mujer,0,12,0.0
2024,60401,urbana,25,hombre,3,19,15.789473684210526
2024,60401,urbana,25,mujer,3,18,16.666666666666668
2024,60401,urbana,26,hombre,7,22,31.818181818181817
2024,60401,urbana,26,mujer,2,17,11.764705882352942
2024,60401,urbana,27,hombre,10,18,55.55555555555556
2024,60401,urbana,27,mujer,5,20,25.0
2024,60401,urbana,28,hombre,7,21,33.333333333333336
2024,60401,urbana,28,mujer,1,19,5.2631578947368425
2024,60402,rural,16,hombre,1,55,1.8181818181818181
2024,60402,rural,16,mujer,0,37,0.0
2024,60402,rural,17,hombre,2,42,4.761904761904762
2024,60402,rural,17,mujer,2,35,5.714285714285714
2024,60402,rural,18,hombre,4,33,12.121212121212121
2024,60402,rural,18,mujer,1,29,3.4482758620689653
2024,60402,rural,19,hombre,3,36,8.333333333333334
2024,60402,rural,19,mujer,5,32,15.625
2024,60402,rural,20,hombre,8,32,25.0
2024,60402,rural,20,mujer,5,32,15.625
2024,60402,rural,21,hombre,4,32,12.5
2024,60402,rural,21,mujer,5,42,11.904761904761905
2024,60402,rural,22,hombre,3,26,11.538461538461538
2024,60402,rural,22,mujer,8,46,17.391304347826086
2024,60402,rural,23,hombre,14,43,32.55813953488372
2024,60402,rural,23,mujer,6,38,15.789473684210526
2024,60402,rural,24,hombre,10,29,34.48275862068966
2024,60402,rural,24,mujer,8,41,19.51219512195122
2024,60402,rural,25,hombre,14,39,35.8974358974359
2024,60402,rural,25,mujer,6,28,21.428571428571427
2024,60402,rural,26,hombre,18,37,48.648648648648646
2024,60402,rural,26,mujer,16,41,39.02439024390244
2024,60402,rural,27,hombre,11,29,37.93103448275862
2024,60402,rural,27,mujer,9,37,24.324324324324323
2024,60402,rural,28,hombre,21,41,51.21951219512195
2024,60402,rural,28,mujer,11,34,32.35294117647059
2024,60501,rural,16,hombre,2,184,1.0869565217391304
2024,60501,rural,16,mujer,5,183,2.73224043715847
2024,60501,rural,17,hombre,4,180,2.2222222222222223
2024,60501,rural,17,mujer,7,198,3.5353535353535355
2024,60501,rural,18,hombre,12,173,6.936416184971098
2024,60501,rural,18,mujer,6,166,3.6144578313253013
2024,60501,rural,19,hombre,20,163,12.269938650306749
2024,60501,rural,19,mujer,10,159,6.289308176100629
2024,60501,rural,20,hombre,16,156,10.256410256410257
2024,60501,rural,20,mujer,14,181,7.734806629834254
2024,60501,rural,21,hombre,27,191,14.136125654450261
2024,60501,rural,21,mujer,10,162,6.172839506172839
2024,60501,rural,22,hombre,29,173,16.76300578034682
2024,60501,rural,22,mujer,25,194,12.88659793814433
2024,60501,rural,23,hombre,38,180,21.11111111111111
2024,60501,rural,23,mujer,35,201,17.412935323383085
2024,60501,rural,24,hombre,61,221,27.601809954751133
2024,60501,rural,24,mujer,32,197,16.243654822335024
2024,60501,rural,25,hombre,55,192,28.645833333333332
2024,60501,rural,25,mujer,28,200,14.0
2024,60501,rural,26,hombre,58,183,31.693989071038253
2024,60501,rural,26,mujer,40,201,19.90049751243781
2024,60501,rural,27,hombre,58,179,32.402234636871505
2024,60501,rural,27,mujer,47,195,24.102564102564102
2024,60501,rural,28,hombre,62,187,33.155080213903744
2024,60501,rural,28,mujer,34,192,17.708333333333332
2024,60501,urbana,16,hombre,2,48,4.166666666666667
2024,60501,urbana,16,mujer,0,49,0.0
2024,60501,urbana,17,hombre,0,49,0.0
2024,60501,urbana,17,mujer,1,53,1.8867924528301887
2024,60501,urbana,18,hombre,1,55,1.8181818181818181
2024,60501,urbana,18,mujer,1,37,2.7027027027027026
2024,60501,urbana,19,hombre,4,46,8.695652173913043
2024,60501,urbana,19,mujer,3,52,5.769230769230769
2024,60501,urbana,20,hombre,5,30,16.666666666666668
2024,60501,urbana,20,mujer,2,49,4.081632653061225
2024,60501,urbana,21,hombre,4,45,8.88888888888889
2024,60501,urbana,21,mujer,2,50,4.0
2024,60501,urbana,22,hombre,7,47,14.893617021276595
2024,60501,urbana,22,mujer,2,47,4.25531914893617
2024,60501,urbana,23,hombre,3,49,6.122448979591836
2024,60501,urbana,23,mujer,5,36,13.88888888888889
2024,60501,urbana,24,hombre,14,56,25.0
2024,60501,urbana,24,mujer,11,48,22.916666666666668
2024,60501,urbana,25,hombre,9,49,18.367346938775512
2024,60501,urbana,25,mujer,10,41,24.390243902439025
2024,60501,urbana,26,hombre,4,32,12.5
2024,60501,urbana,26,mujer,8,43,18.6046511627907
2024,60501,urbana,27,hombre,13,36,36.111111111111114
2024,60501,urbana,27,mujer,4,40,10.0
2024,60501,urbana,28,hombre,13,46,28.26086956521739
2024,60501,urbana,28,mujer,12,57,21.05263157894737
2024,60502,rural,16,hombre,0,67,0.0
2024,60502,rural,16,mujer,1,71,1.408450704225352
2024,60502,rural,17,hombre,2,65,3.076923076923077
2024,60502,rural,17,mujer,2,66,3.0303030303030303
2024,60502,rural,18,hombre,4,51,7.8431372549019605
2024,60502,rural,18,mujer,4,59,6.779661016949152
2024,60502,rural,19,hombre,6,68,8.823529411764707
2024,60502,rural,19,mujer,1,44,2.272727272727273
2024,60502,rural,20,hombre,6,51,11.764705882352942
2024,60502,rural,20,mujer,3,57,5.2631578947368425
2024,60502,rural,21,hombre,12,64,18.75
2024,60502,rural,21,mujer,4,59,6.779661016949152
2024,60502,rural,22,hombre,5,54,9.25925925925926
2024,60502,rural,22,mujer,6,64,9.375
2024,60502,rural,23,hombre,17,62,27.419354838709676
2024,60502,rural,23,mujer,5,65,7.6923076923076925
2024,60502,rural,24,hombre,18,74,24.324324324324323
2024,60502,rural,24,mujer,10,74,13.513513513513514
2024,60502,rural,25,hombre,17,53,32.075471698113205
2024,60502,rural,25,mujer,12,61,19.672131147540984
2024,60502,rural,26,hombre,18,57,31.57894736842105
2024,60502,rural,26,mujer,12,81,14.814814814814815
2024,60502,rural,27,hombre,30,55,54.54545454545455
2024,60502,rural,27,mujer,10,54,18.51851851851852
2024,60502,rural,28,hombre,41,69,59.42028985507246
2024,60502,rural,28,mujer,9,61,14.754098360655737
2024,60601,rural,16,hombre,1,148,0.6756756756756757
2024,60601,rural,16,mujer,1,135,0.7407407407407407
2024,60601,rural,17,hombre,3,113,2.6548672566371683
2024,60601,rural,17,mujer,2,139,1.4388489208633093
2024,60601,rural,18,hombre,3,111,2.7027027027027026
2024,60601,rural,18,mujer,3,99,3.0303030303030303
2024,60601,rural,19,hombre,6,103,5.825242718446602
2024,60601,rural,19,mujer,10,89,11.235955056179776
2024,60601,rural,20,hombre,18,101,17.821782178217823
2024,60601,rural,20,mujer,6,112,5.357142857142857
2024,60601,rural,21,hombre,13,91,14.285714285714286
2024,60601,rural,21,mujer,10,76,13.157894736842104
2024,60601,rural,22,hombre,18,90,20.0
2024,60601,rural,22,mujer,5,77,6.4935064935064934
2024,60601,rural,23,hombre,19,97,19.587628865979383
2024,60601,rural,23,mujer,15,97,15.463917525773196
2024,60601,rural,24,hombre,32,128,25.0
2024,60601,rural,24,mujer,12,131,9.16030534351145
2024,60601,rural,25,hombre,31,108,28.703703703703702
2024,60601,rural,25,mujer,17,110,15.454545454545455
2024,60601,rural,26,hombre,49,124,39.516129032258064
2024,60601,rural,26,mujer,23,132,17.424242424242426
2024,60601,rural,27,hombre,43,122,35.24590163934426
2024,60601,rural,27,mujer,22,141,15.602836879432624
2024,60601,rural,28,hombre,45,129,34.883720930232556
2024,60601,rural,28,mujer,26,120,21.666666666666668
2024,60601,urbana,16,hombre,2,41,4.878048780487805
2024,60601,urbana,16,mujer,3,35,8.571428571428571
2024,60601,urbana,17,hombre,1,31,3.225806451612903
2024,60601,urbana,17,mujer,2,35,5.714285714285714
2024,60601,urbana,18,hombre,3,33,9.090909090909092
2024,60601,urbana,18,mujer,3,26,11.538461538461538
2024,60601,urbana,19,hombre,0,22,0.0
2024,60601,urbana,19,mujer,2,25,8.0
2024,60601,urbana,20,hombre,2,14,14.285714285714286
2024,60601,urbana,20,mujer,6,23,26.08695652173913
2024,60601,urbana,21,hombre,2,26,7.6923076923076925
2024,60601,urbana,21,mujer,7,36,19.444444444444443
2024,60601,urbana,22,hombre,4,25,16.0
2024,60601,urbana,22,mujer,3,17,17.647058823529413
2024,60601,urbana,23,hombre,3,21,14.285714285714286
2024,60601,urbana,23,mujer,5,25,20.0
2024,60601,urbana,24,hombre,1,19,5.2631578947368425
2024,60601,urbana,24,mujer,5,30,16.666666666666668
2024,60601,urbana,25,hombre,8,26,30.76923076923077
2024,60601,urbana,25,mujer,8,32,25.0
2024,60601,urbana,26,hombre,5,24,20.833333333333332
2024,60601,urbana,26,mujer,8,34,23.529411764705884
2024,60601,urbana,27,hombre,9,21,42.857142857142854
2024,60601,urbana,27,mujer,8,44,18.181818181818183
2024,60601,urbana,28,hombre,17,46,36.95652173913044
2024,60601,urbana,28,mujer,16,44,36.36363636363637
2024,70101,rural,16,hombre,0,99,0.0
2024,70101,rural,16,mujer,2,106,1.8867924528301887
2024,70101,rural,17,hombre,3,84,3.5714285714285716
2024,70101,rural,17,mujer,3,106,2.830188679245283
2024,70101,rural,18,hombre,5,79,6.329113924050633
2024,70101,rural,18,mujer,4,74,5.405405405405405
2024,70101,rural,19,hombre,5,82,6.097560975609756
2024,70101,rural,19,mujer,5,73,6.8493150684931505
2024,70101,rural,20,hombre,18,88,20.454545454545453
2024,70101,rural,20,mujer,6,65,9.23076923076923
2024,70101,rural,21,hombre,11,82,13.414634146341463
2024,70101,rural,21,mujer,12,79,15.189873417721518
2024,70101,rural,22,hombre,24,76,31.57894736842105
2024,70101,rural,22,mujer,14,77,18.181818181818183
2024,70101,rural,23,hombre,35,83,42.16867469879518
2024,70101,rural,23,mujer,12,86,13.953488372093023
2024,70101,rural,24,hombre,40,88,45.45454545454545
2024,70101,rural,24,mujer,23,79,29.11392405063291
2024,70101,rural,25,hombre,42,71,59.15492957746479
2024,70101,rural,25,mujer,14,97,14.43298969072165
2024,70101,rural,26,hombre,54,87,62.06896551724138
2024,70101,rural,26,mujer,15,68,22.058823529411764
2024,70101,rural,27,hombre,48,74,64.86486486486487
2024,70101,rural,27,mujer,14,80,17.5
2024,70101,rural,28,hombre,49,75,65.33333333333333
2024,70101,rural,28,mujer,20,84,23.80952380952381
2024,70101,urbana,16,hombre,272,13148,2.0687557042896256
2024,70101,urbana,16,mujer,248,12939,1.9166859880979983
2024,70101,urbana,17,hombre,433,13035,3.321825853471423
2024,70101,urbana,17,mujer,417,12970,3.2151117964533538
2024,70101,urbana,18,hombre,855,12592,6.79002541296061
2024,70101,urbana,18,mujer,827,13409,6.167499440674174
2024,70101,urbana,19,hombre,1364,12922,10.555641541557035
2024,70101,urbana,19,mujer,1160,13385,8.66641763167725
2024,70101,urbana,20,hombre,1780,13043,13.647167062792303
2024,70101,urbana,20,mujer,1440,13618,10.574239976501689
2024,70101,urbana,21,hombre,2126,13216,16.086561743341406
2024,70101,urbana,21,mujer,1655,13519,12.242029735927213
2024,70101,urbana,22,hombre,2535,13283,19.084544154182037
2024,70101,urbana,22,mujer,1969,13711,14.36073225877033
2024,70101,urbana,23,hombre,3227,14398,22.412835115988333
2024,70101,urbana,23,mujer,2310,14660,15.757162346521145
2024,70101,urbana,24,hombre,3900,14912,26.15343347639485
2024,70101,urbana,24,mujer,2767,15442,17.91866338557182
2024,70101,urbana,25,hombre,4241,14171,29.927316350292852
2024,70101,urbana,25,mujer,2874,14740,19.497964721845317
2024,70101,urbana,26,hombre,4664,14018,33.271508061064345
2024,70101,urbana,26,mujer,2997,14688,20.404411764705884
2024,70101,urbana,27,hombre,5199,13854,37.52706799480295
2024,70101,urbana,27,mujer,3275,14825,22.09106239460371
2024,70101,urbana,28,hombre,5721,14271,40.08829093966786
2024,70101,urbana,28,mujer,3454,15133,22.824291283948984
2024,70102,rural,16,hombre,3,150,2.0
2024,70102,rural,16,mujer,2,166,1.2048192771084338
2024,70102,rural,17,hombre,10,176,5.681818181818182
2024,70102,rural,17,mujer,4,142,2.816901408450704
2024,70102,rural,18,hombre,6,149,4.026845637583893
2024,70102,rural,18,mujer,9,122,7.377049180327869
2024,70102,rural,19,hombre,17,139,12.23021582733813
2024,70102,rural,19,mujer,11,142,7.746478873239437
2024,70102,rural,20,hombre,17,115,14.782608695652174
2024,70102,rural,20,mujer,7,120,5.833333333333333
2024,70102,rural,21,hombre,21,128,16.40625
2024,70102,rural,21,mujer,12,119,10.084033613445378
2024,70102,rural,22,hombre,24,109,22.01834862385321
2024,70102,rural,22,mujer,7,107,6.542056074766355
2024,70102,rural,23,hombre,50,148,33.78378378378378
2024,70102,rural,23,mujer,24,149,16.107382550335572
2024,70102,rural,24,hombre,44,132,33.333333333333336
2024,70102,rural,24,mujer,18,136,13.235294117647058
2024,70102,rural,25,hombre,57,130,43.84615384615385
2024,70102,rural,25,mujer,34,142,23.943661971830984
2024,70102,rural,26,hombre,62,136,45.588235294117645
2024,70102,rural,26,mujer,28,160,17.5
2024,70102,rural,27,hombre,63,130,48.46153846153846
2024,70102,rural,27,mujer,28,143,19.58041958041958
2024,70102,rural,28,hombre,74,131,56.48854961832061
2024,70102,rural,28,mujer,33,131,25.19083969465649
2024,70102,urbana,16,hombre,22,883,2.491506228765572
2024,70102,urbana,16,mujer,28,844,3.3175355450236967
2024,70102,urbana,17,hombre,26,849,3.0624263839811543
2024,70102,urbana,17,mujer,26,795,3.270440251572327
2024,70102,urbana,18,hombre,43,787,5.463786531130877
2024,70102,urbana,18,mujer,31,755,4.105960264900662
2024,70102,urbana,19,hombre,77,746,10.32171581769437
2024,70102,urbana,19,mujer,52,753,6.905710491367862
2024,70102,urbana,20,hombre,93,755,12.317880794701987
2024,70102,urbana,20,mujer,64,731,8.755129958960328
2024,70102,urbana,21,hombre,119,742,16.037735849056602
2024,70102,urbana,21,mujer,67,780,8.58974358974359
2024,70102,urbana,22,hombre,120,746,16.0857908847185
2024,70102,urbana,22,mujer,88,731,12.038303693570452
2024,70102,urbana,23,hombre,174,757,22.98546895640687
2024,70102,urbana,23,mujer,127,865,14.68208092485549
2024,70102,urbana,24,hombre,266,857,31.03850641773629
2024,70102,urbana,24,mujer,125,808,15.470297029702971
2024,70102,urbana,25,hombre,243,753,32.27091633466136
2024,70102,urbana,25,mujer,149,800,18.625
2024,70102,urbana,26,hombre,289,733,39.427012278308325
2024,70102,urbana,26,mujer,175,784,22.321428571428573
2024,70102,urbana,27,hombre,334,758,44.06332453825858
2024,70102,urbana,27,mujer,194,791,24.52591656131479
2024,70102,urbana,28,hombre,376,805,46.70807453416149
2024,70102,urbana,28,mujer,188,814,23.095823095823096
2024,70103,rural,16,hombre,2,103,1.941747572815534
2024,70103,rural,16,mujer,2,86,2.3255813953488373
2024,70103,rural,17,hombre,4,107,3.7383177570093458
2024,70103,rural,17,mujer,2,89,2.247191011235955
2024,70103,rural,18,hombre,6,95,6.315789473684211
2024,70103,rural,18,mujer,4,67,5.970149253731344
2024,70103,rural,19,hombre,11,79,13.924050632911392
2024,70103,rural,19,mujer,4,63,6.349206349206349
2024,70103,rural,20,hombre,11,71,15.492957746478874
2024,70103,rural,20,mujer,5,75,6.666666666666667
2024,70103,rural,21,hombre,12,79,15.189873417721518
2024,70103,rural,21,mujer,6,81,7.407407407407407
2024,70103,rural,22,hombre,26,97,26.804123711340207
2024,70103,rural,22,mujer,6,71,8.450704225352112
2024,70103,rural,23,hombre,27,92,29.347826086956523
2024,70103,rural,23,mujer,10,90,11.11111111111111
2024,70103,rural,24,hombre,25,94,26.595744680851062
2024,70103,rural,24,mujer,18,96,18.75
2024,70103,rural,25,hombre,25,82,30.48780487804878
2024,70103,rural,25,mujer,13,86,15.116279069767442
2024,70103,rural,26,hombre,29,69,42.028985507246375
2024,70103,rural,26,mujer,17,82,20.73170731707317
2024,70103,rural,27,hombre,38,87,43.67816091954023
2024,70103,rural,27,mujer,18,88,20.454545454545453
2024,70103,rural,28,hombre,44,94,46.808510638297875
2024,70103,rural,28,mujer,20,89,22.471910112359552
2024,70103,urbana,16,hombre,0,107,0.0
2024,70103,urbana,16,mujer,0,94,0.0
2024,70103,urbana,17,hombre,0,82,0.0
2024,70103,urbana,17,mujer,1,100,1.0
2024,70103,urbana,18,hombre,1,82,1.2195121951219512
2024,70103,urbana,18,mujer,2,83,2.4096385542168677
2024,70103,urbana,19,hombre,2,73,2.73972602739726
2024,70103,urbana,19,mujer,0,76,0.0
2024,70103,urbana,20,hombre,4,92,4.3478260869565215
2024,70103,urbana,20,mujer,3,66,4.545454545454546
2024,70103,urbana,21,hombre,6,64,9.375
2024,70103,urbana,21,mujer,1,66,1.5151515151515151
2024,70103,urbana,22,hombre,7,64,10.9375
2024,70103,urbana,22,mujer,7,75,9.333333333333334
2024,70103,urbana,23,hombre,9,77,11.688311688311689
2024,70103,urbana,23,mujer,0,75,0.0
2024,70103,urbana,24,hombre,12,63,19.047619047619047
2024,70103,urbana,24,mujer,8,87,9.195402298850574
2024,70103,urbana,25,hombre,12,65,18.46153846153846
2024,70103,urbana,25,mujer,3,68,4.411764705882353
2024,70103,urbana,26,hombre,12,64,18.75
2024,70103,urbana,26,mujer,8,66,12.121212121212121
2024,70103,urbana,27,hombre,21,74,28.37837837837838
2024,70103,urbana,27,mujer,9,53,16.9811320754717
2024,70103,urbana,28,hombre,17,66,25.757575757575758
2024,70103,urbana,28,mujer,8,62,12.903225806451612
2024,70104,rural,16,hombre,2,80,2.5
2024,70104,rural,16,mujer,1,68,1.4705882352941178
2024,70104,rural,17,hombre,5,65,7.6923076923076925
2024,70104,rural,17,mujer,3,62,4.838709677419355
2024,70104,rural,18,hombre,6,81,7.407407407407407
2024,70104,rural,18,mujer,6,72,8.333333333333334
2024,70104,rural,19,hombre,4,68,5.882352941176471
2024,70104,rural,19,mujer,7,66,10.606060606060606
2024,70104,rural,20,hombre,7,61,11.475409836065573
2024,70104,rural,20,mujer,5,57,8.771929824561404
2024,70104,rural,21,hombre,13,70,18.571428571428573
2024,70104,rural,21,mujer,6,61,9.836065573770492
2024,70104,rural,22,hombre,17,71,23.943661971830984
2024,70104,rural,22,mujer,5,58,8.620689655172415
2024,70104,rural,23,hombre,20,65,30.76923076923077
2024,70104,rural,23,mujer,6,66,9.090909090909092
2024,70104,rural,24,hombre,23,72,31.944444444444443
2024,70104,rural,24,mujer,14,84,16.666666666666668
2024,70104,rural,25,hombre,21,69,30.434782608695652
2024,70104,rural,25,mujer,15,72,20.833333333333332
2024,70104,rural,26,hombre,34,71,47.88732394366197
2024,70104,rural,26,mujer,14,73,19.17808219178082
2024,70104,rural,27,hombre,34,59,57.6271186440678
2024,70104,rural,27,mujer,9,68,13.235294117647058
2024,70104,rural,28,hombre,38,66,57.57575757575758
2024,70104,rural,28,mujer,16,57,28.07017543859649
2024,70104,urbana,16,hombre,24,1249,1.9215372297838271
2024,70104,urbana,16,mujer,16,1261,1.26883425852498
2024,70104,urbana,17,hombre,46,1239,3.712671509281679
2024,70104,urbana,17,mujer,43,1170,3.675213675213675
2024,70104,urbana,18,hombre,66,1191,5.541561712846348
2024,70104,urbana,18,mujer,77,1196,6.438127090301004
2024,70104,urbana,19,hombre,94,1086,8.655616942909761
2024,70104,urbana,19,mujer,97,1276,7.601880877742946
2024,70104,urbana,20,hombre,144,1183,12.172442941673712
2024,70104,urbana,20,mujer,103,1168,8.818493150684931
2024,70104,urbana,21,hombre,175,1118,15.652951699463328
2024,70104,urbana,21,mujer,112,1161,9.646856158484065
2024,70104,urbana,22,hombre,221,1158,19.0846286701209
2024,70104,urbana,22,mujer,140,1235,11.336032388663968
2024,70104,urbana,23,hombre,305,1253,24.341580207501995
2024,70104,urbana,23,mujer,217,1324,16.389728096676738
2024,70104,urbana,24,hombre,398,1344,29.613095238095237
2024,70104,urbana,24,mujer,234,1423,16.444132115249474
2024,70104,urbana,25,hombre,382,1204,31.727574750830566
2024,70104,urbana,25,mujer,236,1292,18.26625386996904
2024,70104,urbana,26,hombre,470,1205,39.004149377593365
2024,70104,urbana,26,mujer,289,1401,20.628122769450393
2024,70104,urbana,27,hombre,540,1303,41.44282425172678
2024,70104,urbana,27,mujer,291,1254,23.205741626794257
2024,70104,urbana,28,hombre,591,1313,45.01142421934501
2024,70104,urbana,28,mujer,328,1469,22.328114363512594
2024,70105,rural,16,hombre,9,140,6.428571428571429
2024,70105,rural,16,mujer,5,127,3.937007874015748
2024,70105,rural,17,hombre,6,153,3.9215686274509802
2024,70105,rural,17,mujer,6,129,4.651162790697675
2024,70105,rural,18,hombre,14,118,11.864406779661017
2024,70105,rural,18,mujer,11,120,9.166666666666666
2024,70105,rural,19,hombre,12,95,12.631578947368421
2024,70105,rural,19,mujer,17,139,12.23021582733813
2024,70105,rural,20,hombre,21,134,15.671641791044776
2024,70105,rural,20,mujer,14,104,13.461538461538462
2024,70105,rural,21,hombre,20,104,19.23076923076923
2024,70105,rural,21,mujer,14,114,12.280701754385966
2024,70105,rural,22,hombre,43,116,37.06896551724138
2024,70105,rural,22,mujer,21,100,21.0
2024,70105,rural,23,hombre,30,112,26.785714285714285
2024,70105,rural,23,mujer,18,128,14.0625
2024,70105,rural,24,hombre,41,135,30.37037037037037
2024,70105,rural,24,mujer,32,133,24.06015037593985
2024,70105,rural,25,hombre,44,126,34.92063492063492
2024,70105,rural,25,mujer,29,120,24.166666666666668
2024,70105,rural,26,hombre,55,112,49.107142857142854
2024,70105,rural,26,mujer,31,125,24.8
2024,70105,rural,27,hombre,47,109,43.11926605504587
2024,70105,rural,27,mujer,18,117,15.384615384615385
2024,70105,rural,28,hombre,63,111,56.75675675675676
2024,70105,rural,28,mujer,29,119,24.369747899159663
2024,70105,urbana,16,hombre,12,400,3.0
2024,70105,urbana,16,mujer,9,396,2.272727272727273
2024,70105,urbana,17,hombre,14,386,3.626943005181347
2024,70105,urbana,17,mujer,20,378,5.291005291005291
2024,70105,urbana,18,hombre,32,366,8.743169398907105
2024,70105,urbana,18,mujer,33,342,9.649122807017545
2024,70105,urbana,19,hombre,38,334,11.377245508982035
2024,70105,urbana,19,mujer,34,335,10.149253731343284
2024,70105,urbana,20,hombre,46,315,14.603174603174603
2024,70105,urbana,20,mujer,35,323,10.8359133126935
2024,70105,urbana,21,hombre,47,295,15.932203389830509
2024,70105,urbana,21,mujer,24,287,8.362369337979095
2024,70105,urbana,22,hombre,66,297,22.22222222222222
2024,70105,urbana,22,mujer,68,351,19.373219373219374
2024,70105,urbana,23,hombre,99,360,27.5
2024,70105,urbana,23,mujer,63,379,16.622691292875988
2024,70105,urbana,24,hombre,133,403,33.002481389578165
2024,70105,urbana,24,mujer,65,342,19.005847953216374
2024,70105,urbana,25,hombre,126,355,35.49295774647887
2024,70105,urbana,25,mujer,79,349,22.636103151862464
2024,70105,urbana,26,hombre,140,364,38.46153846153846
2024,70105,urbana,26,mujer,90,398,22.613065326633166
2024,70105,urbana,27,hombre,122,343,35.56851311953353
2024,70105,urbana,27,mujer,91,371,24.528301886792452
2024,70105,urbana,28,hombre,144,361,39.88919667590028
2024,70105,urbana,28,mujer,99,394,25.126903553299492
2024,70201,rural,16,hombre,2,157,1.2738853503184713
2024,70201,rural,16,mujer,2,150,1.3333333333333333
2024,70201,rural,17,hombre,7,164,4.2682926829268295
2024,70201,rural,17,mujer,6,169,3.5502958579881656
2024,70201,rural,18,hombre,5,121,4.132231404958677
2024,70201,rural,18,mujer,8,119,6.722689075630252
2024,70201,rural,19,hombre,15,142,10.56338028169014
2024,70201,rural,19,mujer,9,117,7.6923076923076925
2024,70201,rural,20,hombre,14,117,11.965811965811966
2024,70201,rural,20,mujer,13,127,10.236220472440944
2024,70201,rural,21,hombre,21,123,17.073170731707318
2024,70201,rural,21,mujer,23,131,17.557251908396946
2024,70201,rural,22,hombre,30,139,21.58273381294964
2024,70201,rural,22,mujer,22,115,19.130434782608695
2024,70201,rural,23,hombre,45,138,32.608695652173914
2024,70201,rural,23,mujer,22,131,16.793893129770993
2024,70201,rural,24,hombre,56,150,37.333333333333336
2024,70201,rural,24,mujer,29,152,19.07894736842105
2024,70201,rural,25,hombre,57,154,37.01298701298701
2024,70201,rural,25,mujer,25,144,17.36111111111111
2024,70201,rural,26,hombre,62,150,41.333333333333336
2024,70201,rural,26,mujer,33,145,22.75862068965517
2024,70201,rural,27,hombre,58,128,45.3125
2024,70201,rural,27,mujer,33,132,25.0
2024,70201,rural,28,hombre,76,156,48.717948717948715
2024,70201,rural,28,mujer,36,139,25.899280575539567
2024,70201,urbana,16,hombre,33,1326,2.48868778280543
2024,70201,urbana,16,mujer,27,1297,2.081727062451812
2024,70201,urbana,17,hombre,39,1300,3.0
2024,70201,urbana,17,mujer,41,1292,3.1733746130030958
2024,70201,urbana,18,hombre,74,1212,6.105610561056106
2024,70201,urbana,18,mujer,70,1183,5.9171597633136095
2024,70201,urbana,19,hombre,93,1093,8.508691674290942
2024,70201,urbana,19,mujer,91,1227,7.416462917685411
2024,70201,urbana,20,hombre,128,1168,10.95890410958904
2024,70201,urbana,20,mujer,102,1126,9.058614564831261
2024,70201,urbana,21,hombre,191,1115,17.130044843049326
2024,70201,urbana,21,mujer,136,1116,12.186379928315413
2024,70201,urbana,22,hombre,240,1135,21.145374449339208
2024,70201,urbana,22,mujer,159,1156,13.754325259515571
2024,70201,urbana,23,hombre,281,1235,22.753036437246962
2024,70201,urbana,23,mujer,210,1217,17.255546425636812
2024,70201,urbana,24,hombre,343,1250,27.44
2024,70201,urbana,24,mujer,262,1293,20.26295436968291
2024,70201,urbana,25,hombre,372,1096,33.941605839416056
2024,70201,urbana,25,mujer,249,1193,20.871751886001675
2024,70201,urbana,26,hombre,423,1118,37.83542039355993
2024,70201,urbana,26,mujer,252,1192,21.140939597315437
2024,70201,urbana,27,hombre,491,1158,42.4006908462867
2024,70201,urbana,27,mujer,313,1185,26.41350210970464
2024,70201,urbana,28,hombre,502,1084,46.309963099631
2024,70201,urbana,28,mujer,324,1232,26.2987012987013
2024,70202,rural,16,hombre,0,35,0.0
2024,70202,rural,16,mujer,2,54,3.7037037037037037
2024,70202,rural,17,hombre,4,62,6.451612903225806
2024,70202,rural,17,mujer,2,53,3.7735849056603774
2024,70202,rural,18,hombre,2,36,5.555555555555555
2024,70202,rural,18,mujer,1,39,2.5641025641025643
2024,70202,rural,19,hombre,4,44,9.090909090909092
2024,70202,rural,19,mujer,4,35,11.428571428571429
2024,70202,rural,20,hombre,7,32,21.875
2024,70202,rural,20,mujer,2,33,6.0606060606060606
2024,70202,rural,21,hombre,5,37,13.513513513513514
2024,70202,rural,21,mujer,3,41,7.317073170731708
2024,70202,rural,22,hombre,13,44,29.545454545454547
2024,70202,rural,22,mujer,2,40,5.0
2024,70202,rural,23,hombre,17,41,41.46341463414634
2024,70202,rural,23,mujer,7,41,17.073170731707318
2024,70202,rural,24,hombre,12,47,25.53191489361702
2024,70202,rural,24,mujer,5,32,15.625
2024,70202,rural,25,hombre,16,38,42.10526315789474
2024,70202,rural,25,mujer,8,43,18.6046511627907
2024,70202,rural,26,hombre,16,39,41.02564102564103
2024,70202,rural,26,mujer,7,48,14.583333333333334
2024,70202,rural,27,hombre,23,44,52.27272727272727
2024,70202,rural,27,mujer,6,35,17.142857142857142
2024,70202,rural,28,hombre,19,39,48.717948717948715
2024,70202,rural,28,mujer,7,30,23.333333333333332
2024,70202,urbana,16,hombre,1,55,1.8181818181818181
2024,70202,urbana,16,mujer,1,48,2.0833333333333335
2024,70202,urbana,17,hombre,1,59,1.694915254237288
2024,70202,urbana,17,mujer,0,56,0.0
2024,70202,urbana,18,hombre,3,42,7.142857142857143
2024,70202,urbana,18,mujer,3,56,5.357142857142857
2024,70202,urbana,19,hombre,8,45,17.77777777777778
2024,70202,urbana,19,mujer,3,44,6.818181818181818
2024,70202,urbana,20,hombre,4,39,10.256410256410257
2024,70202,urbana,20,mujer,7,40,17.5
2024,70202,urbana,21,hombre,8,43,18.6046511627907
2024,70202,urbana,21,mujer,3,35,8.571428571428571
2024,70202,urbana,22,hombre,11,35,31.428571428571427
2024,70202,urbana,22,mujer,6,38,15.789473684210526
2024,70202,urbana,23,hombre,6,39,15.384615384615385
2024,70202,urbana,23,mujer,11,44,25.0
2024,70202,urbana,24,hombre,22,59,37.28813559322034
2024,70202,urbana,24,mujer,11,54,20.37037037037037
2024,70202,urbana,25,hombre,9,25,36.0
2024,70202,urbana,25,mujer,16,54,29.62962962962963
2024,70202,urbana,26,hombre,11,33,33.333333333333336
2024,70202,urbana,26,mujer,13,52,25.0
2024,70202,urbana,27,hombre,19,37,51.351351351351354
2024,70202,urbana,27,mujer,15,38,39.473684210526315
2024,70202,urbana,28,hombre,12,36,33.333333333333336
2024,70202,urbana,28,mujer,11,41,26.829268292682926
2024,70301,rural,16,hombre,8,315,2.5396825396825395
2024,70301,rural,16,mujer,13,294,4.421768707482993
2024,70301,rural,17,hombre,22,332,6.626506024096385
2024,70301,rural,17,mujer,9,249,3.6144578313253013
2024,70301,rural,18,hombre,31,273,11.355311355311356
2024,70301,rural,18,mujer,27,269,10.037174721189592
2024,70301,rural,19,hombre,32,261,12.260536398467433
2024,70301,rural,19,mujer,28,264,10.606060606060606
2024,70301,rural,20,hombre,51,277,18.411552346570396
2024,70301,rural,20,mujer,42,242,17.355371900826448
2024,70301,rural,21,hombre,78,283,27.56183745583039
2024,70301,rural,21,mujer,41,270,15.185185185185185
2024,70301,rural,22,hombre,89,276,32.2463768115942
2024,70301,rural,22,mujer,47,291,16.151202749140893
2024,70301,rural,23,hombre,128,309,41.42394822006472
2024,70301,rural,23,mujer,61,308,19.805194805194805
2024,70301,rural,24,hombre,163,340,47.94117647058823
2024,70301,rural,24,mujer,54,284,19.014084507042252
2024,70301,rural,25,hombre,150,295,50.847457627118644
2024,70301,rural,25,mujer,56,286,19.58041958041958
2024,70301,rural,26,hombre,161,281,57.295373665480426
2024,70301,rural,26,mujer,69,284,24.295774647887324
2024,70301,rural,27,hombre,168,295,56.94915254237288
2024,70301,rural,27,mujer,65,240,27.083333333333332
2024,70301,rural,28,hombre,183,310,59.03225806451613
2024,70301,rural,28,mujer,60,256,23.4375
2024,70301,urbana,16,hombre,19,331,5.740181268882175
2024,70301,urbana,16,mujer,25,304,8.223684210526315
2024,70301,urbana,17,hombre,18,331,5.438066465256798
2024,70301,urbana,17,mujer,27,320,8.4375
2024,70301,urbana,18,hombre,33,234,14.102564102564102
2024,70301,urbana,18,mujer,43,270,15.925925925925926
2024,70301,urbana,19,hombre,41,251,16.334661354581673
2024,70301,urbana,19,mujer,42,266,15.789473684210526
2024,70301,urbana,20,hombre,42,232,18.103448275862068
2024,70301,urbana,20,mujer,32,245,13.061224489795919
2024,70301,urbana,21,hombre,51,244,20.901639344262296
2024,70301,urbana,21,mujer,51,250,20.4
2024,70301,urbana,22,hombre,75,258,29.069767441860463
2024,70301,urbana,22,mujer,62,263,23.574144486692017
2024,70301,urbana,23,hombre,82,293,27.986348122866893
2024,70301,urbana,23,mujer,63,256,24.609375
2024,70301,urbana,24,hombre,88,258,34.10852713178294
2024,70301,urbana,24,mujer,77,283,27.208480565371026
2024,70301,urbana,25,hombre,89,214,41.58878504672897
2024,70301,urbana,25,mujer,59,233,25.321888412017167
2024,70301,urbana,26,hombre,84,220,38.18181818181818
2024,70301,urbana,26,mujer,86,303,28.382838283828384
2024,70301,urbana,27,hombre,136,280,48.57142857142857
2024,70301,urbana,27,mujer,84,282,29.78723404255319
2024,70301,urbana,28,hombre,115,244,47.131147540983605
2024,70301,urbana,28,mujer,90,268,33.582089552238806
2024,70302,rural,16,hombre,5,61,8.19672131147541
2024,70302,rural,16,mujer,1,71,1.408450704225352
2024,70302,rural,17,hombre,4,69,5.797101449275362
2024,70302,rural,17,mujer,5,59,8.474576271186441
2024,70302,rural,18,hombre,10,63,15.873015873015873
2024,70302,rural,18,mujer,3,58,5.172413793103448
2024,70302,rural,19,hombre,10,57,17.54385964912281
2024,70302,rural,19,mujer,9,57,15.789473684210526
2024,70302,rural,20,hombre,15,71,21.12676056338028
2024,70302,rural,20,mujer,3,50,6.0
2024,70302,rural,21,hombre,12,61,19.672131147540984
2024,70302,rural,21,mujer,7,50,14.0
2024,70302,rural,22,hombre,17,74,22.972972972972972
2024,70302,rural,22,mujer,11,65,16.923076923076923
2024,70302,rural,23,hombre,35,92,38.04347826086956
2024,70302,rural,23,mujer,12,79,15.189873417721518
2024,70302,rural,24,hombre,45,96,46.875
2024,70302,rural,24,mujer,19,80,23.75
2024,70302,rural,25,hombre,40,96,41.666666666666664
2024,70302,rural,25,mujer,14,69,20.28985507246377
2024,70302,rural,26,hombre,56,112,50.0
2024,70302,rural,26,mujer,18,71,25.35211267605634
2024,70302,rural,27,hombre,57,101,56.43564356435643
2024,70302,rural,27,mujer,14,77,18.181818181818183
2024,70302,rural,28,hombre,47,98,47.95918367346939
2024,70302,rural,28,mujer,23,84,27.38095238095238
2024,70302,urbana,16,hombre,3,56,5.357142857142857
2024,70302,urbana,16,mujer,8,73,10.95890410958904
2024,70302,urbana,17,hombre,8,62,12.903225806451612
2024,70302,urbana,17,mujer,9,63,14.285714285714286
2024,70302,urbana,18,hombre,9,37,24.324324324324323
2024,70302,urbana,18,mujer,4,34,11.764705882352942
2024,70302,urbana,19,hombre,5,32,15.625
2024,70302,urbana,19,mujer,4,38,10.526315789473685
2024,70302,urbana,20,hombre,9,34,26.470588235294116
2024,70302,urbana,20,mujer,4,33,12.121212121212121
2024,70302,urbana,21,hombre,3,28,10.714285714285714
2024,70302,urbana,21,mujer,3,31,9.67741935483871
2024,70302,urbana,22,hombre,8,35,22.857142857142858
2024,70302,urbana,22,mujer,10,40,25.0
2024,70302,urbana,23,hombre,5,27,18.51851851851852
2024,70302,urbana,23,mujer,3,33,9.090909090909092
2024,70302,urbana,24,hombre,11,32,34.375
2024,70302,urbana,24,mujer,7,50,14.0
2024,70302,urbana,25,hombre,15,38,39.473684210526315
2024,70302,urbana,25,mujer,4,20,20.0
2024,70302,urbana,26,hombre,12,30,40.0
2024,70302,urbana,26,mujer,3,29,10.344827586206897
2024,70302,urbana,27,hombre,12,33,36.36363636363637
2024,70302,urbana,27,mujer,9,33,27.272727272727273
2024,70302,urbana,28,hombre,12,41,29.26829268292683
2024,70302,urbana,28,mujer,8,42,19.047619047619047
2024,70303,rural,16,hombre,2,48,4.166666666666667
2024,70303,rural,16,mujer,5,44,11.363636363636363
2024,70303,rural,17,hombre,5,40,12.5
2024,70303,rural,17,mujer,4,37,10.81081081081081
2024,70303,rural,18,hombre,9,33,27.272727272727273
2024,70303,rural,18,mujer,5,36,13.88888888888889
2024,70303,rural,19,hombre,12,49,24.489795918367346
2024,70303,rural,19,mujer,7,30,23.333333333333332
2024,70303,rural,20,hombre,11,35,31.428571428571427
2024,70303,rural,20,mujer,6,43,13.953488372093023
2024,70303,rural,21,hombre,24,43,55.81395348837209
2024,70303,rural,21,mujer,9,34,26.470588235294116
2024,70303,rural,22,hombre,20,36,55.55555555555556
2024,70303,rural,22,mujer,15,52,28.846153846153847
2024,70303,rural,23,hombre,29,52,55.76923076923077
2024,70303,rural,23,mujer,13,45,28.88888888888889
2024,70303,rural,24,hombre,39,73,53.42465753424658
2024,70303,rural,24,mujer,15,40,37.5
2024,70303,rural,25,hombre,45,64,70.3125
2024,70303,rural,25,mujer,15,46,32.608695652173914
2024,70303,rural,26,hombre,36,54,66.66666666666667
2024,70303,rural,26,mujer,20,45,44.44444444444444
2024,70303,rural,27,hombre,40,61,65.57377049180327
2024,70303,rural,27,mujer,17,40,42.5
2024,70303,rural,28,hombre,47,67,70.14925373134328
2024,70303,rural,28,mujer,12,39,30.76923076923077
2024,70303,urbana,16,hombre,4,38,10.526315789473685
2024,70303,urbana,16,mujer,1,20,5.0
2024,70303,urbana,17,hombre,3,41,7.317073170731708
2024,70303,urbana,17,mujer,4,29,13.793103448275861
2024,70303,urbana,18,hombre,4,21,19.047619047619047
2024,70303,urbana,18,mujer,4,23,17.391304347826086
2024,70303,urbana,19,hombre,0,23,0.0
2024,70303,urbana,19,mujer,3,20,15.0
2024,70303,urbana,20,hombre,3,16,18.75
2024,70303,urbana,20,mujer,6,24,25.0
2024,70303,urbana,21,hombre,4,25,16.0
2024,70303,urbana,21,mujer,4,22,18.181818181818183
2024,70303,urbana,22,hombre,4,12,33.333333333333336
2024,70303,urbana,22,mujer,7,28,25.0
2024,70303,urbana,23,hombre,2,16,12.5
2024,70303,urbana,23,mujer,4,27,14.814814814814815
2024,70303,urbana,24,hombre,5,19,26.31578947368421
2024,70303,urbana,24,mujer,11,25,44.0
2024,70303,urbana,25,hombre,14,27,51.851851851851855
2024,70303,urbana,25,mujer,9,21,42.857142857142854
2024,70303,urbana,26,hombre,7,20,35.0
2024,70303,urbana,26,mujer,6,23,26.08695652173913
2024,70303,urbana,27,hombre,10,26,38.46153846153846
2024,70303,urbana,27,mujer,5,23,21.73913043478261
2024,70303,urbana,28,hombre,10,19,52.63157894736842
2024,70303,urbana,28,mujer,8,26,30.76923076923077
2024,70401,rural,16,hombre,2,73,2.73972602739726
2024,70401,rural,16,mujer,2,75,2.6666666666666665
2024,70401,rural,17,hombre,3,70,4.285714285714286
2024,70401,rural,17,mujer,6,67,8.955223880597014
2024,70401,rural,18,hombre,4,64,6.25
2024,70401,rural,18,mujer,5,57,8.771929824561404
2024,70401,rural,19,hombre,4,56,7.142857142857143
2024,70401,rural,19,mujer,3,52,5.769230769230769
2024,70401,rural,20,hombre,5,46,10.869565217391305
2024,70401,rural,20,mujer,4,45,8.88888888888889
2024,70401,rural,21,hombre,6,39,15.384615384615385
2024,70401,rural,21,mujer,3,58,5.172413793103448
2024,70401,rural,22,hombre,16,57,28.07017543859649
2024,70401,rural,22,mujer,7,54,12.962962962962964
2024,70401,rural,23,hombre,16,62,25.806451612903224
2024,70401,rural,23,mujer,4,48,8.333333333333334
2024,70401,rural,24,hombre,11,64,17.1875
2024,70401,rural,24,mujer,6,48,12.5
2024,70401,rural,25,hombre,13,39,33.333333333333336
2024,70401,rural,25,mujer,9,58,15.517241379310345
2024,70401,rural,26,hombre,26,62,41.935483870967744
2024,70401,rural,26,mujer,15,60,25.0
2024,70401,rural,27,hombre,25,66,37.878787878787875
2024,70401,rural,27,mujer,10,49,20.408163265306122
2024,70401,rural,28,hombre,21,54,38.888888888888886
2024,70401,rural,28,mujer,11,64,17.1875
2024,70401,urbana,16,hombre,0,51,0.0
2024,70401,urbana,16,mujer,5,61,8.19672131147541
2024,70401,urbana,17,hombre,1,62,1.6129032258064515
2024,70401,urbana,17,mujer,5,43,11.627906976744185
2024,70401,urbana,18,hombre,3,38,7.894736842105263
2024,70401,urbana,18,mujer,3,34,8.823529411764707
2024,70401,urbana,19,hombre,5,44,11.363636363636363
2024,70401,urbana,19,mujer,7,36,19.444444444444443
2024,70401,urbana,20,hombre,4,30,13.333333333333334
2024,70401,urbana,20,mujer,2,29,6.896551724137931
2024,70401,urbana,21,hombre,2,35,5.714285714285714
2024,70401,urbana,21,mujer,8,38,21.05263157894737
2024,70401,urbana,22,hombre,4,44,9.090909090909092
2024,70401,urbana,22,mujer,2,50,4.0
2024,70401,urbana,23,hombre,10,51,19.607843137254903
2024,70401,urbana,23,mujer,3,31,9.67741935483871
2024,70401,urbana,24,hombre,13,48,27.083333333333332
2024,70401,urbana,24,mujer,8,56,14.285714285714286
2024,70401,urbana,25,hombre,14,44,31.818181818181817
2024,70401,urbana,25,mujer,7,39,17.94871794871795
2024,70401,urbana,26,hombre,13,45,28.88888888888889
2024,70401,urbana,26,mujer,8,43,18.6046511627907
2024,70401,urbana,27,hombre,11,29,37.93103448275862
2024,70401,urbana,27,mujer,14,36,38.888888888888886
2024,70401,urbana,28,hombre,14,36,38.888888888888886
2024,70401,urbana,28,mujer,15,48,31.25
2024,70402,rural,16,hombre,2,59,3.389830508474576
2024,70402,rural,16,mujer,2,60,3.3333333333333335
2024,70402,rural,17,hombre,1,53,1.8867924528301887
2024,70402,rural,17,mujer,2,41,4.878048780487805
2024,70402,rural,18,hombre,5,49,10.204081632653061
2024,70402,rural,18,mujer,3,45,6.666666666666667
2024,70402,rural,19,hombre,2,42,4.761904761904762
2024,70402,rural,19,mujer,1,38,2.6315789473684212
2024,70402,rural,20,hombre,14,59,23.728813559322035
2024,70402,rural,20,mujer,7,43,16.27906976744186
2024,70402,rural,21,hombre,5,38,13.157894736842104
2024,70402,rural,21,mujer,5,37,13.513513513513514
2024,70402,rural,22,hombre,7,40,17.5
2024,70402,rural,22,mujer,11,33,33.333333333333336
2024,70402,rural,23,hombre,10,48,20.833333333333332
2024,70402,rural,23,mujer,5,41,12.195121951219512
2024,70402,rural,24,hombre,12,48,25.0
2024,70402,rural,24,mujer,5,32,15.625
2024,70402,rural,25,hombre,29,64,45.3125
2024,70402,rural,25,mujer,5,34,14.705882352941176
2024,70402,rural,26,hombre,16,53,30.18867924528302
2024,70402,rural,26,mujer,8,46,17.391304347826086
2024,70402,rural,27,hombre,19,50,38.0
2024,70402,rural,27,mujer,14,46,30.434782608695652
2024,70402,rural,28,hombre,10,36,27.77777777777778
2024,70402,rural,28,mujer,11,42,26.19047619047619
2024,70402,urbana,16,hombre,3,121,2.479338842975207
2024,70402,urbana,16,mujer,2,136,1.4705882352941178
2024,70402,urbana,17,hombre,5,116,4.310344827586207
2024,70402,urbana,17,mujer,7,125,5.6
2024,70402,urbana,18,hombre,9,102,8.823529411764707
2024,70402,urbana,18,mujer,9,120,7.5
2024,70402,urbana,19,hombre,10,104,9.615384615384615
2024,70402,urbana,19,mujer,9,113,7.964601769911504
2024,70402,urbana,20,hombre,11,85,12.941176470588236
2024,70402,urbana,20,mujer,15,93,16.129032258064516
2024,70402,urbana,21,hombre,14,80,17.5
2024,70402,urbana,21,mujer,16,90,17.77777777777778
2024,70402,urbana,22,hombre,23,96,23.958333333333332
2024,70402,urbana,22,mujer,17,93,18.27956989247312
2024,70402,urbana,23,hombre,14,90,15.555555555555555
2024,70402,urbana,23,mujer,16,100,16.0
2024,70402,urbana,24,hombre,27,113,23.893805309734514
2024,70402,urbana,24,mujer,24,132,18.181818181818183
2024,70402,urbana,25,hombre,29,95,30.526315789473685
2024,70402,urbana,25,mujer,30,123,24.390243902439025
2024,70402,urbana,26,hombre,26,91,28.571428571428573
2024,70402,urbana,26,mujer,38,127,29.921259842519685
2024,70402,urbana,27,hombre,39,114,34.21052631578947
2024,70402,urbana,27,mujer,39,114,34.21052631578947
2024,70402,urbana,28,hombre,46,107,42.99065420560748
2024,70402,urbana,28,mujer,29,104,27.884615384615383
2024,70403,rural,16,hombre,14,152,9.210526315789474
2024,70403,rural,16,mujer,18,137,13.138686131386862
2024,70403,rural,17,hombre,30,157,19.10828025477707
2024,70403,rural,17,mujer,15,116,12.931034482758621
2024,70403,rural,18,hombre,60,176,34.09090909090909
2024,70403,rural,18,mujer,29,117,24.786324786324787
2024,70403,rural,19,hombre,50,137,36.496350364963504
2024,70403,rural,19,mujer,27,101,26.73267326732673
2024,70403,rural,20,hombre,44,139,31.654676258992804
2024,70403,rural,20,mujer,34,120,28.333333333333332
2024,70403,rural,21,hombre,105,204,51.470588235294116
2024,70403,rural,21,mujer,38,112,33.92857142857143
2024,70403,rural,22,hombre,77,151,50.99337748344371
2024,70403,rural,22,mujer,42,112,37.5
2024,70403,rural,23,hombre,123,227,54.18502202643172
2024,70403,rural,23,mujer,65,162,40.123456790123456
2024,70403,rural,24,hombre,141,246,57.31707317073171
2024,70403,rural,24,mujer,61,168,36.30952380952381
2024,70403,rural,25,hombre,128,209,61.24401913875598
2024,70403,rural,25,mujer,66,144,45.833333333333336
2024,70403,rural,26,hombre,149,242,61.570247933884296
2024,70403,rural,26,mujer,54,155,34.83870967741935
2024,70403,rural,27,hombre,135,223,60.53811659192825
2024,70403,rural,27,mujer,80,171,46.78362573099415
2024,70403,rural,28,hombre,133,215,61.86046511627907
2024,70403,rural,28,mujer,77,164,46.951219512195124
2024,70403,urbana,16,hombre,16,357,4.481792717086835
2024,70403,urbana,16,mujer,31,342,9.064327485380117
2024,70403,urbana,17,hombre,28,364,7.6923076923076925
2024,70403,urbana,17,mujer,42,384,10.9375
2024,70403,urbana,18,hombre,26,285,9.12280701754386
2024,70403,urbana,18,mujer,47,343,13.70262390670554
2024,70403,urbana,19,hombre,67,279,24.014336917562723
2024,70403,urbana,19,mujer,53,330,16.060606060606062
2024,70403,urbana,20,hombre,55,286,19.23076923076923
2024,70403,urbana,20,mujer,56,323,17.3374613003096
2024,70403,urbana,21,hombre,68,262,25.954198473282442
2024,70403,urbana,21,mujer,61,310,19.677419354838708
2024,70403,urbana,22,hombre,58,258,22.48062015503876
2024,70403,urbana,22,mujer,68,278,24.46043165467626
2024,70403,urbana,23,hombre,101,344,29.36046511627907
2024,70403,urbana,23,mujer,80,359,22.284122562674096
2024,70403,urbana,24,hombre,104,335,31.044776119402986
2024,70403,urbana,24,mujer,130,374,34.75935828877005
2024,70403,urbana,25,hombre,109,316,34.49367088607595
2024,70403,urbana,25,mujer,99,328,30.182926829268293
2024,70403,urbana,26,hombre,117,334,35.02994011976048
2024,70403,urbana,26,mujer,103,332,31.02409638554217
2024,70403,urbana,27,hombre,131,298,43.95973154362416
2024,70403,urbana,27,mujer,107,336,31.845238095238095
2024,70403,urbana,28,hombre,153,311,49.19614147909968
2024,70403,urbana,28,mujer,133,366,36.33879781420765
2024,70404,rural,16,hombre,3,44,6.818181818181818
2024,70404,rural,16,mujer,1,31,3.225806451612903
2024,70404,rural,17,hombre,2,31,6.451612903225806
2024,70404,rural,17,mujer,3,39,7.6923076923076925
2024,70404,rural,18,hombre,10,41,24.390243902439025
2024,70404,rural,18,mujer,2,25,8.0
2024,70404,rural,19,hombre,8,36,22.22222222222222
2024,70404,rural,19,mujer,5,24,20.833333333333332
2024,70404,rural,20,hombre,13,35,37.142857142857146
2024,70404,rural,20,mujer,2,32,6.25
2024,70404,rural,21,hombre,5,22,22.727272727272727
2024,70404,rural,21,mujer,3,25,12.0
2024,70404,rural,22,hombre,12,32,37.5
2024,70404,rural,22,mujer,3,19,15.789473684210526
2024,70404,rural,23,hombre,14,34,41.1764705882353
2024,70404,rural,23,mujer,6,24,25.0
2024,70404,rural,24,hombre,17,38,44.73684210526316
2024,70404,rural,24,mujer,11,35,31.428571428571427
2024,70404,rural,25,hombre,13,31,41.935483870967744
2024,70404,rural,25,mujer,6,20,30.0
2024,70404,rural,26,hombre,18,34,52.94117647058823
2024,70404,rural,26,mujer,6,25,24.0
2024,70404,rural,27,hombre,11,27,40.74074074074074
2024,70404,rural,27,mujer,13,40,32.5
2024,70404,rural,28,hombre,23,48,47.916666666666664
2024,70404,rural,28,mujer,16,30,53.333333333333336
2024,70404,urbana,16,hombre,2,50,4.0
2024,70404,urbana,16,mujer,3,59,5.084745762711864
2024,70404,urbana,17,hombre,0,68,0.0
2024,70404,urbana,17,mujer,5,64,7.8125
2024,70404,urbana,18,hombre,3,56,5.357142857142857
2024,70404,urbana,18,mujer,4,63,6.349206349206349
2024,70404,urbana,19,hombre,3,47,6.382978723404255
2024,70404,urbana,19,mujer,2,56,3.5714285714285716
2024,70404,urbana,20,hombre,4,61,6.557377049180328
2024,70404,urbana,20,mujer,3,65,4.615384615384615
2024,70404,urbana,21,hombre,5,45,11.11111111111111
2024,70404,urbana,21,mujer,5,48,10.416666666666666
2024,70404,urbana,22,hombre,8,38,21.05263157894737
2024,70404,urbana,22,mujer,6,45,13.333333333333334
2024,70404,urbana,23,hombre,12,53,22.641509433962263
2024,70404,urbana,23,mujer,6,51,11.764705882352942
2024,70404,urbana,24,hombre,12,55,21.818181818181817
2024,70404,urbana,24,mujer,10,51,19.607843137254903
2024,70404,urbana,25,hombre,16,58,27.586206896551722
2024,70404,urbana,25,mujer,9,43,20.930232558139537
2024,70404,urbana,26,hombre,15,42,35.714285714285715
2024,70404,urbana,26,mujer,10,40,25.0
2024,70404,urbana,27,hombre,12,43,27.906976744186046
2024,70404,urbana,27,mujer,3,51,5.882352941176471
2024,70404,urbana,28,hombre,19,44,43.18181818181818
2024,70404,urbana,28,mujer,19,53,35.84905660377358
2024,70501,rural,16,hombre,5,228,2.192982456140351
2024,70501,rural,16,mujer,6,231,2.5974025974025974
2024,70501,rural,17,hombre,7,251,2.7888446215139444
2024,70501,rural,17,mujer,6,214,2.803738317757009
2024,70501,rural,18,hombre,20,244,8.19672131147541
2024,70501,rural,18,mujer,14,229,6.11353711790393
2024,70501,rural,19,hombre,34,228,14.912280701754385
2024,70501,rural,19,mujer,16,209,7.655502392344498
2024,70501,rural,20,hombre,64,239,26.778242677824267
2024,70501,rural,20,mujer,21,204,10.294117647058824
2024,70501,rural,21,hombre,83,230,36.08695652173913
2024,70501,rural,21,mujer,24,217,11.059907834101383
2024,70501,rural,22,hombre,106,212,50.0
2024,70501,rural,22,mujer,25,214,11.682242990654206
2024,70501,rural,23,hombre,174,271,64.20664206642067
2024,70501,rural,23,mujer,31,227,13.656387665198238
2024,70501,rural,24,hombre,172,243,70.78189300411523
2024,70501,rural,24,mujer,37,232,15.948275862068966
2024,70501,rural,25,hombre,165,237,69.62025316455696
2024,70501,rural,25,mujer,36,195,18.46153846153846
2024,70501,rural,26,hombre,176,251,70.11952191235059
2024,70501,rural,26,mujer,26,178,14.606741573033707
2024,70501,rural,27,hombre,170,223,76.23318385650224
2024,70501,rural,27,mujer,42,197,21.31979695431472
2024,70501,rural,28,hombre,170,232,73.27586206896552
2024,70501,rural,28,mujer,47,194,24.22680412371134
2024,70501,urbana,16,hombre,4,134,2.985074626865672
2024,70501,urbana,16,mujer,4,121,3.3057851239669422
2024,70501,urbana,17,hombre,6,121,4.958677685950414
2024,70501,urbana,17,mujer,4,127,3.1496062992125986
2024,70501,urbana,18,hombre,1,78,1.2820512820512822
2024,70501,urbana,18,mujer,11,114,9.649122807017545
2024,70501,urbana,19,hombre,6,90,6.666666666666667
2024,70501,urbana,19,mujer,11,93,11.827956989247312
2024,70501,urbana,20,hombre,14,76,18.42105263157895
2024,70501,urbana,20,mujer,12,95,12.631578947368421
2024,70501,urbana,21,hombre,17,109,15.596330275229358
2024,70501,urbana,21,mujer,11,86,12.790697674418604
2024,70501,urbana,22,hombre,11,73,15.068493150684931
2024,70501,urbana,22,mujer,10,77,12.987012987012987
2024,70501,urbana,23,hombre,20,88,22.727272727272727
2024,70501,urbana,23,mujer,20,94,21.27659574468085
2024,70501,urbana,24,hombre,25,98,25.510204081632654
2024,70501,urbana,24,mujer,19,83,22.89156626506024
2024,70501,urbana,25,hombre,29,89,32.58426966292135
2024,70501,urbana,25,mujer,24,106,22.641509433962263
2024,70501,urbana,26,hombre,39,102,38.23529411764706
2024,70501,urbana,26,mujer,14,89,15.730337078651685
2024,70501,urbana,27,hombre,35,87,40.229885057471265
2024,70501,urbana,27,mujer,22,87,25.28735632183908
2024,70501,urbana,28,hombre,31,82,37.80487804878049
2024,70501,urbana,28,mujer,31,89,34.831460674157306
2024,70502,rural,16,hombre,4,340,1.1764705882352942
2024,70502,rural,16,mujer,1,305,0.32786885245901637
2024,70502,rural,17,hombre,12,335,3.582089552238806
2024,70502,rural,17,mujer,8,311,2.572347266881029
2024,70502,rural,18,hombre,19,321,5.919003115264798
2024,70502,rural,18,mujer,9,305,2.9508196721311477
2024,70502,rural,19,hombre,37,300,12.333333333333334
2024,70502,rural,19,mujer,17,282,6.028368794326241
2024,70502,rural,20,hombre,75,301,24.916943521594686
2024,70502,rural,20,mujer,15,297,5.05050505050505
2024,70502,rural,21,hombre,113,320,35.3125
2024,70502,rural,21,mujer,21,280,7.5
2024,70502,rural,22,hombre,157,325,48.30769230769231
2024,70502,rural,22,mujer,26,288,9.027777777777779
2024,70502,rural,23,hombre,184,345,53.333333333333336
2024,70502,rural,23,mujer,31,324,9.567901234567902
2024,70502,rural,24,hombre,195,312,62.5
2024,70502,rural,24,mujer,30,340,8.823529411764707
2024,70502,rural,25,hombre,224,326,68.71165644171779
2024,70502,rural,25,mujer,37,294,12.585034013605442
2024,70502,rural,26,hombre,239,305,78.36065573770492
2024,70502,rural,26,mujer,48,300,16.0
2024,70502,rural,27,hombre,225,306,73.52941176470588
2024,70502,rural,27,mujer,39,266,14.661654135338345
2024,70502,rural,28,hombre,225,288,78.125
2024,70502,rural,28,mujer,37,273,13.553113553113553
2024,70502,urbana,16,hombre,6,149,4.026845637583893
2024,70502,urbana,16,mujer,4,173,2.3121387283236996
2024,70502,urbana,17,hombre,12,169,7.100591715976331
2024,70502,urbana,17,mujer,11,164,6.7073170731707314
2024,70502,urbana,18,hombre,11,144,7.638888888888889
2024,70502,urbana,18,mujer,8,171,4.678362573099415
2024,70502,urbana,19,hombre,15,113,13.274336283185841
2024,70502,urbana,19,mujer,18,133,13.533834586466165
2024,70502,urbana,20,hombre,14,129,10.852713178294573
2024,70502,urbana,20,mujer,18,145,12.413793103448276
2024,70502,urbana,21,hombre,24,147,16.3265306122449
2024,70502,urbana,21,mujer,13,117,11.11111111111111
2024,70502,urbana,22,hombre,34,130,26.153846153846153
2024,70502,urbana,22,mujer,42,144,29.166666666666668
2024,70502,urbana,23,hombre,36,141,25.53191489361702
2024,70502,urbana,23,mujer,33,171,19.29824561403509
2024,70502,urbana,24,hombre,33,136,24.264705882352942
2024,70502,urbana,24,mujer,37,160,23.125
2024,70502,urbana,25,hombre,47,139,33.81294964028777
2024,70502,urbana,25,mujer,25,150,16.666666666666668
2024,70502,urbana,26,hombre,56,143,39.16083916083916
2024,70502,urbana,26,mujer,38,154,24.675324675324674
2024,70502,urbana,27,hombre,68,139,48.92086330935252
2024,70502,urbana,27,mujer,41,163,25.153374233128833
2024,70502,urbana,28,hombre,82,150,54.666666666666664
2024,70502,urbana,28,mujer,41,153,26.797385620915033
2024,70503,rural,16,hombre,1,50,2.0
2024,70503,rural,16,mujer,2,49,4.081632653061225
2024,70503,rural,17,hombre,1,53,1.8867924528301887
2024,70503,rural,17,mujer,2,54,3.7037037037037037
2024,70503,rural,18,hombre,6,44,13.636363636363637
2024,70503,rural,18,mujer,2,41,4.878048780487805
2024,70503,rural,19,hombre,8,37,21.62162162162162
2024,70503,rural,19,mujer,6,36,16.666666666666668
2024,70503,rural,20,hombre,4,35,11.428571428571429
2024,70503,rural,20,mujer,2,29,6.896551724137931
2024,70503,rural,21,hombre,15,40,37.5
2024,70503,rural,21,mujer,2,42,4.761904761904762
2024,70503,rural,22,hombre,8,26,30.76923076923077
2024,70503,rural,22,mujer,9,42,21.428571428571427
2024,70503,rural,23,hombre,18,49,36.734693877551024
2024,70503,rural,23,mujer,5,32,15.625
2024,70503,rural,24,hombre,26,53,49.056603773584904
2024,70503,rural,24,mujer,13,43,30.232558139534884
2024,70503,rural,25,hombre,20,42,47.61904761904762
2024,70503,rural,25,mujer,8,38,21.05263157894737
2024,70503,rural,26,hombre,22,44,50.0
2024,70503,rural,26,mujer,10,45,22.22222222222222
2024,70503,rural,27,hombre,20,43,46.51162790697674
2024,70503,rural,27,mujer,14,52,26.923076923076923
2024,70503,rural,28,hombre,22,38,57.89473684210526
2024,70503,rural,28,mujer,11,42,26.19047619047619
2024,70503,urbana,16,hombre,3,112,2.6785714285714284
2024,70503,urbana,16,mujer,3,93,3.225806451612903
2024,70503,urbana,17,hombre,4,105,3.8095238095238093
2024,70503,urbana,17,mujer,4,104,3.8461538461538463
2024,70503,urbana,18,hombre,1,63,1.5873015873015872
2024,70503,urbana,18,mujer,5,84,5.9523809523809526
2024,70503,urbana,19,hombre,3,53,5.660377358490566
2024,70503,urbana,19,mujer,7,71,9.859154929577464
2024,70503,urbana,20,hombre,7,67,10.447761194029852
2024,70503,urbana,20,mujer,10,76,13.157894736842104
2024,70503,urbana,21,hombre,6,54,11.11111111111111
2024,70503,urbana,21,mujer,11,63,17.46031746031746
2024,70503,urbana,22,hombre,13,65,20.0
2024,70503,urbana,22,mujer,19,76,25.0
2024,70503,urbana,23,hombre,15,74,20.27027027027027
2024,70503,urbana,23,mujer,12,80,15.0
2024,70503,urbana,24,hombre,14,73,19.17808219178082
2024,70503,urbana,24,mujer,21,97,21.649484536082475
2024,70503,urbana,25,hombre,28,78,35.8974358974359
2024,70503,urbana,25,mujer,10,65,15.384615384615385
2024,70503,urbana,26,hombre,21,65,32.30769230769231
2024,70503,urbana,26,mujer,14,75,18.666666666666668
2024,70503,urbana,27,hombre,26,76,34.21052631578947
2024,70503,urbana,27,mujer,21,88,23.863636363636363
2024,70503,urbana,28,hombre,35,82,42.68292682926829
2024,70503,urbana,28,mujer,28,103,27.184466019417474
2024,70601,rural,16,hombre,2,38,5.2631578947368425
2024,70601,rural,16,mujer,1,29,3.4482758620689653
2024,70601,rural,17,hombre,2,32,6.25
2024,70601,rural,17,mujer,0,37,0.0
2024,70601,rural,18,hombre,5,41,12.195121951219512
2024,70601,rural,18,mujer,2,34,5.882352941176471
2024,70601,rural,19,hombre,2,22,9.090909090909092
2024,70601,rural,19,mujer,5,26,19.23076923076923
2024,70601,rural,20,hombre,5,22,22.727272727272727
2024,70601,rural,20,mujer,2,20,10.0
2024,70601,rural,21,hombre,6,32,18.75
2024,70601,rural,21,mujer,3,23,13.043478260869565
2024,70601,rural,22,hombre,13,30,43.333333333333336
2024,70601,rural,22,mujer,2,22,9.090909090909092
2024,70601,rural,23,hombre,10,31,32.25806451612903
2024,70601,rural,23,mujer,5,38,13.157894736842104
2024,70601,rural,24,hombre,18,42,42.857142857142854
2024,70601,rural,24,mujer,5,39,12.820512820512821
2024,70601,rural,25,hombre,16,40,40.0
2024,70601,rural,25,mujer,8,37,21.62162162162162
2024,70601,rural,26,hombre,9,21,42.857142857142854
2024,70601,rural,26,mujer,10,24,41.666666666666664
2024,70601,rural,27,hombre,15,34,44.11764705882353
2024,70601,rural,27,mujer,5,26,19.23076923076923
2024,70601,rural,28,hombre,18,28,64.28571428571429
2024,70601,rural,28,mujer,3,29,10.344827586206897
2024,70601,urbana,16,hombre,2,169,1.183431952662722
2024,70601,urbana,16,mujer,1,142,0.704225352112676
2024,70601,urbana,17,hombre,2,132,1.5151515151515151
2024,70601,urbana,17,mujer,2,160,1.25
2024,70601,urbana,18,hombre,5,133,3.7593984962406015
2024,70601,urbana,18,mujer,4,130,3.076923076923077
2024,70601,urbana,19,hombre,9,109,8.256880733944953
2024,70601,urbana,19,mujer,6,112,5.357142857142857
2024,70601,urbana,20,hombre,8,119,6.722689075630252
2024,70601,urbana,20,mujer,6,108,5.555555555555555
2024,70601,urbana,21,hombre,16,112,14.285714285714286
2024,70601,urbana,21,mujer,10,115,8.695652173913043
2024,70601,urbana,22,hombre,23,130,17.692307692307693
2024,70601,urbana,22,mujer,10,129,7.751937984496124
2024,70601,urbana,23,hombre,16,146,10.95890410958904
2024,70601,urbana,23,mujer,17,158,10.759493670886076
2024,70601,urbana,24,hombre,35,154,22.727272727272727
2024,70601,urbana,24,mujer,21,170,12.352941176470589
2024,70601,urbana,25,hombre,33,107,30.8411214953271
2024,70601,urbana,25,mujer,22,132,16.666666666666668
2024,70601,urbana,26,hombre,36,126,28.571428571428573
2024,70601,urbana,26,mujer,20,140,14.285714285714286
2024,70601,urbana,27,hombre,31,132,23.484848484848484
2024,70601,urbana,27,mujer,18,128,14.0625
2024,70601,urbana,28,hombre,53,140,37.857142857142854
2024,70601,urbana,28,mujer,37,132,28.03030303030303
2024,70602,rural,16,hombre,9,117,7.6923076923076925
2024,70602,rural,16,mujer,12,116,10.344827586206897
2024,70602,rural,17,hombre,22,119,18.48739495798319
2024,70602,rural,17,mujer,15,94,15.957446808510639
2024,70602,rural,18,hombre,19,102,18.627450980392158
2024,70602,rural,18,mujer,23,103,22.33009708737864
2024,70602,rural,19,hombre,23,81,28.395061728395063
2024,70602,rural,19,mujer,19,86,22.093023255813954
2024,70602,rural,20,hombre,24,91,26.373626373626372
2024,70602,rural,20,mujer,23,86,26.74418604651163
2024,70602,rural,21,hombre,31,85,36.470588235294116
2024,70602,rural,21,mujer,21,91,23.076923076923077
2024,70602,rural,22,hombre,33,84,39.285714285714285
2024,70602,rural,22,mujer,21,86,24.41860465116279
2024,70602,rural,23,hombre,36,113,31.858407079646017
2024,70602,rural,23,mujer,19,95,20.0
2024,70602,rural,24,hombre,38,103,36.89320388349515
2024,70602,rural,24,mujer,37,106,34.905660377358494
2024,70602,rural,25,hombre,64,127,50.39370078740158
2024,70602,rural,25,mujer,35,88,39.77272727272727
2024,70602,rural,26,hombre,49,103,47.57281553398058
2024,70602,rural,26,mujer,47,111,42.34234234234234
2024,70602,rural,27,hombre,51,105,48.57142857142857
2024,70602,rural,27,mujer,30,90,33.333333333333336
2024,70602,rural,28,hombre,47,99,47.474747474747474
2024,70602,rural,28,mujer,36,91,39.56043956043956
2024,70602,urbana,16,hombre,3,62,4.838709677419355
2024,70602,urbana,16,mujer,1,63,1.5873015873015872
2024,70602,urbana,17,hombre,2,52,3.8461538461538463
2024,70602,urbana,17,mujer,5,47,10.638297872340425
2024,70602,urbana,18,hombre,2,43,4.651162790697675
2024,70602,urbana,18,mujer,6,42,14.285714285714286
2024,70602,urbana,19,hombre,1,36,2.7777777777777777
2024,70602,urbana,19,mujer,3,40,7.5
2024,70602,urbana,20,hombre,1,32,3.125
2024,70602,urbana,20,mujer,3,31,9.67741935483871
2024,70602,urbana,21,hombre,5,36,13.88888888888889
2024,70602,urbana,21,mujer,4,35,11.428571428571429
2024,70602,urbana,22,hombre,5,27,18.51851851851852
2024,70602,urbana,22,mujer,8,37,21.62162162162162
2024,70602,urbana,23,hombre,9,40,22.5
2024,70602,urbana,23,mujer,6,40,15.0
2024,70602,urbana,24,hombre,10,36,27.77777777777778
2024,70602,urbana,24,mujer,7,43,16.27906976744186
2024,70602,urbana,25,hombre,8,41,19.51219512195122
2024,70602,urbana,25,mujer,10,40,25.0
2024,70602,urbana,26,hombre,8,33,24.242424242424242
2024,70602,urbana,26,mujer,5,26,19.23076923076923
2024,70602,urbana,27,hombre,6,27,22.22222222222222
2024,70602,urbana,27,mujer,9,37,24.324324324324323
2024,70602,urbana,28,hombre,19,42,45.23809523809524
2024,70602,urbana,28,mujer,14,35,40.0
2024,70603,rural,16,hombre,0,9,0.0
2024,70603,rural,16,mujer,0,6,0.0
2024,70603,rural,17,hombre,1,8,12.5
2024,70603,rural,17,mujer,0,8,0.0
2024,70603,rural,18,hombre,2,7,28.571428571428573
2024,70603,rural,18,mujer,0,6,0.0
2024,70603,rural,19,hombre,2,8,25.0
2024,70603,rural,19,mujer,0,4,0.0
2024,70603,rural,20,hombre,1,8,12.5
2024,70603,rural,20,mujer,1,10,10.0
2024,70603,rural,21,hombre,1,4,25.0
2024,70603,rural,21,mujer,0,3,0.0
2024,70603,rural,22,hombre,0,5,0.0
2024,70603,rural,22,mujer,0,5,0.0
2024,70603,rural,23,hombre,1,4,25.0
2024,70603,rural,23,mujer,0,10,0.0
2024,70603,rural,24,hombre,4,7,57.142857142857146
2024,70603,rural,24,mujer,2,12,16.666666666666668
2024,70603,rural,25,hombre,5,13,38.46153846153846
2024,70603,rural,25,mujer,0,4,0.0
2024,70603,rural,26,hombre,6,12,50.0
2024,70603,rural,26,mujer,1,7,14.285714285714286
2024,70603,rural,27,hombre,1,3,33.333333333333336
2024,70603,rural,27,mujer,4,11,36.36363636363637
2024,70603,rural,28,hombre,3,10,30.0
2024,70603,rural,28,mujer,0,4,0.0
2024,70603,urbana,16,hombre,1,54,1.8518518518518519
2024,70603,urbana,16,mujer,1,38,2.6315789473684212
2024,70603,urbana,17,hombre,0,47,0.0
2024,70603,urbana,17,mujer,0,47,0.0
2024,70603,urbana,18,hombre,0,38,0.0
2024,70603,urbana,18,mujer,0,58,0.0
2024,70603,urbana,19,hombre,2,54,3.7037037037037037
2024,70603,urbana,19,mujer,3,38,7.894736842105263
2024,70603,urbana,20,hombre,2,50,4.0
2024,70603,urbana,20,mujer,1,42,2.380952380952381
2024,70603,urbana,21,hombre,2,31,6.451612903225806
2024,70603,urbana,21,mujer,1,42,2.380952380952381
2024,70603,urbana,22,hombre,8,40,20.0
2024,70603,urbana,22,mujer,2,39,5.128205128205129
2024,70603,urbana,23,hombre,11,46,23.91304347826087
2024,70603,urbana,23,mujer,3,35,8.571428571428571
2024,70603,urbana,24,hombre,9,45,20.0
2024,70603,urbana,24,mujer,1,28,3.5714285714285716
2024,70603,urbana,25,hombre,10,30,33.333333333333336
2024,70603,urbana,25,mujer,8,43,18.6046511627907
2024,70603,urbana,26,hombre,16,44,36.36363636363637
2024,70603,urbana,26,mujer,5,50,10.0
2024,70603,urbana,27,hombre,8,26,30.76923076923077
2024,70603,urbana,27,mujer,6,50,12.0
2024,70603,urbana,28,hombre,13,52,25.0
2024,70603,urbana,28,mujer,8,47,17.02127659574468
2024,70701,rural,16,hombre,3,70,4.285714285714286
2024,70701,rural,16,mujer,1,44,2.272727272727273
2024,70701,rural,17,hombre,3,56,5.357142857142857
2024,70701,rural,17,mujer,2,50,4.0
2024,70701,rural,18,hombre,1,42,2.380952380952381
2024,70701,rural,18,mujer,5,61,8.19672131147541
2024,70701,rural,19,hombre,3,49,6.122448979591836
2024,70701,rural,19,mujer,5,43,11.627906976744185
2024,70701,rural,20,hombre,3,31,9.67741935483871
2024,70701,rural,20,mujer,2,39,5.128205128205129
2024,70701,rural,21,hombre,7,46,15.217391304347826
2024,70701,rural,21,mujer,7,47,14.893617021276595
2024,70701,rural,22,hombre,3,35,8.571428571428571
2024,70701,rural,22,mujer,8,46,17.391304347826086
2024,70701,rural,23,hombre,8,34,23.529411764705884
2024,70701,rural,23,mujer,6,41,14.634146341463415
2024,70701,rural,24,hombre,12,52,23.076923076923077
2024,70701,rural,24,mujer,3,38,7.894736842105263
2024,70701,rural,25,hombre,19,46,41.30434782608695
2024,70701,rural,25,mujer,12,48,25.0
2024,70701,rural,26,hombre,14,40,35.0
2024,70701,rural,26,mujer,16,54,29.62962962962963
2024,70701,rural,27,hombre,18,40,45.0
2024,70701,rural,27,mujer,10,44,22.727272727272727
2024,70701,rural,28,hombre,20,47,42.5531914893617
2024,70701,rural,28,mujer,13,41,31.70731707317073
2024,70702,rural,16,hombre,3,324,0.9259259259259259
2024,70702,rural,16,mujer,4,324,1.2345679012345678
2024,70702,rural,17,hombre,10,349,2.865329512893983
2024,70702,rural,17,mujer,4,353,1.13314447592068
2024,70702,rural,18,hombre,16,301,5.3156146179401995
2024,70702,rural,18,mujer,18,297,6.0606060606060606
2024,70702,rural,19,hombre,24,278,8.633093525179856
2024,70702,rural,19,mujer,12,280,4.285714285714286
2024,70702,rural,20,hombre,51,293,17.406143344709896
2024,70702,rural,20,mujer,24,293,8.19112627986348
2024,70702,rural,21,hombre,54,277,19.494584837545126
2024,70702,rural,21,mujer,34,309,11.003236245954692
2024,70702,rural,22,hombre,114,330,34.54545454545455
2024,70702,rural,22,mujer,37,283,13.074204946996467
2024,70702,rural,23,hombre,116,301,38.538205980066444
2024,70702,rural,23,mujer,54,290,18.620689655172413
2024,70702,rural,24,hombre,148,317,46.68769716088328
2024,70702,rural,24,mujer,49,290,16.896551724137932
2024,70702,rural,25,hombre,128,254,50.39370078740158
2024,70702,rural,25,mujer,47,237,19.831223628691983
2024,70702,rural,26,hombre,175,287,60.97560975609756
2024,70702,rural,26,mujer,46,228,20.17543859649123
2024,70702,rural,27,hombre,138,261,52.87356321839081
2024,70702,rural,27,mujer,45,238,18.907563025210084
2024,70702,rural,28,hombre,153,248,61.693548387096776
2024,70702,rural,28,mujer,50,246,20.32520325203252
2024,70702,urbana,16,hombre,1,51,1.9607843137254901
2024,70702,urbana,16,mujer,1,52,1.9230769230769231
2024,70702,urbana,17,hombre,0,49,0.0
2024,70702,urbana,17,mujer,2,60,3.3333333333333335
2024,70702,urbana,18,hombre,1,33,3.0303030303030303
2024,70702,urbana,18,mujer,3,55,5.454545454545454
2024,70702,urbana,19,hombre,2,32,6.25
2024,70702,urbana,19,mujer,2,36,5.555555555555555
2024,70702,urbana,20,hombre,3,33,9.090909090909092
2024,70702,urbana,20,mujer,7,43,16.27906976744186
2024,70702,urbana,21,hombre,4,28,14.285714285714286
2024,70702,urbana,21,mujer,7,39,17.94871794871795
2024,70702,urbana,22,hombre,10,37,27.027027027027028
2024,70702,urbana,22,mujer,12,52,23.076923076923077
2024,70702,urbana,23,hombre,12,46,26.08695652173913
2024,70702,urbana,23,mujer,13,48,27.083333333333332
2024,70702,urbana,24,hombre,8,40,20.0
2024,70702,urbana,24,mujer,10,46,21.73913043478261
2024,70702,urbana,25,hombre,21,59,35.59322033898305
2024,70702,urbana,25,mujer,15,52,28.846153846153847
2024,70702,urbana,26,hombre,18,35,51.42857142857143
2024,70702,urbana,26,mujer,13,34,38.23529411764706
2024,70702,urbana,27,hombre,22,45,48.888888888888886
2024,70702,urbana,27,mujer,9,47,19.148936170212767
2024,70702,urbana,28,hombre,12,33,36.36363636363637
2024,70702,urbana,28,mujer,11,40,27.5
2024,70703,rural,16,hombre,5,221,2.262443438914027
2024,70703,rural,16,mujer,2,238,0.8403361344537815
2024,70703,rural,17,hombre,4,229,1.7467248908296944
2024,70703,rural,17,mujer,7,231,3.0303030303030303
2024,70703,rural,18,hombre,14,221,6.334841628959276
2024,70703,rural,18,mujer,4,183,2.185792349726776
2024,70703,rural,19,hombre,13,189,6.878306878306878
2024,70703,rural,19,mujer,6,178,3.3707865168539324
2024,70703,rural,20,hombre,21,176,11.931818181818182
2024,70703,rural,20,mujer,13,189,6.878306878306878
2024,70703,rural,21,hombre,29,192,15.104166666666666
2024,70703,rural,21,mujer,6,203,2.955665024630542
2024,70703,rural,22,hombre,50,199,25.12562814070352
2024,70703,rural,22,mujer,18,170,10.588235294117647
2024,70703,rural,23,hombre,88,221,39.81900452488688
2024,70703,rural,23,mujer,22,191,11.518324607329843
2024,70703,rural,24,hombre,92,181,50.828729281767956
2024,70703,rural,24,mujer,35,212,16.50943396226415
2024,70703,rural,25,hombre,87,165,52.72727272727273
2024,70703,rural,25,mujer,27,184,14.673913043478262
2024,70703,rural,26,hombre,128,208,61.53846153846154
2024,70703,rural,26,mujer,39,208,18.75
2024,70703,rural,27,hombre,123,176,69.88636363636364
2024,70703,rural,27,mujer,17,163,10.429447852760736
2024,70703,rural,28,hombre,109,172,63.372093023255815
2024,70703,rural,28,mujer,37,175,21.142857142857142
2024,70703,urbana,16,hombre,3,101,2.9702970297029703
2024,70703,urbana,16,mujer,5,96,5.208333333333333
2024,70703,urbana,17,hombre,6,105,5.714285714285714
2024,70703,urbana,17,mujer,5,81,6.172839506172839
2024,70703,urbana,18,hombre,6,69,8.695652173913043
2024,70703,urbana,18,mujer,3,82,3.658536585365854
2024,70703,urbana,19,hombre,8,66,12.121212121212121
2024,70703,urbana,19,mujer,2,64,3.125
2024,70703,urbana,20,hombre,7,65,10.76923076923077
2024,70703,urbana,20,mujer,7,71,9.859154929577464
2024,70703,urbana,21,hombre,11,70,15.714285714285714
2024,70703,urbana,21,mujer,9,70,12.857142857142858
2024,70703,urbana,22,hombre,16,81,19.753086419753085
2024,70703,urbana,22,mujer,8,78,10.256410256410257
2024,70703,urbana,23,hombre,12,84,14.285714285714286
2024,70703,urbana,23,mujer,12,79,15.189873417721518
2024,70703,urbana,24,hombre,11,83,13.25301204819277
2024,70703,urbana,24,mujer,20,86,23.25581395348837
2024,70703,urbana,25,hombre,28,81,34.5679012345679
2024,70703,urbana,25,mujer,23,77,29.87012987012987
2024,70703,urbana,26,hombre,28,71,39.436619718309856
2024,70703,urbana,26,mujer,19,79,24.050632911392405
2024,70703,urbana,27,hombre,32,81,39.50617283950617
2024,70703,urbana,27,mujer,21,70,30.0
2024,70703,urbana,28,hombre,17,66,25.757575757575758
2024,70703,urbana,28,mujer,34,93,36.55913978494624
2024,70704,rural,16,hombre,1,18,5.555555555555555
2024,70704,rural,16,mujer,0,21,0.0
2024,70704,rural,17,hombre,0,10,0.0
2024,70704,rural,17,mujer,0,25,0.0
2024,70704,rural,18,hombre,3,20,15.0
2024,70704,rural,18,mujer,3,18,16.666666666666668
2024,70704,rural,19,hombre,1,16,6.25
2024,70704,rural,19,mujer,3,20,15.0
2024,70704,rural,20,hombre,7,16,43.75
2024,70704,rural,20,mujer,1,24,4.166666666666667
2024,70704,rural,21,hombre,6,20,30.0
2024,70704,rural,21,mujer,3,18,16.666666666666668
2024,70704,rural,22,hombre,7,19,36.8421052631579
2024,70704,rural,22,mujer,4,18,22.22222222222222
2024,70704,rural,23,hombre,9,27,33.333333333333336
2024,70704,rural,23,mujer,4,17,23.529411764705884
2024,70704,rural,24,hombre,7,20,35.0
2024,70704,rural,24,mujer,3,26,11.538461538461538
2024,70704,rural,25,hombre,7,20,35.0
2024,70704,rural,25,mujer,2,19,10.526315789473685
2024,70704,rural,26,hombre,14,31,45.16129032258065
2024,70704,rural,26,mujer,8,28,28.571428571428573
2024,70704,rural,27,hombre,16,34,47.05882352941177
2024,70704,rural,27,mujer,3,16,18.75
2024,70704,rural,28,hombre,6,18,33.333333333333336
2024,70704,rural,28,mujer,3,16,18.75
2024,70704,urbana,16,hombre,0,23,0.0
2024,70704,urbana,16,mujer,1,17,5.882352941176471
2024,70704,urbana,17,hombre,1,26,3.8461538461538463
2024,70704,urbana,17,mujer,0,25,0.0
2024,70704,urbana,18,hombre,1,14,7.142857142857143
2024,70704,urbana,18,mujer,0,27,0.0
2024,70704,urbana,19,hombre,2,26,7.6923076923076925
2024,70704,urbana,19,mujer,3,22,13.636363636363637
2024,70704,urbana,20,hombre,1,23,4.3478260869565215
2024,70704,urbana,20,mujer,4,20,20.0
2024,70704,urbana,21,hombre,0,19,0.0
2024,70704,urbana,21,mujer,1,20,5.0
2024,70704,urbana,22,hombre,2,14,14.285714285714286
2024,70704,urbana,22,mujer,2,21,9.523809523809524
2024,70704,urbana,23,hombre,1,25,4.0
2024,70704,urbana,23,mujer,2,17,11.764705882352942
2024,70704,urbana,24,hombre,3,31,9.67741935483871
2024,70704,urbana,24,mujer,6,26,23.076923076923077
2024,70704,urbana,25,hombre,2,19,10.526315789473685
2024,70704,urbana,25,mujer,3,22,13.636363636363637
2024,70704,urbana,26,hombre,7,27,25.925925925925927
2024,70704,urbana,26,mujer,1,14,7.142857142857143
2024,70704,urbana,27,hombre,5,20,25.0
2024,70704,urbana,27,mujer,2,20,10.0
2024,70704,urbana,28,hombre,3,29,10.344827586206897
2024,70704,urbana,28,mujer,7,23,30.434782608695652
2024,70705,rural,16,hombre,1,179,0.5586592178770949
2024,70705,rural,16,mujer,6,141,4.25531914893617
2024,70705,rural,17,hombre,4,148,2.7027027027027026
2024,70705,rural,17,mujer,6,162,3.7037037037037037
2024,70705,rural,18,hombre,3,106,2.830188679245283
2024,70705,rural,18,mujer,16,139,11.510791366906474
2024,70705,rural,19,hombre,11,107,10.280373831775702
2024,70705,rural,19,mujer,8,114,7.017543859649122
2024,70705,rural,20,hombre,18,144,12.5
2024,70705,rural,20,mujer,20,146,13.698630136986301
2024,70705,rural,21,hombre,21,113,18.58407079646018
2024,70705,rural,21,mujer,26,124,20.967741935483872
2024,70705,rural,22,hombre,31,132,23.484848484848484
2024,70705,rural,22,mujer,34,146,23.28767123287671
2024,70705,rural,23,hombre,45,153,29.41176470588235
2024,70705,rural,23,mujer,33,135,24.444444444444443
2024,70705,rural,24,hombre,46,135,34.074074074074076
2024,70705,rural,24,mujer,42,155,27.096774193548388
2024,70705,rural,25,hombre,53,137,38.68613138686131
2024,70705,rural,25,mujer,33,119,27.73109243697479
2024,70705,rural,26,hombre,44,118,37.28813559322034
2024,70705,rural,26,mujer,24,119,20.168067226890756
2024,70705,rural,27,hombre,52,131,39.69465648854962
2024,70705,rural,27,mujer,30,90,33.333333333333336
2024,70705,rural,28,hombre,63,125,50.4
2024,70705,rural,28,mujer,33,116,28.448275862068964
2024,70706,rural,16,hombre,0,39,0.0
2024,70706,rural,16,mujer,1,61,1.639344262295082
2024,70706,rural,17,hombre,3,63,4.761904761904762
2024,70706,rural,17,mujer,1,57,1.7543859649122806
2024,70706,rural,18,hombre,1,38,2.6315789473684212
2024,70706,rural,18,mujer,2,52,3.8461538461538463
2024,70706,rural,19,hombre,3,47,6.382978723404255
2024,70706,rural,19,mujer,3,46,6.521739130434782
2024,70706,rural,20,hombre,8,73,10.95890410958904
2024,70706,rural,20,mujer,9,50,18.0
2024,70706,rural,21,hombre,7,50,14.0
2024,70706,rural,21,mujer,18,77,23.376623376623378
2024,70706,rural,22,hombre,10,48,20.833333333333332
2024,70706,rural,22,mujer,9,51,17.647058823529413
2024,70706,rural,23,hombre,14,58,24.137931034482758
2024,70706,rural,23,mujer,14,61,22.950819672131146
2024,70706,rural,24,hombre,15,53,28.30188679245283
2024,70706,rural,24,mujer,13,77,16.883116883116884
2024,70706,rural,25,hombre,23,53,43.39622641509434
2024,70706,rural,25,mujer,16,57,28.07017543859649
2024,70706,rural,26,hombre,12,38,31.57894736842105
2024,70706,rural,26,mujer,16,50,32.0
2024,70706,rural,27,hombre,20,45,44.44444444444444
2024,70706,rural,27,mujer,8,37,21.62162162162162
2024,70706,rural,28,hombre,28,51,54.90196078431372
2024,70706,rural,28,mujer,10,48,20.833333333333332
2024,70706,urbana,16,hombre,4,216,1.8518518518518519
2024,70706,urbana,16,mujer,4,229,1.7467248908296944
2024,70706,urbana,17,hombre,8,216,3.7037037037037037
2024,70706,urbana,17,mujer,6,205,2.926829268292683
2024,70706,urbana,18,hombre,17,185,9.18918918918919
2024,70706,urbana,18,mujer,20,223,8.968609865470851
2024,70706,urbana,19,hombre,23,231,9.956709956709958
2024,70706,urbana,19,mujer,35,213,16.431924882629108
2024,70706,urbana,20,hombre,29,193,15.025906735751295
2024,70706,urbana,20,mujer,41,229,17.903930131004365
2024,70706,urbana,21,hombre,42,219,19.17808219178082
2024,70706,urbana,21,mujer,35,231,15.151515151515152
2024,70706,urbana,22,hombre,44,194,22.68041237113402
2024,70706,urbana,22,mujer,37,225,16.444444444444443
2024,70706,urbana,23,hombre,55,228,24.12280701754386
2024,70706,urbana,23,mujer,47,227,20.704845814977972
2024,70706,urbana,24,hombre,48,213,22.535211267605632
2024,70706,urbana,24,mujer,45,253,17.786561264822133
2024,70706,urbana,25,hombre,46,195,23.58974358974359
2024,70706,urbana,25,mujer,46,218,21.10091743119266
2024,70706,urbana,26,hombre,53,190,27.894736842105264
2024,70706,urbana,26,mujer,42,225,18.666666666666668
2024,70706,urbana,27,hombre,46,168,27.38095238095238
2024,70706,urbana,27,mujer,51,222,22.972972972972972
2024,70706,urbana,28,hombre,79,216,36.574074074074076
2024,70706,urbana,28,mujer,65,223,29.14798206278027
2024,70707,rural,16,hombre,0,10,0.0
2024,70707,rural,16,mujer,0,10,0.0
2024,70707,rural,17,hombre,0,11,0.0
2024,70707,rural,17,mujer,0,11,0.0
2024,70707,rural,18,hombre,2,20,10.0
2024,70707,rural,18,mujer,1,10,10.0
2024,70707,rural,19,hombre,1,13,7.6923076923076925
2024,70707,rural,19,mujer,2,8,25.0
2024,70707,rural,20,hombre,0,10,0.0
2024,70707,rural,20,mujer,1,17,5.882352941176471
2024,70707,rural,21,hombre,1,10,10.0
2024,70707,rural,21,mujer,1,10,10.0
2024,70707,rural,22,hombre,4,13,30.76923076923077
2024,70707,rural,22,mujer,1,19,5.2631578947368425
2024,70707,rural,23,hombre,6,15,40.0
2024,70707,rural,23,mujer,0,12,0.0
2024,70707,rural,24,hombre,16,25,64.0
2024,70707,rural,24,mujer,2,14,14.285714285714286
2024,70707,rural,25,hombre,12,21,57.142857142857146
2024,70707,rural,25,mujer,2,18,11.11111111111111
2024,70707,rural,26,hombre,14,25,56.0
2024,70707,rural,26,mujer,2,14,14.285714285714286
2024,70707,rural,27,hombre,16,23,69.56521739130434
2024,70707,rural,27,mujer,3,19,15.789473684210526
2024,70707,rural,28,hombre,13,20,65.0
2024,70707,rural,28,mujer,3,13,23.076923076923077
2024,70707,urbana,16,hombre,0,31,0.0
2024,70707,urbana,16,mujer,2,31,6.451612903225806
2024,70707,urbana,17,hombre,0,22,0.0
2024,70707,urbana,17,mujer,4,35,11.428571428571429
2024,70707,urbana,18,hombre,1,36,2.7777777777777777
2024,70707,urbana,18,mujer,3,29,10.344827586206897
2024,70707,urbana,19,hombre,2,33,6.0606060606060606
2024,70707,urbana,19,mujer,3,25,12.0
2024,70707,urbana,20,hombre,2,28,7.142857142857143
2024,70707,urbana,20,mujer,1,37,2.7027027027027026
2024,70707,urbana,21,hombre,3,22,13.636363636363637
2024,70707,urbana,21,mujer,4,26,15.384615384615385
2024,70707,urbana,22,hombre,7,37,18.91891891891892
2024,70707,urbana,22,mujer,4,19,21.05263157894737
2024,70707,urbana,23,hombre,2,27,7.407407407407407
2024,70707,urbana,23,mujer,3,29,10.344827586206897
2024,70707,urbana,24,hombre,4,21,19.047619047619047
2024,70707,urbana,24,mujer,7,28,25.0
2024,70707,urbana,25,hombre,2,31,6.451612903225806
2024,70707,urbana,25,mujer,4,27,14.814814814814815
2024,70707,urbana,26,hombre,8,30,26.666666666666668
2024,70707,urbana,26,mujer,10,32,31.25
2024,70707,urbana,27,hombre,11,26,42.30769230769231
2024,70707,urbana,27,mujer,7,36,19.444444444444443
2024,70707,urbana,28,hombre,9,26,34.61538461538461
2024,70707,urbana,28,mujer,10,24,41.666666666666664
2024,70801,rural,16,hombre,3,37,8.108108108108109
2024,70801,rural,16,mujer,0,28,0.0
2024,70801,rural,17,hombre,2,31,6.451612903225806
2024,70801,rural,17,mujer,2,29,6.896551724137931
2024,70801,rural,18,hombre,2,32,6.25
2024,70801,rural,18,mujer,5,21,23.80952380952381
2024,70801,rural,19,hombre,6,29,20.689655172413794
2024,70801,rural,19,mujer,3,21,14.285714285714286
2024,70801,rural,20,hombre,5,28,17.857142857142858
2024,70801,rural,20,mujer,2,23,8.695652173913043
2024,70801,rural,21,hombre,8,37,21.62162162162162
2024,70801,rural,21,mujer,2,26,7.6923076923076925
2024,70801,rural,22,hombre,8,35,22.857142857142858
2024,70801,rural,22,mujer,5,25,20.0
2024,70801,rural,23,hombre,14,41,34.146341463414636
2024,70801,rural,23,mujer,7,27,25.925925925925927
2024,70801,rural,24,hombre,14,39,35.8974358974359
2024,70801,rural,24,mujer,6,33,18.181818181818183
2024,70801,rural,25,hombre,13,40,32.5
2024,70801,rural,25,mujer,5,24,20.833333333333332
2024,70801,rural,26,hombre,16,48,33.333333333333336
2024,70801,rural,26,mujer,7,27,25.925925925925927
2024,70801,rural,27,hombre,14,36,38.888888888888886
2024,70801,rural,27,mujer,9,57,15.789473684210526
2024,70801,rural,28,hombre,30,46,65.21739130434783
2024,70801,rural,28,mujer,5,28,17.857142857142858
2024,70801,urbana,16,hombre,5,93,5.376344086021505
2024,70801,urbana,16,mujer,2,85,2.3529411764705883
2024,70801,urbana,17,hombre,6,83,7.228915662650603
2024,70801,urbana,17,mujer,7,68,10.294117647058824
2024,70801,urbana,18,hombre,18,88,20.454545454545453
2024,70801,urbana,18,mujer,21,87,24.137931034482758
2024,70801,urbana,19,hombre,16,73,21.91780821917808
2024,70801,urbana,19,mujer,15,64,23.4375
2024,70801,urbana,20,hombre,21,81,25.925925925925927
2024,70801,urbana,20,mujer,24,85,28.235294117647058
2024,70801,urbana,21,hombre,25,74,33.78378378378378
2024,70801,urbana,21,mujer,34,103,33.00970873786408
2024,70801,urbana,22,hombre,27,71,38.028169014084504
2024,70801,urbana,22,mujer,21,85,24.705882352941178
2024,70801,urbana,23,hombre,35,94,37.234042553191486
2024,70801,urbana,23,mujer,28,83,33.734939759036145
2024,70801,urbana,24,hombre,35,85,41.1764705882353
2024,70801,urbana,24,mujer,21,92,22.82608695652174
2024,70801,urbana,25,hombre,34,86,39.53488372093023
2024,70801,urbana,25,mujer,27,95,28.42105263157895
2024,70801,urbana,26,hombre,28,70,40.0
2024,70801,urbana,26,mujer,26,91,28.571428571428573
2024,70801,urbana,27,hombre,28,85,32.94117647058823
2024,70801,urbana,27,mujer,31,99,31.31313131313131
2024,70801,urbana,28,hombre,30,66,45.45454545454545
2024,70801,urbana,28,mujer,15,67,22.388059701492537
2024,70802,rural,16,hombre,0,14,0.0
2024,70802,rural,16,mujer,1,20,5.0
2024,70802,rural,17,hombre,0,12,0.0
2024,70802,rural,17,mujer,0,11,0.0
2024,70802,rural,18,hombre,1,11,9.090909090909092
2024,70802,rural,18,mujer,0,15,0.0
2024,70802,rural,19,hombre,4,20,20.0
2024,70802,rural,19,mujer,1,10,10.0
2024,70802,rural,20,hombre,4,11,36.36363636363637
2024,70802,rural,20,mujer,0,13,0.0
2024,70802,rural,21,hombre,1,11,9.090909090909092
2024,70802,rural,21,mujer,1,10,10.0
2024,70802,rural,22,hombre,5,15,33.333333333333336
2024,70802,rural,22,mujer,2,17,11.764705882352942
2024,70802,rural,23,hombre,7,17,41.1764705882353
2024,70802,rural,23,mujer,2,16,12.5
2024,70802,rural,24,hombre,7,11,63.63636363636363
2024,70802,rural,24,mujer,3,17,17.647058823529413
2024,70802,rural,25,hombre,8,13,61.53846153846154
2024,70802,rural,25,mujer,3,17,17.647058823529413
2024,70802,rural,26,hombre,5,18,27.77777777777778
2024,70802,rural,26,mujer,4,20,20.0
2024,70802,rural,27,hombre,12,23,52.17391304347826
2024,70802,rural,27,mujer,2,15,13.333333333333334
2024,70802,rural,28,hombre,8,11,72.72727272727273
2024,70802,rural,28,mujer,5,18,27.77777777777778
2024,70803,rural,16,hombre,3,19,15.789473684210526
2024,70803,rural,16,mujer,0,17,0.0
2024,70803,rural,17,hombre,1,23,4.3478260869565215
2024,70803,rural,17,mujer,0,23,0.0
2024,70803,rural,18,hombre,0,18,0.0
2024,70803,rural,18,mujer,1,21,4.761904761904762
2024,70803,rural,19,hombre,2,13,15.384615384615385
2024,70803,rural,19,mujer,1,10,10.0
2024,70803,rural,20,hombre,3,17,17.647058823529413
2024,70803,rural,20,mujer,1,17,5.882352941176471
2024,70803,rural,21,hombre,1,17,5.882352941176471
2024,70803,rural,21,mujer,2,14,14.285714285714286
2024,70803,rural,22,hombre,11,22,50.0
2024,70803,rural,22,mujer,4,18,22.22222222222222
2024,70803,rural,23,hombre,5,21,23.80952380952381
2024,70803,rural,23,mujer,4,33,12.121212121212121
2024,70803,rural,24,hombre,9,18,50.0
2024,70803,rural,24,mujer,3,16,18.75
2024,70803,rural,25,hombre,5,21,23.80952380952381
2024,70803,rural,25,mujer,3,20,15.0
2024,70803,rural,26,hombre,11,21,52.38095238095238
2024,70803,rural,26,mujer,3,20,15.0
2024,70803,rural,27,hombre,8,25,32.0
2024,70803,rural,27,mujer,10,28,35.714285714285715
2024,70803,rural,28,hombre,5,14,35.714285714285715
2024,70803,rural,28,mujer,5,13,38.46153846153846
2024,70804,rural,16,hombre,0,13,0.0
2024,70804,rural,16,mujer,0,8,0.0
2024,70804,rural,17,hombre,1,13,7.6923076923076925
2024,70804,rural,17,mujer,0,8,0.0
2024,70804,rural,18,hombre,0,14,0.0
2024,70804,rural,18,mujer,0,7,0.0
2024,70804,rural,19,hombre,0,4,0.0
2024,70804,rural,19,mujer,0,9,0.0
2024,70804,rural,20,hombre,1,18,5.555555555555555
2024,70804,rural,20,mujer,0,6,0.0
2024,70804,rural,21,hombre,1,7,14.285714285714286
2024,70804,rural,21,mujer,0,7,0.0
2024,70804,rural,22,hombre,2,14,14.285714285714286
2024,70804,rural,22,mujer,1,8,12.5
2024,70804,rural,23,hombre,3,10,30.0
2024,70804,rural,23,mujer,3,17,17.647058823529413
2024,70804,rural,24,hombre,2,12,16.666666666666668
2024,70804,rural,24,mujer,0,17,0.0
2024,70804,rural,25,hombre,6,18,33.333333333333336
2024,70804,rural,25,mujer,2,8,25.0
2024,70804,rural,26,hombre,2,10,20.0
2024,70804,rural,26,mujer,4,11,36.36363636363637
2024,70804,rural,27,hombre,2,12,16.666666666666668
2024,70804,rural,27,mujer,3,7,42.857142857142854
2024,70804,rural,28,hombre,4,13,30.76923076923077
2024,70804,rural,28,mujer,3,5,60.0
2024,70805,rural,16,hombre,0,12,0.0
2024,70805,rural,16,mujer,1,6,16.666666666666668
2024,70805,rural,17,hombre,0,16,0.0
2024,70805,rural,17,mujer,0,12,0.0
2024,70805,rural,18,hombre,1,12,8.333333333333334
2024,70805,rural,18,mujer,0,2,0.0
2024,70805,rural,19,hombre,0,11,0.0
2024,70805,rural,19,mujer,3,7,42.857142857142854
2024,70805,rural,20,hombre,4,13,30.76923076923077
2024,70805,rural,20,mujer,4,8,50.0
2024,70805,rural,21,hombre,2,10,20.0
2024,70805,rural,21,mujer,1,8,12.5
2024,70805,rural,22,hombre,3,16,18.75
2024,70805,rural,22,mujer,3,7,42.857142857142854
2024,70805,rural,23,hombre,4,18,22.22222222222222
2024,70805,rural,23,mujer,2,9,22.22222222222222
2024,70805,rural,24,hombre,3,19,15.789473684210526
2024,70805,rural,24,mujer,3,12,25.0
2024,70805,rural,25,hombre,5,19,26.31578947368421
2024,70805,rural,25,mujer,2,9,22.22222222222222
2024,70805,rural,26,hombre,3,10,30.0
2024,70805,rural,26,mujer,2,14,14.285714285714286
2024,70805,rural,27,hombre,7,14,50.0
2024,70805,rural,27,mujer,3,11,27.272727272727273
2024,70805,rural,28,hombre,9,15,60.0
2024,70805,rural,28,mujer,8,17,47.05882352941177
2024,70901,rural,16,hombre,0,52,0.0
2024,70901,rural,16,mujer,2,39,5.128205128205129
2024,70901,rural,17,hombre,1,68,1.4705882352941178
2024,70901,rural,17,mujer,1,53,1.8867924528301887
2024,70901,rural,18,hombre,2,40,5.0
2024,70901,rural,18,mujer,2,26,7.6923076923076925
2024,70901,rural,19,hombre,7,42,16.666666666666668
2024,70901,rural,19,mujer,2,37,5.405405405405405
2024,70901,rural,20,hombre,10,41,24.390243902439025
2024,70901,rural,20,mujer,5,36,13.88888888888889
2024,70901,rural,21,hombre,8,45,17.77777777777778
2024,70901,rural,21,mujer,2,33,6.0606060606060606
2024,70901,rural,22,hombre,9,45,20.0
2024,70901,rural,22,mujer,3,36,8.333333333333334
2024,70901,rural,23,hombre,16,44,36.36363636363637
2024,70901,rural,23,mujer,4,45,8.88888888888889
2024,70901,rural,24,hombre,13,44,29.545454545454547
2024,70901,rural,24,mujer,2,36,5.555555555555555
2024,70901,rural,25,hombre,13,40,32.5
2024,70901,rural,25,mujer,5,40,12.5
2024,70901,rural,26,hombre,28,50,56.0
2024,70901,rural,26,mujer,8,43,18.6046511627907
2024,70901,rural,27,hombre,27,46,58.69565217391305
2024,70901,rural,27,mujer,7,39,17.94871794871795
2024,70901,rural,28,hombre,20,40,50.0
2024,70901,rural,28,mujer,10,38,26.31578947368421
2024,70901,urbana,16,hombre,1,47,2.127659574468085
2024,70901,urbana,16,mujer,4,44,9.090909090909092
2024,70901,urbana,17,hombre,5,50,10.0
2024,70901,urbana,17,mujer,0,40,0.0
2024,70901,urbana,18,hombre,10,37,27.027027027027028
2024,70901,urbana,18,mujer,5,39,12.820512820512821
2024,70901,urbana,19,hombre,16,38,42.10526315789474
2024,70901,urbana,19,mujer,5,32,15.625
2024,70901,urbana,20,hombre,10,42,23.80952380952381
2024,70901,urbana,20,mujer,4,31,12.903225806451612
2024,70901,urbana,21,hombre,15,46,32.608695652173914
2024,70901,urbana,21,mujer,4,30,13.333333333333334
2024,70901,urbana,22,hombre,10,28,35.714285714285715
2024,70901,urbana,22,mujer,11,39,28.205128205128204
2024,70901,urbana,23,hombre,14,31,45.16129032258065
2024,70901,urbana,23,mujer,8,43,18.6046511627907
2024,70901,urbana,24,hombre,12,35,34.285714285714285
2024,70901,urbana,24,mujer,7,43,16.27906976744186
2024,70901,urbana,25,hombre,15,33,45.45454545454545
2024,70901,urbana,25,mujer,19,54,35.18518518518518
2024,70901,urbana,26,hombre,14,34,41.1764705882353
2024,70901,urbana,26,mujer,10,40,25.0
2024,70901,urbana,27,hombre,19,40,47.5
2024,70901,urbana,27,mujer,10,42,23.80952380952381
2024,70901,urbana,28,hombre,26,42,61.904761904761905
2024,70901,urbana,28,mujer,16,52,30.76923076923077
2024,70902,rural,16,hombre,2,42,4.761904761904762
2024,70902,rural,16,mujer,8,61,13.114754098360656
2024,70902,rural,17,hombre,8,54,14.814814814814815
2024,70902,rural,17,mujer,1,39,2.5641025641025643
2024,70902,rural,18,hombre,5,48,10.416666666666666
2024,70902,rural,18,mujer,2,38,5.2631578947368425
2024,70902,rural,19,hombre,6,31,19.35483870967742
2024,70902,rural,19,mujer,6,31,19.35483870967742
2024,70902,rural,20,hombre,7,44,15.909090909090908
2024,70902,rural,20,mujer,5,31,16.129032258064516
2024,70902,rural,21,hombre,4,33,12.121212121212121
2024,70902,rural,21,mujer,7,43,16.27906976744186
2024,70902,rural,22,hombre,15,40,37.5
2024,70902,rural,22,mujer,5,35,14.285714285714286
2024,70902,rural,23,hombre,20,50,40.0
2024,70902,rural,23,mujer,7,43,16.27906976744186
2024,70902,rural,24,hombre,20,53,37.735849056603776
2024,70902,rural,24,mujer,7,40,17.5
2024,70902,rural,25,hombre,19,45,42.22222222222222
2024,70902,rural,25,mujer,9,36,25.0
2024,70902,rural,26,hombre,21,43,48.83720930232558
2024,70902,rural,26,mujer,13,55,23.636363636363637
2024,70902,rural,27,hombre,23,45,51.111111111111114
2024,70902,rural,27,mujer,16,40,40.0
2024,70902,rural,28,hombre,22,37,59.45945945945946
2024,70902,rural,28,mujer,8,40,20.0
2024,70902,urbana,16,hombre,1,42,2.380952380952381
2024,70902,urbana,16,mujer,4,43,9.30232558139535
2024,70902,urbana,17,hombre,4,42,9.523809523809524
2024,70902,urbana,17,mujer,3,37,8.108108108108109
2024,70902,urbana,18,hombre,4,30,13.333333333333334
2024,70902,urbana,18,mujer,3,30,10.0
2024,70902,urbana,19,hombre,6,26,23.076923076923077
2024,70902,urbana,19,mujer,3,26,11.538461538461538
2024,70902,urbana,20,hombre,2,32,6.25
2024,70902,urbana,20,mujer,3,26,11.538461538461538
2024,70902,urbana,21,hombre,3,23,13.043478260869565
2024,70902,urbana,21,mujer,9,37,24.324324324324323
2024,70902,urbana,22,hombre,6,32,18.75
2024,70902,urbana,22,mujer,4,30,13.333333333333334
2024,70902,urbana,23,hombre,7,27,25.925925925925927
2024,70902,urbana,23,mujer,10,36,27.77777777777778
2024,70902,urbana,24,hombre,8,32,25.0
2024,70902,urbana,24,mujer,2,35,5.714285714285714
2024,70902,urbana,25,hombre,18,34,52.94117647058823
2024,70902,urbana,25,mujer,3,34,8.823529411764707
2024,70902,urbana,26,hombre,11,29,37.93103448275862
2024,70902,urbana,26,mujer,5,19,26.31578947368421
2024,70902,urbana,27,hombre,17,30,56.666666666666664
2024,70902,urbana,27,mujer,12,31,38.70967741935484
2024,70902,urbana,28,hombre,9,25,36.0
2024,70902,urbana,28,mujer,5,25,20.0
2024,70903,rural,16,hombre,5,35,14.285714285714286
2024,70903,rural,16,mujer,2,44,4.545454545454546
2024,70903,rural,17,hombre,9,65,13.846153846153847
2024,70903,rural,17,mujer,8,57,14.035087719298245
2024,70903,rural,18,hombre,7,34,20.58823529411765
2024,70903,rural,18,mujer,6,34,17.647058823529413
2024,70903,rural,19,hombre,16,33,48.484848484848484
2024,70903,rural,19,mujer,7,41,17.073170731707318
2024,70903,rural,20,hombre,13,39,33.333333333333336
2024,70903,rural,20,mujer,4,31,12.903225806451612
2024,70903,rural,21,hombre,19,38,50.0
2024,70903,rural,21,mujer,3,27,11.11111111111111
2024,70903,rural,22,hombre,20,41,48.78048780487805
2024,70903,rural,22,mujer,7,33,21.21212121212121
2024,70903,rural,23,hombre,16,36,44.44444444444444
2024,70903,rural,23,mujer,11,37,29.72972972972973
2024,70903,rural,24,hombre,24,39,61.53846153846154
2024,70903,rural,24,mujer,10,41,24.390243902439025
2024,70903,rural,25,hombre,30,47,63.829787234042556
2024,70903,rural,25,mujer,8,45,17.77777777777778
2024,70903,rural,26,hombre,40,60,66.66666666666667
2024,70903,rural,26,mujer,11,39,28.205128205128204
2024,70903,rural,27,hombre,23,45,51.111111111111114
2024,70903,rural,27,mujer,19,41,46.34146341463415
2024,70903,rural,28,hombre,34,47,72.34042553191489
2024,70903,rural,28,mujer,12,43,27.906976744186046
2024,70903,urbana,16,hombre,4,85,4.705882352941177
2024,70903,urbana,16,mujer,1,71,1.408450704225352
2024,70903,urbana,17,hombre,9,81,11.11111111111111
2024,70903,urbana,17,mujer,3,64,4.6875
2024,70903,urbana,18,hombre,8,59,13.559322033898304
2024,70903,urbana,18,mujer,7,70,10.0
2024,70903,urbana,19,hombre,16,57,28.07017543859649
2024,70903,urbana,19,mujer,13,60,21.666666666666668
2024,70903,urbana,20,hombre,12,58,20.689655172413794
2024,70903,urbana,20,mujer,12,58,20.689655172413794
2024,70903,urbana,21,hombre,26,66,39.39393939393939
2024,70903,urbana,21,mujer,10,64,15.625
2024,70903,urbana,22,hombre,19,59,32.20338983050848
2024,70903,urbana,22,mujer,10,59,16.949152542372882
2024,70903,urbana,23,hombre,34,78,43.58974358974359
2024,70903,urbana,23,mujer,16,68,23.529411764705884
2024,70903,urbana,24,hombre,31,69,44.927536231884055
2024,70903,urbana,24,mujer,15,72,20.833333333333332
2024,70903,urbana,25,hombre,31,69,44.927536231884055
2024,70903,urbana,25,mujer,20,62,32.25806451612903
2024,70903,urbana,26,hombre,31,66,46.96969696969697
2024,70903,urbana,26,mujer,19,61,31.147540983606557
2024,70903,urbana,27,hombre,30,68,44.11764705882353
2024,70903,urbana,27,mujer,20,84,23.80952380952381
2024,70903,urbana,28,hombre,33,57,57.89473684210526
2024,70903,urbana,28,mujer,14,63,22.22222222222222
2024,70904,rural,16,hombre,0,14,0.0
2024,70904,rural,16,mujer,0,21,0.0
2024,70904,rural,17,hombre,1,16,6.25
2024,70904,rural,17,mujer,0,14,0.0
2024,70904,rural,18,hombre,2,16,12.5
2024,70904,rural,18,mujer,2,15,13.333333333333334
2024,70904,rural,19,hombre,3,21,14.285714285714286
2024,70904,rural,19,mujer,1,21,4.761904761904762
2024,70904,rural,20,hombre,2,23,8.695652173913043
2024,70904,rural,20,mujer,0,17,0.0
2024,70904,rural,21,hombre,3,18,16.666666666666668
2024,70904,rural,21,mujer,0,12,0.0
2024,70904,rural,22,hombre,3,17,17.647058823529413
2024,70904,rural,22,mujer,0,16,0.0
2024,70904,rural,23,hombre,3,27,11.11111111111111
2024,70904,rural,23,mujer,1,21,4.761904761904762
2024,70904,rural,24,hombre,6,22,27.272727272727273
2024,70904,rural,24,mujer,4,35,11.428571428571429
2024,70904,rural,25,hombre,3,21,14.285714285714286
2024,70904,rural,25,mujer,4,28,14.285714285714286
2024,70904,rural,26,hombre,10,24,41.666666666666664
2024,70904,rural,26,mujer,3,22,13.636363636363637
2024,70904,rural,27,hombre,10,28,35.714285714285715
2024,70904,rural,27,mujer,3,24,12.5
2024,70904,rural,28,hombre,7,24,29.166666666666668
2024,70904,rural,28,mujer,8,31,25.806451612903224
2024,71001,rural,16,hombre,0,4,0.0
2024,71001,rural,16,mujer,0,3,0.0
2024,71001,rural,17,hombre,1,11,9.090909090909092
2024,71001,rural,17,mujer,0,7,0.0
2024,71001,rural,18,hombre,0,5,0.0
2024,71001,rural,18,mujer,0,6,0.0
2024,71001,rural,19,hombre,0,12,0.0
2024,71001,rural,19,mujer,0,9,0.0
2024,71001,rural,20,hombre,0,3,0.0
2024,71001,rural,20,mujer,1,6,16.666666666666668
2024,71001,rural,21,hombre,0,6,0.0
2024,71001,rural,21,mujer,1,3,33.333333333333336
2024,71001,rural,22,hombre,2,8,25.0
2024,71001,rural,22,mujer,0,7,0.0
2024,71001,rural,23,hombre,2,5,40.0
2024,71001,rural,23,mujer,2,5,40.0
2024,71001,rural,24,hombre,2,4,50.0
2024,71001,rural,24,mujer,1,8,12.5
2024,71001,rural,25,hombre,2,5,40.0
2024,71001,rural,25,mujer,0,5,0.0
2024,71001,rural,26,hombre,7,11,63.63636363636363
2024,71001,rural,26,mujer,1,3,33.333333333333336
2024,71001,rural,27,hombre,1,5,20.0
2024,71001,rural,27,mujer,3,8,37.5
2024,71001,rural,28,hombre,2,3,66.66666666666667
2024,71001,rural,28,mujer,1,6,16.666666666666668
2024,71001,urbana,16,hombre,37,1104,3.351449275362319
2024,71001,urbana,16,mujer,39,1115,3.497757847533632
2024,71001,urbana,17,hombre,33,1125,2.933333333333333
2024,71001,urbana,17,mujer,55,1154,4.766031195840554
2024,71001,urbana,18,hombre,80,1034,7.7369439071566735
2024,71001,urbana,18,mujer,93,1074,8.659217877094973
2024,71001,urbana,19,hombre,101,1006,10.03976143141153
2024,71001,urbana,19,mujer,103,1060,9.716981132075471
2024,71001,urbana,20,hombre,125,1021,12.242899118511264
2024,71001,urbana,20,mujer,133,1076,12.360594795539033
2024,71001,urbana,21,hombre,153,976,15.676229508196721
2024,71001,urbana,21,mujer,134,1116,12.007168458781361
2024,71001,urbana,22,hombre,185,1002,18.46307385229541
2024,71001,urbana,22,mujer,182,1164,15.63573883161512
2024,71001,urbana,23,hombre,247,1103,22.393472348141433
2024,71001,urbana,23,mujer,198,1102,17.96733212341198
2024,71001,urbana,24,hombre,282,1118,25.22361359570662
2024,71001,urbana,24,mujer,221,1163,19.002579535683576
2024,71001,urbana,25,hombre,323,1045,30.90909090909091
2024,71001,urbana,25,mujer,253,1158,21.848013816925732
2024,71001,urbana,26,hombre,325,1018,31.925343811394892
2024,71001,urbana,26,mujer,256,1169,21.899059024807528
2024,71001,urbana,27,hombre,397,1047,37.917860553963706
2024,71001,urbana,27,mujer,281,1147,24.498692240627726
2024,71001,urbana,28,hombre,443,1044,42.43295019157088
2024,71001,urbana,28,mujer,264,1128,23.404255319148938
2024,71002,rural,16,hombre,5,77,6.4935064935064934
2024,71002,rural,16,mujer,5,93,5.376344086021505
2024,71002,rural,17,hombre,2,97,2.0618556701030926
2024,71002,rural,17,mujer,2,91,2.197802197802198
2024,71002,rural,18,hombre,6,74,8.108108108108109
2024,71002,rural,18,mujer,3,64,4.6875
2024,71002,rural,19,hombre,7,78,8.974358974358974
2024,71002,rural,19,mujer,7,57,12.280701754385966
2024,71002,rural,20,hombre,8,86,9.30232558139535
2024,71002,rural,20,mujer,6,78,7.6923076923076925
2024,71002,rural,21,hombre,12,83,14.457831325301205
2024,71002,rural,21,mujer,8,72,11.11111111111111
2024,71002,rural,22,hombre,20,81,24.691358024691358
2024,71002,rural,22,mujer,9,68,13.235294117647058
2024,71002,rural,23,hombre,17,77,22.07792207792208
2024,71002,rural,23,mujer,10,84,11.904761904761905
2024,71002,rural,24,hombre,33,93,35.483870967741936
2024,71002,rural,24,mujer,15,86,17.441860465116278
2024,71002,rural,25,hombre,25,75,33.333333333333336
2024,71002,rural,25,mujer,22,80,27.5
2024,71002,rural,26,hombre,22,73,30.136986301369863
2024,71002,rural,26,mujer,15,77,19.48051948051948
2024,71002,rural,27,hombre,38,76,50.0
2024,71002,rural,27,mujer,18,73,24.65753424657534
2024,71002,rural,28,hombre,29,57,50.87719298245614
2024,71002,rural,28,mujer,14,74,18.91891891891892
2024,71002,urbana,16,hombre,0,70,0.0
2024,71002,urbana,16,mujer,4,76,5.2631578947368425
2024,71002,urbana,17,hombre,4,76,5.2631578947368425
2024,71002,urbana,17,mujer,3,89,3.3707865168539324
2024,71002,urbana,18,hombre,1,53,1.8867924528301887
2024,71002,urbana,18,mujer,3,62,4.838709677419355
2024,71002,urbana,19,hombre,0,58,0.0
2024,71002,urbana,19,mujer,6,64,9.375
2024,71002,urbana,20,hombre,6,62,9.67741935483871
2024,71002,urbana,20,mujer,8,63,12.698412698412698
2024,71002,urbana,21,hombre,6,47,12.76595744680851
2024,71002,urbana,21,mujer,8,67,11.940298507462687
2024,71002,urbana,22,hombre,15,78,19.23076923076923
2024,71002,urbana,22,mujer,19,91,20.87912087912088
2024,71002,urbana,23,hombre,19,78,24.358974358974358
2024,71002,urbana,23,mujer,9,76,11.842105263157896
2024,71002,urbana,24,hombre,21,84,25.0
2024,71002,urbana,24,mujer,8,68,11.764705882352942
2024,71002,urbana,25,hombre,26,77,33.76623376623377
2024,71002,urbana,25,mujer,14,74,18.91891891891892
2024,71002,urbana,26,hombre,24,72,33.333333333333336
2024,71002,urbana,26,mujer,13,71,18.309859154929576
2024,71002,urbana,27,hombre,21,71,29.577464788732396
2024,71002,urbana,27,mujer,23,92,25.0
2024,71002,urbana,28,hombre,32,66,48.484848484848484
2024,71002,urbana,28,mujer,23,75,30.666666666666668
2024,71003,rural,16,hombre,0,41,0.0
2024,71003,rural,16,mujer,3,54,5.555555555555555
2024,71003,rural,17,hombre,2,47,4.25531914893617
2024,71003,rural,17,mujer,2,52,3.8461538461538463
2024,71003,rural,18,hombre,4,41,9.75609756097561
2024,71003,rural,18,mujer,2,35,5.714285714285714
2024,71003,rural,19,hombre,5,43,11.627906976744185
2024,71003,rural,19,mujer,2,40,5.0
2024,71003,rural,20,hombre,6,38,15.789473684210526
2024,71003,rural,20,mujer,4,34,11.764705882352942
2024,71003,rural,21,hombre,8,38,21.05263157894737
2024,71003,rural,21,mujer,8,37,21.62162162162162
2024,71003,rural,22,hombre,8,35,22.857142857142858
2024,71003,rural,22,mujer,4,34,11.764705882352942
2024,71003,rural,23,hombre,5,21,23.80952380952381
2024,71003,rural,23,mujer,5,35,14.285714285714286
2024,71003,rural,24,hombre,16,38,42.10526315789474
2024,71003,rural,24,mujer,8,34,23.529411764705884
2024,71003,rural,25,hombre,17,31,54.83870967741935
2024,71003,rural,25,mujer,5,29,17.24137931034483
2024,71003,rural,26,hombre,17,35,48.57142857142857
2024,71003,rural,26,mujer,4,26,15.384615384615385
2024,71003,rural,27,hombre,23,38,60.526315789473685
2024,71003,rural,27,mujer,8,28,28.571428571428573
2024,71003,rural,28,hombre,17,36,47.22222222222222
2024,71003,rural,28,mujer,3,23,13.043478260869565
2024,71003,urbana,16,hombre,5,194,2.577319587628866
2024,71003,urbana,16,mujer,4,181,2.2099447513812156
2024,71003,urbana,17,hombre,8,215,3.7209302325581395
2024,71003,urbana,17,mujer,5,188,2.6595744680851063
2024,71003,urbana,18,hombre,12,172,6.976744186046512
2024,71003,urbana,18,mujer,8,147,5.442176870748299
2024,71003,urbana,19,hombre,16,160,10.0
2024,71003,urbana,19,mujer,13,145,8.96551724137931
2024,71003,urbana,20,hombre,25,156,16.025641025641026
2024,71003,urbana,20,mujer,12,168,7.142857142857143
2024,71003,urbana,21,hombre,28,139,20.14388489208633
2024,71003,urbana,21,mujer,9,152,5.921052631578948
2024,71003,urbana,22,hombre,28,152,18.42105263157895
2024,71003,urbana,22,mujer,17,139,12.23021582733813
2024,71003,urbana,23,hombre,35,158,22.151898734177216
2024,71003,urbana,23,mujer,24,152,15.789473684210526
2024,71003,urbana,24,hombre,45,161,27.950310559006212
2024,71003,urbana,24,mujer,27,174,15.517241379310345
2024,71003,urbana,25,hombre,43,148,29.054054054054053
2024,71003,urbana,25,mujer,39,161,24.22360248447205
2024,71003,urbana,26,hombre,60,156,38.46153846153846
2024,71003,urbana,26,mujer,34,166,20.481927710843372
2024,71003,urbana,27,hombre,59,146,40.41095890410959
2024,71003,urbana,27,mujer,46,157,29.29936305732484
2024,71003,urbana,28,hombre,60,138,43.47826086956522
2024,71003,urbana,28,mujer,39,180,21.666666666666668
2024,71004,rural,16,hombre,0,25,0.0
2024,71004,rural,16,mujer,2,11,18.181818181818183
2024,71004,rural,17,hombre,2,26,7.6923076923076925
2024,71004,rural,17,mujer,0,16,0.0
2024,71004,rural,18,hombre,1,12,8.333333333333334
2024,71004,rural,18,mujer,0,11,0.0
2024,71004,rural,19,hombre,3,30,10.0
2024,71004,rural,19,mujer,1,12,8.333333333333334
2024,71004,rural,20,hombre,1,12,8.333333333333334
2024,71004,rural,20,mujer,4,18,22.22222222222222
2024,71004,rural,21,hombre,5,21,23.80952380952381
2024,71004,rural,21,mujer,1,14,7.142857142857143
2024,71004,rural,22,hombre,7,20,35.0
2024,71004,rural,22,mujer,5,21,23.80952380952381
2024,71004,rural,23,hombre,4,21,19.047619047619047
2024,71004,rural,23,mujer,1,16,6.25
2024,71004,rural,24,hombre,5,18,27.77777777777778
2024,71004,rural,24,mujer,3,13,23.076923076923077
2024,71004,rural,25,hombre,7,23,30.434782608695652
2024,71004,rural,25,mujer,4,14,28.571428571428573
2024,71004,rural,26,hombre,7,15,46.666666666666664
2024,71004,rural,26,mujer,4,17,23.529411764705884
2024,71004,rural,27,hombre,8,12,66.66666666666667
2024,71004,rural,27,mujer,6,13,46.15384615384615
2024,71004,rural,28,hombre,7,26,26.923076923076923
2024,71004,rural,28,mujer,3,16,18.75
2024,71004,urbana,16,hombre,0,116,0.0
2024,71004,urbana,16,mujer,1,100,1.0
2024,71004,urbana,17,hombre,8,144,5.555555555555555
2024,71004,urbana,17,mujer,4,106,3.7735849056603774
2024,71004,urbana,18,hombre,5,110,4.545454545454546
2024,71004,urbana,18,mujer,5,102,4.901960784313726
2024,71004,urbana,19,hombre,9,88,10.227272727272727
2024,71004,urbana,19,mujer,13,108,12.037037037037036
2024,71004,urbana,20,hombre,11,95,11.578947368421053
2024,71004,urbana,20,mujer,8,82,9.75609756097561
2024,71004,urbana,21,hombre,7,84,8.333333333333334
2024,71004,urbana,21,mujer,9,83,10.843373493975903
2024,71004,urbana,22,hombre,14,97,14.43298969072165
2024,71004,urbana,22,mujer,12,101,11.881188118811881
2024,71004,urbana,23,hombre,17,87,19.54022988505747
2024,71004,urbana,23,mujer,16,86,18.6046511627907
2024,71004,urbana,24,hombre,18,112,16.071428571428573
2024,71004,urbana,24,mujer,21,96,21.875
2024,71004,urbana,25,hombre,35,100,35.0
2024,71004,urbana,25,mujer,18,81,22.22222222222222
2024,71004,urbana,26,hombre,27,78,34.61538461538461
2024,71004,urbana,26,mujer,20,106,18.867924528301888
2024,71004,urbana,27,hombre,36,88,40.90909090909091
2024,71004,urbana,27,mujer,26,95,27.36842105263158
2024,71004,urbana,28,hombre,33,87,37.93103448275862
2024,71004,urbana,28,mujer,30,125,24.0
2024,71005,rural,16,hombre,0,59,0.0
2024,71005,rural,16,mujer,2,41,4.878048780487805
2024,71005,rural,17,hombre,3,60,5.0
2024,71005,rural,17,mujer,1,45,2.2222222222222223
2024,71005,rural,18,hombre,6,49,12.244897959183673
2024,71005,rural,18,mujer,1,48,2.0833333333333335
2024,71005,rural,19,hombre,7,45,15.555555555555555
2024,71005,rural,19,mujer,5,47,10.638297872340425
2024,71005,rural,20,hombre,7,40,17.5
2024,71005,rural,20,mujer,7,44,15.909090909090908
2024,71005,rural,21,hombre,10,49,20.408163265306122
2024,71005,rural,21,mujer,5,45,11.11111111111111
2024,71005,rural,22,hombre,10,55,18.181818181818183
2024,71005,rural,22,mujer,15,53,28.30188679245283
2024,71005,rural,23,hombre,8,54,14.814814814814815
2024,71005,rural,23,mujer,9,39,23.076923076923077
2024,71005,rural,24,hombre,18,50,36.0
2024,71005,rural,24,mujer,8,50,16.0
2024,71005,rural,25,hombre,19,32,59.375
2024,71005,rural,25,mujer,5,36,13.88888888888889
2024,71005,rural,26,hombre,16,41,39.02439024390244
2024,71005,rural,26,mujer,17,44,38.63636363636363
2024,71005,rural,27,hombre,15,52,28.846153846153847
2024,71005,rural,27,mujer,11,39,28.205128205128204
2024,71005,rural,28,hombre,16,42,38.095238095238095
2024,71005,rural,28,mujer,13,35,37.142857142857146
2024,71005,urbana,16,hombre,10,105,9.523809523809524
2024,71005,urbana,16,mujer,8,87,9.195402298850574
2024,71005,urbana,17,hombre,6,90,6.666666666666667
2024,71005,urbana,17,mujer,10,81,12.345679012345679
2024,71005,urbana,18,hombre,5,66,7.575757575757576
2024,71005,urbana,18,mujer,7,87,8.045977011494253
2024,71005,urbana,19,hombre,16,72,22.22222222222222
2024,71005,urbana,19,mujer,5,67,7.462686567164179
2024,71005,urbana,20,hombre,12,78,15.384615384615385
2024,71005,urbana,20,mujer,11,81,13.580246913580247
2024,71005,urbana,21,hombre,17,94,18.085106382978722
2024,71005,urbana,21,mujer,16,76,21.05263157894737
2024,71005,urbana,22,hombre,18,74,24.324324324324323
2024,71005,urbana,22,mujer,17,82,20.73170731707317
2024,71005,urbana,23,hombre,13,70,18.571428571428573
2024,71005,urbana,23,mujer,18,80,22.5
2024,71005,urbana,24,hombre,27,99,27.272727272727273
2024,71005,urbana,24,mujer,19,77,24.675324675324674
2024,71005,urbana,25,hombre,19,65,29.23076923076923
2024,71005,urbana,25,mujer,22,78,28.205128205128204
2024,71005,urbana,26,hombre,32,82,39.02439024390244
2024,71005,urbana,26,mujer,18,66,27.272727272727273
2024,71005,urbana,27,hombre,25,72,34.72222222222222
2024,71005,urbana,27,mujer,14,67,20.895522388059703
2024,71005,urbana,28,hombre,32,75,42.666666666666664
2024,71005,urbana,28,mujer,18,68,26.470588235294116
2024,71101,rural,16,hombre,7,108,6.481481481481482
2024,71101,rural,16,mujer,6,119,5.042016806722689
2024,71101,rural,17,hombre,15,120,12.5
2024,71101,rural,17,mujer,16,108,14.814814814814815
2024,71101,rural,18,hombre,16,108,14.814814814814815
2024,71101,rural,18,mujer,12,82,14.634146341463415
2024,71101,rural,19,hombre,21,115,18.26086956521739
2024,71101,rural,19,mujer,19,105,18.095238095238095
2024,71101,rural,20,hombre,36,117,30.76923076923077
2024,71101,rural,20,mujer,18,87,20.689655172413794
2024,71101,rural,21,hombre,58,136,42.64705882352941
2024,71101,rural,21,mujer,28,102,27.45098039215686
2024,71101,rural,22,hombre,60,134,44.776119402985074
2024,71101,rural,22,mujer,21,104,20.192307692307693
2024,71101,rural,23,hombre,76,152,50.0
2024,71101,rural,23,mujer,21,99,21.21212121212121
2024,71101,rural,24,hombre,81,147,55.10204081632653
2024,71101,rural,24,mujer,42,135,31.11111111111111
2024,71101,rural,25,hombre,76,131,58.01526717557252
2024,71101,rural,25,mujer,29,122,23.770491803278688
2024,71101,rural,26,hombre,106,163,65.03067484662577
2024,71101,rural,26,mujer,40,123,32.520325203252035
2024,71101,rural,27,hombre,107,157,68.15286624203821
2024,71101,rural,27,mujer,31,124,25.0
2024,71101,rural,28,hombre,109,140,77.85714285714286
2024,71101,rural,28,mujer,38,117,32.47863247863248
2024,71101,urbana,16,hombre,9,153,5.882352941176471
2024,71101,urbana,16,mujer,11,162,6.790123456790123
2024,71101,urbana,17,hombre,14,146,9.58904109589041
2024,71101,urbana,17,mujer,9,164,5.487804878048781
2024,71101,urbana,18,hombre,16,102,15.686274509803921
2024,71101,urbana,18,mujer,13,121,10.743801652892563
2024,71101,urbana,19,hombre,25,130,19.23076923076923
2024,71101,urbana,19,mujer,16,125,12.8
2024,71101,urbana,20,hombre,28,107,26.16822429906542
2024,71101,urbana,20,mujer,23,131,17.557251908396946
2024,71101,urbana,21,hombre,31,132,23.484848484848484
2024,71101,urbana,21,mujer,22,134,16.417910447761194
2024,71101,urbana,22,hombre,41,133,30.827067669172934
2024,71101,urbana,22,mujer,24,131,18.3206106870229
2024,71101,urbana,23,hombre,55,141,39.00709219858156
2024,71101,urbana,23,mujer,31,168,18.452380952380953
2024,71101,urbana,24,hombre,59,161,36.64596273291925
2024,71101,urbana,24,mujer,29,158,18.354430379746834
2024,71101,urbana,25,hombre,54,124,43.54838709677419
2024,71101,urbana,25,mujer,49,143,34.26573426573427
2024,71101,urbana,26,hombre,56,122,45.90163934426229
2024,71101,urbana,26,mujer,30,124,24.193548387096776
2024,71101,urbana,27,hombre,61,126,48.41269841269841
2024,71101,urbana,27,mujer,39,140,27.857142857142858
2024,71101,urbana,28,hombre,68,121,56.19834710743802
2024,71101,urbana,28,mujer,48,131,36.6412213740458
2024,71102,rural,16,hombre,1,52,1.9230769230769231
2024,71102,rural,16,mujer,2,51,3.9215686274509802
2024,71102,rural,17,hombre,6,56,10.714285714285714
2024,71102,rural,17,mujer,5,58,8.620689655172415
2024,71102,rural,18,hombre,8,52,15.384615384615385
2024,71102,rural,18,mujer,2,46,4.3478260869565215
2024,71102,rural,19,hombre,13,47,27.659574468085108
2024,71102,rural,19,mujer,8,30,26.666666666666668
2024,71102,rural,20,hombre,9,43,20.930232558139537
2024,71102,rural,20,mujer,5,51,9.803921568627452
2024,71102,rural,21,hombre,14,48,29.166666666666668
2024,71102,rural,21,mujer,5,48,10.416666666666666
2024,71102,rural,22,hombre,22,58,37.93103448275862
2024,71102,rural,22,mujer,18,54,33.333333333333336
2024,71102,rural,23,hombre,16,51,31.372549019607842
2024,71102,rural,23,mujer,18,63,28.571428571428573
2024,71102,rural,24,hombre,36,71,50.70422535211268
2024,71102,rural,24,mujer,12,53,22.641509433962263
2024,71102,rural,25,hombre,27,59,45.76271186440678
2024,71102,rural,25,mujer,10,41,24.390243902439025
2024,71102,rural,26,hombre,25,65,38.46153846153846
2024,71102,rural,26,mujer,11,66,16.666666666666668
2024,71102,rural,27,hombre,27,44,61.36363636363637
2024,71102,rural,27,mujer,11,48,22.916666666666668
2024,71102,rural,28,hombre,39,62,62.903225806451616
2024,71102,rural,28,mujer,13,54,24.074074074074073
2024,71102,urbana,16,hombre,3,98,3.061224489795918
2024,71102,urbana,16,mujer,2,80,2.5
2024,71102,urbana,17,hombre,3,72,4.166666666666667
2024,71102,urbana,17,mujer,2,83,2.4096385542168677
2024,71102,urbana,18,hombre,6,62,9.67741935483871
2024,71102,urbana,18,mujer,7,68,10.294117647058824
2024,71102,urbana,19,hombre,6,46,13.043478260869565
2024,71102,urbana,19,mujer,9,63,14.285714285714286
2024,71102,urbana,20,hombre,6,55,10.909090909090908
2024,71102,urbana,20,mujer,11,57,19.29824561403509
2024,71102,urbana,21,hombre,6,61,9.836065573770492
2024,71102,urbana,21,mujer,13,59,22.033898305084747
2024,71102,urbana,22,hombre,18,60,30.0
2024,71102,urbana,22,mujer,14,75,18.666666666666668
2024,71102,urbana,23,hombre,16,59,27.11864406779661
2024,71102,urbana,23,mujer,12,64,18.75
2024,71102,urbana,24,hombre,23,64,35.9375
2024,71102,urbana,24,mujer,25,79,31.645569620253166
2024,71102,urbana,25,hombre,16,45,35.55555555555556
2024,71102,urbana,25,mujer,14,61,22.950819672131146
2024,71102,urbana,26,hombre,15,44,34.09090909090909
2024,71102,urbana,26,mujer,15,64,23.4375
2024,71102,urbana,27,hombre,30,61,49.18032786885246
2024,71102,urbana,27,mujer,15,66,22.727272727272727
2024,71102,urbana,28,hombre,23,45,51.111111111111114
2024,71102,urbana,28,mujer,16,68,23.529411764705884
2024,71103,rural,16,hombre,12,177,6.779661016949152
2024,71103,rural,16,mujer,13,175,7.428571428571429
2024,71103,rural,17,hombre,12,163,7.361963190184049
2024,71103,rural,17,mujer,23,186,12.365591397849462
2024,71103,rural,18,hombre,26,136,19.11764705882353
2024,71103,rural,18,mujer,34,166,20.481927710843372
2024,71103,rural,19,hombre,27,134,20.149253731343283
2024,71103,rural,19,mujer,30,138,21.73913043478261
2024,71103,rural,20,hombre,39,158,24.68354430379747
2024,71103,rural,20,mujer,26,149,17.449664429530202
2024,71103,rural,21,hombre,48,146,32.87671232876713
2024,71103,rural,21,mujer,55,164,33.53658536585366
2024,71103,rural,22,hombre,65,148,43.91891891891892
2024,71103,rural,22,mujer,44,156,28.205128205128204
2024,71103,rural,23,hombre,76,174,43.67816091954023
2024,71103,rural,23,mujer,48,156,30.76923076923077
2024,71103,rural,24,hombre,87,177,49.152542372881356
2024,71103,rural,24,mujer,67,190,35.26315789473684
2024,71103,rural,25,hombre,74,144,51.388888888888886
2024,71103,rural,25,mujer,59,168,35.11904761904762
2024,71103,rural,26,hombre,89,175,50.857142857142854
2024,71103,rural,26,mujer,53,150,35.333333333333336
2024,71103,rural,27,hombre,86,151,56.95364238410596
2024,71103,rural,27,mujer,59,165,35.75757575757576
2024,71103,rural,28,hombre,77,135,57.03703703703704
2024,71103,rural,28,mujer,62,144,43.05555555555556
2024,71103,urbana,16,hombre,28,293,9.556313993174061
2024,71103,urbana,16,mujer,37,288,12.847222222222221
2024,71103,urbana,17,hombre,29,235,12.340425531914894
2024,71103,urbana,17,mujer,42,249,16.867469879518072
2024,71103,urbana,18,hombre,44,187,23.529411764705884
2024,71103,urbana,18,mujer,49,239,20.502092050209207
2024,71103,urbana,19,hombre,37,175,21.142857142857142
2024,71103,urbana,19,mujer,62,229,27.074235807860262
2024,71103,urbana,20,hombre,46,160,28.75
2024,71103,urbana,20,mujer,65,229,28.38427947598253
2024,71103,urbana,21,hombre,54,177,30.508474576271187
2024,71103,urbana,21,mujer,76,224,33.92857142857143
2024,71103,urbana,22,hombre,69,194,35.56701030927835
2024,71103,urbana,22,mujer,76,236,32.20338983050848
2024,71103,urbana,23,hombre,94,223,42.152466367713004
2024,71103,urbana,23,mujer,84,246,34.146341463414636
2024,71103,urbana,24,hombre,99,233,42.48927038626609
2024,71103,urbana,24,mujer,112,265,42.264150943396224
2024,71103,urbana,25,hombre,83,189,43.91534391534392
2024,71103,urbana,25,mujer,103,237,43.459915611814345
2024,71103,urbana,26,hombre,88,173,50.86705202312139
2024,71103,urbana,26,mujer,91,224,40.625
2024,71103,urbana,27,hombre,108,192,56.25
2024,71103,urbana,27,mujer,125,284,44.014084507042256
2024,71103,urbana,28,hombre,113,186,60.75268817204301
2024,71103,urbana,28,mujer,118,259,45.55984555984556
2024,71104,rural,16,hombre,0,64,0.0
2024,71104,rural,16,mujer,1,66,1.5151515151515151
2024,71104,rural,17,hombre,1,66,1.5151515151515151
2024,71104,rural,17,mujer,1,77,1.2987012987012987
2024,71104,rural,18,hombre,2,42,4.761904761904762
2024,71104,rural,18,mujer,0,56,0.0
2024,71104,rural,19,hombre,3,50,6.0
2024,71104,rural,19,mujer,2,52,3.8461538461538463
2024,71104,rural,20,hombre,3,44,6.818181818181818
2024,71104,rural,20,mujer,3,39,7.6923076923076925
2024,71104,rural,21,hombre,8,50,16.0
2024,71104,rural,21,mujer,2,32,6.25
2024,71104,rural,22,hombre,7,42,16.666666666666668
2024,71104,rural,22,mujer,2,54,3.7037037037037037
2024,71104,rural,23,hombre,5,34,14.705882352941176
2024,71104,rural,23,mujer,7,53,13.20754716981132
2024,71104,rural,24,hombre,10,42,23.80952380952381
2024,71104,rural,24,mujer,3,56,5.357142857142857
2024,71104,rural,25,hombre,20,59,33.898305084745765
2024,71104,rural,25,mujer,4,55,7.2727272727272725
2024,71104,rural,26,hombre,17,49,34.69387755102041
2024,71104,rural,26,mujer,5,46,10.869565217391305
2024,71104,rural,27,hombre,17,43,39.53488372093023
2024,71104,rural,27,mujer,4,54,7.407407407407407
2024,71104,rural,28,hombre,22,50,44.0
2024,71104,rural,28,mujer,4,32,12.5
2024,71105,rural,16,hombre,1,7,14.285714285714286
2024,71105,rural,16,mujer,1,8,12.5
2024,71105,rural,17,hombre,0,6,0.0
2024,71105,rural,17,mujer,1,10,10.0
2024,71105,rural,18,hombre,2,5,40.0
2024,71105,rural,18,mujer,0,3,0.0
2024,71105,rural,19,hombre,1,4,25.0
2024,71105,rural,19,mujer,1,4,25.0
2024,71105,rural,20,hombre,1,3,33.333333333333336
2024,71105,rural,20,mujer,0,4,0.0
2024,71105,rural,21,hombre,2,4,50.0
2024,71105,rural,21,mujer,1,5,20.0
2024,71105,rural,22,hombre,3,8,37.5
2024,71105,rural,22,mujer,1,5,20.0
2024,71105,rural,23,hombre,4,5,80.0
2024,71105,rural,23,mujer,2,6,33.333333333333336
2024,71105,rural,24,hombre,5,10,50.0
2024,71105,rural,24,mujer,0,12,0.0
2024,71105,rural,25,hombre,12,14,85.71428571428571
2024,71105,rural,25,mujer,3,9,33.333333333333336
2024,71105,rural,26,hombre,6,8,75.0
2024,71105,rural,26,mujer,1,4,25.0
2024,71105,rural,27,hombre,9,11,81.81818181818181
2024,71105,rural,27,mujer,3,9,33.333333333333336
2024,71105,rural,28,hombre,5,7,71.42857142857143
2024,71105,rural,28,mujer,1,9,11.11111111111111
2024,71105,urbana,16,hombre,1,79,1.2658227848101267
2024,71105,urbana,16,mujer,3,62,4.838709677419355
2024,71105,urbana,17,hombre,4,79,5.063291139240507
2024,71105,urbana,17,mujer,1,70,1.4285714285714286
2024,71105,urbana,18,hombre,4,50,8.0
2024,71105,urbana,18,mujer,4,72,5.555555555555555
2024,71105,urbana,19,hombre,3,49,6.122448979591836
2024,71105,urbana,19,mujer,7,66,10.606060606060606
2024,71105,urbana,20,hombre,9,38,23.68421052631579
2024,71105,urbana,20,mujer,3,54,5.555555555555555
2024,71105,urbana,21,hombre,7,44,15.909090909090908
2024,71105,urbana,21,mujer,12,71,16.901408450704224
2024,71105,urbana,22,hombre,11,49,22.448979591836736
2024,71105,urbana,22,mujer,6,58,10.344827586206897
2024,71105,urbana,23,hombre,17,78,21.794871794871796
2024,71105,urbana,23,mujer,15,69,21.73913043478261
2024,71105,urbana,24,hombre,17,63,26.984126984126984
2024,71105,urbana,24,mujer,13,64,20.3125
2024,71105,urbana,25,hombre,19,64,29.6875
2024,71105,urbana,25,mujer,13,62,20.967741935483872
2024,71105,urbana,26,hombre,21,63,33.333333333333336
2024,71105,urbana,26,mujer,19,73,26.027397260273972
2024,71105,urbana,27,hombre,18,50,36.0
2024,71105,urbana,27,mujer,26,67,38.80597014925373
2024,71105,urbana,28,hombre,24,60,40.0
2024,71105,urbana,28,mujer,20,62,32.25806451612903
2024,71106,rural,16,hombre,11,127,8.661417322834646
2024,71106,rural,16,mujer,5,132,3.787878787878788
2024,71106,rural,17,hombre,5,114,4.385964912280702
2024,71106,rural,17,mujer,8,143,5.594405594405594
2024,71106,rural,18,hombre,9,127,7.086614173228346
2024,71106,rural,18,mujer,11,123,8.94308943089431
2024,71106,rural,19,hombre,9,104,8.653846153846153
2024,71106,rural,19,mujer,7,117,5.982905982905983
2024,71106,rural,20,hombre,27,110,24.545454545454547
2024,71106,rural,20,mujer,9,121,7.43801652892562
2024,71106,rural,21,hombre,30,116,25.862068965517242
2024,71106,rural,21,mujer,13,119,10.92436974789916
2024,71106,rural,22,hombre,47,121,38.84297520661157
2024,71106,rural,22,mujer,8,102,7.8431372549019605
2024,71106,rural,23,hombre,51,118,43.220338983050844
2024,71106,rural,23,mujer,11,119,9.243697478991596
2024,71106,rural,24,hombre,71,133,53.38345864661654
2024,71106,rural,24,mujer,15,121,12.396694214876034
2024,71106,rural,25,hombre,70,124,56.45161290322581
2024,71106,rural,25,mujer,19,119,15.966386554621849
2024,71106,rural,26,hombre,77,122,63.114754098360656
2024,71106,rural,26,mujer,26,135,19.25925925925926
2024,71106,rural,27,hombre,81,121,66.94214876033058
2024,71106,rural,27,mujer,17,105,16.19047619047619
2024,71106,rural,28,hombre,69,109,63.30275229357798
2024,71106,rural,28,mujer,16,104,15.384615384615385
2024,71106,urbana,16,hombre,11,110,10.0
2024,71106,urbana,16,mujer,5,101,4.9504950495049505
2024,71106,urbana,17,hombre,9,102,8.823529411764707
2024,71106,urbana,17,mujer,8,111,7.207207207207207
2024,71106,urbana,18,hombre,10,97,10.309278350515465
2024,71106,urbana,18,mujer,10,100,10.0
2024,71106,urbana,19,hombre,13,81,16.049382716049383
2024,71106,urbana,19,mujer,9,82,10.975609756097562
2024,71106,urbana,20,hombre,24,94,25.53191489361702
2024,71106,urbana,20,mujer,19,94,20.21276595744681
2024,71106,urbana,21,hombre,22,87,25.28735632183908
2024,71106,urbana,21,mujer,9,81,11.11111111111111
2024,71106,urbana,22,hombre,22,110,20.0
2024,71106,urbana,22,mujer,29,114,25.43859649122807
2024,71106,urbana,23,hombre,21,97,21.649484536082475
2024,71106,urbana,23,mujer,24,99,24.242424242424242
2024,71106,urbana,24,hombre,35,91,38.46153846153846
2024,71106,urbana,24,mujer,27,114,23.68421052631579
2024,71106,urbana,25,hombre,44,100,44.0
2024,71106,urbana,25,mujer,36,122,29.508196721311474
2024,71106,urbana,26,hombre,37,89,41.57303370786517
2024,71106,urbana,26,mujer,40,116,34.48275862068966
2024,71106,urbana,27,hombre,55,90,61.111111111111114
2024,71106,urbana,27,mujer,49,123,39.83739837398374
2024,71106,urbana,28,hombre,66,103,64.07766990291262
2024,71106,urbana,28,mujer,39,116,33.62068965517241
2024,71201,rural,16,hombre,1,60,1.6666666666666667
2024,71201,rural,16,mujer,1,71,1.408450704225352
2024,71201,rural,17,hombre,5,75,6.666666666666667
2024,71201,rural,17,mujer,2,57,3.508771929824561
2024,71201,rural,18,hombre,4,36,11.11111111111111
2024,71201,rural,18,mujer,4,42,9.523809523809524
2024,71201,rural,19,hombre,5,52,9.615384615384615
2024,71201,rural,19,mujer,3,45,6.666666666666667
2024,71201,rural,20,hombre,11,50,22.0
2024,71201,rural,20,mujer,11,47,23.404255319148938
2024,71201,rural,21,hombre,16,53,30.18867924528302
2024,71201,rural,21,mujer,7,47,14.893617021276595
2024,71201,rural,22,hombre,30,67,44.776119402985074
2024,71201,rural,22,mujer,9,54,16.666666666666668
2024,71201,rural,23,hombre,17,61,27.868852459016395
2024,71201,rural,23,mujer,11,52,21.153846153846153
2024,71201,rural,24,hombre,11,55,20.0
2024,71201,rural,24,mujer,22,71,30.985915492957748
2024,71201,rural,25,hombre,18,55,32.72727272727273
2024,71201,rural,25,mujer,12,54,22.22222222222222
2024,71201,rural,26,hombre,32,51,62.745098039215684
2024,71201,rural,26,mujer,20,63,31.746031746031747
2024,71201,rural,27,hombre,33,62,53.225806451612904
2024,71201,rural,27,mujer,16,59,27.11864406779661
2024,71201,rural,28,hombre,31,59,52.54237288135593
2024,71201,rural,28,mujer,10,45,22.22222222222222
2024,71201,urbana,16,hombre,2,60,3.3333333333333335
2024,71201,urbana,16,mujer,0,74,0.0
2024,71201,urbana,17,hombre,1,57,1.7543859649122806
2024,71201,urbana,17,mujer,1,63,1.5873015873015872
2024,71201,urbana,18,hombre,4,46,8.695652173913043
2024,71201,urbana,18,mujer,1,45,2.2222222222222223
2024,71201,urbana,19,hombre,4,43,9.30232558139535
2024,71201,urbana,19,mujer,3,43,6.976744186046512
2024,71201,urbana,20,hombre,2,41,4.878048780487805
2024,71201,urbana,20,mujer,2,51,3.9215686274509802
2024,71201,urbana,21,hombre,4,47,8.51063829787234
2024,71201,urbana,21,mujer,6,42,14.285714285714286
2024,71201,urbana,22,hombre,11,51,21.568627450980394
2024,71201,urbana,22,mujer,5,66,7.575757575757576
2024,71201,urbana,23,hombre,11,45,24.444444444444443
2024,71201,urbana,23,mujer,10,67,14.925373134328359
2024,71201,urbana,24,hombre,11,50,22.0
2024,71201,urbana,24,mujer,12,64,18.75
2024,71201,urbana,25,hombre,15,49,30.612244897959183
2024,71201,urbana,25,mujer,13,58,22.413793103448278
2024,71201,urbana,26,hombre,18,54,33.333333333333336
2024,71201,urbana,26,mujer,6,55,10.909090909090908
2024,71201,urbana,27,hombre,30,61,49.18032786885246
2024,71201,urbana,27,mujer,20,68,29.41176470588235
2024,71201,urbana,28,hombre,27,60,45.0
2024,71201,urbana,28,mujer,13,54,24.074074074074073
2024,71301,rural,16,hombre,5,106,4.716981132075472
2024,71301,rural,16,mujer,5,76,6.578947368421052
2024,71301,rural,17,hombre,4,114,3.508771929824561
2024,71301,rural,17,mujer,7,84,8.333333333333334
2024,71301,rural,18,hombre,17,94,18.085106382978722
2024,71301,rural,18,mujer,8,71,11.267605633802816
2024,71301,rural,19,hombre,7,80,8.75
2024,71301,rural,19,mujer,14,69,20.28985507246377
2024,71301,rural,20,hombre,14,92,15.217391304347826
2024,71301,rural,20,mujer,9,75,12.0
2024,71301,rural,21,hombre,14,77,18.181818181818183
2024,71301,rural,21,mujer,12,80,15.0
2024,71301,rural,22,hombre,29,72,40.27777777777778
2024,71301,rural,22,mujer,16,95,16.842105263157894
2024,71301,rural,23,hombre,29,86,33.72093023255814
2024,71301,rural,23,mujer,18,79,22.78481012658228
2024,71301,rural,24,hombre,38,90,42.22222222222222
2024,71301,rural,24,mujer,20,77,25.974025974025974
2024,71301,rural,25,hombre,36,90,40.0
2024,71301,rural,25,mujer,16,73,21.91780821917808
2024,71301,rural,26,hombre,30,70,42.857142857142854
2024,71301,rural,26,mujer,12,72,16.666666666666668
2024,71301,rural,27,hombre,47,76,61.8421052631579
2024,71301,rural,27,mujer,27,100,27.0
2024,71301,rural,28,hombre,52,79,65.82278481012658
2024,71301,rural,28,mujer,24,81,29.62962962962963
2024,71301,urbana,16,hombre,4,61,6.557377049180328
2024,71301,urbana,16,mujer,3,68,4.411764705882353
2024,71301,urbana,17,hombre,3,64,4.6875
2024,71301,urbana,17,mujer,14,74,18.91891891891892
2024,71301,urbana,18,hombre,8,55,14.545454545454545
2024,71301,urbana,18,mujer,6,43,13.953488372093023
2024,71301,urbana,19,hombre,14,47,29.78723404255319
2024,71301,urbana,19,mujer,15,42,35.714285714285715
2024,71301,urbana,20,hombre,15,49,30.612244897959183
2024,71301,urbana,20,mujer,5,40,12.5
2024,71301,urbana,21,hombre,19,48,39.583333333333336
2024,71301,urbana,21,mujer,8,42,19.047619047619047
2024,71301,urbana,22,hombre,12,51,23.529411764705884
2024,71301,urbana,22,mujer,12,38,31.57894736842105
2024,71301,urbana,23,hombre,20,51,39.21568627450981
2024,71301,urbana,23,mujer,16,54,29.62962962962963
2024,71301,urbana,24,hombre,18,48,37.5
2024,71301,urbana,24,mujer,20,52,38.46153846153846
2024,71301,urbana,25,hombre,30,56,53.57142857142857
2024,71301,urbana,25,mujer,12,54,22.22222222222222
2024,71301,urbana,26,hombre,22,43,51.16279069767442
2024,71301,urbana,26,mujer,16,53,30.18867924528302
2024,71301,urbana,27,hombre,27,63,42.857142857142854
2024,71301,urbana,27,mujer,20,56,35.714285714285715
2024,71301,urbana,28,hombre,21,49,42.857142857142854
2024,71301,urbana,28,mujer,17,45,37.77777777777778
2024,71302,rural,16,hombre,2,15,13.333333333333334
2024,71302,rural,16,mujer,0,23,0.0
2024,71302,rural,17,hombre,1,21,4.761904761904762
2024,71302,rural,17,mujer,2,13,15.384615384615385
2024,71302,rural,18,hombre,2,20,10.0
2024,71302,rural,18,mujer,1,20,5.0
2024,71302,rural,19,hombre,4,26,15.384615384615385
2024,71302,rural,19,mujer,3,19,15.789473684210526
2024,71302,rural,20,hombre,3,7,42.857142857142854
2024,71302,rural,20,mujer,2,14,14.285714285714286
2024,71302,rural,21,hombre,9,23,39.130434782608695
2024,71302,rural,21,mujer,1,11,9.090909090909092
2024,71302,rural,22,hombre,6,12,50.0
2024,71302,rural,22,mujer,0,9,0.0
2024,71302,rural,23,hombre,12,20,60.0
2024,71302,rural,23,mujer,5,25,20.0
2024,71302,rural,24,hombre,6,11,54.54545454545455
2024,71302,rural,24,mujer,0,17,0.0
2024,71302,rural,25,hombre,11,20,55.0
2024,71302,rural,25,mujer,3,18,16.666666666666668
2024,71302,rural,26,hombre,11,16,68.75
2024,71302,rural,26,mujer,3,14,21.428571428571427
2024,71302,rural,27,hombre,6,12,50.0
2024,71302,rural,27,mujer,3,19,15.789473684210526
2024,71302,rural,28,hombre,12,17,70.58823529411765
2024,71302,rural,28,mujer,6,17,35.294117647058826
2024,71302,urbana,16,hombre,1,39,2.5641025641025643
2024,71302,urbana,16,mujer,1,35,2.857142857142857
2024,71302,urbana,17,hombre,4,39,10.256410256410257
2024,71302,urbana,17,mujer,3,39,7.6923076923076925
2024,71302,urbana,18,hombre,3,39,7.6923076923076925
2024,71302,urbana,18,mujer,6,27,22.22222222222222
2024,71302,urbana,19,hombre,6,38,15.789473684210526
2024,71302,urbana,19,mujer,7,22,31.818181818181817
2024,71302,urbana,20,hombre,7,38,18.42105263157895
2024,71302,urbana,20,mujer,4,27,14.814814814814815
2024,71302,urbana,21,hombre,8,27,29.62962962962963
2024,71302,urbana,21,mujer,4,21,19.047619047619047
2024,71302,urbana,22,hombre,7,32,21.875
2024,71302,urbana,22,mujer,2,19,10.526315789473685
2024,71302,urbana,23,hombre,18,39,46.15384615384615
2024,71302,urbana,23,mujer,9,29,31.03448275862069
2024,71302,urbana,24,hombre,10,31,32.25806451612903
2024,71302,urbana,24,mujer,8,27,29.62962962962963
2024,71302,urbana,25,hombre,8,23,34.78260869565217
2024,71302,urbana,25,mujer,10,28,35.714285714285715
2024,71302,urbana,26,hombre,14,29,48.275862068965516
2024,71302,urbana,26,mujer,5,24,20.833333333333332
2024,71302,urbana,27,hombre,11,21,52.38095238095238
2024,71302,urbana,27,mujer,7,21,33.333333333333336
2024,71302,urbana,28,hombre,21,32,65.625
2024,71302,urbana,28,mujer,9,36,25.0
2024,71401,rural,16,hombre,1,39,2.5641025641025643
2024,71401,rural,16,mujer,0,36,0.0
2024,71401,rural,17,hombre,1,30,3.3333333333333335
2024,71401,rural,17,mujer,2,37,5.405405405405405
2024,71401,rural,18,hombre,1,40,2.5
2024,71401,rural,18,mujer,2,39,5.128205128205129
2024,71401,rural,19,hombre,3,37,8.108108108108109
2024,71401,rural,19,mujer,2,31,6.451612903225806
2024,71401,rural,20,hombre,4,39,10.256410256410257
2024,71401,rural,20,mujer,3,39,7.6923076923076925
2024,71401,rural,21,hombre,4,45,8.88888888888889
2024,71401,rural,21,mujer,1,25,4.0
2024,71401,rural,22,hombre,6,27,22.22222222222222
2024,71401,rural,22,mujer,6,40,15.0
2024,71401,rural,23,hombre,7,37,18.91891891891892
2024,71401,rural,23,mujer,4,40,10.0
2024,71401,rural,24,hombre,17,44,38.63636363636363
2024,71401,rural,24,mujer,9,40,22.5
2024,71401,rural,25,hombre,20,47,42.5531914893617
2024,71401,rural,25,mujer,14,40,35.0
2024,71401,rural,26,hombre,19,51,37.254901960784316
2024,71401,rural,26,mujer,11,41,26.829268292682926
2024,71401,rural,27,hombre,13,33,39.39393939393939
2024,71401,rural,27,mujer,14,53,26.41509433962264
2024,71401,rural,28,hombre,13,36,36.111111111111114
2024,71401,rural,28,mujer,12,37,32.432432432432435
2024,71401,urbana,16,hombre,3,105,2.857142857142857
2024,71401,urbana,16,mujer,2,112,1.7857142857142858
2024,71401,urbana,17,hombre,3,83,3.6144578313253013
2024,71401,urbana,17,mujer,4,91,4.395604395604396
2024,71401,urbana,18,hombre,2,82,2.4390243902439024
2024,71401,urbana,18,mujer,5,80,6.25
2024,71401,urbana,19,hombre,3,61,4.918032786885246
2024,71401,urbana,19,mujer,6,65,9.23076923076923
2024,71401,urbana,20,hombre,7,66,10.606060606060606
2024,71401,urbana,20,mujer,5,81,6.172839506172839
2024,71401,urbana,21,hombre,10,71,14.084507042253522
2024,71401,urbana,21,mujer,11,82,13.414634146341463
2024,71401,urbana,22,hombre,14,73,19.17808219178082
2024,71401,urbana,22,mujer,11,71,15.492957746478874
2024,71401,urbana,23,hombre,13,71,18.309859154929576
2024,71401,urbana,23,mujer,6,84,7.142857142857143
2024,71401,urbana,24,hombre,25,94,26.595744680851062
2024,71401,urbana,24,mujer,18,78,23.076923076923077
2024,71401,urbana,25,hombre,20,65,30.76923076923077
2024,71401,urbana,25,mujer,19,73,26.027397260273972
2024,71401,urbana,26,hombre,34,70,48.57142857142857
2024,71401,urbana,26,mujer,14,87,16.091954022988507
2024,71401,urbana,27,hombre,36,87,41.37931034482759
2024,71401,urbana,27,mujer,21,91,23.076923076923077
2024,71401,urbana,28,hombre,35,81,43.20987654320987
2024,71401,urbana,28,mujer,20,100,20.0
2024,71402,rural,16,hombre,0,3,0.0
2024,71402,rural,17,hombre,0,3,0.0
2024,71402,rural,17,mujer,2,7,28.571428571428573
2024,71402,rural,18,hombre,0,1,0.0
2024,71402,rural,18,mujer,0,1,0.0
2024,71402,rural,19,hombre,2,4,50.0
2024,71402,rural,19,mujer,1,2,50.0
2024,71402,rural,20,hombre,0,2,0.0
2024,71402,rural,20,mujer,0,2,0.0
2024,71402,rural,21,mujer,1,2,50.0
2024,71402,rural,22,hombre,2,2,100.0
2024,71402,rural,22,mujer,1,1,100.0
2024,71402,rural,23,hombre,0,1,0.0
2024,71402,rural,23,mujer,2,4,50.0
2024,71402,rural,24,hombre,0,2,0.0
2024,71402,rural,25,hombre,0,1,0.0
2024,71402,rural,25,mujer,0,1,0.0
2024,71402,rural,26,hombre,1,1,100.0
2024,71402,rural,26,mujer,1,5,20.0
2024,71402,rural,27,hombre,1,2,50.0
2024,71402,rural,28,hombre,0,3,0.0
2024,71402,rural,28,mujer,1,1,100.0
2024,71402,urbana,16,hombre,0,159,0.0
2024,71402,urbana,16,mujer,5,158,3.1645569620253164
2024,71402,urbana,17,hombre,7,163,4.294478527607362
2024,71402,urbana,17,mujer,5,147,3.401360544217687
2024,71402,urbana,18,hombre,6,116,5.172413793103448
2024,71402,urbana,18,mujer,5,117,4.273504273504273
2024,71402,urbana,19,hombre,10,128,7.8125
2024,71402,urbana,19,mujer,10,136,7.352941176470588
2024,71402,urbana,20,hombre,16,119,13.445378151260504
2024,71402,urbana,20,mujer,6,121,4.958677685950414
2024,71402,urbana,21,hombre,15,104,14.423076923076923
2024,71402,urbana,21,mujer,15,123,12.195121951219512
2024,71402,urbana,22,hombre,32,132,24.242424242424242
2024,71402,urbana,22,mujer,10,130,7.6923076923076925
2024,71402,urbana,23,hombre,42,154,27.272727272727273
2024,71402,urbana,23,mujer,19,131,14.50381679389313
2024,71402,urbana,24,hombre,36,126,28.571428571428573
2024,71402,urbana,24,mujer,44,176,25.0
2024,71402,urbana,25,hombre,44,133,33.08270676691729
2024,71402,urbana,25,mujer,30,136,22.058823529411764
2024,71402,urbana,26,hombre,67,162,41.358024691358025
2024,71402,urbana,26,mujer,31,138,22.463768115942027
2024,71402,urbana,27,hombre,64,167,38.32335329341317
2024,71402,urbana,27,mujer,34,144,23.61111111111111
2024,71402,urbana,28,hombre,73,150,48.666666666666664
2024,71402,urbana,28,mujer,49,165,29.696969696969695
2024,71403,rural,16,hombre,1,32,3.125
2024,71403,rural,16,mujer,0,40,0.0
2024,71403,rural,17,hombre,0,37,0.0
2024,71403,rural,17,mujer,3,30,10.0
2024,71403,rural,18,hombre,2,32,6.25
2024,71403,rural,18,mujer,2,26,7.6923076923076925
2024,71403,rural,19,hombre,5,28,17.857142857142858
2024,71403,rural,19,mujer,4,35,11.428571428571429
2024,71403,rural,20,hombre,13,37,35.13513513513514
2024,71403,rural,20,mujer,0,20,0.0
2024,71403,rural,21,hombre,7,28,25.0
2024,71403,rural,21,mujer,3,23,13.043478260869565
2024,71403,rural,22,hombre,12,26,46.15384615384615
2024,71403,rural,22,mujer,5,22,22.727272727272727
2024,71403,rural,23,hombre,18,42,42.857142857142854
2024,71403,rural,23,mujer,2,22,9.090909090909092
2024,71403,rural,24,hombre,25,41,60.97560975609756
2024,71403,rural,24,mujer,5,35,14.285714285714286
2024,71403,rural,25,hombre,14,34,41.1764705882353
2024,71403,rural,25,mujer,6,30,20.0
2024,71403,rural,26,hombre,14,33,42.42424242424242
2024,71403,rural,26,mujer,8,38,21.05263157894737
2024,71403,rural,27,hombre,23,33,69.6969696969697
2024,71403,rural,27,mujer,9,40,22.5
2024,71403,rural,28,hombre,31,54,57.407407407407405
2024,71403,rural,28,mujer,11,43,25.58139534883721
2024,71403,urbana,16,hombre,1,25,4.0
2024,71403,urbana,16,mujer,1,38,2.6315789473684212
2024,71403,urbana,17,hombre,1,36,2.7777777777777777
2024,71403,urbana,17,mujer,2,31,6.451612903225806
2024,71403,urbana,18,hombre,0,23,0.0
2024,71403,urbana,18,mujer,2,29,6.896551724137931
2024,71403,urbana,19,hombre,2,29,6.896551724137931
2024,71403,urbana,19,mujer,2,30,6.666666666666667
2024,71403,urbana,20,hombre,2,30,6.666666666666667
2024,71403,urbana,20,mujer,3,19,15.789473684210526
2024,71403,urbana,21,hombre,2,16,12.5
2024,71403,urbana,21,mujer,7,37,18.91891891891892
2024,71403,urbana,22,hombre,1,13,7.6923076923076925
2024,71403,urbana,22,mujer,3,22,13.636363636363637
2024,71403,urbana,23,hombre,4,18,22.22222222222222
2024,71403,urbana,23,mujer,3,21,14.285714285714286
2024,71403,urbana,24,hombre,5,29,17.24137931034483
2024,71403,urbana,24,mujer,7,32,21.875
2024,71403,urbana,25,hombre,4,23,17.391304347826086
2024,71403,urbana,25,mujer,9,28,32.142857142857146
2024,71403,urbana,26,hombre,9,29,31.03448275862069
2024,71403,urbana,26,mujer,9,34,26.470588235294116
2024,71403,urbana,27,hombre,9,18,50.0
2024,71403,urbana,27,mujer,3,38,7.894736842105263
2024,71403,urbana,28,hombre,10,32,31.25
2024,71403,urbana,28,mujer,7,31,22.580645161290324
2024,71501,rural,16,hombre,10,84,11.904761904761905
2024,71501,rural,16,mujer,9,75,12.0
2024,71501,rural,17,hombre,24,86,27.906976744186046
2024,71501,rural,17,mujer,14,76,18.42105263157895
2024,71501,rural,18,hombre,33,80,41.25
2024,71501,rural,18,mujer,15,76,19.736842105263158
2024,71501,rural,19,hombre,41,101,40.59405940594059
2024,71501,rural,19,mujer,30,83,36.144578313253014
2024,71501,rural,20,hombre,46,92,50.0
2024,71501,rural,20,mujer,32,81,39.50617283950617
2024,71501,rural,21,hombre,38,87,43.67816091954023
2024,71501,rural,21,mujer,32,55,58.18181818181818
2024,71501,rural,22,hombre,53,88,60.22727272727273
2024,71501,rural,22,mujer,32,71,45.070422535211264
2024,71501,rural,23,hombre,71,109,65.13761467889908
2024,71501,rural,23,mujer,29,82,35.36585365853659
2024,71501,rural,24,hombre,79,116,68.10344827586206
2024,71501,rural,24,mujer,37,80,46.25
2024,71501,rural,25,hombre,72,100,72.0
2024,71501,rural,25,mujer,36,87,41.37931034482759
2024,71501,rural,26,hombre,83,120,69.16666666666667
2024,71501,rural,26,mujer,28,74,37.83783783783784
2024,71501,rural,27,hombre,74,97,76.28865979381443
2024,71501,rural,27,mujer,44,95,46.31578947368421
2024,71501,rural,28,hombre,89,119,74.78991596638656
2024,71501,rural,28,mujer,37,83,44.57831325301205
2024,71501,urbana,16,hombre,10,270,3.7037037037037037
2024,71501,urbana,16,mujer,14,278,5.0359712230215825
2024,71501,urbana,17,hombre,26,280,9.285714285714286
2024,71501,urbana,17,mujer,17,273,6.227106227106227
2024,71501,urbana,18,hombre,25,198,12.626262626262626
2024,71501,urbana,18,mujer,21,230,9.130434782608695
2024,71501,urbana,19,hombre,20,188,10.638297872340425
2024,71501,urbana,19,mujer,24,177,13.559322033898304
2024,71501,urbana,20,hombre,25,132,18.939393939393938
2024,71501,urbana,20,mujer,27,197,13.705583756345177
2024,71501,urbana,21,hombre,32,164,19.51219512195122
2024,71501,urbana,21,mujer,31,187,16.577540106951872
2024,71501,urbana,22,hombre,50,172,29.069767441860463
2024,71501,urbana,22,mujer,43,195,22.05128205128205
2024,71501,urbana,23,hombre,41,180,22.77777777777778
2024,71501,urbana,23,mujer,45,209,21.5311004784689
2024,71501,urbana,24,hombre,74,204,36.27450980392157
2024,71501,urbana,24,mujer,46,198,23.232323232323232
2024,71501,urbana,25,hombre,69,191,36.12565445026178
2024,71501,urbana,25,mujer,49,180,27.22222222222222
2024,71501,urbana,26,hombre,70,173,40.46242774566474
2024,71501,urbana,26,mujer,50,180,27.77777777777778
2024,71501,urbana,27,hombre,67,183,36.612021857923494
2024,71501,urbana,27,mujer,58,196,29.591836734693878
2024,71501,urbana,28,hombre,97,197,49.23857868020305
2024,71501,urbana,28,mujer,47,181,25.96685082872928
2024,71502,rural,16,hombre,0,6,0.0
2024,71502,rural,16,mujer,0,7,0.0
2024,71502,rural,17,hombre,3,12,25.0
2024,71502,rural,17,mujer,0,8,0.0
2024,71502,rural,18,hombre,2,7,28.571428571428573
2024,71502,rural,18,mujer,3,5,60.0
2024,71502,rural,19,hombre,2,6,33.333333333333336
2024,71502,rural,19,mujer,1,14,7.142857142857143
2024,71502,rural,20,hombre,6,10,60.0
2024,71502,rural,20,mujer,1,5,20.0
2024,71502,rural,21,hombre,1,7,14.285714285714286
2024,71502,rural,21,mujer,0,4,0.0
2024,71502,rural,22,hombre,2,5,40.0
2024,71502,rural,22,mujer,4,9,44.44444444444444
2024,71502,rural,23,hombre,4,11,36.36363636363637
2024,71502,rural,23,mujer,2,7,28.571428571428573
2024,71502,rural,24,hombre,4,11,36.36363636363637
2024,71502,rural,24,mujer,7,14,50.0
2024,71502,rural,25,hombre,6,13,46.15384615384615
2024,71502,rural,25,mujer,3,9,33.333333333333336
2024,71502,rural,26,hombre,4,7,57.142857142857146
2024,71502,rural,26,mujer,5,6,83.33333333333333
2024,71502,rural,27,hombre,6,10,60.0
2024,71502,rural,27,mujer,4,12,33.333333333333336
2024,71502,rural,28,hombre,7,17,41.1764705882353
2024,71502,rural,28,mujer,6,11,54.54545454545455
2024,71502,urbana,16,hombre,0,62,0.0
2024,71502,urbana,16,mujer,2,73,2.73972602739726
2024,71502,urbana,17,hombre,0,62,0.0
2024,71502,urbana,17,mujer,2,64,3.125
2024,71502,urbana,18,hombre,3,29,10.344827586206897
2024,71502,urbana,18,mujer,4,63,6.349206349206349
2024,71502,urbana,19,hombre,3,33,9.090909090909092
2024,71502,urbana,19,mujer,1,39,2.5641025641025643
2024,71502,urbana,20,hombre,2,21,9.523809523809524
2024,71502,urbana,20,mujer,3,24,12.5
2024,71502,urbana,21,hombre,3,51,5.882352941176471
2024,71502,urbana,21,mujer,2,39,5.128205128205129
2024,71502,urbana,22,hombre,9,42,21.428571428571427
2024,71502,urbana,22,mujer,3,49,6.122448979591836
2024,71502,urbana,23,hombre,5,47,10.638297872340425
2024,71502,urbana,23,mujer,6,38,15.789473684210526
2024,71502,urbana,24,hombre,9,36,25.0
2024,71502,urbana,24,mujer,4,47,8.51063829787234
2024,71502,urbana,25,hombre,10,42,23.80952380952381
2024,71502,urbana,25,mujer,11,41,26.829268292682926
2024,71502,urbana,26,hombre,12,38,31.57894736842105
2024,71502,urbana,26,mujer,10,38,26.31578947368421
2024,71502,urbana,27,hombre,12,34,35.294117647058826
2024,71502,urbana,27,mujer,8,45,17.77777777777778
2024,71502,urbana,28,hombre,12,38,31.57894736842105
2024,71502,urbana,28,mujer,5,35,14.285714285714286
2024,71503,rural,16,hombre,22,115,19.130434782608695
2024,71503,rural,16,mujer,12,102,11.764705882352942
2024,71503,rural,17,hombre,22,117,18.803418803418804
2024,71503,rural,17,mujer,20,97,20.61855670103093
2024,71503,rural,18,hombre,35,97,36.08247422680412
2024,71503,rural,18,mujer,22,88,25.0
2024,71503,rural,19,hombre,48,110,43.63636363636363
2024,71503,rural,19,mujer,34,102,33.333333333333336
2024,71503,rural,20,hombre,59,116,50.86206896551724
2024,71503,rural,20,mujer,35,85,41.1764705882353
2024,71503,rural,21,hombre,46,102,45.09803921568628
2024,71503,rural,21,mujer,26,88,29.545454545454547
2024,71503,rural,22,hombre,66,117,56.41025641025641
2024,71503,rural,22,mujer,32,91,35.16483516483517
2024,71503,rural,23,hombre,84,144,58.333333333333336
2024,71503,rural,23,mujer,35,99,35.35353535353536
2024,71503,rural,24,hombre,85,140,60.714285714285715
2024,71503,rural,24,mujer,42,113,37.16814159292036
2024,71503,rural,25,hombre,84,140,60.0
2024,71503,rural,25,mujer,42,103,40.77669902912621
2024,71503,rural,26,hombre,77,113,68.14159292035399
2024,71503,rural,26,mujer,47,108,43.51851851851852
2024,71503,rural,27,hombre,90,140,64.28571428571429
2024,71503,rural,27,mujer,44,90,48.888888888888886
2024,71503,rural,28,hombre,79,109,72.4770642201835
2024,71503,rural,28,mujer,41,93,44.086021505376344
2024,71503,urbana,16,hombre,0,35,0.0
2024,71503,urbana,16,mujer,1,34,2.9411764705882355
2024,71503,urbana,17,hombre,4,38,10.526315789473685
2024,71503,urbana,17,mujer,2,30,6.666666666666667
2024,71503,urbana,18,hombre,2,29,6.896551724137931
2024,71503,urbana,18,mujer,2,29,6.896551724137931
2024,71503,urbana,19,hombre,2,20,10.0
2024,71503,urbana,19,mujer,1,15,6.666666666666667
2024,71503,urbana,20,hombre,5,26,19.23076923076923
2024,71503,urbana,20,mujer,2,16,12.5
2024,71503,urbana,21,hombre,1,9,11.11111111111111
2024,71503,urbana,21,mujer,3,20,15.0
2024,71503,urbana,22,hombre,3,18,16.666666666666668
2024,71503,urbana,22,mujer,3,18,16.666666666666668
2024,71503,urbana,23,hombre,3,18,16.666666666666668
2024,71503,urbana,23,mujer,6,25,24.0
2024,71503,urbana,24,hombre,8,30,26.666666666666668
2024,71503,urbana,24,mujer,6,24,25.0
2024,71503,urbana,25,hombre,7,17,41.1764705882353
2024,71503,urbana,25,mujer,6,23,26.08695652173913
2024,71503,urbana,26,hombre,6,20,30.0
2024,71503,urbana,26,mujer,8,28,28.571428571428573
2024,71503,urbana,27,hombre,8,22,36.36363636363637
2024,71503,urbana,27,mujer,6,24,25.0
2024,71503,urbana,28,hombre,2,13,15.384615384615385
2024,71503,urbana,28,mujer,9,21,42.857142857142854
2024,80101,rural,16,hombre,0,68,0.0
2024,80101,rural,16,mujer,3,61,4.918032786885246
2024,80101,rural,17,hombre,2,54,3.7037037037037037
2024,80101,rural,17,mujer,2,48,4.166666666666667
2024,80101,rural,18,hombre,0,27,0.0
2024,80101,rural,18,mujer,6,42,14.285714285714286
2024,80101,rural,19,hombre,6,31,19.35483870967742
2024,80101,rural,19,mujer,5,49,10.204081632653061
2024,80101,rural,20,hombre,3,35,8.571428571428571
2024,80101,rural,20,mujer,7,43,16.27906976744186
2024,80101,rural,21,hombre,11,36,30.555555555555557
2024,80101,rural,21,mujer,8,34,23.529411764705884
2024,80101,rural,22,hombre,11,41,26.829268292682926
2024,80101,rural,22,mujer,5,28,17.857142857142858
2024,80101,rural,23,hombre,18,44,40.90909090909091
2024,80101,rural,23,mujer,11,48,22.916666666666668
2024,80101,rural,24,hombre,8,48,16.666666666666668
2024,80101,rural,24,mujer,5,34,14.705882352941176
2024,80101,rural,25,hombre,19,49,38.775510204081634
2024,80101,rural,25,mujer,14,34,41.1764705882353
2024,80101,rural,26,hombre,23,46,50.0
2024,80101,rural,26,mujer,22,54,40.74074074074074
2024,80101,rural,27,hombre,19,49,38.775510204081634
2024,80101,rural,27,mujer,11,36,30.555555555555557
2024,80101,rural,28,hombre,15,29,51.724137931034484
2024,80101,rural,28,mujer,17,45,37.77777777777778
2024,80101,urbana,16,hombre,32,1179,2.7141645462256148
2024,80101,urbana,16,mujer,35,1217,2.875924404272802
2024,80101,urbana,17,hombre,48,1129,4.251550044286979
2024,80101,urbana,17,mujer,38,1195,3.1799163179916317
2024,80101,urbana,18,hombre,74,995,7.437185929648241
2024,80101,urbana,18,mujer,85,1138,7.469244288224956
2024,80101,urbana,19,hombre,97,947,10.242872228088702
2024,80101,urbana,19,mujer,129,1065,12.112676056338028
2024,80101,urbana,20,hombre,143,996,14.357429718875501
2024,80101,urbana,20,mujer,132,1038,12.716763005780347
2024,80101,urbana,21,hombre,185,993,18.63041289023162
2024,80101,urbana,21,mujer,178,1043,17.066155321188877
2024,80101,urbana,22,hombre,186,954,19.49685534591195
2024,80101,urbana,22,mujer,186,1043,17.833173537871524
2024,80101,urbana,23,hombre,256,1080,23.703703703703702
2024,80101,urbana,23,mujer,217,1104,19.655797101449274
2024,80101,urbana,24,hombre,250,1055,23.696682464454977
2024,80101,urbana,24,mujer,241,1151,20.938314509122502
2024,80101,urbana,25,hombre,284,947,29.989440337909187
2024,80101,urbana,25,mujer,212,1067,19.868791002811623
2024,80101,urbana,26,hombre,301,902,33.370288248337026
2024,80101,urbana,26,mujer,256,1059,24.173748819641173
2024,80101,urbana,27,hombre,342,1012,33.794466403162055
2024,80101,urbana,27,mujer,269,1127,23.86867790594499
2024,80101,urbana,28,hombre,395,998,39.57915831663327
2024,80101,urbana,28,mujer,273,1048,26.049618320610687
2024,80102,rural,16,hombre,1,69,1.4492753623188406
2024,80102,rural,16,mujer,4,61,6.557377049180328
2024,80102,rural,17,hombre,3,64,4.6875
2024,80102,rural,17,mujer,2,61,3.278688524590164
2024,80102,rural,18,hombre,7,78,8.974358974358974
2024,80102,rural,18,mujer,4,32,12.5
2024,80102,rural,19,hombre,4,47,8.51063829787234
2024,80102,rural,19,mujer,3,61,4.918032786885246
2024,80102,rural,20,hombre,8,50,16.0
2024,80102,rural,20,mujer,3,57,5.2631578947368425
2024,80102,rural,21,hombre,13,64,20.3125
2024,80102,rural,21,mujer,11,58,18.96551724137931
2024,80102,rural,22,hombre,14,55,25.454545454545453
2024,80102,rural,22,mujer,9,49,18.367346938775512
2024,80102,rural,23,hombre,23,76,30.263157894736842
2024,80102,rural,23,mujer,13,78,16.666666666666668
2024,80102,rural,24,hombre,20,62,32.25806451612903
2024,80102,rural,24,mujer,14,73,19.17808219178082
2024,80102,rural,25,hombre,36,88,40.90909090909091
2024,80102,rural,25,mujer,17,61,27.868852459016395
2024,80102,rural,26,hombre,35,69,50.72463768115942
2024,80102,rural,26,mujer,11,61,18.0327868852459
2024,80102,rural,27,hombre,34,63,53.96825396825397
2024,80102,rural,27,mujer,13,45,28.88888888888889
2024,80102,rural,28,hombre,37,65,56.92307692307692
2024,80102,rural,28,mujer,13,62,20.967741935483872
2024,80201,rural,16,hombre,6,112,5.357142857142857
2024,80201,rural,16,mujer,8,110,7.2727272727272725
2024,80201,rural,17,hombre,9,127,7.086614173228346
2024,80201,rural,17,mujer,6,118,5.084745762711864
2024,80201,rural,18,hombre,21,96,21.875
2024,80201,rural,18,mujer,19,94,20.21276595744681
2024,80201,rural,19,hombre,17,71,23.943661971830984
2024,80201,rural,19,mujer,11,91,12.087912087912088
2024,80201,rural,20,hombre,28,80,35.0
2024,80201,rural,20,mujer,20,88,22.727272727272727
2024,80201,rural,21,hombre,39,102,38.23529411764706
2024,80201,rural,21,mujer,21,85,24.705882352941178
2024,80201,rural,22,hombre,35,78,44.87179487179487
2024,80201,rural,22,mujer,25,95,26.31578947368421
2024,80201,rural,23,hombre,76,138,55.072463768115945
2024,80201,rural,23,mujer,19,95,20.0
2024,80201,rural,24,hombre,62,97,63.91752577319588
2024,80201,rural,24,mujer,28,110,25.454545454545453
2024,80201,rural,25,hombre,48,82,58.53658536585366
2024,80201,rural,25,mujer,25,81,30.864197530864196
2024,80201,rural,26,hombre,40,75,53.333333333333336
2024,80201,rural,26,mujer,23,74,31.08108108108108
2024,80201,rural,27,hombre,48,87,55.172413793103445
2024,80201,rural,27,mujer,33,98,33.673469387755105
2024,80201,rural,28,hombre,62,97,63.91752577319588
2024,80201,rural,28,mujer,22,78,28.205128205128204
2024,80201,urbana,16,hombre,39,1095,3.5616438356164384
2024,80201,urbana,16,mujer,33,1029,3.206997084548105
2024,80201,urbana,17,hombre,46,1055,4.360189573459715
2024,80201,urbana,17,mujer,48,1033,4.646660212971926
2024,80201,urbana,18,hombre,57,742,7.681940700808625
2024,80201,urbana,18,mujer,68,810,8.395061728395062
2024,80201,urbana,19,hombre,84,713,11.781206171107995
2024,80201,urbana,19,mujer,97,859,11.29220023282887
2024,80201,urbana,20,hombre,107,737,14.51831750339213
2024,80201,urbana,20,mujer,112,758,14.775725593667547
2024,80201,urbana,21,hombre,149,729,20.438957475994513
2024,80201,urbana,21,mujer,124,787,15.756035578144854
2024,80201,urbana,22,hombre,171,766,22.323759791122715
2024,80201,urbana,22,mujer,169,950,17.789473684210527
2024,80201,urbana,23,hombre,217,833,26.050420168067227
2024,80201,urbana,23,mujer,201,926,21.706263498920087
2024,80201,urbana,24,hombre,262,903,29.01439645625692
2024,80201,urbana,24,mujer,223,964,23.13278008298755
2024,80201,urbana,25,hombre,205,715,28.67132867132867
2024,80201,urbana,25,mujer,222,871,25.487944890929967
2024,80201,urbana,26,hombre,268,749,35.78104138851803
2024,80201,urbana,26,mujer,222,830,26.746987951807228
2024,80201,urbana,27,hombre,311,787,39.51715374841169
2024,80201,urbana,27,mujer,236,874,27.002288329519452
2024,80201,urbana,28,hombre,304,716,42.45810055865922
2024,80201,urbana,28,mujer,247,812,30.41871921182266
2024,80202,rural,16,hombre,8,54,14.814814814814815
2024,80202,rural,16,mujer,1,49,2.0408163265306123
2024,80202,rural,17,hombre,3,37,8.108108108108109
2024,80202,rural,17,mujer,7,44,15.909090909090908
2024,80202,rural,18,hombre,4,30,13.333333333333334
2024,80202,rural,18,mujer,4,44,9.090909090909092
2024,80202,rural,19,hombre,6,44,13.636363636363637
2024,80202,rural,19,mujer,6,34,17.647058823529413
2024,80202,rural,20,hombre,10,33,30.303030303030305
2024,80202,rural,20,mujer,4,24,16.666666666666668
2024,80202,rural,21,hombre,9,36,25.0
2024,80202,rural,21,mujer,14,46,30.434782608695652
2024,80202,rural,22,hombre,19,45,42.22222222222222
2024,80202,rural,22,mujer,8,37,21.62162162162162
2024,80202,rural,23,hombre,18,57,31.57894736842105
2024,80202,rural,23,mujer,12,58,20.689655172413794
2024,80202,rural,24,hombre,24,54,44.44444444444444
2024,80202,rural,24,mujer,10,54,18.51851851851852
2024,80202,rural,25,hombre,20,36,55.55555555555556
2024,80202,rural,25,mujer,8,40,20.0
2024,80202,rural,26,hombre,42,65,64.61538461538461
2024,80202,rural,26,mujer,11,39,28.205128205128204
2024,80202,rural,27,hombre,29,54,53.7037037037037
2024,80202,rural,27,mujer,12,35,34.285714285714285
2024,80202,rural,28,hombre,24,39,61.53846153846154
2024,80202,rural,28,mujer,15,47,31.914893617021278
2024,80202,urbana,16,hombre,5,334,1.4970059880239521
2024,80202,urbana,16,mujer,5,341,1.466275659824047
2024,80202,urbana,17,hombre,9,279,3.225806451612903
2024,80202,urbana,17,mujer,11,346,3.179190751445087
2024,80202,urbana,18,hombre,12,207,5.797101449275362
2024,80202,urbana,18,mujer,17,261,6.513409961685824
2024,80202,urbana,19,hombre,26,246,10.56910569105691
2024,80202,urbana,19,mujer,20,233,8.583690987124463
2024,80202,urbana,20,hombre,27,236,11.440677966101696
2024,80202,urbana,20,mujer,30,258,11.627906976744185
2024,80202,urbana,21,hombre,33,210,15.714285714285714
2024,80202,urbana,21,mujer,43,246,17.479674796747968
2024,80202,urbana,22,hombre,51,252,20.238095238095237
2024,80202,urbana,22,mujer,46,246,18.69918699186992
2024,80202,urbana,23,hombre,66,268,24.62686567164179
2024,80202,urbana,23,mujer,40,290,13.793103448275861
2024,80202,urbana,24,hombre,57,294,19.387755102040817
2024,80202,urbana,24,mujer,62,307,20.19543973941368
2024,80202,urbana,25,hombre,66,232,28.448275862068964
2024,80202,urbana,25,mujer,44,282,15.602836879432624
2024,80202,urbana,26,hombre,84,255,32.94117647058823
2024,80202,urbana,26,mujer,58,267,21.722846441947567
2024,80202,urbana,27,hombre,86,227,37.88546255506608
2024,80202,urbana,27,mujer,63,293,21.501706484641637
2024,80202,urbana,28,hombre,82,216,37.96296296296296
2024,80202,urbana,28,mujer,66,272,24.264705882352942
2024,80301,rural,16,hombre,3,56,5.357142857142857
2024,80301,rural,16,mujer,2,43,4.651162790697675
2024,80301,rural,17,hombre,5,50,10.0
2024,80301,rural,17,mujer,10,41,24.390243902439025
2024,80301,rural,18,hombre,10,35,28.571428571428573
2024,80301,rural,18,mujer,5,33,15.151515151515152
2024,80301,rural,19,hombre,25,47,53.191489361702125
2024,80301,rural,19,mujer,11,40,27.5
2024,80301,rural,20,hombre,16,39,41.02564102564103
2024,80301,rural,20,mujer,9,30,30.0
2024,80301,rural,21,hombre,21,30,70.0
2024,80301,rural,21,mujer,9,30,30.0
2024,80301,rural,22,hombre,23,37,62.16216216216216
2024,80301,rural,22,mujer,8,28,28.571428571428573
2024,80301,rural,23,hombre,37,47,78.72340425531915
2024,80301,rural,23,mujer,11,34,32.35294117647059
2024,80301,rural,24,hombre,26,36,72.22222222222223
2024,80301,rural,24,mujer,8,32,25.0
2024,80301,rural,25,hombre,36,43,83.72093023255815
2024,80301,rural,25,mujer,14,39,35.8974358974359
2024,80301,rural,26,hombre,40,45,88.88888888888889
2024,80301,rural,26,mujer,13,26,50.0
2024,80301,rural,27,hombre,32,41,78.04878048780488
2024,80301,rural,27,mujer,8,41,19.51219512195122
2024,80301,rural,28,hombre,34,37,91.89189189189189
2024,80301,rural,28,mujer,8,35,22.857142857142858
2024,80301,urbana,16,hombre,3,56,5.357142857142857
2024,80301,urbana,16,mujer,6,81,7.407407407407407
2024,80301,urbana,17,hombre,4,71,5.633802816901408
2024,80301,urbana,17,mujer,6,66,9.090909090909092
2024,80301,urbana,18,hombre,3,37,8.108108108108109
2024,80301,urbana,18,mujer,2,47,4.25531914893617
2024,80301,urbana,19,hombre,5,41,12.195121951219512
2024,80301,urbana,19,mujer,2,31,6.451612903225806
2024,80301,urbana,20,hombre,3,38,7.894736842105263
2024,80301,urbana,20,mujer,5,31,16.129032258064516
2024,80301,urbana,21,hombre,6,28,21.428571428571427
2024,80301,urbana,21,mujer,8,44,18.181818181818183
2024,80301,urbana,22,hombre,10,32,31.25
2024,80301,urbana,22,mujer,8,40,20.0
2024,80301,urbana,23,hombre,5,41,12.195121951219512
2024,80301,urbana,23,mujer,14,41,34.146341463414636
2024,80301,urbana,24,hombre,17,46,36.95652173913044
2024,80301,urbana,24,mujer,12,58,20.689655172413794
2024,80301,urbana,25,hombre,16,37,43.24324324324324
2024,80301,urbana,25,mujer,10,52,19.23076923076923
2024,80301,urbana,26,hombre,22,55,40.0
2024,80301,urbana,26,mujer,20,57,35.08771929824562
2024,80301,urbana,27,hombre,20,44,45.45454545454545
2024,80301,urbana,27,mujer,12,48,25.0
2024,80301,urbana,28,hombre,26,50,52.0
2024,80301,urbana,28,mujer,17,60,28.333333333333332
2024,80302,rural,16,hombre,29,258,11.24031007751938
2024,80302,rural,16,mujer,18,246,7.317073170731708
2024,80302,rural,17,hombre,49,207,23.67149758454106
2024,80302,rural,17,mujer,40,234,17.094017094017094
2024,80302,rural,18,hombre,59,234,25.213675213675213
2024,80302,rural,18,mujer,37,215,17.209302325581394
2024,80302,rural,19,hombre,85,200,42.5
2024,80302,rural,19,mujer,32,176,18.181818181818183
2024,80302,rural,20,hombre,89,176,50.56818181818182
2024,80302,rural,20,mujer,52,208,25.0
2024,80302,rural,21,hombre,124,220,56.36363636363637
2024,80302,rural,21,mujer,43,207,20.77294685990338
2024,80302,rural,22,hombre,112,170,65.88235294117646
2024,80302,rural,22,mujer,48,179,26.81564245810056
2024,80302,rural,23,hombre,127,189,67.19576719576719
2024,80302,rural,23,mujer,44,212,20.754716981132077
2024,80302,rural,24,hombre,130,191,68.06282722513089
2024,80302,rural,24,mujer,32,165,19.393939393939394
2024,80302,rural,25,hombre,129,188,68.61702127659575
2024,80302,rural,25,mujer,45,170,26.470588235294116
2024,80302,rural,26,hombre,134,181,74.03314917127072
2024,80302,rural,26,mujer,46,180,25.555555555555557
2024,80302,rural,27,hombre,138,189,73.01587301587301
2024,80302,rural,27,mujer,38,170,22.352941176470587
2024,80302,rural,28,hombre,146,191,76.43979057591623
2024,80302,rural,28,mujer,41,162,25.308641975308642
2024,80302,urbana,16,hombre,19,224,8.482142857142858
2024,80302,urbana,16,mujer,20,244,8.19672131147541
2024,80302,urbana,17,hombre,24,255,9.411764705882353
2024,80302,urbana,17,mujer,26,219,11.872146118721462
2024,80302,urbana,18,hombre,20,150,13.333333333333334
2024,80302,urbana,18,mujer,28,187,14.973262032085561
2024,80302,urbana,19,hombre,27,163,16.56441717791411
2024,80302,urbana,19,mujer,16,129,12.4031007751938
2024,80302,urbana,20,hombre,24,131,18.3206106870229
2024,80302,urbana,20,mujer,17,148,11.486486486486486
2024,80302,urbana,21,hombre,34,127,26.771653543307085
2024,80302,urbana,21,mujer,32,133,24.06015037593985
2024,80302,urbana,22,hombre,51,150,34.0
2024,80302,urbana,22,mujer,24,164,14.634146341463415
2024,80302,urbana,23,hombre,31,151,20.52980132450331
2024,80302,urbana,23,mujer,46,167,27.54491017964072
2024,80302,urbana,24,hombre,46,143,32.16783216783217
2024,80302,urbana,24,mujer,53,207,25.603864734299517
2024,80302,urbana,25,hombre,55,129,42.63565891472868
2024,80302,urbana,25,mujer,48,157,30.573248407643312
2024,80302,urbana,26,hombre,68,156,43.58974358974359
2024,80302,urbana,26,mujer,71,205,34.63414634146341
2024,80302,urbana,27,hombre,63,150,42.0
2024,80302,urbana,27,mujer,55,158,34.81012658227848
2024,80302,urbana,28,hombre,72,170,42.35294117647059
2024,80302,urbana,28,mujer,61,182,33.51648351648352
2024,80303,rural,16,hombre,3,58,5.172413793103448
2024,80303,rural,16,mujer,2,44,4.545454545454546
2024,80303,rural,17,hombre,6,63,9.523809523809524
2024,80303,rural,17,mujer,3,53,5.660377358490566
2024,80303,rural,18,hombre,4,29,13.793103448275861
2024,80303,rural,18,mujer,8,40,20.0
2024,80303,rural,19,hombre,8,32,25.0
2024,80303,rural,19,mujer,7,29,24.137931034482758
2024,80303,rural,20,hombre,9,33,27.272727272727273
2024,80303,rural,20,mujer,3,25,12.0
2024,80303,rural,21,hombre,15,36,41.666666666666664
2024,80303,rural,21,mujer,10,46,21.73913043478261
2024,80303,rural,22,hombre,14,29,48.275862068965516
2024,80303,rural,22,mujer,7,25,28.0
2024,80303,rural,23,hombre,11,30,36.666666666666664
2024,80303,rural,23,mujer,8,41,19.51219512195122
2024,80303,rural,24,hombre,26,44,59.09090909090909
2024,80303,rural,24,mujer,10,48,20.833333333333332
2024,80303,rural,25,hombre,20,38,52.63157894736842
2024,80303,rural,25,mujer,8,35,22.857142857142858
2024,80303,rural,26,hombre,26,48,54.166666666666664
2024,80303,rural,26,mujer,9,33,27.272727272727273
2024,80303,rural,27,hombre,31,40,77.5
2024,80303,rural,27,mujer,7,46,15.217391304347826
2024,80303,rural,28,hombre,21,40,52.5
2024,80303,rural,28,mujer,8,39,20.512820512820515
2024,80303,urbana,16,hombre,2,53,3.7735849056603774
2024,80303,urbana,16,mujer,3,62,4.838709677419355
2024,80303,urbana,17,hombre,0,56,0.0
2024,80303,urbana,17,mujer,4,56,7.142857142857143
2024,80303,urbana,18,hombre,3,36,8.333333333333334
2024,80303,urbana,18,mujer,5,40,12.5
2024,80303,urbana,19,hombre,7,32,21.875
2024,80303,urbana,19,mujer,2,31,6.451612903225806
2024,80303,urbana,20,hombre,3,38,7.894736842105263
2024,80303,urbana,20,mujer,3,31,9.67741935483871
2024,80303,urbana,21,hombre,8,28,28.571428571428573
2024,80303,urbana,21,mujer,4,33,12.121212121212121
2024,80303,urbana,22,hombre,8,37,21.62162162162162
2024,80303,urbana,22,mujer,6,34,17.647058823529413
2024,80303,urbana,23,hombre,8,42,19.047619047619047
2024,80303,urbana,23,mujer,9,40,22.5
2024,80303,urbana,24,hombre,10,44,22.727272727272727
2024,80303,urbana,24,mujer,9,44,20.454545454545453
2024,80303,urbana,25,hombre,5,34,14.705882352941176
2024,80303,urbana,25,mujer,7,34,20.58823529411765
2024,80303,urbana,26,hombre,10,39,25.641025641025642
2024,80303,urbana,26,mujer,10,35,28.571428571428573
2024,80303,urbana,27,hombre,19,46,41.30434782608695
2024,80303,urbana,27,mujer,11,45,24.444444444444443
2024,80303,urbana,28,hombre,16,45,35.55555555555556
2024,80303,urbana,28,mujer,8,35,22.857142857142858
2024,80304,rural,16,hombre,10,88,11.363636363636363
2024,80304,rural,16,mujer,3,57,5.2631578947368425
2024,80304,rural,17,hombre,13,68,19.11764705882353
2024,80304,rural,17,mujer,16,66,24.242424242424242
2024,80304,rural,18,hombre,19,65,29.23076923076923
2024,80304,rural,18,mujer,12,48,25.0
2024,80304,rural,19,hombre,23,42,54.76190476190476
2024,80304,rural,19,mujer,15,48,31.25
2024,80304,rural,20,hombre,32,65,49.23076923076923
2024,80304,rural,20,mujer,15,47,31.914893617021278
2024,80304,rural,21,hombre,25,45,55.55555555555556
2024,80304,rural,21,mujer,23,48,47.916666666666664
2024,80304,rural,22,hombre,27,43,62.7906976744186
2024,80304,rural,22,mujer,17,51,33.333333333333336
2024,80304,rural,23,hombre,42,64,65.625
2024,80304,rural,23,mujer,23,56,41.07142857142857
2024,80304,rural,24,hombre,45,66,68.18181818181819
2024,80304,rural,24,mujer,19,56,33.92857142857143
2024,80304,rural,25,hombre,30,46,65.21739130434783
2024,80304,rural,25,mujer,23,58,39.6551724137931
2024,80304,rural,26,hombre,55,72,76.38888888888889
2024,80304,rural,26,mujer,22,46,47.82608695652174
2024,80304,rural,27,hombre,49,64,76.5625
2024,80304,rural,27,mujer,29,61,47.540983606557376
2024,80304,rural,28,hombre,48,64,75.0
2024,80304,rural,28,mujer,27,61,44.26229508196721
2024,80304,urbana,16,hombre,5,148,3.3783783783783785
2024,80304,urbana,16,mujer,5,123,4.065040650406504
2024,80304,urbana,17,hombre,6,134,4.477611940298507
2024,80304,urbana,17,mujer,11,146,7.534246575342466
2024,80304,urbana,18,hombre,12,108,11.11111111111111
2024,80304,urbana,18,mujer,11,84,13.095238095238095
2024,80304,urbana,19,hombre,17,83,20.481927710843372
2024,80304,urbana,19,mujer,10,90,11.11111111111111
2024,80304,urbana,20,hombre,14,80,17.5
2024,80304,urbana,20,mujer,20,103,19.41747572815534
2024,80304,urbana,21,hombre,14,87,16.091954022988507
2024,80304,urbana,21,mujer,24,92,26.08695652173913
2024,80304,urbana,22,hombre,21,69,30.434782608695652
2024,80304,urbana,22,mujer,26,103,25.24271844660194
2024,80304,urbana,23,hombre,40,112,35.714285714285715
2024,80304,urbana,23,mujer,24,105,22.857142857142858
2024,80304,urbana,24,hombre,46,99,46.464646464646464
2024,80304,urbana,24,mujer,32,127,25.19685039370079
2024,80304,urbana,25,hombre,34,85,40.0
2024,80304,urbana,25,mujer,28,108,25.925925925925927
2024,80304,urbana,26,hombre,55,109,50.45871559633027
2024,80304,urbana,26,mujer,28,113,24.778761061946902
2024,80304,urbana,27,hombre,48,90,53.333333333333336
2024,80304,urbana,27,mujer,37,111,33.333333333333336
2024,80304,urbana,28,hombre,52,90,57.77777777777778
2024,80304,urbana,28,mujer,27,108,25.0
2024,80401,rural,16,hombre,3,44,6.818181818181818
2024,80401,rural,16,mujer,3,49,6.122448979591836
2024,80401,rural,17,hombre,9,58,15.517241379310345
2024,80401,rural,17,mujer,1,39,2.5641025641025643
2024,80401,rural,18,hombre,5,27,18.51851851851852
2024,80401,rural,18,mujer,1,34,2.9411764705882355
2024,80401,rural,19,hombre,8,41,19.51219512195122
2024,80401,rural,19,mujer,2,46,4.3478260869565215
2024,80401,rural,20,hombre,10,32,31.25
2024,80401,rural,20,mujer,10,39,25.641025641025642
2024,80401,rural,21,hombre,23,57,40.35087719298246
2024,80401,rural,21,mujer,7,37,18.91891891891892
2024,80401,rural,22,hombre,12,30,40.0
2024,80401,rural,22,mujer,4,27,14.814814814814815
2024,80401,rural,23,hombre,27,43,62.7906976744186
2024,80401,rural,23,mujer,5,31,16.129032258064516
2024,80401,rural,24,hombre,22,45,48.888888888888886
2024,80401,rural,24,mujer,6,33,18.181818181818183
2024,80401,rural,25,hombre,18,33,54.54545454545455
2024,80401,rural,25,mujer,1,29,3.4482758620689653
2024,80401,rural,26,hombre,42,54,77.77777777777777
2024,80401,rural,26,mujer,9,37,24.324324324324323
2024,80401,rural,27,hombre,17,29,58.62068965517241
2024,80401,rural,27,mujer,8,30,26.666666666666668
2024,80401,rural,28,hombre,20,38,52.63157894736842
2024,80401,rural,28,mujer,7,33,21.21212121212121
2024,80401,urbana,16,hombre,3,123,2.4390243902439024
2024,80401,urbana,16,mujer,3,149,2.0134228187919465
2024,80401,urbana,17,hombre,6,148,4.054054054054054
2024,80401,urbana,17,mujer,8,118,6.779661016949152
2024,80401,urbana,18,hombre,7,87,8.045977011494253
2024,80401,urbana,18,mujer,5,87,5.747126436781609
2024,80401,urbana,19,hombre,6,84,7.142857142857143
2024,80401,urbana,19,mujer,11,92,11.956521739130435
2024,80401,urbana,20,hombre,15,83,18.072289156626507
2024,80401,urbana,20,mujer,7,88,7.954545454545454
2024,80401,urbana,21,hombre,8,76,10.526315789473685
2024,80401,urbana,21,mujer,6,77,7.792207792207792
2024,80401,urbana,22,hombre,11,81,13.580246913580247
2024,80401,urbana,22,mujer,10,86,11.627906976744185
2024,80401,urbana,23,hombre,15,71,21.12676056338028
2024,80401,urbana,23,mujer,16,106,15.09433962264151
2024,80401,urbana,24,hombre,27,98,27.551020408163264
2024,80401,urbana,24,mujer,17,113,15.044247787610619
2024,80401,urbana,25,hombre,27,75,36.0
2024,80401,urbana,25,mujer,14,82,17.073170731707318
2024,80401,urbana,26,hombre,20,81,24.691358024691358
2024,80401,urbana,26,mujer,14,82,17.073170731707318
2024,80401,urbana,27,hombre,32,90,35.55555555555556
2024,80401,urbana,27,mujer,25,111,22.52252252252252
2024,80401,urbana,28,hombre,25,73,34.24657534246575
2024,80401,urbana,28,mujer,15,92,16.304347826086957
2024,80402,rural,16,hombre,2,33,6.0606060606060606
2024,80402,rural,16,mujer,0,49,0.0
2024,80402,rural,17,hombre,5,41,12.195121951219512
2024,80402,rural,17,mujer,4,43,9.30232558139535
2024,80402,rural,18,hombre,3,30,10.0
2024,80402,rural,18,mujer,1,41,2.4390243902439024
2024,80402,rural,19,hombre,11,38,28.94736842105263
2024,80402,rural,19,mujer,6,47,12.76595744680851
2024,80402,rural,20,hombre,10,48,20.833333333333332
2024,80402,rural,20,mujer,6,58,10.344827586206897
2024,80402,rural,21,hombre,16,47,34.04255319148936
2024,80402,rural,21,mujer,9,44,20.454545454545453
2024,80402,rural,22,hombre,20,54,37.03703703703704
2024,80402,rural,22,mujer,6,48,12.5
2024,80402,rural,23,hombre,20,53,37.735849056603776
2024,80402,rural,23,mujer,6,45,13.333333333333334
2024,80402,rural,24,hombre,17,41,41.46341463414634
2024,80402,rural,24,mujer,3,47,6.382978723404255
2024,80402,rural,25,hombre,25,49,51.02040816326531
2024,80402,rural,25,mujer,9,39,23.076923076923077
2024,80402,rural,26,hombre,22,47,46.808510638297875
2024,80402,rural,26,mujer,7,43,16.27906976744186
2024,80402,rural,27,hombre,25,48,52.083333333333336
2024,80402,rural,27,mujer,4,45,8.88888888888889
2024,80402,rural,28,hombre,27,52,51.92307692307692
2024,80402,rural,28,mujer,8,38,21.05263157894737
2024,80402,urbana,16,hombre,0,9,0.0
2024,80402,urbana,16,mujer,0,13,0.0
2024,80402,urbana,17,hombre,0,13,0.0
2024,80402,urbana,17,mujer,0,10,0.0
2024,80402,urbana,18,hombre,0,7,0.0
2024,80402,urbana,18,mujer,0,12,0.0
2024,80402,urbana,19,hombre,0,14,0.0
2024,80402,urbana,19,mujer,1,14,7.142857142857143
2024,80402,urbana,20,hombre,0,17,0.0
2024,80402,urbana,20,mujer,0,9,0.0
2024,80402,urbana,21,hombre,1,14,7.142857142857143
2024,80402,urbana,21,mujer,1,10,10.0
2024,80402,urbana,22,hombre,3,12,25.0
2024,80402,urbana,22,mujer,0,10,0.0
2024,80402,urbana,23,hombre,0,18,0.0
2024,80402,urbana,23,mujer,0,9,0.0
2024,80402,urbana,24,hombre,0,14,0.0
2024,80402,urbana,24,mujer,1,8,12.5
2024,80402,urbana,25,hombre,2,14,14.285714285714286
2024,80402,urbana,25,mujer,1,17,5.882352941176471
2024,80402,urbana,26,hombre,2,14,14.285714285714286
2024,80402,urbana,26,mujer,1,13,7.6923076923076925
2024,80402,urbana,27,hombre,2,12,16.666666666666668
2024,80402,urbana,27,mujer,1,10,10.0
2024,80402,urbana,28,hombre,1,6,16.666666666666668
2024,80402,urbana,28,mujer,6,17,35.294117647058826
2024,80501,rural,16,hombre,5,132,3.787878787878788
2024,80501,rural,16,mujer,10,85,11.764705882352942
2024,80501,rural,17,hombre,16,109,14.678899082568808
2024,80501,rural,17,mujer,12,113,10.619469026548673
2024,80501,rural,18,hombre,13,72,18.055555555555557
2024,80501,rural,18,mujer,7,61,11.475409836065573
2024,80501,rural,19,hombre,18,81,22.22222222222222
2024,80501,rural,19,mujer,6,74,8.108108108108109
2024,80501,rural,20,hombre,19,69,27.536231884057973
2024,80501,rural,20,mujer,10,76,13.157894736842104
2024,80501,rural,21,hombre,28,70,40.0
2024,80501,rural,21,mujer,12,69,17.391304347826086
2024,80501,rural,22,hombre,25,71,35.2112676056338
2024,80501,rural,22,mujer,17,78,21.794871794871796
2024,80501,rural,23,hombre,39,86,45.348837209302324
2024,80501,rural,23,mujer,17,77,22.07792207792208
2024,80501,rural,24,hombre,54,102,52.94117647058823
2024,80501,rural,24,mujer,22,105,20.952380952380953
2024,80501,rural,25,hombre,53,94,56.38297872340426
2024,80501,rural,25,mujer,16,63,25.396825396825395
2024,80501,rural,26,hombre,42,77,54.54545454545455
2024,80501,rural,26,mujer,19,65,29.23076923076923
2024,80501,rural,27,hombre,46,74,62.16216216216216
2024,80501,rural,27,mujer,23,75,30.666666666666668
2024,80501,rural,28,hombre,48,74,64.86486486486487
2024,80501,rural,28,mujer,21,67,31.34328358208955
2024,80501,urbana,16,hombre,4,119,3.361344537815126
2024,80501,urbana,16,mujer,9,121,7.43801652892562
2024,80501,urbana,17,hombre,1,89,1.1235955056179776
2024,80501,urbana,17,mujer,5,117,4.273504273504273
2024,80501,urbana,18,hombre,8,72,11.11111111111111
2024,80501,urbana,18,mujer,14,91,15.384615384615385
2024,80501,urbana,19,hombre,10,57,17.54385964912281
2024,80501,urbana,19,mujer,13,84,15.476190476190476
2024,80501,urbana,20,hombre,16,93,17.204301075268816
2024,80501,urbana,20,mujer,14,75,18.666666666666668
2024,80501,urbana,21,hombre,12,72,16.666666666666668
2024,80501,urbana,21,mujer,13,77,16.883116883116884
2024,80501,urbana,22,hombre,26,72,36.111111111111114
2024,80501,urbana,22,mujer,12,64,18.75
2024,80501,urbana,23,hombre,29,91,31.86813186813187
2024,80501,urbana,23,mujer,14,75,18.666666666666668
2024,80501,urbana,24,hombre,23,74,31.08108108108108
2024,80501,urbana,24,mujer,18,84,21.428571428571427
2024,80501,urbana,25,hombre,29,69,42.028985507246375
2024,80501,urbana,25,mujer,18,77,23.376623376623378
2024,80501,urbana,26,hombre,24,63,38.095238095238095
2024,80501,urbana,26,mujer,20,86,23.25581395348837
2024,80501,urbana,27,hombre,25,65,38.46153846153846
2024,80501,urbana,27,mujer,29,73,39.726027397260275
2024,80501,urbana,28,hombre,37,70,52.857142857142854
2024,80501,urbana,28,mujer,26,79,32.91139240506329
2024,80601,rural,16,hombre,0,25,0.0
2024,80601,rural,16,mujer,3,52,5.769230769230769
2024,80601,rural,17,hombre,2,23,8.695652173913043
2024,80601,rural,17,mujer,3,29,10.344827586206897
2024,80601,rural,18,hombre,5,35,14.285714285714286
2024,80601,rural,18,mujer,1,24,4.166666666666667
2024,80601,rural,19,hombre,5,16,31.25
2024,80601,rural,19,mujer,8,37,21.62162162162162
2024,80601,rural,20,hombre,5,29,17.24137931034483
2024,80601,rural,20,mujer,10,46,21.73913043478261
2024,80601,rural,21,hombre,7,22,31.818181818181817
2024,80601,rural,21,mujer,4,27,14.814814814814815
2024,80601,rural,22,hombre,16,37,43.24324324324324
2024,80601,rural,22,mujer,8,33,24.242424242424242
2024,80601,rural,23,hombre,18,34,52.94117647058823
2024,80601,rural,23,mujer,7,26,26.923076923076923
2024,80601,rural,24,hombre,9,28,32.142857142857146
2024,80601,rural,24,mujer,1,34,2.9411764705882355
2024,80601,rural,25,hombre,20,37,54.054054054054056
2024,80601,rural,25,mujer,5,25,20.0
2024,80601,rural,26,hombre,11,27,40.74074074074074
2024,80601,rural,26,mujer,5,26,19.23076923076923
2024,80601,rural,27,hombre,14,28,50.0
2024,80601,rural,27,mujer,4,34,11.764705882352942
2024,80601,rural,28,hombre,19,28,67.85714285714286
2024,80601,rural,28,mujer,5,36,13.88888888888889
2024,80602,rural,16,hombre,4,106,3.7735849056603774
2024,80602,rural,16,mujer,3,59,5.084745762711864
2024,80602,rural,17,hombre,14,120,11.666666666666666
2024,80602,rural,17,mujer,4,88,4.545454545454546
2024,80602,rural,18,hombre,23,84,27.38095238095238
2024,80602,rural,18,mujer,19,81,23.45679012345679
2024,80602,rural,19,hombre,19,85,22.352941176470587
2024,80602,rural,19,mujer,11,60,18.333333333333332
2024,80602,rural,20,hombre,34,89,38.20224719101124
2024,80602,rural,20,mujer,19,65,29.23076923076923
2024,80602,rural,21,hombre,42,91,46.15384615384615
2024,80602,rural,21,mujer,23,70,32.857142857142854
2024,80602,rural,22,hombre,44,93,47.31182795698925
2024,80602,rural,22,mujer,28,79,35.44303797468354
2024,80602,rural,23,hombre,66,119,55.46218487394958
2024,80602,rural,23,mujer,28,88,31.818181818181817
2024,80602,rural,24,hombre,66,114,57.89473684210526
2024,80602,rural,24,mujer,38,109,34.862385321100916
2024,80602,rural,25,hombre,72,117,61.53846153846154
2024,80602,rural,25,mujer,24,74,32.432432432432435
2024,80602,rural,26,hombre,55,115,47.82608695652174
2024,80602,rural,26,mujer,51,103,49.51456310679612
2024,80602,rural,27,hombre,72,105,68.57142857142857
2024,80602,rural,27,mujer,40,111,36.03603603603604
2024,80602,rural,28,hombre,78,127,61.41732283464567
2024,80602,rural,28,mujer,49,110,44.54545454545455
2024,80602,urbana,16,hombre,1,24,4.166666666666667
2024,80602,urbana,16,mujer,2,28,7.142857142857143
2024,80602,urbana,17,hombre,1,35,2.857142857142857
2024,80602,urbana,17,mujer,4,28,14.285714285714286
2024,80602,urbana,18,hombre,4,14,28.571428571428573
2024,80602,urbana,18,mujer,2,18,11.11111111111111
2024,80602,urbana,19,hombre,3,13,23.076923076923077
2024,80602,urbana,19,mujer,5,18,27.77777777777778
2024,80602,urbana,20,hombre,5,18,27.77777777777778
2024,80602,urbana,20,mujer,6,28,21.428571428571427
2024,80602,urbana,21,hombre,2,13,15.384615384615385
2024,80602,urbana,21,mujer,4,9,44.44444444444444
2024,80602,urbana,22,hombre,5,20,25.0
2024,80602,urbana,22,mujer,4,18,22.22222222222222
2024,80602,urbana,23,hombre,5,13,38.46153846153846
2024,80602,urbana,23,mujer,8,24,33.333333333333336
2024,80602,urbana,24,hombre,2,20,10.0
2024,80602,urbana,24,mujer,8,24,33.333333333333336
2024,80602,urbana,25,hombre,3,9,33.333333333333336
2024,80602,urbana,25,mujer,6,17,35.294117647058826
2024,80602,urbana,26,hombre,5,16,31.25
2024,80602,urbana,26,mujer,14,31,45.16129032258065
2024,80602,urbana,27,hombre,11,21,52.38095238095238
2024,80602,urbana,27,mujer,11,28,39.285714285714285
2024,80602,urbana,28,hombre,11,23,47.82608695652174
2024,80602,urbana,28,mujer,11,25,44.0
2024,80701,rural,16,hombre,0,14,0.0
2024,80701,rural,16,mujer,0,17,0.0
2024,80701,rural,17,hombre,1,18,5.555555555555555
2024,80701,rural,17,mujer,0,14,0.0
2024,80701,rural,18,hombre,0,10,0.0
2024,80701,rural,18,mujer,0,14,0.0
2024,80701,rural,19,hombre,1,11,9.090909090909092
2024,80701,rural,19,mujer,0,10,0.0
2024,80701,rural,20,hombre,3,11,27.272727272727273
2024,80701,rural,20,mujer,2,12,16.666666666666668
2024,80701,rural,21,hombre,3,12,25.0
2024,80701,rural,21,mujer,0,9,0.0
2024,80701,rural,22,hombre,5,13,38.46153846153846
2024,80701,rural,22,mujer,3,17,17.647058823529413
2024,80701,rural,23,hombre,9,14,64.28571428571429
2024,80701,rural,23,mujer,1,15,6.666666666666667
2024,80701,rural,24,hombre,7,13,53.84615384615385
2024,80701,rural,24,mujer,2,12,16.666666666666668
2024,80701,rural,25,hombre,9,14,64.28571428571429
2024,80701,rural,25,mujer,2,12,16.666666666666668
2024,80701,rural,26,hombre,5,6,83.33333333333333
2024,80701,rural,26,mujer,1,13,7.6923076923076925
2024,80701,rural,27,hombre,12,18,66.66666666666667
2024,80701,rural,27,mujer,2,10,20.0
2024,80701,rural,28,hombre,12,17,70.58823529411765
2024,80701,rural,28,mujer,3,15,20.0
2024,80701,urbana,16,hombre,1,35,2.857142857142857
2024,80701,urbana,16,mujer,2,36,5.555555555555555
2024,80701,urbana,17,hombre,0,44,0.0
2024,80701,urbana,17,mujer,2,35,5.714285714285714
2024,80701,urbana,18,hombre,3,24,12.5
2024,80701,urbana,18,mujer,2,31,6.451612903225806
2024,80701,urbana,19,hombre,4,29,13.793103448275861
2024,80701,urbana,19,mujer,3,28,10.714285714285714
2024,80701,urbana,20,hombre,1,27,3.7037037037037037
2024,80701,urbana,20,mujer,2,34,5.882352941176471
2024,80701,urbana,21,hombre,4,20,20.0
2024,80701,urbana,21,mujer,5,29,17.24137931034483
2024,80701,urbana,22,hombre,6,26,23.076923076923077
2024,80701,urbana,22,mujer,3,29,10.344827586206897
2024,80701,urbana,23,hombre,8,41,19.51219512195122
2024,80701,urbana,23,mujer,8,45,17.77777777777778
2024,80701,urbana,24,hombre,10,43,23.25581395348837
2024,80701,urbana,24,mujer,3,35,8.571428571428571
2024,80701,urbana,25,hombre,8,27,29.62962962962963
2024,80701,urbana,25,mujer,7,43,16.27906976744186
2024,80701,urbana,26,hombre,9,32,28.125
2024,80701,urbana,26,mujer,9,32,28.125
2024,80701,urbana,27,hombre,9,39,23.076923076923077
2024,80701,urbana,27,mujer,10,40,25.0
2024,80701,urbana,28,hombre,9,41,21.951219512195124
2024,80701,urbana,28,mujer,5,40,12.5
2024,80702,rural,16,hombre,1,8,12.5
2024,80702,rural,16,mujer,0,7,0.0
2024,80702,rural,17,hombre,2,14,14.285714285714286
2024,80702,rural,17,mujer,1,11,9.090909090909092
2024,80702,rural,18,hombre,5,17,29.41176470588235
2024,80702,rural,18,mujer,4,12,33.333333333333336
2024,80702,rural,19,hombre,10,14,71.42857142857143
2024,80702,rural,19,mujer,4,19,21.05263157894737
2024,80702,rural,20,hombre,12,16,75.0
2024,80702,rural,20,mujer,2,10,20.0
2024,80702,rural,21,hombre,13,18,72.22222222222223
2024,80702,rural,21,mujer,6,13,46.15384615384615
2024,80702,rural,22,hombre,11,16,68.75
2024,80702,rural,22,mujer,3,9,33.333333333333336
2024,80702,rural,23,hombre,15,20,75.0
2024,80702,rural,23,mujer,3,12,25.0
2024,80702,rural,24,hombre,13,15,86.66666666666667
2024,80702,rural,24,mujer,0,7,0.0
2024,80702,rural,25,hombre,10,13,76.92307692307692
2024,80702,rural,25,mujer,3,14,21.428571428571427
2024,80702,rural,26,hombre,11,12,91.66666666666667
2024,80702,rural,26,mujer,4,17,23.529411764705884
2024,80702,rural,27,hombre,6,11,54.54545454545455
2024,80702,rural,27,mujer,6,13,46.15384615384615
2024,80702,rural,28,hombre,15,19,78.94736842105263
2024,80702,rural,28,mujer,3,9,33.333333333333336
2024,80702,urbana,16,hombre,1,53,1.8867924528301887
2024,80702,urbana,16,mujer,3,54,5.555555555555555
2024,80702,urbana,17,hombre,0,41,0.0
2024,80702,urbana,17,mujer,3,38,7.894736842105263
2024,80702,urbana,18,hombre,0,31,0.0
2024,80702,urbana,18,mujer,0,25,0.0
2024,80702,urbana,19,hombre,4,35,11.428571428571429
2024,80702,urbana,19,mujer,1,24,4.166666666666667
2024,80702,urbana,20,hombre,3,24,12.5
2024,80702,urbana,20,mujer,0,24,0.0
2024,80702,urbana,21,hombre,4,31,12.903225806451612
2024,80702,urbana,21,mujer,1,17,5.882352941176471
2024,80702,urbana,22,hombre,4,24,16.666666666666668
2024,80702,urbana,22,mujer,3,17,17.647058823529413
2024,80702,urbana,23,hombre,5,31,16.129032258064516
2024,80702,urbana,23,mujer,0,25,0.0
2024,80702,urbana,24,hombre,3,19,15.789473684210526
2024,80702,urbana,24,mujer,5,39,12.820512820512821
2024,80702,urbana,25,hombre,3,20,15.0
2024,80702,urbana,25,mujer,8,35,22.857142857142858
2024,80702,urbana,26,hombre,9,32,28.125
2024,80702,urbana,26,mujer,2,27,7.407407407407407
2024,80702,urbana,27,hombre,3,17,17.647058823529413
2024,80702,urbana,27,mujer,5,24,20.833333333333332
2024,80702,urbana,28,hombre,15,30,50.0
2024,80702,urbana,28,mujer,0,32,0.0
2024,80703,rural,16,hombre,1,9,11.11111111111111
2024,80703,rural,16,mujer,2,17,11.764705882352942
2024,80703,rural,17,hombre,0,10,0.0
2024,80703,rural,17,mujer,1,6,16.666666666666668
2024,80703,rural,18,hombre,1,7,14.285714285714286
2024,80703,rural,18,mujer,1,8,12.5
2024,80703,rural,19,hombre,2,3,66.66666666666667
2024,80703,rural,19,mujer,1,6,16.666666666666668
2024,80703,rural,20,hombre,2,4,50.0
2024,80703,rural,20,mujer,1,9,11.11111111111111
2024,80703,rural,21,hombre,2,7,28.571428571428573
2024,80703,rural,21,mujer,2,8,25.0
2024,80703,rural,22,hombre,4,4,100.0
2024,80703,rural,22,mujer,4,7,57.142857142857146
2024,80703,rural,23,hombre,5,9,55.55555555555556
2024,80703,rural,23,mujer,1,8,12.5
2024,80703,rural,24,hombre,4,8,50.0
2024,80703,rural,24,mujer,2,10,20.0
2024,80703,rural,25,hombre,6,12,50.0
2024,80703,rural,25,mujer,1,5,20.0
2024,80703,rural,26,hombre,4,6,66.66666666666667
2024,80703,rural,26,mujer,0,14,0.0
2024,80703,rural,27,hombre,7,10,70.0
2024,80703,rural,27,mujer,1,6,16.666666666666668
2024,80703,rural,28,hombre,3,12,25.0
2024,80703,rural,28,mujer,2,8,25.0
2024,80801,rural,16,hombre,4,23,17.391304347826086
2024,80801,rural,16,mujer,0,23,0.0
2024,80801,rural,17,hombre,0,28,0.0
2024,80801,rural,17,mujer,0,18,0.0
2024,80801,rural,18,hombre,2,19,10.526315789473685
2024,80801,rural,18,mujer,1,15,6.666666666666667
2024,80801,rural,19,hombre,3,14,21.428571428571427
2024,80801,rural,19,mujer,2,11,18.181818181818183
2024,80801,rural,20,hombre,3,10,30.0
2024,80801,rural,20,mujer,1,16,6.25
2024,80801,rural,21,hombre,4,14,28.571428571428573
2024,80801,rural,21,mujer,3,14,21.428571428571427
2024,80801,rural,22,hombre,7,13,53.84615384615385
2024,80801,rural,22,mujer,2,15,13.333333333333334
2024,80801,rural,23,hombre,5,16,31.25
2024,80801,rural,23,mujer,2,19,10.526315789473685
2024,80801,rural,24,hombre,10,23,43.47826086956522
2024,80801,rural,24,mujer,6,25,24.0
2024,80801,rural,25,hombre,9,20,45.0
2024,80801,rural,25,mujer,3,14,21.428571428571427
2024,80801,rural,26,hombre,11,19,57.89473684210526
2024,80801,rural,26,mujer,2,16,12.5
2024,80801,rural,27,hombre,13,22,59.09090909090909
2024,80801,rural,27,mujer,2,13,15.384615384615385
2024,80801,rural,28,hombre,14,24,58.333333333333336
2024,80801,rural,28,mujer,1,22,4.545454545454546
2024,80801,urbana,16,hombre,2,104,1.9230769230769231
2024,80801,urbana,16,mujer,3,92,3.260869565217391
2024,80801,urbana,17,hombre,4,107,3.7383177570093458
2024,80801,urbana,17,mujer,3,100,3.0
2024,80801,urbana,18,hombre,3,64,4.6875
2024,80801,urbana,18,mujer,2,70,2.857142857142857
2024,80801,urbana,19,hombre,3,66,4.545454545454546
2024,80801,urbana,19,mujer,1,49,2.0408163265306123
2024,80801,urbana,20,hombre,5,50,10.0
2024,80801,urbana,20,mujer,2,53,3.7735849056603774
2024,80801,urbana,21,hombre,6,57,10.526315789473685
2024,80801,urbana,21,mujer,3,55,5.454545454545454
2024,80801,urbana,22,hombre,7,57,12.280701754385966
2024,80801,urbana,22,mujer,2,45,4.444444444444445
2024,80801,urbana,23,hombre,5,59,8.474576271186441
2024,80801,urbana,23,mujer,6,66,9.090909090909092
2024,80801,urbana,24,hombre,15,61,24.59016393442623
2024,80801,urbana,24,mujer,11,79,13.924050632911392
2024,80801,urbana,25,hombre,9,52,17.307692307692307
2024,80801,urbana,25,mujer,5,46,10.869565217391305
2024,80801,urbana,26,hombre,16,71,22.535211267605632
2024,80801,urbana,26,mujer,8,64,12.5
2024,80801,urbana,27,hombre,16,66,24.242424242424242
2024,80801,urbana,27,mujer,14,80,17.5
2024,80801,urbana,28,hombre,17,58,29.310344827586206
2024,80801,urbana,28,mujer,8,69,11.594202898550725
2024,80802,rural,16,hombre,4,31,12.903225806451612
2024,80802,rural,16,mujer,2,24,8.333333333333334
2024,80802,rural,17,hombre,2,45,4.444444444444445
2024,80802,rural,17,mujer,3,33,9.090909090909092
2024,80802,rural,18,hombre,4,31,12.903225806451612
2024,80802,rural,18,mujer,6,21,28.571428571428573
2024,80802,rural,19,hombre,2,25,8.0
2024,80802,rural,19,mujer,0,18,0.0
2024,80802,rural,20,hombre,7,34,20.58823529411765
2024,80802,rural,20,mujer,5,28,17.857142857142858
2024,80802,rural,21,hombre,6,35,17.142857142857142
2024,80802,rural,21,mujer,2,26,7.6923076923076925
2024,80802,rural,22,hombre,10,45,22.22222222222222
2024,80802,rural,22,mujer,3,33,9.090909090909092
2024,80802,rural,23,hombre,16,43,37.2093023255814
2024,80802,rural,23,mujer,10,47,21.27659574468085
2024,80802,rural,24,hombre,25,58,43.10344827586207
2024,80802,rural,24,mujer,7,42,16.666666666666668
2024,80802,rural,25,hombre,15,42,35.714285714285715
2024,80802,rural,25,mujer,4,29,13.793103448275861
2024,80802,rural,26,hombre,23,51,45.09803921568628
2024,80802,rural,26,mujer,8,39,20.512820512820515
2024,80802,rural,27,hombre,13,37,35.13513513513514
2024,80802,rural,27,mujer,14,46,30.434782608695652
2024,80802,rural,28,hombre,23,45,51.111111111111114
2024,80802,rural,28,mujer,9,37,24.324324324324323
2024,80802,urbana,16,hombre,1,23,4.3478260869565215
2024,80802,urbana,16,mujer,1,22,4.545454545454546
2024,80802,urbana,17,hombre,2,24,8.333333333333334
2024,80802,urbana,17,mujer,0,22,0.0
2024,80802,urbana,18,hombre,1,11,9.090909090909092
2024,80802,urbana,18,mujer,0,14,0.0
2024,80802,urbana,19,hombre,1,13,7.6923076923076925
2024,80802,urbana,19,mujer,2,13,15.384615384615385
2024,80802,urbana,20,hombre,3,17,17.647058823529413
2024,80802,urbana,20,mujer,1,15,6.666666666666667
2024,80802,urbana,21,hombre,3,10,30.0
2024,80802,urbana,21,mujer,2,15,13.333333333333334
2024,80802,urbana,22,hombre,3,9,33.333333333333336
2024,80802,urbana,22,mujer,1,10,10.0
2024,80802,urbana,23,hombre,3,11,27.272727272727273
2024,80802,urbana,23,mujer,2,12,16.666666666666668
2024,80802,urbana,24,hombre,2,12,16.666666666666668
2024,80802,urbana,24,mujer,6,14,42.857142857142854
2024,80802,urbana,25,hombre,4,16,25.0
2024,80802,urbana,25,mujer,2,11,18.181818181818183
2024,80802,urbana,26,hombre,2,11,18.181818181818183
2024,80802,urbana,26,mujer,2,12,16.666666666666668
2024,80802,urbana,27,hombre,4,14,28.571428571428573
2024,80802,urbana,27,mujer,3,11,27.272727272727273
2024,80802,urbana,28,hombre,7,15,46.666666666666664
2024,80802,urbana,28,mujer,3,17,17.647058823529413
2024,80803,rural,16,hombre,1,18,5.555555555555555
2024,80803,rural,16,mujer,4,13,30.76923076923077
2024,80803,rural,17,hombre,1,17,5.882352941176471
2024,80803,rural,17,mujer,2,11,18.181818181818183
2024,80803,rural,18,hombre,1,16,6.25
2024,80803,rural,18,mujer,2,19,10.526315789473685
2024,80803,rural,19,hombre,2,16,12.5
2024,80803,rural,19,mujer,1,18,5.555555555555555
2024,80803,rural,20,hombre,1,16,6.25
2024,80803,rural,20,mujer,1,17,5.882352941176471
2024,80803,rural,21,hombre,2,19,10.526315789473685
2024,80803,rural,21,mujer,0,14,0.0
2024,80803,rural,22,hombre,2,13,15.384615384615385
2024,80803,rural,22,mujer,4,15,26.666666666666668
2024,80803,rural,23,hombre,10,23,43.47826086956522
2024,80803,rural,23,mujer,1,16,6.25
2024,80803,rural,24,hombre,2,26,7.6923076923076925
2024,80803,rural,24,mujer,2,12,16.666666666666668
2024,80803,rural,25,hombre,8,22,36.36363636363637
2024,80803,rural,25,mujer,0,11,0.0
2024,80803,rural,26,hombre,4,12,33.333333333333336
2024,80803,rural,26,mujer,1,14,7.142857142857143
2024,80803,rural,27,hombre,7,20,35.0
2024,80803,rural,27,mujer,3,16,18.75
2024,80803,rural,28,hombre,2,19,10.526315789473685
2024,80803,rural,28,mujer,3,14,21.428571428571427
2024,80803,urbana,16,hombre,2,19,10.526315789473685
2024,80803,urbana,16,mujer,0,20,0.0
2024,80803,urbana,17,hombre,2,23,8.695652173913043
2024,80803,urbana,17,mujer,0,13,0.0
2024,80803,urbana,18,hombre,0,8,0.0
2024,80803,urbana,18,mujer,1,7,14.285714285714286
2024,80803,urbana,19,hombre,1,8,12.5
2024,80803,urbana,19,mujer,0,8,0.0
2024,80803,urbana,20,hombre,2,17,11.764705882352942
2024,80803,urbana,20,mujer,2,13,15.384615384615385
2024,80803,urbana,21,hombre,1,11,9.090909090909092
2024,80803,urbana,21,mujer,2,15,13.333333333333334
2024,80803,urbana,22,hombre,1,12,8.333333333333334
2024,80803,urbana,22,mujer,0,13,0.0
2024,80803,urbana,23,hombre,0,14,0.0
2024,80803,urbana,23,mujer,0,16,0.0
2024,80803,urbana,24,hombre,2,18,11.11111111111111
2024,80803,urbana,24,mujer,0,12,0.0
2024,80803,urbana,25,hombre,3,17,17.647058823529413
2024,80803,urbana,25,mujer,0,7,0.0
2024,80803,urbana,26,hombre,6,20,30.0
2024,80803,urbana,26,mujer,4,17,23.529411764705884
2024,80803,urbana,27,hombre,6,15,40.0
2024,80803,urbana,27,mujer,1,8,12.5
2024,80803,urbana,28,hombre,4,16,25.0
2024,80803,urbana,28,mujer,3,16,18.75
2024,80901,rural,16,hombre,1,53,1.8867924528301887
2024,80901,rural,16,mujer,1,37,2.7027027027027026
2024,80901,rural,17,hombre,3,43,6.976744186046512
2024,80901,rural,17,mujer,3,30,10.0
2024,80901,rural,18,hombre,4,31,12.903225806451612
2024,80901,rural,18,mujer,3,25,12.0
2024,80901,rural,19,hombre,4,26,15.384615384615385
2024,80901,rural,19,mujer,2,27,7.407407407407407
2024,80901,rural,20,hombre,8,27,29.62962962962963
2024,80901,rural,20,mujer,5,30,16.666666666666668
2024,80901,rural,21,hombre,14,41,34.146341463414636
2024,80901,rural,21,mujer,3,35,8.571428571428571
2024,80901,rural,22,hombre,4,23,17.391304347826086
2024,80901,rural,22,mujer,4,26,15.384615384615385
2024,80901,rural,23,hombre,9,21,42.857142857142854
2024,80901,rural,23,mujer,4,34,11.764705882352942
2024,80901,rural,24,hombre,21,35,60.0
2024,80901,rural,24,mujer,6,31,19.35483870967742
2024,80901,rural,25,hombre,18,34,52.94117647058823
2024,80901,rural,25,mujer,3,31,9.67741935483871
2024,80901,rural,26,hombre,13,25,52.0
2024,80901,rural,26,mujer,7,28,25.0
2024,80901,rural,27,hombre,15,24,62.5
2024,80901,rural,27,mujer,5,34,14.705882352941176
2024,80901,rural,28,hombre,16,24,66.66666666666667
2024,80901,rural,28,mujer,2,15,13.333333333333334
2024,90101,rural,16,hombre,1,11,9.090909090909092
2024,90101,rural,16,mujer,1,7,14.285714285714286
2024,90101,rural,17,hombre,0,10,0.0
2024,90101,rural,17,mujer,0,9,0.0
2024,90101,rural,18,hombre,3,10,30.0
2024,90101,rural,18,mujer,1,8,12.5
2024,90101,rural,19,hombre,0,4,0.0
2024,90101,rural,19,mujer,1,13,7.6923076923076925
2024,90101,rural,20,hombre,4,9,44.44444444444444
2024,90101,rural,20,mujer,2,9,22.22222222222222
2024,90101,rural,21,hombre,2,8,25.0
2024,90101,rural,21,mujer,3,8,37.5
2024,90101,rural,22,hombre,3,6,50.0
2024,90101,rural,22,mujer,7,21,33.333333333333336
2024,90101,rural,23,hombre,11,17,64.70588235294117
2024,90101,rural,23,mujer,4,18,22.22222222222222
2024,90101,rural,24,hombre,5,12,41.666666666666664
2024,90101,rural,24,mujer,6,17,35.294117647058826
2024,90101,rural,25,hombre,6,12,50.0
2024,90101,rural,25,mujer,4,13,30.76923076923077
2024,90101,rural,26,hombre,9,15,60.0
2024,90101,rural,26,mujer,6,14,42.857142857142854
2024,90101,rural,27,hombre,3,9,33.333333333333336
2024,90101,rural,27,mujer,6,12,50.0
2024,90101,rural,28,hombre,6,16,37.5
2024,90101,rural,28,mujer,7,14,50.0
2024,90101,urbana,16,hombre,16,483,3.3126293995859215
2024,90101,urbana,16,mujer,19,485,3.917525773195876
2024,90101,urbana,17,hombre,14,492,2.845528455284553
2024,90101,urbana,17,mujer,32,509,6.286836935166994
2024,90101,urbana,18,hombre,41,414,9.903381642512077
2024,90101,urbana,18,mujer,46,502,9.163346613545817
2024,90101,urbana,19,hombre,66,425,15.529411764705882
2024,90101,urbana,19,mujer,55,442,12.44343891402715
2024,90101,urbana,20,hombre,77,412,18.689320388349515
2024,90101,urbana,20,mujer,74,490,15.10204081632653
2024,90101,urbana,21,hombre,80,429,18.64801864801865
2024,90101,urbana,21,mujer,90,484,18.59504132231405
2024,90101,urbana,22,hombre,130,457,28.446389496717725
2024,90101,urbana,22,mujer,104,529,19.659735349716446
2024,90101,urbana,23,hombre,136,475,28.63157894736842
2024,90101,urbana,23,mujer,131,537,24.394785847299815
2024,90101,urbana,24,hombre,149,497,29.979879275653925
2024,90101,urbana,24,mujer,148,506,29.24901185770751
2024,90101,urbana,25,hombre,153,431,35.498839907192576
2024,90101,urbana,25,mujer,121,454,26.651982378854626
2024,90101,urbana,26,hombre,168,399,42.10526315789474
2024,90101,urbana,26,mujer,140,485,28.8659793814433
2024,90101,urbana,27,hombre,176,391,45.012787723785166
2024,90101,urbana,27,mujer,150,468,32.05128205128205
2024,90101,urbana,28,hombre,194,395,49.11392405063291
2024,90101,urbana,28,mujer,149,459,32.46187363834423
2024,90102,rural,16,hombre,0,18,0.0
2024,90102,rural,16,mujer,0,18,0.0
2024,90102,rural,17,hombre,1,13,7.6923076923076925
2024,90102,rural,17,mujer,0,14,0.0
2024,90102,rural,18,hombre,0,12,0.0
2024,90102,rural,18,mujer,2,18,11.11111111111111
2024,90102,rural,19,hombre,1,16,6.25
2024,90102,rural,19,mujer,3,15,20.0
2024,90102,rural,20,hombre,2,6,33.333333333333336
2024,90102,rural,20,mujer,2,16,12.5
2024,90102,rural,21,hombre,3,14,21.428571428571427
2024,90102,rural,21,mujer,3,13,23.076923076923077
2024,90102,rural,22,hombre,1,7,14.285714285714286
2024,90102,rural,22,mujer,2,9,22.22222222222222
2024,90102,rural,23,hombre,8,18,44.44444444444444
2024,90102,rural,23,mujer,7,29,24.137931034482758
2024,90102,rural,24,hombre,3,13,23.076923076923077
2024,90102,rural,24,mujer,6,14,42.857142857142854
2024,90102,rural,25,hombre,4,14,28.571428571428573
2024,90102,rural,25,mujer,6,19,31.57894736842105
2024,90102,rural,26,hombre,8,17,47.05882352941177
2024,90102,rural,26,mujer,3,14,21.428571428571427
2024,90102,rural,27,hombre,8,18,44.44444444444444
2024,90102,rural,27,mujer,13,18,72.22222222222223
2024,90102,rural,28,hombre,1,9,11.11111111111111
2024,90102,rural,28,mujer,9,14,64.28571428571429
2024,90102,urbana,16,hombre,2,64,3.125
2024,90102,urbana,16,mujer,0,75,0.0
2024,90102,urbana,17,hombre,3,67,4.477611940298507
2024,90102,urbana,17,mujer,5,85,5.882352941176471
2024,90102,urbana,18,hombre,1,69,1.4492753623188406
2024,90102,urbana,18,mujer,3,74,4.054054054054054
2024,90102,urbana,19,hombre,3,54,5.555555555555555
2024,90102,urbana,19,mujer,5,71,7.042253521126761
2024,90102,urbana,20,hombre,4,76,5.2631578947368425
2024,90102,urbana,20,mujer,12,74,16.216216216216218
2024,90102,urbana,21,hombre,9,48,18.75
2024,90102,urbana,21,mujer,4,51,7.8431372549019605
2024,90102,urbana,22,hombre,13,65,20.0
2024,90102,urbana,22,mujer,10,51,19.607843137254903
2024,90102,urbana,23,hombre,16,65,24.615384615384617
2024,90102,urbana,23,mujer,14,66,21.21212121212121
2024,90102,urbana,24,hombre,17,77,22.07792207792208
2024,90102,urbana,24,mujer,18,79,22.78481012658228
2024,90102,urbana,25,hombre,16,60,26.666666666666668
2024,90102,urbana,25,mujer,19,81,23.45679012345679
2024,90102,urbana,26,hombre,14,38,36.8421052631579
2024,90102,urbana,26,mujer,10,40,25.0
2024,90102,urbana,27,hombre,15,51,29.41176470588235
2024,90102,urbana,27,mujer,12,57,21.05263157894737
2024,90102,urbana,28,hombre,18,50,36.0
2024,90102,urbana,28,mujer,16,61,26.229508196721312
2024,90103,rural,16,hombre,2,20,10.0
2024,90103,rural,16,mujer,0,17,0.0
2024,90103,rural,17,hombre,3,20,15.0
2024,90103,rural,17,mujer,0,9,0.0
2024,90103,rural,18,hombre,4,16,25.0
2024,90103,rural,18,mujer,0,14,0.0
2024,90103,rural,19,hombre,5,19,26.31578947368421
2024,90103,rural,19,mujer,1,12,8.333333333333334
2024,90103,rural,20,hombre,6,16,37.5
2024,90103,rural,20,mujer,1,13,7.6923076923076925
2024,90103,rural,21,hombre,6,13,46.15384615384615
2024,90103,rural,21,mujer,7,24,29.166666666666668
2024,90103,rural,22,hombre,7,16,43.75
2024,90103,rural,22,mujer,2,9,22.22222222222222
2024,90103,rural,23,hombre,9,20,45.0
2024,90103,rural,23,mujer,4,17,23.529411764705884
2024,90103,rural,24,hombre,17,26,65.38461538461539
2024,90103,rural,24,mujer,5,16,31.25
2024,90103,rural,25,hombre,4,19,21.05263157894737
2024,90103,rural,25,mujer,6,18,33.333333333333336
2024,90103,rural,26,hombre,11,23,47.82608695652174
2024,90103,rural,26,mujer,5,14,35.714285714285715
2024,90103,rural,27,hombre,12,16,75.0
2024,90103,rural,27,mujer,2,15,13.333333333333334
2024,90103,rural,28,hombre,10,18,55.55555555555556
2024,90103,rural,28,mujer,5,13,38.46153846153846
2024,90104,rural,16,hombre,0,14,0.0
2024,90104,rural,16,mujer,2,23,8.695652173913043
2024,90104,rural,17,hombre,6,33,18.181818181818183
2024,90104,rural,17,mujer,2,21,9.523809523809524
2024,90104,rural,18,hombre,8,22,36.36363636363637
2024,90104,rural,18,mujer,6,27,22.22222222222222
2024,90104,rural,19,hombre,4,18,22.22222222222222
2024,90104,rural,19,mujer,8,20,40.0
2024,90104,rural,20,hombre,10,31,32.25806451612903
2024,90104,rural,20,mujer,6,26,23.076923076923077
2024,90104,rural,21,hombre,11,29,37.93103448275862
2024,90104,rural,21,mujer,4,15,26.666666666666668
2024,90104,rural,22,hombre,9,27,33.333333333333336
2024,90104,rural,22,mujer,11,32,34.375
2024,90104,rural,23,hombre,18,41,43.90243902439025
2024,90104,rural,23,mujer,8,24,33.333333333333336
2024,90104,rural,24,hombre,19,37,51.351351351351354
2024,90104,rural,24,mujer,9,31,29.032258064516128
2024,90104,rural,25,hombre,12,26,46.15384615384615
2024,90104,rural,25,mujer,8,26,30.76923076923077
2024,90104,rural,26,hombre,14,27,51.851851851851855
2024,90104,rural,26,mujer,10,22,45.45454545454545
2024,90104,rural,27,hombre,26,41,63.41463414634146
2024,90104,rural,27,mujer,9,24,37.5
2024,90104,rural,28,hombre,20,31,64.51612903225806
2024,90104,rural,28,mujer,10,28,35.714285714285715
2024,90201,rural,16,hombre,0,48,0.0
2024,90201,rural,16,mujer,3,47,6.382978723404255
2024,90201,rural,17,hombre,2,43,4.651162790697675
2024,90201,rural,17,mujer,3,34,8.823529411764707
2024,90201,rural,18,hombre,4,39,10.256410256410257
2024,90201,rural,18,mujer,4,37,10.81081081081081
2024,90201,rural,19,hombre,3,30,10.0
2024,90201,rural,19,mujer,2,26,7.6923076923076925
2024,90201,rural,20,hombre,6,25,24.0
2024,90201,rural,20,mujer,6,32,18.75
2024,90201,rural,21,hombre,12,37,32.432432432432435
2024,90201,rural,21,mujer,2,31,6.451612903225806
2024,90201,rural,22,hombre,17,48,35.416666666666664
2024,90201,rural,22,mujer,5,30,16.666666666666668
2024,90201,rural,23,hombre,16,35,45.714285714285715
2024,90201,rural,23,mujer,4,29,13.793103448275861
2024,90201,rural,24,hombre,19,40,47.5
2024,90201,rural,24,mujer,3,29,10.344827586206897
2024,90201,rural,25,hombre,22,41,53.65853658536585
2024,90201,rural,25,mujer,6,32,18.75
2024,90201,rural,26,hombre,23,35,65.71428571428571
2024,90201,rural,26,mujer,9,39,23.076923076923077
2024,90201,rural,27,hombre,17,30,56.666666666666664
2024,90201,rural,27,mujer,4,24,16.666666666666668
2024,90201,rural,28,hombre,29,46,63.04347826086956
2024,90201,rural,28,mujer,7,31,22.580645161290324
2024,90201,urbana,16,hombre,1,31,3.225806451612903
2024,90201,urbana,16,mujer,0,28,0.0
2024,90201,urbana,17,hombre,4,33,12.121212121212121
2024,90201,urbana,17,mujer,3,34,8.823529411764707
2024,90201,urbana,18,hombre,7,21,33.333333333333336
2024,90201,urbana,18,mujer,10,42,23.80952380952381
2024,90201,urbana,19,hombre,4,24,16.666666666666668
2024,90201,urbana,19,mujer,8,35,22.857142857142858
2024,90201,urbana,20,hombre,9,25,36.0
2024,90201,urbana,20,mujer,18,33,54.54545454545455
2024,90201,urbana,21,hombre,6,23,26.08695652173913
2024,90201,urbana,21,mujer,13,45,28.88888888888889
2024,90201,urbana,22,hombre,18,38,47.36842105263158
2024,90201,urbana,22,mujer,9,35,25.714285714285715
2024,90201,urbana,23,hombre,18,35,51.42857142857143
2024,90201,urbana,23,mujer,6,41,14.634146341463415
2024,90201,urbana,24,hombre,18,30,60.0
2024,90201,urbana,24,mujer,16,46,34.78260869565217
2024,90201,urbana,25,hombre,25,40,62.5
2024,90201,urbana,25,mujer,15,30,50.0
2024,90201,urbana,26,hombre,19,32,59.375
2024,90201,urbana,26,mujer,5,31,16.129032258064516
2024,90201,urbana,27,hombre,16,29,55.172413793103445
2024,90201,urbana,27,mujer,7,19,36.8421052631579
2024,90201,urbana,28,hombre,10,20,50.0
2024,90201,urbana,28,mujer,9,28,32.142857142857146
2024,90202,rural,16,hombre,0,26,0.0
2024,90202,rural,16,mujer,2,46,4.3478260869565215
2024,90202,rural,17,hombre,0,38,0.0
2024,90202,rural,17,mujer,0,35,0.0
2024,90202,rural,18,hombre,5,29,17.24137931034483
2024,90202,rural,18,mujer,1,35,2.857142857142857
2024,90202,rural,19,hombre,0,37,0.0
2024,90202,rural,19,mujer,1,31,3.225806451612903
2024,90202,rural,20,hombre,6,36,16.666666666666668
2024,90202,rural,20,mujer,0,34,0.0
2024,90202,rural,21,hombre,6,25,24.0
2024,90202,rural,21,mujer,0,21,0.0
2024,90202,rural,22,hombre,5,29,17.24137931034483
2024,90202,rural,22,mujer,3,25,12.0
2024,90202,rural,23,hombre,3,25,12.0
2024,90202,rural,23,mujer,1,27,3.7037037037037037
2024,90202,rural,24,hombre,12,39,30.76923076923077
2024,90202,rural,24,mujer,2,28,7.142857142857143
2024,90202,rural,25,hombre,5,20,25.0
2024,90202,rural,25,mujer,1,27,3.7037037037037037
2024,90202,rural,26,hombre,15,25,60.0
2024,90202,rural,26,mujer,2,22,9.090909090909092
2024,90202,rural,27,hombre,14,29,48.275862068965516
2024,90202,rural,27,mujer,4,26,15.384615384615385
2024,90202,rural,28,hombre,15,25,60.0
2024,90202,rural,28,mujer,3,21,14.285714285714286
2024,90203,rural,16,hombre,1,89,1.1235955056179776
2024,90203,rural,16,mujer,2,57,3.508771929824561
2024,90203,rural,17,hombre,3,60,5.0
2024,90203,rural,17,mujer,4,63,6.349206349206349
2024,90203,rural,18,hombre,8,55,14.545454545454545
2024,90203,rural,18,mujer,12,51,23.529411764705884
2024,90203,rural,19,hombre,16,55,29.09090909090909
2024,90203,rural,19,mujer,11,62,17.741935483870968
2024,90203,rural,20,hombre,14,59,23.728813559322035
2024,90203,rural,20,mujer,14,67,20.895522388059703
2024,90203,rural,21,hombre,20,70,28.571428571428573
2024,90203,rural,21,mujer,16,66,24.242424242424242
2024,90203,rural,22,hombre,22,72,30.555555555555557
2024,90203,rural,22,mujer,17,72,23.61111111111111
2024,90203,rural,23,hombre,46,84,54.76190476190476
2024,90203,rural,23,mujer,26,76,34.21052631578947
2024,90203,rural,24,hombre,31,75,41.333333333333336
2024,90203,rural,24,mujer,22,63,34.92063492063492
2024,90203,rural,25,hombre,47,73,64.38356164383562
2024,90203,rural,25,mujer,21,66,31.818181818181817
2024,90203,rural,26,hombre,47,89,52.80898876404494
2024,90203,rural,26,mujer,20,75,26.666666666666668
2024,90203,rural,27,hombre,43,78,55.12820512820513
2024,90203,rural,27,mujer,13,51,25.49019607843137
2024,90203,rural,28,hombre,51,82,62.19512195121951
2024,90203,rural,28,mujer,13,41,31.70731707317073
2024,90301,rural,16,hombre,2,77,2.5974025974025974
2024,90301,rural,16,mujer,0,82,0.0
2024,90301,rural,17,hombre,3,87,3.4482758620689653
2024,90301,rural,17,mujer,3,90,3.3333333333333335
2024,90301,rural,18,hombre,10,68,14.705882352941176
2024,90301,rural,18,mujer,7,75,9.333333333333334
2024,90301,rural,19,hombre,15,57,26.31578947368421
2024,90301,rural,19,mujer,8,79,10.126582278481013
2024,90301,rural,20,hombre,9,90,10.0
2024,90301,rural,20,mujer,6,58,10.344827586206897
2024,90301,rural,21,hombre,11,71,15.492957746478874
2024,90301,rural,21,mujer,7,56,12.5
2024,90301,rural,22,hombre,18,69,26.08695652173913
2024,90301,rural,22,mujer,8,71,11.267605633802816
2024,90301,rural,23,hombre,25,78,32.05128205128205
2024,90301,rural,23,mujer,14,85,16.470588235294116
2024,90301,rural,24,hombre,25,103,24.271844660194176
2024,90301,rural,24,mujer,16,101,15.841584158415841
2024,90301,rural,25,hombre,31,79,39.24050632911393
2024,90301,rural,25,mujer,20,92,21.73913043478261
2024,90301,rural,26,hombre,24,57,42.10526315789474
2024,90301,rural,26,mujer,8,66,12.121212121212121
2024,90301,rural,27,hombre,30,78,38.46153846153846
2024,90301,rural,27,mujer,9,73,12.32876712328767
2024,90301,rural,28,hombre,22,72,30.555555555555557
2024,90301,rural,28,mujer,8,61,13.114754098360656
2024,90301,urbana,16,hombre,0,12,0.0
2024,90301,urbana,16,mujer,0,9,0.0
2024,90301,urbana,17,hombre,2,14,14.285714285714286
2024,90301,urbana,17,mujer,1,11,9.090909090909092
2024,90301,urbana,18,hombre,1,15,6.666666666666667
2024,90301,urbana,18,mujer,1,17,5.882352941176471
2024,90301,urbana,19,hombre,4,11,36.36363636363637
2024,90301,urbana,19,mujer,2,13,15.384615384615385
2024,90301,urbana,20,hombre,2,9,22.22222222222222
2024,90301,urbana,20,mujer,1,9,11.11111111111111
2024,90301,urbana,21,hombre,3,11,27.272727272727273
2024,90301,urbana,21,mujer,5,14,35.714285714285715
2024,90301,urbana,22,hombre,1,10,10.0
2024,90301,urbana,22,mujer,3,11,27.272727272727273
2024,90301,urbana,23,hombre,5,13,38.46153846153846
2024,90301,urbana,23,mujer,2,14,14.285714285714286
2024,90301,urbana,24,hombre,5,15,33.333333333333336
2024,90301,urbana,24,mujer,3,18,16.666666666666668
2024,90301,urbana,25,hombre,4,9,44.44444444444444
2024,90301,urbana,25,mujer,2,12,16.666666666666668
2024,90301,urbana,26,hombre,6,19,31.57894736842105
2024,90301,urbana,26,mujer,4,8,50.0
2024,90301,urbana,27,hombre,1,13,7.6923076923076925
2024,90301,urbana,27,mujer,2,14,14.285714285714286
2024,90301,urbana,28,hombre,3,17,17.647058823529413
2024,90301,urbana,28,mujer,5,20,25.0
2024,90302,rural,16,hombre,2,86,2.3255813953488373
2024,90302,rural,16,mujer,4,102,3.9215686274509802
2024,90302,rural,17,hombre,8,115,6.956521739130435
2024,90302,rural,17,mujer,1,105,0.9523809523809523
2024,90302,rural,18,hombre,6,90,6.666666666666667
2024,90302,rural,18,mujer,2,64,3.125
2024,90302,rural,19,hombre,12,73,16.438356164383563
2024,90302,rural,19,mujer,4,72,5.555555555555555
2024,90302,rural,20,hombre,16,92,17.391304347826086
2024,90302,rural,20,mujer,16,90,17.77777777777778
2024,90302,rural,21,hombre,27,69,39.130434782608695
2024,90302,rural,21,mujer,11,70,15.714285714285714
2024,90302,rural,22,hombre,37,101,36.633663366336634
2024,90302,rural,22,mujer,5,79,6.329113924050633
2024,90302,rural,23,hombre,29,74,39.189189189189186
2024,90302,rural,23,mujer,15,85,17.647058823529413
2024,90302,rural,24,hombre,35,80,43.75
2024,90302,rural,24,mujer,14,82,17.073170731707318
2024,90302,rural,25,hombre,30,69,43.47826086956522
2024,90302,rural,25,mujer,10,92,10.869565217391305
2024,90302,rural,26,hombre,43,75,57.333333333333336
2024,90302,rural,26,mujer,11,54,20.37037037037037
2024,90302,rural,27,hombre,42,86,48.83720930232558
2024,90302,rural,27,mujer,14,84,16.666666666666668
2024,90302,rural,28,hombre,37,78,47.43589743589744
2024,90302,rural,28,mujer,15,71,21.12676056338028
2024,90303,rural,16,hombre,1,57,1.7543859649122806
2024,90303,rural,16,mujer,1,39,2.5641025641025643
2024,90303,rural,17,hombre,5,59,8.474576271186441
2024,90303,rural,17,mujer,2,45,4.444444444444445
2024,90303,rural,18,hombre,11,46,23.91304347826087
2024,90303,rural,18,mujer,10,51,19.607843137254903
2024,90303,rural,19,hombre,15,52,28.846153846153847
2024,90303,rural,19,mujer,13,54,24.074074074074073
2024,90303,rural,20,hombre,20,59,33.898305084745765
2024,90303,rural,20,mujer,6,32,18.75
2024,90303,rural,21,hombre,21,51,41.1764705882353
2024,90303,rural,21,mujer,12,51,23.529411764705884
2024,90303,rural,22,hombre,24,57,42.10526315789474
2024,90303,rural,22,mujer,10,48,20.833333333333332
2024,90303,rural,23,hombre,26,57,45.6140350877193
2024,90303,rural,23,mujer,9,41,21.951219512195124
2024,90303,rural,24,hombre,31,61,50.81967213114754
2024,90303,rural,24,mujer,10,57,17.54385964912281
2024,90303,rural,25,hombre,23,49,46.93877551020408
2024,90303,rural,25,mujer,11,37,29.72972972972973
2024,90303,rural,26,hombre,36,67,53.73134328358209
2024,90303,rural,26,mujer,12,39,30.76923076923077
2024,90303,rural,27,hombre,46,62,74.19354838709677
2024,90303,rural,27,mujer,19,40,47.5
2024,90303,rural,28,hombre,29,49,59.183673469387756
2024,90303,rural,28,mujer,8,42,19.047619047619047
2024,90303,urbana,16,hombre,5,45,11.11111111111111
2024,90303,urbana,16,mujer,5,45,11.11111111111111
2024,90303,urbana,17,hombre,6,46,13.043478260869565
2024,90303,urbana,17,mujer,5,47,10.638297872340425
2024,90303,urbana,18,hombre,5,31,16.129032258064516
2024,90303,urbana,18,mujer,4,35,11.428571428571429
2024,90303,urbana,19,hombre,2,24,8.333333333333334
2024,90303,urbana,19,mujer,5,37,13.513513513513514
2024,90303,urbana,20,hombre,7,29,24.137931034482758
2024,90303,urbana,20,mujer,7,29,24.137931034482758
2024,90303,urbana,21,hombre,10,29,34.48275862068966
2024,90303,urbana,21,mujer,8,40,20.0
2024,90303,urbana,22,hombre,13,39,33.333333333333336
2024,90303,urbana,22,mujer,4,35,11.428571428571429
2024,90303,urbana,23,hombre,15,30,50.0
2024,90303,urbana,23,mujer,4,35,11.428571428571429
2024,90303,urbana,24,hombre,18,36,50.0
2024,90303,urbana,24,mujer,9,43,20.930232558139537
2024,90303,urbana,25,hombre,12,35,34.285714285714285
2024,90303,urbana,25,mujer,13,38,34.21052631578947
2024,90303,urbana,26,hombre,18,29,62.06896551724138
2024,90303,urbana,26,mujer,10,26,38.46153846153846
2024,90303,urbana,27,hombre,25,37,67.56756756756756
2024,90303,urbana,27,mujer,10,34,29.41176470588235
2024,90303,urbana,28,hombre,17,29,58.62068965517241
2024,90303,urbana,28,mujer,15,46,32.608695652173914
2024,90401,rural,16,hombre,3,32,9.375
2024,90401,rural,16,mujer,2,20,10.0
2024,90401,rural,17,hombre,3,24,12.5
2024,90401,rural,17,mujer,1,19,5.2631578947368425
2024,90401,rural,18,hombre,1,21,4.761904761904762
2024,90401,rural,18,mujer,2,25,8.0
2024,90401,rural,19,hombre,8,21,38.095238095238095
2024,90401,rural,19,mujer,5,22,22.727272727272727
2024,90401,rural,20,hombre,4,12,33.333333333333336
2024,90401,rural,20,mujer,3,18,16.666666666666668
2024,90401,rural,21,hombre,9,26,34.61538461538461
2024,90401,rural,21,mujer,6,24,25.0
2024,90401,rural,22,hombre,8,20,40.0
2024,90401,rural,22,mujer,5,17,29.41176470588235
2024,90401,rural,23,hombre,18,34,52.94117647058823
2024,90401,rural,23,mujer,7,29,24.137931034482758
2024,90401,rural,24,hombre,12,23,52.17391304347826
2024,90401,rural,24,mujer,4,25,16.0
2024,90401,rural,25,hombre,11,25,44.0
2024,90401,rural,25,mujer,5,19,26.31578947368421
2024,90401,rural,26,hombre,17,25,68.0
2024,90401,rural,26,mujer,11,25,44.0
2024,90401,rural,27,hombre,15,24,62.5
2024,90401,rural,27,mujer,6,31,19.35483870967742
2024,90401,rural,28,hombre,20,30,66.66666666666667
2024,90401,rural,28,mujer,6,23,26.08695652173913
2024,90402,rural,16,hombre,0,25,0.0
2024,90402,rural,16,mujer,0,17,0.0
2024,90402,rural,17,hombre,3,28,10.714285714285714
2024,90402,rural,17,mujer,1,25,4.0
2024,90402,rural,18,hombre,0,14,0.0
2024,90402,rural,18,mujer,4,23,17.391304347826086
2024,90402,rural,19,hombre,2,15,13.333333333333334
2024,90402,rural,19,mujer,2,15,13.333333333333334
2024,90402,rural,20,hombre,3,25,12.0
2024,90402,rural,20,mujer,3,14,21.428571428571427
2024,90402,rural,21,hombre,4,16,25.0
2024,90402,rural,21,mujer,4,16,25.0
2024,90402,rural,22,hombre,4,32,12.5
2024,90402,rural,22,mujer,3,23,13.043478260869565
2024,90402,rural,23,hombre,10,29,34.48275862068966
2024,90402,rural,23,mujer,6,23,26.08695652173913
2024,90402,rural,24,hombre,13,22,59.09090909090909
2024,90402,rural,24,mujer,9,23,39.130434782608695
2024,90402,rural,25,hombre,9,22,40.90909090909091
2024,90402,rural,25,mujer,5,11,45.45454545454545
2024,90402,rural,26,hombre,10,21,47.61904761904762
2024,90402,rural,26,mujer,6,19,31.57894736842105
2024,90402,rural,27,hombre,17,30,56.666666666666664
2024,90402,rural,27,mujer,4,10,40.0
2024,90402,rural,28,hombre,17,31,54.83870967741935
2024,90402,rural,28,mujer,4,23,17.391304347826086
2024,90501,rural,16,hombre,0,16,0.0
2024,90501,rural,16,mujer,1,15,6.666666666666667
2024,90501,rural,17,hombre,1,9,11.11111111111111
2024,90501,rural,17,mujer,1,17,5.882352941176471
2024,90501,rural,18,hombre,1,10,10.0
2024,90501,rural,18,mujer,0,9,0.0
2024,90501,rural,19,hombre,5,16,31.25
2024,90501,rural,19,mujer,0,8,0.0
2024,90501,rural,20,hombre,2,12,16.666666666666668
2024,90501,rural,20,mujer,2,7,28.571428571428573
2024,90501,rural,21,hombre,6,11,54.54545454545455
2024,90501,rural,21,mujer,1,8,12.5
2024,90501,rural,22,hombre,4,9,44.44444444444444
2024,90501,rural,22,mujer,2,11,18.181818181818183
2024,90501,rural,23,hombre,8,14,57.142857142857146
2024,90501,rural,23,mujer,2,11,18.181818181818183
2024,90501,rural,24,hombre,8,9,88.88888888888889
2024,90501,rural,24,mujer,2,13,15.384615384615385
2024,90501,rural,25,hombre,14,20,70.0
2024,90501,rural,25,mujer,3,9,33.333333333333336
2024,90501,rural,26,hombre,6,8,75.0
2024,90501,rural,26,mujer,3,9,33.333333333333336
2024,90501,rural,27,hombre,7,14,50.0
2024,90501,rural,27,mujer,3,11,27.272727272727273
2024,90501,rural,28,hombre,3,9,33.333333333333336
2024,90501,rural,28,mujer,3,16,18.75
2024,90502,rural,16,hombre,0,25,0.0
2024,90502,rural,16,mujer,1,23,4.3478260869565215
2024,90502,rural,17,hombre,2,29,6.896551724137931
2024,90502,rural,17,mujer,3,30,10.0
2024,90502,rural,18,hombre,2,12,16.666666666666668
2024,90502,rural,18,mujer,5,28,17.857142857142858
2024,90502,rural,19,hombre,10,23,43.47826086956522
2024,90502,rural,19,mujer,3,24,12.5
2024,90502,rural,20,hombre,4,21,19.047619047619047
2024,90502,rural,20,mujer,2,14,14.285714285714286
2024,90502,rural,21,hombre,12,20,60.0
2024,90502,rural,21,mujer,4,27,14.814814814814815
2024,90502,rural,22,hombre,12,27,44.44444444444444
2024,90502,rural,22,mujer,9,15,60.0
2024,90502,rural,23,hombre,14,32,43.75
2024,90502,rural,23,mujer,5,32,15.625
2024,90502,rural,24,hombre,19,31,61.29032258064516
2024,90502,rural,24,mujer,6,23,26.08695652173913
2024,90502,rural,25,hombre,10,24,41.666666666666664
2024,90502,rural,25,mujer,6,23,26.08695652173913
2024,90502,rural,26,hombre,12,23,52.17391304347826
2024,90502,rural,26,mujer,8,16,50.0
2024,90502,rural,27,hombre,17,24,70.83333333333333
2024,90502,rural,27,mujer,5,18,27.77777777777778
2024,90502,rural,28,hombre,15,22,68.18181818181819
2024,90502,rural,28,mujer,2,16,12.5
2024,90503,rural,16,hombre,0,23,0.0
2024,90503,rural,16,mujer,0,18,0.0
2024,90503,rural,17,hombre,2,23,8.695652173913043
2024,90503,rural,17,mujer,2,30,6.666666666666667
2024,90503,rural,18,hombre,3,16,18.75
2024,90503,rural,18,mujer,2,16,12.5
2024,90503,rural,19,hombre,4,15,26.666666666666668
2024,90503,rural,19,mujer,1,9,11.11111111111111
2024,90503,rural,20,hombre,8,25,32.0
2024,90503,rural,20,mujer,1,19,5.2631578947368425
2024,90503,rural,21,hombre,5,22,22.727272727272727
2024,90503,rural,21,mujer,2,21,9.523809523809524
2024,90503,rural,22,hombre,3,18,16.666666666666668
2024,90503,rural,22,mujer,3,16,18.75
2024,90503,rural,23,hombre,13,26,50.0
2024,90503,rural,23,mujer,2,21,9.523809523809524
2024,90503,rural,24,hombre,12,28,42.857142857142854
2024,90503,rural,24,mujer,3,15,20.0
2024,90503,rural,25,hombre,16,28,57.142857142857146
2024,90503,rural,25,mujer,5,14,35.714285714285715
2024,90503,rural,26,hombre,13,21,61.904761904761905
2024,90503,rural,26,mujer,0,11,0.0
2024,90503,rural,27,hombre,11,19,57.89473684210526
2024,90503,rural,27,mujer,5,27,18.51851851851852
2024,90503,rural,28,hombre,12,21,57.142857142857146
2024,90503,rural,28,mujer,4,9,44.44444444444444
