gestion,codigo_municipio,area,edad,sexo,numerador,denominador,valor
2024,10101,rural,16,hombre,1,60,1.6666666666666667
2024,10101,rural,16,mujer,0,29,0.0
2024,10101,rural,17,hombre,1,58,1.7241379310344827
2024,10101,rural,17,mujer,1,37,2.7027027027027026
2024,10101,rural,18,hombre,1,65,1.5384615384615385
2024,10101,rural,18,mujer,1,47,2.127659574468085
2024,10101,rural,19,hombre,3,88,3.409090909090909
2024,10101,rural,19,mujer,2,54,3.7037037037037037
2024,10101,rural,20,hombre,2,80,2.5
2024,10101,rural,20,mujer,0,42,0.0
2024,10101,rural,21,hombre,2,86,2.3255813953488373
2024,10101,rural,21,mujer,0,71,0.0
2024,10101,rural,22,hombre,2,96,2.0833333333333335
2024,10101,rural,22,mujer,1,58,1.7241379310344827
2024,10101,rural,23,hombre,3,110,2.727272727272727
2024,10101,rural,23,mujer,0,74,0.0
2024,10101,rural,24,hombre,1,98,1.0204081632653061
2024,10101,rural,24,mujer,1,82,1.2195121951219512
2024,10101,rural,25,hombre,4,119,3.361344537815126
2024,10101,rural,25,mujer,1,68,1.4705882352941178
2024,10101,rural,26,hombre,3,109,2.7522935779816513
2024,10101,rural,26,mujer,0,67,0.0
2024,10101,rural,27,hombre,4,122,3.278688524590164
2024,10101,rural,27,mujer,2,79,2.5316455696202533
2024,10101,rural,28,hombre,4,111,3.6036036036036037
2024,10101,rural,28,mujer,0,71,0.0
2024,10101,urbana,16,hombre,6,578,1.0380622837370241
2024,10101,urbana,16,mujer,7,457,1.5317286652078774
2024,10101,urbana,17,hombre,14,735,1.9047619047619047
2024,10101,urbana,17,mujer,7,570,1.2280701754385965
2024,10101,urbana,18,hombre,16,942,1.6985138004246285
2024,10101,urbana,18,mujer,13,814,1.597051597051597
2024,10101,urbana,19,hombre,20,1097,1.8231540565177757
2024,10101,urbana,19,mujer,16,853,1.8757327080890973
2024,10101,urbana,20,hombre,30,1211,2.477291494632535
2024,10101,urbana,20,mujer,26,963,2.699896157840083
2024,10101,urbana,21,hombre,29,1299,2.2324865280985375
2024,10101,urbana,21,mujer,19,1054,1.8026565464895636
2024,10101,urbana,22,hombre,42,1448,2.9005524861878453
2024,10101,urbana,22,mujer,26,1173,2.216538789428815
2024,10101,urbana,23,hombre,50,1632,3.0637254901960786
2024,10101,urbana,23,mujer,24,1425,1.6842105263157894
2024,10101,urbana,24,hombre,42,1822,2.305159165751921
2024,10101,urbana,24,mujer,33,1538,2.1456436931079326
2024,10101,urbana,25,hombre,45,1828,2.461706783369803
2024,10101,urbana,25,mujer,44,1517,2.9004614370468027
2024,10101,urbana,26,hombre,50,1907,2.6219192448872577
2024,10101,urbana,26,mujer,36,1556,2.3136246786632393
2024,10101,urbana,27,hombre,52,1791,2.9034059184812953
2024,10101,urbana,27,mujer,44,1573,2.797202797202797
2024,10101,urbana,28,hombre,53,1978,2.679474216380182
2024,10101,urbana,28,mujer,39,1606,2.428393524283935
2024,10102,rural,16,hombre,1,35,2.857142857142857
2024,10102,rural,16,mujer,0,18,0.0
2024,10102,rural,17,hombre,0,34,0.0
2024,10102,rural,17,mujer,0,16,0.0
2024,10102,rural,18,hombre,0,32,0.0
2024,10102,rural,18,mujer,1,26,3.8461538461538463
2024,10102,rural,19,hombre,1,31,3.225806451612903
2024,10102,rural,19,mujer,0,28,0.0
2024,10102,rural,20,hombre,0,53,0.0
2024,10102,rural,20,mujer,1,36,2.7777777777777777
2024,10102,rural,21,hombre,1,51,1.9607843137254901
2024,10102,rural,21,mujer,0,28,0.0
2024,10102,rural,22,hombre,0,45,0.0
2024,10102,rural,22,mujer,0,29,0.0
2024,10102,rural,23,hombre,0,54,0.0
2024,10102,rural,23,mujer,0,38,0.0
2024,10102,rural,24,hombre,1,51,1.9607843137254901
2024,10102,rural,24,mujer,0,45,0.0
2024,10102,rural,25,hombre,0,51,0.0
2024,10102,rural,25,mujer,0,38,0.0
2024,10102,rural,26,hombre,2,56,3.5714285714285716
2024,10102,rural,26,mujer,0,51,0.0
2024,10102,rural,27,hombre,3,63,4.761904761904762
2024,10102,rural,27,mujer,0,40,0.0
2024,10102,rural,28,hombre,1,58,1.7241379310344827
2024,10102,rural,28,mujer,0,50,0.0
2024,10103,rural,16,hombre,0,42,0.0
2024,10103,rural,16,mujer,0,23,0.0
2024,10103,rural,17,hombre,0,46,0.0
2024,10103,rural,17,mujer,0,40,0.0
2024,10103,rural,18,hombre,0,59,0.0
2024,10103,rural,18,mujer,1,42,2.380952380952381
2024,10103,rural,19,hombre,0,42,0.0
2024,10103,rural,19,mujer,2,37,5.405405405405405
2024,10103,rural,20,hombre,0,57,0.0
2024,10103,rural,20,mujer,1,32,3.125
2024,10103,rural,21,hombre,1,58,1.7241379310344827
2024,10103,rural,21,mujer,4,37,10.81081081081081
2024,10103,rural,22,hombre,2,48,4.166666666666667
2024,10103,rural,22,mujer,0,31,0.0
2024,10103,rural,23,hombre,1,56,1.7857142857142858
2024,10103,rural,23,mujer,1,32,3.125
2024,10103,rural,24,hombre,2,50,4.0
2024,10103,rural,24,mujer,2,37,5.405405405405405
2024,10103,rural,25,hombre,1,51,1.9607843137254901
2024,10103,rural,25,mujer,1,30,3.3333333333333335
2024,10103,rural,26,hombre,2,58,3.4482758620689653
2024,10103,rural,26,mujer,0,30,0.0
2024,10103,rural,27,hombre,3,57,5.2631578947368425
2024,10103,rural,27,mujer,1,29,3.4482758620689653
2024,10103,rural,28,hombre,2,51,3.9215686274509802
2024,10103,rural,28,mujer,0,35,0.0
2024,10201,rural,16,hombre,0,25,0.0
2024,10201,rural,16,mujer,0,9,0.0
2024,10201,rural,17,hombre,0,26,0.0
2024,10201,rural,17,mujer,0,14,0.0
2024,10201,rural,18,hombre,1,28,3.5714285714285716
2024,10201,rural,18,mujer,0,13,0.0
2024,10201,rural,19,hombre,1,23,4.3478260869565215
2024,10201,rural,19,mujer,1,11,9.090909090909092
2024,10201,rural,20,hombre,1,19,5.2631578947368425
2024,10201,rural,20,mujer,0,10,0.0
2024,10201,rural,21,hombre,1,28,3.5714285714285716
2024,10201,rural,21,mujer,1,15,6.666666666666667
2024,10201,rural,22,hombre,0,25,0.0
2024,10201,rural,22,mujer,0,11,0.0
2024,10201,rural,23,hombre,1,34,2.9411764705882355
2024,10201,rural,23,mujer,0,16,0.0
2024,10201,rural,24,hombre,1,24,4.166666666666667
2024,10201,rural,24,mujer,1,11,9.090909090909092
2024,10201,rural,25,hombre,0,33,0.0
2024,10201,rural,25,mujer,1,18,5.555555555555555
2024,10201,rural,26,hombre,1,27,3.7037037037037037
2024,10201,rural,26,mujer,1,16,6.25
2024,10201,rural,27,hombre,1,26,3.8461538461538463
2024,10201,rural,27,mujer,0,20,0.0
2024,10201,rural,28,hombre,1,18,5.555555555555555
2024,10201,rural,28,mujer,0,20,0.0
2024,10202,rural,16,hombre,0,33,0.0
2024,10202,rural,16,mujer,0,24,0.0
2024,10202,rural,17,hombre,0,50,0.0
2024,10202,rural,17,mujer,0,26,0.0
2024,10202,rural,18,hombre,0,50,0.0
2024,10202,rural,18,mujer,0,34,0.0
2024,10202,rural,19,hombre,1,72,1.3888888888888888
2024,10202,rural,19,mujer,1,49,2.0408163265306123
2024,10202,rural,20,hombre,0,58,0.0
2024,10202,rural,20,mujer,0,45,0.0
2024,10202,rural,21,hombre,1,67,1.492537313432836
2024,10202,rural,21,mujer,0,32,0.0
2024,10202,rural,22,hombre,0,46,0.0
2024,10202,rural,22,mujer,0,49,0.0
2024,10202,rural,23,hombre,0,76,0.0
2024,10202,rural,23,mujer,0,45,0.0
2024,10202,rural,24,hombre,0,63,0.0
2024,10202,rural,24,mujer,2,48,4.166666666666667
2024,10202,rural,25,hombre,1,90,1.1111111111111112
2024,10202,rural,25,mujer,1,37,2.7027027027027026
2024,10202,rural,26,hombre,0,56,0.0
2024,10202,rural,26,mujer,0,37,0.0
2024,10202,rural,27,hombre,0,69,0.0
2024,10202,rural,27,mujer,1,39,2.5641025641025643
2024,10202,rural,28,hombre,1,78,1.2820512820512822
2024,10202,rural,28,mujer,1,52,1.9230769230769231
2024,10301,rural,16,hombre,0,24,0.0
2024,10301,rural,16,mujer,0,12,0.0
2024,10301,rural,17,hombre,0,28,0.0
2024,10301,rural,17,mujer,0,25,0.0
2024,10301,rural,18,hombre,0,32,0.0
2024,10301,rural,18,mujer,0,21,0.0
2024,10301,rural,19,hombre,0,52,0.0
2024,10301,rural,19,mujer,0,22,0.0
2024,10301,rural,20,hombre,1,51,1.9607843137254901
2024,10301,rural,20,mujer,1,35,2.857142857142857
2024,10301,rural,21,hombre,0,50,0.0
2024,10301,rural,21,mujer,0,30,0.0
2024,10301,rural,22,hombre,0,49,0.0
2024,10301,rural,22,mujer,0,29,0.0
2024,10301,rural,23,hombre,1,66,1.5151515151515151
2024,10301,rural,23,mujer,0,37,0.0
2024,10301,rural,24,hombre,1,65,1.5384615384615385
2024,10301,rural,24,mujer,1,38,2.6315789473684212
2024,10301,rural,25,hombre,0,58,0.0
2024,10301,rural,25,mujer,0,54,0.0
2024,10301,rural,26,hombre,0,69,0.0
2024,10301,rural,26,mujer,1,30,3.3333333333333335
2024,10301,rural,27,hombre,0,54,0.0
2024,10301,rural,27,mujer,0,28,0.0
2024,10301,rural,28,hombre,0,67,0.0
2024,10301,rural,28,mujer,0,48,0.0
2024,10301,urbana,16,hombre,0,9,0.0
2024,10301,urbana,16,mujer,0,9,0.0
2024,10301,urbana,17,hombre,0,11,0.0
2024,10301,urbana,17,mujer,0,7,0.0
2024,10301,urbana,18,hombre,0,24,0.0
2024,10301,urbana,18,mujer,0,7,0.0
2024,10301,urbana,19,hombre,1,25,4.0
2024,10301,urbana,19,mujer,0,5,0.0
2024,10301,urbana,20,hombre,0,23,0.0
2024,10301,urbana,20,mujer,0,10,0.0
2024,10301,urbana,21,hombre,0,17,0.0
2024,10301,urbana,21,mujer,1,19,5.2631578947368425
2024,10301,urbana,22,hombre,0,21,0.0
2024,10301,urbana,22,mujer,1,14,7.142857142857143
2024,10301,urbana,23,hombre,1,19,5.2631578947368425
2024,10301,urbana,23,mujer,1,19,5.2631578947368425
2024,10301,urbana,24,hombre,1,34,2.9411764705882355
2024,10301,urbana,24,mujer,0,23,0.0
2024,10301,urbana,25,hombre,0,35,0.0
2024,10301,urbana,25,mujer,0,24,0.0
2024,10301,urbana,26,hombre,1,27,3.7037037037037037
2024,10301,urbana,26,mujer,0,22,0.0
2024,10301,urbana,27,hombre,0,46,0.0
2024,10301,urbana,27,mujer,0,14,0.0
2024,10301,urbana,28,hombre,0,29,0.0
2024,10301,urbana,28,mujer,0,21,0.0
2024,10302,rural,16,hombre,1,35,2.857142857142857
2024,10302,rural,16,mujer,0,12,0.0
2024,10302,rural,17,hombre,0,43,0.0
2024,10302,rural,17,mujer,0,20,0.0
2024,10302,rural,18,hombre,0,48,0.0
2024,10302,rural,18,mujer,0,27,0.0
2024,10302,rural,19,hombre,1,57,1.7543859649122806
2024,10302,rural,19,mujer,0,34,0.0
2024,10302,rural,20,hombre,0,71,0.0
2024,10302,rural,20,mujer,0,43,0.0
2024,10302,rural,21,hombre,0,57,0.0
2024,10302,rural,21,mujer,0,31,0.0
2024,10302,rural,22,hombre,2,47,4.25531914893617
2024,10302,rural,22,mujer,0,30,0.0
2024,10302,rural,23,hombre,2,75,2.6666666666666665
2024,10302,rural,23,mujer,2,35,5.714285714285714
2024,10302,rural,24,hombre,1,74,1.3513513513513513
2024,10302,rural,24,mujer,0,36,0.0
2024,10302,rural,25,hombre,0,62,0.0
2024,10302,rural,25,mujer,0,29,0.0
2024,10302,rural,26,hombre,1,61,1.639344262295082
2024,10302,rural,26,mujer,0,31,0.0
2024,10302,rural,27,hombre,0,62,0.0
2024,10302,rural,27,mujer,1,30,3.3333333333333335
2024,10302,rural,28,hombre,3,49,6.122448979591836
2024,10302,rural,28,mujer,0,31,0.0
2024,10302,urbana,16,mujer,0,3,0.0
2024,10302,urbana,17,hombre,0,7,0.0
2024,10302,urbana,17,mujer,0,1,0.0
2024,10302,urbana,18,hombre,0,8,0.0
2024,10302,urbana,18,mujer,0,9,0.0
2024,10302,urbana,19,hombre,0,8,0.0
2024,10302,urbana,19,mujer,0,3,0.0
2024,10302,urbana,20,hombre,0,17,0.0
2024,10302,urbana,20,mujer,0,4,0.0
2024,10302,urbana,21,hombre,0,9,0.0
2024,10302,urbana,21,mujer,0,10,0.0
2024,10302,urbana,22,hombre,0,16,0.0
2024,10302,urbana,22,mujer,0,5,0.0
2024,10302,urbana,23,hombre,1,8,12.5
2024,10302,urbana,23,mujer,1,8,12.5
2024,10302,urbana,24,hombre,1,9,11.11111111111111
2024,10302,urbana,24,mujer,0,10,0.0
2024,10302,urbana,25,hombre,0,13,0.0
2024,10302,urbana,25,mujer,0,11,0.0
2024,10302,urbana,26,hombre,0,12,0.0
2024,10302,urbana,26,mujer,0,13,0.0
2024,10302,urbana,27,hombre,0,6,0.0
2024,10302,urbana,27,mujer,0,11,0.0
2024,10302,urbana,28,hombre,0,19,0.0
2024,10302,urbana,28,mujer,0,5,0.0
2024,10303,rural,16,hombre,0,16,0.0
2024,10303,rural,16,mujer,0,8,0.0
2024,10303,rural,17,hombre,0,16,0.0
2024,10303,rural,17,mujer,0,12,0.0
2024,10303,rural,18,hombre,0,15,0.0
2024,10303,rural,18,mujer,0,10,0.0
2024,10303,rural,19,hombre,0,19,0.0
2024,10303,rural,19,mujer,0,20,0.0
2024,10303,rural,20,hombre,0,26,0.0
2024,10303,rural,20,mujer,0,15,0.0
2024,10303,rural,21,hombre,0,21,0.0
2024,10303,rural,21,mujer,0,19,0.0
2024,10303,rural,22,hombre,0,32,0.0
2024,10303,rural,22,mujer,1,17,5.882352941176471
2024,10303,rural,23,hombre,0,40,0.0
2024,10303,rural,23,mujer,0,18,0.0
2024,10303,rural,24,hombre,1,40,2.5
2024,10303,rural,24,mujer,0,19,0.0
2024,10303,rural,25,hombre,1,35,2.857142857142857
2024,10303,rural,25,mujer,0,22,0.0
2024,10303,rural,26,hombre,0,40,0.0
2024,10303,rural,26,mujer,0,24,0.0
2024,10303,rural,27,hombre,0,26,0.0
2024,10303,rural,27,mujer,1,20,5.0
2024,10303,rural,28,hombre,0,48,0.0
2024,10303,rural,28,mujer,0,20,0.0
2024,10303,urbana,16,hombre,2,12,16.666666666666668
2024,10303,urbana,16,mujer,1,2,50.0
2024,10303,urbana,17,hombre,0,12,0.0
2024,10303,urbana,18,hombre,1,12,8.333333333333334
2024,10303,urbana,18,mujer,0,7,0.0
2024,10303,urbana,19,hombre,0,9,0.0
2024,10303,urbana,19,mujer,0,7,0.0
2024,10303,urbana,20,hombre,0,8,0.0
2024,10303,urbana,20,mujer,0,5,0.0
2024,10303,urbana,21,hombre,0,11,0.0
2024,10303,urbana,21,mujer,0,7,0.0
2024,10303,urbana,22,hombre,2,15,13.333333333333334
2024,10303,urbana,22,mujer,0,10,0.0
2024,10303,urbana,23,hombre,1,19,5.2631578947368425
2024,10303,urbana,23,mujer,0,18,0.0
2024,10303,urbana,24,hombre,0,12,0.0
2024,10303,urbana,24,mujer,0,14,0.0
2024,10303,urbana,25,hombre,1,23,4.3478260869565215
2024,10303,urbana,25,mujer,0,13,0.0
2024,10303,urbana,26,hombre,0,14,0.0
2024,10303,urbana,26,mujer,0,20,0.0
2024,10303,urbana,27,hombre,0,13,0.0
2024,10303,urbana,27,mujer,0,8,0.0
2024,10303,urbana,28,hombre,0,24,0.0
2024,10303,urbana,28,mujer,0,12,0.0
2024,10304,rural,16,hombre,0,28,0.0
2024,10304,rural,16,mujer,0,14,0.0
2024,10304,rural,17,hombre,0,37,0.0
2024,10304,rural,17,mujer,0,28,0.0
2024,10304,rural,18,hombre,0,41,0.0
2024,10304,rural,18,mujer,0,19,0.0
2024,10304,rural,19,hombre,2,42,4.761904761904762
2024,10304,rural,19,mujer,0,29,0.0
2024,10304,rural,20,hombre,1,61,1.639344262295082
2024,10304,rural,20,mujer,0,30,0.0
2024,10304,rural,21,hombre,0,42,0.0
2024,10304,rural,21,mujer,0,39,0.0
2024,10304,rural,22,hombre,0,64,0.0
2024,10304,rural,22,mujer,0,27,0.0
2024,10304,rural,23,hombre,0,56,0.0
2024,10304,rural,23,mujer,1,36,2.7777777777777777
2024,10304,rural,24,hombre,0,55,0.0
2024,10304,rural,24,mujer,0,39,0.0
2024,10304,rural,25,hombre,0,51,0.0
2024,10304,rural,25,mujer,1,37,2.7027027027027026
2024,10304,rural,26,hombre,0,45,0.0
2024,10304,rural,26,mujer,0,29,0.0
2024,10304,rural,27,hombre,0,50,0.0
2024,10304,rural,27,mujer,0,39,0.0
2024,10304,rural,28,hombre,0,50,0.0
2024,10304,rural,28,mujer,0,30,0.0
2024,10401,rural,16,hombre,0,14,0.0
2024,10401,rural,16,mujer,0,2,0.0
2024,10401,rural,17,hombre,0,17,0.0
2024,10401,rural,17,mujer,0,4,0.0
2024,10401,rural,18,hombre,0,10,0.0
2024,10401,rural,18,mujer,0,3,0.0
2024,10401,rural,19,hombre,0,13,0.0
2024,10401,rural,19,mujer,0,8,0.0
2024,10401,rural,20,hombre,0,21,0.0
2024,10401,rural,20,mujer,0,9,0.0
2024,10401,rural,21,hombre,0,17,0.0
2024,10401,rural,21,mujer,0,13,0.0
2024,10401,rural,22,hombre,0,22,0.0
2024,10401,rural,22,mujer,0,5,0.0
2024,10401,rural,23,hombre,0,19,0.0
2024,10401,rural,23,mujer,0,14,0.0
2024,10401,rural,24,hombre,0,25,0.0
2024,10401,rural,24,mujer,0,10,0.0
2024,10401,rural,25,hombre,1,29,3.4482758620689653
2024,10401,rural,25,mujer,0,10,0.0
2024,10401,rural,26,hombre,0,24,0.0
2024,10401,rural,26,mujer,0,10,0.0
2024,10401,rural,27,hombre,0,24,0.0
2024,10401,rural,27,mujer,0,10,0.0
2024,10401,rural,28,hombre,0,29,0.0
2024,10401,rural,28,mujer,0,9,0.0
2024,10401,urbana,16,hombre,0,14,0.0
2024,10401,urbana,16,mujer,0,3,0.0
2024,10401,urbana,17,hombre,0,6,0.0
2024,10401,urbana,17,mujer,0,9,0.0
2024,10401,urbana,18,hombre,0,14,0.0
2024,10401,urbana,18,mujer,0,6,0.0
2024,10401,urbana,19,hombre,0,12,0.0
2024,10401,urbana,19,mujer,0,11,0.0
2024,10401,urbana,20,hombre,0,12,0.0
2024,10401,urbana,20,mujer,0,19,0.0
2024,10401,urbana,21,hombre,1,16,6.25
2024,10401,urbana,21,mujer,1,13,7.6923076923076925
2024,10401,urbana,22,hombre,0,18,0.0
2024,10401,urbana,22,mujer,1,18,5.555555555555555
2024,10401,urbana,23,hombre,2,29,6.896551724137931
2024,10401,urbana,23,mujer,0,12,0.0
2024,10401,urbana,24,hombre,0,22,0.0
2024,10401,urbana,24,mujer,1,18,5.555555555555555
2024,10401,urbana,25,hombre,1,27,3.7037037037037037
2024,10401,urbana,25,mujer,0,22,0.0
2024,10401,urbana,26,hombre,2,23,8.695652173913043
2024,10401,urbana,26,mujer,0,15,0.0
2024,10401,urbana,27,hombre,1,20,5.0
2024,10401,urbana,27,mujer,0,19,0.0
2024,10401,urbana,28,hombre,0,23,0.0
2024,10401,urbana,28,mujer,0,21,0.0
2024,10402,rural,16,hombre,0,17,0.0
2024,10402,rural,16,mujer,0,17,0.0
2024,10402,rural,17,hombre,0,41,0.0
2024,10402,rural,17,mujer,0,21,0.0
2024,10402,rural,18,hombre,0,38,0.0
2024,10402,rural,18,mujer,0,19,0.0
2024,10402,rural,19,hombre,2,42,4.761904761904762
2024,10402,rural,19,mujer,1,22,4.545454545454546
2024,10402,rural,20,hombre,0,28,0.0
2024,10402,rural,20,mujer,0,16,0.0
2024,10402,rural,21,hombre,0,40,0.0
2024,10402,rural,21,mujer,2,29,6.896551724137931
2024,10402,rural,22,hombre,0,32,0.0
2024,10402,rural,22,mujer,0,27,0.0
2024,10402,rural,23,hombre,0,51,0.0
2024,10402,rural,23,mujer,0,38,0.0
2024,10402,rural,24,hombre,1,44,2.272727272727273
2024,10402,rural,24,mujer,1,36,2.7777777777777777
2024,10402,rural,25,hombre,1,37,2.7027027027027026
2024,10402,rural,25,mujer,2,21,9.523809523809524
2024,10402,rural,26,hombre,0,45,0.0
2024,10402,rural,26,mujer,0,34,0.0
2024,10402,rural,27,hombre,0,39,0.0
2024,10402,rural,27,mujer,0,30,0.0
2024,10402,rural,28,hombre,1,31,3.225806451612903
2024,10402,rural,28,mujer,0,26,0.0
2024,10402,urbana,16,hombre,0,6,0.0
2024,10402,urbana,16,mujer,0,7,0.0
2024,10402,urbana,17,hombre,1,10,10.0
2024,10402,urbana,17,mujer,0,8,0.0
2024,10402,urbana,18,hombre,0,6,0.0
2024,10402,urbana,18,mujer,0,3,0.0
2024,10402,urbana,19,hombre,0,9,0.0
2024,10402,urbana,19,mujer,0,4,0.0
2024,10402,urbana,20,hombre,1,8,12.5
2024,10402,urbana,20,mujer,0,2,0.0
2024,10402,urbana,21,hombre,0,7,0.0
2024,10402,urbana,21,mujer,0,7,0.0
2024,10402,urbana,22,hombre,0,11,0.0
2024,10402,urbana,22,mujer,0,10,0.0
2024,10402,urbana,23,hombre,0,9,0.0
2024,10402,urbana,23,mujer,0,9,0.0
2024,10402,urbana,24,hombre,2,21,9.523809523809524
2024,10402,urbana,24,mujer,0,7,0.0
2024,10402,urbana,25,hombre,0,14,0.0
2024,10402,urbana,25,mujer,0,8,0.0
2024,10402,urbana,26,hombre,0,9,0.0
2024,10402,urbana,26,mujer,0,9,0.0
2024,10402,urbana,27,hombre,0,20,0.0
2024,10402,urbana,27,mujer,0,15,0.0
2024,10402,urbana,28,hombre,0,13,0.0
2024,10402,urbana,28,mujer,2,9,22.22222222222222
2024,10403,rural,16,hombre,0,15,0.0
2024,10403,rural,16,mujer,0,18,0.0
2024,10403,rural,17,hombre,0,27,0.0
2024,10403,rural,17,mujer,0,17,0.0
2024,10403,rural,18,hombre,2,30,6.666666666666667
2024,10403,rural,18,mujer,0,13,0.0
2024,10403,rural,19,hombre,1,21,4.761904761904762
2024,10403,rural,19,mujer,0,26,0.0
2024,10403,rural,20,hombre,0,27,0.0
2024,10403,rural,20,mujer,0,16,0.0
2024,10403,rural,21,hombre,0,24,0.0
2024,10403,rural,21,mujer,0,23,0.0
2024,10403,rural,22,hombre,1,31,3.225806451612903
2024,10403,rural,22,mujer,1,19,5.2631578947368425
2024,10403,rural,23,hombre,0,28,0.0
2024,10403,rural,23,mujer,1,23,4.3478260869565215
2024,10403,rural,24,hombre,1,29,3.4482758620689653
2024,10403,rural,24,mujer,0,23,0.0
2024,10403,rural,25,hombre,0,29,0.0
2024,10403,rural,25,mujer,0,24,0.0
2024,10403,rural,26,hombre,0,35,0.0
2024,10403,rural,26,mujer,0,17,0.0
2024,10403,rural,27,hombre,0,26,0.0
2024,10403,rural,27,mujer,0,16,0.0
2024,10403,rural,28,hombre,0,38,0.0
2024,10403,rural,28,mujer,0,18,0.0
2024,10404,rural,16,hombre,0,4,0.0
2024,10404,rural,16,mujer,0,1,0.0
2024,10404,rural,17,hombre,0,6,0.0
2024,10404,rural,17,mujer,0,2,0.0
2024,10404,rural,18,hombre,0,10,0.0
2024,10404,rural,18,mujer,0,9,0.0
2024,10404,rural,19,hombre,1,12,8.333333333333334
2024,10404,rural,19,mujer,0,5,0.0
2024,10404,rural,20,hombre,0,8,0.0
2024,10404,rural,20,mujer,0,4,0.0
2024,10404,rural,21,hombre,0,9,0.0
2024,10404,rural,21,mujer,0,7,0.0
2024,10404,rural,22,hombre,0,19,0.0
2024,10404,rural,22,mujer,0,6,0.0
2024,10404,rural,23,hombre,0,21,0.0
2024,10404,rural,23,mujer,0,14,0.0
2024,10404,rural,24,hombre,0,23,0.0
2024,10404,rural,24,mujer,0,16,0.0
2024,10404,rural,25,hombre,0,23,0.0
2024,10404,rural,25,mujer,0,16,0.0
2024,10404,rural,26,hombre,0,14,0.0
2024,10404,rural,26,mujer,0,17,0.0
2024,10404,rural,27,hombre,0,23,0.0
2024,10404,rural,27,mujer,0,17,0.0
2024,10404,rural,28,hombre,0,26,0.0
2024,10404,rural,28,mujer,0,18,0.0
2024,10405,rural,16,hombre,0,11,0.0
2024,10405,rural,16,mujer,0,8,0.0
2024,10405,rural,17,hombre,0,4,0.0
2024,10405,rural,17,mujer,0,5,0.0
2024,10405,rural,18,hombre,0,15,0.0
2024,10405,rural,18,mujer,1,9,11.11111111111111
2024,10405,rural,19,hombre,1,18,5.555555555555555
2024,10405,rural,19,mujer,0,11,0.0
2024,10405,rural,20,hombre,0,12,0.0
2024,10405,rural,20,mujer,0,8,0.0
2024,10405,rural,21,hombre,0,28,0.0
2024,10405,rural,21,mujer,0,18,0.0
2024,10405,rural,22,hombre,0,20,0.0
2024,10405,rural,22,mujer,0,13,0.0
2024,10405,rural,23,hombre,0,37,0.0
2024,10405,rural,23,mujer,1,14,7.142857142857143
2024,10405,rural,24,hombre,0,28,0.0
2024,10405,rural,24,mujer,0,23,0.0
2024,10405,rural,25,hombre,1,38,2.6315789473684212
2024,10405,rural,25,mujer,0,24,0.0
2024,10405,rural,26,hombre,0,34,0.0
2024,10405,rural,26,mujer,1,24,4.166666666666667
2024,10405,rural,27,hombre,0,28,0.0
2024,10405,rural,27,mujer,1,21,4.761904761904762
2024,10405,rural,28,hombre,0,34,0.0
2024,10405,rural,28,mujer,1,19,5.2631578947368425
2024,10501,rural,16,hombre,2,31,6.451612903225806
2024,10501,rural,16,mujer,0,6,0.0
2024,10501,rural,17,hombre,0,24,0.0
2024,10501,rural,17,mujer,0,6,0.0
2024,10501,rural,18,hombre,0,31,0.0
2024,10501,rural,18,mujer,0,13,0.0
2024,10501,rural,19,hombre,0,35,0.0
2024,10501,rural,19,mujer,0,24,0.0
2024,10501,rural,20,hombre,0,32,0.0
2024,10501,rural,20,mujer,1,17,5.882352941176471
2024,10501,rural,21,hombre,0,37,0.0
2024,10501,rural,21,mujer,2,21,9.523809523809524
2024,10501,rural,22,hombre,1,43,2.3255813953488373
2024,10501,rural,22,mujer,0,27,0.0
2024,10501,rural,23,hombre,0,56,0.0
2024,10501,rural,23,mujer,0,20,0.0
2024,10501,rural,24,hombre,2,64,3.125
2024,10501,rural,24,mujer,2,43,4.651162790697675
2024,10501,rural,25,hombre,2,45,4.444444444444445
2024,10501,rural,25,mujer,1,26,3.8461538461538463
2024,10501,rural,26,hombre,4,57,7.017543859649122
2024,10501,rural,26,mujer,0,34,0.0
2024,10501,rural,27,hombre,0,68,0.0
2024,10501,rural,27,mujer,1,33,3.0303030303030303
2024,10501,rural,28,hombre,2,77,2.5974025974025974
2024,10501,rural,28,mujer,2,32,6.25
2024,10501,urbana,16,hombre,0,39,0.0
2024,10501,urbana,16,mujer,0,33,0.0
2024,10501,urbana,17,hombre,0,38,0.0
2024,10501,urbana,17,mujer,1,20,5.0
2024,10501,urbana,18,hombre,1,45,2.2222222222222223
2024,10501,urbana,18,mujer,0,30,0.0
2024,10501,urbana,19,hombre,1,56,1.7857142857142858
2024,10501,urbana,19,mujer,2,27,7.407407407407407
2024,10501,urbana,20,hombre,0,61,0.0
2024,10501,urbana,20,mujer,1,41,2.4390243902439024
2024,10501,urbana,21,hombre,2,72,2.7777777777777777
2024,10501,urbana,21,mujer,1,36,2.7777777777777777
2024,10501,urbana,22,hombre,0,66,0.0
2024,10501,urbana,22,mujer,0,44,0.0
2024,10501,urbana,23,hombre,0,76,0.0
2024,10501,urbana,23,mujer,1,60,1.6666666666666667
2024,10501,urbana,24,hombre,0,72,0.0
2024,10501,urbana,24,mujer,1,77,1.2987012987012987
2024,10501,urbana,25,hombre,2,75,2.6666666666666665
2024,10501,urbana,25,mujer,2,57,3.508771929824561
2024,10501,urbana,26,hombre,2,89,2.247191011235955
2024,10501,urbana,26,mujer,4,70,5.714285714285714
2024,10501,urbana,27,hombre,2,97,2.0618556701030926
2024,10501,urbana,27,mujer,0,73,0.0
2024,10501,urbana,28,hombre,3,93,3.225806451612903
2024,10501,urbana,28,mujer,2,76,2.6315789473684212
2024,10502,rural,16,hombre,1,16,6.25
2024,10502,rural,16,mujer,0,5,0.0
2024,10502,rural,17,hombre,0,23,0.0
2024,10502,rural,17,mujer,0,5,0.0
2024,10502,rural,18,hombre,0,18,0.0
2024,10502,rural,18,mujer,0,8,0.0
2024,10502,rural,19,hombre,0,14,0.0
2024,10502,rural,19,mujer,0,3,0.0
2024,10502,rural,20,hombre,0,32,0.0
2024,10502,rural,20,mujer,0,9,0.0
2024,10502,rural,21,hombre,0,22,0.0
2024,10502,rural,21,mujer,0,4,0.0
2024,10502,rural,22,hombre,0,30,0.0
2024,10502,rural,22,mujer,0,11,0.0
2024,10502,rural,23,hombre,1,34,2.9411764705882355
2024,10502,rural,23,mujer,0,19,0.0
2024,10502,rural,24,hombre,0,42,0.0
2024,10502,rural,24,mujer,0,17,0.0
2024,10502,rural,25,hombre,0,32,0.0
2024,10502,rural,25,mujer,1,22,4.545454545454546
2024,10502,rural,26,hombre,1,28,3.5714285714285716
2024,10502,rural,26,mujer,0,19,0.0
2024,10502,rural,27,hombre,0,46,0.0
2024,10502,rural,27,mujer,0,18,0.0
2024,10502,rural,28,hombre,2,32,6.25
2024,10502,rural,28,mujer,0,22,0.0
2024,10601,rural,16,hombre,0,41,0.0
2024,10601,rural,16,mujer,0,19,0.0
2024,10601,rural,17,hombre,1,44,2.272727272727273
2024,10601,rural,17,mujer,0,24,0.0
2024,10601,rural,18,hombre,2,44,4.545454545454546
2024,10601,rural,18,mujer,0,24,0.0
2024,10601,rural,19,hombre,0,42,0.0
2024,10601,rural,19,mujer,1,40,2.5
2024,10601,rural,20,hombre,1,46,2.1739130434782608
2024,10601,rural,20,mujer,0,26,0.0
2024,10601,rural,21,hombre,2,46,4.3478260869565215
2024,10601,rural,21,mujer,1,39,2.5641025641025643
2024,10601,rural,22,hombre,2,42,4.761904761904762
2024,10601,rural,22,mujer,0,36,0.0
2024,10601,rural,23,hombre,0,51,0.0
2024,10601,rural,23,mujer,1,43,2.3255813953488373
2024,10601,rural,24,hombre,4,74,5.405405405405405
2024,10601,rural,24,mujer,0,36,0.0
2024,10601,rural,25,hombre,0,43,0.0
2024,10601,rural,25,mujer,0,32,0.0
2024,10601,rural,26,hombre,0,39,0.0
2024,10601,rural,26,mujer,0,22,0.0
2024,10601,rural,27,hombre,3,57,5.2631578947368425
2024,10601,rural,27,mujer,0,24,0.0
2024,10601,rural,28,hombre,0,26,0.0
2024,10601,rural,28,mujer,0,36,0.0
2024,10601,urbana,16,hombre,1,15,6.666666666666667
2024,10601,urbana,16,mujer,1,12,8.333333333333334
2024,10601,urbana,17,hombre,0,14,0.0
2024,10601,urbana,17,mujer,0,15,0.0
2024,10601,urbana,18,hombre,1,17,5.882352941176471
2024,10601,urbana,18,mujer,0,9,0.0
2024,10601,urbana,19,hombre,0,15,0.0
2024,10601,urbana,19,mujer,0,9,0.0
2024,10601,urbana,20,hombre,0,12,0.0
2024,10601,urbana,20,mujer,0,11,0.0
2024,10601,urbana,21,hombre,0,12,0.0
2024,10601,urbana,21,mujer,0,9,0.0
2024,10601,urbana,22,hombre,1,13,7.6923076923076925
2024,10601,urbana,22,mujer,0,10,0.0
2024,10601,urbana,23,hombre,0,17,0.0
2024,10601,urbana,23,mujer,0,16,0.0
2024,10601,urbana,24,hombre,2,23,8.695652173913043
2024,10601,urbana,24,mujer,0,10,0.0
2024,10601,urbana,25,hombre,1,14,7.142857142857143
2024,10601,urbana,25,mujer,0,12,0.0
2024,10601,urbana,26,hombre,2,14,14.285714285714286
2024,10601,urbana,26,mujer,0,16,0.0
2024,10601,urbana,27,hombre,0,13,0.0
2024,10601,urbana,27,mujer,1,12,8.333333333333334
2024,10601,urbana,28,hombre,0,12,0.0
2024,10601,urbana,28,mujer,0,13,0.0
2024,10602,rural,16,hombre,0,19,0.0
2024,10602,rural,16,mujer,1,15,6.666666666666667
2024,10602,rural,17,hombre,0,28,0.0
2024,10602,rural,17,mujer,0,12,0.0
2024,10602,rural,18,hombre,0,37,0.0
2024,10602,rural,18,mujer,0,15,0.0
2024,10602,rural,19,hombre,0,32,0.0
2024,10602,rural,19,mujer,1,26,3.8461538461538463
2024,10602,rural,20,hombre,0,43,0.0
2024,10602,rural,20,mujer,0,17,0.0
2024,10602,rural,21,hombre,0,29,0.0
2024,10602,rural,21,mujer,0,22,0.0
2024,10602,rural,22,hombre,0,36,0.0
2024,10602,rural,22,mujer,0,28,0.0
2024,10602,rural,23,hombre,0,52,0.0
2024,10602,rural,23,mujer,1,20,5.0
2024,10602,rural,24,hombre,1,45,2.2222222222222223
2024,10602,rural,24,mujer,0,30,0.0
2024,10602,rural,25,hombre,2,50,4.0
2024,10602,rural,25,mujer,0,35,0.0
2024,10602,rural,26,hombre,0,41,0.0
2024,10602,rural,26,mujer,0,19,0.0
2024,10602,rural,27,hombre,0,46,0.0
2024,10602,rural,27,mujer,2,39,5.128205128205129
2024,10602,rural,28,hombre,1,36,2.7777777777777777
2024,10602,rural,28,mujer,0,23,0.0
2024,10701,rural,16,hombre,0,31,0.0
2024,10701,rural,16,mujer,0,22,0.0
2024,10701,rural,17,hombre,0,34,0.0
2024,10701,rural,17,mujer,0,21,0.0
2024,10701,rural,18,hombre,0,38,0.0
2024,10701,rural,18,mujer,0,24,0.0
2024,10701,rural,19,hombre,0,49,0.0
2024,10701,rural,19,mujer,0,18,0.0
2024,10701,rural,20,hombre,0,34,0.0
2024,10701,rural,20,mujer,0,20,0.0
2024,10701,rural,21,hombre,0,46,0.0
2024,10701,rural,21,mujer,0,30,0.0
2024,10701,rural,22,hombre,1,55,1.8181818181818181
2024,10701,rural,22,mujer,0,34,0.0
2024,10701,rural,23,hombre,0,40,0.0
2024,10701,rural,23,mujer,0,25,0.0
2024,10701,rural,24,hombre,2,44,4.545454545454546
2024,10701,rural,24,mujer,1,40,2.5
2024,10701,rural,25,hombre,2,44,4.545454545454546
2024,10701,rural,25,mujer,1,37,2.7027027027027026
2024,10701,rural,26,hombre,0,46,0.0
2024,10701,rural,26,mujer,0,46,0.0
2024,10701,rural,27,hombre,0,49,0.0
2024,10701,rural,27,mujer,0,33,0.0
2024,10701,rural,28,hombre,2,59,3.389830508474576
2024,10701,rural,28,mujer,0,37,0.0
2024,10701,urbana,16,hombre,0,9,0.0
2024,10701,urbana,16,mujer,1,11,9.090909090909092
2024,10701,urbana,17,hombre,0,12,0.0
2024,10701,urbana,17,mujer,0,13,0.0
2024,10701,urbana,18,hombre,0,17,0.0
2024,10701,urbana,18,mujer,0,12,0.0
2024,10701,urbana,19,hombre,0,14,0.0
2024,10701,urbana,19,mujer,0,9,0.0
2024,10701,urbana,20,hombre,0,20,0.0
2024,10701,urbana,20,mujer,1,13,7.6923076923076925
2024,10701,urbana,21,hombre,0,22,0.0
2024,10701,urbana,21,mujer,0,9,0.0
2024,10701,urbana,22,hombre,1,18,5.555555555555555
2024,10701,urbana,22,mujer,0,24,0.0
2024,10701,urbana,23,hombre,0,33,0.0
2024,10701,urbana,23,mujer,2,23,8.695652173913043
2024,10701,urbana,24,hombre,1,21,4.761904761904762
2024,10701,urbana,24,mujer,3,28,10.714285714285714
2024,10701,urbana,25,hombre,1,29,3.4482758620689653
2024,10701,urbana,25,mujer,0,23,0.0
2024,10701,urbana,26,hombre,0,21,0.0
2024,10701,urbana,26,mujer,1,28,3.5714285714285716
2024,10701,urbana,27,hombre,1,43,2.3255813953488373
2024,10701,urbana,27,mujer,1,30,3.3333333333333335
2024,10701,urbana,28,hombre,0,27,0.0
2024,10701,urbana,28,mujer,0,32,0.0
2024,10702,rural,16,hombre,2,61,3.278688524590164
2024,10702,rural,16,mujer,1,43,2.3255813953488373
2024,10702,rural,17,hombre,1,68,1.4705882352941178
2024,10702,rural,17,mujer,0,40,0.0
2024,10702,rural,18,hombre,1,81,1.2345679012345678
2024,10702,rural,18,mujer,1,47,2.127659574468085
2024,10702,rural,19,hombre,2,74,2.7027027027027026
2024,10702,rural,19,mujer,0,59,0.0
2024,10702,rural,20,hombre,4,74,5.405405405405405
2024,10702,rural,20,mujer,0,69,0.0
2024,10702,rural,21,hombre,3,84,3.5714285714285716
2024,10702,rural,21,mujer,2,52,3.8461538461538463
2024,10702,rural,22,hombre,4,93,4.301075268817204
2024,10702,rural,22,mujer,1,57,1.7543859649122806
2024,10702,rural,23,hombre,5,130,3.8461538461538463
2024,10702,rural,23,mujer,2,67,2.985074626865672
2024,10702,rural,24,hombre,6,110,5.454545454545454
2024,10702,rural,24,mujer,0,78,0.0
2024,10702,rural,25,hombre,4,91,4.395604395604396
2024,10702,rural,25,mujer,1,58,1.7241379310344827
2024,10702,rural,26,hombre,3,92,3.260869565217391
2024,10702,rural,26,mujer,1,56,1.7857142857142858
2024,10702,rural,27,hombre,4,90,4.444444444444445
2024,10702,rural,27,mujer,3,57,5.2631578947368425
2024,10702,rural,28,hombre,5,94,5.319148936170213
2024,10702,rural,28,mujer,6,58,10.344827586206897
2024,10702,urbana,16,hombre,0,4,0.0
2024,10702,urbana,16,mujer,0,7,0.0
2024,10702,urbana,17,hombre,1,10,10.0
2024,10702,urbana,17,mujer,0,4,0.0
2024,10702,urbana,18,hombre,0,9,0.0
2024,10702,urbana,18,mujer,0,3,0.0
2024,10702,urbana,19,hombre,0,5,0.0
2024,10702,urbana,19,mujer,0,7,0.0
2024,10702,urbana,20,hombre,0,14,0.0
2024,10702,urbana,20,mujer,0,6,0.0
2024,10702,urbana,21,hombre,0,9,0.0
2024,10702,urbana,21,mujer,0,7,0.0
2024,10702,urbana,22,hombre,3,14,21.428571428571427
2024,10702,urbana,22,mujer,0,8,0.0
2024,10702,urbana,23,hombre,2,10,20.0
2024,10702,urbana,23,mujer,0,8,0.0
2024,10702,urbana,24,hombre,2,17,11.764705882352942
2024,10702,urbana,24,mujer,0,12,0.0
2024,10702,urbana,25,hombre,0,12,0.0
2024,10702,urbana,25,mujer,0,21,0.0
2024,10702,urbana,26,hombre,0,11,0.0
2024,10702,urbana,26,mujer,0,17,0.0
2024,10702,urbana,27,hombre,3,14,21.428571428571427
2024,10702,urbana,27,mujer,0,21,0.0
2024,10702,urbana,28,hombre,0,14,0.0
2024,10702,urbana,28,mujer,1,18,5.555555555555555
2024,10703,rural,16,hombre,0,41,0.0
2024,10703,rural,16,mujer,0,24,0.0
2024,10703,rural,17,hombre,1,62,1.6129032258064515
2024,10703,rural,17,mujer,1,37,2.7027027027027026
2024,10703,rural,18,hombre,0,63,0.0
2024,10703,rural,18,mujer,0,42,0.0
2024,10703,rural,19,hombre,0,82,0.0
2024,10703,rural,19,mujer,0,57,0.0
2024,10703,rural,20,hombre,0,72,0.0
2024,10703,rural,20,mujer,0,40,0.0
2024,10703,rural,21,hombre,0,67,0.0
2024,10703,rural,21,mujer,1,67,1.492537313432836
2024,10703,rural,22,hombre,0,64,0.0
2024,10703,rural,22,mujer,1,55,1.8181818181818181
2024,10703,rural,23,hombre,0,83,0.0
2024,10703,rural,23,mujer,0,64,0.0
2024,10703,rural,24,hombre,0,83,0.0
2024,10703,rural,24,mujer,1,57,1.7543859649122806
2024,10703,rural,25,hombre,1,97,1.0309278350515463
2024,10703,rural,25,mujer,0,49,0.0
2024,10703,rural,26,hombre,0,76,0.0
2024,10703,rural,26,mujer,0,44,0.0
2024,10703,rural,27,hombre,2,67,2.985074626865672
2024,10703,rural,27,mujer,0,41,0.0
2024,10703,rural,28,hombre,1,65,1.5384615384615385
2024,10703,rural,28,mujer,0,43,0.0
2024,10703,urbana,16,hombre,0,6,0.0
2024,10703,urbana,16,mujer,0,2,0.0
2024,10703,urbana,17,hombre,0,8,0.0
2024,10703,urbana,17,mujer,0,1,0.0
2024,10703,urbana,18,hombre,0,10,0.0
2024,10703,urbana,18,mujer,0,4,0.0
2024,10703,urbana,19,hombre,0,12,0.0
2024,10703,urbana,19,mujer,0,10,0.0
2024,10703,urbana,20,hombre,0,8,0.0
2024,10703,urbana,20,mujer,0,7,0.0
2024,10703,urbana,21,hombre,0,9,0.0
2024,10703,urbana,21,mujer,0,8,0.0
2024,10703,urbana,22,hombre,0,8,0.0
2024,10703,urbana,22,mujer,0,16,0.0
2024,10703,urbana,23,hombre,0,19,0.0
2024,10703,urbana,23,mujer,0,12,0.0
2024,10703,urbana,24,hombre,1,21,4.761904761904762
2024,10703,urbana,24,mujer,0,25,0.0
2024,10703,urbana,25,hombre,0,10,0.0
2024,10703,urbana,25,mujer,0,17,0.0
2024,10703,urbana,26,hombre,0,13,0.0
2024,10703,urbana,26,mujer,0,20,0.0
2024,10703,urbana,27,hombre,0,21,0.0
2024,10703,urbana,27,mujer,1,18,5.555555555555555
2024,10703,urbana,28,hombre,0,20,0.0
2024,10703,urbana,28,mujer,0,14,0.0
2024,10704,rural,16,hombre,0,44,0.0
2024,10704,rural,16,mujer,1,30,3.3333333333333335
2024,10704,rural,17,hombre,1,49,2.0408163265306123
2024,10704,rural,17,mujer,1,31,3.225806451612903
2024,10704,rural,18,hombre,0,66,0.0
2024,10704,rural,18,mujer,0,48,0.0
2024,10704,rural,19,hombre,0,47,0.0
2024,10704,rural,19,mujer,0,48,0.0
2024,10704,rural,20,hombre,1,70,1.4285714285714286
2024,10704,rural,20,mujer,0,44,0.0
2024,10704,rural,21,hombre,2,61,3.278688524590164
2024,10704,rural,21,mujer,1,50,2.0
2024,10704,rural,22,hombre,1,56,1.7857142857142858
2024,10704,rural,22,mujer,0,57,0.0
2024,10704,rural,23,hombre,2,82,2.4390243902439024
2024,10704,rural,23,mujer,0,50,0.0
2024,10704,rural,24,hombre,0,70,0.0
2024,10704,rural,24,mujer,0,41,0.0
2024,10704,rural,25,hombre,1,56,1.7857142857142858
2024,10704,rural,25,mujer,2,50,4.0
2024,10704,rural,26,hombre,0,64,0.0
2024,10704,rural,26,mujer,0,47,0.0
2024,10704,rural,27,hombre,0,54,0.0
2024,10704,rural,27,mujer,0,32,0.0
2024,10704,rural,28,hombre,0,64,0.0
2024,10704,rural,28,mujer,0,32,0.0
2024,10704,urbana,16,hombre,0,10,0.0
2024,10704,urbana,16,mujer,0,10,0.0
2024,10704,urbana,17,hombre,0,11,0.0
2024,10704,urbana,17,mujer,0,7,0.0
2024,10704,urbana,18,hombre,0,12,0.0
2024,10704,urbana,18,mujer,0,16,0.0
2024,10704,urbana,19,hombre,0,10,0.0
2024,10704,urbana,19,mujer,1,7,14.285714285714286
2024,10704,urbana,20,hombre,0,13,0.0
2024,10704,urbana,20,mujer,0,9,0.0
2024,10704,urbana,21,hombre,0,16,0.0
2024,10704,urbana,21,mujer,0,12,0.0
2024,10704,urbana,22,hombre,0,8,0.0
2024,10704,urbana,22,mujer,0,13,0.0
2024,10704,urbana,23,hombre,0,15,0.0
2024,10704,urbana,23,mujer,1,13,7.6923076923076925
2024,10704,urbana,24,hombre,0,23,0.0
2024,10704,urbana,24,mujer,0,11,0.0
2024,10704,urbana,25,hombre,0,19,0.0
2024,10704,urbana,25,mujer,1,20,5.0
2024,10704,urbana,26,hombre,1,21,4.761904761904762
2024,10704,urbana,26,mujer,0,15,0.0
2024,10704,urbana,27,hombre,1,16,6.25
2024,10704,urbana,27,mujer,0,17,0.0
2024,10704,urbana,28,hombre,0,14,0.0
2024,10704,urbana,28,mujer,0,22,0.0
2024,10801,rural,16,hombre,0,12,0.0
2024,10801,rural,16,mujer,0,11,0.0
2024,10801,rural,17,hombre,1,14,7.142857142857143
2024,10801,rural,17,mujer,0,8,0.0
2024,10801,rural,18,hombre,0,23,0.0
2024,10801,rural,18,mujer,0,5,0.0
2024,10801,rural,19,hombre,0,18,0.0
2024,10801,rural,19,mujer,0,7,0.0
2024,10801,rural,20,hombre,0,18,0.0
2024,10801,rural,20,mujer,0,13,0.0
2024,10801,rural,21,hombre,0,22,0.0
2024,10801,rural,21,mujer,0,10,0.0
2024,10801,rural,22,hombre,0,20,0.0
2024,10801,rural,22,mujer,0,11,0.0
2024,10801,rural,23,hombre,0,28,0.0
2024,10801,rural,23,mujer,0,11,0.0
2024,10801,rural,24,hombre,1,21,4.761904761904762
2024,10801,rural,24,mujer,0,17,0.0
2024,10801,rural,25,hombre,0,26,0.0
2024,10801,rural,25,mujer,0,7,0.0
2024,10801,rural,26,hombre,2,25,8.0
2024,10801,rural,26,mujer,1,20,5.0
2024,10801,rural,27,hombre,0,32,0.0
2024,10801,rural,27,mujer,0,18,0.0
2024,10801,rural,28,hombre,0,31,0.0
2024,10801,rural,28,mujer,0,12,0.0
2024,10801,urbana,16,hombre,0,10,0.0
2024,10801,urbana,16,mujer,0,6,0.0
2024,10801,urbana,17,hombre,0,8,0.0
2024,10801,urbana,17,mujer,0,5,0.0
2024,10801,urbana,18,hombre,0,12,0.0
2024,10801,urbana,18,mujer,0,6,0.0
2024,10801,urbana,19,hombre,0,11,0.0
2024,10801,urbana,19,mujer,0,14,0.0
2024,10801,urbana,20,hombre,0,17,0.0
2024,10801,urbana,20,mujer,0,5,0.0
2024,10801,urbana,21,hombre,0,18,0.0
2024,10801,urbana,21,mujer,0,8,0.0
2024,10801,urbana,22,hombre,0,13,0.0
2024,10801,urbana,22,mujer,0,6,0.0
2024,10801,urbana,23,hombre,1,23,4.3478260869565215
2024,10801,urbana,23,mujer,0,13,0.0
2024,10801,urbana,24,hombre,0,17,0.0
2024,10801,urbana,24,mujer,0,12,0.0
2024,10801,urbana,25,hombre,0,14,0.0
2024,10801,urbana,25,mujer,0,20,0.0
2024,10801,urbana,26,hombre,0,25,0.0
2024,10801,urbana,26,mujer,0,12,0.0
2024,10801,urbana,27,hombre,0,15,0.0
2024,10801,urbana,27,mujer,0,13,0.0
2024,10801,urbana,28,hombre,1,23,4.3478260869565215
2024,10801,urbana,28,mujer,0,10,0.0
2024,10901,rural,16,hombre,0,9,0.0
2024,10901,rural,16,mujer,1,5,20.0
2024,10901,rural,17,hombre,0,11,0.0
2024,10901,rural,17,mujer,0,6,0.0
2024,10901,rural,18,hombre,0,5,0.0
2024,10901,rural,18,mujer,0,9,0.0
2024,10901,rural,19,hombre,0,14,0.0
2024,10901,rural,19,mujer,1,9,11.11111111111111
2024,10901,rural,20,hombre,0,8,0.0
2024,10901,rural,20,mujer,0,8,0.0
2024,10901,rural,21,hombre,0,12,0.0
2024,10901,rural,21,mujer,1,6,16.666666666666668
2024,10901,rural,22,hombre,1,20,5.0
2024,10901,rural,22,mujer,0,12,0.0
2024,10901,rural,23,hombre,0,22,0.0
2024,10901,rural,23,mujer,0,9,0.0
2024,10901,rural,24,hombre,1,21,4.761904761904762
2024,10901,rural,24,mujer,1,11,9.090909090909092
2024,10901,rural,25,hombre,1,19,5.2631578947368425
2024,10901,rural,25,mujer,0,8,0.0
2024,10901,rural,26,hombre,0,19,0.0
2024,10901,rural,26,mujer,1,17,5.882352941176471
2024,10901,rural,27,hombre,0,14,0.0
2024,10901,rural,27,mujer,0,11,0.0
2024,10901,rural,28,hombre,0,20,0.0
2024,10901,rural,28,mujer,0,10,0.0
2024,10901,urbana,16,hombre,0,6,0.0
2024,10901,urbana,16,mujer,0,4,0.0
2024,10901,urbana,17,hombre,0,7,0.0
2024,10901,urbana,17,mujer,0,9,0.0
2024,10901,urbana,18,hombre,0,4,0.0
2024,10901,urbana,18,mujer,0,4,0.0
2024,10901,urbana,19,hombre,0,10,0.0
2024,10901,urbana,19,mujer,0,2,0.0
2024,10901,urbana,20,hombre,0,11,0.0
2024,10901,urbana,20,mujer,0,8,0.0
2024,10901,urbana,21,hombre,2,17,11.764705882352942
2024,10901,urbana,21,mujer,0,11,0.0
2024,10901,urbana,22,hombre,0,13,0.0
2024,10901,urbana,22,mujer,0,9,0.0
2024,10901,urbana,23,hombre,1,17,5.882352941176471
2024,10901,urbana,23,mujer,0,8,0.0
2024,10901,urbana,24,hombre,1,25,4.0
2024,10901,urbana,24,mujer,0,10,0.0
2024,10901,urbana,25,hombre,0,12,0.0
2024,10901,urbana,25,mujer,0,13,0.0
2024,10901,urbana,26,hombre,1,12,8.333333333333334
2024,10901,urbana,26,mujer,0,19,0.0
2024,10901,urbana,27,hombre,0,11,0.0
2024,10901,urbana,27,mujer,0,16,0.0
2024,10901,urbana,28,hombre,1,18,5.555555555555555
2024,10901,urbana,28,mujer,0,18,0.0
2024,10902,rural,16,hombre,0,46,0.0
2024,10902,rural,16,mujer,0,21,0.0
2024,10902,rural,17,hombre,0,42,0.0
2024,10902,rural,17,mujer,0,32,0.0
2024,10902,rural,18,hombre,0,52,0.0
2024,10902,rural,18,mujer,0,30,0.0
2024,10902,rural,19,hombre,0,48,0.0
2024,10902,rural,19,mujer,0,20,0.0
2024,10902,rural,20,hombre,1,60,1.6666666666666667
2024,10902,rural,20,mujer,0,30,0.0
2024,10902,rural,21,hombre,0,59,0.0
2024,10902,rural,21,mujer,0,36,0.0
2024,10902,rural,22,hombre,1,59,1.694915254237288
2024,10902,rural,22,mujer,0,38,0.0
2024,10902,rural,23,hombre,0,64,0.0
2024,10902,rural,23,mujer,0,35,0.0
2024,10902,rural,24,hombre,0,57,0.0
2024,10902,rural,24,mujer,2,30,6.666666666666667
2024,10902,rural,25,hombre,0,56,0.0
2024,10902,rural,25,mujer,1,37,2.7027027027027026
2024,10902,rural,26,hombre,1,59,1.694915254237288
2024,10902,rural,26,mujer,0,38,0.0
2024,10902,rural,27,hombre,0,51,0.0
2024,10902,rural,27,mujer,2,29,6.896551724137931
2024,10902,rural,28,hombre,1,62,1.6129032258064515
2024,10902,rural,28,mujer,1,37,2.7027027027027026
2024,10902,urbana,16,hombre,1,10,10.0
2024,10902,urbana,16,mujer,0,11,0.0
2024,10902,urbana,17,hombre,0,16,0.0
2024,10902,urbana,17,mujer,0,12,0.0
2024,10902,urbana,18,hombre,0,9,0.0
2024,10902,urbana,18,mujer,0,10,0.0
2024,10902,urbana,19,hombre,0,13,0.0
2024,10902,urbana,19,mujer,0,8,0.0
2024,10902,urbana,20,hombre,0,10,0.0
2024,10902,urbana,20,mujer,0,7,0.0
2024,10902,urbana,21,hombre,1,16,6.25
2024,10902,urbana,21,mujer,0,7,0.0
2024,10902,urbana,22,hombre,0,11,0.0
2024,10902,urbana,22,mujer,0,5,0.0
2024,10902,urbana,23,hombre,0,22,0.0
2024,10902,urbana,23,mujer,0,20,0.0
2024,10902,urbana,24,hombre,0,8,0.0
2024,10902,urbana,24,mujer,0,11,0.0
2024,10902,urbana,25,hombre,0,17,0.0
2024,10902,urbana,25,mujer,0,17,0.0
2024,10902,urbana,26,hombre,0,16,0.0
2024,10902,urbana,26,mujer,0,18,0.0
2024,10902,urbana,27,hombre,0,22,0.0
2024,10902,urbana,27,mujer,0,16,0.0
2024,10902,urbana,28,hombre,0,16,0.0
2024,10902,urbana,28,mujer,0,10,0.0
2024,10903,rural,16,hombre,0,9,0.0
2024,10903,rural,16,mujer,0,4,0.0
2024,10903,rural,17,hombre,1,14,7.142857142857143
2024,10903,rural,17,mujer,0,5,0.0
2024,10903,rural,18,hombre,1,16,6.25
2024,10903,rural,18,mujer,0,7,0.0
2024,10903,rural,19,hombre,0,26,0.0
2024,10903,rural,19,mujer,0,12,0.0
2024,10903,rural,20,hombre,0,19,0.0
2024,10903,rural,20,mujer,0,17,0.0
2024,10903,rural,21,hombre,2,32,6.25
2024,10903,rural,21,mujer,0,9,0.0
2024,10903,rural,22,hombre,2,32,6.25
2024,10903,rural,22,mujer,0,12,0.0
2024,10903,rural,23,hombre,2,35,5.714285714285714
2024,10903,rural,23,mujer,0,17,0.0
2024,10903,rural,24,hombre,0,41,0.0
2024,10903,rural,24,mujer,0,23,0.0
2024,10903,rural,25,hombre,1,36,2.7777777777777777
2024,10903,rural,25,mujer,0,19,0.0
2024,10903,rural,26,hombre,1,28,3.5714285714285716
2024,10903,rural,26,mujer,1,22,4.545454545454546
2024,10903,rural,27,hombre,0,42,0.0
2024,10903,rural,27,mujer,1,15,6.666666666666667
2024,10903,rural,28,hombre,0,35,0.0
2024,10903,rural,28,mujer,0,13,0.0
2024,11001,rural,16,hombre,0,16,0.0
2024,11001,rural,16,mujer,0,8,0.0
2024,11001,rural,17,hombre,0,22,0.0
2024,11001,rural,17,mujer,0,4,0.0
2024,11001,rural,18,hombre,1,20,5.0
2024,11001,rural,18,mujer,0,12,0.0
2024,11001,rural,19,hombre,0,34,0.0
2024,11001,rural,19,mujer,1,8,12.5
2024,11001,rural,20,hombre,0,26,0.0
2024,11001,rural,20,mujer,0,15,0.0
2024,11001,rural,21,hombre,0,32,0.0
2024,11001,rural,21,mujer,0,5,0.0
2024,11001,rural,22,hombre,0,25,0.0
2024,11001,rural,22,mujer,0,26,0.0
2024,11001,rural,23,hombre,1,42,2.380952380952381
2024,11001,rural,23,mujer,0,15,0.0
2024,11001,rural,24,hombre,0,48,0.0
2024,11001,rural,24,mujer,0,17,0.0
2024,11001,rural,25,hombre,1,32,3.125
2024,11001,rural,25,mujer,0,21,0.0
2024,11001,rural,26,hombre,1,35,2.857142857142857
2024,11001,rural,26,mujer,2,22,9.090909090909092
2024,11001,rural,27,hombre,2,46,4.3478260869565215
2024,11001,rural,27,mujer,0,17,0.0
2024,11001,rural,28,hombre,0,54,0.0
2024,11001,rural,28,mujer,0,20,0.0
2024,11001,urbana,16,hombre,1,7,14.285714285714286
2024,11001,urbana,16,mujer,0,6,0.0
2024,11001,urbana,17,hombre,0,12,0.0
2024,11001,urbana,17,mujer,1,4,25.0
2024,11001,urbana,18,hombre,0,21,0.0
2024,11001,urbana,18,mujer,0,10,0.0
2024,11001,urbana,19,hombre,0,27,0.0
2024,11001,urbana,19,mujer,0,17,0.0
2024,11001,urbana,20,hombre,0,24,0.0
2024,11001,urbana,20,mujer,0,25,0.0
2024,11001,urbana,21,hombre,0,23,0.0
2024,11001,urbana,21,mujer,0,23,0.0
2024,11001,urbana,22,hombre,0,44,0.0
2024,11001,urbana,22,mujer,1,20,5.0
2024,11001,urbana,23,hombre,0,37,0.0
2024,11001,urbana,23,mujer,0,15,0.0
2024,11001,urbana,24,hombre,0,36,0.0
2024,11001,urbana,24,mujer,0,34,0.0
2024,11001,urbana,25,hombre,0,39,0.0
2024,11001,urbana,25,mujer,0,33,0.0
2024,11001,urbana,26,hombre,1,31,3.225806451612903
2024,11001,urbana,26,mujer,0,9,0.0
2024,11001,urbana,27,hombre,2,39,5.128205128205129
2024,11001,urbana,27,mujer,0,28,0.0
2024,11001,urbana,28,hombre,0,52,0.0
2024,11001,urbana,28,mujer,0,22,0.0
2024,11002,rural,16,hombre,0,8,0.0
2024,11002,rural,16,mujer,0,2,0.0
2024,11002,rural,17,hombre,0,3,0.0
2024,11002,rural,17,mujer,0,3,0.0
2024,11002,rural,18,hombre,0,6,0.0
2024,11002,rural,18,mujer,0,5,0.0
2024,11002,rural,19,hombre,0,3,0.0
2024,11002,rural,19,mujer,0,6,0.0
2024,11002,rural,20,hombre,0,9,0.0
2024,11002,rural,20,mujer,0,5,0.0
2024,11002,rural,21,hombre,0,11,0.0
2024,11002,rural,21,mujer,0,2,0.0
2024,11002,rural,22,hombre,1,9,11.11111111111111
2024,11002,rural,22,mujer,0,8,0.0
2024,11002,rural,23,hombre,1,7,14.285714285714286
2024,11002,rural,23,mujer,0,4,0.0
2024,11002,rural,24,hombre,0,16,0.0
2024,11002,rural,24,mujer,1,10,10.0
2024,11002,rural,25,hombre,0,16,0.0
2024,11002,rural,25,mujer,0,5,0.0
2024,11002,rural,26,hombre,0,23,0.0
2024,11002,rural,26,mujer,0,5,0.0
2024,11002,rural,27,hombre,0,16,0.0
2024,11002,rural,27,mujer,0,8,0.0
2024,11002,rural,28,hombre,0,12,0.0
2024,11002,rural,28,mujer,0,5,0.0
2024,11003,rural,16,hombre,0,12,0.0
2024,11003,rural,16,mujer,1,5,20.0
2024,11003,rural,17,hombre,0,19,0.0
2024,11003,rural,17,mujer,0,10,0.0
2024,11003,rural,18,hombre,0,15,0.0
2024,11003,rural,18,mujer,0,6,0.0
2024,11003,rural,19,hombre,0,24,0.0
2024,11003,rural,19,mujer,0,6,0.0
2024,11003,rural,20,hombre,0,20,0.0
2024,11003,rural,20,mujer,0,13,0.0
2024,11003,rural,21,hombre,0,22,0.0
2024,11003,rural,21,mujer,0,11,0.0
2024,11003,rural,22,hombre,0,35,0.0
2024,11003,rural,22,mujer,0,16,0.0
2024,11003,rural,23,hombre,0,27,0.0
2024,11003,rural,23,mujer,1,21,4.761904761904762
2024,11003,rural,24,hombre,0,49,0.0
2024,11003,rural,24,mujer,0,20,0.0
2024,11003,rural,25,hombre,0,41,0.0
2024,11003,rural,25,mujer,0,16,0.0
2024,11003,rural,26,hombre,0,47,0.0
2024,11003,rural,26,mujer,2,21,9.523809523809524
2024,11003,rural,27,hombre,1,45,2.2222222222222223
2024,11003,rural,27,mujer,0,16,0.0
2024,11003,rural,28,hombre,0,30,0.0
2024,11003,rural,28,mujer,0,21,0.0
2024,20101,rural,16,hombre,0,21,0.0
2024,20101,rural,16,mujer,0,10,0.0
2024,20101,rural,17,hombre,1,19,5.2631578947368425
2024,20101,rural,17,mujer,0,6,0.0
2024,20101,rural,18,hombre,0,22,0.0
2024,20101,rural,18,mujer,0,24,0.0
2024,20101,rural,19,hombre,3,35,8.571428571428571
2024,20101,rural,19,mujer,0,25,0.0
2024,20101,rural,20,hombre,0,41,0.0
2024,20101,rural,20,mujer,2,35,5.714285714285714
2024,20101,rural,21,hombre,1,42,2.380952380952381
2024,20101,rural,21,mujer,0,28,0.0
2024,20101,rural,22,hombre,2,49,4.081632653061225
2024,20101,rural,22,mujer,0,33,0.0
2024,20101,rural,23,hombre,2,48,4.166666666666667
2024,20101,rural,23,mujer,1,33,3.0303030303030303
2024,20101,rural,24,hombre,1,69,1.4492753623188406
2024,20101,rural,24,mujer,0,34,0.0
2024,20101,rural,25,hombre,1,50,2.0
2024,20101,rural,25,mujer,0,32,0.0
2024,20101,rural,26,hombre,2,53,3.7735849056603774
2024,20101,rural,26,mujer,0,24,0.0
2024,20101,rural,27,hombre,3,54,5.555555555555555
2024,20101,rural,27,mujer,0,28,0.0
2024,20101,rural,28,hombre,0,45,0.0
2024,20101,rural,28,mujer,0,37,0.0
2024,20101,urbana,16,hombre,14,801,1.7478152309612984
2024,20101,urbana,16,mujer,10,686,1.4577259475218658
2024,20101,urbana,17,hombre,16,1026,1.5594541910331383
2024,20101,urbana,17,mujer,10,828,1.2077294685990339
2024,20101,urbana,18,hombre,33,1648,2.0024271844660193
2024,20101,urbana,18,mujer,34,1387,2.451333813987022
2024,20101,urbana,19,hombre,41,1999,2.0510255127563783
2024,20101,urbana,19,mujer,36,1685,2.136498516320475
2024,20101,urbana,20,hombre,61,2300,2.652173913043478
2024,20101,urbana,20,mujer,37,1945,1.9023136246786632
2024,20101,urbana,21,hombre,73,2702,2.701702442635085
2024,20101,urbana,21,mujer,54,2288,2.36013986013986
2024,20101,urbana,22,hombre,93,2972,3.1292059219380888
2024,20101,urbana,22,mujer,55,2555,2.152641878669276
2024,20101,urbana,23,hombre,97,3935,2.4650571791613722
2024,20101,urbana,23,mujer,76,3295,2.306525037936267
2024,20101,urbana,24,hombre,121,4169,2.9023746701846966
2024,20101,urbana,24,mujer,88,3799,2.316399052382206
2024,20101,urbana,25,hombre,155,4325,3.5838150289017343
2024,20101,urbana,25,mujer,105,3981,2.637528259231349
2024,20101,urbana,26,hombre,153,4534,3.3745037494486105
2024,20101,urbana,26,mujer,118,4188,2.8175740210124163
2024,20101,urbana,27,hombre,156,4855,3.213182286302781
2024,20101,urbana,27,mujer,110,4385,2.508551881413911
2024,20101,urbana,28,hombre,168,4854,3.4610630407911
2024,20101,urbana,28,mujer,124,4461,2.779645819323022
2024,20102,rural,16,hombre,2,41,4.878048780487805
2024,20102,rural,16,mujer,0,56,0.0
2024,20102,rural,17,hombre,0,68,0.0
2024,20102,rural,17,mujer,0,50,0.0
2024,20102,rural,18,hombre,2,66,3.0303030303030303
2024,20102,rural,18,mujer,1,72,1.3888888888888888
2024,20102,rural,19,hombre,1,95,1.0526315789473684
2024,20102,rural,19,mujer,0,87,0.0
2024,20102,rural,20,hombre,1,101,0.9900990099009901
2024,20102,rural,20,mujer,2,94,2.127659574468085
2024,20102,rural,21,hombre,1,121,0.8264462809917356
2024,20102,rural,21,mujer,0,100,0.0
2024,20102,rural,22,hombre,3,113,2.6548672566371683
2024,20102,rural,22,mujer,1,102,0.9803921568627451
2024,20102,rural,23,hombre,5,145,3.4482758620689653
2024,20102,rural,23,mujer,1,126,0.7936507936507936
2024,20102,rural,24,hombre,1,153,0.6535947712418301
2024,20102,rural,24,mujer,1,122,0.819672131147541
2024,20102,rural,25,hombre,0,125,0.0
2024,20102,rural,25,mujer,2,116,1.7241379310344827
2024,20102,rural,26,hombre,4,150,2.6666666666666665
2024,20102,rural,26,mujer,1,129,0.7751937984496124
2024,20102,rural,27,hombre,6,143,4.195804195804196
2024,20102,rural,27,mujer,0,106,0.0
2024,20102,rural,28,hombre,2,121,1.6528925619834711
2024,20102,rural,28,mujer,0,103,0.0
2024,20103,rural,16,hombre,0,44,0.0
2024,20103,rural,16,mujer,1,54,1.8518518518518519
2024,20103,rural,17,hombre,1,54,1.8518518518518519
2024,20103,rural,17,mujer,0,46,0.0
2024,20103,rural,18,hombre,1,53,1.8867924528301887
2024,20103,rural,18,mujer,0,57,0.0
2024,20103,rural,19,hombre,0,76,0.0
2024,20103,rural,19,mujer,1,59,1.694915254237288
2024,20103,rural,20,hombre,1,71,1.408450704225352
2024,20103,rural,20,mujer,1,79,1.2658227848101267
2024,20103,rural,21,hombre,4,105,3.8095238095238093
2024,20103,rural,21,mujer,0,94,0.0
2024,20103,rural,22,hombre,2,95,2.1052631578947367
2024,20103,rural,22,mujer,1,94,1.0638297872340425
2024,20103,rural,23,hombre,1,106,0.9433962264150944
2024,20103,rural,23,mujer,4,98,4.081632653061225
2024,20103,rural,24,hombre,1,150,0.6666666666666666
2024,20103,rural,24,mujer,3,132,2.272727272727273
2024,20103,rural,25,hombre,1,112,0.8928571428571429
2024,20103,rural,25,mujer,1,122,0.819672131147541
2024,20103,rural,26,hombre,4,135,2.962962962962963
2024,20103,rural,26,mujer,1,106,0.9433962264150944
2024,20103,rural,27,hombre,2,114,1.7543859649122806
2024,20103,rural,27,mujer,2,88,2.272727272727273
2024,20103,rural,28,hombre,1,128,0.78125
2024,20103,rural,28,mujer,2,92,2.1739130434782608
2024,20104,rural,16,hombre,0,10,0.0
2024,20104,rural,16,mujer,0,9,0.0
2024,20104,rural,17,hombre,0,12,0.0
2024,20104,rural,17,mujer,0,8,0.0
2024,20104,rural,18,hombre,1,14,7.142857142857143
2024,20104,rural,18,mujer,0,13,0.0
2024,20104,rural,19,hombre,1,22,4.545454545454546
2024,20104,rural,19,mujer,0,22,0.0
2024,20104,rural,20,hombre,0,26,0.0
2024,20104,rural,20,mujer,1,29,3.4482758620689653
2024,20104,rural,21,hombre,0,26,0.0
2024,20104,rural,21,mujer,0,22,0.0
2024,20104,rural,22,hombre,0,41,0.0
2024,20104,rural,22,mujer,1,30,3.3333333333333335
2024,20104,rural,23,hombre,2,33,6.0606060606060606
2024,20104,rural,23,mujer,0,32,0.0
2024,20104,rural,24,hombre,0,32,0.0
2024,20104,rural,24,mujer,1,37,2.7027027027027026
2024,20104,rural,25,hombre,1,36,2.7777777777777777
2024,20104,rural,25,mujer,0,39,0.0
2024,20104,rural,26,hombre,0,40,0.0
2024,20104,rural,26,mujer,1,30,3.3333333333333335
2024,20104,rural,27,hombre,1,40,2.5
2024,20104,rural,27,mujer,1,38,2.6315789473684212
2024,20104,rural,28,hombre,1,30,3.3333333333333335
2024,20104,rural,28,mujer,0,31,0.0
2024,20104,urbana,16,hombre,1,100,1.0
2024,20104,urbana,16,mujer,0,76,0.0
2024,20104,urbana,17,hombre,2,108,1.8518518518518519
2024,20104,urbana,17,mujer,3,88,3.409090909090909
2024,20104,urbana,18,hombre,2,106,1.8867924528301887
2024,20104,urbana,18,mujer,0,116,0.0
2024,20104,urbana,19,hombre,1,173,0.5780346820809249
2024,20104,urbana,19,mujer,1,141,0.7092198581560284
2024,20104,urbana,20,hombre,4,201,1.9900497512437811
2024,20104,urbana,20,mujer,1,161,0.6211180124223602
2024,20104,urbana,21,hombre,9,221,4.072398190045249
2024,20104,urbana,21,mujer,2,168,1.1904761904761905
2024,20104,urbana,22,hombre,5,212,2.358490566037736
2024,20104,urbana,22,mujer,5,170,2.9411764705882355
2024,20104,urbana,23,hombre,8,281,2.8469750889679717
2024,20104,urbana,23,mujer,12,247,4.8582995951417
2024,20104,urbana,24,hombre,6,290,2.0689655172413794
2024,20104,urbana,24,mujer,1,236,0.423728813559322
2024,20104,urbana,25,hombre,7,309,2.26537216828479
2024,20104,urbana,25,mujer,1,220,0.45454545454545453
2024,20104,urbana,26,hombre,13,280,4.642857142857143
2024,20104,urbana,26,mujer,10,213,4.694835680751174
2024,20104,urbana,27,hombre,7,248,2.8225806451612905
2024,20104,urbana,27,mujer,5,238,2.100840336134454
2024,20104,urbana,28,hombre,10,267,3.745318352059925
2024,20104,urbana,28,mujer,6,223,2.690582959641256
2024,20105,rural,16,hombre,0,3,0.0
2024,20105,rural,17,mujer,0,1,0.0
2024,20105,rural,18,hombre,0,1,0.0
2024,20105,rural,18,mujer,0,2,0.0
2024,20105,rural,19,mujer,0,2,0.0
2024,20105,rural,20,hombre,0,5,0.0
2024,20105,rural,20,mujer,0,4,0.0
2024,20105,rural,21,hombre,0,5,0.0
2024,20105,rural,21,mujer,0,1,0.0
2024,20105,rural,22,hombre,0,3,0.0
2024,20105,rural,22,mujer,0,4,0.0
2024,20105,rural,23,hombre,0,6,0.0
2024,20105,rural,23,mujer,0,1,0.0
2024,20105,rural,24,hombre,0,3,0.0
2024,20105,rural,24,mujer,0,3,0.0
2024,20105,rural,25,hombre,0,6,0.0
2024,20105,rural,25,mujer,0,3,0.0
2024,20105,rural,26,hombre,0,6,0.0
2024,20105,rural,26,mujer,0,4,0.0
2024,20105,rural,27,hombre,0,5,0.0
2024,20105,rural,28,hombre,0,7,0.0
2024,20105,rural,28,mujer,0,2,0.0
2024,20105,urbana,16,hombre,20,2084,0.9596928982725528
2024,20105,urbana,16,mujer,19,1696,1.1202830188679245
2024,20105,urbana,17,hombre,31,2298,1.3489991296779809
2024,20105,urbana,17,mujer,32,1971,1.6235413495687467
2024,20105,urbana,18,hombre,39,2798,1.3938527519656898
2024,20105,urbana,18,mujer,41,3013,1.3607699966810487
2024,20105,urbana,19,hombre,81,3627,2.2332506203473947
2024,20105,urbana,19,mujer,67,3386,1.9787359716479622
2024,20105,urbana,20,hombre,111,4421,2.510744175525899
2024,20105,urbana,20,mujer,79,3907,2.022011773739442
2024,20105,urbana,21,hombre,114,4985,2.286860581745236
2024,20105,urbana,21,mujer,92,4237,2.1713476516403114
2024,20105,urbana,22,hombre,121,5187,2.332754964333912
2024,20105,urbana,22,mujer,104,4567,2.2772060433544996
2024,20105,urbana,23,hombre,169,6157,2.7448432678252397
2024,20105,urbana,23,mujer,126,5175,2.4347826086956523
2024,20105,urbana,24,hombre,203,6592,3.079490291262136
2024,20105,urbana,24,mujer,138,5659,2.438593391058491
2024,20105,urbana,25,hombre,177,6653,2.6604539305576433
2024,20105,urbana,25,mujer,159,5815,2.7343078245915735
2024,20105,urbana,26,hombre,196,6685,2.931937172774869
2024,20105,urbana,26,mujer,136,5738,2.3701638201463924
2024,20105,urbana,27,hombre,191,6606,2.8913109294580686
2024,20105,urbana,27,mujer,131,5705,2.296231375985977
2024,20105,urbana,28,hombre,192,6709,2.8618273960351766
2024,20105,urbana,28,mujer,141,5774,2.441981295462418
2024,20201,rural,16,hombre,0,61,0.0
2024,20201,rural,16,mujer,1,62,1.6129032258064515
2024,20201,rural,17,hombre,0,75,0.0
2024,20201,rural,17,mujer,0,75,0.0
2024,20201,rural,18,hombre,2,85,2.3529411764705883
2024,20201,rural,18,mujer,0,74,0.0
2024,20201,rural,19,hombre,2,81,2.4691358024691357
2024,20201,rural,19,mujer,1,76,1.3157894736842106
2024,20201,rural,20,hombre,0,108,0.0
2024,20201,rural,20,mujer,0,85,0.0
2024,20201,rural,21,hombre,1,141,0.7092198581560284
2024,20201,rural,21,mujer,1,114,0.8771929824561403
2024,20201,rural,22,hombre,1,115,0.8695652173913043
2024,20201,rural,22,mujer,0,132,0.0
2024,20201,rural,23,hombre,1,146,0.684931506849315
2024,20201,rural,23,mujer,1,115,0.8695652173913043
2024,20201,rural,24,hombre,1,170,0.5882352941176471
2024,20201,rural,24,mujer,3,131,2.2900763358778624
2024,20201,rural,25,hombre,3,182,1.6483516483516483
2024,20201,rural,25,mujer,4,130,3.076923076923077
2024,20201,rural,26,hombre,1,174,0.5747126436781609
2024,20201,rural,26,mujer,1,143,0.6993006993006993
2024,20201,rural,27,hombre,2,180,1.1111111111111112
2024,20201,rural,27,mujer,2,116,1.7241379310344827
2024,20201,rural,28,hombre,4,175,2.2857142857142856
2024,20201,rural,28,mujer,1,153,0.6535947712418301
2024,20201,urbana,16,hombre,0,24,0.0
2024,20201,urbana,16,mujer,0,16,0.0
2024,20201,urbana,17,hombre,0,24,0.0
2024,20201,urbana,17,mujer,0,24,0.0
2024,20201,urbana,18,hombre,1,28,3.5714285714285716
2024,20201,urbana,18,mujer,1,31,3.225806451612903
2024,20201,urbana,19,hombre,1,27,3.7037037037037037
2024,20201,urbana,19,mujer,0,32,0.0
2024,20201,urbana,20,hombre,0,30,0.0
2024,20201,urbana,20,mujer,1,40,2.5
2024,20201,urbana,21,hombre,0,46,0.0
2024,20201,urbana,21,mujer,1,36,2.7777777777777777
2024,20201,urbana,22,hombre,0,51,0.0
2024,20201,urbana,22,mujer,0,42,0.0
2024,20201,urbana,23,hombre,1,32,3.125
2024,20201,urbana,23,mujer,1,56,1.7857142857142858
2024,20201,urbana,24,hombre,0,39,0.0
2024,20201,urbana,24,mujer,2,45,4.444444444444445
2024,20201,urbana,25,hombre,3,61,4.918032786885246
2024,20201,urbana,25,mujer,0,44,0.0
2024,20201,urbana,26,hombre,0,55,0.0
2024,20201,urbana,26,mujer,1,59,1.694915254237288
2024,20201,urbana,27,hombre,1,54,1.8518518518518519
2024,20201,urbana,27,mujer,0,54,0.0
2024,20201,urbana,28,hombre,1,54,1.8518518518518519
2024,20201,urbana,28,mujer,1,59,1.694915254237288
2024,20202,rural,16,hombre,0,22,0.0
2024,20202,rural,16,mujer,0,24,0.0
2024,20202,rural,17,hombre,0,26,0.0
2024,20202,rural,17,mujer,1,24,4.166666666666667
2024,20202,rural,18,hombre,0,32,0.0
2024,20202,rural,18,mujer,0,32,0.0
2024,20202,rural,19,hombre,1,39,2.5641025641025643
2024,20202,rural,19,mujer,1,33,3.0303030303030303
2024,20202,rural,20,hombre,0,44,0.0
2024,20202,rural,20,mujer,0,40,0.0
2024,20202,rural,21,hombre,0,44,0.0
2024,20202,rural,21,mujer,1,36,2.7777777777777777
2024,20202,rural,22,hombre,0,46,0.0
2024,20202,rural,22,mujer,0,46,0.0
2024,20202,rural,23,hombre,0,68,0.0
2024,20202,rural,23,mujer,1,46,2.1739130434782608
2024,20202,rural,24,hombre,1,69,1.4492753623188406
2024,20202,rural,24,mujer,1,47,2.127659574468085
2024,20202,rural,25,hombre,1,72,1.3888888888888888
2024,20202,rural,25,mujer,0,60,0.0
2024,20202,rural,26,hombre,2,67,2.985074626865672
2024,20202,rural,26,mujer,0,50,0.0
2024,20202,rural,27,hombre,1,57,1.7543859649122806
2024,20202,rural,27,mujer,0,47,0.0
2024,20202,rural,28,hombre,2,73,2.73972602739726
2024,20202,rural,28,mujer,1,53,1.8867924528301887
2024,20203,rural,16,hombre,0,9,0.0
2024,20203,rural,16,mujer,0,14,0.0
2024,20203,rural,17,hombre,0,8,0.0
2024,20203,rural,17,mujer,1,8,12.5
2024,20203,rural,18,hombre,0,13,0.0
2024,20203,rural,18,mujer,1,20,5.0
2024,20203,rural,19,hombre,0,10,0.0
2024,20203,rural,19,mujer,0,16,0.0
2024,20203,rural,20,hombre,2,23,8.695652173913043
2024,20203,rural,20,mujer,0,21,0.0
2024,20203,rural,21,hombre,1,24,4.166666666666667
2024,20203,rural,21,mujer,0,23,0.0
2024,20203,rural,22,hombre,0,32,0.0
2024,20203,rural,22,mujer,0,26,0.0
2024,20203,rural,23,hombre,0,32,0.0
2024,20203,rural,23,mujer,3,31,9.67741935483871
2024,20203,rural,24,hombre,1,32,3.125
2024,20203,rural,24,mujer,1,30,3.3333333333333335
2024,20203,rural,25,hombre,0,29,0.0
2024,20203,rural,25,mujer,2,26,7.6923076923076925
2024,20203,rural,26,hombre,0,37,0.0
2024,20203,rural,26,mujer,0,33,0.0
2024,20203,rural,27,hombre,1,44,2.272727272727273
2024,20203,rural,27,mujer,0,26,0.0
2024,20203,rural,28,hombre,0,31,0.0
2024,20203,rural,28,mujer,1,34,2.9411764705882355
2024,20204,rural,16,hombre,0,11,0.0
2024,20204,rural,16,mujer,0,6,0.0
2024,20204,rural,17,hombre,0,10,0.0
2024,20204,rural,17,mujer,0,12,0.0
2024,20204,rural,18,hombre,0,9,0.0
2024,20204,rural,18,mujer,0,5,0.0
2024,20204,rural,19,hombre,0,20,0.0
2024,20204,rural,19,mujer,0,15,0.0
2024,20204,rural,20,hombre,1,18,5.555555555555555
2024,20204,rural,20,mujer,0,12,0.0
2024,20204,rural,21,hombre,0,15,0.0
2024,20204,rural,21,mujer,0,17,0.0
2024,20204,rural,22,hombre,0,23,0.0
2024,20204,rural,22,mujer,0,18,0.0
2024,20204,rural,23,hombre,0,31,0.0
2024,20204,rural,23,mujer,1,29,3.4482758620689653
2024,20204,rural,24,hombre,0,29,0.0
2024,20204,rural,24,mujer,0,23,0.0
2024,20204,rural,25,hombre,0,34,0.0
2024,20204,rural,25,mujer,0,30,0.0
2024,20204,rural,26,hombre,1,35,2.857142857142857
2024,20204,rural,26,mujer,0,33,0.0
2024,20204,rural,27,hombre,1,34,2.9411764705882355
2024,20204,rural,27,mujer,1,29,3.4482758620689653
2024,20204,rural,28,hombre,1,33,3.0303030303030303
2024,20204,rural,28,mujer,0,22,0.0
2024,20205,rural,16,hombre,0,4,0.0
2024,20205,rural,16,mujer,0,4,0.0
2024,20205,rural,17,hombre,0,5,0.0
2024,20205,rural,17,mujer,0,4,0.0
2024,20205,rural,18,hombre,0,8,0.0
2024,20205,rural,18,mujer,0,8,0.0
2024,20205,rural,19,hombre,1,12,8.333333333333334
2024,20205,rural,19,mujer,0,7,0.0
2024,20205,rural,20,hombre,0,13,0.0
2024,20205,rural,20,mujer,0,6,0.0
2024,20205,rural,21,hombre,0,11,0.0
2024,20205,rural,21,mujer,0,6,0.0
2024,20205,rural,22,hombre,0,12,0.0
2024,20205,rural,22,mujer,0,12,0.0
2024,20205,rural,23,hombre,0,16,0.0
2024,20205,rural,23,mujer,1,17,5.882352941176471
2024,20205,rural,24,hombre,0,14,0.0
2024,20205,rural,24,mujer,2,17,11.764705882352942
2024,20205,rural,25,hombre,0,18,0.0
2024,20205,rural,25,mujer,1,12,8.333333333333334
2024,20205,rural,26,hombre,0,14,0.0
2024,20205,rural,26,mujer,0,12,0.0
2024,20205,rural,27,hombre,1,17,5.882352941176471
2024,20205,rural,27,mujer,0,14,0.0
2024,20205,rural,28,hombre,0,13,0.0
2024,20205,rural,28,mujer,0,11,0.0
2024,20206,rural,16,hombre,0,8,0.0
2024,20206,rural,16,mujer,1,5,20.0
2024,20206,rural,17,hombre,0,21,0.0
2024,20206,rural,17,mujer,0,11,0.0
2024,20206,rural,18,hombre,2,55,3.6363636363636362
2024,20206,rural,18,mujer,0,20,0.0
2024,20206,rural,19,hombre,0,38,0.0
2024,20206,rural,19,mujer,0,17,0.0
2024,20206,rural,20,hombre,0,30,0.0
2024,20206,rural,20,mujer,0,29,0.0
2024,20206,rural,21,hombre,0,29,0.0
2024,20206,rural,21,mujer,1,13,7.6923076923076925
2024,20206,rural,22,hombre,0,17,0.0
2024,20206,rural,22,mujer,0,21,0.0
2024,20206,rural,23,hombre,2,28,7.142857142857143
2024,20206,rural,23,mujer,0,20,0.0
2024,20206,rural,24,hombre,0,27,0.0
2024,20206,rural,24,mujer,1,31,3.225806451612903
2024,20206,rural,25,hombre,0,42,0.0
2024,20206,rural,25,mujer,0,26,0.0
2024,20206,rural,26,hombre,1,42,2.380952380952381
2024,20206,rural,26,mujer,0,31,0.0
2024,20206,rural,27,hombre,3,37,8.108108108108109
2024,20206,rural,27,mujer,1,21,4.761904761904762
2024,20206,rural,28,hombre,1,38,2.6315789473684212
2024,20206,rural,28,mujer,3,31,9.67741935483871
2024,20301,rural,16,hombre,1,32,3.125
2024,20301,rural,16,mujer,0,25,0.0
2024,20301,rural,17,hombre,0,24,0.0
2024,20301,rural,17,mujer,0,26,0.0
2024,20301,rural,18,hombre,0,31,0.0
2024,20301,rural,18,mujer,0,28,0.0
2024,20301,rural,19,hombre,0,43,0.0
2024,20301,rural,19,mujer,0,33,0.0
2024,20301,rural,20,hombre,0,45,0.0
2024,20301,rural,20,mujer,0,40,0.0
2024,20301,rural,21,hombre,0,37,0.0
2024,20301,rural,21,mujer,0,45,0.0
2024,20301,rural,22,hombre,2,48,4.166666666666667
2024,20301,rural,22,mujer,1,26,3.8461538461538463
2024,20301,rural,23,hombre,2,43,4.651162790697675
2024,20301,rural,23,mujer,0,53,0.0
2024,20301,rural,24,hombre,0,55,0.0
2024,20301,rural,24,mujer,0,44,0.0
2024,20301,rural,25,hombre,1,53,1.8867924528301887
2024,20301,rural,25,mujer,1,46,2.1739130434782608
2024,20301,rural,26,hombre,1,51,1.9607843137254901
2024,20301,rural,26,mujer,0,58,0.0
2024,20301,rural,27,hombre,1,42,2.380952380952381
2024,20301,rural,27,mujer,1,36,2.7777777777777777
2024,20301,rural,28,hombre,1,52,1.9230769230769231
2024,20301,rural,28,mujer,0,35,0.0
2024,20301,urbana,16,hombre,0,2,0.0
2024,20301,urbana,16,mujer,0,1,0.0
2024,20301,urbana,17,hombre,0,9,0.0
2024,20301,urbana,17,mujer,0,1,0.0
2024,20301,urbana,18,hombre,0,49,0.0
2024,20301,urbana,18,mujer,0,3,0.0
2024,20301,urbana,19,hombre,0,33,0.0
2024,20301,urbana,19,mujer,0,4,0.0
2024,20301,urbana,20,hombre,1,16,6.25
2024,20301,urbana,20,mujer,0,1,0.0
2024,20301,urbana,21,hombre,0,10,0.0
2024,20301,urbana,21,mujer,0,3,0.0
2024,20301,urbana,22,hombre,1,14,7.142857142857143
2024,20301,urbana,22,mujer,1,6,16.666666666666668
2024,20301,urbana,23,hombre,0,3,0.0
2024,20301,urbana,23,mujer,0,6,0.0
2024,20301,urbana,24,hombre,0,9,0.0
2024,20301,urbana,24,mujer,0,7,0.0
2024,20301,urbana,25,hombre,0,10,0.0
2024,20301,urbana,25,mujer,0,4,0.0
2024,20301,urbana,26,hombre,0,7,0.0
2024,20301,urbana,26,mujer,0,9,0.0
2024,20301,urbana,27,hombre,0,14,0.0
2024,20301,urbana,27,mujer,0,6,0.0
2024,20301,urbana,28,hombre,0,11,0.0
2024,20301,urbana,28,mujer,0,13,0.0
2024,20302,rural,16,hombre,0,23,0.0
2024,20302,rural,16,mujer,0,23,0.0
2024,20302,rural,17,hombre,0,40,0.0
2024,20302,rural,17,mujer,0,28,0.0
2024,20302,rural,18,hombre,1,50,2.0
2024,20302,rural,18,mujer,1,55,1.8181818181818181
2024,20302,rural,19,hombre,0,67,0.0
2024,20302,rural,19,mujer,0,40,0.0
2024,20302,rural,20,hombre,1,42,2.380952380952381
2024,20302,rural,20,mujer,0,47,0.0
2024,20302,rural,21,hombre,0,52,0.0
2024,20302,rural,21,mujer,1,57,1.7543859649122806
2024,20302,rural,22,hombre,0,52,0.0
2024,20302,rural,22,mujer,0,46,0.0
2024,20302,rural,23,hombre,0,65,0.0
2024,20302,rural,23,mujer,1,57,1.7543859649122806
2024,20302,rural,24,hombre,1,65,1.5384615384615385
2024,20302,rural,24,mujer,0,60,0.0
2024,20302,rural,25,hombre,0,66,0.0
2024,20302,rural,25,mujer,0,59,0.0
2024,20302,rural,26,hombre,0,72,0.0
2024,20302,rural,26,mujer,1,51,1.9607843137254901
2024,20302,rural,27,hombre,2,74,2.7027027027027026
2024,20302,rural,27,mujer,0,39,0.0
2024,20302,rural,28,hombre,1,71,1.408450704225352
2024,20302,rural,28,mujer,1,47,2.127659574468085
2024,20303,rural,16,hombre,0,15,0.0
2024,20303,rural,16,mujer,0,5,0.0
2024,20303,rural,17,hombre,0,8,0.0
2024,20303,rural,17,mujer,0,21,0.0
2024,20303,rural,18,hombre,0,22,0.0
2024,20303,rural,18,mujer,0,26,0.0
2024,20303,rural,19,hombre,0,33,0.0
2024,20303,rural,19,mujer,0,21,0.0
2024,20303,rural,20,hombre,0,40,0.0
2024,20303,rural,20,mujer,1,25,4.0
2024,20303,rural,21,hombre,0,36,0.0
2024,20303,rural,21,mujer,0,30,0.0
2024,20303,rural,22,hombre,0,45,0.0
2024,20303,rural,22,mujer,0,25,0.0
2024,20303,rural,23,hombre,0,52,0.0
2024,20303,rural,23,mujer,1,34,2.9411764705882355
2024,20303,rural,24,hombre,0,45,0.0
2024,20303,rural,24,mujer,0,29,0.0
2024,20303,rural,25,hombre,0,45,0.0
2024,20303,rural,25,mujer,0,46,0.0
2024,20303,rural,26,hombre,1,57,1.7543859649122806
2024,20303,rural,26,mujer,0,20,0.0
2024,20303,rural,27,hombre,3,53,5.660377358490566
2024,20303,rural,27,mujer,1,38,2.6315789473684212
2024,20303,rural,28,hombre,0,45,0.0
2024,20303,rural,28,mujer,0,31,0.0
2024,20304,rural,16,hombre,1,8,12.5
2024,20304,rural,16,mujer,0,1,0.0
2024,20304,rural,17,hombre,0,14,0.0
2024,20304,rural,17,mujer,0,12,0.0
2024,20304,rural,18,hombre,0,13,0.0
2024,20304,rural,18,mujer,0,10,0.0
2024,20304,rural,19,hombre,0,21,0.0
2024,20304,rural,19,mujer,0,9,0.0
2024,20304,rural,20,hombre,0,16,0.0
2024,20304,rural,20,mujer,0,16,0.0
2024,20304,rural,21,hombre,0,16,0.0
2024,20304,rural,21,mujer,0,18,0.0
2024,20304,rural,22,hombre,0,19,0.0
2024,20304,rural,22,mujer,0,16,0.0
2024,20304,rural,23,hombre,1,29,3.4482758620689653
2024,20304,rural,23,mujer,0,20,0.0
2024,20304,rural,24,hombre,0,27,0.0
2024,20304,rural,24,mujer,0,24,0.0
2024,20304,rural,25,hombre,0,22,0.0
2024,20304,rural,25,mujer,2,16,12.5
2024,20304,rural,26,hombre,0,17,0.0
2024,20304,rural,26,mujer,0,15,0.0
2024,20304,rural,27,hombre,1,23,4.3478260869565215
2024,20304,rural,27,mujer,0,12,0.0
2024,20304,rural,28,hombre,0,13,0.0
2024,20304,rural,28,mujer,1,19,5.2631578947368425
2024,20305,rural,16,hombre,0,5,0.0
2024,20305,rural,16,mujer,0,3,0.0
2024,20305,rural,17,hombre,0,8,0.0
2024,20305,rural,17,mujer,0,7,0.0
2024,20305,rural,18,hombre,0,11,0.0
2024,20305,rural,18,mujer,0,8,0.0
2024,20305,rural,19,hombre,0,12,0.0
2024,20305,rural,19,mujer,0,5,0.0
2024,20305,rural,20,hombre,1,12,8.333333333333334
2024,20305,rural,20,mujer,0,9,0.0
2024,20305,rural,21,hombre,0,13,0.0
2024,20305,rural,21,mujer,0,12,0.0
2024,20305,rural,22,hombre,0,18,0.0
2024,20305,rural,22,mujer,1,13,7.6923076923076925
2024,20305,rural,23,hombre,0,20,0.0
2024,20305,rural,23,mujer,0,10,0.0
2024,20305,rural,24,hombre,0,13,0.0
2024,20305,rural,24,mujer,0,12,0.0
2024,20305,rural,25,hombre,1,27,3.7037037037037037
2024,20305,rural,25,mujer,0,13,0.0
2024,20305,rural,26,hombre,0,20,0.0
2024,20305,rural,26,mujer,0,16,0.0
2024,20305,rural,27,hombre,0,21,0.0
2024,20305,rural,27,mujer,0,10,0.0
2024,20305,rural,28,hombre,1,16,6.25
2024,20305,rural,28,mujer,0,16,0.0
2024,20306,rural,16,hombre,0,4,0.0
2024,20306,rural,16,mujer,0,6,0.0
2024,20306,rural,17,hombre,0,7,0.0
2024,20306,rural,17,mujer,0,10,0.0
2024,20306,rural,18,hombre,0,16,0.0
2024,20306,rural,18,mujer,0,10,0.0
2024,20306,rural,19,hombre,0,14,0.0
2024,20306,rural,19,mujer,0,14,0.0
2024,20306,rural,20,hombre,0,25,0.0
2024,20306,rural,20,mujer,0,14,0.0
2024,20306,rural,21,hombre,1,22,4.545454545454546
2024,20306,rural,21,mujer,0,10,0.0
2024,20306,rural,22,hombre,0,24,0.0
2024,20306,rural,22,mujer,0,22,0.0
2024,20306,rural,23,hombre,0,34,0.0
2024,20306,rural,23,mujer,0,38,0.0
2024,20306,rural,24,hombre,1,60,1.6666666666666667
2024,20306,rural,24,mujer,0,33,0.0
2024,20306,rural,25,hombre,0,36,0.0
2024,20306,rural,25,mujer,3,31,9.67741935483871
2024,20306,rural,26,hombre,0,32,0.0
2024,20306,rural,26,mujer,0,16,0.0
2024,20306,rural,27,hombre,2,34,5.882352941176471
2024,20306,rural,27,mujer,0,25,0.0
2024,20306,rural,28,hombre,0,26,0.0
2024,20306,rural,28,mujer,2,20,10.0
2024,20306,urbana,16,hombre,0,2,0.0
2024,20306,urbana,16,mujer,0,3,0.0
2024,20306,urbana,17,hombre,0,2,0.0
2024,20306,urbana,18,hombre,0,1,0.0
2024,20306,urbana,18,mujer,0,3,0.0
2024,20306,urbana,19,hombre,0,7,0.0
2024,20306,urbana,19,mujer,0,5,0.0
2024,20306,urbana,20,hombre,0,7,0.0
2024,20306,urbana,20,mujer,0,5,0.0
2024,20306,urbana,21,hombre,1,13,7.6923076923076925
2024,20306,urbana,21,mujer,0,6,0.0
2024,20306,urbana,22,hombre,0,8,0.0
2024,20306,urbana,22,mujer,0,9,0.0
2024,20306,urbana,23,hombre,1,15,6.666666666666667
2024,20306,urbana,23,mujer,0,14,0.0
2024,20306,urbana,24,hombre,2,14,14.285714285714286
2024,20306,urbana,24,mujer,0,12,0.0
2024,20306,urbana,25,hombre,0,17,0.0
2024,20306,urbana,25,mujer,0,11,0.0
2024,20306,urbana,26,hombre,0,10,0.0
2024,20306,urbana,26,mujer,0,5,0.0
2024,20306,urbana,27,hombre,0,9,0.0
2024,20306,urbana,27,mujer,0,12,0.0
2024,20306,urbana,28,hombre,0,17,0.0
2024,20306,urbana,28,mujer,0,11,0.0
2024,20307,rural,16,hombre,0,9,0.0
2024,20307,rural,16,mujer,0,3,0.0
2024,20307,rural,17,hombre,0,14,0.0
2024,20307,rural,17,mujer,0,4,0.0
2024,20307,rural,18,hombre,0,10,0.0
2024,20307,rural,18,mujer,0,7,0.0
2024,20307,rural,19,hombre,0,15,0.0
2024,20307,rural,19,mujer,0,13,0.0
2024,20307,rural,20,hombre,0,19,0.0
2024,20307,rural,20,mujer,0,11,0.0
2024,20307,rural,21,hombre,0,22,0.0
2024,20307,rural,21,mujer,0,9,0.0
2024,20307,rural,22,hombre,0,17,0.0
2024,20307,rural,22,mujer,2,19,10.526315789473685
2024,20307,rural,23,hombre,0,16,0.0
2024,20307,rural,23,mujer,0,19,0.0
2024,20307,rural,24,hombre,0,25,0.0
2024,20307,rural,24,mujer,0,17,0.0
2024,20307,rural,25,hombre,0,15,0.0
2024,20307,rural,25,mujer,0,11,0.0
2024,20307,rural,26,hombre,0,17,0.0
2024,20307,rural,26,mujer,0,20,0.0
2024,20307,rural,27,hombre,0,17,0.0
2024,20307,rural,27,mujer,0,13,0.0
2024,20307,rural,28,hombre,0,15,0.0
2024,20307,rural,28,mujer,1,13,7.6923076923076925
2024,20308,rural,16,hombre,0,11,0.0
2024,20308,rural,16,mujer,0,8,0.0
2024,20308,rural,17,hombre,0,9,0.0
2024,20308,rural,17,mujer,0,13,0.0
2024,20308,rural,18,hombre,0,12,0.0
2024,20308,rural,18,mujer,0,22,0.0
2024,20308,rural,19,hombre,0,19,0.0
2024,20308,rural,19,mujer,0,11,0.0
2024,20308,rural,20,hombre,1,18,5.555555555555555
2024,20308,rural,20,mujer,1,20,5.0
2024,20308,rural,21,hombre,0,35,0.0
2024,20308,rural,21,mujer,1,17,5.882352941176471
2024,20308,rural,22,hombre,0,27,0.0
2024,20308,rural,22,mujer,0,13,0.0
2024,20308,rural,23,hombre,0,26,0.0
2024,20308,rural,23,mujer,0,21,0.0
2024,20308,rural,24,hombre,2,39,5.128205128205129
2024,20308,rural,24,mujer,0,22,0.0
2024,20308,rural,25,hombre,0,35,0.0
2024,20308,rural,25,mujer,0,23,0.0
2024,20308,rural,26,hombre,1,24,4.166666666666667
2024,20308,rural,26,mujer,1,36,2.7777777777777777
2024,20308,rural,27,hombre,1,39,2.5641025641025643
2024,20308,rural,27,mujer,1,24,4.166666666666667
2024,20308,rural,28,hombre,1,41,2.4390243902439024
2024,20308,rural,28,mujer,0,19,0.0
2024,20401,rural,16,hombre,0,13,0.0
2024,20401,rural,16,mujer,0,10,0.0
2024,20401,rural,17,hombre,0,18,0.0
2024,20401,rural,17,mujer,1,12,8.333333333333334
2024,20401,rural,18,hombre,1,32,3.125
2024,20401,rural,18,mujer,1,23,4.3478260869565215
2024,20401,rural,19,hombre,0,21,0.0
2024,20401,rural,19,mujer,0,25,0.0
2024,20401,rural,20,hombre,0,38,0.0
2024,20401,rural,20,mujer,0,22,0.0
2024,20401,rural,21,hombre,1,35,2.857142857142857
2024,20401,rural,21,mujer,0,24,0.0
2024,20401,rural,22,hombre,0,31,0.0
2024,20401,rural,22,mujer,0,22,0.0
2024,20401,rural,23,hombre,0,37,0.0
2024,20401,rural,23,mujer,1,23,4.3478260869565215
2024,20401,rural,24,hombre,1,56,1.7857142857142858
2024,20401,rural,24,mujer,1,42,2.380952380952381
2024,20401,rural,25,hombre,0,44,0.0
2024,20401,rural,25,mujer,0,44,0.0
2024,20401,rural,26,hombre,1,51,1.9607843137254901
2024,20401,rural,26,mujer,0,38,0.0
2024,20401,rural,27,hombre,2,57,3.508771929824561
2024,20401,rural,27,mujer,0,33,0.0
2024,20401,rural,28,hombre,0,43,0.0
2024,20401,rural,28,mujer,1,40,2.5
2024,20402,rural,16,hombre,3,44,6.818181818181818
2024,20402,rural,16,mujer,0,18,0.0
2024,20402,rural,17,hombre,0,31,0.0
2024,20402,rural,17,mujer,0,26,0.0
2024,20402,rural,18,hombre,0,37,0.0
2024,20402,rural,18,mujer,1,50,2.0
2024,20402,rural,19,hombre,1,50,2.0
2024,20402,rural,19,mujer,2,40,5.0
2024,20402,rural,20,hombre,0,51,0.0
2024,20402,rural,20,mujer,0,44,0.0
2024,20402,rural,21,hombre,2,51,3.9215686274509802
2024,20402,rural,21,mujer,0,52,0.0
2024,20402,rural,22,hombre,0,71,0.0
2024,20402,rural,22,mujer,0,36,0.0
2024,20402,rural,23,hombre,3,73,4.109589041095891
2024,20402,rural,23,mujer,0,55,0.0
2024,20402,rural,24,hombre,2,73,2.73972602739726
2024,20402,rural,24,mujer,0,53,0.0
2024,20402,rural,25,hombre,1,91,1.098901098901099
2024,20402,rural,25,mujer,1,56,1.7857142857142858
2024,20402,rural,26,hombre,1,76,1.3157894736842106
2024,20402,rural,26,mujer,0,45,0.0
2024,20402,rural,27,hombre,0,67,0.0
2024,20402,rural,27,mujer,0,56,0.0
2024,20402,rural,28,hombre,2,58,3.4482758620689653
2024,20402,rural,28,mujer,0,38,0.0
2024,20403,rural,16,hombre,0,41,0.0
2024,20403,rural,16,mujer,0,20,0.0
2024,20403,rural,17,hombre,0,44,0.0
2024,20403,rural,17,mujer,0,27,0.0
2024,20403,rural,18,hombre,0,74,0.0
2024,20403,rural,18,mujer,0,34,0.0
2024,20403,rural,19,hombre,0,60,0.0
2024,20403,rural,19,mujer,2,39,5.128205128205129
2024,20403,rural,20,hombre,0,48,0.0
2024,20403,rural,20,mujer,0,29,0.0
2024,20403,rural,21,hombre,0,47,0.0
2024,20403,rural,21,mujer,0,35,0.0
2024,20403,rural,22,hombre,0,45,0.0
2024,20403,rural,22,mujer,0,28,0.0
2024,20403,rural,23,hombre,0,68,0.0
2024,20403,rural,23,mujer,1,34,2.9411764705882355
2024,20403,rural,24,hombre,0,47,0.0
2024,20403,rural,24,mujer,0,54,0.0
2024,20403,rural,25,hombre,0,72,0.0
2024,20403,rural,25,mujer,1,57,1.7543859649122806
2024,20403,rural,26,hombre,0,56,0.0
2024,20403,rural,26,mujer,0,53,0.0
2024,20403,rural,27,hombre,5,71,7.042253521126761
2024,20403,rural,27,mujer,0,48,0.0
2024,20403,rural,28,hombre,3,71,4.225352112676056
2024,20403,rural,28,mujer,0,40,0.0
2024,20404,rural,16,hombre,0,12,0.0
2024,20404,rural,16,mujer,0,10,0.0
2024,20404,rural,17,hombre,0,9,0.0
2024,20404,rural,17,mujer,0,7,0.0
2024,20404,rural,18,hombre,0,10,0.0
2024,20404,rural,18,mujer,0,20,0.0
2024,20404,rural,19,hombre,0,25,0.0
2024,20404,rural,19,mujer,1,14,7.142857142857143
2024,20404,rural,20,hombre,0,18,0.0
2024,20404,rural,20,mujer,0,7,0.0
2024,20404,rural,21,hombre,0,18,0.0
2024,20404,rural,21,mujer,0,11,0.0
2024,20404,rural,22,hombre,1,20,5.0
2024,20404,rural,22,mujer,0,18,0.0
2024,20404,rural,23,hombre,0,16,0.0
2024,20404,rural,23,mujer,0,19,0.0
2024,20404,rural,24,hombre,0,26,0.0
2024,20404,rural,24,mujer,0,23,0.0
2024,20404,rural,25,hombre,0,27,0.0
2024,20404,rural,25,mujer,0,16,0.0
2024,20404,rural,26,hombre,0,20,0.0
2024,20404,rural,26,mujer,0,19,0.0
2024,20404,rural,27,hombre,0,16,0.0
2024,20404,rural,27,mujer,0,18,0.0
2024,20404,rural,28,hombre,0,22,0.0
2024,20404,rural,28,mujer,0,18,0.0
2024,20405,rural,16,hombre,0,14,0.0
2024,20405,rural,16,mujer,0,13,0.0
2024,20405,rural,17,hombre,0,13,0.0
2024,20405,rural,17,mujer,0,7,0.0
2024,20405,rural,18,hombre,0,17,0.0
2024,20405,rural,18,mujer,0,10,0.0
2024,20405,rural,19,hombre,0,16,0.0
2024,20405,rural,19,mujer,0,18,0.0
2024,20405,rural,20,hombre,1,27,3.7037037037037037
2024,20405,rural,20,mujer,0,16,0.0
2024,20405,rural,21,hombre,0,17,0.0
2024,20405,rural,21,mujer,0,18,0.0
2024,20405,rural,22,hombre,0,32,0.0
2024,20405,rural,22,mujer,0,22,0.0
2024,20405,rural,23,hombre,1,28,3.5714285714285716
2024,20405,rural,23,mujer,2,22,9.090909090909092
2024,20405,rural,24,hombre,2,37,5.405405405405405
2024,20405,rural,24,mujer,0,28,0.0
2024,20405,rural,25,hombre,0,30,0.0
2024,20405,rural,25,mujer,0,25,0.0
2024,20405,rural,26,hombre,0,33,0.0
2024,20405,rural,26,mujer,0,26,0.0
2024,20405,rural,27,hombre,1,28,3.5714285714285716
2024,20405,rural,27,mujer,2,22,9.090909090909092
2024,20405,rural,28,hombre,0,29,0.0
2024,20405,rural,28,mujer,0,20,0.0
2024,20501,rural,16,hombre,0,34,0.0
2024,20501,rural,16,mujer,0,32,0.0
2024,20501,rural,17,hombre,0,42,0.0
2024,20501,rural,17,mujer,0,37,0.0
2024,20501,rural,18,hombre,0,38,0.0
2024,20501,rural,18,mujer,0,60,0.0
2024,20501,rural,19,hombre,1,60,1.6666666666666667
2024,20501,rural,19,mujer,1,54,1.8518518518518519
2024,20501,rural,20,hombre,1,65,1.5384615384615385
2024,20501,rural,20,mujer,0,61,0.0
2024,20501,rural,21,hombre,2,93,2.150537634408602
2024,20501,rural,21,mujer,1,72,1.3888888888888888
2024,20501,rural,22,hombre,0,99,0.0
2024,20501,rural,22,mujer,0,74,0.0
2024,20501,rural,23,hombre,1,96,1.0416666666666667
2024,20501,rural,23,mujer,0,83,0.0
2024,20501,rural,24,hombre,2,134,1.492537313432836
2024,20501,rural,24,mujer,0,70,0.0
2024,20501,rural,25,hombre,2,93,2.150537634408602
2024,20501,rural,25,mujer,1,100,1.0
2024,20501,rural,26,hombre,1,93,1.075268817204301
2024,20501,rural,26,mujer,0,97,0.0
2024,20501,rural,27,hombre,2,94,2.127659574468085
2024,20501,rural,27,mujer,1,87,1.1494252873563218
2024,20501,rural,28,hombre,0,86,0.0
2024,20501,rural,28,mujer,0,86,0.0
2024,20502,rural,16,hombre,0,26,0.0
2024,20502,rural,16,mujer,0,19,0.0
2024,20502,rural,17,hombre,0,26,0.0
2024,20502,rural,17,mujer,1,34,2.9411764705882355
2024,20502,rural,18,hombre,2,29,6.896551724137931
2024,20502,rural,18,mujer,0,27,0.0
2024,20502,rural,19,hombre,0,38,0.0
2024,20502,rural,19,mujer,0,45,0.0
2024,20502,rural,20,hombre,0,34,0.0
2024,20502,rural,20,mujer,2,46,4.3478260869565215
2024,20502,rural,21,hombre,0,35,0.0
2024,20502,rural,21,mujer,0,31,0.0
2024,20502,rural,22,hombre,1,51,1.9607843137254901
2024,20502,rural,22,mujer,0,40,0.0
2024,20502,rural,23,hombre,0,52,0.0
2024,20502,rural,23,mujer,0,45,0.0
2024,20502,rural,24,hombre,0,60,0.0
2024,20502,rural,24,mujer,0,38,0.0
2024,20502,rural,25,hombre,0,63,0.0
2024,20502,rural,25,mujer,1,42,2.380952380952381
2024,20502,rural,26,hombre,1,40,2.5
2024,20502,rural,26,mujer,1,40,2.5
2024,20502,rural,27,hombre,0,55,0.0
2024,20502,rural,27,mujer,0,34,0.0
2024,20502,rural,28,hombre,0,52,0.0
2024,20502,rural,28,mujer,1,29,3.4482758620689653
2024,20503,rural,16,hombre,0,14,0.0
2024,20503,rural,16,mujer,0,8,0.0
2024,20503,rural,17,hombre,0,21,0.0
2024,20503,rural,17,mujer,0,15,0.0
2024,20503,rural,18,hombre,0,25,0.0
2024,20503,rural,18,mujer,0,17,0.0
2024,20503,rural,19,hombre,0,31,0.0
2024,20503,rural,19,mujer,0,14,0.0
2024,20503,rural,20,hombre,0,36,0.0
2024,20503,rural,20,mujer,0,28,0.0
2024,20503,rural,21,hombre,2,43,4.651162790697675
2024,20503,rural,21,mujer,0,16,0.0
2024,20503,rural,22,hombre,0,38,0.0
2024,20503,rural,22,mujer,0,27,0.0
2024,20503,rural,23,hombre,0,48,0.0
2024,20503,rural,23,mujer,0,29,0.0
2024,20503,rural,24,hombre,1,53,1.8867924528301887
2024,20503,rural,24,mujer,0,27,0.0
2024,20503,rural,25,hombre,1,49,2.0408163265306123
2024,20503,rural,25,mujer,1,23,4.3478260869565215
2024,20503,rural,26,hombre,1,58,1.7241379310344827
2024,20503,rural,26,mujer,0,35,0.0
2024,20503,rural,27,hombre,3,52,5.769230769230769
2024,20503,rural,27,mujer,0,26,0.0
2024,20503,rural,28,hombre,0,55,0.0
2024,20503,rural,28,mujer,0,34,0.0
2024,20601,rural,16,hombre,0,40,0.0
2024,20601,rural,16,mujer,0,32,0.0
2024,20601,rural,17,hombre,1,53,1.8867924528301887
2024,20601,rural,17,mujer,0,37,0.0
2024,20601,rural,18,hombre,0,76,0.0
2024,20601,rural,18,mujer,1,61,1.639344262295082
2024,20601,rural,19,hombre,3,102,2.9411764705882355
2024,20601,rural,19,mujer,1,76,1.3157894736842106
2024,20601,rural,20,hombre,4,118,3.389830508474576
2024,20601,rural,20,mujer,0,84,0.0
2024,20601,rural,21,hombre,2,113,1.7699115044247788
2024,20601,rural,21,mujer,0,88,0.0
2024,20601,rural,22,hombre,0,132,0.0
2024,20601,rural,22,mujer,0,105,0.0
2024,20601,rural,23,hombre,1,138,0.7246376811594203
2024,20601,rural,23,mujer,0,101,0.0
2024,20601,rural,24,hombre,0,152,0.0
2024,20601,rural,24,mujer,1,112,0.8928571428571429
2024,20601,rural,25,hombre,1,150,0.6666666666666666
2024,20601,rural,25,mujer,2,114,1.7543859649122806
2024,20601,rural,26,hombre,4,190,2.1052631578947367
2024,20601,rural,26,mujer,1,108,0.9259259259259259
2024,20601,rural,27,hombre,3,174,1.7241379310344827
2024,20601,rural,27,mujer,1,117,0.8547008547008547
2024,20601,rural,28,hombre,5,174,2.8735632183908044
2024,20601,rural,28,mujer,2,119,1.680672268907563
2024,20601,urbana,16,hombre,0,9,0.0
2024,20601,urbana,16,mujer,0,8,0.0
2024,20601,urbana,17,hombre,0,12,0.0
2024,20601,urbana,17,mujer,0,6,0.0
2024,20601,urbana,18,hombre,0,8,0.0
2024,20601,urbana,18,mujer,0,17,0.0
2024,20601,urbana,19,hombre,0,11,0.0
2024,20601,urbana,19,mujer,1,14,7.142857142857143
2024,20601,urbana,20,hombre,0,17,0.0
2024,20601,urbana,20,mujer,0,12,0.0
2024,20601,urbana,21,hombre,2,20,10.0
2024,20601,urbana,21,mujer,0,15,0.0
2024,20601,urbana,22,hombre,0,22,0.0
2024,20601,urbana,22,mujer,0,16,0.0
2024,20601,urbana,23,hombre,0,20,0.0
2024,20601,urbana,23,mujer,1,21,4.761904761904762
2024,20601,urbana,24,hombre,2,23,8.695652173913043
2024,20601,urbana,24,mujer,0,27,0.0
2024,20601,urbana,25,hombre,0,22,0.0
2024,20601,urbana,25,mujer,2,15,13.333333333333334
2024,20601,urbana,26,hombre,0,15,0.0
2024,20601,urbana,26,mujer,1,19,5.2631578947368425
2024,20601,urbana,27,hombre,0,24,0.0
2024,20601,urbana,27,mujer,1,25,4.0
2024,20601,urbana,28,hombre,0,26,0.0
2024,20601,urbana,28,mujer,1,21,4.761904761904762
2024,20602,rural,16,hombre,0,30,0.0
2024,20602,rural,16,mujer,0,10,0.0
2024,20602,rural,17,hombre,1,51,1.9607843137254901
2024,20602,rural,17,mujer,0,22,0.0
2024,20602,rural,18,hombre,0,42,0.0
2024,20602,rural,18,mujer,0,28,0.0
2024,20602,rural,19,hombre,1,67,1.492537313432836
2024,20602,rural,19,mujer,0,26,0.0
2024,20602,rural,20,hombre,2,73,2.73972602739726
2024,20602,rural,20,mujer,0,40,0.0
2024,20602,rural,21,hombre,2,71,2.816901408450704
2024,20602,rural,21,mujer,0,34,0.0
2024,20602,rural,22,hombre,2,77,2.5974025974025974
2024,20602,rural,22,mujer,0,42,0.0
2024,20602,rural,23,hombre,3,103,2.912621359223301
2024,20602,rural,23,mujer,0,52,0.0
2024,20602,rural,24,hombre,2,107,1.8691588785046729
2024,20602,rural,24,mujer,0,51,0.0
2024,20602,rural,25,hombre,4,88,4.545454545454546
2024,20602,rural,25,mujer,0,32,0.0
2024,20602,rural,26,hombre,6,110,5.454545454545454
2024,20602,rural,26,mujer,0,46,0.0
2024,20602,rural,27,hombre,3,108,2.7777777777777777
2024,20602,rural,27,mujer,1,52,1.9230769230769231
2024,20602,rural,28,hombre,2,89,2.247191011235955
2024,20602,rural,28,mujer,2,57,3.508771929824561
2024,20602,urbana,16,hombre,0,10,0.0
2024,20602,urbana,16,mujer,0,7,0.0
2024,20602,urbana,17,hombre,0,13,0.0
2024,20602,urbana,17,mujer,0,9,0.0
2024,20602,urbana,18,hombre,0,14,0.0
2024,20602,urbana,18,mujer,0,21,0.0
2024,20602,urbana,19,hombre,1,23,4.3478260869565215
2024,20602,urbana,19,mujer,1,15,6.666666666666667
2024,20602,urbana,20,hombre,0,16,0.0
2024,20602,urbana,20,mujer,0,14,0.0
2024,20602,urbana,21,hombre,1,20,5.0
2024,20602,urbana,21,mujer,0,18,0.0
2024,20602,urbana,22,hombre,0,23,0.0
2024,20602,urbana,22,mujer,0,19,0.0
2024,20602,urbana,23,hombre,0,31,0.0
2024,20602,urbana,23,mujer,0,22,0.0
2024,20602,urbana,24,hombre,0,26,0.0
2024,20602,urbana,24,mujer,0,25,0.0
2024,20602,urbana,25,hombre,0,31,0.0
2024,20602,urbana,25,mujer,2,24,8.333333333333334
2024,20602,urbana,26,hombre,5,31,16.129032258064516
2024,20602,urbana,26,mujer,0,14,0.0
2024,20602,urbana,27,hombre,1,36,2.7777777777777777
2024,20602,urbana,27,mujer,0,26,0.0
2024,20602,urbana,28,hombre,1,37,2.7027027027027026
2024,20602,urbana,28,mujer,0,29,0.0
2024,20603,rural,16,hombre,0,17,0.0
2024,20603,rural,16,mujer,0,13,0.0
2024,20603,rural,17,hombre,0,27,0.0
2024,20603,rural,17,mujer,0,12,0.0
2024,20603,rural,18,hombre,0,29,0.0
2024,20603,rural,18,mujer,0,12,0.0
2024,20603,rural,19,hombre,0,44,0.0
2024,20603,rural,19,mujer,0,20,0.0
2024,20603,rural,20,hombre,1,44,2.272727272727273
2024,20603,rural,20,mujer,1,20,5.0
2024,20603,rural,21,hombre,1,43,2.3255813953488373
2024,20603,rural,21,mujer,0,33,0.0
2024,20603,rural,22,hombre,0,61,0.0
2024,20603,rural,22,mujer,0,37,0.0
2024,20603,rural,23,hombre,0,46,0.0
2024,20603,rural,23,mujer,0,51,0.0
2024,20603,rural,24,hombre,0,71,0.0
2024,20603,rural,24,mujer,0,46,0.0
2024,20603,rural,25,hombre,1,66,1.5151515151515151
2024,20603,rural,25,mujer,1,47,2.127659574468085
2024,20603,rural,26,hombre,2,88,2.272727272727273
2024,20603,rural,26,mujer,1,35,2.857142857142857
2024,20603,rural,27,hombre,2,71,2.816901408450704
2024,20603,rural,27,mujer,0,38,0.0
2024,20603,rural,28,hombre,1,66,1.5151515151515151
2024,20603,rural,28,mujer,1,50,2.0
2024,20604,rural,16,hombre,0,9,0.0
2024,20604,rural,16,mujer,0,7,0.0
2024,20604,rural,17,hombre,0,9,0.0
2024,20604,rural,17,mujer,0,7,0.0
2024,20604,rural,18,hombre,0,13,0.0
2024,20604,rural,18,mujer,1,11,9.090909090909092
2024,20604,rural,19,hombre,0,15,0.0
2024,20604,rural,19,mujer,1,11,9.090909090909092
2024,20604,rural,20,hombre,0,18,0.0
2024,20604,rural,20,mujer,0,12,0.0
2024,20604,rural,21,hombre,1,14,7.142857142857143
2024,20604,rural,21,mujer,0,17,0.0
2024,20604,rural,22,hombre,1,23,4.3478260869565215
2024,20604,rural,22,mujer,0,11,0.0
2024,20604,rural,23,hombre,0,29,0.0
2024,20604,rural,23,mujer,0,23,0.0
2024,20604,rural,24,hombre,3,32,9.375
2024,20604,rural,24,mujer,0,18,0.0
2024,20604,rural,25,hombre,0,26,0.0
2024,20604,rural,25,mujer,1,16,6.25
2024,20604,rural,26,hombre,1,29,3.4482758620689653
2024,20604,rural,26,mujer,0,26,0.0
2024,20604,rural,27,hombre,1,29,3.4482758620689653
2024,20604,rural,27,mujer,0,23,0.0
2024,20604,rural,28,hombre,0,31,0.0
2024,20604,rural,28,mujer,0,15,0.0
2024,20605,rural,16,hombre,0,7,0.0
2024,20605,rural,16,mujer,1,5,20.0
2024,20605,rural,17,hombre,0,2,0.0
2024,20605,rural,17,mujer,0,2,0.0
2024,20605,rural,18,hombre,0,12,0.0
2024,20605,rural,18,mujer,0,8,0.0
2024,20605,rural,19,hombre,0,7,0.0
2024,20605,rural,19,mujer,1,5,20.0
2024,20605,rural,20,hombre,0,10,0.0
2024,20605,rural,20,mujer,0,6,0.0
2024,20605,rural,21,hombre,0,12,0.0
2024,20605,rural,21,mujer,0,16,0.0
2024,20605,rural,22,hombre,0,15,0.0
2024,20605,rural,22,mujer,0,9,0.0
2024,20605,rural,23,hombre,0,22,0.0
2024,20605,rural,23,mujer,1,20,5.0
2024,20605,rural,24,hombre,0,16,0.0
2024,20605,rural,24,mujer,0,16,0.0
2024,20605,rural,25,hombre,0,22,0.0
2024,20605,rural,25,mujer,0,18,0.0
2024,20605,rural,26,hombre,0,19,0.0
2024,20605,rural,26,mujer,0,18,0.0
2024,20605,rural,27,hombre,0,12,0.0
2024,20605,rural,27,mujer,0,18,0.0
2024,20605,rural,28,hombre,0,27,0.0
2024,20605,rural,28,mujer,1,13,7.6923076923076925
2024,20606,rural,16,hombre,0,12,0.0
2024,20606,rural,16,mujer,1,5,20.0
2024,20606,rural,17,hombre,0,16,0.0
2024,20606,rural,17,mujer,0,6,0.0
2024,20606,rural,18,hombre,0,15,0.0
2024,20606,rural,18,mujer,0,7,0.0
2024,20606,rural,19,hombre,0,24,0.0
2024,20606,rural,19,mujer,0,14,0.0
2024,20606,rural,20,hombre,0,24,0.0
2024,20606,rural,20,mujer,0,11,0.0
2024,20606,rural,21,hombre,1,28,3.5714285714285716
2024,20606,rural,21,mujer,0,16,0.0
2024,20606,rural,22,hombre,1,27,3.7037037037037037
2024,20606,rural,22,mujer,0,12,0.0
2024,20606,rural,23,hombre,2,38,5.2631578947368425
2024,20606,rural,23,mujer,0,19,0.0
2024,20606,rural,24,hombre,2,42,4.761904761904762
2024,20606,rural,24,mujer,1,22,4.545454545454546
2024,20606,rural,25,hombre,0,39,0.0
2024,20606,rural,25,mujer,0,18,0.0
2024,20606,rural,26,hombre,3,35,8.571428571428571
2024,20606,rural,26,mujer,1,19,5.2631578947368425
2024,20606,rural,27,hombre,1,37,2.7027027027027026
2024,20606,rural,27,mujer,1,19,5.2631578947368425
2024,20606,rural,28,hombre,0,40,0.0
2024,20606,rural,28,mujer,0,23,0.0
2024,20606,urbana,16,hombre,0,4,0.0
2024,20606,urbana,16,mujer,0,5,0.0
2024,20606,urbana,17,hombre,0,7,0.0
2024,20606,urbana,17,mujer,0,2,0.0
2024,20606,urbana,18,hombre,0,7,0.0
2024,20606,urbana,18,mujer,0,2,0.0
2024,20606,urbana,19,hombre,0,12,0.0
2024,20606,urbana,19,mujer,0,8,0.0
2024,20606,urbana,20,hombre,0,8,0.0
2024,20606,urbana,20,mujer,0,2,0.0
2024,20606,urbana,21,hombre,0,12,0.0
2024,20606,urbana,21,mujer,0,10,0.0
2024,20606,urbana,22,hombre,0,10,0.0
2024,20606,urbana,22,mujer,0,11,0.0
2024,20606,urbana,23,hombre,0,9,0.0
2024,20606,urbana,23,mujer,0,7,0.0
2024,20606,urbana,24,hombre,0,21,0.0
2024,20606,urbana,24,mujer,0,8,0.0
2024,20606,urbana,25,hombre,1,22,4.545454545454546
2024,20606,urbana,25,mujer,0,10,0.0
2024,20606,urbana,26,hombre,4,21,19.047619047619047
2024,20606,urbana,26,mujer,0,9,0.0
2024,20606,urbana,27,hombre,0,15,0.0
2024,20606,urbana,27,mujer,1,14,7.142857142857143
2024,20606,urbana,28,hombre,0,18,0.0
2024,20606,urbana,28,mujer,0,7,0.0
2024,20607,rural,16,hombre,1,23,4.3478260869565215
2024,20607,rural,16,mujer,0,11,0.0
2024,20607,rural,17,hombre,0,32,0.0
2024,20607,rural,17,mujer,0,14,0.0
2024,20607,rural,18,hombre,0,53,0.0
2024,20607,rural,18,mujer,0,26,0.0
2024,20607,rural,19,hombre,0,80,0.0
2024,20607,rural,19,mujer,0,36,0.0
2024,20607,rural,20,hombre,0,70,0.0
2024,20607,rural,20,mujer,0,27,0.0
2024,20607,rural,21,hombre,1,107,0.9345794392523364
2024,20607,rural,21,mujer,0,43,0.0
2024,20607,rural,22,hombre,1,96,1.0416666666666667
2024,20607,rural,22,mujer,1,35,2.857142857142857
2024,20607,rural,23,hombre,0,130,0.0
2024,20607,rural,23,mujer,1,41,2.4390243902439024
2024,20607,rural,24,hombre,1,101,0.9900990099009901
2024,20607,rural,24,mujer,1,56,1.7857142857142858
2024,20607,rural,25,hombre,4,115,3.4782608695652173
2024,20607,rural,25,mujer,3,49,6.122448979591836
2024,20607,rural,26,hombre,6,101,5.9405940594059405
2024,20607,rural,26,mujer,1,55,1.8181818181818181
2024,20607,rural,27,hombre,1,131,0.7633587786259542
2024,20607,rural,27,mujer,1,36,2.7777777777777777
2024,20607,rural,28,hombre,1,114,0.8771929824561403
2024,20607,rural,28,mujer,1,34,2.9411764705882355
2024,20607,urbana,16,hombre,2,18,11.11111111111111
2024,20607,urbana,16,mujer,0,19,0.0
2024,20607,urbana,17,hombre,0,28,0.0
2024,20607,urbana,17,mujer,0,27,0.0
2024,20607,urbana,18,hombre,0,34,0.0
2024,20607,urbana,18,mujer,3,31,9.67741935483871
2024,20607,urbana,19,hombre,2,42,4.761904761904762
2024,20607,urbana,19,mujer,1,54,1.8518518518518519
2024,20607,urbana,20,hombre,1,54,1.8518518518518519
2024,20607,urbana,20,mujer,1,49,2.0408163265306123
2024,20607,urbana,21,hombre,0,65,0.0
2024,20607,urbana,21,mujer,1,59,1.694915254237288
2024,20607,urbana,22,hombre,3,74,4.054054054054054
2024,20607,urbana,22,mujer,1,56,1.7857142857142858
2024,20607,urbana,23,hombre,2,77,2.5974025974025974
2024,20607,urbana,23,mujer,2,61,3.278688524590164
2024,20607,urbana,24,hombre,0,83,0.0
2024,20607,urbana,24,mujer,2,71,2.816901408450704
2024,20607,urbana,25,hombre,2,91,2.197802197802198
2024,20607,urbana,25,mujer,1,60,1.6666666666666667
2024,20607,urbana,26,hombre,1,73,1.36986301369863
2024,20607,urbana,26,mujer,3,73,4.109589041095891
2024,20607,urbana,27,hombre,1,84,1.1904761904761905
2024,20607,urbana,27,mujer,0,60,0.0
2024,20607,urbana,28,hombre,1,98,1.0204081632653061
2024,20607,urbana,28,mujer,0,42,0.0
2024,20608,rural,16,hombre,0,41,0.0
2024,20608,rural,16,mujer,0,14,0.0
2024,20608,rural,17,hombre,0,43,0.0
2024,20608,rural,17,mujer,1,30,3.3333333333333335
2024,20608,rural,18,hombre,0,54,0.0
2024,20608,rural,18,mujer,0,30,0.0
2024,20608,rural,19,hombre,1,62,1.6129032258064515
2024,20608,rural,19,mujer,0,42,0.0
2024,20608,rural,20,hombre,2,71,2.816901408450704
2024,20608,rural,20,mujer,1,39,2.5641025641025643
2024,20608,rural,21,hombre,0,76,0.0
2024,20608,rural,21,mujer,1,39,2.5641025641025643
2024,20608,rural,22,hombre,0,82,0.0
2024,20608,rural,22,mujer,0,38,0.0
2024,20608,rural,23,hombre,0,106,0.0
2024,20608,rural,23,mujer,2,50,4.0
2024,20608,rural,24,hombre,2,80,2.5
2024,20608,rural,24,mujer,1,46,2.1739130434782608
2024,20608,rural,25,hombre,0,83,0.0
2024,20608,rural,25,mujer,2,49,4.081632653061225
2024,20608,rural,26,hombre,2,85,2.3529411764705883
2024,20608,rural,26,mujer,1,50,2.0
2024,20608,rural,27,hombre,1,88,1.1363636363636365
2024,20608,rural,27,mujer,1,51,1.9607843137254901
2024,20608,rural,28,hombre,0,91,0.0
2024,20608,rural,28,mujer,0,54,0.0
2024,20608,urbana,16,hombre,0,7,0.0
2024,20608,urbana,16,mujer,0,11,0.0
2024,20608,urbana,17,hombre,0,7,0.0
2024,20608,urbana,17,mujer,0,8,0.0
2024,20608,urbana,18,hombre,0,10,0.0
2024,20608,urbana,18,mujer,0,13,0.0
2024,20608,urbana,19,hombre,0,18,0.0
2024,20608,urbana,19,mujer,1,16,6.25
2024,20608,urbana,20,hombre,0,12,0.0
2024,20608,urbana,20,mujer,0,13,0.0
2024,20608,urbana,21,hombre,1,18,5.555555555555555
2024,20608,urbana,21,mujer,0,16,0.0
2024,20608,urbana,22,hombre,0,19,0.0
2024,20608,urbana,22,mujer,0,17,0.0
2024,20608,urbana,23,hombre,0,20,0.0
2024,20608,urbana,23,mujer,0,17,0.0
2024,20608,urbana,24,hombre,0,21,0.0
2024,20608,urbana,24,mujer,0,13,0.0
2024,20608,urbana,25,hombre,1,21,4.761904761904762
2024,20608,urbana,25,mujer,0,21,0.0
2024,20608,urbana,26,hombre,2,23,8.695652173913043
2024,20608,urbana,26,mujer,0,11,0.0
2024,20608,urbana,27,hombre,0,17,0.0
2024,20608,urbana,27,mujer,0,12,0.0
2024,20608,urbana,28,hombre,0,30,0.0
2024,20608,urbana,28,mujer,2,20,10.0
2024,20701,rural,16,hombre,0,45,0.0
2024,20701,rural,16,mujer,0,22,0.0
2024,20701,rural,17,hombre,0,36,0.0
2024,20701,rural,17,mujer,0,36,0.0
2024,20701,rural,18,hombre,0,54,0.0
2024,20701,rural,18,mujer,0,33,0.0
2024,20701,rural,19,hombre,0,80,0.0
2024,20701,rural,19,mujer,0,30,0.0
2024,20701,rural,20,hombre,0,72,0.0
2024,20701,rural,20,mujer,0,43,0.0
2024,20701,rural,21,hombre,0,64,0.0
2024,20701,rural,21,mujer,1,49,2.0408163265306123
2024,20701,rural,22,hombre,0,68,0.0
2024,20701,rural,22,mujer,1,43,2.3255813953488373
2024,20701,rural,23,hombre,1,92,1.0869565217391304
2024,20701,rural,23,mujer,0,47,0.0
2024,20701,rural,24,hombre,2,80,2.5
2024,20701,rural,24,mujer,0,37,0.0
2024,20701,rural,25,hombre,3,77,3.896103896103896
2024,20701,rural,25,mujer,3,42,7.142857142857143
2024,20701,rural,26,hombre,1,79,1.2658227848101267
2024,20701,rural,26,mujer,0,48,0.0
2024,20701,rural,27,hombre,1,79,1.2658227848101267
2024,20701,rural,27,mujer,0,38,0.0
2024,20701,rural,28,hombre,3,73,4.109589041095891
2024,20701,rural,28,mujer,1,50,2.0
2024,20701,urbana,16,hombre,0,10,0.0
2024,20701,urbana,16,mujer,0,8,0.0
2024,20701,urbana,17,hombre,0,21,0.0
2024,20701,urbana,17,mujer,0,20,0.0
2024,20701,urbana,18,hombre,1,55,1.8181818181818181
2024,20701,urbana,18,mujer,0,13,0.0
2024,20701,urbana,19,hombre,1,39,2.5641025641025643
2024,20701,urbana,19,mujer,1,13,7.6923076923076925
2024,20701,urbana,20,hombre,3,31,9.67741935483871
2024,20701,urbana,20,mujer,0,26,0.0
2024,20701,urbana,21,hombre,1,23,4.3478260869565215
2024,20701,urbana,21,mujer,1,18,5.555555555555555
2024,20701,urbana,22,hombre,1,13,7.6923076923076925
2024,20701,urbana,22,mujer,0,18,0.0
2024,20701,urbana,23,hombre,1,16,6.25
2024,20701,urbana,23,mujer,1,17,5.882352941176471
2024,20701,urbana,24,hombre,0,21,0.0
2024,20701,urbana,24,mujer,0,22,0.0
2024,20701,urbana,25,hombre,1,28,3.5714285714285716
2024,20701,urbana,25,mujer,0,21,0.0
2024,20701,urbana,26,hombre,0,29,0.0
2024,20701,urbana,26,mujer,0,23,0.0
2024,20701,urbana,27,hombre,0,27,0.0
2024,20701,urbana,27,mujer,1,22,4.545454545454546
2024,20701,urbana,28,hombre,1,28,3.5714285714285716
2024,20701,urbana,28,mujer,0,30,0.0
2024,20702,rural,16,hombre,0,20,0.0
2024,20702,rural,16,mujer,0,5,0.0
2024,20702,rural,17,hombre,2,25,8.0
2024,20702,rural,17,mujer,0,16,0.0
2024,20702,rural,18,hombre,0,48,0.0
2024,20702,rural,18,mujer,0,10,0.0
2024,20702,rural,19,hombre,0,72,0.0
2024,20702,rural,19,mujer,0,23,0.0
2024,20702,rural,20,hombre,0,76,0.0
2024,20702,rural,20,mujer,0,23,0.0
2024,20702,rural,21,hombre,1,79,1.2658227848101267
2024,20702,rural,21,mujer,2,30,6.666666666666667
2024,20702,rural,22,hombre,1,80,1.25
2024,20702,rural,22,mujer,1,35,2.857142857142857
2024,20702,rural,23,hombre,4,83,4.819277108433735
2024,20702,rural,23,mujer,1,31,3.225806451612903
2024,20702,rural,24,hombre,4,107,3.7383177570093458
2024,20702,rural,24,mujer,0,36,0.0
2024,20702,rural,25,hombre,3,97,3.0927835051546393
2024,20702,rural,25,mujer,0,28,0.0
2024,20702,rural,26,hombre,1,79,1.2658227848101267
2024,20702,rural,26,mujer,0,37,0.0
2024,20702,rural,27,hombre,2,74,2.7027027027027026
2024,20702,rural,27,mujer,1,33,3.0303030303030303
2024,20702,rural,28,hombre,1,88,1.1363636363636365
2024,20702,rural,28,mujer,2,38,5.2631578947368425
2024,20801,rural,16,hombre,2,37,5.405405405405405
2024,20801,rural,16,mujer,1,30,3.3333333333333335
2024,20801,rural,17,hombre,0,38,0.0
2024,20801,rural,17,mujer,0,33,0.0
2024,20801,rural,18,hombre,1,33,3.0303030303030303
2024,20801,rural,18,mujer,1,55,1.8181818181818181
2024,20801,rural,19,hombre,0,68,0.0
2024,20801,rural,19,mujer,1,49,2.0408163265306123
2024,20801,rural,20,hombre,1,69,1.4492753623188406
2024,20801,rural,20,mujer,1,67,1.492537313432836
2024,20801,rural,21,hombre,0,78,0.0
2024,20801,rural,21,mujer,2,56,3.5714285714285716
2024,20801,rural,22,hombre,0,71,0.0
2024,20801,rural,22,mujer,0,65,0.0
2024,20801,rural,23,hombre,2,96,2.0833333333333335
2024,20801,rural,23,mujer,2,77,2.5974025974025974
2024,20801,rural,24,hombre,3,121,2.479338842975207
2024,20801,rural,24,mujer,1,71,1.408450704225352
2024,20801,rural,25,hombre,7,116,6.0344827586206895
2024,20801,rural,25,mujer,1,70,1.4285714285714286
2024,20801,rural,26,hombre,2,99,2.0202020202020203
2024,20801,rural,26,mujer,2,78,2.5641025641025643
2024,20801,rural,27,hombre,2,98,2.0408163265306123
2024,20801,rural,27,mujer,5,65,7.6923076923076925
2024,20801,rural,28,hombre,0,117,0.0
2024,20801,rural,28,mujer,1,72,1.3888888888888888
2024,20801,urbana,16,hombre,3,192,1.5625
2024,20801,urbana,16,mujer,2,173,1.1560693641618498
2024,20801,urbana,17,hombre,2,207,0.966183574879227
2024,20801,urbana,17,mujer,1,162,0.6172839506172839
2024,20801,urbana,18,hombre,1,287,0.34843205574912894
2024,20801,urbana,18,mujer,6,280,2.142857142857143
2024,20801,urbana,19,hombre,4,368,1.0869565217391304
2024,20801,urbana,19,mujer,4,313,1.2779552715654952
2024,20801,urbana,20,hombre,11,507,2.1696252465483234
2024,20801,urbana,20,mujer,8,333,2.4024024024024024
2024,20801,urbana,21,hombre,10,500,2.0
2024,20801,urbana,21,mujer,9,410,2.1951219512195124
2024,20801,urbana,22,hombre,10,584,1.7123287671232876
2024,20801,urbana,22,mujer,11,395,2.7848101265822787
2024,20801,urbana,23,hombre,7,624,1.1217948717948718
2024,20801,urbana,23,mujer,14,481,2.9106029106029108
2024,20801,urbana,24,hombre,22,715,3.076923076923077
2024,20801,urbana,24,mujer,14,502,2.7888446215139444
2024,20801,urbana,25,hombre,15,681,2.202643171806167
2024,20801,urbana,25,mujer,14,505,2.772277227722772
2024,20801,urbana,26,hombre,23,643,3.576982892690513
2024,20801,urbana,26,mujer,11,499,2.2044088176352705
2024,20801,urbana,27,hombre,17,620,2.7419354838709675
2024,20801,urbana,27,mujer,12,510,2.3529411764705883
2024,20801,urbana,28,hombre,15,675,2.2222222222222223
2024,20801,urbana,28,mujer,14,490,2.857142857142857
2024,20802,rural,16,hombre,0,21,0.0
2024,20802,rural,16,mujer,0,15,0.0
2024,20802,rural,17,hombre,0,12,0.0
2024,20802,rural,17,mujer,0,21,0.0
2024,20802,rural,18,hombre,0,27,0.0
2024,20802,rural,18,mujer,0,18,0.0
2024,20802,rural,19,hombre,0,26,0.0
2024,20802,rural,19,mujer,0,23,0.0
2024,20802,rural,20,hombre,0,25,0.0
2024,20802,rural,20,mujer,0,18,0.0
2024,20802,rural,21,hombre,0,31,0.0
2024,20802,rural,21,mujer,0,24,0.0
2024,20802,rural,22,hombre,0,28,0.0
2024,20802,rural,22,mujer,2,29,6.896551724137931
2024,20802,rural,23,hombre,0,30,0.0
2024,20802,rural,23,mujer,0,35,0.0
2024,20802,rural,24,hombre,0,37,0.0
2024,20802,rural,24,mujer,2,29,6.896551724137931
2024,20802,rural,25,hombre,1,32,3.125
2024,20802,rural,25,mujer,0,22,0.0
2024,20802,rural,26,hombre,1,28,3.5714285714285716
2024,20802,rural,26,mujer,0,30,0.0
2024,20802,rural,27,hombre,0,26,0.0
2024,20802,rural,27,mujer,1,30,3.3333333333333335
2024,20802,rural,28,hombre,0,43,0.0
2024,20802,rural,28,mujer,0,28,0.0
2024,20803,rural,16,hombre,0,20,0.0
2024,20803,rural,16,mujer,0,26,0.0
2024,20803,rural,17,hombre,0,28,0.0
2024,20803,rural,17,mujer,0,28,0.0
2024,20803,rural,18,hombre,1,33,3.0303030303030303
2024,20803,rural,18,mujer,0,37,0.0
2024,20803,rural,19,hombre,0,28,0.0
2024,20803,rural,19,mujer,0,40,0.0
2024,20803,rural,20,hombre,0,44,0.0
2024,20803,rural,20,mujer,1,39,2.5641025641025643
2024,20803,rural,21,hombre,0,49,0.0
2024,20803,rural,21,mujer,0,36,0.0
2024,20803,rural,22,hombre,1,69,1.4492753623188406
2024,20803,rural,22,mujer,0,50,0.0
2024,20803,rural,23,hombre,2,53,3.7735849056603774
2024,20803,rural,23,mujer,1,61,1.639344262295082
2024,20803,rural,24,hombre,0,69,0.0
2024,20803,rural,24,mujer,0,61,0.0
2024,20803,rural,25,hombre,0,62,0.0
2024,20803,rural,25,mujer,1,63,1.5873015873015872
2024,20803,rural,26,hombre,0,67,0.0
2024,20803,rural,26,mujer,0,68,0.0
2024,20803,rural,27,hombre,1,51,1.9607843137254901
2024,20803,rural,27,mujer,2,74,2.7027027027027026
2024,20803,rural,28,hombre,2,74,2.7027027027027026
2024,20803,rural,28,mujer,1,60,1.6666666666666667
2024,20804,rural,16,hombre,0,2,0.0
2024,20804,rural,16,mujer,0,3,0.0
2024,20804,rural,17,hombre,0,11,0.0
2024,20804,rural,17,mujer,0,2,0.0
2024,20804,rural,18,hombre,0,7,0.0
2024,20804,rural,18,mujer,0,6,0.0
2024,20804,rural,19,hombre,0,7,0.0
2024,20804,rural,19,mujer,0,5,0.0
2024,20804,rural,20,hombre,1,8,12.5
2024,20804,rural,20,mujer,0,5,0.0
2024,20804,rural,21,hombre,0,10,0.0
2024,20804,rural,21,mujer,0,4,0.0
2024,20804,rural,22,hombre,0,5,0.0
2024,20804,rural,22,mujer,0,8,0.0
2024,20804,rural,23,hombre,0,10,0.0
2024,20804,rural,23,mujer,1,5,20.0
2024,20804,rural,24,hombre,0,11,0.0
2024,20804,rural,24,mujer,0,10,0.0
2024,20804,rural,25,hombre,1,14,7.142857142857143
2024,20804,rural,25,mujer,0,17,0.0
2024,20804,rural,26,hombre,0,12,0.0
2024,20804,rural,26,mujer,0,7,0.0
2024,20804,rural,27,hombre,0,10,0.0
2024,20804,rural,27,mujer,0,10,0.0
2024,20804,rural,28,hombre,0,7,0.0
2024,20804,rural,28,mujer,0,7,0.0
2024,20804,urbana,16,hombre,0,9,0.0
2024,20804,urbana,16,mujer,0,10,0.0
2024,20804,urbana,17,hombre,0,13,0.0
2024,20804,urbana,17,mujer,0,4,0.0
2024,20804,urbana,18,hombre,0,12,0.0
2024,20804,urbana,18,mujer,1,7,14.285714285714286
2024,20804,urbana,19,hombre,0,14,0.0
2024,20804,urbana,19,mujer,1,14,7.142857142857143
2024,20804,urbana,20,hombre,2,15,13.333333333333334
2024,20804,urbana,20,mujer,1,12,8.333333333333334
2024,20804,urbana,21,hombre,1,14,7.142857142857143
2024,20804,urbana,21,mujer,0,15,0.0
2024,20804,urbana,22,hombre,0,15,0.0
2024,20804,urbana,22,mujer,0,19,0.0
2024,20804,urbana,23,hombre,0,27,0.0
2024,20804,urbana,23,mujer,0,17,0.0
2024,20804,urbana,24,hombre,1,30,3.3333333333333335
2024,20804,urbana,24,mujer,0,23,0.0
2024,20804,urbana,25,hombre,0,29,0.0
2024,20804,urbana,25,mujer,1,23,4.3478260869565215
2024,20804,urbana,26,hombre,1,40,2.5
2024,20804,urbana,26,mujer,0,20,0.0
2024,20804,urbana,27,hombre,3,25,12.0
2024,20804,urbana,27,mujer,0,25,0.0
2024,20804,urbana,28,hombre,0,41,0.0
2024,20804,urbana,28,mujer,0,31,0.0
2024,20805,rural,16,hombre,0,12,0.0
2024,20805,rural,16,mujer,1,11,9.090909090909092
2024,20805,rural,17,hombre,1,22,4.545454545454546
2024,20805,rural,17,mujer,0,17,0.0
2024,20805,rural,18,hombre,0,11,0.0
2024,20805,rural,18,mujer,0,12,0.0
2024,20805,rural,19,hombre,1,29,3.4482758620689653
2024,20805,rural,19,mujer,0,13,0.0
2024,20805,rural,20,hombre,1,32,3.125
2024,20805,rural,20,mujer,0,17,0.0
2024,20805,rural,21,hombre,0,26,0.0
2024,20805,rural,21,mujer,0,24,0.0
2024,20805,rural,22,hombre,0,27,0.0
2024,20805,rural,22,mujer,2,21,9.523809523809524
2024,20805,rural,23,hombre,0,31,0.0
2024,20805,rural,23,mujer,0,26,0.0
2024,20805,rural,24,hombre,1,29,3.4482758620689653
2024,20805,rural,24,mujer,0,32,0.0
2024,20805,rural,25,hombre,1,27,3.7037037037037037
2024,20805,rural,25,mujer,0,24,0.0
2024,20805,rural,26,hombre,0,29,0.0
2024,20805,rural,26,mujer,1,26,3.8461538461538463
2024,20805,rural,27,hombre,0,35,0.0
2024,20805,rural,27,mujer,0,32,0.0
2024,20805,rural,28,hombre,0,35,0.0
2024,20805,rural,28,mujer,0,29,0.0
2024,20806,rural,16,hombre,0,27,0.0
2024,20806,rural,16,mujer,0,23,0.0
2024,20806,rural,17,hombre,1,29,3.4482758620689653
2024,20806,rural,17,mujer,0,25,0.0
2024,20806,rural,18,hombre,0,43,0.0
2024,20806,rural,18,mujer,0,46,0.0
2024,20806,rural,19,hombre,0,47,0.0
2024,20806,rural,19,mujer,0,35,0.0
2024,20806,rural,20,hombre,1,55,1.8181818181818181
2024,20806,rural,20,mujer,3,48,6.25
2024,20806,rural,21,hombre,1,54,1.8518518518518519
2024,20806,rural,21,mujer,2,57,3.508771929824561
2024,20806,rural,22,hombre,0,67,0.0
2024,20806,rural,22,mujer,0,43,0.0
2024,20806,rural,23,hombre,0,65,0.0
2024,20806,rural,23,mujer,0,60,0.0
2024,20806,rural,24,hombre,0,74,0.0
2024,20806,rural,24,mujer,0,52,0.0
2024,20806,rural,25,hombre,1,67,1.492537313432836
2024,20806,rural,25,mujer,1,72,1.3888888888888888
2024,20806,rural,26,hombre,3,72,4.166666666666667
2024,20806,rural,26,mujer,0,43,0.0
2024,20806,rural,27,hombre,2,95,2.1052631578947367
2024,20806,rural,27,mujer,2,62,3.225806451612903
2024,20806,rural,28,hombre,1,60,1.6666666666666667
2024,20806,rural,28,mujer,0,49,0.0
2024,20807,rural,16,hombre,1,9,11.11111111111111
2024,20807,rural,16,mujer,0,10,0.0
2024,20807,rural,17,hombre,0,11,0.0
2024,20807,rural,17,mujer,0,10,0.0
2024,20807,rural,18,hombre,0,10,0.0
2024,20807,rural,18,mujer,0,12,0.0
2024,20807,rural,19,hombre,1,14,7.142857142857143
2024,20807,rural,19,mujer,1,21,4.761904761904762
2024,20807,rural,20,hombre,0,30,0.0
2024,20807,rural,20,mujer,0,19,0.0
2024,20807,rural,21,hombre,0,25,0.0
2024,20807,rural,21,mujer,1,25,4.0
2024,20807,rural,22,hombre,1,24,4.166666666666667
2024,20807,rural,22,mujer,0,22,0.0
2024,20807,rural,23,hombre,0,27,0.0
2024,20807,rural,23,mujer,1,30,3.3333333333333335
2024,20807,rural,24,hombre,0,36,0.0
2024,20807,rural,24,mujer,1,30,3.3333333333333335
2024,20807,rural,25,hombre,1,31,3.225806451612903
2024,20807,rural,25,mujer,2,28,7.142857142857143
2024,20807,rural,26,hombre,1,27,3.7037037037037037
2024,20807,rural,26,mujer,0,10,0.0
2024,20807,rural,27,hombre,2,22,9.090909090909092
2024,20807,rural,27,mujer,2,14,14.285714285714286
2024,20807,rural,28,hombre,0,35,0.0
2024,20807,rural,28,mujer,0,30,0.0
2024,20901,rural,16,hombre,0,29,0.0
2024,20901,rural,16,mujer,0,13,0.0
2024,20901,rural,17,hombre,1,32,3.125
2024,20901,rural,17,mujer,0,21,0.0
2024,20901,rural,18,hombre,0,23,0.0
2024,20901,rural,18,mujer,1,26,3.8461538461538463
2024,20901,rural,19,hombre,0,31,0.0
2024,20901,rural,19,mujer,0,25,0.0
2024,20901,rural,20,hombre,0,43,0.0
2024,20901,rural,20,mujer,0,47,0.0
2024,20901,rural,21,hombre,1,49,2.0408163265306123
2024,20901,rural,21,mujer,0,27,0.0
2024,20901,rural,22,hombre,1,48,2.0833333333333335
2024,20901,rural,22,mujer,0,39,0.0
2024,20901,rural,23,hombre,2,37,5.405405405405405
2024,20901,rural,23,mujer,2,53,3.7735849056603774
2024,20901,rural,24,hombre,1,60,1.6666666666666667
2024,20901,rural,24,mujer,1,50,2.0
2024,20901,rural,25,hombre,1,69,1.4492753623188406
2024,20901,rural,25,mujer,0,42,0.0
2024,20901,rural,26,hombre,0,67,0.0
2024,20901,rural,26,mujer,0,50,0.0
2024,20901,rural,27,hombre,0,53,0.0
2024,20901,rural,27,mujer,0,59,0.0
2024,20901,rural,28,hombre,1,56,1.7857142857142858
2024,20901,rural,28,mujer,0,39,0.0
2024,20902,rural,16,hombre,0,38,0.0
2024,20902,rural,16,mujer,0,43,0.0
2024,20902,rural,17,hombre,1,55,1.8181818181818181
2024,20902,rural,17,mujer,0,40,0.0
2024,20902,rural,18,hombre,1,51,1.9607843137254901
2024,20902,rural,18,mujer,0,67,0.0
2024,20902,rural,19,hombre,0,65,0.0
2024,20902,rural,19,mujer,0,72,0.0
2024,20902,rural,20,hombre,0,80,0.0
2024,20902,rural,20,mujer,0,69,0.0
2024,20902,rural,21,hombre,0,80,0.0
2024,20902,rural,21,mujer,0,77,0.0
2024,20902,rural,22,hombre,2,83,2.4096385542168677
2024,20902,rural,22,mujer,0,80,0.0
2024,20902,rural,23,hombre,0,108,0.0
2024,20902,rural,23,mujer,3,102,2.9411764705882355
2024,20902,rural,24,hombre,0,110,0.0
2024,20902,rural,24,mujer,2,85,2.3529411764705883
2024,20902,rural,25,hombre,0,99,0.0
2024,20902,rural,25,mujer,0,85,0.0
2024,20902,rural,26,hombre,0,83,0.0
2024,20902,rural,26,mujer,3,96,3.125
2024,20902,rural,27,hombre,0,105,0.0
2024,20902,rural,27,mujer,0,94,0.0
2024,20902,rural,28,hombre,1,96,1.0416666666666667
2024,20902,rural,28,mujer,1,90,1.1111111111111112
2024,20903,rural,16,hombre,0,25,0.0
2024,20903,rural,16,mujer,0,19,0.0
2024,20903,rural,17,hombre,0,24,0.0
2024,20903,rural,17,mujer,0,20,0.0
2024,20903,rural,18,hombre,0,33,0.0
2024,20903,rural,18,mujer,0,30,0.0
2024,20903,rural,19,hombre,0,38,0.0
2024,20903,rural,19,mujer,2,33,6.0606060606060606
2024,20903,rural,20,hombre,0,53,0.0
2024,20903,rural,20,mujer,0,44,0.0
2024,20903,rural,21,hombre,0,58,0.0
2024,20903,rural,21,mujer,2,39,5.128205128205129
2024,20903,rural,22,hombre,1,53,1.8867924528301887
2024,20903,rural,22,mujer,0,48,0.0
2024,20903,rural,23,hombre,0,59,0.0
2024,20903,rural,23,mujer,0,50,0.0
2024,20903,rural,24,hombre,1,59,1.694915254237288
2024,20903,rural,24,mujer,0,34,0.0
2024,20903,rural,25,hombre,0,59,0.0
2024,20903,rural,25,mujer,0,36,0.0
2024,20903,rural,26,hombre,1,58,1.7241379310344827
2024,20903,rural,26,mujer,0,38,0.0
2024,20903,rural,27,hombre,1,64,1.5625
2024,20903,rural,27,mujer,0,34,0.0
2024,20903,rural,28,hombre,0,53,0.0
2024,20903,rural,28,mujer,1,41,2.4390243902439024
2024,20903,urbana,16,hombre,0,1,0.0
2024,20903,urbana,16,mujer,0,3,0.0
2024,20903,urbana,17,hombre,0,8,0.0
2024,20903,urbana,17,mujer,0,2,0.0
2024,20903,urbana,18,hombre,0,8,0.0
2024,20903,urbana,18,mujer,0,1,0.0
2024,20903,urbana,19,hombre,0,10,0.0
2024,20903,urbana,19,mujer,0,5,0.0
2024,20903,urbana,20,hombre,0,7,0.0
2024,20903,urbana,20,mujer,1,11,9.090909090909092
2024,20903,urbana,21,hombre,0,7,0.0
2024,20903,urbana,21,mujer,0,8,0.0
2024,20903,urbana,22,hombre,0,6,0.0
2024,20903,urbana,22,mujer,0,7,0.0
2024,20903,urbana,23,hombre,0,7,0.0
2024,20903,urbana,23,mujer,0,6,0.0
2024,20903,urbana,24,hombre,0,17,0.0
2024,20903,urbana,24,mujer,0,10,0.0
2024,20903,urbana,25,hombre,0,11,0.0
2024,20903,urbana,25,mujer,0,5,0.0
2024,20903,urbana,26,hombre,0,5,0.0
2024,20903,urbana,26,mujer,0,9,0.0
2024,20903,urbana,27,hombre,0,6,0.0
2024,20903,urbana,27,mujer,0,7,0.0
2024,20903,urbana,28,hombre,0,4,0.0
2024,20903,urbana,28,mujer,1,6,16.666666666666668
2024,20904,rural,16,hombre,0,9,0.0
2024,20904,rural,16,mujer,0,8,0.0
2024,20904,rural,17,hombre,1,15,6.666666666666667
2024,20904,rural,17,mujer,0,5,0.0
2024,20904,rural,18,hombre,0,15,0.0
2024,20904,rural,18,mujer,0,9,0.0
2024,20904,rural,19,hombre,1,30,3.3333333333333335
2024,20904,rural,19,mujer,0,13,0.0
2024,20904,rural,20,hombre,0,30,0.0
2024,20904,rural,20,mujer,0,18,0.0
2024,20904,rural,21,hombre,1,34,2.9411764705882355
2024,20904,rural,21,mujer,0,20,0.0
2024,20904,rural,22,hombre,2,38,5.2631578947368425
2024,20904,rural,22,mujer,1,33,3.0303030303030303
2024,20904,rural,23,hombre,2,46,4.3478260869565215
2024,20904,rural,23,mujer,0,31,0.0
2024,20904,rural,24,hombre,4,46,8.695652173913043
2024,20904,rural,24,mujer,0,24,0.0
2024,20904,rural,25,hombre,2,58,3.4482758620689653
2024,20904,rural,25,mujer,0,34,0.0
2024,20904,rural,26,hombre,2,41,4.878048780487805
2024,20904,rural,26,mujer,0,28,0.0
2024,20904,rural,27,hombre,7,44,15.909090909090908
2024,20904,rural,27,mujer,0,32,0.0
2024,20904,rural,28,hombre,1,37,2.7027027027027026
2024,20904,rural,28,mujer,0,23,0.0
2024,20905,rural,16,hombre,0,40,0.0
2024,20905,rural,16,mujer,0,24,0.0
2024,20905,rural,17,hombre,0,49,0.0
2024,20905,rural,17,mujer,0,36,0.0
2024,20905,rural,18,hombre,0,51,0.0
2024,20905,rural,18,mujer,0,40,0.0
2024,20905,rural,19,hombre,0,54,0.0
2024,20905,rural,19,mujer,0,39,0.0
2024,20905,rural,20,hombre,0,60,0.0
2024,20905,rural,20,mujer,0,51,0.0
2024,20905,rural,21,hombre,1,87,1.1494252873563218
2024,20905,rural,21,mujer,0,64,0.0
2024,20905,rural,22,hombre,0,85,0.0
2024,20905,rural,22,mujer,1,56,1.7857142857142858
2024,20905,rural,23,hombre,1,99,1.0101010101010102
2024,20905,rural,23,mujer,0,64,0.0
2024,20905,rural,24,hombre,2,99,2.0202020202020203
2024,20905,rural,24,mujer,0,73,0.0
2024,20905,rural,25,hombre,1,90,1.1111111111111112
2024,20905,rural,25,mujer,0,83,0.0
2024,20905,rural,26,hombre,2,92,2.1739130434782608
2024,20905,rural,26,mujer,0,47,0.0
2024,20905,rural,27,hombre,4,99,4.040404040404041
2024,20905,rural,27,mujer,0,88,0.0
2024,20905,rural,28,hombre,2,87,2.2988505747126435
2024,20905,rural,28,mujer,0,49,0.0
2024,21001,rural,16,hombre,0,65,0.0
2024,21001,rural,16,mujer,0,40,0.0
2024,21001,rural,17,hombre,0,36,0.0
2024,21001,rural,17,mujer,0,40,0.0
2024,21001,rural,18,hombre,2,50,4.0
2024,21001,rural,18,mujer,1,49,2.0408163265306123
2024,21001,rural,19,hombre,1,63,1.5873015873015872
2024,21001,rural,19,mujer,0,53,0.0
2024,21001,rural,20,hombre,0,94,0.0
2024,21001,rural,20,mujer,1,62,1.6129032258064515
2024,21001,rural,21,hombre,1,95,1.0526315789473684
2024,21001,rural,21,mujer,0,82,0.0
2024,21001,rural,22,hombre,0,116,0.0
2024,21001,rural,22,mujer,0,68,0.0
2024,21001,rural,23,hombre,0,119,0.0
2024,21001,rural,23,mujer,0,87,0.0
2024,21001,rural,24,hombre,1,131,0.7633587786259542
2024,21001,rural,24,mujer,2,76,2.6315789473684212
2024,21001,rural,25,hombre,1,115,0.8695652173913043
2024,21001,rural,25,mujer,1,67,1.492537313432836
2024,21001,rural,26,hombre,1,125,0.8
2024,21001,rural,26,mujer,2,55,3.6363636363636362
2024,21001,rural,27,hombre,1,128,0.78125
2024,21001,rural,27,mujer,0,62,0.0
2024,21001,rural,28,hombre,2,121,1.6528925619834711
2024,21001,rural,28,mujer,1,71,1.408450704225352
2024,21002,rural,16,hombre,0,13,0.0
2024,21002,rural,16,mujer,0,5,0.0
2024,21002,rural,17,hombre,0,9,0.0
2024,21002,rural,17,mujer,0,7,0.0
2024,21002,rural,18,hombre,0,13,0.0
2024,21002,rural,18,mujer,0,4,0.0
2024,21002,rural,19,hombre,0,31,0.0
2024,21002,rural,19,mujer,0,11,0.0
2024,21002,rural,20,hombre,2,30,6.666666666666667
2024,21002,rural,20,mujer,0,20,0.0
2024,21002,rural,21,hombre,1,44,2.272727272727273
2024,21002,rural,21,mujer,0,13,0.0
2024,21002,rural,22,hombre,1,47,2.127659574468085
2024,21002,rural,22,mujer,2,16,12.5
2024,21002,rural,23,hombre,4,58,6.896551724137931
2024,21002,rural,23,mujer,3,22,13.636363636363637
2024,21002,rural,24,hombre,3,69,4.3478260869565215
2024,21002,rural,24,mujer,0,13,0.0
2024,21002,rural,25,hombre,3,81,3.7037037037037037
2024,21002,rural,25,mujer,0,12,0.0
2024,21002,rural,26,hombre,4,61,6.557377049180328
2024,21002,rural,26,mujer,0,22,0.0
2024,21002,rural,27,hombre,5,70,7.142857142857143
2024,21002,rural,27,mujer,0,24,0.0
2024,21002,rural,28,hombre,1,73,1.36986301369863
2024,21002,rural,28,mujer,0,22,0.0
2024,21002,urbana,16,hombre,0,10,0.0
2024,21002,urbana,16,mujer,0,10,0.0
2024,21002,urbana,17,hombre,0,7,0.0
2024,21002,urbana,17,mujer,0,8,0.0
2024,21002,urbana,18,hombre,0,11,0.0
2024,21002,urbana,18,mujer,0,5,0.0
2024,21002,urbana,19,hombre,0,19,0.0
2024,21002,urbana,19,mujer,0,14,0.0
2024,21002,urbana,20,hombre,0,24,0.0
2024,21002,urbana,20,mujer,0,12,0.0
2024,21002,urbana,21,hombre,0,15,0.0
2024,21002,urbana,21,mujer,0,12,0.0
2024,21002,urbana,22,hombre,2,17,11.764705882352942
2024,21002,urbana,22,mujer,0,12,0.0
2024,21002,urbana,23,hombre,4,23,17.391304347826086
2024,21002,urbana,23,mujer,0,13,0.0
2024,21002,urbana,24,hombre,0,27,0.0
2024,21002,urbana,24,mujer,0,17,0.0
2024,21002,urbana,25,hombre,2,38,5.2631578947368425
2024,21002,urbana,25,mujer,0,18,0.0
2024,21002,urbana,26,hombre,0,19,0.0
2024,21002,urbana,26,mujer,0,16,0.0
2024,21002,urbana,27,hombre,0,24,0.0
2024,21002,urbana,27,mujer,1,24,4.166666666666667
2024,21002,urbana,28,hombre,2,25,8.0
2024,21002,urbana,28,mujer,0,22,0.0
2024,21003,rural,16,hombre,0,51,0.0
2024,21003,rural,16,mujer,0,32,0.0
2024,21003,rural,17,hombre,0,53,0.0
2024,21003,rural,17,mujer,0,46,0.0
2024,21003,rural,18,hombre,0,60,0.0
2024,21003,rural,18,mujer,0,62,0.0
2024,21003,rural,19,hombre,2,77,2.5974025974025974
2024,21003,rural,19,mujer,0,71,0.0
2024,21003,rural,20,hombre,0,71,0.0
2024,21003,rural,20,mujer,2,69,2.898550724637681
2024,21003,rural,21,hombre,1,76,1.3157894736842106
2024,21003,rural,21,mujer,1,61,1.639344262295082
2024,21003,rural,22,hombre,1,102,0.9803921568627451
2024,21003,rural,22,mujer,0,69,0.0
2024,21003,rural,23,hombre,4,127,3.1496062992125986
2024,21003,rural,23,mujer,1,89,1.1235955056179776
2024,21003,rural,24,hombre,0,97,0.0
2024,21003,rural,24,mujer,1,79,1.2658227848101267
2024,21003,rural,25,hombre,0,113,0.0
2024,21003,rural,25,mujer,0,85,0.0
2024,21003,rural,26,hombre,0,111,0.0
2024,21003,rural,26,mujer,1,72,1.3888888888888888
2024,21003,rural,27,hombre,2,103,1.941747572815534
2024,21003,rural,27,mujer,1,86,1.1627906976744187
2024,21003,rural,28,hombre,2,108,1.8518518518518519
2024,21003,rural,28,mujer,0,83,0.0
2024,21003,urbana,16,hombre,0,13,0.0
2024,21003,urbana,16,mujer,0,10,0.0
2024,21003,urbana,17,hombre,0,12,0.0
2024,21003,urbana,17,mujer,0,11,0.0
2024,21003,urbana,18,hombre,0,14,0.0
2024,21003,urbana,18,mujer,0,13,0.0
2024,21003,urbana,19,hombre,0,16,0.0
2024,21003,urbana,19,mujer,0,10,0.0
2024,21003,urbana,20,hombre,0,16,0.0
2024,21003,urbana,20,mujer,0,9,0.0
2024,21003,urbana,21,hombre,0,15,0.0
2024,21003,urbana,21,mujer,0,13,0.0
2024,21003,urbana,22,hombre,0,18,0.0
2024,21003,urbana,22,mujer,0,25,0.0
2024,21003,urbana,23,hombre,1,14,7.142857142857143
2024,21003,urbana,23,mujer,0,16,0.0
2024,21003,urbana,24,hombre,0,21,0.0
2024,21003,urbana,24,mujer,0,17,0.0
2024,21003,urbana,25,hombre,0,11,0.0
2024,21003,urbana,25,mujer,1,16,6.25
2024,21003,urbana,26,hombre,1,21,4.761904761904762
2024,21003,urbana,26,mujer,0,12,0.0
2024,21003,urbana,27,hombre,0,17,0.0
2024,21003,urbana,27,mujer,0,18,0.0
2024,21003,urbana,28,hombre,0,18,0.0
2024,21003,urbana,28,mujer,0,14,0.0
2024,21004,rural,16,hombre,0,25,0.0
2024,21004,rural,16,mujer,1,18,5.555555555555555
2024,21004,rural,17,hombre,0,38,0.0
2024,21004,rural,17,mujer,0,24,0.0
2024,21004,rural,18,hombre,3,35,8.571428571428571
2024,21004,rural,18,mujer,0,36,0.0
2024,21004,rural,19,hombre,0,50,0.0
2024,21004,rural,19,mujer,1,32,3.125
2024,21004,rural,20,hombre,6,60,10.0
2024,21004,rural,20,mujer,0,39,0.0
2024,21004,rural,21,hombre,7,67,10.447761194029852
2024,21004,rural,21,mujer,0,42,0.0
2024,21004,rural,22,hombre,4,69,5.797101449275362
2024,21004,rural,22,mujer,0,44,0.0
2024,21004,rural,23,hombre,7,86,8.13953488372093
2024,21004,rural,23,mujer,0,46,0.0
2024,21004,rural,24,hombre,6,93,6.451612903225806
2024,21004,rural,24,mujer,0,60,0.0
2024,21004,rural,25,hombre,3,76,3.9473684210526314
2024,21004,rural,25,mujer,1,44,2.272727272727273
2024,21004,rural,26,hombre,2,77,2.5974025974025974
2024,21004,rural,26,mujer,0,38,0.0
2024,21004,rural,27,hombre,5,105,4.761904761904762
2024,21004,rural,27,mujer,0,51,0.0
2024,21004,rural,28,hombre,3,91,3.2967032967032965
2024,21004,rural,28,mujer,0,35,0.0
2024,21004,urbana,16,hombre,0,6,0.0
2024,21004,urbana,16,mujer,0,5,0.0
2024,21004,urbana,17,hombre,0,7,0.0
2024,21004,urbana,17,mujer,0,4,0.0
2024,21004,urbana,18,hombre,1,7,14.285714285714286
2024,21004,urbana,18,mujer,0,5,0.0
2024,21004,urbana,19,hombre,1,12,8.333333333333334
2024,21004,urbana,19,mujer,0,8,0.0
2024,21004,urbana,20,hombre,0,21,0.0
2024,21004,urbana,20,mujer,0,11,0.0
2024,21004,urbana,21,hombre,2,25,8.0
2024,21004,urbana,21,mujer,0,13,0.0
2024,21004,urbana,22,hombre,0,32,0.0
2024,21004,urbana,22,mujer,1,10,10.0
2024,21004,urbana,23,hombre,6,57,10.526315789473685
2024,21004,urbana,23,mujer,0,24,0.0
2024,21004,urbana,24,hombre,6,42,14.285714285714286
2024,21004,urbana,24,mujer,0,20,0.0
2024,21004,urbana,25,hombre,3,38,7.894736842105263
2024,21004,urbana,25,mujer,0,12,0.0
2024,21004,urbana,26,hombre,1,32,3.125
2024,21004,urbana,26,mujer,1,19,5.2631578947368425
2024,21004,urbana,27,hombre,0,41,0.0
2024,21004,urbana,27,mujer,0,22,0.0
2024,21004,urbana,28,hombre,1,38,2.6315789473684212
2024,21004,urbana,28,mujer,1,21,4.761904761904762
2024,21005,rural,16,hombre,0,9,0.0
2024,21005,rural,16,mujer,0,11,0.0
2024,21005,rural,17,hombre,0,15,0.0
2024,21005,rural,17,mujer,0,3,0.0
2024,21005,rural,18,hombre,0,27,0.0
2024,21005,rural,18,mujer,0,14,0.0
2024,21005,rural,19,hombre,0,26,0.0
2024,21005,rural,19,mujer,0,21,0.0
2024,21005,rural,20,hombre,0,24,0.0
2024,21005,rural,20,mujer,0,15,0.0
2024,21005,rural,21,hombre,1,33,3.0303030303030303
2024,21005,rural,21,mujer,0,17,0.0
2024,21005,rural,22,hombre,0,32,0.0
2024,21005,rural,22,mujer,0,21,0.0
2024,21005,rural,23,hombre,0,50,0.0
2024,21005,rural,23,mujer,0,25,0.0
2024,21005,rural,24,hombre,2,50,4.0
2024,21005,rural,24,mujer,1,22,4.545454545454546
2024,21005,rural,25,hombre,0,29,0.0
2024,21005,rural,25,mujer,1,30,3.3333333333333335
2024,21005,rural,26,hombre,1,43,2.3255813953488373
2024,21005,rural,26,mujer,0,11,0.0
2024,21005,rural,27,hombre,0,39,0.0
2024,21005,rural,27,mujer,0,21,0.0
2024,21005,rural,28,hombre,1,37,2.7027027027027026
2024,21005,rural,28,mujer,0,23,0.0
2024,21005,urbana,16,hombre,0,9,0.0
2024,21005,urbana,16,mujer,0,11,0.0
2024,21005,urbana,17,hombre,0,14,0.0
2024,21005,urbana,17,mujer,0,10,0.0
2024,21005,urbana,18,hombre,0,14,0.0
2024,21005,urbana,18,mujer,1,11,9.090909090909092
2024,21005,urbana,19,hombre,0,13,0.0
2024,21005,urbana,19,mujer,0,11,0.0
2024,21005,urbana,20,hombre,0,11,0.0
2024,21005,urbana,20,mujer,0,16,0.0
2024,21005,urbana,21,hombre,0,9,0.0
2024,21005,urbana,21,mujer,0,9,0.0
2024,21005,urbana,22,hombre,0,5,0.0
2024,21005,urbana,22,mujer,0,12,0.0
2024,21005,urbana,23,hombre,0,16,0.0
2024,21005,urbana,23,mujer,0,10,0.0
2024,21005,urbana,24,hombre,0,19,0.0
2024,21005,urbana,24,mujer,0,8,0.0
2024,21005,urbana,25,hombre,0,10,0.0
2024,21005,urbana,25,mujer,0,10,0.0
2024,21005,urbana,26,hombre,0,10,0.0
2024,21005,urbana,26,mujer,0,8,0.0
2024,21005,urbana,27,hombre,1,8,12.5
2024,21005,urbana,27,mujer,0,9,0.0
2024,21005,urbana,28,hombre,0,14,0.0
2024,21005,urbana,28,mujer,0,10,0.0
2024,21006,rural,16,hombre,0,4,0.0
2024,21006,rural,16,mujer,0,6,0.0
2024,21006,rural,17,hombre,0,10,0.0
2024,21006,rural,17,mujer,0,7,0.0
2024,21006,rural,18,hombre,0,13,0.0
2024,21006,rural,18,mujer,0,15,0.0
2024,21006,rural,19,hombre,0,20,0.0
2024,21006,rural,19,mujer,0,17,0.0
2024,21006,rural,20,hombre,0,19,0.0
2024,21006,rural,20,mujer,0,16,0.0
2024,21006,rural,21,hombre,0,15,0.0
2024,21006,rural,21,mujer,0,22,0.0
2024,21006,rural,22,hombre,0,26,0.0
2024,21006,rural,22,mujer,0,19,0.0
2024,21006,rural,23,hombre,0,33,0.0
2024,21006,rural,23,mujer,0,24,0.0
2024,21006,rural,24,hombre,0,35,0.0
2024,21006,rural,24,mujer,0,31,0.0
2024,21006,rural,25,hombre,0,27,0.0
2024,21006,rural,25,mujer,0,20,0.0
2024,21006,rural,26,hombre,0,21,0.0
2024,21006,rural,26,mujer,0,20,0.0
2024,21006,rural,27,hombre,0,23,0.0
2024,21006,rural,27,mujer,0,22,0.0
2024,21006,rural,28,hombre,0,32,0.0
2024,21006,rural,28,mujer,0,31,0.0
2024,21006,urbana,16,hombre,0,5,0.0
2024,21006,urbana,16,mujer,0,8,0.0
2024,21006,urbana,17,hombre,0,7,0.0
2024,21006,urbana,17,mujer,0,6,0.0
2024,21006,urbana,18,hombre,0,12,0.0
2024,21006,urbana,18,mujer,0,3,0.0
2024,21006,urbana,19,hombre,1,11,9.090909090909092
2024,21006,urbana,19,mujer,0,11,0.0
2024,21006,urbana,20,hombre,0,17,0.0
2024,21006,urbana,20,mujer,0,14,0.0
2024,21006,urbana,21,hombre,0,20,0.0
2024,21006,urbana,21,mujer,1,14,7.142857142857143
2024,21006,urbana,22,hombre,0,15,0.0
2024,21006,urbana,22,mujer,1,11,9.090909090909092
2024,21006,urbana,23,hombre,0,18,0.0
2024,21006,urbana,23,mujer,0,19,0.0
2024,21006,urbana,24,hombre,0,30,0.0
2024,21006,urbana,24,mujer,1,27,3.7037037037037037
2024,21006,urbana,25,hombre,0,20,0.0
2024,21006,urbana,25,mujer,1,24,4.166666666666667
2024,21006,urbana,26,hombre,0,20,0.0
2024,21006,urbana,26,mujer,0,20,0.0
2024,21006,urbana,27,hombre,1,19,5.2631578947368425
2024,21006,urbana,27,mujer,0,20,0.0
2024,21006,urbana,28,hombre,0,32,0.0
2024,21006,urbana,28,mujer,0,27,0.0
2024,21101,rural,16,hombre,0,53,0.0
2024,21101,rural,16,mujer,0,50,0.0
2024,21101,rural,17,hombre,0,44,0.0
2024,21101,rural,17,mujer,0,54,0.0
2024,21101,rural,18,hombre,0,51,0.0
2024,21101,rural,18,mujer,1,67,1.492537313432836
2024,21101,rural,19,hombre,0,60,0.0
2024,21101,rural,19,mujer,0,56,0.0
2024,21101,rural,20,hombre,1,69,1.4492753623188406
2024,21101,rural,20,mujer,0,64,0.0
2024,21101,rural,21,hombre,1,79,1.2658227848101267
2024,21101,rural,21,mujer,0,73,0.0
2024,21101,rural,22,hombre,0,64,0.0
2024,21101,rural,22,mujer,1,81,1.2345679012345678
2024,21101,rural,23,hombre,2,94,2.127659574468085
2024,21101,rural,23,mujer,1,90,1.1111111111111112
2024,21101,rural,24,hombre,2,93,2.150537634408602
2024,21101,rural,24,mujer,0,92,0.0
2024,21101,rural,25,hombre,1,90,1.1111111111111112
2024,21101,rural,25,mujer,1,100,1.0
2024,21101,rural,26,hombre,0,100,0.0
2024,21101,rural,26,mujer,1,88,1.1363636363636365
2024,21101,rural,27,hombre,0,105,0.0
2024,21101,rural,27,mujer,2,100,2.0
2024,21101,rural,28,hombre,2,89,2.247191011235955
2024,21101,rural,28,mujer,0,103,0.0
2024,21101,urbana,16,hombre,0,9,0.0
2024,21101,urbana,16,mujer,1,13,7.6923076923076925
2024,21101,urbana,17,hombre,0,10,0.0
2024,21101,urbana,17,mujer,0,10,0.0
2024,21101,urbana,18,hombre,0,6,0.0
2024,21101,urbana,18,mujer,0,4,0.0
2024,21101,urbana,19,hombre,0,14,0.0
2024,21101,urbana,19,mujer,1,10,10.0
2024,21101,urbana,20,hombre,0,6,0.0
2024,21101,urbana,20,mujer,0,11,0.0
2024,21101,urbana,21,hombre,0,16,0.0
2024,21101,urbana,21,mujer,0,5,0.0
2024,21101,urbana,22,hombre,0,10,0.0
2024,21101,urbana,22,mujer,0,7,0.0
2024,21101,urbana,23,hombre,0,5,0.0
2024,21101,urbana,23,mujer,1,17,5.882352941176471
2024,21101,urbana,24,hombre,2,12,16.666666666666668
2024,21101,urbana,24,mujer,0,16,0.0
2024,21101,urbana,25,hombre,0,15,0.0
2024,21101,urbana,25,mujer,0,15,0.0
2024,21101,urbana,26,hombre,0,16,0.0
2024,21101,urbana,26,mujer,0,17,0.0
2024,21101,urbana,27,hombre,0,14,0.0
2024,21101,urbana,27,mujer,0,12,0.0
2024,21101,urbana,28,hombre,0,20,0.0
2024,21101,urbana,28,mujer,0,22,0.0
2024,21102,rural,16,hombre,2,59,3.389830508474576
2024,21102,rural,16,mujer,0,36,0.0
2024,21102,rural,17,hombre,0,74,0.0
2024,21102,rural,17,mujer,1,45,2.2222222222222223
2024,21102,rural,18,hombre,1,81,1.2345679012345678
2024,21102,rural,18,mujer,1,75,1.3333333333333333
2024,21102,rural,19,hombre,1,121,0.8264462809917356
2024,21102,rural,19,mujer,0,59,0.0
2024,21102,rural,20,hombre,5,141,3.5460992907801416
2024,21102,rural,20,mujer,1,82,1.2195121951219512
2024,21102,rural,21,hombre,3,150,2.0
2024,21102,rural,21,mujer,1,81,1.2345679012345678
2024,21102,rural,22,hombre,5,172,2.9069767441860463
2024,21102,rural,22,mujer,1,80,1.25
2024,21102,rural,23,hombre,2,196,1.0204081632653061
2024,21102,rural,23,mujer,2,111,1.8018018018018018
2024,21102,rural,24,hombre,5,201,2.487562189054726
2024,21102,rural,24,mujer,3,117,2.5641025641025643
2024,21102,rural,25,hombre,4,177,2.2598870056497176
2024,21102,rural,25,mujer,2,103,1.941747572815534
2024,21102,rural,26,hombre,6,187,3.2085561497326203
2024,21102,rural,26,mujer,1,93,1.075268817204301
2024,21102,rural,27,hombre,6,193,3.1088082901554404
2024,21102,rural,27,mujer,0,104,0.0
2024,21102,rural,28,hombre,7,196,3.5714285714285716
2024,21102,rural,28,mujer,5,116,4.310344827586207
2024,21102,urbana,16,hombre,0,12,0.0
2024,21102,urbana,16,mujer,0,17,0.0
2024,21102,urbana,17,hombre,0,8,0.0
2024,21102,urbana,17,mujer,0,15,0.0
2024,21102,urbana,18,hombre,0,9,0.0
2024,21102,urbana,18,mujer,0,17,0.0
2024,21102,urbana,19,hombre,0,17,0.0
2024,21102,urbana,19,mujer,0,16,0.0
2024,21102,urbana,20,hombre,0,13,0.0
2024,21102,urbana,20,mujer,0,13,0.0
2024,21102,urbana,21,hombre,0,13,0.0
2024,21102,urbana,21,mujer,0,17,0.0
2024,21102,urbana,22,hombre,0,23,0.0
2024,21102,urbana,22,mujer,0,13,0.0
2024,21102,urbana,23,hombre,1,17,5.882352941176471
2024,21102,urbana,23,mujer,0,9,0.0
2024,21102,urbana,24,hombre,2,19,10.526315789473685
2024,21102,urbana,24,mujer,1,16,6.25
2024,21102,urbana,25,hombre,0,17,0.0
2024,21102,urbana,25,mujer,0,21,0.0
2024,21102,urbana,26,hombre,0,14,0.0
2024,21102,urbana,26,mujer,1,9,11.11111111111111
2024,21102,urbana,27,hombre,1,15,6.666666666666667
2024,21102,urbana,27,mujer,1,24,4.166666666666667
2024,21102,urbana,28,hombre,1,11,9.090909090909092
2024,21102,urbana,28,mujer,0,13,0.0
2024,21103,rural,16,hombre,1,14,7.142857142857143
2024,21103,rural,16,mujer,0,15,0.0
2024,21103,rural,17,hombre,0,15,0.0
2024,21103,rural,17,mujer,0,13,0.0
2024,21103,rural,18,hombre,0,14,0.0
2024,21103,rural,18,mujer,0,11,0.0
2024,21103,rural,19,hombre,2,36,5.555555555555555
2024,21103,rural,19,mujer,3,18,16.666666666666668
2024,21103,rural,20,hombre,0,39,0.0
2024,21103,rural,20,mujer,0,17,0.0
2024,21103,rural,21,hombre,2,32,6.25
2024,21103,rural,21,mujer,0,24,0.0
2024,21103,rural,22,hombre,0,38,0.0
2024,21103,rural,22,mujer,0,29,0.0
2024,21103,rural,23,hombre,1,37,2.7027027027027026
2024,21103,rural,23,mujer,1,30,3.3333333333333335
2024,21103,rural,24,hombre,2,54,3.7037037037037037
2024,21103,rural,24,mujer,1,42,2.380952380952381
2024,21103,rural,25,hombre,1,37,2.7027027027027026
2024,21103,rural,25,mujer,0,37,0.0
2024,21103,rural,26,hombre,1,44,2.272727272727273
2024,21103,rural,26,mujer,0,31,0.0
2024,21103,rural,27,hombre,1,51,1.9607843137254901
2024,21103,rural,27,mujer,2,37,5.405405405405405
2024,21103,rural,28,hombre,2,63,3.1746031746031744
2024,21103,rural,28,mujer,0,26,0.0
2024,21104,rural,16,hombre,1,104,0.9615384615384616
2024,21104,rural,16,mujer,0,58,0.0
2024,21104,rural,17,hombre,1,103,0.970873786407767
2024,21104,rural,17,mujer,0,55,0.0
2024,21104,rural,18,hombre,0,135,0.0
2024,21104,rural,18,mujer,0,78,0.0
2024,21104,rural,19,hombre,2,128,1.5625
2024,21104,rural,19,mujer,0,91,0.0
2024,21104,rural,20,hombre,7,137,5.109489051094891
2024,21104,rural,20,mujer,0,81,0.0
2024,21104,rural,21,hombre,1,149,0.6711409395973155
2024,21104,rural,21,mujer,1,92,1.0869565217391304
2024,21104,rural,22,hombre,0,154,0.0
2024,21104,rural,22,mujer,0,102,0.0
2024,21104,rural,23,hombre,0,153,0.0
2024,21104,rural,23,mujer,1,129,0.7751937984496124
2024,21104,rural,24,hombre,5,180,2.7777777777777777
2024,21104,rural,24,mujer,2,120,1.6666666666666667
2024,21104,rural,25,hombre,5,155,3.225806451612903
2024,21104,rural,25,mujer,1,78,1.2820512820512822
2024,21104,rural,26,hombre,1,160,0.625
2024,21104,rural,26,mujer,3,111,2.7027027027027026
2024,21104,rural,27,hombre,3,159,1.8867924528301887
2024,21104,rural,27,mujer,2,125,1.6
2024,21104,rural,28,hombre,1,126,0.7936507936507936
2024,21104,rural,28,mujer,2,99,2.0202020202020203
2024,21104,urbana,16,hombre,0,29,0.0
2024,21104,urbana,16,mujer,0,25,0.0
2024,21104,urbana,17,hombre,0,31,0.0
2024,21104,urbana,17,mujer,1,27,3.7037037037037037
2024,21104,urbana,18,hombre,0,39,0.0
2024,21104,urbana,18,mujer,0,33,0.0
2024,21104,urbana,19,hombre,3,37,8.108108108108109
2024,21104,urbana,19,mujer,1,37,2.7027027027027026
2024,21104,urbana,20,hombre,1,43,2.3255813953488373
2024,21104,urbana,20,mujer,2,34,5.882352941176471
2024,21104,urbana,21,hombre,2,47,4.25531914893617
2024,21104,urbana,21,mujer,1,44,2.272727272727273
2024,21104,urbana,22,hombre,1,47,2.127659574468085
2024,21104,urbana,22,mujer,0,41,0.0
2024,21104,urbana,23,hombre,1,65,1.5384615384615385
2024,21104,urbana,23,mujer,0,42,0.0
2024,21104,urbana,24,hombre,2,64,3.125
2024,21104,urbana,24,mujer,2,51,3.9215686274509802
2024,21104,urbana,25,hombre,4,58,6.896551724137931
2024,21104,urbana,25,mujer,0,47,0.0
2024,21104,urbana,26,hombre,3,61,4.918032786885246
2024,21104,urbana,26,mujer,1,58,1.7241379310344827
2024,21104,urbana,27,hombre,0,65,0.0
2024,21104,urbana,27,mujer,5,59,8.474576271186441
2024,21104,urbana,28,hombre,0,53,0.0
2024,21104,urbana,28,mujer,1,53,1.8867924528301887
2024,21105,rural,16,hombre,0,210,0.0
2024,21105,rural,16,mujer,0,142,0.0
2024,21105,rural,17,hombre,0,203,0.0
2024,21105,rural,17,mujer,1,179,0.5586592178770949
2024,21105,rural,18,hombre,1,214,0.4672897196261682
2024,21105,rural,18,mujer,1,217,0.4608294930875576
2024,21105,rural,19,hombre,3,254,1.1811023622047243
2024,21105,rural,19,mujer,2,222,0.9009009009009009
2024,21105,rural,20,hombre,2,285,0.7017543859649122
2024,21105,rural,20,mujer,0,239,0.0
2024,21105,rural,21,hombre,1,264,0.3787878787878788
2024,21105,rural,21,mujer,0,232,0.0
2024,21105,rural,22,hombre,4,306,1.3071895424836601
2024,21105,rural,22,mujer,2,281,0.7117437722419929
2024,21105,rural,23,hombre,1,337,0.29673590504451036
2024,21105,rural,23,mujer,4,293,1.3651877133105803
2024,21105,rural,24,hombre,5,349,1.4326647564469914
2024,21105,rural,24,mujer,3,335,0.8955223880597015
2024,21105,rural,25,hombre,2,344,0.5813953488372093
2024,21105,rural,25,mujer,3,308,0.974025974025974
2024,21105,rural,26,hombre,2,332,0.6024096385542169
2024,21105,rural,26,mujer,4,306,1.3071895424836601
2024,21105,rural,27,hombre,1,366,0.273224043715847
2024,21105,rural,27,mujer,4,311,1.2861736334405145
2024,21105,rural,28,hombre,1,324,0.30864197530864196
2024,21105,rural,28,mujer,2,270,0.7407407407407407
2024,21105,urbana,16,hombre,0,24,0.0
2024,21105,urbana,16,mujer,1,17,5.882352941176471
2024,21105,urbana,17,hombre,0,14,0.0
2024,21105,urbana,17,mujer,0,9,0.0
2024,21105,urbana,18,hombre,1,13,7.6923076923076925
2024,21105,urbana,18,mujer,0,12,0.0
2024,21105,urbana,19,hombre,0,16,0.0
2024,21105,urbana,19,mujer,1,20,5.0
2024,21105,urbana,20,hombre,0,12,0.0
2024,21105,urbana,20,mujer,0,13,0.0
2024,21105,urbana,21,hombre,0,13,0.0
2024,21105,urbana,21,mujer,0,12,0.0
2024,21105,urbana,22,hombre,0,23,0.0
2024,21105,urbana,22,mujer,0,14,0.0
2024,21105,urbana,23,hombre,0,24,0.0
2024,21105,urbana,23,mujer,1,23,4.3478260869565215
2024,21105,urbana,24,hombre,0,22,0.0
2024,21105,urbana,24,mujer,0,24,0.0
2024,21105,urbana,25,hombre,0,19,0.0
2024,21105,urbana,25,mujer,1,27,3.7037037037037037
2024,21105,urbana,26,hombre,3,21,14.285714285714286
2024,21105,urbana,26,mujer,1,32,3.125
2024,21105,urbana,27,hombre,0,26,0.0
2024,21105,urbana,27,mujer,1,24,4.166666666666667
2024,21105,urbana,28,hombre,1,30,3.3333333333333335
2024,21105,urbana,28,mujer,0,19,0.0
2024,21201,rural,16,hombre,0,79,0.0
2024,21201,rural,16,mujer,2,55,3.6363636363636362
2024,21201,rural,17,hombre,1,65,1.5384615384615385
2024,21201,rural,17,mujer,2,74,2.7027027027027026
2024,21201,rural,18,hombre,1,72,1.3888888888888888
2024,21201,rural,18,mujer,0,89,0.0
2024,21201,rural,19,hombre,1,86,1.1627906976744187
2024,21201,rural,19,mujer,0,114,0.0
2024,21201,rural,20,hombre,0,124,0.0
2024,21201,rural,20,mujer,2,108,1.8518518518518519
2024,21201,rural,21,hombre,5,126,3.9682539682539684
2024,21201,rural,21,mujer,1,112,0.8928571428571429
2024,21201,rural,22,hombre,7,165,4.242424242424242
2024,21201,rural,22,mujer,2,127,1.5748031496062993
2024,21201,rural,23,hombre,3,179,1.675977653631285
2024,21201,rural,23,mujer,5,145,3.4482758620689653
2024,21201,rural,24,hombre,4,180,2.2222222222222223
2024,21201,rural,24,mujer,1,149,0.6711409395973155
2024,21201,rural,25,hombre,1,164,0.6097560975609756
2024,21201,rural,25,mujer,3,167,1.7964071856287425
2024,21201,rural,26,hombre,3,180,1.6666666666666667
2024,21201,rural,26,mujer,3,137,2.18978102189781
2024,21201,rural,27,hombre,1,173,0.5780346820809249
2024,21201,rural,27,mujer,3,143,2.097902097902098
2024,21201,rural,28,hombre,5,162,3.0864197530864197
2024,21201,rural,28,mujer,1,120,0.8333333333333334
2024,21201,urbana,16,hombre,1,43,2.3255813953488373
2024,21201,urbana,16,mujer,0,34,0.0
2024,21201,urbana,17,hombre,0,33,0.0
2024,21201,urbana,17,mujer,0,28,0.0
2024,21201,urbana,18,hombre,0,38,0.0
2024,21201,urbana,18,mujer,2,59,3.389830508474576
2024,21201,urbana,19,hombre,1,56,1.7857142857142858
2024,21201,urbana,19,mujer,1,63,1.5873015873015872
2024,21201,urbana,20,hombre,0,80,0.0
2024,21201,urbana,20,mujer,1,66,1.5151515151515151
2024,21201,urbana,21,hombre,2,81,2.4691358024691357
2024,21201,urbana,21,mujer,0,67,0.0
2024,21201,urbana,22,hombre,7,106,6.60377358490566
2024,21201,urbana,22,mujer,1,62,1.6129032258064515
2024,21201,urbana,23,hombre,2,100,2.0
2024,21201,urbana,23,mujer,1,74,1.3513513513513513
2024,21201,urbana,24,hombre,2,111,1.8018018018018018
2024,21201,urbana,24,mujer,1,80,1.25
2024,21201,urbana,25,hombre,1,105,0.9523809523809523
2024,21201,urbana,25,mujer,2,102,1.9607843137254901
2024,21201,urbana,26,hombre,2,117,1.7094017094017093
2024,21201,urbana,26,mujer,3,97,3.0927835051546393
2024,21201,urbana,27,hombre,0,102,0.0
2024,21201,urbana,27,mujer,3,85,3.5294117647058822
2024,21201,urbana,28,hombre,4,122,3.278688524590164
2024,21201,urbana,28,mujer,1,82,1.2195121951219512
2024,21202,rural,16,hombre,0,47,0.0
2024,21202,rural,16,mujer,0,49,0.0
2024,21202,rural,17,hombre,2,54,3.7037037037037037
2024,21202,rural,17,mujer,0,50,0.0
2024,21202,rural,18,hombre,0,77,0.0
2024,21202,rural,18,mujer,3,66,4.545454545454546
2024,21202,rural,19,hombre,1,75,1.3333333333333333
2024,21202,rural,19,mujer,1,60,1.6666666666666667
2024,21202,rural,20,hombre,1,101,0.9900990099009901
2024,21202,rural,20,mujer,0,85,0.0
2024,21202,rural,21,hombre,1,102,0.9803921568627451
2024,21202,rural,21,mujer,1,81,1.2345679012345678
2024,21202,rural,22,hombre,3,112,2.6785714285714284
2024,21202,rural,22,mujer,1,91,1.098901098901099
2024,21202,rural,23,hombre,1,103,0.970873786407767
2024,21202,rural,23,mujer,0,89,0.0
2024,21202,rural,24,hombre,1,137,0.7299270072992701
2024,21202,rural,24,mujer,4,115,3.4782608695652173
2024,21202,rural,25,hombre,3,124,2.4193548387096775
2024,21202,rural,25,mujer,3,94,3.1914893617021276
2024,21202,rural,26,hombre,0,129,0.0
2024,21202,rural,26,mujer,2,94,2.127659574468085
2024,21202,rural,27,hombre,2,131,1.5267175572519085
2024,21202,rural,27,mujer,1,102,0.9803921568627451
2024,21202,rural,28,hombre,0,133,0.0
2024,21202,rural,28,mujer,0,97,0.0
2024,21202,urbana,16,hombre,0,13,0.0
2024,21202,urbana,16,mujer,0,24,0.0
2024,21202,urbana,17,hombre,0,28,0.0
2024,21202,urbana,17,mujer,0,16,0.0
2024,21202,urbana,18,hombre,1,32,3.125
2024,21202,urbana,18,mujer,1,39,2.5641025641025643
2024,21202,urbana,19,hombre,1,39,2.5641025641025643
2024,21202,urbana,19,mujer,1,49,2.0408163265306123
2024,21202,urbana,20,hombre,1,46,2.1739130434782608
2024,21202,urbana,20,mujer,0,48,0.0
2024,21202,urbana,21,hombre,0,43,0.0
2024,21202,urbana,21,mujer,2,56,3.5714285714285716
2024,21202,urbana,22,hombre,2,52,3.8461538461538463
2024,21202,urbana,22,mujer,3,71,4.225352112676056
2024,21202,urbana,23,hombre,0,59,0.0
2024,21202,urbana,23,mujer,1,53,1.8867924528301887
2024,21202,urbana,24,hombre,2,68,2.9411764705882355
2024,21202,urbana,24,mujer,2,53,3.7735849056603774
2024,21202,urbana,25,hombre,5,90,5.555555555555555
2024,21202,urbana,25,mujer,0,59,0.0
2024,21202,urbana,26,hombre,2,77,2.5974025974025974
2024,21202,urbana,26,mujer,3,50,6.0
2024,21202,urbana,27,hombre,5,66,7.575757575757576
2024,21202,urbana,27,mujer,1,64,1.5625
2024,21202,urbana,28,hombre,3,91,3.2967032967032965
2024,21202,urbana,28,mujer,1,64,1.5625
2024,21203,rural,16,hombre,0,24,0.0
2024,21203,rural,16,mujer,0,30,0.0
2024,21203,rural,17,hombre,2,26,7.6923076923076925
2024,21203,rural,17,mujer,0,30,0.0
2024,21203,rural,18,hombre,0,37,0.0
2024,21203,rural,18,mujer,0,33,0.0
2024,21203,rural,19,hombre,2,46,4.3478260869565215
2024,21203,rural,19,mujer,0,42,0.0
2024,21203,rural,20,hombre,0,47,0.0
2024,21203,rural,20,mujer,2,46,4.3478260869565215
2024,21203,rural,21,hombre,0,49,0.0
2024,21203,rural,21,mujer,0,35,0.0
2024,21203,rural,22,hombre,1,69,1.4492753623188406
2024,21203,rural,22,mujer,4,75,5.333333333333333
2024,21203,rural,23,hombre,1,86,1.1627906976744187
2024,21203,rural,23,mujer,0,61,0.0
2024,21203,rural,24,hombre,1,71,1.408450704225352
2024,21203,rural,24,mujer,1,61,1.639344262295082
2024,21203,rural,25,hombre,1,99,1.0101010101010102
2024,21203,rural,25,mujer,1,64,1.5625
2024,21203,rural,26,hombre,0,91,0.0
2024,21203,rural,26,mujer,1,74,1.3513513513513513
2024,21203,rural,27,hombre,1,89,1.1235955056179776
2024,21203,rural,27,mujer,2,89,2.247191011235955
2024,21203,rural,28,hombre,4,104,3.8461538461538463
2024,21203,rural,28,mujer,2,64,3.125
2024,21203,urbana,16,hombre,0,6,0.0
2024,21203,urbana,16,mujer,0,6,0.0
2024,21203,urbana,17,hombre,1,4,25.0
2024,21203,urbana,17,mujer,0,3,0.0
2024,21203,urbana,18,hombre,0,6,0.0
2024,21203,urbana,18,mujer,0,10,0.0
2024,21203,urbana,19,hombre,0,6,0.0
2024,21203,urbana,19,mujer,0,14,0.0
2024,21203,urbana,20,hombre,2,10,20.0
2024,21203,urbana,20,mujer,0,8,0.0
2024,21203,urbana,21,hombre,0,15,0.0
2024,21203,urbana,21,mujer,0,14,0.0
2024,21203,urbana,22,hombre,0,5,0.0
2024,21203,urbana,22,mujer,0,14,0.0
2024,21203,urbana,23,hombre,0,21,0.0
2024,21203,urbana,23,mujer,0,12,0.0
2024,21203,urbana,24,hombre,1,13,7.6923076923076925
2024,21203,urbana,24,mujer,1,21,4.761904761904762
2024,21203,urbana,25,hombre,0,19,0.0
2024,21203,urbana,25,mujer,1,16,6.25
2024,21203,urbana,26,hombre,3,27,11.11111111111111
2024,21203,urbana,26,mujer,0,15,0.0
2024,21203,urbana,27,hombre,0,12,0.0
2024,21203,urbana,27,mujer,0,26,0.0
2024,21203,urbana,28,hombre,0,14,0.0
2024,21203,urbana,28,mujer,0,20,0.0
2024,21204,rural,16,hombre,0,9,0.0
2024,21204,rural,16,mujer,0,7,0.0
2024,21204,rural,17,hombre,0,9,0.0
2024,21204,rural,17,mujer,0,9,0.0
2024,21204,rural,18,hombre,0,8,0.0
2024,21204,rural,18,mujer,0,12,0.0
2024,21204,rural,19,hombre,0,19,0.0
2024,21204,rural,19,mujer,0,19,0.0
2024,21204,rural,20,hombre,0,20,0.0
2024,21204,rural,20,mujer,0,17,0.0
2024,21204,rural,21,hombre,0,23,0.0
2024,21204,rural,21,mujer,0,15,0.0
2024,21204,rural,22,hombre,1,21,4.761904761904762
2024,21204,rural,22,mujer,1,29,3.4482758620689653
2024,21204,rural,23,hombre,1,36,2.7777777777777777
2024,21204,rural,23,mujer,0,21,0.0
2024,21204,rural,24,hombre,0,36,0.0
2024,21204,rural,24,mujer,0,28,0.0
2024,21204,rural,25,hombre,0,34,0.0
2024,21204,rural,25,mujer,1,33,3.0303030303030303
2024,21204,rural,26,hombre,1,36,2.7777777777777777
2024,21204,rural,26,mujer,0,38,0.0
2024,21204,rural,27,hombre,0,43,0.0
2024,21204,rural,27,mujer,0,37,0.0
2024,21204,rural,28,hombre,0,32,0.0
2024,21204,rural,28,mujer,0,22,0.0
2024,21301,rural,16,hombre,0,39,0.0
2024,21301,rural,16,mujer,0,27,0.0
2024,21301,rural,17,hombre,2,48,4.166666666666667
2024,21301,rural,17,mujer,1,34,2.9411764705882355
2024,21301,rural,18,hombre,0,62,0.0
2024,21301,rural,18,mujer,1,50,2.0
2024,21301,rural,19,hombre,3,72,4.166666666666667
2024,21301,rural,19,mujer,3,67,4.477611940298507
2024,21301,rural,20,hombre,0,92,0.0
2024,21301,rural,20,mujer,0,77,0.0
2024,21301,rural,21,hombre,3,126,2.380952380952381
2024,21301,rural,21,mujer,1,88,1.1363636363636365
2024,21301,rural,22,hombre,2,120,1.6666666666666667
2024,21301,rural,22,mujer,0,79,0.0
2024,21301,rural,23,hombre,1,141,0.7092198581560284
2024,21301,rural,23,mujer,2,93,2.150537634408602
2024,21301,rural,24,hombre,2,131,1.5267175572519085
2024,21301,rural,24,mujer,2,105,1.9047619047619047
2024,21301,rural,25,hombre,0,126,0.0
2024,21301,rural,25,mujer,1,100,1.0
2024,21301,rural,26,hombre,2,162,1.2345679012345678
2024,21301,rural,26,mujer,1,114,0.8771929824561403
2024,21301,rural,27,hombre,2,125,1.6
2024,21301,rural,27,mujer,6,97,6.185567010309279
2024,21301,rural,28,hombre,1,133,0.7518796992481203
2024,21301,rural,28,mujer,0,93,0.0
2024,21301,urbana,16,hombre,1,25,4.0
2024,21301,urbana,16,mujer,0,24,0.0
2024,21301,urbana,17,hombre,0,26,0.0
2024,21301,urbana,17,mujer,0,18,0.0
2024,21301,urbana,18,hombre,2,26,7.6923076923076925
2024,21301,urbana,18,mujer,0,30,0.0
2024,21301,urbana,19,hombre,0,42,0.0
2024,21301,urbana,19,mujer,0,33,0.0
2024,21301,urbana,20,hombre,0,48,0.0
2024,21301,urbana,20,mujer,1,45,2.2222222222222223
2024,21301,urbana,21,hombre,1,44,2.272727272727273
2024,21301,urbana,21,mujer,1,50,2.0
2024,21301,urbana,22,hombre,1,69,1.4492753623188406
2024,21301,urbana,22,mujer,0,48,0.0
2024,21301,urbana,23,hombre,0,60,0.0
2024,21301,urbana,23,mujer,0,55,0.0
2024,21301,urbana,24,hombre,1,63,1.5873015873015872
2024,21301,urbana,24,mujer,1,73,1.36986301369863
2024,21301,urbana,25,hombre,0,72,0.0
2024,21301,urbana,25,mujer,2,56,3.5714285714285716
2024,21301,urbana,26,hombre,1,61,1.639344262295082
2024,21301,urbana,26,mujer,2,56,3.5714285714285716
2024,21301,urbana,27,hombre,1,82,1.2195121951219512
2024,21301,urbana,27,mujer,2,64,3.125
2024,21301,urbana,28,hombre,1,70,1.4285714285714286
2024,21301,urbana,28,mujer,0,76,0.0
2024,21302,rural,16,hombre,0,15,0.0
2024,21302,rural,16,mujer,1,16,6.25
2024,21302,rural,17,hombre,0,19,0.0
2024,21302,rural,17,mujer,0,16,0.0
2024,21302,rural,18,hombre,0,18,0.0
2024,21302,rural,18,mujer,0,15,0.0
2024,21302,rural,19,hombre,0,22,0.0
2024,21302,rural,19,mujer,0,22,0.0
2024,21302,rural,20,hombre,0,29,0.0
2024,21302,rural,20,mujer,0,31,0.0
2024,21302,rural,21,hombre,2,28,7.142857142857143
2024,21302,rural,21,mujer,1,27,3.7037037037037037
2024,21302,rural,22,hombre,1,34,2.9411764705882355
2024,21302,rural,22,mujer,0,34,0.0
2024,21302,rural,23,hombre,0,39,0.0
2024,21302,rural,23,mujer,0,28,0.0
2024,21302,rural,24,hombre,0,40,0.0
2024,21302,rural,24,mujer,0,22,0.0
2024,21302,rural,25,hombre,0,34,0.0
2024,21302,rural,25,mujer,0,24,0.0
2024,21302,rural,26,hombre,1,33,3.0303030303030303
2024,21302,rural,26,mujer,0,22,0.0
2024,21302,rural,27,hombre,1,34,2.9411764705882355
2024,21302,rural,27,mujer,1,26,3.8461538461538463
2024,21302,rural,28,hombre,0,31,0.0
2024,21302,rural,28,mujer,0,25,0.0
2024,21303,rural,16,hombre,0,35,0.0
2024,21303,rural,16,mujer,0,26,0.0
2024,21303,rural,17,hombre,0,35,0.0
2024,21303,rural,17,mujer,0,19,0.0
2024,21303,rural,18,hombre,0,31,0.0
2024,21303,rural,18,mujer,1,51,1.9607843137254901
2024,21303,rural,19,hombre,0,57,0.0
2024,21303,rural,19,mujer,0,38,0.0
2024,21303,rural,20,hombre,0,45,0.0
2024,21303,rural,20,mujer,0,40,0.0
2024,21303,rural,21,hombre,2,59,3.389830508474576
2024,21303,rural,21,mujer,0,54,0.0
2024,21303,rural,22,hombre,2,68,2.9411764705882355
2024,21303,rural,22,mujer,1,40,2.5
2024,21303,rural,23,hombre,1,73,1.36986301369863
2024,21303,rural,23,mujer,0,32,0.0
2024,21303,rural,24,hombre,1,63,1.5873015873015872
2024,21303,rural,24,mujer,0,60,0.0
2024,21303,rural,25,hombre,1,66,1.5151515151515151
2024,21303,rural,25,mujer,2,54,3.7037037037037037
2024,21303,rural,26,hombre,0,65,0.0
2024,21303,rural,26,mujer,1,58,1.7241379310344827
2024,21303,rural,27,hombre,2,82,2.4390243902439024
2024,21303,rural,27,mujer,1,45,2.2222222222222223
2024,21303,rural,28,hombre,0,64,0.0
2024,21303,rural,28,mujer,0,41,0.0
2024,21304,rural,16,hombre,0,28,0.0
2024,21304,rural,16,mujer,0,24,0.0
2024,21304,rural,17,hombre,0,39,0.0
2024,21304,rural,17,mujer,0,28,0.0
2024,21304,rural,18,hombre,0,31,0.0
2024,21304,rural,18,mujer,1,42,2.380952380952381
2024,21304,rural,19,hombre,0,56,0.0
2024,21304,rural,19,mujer,0,38,0.0
2024,21304,rural,20,hombre,3,81,3.7037037037037037
2024,21304,rural,20,mujer,0,52,0.0
2024,21304,rural,21,hombre,1,76,1.3157894736842106
2024,21304,rural,21,mujer,1,56,1.7857142857142858
2024,21304,rural,22,hombre,2,73,2.73972602739726
2024,21304,rural,22,mujer,0,48,0.0
2024,21304,rural,23,hombre,2,87,2.2988505747126435
2024,21304,rural,23,mujer,1,54,1.8518518518518519
2024,21304,rural,24,hombre,0,71,0.0
2024,21304,rural,24,mujer,0,59,0.0
2024,21304,rural,25,hombre,2,77,2.5974025974025974
2024,21304,rural,25,mujer,0,57,0.0
2024,21304,rural,26,hombre,0,74,0.0
2024,21304,rural,26,mujer,1,69,1.4492753623188406
2024,21304,rural,27,hombre,0,83,0.0
2024,21304,rural,27,mujer,2,52,3.8461538461538463
2024,21304,rural,28,hombre,0,87,0.0
2024,21304,rural,28,mujer,0,59,0.0
2024,21305,rural,16,hombre,0,44,0.0
2024,21305,rural,16,mujer,0,23,0.0
2024,21305,rural,17,hombre,0,42,0.0
2024,21305,rural,17,mujer,1,33,3.0303030303030303
2024,21305,rural,18,hombre,0,28,0.0
2024,21305,rural,18,mujer,2,39,5.128205128205129
2024,21305,rural,19,hombre,1,28,3.5714285714285716
2024,21305,rural,19,mujer,1,43,2.3255813953488373
2024,21305,rural,20,hombre,0,56,0.0
2024,21305,rural,20,mujer,0,51,0.0
2024,21305,rural,21,hombre,2,56,3.5714285714285716
2024,21305,rural,21,mujer,0,44,0.0
2024,21305,rural,22,hombre,0,57,0.0
2024,21305,rural,22,mujer,0,48,0.0
2024,21305,rural,23,hombre,1,62,1.6129032258064515
2024,21305,rural,23,mujer,1,45,2.2222222222222223
2024,21305,rural,24,hombre,1,64,1.5625
2024,21305,rural,24,mujer,0,62,0.0
2024,21305,rural,25,hombre,1,64,1.5625
2024,21305,rural,25,mujer,0,47,0.0
2024,21305,rural,26,hombre,0,52,0.0
2024,21305,rural,26,mujer,0,50,0.0
2024,21305,rural,27,hombre,1,66,1.5151515151515151
2024,21305,rural,27,mujer,0,52,0.0
2024,21305,rural,28,hombre,1,50,2.0
2024,21305,rural,28,mujer,2,47,4.25531914893617
2024,21305,urbana,16,hombre,0,35,0.0
2024,21305,urbana,16,mujer,1,41,2.4390243902439024
2024,21305,urbana,17,hombre,0,45,0.0
2024,21305,urbana,17,mujer,0,37,0.0
2024,21305,urbana,18,hombre,1,40,2.5
2024,21305,urbana,18,mujer,0,55,0.0
2024,21305,urbana,19,hombre,0,65,0.0
2024,21305,urbana,19,mujer,1,63,1.5873015873015872
2024,21305,urbana,20,hombre,1,71,1.408450704225352
2024,21305,urbana,20,mujer,0,79,0.0
2024,21305,urbana,21,hombre,1,82,1.2195121951219512
2024,21305,urbana,21,mujer,3,60,5.0
2024,21305,urbana,22,hombre,1,80,1.25
2024,21305,urbana,22,mujer,4,76,5.2631578947368425
2024,21305,urbana,23,hombre,2,92,2.1739130434782608
2024,21305,urbana,23,mujer,2,82,2.4390243902439024
2024,21305,urbana,24,hombre,3,113,2.6548672566371683
2024,21305,urbana,24,mujer,0,92,0.0
2024,21305,urbana,25,hombre,1,90,1.1111111111111112
2024,21305,urbana,25,mujer,1,68,1.4705882352941178
2024,21305,urbana,26,hombre,1,104,0.9615384615384616
2024,21305,urbana,26,mujer,0,87,0.0
2024,21305,urbana,27,hombre,2,85,2.3529411764705883
2024,21305,urbana,27,mujer,1,108,0.9259259259259259
2024,21305,urbana,28,hombre,1,101,0.9900990099009901
2024,21305,urbana,28,mujer,1,79,1.2658227848101267
2024,21306,rural,16,hombre,0,8,0.0
2024,21306,rural,16,mujer,0,4,0.0
2024,21306,rural,17,hombre,0,4,0.0
2024,21306,rural,17,mujer,0,12,0.0
2024,21306,rural,18,hombre,0,17,0.0
2024,21306,rural,18,mujer,0,7,0.0
2024,21306,rural,19,hombre,0,7,0.0
2024,21306,rural,19,mujer,1,8,12.5
2024,21306,rural,20,hombre,1,17,5.882352941176471
2024,21306,rural,20,mujer,0,16,0.0
2024,21306,rural,21,hombre,0,24,0.0
2024,21306,rural,21,mujer,0,23,0.0
2024,21306,rural,22,hombre,1,21,4.761904761904762
2024,21306,rural,22,mujer,0,17,0.0
2024,21306,rural,23,hombre,0,26,0.0
2024,21306,rural,23,mujer,1,23,4.3478260869565215
2024,21306,rural,24,hombre,0,17,0.0
2024,21306,rural,24,mujer,0,14,0.0
2024,21306,rural,25,hombre,0,32,0.0
2024,21306,rural,25,mujer,1,19,5.2631578947368425
2024,21306,rural,26,hombre,0,16,0.0
2024,21306,rural,26,mujer,0,23,0.0
2024,21306,rural,27,hombre,0,19,0.0
2024,21306,rural,27,mujer,0,21,0.0
2024,21306,rural,28,hombre,1,18,5.555555555555555
2024,21306,rural,28,mujer,0,26,0.0
2024,21306,urbana,16,hombre,0,6,0.0
2024,21306,urbana,16,mujer,0,6,0.0
2024,21306,urbana,17,hombre,0,6,0.0
2024,21306,urbana,17,mujer,0,7,0.0
2024,21306,urbana,18,hombre,0,9,0.0
2024,21306,urbana,18,mujer,0,12,0.0
2024,21306,urbana,19,hombre,0,12,0.0
2024,21306,urbana,19,mujer,0,19,0.0
2024,21306,urbana,20,hombre,0,25,0.0
2024,21306,urbana,20,mujer,0,19,0.0
2024,21306,urbana,21,hombre,1,28,3.5714285714285716
2024,21306,urbana,21,mujer,0,22,0.0
2024,21306,urbana,22,hombre,0,25,0.0
2024,21306,urbana,22,mujer,2,33,6.0606060606060606
2024,21306,urbana,23,hombre,2,44,4.545454545454546
2024,21306,urbana,23,mujer,1,28,3.5714285714285716
2024,21306,urbana,24,hombre,1,48,2.0833333333333335
2024,21306,urbana,24,mujer,2,27,7.407407407407407
2024,21306,urbana,25,hombre,0,54,0.0
2024,21306,urbana,25,mujer,0,35,0.0
2024,21306,urbana,26,hombre,1,43,2.3255813953488373
2024,21306,urbana,26,mujer,0,26,0.0
2024,21306,urbana,27,hombre,0,44,0.0
2024,21306,urbana,27,mujer,3,32,9.375
2024,21306,urbana,28,hombre,1,62,1.6129032258064515
2024,21306,urbana,28,mujer,0,33,0.0
2024,21307,rural,16,hombre,0,3,0.0
2024,21307,rural,17,mujer,0,1,0.0
2024,21307,rural,18,hombre,0,2,0.0
2024,21307,rural,18,mujer,0,2,0.0
2024,21307,rural,19,hombre,0,7,0.0
2024,21307,rural,19,mujer,0,2,0.0
2024,21307,rural,20,hombre,1,6,16.666666666666668
2024,21307,rural,20,mujer,0,5,0.0
2024,21307,rural,21,hombre,0,9,0.0
2024,21307,rural,21,mujer,0,4,0.0
2024,21307,rural,22,hombre,0,4,0.0
2024,21307,rural,22,mujer,0,3,0.0
2024,21307,rural,23,hombre,0,12,0.0
2024,21307,rural,23,mujer,0,8,0.0
2024,21307,rural,24,hombre,0,11,0.0
2024,21307,rural,24,mujer,0,7,0.0
2024,21307,rural,25,hombre,0,13,0.0
2024,21307,rural,25,mujer,0,6,0.0
2024,21307,rural,26,hombre,0,10,0.0
2024,21307,rural,26,mujer,0,6,0.0
2024,21307,rural,27,hombre,1,11,9.090909090909092
2024,21307,rural,27,mujer,0,6,0.0
2024,21307,rural,28,hombre,0,10,0.0
2024,21307,rural,28,mujer,0,8,0.0
2024,21307,urbana,16,hombre,0,3,0.0
2024,21307,urbana,16,mujer,0,1,0.0
2024,21307,urbana,17,hombre,0,3,0.0
2024,21307,urbana,17,mujer,0,2,0.0
2024,21307,urbana,18,hombre,0,6,0.0
2024,21307,urbana,18,mujer,0,4,0.0
2024,21307,urbana,19,hombre,0,6,0.0
2024,21307,urbana,19,mujer,1,8,12.5
2024,21307,urbana,20,hombre,0,10,0.0
2024,21307,urbana,20,mujer,0,10,0.0
2024,21307,urbana,21,hombre,0,13,0.0
2024,21307,urbana,21,mujer,0,8,0.0
2024,21307,urbana,22,hombre,0,14,0.0
2024,21307,urbana,22,mujer,1,12,8.333333333333334
2024,21307,urbana,23,hombre,0,16,0.0
2024,21307,urbana,23,mujer,0,16,0.0
2024,21307,urbana,24,hombre,3,17,17.647058823529413
2024,21307,urbana,24,mujer,0,11,0.0
2024,21307,urbana,25,hombre,0,17,0.0
2024,21307,urbana,25,mujer,0,15,0.0
2024,21307,urbana,26,hombre,0,20,0.0
2024,21307,urbana,26,mujer,0,12,0.0
2024,21307,urbana,27,hombre,0,24,0.0
2024,21307,urbana,27,mujer,0,15,0.0
2024,21307,urbana,28,hombre,0,14,0.0
2024,21307,urbana,28,mujer,0,17,0.0
2024,21401,rural,16,hombre,0,72,0.0
2024,21401,rural,16,mujer,0,66,0.0
2024,21401,rural,17,hombre,0,83,0.0
2024,21401,rural,17,mujer,0,64,0.0
2024,21401,rural,18,hombre,1,123,0.8130081300813008
2024,21401,rural,18,mujer,0,110,0.0
2024,21401,rural,19,hombre,0,103,0.0
2024,21401,rural,19,mujer,3,105,2.857142857142857
2024,21401,rural,20,hombre,3,145,2.0689655172413794
2024,21401,rural,20,mujer,0,102,0.0
2024,21401,rural,21,hombre,2,139,1.4388489208633093
2024,21401,rural,21,mujer,2,107,1.8691588785046729
2024,21401,rural,22,hombre,5,166,3.0120481927710845
2024,21401,rural,22,mujer,0,132,0.0
2024,21401,rural,23,hombre,2,189,1.0582010582010581
2024,21401,rural,23,mujer,2,149,1.342281879194631
2024,21401,rural,24,hombre,3,180,1.6666666666666667
2024,21401,rural,24,mujer,1,169,0.591715976331361
2024,21401,rural,25,hombre,3,194,1.5463917525773196
2024,21401,rural,25,mujer,3,166,1.8072289156626506
2024,21401,rural,26,hombre,1,151,0.6622516556291391
2024,21401,rural,26,mujer,0,140,0.0
2024,21401,rural,27,hombre,3,174,1.7241379310344827
2024,21401,rural,27,mujer,0,137,0.0
2024,21401,rural,28,hombre,3,169,1.7751479289940828
2024,21401,rural,28,mujer,3,134,2.2388059701492535
2024,21401,urbana,16,hombre,0,7,0.0
2024,21401,urbana,16,mujer,0,4,0.0
2024,21401,urbana,17,hombre,0,7,0.0
2024,21401,urbana,17,mujer,1,5,20.0
2024,21401,urbana,18,hombre,0,7,0.0
2024,21401,urbana,18,mujer,0,14,0.0
2024,21401,urbana,19,hombre,0,11,0.0
2024,21401,urbana,19,mujer,0,7,0.0
2024,21401,urbana,20,hombre,0,9,0.0
2024,21401,urbana,20,mujer,0,18,0.0
2024,21401,urbana,21,hombre,0,9,0.0
2024,21401,urbana,21,mujer,0,10,0.0
2024,21401,urbana,22,hombre,0,11,0.0
2024,21401,urbana,22,mujer,0,10,0.0
2024,21401,urbana,23,hombre,1,17,5.882352941176471
2024,21401,urbana,23,mujer,0,11,0.0
2024,21401,urbana,24,hombre,1,12,8.333333333333334
2024,21401,urbana,24,mujer,0,19,0.0
2024,21401,urbana,25,hombre,0,12,0.0
2024,21401,urbana,25,mujer,2,27,7.407407407407407
2024,21401,urbana,26,hombre,0,24,0.0
2024,21401,urbana,26,mujer,0,15,0.0
2024,21401,urbana,27,hombre,0,12,0.0
2024,21401,urbana,27,mujer,0,16,0.0
2024,21401,urbana,28,hombre,0,13,0.0
2024,21401,urbana,28,mujer,0,14,0.0
2024,21402,rural,16,hombre,0,65,0.0
2024,21402,rural,16,mujer,0,46,0.0
2024,21402,rural,17,hombre,1,68,1.4705882352941178
2024,21402,rural,17,mujer,1,63,1.5873015873015872
2024,21402,rural,18,hombre,0,76,0.0
2024,21402,rural,18,mujer,0,84,0.0
2024,21402,rural,19,hombre,0,100,0.0
2024,21402,rural,19,mujer,1,73,1.36986301369863
2024,21402,rural,20,hombre,2,117,1.7094017094017093
2024,21402,rural,20,mujer,1,94,1.0638297872340425
2024,21402,rural,21,hombre,3,128,2.34375
2024,21402,rural,21,mujer,2,89,2.247191011235955
2024,21402,rural,22,hombre,1,135,0.7407407407407407
2024,21402,rural,22,mujer,0,81,0.0
2024,21402,rural,23,hombre,0,132,0.0
2024,21402,rural,23,mujer,1,135,0.7407407407407407
2024,21402,rural,24,hombre,1,168,0.5952380952380952
2024,21402,rural,24,mujer,0,134,0.0
2024,21402,rural,25,hombre,0,148,0.0
2024,21402,rural,25,mujer,1,147,0.6802721088435374
2024,21402,rural,26,hombre,3,145,2.0689655172413794
2024,21402,rural,26,mujer,2,149,1.342281879194631
2024,21402,rural,27,hombre,3,137,2.18978102189781
2024,21402,rural,27,mujer,2,152,1.3157894736842106
2024,21402,rural,28,hombre,3,144,2.0833333333333335
2024,21402,rural,28,mujer,1,146,0.684931506849315
2024,21402,urbana,16,hombre,0,7,0.0
2024,21402,urbana,16,mujer,0,10,0.0
2024,21402,urbana,17,hombre,0,14,0.0
2024,21402,urbana,17,mujer,0,7,0.0
2024,21402,urbana,18,hombre,0,13,0.0
2024,21402,urbana,18,mujer,0,11,0.0
2024,21402,urbana,19,hombre,0,13,0.0
2024,21402,urbana,19,mujer,0,7,0.0
2024,21402,urbana,20,hombre,0,24,0.0
2024,21402,urbana,20,mujer,0,11,0.0
2024,21402,urbana,21,hombre,0,13,0.0
2024,21402,urbana,21,mujer,1,9,11.11111111111111
2024,21402,urbana,22,hombre,0,8,0.0
2024,21402,urbana,22,mujer,0,15,0.0
2024,21402,urbana,23,hombre,0,14,0.0
2024,21402,urbana,23,mujer,0,20,0.0
2024,21402,urbana,24,hombre,0,20,0.0
2024,21402,urbana,24,mujer,0,17,0.0
2024,21402,urbana,25,hombre,0,14,0.0
2024,21402,urbana,25,mujer,0,11,0.0
2024,21402,urbana,26,hombre,0,17,0.0
2024,21402,urbana,26,mujer,0,15,0.0
2024,21402,urbana,27,hombre,0,15,0.0
2024,21402,urbana,27,mujer,0,18,0.0
2024,21402,urbana,28,hombre,0,21,0.0
2024,21402,urbana,28,mujer,0,18,0.0
2024,21501,rural,16,hombre,0,28,0.0
2024,21501,rural,16,mujer,0,11,0.0
2024,21501,rural,17,hombre,0,33,0.0
2024,21501,rural,17,mujer,0,9,0.0
2024,21501,rural,18,hombre,0,33,0.0
2024,21501,rural,18,mujer,0,13,0.0
2024,21501,rural,19,hombre,0,36,0.0
2024,21501,rural,19,mujer,0,19,0.0
2024,21501,rural,20,hombre,0,47,0.0
2024,21501,rural,20,mujer,0,22,0.0
2024,21501,rural,21,hombre,1,53,1.8867924528301887
2024,21501,rural,21,mujer,0,18,0.0
2024,21501,rural,22,hombre,0,52,0.0
2024,21501,rural,22,mujer,1,18,5.555555555555555
2024,21501,rural,23,hombre,0,56,0.0
2024,21501,rural,23,mujer,0,25,0.0
2024,21501,rural,24,hombre,0,67,0.0
2024,21501,rural,24,mujer,1,29,3.4482758620689653
2024,21501,rural,25,hombre,2,53,3.7735849056603774
2024,21501,rural,25,mujer,0,22,0.0
2024,21501,rural,26,hombre,0,51,0.0
2024,21501,rural,26,mujer,0,22,0.0
2024,21501,rural,27,hombre,0,59,0.0
2024,21501,rural,27,mujer,0,22,0.0
2024,21501,rural,28,hombre,0,55,0.0
2024,21501,rural,28,mujer,0,22,0.0
2024,21501,urbana,16,hombre,0,19,0.0
2024,21501,urbana,16,mujer,0,5,0.0
2024,21501,urbana,17,hombre,0,16,0.0
2024,21501,urbana,17,mujer,0,12,0.0
2024,21501,urbana,18,hombre,0,24,0.0
2024,21501,urbana,18,mujer,1,8,12.5
2024,21501,urbana,19,hombre,0,11,0.0
2024,21501,urbana,19,mujer,1,7,14.285714285714286
2024,21501,urbana,20,hombre,1,20,5.0
2024,21501,urbana,20,mujer,0,8,0.0
2024,21501,urbana,21,hombre,1,27,3.7037037037037037
2024,21501,urbana,21,mujer,1,12,8.333333333333334
2024,21501,urbana,22,hombre,0,24,0.0
2024,21501,urbana,22,mujer,1,12,8.333333333333334
2024,21501,urbana,23,hombre,3,33,9.090909090909092
2024,21501,urbana,23,mujer,1,15,6.666666666666667
2024,21501,urbana,24,hombre,0,36,0.0
2024,21501,urbana,24,mujer,0,17,0.0
2024,21501,urbana,25,hombre,0,32,0.0
2024,21501,urbana,25,mujer,0,12,0.0
2024,21501,urbana,26,hombre,2,28,7.142857142857143
2024,21501,urbana,26,mujer,1,20,5.0
2024,21501,urbana,27,hombre,0,36,0.0
2024,21501,urbana,27,mujer,0,21,0.0
2024,21501,urbana,28,hombre,0,34,0.0
2024,21501,urbana,28,mujer,0,20,0.0
2024,21502,rural,16,hombre,0,18,0.0
2024,21502,rural,16,mujer,0,11,0.0
2024,21502,rural,17,hombre,0,18,0.0
2024,21502,rural,17,mujer,0,6,0.0
2024,21502,rural,18,hombre,0,8,0.0
2024,21502,rural,18,mujer,0,12,0.0
2024,21502,rural,19,hombre,0,15,0.0
2024,21502,rural,19,mujer,0,17,0.0
2024,21502,rural,20,hombre,0,21,0.0
2024,21502,rural,20,mujer,0,11,0.0
2024,21502,rural,21,hombre,0,24,0.0
2024,21502,rural,21,mujer,0,10,0.0
2024,21502,rural,22,hombre,0,24,0.0
2024,21502,rural,22,mujer,0,16,0.0
2024,21502,rural,23,hombre,0,30,0.0
2024,21502,rural,23,mujer,0,16,0.0
2024,21502,rural,24,hombre,2,43,4.651162790697675
2024,21502,rural,24,mujer,0,18,0.0
2024,21502,rural,25,hombre,2,43,4.651162790697675
2024,21502,rural,25,mujer,0,18,0.0
2024,21502,rural,26,hombre,0,29,0.0
2024,21502,rural,26,mujer,1,17,5.882352941176471
2024,21502,rural,27,hombre,1,35,2.857142857142857
2024,21502,rural,27,mujer,0,16,0.0
2024,21502,rural,28,hombre,2,29,6.896551724137931
2024,21502,rural,28,mujer,0,26,0.0
2024,21502,urbana,16,hombre,0,11,0.0
2024,21502,urbana,16,mujer,0,12,0.0
2024,21502,urbana,17,hombre,0,9,0.0
2024,21502,urbana,17,mujer,0,8,0.0
2024,21502,urbana,18,hombre,0,13,0.0
2024,21502,urbana,18,mujer,0,12,0.0
2024,21502,urbana,19,hombre,0,11,0.0
2024,21502,urbana,19,mujer,1,13,7.6923076923076925
2024,21502,urbana,20,hombre,1,18,5.555555555555555
2024,21502,urbana,20,mujer,0,21,0.0
2024,21502,urbana,21,hombre,0,16,0.0
2024,21502,urbana,21,mujer,0,12,0.0
2024,21502,urbana,22,hombre,1,14,7.142857142857143
2024,21502,urbana,22,mujer,0,15,0.0
2024,21502,urbana,23,hombre,1,26,3.8461538461538463
2024,21502,urbana,23,mujer,1,19,5.2631578947368425
2024,21502,urbana,24,hombre,0,19,0.0
2024,21502,urbana,24,mujer,1,19,5.2631578947368425
2024,21502,urbana,25,hombre,1,17,5.882352941176471
2024,21502,urbana,25,mujer,1,17,5.882352941176471
2024,21502,urbana,26,hombre,0,25,0.0
2024,21502,urbana,26,mujer,1,22,4.545454545454546
2024,21502,urbana,27,hombre,0,25,0.0
2024,21502,urbana,27,mujer,0,13,0.0
2024,21502,urbana,28,hombre,1,27,3.7037037037037037
2024,21502,urbana,28,mujer,1,22,4.545454545454546
2024,21601,rural,16,hombre,0,20,0.0
2024,21601,rural,16,mujer,0,20,0.0
2024,21601,rural,17,hombre,0,24,0.0
2024,21601,rural,17,mujer,1,27,3.7037037037037037
2024,21601,rural,18,hombre,1,39,2.5641025641025643
2024,21601,rural,18,mujer,1,38,2.6315789473684212
2024,21601,rural,19,hombre,0,40,0.0
2024,21601,rural,19,mujer,2,40,5.0
2024,21601,rural,20,hombre,1,60,1.6666666666666667
2024,21601,rural,20,mujer,0,59,0.0
2024,21601,rural,21,hombre,1,56,1.7857142857142858
2024,21601,rural,21,mujer,1,43,2.3255813953488373
2024,21601,rural,22,hombre,1,56,1.7857142857142858
2024,21601,rural,22,mujer,0,55,0.0
2024,21601,rural,23,hombre,1,77,1.2987012987012987
2024,21601,rural,23,mujer,0,67,0.0
2024,21601,rural,24,hombre,1,93,1.075268817204301
2024,21601,rural,24,mujer,0,60,0.0
2024,21601,rural,25,hombre,2,72,2.7777777777777777
2024,21601,rural,25,mujer,0,53,0.0
2024,21601,rural,26,hombre,0,87,0.0
2024,21601,rural,26,mujer,0,65,0.0
2024,21601,rural,27,hombre,0,83,0.0
2024,21601,rural,27,mujer,0,61,0.0
2024,21601,rural,28,hombre,1,72,1.3888888888888888
2024,21601,rural,28,mujer,0,58,0.0
2024,21601,urbana,16,hombre,0,6,0.0
2024,21601,urbana,16,mujer,0,4,0.0
2024,21601,urbana,17,hombre,0,5,0.0
2024,21601,urbana,17,mujer,0,2,0.0
2024,21601,urbana,18,hombre,0,13,0.0
2024,21601,urbana,18,mujer,0,11,0.0
2024,21601,urbana,19,hombre,1,10,10.0
2024,21601,urbana,19,mujer,0,10,0.0
2024,21601,urbana,20,hombre,0,6,0.0
2024,21601,urbana,20,mujer,0,11,0.0
2024,21601,urbana,21,hombre,0,5,0.0
2024,21601,urbana,21,mujer,0,2,0.0
2024,21601,urbana,22,hombre,0,9,0.0
2024,21601,urbana,22,mujer,0,15,0.0
2024,21601,urbana,23,hombre,0,6,0.0
2024,21601,urbana,23,mujer,0,8,0.0
2024,21601,urbana,24,hombre,0,14,0.0
2024,21601,urbana,24,mujer,0,10,0.0
2024,21601,urbana,25,hombre,0,11,0.0
2024,21601,urbana,25,mujer,1,7,14.285714285714286
2024,21601,urbana,26,hombre,0,14,0.0
2024,21601,urbana,26,mujer,0,14,0.0
2024,21601,urbana,27,hombre,0,12,0.0
2024,21601,urbana,27,mujer,0,14,0.0
2024,21601,urbana,28,hombre,0,10,0.0
2024,21601,urbana,28,mujer,0,8,0.0
2024,21602,rural,16,hombre,0,11,0.0
2024,21602,rural,16,mujer,0,1,0.0
2024,21602,rural,17,hombre,0,11,0.0
2024,21602,rural,17,mujer,0,8,0.0
2024,21602,rural,18,hombre,0,18,0.0
2024,21602,rural,18,mujer,0,16,0.0
2024,21602,rural,19,hombre,0,31,0.0
2024,21602,rural,19,mujer,0,15,0.0
2024,21602,rural,20,hombre,0,34,0.0
2024,21602,rural,20,mujer,0,18,0.0
2024,21602,rural,21,hombre,1,38,2.6315789473684212
2024,21602,rural,21,mujer,2,22,9.090909090909092
2024,21602,rural,22,hombre,0,42,0.0
2024,21602,rural,22,mujer,0,23,0.0
2024,21602,rural,23,hombre,1,37,2.7027027027027026
2024,21602,rural,23,mujer,0,20,0.0
2024,21602,rural,24,hombre,1,39,2.5641025641025643
2024,21602,rural,24,mujer,0,20,0.0
2024,21602,rural,25,hombre,2,48,4.166666666666667
2024,21602,rural,25,mujer,0,23,0.0
2024,21602,rural,26,hombre,0,35,0.0
2024,21602,rural,26,mujer,0,15,0.0
2024,21602,rural,27,hombre,1,29,3.4482758620689653
2024,21602,rural,27,mujer,0,12,0.0
2024,21602,rural,28,hombre,1,36,2.7777777777777777
2024,21602,rural,28,mujer,0,25,0.0
2024,21701,rural,16,hombre,0,18,0.0
2024,21701,rural,16,mujer,0,9,0.0
2024,21701,rural,17,hombre,0,9,0.0
2024,21701,rural,17,mujer,0,17,0.0
2024,21701,rural,18,hombre,0,14,0.0
2024,21701,rural,18,mujer,0,23,0.0
2024,21701,rural,19,hombre,0,31,0.0
2024,21701,rural,19,mujer,0,20,0.0
2024,21701,rural,20,hombre,0,36,0.0
2024,21701,rural,20,mujer,0,30,0.0
2024,21701,rural,21,hombre,1,41,2.4390243902439024
2024,21701,rural,21,mujer,0,18,0.0
2024,21701,rural,22,hombre,0,28,0.0
2024,21701,rural,22,mujer,1,30,3.3333333333333335
2024,21701,rural,23,hombre,2,49,4.081632653061225
2024,21701,rural,23,mujer,0,43,0.0
2024,21701,rural,24,hombre,1,39,2.5641025641025643
2024,21701,rural,24,mujer,0,35,0.0
2024,21701,rural,25,hombre,0,47,0.0
2024,21701,rural,25,mujer,0,35,0.0
2024,21701,rural,26,hombre,2,37,5.405405405405405
2024,21701,rural,26,mujer,0,42,0.0
2024,21701,rural,27,hombre,1,52,1.9230769230769231
2024,21701,rural,27,mujer,1,36,2.7777777777777777
2024,21701,rural,28,hombre,1,43,2.3255813953488373
2024,21701,rural,28,mujer,1,28,3.5714285714285716
2024,21701,urbana,16,hombre,0,9,0.0
2024,21701,urbana,16,mujer,0,10,0.0
2024,21701,urbana,17,hombre,0,18,0.0
2024,21701,urbana,17,mujer,0,18,0.0
2024,21701,urbana,18,hombre,0,21,0.0
2024,21701,urbana,18,mujer,0,18,0.0
2024,21701,urbana,19,hombre,1,22,4.545454545454546
2024,21701,urbana,19,mujer,1,19,5.2631578947368425
2024,21701,urbana,20,hombre,1,24,4.166666666666667
2024,21701,urbana,20,mujer,0,18,0.0
2024,21701,urbana,21,hombre,0,23,0.0
2024,21701,urbana,21,mujer,1,22,4.545454545454546
2024,21701,urbana,22,hombre,0,21,0.0
2024,21701,urbana,22,mujer,0,24,0.0
2024,21701,urbana,23,hombre,3,29,10.344827586206897
2024,21701,urbana,23,mujer,1,24,4.166666666666667
2024,21701,urbana,24,hombre,0,27,0.0
2024,21701,urbana,24,mujer,2,28,7.142857142857143
2024,21701,urbana,25,hombre,1,28,3.5714285714285716
2024,21701,urbana,25,mujer,1,28,3.5714285714285716
2024,21701,urbana,26,hombre,2,35,5.714285714285714
2024,21701,urbana,26,mujer,1,25,4.0
2024,21701,urbana,27,hombre,0,47,0.0
2024,21701,urbana,27,mujer,2,32,6.25
2024,21701,urbana,28,hombre,0,36,0.0
2024,21701,urbana,28,mujer,0,28,0.0
2024,21702,rural,16,hombre,0,9,0.0
2024,21702,rural,16,mujer,0,11,0.0
2024,21702,rural,17,hombre,0,8,0.0
2024,21702,rural,17,mujer,0,9,0.0
2024,21702,rural,18,hombre,0,23,0.0
2024,21702,rural,18,mujer,0,16,0.0
2024,21702,rural,19,hombre,0,19,0.0
2024,21702,rural,19,mujer,1,19,5.2631578947368425
2024,21702,rural,20,hombre,1,30,3.3333333333333335
2024,21702,rural,20,mujer,0,17,0.0
2024,21702,rural,21,hombre,0,25,0.0
2024,21702,rural,21,mujer,0,20,0.0
2024,21702,rural,22,hombre,0,28,0.0
2024,21702,rural,22,mujer,0,20,0.0
2024,21702,rural,23,hombre,1,39,2.5641025641025643
2024,21702,rural,23,mujer,0,37,0.0
2024,21702,rural,24,hombre,0,32,0.0
2024,21702,rural,24,mujer,0,24,0.0
2024,21702,rural,25,hombre,0,42,0.0
2024,21702,rural,25,mujer,2,24,8.333333333333334
2024,21702,rural,26,hombre,3,49,6.122448979591836
2024,21702,rural,26,mujer,1,15,6.666666666666667
2024,21702,rural,27,hombre,1,36,2.7777777777777777
2024,21702,rural,27,mujer,0,34,0.0
2024,21702,rural,28,hombre,1,33,3.0303030303030303
2024,21702,rural,28,mujer,0,32,0.0
2024,21703,rural,16,hombre,0,4,0.0
2024,21703,rural,16,mujer,0,3,0.0
2024,21703,rural,17,hombre,0,5,0.0
2024,21703,rural,17,mujer,0,7,0.0
2024,21703,rural,18,hombre,0,9,0.0
2024,21703,rural,18,mujer,0,3,0.0
2024,21703,rural,19,hombre,0,7,0.0
2024,21703,rural,19,mujer,0,6,0.0
2024,21703,rural,20,hombre,0,14,0.0
2024,21703,rural,20,mujer,0,11,0.0
2024,21703,rural,21,hombre,1,19,5.2631578947368425
2024,21703,rural,21,mujer,0,8,0.0
2024,21703,rural,22,hombre,0,16,0.0
2024,21703,rural,22,mujer,0,9,0.0
2024,21703,rural,23,hombre,0,23,0.0
2024,21703,rural,23,mujer,0,9,0.0
2024,21703,rural,24,hombre,0,14,0.0
2024,21703,rural,24,mujer,0,14,0.0
2024,21703,rural,25,hombre,0,18,0.0
2024,21703,rural,25,mujer,0,11,0.0
2024,21703,rural,26,hombre,0,22,0.0
2024,21703,rural,26,mujer,0,15,0.0
2024,21703,rural,27,hombre,1,28,3.5714285714285716
2024,21703,rural,27,mujer,0,12,0.0
2024,21703,rural,28,hombre,0,25,0.0
2024,21703,rural,28,mujer,0,21,0.0
2024,21703,urbana,16,hombre,0,4,0.0
2024,21703,urbana,16,mujer,0,2,0.0
2024,21703,urbana,17,hombre,0,4,0.0
2024,21703,urbana,17,mujer,0,1,0.0
2024,21703,urbana,18,hombre,0,6,0.0
2024,21703,urbana,18,mujer,0,6,0.0
2024,21703,urbana,19,hombre,0,7,0.0
2024,21703,urbana,19,mujer,0,5,0.0
2024,21703,urbana,20,hombre,0,7,0.0
2024,21703,urbana,20,mujer,0,8,0.0
2024,21703,urbana,21,hombre,0,10,0.0
2024,21703,urbana,21,mujer,0,7,0.0
2024,21703,urbana,22,hombre,0,13,0.0
2024,21703,urbana,22,mujer,0,5,0.0
2024,21703,urbana,23,hombre,0,17,0.0
2024,21703,urbana,23,mujer,0,11,0.0
2024,21703,urbana,24,hombre,0,14,0.0
2024,21703,urbana,24,mujer,0,14,0.0
2024,21703,urbana,25,hombre,0,21,0.0
2024,21703,urbana,25,mujer,0,9,0.0
2024,21703,urbana,26,hombre,0,17,0.0
2024,21703,urbana,26,mujer,1,11,9.090909090909092
2024,21703,urbana,27,hombre,0,18,0.0
2024,21703,urbana,27,mujer,0,11,0.0
2024,21703,urbana,28,hombre,1,23,4.3478260869565215
2024,21703,urbana,28,mujer,0,15,0.0
2024,21801,rural,16,hombre,0,14,0.0
2024,21801,rural,16,mujer,0,15,0.0
2024,21801,rural,17,hombre,0,18,0.0
2024,21801,rural,17,mujer,0,15,0.0
2024,21801,rural,18,hombre,0,15,0.0
2024,21801,rural,18,mujer,0,17,0.0
2024,21801,rural,19,hombre,1,34,2.9411764705882355
2024,21801,rural,19,mujer,0,21,0.0
2024,21801,rural,20,hombre,0,24,0.0
2024,21801,rural,20,mujer,0,23,0.0
2024,21801,rural,21,hombre,0,35,0.0
2024,21801,rural,21,mujer,0,27,0.0
2024,21801,rural,22,hombre,0,35,0.0
2024,21801,rural,22,mujer,0,35,0.0
2024,21801,rural,23,hombre,1,50,2.0
2024,21801,rural,23,mujer,1,37,2.7027027027027026
2024,21801,rural,24,hombre,0,56,0.0
2024,21801,rural,24,mujer,0,37,0.0
2024,21801,rural,25,hombre,1,45,2.2222222222222223
2024,21801,rural,25,mujer,0,44,0.0
2024,21801,rural,26,hombre,0,46,0.0
2024,21801,rural,26,mujer,0,33,0.0
2024,21801,rural,27,hombre,0,54,0.0
2024,21801,rural,27,mujer,0,40,0.0
2024,21801,rural,28,hombre,0,49,0.0
2024,21801,rural,28,mujer,0,30,0.0
2024,21802,rural,16,hombre,0,10,0.0
2024,21802,rural,16,mujer,0,14,0.0
2024,21802,rural,17,hombre,0,8,0.0
2024,21802,rural,17,mujer,1,15,6.666666666666667
2024,21802,rural,18,hombre,0,12,0.0
2024,21802,rural,18,mujer,0,7,0.0
2024,21802,rural,19,hombre,1,21,4.761904761904762
2024,21802,rural,19,mujer,1,10,10.0
2024,21802,rural,20,hombre,0,19,0.0
2024,21802,rural,20,mujer,0,18,0.0
2024,21802,rural,21,hombre,0,22,0.0
2024,21802,rural,21,mujer,0,24,0.0
2024,21802,rural,22,hombre,0,25,0.0
2024,21802,rural,22,mujer,0,20,0.0
2024,21802,rural,23,hombre,0,38,0.0
2024,21802,rural,23,mujer,2,38,5.2631578947368425
2024,21802,rural,24,hombre,0,35,0.0
2024,21802,rural,24,mujer,0,17,0.0
2024,21802,rural,25,hombre,1,28,3.5714285714285716
2024,21802,rural,25,mujer,0,17,0.0
2024,21802,rural,26,hombre,0,33,0.0
2024,21802,rural,26,mujer,0,23,0.0
2024,21802,rural,27,hombre,0,37,0.0
2024,21802,rural,27,mujer,0,24,0.0
2024,21802,rural,28,hombre,0,44,0.0
2024,21802,rural,28,mujer,0,25,0.0
2024,21803,rural,16,hombre,0,1,0.0
2024,21803,rural,17,hombre,1,5,20.0
2024,21803,rural,17,mujer,0,1,0.0
2024,21803,rural,18,hombre,0,6,0.0
2024,21803,rural,18,mujer,0,1,0.0
2024,21803,rural,19,hombre,0,3,0.0
2024,21803,rural,19,mujer,0,4,0.0
2024,21803,rural,20,hombre,0,13,0.0
2024,21803,rural,20,mujer,0,7,0.0
2024,21803,rural,21,hombre,0,5,0.0
2024,21803,rural,21,mujer,0,6,0.0
2024,21803,rural,22,hombre,0,10,0.0
2024,21803,rural,22,mujer,0,3,0.0
2024,21803,rural,23,hombre,0,7,0.0
2024,21803,rural,23,mujer,0,8,0.0
2024,21803,rural,24,hombre,0,6,0.0
2024,21803,rural,24,mujer,0,7,0.0
2024,21803,rural,25,hombre,0,10,0.0
2024,21803,rural,25,mujer,0,7,0.0
2024,21803,rural,26,hombre,1,8,12.5
2024,21803,rural,26,mujer,0,4,0.0
2024,21803,rural,27,hombre,0,8,0.0
2024,21803,rural,27,mujer,0,12,0.0
2024,21803,rural,28,hombre,1,7,14.285714285714286
2024,21803,rural,28,mujer,0,4,0.0
2024,21901,rural,16,hombre,0,16,0.0
2024,21901,rural,16,mujer,0,9,0.0
2024,21901,rural,17,hombre,0,17,0.0
2024,21901,rural,17,mujer,0,13,0.0
2024,21901,rural,18,hombre,0,15,0.0
2024,21901,rural,18,mujer,0,18,0.0
2024,21901,rural,19,hombre,0,27,0.0
2024,21901,rural,19,mujer,0,14,0.0
2024,21901,rural,20,hombre,1,26,3.8461538461538463
2024,21901,rural,20,mujer,2,14,14.285714285714286
2024,21901,rural,21,hombre,0,15,0.0
2024,21901,rural,21,mujer,1,20,5.0
2024,21901,rural,22,hombre,0,40,0.0
2024,21901,rural,22,mujer,0,18,0.0
2024,21901,rural,23,hombre,0,26,0.0
2024,21901,rural,23,mujer,0,22,0.0
2024,21901,rural,24,hombre,0,21,0.0
2024,21901,rural,24,mujer,0,19,0.0
2024,21901,rural,25,hombre,1,31,3.225806451612903
2024,21901,rural,25,mujer,0,31,0.0
2024,21901,rural,26,hombre,0,34,0.0
2024,21901,rural,26,mujer,1,25,4.0
2024,21901,rural,27,hombre,1,32,3.125
2024,21901,rural,27,mujer,0,31,0.0
2024,21901,rural,28,hombre,0,30,0.0
2024,21901,rural,28,mujer,0,39,0.0
2024,21902,rural,16,hombre,0,6,0.0
2024,21902,rural,16,mujer,0,7,0.0
2024,21902,rural,17,hombre,0,9,0.0
2024,21902,rural,17,mujer,0,16,0.0
2024,21902,rural,18,hombre,0,11,0.0
2024,21902,rural,18,mujer,0,17,0.0
2024,21902,rural,19,hombre,0,21,0.0
2024,21902,rural,19,mujer,0,19,0.0
2024,21902,rural,20,hombre,0,30,0.0
2024,21902,rural,20,mujer,0,13,0.0
2024,21902,rural,21,hombre,0,22,0.0
2024,21902,rural,21,mujer,1,21,4.761904761904762
2024,21902,rural,22,hombre,0,27,0.0
2024,21902,rural,22,mujer,0,33,0.0
2024,21902,rural,23,hombre,0,29,0.0
2024,21902,rural,23,mujer,0,25,0.0
2024,21902,rural,24,hombre,0,40,0.0
2024,21902,rural,24,mujer,0,33,0.0
2024,21902,rural,25,hombre,0,38,0.0
2024,21902,rural,25,mujer,0,40,0.0
2024,21902,rural,26,hombre,0,31,0.0
2024,21902,rural,26,mujer,0,23,0.0
2024,21902,rural,27,hombre,0,43,0.0
2024,21902,rural,27,mujer,1,24,4.166666666666667
2024,21902,rural,28,hombre,1,34,2.9411764705882355
2024,21902,rural,28,mujer,1,25,4.0
2024,22001,rural,16,hombre,0,132,0.0
2024,22001,rural,16,mujer,0,114,0.0
2024,22001,rural,17,hombre,0,157,0.0
2024,22001,rural,17,mujer,0,108,0.0
2024,22001,rural,18,hombre,0,155,0.0
2024,22001,rural,18,mujer,2,161,1.2422360248447204
2024,22001,rural,19,hombre,1,201,0.4975124378109453
2024,22001,rural,19,mujer,1,169,0.591715976331361
2024,22001,rural,20,hombre,3,231,1.2987012987012987
2024,22001,rural,20,mujer,1,202,0.49504950495049505
2024,22001,rural,21,hombre,1,262,0.3816793893129771
2024,22001,rural,21,mujer,1,209,0.4784688995215311
2024,22001,rural,22,hombre,1,279,0.35842293906810035
2024,22001,rural,22,mujer,4,223,1.7937219730941705
2024,22001,rural,23,hombre,2,262,0.7633587786259542
2024,22001,rural,23,mujer,2,257,0.7782101167315175
2024,22001,rural,24,hombre,4,307,1.3029315960912051
2024,22001,rural,24,mujer,3,232,1.293103448275862
2024,22001,rural,25,hombre,3,294,1.0204081632653061
2024,22001,rural,25,mujer,2,218,0.9174311926605505
2024,22001,rural,26,hombre,4,266,1.5037593984962405
2024,22001,rural,26,mujer,3,216,1.3888888888888888
2024,22001,rural,27,hombre,2,285,0.7017543859649122
2024,22001,rural,27,mujer,3,243,1.2345679012345678
2024,22001,rural,28,hombre,0,303,0.0
2024,22001,rural,28,mujer,0,232,0.0
2024,22001,urbana,16,hombre,2,72,2.7777777777777777
2024,22001,urbana,16,mujer,1,63,1.5873015873015872
2024,22001,urbana,17,hombre,0,82,0.0
2024,22001,urbana,17,mujer,1,70,1.4285714285714286
2024,22001,urbana,18,hombre,1,140,0.7142857142857143
2024,22001,urbana,18,mujer,2,97,2.0618556701030926
2024,22001,urbana,19,hombre,4,137,2.9197080291970803
2024,22001,urbana,19,mujer,2,106,1.8867924528301887
2024,22001,urbana,20,hombre,5,143,3.4965034965034967
2024,22001,urbana,20,mujer,2,96,2.0833333333333335
2024,22001,urbana,21,hombre,2,146,1.36986301369863
2024,22001,urbana,21,mujer,2,112,1.7857142857142858
2024,22001,urbana,22,hombre,1,159,0.6289308176100629
2024,22001,urbana,22,mujer,2,107,1.8691588785046729
2024,22001,urbana,23,hombre,5,144,3.4722222222222223
2024,22001,urbana,23,mujer,4,134,2.985074626865672
2024,22001,urbana,24,hombre,4,201,1.9900497512437811
2024,22001,urbana,24,mujer,7,164,4.2682926829268295
2024,22001,urbana,25,hombre,2,159,1.2578616352201257
2024,22001,urbana,25,mujer,2,123,1.6260162601626016
2024,22001,urbana,26,hombre,6,153,3.9215686274509802
2024,22001,urbana,26,mujer,4,162,2.4691358024691357
2024,22001,urbana,27,hombre,3,142,2.112676056338028
2024,22001,urbana,27,mujer,3,142,2.112676056338028
2024,22001,urbana,28,hombre,7,137,5.109489051094891
2024,22001,urbana,28,mujer,3,141,2.127659574468085
2024,22002,rural,16,hombre,0,39,0.0
2024,22002,rural,16,mujer,0,24,0.0
2024,22002,rural,17,hombre,0,45,0.0
2024,22002,rural,17,mujer,0,39,0.0
2024,22002,rural,18,hombre,0,54,0.0
2024,22002,rural,18,mujer,0,41,0.0
2024,22002,rural,19,hombre,0,52,0.0
2024,22002,rural,19,mujer,1,35,2.857142857142857
2024,22002,rural,20,hombre,1,80,1.25
2024,22002,rural,20,mujer,0,37,0.0
2024,22002,rural,21,hombre,0,71,0.0
2024,22002,rural,21,mujer,0,55,0.0
2024,22002,rural,22,hombre,0,67,0.0
2024,22002,rural,22,mujer,0,57,0.0
2024,22002,rural,23,hombre,0,89,0.0
2024,22002,rural,23,mujer,1,50,2.0
2024,22002,rural,24,hombre,1,66,1.5151515151515151
2024,22002,rural,24,mujer,1,62,1.6129032258064515
2024,22002,rural,25,hombre,1,79,1.2658227848101267
2024,22002,rural,25,mujer,0,72,0.0
2024,22002,rural,26,hombre,1,89,1.1235955056179776
2024,22002,rural,26,mujer,0,50,0.0
2024,22002,rural,27,hombre,1,81,1.2345679012345678
2024,22002,rural,27,mujer,1,62,1.6129032258064515
2024,22002,rural,28,hombre,0,78,0.0
2024,22002,rural,28,mujer,1,53,1.8867924528301887
2024,30101,rural,19,hombre,0,1,0.0
2024,30101,rural,21,hombre,0,2,0.0
2024,30101,rural,24,hombre,0,1,0.0
2024,30101,urbana,16,hombre,27,1181,2.2861981371718882
2024,30101,urbana,16,mujer,21,1009,2.0812685827552033
2024,30101,urbana,17,hombre,22,1422,1.5471167369901546
2024,30101,urbana,17,mujer,18,1298,1.386748844375963
2024,30101,urbana,18,hombre,43,1973,2.1794221996958947
2024,30101,urbana,18,mujer,30,1850,1.6216216216216217
2024,30101,urbana,19,hombre,66,2334,2.827763496143959
2024,30101,urbana,19,mujer,38,2142,1.7740429505135387
2024,30101,urbana,20,hombre,74,2689,2.751952398661212
2024,30101,urbana,20,mujer,61,2339,2.6079521162890122
2024,30101,urbana,21,hombre,87,2936,2.963215258855586
2024,30101,urbana,21,mujer,71,2593,2.7381411492479755
2024,30101,urbana,22,hombre,91,3381,2.691511387163561
2024,30101,urbana,22,mujer,67,2831,2.3666548922642177
2024,30101,urbana,23,hombre,126,3917,3.21674751085014
2024,30101,urbana,23,mujer,75,3316,2.261761158021713
2024,30101,urbana,24,hombre,148,4103,3.607116743845966
2024,30101,urbana,24,mujer,94,3634,2.5866813428728674
2024,30101,urbana,25,hombre,127,4085,3.1089351285189717
2024,30101,urbana,25,mujer,105,3638,2.886201209455745
2024,30101,urbana,26,hombre,140,4101,3.413801511826384
2024,30101,urbana,26,mujer,102,3806,2.6799789805570153
2024,30101,urbana,27,hombre,138,4305,3.205574912891986
2024,30101,urbana,27,mujer,130,3875,3.3548387096774195
2024,30101,urbana,28,hombre,144,4426,3.253502033438771
2024,30101,urbana,28,mujer,95,3923,2.4216161101198064
2024,30201,rural,16,hombre,0,56,0.0
2024,30201,rural,16,mujer,0,26,0.0
2024,30201,rural,17,hombre,0,73,0.0
2024,30201,rural,17,mujer,0,46,0.0
2024,30201,rural,18,hombre,1,63,1.5873015873015872
2024,30201,rural,18,mujer,2,51,3.9215686274509802
2024,30201,rural,19,hombre,1,61,1.639344262295082
2024,30201,rural,19,mujer,0,55,0.0
2024,30201,rural,20,hombre,1,57,1.7543859649122806
2024,30201,rural,20,mujer,1,38,2.6315789473684212
2024,30201,rural,21,hombre,1,73,1.36986301369863
2024,30201,rural,21,mujer,0,47,0.0
2024,30201,rural,22,hombre,1,62,1.6129032258064515
2024,30201,rural,22,mujer,1,38,2.6315789473684212
2024,30201,rural,23,hombre,2,69,2.898550724637681
2024,30201,rural,23,mujer,1,46,2.1739130434782608
2024,30201,rural,24,hombre,3,84,3.5714285714285716
2024,30201,rural,24,mujer,1,52,1.9230769230769231
2024,30201,rural,25,hombre,1,64,1.5625
2024,30201,rural,25,mujer,1,41,2.4390243902439024
2024,30201,rural,26,hombre,0,59,0.0
2024,30201,rural,26,mujer,0,34,0.0
2024,30201,rural,27,hombre,1,60,1.6666666666666667
2024,30201,rural,27,mujer,1,39,2.5641025641025643
2024,30201,rural,28,hombre,1,65,1.5384615384615385
2024,30201,rural,28,mujer,1,42,2.380952380952381
2024,30201,urbana,16,hombre,1,41,2.4390243902439024
2024,30201,urbana,16,mujer,0,19,0.0
2024,30201,urbana,17,hombre,0,27,0.0
2024,30201,urbana,17,mujer,0,22,0.0
2024,30201,urbana,18,hombre,2,34,5.882352941176471
2024,30201,urbana,18,mujer,0,28,0.0
2024,30201,urbana,19,hombre,1,26,3.8461538461538463
2024,30201,urbana,19,mujer,0,28,0.0
2024,30201,urbana,20,hombre,0,32,0.0
2024,30201,urbana,20,mujer,0,37,0.0
2024,30201,urbana,21,hombre,3,33,9.090909090909092
2024,30201,urbana,21,mujer,1,39,2.5641025641025643
2024,30201,urbana,22,hombre,2,38,5.2631578947368425
2024,30201,urbana,22,mujer,0,44,0.0
2024,30201,urbana,23,hombre,2,36,5.555555555555555
2024,30201,urbana,23,mujer,0,40,0.0
2024,30201,urbana,24,hombre,5,57,8.771929824561404
2024,30201,urbana,24,mujer,0,42,0.0
2024,30201,urbana,25,hombre,2,40,5.0
2024,30201,urbana,25,mujer,2,54,3.7037037037037037
2024,30201,urbana,26,hombre,3,54,5.555555555555555
2024,30201,urbana,26,mujer,1,34,2.9411764705882355
2024,30201,urbana,27,hombre,0,49,0.0
2024,30201,urbana,27,mujer,2,43,4.651162790697675
2024,30201,urbana,28,hombre,0,37,0.0
2024,30201,urbana,28,mujer,1,48,2.0833333333333335
2024,30202,rural,16,hombre,0,7,0.0
2024,30202,rural,17,hombre,0,4,0.0
2024,30202,rural,17,mujer,0,5,0.0
2024,30202,rural,18,hombre,1,12,8.333333333333334
2024,30202,rural,18,mujer,0,8,0.0
2024,30202,rural,19,hombre,0,7,0.0
2024,30202,rural,19,mujer,0,8,0.0
2024,30202,rural,20,hombre,0,15,0.0
2024,30202,rural,20,mujer,0,5,0.0
2024,30202,rural,21,hombre,0,13,0.0
2024,30202,rural,21,mujer,0,5,0.0
2024,30202,rural,22,hombre,2,17,11.764705882352942
2024,30202,rural,22,mujer,0,7,0.0
2024,30202,rural,23,hombre,0,17,0.0
2024,30202,rural,23,mujer,0,14,0.0
2024,30202,rural,24,hombre,0,19,0.0
2024,30202,rural,24,mujer,0,17,0.0
2024,30202,rural,25,hombre,0,21,0.0
2024,30202,rural,25,mujer,0,9,0.0
2024,30202,rural,26,hombre,1,14,7.142857142857143
2024,30202,rural,26,mujer,0,9,0.0
2024,30202,rural,27,hombre,0,20,0.0
2024,30202,rural,27,mujer,0,11,0.0
2024,30202,rural,28,hombre,0,31,0.0
2024,30202,rural,28,mujer,0,12,0.0
2024,30202,urbana,16,hombre,0,3,0.0
2024,30202,urbana,17,hombre,0,7,0.0
2024,30202,urbana,17,mujer,0,2,0.0
2024,30202,urbana,18,hombre,1,7,14.285714285714286
2024,30202,urbana,18,mujer,0,3,0.0
2024,30202,urbana,19,hombre,0,13,0.0
2024,30202,urbana,19,mujer,1,7,14.285714285714286
2024,30202,urbana,20,hombre,0,13,0.0
2024,30202,urbana,20,mujer,1,5,20.0
2024,30202,urbana,21,hombre,0,9,0.0
2024,30202,urbana,21,mujer,0,10,0.0
2024,30202,urbana,22,hombre,0,10,0.0
2024,30202,urbana,22,mujer,0,10,0.0
2024,30202,urbana,23,hombre,0,10,0.0
2024,30202,urbana,23,mujer,0,13,0.0
2024,30202,urbana,24,hombre,0,25,0.0
2024,30202,urbana,24,mujer,0,12,0.0
2024,30202,urbana,25,hombre,0,10,0.0
2024,30202,urbana,25,mujer,0,5,0.0
2024,30202,urbana,26,hombre,0,14,0.0
2024,30202,urbana,26,mujer,0,13,0.0
2024,30202,urbana,27,hombre,0,22,0.0
2024,30202,urbana,27,mujer,0,9,0.0
2024,30202,urbana,28,hombre,1,11,9.090909090909092
2024,30202,urbana,28,mujer,0,16,0.0
2024,30203,rural,16,hombre,1,22,4.545454545454546
2024,30203,rural,16,mujer,0,17,0.0
2024,30203,rural,17,hombre,0,28,0.0
2024,30203,rural,17,mujer,0,21,0.0
2024,30203,rural,18,hombre,2,27,7.407407407407407
2024,30203,rural,18,mujer,0,24,0.0
2024,30203,rural,19,hombre,0,39,0.0
2024,30203,rural,19,mujer,1,24,4.166666666666667
2024,30203,rural,20,hombre,0,39,0.0
2024,30203,rural,20,mujer,0,31,0.0
2024,30203,rural,21,hombre,0,34,0.0
2024,30203,rural,21,mujer,0,33,0.0
2024,30203,rural,22,hombre,1,48,2.0833333333333335
2024,30203,rural,22,mujer,0,27,0.0
2024,30203,rural,23,hombre,0,47,0.0
2024,30203,rural,23,mujer,1,40,2.5
2024,30203,rural,24,hombre,2,66,3.0303030303030303
2024,30203,rural,24,mujer,1,41,2.4390243902439024
2024,30203,rural,25,hombre,2,46,4.3478260869565215
2024,30203,rural,25,mujer,0,52,0.0
2024,30203,rural,26,hombre,2,62,3.225806451612903
2024,30203,rural,26,mujer,2,41,4.878048780487805
2024,30203,rural,27,hombre,0,45,0.0
2024,30203,rural,27,mujer,0,30,0.0
2024,30203,rural,28,hombre,0,44,0.0
2024,30203,rural,28,mujer,1,33,3.0303030303030303
2024,30301,rural,16,hombre,1,76,1.3157894736842106
2024,30301,rural,16,mujer,0,47,0.0
2024,30301,rural,17,hombre,1,68,1.4705882352941178
2024,30301,rural,17,mujer,0,50,0.0
2024,30301,rural,18,hombre,2,81,2.4691358024691357
2024,30301,rural,18,mujer,1,58,1.7241379310344827
2024,30301,rural,19,hombre,1,89,1.1235955056179776
2024,30301,rural,19,mujer,0,46,0.0
2024,30301,rural,20,hombre,2,109,1.834862385321101
2024,30301,rural,20,mujer,0,55,0.0
2024,30301,rural,21,hombre,0,123,0.0
2024,30301,rural,21,mujer,2,51,3.9215686274509802
2024,30301,rural,22,hombre,2,115,1.7391304347826086
2024,30301,rural,22,mujer,1,56,1.7857142857142858
2024,30301,rural,23,hombre,1,127,0.7874015748031497
2024,30301,rural,23,mujer,1,64,1.5625
2024,30301,rural,24,hombre,2,135,1.4814814814814814
2024,30301,rural,24,mujer,1,59,1.694915254237288
2024,30301,rural,25,hombre,3,155,1.935483870967742
2024,30301,rural,25,mujer,1,55,1.8181818181818181
2024,30301,rural,26,hombre,2,129,1.550387596899225
2024,30301,rural,26,mujer,0,67,0.0
2024,30301,rural,27,hombre,4,110,3.6363636363636362
2024,30301,rural,27,mujer,0,60,0.0
2024,30301,rural,28,hombre,1,125,0.8
2024,30301,rural,28,mujer,0,66,0.0
2024,30302,rural,16,hombre,0,55,0.0
2024,30302,rural,16,mujer,1,36,2.7777777777777777
2024,30302,rural,17,hombre,0,43,0.0
2024,30302,rural,17,mujer,0,35,0.0
2024,30302,rural,18,hombre,3,47,6.382978723404255
2024,30302,rural,18,mujer,0,35,0.0
2024,30302,rural,19,hombre,2,58,3.4482758620689653
2024,30302,rural,19,mujer,0,49,0.0
2024,30302,rural,20,hombre,1,71,1.408450704225352
2024,30302,rural,20,mujer,0,50,0.0
2024,30302,rural,21,hombre,1,96,1.0416666666666667
2024,30302,rural,21,mujer,0,48,0.0
2024,30302,rural,22,hombre,0,94,0.0
2024,30302,rural,22,mujer,0,47,0.0
2024,30302,rural,23,hombre,1,95,1.0526315789473684
2024,30302,rural,23,mujer,0,56,0.0
2024,30302,rural,24,hombre,0,88,0.0
2024,30302,rural,24,mujer,0,54,0.0
2024,30302,rural,25,hombre,0,99,0.0
2024,30302,rural,25,mujer,0,45,0.0
2024,30302,rural,26,hombre,0,83,0.0
2024,30302,rural,26,mujer,0,59,0.0
2024,30302,rural,27,hombre,0,74,0.0
2024,30302,rural,27,mujer,0,50,0.0
2024,30302,rural,28,hombre,1,89,1.1235955056179776
2024,30302,rural,28,mujer,1,40,2.5
2024,30303,rural,16,hombre,0,82,0.0
2024,30303,rural,16,mujer,0,61,0.0
2024,30303,rural,17,hombre,0,94,0.0
2024,30303,rural,17,mujer,0,58,0.0
2024,30303,rural,18,hombre,0,98,0.0
2024,30303,rural,18,mujer,0,76,0.0
2024,30303,rural,19,hombre,0,113,0.0
2024,30303,rural,19,mujer,1,89,1.1235955056179776
2024,30303,rural,20,hombre,1,124,0.8064516129032258
2024,30303,rural,20,mujer,0,86,0.0
2024,30303,rural,21,hombre,0,139,0.0
2024,30303,rural,21,mujer,0,73,0.0
2024,30303,rural,22,hombre,1,154,0.6493506493506493
2024,30303,rural,22,mujer,0,91,0.0
2024,30303,rural,23,hombre,1,187,0.5347593582887701
2024,30303,rural,23,mujer,0,82,0.0
2024,30303,rural,24,hombre,1,175,0.5714285714285714
2024,30303,rural,24,mujer,0,95,0.0
2024,30303,rural,25,hombre,0,128,0.0
2024,30303,rural,25,mujer,1,77,1.2987012987012987
2024,30303,rural,26,hombre,2,150,1.3333333333333333
2024,30303,rural,26,mujer,0,76,0.0
2024,30303,rural,27,hombre,2,147,1.3605442176870748
2024,30303,rural,27,mujer,1,91,1.098901098901099
2024,30303,rural,28,hombre,0,115,0.0
2024,30303,rural,28,mujer,0,77,0.0
2024,30401,rural,16,hombre,0,19,0.0
2024,30401,rural,16,mujer,0,11,0.0
2024,30401,rural,17,hombre,0,23,0.0
2024,30401,rural,17,mujer,1,21,4.761904761904762
2024,30401,rural,18,hombre,0,38,0.0
2024,30401,rural,18,mujer,0,27,0.0
2024,30401,rural,19,hombre,0,29,0.0
2024,30401,rural,19,mujer,0,26,0.0
2024,30401,rural,20,hombre,0,42,0.0
2024,30401,rural,20,mujer,0,21,0.0
2024,30401,rural,21,hombre,0,36,0.0
2024,30401,rural,21,mujer,0,28,0.0
2024,30401,rural,22,hombre,1,32,3.125
2024,30401,rural,22,mujer,1,22,4.545454545454546
2024,30401,rural,23,hombre,1,35,2.857142857142857
2024,30401,rural,23,mujer,1,27,3.7037037037037037
2024,30401,rural,24,hombre,1,51,1.9607843137254901
2024,30401,rural,24,mujer,0,38,0.0
2024,30401,rural,25,hombre,0,43,0.0
2024,30401,rural,25,mujer,0,27,0.0
2024,30401,rural,26,hombre,0,37,0.0
2024,30401,rural,26,mujer,0,22,0.0
2024,30401,rural,27,hombre,2,44,4.545454545454546
2024,30401,rural,27,mujer,2,19,10.526315789473685
2024,30401,rural,28,hombre,0,32,0.0
2024,30401,rural,28,mujer,0,29,0.0
2024,30401,urbana,16,hombre,0,6,0.0
2024,30401,urbana,16,mujer,1,10,10.0
2024,30401,urbana,17,hombre,0,9,0.0
2024,30401,urbana,17,mujer,0,13,0.0
2024,30401,urbana,18,hombre,0,11,0.0
2024,30401,urbana,18,mujer,0,17,0.0
2024,30401,urbana,19,hombre,0,15,0.0
2024,30401,urbana,19,mujer,1,11,9.090909090909092
2024,30401,urbana,20,hombre,1,17,5.882352941176471
2024,30401,urbana,20,mujer,0,13,0.0
2024,30401,urbana,21,hombre,0,14,0.0
2024,30401,urbana,21,mujer,0,14,0.0
2024,30401,urbana,22,hombre,0,24,0.0
2024,30401,urbana,22,mujer,1,17,5.882352941176471
2024,30401,urbana,23,hombre,1,83,1.2048192771084338
2024,30401,urbana,23,mujer,2,25,8.0
2024,30401,urbana,24,hombre,0,44,0.0
2024,30401,urbana,24,mujer,1,17,5.882352941176471
2024,30401,urbana,25,hombre,0,27,0.0
2024,30401,urbana,25,mujer,0,26,0.0
2024,30401,urbana,26,hombre,0,24,0.0
2024,30401,urbana,26,mujer,1,21,4.761904761904762
2024,30401,urbana,27,hombre,0,23,0.0
2024,30401,urbana,27,mujer,0,22,0.0
2024,30401,urbana,28,hombre,0,29,0.0
2024,30401,urbana,28,mujer,0,20,0.0
2024,30402,rural,16,hombre,1,17,5.882352941176471
2024,30402,rural,16,mujer,0,18,0.0
2024,30402,rural,17,hombre,0,28,0.0
2024,30402,rural,17,mujer,0,20,0.0
2024,30402,rural,18,hombre,1,27,3.7037037037037037
2024,30402,rural,18,mujer,1,13,7.6923076923076925
2024,30402,rural,19,hombre,1,23,4.3478260869565215
2024,30402,rural,19,mujer,0,24,0.0
2024,30402,rural,20,hombre,0,36,0.0
2024,30402,rural,20,mujer,0,20,0.0
2024,30402,rural,21,hombre,2,26,7.6923076923076925
2024,30402,rural,21,mujer,0,19,0.0
2024,30402,rural,22,hombre,1,27,3.7037037037037037
2024,30402,rural,22,mujer,0,24,0.0
2024,30402,rural,23,hombre,0,30,0.0
2024,30402,rural,23,mujer,0,19,0.0
2024,30402,rural,24,hombre,1,26,3.8461538461538463
2024,30402,rural,24,mujer,0,22,0.0
2024,30402,rural,25,hombre,0,33,0.0
2024,30402,rural,25,mujer,0,17,0.0
2024,30402,rural,26,hombre,1,38,2.6315789473684212
2024,30402,rural,26,mujer,0,23,0.0
2024,30402,rural,27,hombre,0,35,0.0
2024,30402,rural,27,mujer,0,17,0.0
2024,30402,rural,28,hombre,0,21,0.0
2024,30402,rural,28,mujer,2,17,11.764705882352942
2024,30403,rural,16,hombre,0,23,0.0
2024,30403,rural,16,mujer,0,8,0.0
2024,30403,rural,17,hombre,0,25,0.0
2024,30403,rural,17,mujer,0,26,0.0
2024,30403,rural,18,hombre,0,31,0.0
2024,30403,rural,18,mujer,1,18,5.555555555555555
2024,30403,rural,19,hombre,1,45,2.2222222222222223
2024,30403,rural,19,mujer,0,20,0.0
2024,30403,rural,20,hombre,0,41,0.0
2024,30403,rural,20,mujer,1,24,4.166666666666667
2024,30403,rural,21,hombre,1,50,2.0
2024,30403,rural,21,mujer,1,28,3.5714285714285716
2024,30403,rural,22,hombre,1,41,2.4390243902439024
2024,30403,rural,22,mujer,0,28,0.0
2024,30403,rural,23,hombre,1,44,2.272727272727273
2024,30403,rural,23,mujer,0,36,0.0
2024,30403,rural,24,hombre,2,50,4.0
2024,30403,rural,24,mujer,0,34,0.0
2024,30403,rural,25,hombre,2,57,3.508771929824561
2024,30403,rural,25,mujer,0,34,0.0
2024,30403,rural,26,hombre,1,48,2.0833333333333335
2024,30403,rural,26,mujer,1,33,3.0303030303030303
2024,30403,rural,27,hombre,1,44,2.272727272727273
2024,30403,rural,27,mujer,2,54,3.7037037037037037
2024,30403,rural,28,hombre,1,53,1.8867924528301887
2024,30403,rural,28,mujer,0,41,0.0
2024,30403,urbana,16,hombre,2,53,3.7735849056603774
2024,30403,urbana,16,mujer,1,47,2.127659574468085
2024,30403,urbana,17,hombre,2,51,3.9215686274509802
2024,30403,urbana,17,mujer,2,53,3.7735849056603774
2024,30403,urbana,18,hombre,1,91,1.098901098901099
2024,30403,urbana,18,mujer,2,80,2.5
2024,30403,urbana,19,hombre,1,101,0.9900990099009901
2024,30403,urbana,19,mujer,3,107,2.803738317757009
2024,30403,urbana,20,hombre,6,119,5.042016806722689
2024,30403,urbana,20,mujer,6,104,5.769230769230769
2024,30403,urbana,21,hombre,4,130,3.076923076923077
2024,30403,urbana,21,mujer,2,104,1.9230769230769231
2024,30403,urbana,22,hombre,8,132,6.0606060606060606
2024,30403,urbana,22,mujer,8,111,7.207207207207207
2024,30403,urbana,23,hombre,5,171,2.9239766081871346
2024,30403,urbana,23,mujer,1,91,1.098901098901099
2024,30403,urbana,24,hombre,3,186,1.6129032258064515
2024,30403,urbana,24,mujer,3,134,2.2388059701492535
2024,30403,urbana,25,hombre,10,156,6.410256410256411
2024,30403,urbana,25,mujer,1,106,0.9433962264150944
2024,30403,urbana,26,hombre,7,120,5.833333333333333
2024,30403,urbana,26,mujer,3,109,2.7522935779816513
2024,30403,urbana,27,hombre,4,165,2.4242424242424243
2024,30403,urbana,27,mujer,3,115,2.608695652173913
2024,30403,urbana,28,hombre,6,154,3.896103896103896
2024,30403,urbana,28,mujer,3,91,3.2967032967032965
2024,30404,rural,16,hombre,0,18,0.0
2024,30404,rural,16,mujer,0,9,0.0
2024,30404,rural,17,hombre,0,11,0.0
2024,30404,rural,17,mujer,0,15,0.0
2024,30404,rural,18,hombre,0,25,0.0
2024,30404,rural,18,mujer,0,16,0.0
2024,30404,rural,19,hombre,0,18,0.0
2024,30404,rural,19,mujer,1,17,5.882352941176471
2024,30404,rural,20,hombre,0,19,0.0
2024,30404,rural,20,mujer,0,11,0.0
2024,30404,rural,21,hombre,2,19,10.526315789473685
2024,30404,rural,21,mujer,0,17,0.0
2024,30404,rural,22,hombre,1,27,3.7037037037037037
2024,30404,rural,22,mujer,1,18,5.555555555555555
2024,30404,rural,23,hombre,1,31,3.225806451612903
2024,30404,rural,23,mujer,0,21,0.0
2024,30404,rural,24,hombre,0,27,0.0
2024,30404,rural,24,mujer,0,30,0.0
2024,30404,rural,25,hombre,0,20,0.0
2024,30404,rural,25,mujer,1,16,6.25
2024,30404,rural,26,hombre,3,30,10.0
2024,30404,rural,26,mujer,0,20,0.0
2024,30404,rural,27,hombre,0,20,0.0
2024,30404,rural,27,mujer,0,22,0.0
2024,30404,rural,28,hombre,1,29,3.4482758620689653
2024,30404,rural,28,mujer,0,16,0.0
2024,30501,rural,16,hombre,0,11,0.0
2024,30501,rural,16,mujer,0,14,0.0
2024,30501,rural,17,hombre,0,14,0.0
2024,30501,rural,17,mujer,0,10,0.0
2024,30501,rural,18,hombre,0,11,0.0
2024,30501,rural,18,mujer,0,16,0.0
2024,30501,rural,19,hombre,1,29,3.4482758620689653
2024,30501,rural,19,mujer,1,17,5.882352941176471
2024,30501,rural,20,hombre,1,22,4.545454545454546
2024,30501,rural,20,mujer,1,25,4.0
2024,30501,rural,21,hombre,0,27,0.0
2024,30501,rural,21,mujer,0,19,0.0
2024,30501,rural,22,hombre,0,27,0.0
2024,30501,rural,22,mujer,0,24,0.0
2024,30501,rural,23,hombre,2,39,5.128205128205129
2024,30501,rural,23,mujer,1,30,3.3333333333333335
2024,30501,rural,24,hombre,0,33,0.0
2024,30501,rural,24,mujer,0,27,0.0
2024,30501,rural,25,hombre,0,27,0.0
2024,30501,rural,25,mujer,2,31,6.451612903225806
2024,30501,rural,26,hombre,0,36,0.0
2024,30501,rural,26,mujer,0,30,0.0
2024,30501,rural,27,hombre,0,31,0.0
2024,30501,rural,27,mujer,1,35,2.857142857142857
2024,30501,rural,28,hombre,1,41,2.4390243902439024
2024,30501,rural,28,mujer,1,30,3.3333333333333335
2024,30501,urbana,16,hombre,0,11,0.0
2024,30501,urbana,16,mujer,0,7,0.0
2024,30501,urbana,17,hombre,0,15,0.0
2024,30501,urbana,17,mujer,0,7,0.0
2024,30501,urbana,18,hombre,0,19,0.0
2024,30501,urbana,18,mujer,2,15,13.333333333333334
2024,30501,urbana,19,hombre,0,15,0.0
2024,30501,urbana,19,mujer,1,14,7.142857142857143
2024,30501,urbana,20,hombre,0,16,0.0
2024,30501,urbana,20,mujer,2,12,16.666666666666668
2024,30501,urbana,21,hombre,1,26,3.8461538461538463
2024,30501,urbana,21,mujer,0,18,0.0
2024,30501,urbana,22,hombre,0,28,0.0
2024,30501,urbana,22,mujer,1,22,4.545454545454546
2024,30501,urbana,23,hombre,1,24,4.166666666666667
2024,30501,urbana,23,mujer,0,21,0.0
2024,30501,urbana,24,hombre,0,31,0.0
2024,30501,urbana,24,mujer,0,23,0.0
2024,30501,urbana,25,hombre,0,25,0.0
2024,30501,urbana,25,mujer,1,12,8.333333333333334
2024,30501,urbana,26,hombre,2,29,6.896551724137931
2024,30501,urbana,26,mujer,0,27,0.0
2024,30501,urbana,27,hombre,0,21,0.0
2024,30501,urbana,27,mujer,1,15,6.666666666666667
2024,30501,urbana,28,hombre,2,29,6.896551724137931
2024,30501,urbana,28,mujer,0,17,0.0
2024,30502,rural,16,hombre,0,35,0.0
2024,30502,rural,16,mujer,0,22,0.0
2024,30502,rural,17,hombre,0,35,0.0
2024,30502,rural,17,mujer,0,21,0.0
2024,30502,rural,18,hombre,0,35,0.0
2024,30502,rural,18,mujer,0,20,0.0
2024,30502,rural,19,hombre,0,36,0.0
2024,30502,rural,19,mujer,0,31,0.0
2024,30502,rural,20,hombre,1,28,3.5714285714285716
2024,30502,rural,20,mujer,0,27,0.0
2024,30502,rural,21,hombre,0,37,0.0
2024,30502,rural,21,mujer,0,32,0.0
2024,30502,rural,22,hombre,1,47,2.127659574468085
2024,30502,rural,22,mujer,0,29,0.0
2024,30502,rural,23,hombre,0,43,0.0
2024,30502,rural,23,mujer,1,41,2.4390243902439024
2024,30502,rural,24,hombre,0,47,0.0
2024,30502,rural,24,mujer,1,44,2.272727272727273
2024,30502,rural,25,hombre,1,34,2.9411764705882355
2024,30502,rural,25,mujer,0,36,0.0
2024,30502,rural,26,hombre,0,34,0.0
2024,30502,rural,26,mujer,0,22,0.0
2024,30502,rural,27,hombre,0,40,0.0
2024,30502,rural,27,mujer,0,34,0.0
2024,30502,rural,28,hombre,1,32,3.125
2024,30502,rural,28,mujer,0,30,0.0
2024,30601,rural,16,hombre,0,21,0.0
2024,30601,rural,16,mujer,0,21,0.0
2024,30601,rural,17,hombre,0,35,0.0
2024,30601,rural,17,mujer,0,23,0.0
2024,30601,rural,18,hombre,1,34,2.9411764705882355
2024,30601,rural,18,mujer,0,35,0.0
2024,30601,rural,19,hombre,1,41,2.4390243902439024
2024,30601,rural,19,mujer,1,28,3.5714285714285716
2024,30601,rural,20,hombre,0,56,0.0
2024,30601,rural,20,mujer,1,34,2.9411764705882355
2024,30601,rural,21,hombre,0,40,0.0
2024,30601,rural,21,mujer,0,28,0.0
2024,30601,rural,22,hombre,0,47,0.0
2024,30601,rural,22,mujer,0,31,0.0
2024,30601,rural,23,hombre,1,67,1.492537313432836
2024,30601,rural,23,mujer,0,24,0.0
2024,30601,rural,24,hombre,3,69,4.3478260869565215
2024,30601,rural,24,mujer,0,46,0.0
2024,30601,rural,25,hombre,1,46,2.1739130434782608
2024,30601,rural,25,mujer,0,34,0.0
2024,30601,rural,26,hombre,2,44,4.545454545454546
2024,30601,rural,26,mujer,0,23,0.0
2024,30601,rural,27,hombre,1,43,2.3255813953488373
2024,30601,rural,27,mujer,0,15,0.0
2024,30601,rural,28,hombre,2,45,4.444444444444445
2024,30601,rural,28,mujer,0,18,0.0
2024,30602,rural,16,hombre,0,17,0.0
2024,30602,rural,16,mujer,0,17,0.0
2024,30602,rural,17,hombre,1,37,2.7027027027027026
2024,30602,rural,17,mujer,0,16,0.0
2024,30602,rural,18,hombre,0,29,0.0
2024,30602,rural,18,mujer,0,19,0.0
2024,30602,rural,19,hombre,1,38,2.6315789473684212
2024,30602,rural,19,mujer,1,29,3.4482758620689653
2024,30602,rural,20,hombre,2,45,4.444444444444445
2024,30602,rural,20,mujer,0,25,0.0
2024,30602,rural,21,hombre,0,53,0.0
2024,30602,rural,21,mujer,1,34,2.9411764705882355
2024,30602,rural,22,hombre,2,50,4.0
2024,30602,rural,22,mujer,0,32,0.0
2024,30602,rural,23,hombre,1,77,1.2987012987012987
2024,30602,rural,23,mujer,0,29,0.0
2024,30602,rural,24,hombre,2,65,3.076923076923077
2024,30602,rural,24,mujer,1,33,3.0303030303030303
2024,30602,rural,25,hombre,1,66,1.5151515151515151
2024,30602,rural,25,mujer,1,23,4.3478260869565215
2024,30602,rural,26,hombre,0,45,0.0
2024,30602,rural,26,mujer,0,26,0.0
2024,30602,rural,27,hombre,1,53,1.8867924528301887
2024,30602,rural,27,mujer,2,33,6.0606060606060606
2024,30602,rural,28,hombre,0,56,0.0
2024,30602,rural,28,mujer,0,28,0.0
2024,30701,rural,16,hombre,0,42,0.0
2024,30701,rural,16,mujer,1,25,4.0
2024,30701,rural,17,hombre,0,31,0.0
2024,30701,rural,17,mujer,0,27,0.0
2024,30701,rural,18,hombre,1,33,3.0303030303030303
2024,30701,rural,18,mujer,0,32,0.0
2024,30701,rural,19,hombre,0,50,0.0
2024,30701,rural,19,mujer,0,36,0.0
2024,30701,rural,20,hombre,1,49,2.0408163265306123
2024,30701,rural,20,mujer,0,19,0.0
2024,30701,rural,21,hombre,1,47,2.127659574468085
2024,30701,rural,21,mujer,0,41,0.0
2024,30701,rural,22,hombre,1,54,1.8518518518518519
2024,30701,rural,22,mujer,2,42,4.761904761904762
2024,30701,rural,23,hombre,0,63,0.0
2024,30701,rural,23,mujer,1,47,2.127659574468085
2024,30701,rural,24,hombre,0,63,0.0
2024,30701,rural,24,mujer,2,43,4.651162790697675
2024,30701,rural,25,hombre,2,71,2.816901408450704
2024,30701,rural,25,mujer,0,57,0.0
2024,30701,rural,26,hombre,0,47,0.0
2024,30701,rural,26,mujer,2,48,4.166666666666667
2024,30701,rural,27,hombre,4,65,6.153846153846154
2024,30701,rural,27,mujer,0,58,0.0
2024,30701,rural,28,hombre,2,54,3.7037037037037037
2024,30701,rural,28,mujer,0,42,0.0
2024,30701,urbana,16,hombre,2,34,5.882352941176471
2024,30701,urbana,16,mujer,1,18,5.555555555555555
2024,30701,urbana,17,hombre,0,31,0.0
2024,30701,urbana,17,mujer,0,20,0.0
2024,30701,urbana,18,hombre,0,26,0.0
2024,30701,urbana,18,mujer,0,24,0.0
2024,30701,urbana,19,hombre,1,37,2.7027027027027026
2024,30701,urbana,19,mujer,0,25,0.0
2024,30701,urbana,20,hombre,0,36,0.0
2024,30701,urbana,20,mujer,0,30,0.0
2024,30701,urbana,21,hombre,0,38,0.0
2024,30701,urbana,21,mujer,2,26,7.6923076923076925
2024,30701,urbana,22,hombre,1,47,2.127659574468085
2024,30701,urbana,22,mujer,1,33,3.0303030303030303
2024,30701,urbana,23,hombre,0,41,0.0
2024,30701,urbana,23,mujer,1,46,2.1739130434782608
2024,30701,urbana,24,hombre,2,41,4.878048780487805
2024,30701,urbana,24,mujer,1,40,2.5
2024,30701,urbana,25,hombre,2,45,4.444444444444445
2024,30701,urbana,25,mujer,3,41,7.317073170731708
2024,30701,urbana,26,hombre,1,40,2.5
2024,30701,urbana,26,mujer,1,39,2.5641025641025643
2024,30701,urbana,27,hombre,0,56,0.0
2024,30701,urbana,27,mujer,0,37,0.0
2024,30701,urbana,28,hombre,3,55,5.454545454545454
2024,30701,urbana,28,mujer,1,45,2.2222222222222223
2024,30702,rural,16,hombre,0,13,0.0
2024,30702,rural,16,mujer,0,16,0.0
2024,30702,rural,17,hombre,0,17,0.0
2024,30702,rural,17,mujer,0,6,0.0
2024,30702,rural,18,hombre,1,28,3.5714285714285716
2024,30702,rural,18,mujer,1,21,4.761904761904762
2024,30702,rural,19,hombre,0,35,0.0
2024,30702,rural,19,mujer,0,20,0.0
2024,30702,rural,20,hombre,0,45,0.0
2024,30702,rural,20,mujer,0,26,0.0
2024,30702,rural,21,hombre,0,21,0.0
2024,30702,rural,21,mujer,0,18,0.0
2024,30702,rural,22,hombre,0,42,0.0
2024,30702,rural,22,mujer,0,21,0.0
2024,30702,rural,23,hombre,0,39,0.0
2024,30702,rural,23,mujer,2,26,7.6923076923076925
2024,30702,rural,24,hombre,0,36,0.0
2024,30702,rural,24,mujer,0,25,0.0
2024,30702,rural,25,hombre,1,39,2.5641025641025643
2024,30702,rural,25,mujer,0,27,0.0
2024,30702,rural,26,hombre,1,45,2.2222222222222223
2024,30702,rural,26,mujer,1,28,3.5714285714285716
2024,30702,rural,27,hombre,1,52,1.9230769230769231
2024,30702,rural,27,mujer,0,41,0.0
2024,30702,rural,28,hombre,1,42,2.380952380952381
2024,30702,rural,28,mujer,0,34,0.0
2024,30703,rural,16,hombre,0,13,0.0
2024,30703,rural,16,mujer,0,10,0.0
2024,30703,rural,17,hombre,1,19,5.2631578947368425
2024,30703,rural,17,mujer,0,8,0.0
2024,30703,rural,18,hombre,0,12,0.0
2024,30703,rural,18,mujer,1,15,6.666666666666667
2024,30703,rural,19,hombre,0,28,0.0
2024,30703,rural,19,mujer,0,18,0.0
2024,30703,rural,20,hombre,0,17,0.0
2024,30703,rural,20,mujer,0,14,0.0
2024,30703,rural,21,hombre,1,22,4.545454545454546
2024,30703,rural,21,mujer,0,10,0.0
2024,30703,rural,22,hombre,0,20,0.0
2024,30703,rural,22,mujer,0,14,0.0
2024,30703,rural,23,hombre,0,28,0.0
2024,30703,rural,23,mujer,1,24,4.166666666666667
2024,30703,rural,24,hombre,1,35,2.857142857142857
2024,30703,rural,24,mujer,0,15,0.0
2024,30703,rural,25,hombre,0,28,0.0
2024,30703,rural,25,mujer,0,18,0.0
2024,30703,rural,26,hombre,1,25,4.0
2024,30703,rural,26,mujer,0,7,0.0
2024,30703,rural,27,hombre,0,29,0.0
2024,30703,rural,27,mujer,0,22,0.0
2024,30703,rural,28,hombre,1,21,4.761904761904762
2024,30703,rural,28,mujer,0,19,0.0
2024,30801,rural,16,hombre,0,28,0.0
2024,30801,rural,16,mujer,1,32,3.125
2024,30801,rural,17,hombre,1,36,2.7777777777777777
2024,30801,rural,17,mujer,0,30,0.0
2024,30801,rural,18,hombre,0,35,0.0
2024,30801,rural,18,mujer,0,37,0.0
2024,30801,rural,19,hombre,0,42,0.0
2024,30801,rural,19,mujer,0,25,0.0
2024,30801,rural,20,hombre,0,43,0.0
2024,30801,rural,20,mujer,0,29,0.0
2024,30801,rural,21,hombre,0,50,0.0
2024,30801,rural,21,mujer,1,36,2.7777777777777777
2024,30801,rural,22,hombre,2,57,3.508771929824561
2024,30801,rural,22,mujer,1,35,2.857142857142857
2024,30801,rural,23,hombre,0,56,0.0
2024,30801,rural,23,mujer,1,46,2.1739130434782608
2024,30801,rural,24,hombre,0,53,0.0
2024,30801,rural,24,mujer,2,36,5.555555555555555
2024,30801,rural,25,hombre,4,48,8.333333333333334
2024,30801,rural,25,mujer,0,46,0.0
2024,30801,rural,26,hombre,1,59,1.694915254237288
2024,30801,rural,26,mujer,0,45,0.0
2024,30801,rural,27,hombre,0,51,0.0
2024,30801,rural,27,mujer,0,32,0.0
2024,30801,rural,28,hombre,1,44,2.272727272727273
2024,30801,rural,28,mujer,0,40,0.0
2024,30801,urbana,16,hombre,1,17,5.882352941176471
2024,30801,urbana,16,mujer,0,18,0.0
2024,30801,urbana,17,hombre,0,27,0.0
2024,30801,urbana,17,mujer,0,27,0.0
2024,30801,urbana,18,hombre,0,27,0.0
2024,30801,urbana,18,mujer,0,31,0.0
2024,30801,urbana,19,hombre,0,32,0.0
2024,30801,urbana,19,mujer,0,31,0.0
2024,30801,urbana,20,hombre,1,33,3.0303030303030303
2024,30801,urbana,20,mujer,3,31,9.67741935483871
2024,30801,urbana,21,hombre,0,39,0.0
2024,30801,urbana,21,mujer,0,43,0.0
2024,30801,urbana,22,hombre,1,40,2.5
2024,30801,urbana,22,mujer,0,41,0.0
2024,30801,urbana,23,hombre,1,58,1.7241379310344827
2024,30801,urbana,23,mujer,1,41,2.4390243902439024
2024,30801,urbana,24,hombre,2,53,3.7735849056603774
2024,30801,urbana,24,mujer,2,47,4.25531914893617
2024,30801,urbana,25,hombre,2,65,3.076923076923077
2024,30801,urbana,25,mujer,1,43,2.3255813953488373
2024,30801,urbana,26,hombre,2,65,3.076923076923077
2024,30801,urbana,26,mujer,0,53,0.0
2024,30801,urbana,27,hombre,6,65,9.23076923076923
2024,30801,urbana,27,mujer,0,52,0.0
2024,30801,urbana,28,hombre,0,64,0.0
2024,30801,urbana,28,mujer,1,61,1.639344262295082
2024,30802,rural,16,hombre,0,23,0.0
2024,30802,rural,16,mujer,0,10,0.0
2024,30802,rural,17,hombre,1,20,5.0
2024,30802,rural,17,mujer,0,15,0.0
2024,30802,rural,18,hombre,1,27,3.7037037037037037
2024,30802,rural,18,mujer,1,21,4.761904761904762
2024,30802,rural,19,hombre,1,19,5.2631578947368425
2024,30802,rural,19,mujer,0,14,0.0
2024,30802,rural,20,hombre,0,31,0.0
2024,30802,rural,20,mujer,0,21,0.0
2024,30802,rural,21,hombre,2,41,4.878048780487805
2024,30802,rural,21,mujer,0,24,0.0
2024,30802,rural,22,hombre,0,28,0.0
2024,30802,rural,22,mujer,0,27,0.0
2024,30802,rural,23,hombre,1,39,2.5641025641025643
2024,30802,rural,23,mujer,1,30,3.3333333333333335
2024,30802,rural,24,hombre,1,40,2.5
2024,30802,rural,24,mujer,0,24,0.0
2024,30802,rural,25,hombre,1,34,2.9411764705882355
2024,30802,rural,25,mujer,0,24,0.0
2024,30802,rural,26,hombre,1,43,2.3255813953488373
2024,30802,rural,26,mujer,1,35,2.857142857142857
2024,30802,rural,27,hombre,1,38,2.6315789473684212
2024,30802,rural,27,mujer,2,25,8.0
2024,30802,rural,28,hombre,1,48,2.0833333333333335
2024,30802,rural,28,mujer,1,36,2.7777777777777777
2024,30803,rural,16,hombre,0,13,0.0
2024,30803,rural,16,mujer,0,8,0.0
2024,30803,rural,17,hombre,0,14,0.0
2024,30803,rural,17,mujer,0,18,0.0
2024,30803,rural,18,hombre,0,14,0.0
2024,30803,rural,18,mujer,0,17,0.0
2024,30803,rural,19,hombre,0,20,0.0
2024,30803,rural,19,mujer,0,20,0.0
2024,30803,rural,20,hombre,1,25,4.0
2024,30803,rural,20,mujer,0,20,0.0
2024,30803,rural,21,hombre,1,31,3.225806451612903
2024,30803,rural,21,mujer,2,16,12.5
2024,30803,rural,22,hombre,0,33,0.0
2024,30803,rural,22,mujer,0,19,0.0
2024,30803,rural,23,hombre,0,62,0.0
2024,30803,rural,23,mujer,0,44,0.0
2024,30803,rural,24,hombre,0,55,0.0
2024,30803,rural,24,mujer,0,25,0.0
2024,30803,rural,25,hombre,1,48,2.0833333333333335
2024,30803,rural,25,mujer,1,35,2.857142857142857
2024,30803,rural,26,hombre,0,31,0.0
2024,30803,rural,26,mujer,2,41,4.878048780487805
2024,30803,rural,27,hombre,1,53,1.8867924528301887
2024,30803,rural,27,mujer,2,22,9.090909090909092
2024,30803,rural,28,hombre,5,48,10.416666666666666
2024,30803,rural,28,mujer,0,32,0.0
2024,30803,urbana,16,hombre,0,8,0.0
2024,30803,urbana,16,mujer,0,6,0.0
2024,30803,urbana,17,hombre,0,4,0.0
2024,30803,urbana,17,mujer,0,4,0.0
2024,30803,urbana,18,hombre,0,5,0.0
2024,30803,urbana,18,mujer,0,7,0.0
2024,30803,urbana,19,hombre,0,8,0.0
2024,30803,urbana,19,mujer,0,7,0.0
2024,30803,urbana,20,hombre,0,10,0.0
2024,30803,urbana,20,mujer,0,11,0.0
2024,30803,urbana,21,hombre,0,9,0.0
2024,30803,urbana,21,mujer,0,9,0.0
2024,30803,urbana,22,hombre,0,10,0.0
2024,30803,urbana,22,mujer,1,5,20.0
2024,30803,urbana,23,hombre,0,11,0.0
2024,30803,urbana,23,mujer,0,8,0.0
2024,30803,urbana,24,hombre,0,11,0.0
2024,30803,urbana,24,mujer,1,9,11.11111111111111
2024,30803,urbana,25,hombre,1,11,9.090909090909092
2024,30803,urbana,25,mujer,1,14,7.142857142857143
2024,30803,urbana,26,hombre,1,15,6.666666666666667
2024,30803,urbana,26,mujer,0,16,0.0
2024,30803,urbana,27,hombre,0,7,0.0
2024,30803,urbana,27,mujer,1,15,6.666666666666667
2024,30803,urbana,28,hombre,1,13,7.6923076923076925
2024,30803,urbana,28,mujer,1,13,7.6923076923076925
2024,30901,rural,16,hombre,0,25,0.0
2024,30901,rural,16,mujer,0,31,0.0
2024,30901,rural,17,hombre,0,25,0.0
2024,30901,rural,17,mujer,0,23,0.0
2024,30901,rural,18,hombre,0,29,0.0
2024,30901,rural,18,mujer,0,26,0.0
2024,30901,rural,19,hombre,0,34,0.0
2024,30901,rural,19,mujer,1,42,2.380952380952381
2024,30901,rural,20,hombre,0,48,0.0
2024,30901,rural,20,mujer,0,32,0.0
2024,30901,rural,21,hombre,0,59,0.0
2024,30901,rural,21,mujer,1,32,3.125
2024,30901,rural,22,hombre,0,43,0.0
2024,30901,rural,22,mujer,2,25,8.0
2024,30901,rural,23,hombre,1,54,1.8518518518518519
2024,30901,rural,23,mujer,0,39,0.0
2024,30901,rural,24,hombre,0,48,0.0
2024,30901,rural,24,mujer,0,39,0.0
2024,30901,rural,25,hombre,0,56,0.0
2024,30901,rural,25,mujer,0,46,0.0
2024,30901,rural,26,hombre,3,43,6.976744186046512
2024,30901,rural,26,mujer,1,42,2.380952380952381
2024,30901,rural,27,hombre,3,55,5.454545454545454
2024,30901,rural,27,mujer,1,36,2.7777777777777777
2024,30901,rural,28,hombre,0,40,0.0
2024,30901,rural,28,mujer,0,31,0.0
2024,30901,urbana,16,hombre,4,307,1.3029315960912051
2024,30901,urbana,16,mujer,2,261,0.7662835249042146
2024,30901,urbana,17,hombre,6,367,1.6348773841961852
2024,30901,urbana,17,mujer,4,304,1.3157894736842106
2024,30901,urbana,18,hombre,8,487,1.6427104722792607
2024,30901,urbana,18,mujer,3,397,0.7556675062972292
2024,30901,urbana,19,hombre,16,635,2.5196850393700787
2024,30901,urbana,19,mujer,4,519,0.7707129094412332
2024,30901,urbana,20,hombre,15,673,2.2288261515601784
2024,30901,urbana,20,mujer,15,570,2.6315789473684212
2024,30901,urbana,21,hombre,21,770,2.727272727272727
2024,30901,urbana,21,mujer,16,622,2.572347266881029
2024,30901,urbana,22,hombre,11,766,1.4360313315926894
2024,30901,urbana,22,mujer,12,676,1.7751479289940828
2024,30901,urbana,23,hombre,24,909,2.6402640264026402
2024,30901,urbana,23,mujer,11,789,1.394169835234474
2024,30901,urbana,24,hombre,25,984,2.540650406504065
2024,30901,urbana,24,mujer,16,863,1.853997682502897
2024,30901,urbana,25,hombre,28,940,2.978723404255319
2024,30901,urbana,25,mujer,18,858,2.097902097902098
2024,30901,urbana,26,hombre,29,1021,2.840352595494613
2024,30901,urbana,26,mujer,15,879,1.7064846416382253
2024,30901,urbana,27,hombre,22,1018,2.161100196463654
2024,30901,urbana,27,mujer,23,879,2.616609783845279
2024,30901,urbana,28,hombre,29,1026,2.8265107212475633
2024,30901,urbana,28,mujer,23,923,2.4918743228602382
2024,30902,rural,16,hombre,0,58,0.0
2024,30902,rural,16,mujer,0,34,0.0
2024,30902,rural,17,hombre,1,57,1.7543859649122806
2024,30902,rural,17,mujer,1,56,1.7857142857142858
2024,30902,rural,18,hombre,1,67,1.492537313432836
2024,30902,rural,18,mujer,0,59,0.0
2024,30902,rural,19,hombre,0,70,0.0
2024,30902,rural,19,mujer,0,60,0.0
2024,30902,rural,20,hombre,0,101,0.0
2024,30902,rural,20,mujer,1,65,1.5384615384615385
2024,30902,rural,21,hombre,0,99,0.0
2024,30902,rural,21,mujer,1,72,1.3888888888888888
2024,30902,rural,22,hombre,5,108,4.62962962962963
2024,30902,rural,22,mujer,2,58,3.4482758620689653
2024,30902,rural,23,hombre,1,136,0.7352941176470589
2024,30902,rural,23,mujer,2,90,2.2222222222222223
2024,30902,rural,24,hombre,1,104,0.9615384615384616
2024,30902,rural,24,mujer,1,91,1.098901098901099
2024,30902,rural,25,hombre,3,114,2.6315789473684212
2024,30902,rural,25,mujer,3,87,3.4482758620689653
2024,30902,rural,26,hombre,0,107,0.0
2024,30902,rural,26,mujer,2,78,2.5641025641025643
2024,30902,rural,27,hombre,3,108,2.7777777777777777
2024,30902,rural,27,mujer,2,79,2.5316455696202533
2024,30902,rural,28,hombre,3,108,2.7777777777777777
2024,30902,rural,28,mujer,0,85,0.0
2024,30902,urbana,16,hombre,1,107,0.9345794392523364
2024,30902,urbana,16,mujer,1,89,1.1235955056179776
2024,30902,urbana,17,hombre,2,117,1.7094017094017093
2024,30902,urbana,17,mujer,1,106,0.9433962264150944
2024,30902,urbana,18,hombre,0,133,0.0
2024,30902,urbana,18,mujer,2,152,1.3157894736842106
2024,30902,urbana,19,hombre,3,152,1.9736842105263157
2024,30902,urbana,19,mujer,3,131,2.2900763358778624
2024,30902,urbana,20,hombre,2,188,1.0638297872340425
2024,30902,urbana,20,mujer,4,162,2.4691358024691357
2024,30902,urbana,21,hombre,5,195,2.5641025641025643
2024,30902,urbana,21,mujer,1,178,0.5617977528089888
2024,30902,urbana,22,hombre,6,218,2.7522935779816513
2024,30902,urbana,22,mujer,5,181,2.7624309392265194
2024,30902,urbana,23,hombre,7,275,2.5454545454545454
2024,30902,urbana,23,mujer,3,219,1.36986301369863
2024,30902,urbana,24,hombre,6,248,2.4193548387096775
2024,30902,urbana,24,mujer,5,180,2.7777777777777777
2024,30902,urbana,25,hombre,6,256,2.34375
2024,30902,urbana,25,mujer,2,198,1.0101010101010102
2024,30902,urbana,26,hombre,4,231,1.7316017316017316
2024,30902,urbana,26,mujer,4,191,2.094240837696335
2024,30902,urbana,27,hombre,2,259,0.7722007722007722
2024,30902,urbana,27,mujer,7,212,3.30188679245283
2024,30902,urbana,28,hombre,8,235,3.404255319148936
2024,30902,urbana,28,mujer,5,227,2.202643171806167
2024,30903,rural,16,hombre,0,16,0.0
2024,30903,rural,16,mujer,0,15,0.0
2024,30903,rural,17,hombre,0,14,0.0
2024,30903,rural,17,mujer,0,13,0.0
2024,30903,rural,18,hombre,1,27,3.7037037037037037
2024,30903,rural,18,mujer,0,18,0.0
2024,30903,rural,19,hombre,0,22,0.0
2024,30903,rural,19,mujer,0,14,0.0
2024,30903,rural,20,hombre,0,19,0.0
2024,30903,rural,20,mujer,0,15,0.0
2024,30903,rural,21,hombre,0,23,0.0
2024,30903,rural,21,mujer,0,24,0.0
2024,30903,rural,22,hombre,0,17,0.0
2024,30903,rural,22,mujer,0,16,0.0
2024,30903,rural,23,hombre,0,20,0.0
2024,30903,rural,23,mujer,0,25,0.0
2024,30903,rural,24,hombre,1,15,6.666666666666667
2024,30903,rural,24,mujer,0,15,0.0
2024,30903,rural,25,hombre,1,22,4.545454545454546
2024,30903,rural,25,mujer,0,15,0.0
2024,30903,rural,26,hombre,0,20,0.0
2024,30903,rural,26,mujer,0,15,0.0
2024,30903,rural,27,hombre,0,19,0.0
2024,30903,rural,27,mujer,0,15,0.0
2024,30903,rural,28,hombre,0,26,0.0
2024,30903,rural,28,mujer,0,17,0.0
2024,30903,urbana,16,hombre,2,109,1.834862385321101
2024,30903,urbana,16,mujer,1,81,1.2345679012345678
2024,30903,urbana,17,hombre,2,118,1.694915254237288
2024,30903,urbana,17,mujer,4,108,3.7037037037037037
2024,30903,urbana,18,hombre,2,164,1.2195121951219512
2024,30903,urbana,18,mujer,2,165,1.2121212121212122
2024,30903,urbana,19,hombre,4,209,1.9138755980861244
2024,30903,urbana,19,mujer,3,176,1.7045454545454546
2024,30903,urbana,20,hombre,2,227,0.8810572687224669
2024,30903,urbana,20,mujer,8,225,3.5555555555555554
2024,30903,urbana,21,hombre,7,251,2.7888446215139444
2024,30903,urbana,21,mujer,6,227,2.643171806167401
2024,30903,urbana,22,hombre,17,299,5.68561872909699
2024,30903,urbana,22,mujer,7,239,2.928870292887029
2024,30903,urbana,23,hombre,5,298,1.6778523489932886
2024,30903,urbana,23,mujer,8,295,2.711864406779661
2024,30903,urbana,24,hombre,12,371,3.234501347708895
2024,30903,urbana,24,mujer,4,323,1.238390092879257
2024,30903,urbana,25,hombre,12,368,3.260869565217391
2024,30903,urbana,25,mujer,6,318,1.8867924528301887
2024,30903,urbana,26,hombre,10,362,2.7624309392265194
2024,30903,urbana,26,mujer,9,333,2.7027027027027026
2024,30903,urbana,27,hombre,18,346,5.202312138728324
2024,30903,urbana,27,mujer,10,321,3.115264797507788
2024,30903,urbana,28,hombre,16,384,4.166666666666667
2024,30903,urbana,28,mujer,12,338,3.5502958579881656
2024,30904,rural,16,hombre,0,37,0.0
2024,30904,rural,16,mujer,0,23,0.0
2024,30904,rural,17,hombre,0,40,0.0
2024,30904,rural,17,mujer,0,31,0.0
2024,30904,rural,18,hombre,0,43,0.0
2024,30904,rural,18,mujer,0,36,0.0
2024,30904,rural,19,hombre,0,36,0.0
2024,30904,rural,19,mujer,1,31,3.225806451612903
2024,30904,rural,20,hombre,0,41,0.0
2024,30904,rural,20,mujer,2,53,3.7735849056603774
2024,30904,rural,21,hombre,0,59,0.0
2024,30904,rural,21,mujer,2,38,5.2631578947368425
2024,30904,rural,22,hombre,1,54,1.8518518518518519
2024,30904,rural,22,mujer,0,37,0.0
2024,30904,rural,23,hombre,3,71,4.225352112676056
2024,30904,rural,23,mujer,4,37,10.81081081081081
2024,30904,rural,24,hombre,3,50,6.0
2024,30904,rural,24,mujer,1,55,1.8181818181818181
2024,30904,rural,25,hombre,1,46,2.1739130434782608
2024,30904,rural,25,mujer,0,39,0.0
2024,30904,rural,26,hombre,0,53,0.0
2024,30904,rural,26,mujer,0,54,0.0
2024,30904,rural,27,hombre,3,58,5.172413793103448
2024,30904,rural,27,mujer,1,41,2.4390243902439024
2024,30904,rural,28,hombre,1,66,1.5151515151515151
2024,30904,rural,28,mujer,2,64,3.125
2024,30904,urbana,16,hombre,1,101,0.9900990099009901
2024,30904,urbana,16,mujer,0,80,0.0
2024,30904,urbana,17,hombre,3,117,2.5641025641025643
2024,30904,urbana,17,mujer,1,91,1.098901098901099
2024,30904,urbana,18,hombre,2,148,1.3513513513513513
2024,30904,urbana,18,mujer,1,141,0.7092198581560284
2024,30904,urbana,19,hombre,3,194,1.5463917525773196
2024,30904,urbana,19,mujer,1,146,0.684931506849315
2024,30904,urbana,20,hombre,5,234,2.1367521367521367
2024,30904,urbana,20,mujer,4,171,2.3391812865497075
2024,30904,urbana,21,hombre,8,258,3.10077519379845
2024,30904,urbana,21,mujer,7,199,3.5175879396984926
2024,30904,urbana,22,hombre,9,281,3.202846975088968
2024,30904,urbana,22,mujer,2,227,0.8810572687224669
2024,30904,urbana,23,hombre,8,334,2.395209580838323
2024,30904,urbana,23,mujer,4,265,1.509433962264151
2024,30904,urbana,24,hombre,9,358,2.5139664804469275
2024,30904,urbana,24,mujer,11,247,4.4534412955465585
2024,30904,urbana,25,hombre,5,311,1.607717041800643
2024,30904,urbana,25,mujer,9,264,3.409090909090909
2024,30904,urbana,26,hombre,10,313,3.194888178913738
2024,30904,urbana,26,mujer,4,276,1.4492753623188406
2024,30904,urbana,27,hombre,7,324,2.1604938271604937
2024,30904,urbana,27,mujer,11,263,4.182509505703422
2024,30904,urbana,28,hombre,15,308,4.87012987012987
2024,30904,urbana,28,mujer,4,288,1.3888888888888888
2024,30905,urbana,16,hombre,2,109,1.834862385321101
2024,30905,urbana,16,mujer,0,75,0.0
2024,30905,urbana,17,hombre,5,126,3.9682539682539684
2024,30905,urbana,17,mujer,3,97,3.0927835051546393
2024,30905,urbana,18,hombre,6,172,3.488372093023256
2024,30905,urbana,18,mujer,5,156,3.2051282051282053
2024,30905,urbana,19,hombre,3,208,1.4423076923076923
2024,30905,urbana,19,mujer,2,170,1.1764705882352942
2024,30905,urbana,20,hombre,5,232,2.1551724137931036
2024,30905,urbana,20,mujer,3,182,1.6483516483516483
2024,30905,urbana,21,hombre,7,280,2.5
2024,30905,urbana,21,mujer,5,203,2.4630541871921183
2024,30905,urbana,22,hombre,14,311,4.501607717041801
2024,30905,urbana,22,mujer,4,258,1.550387596899225
2024,30905,urbana,23,hombre,10,384,2.6041666666666665
2024,30905,urbana,23,mujer,9,294,3.061224489795918
2024,30905,urbana,24,hombre,5,383,1.3054830287206267
2024,30905,urbana,24,mujer,9,351,2.5641025641025643
2024,30905,urbana,25,hombre,10,378,2.6455026455026456
2024,30905,urbana,25,mujer,10,341,2.932551319648094
2024,30905,urbana,26,hombre,13,408,3.1862745098039214
2024,30905,urbana,26,mujer,7,357,1.9607843137254901
2024,30905,urbana,27,hombre,19,401,4.738154613466334
2024,30905,urbana,27,mujer,11,372,2.956989247311828
2024,30905,urbana,28,hombre,13,419,3.1026252983293556
2024,30905,urbana,28,mujer,6,379,1.5831134564643798
2024,31001,rural,16,hombre,1,75,1.3333333333333333
2024,31001,rural,16,mujer,1,53,1.8867924528301887
2024,31001,rural,17,hombre,3,84,3.5714285714285716
2024,31001,rural,17,mujer,1,54,1.8518518518518519
2024,31001,rural,18,hombre,1,102,0.9803921568627451
2024,31001,rural,18,mujer,2,99,2.0202020202020203
2024,31001,rural,19,hombre,4,128,3.125
2024,31001,rural,19,mujer,2,123,1.6260162601626016
2024,31001,rural,20,hombre,4,154,2.5974025974025974
2024,31001,rural,20,mujer,2,124,1.6129032258064515
2024,31001,rural,21,hombre,3,166,1.8072289156626506
2024,31001,rural,21,mujer,2,123,1.6260162601626016
2024,31001,rural,22,hombre,6,163,3.6809815950920246
2024,31001,rural,22,mujer,5,128,3.90625
2024,31001,rural,23,hombre,4,185,2.1621621621621623
2024,31001,rural,23,mujer,7,148,4.72972972972973
2024,31001,rural,24,hombre,2,197,1.015228426395939
2024,31001,rural,24,mujer,2,131,1.5267175572519085
2024,31001,rural,25,hombre,2,159,1.2578616352201257
2024,31001,rural,25,mujer,4,141,2.8368794326241136
2024,31001,rural,26,hombre,3,180,1.6666666666666667
2024,31001,rural,26,mujer,2,127,1.5748031496062993
2024,31001,rural,27,hombre,4,167,2.395209580838323
2024,31001,rural,27,mujer,1,136,0.7352941176470589
2024,31001,rural,28,hombre,5,170,2.9411764705882355
2024,31001,rural,28,mujer,0,132,0.0
2024,31001,urbana,16,hombre,6,394,1.5228426395939085
2024,31001,urbana,16,mujer,0,233,0.0
2024,31001,urbana,17,hombre,6,434,1.3824884792626728
2024,31001,urbana,17,mujer,3,335,0.8955223880597015
2024,31001,urbana,18,hombre,12,609,1.9704433497536946
2024,31001,urbana,18,mujer,16,551,2.9038112522686026
2024,31001,urbana,19,hombre,18,745,2.4161073825503356
2024,31001,urbana,19,mujer,14,590,2.3728813559322033
2024,31001,urbana,20,hombre,31,860,3.604651162790698
2024,31001,urbana,20,mujer,12,694,1.7291066282420748
2024,31001,urbana,21,hombre,26,985,2.6395939086294415
2024,31001,urbana,21,mujer,15,759,1.976284584980237
2024,31001,urbana,22,hombre,33,1044,3.160919540229885
2024,31001,urbana,22,mujer,11,863,1.2746234067207416
2024,31001,urbana,23,hombre,43,1214,3.5420098846787478
2024,31001,urbana,23,mujer,21,942,2.229299363057325
2024,31001,urbana,24,hombre,30,1264,2.3734177215189876
2024,31001,urbana,24,mujer,25,1056,2.367424242424242
2024,31001,urbana,25,hombre,37,1261,2.9341792228390164
2024,31001,urbana,25,mujer,25,1044,2.3946360153256707
2024,31001,urbana,26,hombre,41,1295,3.166023166023166
2024,31001,urbana,26,mujer,25,1075,2.3255813953488373
2024,31001,urbana,27,hombre,39,1285,3.035019455252918
2024,31001,urbana,27,mujer,26,1065,2.4413145539906105
2024,31001,urbana,28,hombre,58,1314,4.41400304414003
2024,31001,urbana,28,mujer,33,1076,3.066914498141264
2024,31002,rural,16,hombre,0,106,0.0
2024,31002,rural,16,mujer,0,47,0.0
2024,31002,rural,17,hombre,0,70,0.0
2024,31002,rural,17,mujer,0,63,0.0
2024,31002,rural,18,hombre,0,99,0.0
2024,31002,rural,18,mujer,0,74,0.0
2024,31002,rural,19,hombre,2,94,2.127659574468085
2024,31002,rural,19,mujer,0,77,0.0
2024,31002,rural,20,hombre,3,119,2.5210084033613445
2024,31002,rural,20,mujer,0,82,0.0
2024,31002,rural,21,hombre,4,130,3.076923076923077
2024,31002,rural,21,mujer,0,93,0.0
2024,31002,rural,22,hombre,3,117,2.5641025641025643
2024,31002,rural,22,mujer,0,86,0.0
2024,31002,rural,23,hombre,0,148,0.0
2024,31002,rural,23,mujer,0,100,0.0
2024,31002,rural,24,hombre,0,135,0.0
2024,31002,rural,24,mujer,0,109,0.0
2024,31002,rural,25,hombre,0,109,0.0
2024,31002,rural,25,mujer,2,102,1.9607843137254901
2024,31002,rural,26,hombre,2,126,1.5873015873015872
2024,31002,rural,26,mujer,0,81,0.0
2024,31002,rural,27,hombre,0,133,0.0
2024,31002,rural,27,mujer,0,97,0.0
2024,31002,rural,28,hombre,3,117,2.5641025641025643
2024,31002,rural,28,mujer,3,102,2.9411764705882355
2024,31002,urbana,16,hombre,0,20,0.0
2024,31002,urbana,16,mujer,0,8,0.0
2024,31002,urbana,17,hombre,0,17,0.0
2024,31002,urbana,17,mujer,0,15,0.0
2024,31002,urbana,18,hombre,1,23,4.3478260869565215
2024,31002,urbana,18,mujer,0,20,0.0
2024,31002,urbana,19,hombre,1,20,5.0
2024,31002,urbana,19,mujer,0,16,0.0
2024,31002,urbana,20,hombre,0,16,0.0
2024,31002,urbana,20,mujer,0,21,0.0
2024,31002,urbana,21,hombre,1,30,3.3333333333333335
2024,31002,urbana,21,mujer,0,19,0.0
2024,31002,urbana,22,hombre,2,26,7.6923076923076925
2024,31002,urbana,22,mujer,2,28,7.142857142857143
2024,31002,urbana,23,hombre,1,25,4.0
2024,31002,urbana,23,mujer,0,23,0.0
2024,31002,urbana,24,hombre,0,39,0.0
2024,31002,urbana,24,mujer,0,29,0.0
2024,31002,urbana,25,hombre,0,21,0.0
2024,31002,urbana,25,mujer,0,32,0.0
2024,31002,urbana,26,hombre,1,29,3.4482758620689653
2024,31002,urbana,26,mujer,0,19,0.0
2024,31002,urbana,27,hombre,1,26,3.8461538461538463
2024,31002,urbana,27,mujer,0,30,0.0
2024,31002,urbana,28,hombre,1,22,4.545454545454546
2024,31002,urbana,28,mujer,1,27,3.7037037037037037
2024,31003,rural,16,hombre,2,377,0.5305039787798409
2024,31003,rural,16,mujer,1,198,0.5050505050505051
2024,31003,rural,17,hombre,4,390,1.0256410256410255
2024,31003,rural,17,mujer,4,229,1.7467248908296944
2024,31003,rural,18,hombre,6,462,1.2987012987012987
2024,31003,rural,18,mujer,5,265,1.8867924528301887
2024,31003,rural,19,hombre,5,519,0.9633911368015414
2024,31003,rural,19,mujer,5,315,1.5873015873015872
2024,31003,rural,20,hombre,5,561,0.8912655971479501
2024,31003,rural,20,mujer,0,321,0.0
2024,31003,rural,21,hombre,6,587,1.0221465076660987
2024,31003,rural,21,mujer,7,349,2.005730659025788
2024,31003,rural,22,hombre,7,606,1.155115511551155
2024,31003,rural,22,mujer,8,387,2.0671834625322996
2024,31003,rural,23,hombre,7,714,0.9803921568627451
2024,31003,rural,23,mujer,3,426,0.704225352112676
2024,31003,rural,24,hombre,8,725,1.103448275862069
2024,31003,rural,24,mujer,10,473,2.1141649048625792
2024,31003,rural,25,hombre,5,670,0.746268656716418
2024,31003,rural,25,mujer,3,473,0.6342494714587738
2024,31003,rural,26,hombre,9,718,1.2534818941504178
2024,31003,rural,26,mujer,3,414,0.7246376811594203
2024,31003,rural,27,hombre,6,676,0.8875739644970414
2024,31003,rural,27,mujer,4,452,0.8849557522123894
2024,31003,rural,28,hombre,7,631,1.109350237717908
2024,31003,rural,28,mujer,5,447,1.1185682326621924
2024,31003,urbana,16,hombre,0,49,0.0
2024,31003,urbana,16,mujer,0,31,0.0
2024,31003,urbana,17,hombre,1,47,2.127659574468085
2024,31003,urbana,17,mujer,0,37,0.0
2024,31003,urbana,18,hombre,0,53,0.0
2024,31003,urbana,18,mujer,0,48,0.0
2024,31003,urbana,19,hombre,1,66,1.5151515151515151
2024,31003,urbana,19,mujer,1,64,1.5625
2024,31003,urbana,20,hombre,2,62,3.225806451612903
2024,31003,urbana,20,mujer,0,47,0.0
2024,31003,urbana,21,hombre,1,65,1.5384615384615385
2024,31003,urbana,21,mujer,1,74,1.3513513513513513
2024,31003,urbana,22,hombre,1,70,1.4285714285714286
2024,31003,urbana,22,mujer,2,71,2.816901408450704
2024,31003,urbana,23,hombre,2,83,2.4096385542168677
2024,31003,urbana,23,mujer,1,85,1.1764705882352942
2024,31003,urbana,24,hombre,1,111,0.9009009009009009
2024,31003,urbana,24,mujer,1,87,1.1494252873563218
2024,31003,urbana,25,hombre,3,79,3.7974683544303796
2024,31003,urbana,25,mujer,2,97,2.0618556701030926
2024,31003,urbana,26,hombre,1,92,1.0869565217391304
2024,31003,urbana,26,mujer,1,81,1.2345679012345678
2024,31003,urbana,27,hombre,1,100,1.0
2024,31003,urbana,27,mujer,2,61,3.278688524590164
2024,31003,urbana,28,hombre,4,93,4.301075268817204
2024,31003,urbana,28,mujer,3,74,4.054054054054054
2024,31101,rural,16,hombre,0,53,0.0
2024,31101,rural,16,mujer,0,50,0.0
2024,31101,rural,17,hombre,1,73,1.36986301369863
2024,31101,rural,17,mujer,0,48,0.0
2024,31101,rural,18,hombre,0,60,0.0
2024,31101,rural,18,mujer,2,74,2.7027027027027026
2024,31101,rural,19,hombre,0,78,0.0
2024,31101,rural,19,mujer,1,62,1.6129032258064515
2024,31101,rural,20,hombre,3,111,2.7027027027027026
2024,31101,rural,20,mujer,0,47,0.0
2024,31101,rural,21,hombre,4,122,3.278688524590164
2024,31101,rural,21,mujer,1,53,1.8867924528301887
2024,31101,rural,22,hombre,2,129,1.550387596899225
2024,31101,rural,22,mujer,0,63,0.0
2024,31101,rural,23,hombre,1,114,0.8771929824561403
2024,31101,rural,23,mujer,0,71,0.0
2024,31101,rural,24,hombre,0,113,0.0
2024,31101,rural,24,mujer,0,71,0.0
2024,31101,rural,25,hombre,2,100,2.0
2024,31101,rural,25,mujer,1,56,1.7857142857142858
2024,31101,rural,26,hombre,0,120,0.0
2024,31101,rural,26,mujer,0,68,0.0
2024,31101,rural,27,hombre,3,97,3.0927835051546393
2024,31101,rural,27,mujer,1,86,1.1627906976744187
2024,31101,rural,28,hombre,1,114,0.8771929824561403
2024,31101,rural,28,mujer,0,56,0.0
2024,31201,rural,16,hombre,0,73,0.0
2024,31201,rural,16,mujer,0,62,0.0
2024,31201,rural,17,hombre,0,94,0.0
2024,31201,rural,17,mujer,0,71,0.0
2024,31201,rural,18,hombre,0,88,0.0
2024,31201,rural,18,mujer,0,76,0.0
2024,31201,rural,19,hombre,1,101,0.9900990099009901
2024,31201,rural,19,mujer,1,86,1.1627906976744187
2024,31201,rural,20,hombre,2,113,1.7699115044247788
2024,31201,rural,20,mujer,0,86,0.0
2024,31201,rural,21,hombre,1,139,0.7194244604316546
2024,31201,rural,21,mujer,1,83,1.2048192771084338
2024,31201,rural,22,hombre,0,126,0.0
2024,31201,rural,22,mujer,0,86,0.0
2024,31201,rural,23,hombre,3,155,1.935483870967742
2024,31201,rural,23,mujer,0,90,0.0
2024,31201,rural,24,hombre,2,133,1.5037593984962405
2024,31201,rural,24,mujer,0,108,0.0
2024,31201,rural,25,hombre,2,107,1.8691588785046729
2024,31201,rural,25,mujer,1,82,1.2195121951219512
2024,31201,rural,26,hombre,1,119,0.8403361344537815
2024,31201,rural,26,mujer,0,67,0.0
2024,31201,rural,27,hombre,0,108,0.0
2024,31201,rural,27,mujer,2,79,2.5316455696202533
2024,31201,rural,28,hombre,0,119,0.0
2024,31201,rural,28,mujer,0,83,0.0
2024,31202,rural,16,hombre,0,64,0.0
2024,31202,rural,16,mujer,0,38,0.0
2024,31202,rural,17,hombre,0,63,0.0
2024,31202,rural,17,mujer,0,44,0.0
2024,31202,rural,18,hombre,0,69,0.0
2024,31202,rural,18,mujer,1,62,1.6129032258064515
2024,31202,rural,19,hombre,2,76,2.6315789473684212
2024,31202,rural,19,mujer,0,57,0.0
2024,31202,rural,20,hombre,1,81,1.2345679012345678
2024,31202,rural,20,mujer,0,53,0.0
2024,31202,rural,21,hombre,1,78,1.2820512820512822
2024,31202,rural,21,mujer,0,64,0.0
2024,31202,rural,22,hombre,1,74,1.3513513513513513
2024,31202,rural,22,mujer,0,66,0.0
2024,31202,rural,23,hombre,1,100,1.0
2024,31202,rural,23,mujer,0,67,0.0
2024,31202,rural,24,hombre,0,91,0.0
2024,31202,rural,24,mujer,1,73,1.36986301369863
2024,31202,rural,25,hombre,0,94,0.0
2024,31202,rural,25,mujer,0,64,0.0
2024,31202,rural,26,hombre,0,83,0.0
2024,31202,rural,26,mujer,1,71,1.408450704225352
2024,31202,rural,27,hombre,1,82,1.2195121951219512
2024,31202,rural,27,mujer,0,71,0.0
2024,31202,rural,28,hombre,0,86,0.0
2024,31202,rural,28,mujer,0,55,0.0
2024,31203,rural,16,hombre,0,47,0.0
2024,31203,rural,16,mujer,1,27,3.7037037037037037
2024,31203,rural,17,hombre,1,52,1.9230769230769231
2024,31203,rural,17,mujer,0,41,0.0
2024,31203,rural,18,hombre,0,54,0.0
2024,31203,rural,18,mujer,0,37,0.0
2024,31203,rural,19,hombre,0,61,0.0
2024,31203,rural,19,mujer,0,38,0.0
2024,31203,rural,20,hombre,2,67,2.985074626865672
2024,31203,rural,20,mujer,0,48,0.0
2024,31203,rural,21,hombre,0,73,0.0
2024,31203,rural,21,mujer,1,46,2.1739130434782608
2024,31203,rural,22,hombre,1,74,1.3513513513513513
2024,31203,rural,22,mujer,1,46,2.1739130434782608
2024,31203,rural,23,hombre,1,87,1.1494252873563218
2024,31203,rural,23,mujer,0,47,0.0
2024,31203,rural,24,hombre,3,91,3.2967032967032965
2024,31203,rural,24,mujer,0,58,0.0
2024,31203,rural,25,hombre,1,60,1.6666666666666667
2024,31203,rural,25,mujer,1,53,1.8867924528301887
2024,31203,rural,26,hombre,0,74,0.0
2024,31203,rural,26,mujer,0,45,0.0
2024,31203,rural,27,hombre,1,70,1.4285714285714286
2024,31203,rural,27,mujer,0,50,0.0
2024,31203,rural,28,hombre,3,62,4.838709677419355
2024,31203,rural,28,mujer,0,54,0.0
2024,31204,rural,16,hombre,0,77,0.0
2024,31204,rural,16,mujer,2,42,4.761904761904762
2024,31204,rural,17,hombre,2,94,2.127659574468085
2024,31204,rural,17,mujer,1,57,1.7543859649122806
2024,31204,rural,18,hombre,0,88,0.0
2024,31204,rural,18,mujer,3,58,5.172413793103448
2024,31204,rural,19,hombre,1,108,0.9259259259259259
2024,31204,rural,19,mujer,0,54,0.0
2024,31204,rural,20,hombre,2,101,1.9801980198019802
2024,31204,rural,20,mujer,2,59,3.389830508474576
2024,31204,rural,21,hombre,2,114,1.7543859649122806
2024,31204,rural,21,mujer,0,76,0.0
2024,31204,rural,22,hombre,0,120,0.0
2024,31204,rural,22,mujer,2,73,2.73972602739726
2024,31204,rural,23,hombre,3,116,2.586206896551724
2024,31204,rural,23,mujer,2,75,2.6666666666666665
2024,31204,rural,24,hombre,6,150,4.0
2024,31204,rural,24,mujer,1,93,1.075268817204301
2024,31204,rural,25,hombre,3,137,2.18978102189781
2024,31204,rural,25,mujer,3,72,4.166666666666667
2024,31204,rural,26,hombre,3,117,2.5641025641025643
2024,31204,rural,26,mujer,3,100,3.0
2024,31204,rural,27,hombre,3,119,2.5210084033613445
2024,31204,rural,27,mujer,2,92,2.1739130434782608
2024,31204,rural,28,hombre,3,135,2.2222222222222223
2024,31204,rural,28,mujer,0,81,0.0
2024,31204,urbana,16,hombre,0,48,0.0
2024,31204,urbana,16,mujer,0,31,0.0
2024,31204,urbana,17,hombre,1,50,2.0
2024,31204,urbana,17,mujer,0,47,0.0
2024,31204,urbana,18,hombre,0,45,0.0
2024,31204,urbana,18,mujer,0,54,0.0
2024,31204,urbana,19,hombre,1,61,1.639344262295082
2024,31204,urbana,19,mujer,2,58,3.4482758620689653
2024,31204,urbana,20,hombre,1,55,1.8181818181818181
2024,31204,urbana,20,mujer,0,44,0.0
2024,31204,urbana,21,hombre,0,70,0.0
2024,31204,urbana,21,mujer,1,70,1.4285714285714286
2024,31204,urbana,22,hombre,1,87,1.1494252873563218
2024,31204,urbana,22,mujer,0,55,0.0
2024,31204,urbana,23,hombre,3,103,2.912621359223301
2024,31204,urbana,23,mujer,0,73,0.0
2024,31204,urbana,24,hombre,1,106,0.9433962264150944
2024,31204,urbana,24,mujer,1,76,1.3157894736842106
2024,31204,urbana,25,hombre,3,110,2.727272727272727
2024,31204,urbana,25,mujer,0,69,0.0
2024,31204,urbana,26,hombre,3,93,3.225806451612903
2024,31204,urbana,26,mujer,3,65,4.615384615384615
2024,31204,urbana,27,hombre,2,97,2.0618556701030926
2024,31204,urbana,27,mujer,1,76,1.3157894736842106
2024,31204,urbana,28,hombre,1,84,1.1904761904761905
2024,31204,urbana,28,mujer,3,66,4.545454545454546
2024,31205,rural,16,hombre,1,222,0.45045045045045046
2024,31205,rural,16,mujer,0,115,0.0
2024,31205,rural,17,hombre,1,221,0.45248868778280543
2024,31205,rural,17,mujer,0,147,0.0
2024,31205,rural,18,hombre,2,200,1.0
2024,31205,rural,18,mujer,1,137,0.7299270072992701
2024,31205,rural,19,hombre,1,219,0.45662100456621
2024,31205,rural,19,mujer,0,162,0.0
2024,31205,rural,20,hombre,2,310,0.6451612903225806
2024,31205,rural,20,mujer,3,161,1.8633540372670807
2024,31205,rural,21,hombre,1,315,0.31746031746031744
2024,31205,rural,21,mujer,3,184,1.6304347826086956
2024,31205,rural,22,hombre,7,329,2.127659574468085
2024,31205,rural,22,mujer,3,215,1.3953488372093024
2024,31205,rural,23,hombre,4,403,0.9925558312655087
2024,31205,rural,23,mujer,3,232,1.293103448275862
2024,31205,rural,24,hombre,4,366,1.092896174863388
2024,31205,rural,24,mujer,2,254,0.7874015748031497
2024,31205,rural,25,hombre,4,341,1.1730205278592376
2024,31205,rural,25,mujer,6,224,2.6785714285714284
2024,31205,rural,26,hombre,3,353,0.8498583569405099
2024,31205,rural,26,mujer,0,209,0.0
2024,31205,rural,27,hombre,3,376,0.7978723404255319
2024,31205,rural,27,mujer,2,254,0.7874015748031497
2024,31205,rural,28,hombre,7,382,1.8324607329842932
2024,31205,rural,28,mujer,4,260,1.5384615384615385
2024,31205,urbana,16,hombre,3,118,2.542372881355932
2024,31205,urbana,16,mujer,2,90,2.2222222222222223
2024,31205,urbana,17,hombre,2,118,1.694915254237288
2024,31205,urbana,17,mujer,1,105,0.9523809523809523
2024,31205,urbana,18,hombre,0,110,0.0
2024,31205,urbana,18,mujer,3,94,3.1914893617021276
2024,31205,urbana,19,hombre,2,118,1.694915254237288
2024,31205,urbana,19,mujer,1,127,0.7874015748031497
2024,31205,urbana,20,hombre,1,171,0.5847953216374269
2024,31205,urbana,20,mujer,6,129,4.651162790697675
2024,31205,urbana,21,hombre,3,167,1.7964071856287425
2024,31205,urbana,21,mujer,2,140,1.4285714285714286
2024,31205,urbana,22,hombre,6,152,3.9473684210526314
2024,31205,urbana,22,mujer,2,150,1.3333333333333333
2024,31205,urbana,23,hombre,6,180,3.3333333333333335
2024,31205,urbana,23,mujer,3,150,2.0
2024,31205,urbana,24,hombre,6,205,2.926829268292683
2024,31205,urbana,24,mujer,3,166,1.8072289156626506
2024,31205,urbana,25,hombre,6,193,3.1088082901554404
2024,31205,urbana,25,mujer,5,149,3.3557046979865772
2024,31205,urbana,26,hombre,4,190,2.1052631578947367
2024,31205,urbana,26,mujer,4,167,2.395209580838323
2024,31205,urbana,27,hombre,8,174,4.597701149425287
2024,31205,urbana,27,mujer,5,144,3.4722222222222223
2024,31205,urbana,28,hombre,3,171,1.7543859649122806
2024,31205,urbana,28,mujer,0,169,0.0
2024,31206,rural,16,hombre,1,58,1.7241379310344827
2024,31206,rural,16,mujer,0,21,0.0
2024,31206,rural,17,hombre,0,70,0.0
2024,31206,rural,17,mujer,0,30,0.0
2024,31206,rural,18,hombre,0,76,0.0
2024,31206,rural,18,mujer,0,38,0.0
2024,31206,rural,19,hombre,1,111,0.9009009009009009
2024,31206,rural,19,mujer,0,46,0.0
2024,31206,rural,20,hombre,1,81,1.2345679012345678
2024,31206,rural,20,mujer,1,52,1.9230769230769231
2024,31206,rural,21,hombre,0,108,0.0
2024,31206,rural,21,mujer,0,67,0.0
2024,31206,rural,22,hombre,1,99,1.0101010101010102
2024,31206,rural,22,mujer,2,82,2.4390243902439024
2024,31206,rural,23,hombre,1,164,0.6097560975609756
2024,31206,rural,23,mujer,2,73,2.73972602739726
2024,31206,rural,24,hombre,1,162,0.6172839506172839
2024,31206,rural,24,mujer,1,75,1.3333333333333333
2024,31206,rural,25,hombre,0,172,0.0
2024,31206,rural,25,mujer,1,92,1.0869565217391304
2024,31206,rural,26,hombre,2,151,1.3245033112582782
2024,31206,rural,26,mujer,1,84,1.1904761904761905
2024,31206,rural,27,hombre,2,165,1.2121212121212122
2024,31206,rural,27,mujer,3,86,3.488372093023256
2024,31206,rural,28,hombre,2,160,1.25
2024,31206,rural,28,mujer,2,112,1.7857142857142858
2024,31206,urbana,16,hombre,0,124,0.0
2024,31206,urbana,16,mujer,1,96,1.0416666666666667
2024,31206,urbana,17,hombre,3,128,2.34375
2024,31206,urbana,17,mujer,0,94,0.0
2024,31206,urbana,18,hombre,0,161,0.0
2024,31206,urbana,18,mujer,2,124,1.6129032258064515
2024,31206,urbana,19,hombre,1,152,0.6578947368421053
2024,31206,urbana,19,mujer,5,147,3.401360544217687
2024,31206,urbana,20,hombre,4,181,2.2099447513812156
2024,31206,urbana,20,mujer,1,135,0.7407407407407407
2024,31206,urbana,21,hombre,3,182,1.6483516483516483
2024,31206,urbana,21,mujer,3,159,1.8867924528301887
2024,31206,urbana,22,hombre,8,193,4.1450777202072535
2024,31206,urbana,22,mujer,3,163,1.8404907975460123
2024,31206,urbana,23,hombre,1,219,0.45662100456621
2024,31206,urbana,23,mujer,5,213,2.347417840375587
2024,31206,urbana,24,hombre,3,245,1.2244897959183674
2024,31206,urbana,24,mujer,5,196,2.5510204081632653
2024,31206,urbana,25,hombre,1,208,0.4807692307692308
2024,31206,urbana,25,mujer,5,164,3.048780487804878
2024,31206,urbana,26,hombre,8,218,3.669724770642202
2024,31206,urbana,26,mujer,3,178,1.6853932584269662
2024,31206,urbana,27,hombre,1,221,0.45248868778280543
2024,31206,urbana,27,mujer,3,170,1.7647058823529411
2024,31206,urbana,28,hombre,6,226,2.6548672566371683
2024,31206,urbana,28,mujer,4,203,1.9704433497536946
2024,31301,rural,16,hombre,5,68,7.352941176470588
2024,31301,rural,16,mujer,0,43,0.0
2024,31301,rural,17,hombre,2,71,2.816901408450704
2024,31301,rural,17,mujer,0,47,0.0
2024,31301,rural,18,hombre,1,64,1.5625
2024,31301,rural,18,mujer,1,59,1.694915254237288
2024,31301,rural,19,hombre,1,65,1.5384615384615385
2024,31301,rural,19,mujer,0,55,0.0
2024,31301,rural,20,hombre,0,61,0.0
2024,31301,rural,20,mujer,0,62,0.0
2024,31301,rural,21,hombre,2,65,3.076923076923077
2024,31301,rural,21,mujer,0,54,0.0
2024,31301,rural,22,hombre,3,80,3.75
2024,31301,rural,22,mujer,0,45,0.0
2024,31301,rural,23,hombre,1,81,1.2345679012345678
2024,31301,rural,23,mujer,1,67,1.492537313432836
2024,31301,rural,24,hombre,2,84,2.380952380952381
2024,31301,rural,24,mujer,1,68,1.4705882352941178
2024,31301,rural,25,hombre,4,74,5.405405405405405
2024,31301,rural,25,mujer,2,69,2.898550724637681
2024,31301,rural,26,hombre,3,76,3.9473684210526314
2024,31301,rural,26,mujer,1,66,1.5151515151515151
2024,31301,rural,27,hombre,1,75,1.3333333333333333
2024,31301,rural,27,mujer,1,54,1.8518518518518519
2024,31301,rural,28,hombre,3,80,3.75
2024,31301,rural,28,mujer,1,57,1.7543859649122806
2024,31301,urbana,16,hombre,0,19,0.0
2024,31301,urbana,16,mujer,0,13,0.0
2024,31301,urbana,17,hombre,1,22,4.545454545454546
2024,31301,urbana,17,mujer,0,16,0.0
2024,31301,urbana,18,hombre,1,28,3.5714285714285716
2024,31301,urbana,18,mujer,0,21,0.0
2024,31301,urbana,19,hombre,1,20,5.0
2024,31301,urbana,19,mujer,0,18,0.0
2024,31301,urbana,20,hombre,1,31,3.225806451612903
2024,31301,urbana,20,mujer,0,20,0.0
2024,31301,urbana,21,hombre,3,28,10.714285714285714
2024,31301,urbana,21,mujer,0,24,0.0
2024,31301,urbana,22,hombre,2,33,6.0606060606060606
2024,31301,urbana,22,mujer,0,22,0.0
2024,31301,urbana,23,hombre,2,48,4.166666666666667
2024,31301,urbana,23,mujer,0,29,0.0
2024,31301,urbana,24,hombre,1,39,2.5641025641025643
2024,31301,urbana,24,mujer,0,26,0.0
2024,31301,urbana,25,hombre,3,28,10.714285714285714
2024,31301,urbana,25,mujer,1,30,3.3333333333333335
2024,31301,urbana,26,hombre,5,38,13.157894736842104
2024,31301,urbana,26,mujer,0,25,0.0
2024,31301,urbana,27,hombre,3,51,5.882352941176471
2024,31301,urbana,27,mujer,0,25,0.0
2024,31301,urbana,28,hombre,1,39,2.5641025641025643
2024,31301,urbana,28,mujer,1,32,3.125
2024,31302,rural,16,hombre,0,16,0.0
2024,31302,rural,16,mujer,0,7,0.0
2024,31302,rural,17,hombre,0,17,0.0
2024,31302,rural,17,mujer,0,10,0.0
2024,31302,rural,18,hombre,0,14,0.0
2024,31302,rural,18,mujer,0,15,0.0
2024,31302,rural,19,hombre,1,20,5.0
2024,31302,rural,19,mujer,0,18,0.0
2024,31302,rural,20,hombre,0,19,0.0
2024,31302,rural,20,mujer,0,20,0.0
2024,31302,rural,21,hombre,0,33,0.0
2024,31302,rural,21,mujer,1,12,8.333333333333334
2024,31302,rural,22,hombre,0,27,0.0
2024,31302,rural,22,mujer,0,15,0.0
2024,31302,rural,23,hombre,0,23,0.0
2024,31302,rural,23,mujer,0,15,0.0
2024,31302,rural,24,hombre,0,17,0.0
2024,31302,rural,24,mujer,1,14,7.142857142857143
2024,31302,rural,25,hombre,1,21,4.761904761904762
2024,31302,rural,25,mujer,0,15,0.0
2024,31302,rural,26,hombre,2,17,11.764705882352942
2024,31302,rural,26,mujer,0,11,0.0
2024,31302,rural,27,hombre,1,18,5.555555555555555
2024,31302,rural,27,mujer,0,13,0.0
2024,31302,rural,28,hombre,0,21,0.0
2024,31302,rural,28,mujer,0,14,0.0
2024,31303,rural,16,hombre,0,20,0.0
2024,31303,rural,16,mujer,0,11,0.0
2024,31303,rural,17,hombre,1,19,5.2631578947368425
2024,31303,rural,17,mujer,0,11,0.0
2024,31303,rural,18,hombre,0,25,0.0
2024,31303,rural,18,mujer,0,12,0.0
2024,31303,rural,19,hombre,1,28,3.5714285714285716
2024,31303,rural,19,mujer,0,14,0.0
2024,31303,rural,20,hombre,0,19,0.0
2024,31303,rural,20,mujer,0,19,0.0
2024,31303,rural,21,hombre,0,17,0.0
2024,31303,rural,21,mujer,0,16,0.0
2024,31303,rural,22,hombre,2,26,7.6923076923076925
2024,31303,rural,22,mujer,0,15,0.0
2024,31303,rural,23,hombre,1,26,3.8461538461538463
2024,31303,rural,23,mujer,0,21,0.0
2024,31303,rural,24,hombre,2,29,6.896551724137931
2024,31303,rural,24,mujer,0,15,0.0
2024,31303,rural,25,hombre,0,27,0.0
2024,31303,rural,25,mujer,0,18,0.0
2024,31303,rural,26,hombre,0,20,0.0
2024,31303,rural,26,mujer,0,14,0.0
2024,31303,rural,27,hombre,0,21,0.0
2024,31303,rural,27,mujer,0,20,0.0
2024,31303,rural,28,hombre,1,28,3.5714285714285716
2024,31303,rural,28,mujer,1,16,6.25
2024,31304,rural,16,hombre,0,33,0.0
2024,31304,rural,16,mujer,0,22,0.0
2024,31304,rural,17,hombre,1,34,2.9411764705882355
2024,31304,rural,17,mujer,0,21,0.0
2024,31304,rural,18,hombre,1,34,2.9411764705882355
2024,31304,rural,18,mujer,0,27,0.0
2024,31304,rural,19,hombre,2,48,4.166666666666667
2024,31304,rural,19,mujer,1,27,3.7037037037037037
2024,31304,rural,20,hombre,2,49,4.081632653061225
2024,31304,rural,20,mujer,1,30,3.3333333333333335
2024,31304,rural,21,hombre,1,43,2.3255813953488373
2024,31304,rural,21,mujer,1,17,5.882352941176471
2024,31304,rural,22,hombre,1,40,2.5
2024,31304,rural,22,mujer,0,17,0.0
2024,31304,rural,23,hombre,1,47,2.127659574468085
2024,31304,rural,23,mujer,1,27,3.7037037037037037
2024,31304,rural,24,hombre,0,48,0.0
2024,31304,rural,24,mujer,1,25,4.0
2024,31304,rural,25,hombre,1,43,2.3255813953488373
2024,31304,rural,25,mujer,1,19,5.2631578947368425
2024,31304,rural,26,hombre,0,41,0.0
2024,31304,rural,26,mujer,0,12,0.0
2024,31304,rural,27,hombre,0,28,0.0
2024,31304,rural,27,mujer,0,19,0.0
2024,31304,rural,28,hombre,0,43,0.0
2024,31304,rural,28,mujer,0,11,0.0
2024,31401,rural,16,hombre,0,21,0.0
2024,31401,rural,16,mujer,0,11,0.0
2024,31401,rural,17,hombre,0,23,0.0
2024,31401,rural,17,mujer,0,13,0.0
2024,31401,rural,18,hombre,0,23,0.0
2024,31401,rural,18,mujer,0,29,0.0
2024,31401,rural,19,hombre,0,28,0.0
2024,31401,rural,19,mujer,0,28,0.0
2024,31401,rural,20,hombre,0,26,0.0
2024,31401,rural,20,mujer,1,21,4.761904761904762
2024,31401,rural,21,hombre,1,42,2.380952380952381
2024,31401,rural,21,mujer,1,28,3.5714285714285716
2024,31401,rural,22,hombre,2,35,5.714285714285714
2024,31401,rural,22,mujer,0,29,0.0
2024,31401,rural,23,hombre,0,34,0.0
2024,31401,rural,23,mujer,0,40,0.0
2024,31401,rural,24,hombre,0,57,0.0
2024,31401,rural,24,mujer,0,43,0.0
2024,31401,rural,25,hombre,0,36,0.0
2024,31401,rural,25,mujer,0,36,0.0
2024,31401,rural,26,hombre,0,39,0.0
2024,31401,rural,26,mujer,0,46,0.0
2024,31401,rural,27,hombre,0,44,0.0
2024,31401,rural,27,mujer,0,43,0.0
2024,31401,rural,28,hombre,0,56,0.0
2024,31401,rural,28,mujer,0,38,0.0
2024,31401,urbana,16,hombre,0,77,0.0
2024,31401,urbana,16,mujer,0,58,0.0
2024,31401,urbana,17,hombre,1,79,1.2658227848101267
2024,31401,urbana,17,mujer,1,55,1.8181818181818181
2024,31401,urbana,18,hombre,0,67,0.0
2024,31401,urbana,18,mujer,0,80,0.0
2024,31401,urbana,19,hombre,0,96,0.0
2024,31401,urbana,19,mujer,1,82,1.2195121951219512
2024,31401,urbana,20,hombre,3,92,3.260869565217391
2024,31401,urbana,20,mujer,1,86,1.1627906976744187
2024,31401,urbana,21,hombre,2,103,1.941747572815534
2024,31401,urbana,21,mujer,3,86,3.488372093023256
2024,31401,urbana,22,hombre,3,125,2.4
2024,31401,urbana,22,mujer,2,102,1.9607843137254901
2024,31401,urbana,23,hombre,2,138,1.4492753623188406
2024,31401,urbana,23,mujer,1,130,0.7692307692307693
2024,31401,urbana,24,hombre,3,149,2.0134228187919465
2024,31401,urbana,24,mujer,2,129,1.550387596899225
2024,31401,urbana,25,hombre,3,171,1.7543859649122806
2024,31401,urbana,25,mujer,4,156,2.5641025641025643
2024,31401,urbana,26,hombre,3,147,2.0408163265306123
2024,31401,urbana,26,mujer,3,162,1.8518518518518519
2024,31401,urbana,27,hombre,3,149,2.0134228187919465
2024,31401,urbana,27,mujer,4,158,2.5316455696202533
2024,31401,urbana,28,hombre,8,158,5.063291139240507
2024,31401,urbana,28,mujer,6,152,3.9473684210526314
2024,31402,rural,16,hombre,0,10,0.0
2024,31402,rural,16,mujer,0,6,0.0
2024,31402,rural,17,hombre,0,18,0.0
2024,31402,rural,17,mujer,0,10,0.0
2024,31402,rural,18,hombre,0,16,0.0
2024,31402,rural,18,mujer,0,23,0.0
2024,31402,rural,19,hombre,0,17,0.0
2024,31402,rural,19,mujer,0,14,0.0
2024,31402,rural,20,hombre,0,23,0.0
2024,31402,rural,20,mujer,0,15,0.0
2024,31402,rural,21,hombre,0,37,0.0
2024,31402,rural,21,mujer,0,21,0.0
2024,31402,rural,22,hombre,1,22,4.545454545454546
2024,31402,rural,22,mujer,0,15,0.0
2024,31402,rural,23,hombre,0,21,0.0
2024,31402,rural,23,mujer,0,16,0.0
2024,31402,rural,24,hombre,0,22,0.0
2024,31402,rural,24,mujer,0,25,0.0
2024,31402,rural,25,hombre,0,22,0.0
2024,31402,rural,25,mujer,0,21,0.0
2024,31402,rural,26,hombre,1,28,3.5714285714285716
2024,31402,rural,26,mujer,0,30,0.0
2024,31402,rural,27,hombre,0,31,0.0
2024,31402,rural,27,mujer,0,27,0.0
2024,31402,rural,28,hombre,0,36,0.0
2024,31402,rural,28,mujer,1,24,4.166666666666667
2024,31402,urbana,16,hombre,0,14,0.0
2024,31402,urbana,16,mujer,0,5,0.0
2024,31402,urbana,17,hombre,0,13,0.0
2024,31402,urbana,17,mujer,0,14,0.0
2024,31402,urbana,18,hombre,1,12,8.333333333333334
2024,31402,urbana,18,mujer,0,13,0.0
2024,31402,urbana,19,hombre,0,16,0.0
2024,31402,urbana,19,mujer,1,15,6.666666666666667
2024,31402,urbana,20,hombre,0,17,0.0
2024,31402,urbana,20,mujer,0,14,0.0
2024,31402,urbana,21,hombre,0,24,0.0
2024,31402,urbana,21,mujer,0,10,0.0
2024,31402,urbana,22,hombre,0,17,0.0
2024,31402,urbana,22,mujer,0,17,0.0
2024,31402,urbana,23,hombre,1,11,9.090909090909092
2024,31402,urbana,23,mujer,1,19,5.2631578947368425
2024,31402,urbana,24,hombre,0,17,0.0
2024,31402,urbana,24,mujer,0,17,0.0
2024,31402,urbana,25,hombre,0,16,0.0
2024,31402,urbana,25,mujer,0,12,0.0
2024,31402,urbana,26,hombre,0,15,0.0
2024,31402,urbana,26,mujer,0,22,0.0
2024,31402,urbana,27,hombre,0,17,0.0
2024,31402,urbana,27,mujer,2,16,12.5
2024,31402,urbana,28,hombre,0,11,0.0
2024,31402,urbana,28,mujer,0,12,0.0
2024,31403,rural,16,hombre,0,7,0.0
2024,31403,rural,16,mujer,0,7,0.0
2024,31403,rural,17,hombre,0,14,0.0
2024,31403,rural,17,mujer,0,7,0.0
2024,31403,rural,18,hombre,0,11,0.0
2024,31403,rural,18,mujer,0,11,0.0
2024,31403,rural,19,hombre,0,18,0.0
2024,31403,rural,19,mujer,0,5,0.0
2024,31403,rural,20,hombre,0,23,0.0
2024,31403,rural,20,mujer,0,14,0.0
2024,31403,rural,21,hombre,0,18,0.0
2024,31403,rural,21,mujer,0,10,0.0
2024,31403,rural,22,hombre,1,22,4.545454545454546
2024,31403,rural,22,mujer,1,19,5.2631578947368425
2024,31403,rural,23,hombre,0,18,0.0
2024,31403,rural,23,mujer,0,17,0.0
2024,31403,rural,24,hombre,0,18,0.0
2024,31403,rural,24,mujer,3,17,17.647058823529413
2024,31403,rural,25,hombre,0,19,0.0
2024,31403,rural,25,mujer,0,23,0.0
2024,31403,rural,26,hombre,1,24,4.166666666666667
2024,31403,rural,26,mujer,0,12,0.0
2024,31403,rural,27,hombre,1,30,3.3333333333333335
2024,31403,rural,27,mujer,0,13,0.0
2024,31403,rural,28,hombre,0,34,0.0
2024,31403,rural,28,mujer,0,25,0.0
2024,31403,urbana,16,hombre,0,20,0.0
2024,31403,urbana,16,mujer,1,14,7.142857142857143
2024,31403,urbana,17,hombre,0,34,0.0
2024,31403,urbana,17,mujer,0,15,0.0
2024,31403,urbana,18,hombre,1,24,4.166666666666667
2024,31403,urbana,18,mujer,0,19,0.0
2024,31403,urbana,19,hombre,1,27,3.7037037037037037
2024,31403,urbana,19,mujer,0,30,0.0
2024,31403,urbana,20,hombre,0,38,0.0
2024,31403,urbana,20,mujer,0,22,0.0
2024,31403,urbana,21,hombre,1,30,3.3333333333333335
2024,31403,urbana,21,mujer,0,23,0.0
2024,31403,urbana,22,hombre,2,44,4.545454545454546
2024,31403,urbana,22,mujer,0,33,0.0
2024,31403,urbana,23,hombre,0,38,0.0
2024,31403,urbana,23,mujer,0,30,0.0
2024,31403,urbana,24,hombre,1,47,2.127659574468085
2024,31403,urbana,24,mujer,1,32,3.125
2024,31403,urbana,25,hombre,2,41,4.878048780487805
2024,31403,urbana,25,mujer,0,35,0.0
2024,31403,urbana,26,hombre,2,60,3.3333333333333335
2024,31403,urbana,26,mujer,0,43,0.0
2024,31403,urbana,27,hombre,1,41,2.4390243902439024
2024,31403,urbana,27,mujer,0,42,0.0
2024,31403,urbana,28,hombre,3,55,5.454545454545454
2024,31403,urbana,28,mujer,3,45,6.666666666666667
2024,31404,rural,16,hombre,0,6,0.0
2024,31404,rural,16,mujer,0,2,0.0
2024,31404,rural,17,hombre,0,3,0.0
2024,31404,rural,18,hombre,0,5,0.0
2024,31404,rural,18,mujer,0,5,0.0
2024,31404,rural,19,hombre,0,3,0.0
2024,31404,rural,19,mujer,0,3,0.0
2024,31404,rural,20,hombre,0,5,0.0
2024,31404,rural,20,mujer,0,3,0.0
2024,31404,rural,21,hombre,1,4,25.0
2024,31404,rural,21,mujer,0,4,0.0
2024,31404,rural,22,hombre,0,2,0.0
2024,31404,rural,22,mujer,0,6,0.0
2024,31404,rural,23,hombre,0,2,0.0
2024,31404,rural,23,mujer,0,4,0.0
2024,31404,rural,24,hombre,0,4,0.0
2024,31404,rural,24,mujer,1,7,14.285714285714286
2024,31404,rural,25,hombre,2,7,28.571428571428573
2024,31404,rural,25,mujer,0,1,0.0
2024,31404,rural,26,hombre,0,7,0.0
2024,31404,rural,26,mujer,0,6,0.0
2024,31404,rural,27,hombre,0,2,0.0
2024,31404,rural,27,mujer,0,6,0.0
2024,31404,rural,28,hombre,0,5,0.0
2024,31404,rural,28,mujer,0,4,0.0
2024,31405,rural,16,hombre,0,3,0.0
2024,31405,rural,16,mujer,0,5,0.0
2024,31405,rural,17,hombre,0,3,0.0
2024,31405,rural,17,mujer,0,5,0.0
2024,31405,rural,18,hombre,0,9,0.0
2024,31405,rural,18,mujer,0,6,0.0
2024,31405,rural,19,hombre,0,13,0.0
2024,31405,rural,19,mujer,0,4,0.0
2024,31405,rural,20,hombre,0,11,0.0
2024,31405,rural,20,mujer,0,11,0.0
2024,31405,rural,21,hombre,1,15,6.666666666666667
2024,31405,rural,21,mujer,1,5,20.0
2024,31405,rural,22,hombre,0,14,0.0
2024,31405,rural,22,mujer,0,12,0.0
2024,31405,rural,23,hombre,0,14,0.0
2024,31405,rural,23,mujer,0,14,0.0
2024,31405,rural,24,hombre,0,20,0.0
2024,31405,rural,24,mujer,1,13,7.6923076923076925
2024,31405,rural,25,hombre,0,22,0.0
2024,31405,rural,25,mujer,0,21,0.0
2024,31405,rural,26,hombre,0,14,0.0
2024,31405,rural,26,mujer,1,16,6.25
2024,31405,rural,27,hombre,0,25,0.0
2024,31405,rural,27,mujer,0,11,0.0
2024,31405,rural,28,hombre,0,18,0.0
2024,31405,rural,28,mujer,0,20,0.0
2024,31501,rural,16,hombre,1,16,6.25
2024,31501,rural,16,mujer,0,12,0.0
2024,31501,rural,17,hombre,0,10,0.0
2024,31501,rural,17,mujer,0,8,0.0
2024,31501,rural,18,hombre,0,13,0.0
2024,31501,rural,18,mujer,1,14,7.142857142857143
2024,31501,rural,19,hombre,0,15,0.0
2024,31501,rural,19,mujer,0,16,0.0
2024,31501,rural,20,hombre,2,29,6.896551724137931
2024,31501,rural,20,mujer,3,24,12.5
2024,31501,rural,21,hombre,1,37,2.7027027027027026
2024,31501,rural,21,mujer,0,23,0.0
2024,31501,rural,22,hombre,4,51,7.8431372549019605
2024,31501,rural,22,mujer,1,13,7.6923076923076925
2024,31501,rural,23,hombre,1,49,2.0408163265306123
2024,31501,rural,23,mujer,0,19,0.0
2024,31501,rural,24,hombre,0,54,0.0
2024,31501,rural,24,mujer,1,25,4.0
2024,31501,rural,25,hombre,0,41,0.0
2024,31501,rural,25,mujer,2,20,10.0
2024,31501,rural,26,hombre,0,34,0.0
2024,31501,rural,26,mujer,0,21,0.0
2024,31501,rural,27,hombre,0,46,0.0
2024,31501,rural,27,mujer,1,19,5.2631578947368425
2024,31501,rural,28,hombre,0,42,0.0
2024,31501,rural,28,mujer,0,20,0.0
2024,31601,rural,16,hombre,0,57,0.0
2024,31601,rural,16,mujer,0,47,0.0
2024,31601,rural,17,hombre,0,62,0.0
2024,31601,rural,17,mujer,0,57,0.0
2024,31601,rural,18,hombre,0,79,0.0
2024,31601,rural,18,mujer,1,58,1.7241379310344827
2024,31601,rural,19,hombre,0,80,0.0
2024,31601,rural,19,mujer,0,53,0.0
2024,31601,rural,20,hombre,2,73,2.73972602739726
2024,31601,rural,20,mujer,1,54,1.8518518518518519
2024,31601,rural,21,hombre,1,92,1.0869565217391304
2024,31601,rural,21,mujer,1,74,1.3513513513513513
2024,31601,rural,22,hombre,2,78,2.5641025641025643
2024,31601,rural,22,mujer,0,69,0.0
2024,31601,rural,23,hombre,1,106,0.9433962264150944
2024,31601,rural,23,mujer,2,74,2.7027027027027026
2024,31601,rural,24,hombre,1,99,1.0101010101010102
2024,31601,rural,24,mujer,3,89,3.3707865168539324
2024,31601,rural,25,hombre,0,99,0.0
2024,31601,rural,25,mujer,0,81,0.0
2024,31601,rural,26,hombre,1,92,1.0869565217391304
2024,31601,rural,26,mujer,0,63,0.0
2024,31601,rural,27,hombre,0,93,0.0
2024,31601,rural,27,mujer,2,65,3.076923076923077
2024,31601,rural,28,hombre,2,85,2.3529411764705883
2024,31601,rural,28,mujer,1,66,1.5151515151515151
2024,31601,urbana,16,hombre,1,5,20.0
2024,31601,urbana,16,mujer,0,7,0.0
2024,31601,urbana,17,hombre,0,11,0.0
2024,31601,urbana,17,mujer,0,4,0.0
2024,31601,urbana,18,hombre,0,8,0.0
2024,31601,urbana,18,mujer,0,3,0.0
2024,31601,urbana,19,hombre,0,11,0.0
2024,31601,urbana,19,mujer,0,6,0.0
2024,31601,urbana,20,hombre,0,12,0.0
2024,31601,urbana,20,mujer,0,5,0.0
2024,31601,urbana,21,hombre,0,12,0.0
2024,31601,urbana,21,mujer,0,12,0.0
2024,31601,urbana,22,hombre,0,16,0.0
2024,31601,urbana,22,mujer,0,7,0.0
2024,31601,urbana,23,hombre,0,17,0.0
2024,31601,urbana,23,mujer,0,14,0.0
2024,31601,urbana,24,hombre,1,13,7.6923076923076925
2024,31601,urbana,24,mujer,0,12,0.0
2024,31601,urbana,25,hombre,0,15,0.0
2024,31601,urbana,25,mujer,0,14,0.0
2024,31601,urbana,26,hombre,1,13,7.6923076923076925
2024,31601,urbana,26,mujer,0,10,0.0
2024,31601,urbana,27,hombre,0,16,0.0
2024,31601,urbana,27,mujer,0,17,0.0
2024,31601,urbana,28,hombre,0,16,0.0
2024,31601,urbana,28,mujer,0,12,0.0
2024,31602,rural,16,hombre,0,77,0.0
2024,31602,rural,16,mujer,0,43,0.0
2024,31602,rural,17,hombre,0,95,0.0
2024,31602,rural,17,mujer,0,56,0.0
2024,31602,rural,18,hombre,1,116,0.8620689655172413
2024,31602,rural,18,mujer,1,59,1.694915254237288
2024,31602,rural,19,hombre,0,98,0.0
2024,31602,rural,19,mujer,1,86,1.1627906976744187
2024,31602,rural,20,hombre,2,151,1.3245033112582782
2024,31602,rural,20,mujer,3,80,3.75
2024,31602,rural,21,hombre,2,117,1.7094017094017093
2024,31602,rural,21,mujer,2,88,2.272727272727273
2024,31602,rural,22,hombre,0,136,0.0
2024,31602,rural,22,mujer,3,107,2.803738317757009
2024,31602,rural,23,hombre,1,146,0.684931506849315
2024,31602,rural,23,mujer,0,77,0.0
2024,31602,rural,24,hombre,1,153,0.6535947712418301
2024,31602,rural,24,mujer,2,98,2.0408163265306123
2024,31602,rural,25,hombre,1,158,0.6329113924050633
2024,31602,rural,25,mujer,2,100,2.0
2024,31602,rural,26,hombre,4,142,2.816901408450704
2024,31602,rural,26,mujer,0,108,0.0
2024,31602,rural,27,hombre,2,124,1.6129032258064515
2024,31602,rural,27,mujer,0,93,0.0
2024,31602,rural,28,hombre,1,132,0.7575757575757576
2024,31602,rural,28,mujer,0,95,0.0
2024,31602,urbana,16,hombre,0,39,0.0
2024,31602,urbana,16,mujer,1,33,3.0303030303030303
2024,31602,urbana,17,hombre,2,50,4.0
2024,31602,urbana,17,mujer,1,43,2.3255813953488373
2024,31602,urbana,18,hombre,0,50,0.0
2024,31602,urbana,18,mujer,1,39,2.5641025641025643
2024,31602,urbana,19,hombre,2,50,4.0
2024,31602,urbana,19,mujer,1,51,1.9607843137254901
2024,31602,urbana,20,hombre,0,63,0.0
2024,31602,urbana,20,mujer,2,56,3.5714285714285716
2024,31602,urbana,21,hombre,2,57,3.508771929824561
2024,31602,urbana,21,mujer,0,47,0.0
2024,31602,urbana,22,hombre,3,58,5.172413793103448
2024,31602,urbana,22,mujer,2,59,3.389830508474576
2024,31602,urbana,23,hombre,3,87,3.4482758620689653
2024,31602,urbana,23,mujer,0,65,0.0
2024,31602,urbana,24,hombre,2,61,3.278688524590164
2024,31602,urbana,24,mujer,5,60,8.333333333333334
2024,31602,urbana,25,hombre,7,73,9.58904109589041
2024,31602,urbana,25,mujer,1,68,1.4705882352941178
2024,31602,urbana,26,hombre,0,55,0.0
2024,31602,urbana,26,mujer,2,67,2.985074626865672
2024,31602,urbana,27,hombre,2,70,2.857142857142857
2024,31602,urbana,27,mujer,2,67,2.985074626865672
2024,31602,urbana,28,hombre,2,79,2.5316455696202533
2024,31602,urbana,28,mujer,2,64,3.125
2024,40101,rural,21,hombre,0,1,0.0
2024,40101,rural,22,hombre,0,1,0.0
2024,40101,rural,22,mujer,0,1,0.0
2024,40101,rural,24,hombre,0,1,0.0
2024,40101,rural,25,hombre,0,1,0.0
2024,40101,rural,25,mujer,0,1,0.0
2024,40101,rural,26,hombre,0,3,0.0
2024,40101,rural,28,mujer,0,1,0.0
2024,40101,urbana,16,hombre,10,489,2.044989775051125
2024,40101,urbana,16,mujer,6,381,1.5748031496062993
2024,40101,urbana,17,hombre,8,553,1.4466546112115732
2024,40101,urbana,17,mujer,3,477,0.6289308176100629
2024,40101,urbana,18,hombre,17,772,2.2020725388601035
2024,40101,urbana,18,mujer,13,694,1.8731988472622478
2024,40101,urbana,19,hombre,26,929,2.798708288482239
2024,40101,urbana,19,mujer,17,838,2.028639618138425
2024,40101,urbana,20,hombre,20,1132,1.7667844522968197
2024,40101,urbana,20,mujer,13,908,1.4317180616740088
2024,40101,urbana,21,hombre,48,1365,3.5164835164835164
2024,40101,urbana,21,mujer,16,983,1.6276703967446593
2024,40101,urbana,22,hombre,41,1538,2.6657997399219764
2024,40101,urbana,22,mujer,32,1050,3.0476190476190474
2024,40101,urbana,23,hombre,58,1754,3.30672748004561
2024,40101,urbana,23,mujer,28,1270,2.204724409448819
2024,40101,urbana,24,hombre,55,1762,3.1214528944381383
2024,40101,urbana,24,mujer,27,1451,1.8607856650585803
2024,40101,urbana,25,hombre,43,1758,2.445961319681456
2024,40101,urbana,25,mujer,30,1421,2.1111893033075297
2024,40101,urbana,26,hombre,66,1836,3.5947712418300655
2024,40101,urbana,26,mujer,39,1518,2.569169960474308
2024,40101,urbana,27,hombre,65,1916,3.392484342379958
2024,40101,urbana,27,mujer,36,1544,2.33160621761658
2024,40101,urbana,28,hombre,63,1970,3.197969543147208
2024,40101,urbana,28,mujer,39,1690,2.3076923076923075
2024,40102,rural,16,hombre,0,23,0.0
2024,40102,rural,16,mujer,0,23,0.0
2024,40102,rural,17,hombre,0,25,0.0
2024,40102,rural,17,mujer,0,24,0.0
2024,40102,rural,18,hombre,0,43,0.0
2024,40102,rural,18,mujer,0,38,0.0
2024,40102,rural,19,hombre,0,50,0.0
2024,40102,rural,19,mujer,0,40,0.0
2024,40102,rural,20,hombre,3,54,5.555555555555555
2024,40102,rural,20,mujer,0,46,0.0
2024,40102,rural,21,hombre,2,64,3.125
2024,40102,rural,21,mujer,1,41,2.4390243902439024
2024,40102,rural,22,hombre,1,68,1.4705882352941178
2024,40102,rural,22,mujer,1,50,2.0
2024,40102,rural,23,hombre,1,64,1.5625
2024,40102,rural,23,mujer,0,56,0.0
2024,40102,rural,24,hombre,0,105,0.0
2024,40102,rural,24,mujer,4,58,6.896551724137931
2024,40102,rural,25,hombre,1,86,1.1627906976744187
2024,40102,rural,25,mujer,1,54,1.8518518518518519
2024,40102,rural,26,hombre,0,85,0.0
2024,40102,rural,26,mujer,0,64,0.0
2024,40102,rural,27,hombre,2,79,2.5316455696202533
2024,40102,rural,27,mujer,1,79,1.2658227848101267
2024,40102,rural,28,hombre,0,82,0.0
2024,40102,rural,28,mujer,1,62,1.6129032258064515
2024,40102,urbana,16,hombre,0,18,0.0
2024,40102,urbana,16,mujer,0,16,0.0
2024,40102,urbana,17,hombre,0,20,0.0
2024,40102,urbana,17,mujer,0,13,0.0
2024,40102,urbana,18,hombre,0,24,0.0
2024,40102,urbana,18,mujer,1,21,4.761904761904762
2024,40102,urbana,19,hombre,2,42,4.761904761904762
2024,40102,urbana,19,mujer,0,16,0.0
2024,40102,urbana,20,hombre,0,34,0.0
2024,40102,urbana,20,mujer,1,18,5.555555555555555
2024,40102,urbana,21,hombre,0,46,0.0
2024,40102,urbana,21,mujer,0,33,0.0
2024,40102,urbana,22,hombre,0,48,0.0
2024,40102,urbana,22,mujer,0,30,0.0
2024,40102,urbana,23,hombre,1,62,1.6129032258064515
2024,40102,urbana,23,mujer,0,29,0.0
2024,40102,urbana,24,hombre,2,53,3.7735849056603774
2024,40102,urbana,24,mujer,1,33,3.0303030303030303
2024,40102,urbana,25,hombre,2,52,3.8461538461538463
2024,40102,urbana,25,mujer,0,37,0.0
2024,40102,urbana,26,hombre,1,53,1.8867924528301887
2024,40102,urbana,26,mujer,2,40,5.0
2024,40102,urbana,27,hombre,0,46,0.0
2024,40102,urbana,27,mujer,1,34,2.9411764705882355
2024,40102,urbana,28,hombre,2,39,5.128205128205129
2024,40102,urbana,28,mujer,1,27,3.7037037037037037
2024,40103,rural,16,hombre,1,21,4.761904761904762
2024,40103,rural,16,mujer,0,23,0.0
2024,40103,rural,17,hombre,0,16,0.0
2024,40103,rural,17,mujer,0,22,0.0
2024,40103,rural,18,hombre,0,27,0.0
2024,40103,rural,18,mujer,1,23,4.3478260869565215
2024,40103,rural,19,hombre,0,38,0.0
2024,40103,rural,19,mujer,0,33,0.0
2024,40103,rural,20,hombre,0,35,0.0
2024,40103,rural,20,mujer,1,35,2.857142857142857
2024,40103,rural,21,hombre,0,37,0.0
2024,40103,rural,21,mujer,2,34,5.882352941176471
2024,40103,rural,22,hombre,0,41,0.0
2024,40103,rural,22,mujer,0,40,0.0
2024,40103,rural,23,hombre,0,56,0.0
2024,40103,rural,23,mujer,1,41,2.4390243902439024
2024,40103,rural,24,hombre,0,62,0.0
2024,40103,rural,24,mujer,1,39,2.5641025641025643
2024,40103,rural,25,hombre,0,57,0.0
2024,40103,rural,25,mujer,0,41,0.0
2024,40103,rural,26,hombre,0,36,0.0
2024,40103,rural,26,mujer,1,47,2.127659574468085
2024,40103,rural,27,hombre,0,57,0.0
2024,40103,rural,27,mujer,1,45,2.2222222222222223
2024,40103,rural,28,hombre,0,55,0.0
2024,40103,rural,28,mujer,0,46,0.0
2024,40104,rural,16,hombre,0,42,0.0
2024,40104,rural,16,mujer,0,29,0.0
2024,40104,rural,17,hombre,0,35,0.0
2024,40104,rural,17,mujer,0,25,0.0
2024,40104,rural,18,hombre,1,35,2.857142857142857
2024,40104,rural,18,mujer,0,41,0.0
2024,40104,rural,19,hombre,1,59,1.694915254237288
2024,40104,rural,19,mujer,0,43,0.0
2024,40104,rural,20,hombre,2,67,2.985074626865672
2024,40104,rural,20,mujer,1,59,1.694915254237288
2024,40104,rural,21,hombre,0,70,0.0
2024,40104,rural,21,mujer,1,59,1.694915254237288
2024,40104,rural,22,hombre,2,72,2.7777777777777777
2024,40104,rural,22,mujer,1,74,1.3513513513513513
2024,40104,rural,23,hombre,1,103,0.970873786407767
2024,40104,rural,23,mujer,1,61,1.639344262295082
2024,40104,rural,24,hombre,2,88,2.272727272727273
2024,40104,rural,24,mujer,0,55,0.0
2024,40104,rural,25,hombre,2,96,2.0833333333333335
2024,40104,rural,25,mujer,0,85,0.0
2024,40104,rural,26,hombre,0,88,0.0
2024,40104,rural,26,mujer,0,65,0.0
2024,40104,rural,27,hombre,1,118,0.847457627118644
2024,40104,rural,27,mujer,1,64,1.5625
2024,40104,rural,28,hombre,1,91,1.098901098901099
2024,40104,rural,28,mujer,1,89,1.1235955056179776
2024,40201,rural,16,hombre,2,45,4.444444444444445
2024,40201,rural,16,mujer,0,21,0.0
2024,40201,rural,17,hombre,0,41,0.0
2024,40201,rural,17,mujer,0,22,0.0
2024,40201,rural,18,hombre,0,51,0.0
2024,40201,rural,18,mujer,1,56,1.7857142857142858
2024,40201,rural,19,hombre,2,79,2.5316455696202533
2024,40201,rural,19,mujer,0,44,0.0
2024,40201,rural,20,hombre,0,93,0.0
2024,40201,rural,20,mujer,0,64,0.0
2024,40201,rural,21,hombre,0,125,0.0
2024,40201,rural,21,mujer,1,70,1.4285714285714286
2024,40201,rural,22,hombre,1,106,0.9433962264150944
2024,40201,rural,22,mujer,3,71,4.225352112676056
2024,40201,rural,23,hombre,3,119,2.5210084033613445
2024,40201,rural,23,mujer,0,71,0.0
2024,40201,rural,24,hombre,0,139,0.0
2024,40201,rural,24,mujer,2,96,2.0833333333333335
2024,40201,rural,25,hombre,0,134,0.0
2024,40201,rural,25,mujer,1,53,1.8867924528301887
2024,40201,rural,26,hombre,1,146,0.684931506849315
2024,40201,rural,26,mujer,0,74,0.0
2024,40201,rural,27,hombre,3,146,2.0547945205479454
2024,40201,rural,27,mujer,0,66,0.0
2024,40201,rural,28,hombre,3,148,2.027027027027027
2024,40201,rural,28,mujer,2,76,2.6315789473684212
2024,40201,urbana,16,hombre,0,57,0.0
2024,40201,urbana,16,mujer,0,48,0.0
2024,40201,urbana,17,hombre,1,61,1.639344262295082
2024,40201,urbana,17,mujer,2,55,3.6363636363636362
2024,40201,urbana,18,hombre,1,52,1.9230769230769231
2024,40201,urbana,18,mujer,0,52,0.0
2024,40201,urbana,19,hombre,1,64,1.5625
2024,40201,urbana,19,mujer,1,51,1.9607843137254901
2024,40201,urbana,20,hombre,1,53,1.8867924528301887
2024,40201,urbana,20,mujer,1,63,1.5873015873015872
2024,40201,urbana,21,hombre,3,51,5.882352941176471
2024,40201,urbana,21,mujer,0,48,0.0
2024,40201,urbana,22,hombre,1,68,1.4705882352941178
2024,40201,urbana,22,mujer,0,64,0.0
2024,40201,urbana,23,hombre,0,56,0.0
2024,40201,urbana,23,mujer,0,76,0.0
2024,40201,urbana,24,hombre,2,84,2.380952380952381
2024,40201,urbana,24,mujer,3,58,5.172413793103448
2024,40201,urbana,25,hombre,4,82,4.878048780487805
2024,40201,urbana,25,mujer,2,80,2.5
2024,40201,urbana,26,hombre,5,81,6.172839506172839
2024,40201,urbana,26,mujer,1,75,1.3333333333333333
2024,40201,urbana,27,hombre,4,73,5.47945205479452
2024,40201,urbana,27,mujer,1,69,1.4492753623188406
2024,40201,urbana,28,hombre,3,66,4.545454545454546
2024,40201,urbana,28,mujer,2,77,2.5974025974025974
2024,40202,rural,16,hombre,0,10,0.0
2024,40202,rural,16,mujer,0,5,0.0
2024,40202,rural,17,hombre,0,12,0.0
2024,40202,rural,17,mujer,0,6,0.0
2024,40202,rural,18,hombre,0,10,0.0
2024,40202,rural,18,mujer,0,7,0.0
2024,40202,rural,19,hombre,0,17,0.0
2024,40202,rural,19,mujer,0,9,0.0
2024,40202,rural,20,hombre,0,30,0.0
2024,40202,rural,20,mujer,0,7,0.0
2024,40202,rural,21,hombre,1,18,5.555555555555555
2024,40202,rural,21,mujer,0,16,0.0
2024,40202,rural,22,hombre,1,20,5.0
2024,40202,rural,22,mujer,0,11,0.0
2024,40202,rural,23,hombre,0,25,0.0
2024,40202,rural,23,mujer,0,18,0.0
2024,40202,rural,24,hombre,0,25,0.0
2024,40202,rural,24,mujer,1,15,6.666666666666667
2024,40202,rural,25,hombre,0,19,0.0
2024,40202,rural,25,mujer,0,12,0.0
2024,40202,rural,26,hombre,0,27,0.0
2024,40202,rural,26,mujer,1,15,6.666666666666667
2024,40202,rural,27,hombre,0,30,0.0
2024,40202,rural,27,mujer,0,21,0.0
2024,40202,rural,28,hombre,0,35,0.0
2024,40202,rural,28,mujer,0,24,0.0
2024,40301,rural,16,hombre,1,18,5.555555555555555
2024,40301,rural,16,mujer,0,13,0.0
2024,40301,rural,17,hombre,0,10,0.0
2024,40301,rural,17,mujer,0,16,0.0
2024,40301,rural,18,hombre,0,29,0.0
2024,40301,rural,18,mujer,0,18,0.0
2024,40301,rural,19,hombre,0,31,0.0
2024,40301,rural,19,mujer,2,40,5.0
2024,40301,rural,20,hombre,2,37,5.405405405405405
2024,40301,rural,20,mujer,1,36,2.7777777777777777
2024,40301,rural,21,hombre,1,50,2.0
2024,40301,rural,21,mujer,1,41,2.4390243902439024
2024,40301,rural,22,hombre,0,51,0.0
2024,40301,rural,22,mujer,1,48,2.0833333333333335
2024,40301,rural,23,hombre,0,75,0.0
2024,40301,rural,23,mujer,1,62,1.6129032258064515
2024,40301,rural,24,hombre,1,72,1.3888888888888888
2024,40301,rural,24,mujer,1,66,1.5151515151515151
2024,40301,rural,25,hombre,2,69,2.898550724637681
2024,40301,rural,25,mujer,0,48,0.0
2024,40301,rural,26,hombre,1,75,1.3333333333333333
2024,40301,rural,26,mujer,2,55,3.6363636363636362
2024,40301,rural,27,hombre,3,56,5.357142857142857
2024,40301,rural,27,mujer,1,50,2.0
2024,40301,rural,28,hombre,1,86,1.1627906976744187
2024,40301,rural,28,mujer,1,60,1.6666666666666667
2024,40302,rural,16,hombre,0,2,0.0
2024,40302,rural,16,mujer,0,1,0.0
2024,40302,rural,17,hombre,0,3,0.0
2024,40302,rural,17,mujer,0,3,0.0
2024,40302,rural,18,hombre,0,3,0.0
2024,40302,rural,18,mujer,0,5,0.0
2024,40302,rural,19,hombre,0,4,0.0
2024,40302,rural,19,mujer,0,4,0.0
2024,40302,rural,20,hombre,0,8,0.0
2024,40302,rural,20,mujer,0,3,0.0
2024,40302,rural,21,hombre,0,6,0.0
2024,40302,rural,21,mujer,0,6,0.0
2024,40302,rural,22,hombre,0,6,0.0
2024,40302,rural,22,mujer,0,4,0.0
2024,40302,rural,23,hombre,0,13,0.0
2024,40302,rural,23,mujer,0,6,0.0
2024,40302,rural,24,hombre,0,14,0.0
2024,40302,rural,24,mujer,0,9,0.0
2024,40302,rural,25,hombre,0,10,0.0
2024,40302,rural,25,mujer,0,6,0.0
2024,40302,rural,26,hombre,0,10,0.0
2024,40302,rural,26,mujer,0,11,0.0
2024,40302,rural,27,hombre,0,9,0.0
2024,40302,rural,27,mujer,0,8,0.0
2024,40302,rural,28,hombre,0,11,0.0
2024,40302,rural,28,mujer,0,12,0.0
2024,40401,rural,16,hombre,0,12,0.0
2024,40401,rural,16,mujer,0,6,0.0
2024,40401,rural,17,hombre,1,18,5.555555555555555
2024,40401,rural,17,mujer,1,10,10.0
2024,40401,rural,18,hombre,1,18,5.555555555555555
2024,40401,rural,18,mujer,0,14,0.0
2024,40401,rural,19,hombre,1,24,4.166666666666667
2024,40401,rural,19,mujer,2,13,15.384615384615385
2024,40401,rural,20,hombre,1,20,5.0
2024,40401,rural,20,mujer,0,18,0.0
2024,40401,rural,21,hombre,0,27,0.0
2024,40401,rural,21,mujer,0,11,0.0
2024,40401,rural,22,hombre,2,36,5.555555555555555
2024,40401,rural,22,mujer,0,20,0.0
2024,40401,rural,23,hombre,0,37,0.0
2024,40401,rural,23,mujer,0,19,0.0
2024,40401,rural,24,hombre,1,31,3.225806451612903
2024,40401,rural,24,mujer,0,27,0.0
2024,40401,rural,25,hombre,0,39,0.0
2024,40401,rural,25,mujer,0,23,0.0
2024,40401,rural,26,hombre,0,31,0.0
2024,40401,rural,26,mujer,0,38,0.0
2024,40401,rural,27,hombre,0,26,0.0
2024,40401,rural,27,mujer,1,17,5.882352941176471
2024,40401,rural,28,hombre,0,37,0.0
2024,40401,rural,28,mujer,0,24,0.0
2024,40402,rural,16,hombre,0,6,0.0
2024,40402,rural,16,mujer,0,2,0.0
2024,40402,rural,17,hombre,0,7,0.0
2024,40402,rural,17,mujer,0,10,0.0
2024,40402,rural,18,hombre,0,18,0.0
2024,40402,rural,18,mujer,0,11,0.0
2024,40402,rural,19,hombre,0,8,0.0
2024,40402,rural,19,mujer,0,20,0.0
2024,40402,rural,20,hombre,0,21,0.0
2024,40402,rural,20,mujer,0,8,0.0
2024,40402,rural,21,hombre,0,20,0.0
2024,40402,rural,21,mujer,0,17,0.0
2024,40402,rural,22,hombre,0,22,0.0
2024,40402,rural,22,mujer,0,14,0.0
2024,40402,rural,23,hombre,0,21,0.0
2024,40402,rural,23,mujer,0,28,0.0
2024,40402,rural,24,hombre,0,31,0.0
2024,40402,rural,24,mujer,0,23,0.0
2024,40402,rural,25,hombre,0,29,0.0
2024,40402,rural,25,mujer,0,25,0.0
2024,40402,rural,26,hombre,0,24,0.0
2024,40402,rural,26,mujer,1,16,6.25
2024,40402,rural,27,hombre,2,32,6.25
2024,40402,rural,27,mujer,0,21,0.0
2024,40402,rural,28,hombre,1,25,4.0
2024,40402,rural,28,mujer,2,25,8.0
2024,40501,rural,18,mujer,0,1,0.0
2024,40501,rural,20,mujer,0,3,0.0
2024,40501,rural,25,hombre,0,1,0.0
2024,40501,rural,26,hombre,0,1,0.0
2024,40501,rural,27,mujer,0,1,0.0
2024,40501,rural,28,hombre,0,1,0.0
2024,40501,urbana,16,hombre,0,4,0.0
2024,40501,urbana,16,mujer,0,2,0.0
2024,40501,urbana,17,hombre,0,4,0.0
2024,40501,urbana,17,mujer,0,3,0.0
2024,40501,urbana,18,hombre,0,6,0.0
2024,40501,urbana,18,mujer,0,9,0.0
2024,40501,urbana,19,hombre,0,11,0.0
2024,40501,urbana,19,mujer,0,12,0.0
2024,40501,urbana,20,hombre,0,13,0.0
2024,40501,urbana,20,mujer,0,9,0.0
2024,40501,urbana,21,hombre,0,14,0.0
2024,40501,urbana,21,mujer,0,17,0.0
2024,40501,urbana,22,hombre,0,15,0.0
2024,40501,urbana,22,mujer,0,11,0.0
2024,40501,urbana,23,hombre,2,26,7.6923076923076925
2024,40501,urbana,23,mujer,0,17,0.0
2024,40501,urbana,24,hombre,0,24,0.0
2024,40501,urbana,24,mujer,0,17,0.0
2024,40501,urbana,25,hombre,1,26,3.8461538461538463
2024,40501,urbana,25,mujer,0,21,0.0
2024,40501,urbana,26,hombre,2,23,8.695652173913043
2024,40501,urbana,26,mujer,0,14,0.0
2024,40501,urbana,27,hombre,1,32,3.125
2024,40501,urbana,27,mujer,1,16,6.25
2024,40501,urbana,28,hombre,0,22,0.0
2024,40501,urbana,28,mujer,0,16,0.0
2024,40502,rural,16,hombre,0,2,0.0
2024,40502,rural,16,mujer,0,3,0.0
2024,40502,rural,17,hombre,0,1,0.0
2024,40502,rural,17,mujer,0,4,0.0
2024,40502,rural,18,hombre,0,6,0.0
2024,40502,rural,18,mujer,0,3,0.0
2024,40502,rural,19,hombre,0,5,0.0
2024,40502,rural,19,mujer,0,3,0.0
2024,40502,rural,20,hombre,0,5,0.0
2024,40502,rural,20,mujer,0,3,0.0
2024,40502,rural,21,hombre,0,8,0.0
2024,40502,rural,21,mujer,0,3,0.0
2024,40502,rural,22,hombre,0,9,0.0
2024,40502,rural,22,mujer,0,7,0.0
2024,40502,rural,23,hombre,0,5,0.0
2024,40502,rural,23,mujer,0,5,0.0
2024,40502,rural,24,hombre,0,8,0.0
2024,40502,rural,24,mujer,0,3,0.0
2024,40502,rural,25,hombre,0,4,0.0
2024,40502,rural,25,mujer,0,10,0.0
2024,40502,rural,26,hombre,0,8,0.0
2024,40502,rural,26,mujer,0,5,0.0
2024,40502,rural,27,hombre,1,14,7.142857142857143
2024,40502,rural,27,mujer,0,5,0.0
2024,40502,rural,28,hombre,0,6,0.0
2024,40502,rural,28,mujer,0,4,0.0
2024,40502,urbana,16,hombre,0,2,0.0
2024,40502,urbana,16,mujer,0,2,0.0
2024,40502,urbana,17,hombre,0,3,0.0
2024,40502,urbana,17,mujer,0,1,0.0
2024,40502,urbana,18,hombre,0,6,0.0
2024,40502,urbana,18,mujer,0,2,0.0
2024,40502,urbana,19,hombre,0,6,0.0
2024,40502,urbana,19,mujer,0,4,0.0
2024,40502,urbana,20,hombre,0,8,0.0
2024,40502,urbana,20,mujer,0,7,0.0
2024,40502,urbana,21,hombre,0,4,0.0
2024,40502,urbana,21,mujer,0,5,0.0
2024,40502,urbana,22,hombre,0,12,0.0
2024,40502,urbana,22,mujer,0,5,0.0
2024,40502,urbana,23,hombre,0,8,0.0
2024,40502,urbana,23,mujer,0,8,0.0
2024,40502,urbana,24,hombre,0,11,0.0
2024,40502,urbana,24,mujer,0,9,0.0
2024,40502,urbana,25,hombre,0,13,0.0
2024,40502,urbana,25,mujer,0,12,0.0
2024,40502,urbana,26,hombre,0,10,0.0
2024,40502,urbana,26,mujer,1,9,11.11111111111111
2024,40502,urbana,27,hombre,0,19,0.0
2024,40502,urbana,27,mujer,0,13,0.0
2024,40502,urbana,28,hombre,1,14,7.142857142857143
2024,40502,urbana,28,mujer,0,18,0.0
2024,40503,rural,16,hombre,0,3,0.0
2024,40503,rural,16,mujer,0,1,0.0
2024,40503,rural,17,hombre,0,3,0.0
2024,40503,rural,17,mujer,1,1,100.0
2024,40503,rural,18,hombre,0,1,0.0
2024,40503,rural,18,mujer,0,3,0.0
2024,40503,rural,19,hombre,0,7,0.0
2024,40503,rural,19,mujer,0,6,0.0
2024,40503,rural,20,hombre,1,8,12.5
2024,40503,rural,20,mujer,0,2,0.0
2024,40503,rural,21,hombre,0,6,0.0
2024,40503,rural,21,mujer,0,6,0.0
2024,40503,rural,22,hombre,1,13,7.6923076923076925
2024,40503,rural,22,mujer,1,9,11.11111111111111
2024,40503,rural,23,hombre,0,3,0.0
2024,40503,rural,23,mujer,0,5,0.0
2024,40503,rural,24,hombre,1,12,8.333333333333334
2024,40503,rural,24,mujer,0,11,0.0
2024,40503,rural,25,hombre,0,9,0.0
2024,40503,rural,25,mujer,0,5,0.0
2024,40503,rural,26,hombre,0,13,0.0
2024,40503,rural,26,mujer,0,10,0.0
2024,40503,rural,27,hombre,0,7,0.0
2024,40503,rural,27,mujer,1,5,20.0
2024,40503,rural,28,hombre,0,7,0.0
2024,40503,rural,28,mujer,2,12,16.666666666666668
2024,40504,rural,18,hombre,0,4,0.0
2024,40504,rural,18,mujer,0,2,0.0
2024,40504,rural,19,hombre,0,4,0.0
2024,40504,rural,19,mujer,0,1,0.0
2024,40504,rural,20,hombre,0,3,0.0
2024,40504,rural,20,mujer,0,4,0.0
2024,40504,rural,21,hombre,0,5,0.0
2024,40504,rural,21,mujer,0,2,0.0
2024,40504,rural,22,hombre,0,3,0.0
2024,40504,rural,22,mujer,1,4,25.0
2024,40504,rural,23,hombre,0,9,0.0
2024,40504,rural,23,mujer,0,4,0.0
2024,40504,rural,24,hombre,0,3,0.0
2024,40504,rural,24,mujer,0,10,0.0
2024,40504,rural,25,hombre,0,13,0.0
2024,40504,rural,25,mujer,0,3,0.0
2024,40504,rural,26,hombre,0,4,0.0
2024,40504,rural,26,mujer,0,5,0.0
2024,40504,rural,27,hombre,0,9,0.0
2024,40504,rural,27,mujer,0,2,0.0
2024,40504,rural,28,hombre,0,7,0.0
2024,40504,rural,28,mujer,0,6,0.0
2024,40505,rural,16,hombre,1,6,16.666666666666668
2024,40505,rural,16,mujer,0,3,0.0
2024,40505,rural,17,hombre,0,1,0.0
2024,40505,rural,17,mujer,0,5,0.0
2024,40505,rural,18,hombre,0,13,0.0
2024,40505,rural,18,mujer,0,9,0.0
2024,40505,rural,19,hombre,0,11,0.0
2024,40505,rural,19,mujer,1,9,11.11111111111111
2024,40505,rural,20,hombre,0,20,0.0
2024,40505,rural,20,mujer,0,12,0.0
2024,40505,rural,21,hombre,0,13,0.0
2024,40505,rural,21,mujer,0,6,0.0
2024,40505,rural,22,hombre,0,21,0.0
2024,40505,rural,22,mujer,1,17,5.882352941176471
2024,40505,rural,23,hombre,0,29,0.0
2024,40505,rural,23,mujer,0,24,0.0
2024,40505,rural,24,hombre,1,29,3.4482758620689653
2024,40505,rural,24,mujer,0,17,0.0
2024,40505,rural,25,hombre,0,22,0.0
2024,40505,rural,25,mujer,0,18,0.0
2024,40505,rural,26,hombre,0,38,0.0
2024,40505,rural,26,mujer,1,30,3.3333333333333335
2024,40505,rural,27,hombre,0,21,0.0
2024,40505,rural,27,mujer,0,13,0.0
2024,40505,rural,28,hombre,0,33,0.0
2024,40505,rural,28,mujer,0,21,0.0
2024,40601,rural,16,hombre,0,9,0.0
2024,40601,rural,16,mujer,0,2,0.0
2024,40601,rural,17,hombre,0,3,0.0
2024,40601,rural,17,mujer,0,6,0.0
2024,40601,rural,18,hombre,0,5,0.0
2024,40601,rural,18,mujer,0,1,0.0
2024,40601,rural,19,hombre,1,6,16.666666666666668
2024,40601,rural,19,mujer,0,7,0.0
2024,40601,rural,20,hombre,0,9,0.0
2024,40601,rural,20,mujer,0,5,0.0
2024,40601,rural,21,hombre,1,18,5.555555555555555
2024,40601,rural,21,mujer,0,4,0.0
2024,40601,rural,22,hombre,3,18,16.666666666666668
2024,40601,rural,22,mujer,0,11,0.0
2024,40601,rural,23,hombre,2,20,10.0
2024,40601,rural,23,mujer,0,17,0.0
2024,40601,rural,24,hombre,1,15,6.666666666666667
2024,40601,rural,24,mujer,1,16,6.25
2024,40601,rural,25,hombre,0,17,0.0
2024,40601,rural,25,mujer,0,9,0.0
2024,40601,rural,26,hombre,0,22,0.0
2024,40601,rural,26,mujer,0,12,0.0
2024,40601,rural,27,hombre,0,16,0.0
2024,40601,rural,27,mujer,1,15,6.666666666666667
2024,40601,rural,28,hombre,1,20,5.0
2024,40601,rural,28,mujer,0,14,0.0
2024,40601,urbana,16,hombre,0,6,0.0
2024,40601,urbana,16,mujer,0,7,0.0
2024,40601,urbana,17,hombre,0,6,0.0
2024,40601,urbana,17,mujer,0,5,0.0
2024,40601,urbana,18,hombre,0,8,0.0
2024,40601,urbana,18,mujer,0,6,0.0
2024,40601,urbana,19,hombre,0,16,0.0
2024,40601,urbana,19,mujer,0,7,0.0
2024,40601,urbana,20,hombre,0,17,0.0
2024,40601,urbana,20,mujer,2,7,28.571428571428573
2024,40601,urbana,21,hombre,4,32,12.5
2024,40601,urbana,21,mujer,1,8,12.5
2024,40601,urbana,22,hombre,1,18,5.555555555555555
2024,40601,urbana,22,mujer,0,8,0.0
2024,40601,urbana,23,hombre,3,37,8.108108108108109
2024,40601,urbana,23,mujer,1,13,7.6923076923076925
2024,40601,urbana,24,hombre,6,43,13.953488372093023
2024,40601,urbana,24,mujer,0,21,0.0
2024,40601,urbana,25,hombre,4,44,9.090909090909092
2024,40601,urbana,25,mujer,1,21,4.761904761904762
2024,40601,urbana,26,hombre,6,47,12.76595744680851
2024,40601,urbana,26,mujer,0,22,0.0
2024,40601,urbana,27,hombre,2,36,5.555555555555555
2024,40601,urbana,27,mujer,0,21,0.0
2024,40601,urbana,28,hombre,5,42,11.904761904761905
2024,40601,urbana,28,mujer,2,19,10.526315789473685
2024,40602,rural,16,hombre,0,11,0.0
2024,40602,rural,16,mujer,0,5,0.0
2024,40602,rural,17,hombre,0,8,0.0
2024,40602,rural,17,mujer,0,2,0.0
2024,40602,rural,18,hombre,0,11,0.0
2024,40602,rural,18,mujer,0,11,0.0
2024,40602,rural,19,hombre,0,9,0.0
2024,40602,rural,19,mujer,0,9,0.0
2024,40602,rural,20,hombre,0,16,0.0
2024,40602,rural,20,mujer,0,8,0.0
2024,40602,rural,21,hombre,0,16,0.0
2024,40602,rural,21,mujer,0,11,0.0
2024,40602,rural,22,hombre,0,21,0.0
2024,40602,rural,22,mujer,0,7,0.0
2024,40602,rural,23,hombre,0,21,0.0
2024,40602,rural,23,mujer,0,10,0.0
2024,40602,rural,24,hombre,0,19,0.0
2024,40602,rural,24,mujer,1,13,7.6923076923076925
2024,40602,rural,25,hombre,0,14,0.0
2024,40602,rural,25,mujer,0,13,0.0
2024,40602,rural,26,hombre,1,18,5.555555555555555
2024,40602,rural,26,mujer,0,11,0.0
2024,40602,rural,27,hombre,1,19,5.2631578947368425
2024,40602,rural,27,mujer,0,15,0.0
2024,40602,rural,28,hombre,2,18,11.11111111111111
2024,40602,rural,28,mujer,1,17,5.882352941176471
2024,40603,rural,16,hombre,0,3,0.0
2024,40603,rural,16,mujer,0,2,0.0
2024,40603,rural,17,hombre,0,3,0.0
2024,40603,rural,17,mujer,0,4,0.0
2024,40603,rural,18,hombre,0,8,0.0
2024,40603,rural,18,mujer,0,2,0.0
2024,40603,rural,19,hombre,0,9,0.0
2024,40603,rural,19,mujer,0,4,0.0
2024,40603,rural,20,hombre,0,13,0.0
2024,40603,rural,20,mujer,0,6,0.0
2024,40603,rural,21,hombre,0,12,0.0
2024,40603,rural,21,mujer,0,2,0.0
2024,40603,rural,22,hombre,0,14,0.0
2024,40603,rural,22,mujer,0,7,0.0
2024,40603,rural,23,hombre,0,17,0.0
2024,40603,rural,23,mujer,1,5,20.0
2024,40603,rural,24,hombre,0,15,0.0
2024,40603,rural,24,mujer,1,11,9.090909090909092
2024,40603,rural,25,hombre,0,20,0.0
2024,40603,rural,25,mujer,0,9,0.0
2024,40603,rural,26,hombre,2,20,10.0
2024,40603,rural,26,mujer,1,10,10.0
2024,40603,rural,27,hombre,0,19,0.0
2024,40603,rural,27,mujer,2,11,18.181818181818183
2024,40603,rural,28,hombre,0,25,0.0
2024,40603,rural,28,mujer,0,14,0.0
2024,40701,rural,16,hombre,1,7,14.285714285714286
2024,40701,rural,16,mujer,0,3,0.0
2024,40701,rural,17,hombre,1,3,33.333333333333336
2024,40701,rural,17,mujer,0,5,0.0
2024,40701,rural,18,hombre,2,16,12.5
2024,40701,rural,18,mujer,0,2,0.0
2024,40701,rural,19,hombre,0,10,0.0
2024,40701,rural,19,mujer,0,6,0.0
2024,40701,rural,20,hombre,0,12,0.0
2024,40701,rural,20,mujer,0,2,0.0
2024,40701,rural,21,hombre,1,13,7.6923076923076925
2024,40701,rural,21,mujer,0,4,0.0
2024,40701,rural,22,hombre,0,21,0.0
2024,40701,rural,22,mujer,0,10,0.0
2024,40701,rural,23,hombre,0,24,0.0
2024,40701,rural,23,mujer,1,7,14.285714285714286
2024,40701,rural,24,hombre,1,14,7.142857142857143
2024,40701,rural,24,mujer,0,16,0.0
2024,40701,rural,25,hombre,1,18,5.555555555555555
2024,40701,rural,25,mujer,0,9,0.0
2024,40701,rural,26,hombre,2,24,8.333333333333334
2024,40701,rural,26,mujer,0,17,0.0
2024,40701,rural,27,hombre,2,25,8.0
2024,40701,rural,27,mujer,0,10,0.0
2024,40701,rural,28,hombre,2,29,6.896551724137931
2024,40701,rural,28,mujer,1,8,12.5
2024,40701,urbana,16,hombre,1,27,3.7037037037037037
2024,40701,urbana,16,mujer,0,15,0.0
2024,40701,urbana,17,hombre,1,31,3.225806451612903
2024,40701,urbana,17,mujer,0,13,0.0
2024,40701,urbana,18,hombre,0,20,0.0
2024,40701,urbana,18,mujer,0,23,0.0
2024,40701,urbana,19,hombre,1,34,2.9411764705882355
2024,40701,urbana,19,mujer,0,19,0.0
2024,40701,urbana,20,hombre,2,35,5.714285714285714
2024,40701,urbana,20,mujer,1,27,3.7037037037037037
2024,40701,urbana,21,hombre,0,45,0.0
2024,40701,urbana,21,mujer,2,33,6.0606060606060606
2024,40701,urbana,22,hombre,4,48,8.333333333333334
2024,40701,urbana,22,mujer,0,37,0.0
2024,40701,urbana,23,hombre,0,78,0.0
2024,40701,urbana,23,mujer,2,41,4.878048780487805
2024,40701,urbana,24,hombre,0,79,0.0
2024,40701,urbana,24,mujer,2,49,4.081632653061225
2024,40701,urbana,25,hombre,5,86,5.813953488372093
2024,40701,urbana,25,mujer,2,64,3.125
2024,40701,urbana,26,hombre,5,89,5.617977528089888
2024,40701,urbana,26,mujer,2,34,5.882352941176471
2024,40701,urbana,27,hombre,5,87,5.747126436781609
2024,40701,urbana,27,mujer,2,55,3.6363636363636362
2024,40701,urbana,28,hombre,3,101,2.9702970297029703
2024,40701,urbana,28,mujer,2,48,4.166666666666667
2024,40702,rural,16,hombre,0,1,0.0
2024,40702,rural,16,mujer,0,3,0.0
2024,40702,rural,17,hombre,0,5,0.0
2024,40702,rural,17,mujer,0,1,0.0
2024,40702,rural,18,hombre,0,8,0.0
2024,40702,rural,18,mujer,0,5,0.0
2024,40702,rural,19,hombre,0,12,0.0
2024,40702,rural,19,mujer,0,8,0.0
2024,40702,rural,20,hombre,0,6,0.0
2024,40702,rural,20,mujer,0,10,0.0
2024,40702,rural,21,hombre,0,13,0.0
2024,40702,rural,21,mujer,0,9,0.0
2024,40702,rural,22,hombre,1,14,7.142857142857143
2024,40702,rural,22,mujer,0,4,0.0
2024,40702,rural,23,hombre,0,11,0.0
2024,40702,rural,23,mujer,0,4,0.0
2024,40702,rural,24,hombre,0,8,0.0
2024,40702,rural,24,mujer,1,12,8.333333333333334
2024,40702,rural,25,hombre,1,14,7.142857142857143
2024,40702,rural,25,mujer,1,10,10.0
2024,40702,rural,26,hombre,0,13,0.0
2024,40702,rural,26,mujer,0,14,0.0
2024,40702,rural,27,hombre,2,19,10.526315789473685
2024,40702,rural,27,mujer,0,4,0.0
2024,40702,rural,28,hombre,1,19,5.2631578947368425
2024,40702,rural,28,mujer,0,11,0.0
2024,40702,urbana,16,hombre,0,2,0.0
2024,40702,urbana,16,mujer,0,3,0.0
2024,40702,urbana,17,hombre,0,4,0.0
2024,40702,urbana,17,mujer,0,3,0.0
2024,40702,urbana,18,hombre,0,9,0.0
2024,40702,urbana,18,mujer,0,5,0.0
2024,40702,urbana,19,hombre,0,12,0.0
2024,40702,urbana,19,mujer,0,7,0.0
2024,40702,urbana,20,hombre,0,8,0.0
2024,40702,urbana,20,mujer,0,9,0.0
2024,40702,urbana,21,hombre,0,7,0.0
2024,40702,urbana,21,mujer,0,7,0.0
2024,40702,urbana,22,hombre,1,12,8.333333333333334
2024,40702,urbana,22,mujer,0,7,0.0
2024,40702,urbana,23,hombre,0,16,0.0
2024,40702,urbana,23,mujer,0,6,0.0
2024,40702,urbana,24,hombre,0,21,0.0
2024,40702,urbana,24,mujer,1,9,11.11111111111111
2024,40702,urbana,25,hombre,0,21,0.0
2024,40702,urbana,25,mujer,0,7,0.0
2024,40702,urbana,26,hombre,0,15,0.0
2024,40702,urbana,26,mujer,0,11,0.0
2024,40702,urbana,27,hombre,0,18,0.0
2024,40702,urbana,27,mujer,0,11,0.0
2024,40702,urbana,28,hombre,0,23,0.0
2024,40702,urbana,28,mujer,1,16,6.25
2024,40801,rural,16,hombre,0,32,0.0
2024,40801,rural,16,mujer,0,16,0.0
2024,40801,rural,17,hombre,0,30,0.0
2024,40801,rural,17,mujer,0,30,0.0
2024,40801,rural,18,hombre,0,45,0.0
2024,40801,rural,18,mujer,1,30,3.3333333333333335
2024,40801,rural,19,hombre,0,48,0.0
2024,40801,rural,19,mujer,0,35,0.0
2024,40801,rural,20,hombre,2,73,2.73972602739726
2024,40801,rural,20,mujer,1,33,3.0303030303030303
2024,40801,rural,21,hombre,1,67,1.492537313432836
2024,40801,rural,21,mujer,0,43,0.0
2024,40801,rural,22,hombre,1,80,1.25
2024,40801,rural,22,mujer,0,46,0.0
2024,40801,rural,23,hombre,0,68,0.0
2024,40801,rural,23,mujer,1,53,1.8867924528301887
2024,40801,rural,24,hombre,0,92,0.0
2024,40801,rural,24,mujer,1,52,1.9230769230769231
2024,40801,rural,25,hombre,3,82,3.658536585365854
2024,40801,rural,25,mujer,2,73,2.73972602739726
2024,40801,rural,26,hombre,3,92,3.260869565217391
2024,40801,rural,26,mujer,0,59,0.0
2024,40801,rural,27,hombre,4,100,4.0
2024,40801,rural,27,mujer,2,60,3.3333333333333335
2024,40801,rural,28,hombre,0,91,0.0
2024,40801,rural,28,mujer,0,67,0.0
2024,40802,rural,16,hombre,0,3,0.0
2024,40802,rural,16,mujer,0,4,0.0
2024,40802,rural,17,hombre,0,8,0.0
2024,40802,rural,17,mujer,0,2,0.0
2024,40802,rural,18,hombre,0,13,0.0
2024,40802,rural,18,mujer,0,4,0.0
2024,40802,rural,19,hombre,0,9,0.0
2024,40802,rural,19,mujer,0,3,0.0
2024,40802,rural,20,hombre,0,13,0.0
2024,40802,rural,20,mujer,0,8,0.0
2024,40802,rural,21,hombre,0,10,0.0
2024,40802,rural,21,mujer,0,8,0.0
2024,40802,rural,22,hombre,0,15,0.0
2024,40802,rural,22,mujer,0,6,0.0
2024,40802,rural,23,hombre,2,22,9.090909090909092
2024,40802,rural,23,mujer,2,13,15.384615384615385
2024,40802,rural,24,hombre,0,19,0.0
2024,40802,rural,24,mujer,0,10,0.0
2024,40802,rural,25,hombre,0,14,0.0
2024,40802,rural,25,mujer,0,9,0.0
2024,40802,rural,26,hombre,0,13,0.0
2024,40802,rural,26,mujer,0,4,0.0
2024,40802,rural,27,hombre,1,20,5.0
2024,40802,rural,27,mujer,1,13,7.6923076923076925
2024,40802,rural,28,hombre,1,12,8.333333333333334
2024,40802,rural,28,mujer,0,16,0.0
2024,40901,rural,16,hombre,0,11,0.0
2024,40901,rural,16,mujer,1,18,5.555555555555555
2024,40901,rural,17,hombre,0,18,0.0
2024,40901,rural,17,mujer,0,19,0.0
2024,40901,rural,18,hombre,1,36,2.7777777777777777
2024,40901,rural,18,mujer,0,31,0.0
2024,40901,rural,19,hombre,1,65,1.5384615384615385
2024,40901,rural,19,mujer,0,30,0.0
2024,40901,rural,20,hombre,1,62,1.6129032258064515
2024,40901,rural,20,mujer,0,32,0.0
2024,40901,rural,21,hombre,3,61,4.918032786885246
2024,40901,rural,21,mujer,1,47,2.127659574468085
2024,40901,rural,22,hombre,2,76,2.6315789473684212
2024,40901,rural,22,mujer,1,44,2.272727272727273
2024,40901,rural,23,hombre,1,106,0.9433962264150944
2024,40901,rural,23,mujer,3,66,4.545454545454546
2024,40901,rural,24,hombre,2,102,1.9607843137254901
2024,40901,rural,24,mujer,3,64,4.6875
2024,40901,rural,25,hombre,0,88,0.0
2024,40901,rural,25,mujer,2,70,2.857142857142857
2024,40901,rural,26,hombre,5,81,6.172839506172839
2024,40901,rural,26,mujer,2,65,3.076923076923077
2024,40901,rural,27,hombre,1,79,1.2658227848101267
2024,40901,rural,27,mujer,0,51,0.0
2024,40901,rural,28,hombre,2,101,1.9801980198019802
2024,40901,rural,28,mujer,1,66,1.5151515151515151
2024,40901,urbana,16,hombre,0,8,0.0
2024,40901,urbana,16,mujer,0,5,0.0
2024,40901,urbana,17,hombre,0,7,0.0
2024,40901,urbana,17,mujer,0,6,0.0
2024,40901,urbana,18,hombre,0,16,0.0
2024,40901,urbana,18,mujer,0,11,0.0
2024,40901,urbana,19,hombre,0,28,0.0
2024,40901,urbana,19,mujer,1,19,5.2631578947368425
2024,40901,urbana,20,hombre,0,23,0.0
2024,40901,urbana,20,mujer,0,26,0.0
2024,40901,urbana,21,hombre,0,22,0.0
2024,40901,urbana,21,mujer,0,13,0.0
2024,40901,urbana,22,hombre,0,32,0.0
2024,40901,urbana,22,mujer,0,25,0.0
2024,40901,urbana,23,hombre,0,27,0.0
2024,40901,urbana,23,mujer,0,30,0.0
2024,40901,urbana,24,hombre,1,62,1.6129032258064515
2024,40901,urbana,24,mujer,0,26,0.0
2024,40901,urbana,25,hombre,0,31,0.0
2024,40901,urbana,25,mujer,0,32,0.0
2024,40901,urbana,26,hombre,0,23,0.0
2024,40901,urbana,26,mujer,0,18,0.0
2024,40901,urbana,27,hombre,0,39,0.0
2024,40901,urbana,27,mujer,0,12,0.0
2024,40901,urbana,28,hombre,0,30,0.0
2024,40901,urbana,28,mujer,0,21,0.0
2024,40902,rural,16,hombre,0,1,0.0
2024,40902,rural,17,hombre,0,1,0.0
2024,40902,rural,17,mujer,0,1,0.0
2024,40902,rural,18,hombre,0,4,0.0
2024,40902,rural,18,mujer,0,2,0.0
2024,40902,rural,19,hombre,0,4,0.0
2024,40902,rural,19,mujer,0,2,0.0
2024,40902,rural,20,hombre,0,10,0.0
2024,40902,rural,20,mujer,0,2,0.0
2024,40902,rural,21,hombre,0,3,0.0
2024,40902,rural,21,mujer,0,7,0.0
2024,40902,rural,22,hombre,0,7,0.0
2024,40902,rural,22,mujer,0,8,0.0
2024,40902,rural,23,hombre,0,10,0.0
2024,40902,rural,23,mujer,0,5,0.0
2024,40902,rural,24,hombre,0,7,0.0
2024,40902,rural,24,mujer,0,7,0.0
2024,40902,rural,25,hombre,0,5,0.0
2024,40902,rural,25,mujer,0,6,0.0
2024,40902,rural,26,hombre,0,4,0.0
2024,40902,rural,26,mujer,0,9,0.0
2024,40902,rural,27,hombre,0,10,0.0
2024,40902,rural,27,mujer,0,22,0.0
2024,40902,rural,28,hombre,1,9,11.11111111111111
2024,40902,rural,28,mujer,0,4,0.0
2024,40903,rural,16,hombre,0,2,0.0
2024,40903,rural,16,mujer,0,3,0.0
2024,40903,rural,17,hombre,0,3,0.0
2024,40903,rural,18,hombre,0,2,0.0
2024,40903,rural,18,mujer,0,4,0.0
2024,40903,rural,19,hombre,0,2,0.0
2024,40903,rural,19,mujer,0,4,0.0
2024,40903,rural,20,hombre,0,6,0.0
2024,40903,rural,20,mujer,0,3,0.0
2024,40903,rural,21,hombre,0,7,0.0
2024,40903,rural,21,mujer,1,5,20.0
2024,40903,rural,22,hombre,0,7,0.0
2024,40903,rural,22,mujer,0,7,0.0
2024,40903,rural,23,hombre,0,12,0.0
2024,40903,rural,23,mujer,0,2,0.0
2024,40903,rural,24,hombre,0,8,0.0
2024,40903,rural,24,mujer,0,4,0.0
2024,40903,rural,25,hombre,0,10,0.0
2024,40903,rural,25,mujer,0,4,0.0
2024,40903,rural,26,hombre,0,11,0.0
2024,40903,rural,26,mujer,0,4,0.0
2024,40903,rural,27,hombre,0,11,0.0
2024,40903,rural,27,mujer,0,5,0.0
2024,40903,rural,28,hombre,0,10,0.0
2024,40903,rural,28,mujer,1,11,9.090909090909092
2024,41001,rural,16,hombre,0,8,0.0
2024,41001,rural,16,mujer,0,12,0.0
2024,41001,rural,17,hombre,0,19,0.0
2024,41001,rural,17,mujer,0,17,0.0
2024,41001,rural,18,hombre,1,23,4.3478260869565215
2024,41001,rural,18,mujer,0,25,0.0
2024,41001,rural,19,hombre,0,29,0.0
2024,41001,rural,19,mujer,0,20,0.0
2024,41001,rural,20,hombre,1,40,2.5
2024,41001,rural,20,mujer,0,28,0.0
2024,41001,rural,21,hombre,0,42,0.0
2024,41001,rural,21,mujer,1,28,3.5714285714285716
2024,41001,rural,22,hombre,0,43,0.0
2024,41001,rural,22,mujer,0,31,0.0
2024,41001,rural,23,hombre,5,69,7.246376811594203
2024,41001,rural,23,mujer,1,51,1.9607843137254901
2024,41001,rural,24,hombre,2,53,3.7735849056603774
2024,41001,rural,24,mujer,1,45,2.2222222222222223
2024,41001,rural,25,hombre,0,42,0.0
2024,41001,rural,25,mujer,2,36,5.555555555555555
2024,41001,rural,26,hombre,1,57,1.7543859649122806
2024,41001,rural,26,mujer,3,46,6.521739130434782
2024,41001,rural,27,hombre,0,65,0.0
2024,41001,rural,27,mujer,0,36,0.0
2024,41001,rural,28,hombre,0,63,0.0
2024,41001,rural,28,mujer,0,48,0.0
2024,41101,rural,16,hombre,0,5,0.0
2024,41101,rural,16,mujer,0,3,0.0
2024,41101,rural,17,hombre,0,5,0.0
2024,41101,rural,17,mujer,0,8,0.0
2024,41101,rural,18,hombre,0,7,0.0
2024,41101,rural,18,mujer,0,8,0.0
2024,41101,rural,19,hombre,0,11,0.0
2024,41101,rural,19,mujer,0,5,0.0
2024,41101,rural,20,hombre,0,13,0.0
2024,41101,rural,20,mujer,0,13,0.0
2024,41101,rural,21,hombre,0,17,0.0
2024,41101,rural,21,mujer,0,8,0.0
2024,41101,rural,22,hombre,2,15,13.333333333333334
2024,41101,rural,22,mujer,0,8,0.0
2024,41101,rural,23,hombre,0,18,0.0
2024,41101,rural,23,mujer,0,7,0.0
2024,41101,rural,24,hombre,0,20,0.0
2024,41101,rural,24,mujer,0,3,0.0
2024,41101,rural,25,hombre,0,17,0.0
2024,41101,rural,25,mujer,0,9,0.0
2024,41101,rural,26,hombre,0,19,0.0
2024,41101,rural,26,mujer,0,17,0.0
2024,41101,rural,27,hombre,0,17,0.0
2024,41101,rural,27,mujer,0,14,0.0
2024,41101,rural,28,hombre,0,20,0.0
2024,41101,rural,28,mujer,0,7,0.0
2024,41101,urbana,16,hombre,0,11,0.0
2024,41101,urbana,16,mujer,0,6,0.0
2024,41101,urbana,17,hombre,0,1,0.0
2024,41101,urbana,17,mujer,0,6,0.0
2024,41101,urbana,18,hombre,0,6,0.0
2024,41101,urbana,18,mujer,0,6,0.0
2024,41101,urbana,19,hombre,0,6,0.0
2024,41101,urbana,19,mujer,0,12,0.0
2024,41101,urbana,20,hombre,0,9,0.0
2024,41101,urbana,20,mujer,0,10,0.0
2024,41101,urbana,21,hombre,0,13,0.0
2024,41101,urbana,21,mujer,0,5,0.0
2024,41101,urbana,22,hombre,0,14,0.0
2024,41101,urbana,22,mujer,0,13,0.0
2024,41101,urbana,23,hombre,1,15,6.666666666666667
2024,41101,urbana,23,mujer,0,8,0.0
2024,41101,urbana,24,hombre,0,7,0.0
2024,41101,urbana,24,mujer,1,10,10.0
2024,41101,urbana,25,hombre,0,9,0.0
2024,41101,urbana,25,mujer,1,12,8.333333333333334
2024,41101,urbana,26,hombre,0,21,0.0
2024,41101,urbana,26,mujer,0,10,0.0
2024,41101,urbana,27,hombre,1,14,7.142857142857143
2024,41101,urbana,27,mujer,0,10,0.0
2024,41101,urbana,28,hombre,0,12,0.0
2024,41101,urbana,28,mujer,1,14,7.142857142857143
2024,41201,rural,16,hombre,0,9,0.0
2024,41201,rural,16,mujer,0,5,0.0
2024,41201,rural,17,hombre,1,7,14.285714285714286
2024,41201,rural,17,mujer,1,2,50.0
2024,41201,rural,18,hombre,0,11,0.0
2024,41201,rural,18,mujer,0,11,0.0
2024,41201,rural,19,hombre,0,12,0.0
2024,41201,rural,19,mujer,0,12,0.0
2024,41201,rural,20,hombre,1,14,7.142857142857143
2024,41201,rural,20,mujer,0,4,0.0
2024,41201,rural,21,hombre,0,13,0.0
2024,41201,rural,21,mujer,0,10,0.0
2024,41201,rural,22,hombre,0,13,0.0
2024,41201,rural,22,mujer,0,13,0.0
2024,41201,rural,23,hombre,0,25,0.0
2024,41201,rural,23,mujer,3,19,15.789473684210526
2024,41201,rural,24,hombre,1,22,4.545454545454546
2024,41201,rural,24,mujer,0,22,0.0
2024,41201,rural,25,hombre,0,24,0.0
2024,41201,rural,25,mujer,3,21,14.285714285714286
2024,41201,rural,26,hombre,0,30,0.0
2024,41201,rural,26,mujer,1,25,4.0
2024,41201,rural,27,hombre,0,28,0.0
2024,41201,rural,27,mujer,1,14,7.142857142857143
2024,41201,rural,28,hombre,1,22,4.545454545454546
2024,41201,rural,28,mujer,0,21,0.0
2024,41202,rural,16,mujer,0,1,0.0
2024,41202,rural,17,hombre,0,4,0.0
2024,41202,rural,17,mujer,0,3,0.0
2024,41202,rural,18,hombre,0,4,0.0
2024,41202,rural,18,mujer,0,7,0.0
2024,41202,rural,19,hombre,0,11,0.0
2024,41202,rural,19,mujer,0,7,0.0
2024,41202,rural,20,hombre,0,8,0.0
2024,41202,rural,20,mujer,0,6,0.0
2024,41202,rural,21,hombre,0,9,0.0
2024,41202,rural,21,mujer,0,9,0.0
2024,41202,rural,22,hombre,0,9,0.0
2024,41202,rural,22,mujer,0,10,0.0
2024,41202,rural,23,hombre,0,8,0.0
2024,41202,rural,23,mujer,0,11,0.0
2024,41202,rural,24,hombre,0,16,0.0
2024,41202,rural,24,mujer,0,9,0.0
2024,41202,rural,25,hombre,0,11,0.0
2024,41202,rural,25,mujer,0,5,0.0
2024,41202,rural,26,hombre,0,14,0.0
2024,41202,rural,26,mujer,0,12,0.0
2024,41202,rural,27,hombre,0,12,0.0
2024,41202,rural,27,mujer,0,10,0.0
2024,41202,rural,28,hombre,0,15,0.0
2024,41202,rural,28,mujer,0,16,0.0
2024,41301,rural,16,hombre,0,11,0.0
2024,41301,rural,16,mujer,0,5,0.0
2024,41301,rural,17,hombre,0,4,0.0
2024,41301,rural,17,mujer,0,6,0.0
2024,41301,rural,18,hombre,0,10,0.0
2024,41301,rural,18,mujer,0,12,0.0
2024,41301,rural,19,hombre,0,19,0.0
2024,41301,rural,19,mujer,0,13,0.0
2024,41301,rural,20,hombre,0,19,0.0
2024,41301,rural,20,mujer,0,9,0.0
2024,41301,rural,21,hombre,0,18,0.0
2024,41301,rural,21,mujer,0,11,0.0
2024,41301,rural,22,hombre,0,16,0.0
2024,41301,rural,22,mujer,0,11,0.0
2024,41301,rural,23,hombre,2,27,7.407407407407407
2024,41301,rural,23,mujer,0,16,0.0
2024,41301,rural,24,hombre,1,29,3.4482758620689653
2024,41301,rural,24,mujer,0,16,0.0
2024,41301,rural,25,hombre,0,30,0.0
2024,41301,rural,25,mujer,1,22,4.545454545454546
2024,41301,rural,26,hombre,0,22,0.0
2024,41301,rural,26,mujer,0,25,0.0
2024,41301,rural,27,hombre,0,25,0.0
2024,41301,rural,27,mujer,1,35,2.857142857142857
2024,41301,rural,28,hombre,0,34,0.0
2024,41301,rural,28,mujer,0,23,0.0
2024,41401,rural,16,hombre,0,8,0.0
2024,41401,rural,16,mujer,0,7,0.0
2024,41401,rural,17,hombre,0,15,0.0
2024,41401,rural,17,mujer,0,9,0.0
2024,41401,rural,18,hombre,0,30,0.0
2024,41401,rural,18,mujer,0,22,0.0
2024,41401,rural,19,hombre,0,28,0.0
2024,41401,rural,19,mujer,1,27,3.7037037037037037
2024,41401,rural,20,hombre,0,34,0.0
2024,41401,rural,20,mujer,0,20,0.0
2024,41401,rural,21,hombre,2,45,4.444444444444445
2024,41401,rural,21,mujer,0,31,0.0
2024,41401,rural,22,hombre,1,40,2.5
2024,41401,rural,22,mujer,0,27,0.0
2024,41401,rural,23,hombre,0,48,0.0
2024,41401,rural,23,mujer,0,22,0.0
2024,41401,rural,24,hombre,1,60,1.6666666666666667
2024,41401,rural,24,mujer,0,28,0.0
2024,41401,rural,25,hombre,0,48,0.0
2024,41401,rural,25,mujer,0,26,0.0
2024,41401,rural,26,hombre,0,47,0.0
2024,41401,rural,26,mujer,0,19,0.0
2024,41401,rural,27,hombre,1,61,1.639344262295082
2024,41401,rural,27,mujer,0,31,0.0
2024,41401,rural,28,hombre,1,51,1.9607843137254901
2024,41401,rural,28,mujer,0,37,0.0
2024,41401,urbana,16,hombre,0,4,0.0
2024,41401,urbana,16,mujer,0,1,0.0
2024,41401,urbana,17,hombre,0,2,0.0
2024,41401,urbana,18,hombre,0,3,0.0
2024,41401,urbana,18,mujer,0,5,0.0
2024,41401,urbana,19,hombre,0,1,0.0
2024,41401,urbana,19,mujer,0,6,0.0
2024,41401,urbana,20,hombre,0,9,0.0
2024,41401,urbana,20,mujer,0,4,0.0
2024,41401,urbana,21,hombre,1,11,9.090909090909092
2024,41401,urbana,21,mujer,0,8,0.0
2024,41401,urbana,22,hombre,0,8,0.0
2024,41401,urbana,22,mujer,0,6,0.0
2024,41401,urbana,23,hombre,0,18,0.0
2024,41401,urbana,23,mujer,0,13,0.0
2024,41401,urbana,24,hombre,0,13,0.0
2024,41401,urbana,24,mujer,0,13,0.0
2024,41401,urbana,25,hombre,0,23,0.0
2024,41401,urbana,25,mujer,0,21,0.0
2024,41401,urbana,26,hombre,0,17,0.0
2024,41401,urbana,26,mujer,0,16,0.0
2024,41401,urbana,27,hombre,0,12,0.0
2024,41401,urbana,27,mujer,0,15,0.0
2024,41401,urbana,28,hombre,0,21,0.0
2024,41401,urbana,28,mujer,1,13,7.6923076923076925
2024,41501,rural,16,hombre,0,2,0.0
2024,41501,rural,16,mujer,0,2,0.0
2024,41501,rural,17,hombre,0,1,0.0
2024,41501,rural,17,mujer,0,3,0.0
2024,41501,rural,18,hombre,0,3,0.0
2024,41501,rural,19,hombre,0,3,0.0
2024,41501,rural,19,mujer,0,1,0.0
2024,41501,rural,20,hombre,0,2,0.0
2024,41501,rural,20,mujer,0,3,0.0
2024,41501,rural,21,hombre,0,5,0.0
2024,41501,rural,21,mujer,0,1,0.0
2024,41501,rural,22,hombre,0,6,0.0
2024,41501,rural,22,mujer,0,4,0.0
2024,41501,rural,23,hombre,0,10,0.0
2024,41501,rural,23,mujer,0,2,0.0
2024,41501,rural,24,hombre,0,3,0.0
2024,41501,rural,24,mujer,0,2,0.0
2024,41501,rural,25,hombre,0,7,0.0
2024,41501,rural,25,mujer,0,3,0.0
2024,41501,rural,26,hombre,0,1,0.0
2024,41501,rural,26,mujer,0,4,0.0
2024,41501,rural,27,hombre,0,5,0.0
2024,41501,rural,27,mujer,0,5,0.0
2024,41501,rural,28,hombre,0,6,0.0
2024,41501,rural,28,mujer,0,4,0.0
2024,41502,rural,16,mujer,0,1,0.0
2024,41502,rural,17,hombre,0,4,0.0
2024,41502,rural,17,mujer,0,1,0.0
2024,41502,rural,18,hombre,0,2,0.0
2024,41502,rural,18,mujer,0,1,0.0
2024,41502,rural,19,hombre,0,7,0.0
2024,41502,rural,19,mujer,0,2,0.0
2024,41502,rural,20,hombre,0,3,0.0
2024,41502,rural,20,mujer,0,1,0.0
2024,41502,rural,21,hombre,1,9,11.11111111111111
2024,41502,rural,21,mujer,0,4,0.0
2024,41502,rural,22,hombre,0,4,0.0
2024,41502,rural,22,mujer,0,4,0.0
2024,41502,rural,23,hombre,0,2,0.0
2024,41502,rural,23,mujer,0,4,0.0
2024,41502,rural,24,hombre,0,5,0.0
2024,41502,rural,24,mujer,0,4,0.0
2024,41502,rural,25,hombre,0,7,0.0
2024,41502,rural,25,mujer,0,7,0.0
2024,41502,rural,26,hombre,0,6,0.0
2024,41502,rural,26,mujer,0,3,0.0
2024,41502,rural,27,hombre,0,8,0.0
2024,41502,rural,27,mujer,0,11,0.0
2024,41502,rural,28,hombre,0,13,0.0
2024,41502,rural,28,mujer,0,4,0.0
2024,41503,rural,16,hombre,0,5,0.0
2024,41503,rural,16,mujer,0,1,0.0
2024,41503,rural,17,hombre,0,2,0.0
2024,41503,rural,18,hombre,0,2,0.0
2024,41503,rural,18,mujer,0,3,0.0
2024,41503,rural,19,hombre,0,6,0.0
2024,41503,rural,19,mujer,0,1,0.0
2024,41503,rural,20,hombre,0,4,0.0
2024,41503,rural,20,mujer,0,3,0.0
2024,41503,rural,21,hombre,0,4,0.0
2024,41503,rural,21,mujer,0,3,0.0
2024,41503,rural,22,hombre,0,7,0.0
2024,41503,rural,22,mujer,0,6,0.0
2024,41503,rural,23,hombre,0,5,0.0
2024,41503,rural,23,mujer,0,2,0.0
2024,41503,rural,24,hombre,0,11,0.0
2024,41503,rural,24,mujer,0,7,0.0
2024,41503,rural,25,hombre,0,7,0.0
2024,41503,rural,25,mujer,0,3,0.0
2024,41503,rural,26,hombre,0,7,0.0
2024,41503,rural,26,mujer,0,9,0.0
2024,41503,rural,27,hombre,0,4,0.0
2024,41503,rural,27,mujer,0,8,0.0
2024,41503,rural,28,hombre,0,5,0.0
2024,41503,rural,28,mujer,0,1,0.0
2024,41601,rural,16,hombre,0,6,0.0
2024,41601,rural,16,mujer,0,5,0.0
2024,41601,rural,17,hombre,0,9,0.0
2024,41601,rural,17,mujer,0,6,0.0
2024,41601,rural,18,hombre,0,16,0.0
2024,41601,rural,18,mujer,0,8,0.0
2024,41601,rural,19,hombre,0,9,0.0
2024,41601,rural,19,mujer,0,9,0.0
2024,41601,rural,20,hombre,0,8,0.0
2024,41601,rural,20,mujer,0,8,0.0
2024,41601,rural,21,hombre,0,19,0.0
2024,41601,rural,21,mujer,0,10,0.0
2024,41601,rural,22,hombre,0,14,0.0
2024,41601,rural,22,mujer,0,16,0.0
2024,41601,rural,23,hombre,0,11,0.0
2024,41601,rural,23,mujer,0,19,0.0
2024,41601,rural,24,hombre,0,21,0.0
2024,41601,rural,24,mujer,0,32,0.0
2024,41601,rural,25,hombre,2,25,8.0
2024,41601,rural,25,mujer,0,15,0.0
2024,41601,rural,26,hombre,0,21,0.0
2024,41601,rural,26,mujer,0,14,0.0
2024,41601,rural,27,hombre,0,22,0.0
2024,41601,rural,27,mujer,0,18,0.0
2024,41601,rural,28,hombre,0,25,0.0
2024,41601,rural,28,mujer,0,21,0.0
2024,50101,rural,16,hombre,1,33,3.0303030303030303
2024,50101,rural,16,mujer,0,18,0.0
2024,50101,rural,17,hombre,0,43,0.0
2024,50101,rural,17,mujer,0,26,0.0
2024,50101,rural,18,hombre,5,52,9.615384615384615
2024,50101,rural,18,mujer,0,25,0.0
2024,50101,rural,19,hombre,4,72,5.555555555555555
2024,50101,rural,19,mujer,1,29,3.4482758620689653
2024,50101,rural,20,hombre,6,70,8.571428571428571
2024,50101,rural,20,mujer,0,36,0.0
2024,50101,rural,21,hombre,2,111,1.8018018018018018
2024,50101,rural,21,mujer,0,45,0.0
2024,50101,rural,22,hombre,6,99,6.0606060606060606
2024,50101,rural,22,mujer,2,49,4.081632653061225
2024,50101,rural,23,hombre,8,119,6.722689075630252
2024,50101,rural,23,mujer,1,44,2.272727272727273
2024,50101,rural,24,hombre,10,128,7.8125
2024,50101,rural,24,mujer,2,44,4.545454545454546
2024,50101,rural,25,hombre,9,124,7.258064516129032
2024,50101,rural,25,mujer,1,55,1.8181818181818181
2024,50101,rural,26,hombre,6,146,4.109589041095891
2024,50101,rural,26,mujer,0,66,0.0
2024,50101,rural,27,hombre,10,116,8.620689655172415
2024,50101,rural,27,mujer,3,57,5.2631578947368425
2024,50101,rural,28,hombre,9,130,6.923076923076923
2024,50101,rural,28,mujer,0,46,0.0
2024,50101,urbana,16,hombre,7,386,1.8134715025906736
2024,50101,urbana,16,mujer,3,341,0.8797653958944281
2024,50101,urbana,17,hombre,13,479,2.7139874739039667
2024,50101,urbana,17,mujer,4,398,1.0050251256281406
2024,50101,urbana,18,hombre,21,666,3.1531531531531534
2024,50101,urbana,18,mujer,9,519,1.7341040462427746
2024,50101,urbana,19,hombre,18,748,2.406417112299465
2024,50101,urbana,19,mujer,17,547,3.1078610603290677
2024,50101,urbana,20,hombre,32,858,3.7296037296037294
2024,50101,urbana,20,mujer,21,639,3.2863849765258215
2024,50101,urbana,21,hombre,45,1020,4.411764705882353
2024,50101,urbana,21,mujer,18,672,2.6785714285714284
2024,50101,urbana,22,hombre,43,1015,4.236453201970443
2024,50101,urbana,22,mujer,19,727,2.6134800550206325
2024,50101,urbana,23,hombre,48,1218,3.9408866995073892
2024,50101,urbana,23,mujer,24,857,2.8004667444574096
2024,50101,urbana,24,hombre,73,1297,5.628373168851195
2024,50101,urbana,24,mujer,24,917,2.6172300981461287
2024,50101,urbana,25,hombre,56,1280,4.375
2024,50101,urbana,25,mujer,21,873,2.4054982817869415
2024,50101,urbana,26,hombre,49,1241,3.94842868654311
2024,50101,urbana,26,mujer,21,900,2.3333333333333335
2024,50101,urbana,27,hombre,61,1291,4.725019364833463
2024,50101,urbana,27,mujer,18,962,1.8711018711018712
2024,50101,urbana,28,hombre,54,1287,4.195804195804196
2024,50101,urbana,28,mujer,18,940,1.9148936170212767
2024,50102,rural,16,hombre,2,83,2.4096385542168677
2024,50102,rural,16,mujer,1,48,2.0833333333333335
2024,50102,rural,17,hombre,3,95,3.1578947368421053
2024,50102,rural,17,mujer,2,50,4.0
2024,50102,rural,18,hombre,3,122,2.459016393442623
2024,50102,rural,18,mujer,1,47,2.127659574468085
2024,50102,rural,19,hombre,1,124,0.8064516129032258
2024,50102,rural,19,mujer,0,58,0.0
2024,50102,rural,20,hombre,0,174,0.0
2024,50102,rural,20,mujer,0,57,0.0
2024,50102,rural,21,hombre,1,193,0.5181347150259067
2024,50102,rural,21,mujer,0,80,0.0
2024,50102,rural,22,hombre,2,196,1.0204081632653061
2024,50102,rural,22,mujer,1,63,1.5873015873015872
2024,50102,rural,23,hombre,3,195,1.5384615384615385
2024,50102,rural,23,mujer,0,70,0.0
2024,50102,rural,24,hombre,5,212,2.358490566037736
2024,50102,rural,24,mujer,0,67,0.0
2024,50102,rural,25,hombre,6,187,3.2085561497326203
2024,50102,rural,25,mujer,0,60,0.0
2024,50102,rural,26,hombre,2,183,1.092896174863388
2024,50102,rural,26,mujer,0,62,0.0
2024,50102,rural,27,hombre,2,192,1.0416666666666667
2024,50102,rural,27,mujer,1,62,1.6129032258064515
2024,50102,rural,28,hombre,4,194,2.0618556701030926
2024,50102,rural,28,mujer,0,70,0.0
2024,50103,rural,16,hombre,0,20,0.0
2024,50103,rural,16,mujer,0,12,0.0
2024,50103,rural,17,hombre,0,16,0.0
2024,50103,rural,17,mujer,0,9,0.0
2024,50103,rural,18,hombre,0,29,0.0
2024,50103,rural,18,mujer,0,25,0.0
2024,50103,rural,19,hombre,0,33,0.0
2024,50103,rural,19,mujer,0,19,0.0
2024,50103,rural,20,hombre,0,32,0.0
2024,50103,rural,20,mujer,0,20,0.0
2024,50103,rural,21,hombre,1,43,2.3255813953488373
2024,50103,rural,21,mujer,0,34,0.0
2024,50103,rural,22,hombre,0,35,0.0
2024,50103,rural,22,mujer,0,27,0.0
2024,50103,rural,23,hombre,2,61,3.278688524590164
2024,50103,rural,23,mujer,1,34,2.9411764705882355
2024,50103,rural,24,hombre,2,69,2.898550724637681
2024,50103,rural,24,mujer,0,27,0.0
2024,50103,rural,25,hombre,2,60,3.3333333333333335
2024,50103,rural,25,mujer,1,41,2.4390243902439024
2024,50103,rural,26,hombre,2,79,2.5316455696202533
2024,50103,rural,26,mujer,0,32,0.0
2024,50103,rural,27,hombre,2,66,3.0303030303030303
2024,50103,rural,27,mujer,0,42,0.0
2024,50103,rural,28,hombre,4,75,5.333333333333333
2024,50103,rural,28,mujer,1,35,2.857142857142857
2024,50104,rural,16,hombre,0,2,0.0
2024,50104,rural,16,mujer,0,3,0.0
2024,50104,rural,17,hombre,0,8,0.0
2024,50104,rural,17,mujer,0,6,0.0
2024,50104,rural,18,hombre,0,6,0.0
2024,50104,rural,18,mujer,0,5,0.0
2024,50104,rural,19,hombre,0,11,0.0
2024,50104,rural,19,mujer,0,6,0.0
2024,50104,rural,20,hombre,0,13,0.0
2024,50104,rural,20,mujer,0,5,0.0
2024,50104,rural,21,hombre,0,9,0.0
2024,50104,rural,21,mujer,0,7,0.0
2024,50104,rural,22,hombre,0,21,0.0
2024,50104,rural,22,mujer,0,6,0.0
2024,50104,rural,23,hombre,0,26,0.0
2024,50104,rural,23,mujer,0,14,0.0
2024,50104,rural,24,hombre,0,21,0.0
2024,50104,rural,24,mujer,0,9,0.0
2024,50104,rural,25,hombre,0,12,0.0
2024,50104,rural,25,mujer,0,10,0.0
2024,50104,rural,26,hombre,0,25,0.0
2024,50104,rural,26,mujer,0,5,0.0
2024,50104,rural,27,hombre,0,19,0.0
2024,50104,rural,27,mujer,0,9,0.0
2024,50104,rural,28,hombre,1,18,5.555555555555555
2024,50104,rural,28,mujer,0,13,0.0
2024,50201,rural,16,hombre,0,28,0.0
2024,50201,rural,16,mujer,0,10,0.0
2024,50201,rural,17,hombre,0,30,0.0
2024,50201,rural,17,mujer,0,21,0.0
2024,50201,rural,18,hombre,0,29,0.0
2024,50201,rural,18,mujer,0,24,0.0
2024,50201,rural,19,hombre,0,33,0.0
2024,50201,rural,19,mujer,1,31,3.225806451612903
2024,50201,rural,20,hombre,0,65,0.0
2024,50201,rural,20,mujer,1,28,3.5714285714285716
2024,50201,rural,21,hombre,2,57,3.508771929824561
2024,50201,rural,21,mujer,1,34,2.9411764705882355
2024,50201,rural,22,hombre,1,58,1.7241379310344827
2024,50201,rural,22,mujer,1,32,3.125
2024,50201,rural,23,hombre,0,82,0.0
2024,50201,rural,23,mujer,1,49,2.0408163265306123
2024,50201,rural,24,hombre,2,76,2.6315789473684212
2024,50201,rural,24,mujer,2,39,5.128205128205129
2024,50201,rural,25,hombre,3,69,4.3478260869565215
2024,50201,rural,25,mujer,0,39,0.0
2024,50201,rural,26,hombre,1,78,1.2820512820512822
2024,50201,rural,26,mujer,2,55,3.6363636363636362
2024,50201,rural,27,hombre,2,91,2.197802197802198
2024,50201,rural,27,mujer,1,43,2.3255813953488373
2024,50201,rural,28,hombre,3,85,3.5294117647058822
2024,50201,rural,28,mujer,1,27,3.7037037037037037
2024,50201,urbana,16,hombre,1,18,5.555555555555555
2024,50201,urbana,16,mujer,0,13,0.0
2024,50201,urbana,17,hombre,0,21,0.0
2024,50201,urbana,17,mujer,1,22,4.545454545454546
2024,50201,urbana,18,hombre,0,20,0.0
2024,50201,urbana,18,mujer,0,25,0.0
2024,50201,urbana,19,hombre,1,36,2.7777777777777777
2024,50201,urbana,19,mujer,0,21,0.0
2024,50201,urbana,20,hombre,2,31,6.451612903225806
2024,50201,urbana,20,mujer,0,27,0.0
2024,50201,urbana,21,hombre,2,35,5.714285714285714
2024,50201,urbana,21,mujer,2,31,6.451612903225806
2024,50201,urbana,22,hombre,0,44,0.0
2024,50201,urbana,22,mujer,0,27,0.0
2024,50201,urbana,23,hombre,0,40,0.0
2024,50201,urbana,23,mujer,1,32,3.125
2024,50201,urbana,24,hombre,0,54,0.0
2024,50201,urbana,24,mujer,0,40,0.0
2024,50201,urbana,25,hombre,1,36,2.7777777777777777
2024,50201,urbana,25,mujer,0,30,0.0
2024,50201,urbana,26,hombre,1,43,2.3255813953488373
2024,50201,urbana,26,mujer,3,37,8.108108108108109
2024,50201,urbana,27,hombre,2,51,3.9215686274509802
2024,50201,urbana,27,mujer,0,36,0.0
2024,50201,urbana,28,hombre,3,47,6.382978723404255
2024,50201,urbana,28,mujer,1,52,1.9230769230769231
2024,50202,rural,16,hombre,0,17,0.0
2024,50202,rural,16,mujer,2,13,15.384615384615385
2024,50202,rural,17,hombre,1,32,3.125
2024,50202,rural,17,mujer,0,16,0.0
2024,50202,rural,18,hombre,1,26,3.8461538461538463
2024,50202,rural,18,mujer,0,17,0.0
2024,50202,rural,19,hombre,0,61,0.0
2024,50202,rural,19,mujer,0,23,0.0
2024,50202,rural,20,hombre,2,56,3.5714285714285716
2024,50202,rural,20,mujer,1,23,4.3478260869565215
2024,50202,rural,21,hombre,0,64,0.0
2024,50202,rural,21,mujer,0,30,0.0
2024,50202,rural,22,hombre,0,71,0.0
2024,50202,rural,22,mujer,1,27,3.7037037037037037
2024,50202,rural,23,hombre,2,79,2.5316455696202533
2024,50202,rural,23,mujer,0,30,0.0
2024,50202,rural,24,hombre,1,80,1.25
2024,50202,rural,24,mujer,0,28,0.0
2024,50202,rural,25,hombre,2,86,2.3255813953488373
2024,50202,rural,25,mujer,0,28,0.0
2024,50202,rural,26,hombre,1,83,1.2048192771084338
2024,50202,rural,26,mujer,0,23,0.0
2024,50202,rural,27,hombre,0,78,0.0
2024,50202,rural,27,mujer,0,27,0.0
2024,50202,rural,28,hombre,0,77,0.0
2024,50202,rural,28,mujer,0,33,0.0
2024,50202,urbana,16,hombre,0,5,0.0
2024,50202,urbana,16,mujer,0,2,0.0
2024,50202,urbana,17,hombre,0,3,0.0
2024,50202,urbana,17,mujer,0,6,0.0
2024,50202,urbana,18,hombre,0,9,0.0
2024,50202,urbana,18,mujer,0,5,0.0
2024,50202,urbana,19,hombre,0,3,0.0
2024,50202,urbana,19,mujer,0,4,0.0
2024,50202,urbana,20,hombre,0,9,0.0
2024,50202,urbana,20,mujer,0,8,0.0
2024,50202,urbana,21,hombre,0,10,0.0
2024,50202,urbana,21,mujer,0,7,0.0
2024,50202,urbana,22,hombre,0,17,0.0
2024,50202,urbana,22,mujer,0,10,0.0
2024,50202,urbana,23,hombre,0,15,0.0
2024,50202,urbana,23,mujer,0,9,0.0
2024,50202,urbana,24,hombre,0,12,0.0
2024,50202,urbana,24,mujer,0,10,0.0
2024,50202,urbana,25,hombre,1,14,7.142857142857143
2024,50202,urbana,25,mujer,0,9,0.0
2024,50202,urbana,26,hombre,1,16,6.25
2024,50202,urbana,26,mujer,0,6,0.0
2024,50202,urbana,27,hombre,0,8,0.0
2024,50202,urbana,27,mujer,1,12,8.333333333333334
2024,50202,urbana,28,hombre,0,7,0.0
2024,50202,urbana,28,mujer,1,13,7.6923076923076925
2024,50203,rural,16,hombre,1,12,8.333333333333334
2024,50203,rural,16,mujer,0,8,0.0
2024,50203,rural,17,hombre,0,14,0.0
2024,50203,rural,17,mujer,0,6,0.0
2024,50203,rural,18,hombre,0,11,0.0
2024,50203,rural,18,mujer,0,10,0.0
2024,50203,rural,19,hombre,0,18,0.0
2024,50203,rural,19,mujer,1,11,9.090909090909092
2024,50203,rural,20,hombre,2,20,10.0
2024,50203,rural,20,mujer,0,11,0.0
2024,50203,rural,21,hombre,0,30,0.0
2024,50203,rural,21,mujer,0,3,0.0
2024,50203,rural,22,hombre,0,29,0.0
2024,50203,rural,22,mujer,0,12,0.0
2024,50203,rural,23,hombre,3,23,13.043478260869565
2024,50203,rural,23,mujer,0,6,0.0
2024,50203,rural,24,hombre,1,38,2.6315789473684212
2024,50203,rural,24,mujer,0,9,0.0
2024,50203,rural,25,hombre,1,29,3.4482758620689653
2024,50203,rural,25,mujer,0,16,0.0
2024,50203,rural,26,hombre,0,30,0.0
2024,50203,rural,26,mujer,0,15,0.0
2024,50203,rural,27,hombre,2,29,6.896551724137931
2024,50203,rural,27,mujer,0,10,0.0
2024,50203,rural,28,hombre,0,34,0.0
2024,50203,rural,28,mujer,0,9,0.0
2024,50203,urbana,16,hombre,2,104,1.9230769230769231
2024,50203,urbana,16,mujer,0,58,0.0
2024,50203,urbana,17,hombre,3,90,3.3333333333333335
2024,50203,urbana,17,mujer,1,86,1.1627906976744187
2024,50203,urbana,18,hombre,4,122,3.278688524590164
2024,50203,urbana,18,mujer,4,131,3.053435114503817
2024,50203,urbana,19,hombre,4,137,2.9197080291970803
2024,50203,urbana,19,mujer,2,137,1.4598540145985401
2024,50203,urbana,20,hombre,11,214,5.140186915887851
2024,50203,urbana,20,mujer,4,153,2.6143790849673203
2024,50203,urbana,21,hombre,10,226,4.424778761061947
2024,50203,urbana,21,mujer,2,157,1.2738853503184713
2024,50203,urbana,22,hombre,8,222,3.6036036036036037
2024,50203,urbana,22,mujer,7,174,4.022988505747127
2024,50203,urbana,23,hombre,10,251,3.9840637450199203
2024,50203,urbana,23,mujer,2,166,1.2048192771084338
2024,50203,urbana,24,hombre,11,234,4.700854700854701
2024,50203,urbana,24,mujer,8,169,4.733727810650888
2024,50203,urbana,25,hombre,13,219,5.936073059360731
2024,50203,urbana,25,mujer,2,151,1.3245033112582782
2024,50203,urbana,26,hombre,9,206,4.368932038834951
2024,50203,urbana,26,mujer,5,152,3.289473684210526
2024,50203,urbana,27,hombre,10,206,4.854368932038835
2024,50203,urbana,27,mujer,5,162,3.0864197530864197
2024,50203,urbana,28,hombre,12,196,6.122448979591836
2024,50203,urbana,28,mujer,8,167,4.790419161676646
2024,50204,rural,16,hombre,1,12,8.333333333333334
2024,50204,rural,16,mujer,0,9,0.0
2024,50204,rural,17,hombre,0,21,0.0
2024,50204,rural,17,mujer,0,8,0.0
2024,50204,rural,18,hombre,0,19,0.0
2024,50204,rural,18,mujer,0,11,0.0
2024,50204,rural,19,hombre,0,23,0.0
2024,50204,rural,19,mujer,1,10,10.0
2024,50204,rural,20,hombre,1,32,3.125
2024,50204,rural,20,mujer,0,14,0.0
2024,50204,rural,21,hombre,2,31,6.451612903225806
2024,50204,rural,21,mujer,0,11,0.0
2024,50204,rural,22,hombre,1,38,2.6315789473684212
2024,50204,rural,22,mujer,0,7,0.0
2024,50204,rural,23,hombre,1,31,3.225806451612903
2024,50204,rural,23,mujer,0,16,0.0
2024,50204,rural,24,hombre,0,43,0.0
2024,50204,rural,24,mujer,0,12,0.0
2024,50204,rural,25,hombre,2,46,4.3478260869565215
2024,50204,rural,25,mujer,0,17,0.0
2024,50204,rural,26,hombre,4,38,10.526315789473685
2024,50204,rural,26,mujer,1,7,14.285714285714286
2024,50204,rural,27,hombre,0,43,0.0
2024,50204,rural,27,mujer,0,10,0.0
2024,50204,rural,28,hombre,0,22,0.0
2024,50204,rural,28,mujer,0,17,0.0
2024,50204,urbana,16,hombre,0,6,0.0
2024,50204,urbana,16,mujer,0,1,0.0
2024,50204,urbana,17,hombre,0,6,0.0
2024,50204,urbana,17,mujer,0,1,0.0
2024,50204,urbana,18,hombre,0,4,0.0
2024,50204,urbana,18,mujer,0,1,0.0
2024,50204,urbana,19,hombre,1,7,14.285714285714286
2024,50204,urbana,19,mujer,0,1,0.0
2024,50204,urbana,20,hombre,0,10,0.0
2024,50204,urbana,20,mujer,0,3,0.0
2024,50204,urbana,21,hombre,0,8,0.0
2024,50204,urbana,21,mujer,0,4,0.0
2024,50204,urbana,22,hombre,0,15,0.0
2024,50204,urbana,22,mujer,0,2,0.0
2024,50204,urbana,23,hombre,0,17,0.0
2024,50204,urbana,23,mujer,1,3,33.333333333333336
2024,50204,urbana,24,hombre,2,13,15.384615384615385
2024,50204,urbana,24,mujer,0,2,0.0
2024,50204,urbana,25,hombre,1,14,7.142857142857143
2024,50204,urbana,25,mujer,0,6,0.0
2024,50204,urbana,26,hombre,0,13,0.0
2024,50204,urbana,26,mujer,0,6,0.0
2024,50204,urbana,27,hombre,3,22,13.636363636363637
2024,50204,urbana,27,mujer,1,4,25.0
2024,50204,urbana,28,hombre,2,18,11.11111111111111
2024,50204,urbana,28,mujer,1,6,16.666666666666668
2024,50301,rural,16,hombre,0,62,0.0
2024,50301,rural,16,mujer,0,35,0.0
2024,50301,rural,17,hombre,0,70,0.0
2024,50301,rural,17,mujer,0,49,0.0
2024,50301,rural,18,hombre,0,77,0.0
2024,50301,rural,18,mujer,0,54,0.0
2024,50301,rural,19,hombre,5,80,6.25
2024,50301,rural,19,mujer,1,60,1.6666666666666667
2024,50301,rural,20,hombre,2,99,2.0202020202020203
2024,50301,rural,20,mujer,1,57,1.7543859649122806
2024,50301,rural,21,hombre,4,108,3.7037037037037037
2024,50301,rural,21,mujer,1,73,1.36986301369863
2024,50301,rural,22,hombre,3,141,2.127659574468085
2024,50301,rural,22,mujer,3,71,4.225352112676056
2024,50301,rural,23,hombre,3,151,1.9867549668874172
2024,50301,rural,23,mujer,1,83,1.2048192771084338
2024,50301,rural,24,hombre,5,157,3.1847133757961785
2024,50301,rural,24,mujer,1,89,1.1235955056179776
2024,50301,rural,25,hombre,1,124,0.8064516129032258
2024,50301,rural,25,mujer,0,72,0.0
2024,50301,rural,26,hombre,4,114,3.508771929824561
2024,50301,rural,26,mujer,0,73,0.0
2024,50301,rural,27,hombre,5,124,4.032258064516129
2024,50301,rural,27,mujer,1,76,1.3157894736842106
2024,50301,rural,28,hombre,1,121,0.8264462809917356
2024,50301,rural,28,mujer,3,74,4.054054054054054
2024,50301,urbana,16,hombre,0,20,0.0
2024,50301,urbana,16,mujer,0,20,0.0
2024,50301,urbana,17,hombre,2,29,6.896551724137931
2024,50301,urbana,17,mujer,0,24,0.0
2024,50301,urbana,18,hombre,0,22,0.0
2024,50301,urbana,18,mujer,0,25,0.0
2024,50301,urbana,19,hombre,1,21,4.761904761904762
2024,50301,urbana,19,mujer,0,21,0.0
2024,50301,urbana,20,hombre,1,29,3.4482758620689653
2024,50301,urbana,20,mujer,0,34,0.0
2024,50301,urbana,21,hombre,1,29,3.4482758620689653
2024,50301,urbana,21,mujer,0,27,0.0
2024,50301,urbana,22,hombre,0,30,0.0
2024,50301,urbana,22,mujer,0,33,0.0
2024,50301,urbana,23,hombre,1,39,2.5641025641025643
2024,50301,urbana,23,mujer,0,26,0.0
2024,50301,urbana,24,hombre,1,35,2.857142857142857
2024,50301,urbana,24,mujer,2,31,6.451612903225806
2024,50301,urbana,25,hombre,0,46,0.0
2024,50301,urbana,25,mujer,1,34,2.9411764705882355
2024,50301,urbana,26,hombre,3,43,6.976744186046512
2024,50301,urbana,26,mujer,0,29,0.0
2024,50301,urbana,27,hombre,1,43,2.3255813953488373
2024,50301,urbana,27,mujer,0,33,0.0
2024,50301,urbana,28,hombre,0,31,0.0
2024,50301,urbana,28,mujer,1,26,3.8461538461538463
2024,50302,rural,16,hombre,1,16,6.25
2024,50302,rural,16,mujer,0,8,0.0
2024,50302,rural,17,hombre,0,20,0.0
2024,50302,rural,17,mujer,0,8,0.0
2024,50302,rural,18,hombre,0,18,0.0
2024,50302,rural,18,mujer,0,17,0.0
2024,50302,rural,19,hombre,1,27,3.7037037037037037
2024,50302,rural,19,mujer,0,19,0.0
2024,50302,rural,20,hombre,0,27,0.0
2024,50302,rural,20,mujer,0,16,0.0
2024,50302,rural,21,hombre,2,36,5.555555555555555
2024,50302,rural,21,mujer,0,24,0.0
2024,50302,rural,22,hombre,0,47,0.0
2024,50302,rural,22,mujer,0,27,0.0
2024,50302,rural,23,hombre,1,45,2.2222222222222223
2024,50302,rural,23,mujer,0,26,0.0
2024,50302,rural,24,hombre,3,49,6.122448979591836
2024,50302,rural,24,mujer,0,20,0.0
2024,50302,rural,25,hombre,1,44,2.272727272727273
2024,50302,rural,25,mujer,1,27,3.7037037037037037
2024,50302,rural,26,hombre,2,53,3.7735849056603774
2024,50302,rural,26,mujer,0,27,0.0
2024,50302,rural,27,hombre,0,41,0.0
2024,50302,rural,27,mujer,1,21,4.761904761904762
2024,50302,rural,28,hombre,1,52,1.9230769230769231
2024,50302,rural,28,mujer,0,29,0.0
2024,50303,rural,16,hombre,1,32,3.125
2024,50303,rural,16,mujer,0,22,0.0
2024,50303,rural,17,hombre,4,40,10.0
2024,50303,rural,17,mujer,0,22,0.0
2024,50303,rural,18,hombre,0,44,0.0
2024,50303,rural,18,mujer,0,35,0.0
2024,50303,rural,19,hombre,0,45,0.0
2024,50303,rural,19,mujer,0,25,0.0
2024,50303,rural,20,hombre,1,68,1.4705882352941178
2024,50303,rural,20,mujer,0,31,0.0
2024,50303,rural,21,hombre,0,70,0.0
2024,50303,rural,21,mujer,0,36,0.0
2024,50303,rural,22,hombre,3,83,3.6144578313253013
2024,50303,rural,22,mujer,0,23,0.0
2024,50303,rural,23,hombre,2,92,2.1739130434782608
2024,50303,rural,23,mujer,1,30,3.3333333333333335
2024,50303,rural,24,hombre,5,84,5.9523809523809526
2024,50303,rural,24,mujer,1,39,2.5641025641025643
2024,50303,rural,25,hombre,3,98,3.061224489795918
2024,50303,rural,25,mujer,1,31,3.225806451612903
2024,50303,rural,26,hombre,3,70,4.285714285714286
2024,50303,rural,26,mujer,0,30,0.0
2024,50303,rural,27,hombre,3,70,4.285714285714286
2024,50303,rural,27,mujer,2,21,9.523809523809524
2024,50303,rural,28,hombre,2,66,3.0303030303030303
2024,50303,rural,28,mujer,0,30,0.0
2024,50401,rural,16,hombre,0,41,0.0
2024,50401,rural,16,mujer,0,21,0.0
2024,50401,rural,17,hombre,0,31,0.0
2024,50401,rural,17,mujer,0,16,0.0
2024,50401,rural,18,hombre,0,42,0.0
2024,50401,rural,18,mujer,1,27,3.7037037037037037
2024,50401,rural,19,hombre,0,46,0.0
2024,50401,rural,19,mujer,0,25,0.0
2024,50401,rural,20,hombre,0,33,0.0
2024,50401,rural,20,mujer,0,20,0.0
2024,50401,rural,21,hombre,1,43,2.3255813953488373
2024,50401,rural,21,mujer,0,25,0.0
2024,50401,rural,22,hombre,0,43,0.0
2024,50401,rural,22,mujer,0,24,0.0
2024,50401,rural,23,hombre,3,49,6.122448979591836
2024,50401,rural,23,mujer,0,15,0.0
2024,50401,rural,24,hombre,0,51,0.0
2024,50401,rural,24,mujer,0,23,0.0
2024,50401,rural,25,hombre,0,44,0.0
2024,50401,rural,25,mujer,1,19,5.2631578947368425
2024,50401,rural,26,hombre,0,22,0.0
2024,50401,rural,26,mujer,0,13,0.0
2024,50401,rural,27,hombre,1,41,2.4390243902439024
2024,50401,rural,27,mujer,0,19,0.0
2024,50401,rural,28,hombre,0,45,0.0
2024,50401,rural,28,mujer,0,13,0.0
2024,50401,urbana,16,hombre,0,26,0.0
2024,50401,urbana,16,mujer,0,5,0.0
2024,50401,urbana,17,hombre,3,34,8.823529411764707
2024,50401,urbana,17,mujer,1,10,10.0
2024,50401,urbana,18,hombre,4,42,9.523809523809524
2024,50401,urbana,18,mujer,0,7,0.0
2024,50401,urbana,19,hombre,3,59,5.084745762711864
2024,50401,urbana,19,mujer,0,4,0.0
2024,50401,urbana,20,hombre,6,55,10.909090909090908
2024,50401,urbana,20,mujer,0,7,0.0
2024,50401,urbana,21,hombre,7,74,9.45945945945946
2024,50401,urbana,21,mujer,0,9,0.0
2024,50401,urbana,22,hombre,10,82,12.195121951219512
2024,50401,urbana,22,mujer,0,6,0.0
2024,50401,urbana,23,hombre,15,74,20.27027027027027
2024,50401,urbana,23,mujer,0,9,0.0
2024,50401,urbana,24,hombre,22,100,22.0
2024,50401,urbana,24,mujer,1,11,9.090909090909092
2024,50401,urbana,25,hombre,19,78,24.358974358974358
2024,50401,urbana,25,mujer,1,11,9.090909090909092
2024,50401,urbana,26,hombre,23,74,31.08108108108108
2024,50401,urbana,26,mujer,0,19,0.0
2024,50401,urbana,27,hombre,14,63,22.22222222222222
2024,50401,urbana,27,mujer,0,13,0.0
2024,50401,urbana,28,hombre,10,62,16.129032258064516
2024,50401,urbana,28,mujer,0,21,0.0
2024,50402,rural,16,hombre,1,29,3.4482758620689653
2024,50402,rural,16,mujer,0,32,0.0
2024,50402,rural,17,hombre,1,48,2.0833333333333335
2024,50402,rural,17,mujer,0,23,0.0
2024,50402,rural,18,hombre,1,64,1.5625
2024,50402,rural,18,mujer,1,33,3.0303030303030303
2024,50402,rural,19,hombre,2,54,3.7037037037037037
2024,50402,rural,19,mujer,0,36,0.0
2024,50402,rural,20,hombre,1,65,1.5384615384615385
2024,50402,rural,20,mujer,0,38,0.0
2024,50402,rural,21,hombre,1,68,1.4705882352941178
2024,50402,rural,21,mujer,0,35,0.0
2024,50402,rural,22,hombre,1,66,1.5151515151515151
2024,50402,rural,22,mujer,1,36,2.7777777777777777
2024,50402,rural,23,hombre,0,78,0.0
2024,50402,rural,23,mujer,0,47,0.0
2024,50402,rural,24,hombre,2,78,2.5641025641025643
2024,50402,rural,24,mujer,0,43,0.0
2024,50402,rural,25,hombre,0,68,0.0
2024,50402,rural,25,mujer,0,34,0.0
2024,50402,rural,26,hombre,0,71,0.0
2024,50402,rural,26,mujer,1,32,3.125
2024,50402,rural,27,hombre,1,66,1.5151515151515151
2024,50402,rural,27,mujer,1,50,2.0
2024,50402,rural,28,hombre,2,74,2.7027027027027026
2024,50402,rural,28,mujer,1,33,3.0303030303030303
2024,50403,rural,16,hombre,0,57,0.0
2024,50403,rural,16,mujer,1,28,3.5714285714285716
2024,50403,rural,17,hombre,0,63,0.0
2024,50403,rural,17,mujer,0,38,0.0
2024,50403,rural,18,hombre,2,76,2.6315789473684212
2024,50403,rural,18,mujer,0,55,0.0
2024,50403,rural,19,hombre,0,76,0.0
2024,50403,rural,19,mujer,1,71,1.408450704225352
2024,50403,rural,20,hombre,0,121,0.0
2024,50403,rural,20,mujer,1,63,1.5873015873015872
2024,50403,rural,21,hombre,2,119,1.680672268907563
2024,50403,rural,21,mujer,2,72,2.7777777777777777
2024,50403,rural,22,hombre,3,113,2.6548672566371683
2024,50403,rural,22,mujer,1,54,1.8518518518518519
2024,50403,rural,23,hombre,1,150,0.6666666666666666
2024,50403,rural,23,mujer,1,76,1.3157894736842106
2024,50403,rural,24,hombre,3,162,1.8518518518518519
2024,50403,rural,24,mujer,2,71,2.816901408450704
2024,50403,rural,25,hombre,1,150,0.6666666666666666
2024,50403,rural,25,mujer,3,66,4.545454545454546
2024,50403,rural,26,hombre,3,147,2.0408163265306123
2024,50403,rural,26,mujer,0,70,0.0
2024,50403,rural,27,hombre,7,137,5.109489051094891
2024,50403,rural,27,mujer,0,67,0.0
2024,50403,rural,28,hombre,3,164,1.829268292682927
2024,50403,rural,28,mujer,2,62,3.225806451612903
2024,50403,urbana,16,hombre,0,6,0.0
2024,50403,urbana,16,mujer,0,5,0.0
2024,50403,urbana,17,hombre,1,7,14.285714285714286
2024,50403,urbana,17,mujer,0,6,0.0
2024,50403,urbana,18,hombre,0,7,0.0
2024,50403,urbana,18,mujer,0,4,0.0
2024,50403,urbana,19,hombre,1,9,11.11111111111111
2024,50403,urbana,19,mujer,0,10,0.0
2024,50403,urbana,20,hombre,0,8,0.0
2024,50403,urbana,20,mujer,0,6,0.0
2024,50403,urbana,21,hombre,0,6,0.0
2024,50403,urbana,21,mujer,0,9,0.0
2024,50403,urbana,22,hombre,0,7,0.0
2024,50403,urbana,22,mujer,0,8,0.0
2024,50403,urbana,23,hombre,0,9,0.0
2024,50403,urbana,23,mujer,0,6,0.0
2024,50403,urbana,24,hombre,0,10,0.0
2024,50403,urbana,24,mujer,0,16,0.0
2024,50403,urbana,25,hombre,1,10,10.0
2024,50403,urbana,25,mujer,0,10,0.0
2024,50403,urbana,26,hombre,0,13,0.0
2024,50403,urbana,26,mujer,0,7,0.0
2024,50403,urbana,27,hombre,0,9,0.0
2024,50403,urbana,27,mujer,0,16,0.0
2024,50403,urbana,28,hombre,0,11,0.0
2024,50403,urbana,28,mujer,0,11,0.0
2024,50404,rural,16,hombre,2,57,3.508771929824561
2024,50404,rural,16,mujer,0,24,0.0
2024,50404,rural,17,hombre,2,62,3.225806451612903
2024,50404,rural,17,mujer,1,23,4.3478260869565215
2024,50404,rural,18,hombre,2,56,3.5714285714285716
2024,50404,rural,18,mujer,0,33,0.0
2024,50404,rural,19,hombre,2,54,3.7037037037037037
2024,50404,rural,19,mujer,0,20,0.0
2024,50404,rural,20,hombre,2,88,2.272727272727273
2024,50404,rural,20,mujer,1,35,2.857142857142857
2024,50404,rural,21,hombre,3,72,4.166666666666667
2024,50404,rural,21,mujer,0,27,0.0
2024,50404,rural,22,hombre,0,64,0.0
2024,50404,rural,22,mujer,1,27,3.7037037037037037
2024,50404,rural,23,hombre,0,82,0.0
2024,50404,rural,23,mujer,1,31,3.225806451612903
2024,50404,rural,24,hombre,0,101,0.0
2024,50404,rural,24,mujer,1,28,3.5714285714285716
2024,50404,rural,25,hombre,3,69,4.3478260869565215
2024,50404,rural,25,mujer,0,24,0.0
2024,50404,rural,26,hombre,0,74,0.0
2024,50404,rural,26,mujer,0,26,0.0
2024,50404,rural,27,hombre,1,68,1.4705882352941178
2024,50404,rural,27,mujer,0,27,0.0
2024,50404,rural,28,hombre,3,71,4.225352112676056
2024,50404,rural,28,mujer,1,27,3.7037037037037037
2024,50405,rural,16,hombre,0,50,0.0
2024,50405,rural,16,mujer,0,43,0.0
2024,50405,rural,17,hombre,1,53,1.8867924528301887
2024,50405,rural,17,mujer,1,38,2.6315789473684212
2024,50405,rural,18,hombre,1,95,1.0526315789473684
2024,50405,rural,18,mujer,0,49,0.0
2024,50405,rural,19,hombre,1,97,1.0309278350515463
2024,50405,rural,19,mujer,0,44,0.0
2024,50405,rural,20,hombre,0,110,0.0
2024,50405,rural,20,mujer,1,52,1.9230769230769231
2024,50405,rural,21,hombre,5,116,4.310344827586207
2024,50405,rural,21,mujer,1,52,1.9230769230769231
2024,50405,rural,22,hombre,0,111,0.0
2024,50405,rural,22,mujer,0,57,0.0
2024,50405,rural,23,hombre,1,125,0.8
2024,50405,rural,23,mujer,0,50,0.0
2024,50405,rural,24,hombre,3,156,1.9230769230769231
2024,50405,rural,24,mujer,1,59,1.694915254237288
2024,50405,rural,25,hombre,1,130,0.7692307692307693
2024,50405,rural,25,mujer,1,46,2.1739130434782608
2024,50405,rural,26,hombre,1,111,0.9009009009009009
2024,50405,rural,26,mujer,0,36,0.0
2024,50405,rural,27,hombre,1,127,0.7874015748031497
2024,50405,rural,27,mujer,0,38,0.0
2024,50405,rural,28,hombre,0,103,0.0
2024,50405,rural,28,mujer,0,40,0.0
2024,50501,rural,16,hombre,2,53,3.7735849056603774
2024,50501,rural,16,mujer,0,34,0.0
2024,50501,rural,17,hombre,1,65,1.5384615384615385
2024,50501,rural,17,mujer,1,43,2.3255813953488373
2024,50501,rural,18,hombre,0,53,0.0
2024,50501,rural,18,mujer,1,41,2.4390243902439024
2024,50501,rural,19,hombre,0,69,0.0
2024,50501,rural,19,mujer,1,47,2.127659574468085
2024,50501,rural,20,hombre,0,71,0.0
2024,50501,rural,20,mujer,1,41,2.4390243902439024
2024,50501,rural,21,hombre,1,91,1.098901098901099
2024,50501,rural,21,mujer,2,50,4.0
2024,50501,rural,22,hombre,1,111,0.9009009009009009
2024,50501,rural,22,mujer,1,36,2.7777777777777777
2024,50501,rural,23,hombre,1,127,0.7874015748031497
2024,50501,rural,23,mujer,0,42,0.0
2024,50501,rural,24,hombre,1,95,1.0526315789473684
2024,50501,rural,24,mujer,0,59,0.0
2024,50501,rural,25,hombre,0,114,0.0
2024,50501,rural,25,mujer,1,58,1.7241379310344827
2024,50501,rural,26,hombre,0,106,0.0
2024,50501,rural,26,mujer,1,41,2.4390243902439024
2024,50501,rural,27,hombre,2,101,1.9801980198019802
2024,50501,rural,27,mujer,3,49,6.122448979591836
2024,50501,rural,28,hombre,1,107,0.9345794392523364
2024,50501,rural,28,mujer,0,31,0.0
2024,50502,rural,16,hombre,2,30,6.666666666666667
2024,50502,rural,16,mujer,1,26,3.8461538461538463
2024,50502,rural,17,hombre,0,42,0.0
2024,50502,rural,17,mujer,0,21,0.0
2024,50502,rural,18,hombre,1,24,4.166666666666667
2024,50502,rural,18,mujer,0,33,0.0
2024,50502,rural,19,hombre,3,29,10.344827586206897
2024,50502,rural,19,mujer,1,37,2.7027027027027026
2024,50502,rural,20,hombre,0,40,0.0
2024,50502,rural,20,mujer,0,27,0.0
2024,50502,rural,21,hombre,3,46,6.521739130434782
2024,50502,rural,21,mujer,0,17,0.0
2024,50502,rural,22,hombre,1,33,3.0303030303030303
2024,50502,rural,22,mujer,0,29,0.0
2024,50502,rural,23,hombre,2,44,4.545454545454546
2024,50502,rural,23,mujer,1,28,3.5714285714285716
2024,50502,rural,24,hombre,2,49,4.081632653061225
2024,50502,rural,24,mujer,0,30,0.0
2024,50502,rural,25,hombre,2,46,4.3478260869565215
2024,50502,rural,25,mujer,1,28,3.5714285714285716
2024,50502,rural,26,hombre,2,51,3.9215686274509802
2024,50502,rural,26,mujer,0,34,0.0
2024,50502,rural,27,hombre,1,43,2.3255813953488373
2024,50502,rural,27,mujer,0,25,0.0
2024,50502,rural,28,hombre,3,66,4.545454545454546
2024,50502,rural,28,mujer,1,23,4.3478260869565215
2024,50601,rural,16,hombre,0,39,0.0
2024,50601,rural,16,mujer,0,9,0.0
2024,50601,rural,17,hombre,0,48,0.0
2024,50601,rural,17,mujer,0,39,0.0
2024,50601,rural,18,hombre,0,72,0.0
2024,50601,rural,18,mujer,0,43,0.0
2024,50601,rural,19,hombre,0,94,0.0
2024,50601,rural,19,mujer,1,57,1.7543859649122806
2024,50601,rural,20,hombre,0,110,0.0
2024,50601,rural,20,mujer,0,64,0.0
2024,50601,rural,21,hombre,3,98,3.061224489795918
2024,50601,rural,21,mujer,1,72,1.3888888888888888
2024,50601,rural,22,hombre,5,131,3.816793893129771
2024,50601,rural,22,mujer,1,78,1.2820512820512822
2024,50601,rural,23,hombre,3,137,2.18978102189781
2024,50601,rural,23,mujer,2,72,2.7777777777777777
2024,50601,rural,24,hombre,2,145,1.3793103448275863
2024,50601,rural,24,mujer,3,110,2.727272727272727
2024,50601,rural,25,hombre,2,126,1.5873015873015872
2024,50601,rural,25,mujer,0,78,0.0
2024,50601,rural,26,hombre,2,130,1.5384615384615385
2024,50601,rural,26,mujer,1,94,1.0638297872340425
2024,50601,rural,27,hombre,3,154,1.948051948051948
2024,50601,rural,27,mujer,2,98,2.0408163265306123
2024,50601,rural,28,hombre,3,151,1.9867549668874172
2024,50601,rural,28,mujer,3,106,2.830188679245283
2024,50601,urbana,16,hombre,0,8,0.0
2024,50601,urbana,16,mujer,0,9,0.0
2024,50601,urbana,17,hombre,0,13,0.0
2024,50601,urbana,17,mujer,0,9,0.0
2024,50601,urbana,18,hombre,1,12,8.333333333333334
2024,50601,urbana,18,mujer,0,8,0.0
2024,50601,urbana,19,hombre,0,4,0.0
2024,50601,urbana,19,mujer,0,7,0.0
2024,50601,urbana,20,hombre,0,10,0.0
2024,50601,urbana,20,mujer,0,5,0.0
2024,50601,urbana,21,hombre,1,14,7.142857142857143
2024,50601,urbana,21,mujer,0,12,0.0
2024,50601,urbana,22,hombre,1,9,11.11111111111111
2024,50601,urbana,22,mujer,0,9,0.0
2024,50601,urbana,23,hombre,0,15,0.0
2024,50601,urbana,23,mujer,0,11,0.0
2024,50601,urbana,24,hombre,0,15,0.0
2024,50601,urbana,24,mujer,0,10,0.0
2024,50601,urbana,25,hombre,1,18,5.555555555555555
2024,50601,urbana,25,mujer,0,18,0.0
2024,50601,urbana,26,hombre,0,14,0.0
2024,50601,urbana,26,mujer,0,14,0.0
2024,50601,urbana,27,hombre,0,16,0.0
2024,50601,urbana,27,mujer,0,12,0.0
2024,50601,urbana,28,hombre,0,19,0.0
2024,50601,urbana,28,mujer,0,10,0.0
2024,50602,rural,16,hombre,1,15,6.666666666666667
2024,50602,rural,16,mujer,0,18,0.0
2024,50602,rural,17,hombre,0,21,0.0
2024,50602,rural,17,mujer,0,6,0.0
2024,50602,rural,18,hombre,1,33,3.0303030303030303
2024,50602,rural,18,mujer,0,28,0.0
2024,50602,rural,19,hombre,0,31,0.0
2024,50602,rural,19,mujer,0,24,0.0
2024,50602,rural,20,hombre,0,31,0.0
2024,50602,rural,20,mujer,0,30,0.0
2024,50602,rural,21,hombre,0,32,0.0
2024,50602,rural,21,mujer,1,26,3.8461538461538463
2024,50602,rural,22,hombre,1,34,2.9411764705882355
2024,50602,rural,22,mujer,0,22,0.0
2024,50602,rural,23,hombre,2,52,3.8461538461538463
2024,50602,rural,23,mujer,2,32,6.25
2024,50602,rural,24,hombre,3,43,6.976744186046512
2024,50602,rural,24,mujer,1,33,3.0303030303030303
2024,50602,rural,25,hombre,1,38,2.6315789473684212
2024,50602,rural,25,mujer,1,37,2.7027027027027026
2024,50602,rural,26,hombre,0,34,0.0
2024,50602,rural,26,mujer,0,34,0.0
2024,50602,rural,27,hombre,0,48,0.0
2024,50602,rural,27,mujer,0,27,0.0
2024,50602,rural,28,hombre,1,35,2.857142857142857
2024,50602,rural,28,mujer,0,30,0.0
2024,50701,rural,16,hombre,0,32,0.0
2024,50701,rural,16,mujer,0,22,0.0
2024,50701,rural,17,hombre,1,38,2.6315789473684212
2024,50701,rural,17,mujer,0,36,0.0
2024,50701,rural,18,hombre,1,20,5.0
2024,50701,rural,18,mujer,0,24,0.0
2024,50701,rural,19,hombre,0,35,0.0
2024,50701,rural,19,mujer,0,31,0.0
2024,50701,rural,20,hombre,0,48,0.0
2024,50701,rural,20,mujer,1,31,3.225806451612903
2024,50701,rural,21,hombre,2,62,3.225806451612903
2024,50701,rural,21,mujer,0,28,0.0
2024,50701,rural,22,hombre,2,47,4.25531914893617
2024,50701,rural,22,mujer,0,22,0.0
2024,50701,rural,23,hombre,0,82,0.0
2024,50701,rural,23,mujer,0,24,0.0
2024,50701,rural,24,hombre,5,84,5.9523809523809526
2024,50701,rural,24,mujer,0,32,0.0
2024,50701,rural,25,hombre,0,63,0.0
2024,50701,rural,25,mujer,0,30,0.0
2024,50701,rural,26,hombre,3,75,4.0
2024,50701,rural,26,mujer,0,24,0.0
2024,50701,rural,27,hombre,1,69,1.4492753623188406
2024,50701,rural,27,mujer,0,28,0.0
2024,50701,rural,28,hombre,0,51,0.0
2024,50701,rural,28,mujer,1,24,4.166666666666667
2024,50701,urbana,16,hombre,0,1,0.0
2024,50701,urbana,17,hombre,0,7,0.0
2024,50701,urbana,17,mujer,0,3,0.0
2024,50701,urbana,18,hombre,0,4,0.0
2024,50701,urbana,18,mujer,0,4,0.0
2024,50701,urbana,19,hombre,0,4,0.0
2024,50701,urbana,19,mujer,0,5,0.0
2024,50701,urbana,20,hombre,0,5,0.0
2024,50701,urbana,20,mujer,0,5,0.0
2024,50701,urbana,21,hombre,0,8,0.0
2024,50701,urbana,21,mujer,0,6,0.0
2024,50701,urbana,22,hombre,0,2,0.0
2024,50701,urbana,22,mujer,0,8,0.0
2024,50701,urbana,23,hombre,0,3,0.0
2024,50701,urbana,23,mujer,0,8,0.0
2024,50701,urbana,24,hombre,0,6,0.0
2024,50701,urbana,24,mujer,0,11,0.0
2024,50701,urbana,25,hombre,0,5,0.0
2024,50701,urbana,25,mujer,0,3,0.0
2024,50701,urbana,26,hombre,0,9,0.0
2024,50701,urbana,26,mujer,0,4,0.0
2024,50701,urbana,27,hombre,1,6,16.666666666666668
2024,50701,urbana,27,mujer,0,6,0.0
2024,50701,urbana,28,hombre,0,12,0.0
2024,50701,urbana,28,mujer,0,3,0.0
2024,50702,rural,16,hombre,0,21,0.0
2024,50702,rural,16,mujer,0,11,0.0
2024,50702,rural,17,hombre,0,20,0.0
2024,50702,rural,17,mujer,0,10,0.0
2024,50702,rural,18,hombre,0,13,0.0
2024,50702,rural,18,mujer,1,21,4.761904761904762
2024,50702,rural,19,hombre,1,15,6.666666666666667
2024,50702,rural,19,mujer,0,16,0.0
2024,50702,rural,20,hombre,2,31,6.451612903225806
2024,50702,rural,20,mujer,0,19,0.0
2024,50702,rural,21,hombre,0,46,0.0
2024,50702,rural,21,mujer,1,20,5.0
2024,50702,rural,22,hombre,0,51,0.0
2024,50702,rural,22,mujer,0,18,0.0
2024,50702,rural,23,hombre,1,34,2.9411764705882355
2024,50702,rural,23,mujer,0,18,0.0
2024,50702,rural,24,hombre,1,47,2.127659574468085
2024,50702,rural,24,mujer,0,20,0.0
2024,50702,rural,25,hombre,2,35,5.714285714285714
2024,50702,rural,25,mujer,0,14,0.0
2024,50702,rural,26,hombre,0,47,0.0
2024,50702,rural,26,mujer,0,18,0.0
2024,50702,rural,27,hombre,1,55,1.8181818181818181
2024,50702,rural,27,mujer,0,23,0.0
2024,50702,rural,28,hombre,0,56,0.0
2024,50702,rural,28,mujer,0,21,0.0
2024,50801,rural,16,hombre,2,30,6.666666666666667
2024,50801,rural,16,mujer,0,17,0.0
2024,50801,rural,17,hombre,0,32,0.0
2024,50801,rural,17,mujer,0,14,0.0
2024,50801,rural,18,hombre,0,38,0.0
2024,50801,rural,18,mujer,0,31,0.0
2024,50801,rural,19,hombre,1,59,1.694915254237288
2024,50801,rural,19,mujer,0,23,0.0
2024,50801,rural,20,hombre,3,74,4.054054054054054
2024,50801,rural,20,mujer,2,47,4.25531914893617
2024,50801,rural,21,hombre,0,85,0.0
2024,50801,rural,21,mujer,0,38,0.0
2024,50801,rural,22,hombre,5,84,5.9523809523809526
2024,50801,rural,22,mujer,0,51,0.0
2024,50801,rural,23,hombre,2,83,2.4096385542168677
2024,50801,rural,23,mujer,1,47,2.127659574468085
2024,50801,rural,24,hombre,2,108,1.8518518518518519
2024,50801,rural,24,mujer,2,52,3.8461538461538463
2024,50801,rural,25,hombre,5,93,5.376344086021505
2024,50801,rural,25,mujer,0,46,0.0
2024,50801,rural,26,hombre,7,93,7.526881720430108
2024,50801,rural,26,mujer,0,49,0.0
2024,50801,rural,27,hombre,2,89,2.247191011235955
2024,50801,rural,27,mujer,1,65,1.5384615384615385
2024,50801,rural,28,hombre,2,94,2.127659574468085
2024,50801,rural,28,mujer,0,46,0.0
2024,50801,urbana,16,hombre,0,51,0.0
2024,50801,urbana,16,mujer,0,39,0.0
2024,50801,urbana,17,hombre,0,51,0.0
2024,50801,urbana,17,mujer,1,36,2.7777777777777777
2024,50801,urbana,18,hombre,2,68,2.9411764705882355
2024,50801,urbana,18,mujer,0,65,0.0
2024,50801,urbana,19,hombre,1,92,1.0869565217391304
2024,50801,urbana,19,mujer,0,61,0.0
2024,50801,urbana,20,hombre,2,114,1.7543859649122806
2024,50801,urbana,20,mujer,1,59,1.694915254237288
2024,50801,urbana,21,hombre,3,108,2.7777777777777777
2024,50801,urbana,21,mujer,0,69,0.0
2024,50801,urbana,22,hombre,2,103,1.941747572815534
2024,50801,urbana,22,mujer,0,90,0.0
2024,50801,urbana,23,hombre,3,117,2.5641025641025643
2024,50801,urbana,23,mujer,1,99,1.0101010101010102
2024,50801,urbana,24,hombre,4,150,2.6666666666666665
2024,50801,urbana,24,mujer,2,116,1.7241379310344827
2024,50801,urbana,25,hombre,4,157,2.5477707006369426
2024,50801,urbana,25,mujer,3,110,2.727272727272727
2024,50801,urbana,26,hombre,9,171,5.2631578947368425
2024,50801,urbana,26,mujer,1,138,0.7246376811594203
2024,50801,urbana,27,hombre,5,168,2.9761904761904763
2024,50801,urbana,27,mujer,2,170,1.1764705882352942
2024,50801,urbana,28,hombre,6,174,3.4482758620689653
2024,50801,urbana,28,mujer,3,143,2.097902097902098
2024,50802,rural,16,hombre,0,8,0.0
2024,50802,rural,16,mujer,0,9,0.0
2024,50802,rural,17,hombre,0,11,0.0
2024,50802,rural,17,mujer,0,4,0.0
2024,50802,rural,18,hombre,0,17,0.0
2024,50802,rural,18,mujer,0,13,0.0
2024,50802,rural,19,hombre,0,28,0.0
2024,50802,rural,19,mujer,0,10,0.0
2024,50802,rural,20,hombre,1,24,4.166666666666667
2024,50802,rural,20,mujer,0,12,0.0
2024,50802,rural,21,hombre,0,32,0.0
2024,50802,rural,21,mujer,0,13,0.0
2024,50802,rural,22,hombre,2,40,5.0
2024,50802,rural,22,mujer,0,9,0.0
2024,50802,rural,23,hombre,3,73,4.109589041095891
2024,50802,rural,23,mujer,1,21,4.761904761904762
2024,50802,rural,24,hombre,2,58,3.4482758620689653
2024,50802,rural,24,mujer,1,18,5.555555555555555
2024,50802,rural,25,hombre,3,71,4.225352112676056
2024,50802,rural,25,mujer,2,31,6.451612903225806
2024,50802,rural,26,hombre,6,64,9.375
2024,50802,rural,26,mujer,0,23,0.0
2024,50802,rural,27,hombre,4,80,5.0
2024,50802,rural,27,mujer,2,29,6.896551724137931
2024,50802,rural,28,hombre,6,81,7.407407407407407
2024,50802,rural,28,mujer,0,42,0.0
2024,50901,rural,16,hombre,0,13,0.0
2024,50901,rural,16,mujer,0,9,0.0
2024,50901,rural,17,hombre,0,12,0.0
2024,50901,rural,17,mujer,0,8,0.0
2024,50901,rural,18,hombre,0,18,0.0
2024,50901,rural,18,mujer,0,5,0.0
2024,50901,rural,19,hombre,0,21,0.0
2024,50901,rural,19,mujer,0,12,0.0
2024,50901,rural,20,hombre,0,29,0.0
2024,50901,rural,20,mujer,0,15,0.0
2024,50901,rural,21,hombre,1,46,2.1739130434782608
2024,50901,rural,21,mujer,0,17,0.0
2024,50901,rural,22,hombre,1,35,2.857142857142857
2024,50901,rural,22,mujer,2,25,8.0
2024,50901,rural,23,hombre,1,42,2.380952380952381
2024,50901,rural,23,mujer,2,22,9.090909090909092
2024,50901,rural,24,hombre,5,61,8.19672131147541
2024,50901,rural,24,mujer,0,34,0.0
2024,50901,rural,25,hombre,1,62,1.6129032258064515
2024,50901,rural,25,mujer,1,39,2.5641025641025643
2024,50901,rural,26,hombre,4,75,5.333333333333333
2024,50901,rural,26,mujer,1,39,2.5641025641025643
2024,50901,rural,27,hombre,1,74,1.3513513513513513
2024,50901,rural,27,mujer,1,40,2.5
2024,50901,rural,28,hombre,3,81,3.7037037037037037
2024,50901,rural,28,mujer,3,39,7.6923076923076925
2024,50901,urbana,16,hombre,0,2,0.0
2024,50901,urbana,16,mujer,0,2,0.0
2024,50901,urbana,17,hombre,0,3,0.0
2024,50901,urbana,17,mujer,0,4,0.0
2024,50901,urbana,18,hombre,0,2,0.0
2024,50901,urbana,18,mujer,0,6,0.0
2024,50901,urbana,19,hombre,0,1,0.0
2024,50901,urbana,19,mujer,0,1,0.0
2024,50901,urbana,20,hombre,0,5,0.0
2024,50901,urbana,20,mujer,0,1,0.0
2024,50901,urbana,21,hombre,0,10,0.0
2024,50901,urbana,21,mujer,0,4,0.0
2024,50901,urbana,22,hombre,0,4,0.0
2024,50901,urbana,22,mujer,0,9,0.0
2024,50901,urbana,23,hombre,0,13,0.0
2024,50901,urbana,23,mujer,0,3,0.0
2024,50901,urbana,24,hombre,0,14,0.0
2024,50901,urbana,24,mujer,0,9,0.0
2024,50901,urbana,25,hombre,0,15,0.0
2024,50901,urbana,25,mujer,0,12,0.0
2024,50901,urbana,26,hombre,0,11,0.0
2024,50901,urbana,26,mujer,1,16,6.25
2024,50901,urbana,27,hombre,1,16,6.25
2024,50901,urbana,27,mujer,0,8,0.0
2024,50901,urbana,28,hombre,0,18,0.0
2024,50901,urbana,28,mujer,0,8,0.0
2024,50902,rural,16,hombre,0,3,0.0
2024,50902,rural,16,mujer,0,1,0.0
2024,50902,rural,17,hombre,0,2,0.0
2024,50902,rural,17,mujer,0,4,0.0
2024,50902,rural,18,hombre,0,1,0.0
2024,50902,rural,19,hombre,0,4,0.0
2024,50902,rural,19,mujer,0,5,0.0
2024,50902,rural,20,hombre,0,7,0.0
2024,50902,rural,20,mujer,0,3,0.0
2024,50902,rural,21,hombre,1,6,16.666666666666668
2024,50902,rural,21,mujer,0,4,0.0
2024,50902,rural,22,hombre,0,14,0.0
2024,50902,rural,22,mujer,0,3,0.0
2024,50902,rural,23,hombre,0,16,0.0
2024,50902,rural,23,mujer,0,6,0.0
2024,50902,rural,24,hombre,0,9,0.0
2024,50902,rural,24,mujer,0,5,0.0
2024,50902,rural,25,hombre,0,13,0.0
2024,50902,rural,25,mujer,0,8,0.0
2024,50902,rural,26,hombre,0,8,0.0
2024,50902,rural,26,mujer,0,4,0.0
2024,50902,rural,27,hombre,0,12,0.0
2024,50902,rural,27,mujer,0,5,0.0
2024,50902,rural,28,hombre,0,8,0.0
2024,50902,rural,28,mujer,0,7,0.0
2024,51001,rural,16,hombre,0,7,0.0
2024,51001,rural,16,mujer,0,3,0.0
2024,51001,rural,17,hombre,0,5,0.0
2024,51001,rural,17,mujer,0,5,0.0
2024,51001,rural,18,hombre,0,9,0.0
2024,51001,rural,18,mujer,0,7,0.0
2024,51001,rural,19,hombre,0,12,0.0
2024,51001,rural,19,mujer,1,4,25.0
2024,51001,rural,20,hombre,0,11,0.0
2024,51001,rural,20,mujer,0,10,0.0
2024,51001,rural,21,hombre,0,15,0.0
2024,51001,rural,21,mujer,0,7,0.0
2024,51001,rural,22,hombre,1,21,4.761904761904762
2024,51001,rural,22,mujer,0,12,0.0
2024,51001,rural,23,hombre,0,15,0.0
2024,51001,rural,23,mujer,1,12,8.333333333333334
2024,51001,rural,24,hombre,3,19,15.789473684210526
2024,51001,rural,24,mujer,0,11,0.0
2024,51001,rural,25,hombre,1,13,7.6923076923076925
2024,51001,rural,25,mujer,0,8,0.0
2024,51001,rural,26,hombre,2,11,18.181818181818183
2024,51001,rural,26,mujer,0,16,0.0
2024,51001,rural,27,hombre,0,26,0.0
2024,51001,rural,27,mujer,0,13,0.0
2024,51001,rural,28,hombre,0,22,0.0
2024,51001,rural,28,mujer,0,11,0.0
2024,51002,rural,16,hombre,0,2,0.0
2024,51002,rural,16,mujer,0,1,0.0
2024,51002,rural,17,hombre,0,1,0.0
2024,51002,rural,17,mujer,0,2,0.0
2024,51002,rural,18,hombre,0,1,0.0
2024,51002,rural,18,mujer,0,1,0.0
2024,51002,rural,19,hombre,0,3,0.0
2024,51002,rural,20,hombre,0,4,0.0
2024,51002,rural,20,mujer,0,2,0.0
2024,51002,rural,21,hombre,0,5,0.0
2024,51002,rural,21,mujer,0,3,0.0
2024,51002,rural,22,hombre,0,2,0.0
2024,51002,rural,22,mujer,0,1,0.0
2024,51002,rural,23,hombre,0,5,0.0
2024,51002,rural,23,mujer,0,4,0.0
2024,51002,rural,24,hombre,0,10,0.0
2024,51002,rural,24,mujer,0,1,0.0
2024,51002,rural,25,hombre,0,6,0.0
2024,51002,rural,25,mujer,0,2,0.0
2024,51002,rural,26,hombre,0,8,0.0
2024,51002,rural,26,mujer,0,3,0.0
2024,51002,rural,27,hombre,0,6,0.0
2024,51002,rural,27,mujer,0,1,0.0
2024,51002,rural,28,hombre,0,6,0.0
2024,51002,rural,28,mujer,0,1,0.0
2024,51003,rural,16,hombre,0,3,0.0
2024,51003,rural,17,hombre,0,6,0.0
2024,51003,rural,18,hombre,0,6,0.0
2024,51003,rural,18,mujer,0,4,0.0
2024,51003,rural,19,hombre,0,9,0.0
2024,51003,rural,19,mujer,0,1,0.0
2024,51003,rural,20,hombre,0,7,0.0
2024,51003,rural,20,mujer,0,1,0.0
2024,51003,rural,21,hombre,0,5,0.0
2024,51003,rural,21,mujer,1,5,20.0
2024,51003,rural,22,hombre,0,10,0.0
2024,51003,rural,22,mujer,0,6,0.0
2024,51003,rural,23,hombre,0,9,0.0
2024,51003,rural,23,mujer,0,1,0.0
2024,51003,rural,24,hombre,0,14,0.0
2024,51003,rural,24,mujer,0,3,0.0
2024,51003,rural,25,hombre,0,13,0.0
2024,51003,rural,25,mujer,0,2,0.0
2024,51003,rural,26,hombre,0,7,0.0
2024,51003,rural,26,mujer,0,6,0.0
2024,51003,rural,27,hombre,0,10,0.0
2024,51003,rural,27,mujer,0,5,0.0
2024,51003,rural,28,hombre,0,10,0.0
2024,51003,rural,28,mujer,0,6,0.0
2024,51101,rural,16,hombre,1,50,2.0
2024,51101,rural,16,mujer,0,27,0.0
2024,51101,rural,17,hombre,0,38,0.0
2024,51101,rural,17,mujer,1,35,2.857142857142857
2024,51101,rural,18,hombre,0,38,0.0
2024,51101,rural,18,mujer,0,35,0.0
2024,51101,rural,19,hombre,0,52,0.0
2024,51101,rural,19,mujer,0,38,0.0
2024,51101,rural,20,hombre,1,64,1.5625
2024,51101,rural,20,mujer,0,36,0.0
2024,51101,rural,21,hombre,1,67,1.492537313432836
2024,51101,rural,21,mujer,1,37,2.7027027027027026
2024,51101,rural,22,hombre,2,80,2.5
2024,51101,rural,22,mujer,0,41,0.0
2024,51101,rural,23,hombre,2,77,2.5974025974025974
2024,51101,rural,23,mujer,3,62,4.838709677419355
2024,51101,rural,24,hombre,1,71,1.408450704225352
2024,51101,rural,24,mujer,0,46,0.0
2024,51101,rural,25,hombre,1,62,1.6129032258064515
2024,51101,rural,25,mujer,0,53,0.0
2024,51101,rural,26,hombre,4,77,5.194805194805195
2024,51101,rural,26,mujer,1,45,2.2222222222222223
2024,51101,rural,27,hombre,4,71,5.633802816901408
2024,51101,rural,27,mujer,1,33,3.0303030303030303
2024,51101,rural,28,hombre,2,72,2.7777777777777777
2024,51101,rural,28,mujer,2,56,3.5714285714285716
2024,51102,rural,16,hombre,0,16,0.0
2024,51102,rural,16,mujer,0,4,0.0
2024,51102,rural,17,hombre,0,10,0.0
2024,51102,rural,17,mujer,0,14,0.0
2024,51102,rural,18,hombre,0,19,0.0
2024,51102,rural,18,mujer,0,14,0.0
2024,51102,rural,19,hombre,0,33,0.0
2024,51102,rural,19,mujer,0,13,0.0
2024,51102,rural,20,hombre,0,38,0.0
2024,51102,rural,20,mujer,0,9,0.0
2024,51102,rural,21,hombre,1,39,2.5641025641025643
2024,51102,rural,21,mujer,0,16,0.0
2024,51102,rural,22,hombre,4,48,8.333333333333334
2024,51102,rural,22,mujer,0,17,0.0
2024,51102,rural,23,hombre,3,46,6.521739130434782
2024,51102,rural,23,mujer,0,23,0.0
2024,51102,rural,24,hombre,1,47,2.127659574468085
2024,51102,rural,24,mujer,0,24,0.0
2024,51102,rural,25,hombre,1,51,1.9607843137254901
2024,51102,rural,25,mujer,2,23,8.695652173913043
2024,51102,rural,26,hombre,1,41,2.4390243902439024
2024,51102,rural,26,mujer,0,24,0.0
2024,51102,rural,27,hombre,0,57,0.0
2024,51102,rural,27,mujer,0,20,0.0
2024,51102,rural,28,hombre,2,41,4.878048780487805
2024,51102,rural,28,mujer,0,21,0.0
2024,51102,urbana,16,hombre,0,17,0.0
2024,51102,urbana,16,mujer,1,11,9.090909090909092
2024,51102,urbana,17,hombre,0,15,0.0
2024,51102,urbana,17,mujer,0,10,0.0
2024,51102,urbana,18,hombre,0,15,0.0
2024,51102,urbana,18,mujer,0,7,0.0
2024,51102,urbana,19,hombre,0,7,0.0
2024,51102,urbana,19,mujer,1,10,10.0
2024,51102,urbana,20,hombre,0,24,0.0
2024,51102,urbana,20,mujer,0,19,0.0
2024,51102,urbana,21,hombre,0,18,0.0
2024,51102,urbana,21,mujer,0,21,0.0
2024,51102,urbana,22,hombre,0,18,0.0
2024,51102,urbana,22,mujer,0,10,0.0
2024,51102,urbana,23,hombre,1,36,2.7777777777777777
2024,51102,urbana,23,mujer,0,22,0.0
2024,51102,urbana,24,hombre,0,37,0.0
2024,51102,urbana,24,mujer,1,20,5.0
2024,51102,urbana,25,hombre,0,29,0.0
2024,51102,urbana,25,mujer,0,16,0.0
2024,51102,urbana,26,hombre,0,20,0.0
2024,51102,urbana,26,mujer,0,12,0.0
2024,51102,urbana,27,hombre,1,38,2.6315789473684212
2024,51102,urbana,27,mujer,0,16,0.0
2024,51102,urbana,28,hombre,0,29,0.0
2024,51102,urbana,28,mujer,0,21,0.0
2024,51103,rural,16,hombre,0,36,0.0
2024,51103,rural,16,mujer,1,22,4.545454545454546
2024,51103,rural,17,hombre,0,39,0.0
2024,51103,rural,17,mujer,0,32,0.0
2024,51103,rural,18,hombre,0,82,0.0
2024,51103,rural,18,mujer,0,32,0.0
2024,51103,rural,19,hombre,0,72,0.0
2024,51103,rural,19,mujer,0,36,0.0
2024,51103,rural,20,hombre,1,68,1.4705882352941178
2024,51103,rural,20,mujer,0,36,0.0
2024,51103,rural,21,hombre,3,77,3.896103896103896
2024,51103,rural,21,mujer,0,30,0.0
2024,51103,rural,22,hombre,2,85,2.3529411764705883
2024,51103,rural,22,mujer,0,27,0.0
2024,51103,rural,23,hombre,3,88,3.409090909090909
2024,51103,rural,23,mujer,1,32,3.125
2024,51103,rural,24,hombre,2,83,2.4096385542168677
2024,51103,rural,24,mujer,1,33,3.0303030303030303
2024,51103,rural,25,hombre,0,76,0.0
2024,51103,rural,25,mujer,0,17,0.0
2024,51103,rural,26,hombre,1,84,1.1904761904761905
2024,51103,rural,26,mujer,0,41,0.0
2024,51103,rural,27,hombre,2,52,3.8461538461538463
2024,51103,rural,27,mujer,0,21,0.0
2024,51103,rural,28,hombre,0,51,0.0
2024,51103,rural,28,mujer,0,40,0.0
2024,51201,rural,16,hombre,0,17,0.0
2024,51201,rural,16,mujer,1,9,11.11111111111111
2024,51201,rural,17,hombre,1,29,3.4482758620689653
2024,51201,rural,17,mujer,0,13,0.0
2024,51201,rural,18,hombre,0,36,0.0
2024,51201,rural,18,mujer,0,18,0.0
2024,51201,rural,19,hombre,0,36,0.0
2024,51201,rural,19,mujer,0,17,0.0
2024,51201,rural,20,hombre,0,37,0.0
2024,51201,rural,20,mujer,0,17,0.0
2024,51201,rural,21,hombre,0,34,0.0
2024,51201,rural,21,mujer,0,30,0.0
2024,51201,rural,22,hombre,1,50,2.0
2024,51201,rural,22,mujer,1,29,3.4482758620689653
2024,51201,rural,23,hombre,1,54,1.8518518518518519
2024,51201,rural,23,mujer,0,27,0.0
2024,51201,rural,24,hombre,3,55,5.454545454545454
2024,51201,rural,24,mujer,0,32,0.0
2024,51201,rural,25,hombre,3,45,6.666666666666667
2024,51201,rural,25,mujer,1,27,3.7037037037037037
2024,51201,rural,26,hombre,2,50,4.0
2024,51201,rural,26,mujer,2,43,4.651162790697675
2024,51201,rural,27,hombre,0,59,0.0
2024,51201,rural,27,mujer,0,25,0.0
2024,51201,rural,28,hombre,2,54,3.7037037037037037
2024,51201,rural,28,mujer,1,38,2.6315789473684212
2024,51201,urbana,16,hombre,1,44,2.272727272727273
2024,51201,urbana,16,mujer,1,31,3.225806451612903
2024,51201,urbana,17,hombre,0,47,0.0
2024,51201,urbana,17,mujer,0,32,0.0
2024,51201,urbana,18,hombre,1,79,1.2658227848101267
2024,51201,urbana,18,mujer,2,53,3.7735849056603774
2024,51201,urbana,19,hombre,3,93,3.225806451612903
2024,51201,urbana,19,mujer,3,57,5.2631578947368425
2024,51201,urbana,20,hombre,2,87,2.2988505747126435
2024,51201,urbana,20,mujer,3,71,4.225352112676056
2024,51201,urbana,21,hombre,1,109,0.9174311926605505
2024,51201,urbana,21,mujer,0,76,0.0
2024,51201,urbana,22,hombre,1,127,0.7874015748031497
2024,51201,urbana,22,mujer,5,93,5.376344086021505
2024,51201,urbana,23,hombre,4,120,3.3333333333333335
2024,51201,urbana,23,mujer,7,121,5.785123966942149
2024,51201,urbana,24,hombre,4,161,2.484472049689441
2024,51201,urbana,24,mujer,4,126,3.1746031746031744
2024,51201,urbana,25,hombre,4,147,2.7210884353741496
2024,51201,urbana,25,mujer,2,143,1.3986013986013985
2024,51201,urbana,26,hombre,7,146,4.794520547945205
2024,51201,urbana,26,mujer,8,144,5.555555555555555
2024,51201,urbana,27,hombre,3,184,1.6304347826086956
2024,51201,urbana,27,mujer,5,133,3.7593984962406015
2024,51201,urbana,28,hombre,4,160,2.5
2024,51201,urbana,28,mujer,3,144,2.0833333333333335
2024,51202,rural,16,hombre,0,9,0.0
2024,51202,rural,16,mujer,0,2,0.0
2024,51202,rural,17,hombre,0,10,0.0
2024,51202,rural,17,mujer,1,9,11.11111111111111
2024,51202,rural,18,hombre,0,16,0.0
2024,51202,rural,18,mujer,0,9,0.0
2024,51202,rural,19,hombre,0,15,0.0
2024,51202,rural,19,mujer,0,15,0.0
2024,51202,rural,20,hombre,0,19,0.0
2024,51202,rural,20,mujer,0,17,0.0
2024,51202,rural,21,hombre,0,26,0.0
2024,51202,rural,21,mujer,0,19,0.0
2024,51202,rural,22,hombre,0,29,0.0
2024,51202,rural,22,mujer,0,11,0.0
2024,51202,rural,23,hombre,1,38,2.6315789473684212
2024,51202,rural,23,mujer,0,13,0.0
2024,51202,rural,24,hombre,0,25,0.0
2024,51202,rural,24,mujer,0,29,0.0
2024,51202,rural,25,hombre,1,31,3.225806451612903
2024,51202,rural,25,mujer,1,28,3.5714285714285716
2024,51202,rural,26,hombre,2,37,5.405405405405405
2024,51202,rural,26,mujer,1,27,3.7037037037037037
2024,51202,rural,27,hombre,3,34,8.823529411764707
2024,51202,rural,27,mujer,1,14,7.142857142857143
2024,51202,rural,28,hombre,1,22,4.545454545454546
2024,51202,rural,28,mujer,0,16,0.0
2024,51203,rural,16,hombre,0,2,0.0
2024,51203,rural,16,mujer,0,3,0.0
2024,51203,rural,17,hombre,0,6,0.0
2024,51203,rural,17,mujer,0,2,0.0
2024,51203,rural,18,hombre,0,9,0.0
2024,51203,rural,18,mujer,0,3,0.0
2024,51203,rural,19,hombre,1,9,11.11111111111111
2024,51203,rural,19,mujer,0,4,0.0
2024,51203,rural,20,hombre,0,5,0.0
2024,51203,rural,20,mujer,0,5,0.0
2024,51203,rural,21,hombre,0,14,0.0
2024,51203,rural,21,mujer,0,3,0.0
2024,51203,rural,22,hombre,0,16,0.0
2024,51203,rural,22,mujer,0,6,0.0
2024,51203,rural,23,hombre,1,10,10.0
2024,51203,rural,23,mujer,0,5,0.0
2024,51203,rural,24,hombre,0,11,0.0
2024,51203,rural,24,mujer,0,8,0.0
2024,51203,rural,25,hombre,0,17,0.0
2024,51203,rural,25,mujer,0,3,0.0
2024,51203,rural,26,hombre,1,10,10.0
2024,51203,rural,26,mujer,0,12,0.0
2024,51203,rural,27,hombre,2,16,12.5
2024,51203,rural,27,mujer,0,9,0.0
2024,51203,rural,28,hombre,2,13,15.384615384615385
2024,51203,rural,28,mujer,0,7,0.0
2024,51203,urbana,16,hombre,0,24,0.0
2024,51203,urbana,16,mujer,1,16,6.25
2024,51203,urbana,17,hombre,2,28,7.142857142857143
2024,51203,urbana,17,mujer,0,15,0.0
2024,51203,urbana,18,hombre,1,34,2.9411764705882355
2024,51203,urbana,18,mujer,1,13,7.6923076923076925
2024,51203,urbana,19,hombre,1,63,1.5873015873015872
2024,51203,urbana,19,mujer,0,20,0.0
2024,51203,urbana,20,hombre,1,81,1.2345679012345678
2024,51203,urbana,20,mujer,1,26,3.8461538461538463
2024,51203,urbana,21,hombre,5,122,4.098360655737705
2024,51203,urbana,21,mujer,0,33,0.0
2024,51203,urbana,22,hombre,1,118,0.847457627118644
2024,51203,urbana,22,mujer,0,35,0.0
2024,51203,urbana,23,hombre,10,132,7.575757575757576
2024,51203,urbana,23,mujer,0,34,0.0
2024,51203,urbana,24,hombre,10,158,6.329113924050633
2024,51203,urbana,24,mujer,1,27,3.7037037037037037
2024,51203,urbana,25,hombre,8,133,6.015037593984962
2024,51203,urbana,25,mujer,0,40,0.0
2024,51203,urbana,26,hombre,15,123,12.195121951219512
2024,51203,urbana,26,mujer,3,41,7.317073170731708
2024,51203,urbana,27,hombre,10,156,6.410256410256411
2024,51203,urbana,27,mujer,0,39,0.0
2024,51203,urbana,28,hombre,11,121,9.090909090909092
2024,51203,urbana,28,mujer,2,47,4.25531914893617
2024,51204,rural,16,hombre,0,7,0.0
2024,51204,rural,16,mujer,0,8,0.0
2024,51204,rural,17,hombre,0,10,0.0
2024,51204,rural,17,mujer,0,9,0.0
2024,51204,rural,18,hombre,0,13,0.0
2024,51204,rural,18,mujer,0,8,0.0
2024,51204,rural,19,hombre,2,11,18.181818181818183
2024,51204,rural,19,mujer,1,15,6.666666666666667
2024,51204,rural,20,hombre,0,17,0.0
2024,51204,rural,20,mujer,0,12,0.0
2024,51204,rural,21,hombre,0,17,0.0
2024,51204,rural,21,mujer,0,14,0.0
2024,51204,rural,22,hombre,1,14,7.142857142857143
2024,51204,rural,22,mujer,0,16,0.0
2024,51204,rural,23,hombre,0,25,0.0
2024,51204,rural,23,mujer,0,9,0.0
2024,51204,rural,24,hombre,2,27,7.407407407407407
2024,51204,rural,24,mujer,0,7,0.0
2024,51204,rural,25,hombre,0,29,0.0
2024,51204,rural,25,mujer,1,11,9.090909090909092
2024,51204,rural,26,hombre,0,30,0.0
2024,51204,rural,26,mujer,0,15,0.0
2024,51204,rural,27,hombre,0,33,0.0
2024,51204,rural,27,mujer,0,16,0.0
2024,51204,rural,28,hombre,1,27,3.7037037037037037
2024,51204,rural,28,mujer,0,18,0.0
2024,51301,rural,16,hombre,0,17,0.0
2024,51301,rural,16,mujer,0,9,0.0
2024,51301,rural,17,hombre,0,11,0.0
2024,51301,rural,17,mujer,0,7,0.0
2024,51301,rural,18,hombre,0,12,0.0
2024,51301,rural,18,mujer,0,8,0.0
2024,51301,rural,19,hombre,0,11,0.0
2024,51301,rural,19,mujer,0,3,0.0
2024,51301,rural,20,hombre,0,18,0.0
2024,51301,rural,20,mujer,0,5,0.0
2024,51301,rural,21,hombre,0,14,0.0
2024,51301,rural,21,mujer,0,7,0.0
2024,51301,rural,22,hombre,0,9,0.0
2024,51301,rural,22,mujer,0,3,0.0
2024,51301,rural,23,hombre,0,14,0.0
2024,51301,rural,23,mujer,0,16,0.0
2024,51301,rural,24,hombre,1,16,6.25
2024,51301,rural,24,mujer,1,4,25.0
2024,51301,rural,25,hombre,1,12,8.333333333333334
2024,51301,rural,25,mujer,1,6,16.666666666666668
2024,51301,rural,26,hombre,0,9,0.0
2024,51301,rural,26,mujer,0,9,0.0
2024,51301,rural,27,hombre,1,18,5.555555555555555
2024,51301,rural,27,mujer,0,5,0.0
2024,51301,rural,28,hombre,1,8,12.5
2024,51301,rural,28,mujer,0,10,0.0
2024,51302,rural,16,hombre,1,13,7.6923076923076925
2024,51302,rural,16,mujer,0,15,0.0
2024,51302,rural,17,hombre,0,19,0.0
2024,51302,rural,17,mujer,0,12,0.0
2024,51302,rural,18,hombre,0,9,0.0
2024,51302,rural,18,mujer,0,15,0.0
2024,51302,rural,19,hombre,0,13,0.0
2024,51302,rural,19,mujer,0,16,0.0
2024,51302,rural,20,hombre,0,13,0.0
2024,51302,rural,20,mujer,1,10,10.0
2024,51302,rural,21,hombre,0,20,0.0
2024,51302,rural,21,mujer,0,7,0.0
2024,51302,rural,22,hombre,0,20,0.0
2024,51302,rural,22,mujer,0,17,0.0
2024,51302,rural,23,hombre,1,14,7.142857142857143
2024,51302,rural,23,mujer,1,6,16.666666666666668
2024,51302,rural,24,hombre,0,16,0.0
2024,51302,rural,24,mujer,0,7,0.0
2024,51302,rural,25,hombre,0,15,0.0
2024,51302,rural,25,mujer,0,6,0.0
2024,51302,rural,26,hombre,0,16,0.0
2024,51302,rural,26,mujer,0,10,0.0
2024,51302,rural,27,hombre,1,20,5.0
2024,51302,rural,27,mujer,0,13,0.0
2024,51302,rural,28,hombre,0,19,0.0
2024,51302,rural,28,mujer,0,13,0.0
2024,51401,rural,16,hombre,0,4,0.0
2024,51401,rural,16,mujer,0,1,0.0
2024,51401,rural,17,hombre,0,7,0.0
2024,51401,rural,17,mujer,0,7,0.0
2024,51401,rural,18,hombre,0,10,0.0
2024,51401,rural,18,mujer,0,7,0.0
2024,51401,rural,19,hombre,0,9,0.0
2024,51401,rural,19,mujer,0,11,0.0
2024,51401,rural,20,hombre,0,13,0.0
2024,51401,rural,20,mujer,0,6,0.0
2024,51401,rural,21,hombre,1,18,5.555555555555555
2024,51401,rural,21,mujer,1,7,14.285714285714286
2024,51401,rural,22,hombre,1,25,4.0
2024,51401,rural,22,mujer,1,12,8.333333333333334
2024,51401,rural,23,hombre,1,18,5.555555555555555
2024,51401,rural,23,mujer,0,14,0.0
2024,51401,rural,24,hombre,0,18,0.0
2024,51401,rural,24,mujer,1,16,6.25
2024,51401,rural,25,hombre,2,24,8.333333333333334
2024,51401,rural,25,mujer,0,13,0.0
2024,51401,rural,26,hombre,1,17,5.882352941176471
2024,51401,rural,26,mujer,0,9,0.0
2024,51401,rural,27,hombre,0,21,0.0
2024,51401,rural,27,mujer,1,20,5.0
2024,51401,rural,28,hombre,0,28,0.0
2024,51401,rural,28,mujer,0,14,0.0
2024,51402,rural,16,mujer,0,2,0.0
2024,51402,rural,17,hombre,0,3,0.0
2024,51402,rural,18,hombre,0,3,0.0
2024,51402,rural,19,hombre,0,2,0.0
2024,51402,rural,19,mujer,0,4,0.0
2024,51402,rural,20,hombre,0,4,0.0
2024,51402,rural,20,mujer,0,5,0.0
2024,51402,rural,21,hombre,0,4,0.0
2024,51402,rural,21,mujer,0,1,0.0
2024,51402,rural,22,hombre,0,4,0.0
2024,51402,rural,22,mujer,0,3,0.0
2024,51402,rural,23,hombre,0,11,0.0
2024,51402,rural,23,mujer,0,1,0.0
2024,51402,rural,24,hombre,0,5,0.0
2024,51402,rural,24,mujer,0,4,0.0
2024,51402,rural,25,hombre,0,7,0.0
2024,51402,rural,25,mujer,0,4,0.0
2024,51402,rural,26,hombre,0,6,0.0
2024,51402,rural,26,mujer,1,5,20.0
2024,51402,rural,27,hombre,1,9,11.11111111111111
2024,51402,rural,27,mujer,0,5,0.0
2024,51402,rural,28,hombre,0,5,0.0
2024,51402,rural,28,mujer,0,5,0.0
2024,51501,rural,16,hombre,0,15,0.0
2024,51501,rural,16,mujer,0,8,0.0
2024,51501,rural,17,hombre,0,24,0.0
2024,51501,rural,17,mujer,0,14,0.0
2024,51501,rural,18,hombre,2,26,7.6923076923076925
2024,51501,rural,18,mujer,0,14,0.0
2024,51501,rural,19,hombre,1,41,2.4390243902439024
2024,51501,rural,19,mujer,0,19,0.0
2024,51501,rural,20,hombre,0,27,0.0
2024,51501,rural,20,mujer,0,28,0.0
2024,51501,rural,21,hombre,0,35,0.0
2024,51501,rural,21,mujer,0,22,0.0
2024,51501,rural,22,hombre,1,39,2.5641025641025643
2024,51501,rural,22,mujer,1,23,4.3478260869565215
2024,51501,rural,23,hombre,1,27,3.7037037037037037
2024,51501,rural,23,mujer,0,22,0.0
2024,51501,rural,24,hombre,0,36,0.0
2024,51501,rural,24,mujer,2,26,7.6923076923076925
2024,51501,rural,25,hombre,1,49,2.0408163265306123
2024,51501,rural,25,mujer,0,23,0.0
2024,51501,rural,26,hombre,1,30,3.3333333333333335
2024,51501,rural,26,mujer,0,37,0.0
2024,51501,rural,27,hombre,0,47,0.0
2024,51501,rural,27,mujer,0,33,0.0
2024,51501,rural,28,hombre,2,30,6.666666666666667
2024,51501,rural,28,mujer,0,43,0.0
2024,51501,urbana,16,hombre,2,77,2.5974025974025974
2024,51501,urbana,16,mujer,1,57,1.7543859649122806
2024,51501,urbana,17,hombre,0,96,0.0
2024,51501,urbana,17,mujer,0,54,0.0
2024,51501,urbana,18,hombre,2,117,1.7094017094017093
2024,51501,urbana,18,mujer,3,97,3.0927835051546393
2024,51501,urbana,19,hombre,2,123,1.6260162601626016
2024,51501,urbana,19,mujer,5,93,5.376344086021505
2024,51501,urbana,20,hombre,6,148,4.054054054054054
2024,51501,urbana,20,mujer,5,136,3.676470588235294
2024,51501,urbana,21,hombre,3,176,1.7045454545454546
2024,51501,urbana,21,mujer,3,134,2.2388059701492535
2024,51501,urbana,22,hombre,8,207,3.864734299516908
2024,51501,urbana,22,mujer,6,152,3.9473684210526314
2024,51501,urbana,23,hombre,10,244,4.098360655737705
2024,51501,urbana,23,mujer,4,154,2.5974025974025974
2024,51501,urbana,24,hombre,8,284,2.816901408450704
2024,51501,urbana,24,mujer,3,196,1.530612244897959
2024,51501,urbana,25,hombre,4,222,1.8018018018018018
2024,51501,urbana,25,mujer,4,215,1.8604651162790697
2024,51501,urbana,26,hombre,6,233,2.575107296137339
2024,51501,urbana,26,mujer,3,198,1.5151515151515151
2024,51501,urbana,27,hombre,3,250,1.2
2024,51501,urbana,27,mujer,5,218,2.293577981651376
2024,51501,urbana,28,hombre,6,265,2.2641509433962264
2024,51501,urbana,28,mujer,8,238,3.361344537815126
2024,51601,rural,17,hombre,0,1,0.0
2024,51601,rural,18,hombre,0,5,0.0
2024,51601,rural,18,mujer,0,1,0.0
2024,51601,rural,19,hombre,0,6,0.0
2024,51601,rural,19,mujer,0,2,0.0
2024,51601,rural,20,hombre,0,6,0.0
2024,51601,rural,20,mujer,0,9,0.0
2024,51601,rural,21,hombre,0,4,0.0
2024,51601,rural,21,mujer,0,3,0.0
2024,51601,rural,22,hombre,0,9,0.0
2024,51601,rural,22,mujer,0,3,0.0
2024,51601,rural,23,hombre,0,12,0.0
2024,51601,rural,23,mujer,0,5,0.0
2024,51601,rural,24,hombre,0,12,0.0
2024,51601,rural,24,mujer,0,7,0.0
2024,51601,rural,25,hombre,0,17,0.0
2024,51601,rural,25,mujer,0,7,0.0
2024,51601,rural,26,hombre,1,8,12.5
2024,51601,rural,26,mujer,1,7,14.285714285714286
2024,51601,rural,27,hombre,0,10,0.0
2024,51601,rural,27,mujer,1,8,12.5
2024,51601,rural,28,hombre,1,9,11.11111111111111
2024,51601,rural,28,mujer,1,7,14.285714285714286
2024,60101,rural,16,hombre,2,51,3.9215686274509802
2024,60101,rural,16,mujer,2,40,5.0
2024,60101,rural,17,hombre,1,66,1.5151515151515151
2024,60101,rural,17,mujer,0,40,0.0
2024,60101,rural,18,hombre,1,78,1.2820512820512822
2024,60101,rural,18,mujer,2,57,3.508771929824561
2024,60101,rural,19,hombre,0,90,0.0
2024,60101,rural,19,mujer,1,62,1.6129032258064515
2024,60101,rural,20,hombre,1,92,1.0869565217391304
2024,60101,rural,20,mujer,1,77,1.2987012987012987
2024,60101,rural,21,hombre,0,111,0.0
2024,60101,rural,21,mujer,2,73,2.73972602739726
2024,60101,rural,22,hombre,6,102,5.882352941176471
2024,60101,rural,22,mujer,0,71,0.0
2024,60101,rural,23,hombre,1,127,0.7874015748031497
2024,60101,rural,23,mujer,0,76,0.0
2024,60101,rural,24,hombre,1,154,0.6493506493506493
2024,60101,rural,24,mujer,2,98,2.0408163265306123
2024,60101,rural,25,hombre,2,134,1.492537313432836
2024,60101,rural,25,mujer,2,91,2.197802197802198
2024,60101,rural,26,hombre,4,141,2.8368794326241136
2024,60101,rural,26,mujer,2,103,1.941747572815534
2024,60101,rural,27,hombre,2,148,1.3513513513513513
2024,60101,rural,27,mujer,2,105,1.9047619047619047
2024,60101,rural,28,hombre,2,150,1.3333333333333333
2024,60101,rural,28,mujer,0,96,0.0
2024,60101,urbana,16,hombre,4,330,1.2121212121212122
2024,60101,urbana,16,mujer,5,267,1.8726591760299625
2024,60101,urbana,17,hombre,3,359,0.8356545961002786
2024,60101,urbana,17,mujer,9,320,2.8125
2024,60101,urbana,18,hombre,4,528,0.7575757575757576
2024,60101,urbana,18,mujer,8,481,1.6632016632016633
2024,60101,urbana,19,hombre,20,720,2.7777777777777777
2024,60101,urbana,19,mujer,12,604,1.9867549668874172
2024,60101,urbana,20,hombre,8,770,1.0389610389610389
2024,60101,urbana,20,mujer,11,646,1.7027863777089782
2024,60101,urbana,21,hombre,22,918,2.396514161220044
2024,60101,urbana,21,mujer,9,749,1.2016021361815754
2024,60101,urbana,22,hombre,18,1056,1.7045454545454546
2024,60101,urbana,22,mujer,15,821,1.8270401948842874
2024,60101,urbana,23,hombre,27,1237,2.1827000808407435
2024,60101,urbana,23,mujer,22,965,2.2797927461139897
2024,60101,urbana,24,hombre,29,1384,2.0953757225433525
2024,60101,urbana,24,mujer,30,1180,2.542372881355932
2024,60101,urbana,25,hombre,29,1307,2.218821729150727
2024,60101,urbana,25,mujer,28,1088,2.573529411764706
2024,60101,urbana,26,hombre,47,1283,3.6632891660171474
2024,60101,urbana,26,mujer,25,1234,2.025931928687196
2024,60101,urbana,27,hombre,41,1515,2.706270627062706
2024,60101,urbana,27,mujer,20,1213,1.6488046166529267
2024,60101,urbana,28,hombre,43,1528,2.8141361256544504
2024,60101,urbana,28,mujer,33,1281,2.576112412177986
2024,60201,rural,16,hombre,0,49,0.0
2024,60201,rural,16,mujer,0,22,0.0
2024,60201,rural,17,hombre,1,51,1.9607843137254901
2024,60201,rural,17,mujer,0,18,0.0
2024,60201,rural,18,hombre,1,52,1.9230769230769231
2024,60201,rural,18,mujer,0,30,0.0
2024,60201,rural,19,hombre,0,45,0.0
2024,60201,rural,19,mujer,0,31,0.0
2024,60201,rural,20,hombre,0,59,0.0
2024,60201,rural,20,mujer,0,40,0.0
2024,60201,rural,21,hombre,3,62,4.838709677419355
2024,60201,rural,21,mujer,0,46,0.0
2024,60201,rural,22,hombre,3,77,3.896103896103896
2024,60201,rural,22,mujer,1,44,2.272727272727273
2024,60201,rural,23,hombre,1,100,1.0
2024,60201,rural,23,mujer,0,52,0.0
2024,60201,rural,24,hombre,1,110,0.9090909090909091
2024,60201,rural,24,mujer,1,53,1.8867924528301887
2024,60201,rural,25,hombre,2,109,1.834862385321101
2024,60201,rural,25,mujer,0,70,0.0
2024,60201,rural,26,hombre,1,66,1.5151515151515151
2024,60201,rural,26,mujer,2,67,2.985074626865672
2024,60201,rural,27,hombre,2,119,1.680672268907563
2024,60201,rural,27,mujer,0,57,0.0
2024,60201,rural,28,hombre,0,125,0.0
2024,60201,rural,28,mujer,1,67,1.492537313432836
2024,60202,rural,16,hombre,1,12,8.333333333333334
2024,60202,rural,16,mujer,0,6,0.0
2024,60202,rural,17,hombre,0,14,0.0
2024,60202,rural,17,mujer,1,11,9.090909090909092
2024,60202,rural,18,hombre,0,12,0.0
2024,60202,rural,18,mujer,0,8,0.0
2024,60202,rural,19,hombre,0,22,0.0
2024,60202,rural,19,mujer,0,6,0.0
2024,60202,rural,20,hombre,1,15,6.666666666666667
2024,60202,rural,20,mujer,0,17,0.0
2024,60202,rural,21,hombre,1,18,5.555555555555555
2024,60202,rural,21,mujer,0,15,0.0
2024,60202,rural,22,hombre,1,28,3.5714285714285716
2024,60202,rural,22,mujer,1,16,6.25
2024,60202,rural,23,hombre,1,25,4.0
2024,60202,rural,23,mujer,0,15,0.0
2024,60202,rural,24,hombre,0,26,0.0
2024,60202,rural,24,mujer,1,17,5.882352941176471
2024,60202,rural,25,hombre,0,29,0.0
2024,60202,rural,25,mujer,1,22,4.545454545454546
2024,60202,rural,26,hombre,1,33,3.0303030303030303
2024,60202,rural,26,mujer,1,18,5.555555555555555
2024,60202,rural,27,hombre,0,21,0.0
2024,60202,rural,27,mujer,0,15,0.0
2024,60202,rural,28,hombre,0,26,0.0
2024,60202,rural,28,mujer,0,14,0.0
2024,60202,urbana,16,hombre,2,74,2.7027027027027026
2024,60202,urbana,16,mujer,1,49,2.0408163265306123
2024,60202,urbana,17,hombre,0,63,0.0
2024,60202,urbana,17,mujer,0,55,0.0
2024,60202,urbana,18,hombre,8,75,10.666666666666666
2024,60202,urbana,18,mujer,0,70,0.0
2024,60202,urbana,19,hombre,1,110,0.9090909090909091
2024,60202,urbana,19,mujer,0,75,0.0
2024,60202,urbana,20,hombre,2,109,1.834862385321101
2024,60202,urbana,20,mujer,1,89,1.1235955056179776
2024,60202,urbana,21,hombre,1,120,0.8333333333333334
2024,60202,urbana,21,mujer,3,90,3.3333333333333335
2024,60202,urbana,22,hombre,3,140,2.142857142857143
2024,60202,urbana,22,mujer,1,104,0.9615384615384616
2024,60202,urbana,23,hombre,3,147,2.0408163265306123
2024,60202,urbana,23,mujer,5,148,3.3783783783783785
2024,60202,urbana,24,hombre,3,186,1.6129032258064515
2024,60202,urbana,24,mujer,2,148,1.3513513513513513
2024,60202,urbana,25,hombre,6,188,3.1914893617021276
2024,60202,urbana,25,mujer,2,175,1.1428571428571428
2024,60202,urbana,26,hombre,4,215,1.8604651162790697
2024,60202,urbana,26,mujer,1,171,0.5847953216374269
2024,60202,urbana,27,hombre,3,163,1.8404907975460123
2024,60202,urbana,27,mujer,3,193,1.5544041450777202
2024,60202,urbana,28,hombre,4,238,1.680672268907563
2024,60202,urbana,28,mujer,2,181,1.1049723756906078
2024,60301,rural,16,hombre,0,81,0.0
2024,60301,rural,16,mujer,0,48,0.0
2024,60301,rural,17,hombre,1,94,1.0638297872340425
2024,60301,rural,17,mujer,0,60,0.0
2024,60301,rural,18,hombre,0,100,0.0
2024,60301,rural,18,mujer,1,50,2.0
2024,60301,rural,19,hombre,3,79,3.7974683544303796
2024,60301,rural,19,mujer,0,57,0.0
2024,60301,rural,20,hombre,1,103,0.970873786407767
2024,60301,rural,20,mujer,1,58,1.7241379310344827
2024,60301,rural,21,hombre,0,111,0.0
2024,60301,rural,21,mujer,2,57,3.508771929824561
2024,60301,rural,22,hombre,3,133,2.255639097744361
2024,60301,rural,22,mujer,0,67,0.0
2024,60301,rural,23,hombre,4,151,2.6490066225165565
2024,60301,rural,23,mujer,1,101,0.9900990099009901
2024,60301,rural,24,hombre,0,209,0.0
2024,60301,rural,24,mujer,0,76,0.0
2024,60301,rural,25,hombre,1,169,0.591715976331361
2024,60301,rural,25,mujer,2,81,2.4691358024691357
2024,60301,rural,26,hombre,1,165,0.6060606060606061
2024,60301,rural,26,mujer,1,90,1.1111111111111112
2024,60301,rural,27,hombre,2,161,1.2422360248447204
2024,60301,rural,27,mujer,1,83,1.2048192771084338
2024,60301,rural,28,hombre,2,141,1.4184397163120568
2024,60301,rural,28,mujer,0,87,0.0
2024,60301,urbana,16,hombre,1,142,0.704225352112676
2024,60301,urbana,16,mujer,1,111,0.9009009009009009
2024,60301,urbana,17,hombre,2,163,1.2269938650306749
2024,60301,urbana,17,mujer,5,133,3.7593984962406015
2024,60301,urbana,18,hombre,3,190,1.5789473684210527
2024,60301,urbana,18,mujer,1,173,0.5780346820809249
2024,60301,urbana,19,hombre,7,215,3.255813953488372
2024,60301,urbana,19,mujer,4,167,2.395209580838323
2024,60301,urbana,20,hombre,6,292,2.0547945205479454
2024,60301,urbana,20,mujer,1,197,0.5076142131979695
2024,60301,urbana,21,hombre,8,316,2.5316455696202533
2024,60301,urbana,21,mujer,5,215,2.3255813953488373
2024,60301,urbana,22,hombre,4,319,1.2539184952978057
2024,60301,urbana,22,mujer,4,264,1.5151515151515151
2024,60301,urbana,23,hombre,8,426,1.8779342723004695
2024,60301,urbana,23,mujer,3,294,1.0204081632653061
2024,60301,urbana,24,hombre,10,500,2.0
2024,60301,urbana,24,mujer,3,333,0.9009009009009009
2024,60301,urbana,25,hombre,7,449,1.55902004454343
2024,60301,urbana,25,mujer,11,359,3.064066852367688
2024,60301,urbana,26,hombre,14,494,2.834008097165992
2024,60301,urbana,26,mujer,8,411,1.9464720194647203
2024,60301,urbana,27,hombre,9,500,1.8
2024,60301,urbana,27,mujer,11,417,2.6378896882494005
2024,60301,urbana,28,hombre,11,517,2.127659574468085
2024,60301,urbana,28,mujer,11,398,2.763819095477387
2024,60302,rural,16,hombre,1,19,5.2631578947368425
2024,60302,rural,16,mujer,0,4,0.0
2024,60302,rural,17,hombre,0,23,0.0
2024,60302,rural,17,mujer,1,15,6.666666666666667
2024,60302,rural,18,hombre,0,25,0.0
2024,60302,rural,18,mujer,1,13,7.6923076923076925
2024,60302,rural,19,hombre,2,39,5.128205128205129
2024,60302,rural,19,mujer,1,16,6.25
2024,60302,rural,20,hombre,0,26,0.0
2024,60302,rural,20,mujer,0,17,0.0
2024,60302,rural,21,hombre,1,44,2.272727272727273
2024,60302,rural,21,mujer,0,21,0.0
2024,60302,rural,22,hombre,4,40,10.0
2024,60302,rural,22,mujer,0,18,0.0
2024,60302,rural,23,hombre,1,50,2.0
2024,60302,rural,23,mujer,0,26,0.0
2024,60302,rural,24,hombre,2,65,3.076923076923077
2024,60302,rural,24,mujer,0,32,0.0
2024,60302,rural,25,hombre,1,61,1.639344262295082
2024,60302,rural,25,mujer,2,32,6.25
2024,60302,rural,26,hombre,2,73,2.73972602739726
2024,60302,rural,26,mujer,1,49,2.0408163265306123
2024,60302,rural,27,hombre,0,52,0.0
2024,60302,rural,27,mujer,1,38,2.6315789473684212
2024,60302,rural,28,hombre,2,73,2.73972602739726
2024,60302,rural,28,mujer,1,39,2.5641025641025643
2024,60302,urbana,16,hombre,0,6,0.0
2024,60302,urbana,16,mujer,0,6,0.0
2024,60302,urbana,17,hombre,0,10,0.0
2024,60302,urbana,17,mujer,0,5,0.0
2024,60302,urbana,18,hombre,0,4,0.0
2024,60302,urbana,18,mujer,0,10,0.0
2024,60302,urbana,19,hombre,1,10,10.0
2024,60302,urbana,19,mujer,0,6,0.0
2024,60302,urbana,20,hombre,1,8,12.5
2024,60302,urbana,20,mujer,0,8,0.0
2024,60302,urbana,21,hombre,0,12,0.0
2024,60302,urbana,21,mujer,0,12,0.0
2024,60302,urbana,22,hombre,1,15,6.666666666666667
2024,60302,urbana,22,mujer,0,14,0.0
2024,60302,urbana,23,hombre,0,19,0.0
2024,60302,urbana,23,mujer,0,11,0.0
2024,60302,urbana,24,hombre,1,20,5.0
2024,60302,urbana,24,mujer,0,18,0.0
2024,60302,urbana,25,hombre,1,18,5.555555555555555
2024,60302,urbana,25,mujer,0,18,0.0
2024,60302,urbana,26,hombre,0,21,0.0
2024,60302,urbana,26,mujer,0,30,0.0
2024,60302,urbana,27,hombre,1,26,3.8461538461538463
2024,60302,urbana,27,mujer,2,21,9.523809523809524
2024,60302,urbana,28,hombre,0,27,0.0
2024,60302,urbana,28,mujer,1,23,4.3478260869565215
2024,60303,rural,16,hombre,0,23,0.0
2024,60303,rural,16,mujer,0,8,0.0
2024,60303,rural,17,hombre,0,20,0.0
2024,60303,rural,17,mujer,0,16,0.0
2024,60303,rural,18,hombre,0,44,0.0
2024,60303,rural,18,mujer,0,15,0.0
2024,60303,rural,19,hombre,1,45,2.2222222222222223
2024,60303,rural,19,mujer,0,20,0.0
2024,60303,rural,20,hombre,1,36,2.7777777777777777
2024,60303,rural,20,mujer,0,17,0.0
2024,60303,rural,21,hombre,0,47,0.0
2024,60303,rural,21,mujer,0,21,0.0
2024,60303,rural,22,hombre,1,52,1.9230769230769231
2024,60303,rural,22,mujer,1,25,4.0
2024,60303,rural,23,hombre,1,63,1.5873015873015872
2024,60303,rural,23,mujer,0,36,0.0
2024,60303,rural,24,hombre,1,72,1.3888888888888888
2024,60303,rural,24,mujer,0,37,0.0
2024,60303,rural,25,hombre,0,73,0.0
2024,60303,rural,25,mujer,0,32,0.0
2024,60303,rural,26,hombre,0,79,0.0
2024,60303,rural,26,mujer,0,31,0.0
2024,60303,rural,27,hombre,0,63,0.0
2024,60303,rural,27,mujer,0,49,0.0
2024,60303,rural,28,hombre,1,74,1.3513513513513513
2024,60303,rural,28,mujer,0,35,0.0
2024,60303,urbana,16,hombre,0,44,0.0
2024,60303,urbana,16,mujer,3,44,6.818181818181818
2024,60303,urbana,17,hombre,0,79,0.0
2024,60303,urbana,17,mujer,0,50,0.0
2024,60303,urbana,18,hombre,5,106,4.716981132075472
2024,60303,urbana,18,mujer,0,57,0.0
2024,60303,urbana,19,hombre,0,80,0.0
2024,60303,urbana,19,mujer,1,69,1.4492753623188406
2024,60303,urbana,20,hombre,1,109,0.9174311926605505
2024,60303,urbana,20,mujer,2,88,2.272727272727273
2024,60303,urbana,21,hombre,4,126,3.1746031746031744
2024,60303,urbana,21,mujer,3,78,3.8461538461538463
2024,60303,urbana,22,hombre,2,138,1.4492753623188406
2024,60303,urbana,22,mujer,3,100,3.0
2024,60303,urbana,23,hombre,4,161,2.484472049689441
2024,60303,urbana,23,mujer,3,100,3.0
2024,60303,urbana,24,hombre,3,184,1.6304347826086956
2024,60303,urbana,24,mujer,2,137,1.4598540145985401
2024,60303,urbana,25,hombre,1,168,0.5952380952380952
2024,60303,urbana,25,mujer,6,135,4.444444444444445
2024,60303,urbana,26,hombre,2,186,1.075268817204301
2024,60303,urbana,26,mujer,3,148,2.027027027027027
2024,60303,urbana,27,hombre,7,198,3.5353535353535355
2024,60303,urbana,27,mujer,2,141,1.4184397163120568
2024,60303,urbana,28,hombre,1,216,0.46296296296296297
2024,60303,urbana,28,mujer,2,144,1.3888888888888888
2024,60401,rural,16,hombre,1,41,2.4390243902439024
2024,60401,rural,16,mujer,0,19,0.0
2024,60401,rural,17,hombre,0,48,0.0
2024,60401,rural,17,mujer,0,13,0.0
2024,60401,rural,18,hombre,0,48,0.0
2024,60401,rural,18,mujer,0,18,0.0
2024,60401,rural,19,hombre,0,54,0.0
2024,60401,rural,19,mujer,1,37,2.7027027027027026
2024,60401,rural,20,hombre,1,47,2.127659574468085
2024,60401,rural,20,mujer,0,35,0.0
2024,60401,rural,21,hombre,1,63,1.5873015873015872
2024,60401,rural,21,mujer,0,47,0.0
2024,60401,rural,22,hombre,0,78,0.0
2024,60401,rural,22,mujer,0,35,0.0
2024,60401,rural,23,hombre,2,79,2.5316455696202533
2024,60401,rural,23,mujer,2,59,3.389830508474576
2024,60401,rural,24,hombre,0,87,0.0
2024,60401,rural,24,mujer,3,61,4.918032786885246
2024,60401,rural,25,hombre,0,73,0.0
2024,60401,rural,25,mujer,1,54,1.8518518518518519
2024,60401,rural,26,hombre,2,100,2.0
2024,60401,rural,26,mujer,1,65,1.5384615384615385
2024,60401,rural,27,hombre,2,83,2.4096385542168677
2024,60401,rural,27,mujer,2,55,3.6363636363636362
2024,60401,rural,28,hombre,1,94,1.0638297872340425
2024,60401,rural,28,mujer,1,65,1.5384615384615385
2024,60401,urbana,16,hombre,0,6,0.0
2024,60401,urbana,16,mujer,0,3,0.0
2024,60401,urbana,17,hombre,0,6,0.0
2024,60401,urbana,17,mujer,0,3,0.0
2024,60401,urbana,18,hombre,0,7,0.0
2024,60401,urbana,18,mujer,0,1,0.0
2024,60401,urbana,19,hombre,0,8,0.0
2024,60401,urbana,19,mujer,0,6,0.0
2024,60401,urbana,20,hombre,0,6,0.0
2024,60401,urbana,20,mujer,0,6,0.0
2024,60401,urbana,21,hombre,1,9,11.11111111111111
2024,60401,urbana,21,mujer,0,6,0.0
2024,60401,urbana,22,hombre,0,11,0.0
2024,60401,urbana,22,mujer,0,5,0.0
2024,60401,urbana,23,hombre,0,18,0.0
2024,60401,urbana,23,mujer,0,7,0.0
2024,60401,urbana,24,hombre,0,19,0.0
2024,60401,urbana,24,mujer,1,6,16.666666666666668
2024,60401,urbana,25,hombre,1,14,7.142857142857143
2024,60401,urbana,25,mujer,0,11,0.0
2024,60401,urbana,26,hombre,0,19,0.0
2024,60401,urbana,26,mujer,0,14,0.0
2024,60401,urbana,27,hombre,0,16,0.0
2024,60401,urbana,27,mujer,0,11,0.0
2024,60401,urbana,28,hombre,1,19,5.2631578947368425
2024,60401,urbana,28,mujer,0,11,0.0
2024,60402,rural,16,hombre,1,16,6.25
2024,60402,rural,16,mujer,0,4,0.0
2024,60402,rural,17,hombre,0,15,0.0
2024,60402,rural,17,mujer,0,9,0.0
2024,60402,rural,18,hombre,0,16,0.0
2024,60402,rural,18,mujer,1,8,12.5
2024,60402,rural,19,hombre,0,22,0.0
2024,60402,rural,19,mujer,0,7,0.0
2024,60402,rural,20,hombre,0,16,0.0
2024,60402,rural,20,mujer,0,15,0.0
2024,60402,rural,21,hombre,0,16,0.0
2024,60402,rural,21,mujer,0,12,0.0
2024,60402,rural,22,hombre,0,13,0.0
2024,60402,rural,22,mujer,0,20,0.0
2024,60402,rural,23,hombre,0,27,0.0
2024,60402,rural,23,mujer,0,19,0.0
2024,60402,rural,24,hombre,0,18,0.0
2024,60402,rural,24,mujer,0,13,0.0
2024,60402,rural,25,hombre,0,16,0.0
2024,60402,rural,25,mujer,0,12,0.0
2024,60402,rural,26,hombre,0,23,0.0
2024,60402,rural,26,mujer,0,19,0.0
2024,60402,rural,27,hombre,0,20,0.0
2024,60402,rural,27,mujer,0,18,0.0
2024,60402,rural,28,hombre,0,25,0.0
2024,60402,rural,28,mujer,0,11,0.0
2024,60501,rural,16,hombre,1,54,1.8518518518518519
2024,60501,rural,16,mujer,0,29,0.0
2024,60501,rural,17,hombre,0,46,0.0
2024,60501,rural,17,mujer,0,48,0.0
2024,60501,rural,18,hombre,1,82,1.2195121951219512
2024,60501,rural,18,mujer,1,63,1.5873015873015872
2024,60501,rural,19,hombre,1,93,1.075268817204301
2024,60501,rural,19,mujer,1,66,1.5151515151515151
2024,60501,rural,20,hombre,0,92,0.0
2024,60501,rural,20,mujer,2,63,3.1746031746031744
2024,60501,rural,21,hombre,3,130,2.3076923076923075
2024,60501,rural,21,mujer,1,80,1.25
2024,60501,rural,22,hombre,3,114,2.6315789473684212
2024,60501,rural,22,mujer,2,82,2.4390243902439024
2024,60501,rural,23,hombre,1,128,0.78125
2024,60501,rural,23,mujer,1,104,0.9615384615384616
2024,60501,rural,24,hombre,2,153,1.3071895424836601
2024,60501,rural,24,mujer,1,92,1.0869565217391304
2024,60501,rural,25,hombre,2,155,1.2903225806451613
2024,60501,rural,25,mujer,3,108,2.7777777777777777
2024,60501,rural,26,hombre,1,144,0.6944444444444444
2024,60501,rural,26,mujer,4,120,3.3333333333333335
2024,60501,rural,27,hombre,1,135,0.7407407407407407
2024,60501,rural,27,mujer,1,111,0.9009009009009009
2024,60501,rural,28,hombre,1,147,0.6802721088435374
2024,60501,rural,28,mujer,0,117,0.0
2024,60501,urbana,16,hombre,2,16,12.5
2024,60501,urbana,16,mujer,0,10,0.0
2024,60501,urbana,17,hombre,1,19,5.2631578947368425
2024,60501,urbana,17,mujer,0,10,0.0
2024,60501,urbana,18,hombre,0,21,0.0
2024,60501,urbana,18,mujer,0,12,0.0
2024,60501,urbana,19,hombre,1,23,4.3478260869565215
2024,60501,urbana,19,mujer,0,20,0.0
2024,60501,urbana,20,hombre,0,13,0.0
2024,60501,urbana,20,mujer,0,20,0.0
2024,60501,urbana,21,hombre,1,30,3.3333333333333335
2024,60501,urbana,21,mujer,1,20,5.0
2024,60501,urbana,22,hombre,0,25,0.0
2024,60501,urbana,22,mujer,0,20,0.0
2024,60501,urbana,23,hombre,1,29,3.4482758620689653
2024,60501,urbana,23,mujer,0,13,0.0
2024,60501,urbana,24,hombre,2,38,5.2631578947368425
2024,60501,urbana,24,mujer,0,20,0.0
2024,60501,urbana,25,hombre,0,35,0.0
2024,60501,urbana,25,mujer,0,18,0.0
2024,60501,urbana,26,hombre,0,23,0.0
2024,60501,urbana,26,mujer,1,28,3.5714285714285716
2024,60501,urbana,27,hombre,0,32,0.0
2024,60501,urbana,27,mujer,2,30,6.666666666666667
2024,60501,urbana,28,hombre,1,41,2.4390243902439024
2024,60501,urbana,28,mujer,1,37,2.7027027027027026
2024,60502,rural,16,hombre,0,18,0.0
2024,60502,rural,16,mujer,0,9,0.0
2024,60502,rural,17,hombre,0,15,0.0
2024,60502,rural,17,mujer,0,9,0.0
2024,60502,rural,18,hombre,0,14,0.0
2024,60502,rural,18,mujer,0,17,0.0
2024,60502,rural,19,hombre,0,27,0.0
2024,60502,rural,19,mujer,0,9,0.0
2024,60502,rural,20,hombre,0,30,0.0
2024,60502,rural,20,mujer,1,20,5.0
2024,60502,rural,21,hombre,2,39,5.128205128205129
2024,60502,rural,21,mujer,1,19,5.2631578947368425
2024,60502,rural,22,hombre,0,32,0.0
2024,60502,rural,22,mujer,0,20,0.0
2024,60502,rural,23,hombre,0,35,0.0
2024,60502,rural,23,mujer,0,23,0.0
2024,60502,rural,24,hombre,0,42,0.0
2024,60502,rural,24,mujer,0,31,0.0
2024,60502,rural,25,hombre,1,35,2.857142857142857
2024,60502,rural,25,mujer,0,23,0.0
2024,60502,rural,26,hombre,0,38,0.0
2024,60502,rural,26,mujer,0,31,0.0
2024,60502,rural,27,hombre,1,39,2.5641025641025643
2024,60502,rural,27,mujer,1,30,3.3333333333333335
2024,60502,rural,28,hombre,1,48,2.0833333333333335
2024,60502,rural,28,mujer,0,24,0.0
2024,60601,rural,16,hombre,0,45,0.0
2024,60601,rural,16,mujer,0,17,0.0
2024,60601,rural,17,hombre,2,34,5.882352941176471
2024,60601,rural,17,mujer,0,9,0.0
2024,60601,rural,18,hombre,0,46,0.0
2024,60601,rural,18,mujer,0,13,0.0
2024,60601,rural,19,hombre,1,50,2.0
2024,60601,rural,19,mujer,0,26,0.0
2024,60601,rural,20,hombre,0,59,0.0
2024,60601,rural,20,mujer,0,32,0.0
2024,60601,rural,21,hombre,1,56,1.7857142857142858
2024,60601,rural,21,mujer,0,27,0.0
2024,60601,rural,22,hombre,1,58,1.7241379310344827
2024,60601,rural,22,mujer,1,27,3.7037037037037037
2024,60601,rural,23,hombre,0,62,0.0
2024,60601,rural,23,mujer,0,35,0.0
2024,60601,rural,24,hombre,1,94,1.0638297872340425
2024,60601,rural,24,mujer,0,59,0.0
2024,60601,rural,25,hombre,3,78,3.8461538461538463
2024,60601,rural,25,mujer,0,40,0.0
2024,60601,rural,26,hombre,2,85,2.3529411764705883
2024,60601,rural,26,mujer,0,44,0.0
2024,60601,rural,27,hombre,0,84,0.0
2024,60601,rural,27,mujer,0,54,0.0
2024,60601,rural,28,hombre,2,98,2.0408163265306123
2024,60601,rural,28,mujer,0,48,0.0
2024,60601,urbana,16,hombre,1,9,11.11111111111111
2024,60601,urbana,16,mujer,0,9,0.0
2024,60601,urbana,17,hombre,0,9,0.0
2024,60601,urbana,17,mujer,0,8,0.0
2024,60601,urbana,18,hombre,0,9,0.0
2024,60601,urbana,18,mujer,0,6,0.0
2024,60601,urbana,19,hombre,0,8,0.0
2024,60601,urbana,19,mujer,1,7,14.285714285714286
2024,60601,urbana,20,hombre,0,6,0.0
2024,60601,urbana,20,mujer,0,6,0.0
2024,60601,urbana,21,hombre,0,12,0.0
2024,60601,urbana,21,mujer,0,11,0.0
2024,60601,urbana,22,hombre,0,15,0.0
2024,60601,urbana,22,mujer,0,9,0.0
2024,60601,urbana,23,hombre,0,12,0.0
2024,60601,urbana,23,mujer,0,13,0.0
2024,60601,urbana,24,hombre,0,18,0.0
2024,60601,urbana,24,mujer,0,23,0.0
2024,60601,urbana,25,hombre,0,20,0.0
2024,60601,urbana,25,mujer,2,18,11.11111111111111
2024,60601,urbana,26,hombre,1,23,4.3478260869565215
2024,60601,urbana,26,mujer,0,19,0.0
2024,60601,urbana,27,hombre,1,24,4.166666666666667
2024,60601,urbana,27,mujer,0,29,0.0
2024,60601,urbana,28,hombre,0,37,0.0
2024,60601,urbana,28,mujer,0,31,0.0
2024,70101,rural,16,hombre,0,35,0.0
2024,70101,rural,16,mujer,0,8,0.0
2024,70101,rural,17,hombre,0,43,0.0
2024,70101,rural,17,mujer,0,23,0.0
2024,70101,rural,18,hombre,1,38,2.6315789473684212
2024,70101,rural,18,mujer,0,13,0.0
2024,70101,rural,19,hombre,1,44,2.272727272727273
2024,70101,rural,19,mujer,0,20,0.0
2024,70101,rural,20,hombre,1,49,2.0408163265306123
2024,70101,rural,20,mujer,0,18,0.0
2024,70101,rural,21,hombre,0,60,0.0
2024,70101,rural,21,mujer,0,26,0.0
2024,70101,rural,22,hombre,0,55,0.0
2024,70101,rural,22,mujer,0,21,0.0
2024,70101,rural,23,hombre,0,65,0.0
2024,70101,rural,23,mujer,0,25,0.0
2024,70101,rural,24,hombre,1,65,1.5384615384615385
2024,70101,rural,24,mujer,0,22,0.0
2024,70101,rural,25,hombre,0,60,0.0
2024,70101,rural,25,mujer,2,36,5.555555555555555
2024,70101,rural,26,hombre,0,78,0.0
2024,70101,rural,26,mujer,0,19,0.0
2024,70101,rural,27,hombre,1,66,1.5151515151515151
2024,70101,rural,27,mujer,1,32,3.125
2024,70101,rural,28,hombre,0,58,0.0
2024,70101,rural,28,mujer,0,30,0.0
2024,70101,urbana,16,hombre,31,2478,1.2510088781275222
2024,70101,urbana,16,mujer,30,1854,1.6181229773462784
2024,70101,urbana,17,hombre,54,3335,1.6191904047976011
2024,70101,urbana,17,mujer,45,2519,1.7864231838030964
2024,70101,urbana,18,hombre,98,4731,2.0714436694145
2024,70101,urbana,18,mujer,67,3998,1.6758379189594796
2024,70101,urbana,19,hombre,146,6178,2.3632243444480414
2024,70101,urbana,19,mujer,108,4968,2.1739130434782608
2024,70101,urbana,20,hombre,148,7140,2.0728291316526612
2024,70101,urbana,20,mujer,121,5651,2.141213944434613
2024,70101,urbana,21,hombre,168,8045,2.088253573648229
2024,70101,urbana,21,mujer,125,6203,2.015153957762373
2024,70101,urbana,22,hombre,211,8707,2.4233375445044216
2024,70101,urbana,22,mujer,171,6809,2.511381994419151
2024,70101,urbana,23,hombre,240,10085,2.379771938522558
2024,70101,urbana,23,mujer,202,8062,2.5055817415033492
2024,70101,urbana,24,hombre,301,11101,2.7114674353661834
2024,70101,urbana,24,mujer,229,9105,2.515101592531576
2024,70101,urbana,25,hombre,285,11070,2.5745257452574526
2024,70101,urbana,25,mujer,226,9027,2.5036003101805693
2024,70101,urbana,26,hombre,297,11306,2.6269237572970106
2024,70101,urbana,26,mujer,231,9219,2.5056947608200457
2024,70101,urbana,27,hombre,316,11500,2.747826086956522
2024,70101,urbana,27,mujer,238,9708,2.4515863205603625
2024,70101,urbana,28,hombre,364,12228,2.976774615636245
2024,70101,urbana,28,mujer,254,9972,2.547131969514641
2024,70102,rural,16,hombre,0,46,0.0
2024,70102,rural,16,mujer,0,18,0.0
2024,70102,rural,17,hombre,0,63,0.0
2024,70102,rural,17,mujer,0,24,0.0
2024,70102,rural,18,hombre,0,82,0.0
2024,70102,rural,18,mujer,0,35,0.0
2024,70102,rural,19,hombre,1,89,1.1235955056179776
2024,70102,rural,19,mujer,2,42,4.761904761904762
2024,70102,rural,20,hombre,0,84,0.0
2024,70102,rural,20,mujer,1,45,2.2222222222222223
2024,70102,rural,21,hombre,2,91,2.197802197802198
2024,70102,rural,21,mujer,1,52,1.9230769230769231
2024,70102,rural,22,hombre,1,80,1.25
2024,70102,rural,22,mujer,0,36,0.0
2024,70102,rural,23,hombre,1,114,0.8771929824561403
2024,70102,rural,23,mujer,2,65,3.076923076923077
2024,70102,rural,24,hombre,1,98,1.0204081632653061
2024,70102,rural,24,mujer,0,44,0.0
2024,70102,rural,25,hombre,2,104,1.9230769230769231
2024,70102,rural,25,mujer,0,74,0.0
2024,70102,rural,26,hombre,2,109,1.834862385321101
2024,70102,rural,26,mujer,2,65,3.076923076923077
2024,70102,rural,27,hombre,0,108,0.0
2024,70102,rural,27,mujer,1,76,1.3157894736842106
2024,70102,rural,28,hombre,2,111,1.8018018018018018
2024,70102,rural,28,mujer,3,52,5.769230769230769
2024,70102,urbana,16,hombre,1,218,0.45871559633027525
2024,70102,urbana,16,mujer,3,154,1.948051948051948
2024,70102,urbana,17,hombre,3,239,1.2552301255230125
2024,70102,urbana,17,mujer,3,185,1.6216216216216217
2024,70102,urbana,18,hombre,8,355,2.2535211267605635
2024,70102,urbana,18,mujer,1,240,0.4166666666666667
2024,70102,urbana,19,hombre,11,403,2.729528535980149
2024,70102,urbana,19,mujer,6,272,2.2058823529411766
2024,70102,urbana,20,hombre,6,458,1.3100436681222707
2024,70102,urbana,20,mujer,4,299,1.3377926421404682
2024,70102,urbana,21,hombre,9,516,1.744186046511628
2024,70102,urbana,21,mujer,8,355,2.2535211267605635
2024,70102,urbana,22,hombre,12,517,2.3210831721470018
2024,70102,urbana,22,mujer,9,358,2.5139664804469275
2024,70102,urbana,23,hombre,11,567,1.9400352733686066
2024,70102,urbana,23,mujer,4,409,0.9779951100244498
2024,70102,urbana,24,hombre,25,663,3.770739064856712
2024,70102,urbana,24,mujer,11,424,2.5943396226415096
2024,70102,urbana,25,hombre,14,576,2.4305555555555554
2024,70102,urbana,25,mujer,9,405,2.2222222222222223
2024,70102,urbana,26,hombre,16,603,2.6533996683250414
2024,70102,urbana,26,mujer,22,404,5.445544554455446
2024,70102,urbana,27,hombre,18,621,2.898550724637681
2024,70102,urbana,27,mujer,4,428,0.9345794392523364
2024,70102,urbana,28,hombre,21,647,3.2457496136012365
2024,70102,urbana,28,mujer,9,423,2.127659574468085
2024,70103,rural,16,hombre,0,19,0.0
2024,70103,rural,16,mujer,0,10,0.0
2024,70103,rural,17,hombre,0,24,0.0
2024,70103,rural,17,mujer,0,22,0.0
2024,70103,rural,18,hombre,0,45,0.0
2024,70103,rural,18,mujer,0,17,0.0
2024,70103,rural,19,hombre,1,54,1.8518518518518519
2024,70103,rural,19,mujer,0,21,0.0
2024,70103,rural,20,hombre,0,39,0.0
2024,70103,rural,20,mujer,0,26,0.0
2024,70103,rural,21,hombre,0,53,0.0
2024,70103,rural,21,mujer,0,24,0.0
2024,70103,rural,22,hombre,1,70,1.4285714285714286
2024,70103,rural,22,mujer,0,38,0.0
2024,70103,rural,23,hombre,0,63,0.0
2024,70103,rural,23,mujer,0,46,0.0
2024,70103,rural,24,hombre,3,77,3.896103896103896
2024,70103,rural,24,mujer,0,44,0.0
2024,70103,rural,25,hombre,1,65,1.5384615384615385
2024,70103,rural,25,mujer,0,42,0.0
2024,70103,rural,26,hombre,1,60,1.6666666666666667
2024,70103,rural,26,mujer,1,35,2.857142857142857
2024,70103,rural,27,hombre,0,78,0.0
2024,70103,rural,27,mujer,2,45,4.444444444444445
2024,70103,rural,28,hombre,1,77,1.2987012987012987
2024,70103,rural,28,mujer,1,43,2.3255813953488373
2024,70103,urbana,16,hombre,1,11,9.090909090909092
2024,70103,urbana,16,mujer,0,7,0.0
2024,70103,urbana,17,hombre,0,10,0.0
2024,70103,urbana,17,mujer,1,13,7.6923076923076925
2024,70103,urbana,18,hombre,1,21,4.761904761904762
2024,70103,urbana,18,mujer,0,22,0.0
2024,70103,urbana,19,hombre,1,26,3.8461538461538463
2024,70103,urbana,19,mujer,1,21,4.761904761904762
2024,70103,urbana,20,hombre,2,42,4.761904761904762
2024,70103,urbana,20,mujer,1,25,4.0
2024,70103,urbana,21,hombre,0,40,0.0
2024,70103,urbana,21,mujer,0,27,0.0
2024,70103,urbana,22,hombre,2,38,5.2631578947368425
2024,70103,urbana,22,mujer,0,44,0.0
2024,70103,urbana,23,hombre,2,55,3.6363636363636362
2024,70103,urbana,23,mujer,1,51,1.9607843137254901
2024,70103,urbana,24,hombre,4,48,8.333333333333334
2024,70103,urbana,24,mujer,2,70,2.857142857142857
2024,70103,urbana,25,hombre,1,49,2.0408163265306123
2024,70103,urbana,25,mujer,4,61,6.557377049180328
2024,70103,urbana,26,hombre,3,59,5.084745762711864
2024,70103,urbana,26,mujer,1,54,1.8518518518518519
2024,70103,urbana,27,hombre,4,69,5.797101449275362
2024,70103,urbana,27,mujer,1,46,2.1739130434782608
2024,70103,urbana,28,hombre,2,67,2.985074626865672
2024,70103,urbana,28,mujer,2,58,3.4482758620689653
2024,70104,rural,16,hombre,0,29,0.0
2024,70104,rural,16,mujer,0,10,0.0
2024,70104,rural,17,hombre,0,26,0.0
2024,70104,rural,17,mujer,0,12,0.0
2024,70104,rural,18,hombre,0,40,0.0
2024,70104,rural,18,mujer,0,17,0.0
2024,70104,rural,19,hombre,0,39,0.0
2024,70104,rural,19,mujer,0,23,0.0
2024,70104,rural,20,hombre,0,45,0.0
2024,70104,rural,20,mujer,1,19,5.2631578947368425
2024,70104,rural,21,hombre,0,49,0.0
2024,70104,rural,21,mujer,0,24,0.0
2024,70104,rural,22,hombre,0,62,0.0
2024,70104,rural,22,mujer,0,23,0.0
2024,70104,rural,23,hombre,0,47,0.0
2024,70104,rural,23,mujer,0,28,0.0
2024,70104,rural,24,hombre,2,62,3.225806451612903
2024,70104,rural,24,mujer,1,34,2.9411764705882355
2024,70104,rural,25,hombre,0,65,0.0
2024,70104,rural,25,mujer,0,27,0.0
2024,70104,rural,26,hombre,1,57,1.7543859649122806
2024,70104,rural,26,mujer,4,30,13.333333333333334
2024,70104,rural,27,hombre,2,57,3.508771929824561
2024,70104,rural,27,mujer,1,39,2.5641025641025643
2024,70104,rural,28,hombre,0,63,0.0
2024,70104,rural,28,mujer,0,27,0.0
2024,70104,urbana,16,hombre,3,278,1.079136690647482
2024,70104,urbana,16,mujer,1,200,0.5
2024,70104,urbana,17,hombre,8,373,2.1447721179624666
2024,70104,urbana,17,mujer,4,283,1.4134275618374559
2024,70104,urbana,18,hombre,6,488,1.2295081967213115
2024,70104,urbana,18,mujer,13,381,3.4120734908136483
2024,70104,urbana,19,hombre,16,603,2.6533996683250414
2024,70104,urbana,19,mujer,4,499,0.8016032064128257
2024,70104,urbana,20,hombre,19,707,2.6874115983026874
2024,70104,urbana,20,mujer,10,538,1.858736059479554
2024,70104,urbana,21,hombre,16,716,2.2346368715083798
2024,70104,urbana,21,mujer,18,587,3.0664395229982966
2024,70104,urbana,22,hombre,21,808,2.599009900990099
2024,70104,urbana,22,mujer,10,627,1.594896331738437
2024,70104,urbana,23,hombre,23,934,2.462526766595289
2024,70104,urbana,23,mujer,19,745,2.5503355704697985
2024,70104,urbana,24,hombre,31,1018,3.045186640471513
2024,70104,urbana,24,mujer,18,809,2.2249690976514214
2024,70104,urbana,25,hombre,19,964,1.9709543568464731
2024,70104,urbana,25,mujer,22,738,2.9810298102981028
2024,70104,urbana,26,hombre,27,961,2.8095733610822062
2024,70104,urbana,26,mujer,21,862,2.4361948955916475
2024,70104,urbana,27,hombre,28,1105,2.5339366515837103
2024,70104,urbana,27,mujer,18,743,2.4226110363391657
2024,70104,urbana,28,hombre,30,1077,2.785515320334262
2024,70104,urbana,28,mujer,17,911,1.8660812294182216
2024,70105,rural,16,hombre,2,53,3.7735849056603774
2024,70105,rural,16,mujer,0,26,0.0
2024,70105,rural,17,hombre,1,76,1.3157894736842106
2024,70105,rural,17,mujer,1,35,2.857142857142857
2024,70105,rural,18,hombre,1,79,1.2658227848101267
2024,70105,rural,18,mujer,0,45,0.0
2024,70105,rural,19,hombre,1,66,1.5151515151515151
2024,70105,rural,19,mujer,1,46,2.1739130434782608
2024,70105,rural,20,hombre,1,93,1.075268817204301
2024,70105,rural,20,mujer,0,48,0.0
2024,70105,rural,21,hombre,2,78,2.5641025641025643
2024,70105,rural,21,mujer,1,55,1.8181818181818181
2024,70105,rural,22,hombre,0,74,0.0
2024,70105,rural,22,mujer,0,47,0.0
2024,70105,rural,23,hombre,1,94,1.0638297872340425
2024,70105,rural,23,mujer,0,44,0.0
2024,70105,rural,24,hombre,1,102,0.9803921568627451
2024,70105,rural,24,mujer,1,80,1.25
2024,70105,rural,25,hombre,2,103,1.941747572815534
2024,70105,rural,25,mujer,2,77,2.5974025974025974
2024,70105,rural,26,hombre,1,86,1.1627906976744187
2024,70105,rural,26,mujer,4,73,5.47945205479452
2024,70105,rural,27,hombre,1,88,1.1363636363636365
2024,70105,rural,27,mujer,1,67,1.492537313432836
2024,70105,rural,28,hombre,0,96,0.0
2024,70105,rural,28,mujer,0,56,0.0
2024,70105,urbana,16,hombre,2,107,1.8691588785046729
2024,70105,urbana,16,mujer,0,74,0.0
2024,70105,urbana,17,hombre,5,139,3.597122302158273
2024,70105,urbana,17,mujer,2,100,2.0
2024,70105,urbana,18,hombre,3,162,1.8518518518518519
2024,70105,urbana,18,mujer,2,130,1.5384615384615385
2024,70105,urbana,19,hombre,4,203,1.9704433497536946
2024,70105,urbana,19,mujer,5,132,3.787878787878788
2024,70105,urbana,20,hombre,3,195,1.5384615384615385
2024,70105,urbana,20,mujer,4,160,2.5
2024,70105,urbana,21,hombre,3,204,1.4705882352941178
2024,70105,urbana,21,mujer,0,146,0.0
2024,70105,urbana,22,hombre,3,215,1.3953488372093024
2024,70105,urbana,22,mujer,3,171,1.7543859649122806
2024,70105,urbana,23,hombre,6,268,2.2388059701492535
2024,70105,urbana,23,mujer,6,213,2.816901408450704
2024,70105,urbana,24,hombre,6,292,2.0547945205479454
2024,70105,urbana,24,mujer,2,183,1.092896174863388
2024,70105,urbana,25,hombre,9,288,3.125
2024,70105,urbana,25,mujer,8,185,4.324324324324325
2024,70105,urbana,26,hombre,12,298,4.026845637583893
2024,70105,urbana,26,mujer,5,214,2.336448598130841
2024,70105,urbana,27,hombre,6,288,2.0833333333333335
2024,70105,urbana,27,mujer,4,219,1.82648401826484
2024,70105,urbana,28,hombre,6,303,1.9801980198019802
2024,70105,urbana,28,mujer,8,240,3.3333333333333335
2024,70201,rural,16,hombre,0,30,0.0
2024,70201,rural,16,mujer,0,15,0.0
2024,70201,rural,17,hombre,0,48,0.0
2024,70201,rural,17,mujer,0,19,0.0
2024,70201,rural,18,hombre,0,50,0.0
2024,70201,rural,18,mujer,0,21,0.0
2024,70201,rural,19,hombre,1,88,1.1363636363636365
2024,70201,rural,19,mujer,0,20,0.0
2024,70201,rural,20,hombre,1,68,1.4705882352941178
2024,70201,rural,20,mujer,0,35,0.0
2024,70201,rural,21,hombre,0,72,0.0
2024,70201,rural,21,mujer,0,38,0.0
2024,70201,rural,22,hombre,0,84,0.0
2024,70201,rural,22,mujer,2,33,6.0606060606060606
2024,70201,rural,23,hombre,3,107,2.803738317757009
2024,70201,rural,23,mujer,0,39,0.0
2024,70201,rural,24,hombre,3,103,2.912621359223301
2024,70201,rural,24,mujer,2,44,4.545454545454546
2024,70201,rural,25,hombre,2,114,1.7543859649122806
2024,70201,rural,25,mujer,2,45,4.444444444444445
2024,70201,rural,26,hombre,2,120,1.6666666666666667
2024,70201,rural,26,mujer,0,50,0.0
2024,70201,rural,27,hombre,1,90,1.1111111111111112
2024,70201,rural,27,mujer,2,46,4.3478260869565215
2024,70201,rural,28,hombre,2,119,1.680672268907563
2024,70201,rural,28,mujer,2,55,3.6363636363636362
2024,70201,urbana,16,hombre,4,294,1.3605442176870748
2024,70201,urbana,16,mujer,4,207,1.932367149758454
2024,70201,urbana,17,hombre,8,349,2.292263610315186
2024,70201,urbana,17,mujer,6,301,1.9933554817275747
2024,70201,urbana,18,hombre,8,522,1.5325670498084292
2024,70201,urbana,18,mujer,8,398,2.0100502512562812
2024,70201,urbana,19,hombre,11,627,1.7543859649122806
2024,70201,urbana,19,mujer,10,497,2.0120724346076457
2024,70201,urbana,20,hombre,20,743,2.6917900403768504
2024,70201,urbana,20,mujer,3,521,0.5758157389635317
2024,70201,urbana,21,hombre,18,776,2.3195876288659796
2024,70201,urbana,21,mujer,13,539,2.411873840445269
2024,70201,urbana,22,hombre,9,799,1.1264080100125156
2024,70201,urbana,22,mujer,9,604,1.490066225165563
2024,70201,urbana,23,hombre,23,911,2.5246981339187706
2024,70201,urbana,23,mujer,13,619,2.10016155088853
2024,70201,urbana,24,hombre,22,970,2.268041237113402
2024,70201,urbana,24,mujer,14,694,2.0172910662824206
2024,70201,urbana,25,hombre,18,888,2.027027027027027
2024,70201,urbana,25,mujer,17,640,2.65625
2024,70201,urbana,26,hombre,20,924,2.1645021645021645
2024,70201,urbana,26,mujer,24,647,3.7094281298299845
2024,70201,urbana,27,hombre,19,971,1.956745623069001
2024,70201,urbana,27,mujer,17,672,2.5297619047619047
2024,70201,urbana,28,hombre,21,891,2.356902356902357
2024,70201,urbana,28,mujer,11,665,1.6541353383458646
2024,70202,rural,16,hombre,0,4,0.0
2024,70202,rural,16,mujer,0,5,0.0
2024,70202,rural,17,hombre,0,18,0.0
2024,70202,rural,17,mujer,0,4,0.0
2024,70202,rural,18,hombre,1,21,4.761904761904762
2024,70202,rural,18,mujer,0,8,0.0
2024,70202,rural,19,hombre,0,24,0.0
2024,70202,rural,19,mujer,0,5,0.0
2024,70202,rural,20,hombre,0,21,0.0
2024,70202,rural,20,mujer,0,6,0.0
2024,70202,rural,21,hombre,1,21,4.761904761904762
2024,70202,rural,21,mujer,0,8,0.0
2024,70202,rural,22,hombre,2,33,6.0606060606060606
2024,70202,rural,22,mujer,0,12,0.0
2024,70202,rural,23,hombre,0,28,0.0
2024,70202,rural,23,mujer,0,13,0.0
2024,70202,rural,24,hombre,1,36,2.7777777777777777
2024,70202,rural,24,mujer,0,8,0.0
2024,70202,rural,25,hombre,1,30,3.3333333333333335
2024,70202,rural,25,mujer,1,15,6.666666666666667
2024,70202,rural,26,hombre,1,39,2.5641025641025643
2024,70202,rural,26,mujer,0,16,0.0
2024,70202,rural,27,hombre,3,33,9.090909090909092
2024,70202,rural,27,mujer,0,13,0.0
2024,70202,rural,28,hombre,0,30,0.0
2024,70202,rural,28,mujer,0,9,0.0
2024,70202,urbana,16,hombre,0,7,0.0
2024,70202,urbana,16,mujer,0,3,0.0
2024,70202,urbana,17,hombre,0,8,0.0
2024,70202,urbana,17,mujer,0,5,0.0
2024,70202,urbana,18,hombre,1,18,5.555555555555555
2024,70202,urbana,18,mujer,0,11,0.0
2024,70202,urbana,19,hombre,0,21,0.0
2024,70202,urbana,19,mujer,0,7,0.0
2024,70202,urbana,20,hombre,0,14,0.0
2024,70202,urbana,20,mujer,0,11,0.0
2024,70202,urbana,21,hombre,0,18,0.0
2024,70202,urbana,21,mujer,0,15,0.0
2024,70202,urbana,22,hombre,1,16,6.25
2024,70202,urbana,22,mujer,0,9,0.0
2024,70202,urbana,23,hombre,0,25,0.0
2024,70202,urbana,23,mujer,0,25,0.0
2024,70202,urbana,24,hombre,2,48,4.166666666666667
2024,70202,urbana,24,mujer,0,24,0.0
2024,70202,urbana,25,hombre,0,19,0.0
2024,70202,urbana,25,mujer,0,21,0.0
2024,70202,urbana,26,hombre,0,25,0.0
2024,70202,urbana,26,mujer,1,17,5.882352941176471
2024,70202,urbana,27,hombre,1,31,3.225806451612903
2024,70202,urbana,27,mujer,0,22,0.0
2024,70202,urbana,28,hombre,1,34,2.9411764705882355
2024,70202,urbana,28,mujer,0,19,0.0
2024,70301,rural,16,hombre,0,96,0.0
2024,70301,rural,16,mujer,0,39,0.0
2024,70301,rural,17,hombre,0,156,0.0
2024,70301,rural,17,mujer,0,42,0.0
2024,70301,rural,18,hombre,0,157,0.0
2024,70301,rural,18,mujer,2,69,2.898550724637681
2024,70301,rural,19,hombre,2,170,1.1764705882352942
2024,70301,rural,19,mujer,0,74,0.0
2024,70301,rural,20,hombre,1,193,0.5181347150259067
2024,70301,rural,20,mujer,1,80,1.25
2024,70301,rural,21,hombre,1,199,0.5025125628140703
2024,70301,rural,21,mujer,1,101,0.9900990099009901
2024,70301,rural,22,hombre,3,217,1.3824884792626728
2024,70301,rural,22,mujer,2,102,1.9607843137254901
2024,70301,rural,23,hombre,3,253,1.1857707509881423
2024,70301,rural,23,mujer,0,102,0.0
2024,70301,rural,24,hombre,3,282,1.0638297872340425
2024,70301,rural,24,mujer,3,95,3.1578947368421053
2024,70301,rural,25,hombre,0,249,0.0
2024,70301,rural,25,mujer,1,104,0.9615384615384616
2024,70301,rural,26,hombre,4,239,1.6736401673640167
2024,70301,rural,26,mujer,2,105,1.9047619047619047
2024,70301,rural,27,hombre,4,246,1.6260162601626016
2024,70301,rural,27,mujer,2,86,2.3255813953488373
2024,70301,rural,28,hombre,2,252,0.7936507936507936
2024,70301,rural,28,mujer,1,101,0.9900990099009901
2024,70301,urbana,16,hombre,1,95,1.0526315789473684
2024,70301,urbana,16,mujer,1,43,2.3255813953488373
2024,70301,urbana,17,hombre,4,116,3.4482758620689653
2024,70301,urbana,17,mujer,1,63,1.5873015873015872
2024,70301,urbana,18,hombre,2,131,1.5267175572519085
2024,70301,urbana,18,mujer,1,78,1.2820512820512822
2024,70301,urbana,19,hombre,3,140,2.142857142857143
2024,70301,urbana,19,mujer,2,99,2.0202020202020203
2024,70301,urbana,20,hombre,1,147,0.6802721088435374
2024,70301,urbana,20,mujer,2,90,2.2222222222222223
2024,70301,urbana,21,hombre,2,168,1.1904761904761905
2024,70301,urbana,21,mujer,2,105,1.9047619047619047
2024,70301,urbana,22,hombre,2,185,1.0810810810810811
2024,70301,urbana,22,mujer,1,117,0.8547008547008547
2024,70301,urbana,23,hombre,3,225,1.3333333333333333
2024,70301,urbana,23,mujer,3,128,2.34375
2024,70301,urbana,24,hombre,5,192,2.6041666666666665
2024,70301,urbana,24,mujer,3,138,2.1739130434782608
2024,70301,urbana,25,hombre,6,170,3.5294117647058822
2024,70301,urbana,25,mujer,0,119,0.0
2024,70301,urbana,26,hombre,3,180,1.6666666666666667
2024,70301,urbana,26,mujer,3,155,1.935483870967742
2024,70301,urbana,27,hombre,5,215,2.3255813953488373
2024,70301,urbana,27,mujer,6,135,4.444444444444445
2024,70301,urbana,28,hombre,3,199,1.5075376884422111
2024,70301,urbana,28,mujer,4,161,2.484472049689441
2024,70302,rural,16,hombre,0,23,0.0
2024,70302,rural,16,mujer,0,11,0.0
2024,70302,rural,17,hombre,1,26,3.8461538461538463
2024,70302,rural,17,mujer,0,14,0.0
2024,70302,rural,18,hombre,0,36,0.0
2024,70302,rural,18,mujer,0,16,0.0
2024,70302,rural,19,hombre,0,43,0.0
2024,70302,rural,19,mujer,0,17,0.0
2024,70302,rural,20,hombre,0,53,0.0
2024,70302,rural,20,mujer,0,11,0.0
2024,70302,rural,21,hombre,0,47,0.0
2024,70302,rural,21,mujer,0,21,0.0
2024,70302,rural,22,hombre,1,50,2.0
2024,70302,rural,22,mujer,0,28,0.0
2024,70302,rural,23,hombre,0,69,0.0
2024,70302,rural,23,mujer,0,35,0.0
2024,70302,rural,24,hombre,0,76,0.0
2024,70302,rural,24,mujer,0,39,0.0
2024,70302,rural,25,hombre,2,70,2.857142857142857
2024,70302,rural,25,mujer,1,38,2.6315789473684212
2024,70302,rural,26,hombre,0,82,0.0
2024,70302,rural,26,mujer,0,34,0.0
2024,70302,rural,27,hombre,0,83,0.0
2024,70302,rural,27,mujer,0,31,0.0
2024,70302,rural,28,hombre,0,78,0.0
2024,70302,rural,28,mujer,1,38,2.6315789473684212
2024,70302,urbana,16,hombre,0,12,0.0
2024,70302,urbana,16,mujer,0,5,0.0
2024,70302,urbana,17,hombre,0,19,0.0
2024,70302,urbana,17,mujer,0,16,0.0
2024,70302,urbana,18,hombre,0,11,0.0
2024,70302,urbana,18,mujer,0,9,0.0
2024,70302,urbana,19,hombre,0,14,0.0
2024,70302,urbana,19,mujer,0,9,0.0
2024,70302,urbana,20,hombre,0,18,0.0
2024,70302,urbana,20,mujer,0,10,0.0
2024,70302,urbana,21,hombre,0,12,0.0
2024,70302,urbana,21,mujer,1,13,7.6923076923076925
2024,70302,urbana,22,hombre,0,25,0.0
2024,70302,urbana,22,mujer,1,20,5.0
2024,70302,urbana,23,hombre,0,12,0.0
2024,70302,urbana,23,mujer,0,10,0.0
2024,70302,urbana,24,hombre,2,22,9.090909090909092
2024,70302,urbana,24,mujer,0,18,0.0
2024,70302,urbana,25,hombre,1,22,4.545454545454546
2024,70302,urbana,25,mujer,0,8,0.0
2024,70302,urbana,26,hombre,0,23,0.0
2024,70302,urbana,26,mujer,0,9,0.0
2024,70302,urbana,27,hombre,0,19,0.0
2024,70302,urbana,27,mujer,0,21,0.0
2024,70302,urbana,28,hombre,3,33,9.090909090909092
2024,70302,urbana,28,mujer,0,24,0.0
2024,70303,rural,16,hombre,0,15,0.0
2024,70303,rural,16,mujer,0,12,0.0
2024,70303,rural,17,hombre,0,24,0.0
2024,70303,rural,17,mujer,0,5,0.0
2024,70303,rural,18,hombre,1,25,4.0
2024,70303,rural,18,mujer,0,6,0.0
2024,70303,rural,19,hombre,0,34,0.0
2024,70303,rural,19,mujer,0,9,0.0
2024,70303,rural,20,hombre,1,29,3.4482758620689653
2024,70303,rural,20,mujer,0,8,0.0
2024,70303,rural,21,hombre,0,33,0.0
2024,70303,rural,21,mujer,0,16,0.0
2024,70303,rural,22,hombre,2,33,6.0606060606060606
2024,70303,rural,22,mujer,0,20,0.0
2024,70303,rural,23,hombre,0,43,0.0
2024,70303,rural,23,mujer,0,16,0.0
2024,70303,rural,24,hombre,0,60,0.0
2024,70303,rural,24,mujer,0,18,0.0
2024,70303,rural,25,hombre,0,54,0.0
2024,70303,rural,25,mujer,0,21,0.0
2024,70303,rural,26,hombre,1,52,1.9230769230769231
2024,70303,rural,26,mujer,0,21,0.0
2024,70303,rural,27,hombre,0,54,0.0
2024,70303,rural,27,mujer,0,19,0.0
2024,70303,rural,28,hombre,1,63,1.5873015873015872
2024,70303,rural,28,mujer,0,21,0.0
2024,70303,urbana,16,hombre,0,7,0.0
2024,70303,urbana,16,mujer,0,1,0.0
2024,70303,urbana,17,hombre,0,10,0.0
2024,70303,urbana,17,mujer,0,4,0.0
2024,70303,urbana,18,hombre,0,8,0.0
2024,70303,urbana,18,mujer,0,5,0.0
2024,70303,urbana,19,hombre,0,11,0.0
2024,70303,urbana,19,mujer,0,4,0.0
2024,70303,urbana,20,hombre,0,9,0.0
2024,70303,urbana,20,mujer,0,4,0.0
2024,70303,urbana,21,hombre,0,14,0.0
2024,70303,urbana,21,mujer,0,6,0.0
2024,70303,urbana,22,hombre,0,11,0.0
2024,70303,urbana,22,mujer,0,8,0.0
2024,70303,urbana,23,hombre,1,9,11.11111111111111
2024,70303,urbana,23,mujer,0,13,0.0
2024,70303,urbana,24,hombre,0,12,0.0
2024,70303,urbana,24,mujer,0,9,0.0
2024,70303,urbana,25,hombre,1,19,5.2631578947368425
2024,70303,urbana,25,mujer,0,6,0.0
2024,70303,urbana,26,hombre,0,13,0.0
2024,70303,urbana,26,mujer,0,8,0.0
2024,70303,urbana,27,hombre,0,19,0.0
2024,70303,urbana,27,mujer,0,10,0.0
2024,70303,urbana,28,hombre,1,14,7.142857142857143
2024,70303,urbana,28,mujer,0,12,0.0
2024,70401,rural,16,hombre,0,17,0.0
2024,70401,rural,16,mujer,0,9,0.0
2024,70401,rural,17,hombre,0,23,0.0
2024,70401,rural,17,mujer,0,14,0.0
2024,70401,rural,18,hombre,1,28,3.5714285714285716
2024,70401,rural,18,mujer,0,14,0.0
2024,70401,rural,19,hombre,0,38,0.0
2024,70401,rural,19,mujer,1,22,4.545454545454546
2024,70401,rural,20,hombre,0,30,0.0
2024,70401,rural,20,mujer,0,11,0.0
2024,70401,rural,21,hombre,1,35,2.857142857142857
2024,70401,rural,21,mujer,0,23,0.0
2024,70401,rural,22,hombre,0,39,0.0
2024,70401,rural,22,mujer,2,23,8.695652173913043
2024,70401,rural,23,hombre,2,42,4.761904761904762
2024,70401,rural,23,mujer,1,16,6.25
2024,70401,rural,24,hombre,0,55,0.0
2024,70401,rural,24,mujer,1,29,3.4482758620689653
2024,70401,rural,25,hombre,2,39,5.128205128205129
2024,70401,rural,25,mujer,1,30,3.3333333333333335
2024,70401,rural,26,hombre,2,53,3.7735849056603774
2024,70401,rural,26,mujer,2,35,5.714285714285714
2024,70401,rural,27,hombre,0,59,0.0
2024,70401,rural,27,mujer,0,17,0.0
2024,70401,rural,28,hombre,0,52,0.0
2024,70401,rural,28,mujer,1,28,3.5714285714285716
2024,70401,urbana,16,hombre,0,11,0.0
2024,70401,urbana,16,mujer,0,12,0.0
2024,70401,urbana,17,hombre,0,21,0.0
2024,70401,urbana,17,mujer,0,9,0.0
2024,70401,urbana,18,hombre,0,19,0.0
2024,70401,urbana,18,mujer,0,14,0.0
2024,70401,urbana,19,hombre,0,22,0.0
2024,70401,urbana,19,mujer,0,12,0.0
2024,70401,urbana,20,hombre,0,18,0.0
2024,70401,urbana,20,mujer,0,13,0.0
2024,70401,urbana,21,hombre,0,23,0.0
2024,70401,urbana,21,mujer,0,22,0.0
2024,70401,urbana,22,hombre,0,31,0.0
2024,70401,urbana,22,mujer,0,22,0.0
2024,70401,urbana,23,hombre,1,45,2.2222222222222223
2024,70401,urbana,23,mujer,0,18,0.0
2024,70401,urbana,24,hombre,0,39,0.0
2024,70401,urbana,24,mujer,2,34,5.882352941176471
2024,70401,urbana,25,hombre,0,36,0.0
2024,70401,urbana,25,mujer,0,25,0.0
2024,70401,urbana,26,hombre,2,37,5.405405405405405
2024,70401,urbana,26,mujer,0,20,0.0
2024,70401,urbana,27,hombre,0,25,0.0
2024,70401,urbana,27,mujer,0,26,0.0
2024,70401,urbana,28,hombre,0,33,0.0
2024,70401,urbana,28,mujer,1,32,3.125
2024,70402,rural,16,hombre,0,23,0.0
2024,70402,rural,16,mujer,1,12,8.333333333333334
2024,70402,rural,17,hombre,0,20,0.0
2024,70402,rural,17,mujer,0,6,0.0
2024,70402,rural,18,hombre,0,25,0.0
2024,70402,rural,18,mujer,0,14,0.0
2024,70402,rural,19,hombre,0,20,0.0
2024,70402,rural,19,mujer,0,17,0.0
2024,70402,rural,20,hombre,1,44,2.272727272727273
2024,70402,rural,20,mujer,0,18,0.0
2024,70402,rural,21,hombre,0,27,0.0
2024,70402,rural,21,mujer,0,13,0.0
2024,70402,rural,22,hombre,0,32,0.0
2024,70402,rural,22,mujer,0,14,0.0
2024,70402,rural,23,hombre,0,34,0.0
2024,70402,rural,23,mujer,0,16,0.0
2024,70402,rural,24,hombre,0,39,0.0
2024,70402,rural,24,mujer,0,11,0.0
2024,70402,rural,25,hombre,2,59,3.389830508474576
2024,70402,rural,25,mujer,1,12,8.333333333333334
2024,70402,rural,26,hombre,1,40,2.5
2024,70402,rural,26,mujer,1,15,6.666666666666667
2024,70402,rural,27,hombre,1,48,2.0833333333333335
2024,70402,rural,27,mujer,0,19,0.0
2024,70402,rural,28,hombre,0,36,0.0
2024,70402,rural,28,mujer,0,22,0.0
2024,70402,urbana,16,hombre,0,28,0.0
2024,70402,urbana,16,mujer,1,23,4.3478260869565215
2024,70402,urbana,17,hombre,0,38,0.0
2024,70402,urbana,17,mujer,1,30,3.3333333333333335
2024,70402,urbana,18,hombre,0,43,0.0
2024,70402,urbana,18,mujer,0,32,0.0
2024,70402,urbana,19,hombre,0,54,0.0
2024,70402,urbana,19,mujer,1,35,2.857142857142857
2024,70402,urbana,20,hombre,1,44,2.272727272727273
2024,70402,urbana,20,mujer,1,33,3.0303030303030303
2024,70402,urbana,21,hombre,2,52,3.8461538461538463
2024,70402,urbana,21,mujer,0,44,0.0
2024,70402,urbana,22,hombre,1,67,1.492537313432836
2024,70402,urbana,22,mujer,1,40,2.5
2024,70402,urbana,23,hombre,1,62,1.6129032258064515
2024,70402,urbana,23,mujer,1,53,1.8867924528301887
2024,70402,urbana,24,hombre,4,79,5.063291139240507
2024,70402,urbana,24,mujer,1,55,1.8181818181818181
2024,70402,urbana,25,hombre,1,82,1.2195121951219512
2024,70402,urbana,25,mujer,1,66,1.5151515151515151
2024,70402,urbana,26,hombre,5,70,7.142857142857143
2024,70402,urbana,26,mujer,0,69,0.0
2024,70402,urbana,27,hombre,0,88,0.0
2024,70402,urbana,27,mujer,1,60,1.6666666666666667
2024,70402,urbana,28,hombre,2,89,2.247191011235955
2024,70402,urbana,28,mujer,1,66,1.5151515151515151
2024,70403,rural,16,hombre,0,71,0.0
2024,70403,rural,16,mujer,0,26,0.0
2024,70403,rural,17,hombre,2,95,2.1052631578947367
2024,70403,rural,17,mujer,0,23,0.0
2024,70403,rural,18,hombre,2,130,1.5384615384615385
2024,70403,rural,18,mujer,0,57,0.0
2024,70403,rural,19,hombre,1,113,0.8849557522123894
2024,70403,rural,19,mujer,1,44,2.272727272727273
2024,70403,rural,20,hombre,0,117,0.0
2024,70403,rural,20,mujer,0,60,0.0
2024,70403,rural,21,hombre,1,165,0.6060606060606061
2024,70403,rural,21,mujer,1,57,1.7543859649122806
2024,70403,rural,22,hombre,1,127,0.7874015748031497
2024,70403,rural,22,mujer,1,57,1.7543859649122806
2024,70403,rural,23,hombre,5,212,2.358490566037736
2024,70403,rural,23,mujer,0,84,0.0
2024,70403,rural,24,hombre,4,214,1.8691588785046729
2024,70403,rural,24,mujer,1,92,1.0869565217391304
2024,70403,rural,25,hombre,3,201,1.492537313432836
2024,70403,rural,25,mujer,2,77,2.5974025974025974
2024,70403,rural,26,hombre,3,229,1.3100436681222707
2024,70403,rural,26,mujer,2,95,2.1052631578947367
2024,70403,rural,27,hombre,1,202,0.49504950495049505
2024,70403,rural,27,mujer,1,106,0.9433962264150944
2024,70403,rural,28,hombre,1,208,0.4807692307692308
2024,70403,rural,28,mujer,1,105,0.9523809523809523
2024,70403,urbana,16,hombre,2,136,1.4705882352941178
2024,70403,urbana,16,mujer,1,75,1.3333333333333333
2024,70403,urbana,17,hombre,2,137,1.4598540145985401
2024,70403,urbana,17,mujer,1,127,0.7874015748031497
2024,70403,urbana,18,hombre,5,170,2.9411764705882355
2024,70403,urbana,18,mujer,4,146,2.73972602739726
2024,70403,urbana,19,hombre,1,180,0.5555555555555556
2024,70403,urbana,19,mujer,2,151,1.3245033112582782
2024,70403,urbana,20,hombre,2,184,1.0869565217391304
2024,70403,urbana,20,mujer,4,169,2.366863905325444
2024,70403,urbana,21,hombre,5,195,2.5641025641025643
2024,70403,urbana,21,mujer,9,192,4.6875
2024,70403,urbana,22,hombre,6,201,2.985074626865672
2024,70403,urbana,22,mujer,2,159,1.2578616352201257
2024,70403,urbana,23,hombre,9,283,3.1802120141342756
2024,70403,urbana,23,mujer,5,202,2.4752475247524752
2024,70403,urbana,24,hombre,7,275,2.5454545454545454
2024,70403,urbana,24,mujer,9,219,4.109589041095891
2024,70403,urbana,25,hombre,8,265,3.018867924528302
2024,70403,urbana,25,mujer,7,202,3.4653465346534653
2024,70403,urbana,26,hombre,7,273,2.5641025641025643
2024,70403,urbana,26,mujer,4,208,1.9230769230769231
2024,70403,urbana,27,hombre,9,242,3.71900826446281
2024,70403,urbana,27,mujer,5,198,2.525252525252525
2024,70403,urbana,28,hombre,9,263,3.4220532319391634
2024,70403,urbana,28,mujer,3,230,1.3043478260869565
2024,70404,rural,16,hombre,0,11,0.0
2024,70404,rural,16,mujer,0,2,0.0
2024,70404,rural,17,hombre,0,11,0.0
2024,70404,rural,17,mujer,0,10,0.0
2024,70404,rural,18,hombre,0,23,0.0
2024,70404,rural,18,mujer,0,5,0.0
2024,70404,rural,19,hombre,0,18,0.0
2024,70404,rural,19,mujer,0,11,0.0
2024,70404,rural,20,hombre,0,23,0.0
2024,70404,rural,20,mujer,0,16,0.0
2024,70404,rural,21,hombre,1,12,8.333333333333334
2024,70404,rural,21,mujer,0,8,0.0
2024,70404,rural,22,hombre,0,27,0.0
2024,70404,rural,22,mujer,0,5,0.0
2024,70404,rural,23,hombre,0,30,0.0
2024,70404,rural,23,mujer,0,7,0.0
2024,70404,rural,24,hombre,0,32,0.0
2024,70404,rural,24,mujer,0,11,0.0
2024,70404,rural,25,hombre,1,26,3.8461538461538463
2024,70404,rural,25,mujer,0,11,0.0
2024,70404,rural,26,hombre,1,29,3.4482758620689653
2024,70404,rural,26,mujer,1,14,7.142857142857143
2024,70404,rural,27,hombre,0,25,0.0
2024,70404,rural,27,mujer,0,26,0.0
2024,70404,rural,28,hombre,1,41,2.4390243902439024
2024,70404,rural,28,mujer,0,16,0.0
2024,70404,urbana,16,hombre,0,10,0.0
2024,70404,urbana,16,mujer,0,2,0.0
2024,70404,urbana,17,hombre,0,11,0.0
2024,70404,urbana,17,mujer,0,11,0.0
2024,70404,urbana,18,hombre,0,16,0.0
2024,70404,urbana,18,mujer,0,11,0.0
2024,70404,urbana,19,hombre,0,24,0.0
2024,70404,urbana,19,mujer,0,13,0.0
2024,70404,urbana,20,hombre,0,28,0.0
2024,70404,urbana,20,mujer,1,10,10.0
2024,70404,urbana,21,hombre,0,19,0.0
2024,70404,urbana,21,mujer,0,13,0.0
2024,70404,urbana,22,hombre,0,23,0.0
2024,70404,urbana,22,mujer,0,15,0.0
2024,70404,urbana,23,hombre,0,31,0.0
2024,70404,urbana,23,mujer,0,23,0.0
2024,70404,urbana,24,hombre,0,36,0.0
2024,70404,urbana,24,mujer,1,22,4.545454545454546
2024,70404,urbana,25,hombre,1,39,2.5641025641025643
2024,70404,urbana,25,mujer,1,20,5.0
2024,70404,urbana,26,hombre,0,31,0.0
2024,70404,urbana,26,mujer,1,21,4.761904761904762
2024,70404,urbana,27,hombre,0,30,0.0
2024,70404,urbana,27,mujer,0,23,0.0
2024,70404,urbana,28,hombre,2,34,5.882352941176471
2024,70404,urbana,28,mujer,1,30,3.3333333333333335
2024,70501,rural,16,hombre,2,114,1.7543859649122806
2024,70501,rural,16,mujer,0,77,0.0
2024,70501,rural,17,hombre,1,142,0.704225352112676
2024,70501,rural,17,mujer,0,76,0.0
2024,70501,rural,18,hombre,1,154,0.6493506493506493
2024,70501,rural,18,mujer,0,83,0.0
2024,70501,rural,19,hombre,1,149,0.6711409395973155
2024,70501,rural,19,mujer,0,82,0.0
2024,70501,rural,20,hombre,1,178,0.5617977528089888
2024,70501,rural,20,mujer,0,80,0.0
2024,70501,rural,21,hombre,1,177,0.5649717514124294
2024,70501,rural,21,mujer,0,97,0.0
2024,70501,rural,22,hombre,0,167,0.0
2024,70501,rural,22,mujer,1,113,0.8849557522123894
2024,70501,rural,23,hombre,4,230,1.7391304347826086
2024,70501,rural,23,mujer,0,103,0.0
2024,70501,rural,24,hombre,3,204,1.4705882352941178
2024,70501,rural,24,mujer,0,102,0.0
2024,70501,rural,25,hombre,3,207,1.4492753623188406
2024,70501,rural,25,mujer,0,80,0.0
2024,70501,rural,26,hombre,1,222,0.45045045045045046
2024,70501,rural,26,mujer,1,90,1.1111111111111112
2024,70501,rural,27,hombre,2,189,1.0582010582010581
2024,70501,rural,27,mujer,0,91,0.0
2024,70501,rural,28,hombre,1,208,0.4807692307692308
2024,70501,rural,28,mujer,1,102,0.9803921568627451
2024,70501,urbana,16,hombre,1,21,4.761904761904762
2024,70501,urbana,16,mujer,1,13,7.6923076923076925
2024,70501,urbana,17,hombre,0,21,0.0
2024,70501,urbana,17,mujer,0,18,0.0
2024,70501,urbana,18,hombre,0,30,0.0
2024,70501,urbana,18,mujer,0,29,0.0
2024,70501,urbana,19,hombre,0,45,0.0
2024,70501,urbana,19,mujer,0,25,0.0
2024,70501,urbana,20,hombre,0,43,0.0
2024,70501,urbana,20,mujer,1,29,3.4482758620689653
2024,70501,urbana,21,hombre,0,62,0.0
2024,70501,urbana,21,mujer,0,32,0.0
2024,70501,urbana,22,hombre,0,54,0.0
2024,70501,urbana,22,mujer,0,24,0.0
2024,70501,urbana,23,hombre,3,60,5.0
2024,70501,urbana,23,mujer,3,35,8.571428571428571
2024,70501,urbana,24,hombre,1,72,1.3888888888888888
2024,70501,urbana,24,mujer,1,36,2.7777777777777777
2024,70501,urbana,25,hombre,1,64,1.5625
2024,70501,urbana,25,mujer,0,51,0.0
2024,70501,urbana,26,hombre,2,82,2.4390243902439024
2024,70501,urbana,26,mujer,1,37,2.7027027027027026
2024,70501,urbana,27,hombre,2,62,3.225806451612903
2024,70501,urbana,27,mujer,0,43,0.0
2024,70501,urbana,28,hombre,0,60,0.0
2024,70501,urbana,28,mujer,0,39,0.0
2024,70502,rural,16,hombre,3,160,1.875
2024,70502,rural,16,mujer,0,55,0.0
2024,70502,rural,17,hombre,2,183,1.092896174863388
2024,70502,rural,17,mujer,0,80,0.0
2024,70502,rural,18,hombre,3,199,1.5075376884422111
2024,70502,rural,18,mujer,1,89,1.1235955056179776
2024,70502,rural,19,hombre,1,219,0.45662100456621
2024,70502,rural,19,mujer,0,79,0.0
2024,70502,rural,20,hombre,4,234,1.7094017094017093
2024,70502,rural,20,mujer,2,87,2.2988505747126435
2024,70502,rural,21,hombre,2,264,0.7575757575757576
2024,70502,rural,21,mujer,1,84,1.1904761904761905
2024,70502,rural,22,hombre,1,274,0.36496350364963503
2024,70502,rural,22,mujer,0,105,0.0
2024,70502,rural,23,hombre,4,309,1.2944983818770226
2024,70502,rural,23,mujer,0,97,0.0
2024,70502,rural,24,hombre,1,280,0.35714285714285715
2024,70502,rural,24,mujer,2,93,2.150537634408602
2024,70502,rural,25,hombre,7,321,2.1806853582554515
2024,70502,rural,25,mujer,2,82,2.4390243902439024
2024,70502,rural,26,hombre,2,307,0.6514657980456026
2024,70502,rural,26,mujer,3,104,2.8846153846153846
2024,70502,rural,27,hombre,4,280,1.4285714285714286
2024,70502,rural,27,mujer,1,93,1.075268817204301
2024,70502,rural,28,hombre,4,282,1.4184397163120568
2024,70502,rural,28,mujer,2,77,2.5974025974025974
2024,70502,urbana,16,hombre,0,41,0.0
2024,70502,urbana,16,mujer,0,29,0.0
2024,70502,urbana,17,hombre,1,47,2.127659574468085
2024,70502,urbana,17,mujer,0,41,0.0
2024,70502,urbana,18,hombre,1,65,1.5384615384615385
2024,70502,urbana,18,mujer,0,47,0.0
2024,70502,urbana,19,hombre,1,62,1.6129032258064515
2024,70502,urbana,19,mujer,0,50,0.0
2024,70502,urbana,20,hombre,1,72,1.3888888888888888
2024,70502,urbana,20,mujer,0,47,0.0
2024,70502,urbana,21,hombre,0,104,0.0
2024,70502,urbana,21,mujer,2,49,4.081632653061225
2024,70502,urbana,22,hombre,2,99,2.0202020202020203
2024,70502,urbana,22,mujer,0,63,0.0
2024,70502,urbana,23,hombre,4,124,3.225806451612903
2024,70502,urbana,23,mujer,1,71,1.408450704225352
2024,70502,urbana,24,hombre,2,106,1.8867924528301887
2024,70502,urbana,24,mujer,2,81,2.4691358024691357
2024,70502,urbana,25,hombre,0,108,0.0
2024,70502,urbana,25,mujer,1,71,1.408450704225352
2024,70502,urbana,26,hombre,2,109,1.834862385321101
2024,70502,urbana,26,mujer,0,69,0.0
2024,70502,urbana,27,hombre,1,116,0.8620689655172413
2024,70502,urbana,27,mujer,2,89,2.247191011235955
2024,70502,urbana,28,hombre,1,135,0.7407407407407407
2024,70502,urbana,28,mujer,4,73,5.47945205479452
2024,70503,rural,16,hombre,0,16,0.0
2024,70503,rural,16,mujer,0,4,0.0
2024,70503,rural,17,hombre,1,23,4.3478260869565215
2024,70503,rural,17,mujer,0,10,0.0
2024,70503,rural,18,hombre,1,21,4.761904761904762
2024,70503,rural,18,mujer,0,3,0.0
2024,70503,rural,19,hombre,0,25,0.0
2024,70503,rural,19,mujer,0,9,0.0
2024,70503,rural,20,hombre,0,22,0.0
2024,70503,rural,20,mujer,0,7,0.0
2024,70503,rural,21,hombre,0,31,0.0
2024,70503,rural,21,mujer,0,7,0.0
2024,70503,rural,22,hombre,0,19,0.0
2024,70503,rural,22,mujer,0,13,0.0
2024,70503,rural,23,hombre,1,37,2.7027027027027026
2024,70503,rural,23,mujer,0,14,0.0
2024,70503,rural,24,hombre,3,46,6.521739130434782
2024,70503,rural,24,mujer,0,22,0.0
2024,70503,rural,25,hombre,0,33,0.0
2024,70503,rural,25,mujer,1,19,5.2631578947368425
2024,70503,rural,26,hombre,2,45,4.444444444444445
2024,70503,rural,26,mujer,0,14,0.0
2024,70503,rural,27,hombre,1,34,2.9411764705882355
2024,70503,rural,27,mujer,0,20,0.0
2024,70503,rural,28,hombre,1,36,2.7777777777777777
2024,70503,rural,28,mujer,1,15,6.666666666666667
2024,70503,urbana,16,hombre,0,16,0.0
2024,70503,urbana,16,mujer,0,8,0.0
2024,70503,urbana,17,hombre,0,30,0.0
2024,70503,urbana,17,mujer,0,10,0.0
2024,70503,urbana,18,hombre,0,34,0.0
2024,70503,urbana,18,mujer,0,18,0.0
2024,70503,urbana,19,hombre,0,29,0.0
2024,70503,urbana,19,mujer,0,21,0.0
2024,70503,urbana,20,hombre,2,41,4.878048780487805
2024,70503,urbana,20,mujer,0,19,0.0
2024,70503,urbana,21,hombre,0,32,0.0
2024,70503,urbana,21,mujer,2,20,10.0
2024,70503,urbana,22,hombre,3,41,7.317073170731708
2024,70503,urbana,22,mujer,1,26,3.8461538461538463
2024,70503,urbana,23,hombre,0,56,0.0
2024,70503,urbana,23,mujer,1,31,3.225806451612903
2024,70503,urbana,24,hombre,1,56,1.7857142857142858
2024,70503,urbana,24,mujer,1,34,2.9411764705882355
2024,70503,urbana,25,hombre,0,54,0.0
2024,70503,urbana,25,mujer,1,31,3.225806451612903
2024,70503,urbana,26,hombre,1,56,1.7857142857142858
2024,70503,urbana,26,mujer,0,33,0.0
2024,70503,urbana,27,hombre,2,51,3.9215686274509802
2024,70503,urbana,27,mujer,2,41,4.878048780487805
2024,70503,urbana,28,hombre,1,63,1.5873015873015872
2024,70503,urbana,28,mujer,1,49,2.0408163265306123
2024,70601,rural,16,hombre,0,8,0.0
2024,70601,rural,16,mujer,0,6,0.0
2024,70601,rural,17,hombre,0,9,0.0
2024,70601,rural,17,mujer,0,2,0.0
2024,70601,rural,18,hombre,0,15,0.0
2024,70601,rural,18,mujer,0,4,0.0
2024,70601,rural,19,hombre,0,13,0.0
2024,70601,rural,19,mujer,0,9,0.0
2024,70601,rural,20,hombre,0,13,0.0
2024,70601,rural,20,mujer,0,5,0.0
2024,70601,rural,21,hombre,0,21,0.0
2024,70601,rural,21,mujer,0,8,0.0
2024,70601,rural,22,hombre,0,18,0.0
2024,70601,rural,22,mujer,0,10,0.0
2024,70601,rural,23,hombre,1,23,4.3478260869565215
2024,70601,rural,23,mujer,0,11,0.0
2024,70601,rural,24,hombre,1,35,2.857142857142857
2024,70601,rural,24,mujer,0,18,0.0
2024,70601,rural,25,hombre,0,36,0.0
2024,70601,rural,25,mujer,0,10,0.0
2024,70601,rural,26,hombre,0,17,0.0
2024,70601,rural,26,mujer,0,9,0.0
2024,70601,rural,27,hombre,0,30,0.0
2024,70601,rural,27,mujer,0,7,0.0
2024,70601,rural,28,hombre,0,24,0.0
2024,70601,rural,28,mujer,0,8,0.0
2024,70601,urbana,16,hombre,0,26,0.0
2024,70601,urbana,16,mujer,0,18,0.0
2024,70601,urbana,17,hombre,1,28,3.5714285714285716
2024,70601,urbana,17,mujer,0,14,0.0
2024,70601,urbana,18,hombre,1,34,2.9411764705882355
2024,70601,urbana,18,mujer,0,25,0.0
2024,70601,urbana,19,hombre,0,42,0.0
2024,70601,urbana,19,mujer,0,40,0.0
2024,70601,urbana,20,hombre,0,51,0.0
2024,70601,urbana,20,mujer,1,35,2.857142857142857
2024,70601,urbana,21,hombre,3,51,5.882352941176471
2024,70601,urbana,21,mujer,0,41,0.0
2024,70601,urbana,22,hombre,2,72,2.7777777777777777
2024,70601,urbana,22,mujer,1,43,2.3255813953488373
2024,70601,urbana,23,hombre,1,94,1.0638297872340425
2024,70601,urbana,23,mujer,1,62,1.6129032258064515
2024,70601,urbana,24,hombre,1,104,0.9615384615384616
2024,70601,urbana,24,mujer,0,77,0.0
2024,70601,urbana,25,hombre,2,80,2.5
2024,70601,urbana,25,mujer,1,70,1.4285714285714286
2024,70601,urbana,26,hombre,1,88,1.1363636363636365
2024,70601,urbana,26,mujer,1,87,1.1494252873563218
2024,70601,urbana,27,hombre,0,98,0.0
2024,70601,urbana,27,mujer,1,56,1.7857142857142858
2024,70601,urbana,28,hombre,1,108,0.9259259259259259
2024,70601,urbana,28,mujer,1,75,1.3333333333333333
2024,70602,rural,16,hombre,0,43,0.0
2024,70602,rural,16,mujer,0,9,0.0
2024,70602,rural,17,hombre,1,46,2.1739130434782608
2024,70602,rural,17,mujer,0,12,0.0
2024,70602,rural,18,hombre,0,56,0.0
2024,70602,rural,18,mujer,0,28,0.0
2024,70602,rural,19,hombre,0,56,0.0
2024,70602,rural,19,mujer,0,34,0.0
2024,70602,rural,20,hombre,0,58,0.0
2024,70602,rural,20,mujer,0,29,0.0
2024,70602,rural,21,hombre,1,75,1.3333333333333333
2024,70602,rural,21,mujer,0,35,0.0
2024,70602,rural,22,hombre,0,81,0.0
2024,70602,rural,22,mujer,1,35,2.857142857142857
2024,70602,rural,23,hombre,0,91,0.0
2024,70602,rural,23,mujer,1,39,2.5641025641025643
2024,70602,rural,24,hombre,2,95,2.1052631578947367
2024,70602,rural,24,mujer,2,50,4.0
2024,70602,rural,25,hombre,1,116,0.8620689655172413
2024,70602,rural,25,mujer,0,33,0.0
2024,70602,rural,26,hombre,2,93,2.150537634408602
2024,70602,rural,26,mujer,0,42,0.0
2024,70602,rural,27,hombre,2,96,2.0833333333333335
2024,70602,rural,27,mujer,2,40,5.0
2024,70602,rural,28,hombre,2,93,2.150537634408602
2024,70602,rural,28,mujer,2,37,5.405405405405405
2024,70602,urbana,16,hombre,0,14,0.0
2024,70602,urbana,16,mujer,0,9,0.0
2024,70602,urbana,17,hombre,0,14,0.0
2024,70602,urbana,17,mujer,1,7,14.285714285714286
2024,70602,urbana,18,hombre,0,12,0.0
2024,70602,urbana,18,mujer,0,8,0.0
2024,70602,urbana,19,hombre,0,9,0.0
2024,70602,urbana,19,mujer,0,11,0.0
2024,70602,urbana,20,hombre,0,16,0.0
2024,70602,urbana,20,mujer,0,15,0.0
2024,70602,urbana,21,hombre,2,22,9.090909090909092
2024,70602,urbana,21,mujer,0,8,0.0
2024,70602,urbana,22,hombre,0,16,0.0
2024,70602,urbana,22,mujer,0,14,0.0
2024,70602,urbana,23,hombre,0,27,0.0
2024,70602,urbana,23,mujer,0,14,0.0
2024,70602,urbana,24,hombre,2,21,9.523809523809524
2024,70602,urbana,24,mujer,0,14,0.0
2024,70602,urbana,25,hombre,1,27,3.7037037037037037
2024,70602,urbana,25,mujer,0,19,0.0
2024,70602,urbana,26,hombre,0,16,0.0
2024,70602,urbana,26,mujer,0,7,0.0
2024,70602,urbana,27,hombre,1,20,5.0
2024,70602,urbana,27,mujer,0,20,0.0
2024,70602,urbana,28,hombre,1,30,3.3333333333333335
2024,70602,urbana,28,mujer,0,11,0.0
2024,70603,rural,16,hombre,0,4,0.0
2024,70603,rural,16,mujer,0,1,0.0
2024,70603,rural,17,hombre,0,3,0.0
2024,70603,rural,18,hombre,0,6,0.0
2024,70603,rural,18,mujer,0,2,0.0
2024,70603,rural,19,hombre,0,2,0.0
2024,70603,rural,19,mujer,0,2,0.0
2024,70603,rural,20,hombre,1,8,12.5
2024,70603,rural,20,mujer,0,2,0.0
2024,70603,rural,21,hombre,0,2,0.0
2024,70603,rural,21,mujer,0,2,0.0
2024,70603,rural,22,hombre,1,3,33.333333333333336
2024,70603,rural,22,mujer,0,2,0.0
2024,70603,rural,23,hombre,0,3,0.0
2024,70603,rural,23,mujer,0,2,0.0
2024,70603,rural,24,hombre,0,4,0.0
2024,70603,rural,24,mujer,0,2,0.0
2024,70603,rural,25,hombre,0,10,0.0
2024,70603,rural,25,mujer,0,1,0.0
2024,70603,rural,26,hombre,0,8,0.0
2024,70603,rural,26,mujer,0,4,0.0
2024,70603,rural,27,hombre,0,2,0.0
2024,70603,rural,27,mujer,0,2,0.0
2024,70603,rural,28,hombre,0,6,0.0
2024,70603,rural,28,mujer,0,1,0.0
2024,70603,urbana,16,hombre,0,11,0.0
2024,70603,urbana,16,mujer,0,2,0.0
2024,70603,urbana,17,hombre,0,12,0.0
2024,70603,urbana,17,mujer,0,5,0.0
2024,70603,urbana,18,hombre,1,14,7.142857142857143
2024,70603,urbana,18,mujer,0,10,0.0
2024,70603,urbana,19,hombre,0,25,0.0
2024,70603,urbana,19,mujer,0,8,0.0
2024,70603,urbana,20,hombre,0,17,0.0
2024,70603,urbana,20,mujer,0,17,0.0
2024,70603,urbana,21,hombre,0,18,0.0
2024,70603,urbana,21,mujer,0,13,0.0
2024,70603,urbana,22,hombre,0,26,0.0
2024,70603,urbana,22,mujer,0,12,0.0
2024,70603,urbana,23,hombre,0,27,0.0
2024,70603,urbana,23,mujer,0,15,0.0
2024,70603,urbana,24,hombre,0,32,0.0
2024,70603,urbana,24,mujer,1,11,9.090909090909092
2024,70603,urbana,25,hombre,1,23,4.3478260869565215
2024,70603,urbana,25,mujer,0,22,0.0
2024,70603,urbana,26,hombre,0,34,0.0
2024,70603,urbana,26,mujer,1,20,5.0
2024,70603,urbana,27,hombre,0,19,0.0
2024,70603,urbana,27,mujer,0,18,0.0
2024,70603,urbana,28,hombre,0,35,0.0
2024,70603,urbana,28,mujer,1,21,4.761904761904762
2024,70701,rural,16,hombre,1,17,5.882352941176471
2024,70701,rural,16,mujer,0,2,0.0
2024,70701,rural,17,hombre,0,16,0.0
2024,70701,rural,17,mujer,0,4,0.0
2024,70701,rural,18,hombre,0,19,0.0
2024,70701,rural,18,mujer,0,7,0.0
2024,70701,rural,19,hombre,0,21,0.0
2024,70701,rural,19,mujer,0,9,0.0
2024,70701,rural,20,hombre,0,9,0.0
2024,70701,rural,20,mujer,1,5,20.0
2024,70701,rural,21,hombre,1,28,3.5714285714285716
2024,70701,rural,21,mujer,0,12,0.0
2024,70701,rural,22,hombre,0,20,0.0
2024,70701,rural,22,mujer,0,14,0.0
2024,70701,rural,23,hombre,1,25,4.0
2024,70701,rural,23,mujer,0,10,0.0
2024,70701,rural,24,hombre,2,35,5.714285714285714
2024,70701,rural,24,mujer,0,11,0.0
2024,70701,rural,25,hombre,0,25,0.0
2024,70701,rural,25,mujer,0,14,0.0
2024,70701,rural,26,hombre,1,28,3.5714285714285716
2024,70701,rural,26,mujer,1,20,5.0
2024,70701,rural,27,hombre,1,31,3.225806451612903
2024,70701,rural,27,mujer,1,17,5.882352941176471
2024,70701,rural,28,hombre,0,30,0.0
2024,70701,rural,28,mujer,0,12,0.0
2024,70702,rural,16,hombre,1,69,1.4492753623188406
2024,70702,rural,16,mujer,0,28,0.0
2024,70702,rural,17,hombre,0,81,0.0
2024,70702,rural,17,mujer,0,39,0.0
2024,70702,rural,18,hombre,0,102,0.0
2024,70702,rural,18,mujer,0,52,0.0
2024,70702,rural,19,hombre,1,117,0.8547008547008547
2024,70702,rural,19,mujer,3,49,6.122448979591836
2024,70702,rural,20,hombre,2,133,1.5037593984962405
2024,70702,rural,20,mujer,0,62,0.0
2024,70702,rural,21,hombre,2,124,1.6129032258064515
2024,70702,rural,21,mujer,1,59,1.694915254237288
2024,70702,rural,22,hombre,4,165,2.4242424242424243
2024,70702,rural,22,mujer,0,42,0.0
2024,70702,rural,23,hombre,0,172,0.0
2024,70702,rural,23,mujer,1,66,1.5151515151515151
2024,70702,rural,24,hombre,1,170,0.5882352941176471
2024,70702,rural,24,mujer,0,73,0.0
2024,70702,rural,25,hombre,3,135,2.2222222222222223
2024,70702,rural,25,mujer,1,50,2.0
2024,70702,rural,26,hombre,4,159,2.5157232704402515
2024,70702,rural,26,mujer,0,64,0.0
2024,70702,rural,27,hombre,1,150,0.6666666666666666
2024,70702,rural,27,mujer,0,59,0.0
2024,70702,rural,28,hombre,5,148,3.3783783783783785
2024,70702,rural,28,mujer,0,58,0.0
2024,70702,urbana,16,hombre,0,7,0.0
2024,70702,urbana,16,mujer,0,8,0.0
2024,70702,urbana,17,hombre,0,14,0.0
2024,70702,urbana,17,mujer,0,5,0.0
2024,70702,urbana,18,hombre,1,36,2.7777777777777777
2024,70702,urbana,18,mujer,0,8,0.0
2024,70702,urbana,19,hombre,1,28,3.5714285714285716
2024,70702,urbana,19,mujer,0,10,0.0
2024,70702,urbana,20,hombre,0,18,0.0
2024,70702,urbana,20,mujer,0,12,0.0
2024,70702,urbana,21,hombre,0,18,0.0
2024,70702,urbana,21,mujer,0,11,0.0
2024,70702,urbana,22,hombre,0,18,0.0
2024,70702,urbana,22,mujer,0,18,0.0
2024,70702,urbana,23,hombre,0,25,0.0
2024,70702,urbana,23,mujer,0,14,0.0
2024,70702,urbana,24,hombre,0,25,0.0
2024,70702,urbana,24,mujer,2,15,13.333333333333334
2024,70702,urbana,25,hombre,1,45,2.2222222222222223
2024,70702,urbana,25,mujer,1,19,5.2631578947368425
2024,70702,urbana,26,hombre,0,26,0.0
2024,70702,urbana,26,mujer,0,17,0.0
2024,70702,urbana,27,hombre,0,29,0.0
2024,70702,urbana,27,mujer,1,30,3.3333333333333335
2024,70702,urbana,28,hombre,0,27,0.0
2024,70702,urbana,28,mujer,0,24,0.0
2024,70703,rural,16,hombre,0,99,0.0
2024,70703,rural,16,mujer,0,40,0.0
2024,70703,rural,17,hombre,1,101,0.9900990099009901
2024,70703,rural,17,mujer,2,45,4.444444444444445
2024,70703,rural,18,hombre,3,121,2.479338842975207
2024,70703,rural,18,mujer,1,37,2.7027027027027026
2024,70703,rural,19,hombre,1,116,0.8620689655172413
2024,70703,rural,19,mujer,0,57,0.0
2024,70703,rural,20,hombre,3,125,2.4
2024,70703,rural,20,mujer,0,63,0.0
2024,70703,rural,21,hombre,3,152,1.9736842105263157
2024,70703,rural,21,mujer,1,53,1.8867924528301887
2024,70703,rural,22,hombre,2,159,1.2578616352201257
2024,70703,rural,22,mujer,1,51,1.9607843137254901
2024,70703,rural,23,hombre,1,170,0.5882352941176471
2024,70703,rural,23,mujer,0,74,0.0
2024,70703,rural,24,hombre,1,157,0.6369426751592356
2024,70703,rural,24,mujer,1,71,1.408450704225352
2024,70703,rural,25,hombre,1,170,0.5882352941176471
2024,70703,rural,25,mujer,0,55,0.0
2024,70703,rural,26,hombre,2,183,1.092896174863388
2024,70703,rural,26,mujer,2,65,3.076923076923077
2024,70703,rural,27,hombre,2,169,1.183431952662722
2024,70703,rural,27,mujer,2,56,3.5714285714285716
2024,70703,rural,28,hombre,3,163,1.8404907975460123
2024,70703,rural,28,mujer,1,72,1.3888888888888888
2024,70703,urbana,16,hombre,0,32,0.0
2024,70703,urbana,16,mujer,0,11,0.0
2024,70703,urbana,17,hombre,0,28,0.0
2024,70703,urbana,17,mujer,0,16,0.0
2024,70703,urbana,18,hombre,4,46,8.695652173913043
2024,70703,urbana,18,mujer,0,20,0.0
2024,70703,urbana,19,hombre,0,36,0.0
2024,70703,urbana,19,mujer,0,25,0.0
2024,70703,urbana,20,hombre,0,39,0.0
2024,70703,urbana,20,mujer,0,30,0.0
2024,70703,urbana,21,hombre,1,51,1.9607843137254901
2024,70703,urbana,21,mujer,0,28,0.0
2024,70703,urbana,22,hombre,0,56,0.0
2024,70703,urbana,22,mujer,1,25,4.0
2024,70703,urbana,23,hombre,1,52,1.9230769230769231
2024,70703,urbana,23,mujer,3,37,8.108108108108109
2024,70703,urbana,24,hombre,2,61,3.278688524590164
2024,70703,urbana,24,mujer,0,34,0.0
2024,70703,urbana,25,hombre,1,63,1.5873015873015872
2024,70703,urbana,25,mujer,2,43,4.651162790697675
2024,70703,urbana,26,hombre,0,54,0.0
2024,70703,urbana,26,mujer,1,38,2.6315789473684212
2024,70703,urbana,27,hombre,0,72,0.0
2024,70703,urbana,27,mujer,0,29,0.0
2024,70703,urbana,28,hombre,2,50,4.0
2024,70703,urbana,28,mujer,3,38,7.894736842105263
2024,70704,rural,16,hombre,0,2,0.0
2024,70704,rural,17,hombre,0,2,0.0
2024,70704,rural,17,mujer,0,1,0.0
2024,70704,rural,18,hombre,0,5,0.0
2024,70704,rural,18,mujer,0,3,0.0
2024,70704,rural,19,hombre,0,5,0.0
2024,70704,rural,19,mujer,0,2,0.0
2024,70704,rural,20,hombre,0,9,0.0
2024,70704,rural,20,mujer,0,4,0.0
2024,70704,rural,21,hombre,0,8,0.0
2024,70704,rural,21,mujer,0,2,0.0
2024,70704,rural,22,hombre,0,13,0.0
2024,70704,rural,22,mujer,0,9,0.0
2024,70704,rural,23,hombre,0,18,0.0
2024,70704,rural,23,mujer,0,5,0.0
2024,70704,rural,24,hombre,0,14,0.0
2024,70704,rural,24,mujer,0,7,0.0
2024,70704,rural,25,hombre,0,11,0.0
2024,70704,rural,25,mujer,0,4,0.0
2024,70704,rural,26,hombre,0,14,0.0
2024,70704,rural,26,mujer,0,6,0.0
2024,70704,rural,27,hombre,0,23,0.0
2024,70704,rural,27,mujer,0,3,0.0
2024,70704,rural,28,hombre,0,12,0.0
2024,70704,rural,28,mujer,0,2,0.0
2024,70704,urbana,16,hombre,0,2,0.0
2024,70704,urbana,16,mujer,0,1,0.0
2024,70704,urbana,17,hombre,0,2,0.0
2024,70704,urbana,17,mujer,0,1,0.0
2024,70704,urbana,18,hombre,0,3,0.0
2024,70704,urbana,18,mujer,0,5,0.0
2024,70704,urbana,19,hombre,0,5,0.0
2024,70704,urbana,19,mujer,0,8,0.0
2024,70704,urbana,20,hombre,0,5,0.0
2024,70704,urbana,20,mujer,0,7,0.0
2024,70704,urbana,21,hombre,0,8,0.0
2024,70704,urbana,21,mujer,0,10,0.0
2024,70704,urbana,22,hombre,0,8,0.0
2024,70704,urbana,22,mujer,1,10,10.0
2024,70704,urbana,23,hombre,0,13,0.0
2024,70704,urbana,23,mujer,0,4,0.0
2024,70704,urbana,24,hombre,0,15,0.0
2024,70704,urbana,24,mujer,0,14,0.0
2024,70704,urbana,25,hombre,0,12,0.0
2024,70704,urbana,25,mujer,2,14,14.285714285714286
2024,70704,urbana,26,hombre,1,18,5.555555555555555
2024,70704,urbana,26,mujer,0,8,0.0
2024,70704,urbana,27,hombre,1,25,4.0
2024,70704,urbana,27,mujer,0,13,0.0
2024,70704,urbana,28,hombre,1,27,3.7037037037037037
2024,70704,urbana,28,mujer,2,14,14.285714285714286
2024,70705,rural,16,hombre,0,18,0.0
2024,70705,rural,16,mujer,0,5,0.0
2024,70705,rural,17,hombre,0,29,0.0
2024,70705,rural,17,mujer,0,16,0.0
2024,70705,rural,18,hombre,1,32,3.125
2024,70705,rural,18,mujer,0,20,0.0
2024,70705,rural,19,hombre,0,31,0.0
2024,70705,rural,19,mujer,0,26,0.0
2024,70705,rural,20,hombre,0,60,0.0
2024,70705,rural,20,mujer,1,23,4.3478260869565215
2024,70705,rural,21,hombre,0,49,0.0
2024,70705,rural,21,mujer,2,20,10.0
2024,70705,rural,22,hombre,0,62,0.0
2024,70705,rural,22,mujer,2,23,8.695652173913043
2024,70705,rural,23,hombre,1,76,1.3157894736842106
2024,70705,rural,23,mujer,0,22,0.0
2024,70705,rural,24,hombre,1,70,1.4285714285714286
2024,70705,rural,24,mujer,0,32,0.0
2024,70705,rural,25,hombre,2,76,2.6315789473684212
2024,70705,rural,25,mujer,0,30,0.0
2024,70705,rural,26,hombre,2,57,3.508771929824561
2024,70705,rural,26,mujer,1,23,4.3478260869565215
2024,70705,rural,27,hombre,1,69,1.4492753623188406
2024,70705,rural,27,mujer,1,16,6.25
2024,70705,rural,28,hombre,1,71,1.408450704225352
2024,70705,rural,28,mujer,0,36,0.0
2024,70706,rural,16,hombre,0,5,0.0
2024,70706,rural,16,mujer,0,4,0.0
2024,70706,rural,17,hombre,2,9,22.22222222222222
2024,70706,rural,17,mujer,2,14,14.285714285714286
2024,70706,rural,18,hombre,0,16,0.0
2024,70706,rural,18,mujer,0,12,0.0
2024,70706,rural,19,hombre,0,20,0.0
2024,70706,rural,19,mujer,1,7,14.285714285714286
2024,70706,rural,20,hombre,0,33,0.0
2024,70706,rural,20,mujer,0,12,0.0
2024,70706,rural,21,hombre,0,23,0.0
2024,70706,rural,21,mujer,1,26,3.8461538461538463
2024,70706,rural,22,hombre,1,25,4.0
2024,70706,rural,22,mujer,0,13,0.0
2024,70706,rural,23,hombre,3,26,11.538461538461538
2024,70706,rural,23,mujer,0,19,0.0
2024,70706,rural,24,hombre,0,32,0.0
2024,70706,rural,24,mujer,0,19,0.0
2024,70706,rural,25,hombre,0,33,0.0
2024,70706,rural,25,mujer,1,22,4.545454545454546
2024,70706,rural,26,hombre,2,34,5.882352941176471
2024,70706,rural,26,mujer,0,16,0.0
2024,70706,rural,27,hombre,1,32,3.125
2024,70706,rural,27,mujer,0,14,0.0
2024,70706,rural,28,hombre,0,34,0.0
2024,70706,rural,28,mujer,0,17,0.0
2024,70706,urbana,16,hombre,0,30,0.0
2024,70706,urbana,16,mujer,0,27,0.0
2024,70706,urbana,17,hombre,1,42,2.380952380952381
2024,70706,urbana,17,mujer,1,37,2.7027027027027026
2024,70706,urbana,18,hombre,0,61,0.0
2024,70706,urbana,18,mujer,0,48,0.0
2024,70706,urbana,19,hombre,4,94,4.25531914893617
2024,70706,urbana,19,mujer,0,59,0.0
2024,70706,urbana,20,hombre,0,76,0.0
2024,70706,urbana,20,mujer,0,63,0.0
2024,70706,urbana,21,hombre,2,95,2.1052631578947367
2024,70706,urbana,21,mujer,0,83,0.0
2024,70706,urbana,22,hombre,1,90,1.1111111111111112
2024,70706,urbana,22,mujer,2,83,2.4096385542168677
2024,70706,urbana,23,hombre,3,126,2.380952380952381
2024,70706,urbana,23,mujer,2,83,2.4096385542168677
2024,70706,urbana,24,hombre,4,131,3.053435114503817
2024,70706,urbana,24,mujer,2,107,1.8691588785046729
2024,70706,urbana,25,hombre,4,124,3.225806451612903
2024,70706,urbana,25,mujer,1,101,0.9900990099009901
2024,70706,urbana,26,hombre,2,132,1.5151515151515151
2024,70706,urbana,26,mujer,2,112,1.7857142857142858
2024,70706,urbana,27,hombre,3,127,2.3622047244094486
2024,70706,urbana,27,mujer,5,102,4.901960784313726
2024,70706,urbana,28,hombre,4,161,2.484472049689441
2024,70706,urbana,28,mujer,5,124,4.032258064516129
2024,70707,rural,16,hombre,0,4,0.0
2024,70707,rural,17,hombre,0,4,0.0
2024,70707,rural,17,mujer,0,1,0.0
2024,70707,rural,18,hombre,0,7,0.0
2024,70707,rural,18,mujer,0,2,0.0
2024,70707,rural,19,hombre,0,4,0.0
2024,70707,rural,19,mujer,0,3,0.0
2024,70707,rural,20,hombre,0,1,0.0
2024,70707,rural,20,mujer,0,7,0.0
2024,70707,rural,21,hombre,0,6,0.0
2024,70707,rural,21,mujer,0,2,0.0
2024,70707,rural,22,hombre,0,5,0.0
2024,70707,rural,22,mujer,0,8,0.0
2024,70707,rural,23,hombre,0,7,0.0
2024,70707,rural,23,mujer,0,1,0.0
2024,70707,rural,24,hombre,0,10,0.0
2024,70707,rural,24,mujer,0,4,0.0
2024,70707,rural,25,hombre,0,11,0.0
2024,70707,rural,25,mujer,0,6,0.0
2024,70707,rural,26,hombre,0,11,0.0
2024,70707,rural,26,mujer,0,7,0.0
2024,70707,rural,27,hombre,0,15,0.0
2024,70707,rural,27,mujer,0,5,0.0
2024,70707,rural,28,hombre,0,10,0.0
2024,70707,rural,28,mujer,0,2,0.0
2024,70707,urbana,16,hombre,0,7,0.0
2024,70707,urbana,16,mujer,0,3,0.0
2024,70707,urbana,17,hombre,0,3,0.0
2024,70707,urbana,17,mujer,0,3,0.0
2024,70707,urbana,18,hombre,0,11,0.0
2024,70707,urbana,18,mujer,0,9,0.0
2024,70707,urbana,19,hombre,1,16,6.25
2024,70707,urbana,19,mujer,0,5,0.0
2024,70707,urbana,20,hombre,0,12,0.0
2024,70707,urbana,20,mujer,1,12,8.333333333333334
2024,70707,urbana,21,hombre,0,10,0.0
2024,70707,urbana,21,mujer,0,11,0.0
2024,70707,urbana,22,hombre,1,22,4.545454545454546
2024,70707,urbana,22,mujer,1,5,20.0
2024,70707,urbana,23,hombre,0,18,0.0
2024,70707,urbana,23,mujer,0,14,0.0
2024,70707,urbana,24,hombre,0,20,0.0
2024,70707,urbana,24,mujer,1,14,7.142857142857143
2024,70707,urbana,25,hombre,0,12,0.0
2024,70707,urbana,25,mujer,0,14,0.0
2024,70707,urbana,26,hombre,0,22,0.0
2024,70707,urbana,26,mujer,0,12,0.0
2024,70707,urbana,27,hombre,0,20,0.0
2024,70707,urbana,27,mujer,0,12,0.0
2024,70707,urbana,28,hombre,0,23,0.0
2024,70707,urbana,28,mujer,0,12,0.0
2024,70801,rural,16,hombre,0,12,0.0
2024,70801,rural,16,mujer,0,6,0.0
2024,70801,rural,17,hombre,0,15,0.0
2024,70801,rural,17,mujer,0,8,0.0
2024,70801,rural,18,hombre,0,14,0.0
2024,70801,rural,18,mujer,0,6,0.0
2024,70801,rural,19,hombre,0,14,0.0
2024,70801,rural,19,mujer,0,6,0.0
2024,70801,rural,20,hombre,0,18,0.0
2024,70801,rural,20,mujer,0,7,0.0
2024,70801,rural,21,hombre,0,31,0.0
2024,70801,rural,21,mujer,1,16,6.25
2024,70801,rural,22,hombre,0,28,0.0
2024,70801,rural,22,mujer,0,12,0.0
2024,70801,rural,23,hombre,0,31,0.0
2024,70801,rural,23,mujer,0,11,0.0
2024,70801,rural,24,hombre,0,22,0.0
2024,70801,rural,24,mujer,0,18,0.0
2024,70801,rural,25,hombre,0,27,0.0
2024,70801,rural,25,mujer,0,16,0.0
2024,70801,rural,26,hombre,1,40,2.5
2024,70801,rural,26,mujer,0,11,0.0
2024,70801,rural,27,hombre,0,27,0.0
2024,70801,rural,27,mujer,1,33,3.0303030303030303
2024,70801,rural,28,hombre,0,43,0.0
2024,70801,rural,28,mujer,0,12,0.0
2024,70801,urbana,16,hombre,0,27,0.0
2024,70801,urbana,16,mujer,0,16,0.0
2024,70801,urbana,17,hombre,0,30,0.0
2024,70801,urbana,17,mujer,3,19,15.789473684210526
2024,70801,urbana,18,hombre,1,45,2.2222222222222223
2024,70801,urbana,18,mujer,2,33,6.0606060606060606
2024,70801,urbana,19,hombre,0,37,0.0
2024,70801,urbana,19,mujer,2,23,8.695652173913043
2024,70801,urbana,20,hombre,2,48,4.166666666666667
2024,70801,urbana,20,mujer,0,44,0.0
2024,70801,urbana,21,hombre,1,52,1.9230769230769231
2024,70801,urbana,21,mujer,3,48,6.25
2024,70801,urbana,22,hombre,0,44,0.0
2024,70801,urbana,22,mujer,0,42,0.0
2024,70801,urbana,23,hombre,1,65,1.5384615384615385
2024,70801,urbana,23,mujer,0,49,0.0
2024,70801,urbana,24,hombre,1,63,1.5873015873015872
2024,70801,urbana,24,mujer,0,48,0.0
2024,70801,urbana,25,hombre,3,75,4.0
2024,70801,urbana,25,mujer,2,49,4.081632653061225
2024,70801,urbana,26,hombre,0,64,0.0
2024,70801,urbana,26,mujer,2,59,3.389830508474576
2024,70801,urbana,27,hombre,0,75,0.0
2024,70801,urbana,27,mujer,0,55,0.0
2024,70801,urbana,28,hombre,1,54,1.8518518518518519
2024,70801,urbana,28,mujer,2,40,5.0
2024,70802,rural,16,hombre,0,5,0.0
2024,70802,rural,16,mujer,0,2,0.0
2024,70802,rural,17,hombre,0,3,0.0
2024,70802,rural,17,mujer,0,2,0.0
2024,70802,rural,18,hombre,0,6,0.0
2024,70802,rural,18,mujer,0,5,0.0
2024,70802,rural,19,hombre,0,15,0.0
2024,70802,rural,19,mujer,0,5,0.0
2024,70802,rural,20,hombre,0,8,0.0
2024,70802,rural,20,mujer,0,5,0.0
2024,70802,rural,21,hombre,0,5,0.0
2024,70802,rural,21,mujer,0,2,0.0
2024,70802,rural,22,hombre,0,10,0.0
2024,70802,rural,22,mujer,0,8,0.0
2024,70802,rural,23,hombre,0,12,0.0
2024,70802,rural,23,mujer,0,6,0.0
2024,70802,rural,24,hombre,0,10,0.0
2024,70802,rural,24,mujer,0,5,0.0
2024,70802,rural,25,hombre,0,8,0.0
2024,70802,rural,25,mujer,0,12,0.0
2024,70802,rural,26,hombre,0,14,0.0
2024,70802,rural,26,mujer,1,13,7.6923076923076925
2024,70802,rural,27,hombre,1,19,5.2631578947368425
2024,70802,rural,27,mujer,0,8,0.0
2024,70802,rural,28,hombre,0,11,0.0
2024,70802,rural,28,mujer,0,9,0.0
2024,70803,rural,16,hombre,0,11,0.0
2024,70803,rural,16,mujer,0,6,0.0
2024,70803,rural,17,hombre,0,14,0.0
2024,70803,rural,17,mujer,0,5,0.0
2024,70803,rural,18,hombre,0,7,0.0
2024,70803,rural,18,mujer,0,3,0.0
2024,70803,rural,19,hombre,0,11,0.0
2024,70803,rural,19,mujer,0,3,0.0
2024,70803,rural,20,hombre,0,15,0.0
2024,70803,rural,20,mujer,1,10,10.0
2024,70803,rural,21,hombre,0,11,0.0
2024,70803,rural,21,mujer,0,7,0.0
2024,70803,rural,22,hombre,0,17,0.0
2024,70803,rural,22,mujer,0,9,0.0
2024,70803,rural,23,hombre,1,19,5.2631578947368425
2024,70803,rural,23,mujer,1,21,4.761904761904762
2024,70803,rural,24,hombre,0,18,0.0
2024,70803,rural,24,mujer,0,9,0.0
2024,70803,rural,25,hombre,0,18,0.0
2024,70803,rural,25,mujer,0,11,0.0
2024,70803,rural,26,hombre,0,19,0.0
2024,70803,rural,26,mujer,0,11,0.0
2024,70803,rural,27,hombre,0,21,0.0
2024,70803,rural,27,mujer,0,15,0.0
2024,70803,rural,28,hombre,0,14,0.0
2024,70803,rural,28,mujer,0,8,0.0
2024,70804,rural,16,hombre,0,3,0.0
2024,70804,rural,16,mujer,0,3,0.0
2024,70804,rural,17,hombre,0,4,0.0
2024,70804,rural,17,mujer,0,1,0.0
2024,70804,rural,18,hombre,0,5,0.0
2024,70804,rural,18,mujer,0,2,0.0
2024,70804,rural,19,hombre,0,3,0.0
2024,70804,rural,19,mujer,0,3,0.0
2024,70804,rural,20,hombre,0,5,0.0
2024,70804,rural,20,mujer,0,1,0.0
2024,70804,rural,21,hombre,0,3,0.0
2024,70804,rural,21,mujer,0,2,0.0
2024,70804,rural,22,hombre,0,8,0.0
2024,70804,rural,22,mujer,0,3,0.0
2024,70804,rural,23,hombre,0,5,0.0
2024,70804,rural,23,mujer,0,11,0.0
2024,70804,rural,24,hombre,0,8,0.0
2024,70804,rural,24,mujer,0,7,0.0
2024,70804,rural,25,hombre,0,14,0.0
2024,70804,rural,25,mujer,0,6,0.0
2024,70804,rural,26,hombre,1,8,12.5
2024,70804,rural,26,mujer,0,3,0.0
2024,70804,rural,27,hombre,0,12,0.0
2024,70804,rural,27,mujer,0,3,0.0
2024,70804,rural,28,hombre,0,11,0.0
2024,70804,rural,28,mujer,0,4,0.0
2024,70805,rural,16,hombre,0,1,0.0
2024,70805,rural,17,hombre,0,5,0.0
2024,70805,rural,17,mujer,0,3,0.0
2024,70805,rural,18,hombre,0,5,0.0
2024,70805,rural,19,hombre,0,7,0.0
2024,70805,rural,19,mujer,0,4,0.0
2024,70805,rural,20,hombre,0,8,0.0
2024,70805,rural,20,mujer,0,3,0.0
2024,70805,rural,21,hombre,0,6,0.0
2024,70805,rural,21,mujer,0,3,0.0
2024,70805,rural,22,hombre,0,9,0.0
2024,70805,rural,22,mujer,0,1,0.0
2024,70805,rural,23,hombre,0,8,0.0
2024,70805,rural,23,mujer,0,5,0.0
2024,70805,rural,24,hombre,0,15,0.0
2024,70805,rural,24,mujer,0,5,0.0
2024,70805,rural,25,hombre,2,14,14.285714285714286
2024,70805,rural,25,mujer,0,5,0.0
2024,70805,rural,26,hombre,0,6,0.0
2024,70805,rural,26,mujer,0,3,0.0
2024,70805,rural,27,hombre,0,10,0.0
2024,70805,rural,27,mujer,0,5,0.0
2024,70805,rural,28,hombre,0,11,0.0
2024,70805,rural,28,mujer,0,5,0.0
2024,70901,rural,16,hombre,1,32,3.125
2024,70901,rural,16,mujer,0,6,0.0
2024,70901,rural,17,hombre,0,36,0.0
2024,70901,rural,17,mujer,0,17,0.0
2024,70901,rural,18,hombre,0,27,0.0
2024,70901,rural,18,mujer,0,10,0.0
2024,70901,rural,19,hombre,0,28,0.0
2024,70901,rural,19,mujer,0,8,0.0
2024,70901,rural,20,hombre,0,27,0.0
2024,70901,rural,20,mujer,0,22,0.0
2024,70901,rural,21,hombre,0,36,0.0
2024,70901,rural,21,mujer,1,18,5.555555555555555
2024,70901,rural,22,hombre,0,36,0.0
2024,70901,rural,22,mujer,0,18,0.0
2024,70901,rural,23,hombre,3,36,8.333333333333334
2024,70901,rural,23,mujer,1,25,4.0
2024,70901,rural,24,hombre,0,35,0.0
2024,70901,rural,24,mujer,0,25,0.0
2024,70901,rural,25,hombre,1,30,3.3333333333333335
2024,70901,rural,25,mujer,0,22,0.0
2024,70901,rural,26,hombre,0,50,0.0
2024,70901,rural,26,mujer,1,21,4.761904761904762
2024,70901,rural,27,hombre,1,40,2.5
2024,70901,rural,27,mujer,0,27,0.0
2024,70901,rural,28,hombre,1,39,2.5641025641025643
2024,70901,rural,28,mujer,0,27,0.0
2024,70901,urbana,16,hombre,0,19,0.0
2024,70901,urbana,16,mujer,0,10,0.0
2024,70901,urbana,17,hombre,0,25,0.0
2024,70901,urbana,17,mujer,0,8,0.0
2024,70901,urbana,18,hombre,0,21,0.0
2024,70901,urbana,18,mujer,0,12,0.0
2024,70901,urbana,19,hombre,3,24,12.5
2024,70901,urbana,19,mujer,1,16,6.25
2024,70901,urbana,20,hombre,1,28,3.5714285714285716
2024,70901,urbana,20,mujer,1,15,6.666666666666667
2024,70901,urbana,21,hombre,0,30,0.0
2024,70901,urbana,21,mujer,1,18,5.555555555555555
2024,70901,urbana,22,hombre,0,20,0.0
2024,70901,urbana,22,mujer,0,20,0.0
2024,70901,urbana,23,hombre,1,24,4.166666666666667
2024,70901,urbana,23,mujer,2,27,7.407407407407407
2024,70901,urbana,24,hombre,1,23,4.3478260869565215
2024,70901,urbana,24,mujer,0,29,0.0
2024,70901,urbana,25,hombre,1,28,3.5714285714285716
2024,70901,urbana,25,mujer,1,38,2.6315789473684212
2024,70901,urbana,26,hombre,0,32,0.0
2024,70901,urbana,26,mujer,0,31,0.0
2024,70901,urbana,27,hombre,1,36,2.7777777777777777
2024,70901,urbana,27,mujer,0,28,0.0
2024,70901,urbana,28,hombre,0,33,0.0
2024,70901,urbana,28,mujer,2,39,5.128205128205129
2024,70902,rural,16,hombre,0,23,0.0
2024,70902,rural,16,mujer,0,16,0.0
2024,70902,rural,17,hombre,1,26,3.8461538461538463
2024,70902,rural,17,mujer,0,12,0.0
2024,70902,rural,18,hombre,0,30,0.0
2024,70902,rural,18,mujer,2,14,14.285714285714286
2024,70902,rural,19,hombre,3,18,16.666666666666668
2024,70902,rural,19,mujer,0,7,0.0
2024,70902,rural,20,hombre,0,31,0.0
2024,70902,rural,20,mujer,0,18,0.0
2024,70902,rural,21,hombre,2,31,6.451612903225806
2024,70902,rural,21,mujer,0,20,0.0
2024,70902,rural,22,hombre,0,32,0.0
2024,70902,rural,22,mujer,1,17,5.882352941176471
2024,70902,rural,23,hombre,0,43,0.0
2024,70902,rural,23,mujer,0,19,0.0
2024,70902,rural,24,hombre,0,44,0.0
2024,70902,rural,24,mujer,1,26,3.8461538461538463
2024,70902,rural,25,hombre,1,40,2.5
2024,70902,rural,25,mujer,1,22,4.545454545454546
2024,70902,rural,26,hombre,1,36,2.7777777777777777
2024,70902,rural,26,mujer,1,33,3.0303030303030303
2024,70902,rural,27,hombre,0,40,0.0
2024,70902,rural,27,mujer,0,25,0.0
2024,70902,rural,28,hombre,1,34,2.9411764705882355
2024,70902,rural,28,mujer,0,27,0.0
2024,70902,urbana,16,hombre,1,26,3.8461538461538463
2024,70902,urbana,16,mujer,0,12,0.0
2024,70902,urbana,17,hombre,1,24,4.166666666666667
2024,70902,urbana,17,mujer,0,10,0.0
2024,70902,urbana,18,hombre,0,17,0.0
2024,70902,urbana,18,mujer,1,9,11.11111111111111
2024,70902,urbana,19,hombre,0,16,0.0
2024,70902,urbana,19,mujer,0,12,0.0
2024,70902,urbana,20,hombre,0,19,0.0
2024,70902,urbana,20,mujer,0,12,0.0
2024,70902,urbana,21,hombre,0,15,0.0
2024,70902,urbana,21,mujer,0,25,0.0
2024,70902,urbana,22,hombre,0,27,0.0
2024,70902,urbana,22,mujer,1,20,5.0
2024,70902,urbana,23,hombre,0,22,0.0
2024,70902,urbana,23,mujer,1,12,8.333333333333334
2024,70902,urbana,24,hombre,0,25,0.0
2024,70902,urbana,24,mujer,0,26,0.0
2024,70902,urbana,25,hombre,0,30,0.0
2024,70902,urbana,25,mujer,1,15,6.666666666666667
2024,70902,urbana,26,hombre,0,27,0.0
2024,70902,urbana,26,mujer,0,12,0.0
2024,70902,urbana,27,hombre,0,29,0.0
2024,70902,urbana,27,mujer,1,20,5.0
2024,70902,urbana,28,hombre,0,22,0.0
2024,70902,urbana,28,mujer,0,18,0.0
2024,70903,rural,16,hombre,0,21,0.0
2024,70903,rural,16,mujer,0,4,0.0
2024,70903,rural,17,hombre,0,45,0.0
2024,70903,rural,17,mujer,0,11,0.0
2024,70903,rural,18,hombre,0,22,0.0
2024,70903,rural,18,mujer,0,13,0.0
2024,70903,rural,19,hombre,1,22,4.545454545454546
2024,70903,rural,19,mujer,0,15,0.0
2024,70903,rural,20,hombre,1,33,3.0303030303030303
2024,70903,rural,20,mujer,0,12,0.0
2024,70903,rural,21,hombre,0,30,0.0
2024,70903,rural,21,mujer,0,16,0.0
2024,70903,rural,22,hombre,1,33,3.0303030303030303
2024,70903,rural,22,mujer,0,13,0.0
2024,70903,rural,23,hombre,0,24,0.0
2024,70903,rural,23,mujer,0,15,0.0
2024,70903,rural,24,hombre,2,33,6.0606060606060606
2024,70903,rural,24,mujer,0,19,0.0
2024,70903,rural,25,hombre,0,37,0.0
2024,70903,rural,25,mujer,3,26,11.538461538461538
2024,70903,rural,26,hombre,3,55,5.454545454545454
2024,70903,rural,26,mujer,0,21,0.0
2024,70903,rural,27,hombre,1,34,2.9411764705882355
2024,70903,rural,27,mujer,1,21,4.761904761904762
2024,70903,rural,28,hombre,1,43,2.3255813953488373
2024,70903,rural,28,mujer,2,24,8.333333333333334
2024,70903,urbana,16,hombre,0,40,0.0
2024,70903,urbana,16,mujer,0,13,0.0
2024,70903,urbana,17,hombre,1,49,2.0408163265306123
2024,70903,urbana,17,mujer,1,24,4.166666666666667
2024,70903,urbana,18,hombre,0,34,0.0
2024,70903,urbana,18,mujer,0,30,0.0
2024,70903,urbana,19,hombre,1,32,3.125
2024,70903,urbana,19,mujer,0,26,0.0
2024,70903,urbana,20,hombre,1,44,2.272727272727273
2024,70903,urbana,20,mujer,0,32,0.0
2024,70903,urbana,21,hombre,1,51,1.9607843137254901
2024,70903,urbana,21,mujer,0,36,0.0
2024,70903,urbana,22,hombre,1,45,2.2222222222222223
2024,70903,urbana,22,mujer,1,33,3.0303030303030303
2024,70903,urbana,23,hombre,0,61,0.0
2024,70903,urbana,23,mujer,3,34,8.823529411764707
2024,70903,urbana,24,hombre,1,59,1.694915254237288
2024,70903,urbana,24,mujer,2,43,4.651162790697675
2024,70903,urbana,25,hombre,1,57,1.7543859649122806
2024,70903,urbana,25,mujer,1,36,2.7777777777777777
2024,70903,urbana,26,hombre,3,57,5.2631578947368425
2024,70903,urbana,26,mujer,2,39,5.128205128205129
2024,70903,urbana,27,hombre,5,58,8.620689655172415
2024,70903,urbana,27,mujer,1,61,1.639344262295082
2024,70903,urbana,28,hombre,2,54,3.7037037037037037
2024,70903,urbana,28,mujer,0,36,0.0
2024,70904,rural,16,hombre,0,5,0.0
2024,70904,rural,16,mujer,0,2,0.0
2024,70904,rural,17,hombre,0,4,0.0
2024,70904,rural,17,mujer,0,1,0.0
2024,70904,rural,18,hombre,0,9,0.0
2024,70904,rural,19,hombre,0,14,0.0
2024,70904,rural,19,mujer,0,4,0.0
2024,70904,rural,20,hombre,0,15,0.0
2024,70904,rural,20,mujer,0,5,0.0
2024,70904,rural,21,hombre,0,12,0.0
2024,70904,rural,21,mujer,0,6,0.0
2024,70904,rural,22,hombre,0,12,0.0
2024,70904,rural,22,mujer,0,6,0.0
2024,70904,rural,23,hombre,1,20,5.0
2024,70904,rural,23,mujer,0,7,0.0
2024,70904,rural,24,hombre,0,23,0.0
2024,70904,rural,24,mujer,0,18,0.0
2024,70904,rural,25,hombre,0,17,0.0
2024,70904,rural,25,mujer,0,17,0.0
2024,70904,rural,26,hombre,0,20,0.0
2024,70904,rural,26,mujer,0,15,0.0
2024,70904,rural,27,hombre,0,23,0.0
2024,70904,rural,27,mujer,0,19,0.0
2024,70904,rural,28,hombre,0,22,0.0
2024,70904,rural,28,mujer,1,24,4.166666666666667
2024,71001,rural,16,mujer,0,1,0.0
2024,71001,rural,17,hombre,1,6,16.666666666666668
2024,71001,rural,17,mujer,0,1,0.0
2024,71001,rural,18,hombre,0,4,0.0
2024,71001,rural,18,mujer,0,2,0.0
2024,71001,rural,19,hombre,0,7,0.0
2024,71001,rural,19,mujer,0,1,0.0
2024,71001,rural,20,hombre,0,1,0.0
2024,71001,rural,20,mujer,0,1,0.0
2024,71001,rural,21,hombre,0,5,0.0
2024,71001,rural,21,mujer,0,2,0.0
2024,71001,rural,22,hombre,0,4,0.0
2024,71001,rural,22,mujer,0,6,0.0
2024,71001,rural,23,hombre,0,5,0.0
2024,71001,rural,24,hombre,0,3,0.0
2024,71001,rural,24,mujer,0,3,0.0
2024,71001,rural,25,hombre,0,3,0.0
2024,71001,rural,25,mujer,0,3,0.0
2024,71001,rural,26,hombre,0,9,0.0
2024,71001,rural,27,hombre,0,7,0.0
2024,71001,rural,27,mujer,0,2,0.0
2024,71001,rural,28,hombre,0,2,0.0
2024,71001,rural,28,mujer,0,5,0.0
2024,71001,urbana,16,hombre,6,256,2.34375
2024,71001,urbana,16,mujer,4,182,2.197802197802198
2024,71001,urbana,17,hombre,3,321,0.9345794392523364
2024,71001,urbana,17,mujer,6,239,2.510460251046025
2024,71001,urbana,18,hombre,6,446,1.345291479820628
2024,71001,urbana,18,mujer,6,312,1.9230769230769231
2024,71001,urbana,19,hombre,7,512,1.3671875
2024,71001,urbana,19,mujer,3,363,0.8264462809917356
2024,71001,urbana,20,hombre,7,563,1.2433392539964476
2024,71001,urbana,20,mujer,5,437,1.1441647597254005
2024,71001,urbana,21,hombre,19,606,3.1353135313531353
2024,71001,urbana,21,mujer,11,496,2.217741935483871
2024,71001,urbana,22,hombre,11,660,1.6666666666666667
2024,71001,urbana,22,mujer,8,522,1.5325670498084292
2024,71001,urbana,23,hombre,12,741,1.6194331983805668
2024,71001,urbana,23,mujer,8,529,1.5122873345935728
2024,71001,urbana,24,hombre,20,819,2.442002442002442
2024,71001,urbana,24,mujer,12,587,2.0442930153321974
2024,71001,urbana,25,hombre,24,792,3.0303030303030303
2024,71001,urbana,25,mujer,18,656,2.7439024390243905
2024,71001,urbana,26,hombre,17,792,2.1464646464646466
2024,71001,urbana,26,mujer,21,652,3.2208588957055215
2024,71001,urbana,27,hombre,17,863,1.969872537659328
2024,71001,urbana,27,mujer,16,669,2.391629297458894
2024,71001,urbana,28,hombre,20,847,2.3612750885478158
2024,71001,urbana,28,mujer,18,652,2.7607361963190185
2024,71002,rural,16,hombre,0,23,0.0
2024,71002,rural,16,mujer,0,10,0.0
2024,71002,rural,17,hombre,0,24,0.0
2024,71002,rural,17,mujer,0,13,0.0
2024,71002,rural,18,hombre,0,33,0.0
2024,71002,rural,18,mujer,1,13,7.6923076923076925
2024,71002,rural,19,hombre,0,44,0.0
2024,71002,rural,19,mujer,0,11,0.0
2024,71002,rural,20,hombre,0,44,0.0
2024,71002,rural,20,mujer,0,19,0.0
2024,71002,rural,21,hombre,0,55,0.0
2024,71002,rural,21,mujer,0,21,0.0
2024,71002,rural,22,hombre,0,52,0.0
2024,71002,rural,22,mujer,1,20,5.0
2024,71002,rural,23,hombre,0,58,0.0
2024,71002,rural,23,mujer,0,25,0.0
2024,71002,rural,24,hombre,2,73,2.73972602739726
2024,71002,rural,24,mujer,0,32,0.0
2024,71002,rural,25,hombre,0,51,0.0
2024,71002,rural,25,mujer,2,29,6.896551724137931
2024,71002,rural,26,hombre,0,58,0.0
2024,71002,rural,26,mujer,1,27,3.7037037037037037
2024,71002,rural,27,hombre,1,58,1.7241379310344827
2024,71002,rural,27,mujer,0,19,0.0
2024,71002,rural,28,hombre,0,43,0.0
2024,71002,rural,28,mujer,0,31,0.0
2024,71002,urbana,16,hombre,0,13,0.0
2024,71002,urbana,16,mujer,1,13,7.6923076923076925
2024,71002,urbana,17,hombre,0,15,0.0
2024,71002,urbana,17,mujer,0,3,0.0
2024,71002,urbana,18,hombre,0,8,0.0
2024,71002,urbana,18,mujer,0,14,0.0
2024,71002,urbana,19,hombre,1,19,5.2631578947368425
2024,71002,urbana,19,mujer,1,19,5.2631578947368425
2024,71002,urbana,20,hombre,2,35,5.714285714285714
2024,71002,urbana,20,mujer,2,22,9.090909090909092
2024,71002,urbana,21,hombre,0,26,0.0
2024,71002,urbana,21,mujer,0,27,0.0
2024,71002,urbana,22,hombre,4,47,8.51063829787234
2024,71002,urbana,22,mujer,1,25,4.0
2024,71002,urbana,23,hombre,1,52,1.9230769230769231
2024,71002,urbana,23,mujer,0,25,0.0
2024,71002,urbana,24,hombre,1,62,1.6129032258064515
2024,71002,urbana,24,mujer,0,20,0.0
2024,71002,urbana,25,hombre,1,49,2.0408163265306123
2024,71002,urbana,25,mujer,0,26,0.0
2024,71002,urbana,26,hombre,1,54,1.8518518518518519
2024,71002,urbana,26,mujer,0,32,0.0
2024,71002,urbana,27,hombre,0,54,0.0
2024,71002,urbana,27,mujer,0,28,0.0
2024,71002,urbana,28,hombre,4,51,7.8431372549019605
2024,71002,urbana,28,mujer,0,35,0.0
2024,71003,rural,16,hombre,0,10,0.0
2024,71003,rural,16,mujer,0,6,0.0
2024,71003,rural,17,hombre,0,17,0.0
2024,71003,rural,17,mujer,0,8,0.0
2024,71003,rural,18,hombre,0,16,0.0
2024,71003,rural,18,mujer,0,7,0.0
2024,71003,rural,19,hombre,0,28,0.0
2024,71003,rural,19,mujer,0,11,0.0
2024,71003,rural,20,hombre,0,23,0.0
2024,71003,rural,20,mujer,0,14,0.0
2024,71003,rural,21,hombre,0,25,0.0
2024,71003,rural,21,mujer,0,15,0.0
2024,71003,rural,22,hombre,0,28,0.0
2024,71003,rural,22,mujer,1,16,6.25
2024,71003,rural,23,hombre,0,17,0.0
2024,71003,rural,23,mujer,0,8,0.0
2024,71003,rural,24,hombre,0,29,0.0
2024,71003,rural,24,mujer,0,11,0.0
2024,71003,rural,25,hombre,0,25,0.0
2024,71003,rural,25,mujer,0,13,0.0
2024,71003,rural,26,hombre,0,28,0.0
2024,71003,rural,26,mujer,0,10,0.0
2024,71003,rural,27,hombre,1,31,3.225806451612903
2024,71003,rural,27,mujer,0,8,0.0
2024,71003,rural,28,hombre,0,30,0.0
2024,71003,rural,28,mujer,0,11,0.0
2024,71003,urbana,16,hombre,0,32,0.0
2024,71003,urbana,16,mujer,0,18,0.0
2024,71003,urbana,17,hombre,1,46,2.1739130434782608
2024,71003,urbana,17,mujer,2,34,5.882352941176471
2024,71003,urbana,18,hombre,0,56,0.0
2024,71003,urbana,18,mujer,0,32,0.0
2024,71003,urbana,19,hombre,0,71,0.0
2024,71003,urbana,19,mujer,0,46,0.0
2024,71003,urbana,20,hombre,2,88,2.272727272727273
2024,71003,urbana,20,mujer,2,61,3.278688524590164
2024,71003,urbana,21,hombre,1,82,1.2195121951219512
2024,71003,urbana,21,mujer,3,62,4.838709677419355
2024,71003,urbana,22,hombre,1,96,1.0416666666666667
2024,71003,urbana,22,mujer,0,52,0.0
2024,71003,urbana,23,hombre,2,102,1.9607843137254901
2024,71003,urbana,23,mujer,2,55,3.6363636363636362
2024,71003,urbana,24,hombre,3,109,2.7522935779816513
2024,71003,urbana,24,mujer,3,74,4.054054054054054
2024,71003,urbana,25,hombre,1,105,0.9523809523809523
2024,71003,urbana,25,mujer,1,73,1.36986301369863
2024,71003,urbana,26,hombre,2,116,1.7241379310344827
2024,71003,urbana,26,mujer,9,69,13.043478260869565
2024,71003,urbana,27,hombre,2,112,1.7857142857142858
2024,71003,urbana,27,mujer,4,83,4.819277108433735
2024,71003,urbana,28,hombre,4,103,3.883495145631068
2024,71003,urbana,28,mujer,1,91,1.098901098901099
2024,71004,rural,16,hombre,2,13,15.384615384615385
2024,71004,rural,16,mujer,0,3,0.0
2024,71004,rural,17,hombre,0,18,0.0
2024,71004,rural,17,mujer,0,2,0.0
2024,71004,rural,18,hombre,0,15,0.0
2024,71004,rural,18,mujer,0,2,0.0
2024,71004,rural,19,hombre,0,27,0.0
2024,71004,rural,19,mujer,0,12,0.0
2024,71004,rural,20,hombre,1,23,4.3478260869565215
2024,71004,rural,20,mujer,0,5,0.0
2024,71004,rural,21,hombre,0,34,0.0
2024,71004,rural,21,mujer,0,7,0.0
2024,71004,rural,22,hombre,0,48,0.0
2024,71004,rural,22,mujer,0,13,0.0
2024,71004,rural,23,hombre,0,56,0.0
2024,71004,rural,23,mujer,0,9,0.0
2024,71004,rural,24,hombre,0,67,0.0
2024,71004,rural,24,mujer,0,12,0.0
2024,71004,rural,25,hombre,3,71,4.225352112676056
2024,71004,rural,25,mujer,0,12,0.0
2024,71004,rural,26,hombre,0,58,0.0
2024,71004,rural,26,mujer,1,15,6.666666666666667
2024,71004,rural,27,hombre,1,56,1.7857142857142858
2024,71004,rural,27,mujer,0,13,0.0
2024,71004,rural,28,hombre,0,94,0.0
2024,71004,rural,28,mujer,0,11,0.0
2024,71004,urbana,16,hombre,0,27,0.0
2024,71004,urbana,16,mujer,0,9,0.0
2024,71004,urbana,17,hombre,1,50,2.0
2024,71004,urbana,17,mujer,0,17,0.0
2024,71004,urbana,18,hombre,1,60,1.6666666666666667
2024,71004,urbana,18,mujer,0,17,0.0
2024,71004,urbana,19,hombre,0,40,0.0
2024,71004,urbana,19,mujer,0,29,0.0
2024,71004,urbana,20,hombre,2,60,3.3333333333333335
2024,71004,urbana,20,mujer,0,23,0.0
2024,71004,urbana,21,hombre,0,46,0.0
2024,71004,urbana,21,mujer,0,34,0.0
2024,71004,urbana,22,hombre,2,68,2.9411764705882355
2024,71004,urbana,22,mujer,0,37,0.0
2024,71004,urbana,23,hombre,1,62,1.6129032258064515
2024,71004,urbana,23,mujer,0,27,0.0
2024,71004,urbana,24,hombre,0,79,0.0
2024,71004,urbana,24,mujer,0,43,0.0
2024,71004,urbana,25,hombre,1,82,1.2195121951219512
2024,71004,urbana,25,mujer,1,42,2.380952380952381
2024,71004,urbana,26,hombre,2,62,3.225806451612903
2024,71004,urbana,26,mujer,1,61,1.639344262295082
2024,71004,urbana,27,hombre,2,71,2.816901408450704
2024,71004,urbana,27,mujer,1,38,2.6315789473684212
2024,71004,urbana,28,hombre,0,71,0.0
2024,71004,urbana,28,mujer,1,57,1.7543859649122806
2024,71005,rural,16,hombre,1,25,4.0
2024,71005,rural,16,mujer,0,7,0.0
2024,71005,rural,17,hombre,0,23,0.0
2024,71005,rural,17,mujer,0,7,0.0
2024,71005,rural,18,hombre,0,34,0.0
2024,71005,rural,18,mujer,0,12,0.0
2024,71005,rural,19,hombre,1,32,3.125
2024,71005,rural,19,mujer,1,18,5.555555555555555
2024,71005,rural,20,hombre,1,35,2.857142857142857
2024,71005,rural,20,mujer,0,19,0.0
2024,71005,rural,21,hombre,0,48,0.0
2024,71005,rural,21,mujer,0,15,0.0
2024,71005,rural,22,hombre,0,60,0.0
2024,71005,rural,22,mujer,1,26,3.8461538461538463
2024,71005,rural,23,hombre,1,61,1.639344262295082
2024,71005,rural,23,mujer,0,16,0.0
2024,71005,rural,24,hombre,4,84,4.761904761904762
2024,71005,rural,24,mujer,0,31,0.0
2024,71005,rural,25,hombre,4,52,7.6923076923076925
2024,71005,rural,25,mujer,1,21,4.761904761904762
2024,71005,rural,26,hombre,1,63,1.5873015873015872
2024,71005,rural,26,mujer,0,30,0.0
2024,71005,rural,27,hombre,3,76,3.9473684210526314
2024,71005,rural,27,mujer,0,28,0.0
2024,71005,rural,28,hombre,2,70,2.857142857142857
2024,71005,rural,28,mujer,1,22,4.545454545454546
2024,71005,urbana,16,hombre,0,22,0.0
2024,71005,urbana,16,mujer,0,11,0.0
2024,71005,urbana,17,hombre,0,19,0.0
2024,71005,urbana,17,mujer,0,15,0.0
2024,71005,urbana,18,hombre,0,29,0.0
2024,71005,urbana,18,mujer,0,14,0.0
2024,71005,urbana,19,hombre,0,35,0.0
2024,71005,urbana,19,mujer,0,17,0.0
2024,71005,urbana,20,hombre,0,50,0.0
2024,71005,urbana,20,mujer,0,35,0.0
2024,71005,urbana,21,hombre,1,44,2.272727272727273
2024,71005,urbana,21,mujer,0,31,0.0
2024,71005,urbana,22,hombre,1,53,1.8867924528301887
2024,71005,urbana,22,mujer,0,32,0.0
2024,71005,urbana,23,hombre,0,39,0.0
2024,71005,urbana,23,mujer,0,33,0.0
2024,71005,urbana,24,hombre,1,76,1.3157894736842106
2024,71005,urbana,24,mujer,1,35,2.857142857142857
2024,71005,urbana,25,hombre,1,55,1.8181818181818181
2024,71005,urbana,25,mujer,0,45,0.0
2024,71005,urbana,26,hombre,0,73,0.0
2024,71005,urbana,26,mujer,0,40,0.0
2024,71005,urbana,27,hombre,0,62,0.0
2024,71005,urbana,27,mujer,2,36,5.555555555555555
2024,71005,urbana,28,hombre,2,78,2.5641025641025643
2024,71005,urbana,28,mujer,1,36,2.7777777777777777
2024,71101,rural,16,hombre,0,25,0.0
2024,71101,rural,16,mujer,0,13,0.0
2024,71101,rural,17,hombre,0,48,0.0
2024,71101,rural,17,mujer,0,22,0.0
2024,71101,rural,18,hombre,0,58,0.0
2024,71101,rural,18,mujer,0,15,0.0
2024,71101,rural,19,hombre,1,72,1.3888888888888888
2024,71101,rural,19,mujer,0,34,0.0
2024,71101,rural,20,hombre,1,81,1.2345679012345678
2024,71101,rural,20,mujer,1,36,2.7777777777777777
2024,71101,rural,21,hombre,0,107,0.0
2024,71101,rural,21,mujer,0,30,0.0
2024,71101,rural,22,hombre,0,103,0.0
2024,71101,rural,22,mujer,1,29,3.4482758620689653
2024,71101,rural,23,hombre,5,123,4.065040650406504
2024,71101,rural,23,mujer,0,24,0.0
2024,71101,rural,24,hombre,0,131,0.0
2024,71101,rural,24,mujer,0,55,0.0
2024,71101,rural,25,hombre,1,114,0.8771929824561403
2024,71101,rural,25,mujer,0,57,0.0
2024,71101,rural,26,hombre,2,133,1.5037593984962405
2024,71101,rural,26,mujer,0,47,0.0
2024,71101,rural,27,hombre,6,156,3.8461538461538463
2024,71101,rural,27,mujer,1,50,2.0
2024,71101,rural,28,hombre,1,119,0.8403361344537815
2024,71101,rural,28,mujer,0,47,0.0
2024,71101,urbana,16,hombre,3,41,7.317073170731708
2024,71101,urbana,16,mujer,0,27,0.0
2024,71101,urbana,17,hombre,0,53,0.0
2024,71101,urbana,17,mujer,0,34,0.0
2024,71101,urbana,18,hombre,1,52,1.9230769230769231
2024,71101,urbana,18,mujer,1,25,4.0
2024,71101,urbana,19,hombre,0,76,0.0
2024,71101,urbana,19,mujer,0,46,0.0
2024,71101,urbana,20,hombre,2,69,2.898550724637681
2024,71101,urbana,20,mujer,0,35,0.0
2024,71101,urbana,21,hombre,1,86,1.1627906976744187
2024,71101,urbana,21,mujer,0,50,0.0
2024,71101,urbana,22,hombre,2,104,1.9230769230769231
2024,71101,urbana,22,mujer,1,43,2.3255813953488373
2024,71101,urbana,23,hombre,2,99,2.0202020202020203
2024,71101,urbana,23,mujer,2,63,3.1746031746031744
2024,71101,urbana,24,hombre,3,119,2.5210084033613445
2024,71101,urbana,24,mujer,2,62,3.225806451612903
2024,71101,urbana,25,hombre,3,105,2.857142857142857
2024,71101,urbana,25,mujer,1,68,1.4705882352941178
2024,71101,urbana,26,hombre,3,101,2.9702970297029703
2024,71101,urbana,26,mujer,0,58,0.0
2024,71101,urbana,27,hombre,3,103,2.912621359223301
2024,71101,urbana,27,mujer,3,87,3.4482758620689653
2024,71101,urbana,28,hombre,4,109,3.669724770642202
2024,71101,urbana,28,mujer,0,67,0.0
2024,71102,rural,16,hombre,0,15,0.0
2024,71102,rural,16,mujer,0,2,0.0
2024,71102,rural,17,hombre,0,22,0.0
2024,71102,rural,17,mujer,0,7,0.0
2024,71102,rural,18,hombre,0,28,0.0
2024,71102,rural,18,mujer,0,9,0.0
2024,71102,rural,19,hombre,1,28,3.5714285714285716
2024,71102,rural,19,mujer,0,9,0.0
2024,71102,rural,20,hombre,0,32,0.0
2024,71102,rural,20,mujer,0,11,0.0
2024,71102,rural,21,hombre,2,33,6.0606060606060606
2024,71102,rural,21,mujer,0,12,0.0
2024,71102,rural,22,hombre,0,45,0.0
2024,71102,rural,22,mujer,0,15,0.0
2024,71102,rural,23,hombre,1,39,2.5641025641025643
2024,71102,rural,23,mujer,1,18,5.555555555555555
2024,71102,rural,24,hombre,1,62,1.6129032258064515
2024,71102,rural,24,mujer,0,17,0.0
2024,71102,rural,25,hombre,1,51,1.9607843137254901
2024,71102,rural,25,mujer,0,14,0.0
2024,71102,rural,26,hombre,1,49,2.0408163265306123
2024,71102,rural,26,mujer,0,19,0.0
2024,71102,rural,27,hombre,2,39,5.128205128205129
2024,71102,rural,27,mujer,0,17,0.0
2024,71102,rural,28,hombre,1,52,1.9230769230769231
2024,71102,rural,28,mujer,0,22,0.0
2024,71102,urbana,16,hombre,0,22,0.0
2024,71102,urbana,16,mujer,0,11,0.0
2024,71102,urbana,17,hombre,0,15,0.0
2024,71102,urbana,17,mujer,1,15,6.666666666666667
2024,71102,urbana,18,hombre,0,35,0.0
2024,71102,urbana,18,mujer,0,18,0.0
2024,71102,urbana,19,hombre,0,22,0.0
2024,71102,urbana,19,mujer,0,18,0.0
2024,71102,urbana,20,hombre,1,25,4.0
2024,71102,urbana,20,mujer,1,15,6.666666666666667
2024,71102,urbana,21,hombre,0,42,0.0
2024,71102,urbana,21,mujer,0,20,0.0
2024,71102,urbana,22,hombre,0,52,0.0
2024,71102,urbana,22,mujer,1,22,4.545454545454546
2024,71102,urbana,23,hombre,3,41,7.317073170731708
2024,71102,urbana,23,mujer,0,24,0.0
2024,71102,urbana,24,hombre,0,48,0.0
2024,71102,urbana,24,mujer,0,44,0.0
2024,71102,urbana,25,hombre,1,33,3.0303030303030303
2024,71102,urbana,25,mujer,1,23,4.3478260869565215
2024,71102,urbana,26,hombre,1,34,2.9411764705882355
2024,71102,urbana,26,mujer,1,28,3.5714285714285716
2024,71102,urbana,27,hombre,5,48,10.416666666666666
2024,71102,urbana,27,mujer,0,28,0.0
2024,71102,urbana,28,hombre,2,31,6.451612903225806
2024,71102,urbana,28,mujer,1,40,2.5
2024,71103,rural,16,hombre,0,78,0.0
2024,71103,rural,16,mujer,0,19,0.0
2024,71103,rural,17,hombre,0,76,0.0
2024,71103,rural,17,mujer,0,35,0.0
2024,71103,rural,18,hombre,0,84,0.0
2024,71103,rural,18,mujer,1,59,1.694915254237288
2024,71103,rural,19,hombre,0,98,0.0
2024,71103,rural,19,mujer,1,54,1.8518518518518519
2024,71103,rural,20,hombre,2,134,1.492537313432836
2024,71103,rural,20,mujer,0,61,0.0
2024,71103,rural,21,hombre,0,134,0.0
2024,71103,rural,21,mujer,1,66,1.5151515151515151
2024,71103,rural,22,hombre,3,138,2.1739130434782608
2024,71103,rural,22,mujer,1,65,1.5384615384615385
2024,71103,rural,23,hombre,6,164,3.658536585365854
2024,71103,rural,23,mujer,0,74,0.0
2024,71103,rural,24,hombre,3,176,1.7045454545454546
2024,71103,rural,24,mujer,3,93,3.225806451612903
2024,71103,rural,25,hombre,2,152,1.3157894736842106
2024,71103,rural,25,mujer,1,80,1.25
2024,71103,rural,26,hombre,2,164,1.2195121951219512
2024,71103,rural,26,mujer,1,68,1.4705882352941178
2024,71103,rural,27,hombre,5,149,3.3557046979865772
2024,71103,rural,27,mujer,1,78,1.2820512820512822
2024,71103,rural,28,hombre,2,139,1.4388489208633093
2024,71103,rural,28,mujer,0,74,0.0
2024,71103,urbana,16,hombre,2,95,2.1052631578947367
2024,71103,urbana,16,mujer,0,64,0.0
2024,71103,urbana,17,hombre,1,93,1.075268817204301
2024,71103,urbana,17,mujer,1,66,1.5151515151515151
2024,71103,urbana,18,hombre,1,103,0.970873786407767
2024,71103,urbana,18,mujer,2,103,1.941747572815534
2024,71103,urbana,19,hombre,2,112,1.7857142857142858
2024,71103,urbana,19,mujer,3,103,2.912621359223301
2024,71103,urbana,20,hombre,3,106,2.830188679245283
2024,71103,urbana,20,mujer,1,112,0.8928571428571429
2024,71103,urbana,21,hombre,1,137,0.7299270072992701
2024,71103,urbana,21,mujer,1,121,0.8264462809917356
2024,71103,urbana,22,hombre,4,139,2.8776978417266186
2024,71103,urbana,22,mujer,3,114,2.6315789473684212
2024,71103,urbana,23,hombre,1,171,0.5847953216374269
2024,71103,urbana,23,mujer,3,120,2.5
2024,71103,urbana,24,hombre,11,200,5.5
2024,71103,urbana,24,mujer,1,145,0.6896551724137931
2024,71103,urbana,25,hombre,2,157,1.2738853503184713
2024,71103,urbana,25,mujer,2,119,1.680672268907563
2024,71103,urbana,26,hombre,2,148,1.3513513513513513
2024,71103,urbana,26,mujer,4,127,3.1496062992125986
2024,71103,urbana,27,hombre,3,164,1.829268292682927
2024,71103,urbana,27,mujer,2,167,1.1976047904191616
2024,71103,urbana,28,hombre,7,154,4.545454545454546
2024,71103,urbana,28,mujer,3,151,1.9867549668874172
2024,71104,rural,16,hombre,0,7,0.0
2024,71104,rural,16,mujer,0,3,0.0
2024,71104,rural,17,hombre,1,17,5.882352941176471
2024,71104,rural,17,mujer,0,5,0.0
2024,71104,rural,18,hombre,0,15,0.0
2024,71104,rural,18,mujer,0,16,0.0
2024,71104,rural,19,hombre,0,16,0.0
2024,71104,rural,19,mujer,1,11,9.090909090909092
2024,71104,rural,20,hombre,1,23,4.3478260869565215
2024,71104,rural,20,mujer,0,10,0.0
2024,71104,rural,21,hombre,0,27,0.0
2024,71104,rural,21,mujer,0,6,0.0
2024,71104,rural,22,hombre,0,23,0.0
2024,71104,rural,22,mujer,0,22,0.0
2024,71104,rural,23,hombre,0,19,0.0
2024,71104,rural,23,mujer,0,18,0.0
2024,71104,rural,24,hombre,1,25,4.0
2024,71104,rural,24,mujer,1,22,4.545454545454546
2024,71104,rural,25,hombre,1,40,2.5
2024,71104,rural,25,mujer,0,21,0.0
2024,71104,rural,26,hombre,1,33,3.0303030303030303
2024,71104,rural,26,mujer,0,14,0.0
2024,71104,rural,27,hombre,0,20,0.0
2024,71104,rural,27,mujer,0,24,0.0
2024,71104,rural,28,hombre,0,30,0.0
2024,71104,rural,28,mujer,0,14,0.0
2024,71105,rural,16,hombre,0,2,0.0
2024,71105,rural,16,mujer,0,2,0.0
2024,71105,rural,17,hombre,0,2,0.0
2024,71105,rural,17,mujer,0,1,0.0
2024,71105,rural,18,hombre,0,4,0.0
2024,71105,rural,18,mujer,0,1,0.0
2024,71105,rural,19,hombre,0,6,0.0
2024,71105,rural,19,mujer,0,2,0.0
2024,71105,rural,20,hombre,0,4,0.0
2024,71105,rural,20,mujer,0,4,0.0
2024,71105,rural,21,hombre,1,6,16.666666666666668
2024,71105,rural,21,mujer,0,3,0.0
2024,71105,rural,22,hombre,0,5,0.0
2024,71105,rural,22,mujer,0,2,0.0
2024,71105,rural,23,hombre,0,5,0.0
2024,71105,rural,23,mujer,0,3,0.0
2024,71105,rural,24,hombre,1,11,9.090909090909092
2024,71105,rural,24,mujer,0,5,0.0
2024,71105,rural,25,hombre,0,9,0.0
2024,71105,rural,25,mujer,0,4,0.0
2024,71105,rural,26,hombre,1,8,12.5
2024,71105,rural,26,mujer,0,1,0.0
2024,71105,rural,27,hombre,0,9,0.0
2024,71105,rural,27,mujer,0,5,0.0
2024,71105,rural,28,hombre,0,5,0.0
2024,71105,rural,28,mujer,0,4,0.0
2024,71105,urbana,16,hombre,0,14,0.0
2024,71105,urbana,16,mujer,0,7,0.0
2024,71105,urbana,17,hombre,1,21,4.761904761904762
2024,71105,urbana,17,mujer,0,9,0.0
2024,71105,urbana,18,hombre,1,24,4.166666666666667
2024,71105,urbana,18,mujer,0,16,0.0
2024,71105,urbana,19,hombre,0,24,0.0
2024,71105,urbana,19,mujer,0,20,0.0
2024,71105,urbana,20,hombre,1,27,3.7037037037037037
2024,71105,urbana,20,mujer,0,18,0.0
2024,71105,urbana,21,hombre,0,28,0.0
2024,71105,urbana,21,mujer,0,18,0.0
2024,71105,urbana,22,hombre,1,33,3.0303030303030303
2024,71105,urbana,22,mujer,1,20,5.0
2024,71105,urbana,23,hombre,0,58,0.0
2024,71105,urbana,23,mujer,0,20,0.0
2024,71105,urbana,24,hombre,2,49,4.081632653061225
2024,71105,urbana,24,mujer,0,24,0.0
2024,71105,urbana,25,hombre,2,46,4.3478260869565215
2024,71105,urbana,25,mujer,1,30,3.3333333333333335
2024,71105,urbana,26,hombre,0,53,0.0
2024,71105,urbana,26,mujer,1,25,4.0
2024,71105,urbana,27,hombre,1,42,2.380952380952381
2024,71105,urbana,27,mujer,1,31,3.225806451612903
2024,71105,urbana,28,hombre,1,56,1.7857142857142858
2024,71105,urbana,28,mujer,1,28,3.5714285714285716
2024,71106,rural,16,hombre,0,57,0.0
2024,71106,rural,16,mujer,1,23,4.3478260869565215
2024,71106,rural,17,hombre,0,64,0.0
2024,71106,rural,17,mujer,0,41,0.0
2024,71106,rural,18,hombre,3,90,3.3333333333333335
2024,71106,rural,18,mujer,0,42,0.0
2024,71106,rural,19,hombre,1,87,1.1494252873563218
2024,71106,rural,19,mujer,0,41,0.0
2024,71106,rural,20,hombre,2,87,2.2988505747126435
2024,71106,rural,20,mujer,0,44,0.0
2024,71106,rural,21,hombre,1,107,0.9345794392523364
2024,71106,rural,21,mujer,1,40,2.5
2024,71106,rural,22,hombre,1,122,0.819672131147541
2024,71106,rural,22,mujer,0,40,0.0
2024,71106,rural,23,hombre,2,121,1.6528925619834711
2024,71106,rural,23,mujer,0,44,0.0
2024,71106,rural,24,hombre,0,128,0.0
2024,71106,rural,24,mujer,0,51,0.0
2024,71106,rural,25,hombre,4,137,2.9197080291970803
2024,71106,rural,25,mujer,1,50,2.0
2024,71106,rural,26,hombre,0,133,0.0
2024,71106,rural,26,mujer,1,50,2.0
2024,71106,rural,27,hombre,2,139,1.4388489208633093
2024,71106,rural,27,mujer,0,46,0.0
2024,71106,rural,28,hombre,2,124,1.6129032258064515
2024,71106,rural,28,mujer,0,43,0.0
2024,71106,urbana,16,hombre,0,37,0.0
2024,71106,urbana,16,mujer,0,29,0.0
2024,71106,urbana,17,hombre,0,35,0.0
2024,71106,urbana,17,mujer,0,28,0.0
2024,71106,urbana,18,hombre,1,41,2.4390243902439024
2024,71106,urbana,18,mujer,0,43,0.0
2024,71106,urbana,19,hombre,1,51,1.9607843137254901
2024,71106,urbana,19,mujer,0,46,0.0
2024,71106,urbana,20,hombre,1,64,1.5625
2024,71106,urbana,20,mujer,0,47,0.0
2024,71106,urbana,21,hombre,0,72,0.0
2024,71106,urbana,21,mujer,0,41,0.0
2024,71106,urbana,22,hombre,2,89,2.247191011235955
2024,71106,urbana,22,mujer,2,51,3.9215686274509802
2024,71106,urbana,23,hombre,0,77,0.0
2024,71106,urbana,23,mujer,1,55,1.8181818181818181
2024,71106,urbana,24,hombre,1,66,1.5151515151515151
2024,71106,urbana,24,mujer,0,56,0.0
2024,71106,urbana,25,hombre,3,86,3.488372093023256
2024,71106,urbana,25,mujer,2,72,2.7777777777777777
2024,71106,urbana,26,hombre,1,80,1.25
2024,71106,urbana,26,mujer,1,61,1.639344262295082
2024,71106,urbana,27,hombre,0,75,0.0
2024,71106,urbana,27,mujer,2,70,2.857142857142857
2024,71106,urbana,28,hombre,3,91,3.2967032967032965
2024,71106,urbana,28,mujer,2,68,2.9411764705882355
2024,71201,rural,16,hombre,0,13,0.0
2024,71201,rural,16,mujer,0,11,0.0
2024,71201,rural,17,hombre,2,23,8.695652173913043
2024,71201,rural,17,mujer,0,4,0.0
2024,71201,rural,18,hombre,0,23,0.0
2024,71201,rural,18,mujer,1,8,12.5
2024,71201,rural,19,hombre,1,27,3.7037037037037037
2024,71201,rural,19,mujer,1,10,10.0
2024,71201,rural,20,hombre,0,30,0.0
2024,71201,rural,20,mujer,1,10,10.0
2024,71201,rural,21,hombre,1,31,3.225806451612903
2024,71201,rural,21,mujer,2,13,15.384615384615385
2024,71201,rural,22,hombre,1,45,2.2222222222222223
2024,71201,rural,22,mujer,2,15,13.333333333333334
2024,71201,rural,23,hombre,2,43,4.651162790697675
2024,71201,rural,23,mujer,0,13,0.0
2024,71201,rural,24,hombre,1,45,2.2222222222222223
2024,71201,rural,24,mujer,1,22,4.545454545454546
2024,71201,rural,25,hombre,0,37,0.0
2024,71201,rural,25,mujer,0,18,0.0
2024,71201,rural,26,hombre,3,47,6.382978723404255
2024,71201,rural,26,mujer,0,16,0.0
2024,71201,rural,27,hombre,1,44,2.272727272727273
2024,71201,rural,27,mujer,0,20,0.0
2024,71201,rural,28,hombre,0,42,0.0
2024,71201,rural,28,mujer,1,15,6.666666666666667
2024,71201,urbana,16,hombre,1,16,6.25
2024,71201,urbana,16,mujer,0,5,0.0
2024,71201,urbana,17,hombre,0,21,0.0
2024,71201,urbana,17,mujer,0,8,0.0
2024,71201,urbana,18,hombre,0,21,0.0
2024,71201,urbana,18,mujer,1,12,8.333333333333334
2024,71201,urbana,19,hombre,0,27,0.0
2024,71201,urbana,19,mujer,1,10,10.0
2024,71201,urbana,20,hombre,1,28,3.5714285714285716
2024,71201,urbana,20,mujer,1,10,10.0
2024,71201,urbana,21,hombre,0,20,0.0
2024,71201,urbana,21,mujer,1,23,4.3478260869565215
2024,71201,urbana,22,hombre,0,30,0.0
2024,71201,urbana,22,mujer,0,25,0.0
2024,71201,urbana,23,hombre,0,31,0.0
2024,71201,urbana,23,mujer,0,30,0.0
2024,71201,urbana,24,hombre,2,35,5.714285714285714
2024,71201,urbana,24,mujer,0,27,0.0
2024,71201,urbana,25,hombre,1,40,2.5
2024,71201,urbana,25,mujer,1,23,4.3478260869565215
2024,71201,urbana,26,hombre,1,41,2.4390243902439024
2024,71201,urbana,26,mujer,1,20,5.0
2024,71201,urbana,27,hombre,2,56,3.5714285714285716
2024,71201,urbana,27,mujer,1,32,3.125
2024,71201,urbana,28,hombre,1,50,2.0
2024,71201,urbana,28,mujer,1,27,3.7037037037037037
2024,71301,rural,16,hombre,0,51,0.0
2024,71301,rural,16,mujer,0,22,0.0
2024,71301,rural,17,hombre,3,51,5.882352941176471
2024,71301,rural,17,mujer,0,26,0.0
2024,71301,rural,18,hombre,2,65,3.076923076923077
2024,71301,rural,18,mujer,0,29,0.0
2024,71301,rural,19,hombre,0,49,0.0
2024,71301,rural,19,mujer,0,36,0.0
2024,71301,rural,20,hombre,0,65,0.0
2024,71301,rural,20,mujer,0,45,0.0
2024,71301,rural,21,hombre,0,55,0.0
2024,71301,rural,21,mujer,2,50,4.0
2024,71301,rural,22,hombre,0,60,0.0
2024,71301,rural,22,mujer,0,56,0.0
2024,71301,rural,23,hombre,2,63,3.1746031746031744
2024,71301,rural,23,mujer,0,55,0.0
2024,71301,rural,24,hombre,1,69,1.4492753623188406
2024,71301,rural,24,mujer,0,54,0.0
2024,71301,rural,25,hombre,2,78,2.5641025641025643
2024,71301,rural,25,mujer,1,43,2.3255813953488373
2024,71301,rural,26,hombre,2,54,3.7037037037037037
2024,71301,rural,26,mujer,0,52,0.0
2024,71301,rural,27,hombre,1,62,1.6129032258064515
2024,71301,rural,27,mujer,1,65,1.5384615384615385
2024,71301,rural,28,hombre,0,76,0.0
2024,71301,rural,28,mujer,1,50,2.0
2024,71301,urbana,16,hombre,1,26,3.8461538461538463
2024,71301,urbana,16,mujer,1,23,4.3478260869565215
2024,71301,urbana,17,hombre,0,28,0.0
2024,71301,urbana,17,mujer,0,25,0.0
2024,71301,urbana,18,hombre,0,33,0.0
2024,71301,urbana,18,mujer,0,13,0.0
2024,71301,urbana,19,hombre,2,31,6.451612903225806
2024,71301,urbana,19,mujer,0,24,0.0
2024,71301,urbana,20,hombre,0,33,0.0
2024,71301,urbana,20,mujer,1,12,8.333333333333334
2024,71301,urbana,21,hombre,0,38,0.0
2024,71301,urbana,21,mujer,0,26,0.0
2024,71301,urbana,22,hombre,0,38,0.0
2024,71301,urbana,22,mujer,1,25,4.0
2024,71301,urbana,23,hombre,1,38,2.6315789473684212
2024,71301,urbana,23,mujer,0,30,0.0
2024,71301,urbana,24,hombre,1,41,2.4390243902439024
2024,71301,urbana,24,mujer,1,40,2.5
2024,71301,urbana,25,hombre,1,50,2.0
2024,71301,urbana,25,mujer,1,37,2.7027027027027026
2024,71301,urbana,26,hombre,1,36,2.7777777777777777
2024,71301,urbana,26,mujer,1,33,3.0303030303030303
2024,71301,urbana,27,hombre,0,50,0.0
2024,71301,urbana,27,mujer,0,37,0.0
2024,71301,urbana,28,hombre,0,43,0.0
2024,71301,urbana,28,mujer,0,25,0.0
2024,71302,rural,16,hombre,0,6,0.0
2024,71302,rural,16,mujer,0,9,0.0
2024,71302,rural,17,hombre,0,11,0.0
2024,71302,rural,17,mujer,0,5,0.0
2024,71302,rural,18,hombre,0,14,0.0
2024,71302,rural,18,mujer,0,6,0.0
2024,71302,rural,19,hombre,0,22,0.0
2024,71302,rural,19,mujer,0,9,0.0
2024,71302,rural,20,hombre,0,7,0.0
2024,71302,rural,20,mujer,0,9,0.0
2024,71302,rural,21,hombre,0,15,0.0
2024,71302,rural,21,mujer,0,5,0.0
2024,71302,rural,22,hombre,0,8,0.0
2024,71302,rural,22,mujer,0,4,0.0
2024,71302,rural,23,hombre,1,19,5.2631578947368425
2024,71302,rural,23,mujer,1,18,5.555555555555555
2024,71302,rural,24,hombre,0,11,0.0
2024,71302,rural,24,mujer,0,10,0.0
2024,71302,rural,25,hombre,0,18,0.0
2024,71302,rural,25,mujer,0,13,0.0
2024,71302,rural,26,hombre,1,14,7.142857142857143
2024,71302,rural,26,mujer,0,11,0.0
2024,71302,rural,27,hombre,1,12,8.333333333333334
2024,71302,rural,27,mujer,0,9,0.0
2024,71302,rural,28,hombre,0,17,0.0
2024,71302,rural,28,mujer,0,10,0.0
2024,71302,urbana,16,hombre,0,18,0.0
2024,71302,urbana,16,mujer,0,8,0.0
2024,71302,urbana,17,hombre,0,23,0.0
2024,71302,urbana,17,mujer,0,10,0.0
2024,71302,urbana,18,hombre,2,26,7.6923076923076925
2024,71302,urbana,18,mujer,1,7,14.285714285714286
2024,71302,urbana,19,hombre,1,25,4.0
2024,71302,urbana,19,mujer,0,12,0.0
2024,71302,urbana,20,hombre,1,26,3.8461538461538463
2024,71302,urbana,20,mujer,0,12,0.0
2024,71302,urbana,21,hombre,1,26,3.8461538461538463
2024,71302,urbana,21,mujer,0,7,0.0
2024,71302,urbana,22,hombre,0,18,0.0
2024,71302,urbana,22,mujer,0,11,0.0
2024,71302,urbana,23,hombre,1,30,3.3333333333333335
2024,71302,urbana,23,mujer,0,14,0.0
2024,71302,urbana,24,hombre,0,24,0.0
2024,71302,urbana,24,mujer,0,20,0.0
2024,71302,urbana,25,hombre,0,22,0.0
2024,71302,urbana,25,mujer,0,20,0.0
2024,71302,urbana,26,hombre,1,25,4.0
2024,71302,urbana,26,mujer,0,15,0.0
2024,71302,urbana,27,hombre,0,20,0.0
2024,71302,urbana,27,mujer,0,11,0.0
2024,71302,urbana,28,hombre,0,30,0.0
2024,71302,urbana,28,mujer,0,21,0.0
2024,71401,rural,16,hombre,0,10,0.0
2024,71401,rural,16,mujer,0,5,0.0
2024,71401,rural,17,hombre,0,12,0.0
2024,71401,rural,17,mujer,0,6,0.0
2024,71401,rural,18,hombre,0,21,0.0
2024,71401,rural,18,mujer,0,6,0.0
2024,71401,rural,19,hombre,0,21,0.0
2024,71401,rural,19,mujer,0,12,0.0
2024,71401,rural,20,hombre,1,25,4.0
2024,71401,rural,20,mujer,0,12,0.0
2024,71401,rural,21,hombre,1,37,2.7027027027027026
2024,71401,rural,21,mujer,0,9,0.0
2024,71401,rural,22,hombre,1,36,2.7777777777777777
2024,71401,rural,22,mujer,0,10,0.0
2024,71401,rural,23,hombre,0,38,0.0
2024,71401,rural,23,mujer,0,22,0.0
2024,71401,rural,24,hombre,0,51,0.0
2024,71401,rural,24,mujer,1,17,5.882352941176471
2024,71401,rural,25,hombre,0,53,0.0
2024,71401,rural,25,mujer,0,20,0.0
2024,71401,rural,26,hombre,1,61,1.639344262295082
2024,71401,rural,26,mujer,0,17,0.0
2024,71401,rural,27,hombre,0,41,0.0
2024,71401,rural,27,mujer,0,26,0.0
2024,71401,rural,28,hombre,0,46,0.0
2024,71401,rural,28,mujer,0,21,0.0
2024,71401,urbana,16,hombre,0,19,0.0
2024,71401,urbana,16,mujer,0,15,0.0
2024,71401,urbana,17,hombre,0,35,0.0
2024,71401,urbana,17,mujer,0,19,0.0
2024,71401,urbana,18,hombre,0,47,0.0
2024,71401,urbana,18,mujer,0,21,0.0
2024,71401,urbana,19,hombre,1,40,2.5
2024,71401,urbana,19,mujer,0,21,0.0
2024,71401,urbana,20,hombre,0,50,0.0
2024,71401,urbana,20,mujer,0,38,0.0
2024,71401,urbana,21,hombre,1,49,2.0408163265306123
2024,71401,urbana,21,mujer,0,35,0.0
2024,71401,urbana,22,hombre,1,56,1.7857142857142858
2024,71401,urbana,22,mujer,1,32,3.125
2024,71401,urbana,23,hombre,1,51,1.9607843137254901
2024,71401,urbana,23,mujer,2,39,5.128205128205129
2024,71401,urbana,24,hombre,2,64,3.125
2024,71401,urbana,24,mujer,4,36,11.11111111111111
2024,71401,urbana,25,hombre,4,47,8.51063829787234
2024,71401,urbana,25,mujer,0,41,0.0
2024,71401,urbana,26,hombre,0,61,0.0
2024,71401,urbana,26,mujer,1,42,2.380952380952381
2024,71401,urbana,27,hombre,1,66,1.5151515151515151
2024,71401,urbana,27,mujer,1,48,2.0833333333333335
2024,71401,urbana,28,hombre,1,67,1.492537313432836
2024,71401,urbana,28,mujer,2,46,4.3478260869565215
2024,71402,rural,18,hombre,0,2,0.0
2024,71402,rural,19,hombre,0,1,0.0
2024,71402,rural,20,hombre,0,2,0.0
2024,71402,rural,22,hombre,0,2,0.0
2024,71402,rural,23,hombre,0,3,0.0
2024,71402,rural,23,mujer,0,1,0.0
2024,71402,rural,24,hombre,0,2,0.0
2024,71402,rural,24,mujer,0,1,0.0
2024,71402,rural,25,hombre,0,1,0.0
2024,71402,rural,25,mujer,0,1,0.0
2024,71402,rural,26,hombre,0,2,0.0
2024,71402,rural,27,hombre,0,5,0.0
2024,71402,rural,28,hombre,0,5,0.0
2024,71402,rural,28,mujer,0,1,0.0
2024,71402,urbana,16,hombre,0,32,0.0
2024,71402,urbana,16,mujer,0,34,0.0
2024,71402,urbana,17,hombre,1,69,1.4492753623188406
2024,71402,urbana,17,mujer,1,32,3.125
2024,71402,urbana,18,hombre,1,78,1.2820512820512822
2024,71402,urbana,18,mujer,0,46,0.0
2024,71402,urbana,19,hombre,1,78,1.2820512820512822
2024,71402,urbana,19,mujer,1,49,2.0408163265306123
2024,71402,urbana,20,hombre,2,79,2.5316455696202533
2024,71402,urbana,20,mujer,0,52,0.0
2024,71402,urbana,21,hombre,1,68,1.4705882352941178
2024,71402,urbana,21,mujer,0,58,0.0
2024,71402,urbana,22,hombre,1,84,1.1904761904761905
2024,71402,urbana,22,mujer,0,62,0.0
2024,71402,urbana,23,hombre,2,112,1.7857142857142858
2024,71402,urbana,23,mujer,2,70,2.857142857142857
2024,71402,urbana,24,hombre,4,103,3.883495145631068
2024,71402,urbana,24,mujer,2,98,2.0408163265306123
2024,71402,urbana,25,hombre,2,94,2.127659574468085
2024,71402,urbana,25,mujer,1,69,1.4492753623188406
2024,71402,urbana,26,hombre,2,127,1.5748031496062993
2024,71402,urbana,26,mujer,2,82,2.4390243902439024
2024,71402,urbana,27,hombre,1,125,0.8
2024,71402,urbana,27,mujer,4,74,5.405405405405405
2024,71402,urbana,28,hombre,3,114,2.6315789473684212
2024,71402,urbana,28,mujer,2,94,2.127659574468085
2024,71403,rural,16,hombre,0,14,0.0
2024,71403,rural,16,mujer,0,7,0.0
2024,71403,rural,17,hombre,0,17,0.0
2024,71403,rural,17,mujer,0,3,0.0
2024,71403,rural,18,hombre,0,17,0.0
2024,71403,rural,18,mujer,0,7,0.0
2024,71403,rural,19,hombre,0,24,0.0
2024,71403,rural,19,mujer,0,14,0.0
2024,71403,rural,20,hombre,0,34,0.0
2024,71403,rural,20,mujer,0,9,0.0
2024,71403,rural,21,hombre,0,30,0.0
2024,71403,rural,21,mujer,0,7,0.0
2024,71403,rural,22,hombre,0,32,0.0
2024,71403,rural,22,mujer,1,10,10.0
2024,71403,rural,23,hombre,1,48,2.0833333333333335
2024,71403,rural,23,mujer,0,13,0.0
2024,71403,rural,24,hombre,1,49,2.0408163265306123
2024,71403,rural,24,mujer,0,21,0.0
2024,71403,rural,25,hombre,0,34,0.0
2024,71403,rural,25,mujer,0,15,0.0
2024,71403,rural,26,hombre,0,29,0.0
2024,71403,rural,26,mujer,0,22,0.0
2024,71403,rural,27,hombre,0,34,0.0
2024,71403,rural,27,mujer,0,27,0.0
2024,71403,rural,28,hombre,1,47,2.127659574468085
2024,71403,rural,28,mujer,0,27,0.0
2024,71403,urbana,16,hombre,0,5,0.0
2024,71403,urbana,16,mujer,0,1,0.0
2024,71403,urbana,17,hombre,0,6,0.0
2024,71403,urbana,17,mujer,0,7,0.0
2024,71403,urbana,18,hombre,0,13,0.0
2024,71403,urbana,18,mujer,0,4,0.0
2024,71403,urbana,19,hombre,0,17,0.0
2024,71403,urbana,19,mujer,0,11,0.0
2024,71403,urbana,20,hombre,0,20,0.0
2024,71403,urbana,20,mujer,0,3,0.0
2024,71403,urbana,21,hombre,0,9,0.0
2024,71403,urbana,21,mujer,0,16,0.0
2024,71403,urbana,22,hombre,0,11,0.0
2024,71403,urbana,22,mujer,0,10,0.0
2024,71403,urbana,23,hombre,0,11,0.0
2024,71403,urbana,23,mujer,0,4,0.0
2024,71403,urbana,24,hombre,1,23,4.3478260869565215
2024,71403,urbana,24,mujer,0,18,0.0
2024,71403,urbana,25,hombre,0,21,0.0
2024,71403,urbana,25,mujer,0,11,0.0
2024,71403,urbana,26,hombre,1,17,5.882352941176471
2024,71403,urbana,26,mujer,0,11,0.0
2024,71403,urbana,27,hombre,0,12,0.0
2024,71403,urbana,27,mujer,0,19,0.0
2024,71403,urbana,28,hombre,2,27,7.407407407407407
2024,71403,urbana,28,mujer,0,16,0.0
2024,71501,rural,16,hombre,1,47,2.127659574468085
2024,71501,rural,16,mujer,0,20,0.0
2024,71501,rural,17,hombre,0,51,0.0
2024,71501,rural,17,mujer,0,17,0.0
2024,71501,rural,18,hombre,0,55,0.0
2024,71501,rural,18,mujer,1,29,3.4482758620689653
2024,71501,rural,19,hombre,0,76,0.0
2024,71501,rural,19,mujer,0,32,0.0
2024,71501,rural,20,hombre,0,75,0.0
2024,71501,rural,20,mujer,1,49,2.0408163265306123
2024,71501,rural,21,hombre,1,75,1.3333333333333333
2024,71501,rural,21,mujer,0,31,0.0
2024,71501,rural,22,hombre,2,76,2.6315789473684212
2024,71501,rural,22,mujer,1,39,2.5641025641025643
2024,71501,rural,23,hombre,4,97,4.123711340206185
2024,71501,rural,23,mujer,0,40,0.0
2024,71501,rural,24,hombre,2,102,1.9607843137254901
2024,71501,rural,24,mujer,0,47,0.0
2024,71501,rural,25,hombre,3,92,3.260869565217391
2024,71501,rural,25,mujer,2,51,3.9215686274509802
2024,71501,rural,26,hombre,1,104,0.9615384615384616
2024,71501,rural,26,mujer,0,42,0.0
2024,71501,rural,27,hombre,2,83,2.4096385542168677
2024,71501,rural,27,mujer,0,50,0.0
2024,71501,rural,28,hombre,3,114,2.6315789473684212
2024,71501,rural,28,mujer,1,49,2.0408163265306123
2024,71501,urbana,16,hombre,0,66,0.0
2024,71501,urbana,16,mujer,0,37,0.0
2024,71501,urbana,17,hombre,0,88,0.0
2024,71501,urbana,17,mujer,2,45,4.444444444444445
2024,71501,urbana,18,hombre,1,79,1.2658227848101267
2024,71501,urbana,18,mujer,1,57,1.7543859649122806
2024,71501,urbana,19,hombre,2,112,1.7857142857142858
2024,71501,urbana,19,mujer,2,45,4.444444444444445
2024,71501,urbana,20,hombre,2,81,2.4691358024691357
2024,71501,urbana,20,mujer,0,67,0.0
2024,71501,urbana,21,hombre,1,112,0.8928571428571429
2024,71501,urbana,21,mujer,2,59,3.389830508474576
2024,71501,urbana,22,hombre,3,116,2.586206896551724
2024,71501,urbana,22,mujer,3,76,3.9473684210526314
2024,71501,urbana,23,hombre,6,122,4.918032786885246
2024,71501,urbana,23,mujer,2,89,2.247191011235955
2024,71501,urbana,24,hombre,1,144,0.6944444444444444
2024,71501,urbana,24,mujer,1,77,1.2987012987012987
2024,71501,urbana,25,hombre,3,147,2.0408163265306123
2024,71501,urbana,25,mujer,2,81,2.4691358024691357
2024,71501,urbana,26,hombre,3,125,2.4
2024,71501,urbana,26,mujer,0,97,0.0
2024,71501,urbana,27,hombre,2,136,1.4705882352941178
2024,71501,urbana,27,mujer,0,81,0.0
2024,71501,urbana,28,hombre,3,150,2.0
2024,71501,urbana,28,mujer,3,89,3.3707865168539324
2024,71502,rural,16,hombre,0,1,0.0
2024,71502,rural,17,hombre,0,5,0.0
2024,71502,rural,17,mujer,0,1,0.0
2024,71502,rural,18,hombre,0,2,0.0
2024,71502,rural,18,mujer,0,4,0.0
2024,71502,rural,19,hombre,0,5,0.0
2024,71502,rural,19,mujer,0,2,0.0
2024,71502,rural,20,hombre,0,8,0.0
2024,71502,rural,20,mujer,0,3,0.0
2024,71502,rural,21,hombre,0,6,0.0
2024,71502,rural,21,mujer,0,2,0.0
2024,71502,rural,22,hombre,0,3,0.0
2024,71502,rural,22,mujer,0,2,0.0
2024,71502,rural,23,hombre,0,12,0.0
2024,71502,rural,23,mujer,0,5,0.0
2024,71502,rural,24,hombre,0,9,0.0
2024,71502,rural,24,mujer,0,9,0.0
2024,71502,rural,25,hombre,0,7,0.0
2024,71502,rural,25,mujer,0,3,0.0
2024,71502,rural,26,hombre,0,6,0.0
2024,71502,rural,26,mujer,0,3,0.0
2024,71502,rural,27,hombre,0,8,0.0
2024,71502,rural,27,mujer,0,6,0.0
2024,71502,rural,28,hombre,0,15,0.0
2024,71502,rural,28,mujer,0,5,0.0
2024,71502,urbana,16,hombre,0,4,0.0
2024,71502,urbana,16,mujer,0,1,0.0
2024,71502,urbana,17,hombre,0,7,0.0
2024,71502,urbana,17,mujer,1,7,14.285714285714286
2024,71502,urbana,18,hombre,0,4,0.0
2024,71502,urbana,18,mujer,0,6,0.0
2024,71502,urbana,19,hombre,0,11,0.0
2024,71502,urbana,19,mujer,0,11,0.0
2024,71502,urbana,20,hombre,0,8,0.0
2024,71502,urbana,20,mujer,0,2,0.0
2024,71502,urbana,21,hombre,0,17,0.0
2024,71502,urbana,21,mujer,0,14,0.0
2024,71502,urbana,22,hombre,0,23,0.0
2024,71502,urbana,22,mujer,0,11,0.0
2024,71502,urbana,23,hombre,1,18,5.555555555555555
2024,71502,urbana,23,mujer,0,6,0.0
2024,71502,urbana,24,hombre,1,23,4.3478260869565215
2024,71502,urbana,24,mujer,1,19,5.2631578947368425
2024,71502,urbana,25,hombre,1,30,3.3333333333333335
2024,71502,urbana,25,mujer,0,10,0.0
2024,71502,urbana,26,hombre,0,21,0.0
2024,71502,urbana,26,mujer,0,13,0.0
2024,71502,urbana,27,hombre,0,20,0.0
2024,71502,urbana,27,mujer,0,19,0.0
2024,71502,urbana,28,hombre,0,30,0.0
2024,71502,urbana,28,mujer,1,15,6.666666666666667
2024,71503,rural,16,hombre,0,55,0.0
2024,71503,rural,16,mujer,0,17,0.0
2024,71503,rural,17,hombre,0,67,0.0
2024,71503,rural,17,mujer,0,21,0.0
2024,71503,rural,18,hombre,1,74,1.3513513513513513
2024,71503,rural,18,mujer,0,28,0.0
2024,71503,rural,19,hombre,1,74,1.3513513513513513
2024,71503,rural,19,mujer,1,48,2.0833333333333335
2024,71503,rural,20,hombre,1,105,0.9523809523809523
2024,71503,rural,20,mujer,0,38,0.0
2024,71503,rural,21,hombre,2,91,2.197802197802198
2024,71503,rural,21,mujer,0,39,0.0
2024,71503,rural,22,hombre,2,108,1.8518518518518519
2024,71503,rural,22,mujer,1,46,2.1739130434782608
2024,71503,rural,23,hombre,2,123,1.6260162601626016
2024,71503,rural,23,mujer,0,38,0.0
2024,71503,rural,24,hombre,0,142,0.0
2024,71503,rural,24,mujer,0,55,0.0
2024,71503,rural,25,hombre,4,131,3.053435114503817
2024,71503,rural,25,mujer,0,50,0.0
2024,71503,rural,26,hombre,1,114,0.8771929824561403
2024,71503,rural,26,mujer,1,58,1.7241379310344827
2024,71503,rural,27,hombre,2,130,1.5384615384615385
2024,71503,rural,27,mujer,1,44,2.272727272727273
2024,71503,rural,28,hombre,0,103,0.0
2024,71503,rural,28,mujer,0,60,0.0
2024,71503,urbana,16,hombre,0,8,0.0
2024,71503,urbana,16,mujer,0,5,0.0
2024,71503,urbana,17,hombre,0,10,0.0
2024,71503,urbana,17,mujer,0,3,0.0
2024,71503,urbana,18,hombre,0,16,0.0
2024,71503,urbana,18,mujer,0,8,0.0
2024,71503,urbana,19,hombre,0,6,0.0
2024,71503,urbana,19,mujer,0,1,0.0
2024,71503,urbana,20,hombre,0,14,0.0
2024,71503,urbana,20,mujer,0,8,0.0
2024,71503,urbana,21,hombre,0,8,0.0
2024,71503,urbana,21,mujer,0,9,0.0
2024,71503,urbana,22,hombre,0,8,0.0
2024,71503,urbana,22,mujer,0,6,0.0
2024,71503,urbana,23,hombre,0,10,0.0
2024,71503,urbana,23,mujer,0,8,0.0
2024,71503,urbana,24,hombre,0,23,0.0
2024,71503,urbana,24,mujer,0,10,0.0
2024,71503,urbana,25,hombre,0,16,0.0
2024,71503,urbana,25,mujer,1,12,8.333333333333334
2024,71503,urbana,26,hombre,1,17,5.882352941176471
2024,71503,urbana,26,mujer,0,11,0.0
2024,71503,urbana,27,hombre,0,15,0.0
2024,71503,urbana,27,mujer,0,13,0.0
2024,71503,urbana,28,hombre,0,10,0.0
2024,71503,urbana,28,mujer,0,12,0.0
2024,80101,rural,16,hombre,0,18,0.0
2024,80101,rural,16,mujer,0,7,0.0
2024,80101,rural,17,hombre,0,16,0.0
2024,80101,rural,17,mujer,0,7,0.0
2024,80101,rural,18,hombre,1,16,6.25
2024,80101,rural,18,mujer,0,11,0.0
2024,80101,rural,19,hombre,0,21,0.0
2024,80101,rural,19,mujer,0,11,0.0
2024,80101,rural,20,hombre,1,26,3.8461538461538463
2024,80101,rural,20,mujer,0,13,0.0
2024,80101,rural,21,hombre,1,30,3.3333333333333335
2024,80101,rural,21,mujer,0,8,0.0
2024,80101,rural,22,hombre,0,28,0.0
2024,80101,rural,22,mujer,0,10,0.0
2024,80101,rural,23,hombre,0,58,0.0
2024,80101,rural,23,mujer,0,24,0.0
2024,80101,rural,24,hombre,0,41,0.0
2024,80101,rural,24,mujer,0,15,0.0
2024,80101,rural,25,hombre,0,35,0.0
2024,80101,rural,25,mujer,0,11,0.0
2024,80101,rural,26,hombre,2,35,5.714285714285714
2024,80101,rural,26,mujer,4,14,28.571428571428573
2024,80101,rural,27,hombre,0,32,0.0
2024,80101,rural,27,mujer,0,9,0.0
2024,80101,rural,28,hombre,1,26,3.8461538461538463
2024,80101,rural,28,mujer,2,19,10.526315789473685
2024,80101,urbana,16,hombre,4,234,1.7094017094017093
2024,80101,urbana,16,mujer,3,191,1.5706806282722514
2024,80101,urbana,17,hombre,4,319,1.2539184952978057
2024,80101,urbana,17,mujer,3,245,1.2244897959183674
2024,80101,urbana,18,hombre,5,424,1.179245283018868
2024,80101,urbana,18,mujer,8,297,2.6936026936026938
2024,80101,urbana,19,hombre,10,422,2.3696682464454977
2024,80101,urbana,19,mujer,6,359,1.6713091922005572
2024,80101,urbana,20,hombre,10,522,1.9157088122605364
2024,80101,urbana,20,mujer,9,345,2.608695652173913
2024,80101,urbana,21,hombre,17,570,2.982456140350877
2024,80101,urbana,21,mujer,10,417,2.3980815347721824
2024,80101,urbana,22,hombre,13,582,2.2336769759450172
2024,80101,urbana,22,mujer,11,445,2.4719101123595504
2024,80101,urbana,23,hombre,16,748,2.1390374331550803
2024,80101,urbana,23,mujer,15,522,2.8735632183908044
2024,80101,urbana,24,hombre,25,800,3.125
2024,80101,urbana,24,mujer,18,568,3.1690140845070425
2024,80101,urbana,25,hombre,31,711,4.360056258790436
2024,80101,urbana,25,mujer,17,570,2.982456140350877
2024,80101,urbana,26,hombre,20,706,2.8328611898016995
2024,80101,urbana,26,mujer,17,575,2.9565217391304346
2024,80101,urbana,27,hombre,19,766,2.480417754569191
2024,80101,urbana,27,mujer,15,627,2.3923444976076556
2024,80101,urbana,28,hombre,22,844,2.6066350710900474
2024,80101,urbana,28,mujer,18,568,3.1690140845070425
2024,80102,rural,16,hombre,0,13,0.0
2024,80102,rural,16,mujer,0,11,0.0
2024,80102,rural,17,hombre,0,25,0.0
2024,80102,rural,17,mujer,0,8,0.0
2024,80102,rural,18,hombre,0,35,0.0
2024,80102,rural,18,mujer,0,10,0.0
2024,80102,rural,19,hombre,0,25,0.0
2024,80102,rural,19,mujer,0,10,0.0
2024,80102,rural,20,hombre,0,29,0.0
2024,80102,rural,20,mujer,0,15,0.0
2024,80102,rural,21,hombre,0,42,0.0
2024,80102,rural,21,mujer,1,27,3.7037037037037037
2024,80102,rural,22,hombre,0,44,0.0
2024,80102,rural,22,mujer,0,16,0.0
2024,80102,rural,23,hombre,0,62,0.0
2024,80102,rural,23,mujer,0,27,0.0
2024,80102,rural,24,hombre,1,47,2.127659574468085
2024,80102,rural,24,mujer,0,35,0.0
2024,80102,rural,25,hombre,0,68,0.0
2024,80102,rural,25,mujer,0,26,0.0
2024,80102,rural,26,hombre,1,56,1.7857142857142858
2024,80102,rural,26,mujer,1,35,2.857142857142857
2024,80102,rural,27,hombre,0,55,0.0
2024,80102,rural,27,mujer,0,22,0.0
2024,80102,rural,28,hombre,2,58,3.4482758620689653
2024,80102,rural,28,mujer,0,29,0.0
2024,80201,rural,16,hombre,0,36,0.0
2024,80201,rural,16,mujer,0,18,0.0
2024,80201,rural,17,hombre,0,45,0.0
2024,80201,rural,17,mujer,0,22,0.0
2024,80201,rural,18,hombre,0,45,0.0
2024,80201,rural,18,mujer,0,24,0.0
2024,80201,rural,19,hombre,2,31,6.451612903225806
2024,80201,rural,19,mujer,0,19,0.0
2024,80201,rural,20,hombre,0,40,0.0
2024,80201,rural,20,mujer,2,23,8.695652173913043
2024,80201,rural,21,hombre,0,51,0.0
2024,80201,rural,21,mujer,0,18,0.0
2024,80201,rural,22,hombre,0,44,0.0
2024,80201,rural,22,mujer,0,26,0.0
2024,80201,rural,23,hombre,0,67,0.0
2024,80201,rural,23,mujer,1,26,3.8461538461538463
2024,80201,rural,24,hombre,1,54,1.8518518518518519
2024,80201,rural,24,mujer,1,31,3.225806451612903
2024,80201,rural,25,hombre,1,47,2.127659574468085
2024,80201,rural,25,mujer,0,23,0.0
2024,80201,rural,26,hombre,0,53,0.0
2024,80201,rural,26,mujer,0,24,0.0
2024,80201,rural,27,hombre,0,54,0.0
2024,80201,rural,27,mujer,2,36,5.555555555555555
2024,80201,rural,28,hombre,1,60,1.6666666666666667
2024,80201,rural,28,mujer,0,31,0.0
2024,80201,urbana,16,hombre,2,227,0.8810572687224669
2024,80201,urbana,16,mujer,3,120,2.5
2024,80201,urbana,17,hombre,3,320,0.9375
2024,80201,urbana,17,mujer,2,166,1.2048192771084338
2024,80201,urbana,18,hombre,5,297,1.6835016835016836
2024,80201,urbana,18,mujer,5,212,2.358490566037736
2024,80201,urbana,19,hombre,5,371,1.3477088948787062
2024,80201,urbana,19,mujer,10,228,4.385964912280702
2024,80201,urbana,20,hombre,3,373,0.8042895442359249
2024,80201,urbana,20,mujer,8,254,3.1496062992125986
2024,80201,urbana,21,hombre,7,444,1.5765765765765767
2024,80201,urbana,21,mujer,4,293,1.3651877133105803
2024,80201,urbana,22,hombre,8,487,1.6427104722792607
2024,80201,urbana,22,mujer,11,364,3.021978021978022
2024,80201,urbana,23,hombre,13,559,2.3255813953488373
2024,80201,urbana,23,mujer,12,391,3.0690537084398977
2024,80201,urbana,24,hombre,14,634,2.2082018927444795
2024,80201,urbana,24,mujer,12,409,2.93398533007335
2024,80201,urbana,25,hombre,12,511,2.3483365949119372
2024,80201,urbana,25,mujer,9,414,2.1739130434782608
2024,80201,urbana,26,hombre,12,552,2.1739130434782608
2024,80201,urbana,26,mujer,8,408,1.9607843137254901
2024,80201,urbana,27,hombre,19,625,3.04
2024,80201,urbana,27,mujer,9,448,2.0089285714285716
2024,80201,urbana,28,hombre,14,549,2.5500910746812386
2024,80201,urbana,28,mujer,11,404,2.722772277227723
2024,80202,rural,16,hombre,0,13,0.0
2024,80202,rural,16,mujer,0,6,0.0
2024,80202,rural,17,hombre,0,8,0.0
2024,80202,rural,17,mujer,0,4,0.0
2024,80202,rural,18,hombre,0,10,0.0
2024,80202,rural,18,mujer,0,6,0.0
2024,80202,rural,19,hombre,0,17,0.0
2024,80202,rural,19,mujer,0,7,0.0
2024,80202,rural,20,hombre,0,19,0.0
2024,80202,rural,20,mujer,0,6,0.0
2024,80202,rural,21,hombre,0,26,0.0
2024,80202,rural,21,mujer,0,14,0.0
2024,80202,rural,22,hombre,0,33,0.0
2024,80202,rural,22,mujer,0,16,0.0
2024,80202,rural,23,hombre,0,35,0.0
2024,80202,rural,23,mujer,0,11,0.0
2024,80202,rural,24,hombre,2,35,5.714285714285714
2024,80202,rural,24,mujer,0,16,0.0
2024,80202,rural,25,hombre,0,23,0.0
2024,80202,rural,25,mujer,0,15,0.0
2024,80202,rural,26,hombre,1,44,2.272727272727273
2024,80202,rural,26,mujer,0,14,0.0
2024,80202,rural,27,hombre,0,37,0.0
2024,80202,rural,27,mujer,0,7,0.0
2024,80202,rural,28,hombre,0,32,0.0
2024,80202,rural,28,mujer,0,13,0.0
2024,80202,urbana,16,hombre,2,73,2.73972602739726
2024,80202,urbana,16,mujer,0,38,0.0
2024,80202,urbana,17,hombre,1,70,1.4285714285714286
2024,80202,urbana,17,mujer,0,43,0.0
2024,80202,urbana,18,hombre,2,81,2.4691358024691357
2024,80202,urbana,18,mujer,1,57,1.7543859649122806
2024,80202,urbana,19,hombre,2,129,1.550387596899225
2024,80202,urbana,19,mujer,2,72,2.7777777777777777
2024,80202,urbana,20,hombre,3,118,2.542372881355932
2024,80202,urbana,20,mujer,2,97,2.0618556701030926
2024,80202,urbana,21,hombre,2,137,1.4598540145985401
2024,80202,urbana,21,mujer,1,102,0.9803921568627451
2024,80202,urbana,22,hombre,4,170,2.3529411764705883
2024,80202,urbana,22,mujer,4,95,4.2105263157894735
2024,80202,urbana,23,hombre,4,199,2.0100502512562812
2024,80202,urbana,23,mujer,5,112,4.464285714285714
2024,80202,urbana,24,hombre,5,188,2.6595744680851063
2024,80202,urbana,24,mujer,3,131,2.2900763358778624
2024,80202,urbana,25,hombre,5,169,2.9585798816568047
2024,80202,urbana,25,mujer,4,129,3.10077519379845
2024,80202,urbana,26,hombre,4,189,2.1164021164021163
2024,80202,urbana,26,mujer,4,110,3.6363636363636362
2024,80202,urbana,27,hombre,2,183,1.092896174863388
2024,80202,urbana,27,mujer,4,153,2.6143790849673203
2024,80202,urbana,28,hombre,3,164,1.829268292682927
2024,80202,urbana,28,mujer,1,130,0.7692307692307693
2024,80301,rural,16,hombre,0,16,0.0
2024,80301,rural,16,mujer,0,1,0.0
2024,80301,rural,17,hombre,0,13,0.0
2024,80301,rural,17,mujer,0,13,0.0
2024,80301,rural,18,hombre,0,10,0.0
2024,80301,rural,18,mujer,1,5,20.0
2024,80301,rural,19,hombre,1,24,4.166666666666667
2024,80301,rural,19,mujer,0,8,0.0
2024,80301,rural,20,hombre,1,27,3.7037037037037037
2024,80301,rural,20,mujer,0,7,0.0
2024,80301,rural,21,hombre,0,13,0.0
2024,80301,rural,21,mujer,0,7,0.0
2024,80301,rural,22,hombre,1,23,4.3478260869565215
2024,80301,rural,22,mujer,1,7,14.285714285714286
2024,80301,rural,23,hombre,0,28,0.0
2024,80301,rural,23,mujer,0,13,0.0
2024,80301,rural,24,hombre,0,29,0.0
2024,80301,rural,24,mujer,0,9,0.0
2024,80301,rural,25,hombre,0,26,0.0
2024,80301,rural,25,mujer,0,8,0.0
2024,80301,rural,26,hombre,0,31,0.0
2024,80301,rural,26,mujer,0,5,0.0
2024,80301,rural,27,hombre,0,29,0.0
2024,80301,rural,27,mujer,0,18,0.0
2024,80301,rural,28,hombre,0,27,0.0
2024,80301,rural,28,mujer,0,14,0.0
2024,80301,urbana,16,hombre,0,12,0.0
2024,80301,urbana,16,mujer,0,20,0.0
2024,80301,urbana,17,hombre,0,21,0.0
2024,80301,urbana,17,mujer,0,18,0.0
2024,80301,urbana,18,hombre,0,22,0.0
2024,80301,urbana,18,mujer,0,10,0.0
2024,80301,urbana,19,hombre,0,25,0.0
2024,80301,urbana,19,mujer,0,12,0.0
2024,80301,urbana,20,hombre,1,20,5.0
2024,80301,urbana,20,mujer,0,10,0.0
2024,80301,urbana,21,hombre,0,19,0.0
2024,80301,urbana,21,mujer,0,13,0.0
2024,80301,urbana,22,hombre,0,27,0.0
2024,80301,urbana,22,mujer,0,17,0.0
2024,80301,urbana,23,hombre,0,32,0.0
2024,80301,urbana,23,mujer,0,21,0.0
2024,80301,urbana,24,hombre,0,32,0.0
2024,80301,urbana,24,mujer,1,24,4.166666666666667
2024,80301,urbana,25,hombre,1,32,3.125
2024,80301,urbana,25,mujer,0,25,0.0
2024,80301,urbana,26,hombre,1,43,2.3255813953488373
2024,80301,urbana,26,mujer,0,33,0.0
2024,80301,urbana,27,hombre,2,35,5.714285714285714
2024,80301,urbana,27,mujer,0,22,0.0
2024,80301,urbana,28,hombre,0,41,0.0
2024,80301,urbana,28,mujer,1,29,3.4482758620689653
2024,80302,rural,16,hombre,0,87,0.0
2024,80302,rural,16,mujer,0,56,0.0
2024,80302,rural,17,hombre,0,95,0.0
2024,80302,rural,17,mujer,0,70,0.0
2024,80302,rural,18,hombre,0,100,0.0
2024,80302,rural,18,mujer,0,63,0.0
2024,80302,rural,19,hombre,0,109,0.0
2024,80302,rural,19,mujer,1,67,1.492537313432836
2024,80302,rural,20,hombre,0,110,0.0
2024,80302,rural,20,mujer,0,92,0.0
2024,80302,rural,21,hombre,1,124,0.8064516129032258
2024,80302,rural,21,mujer,0,85,0.0
2024,80302,rural,22,hombre,0,99,0.0
2024,80302,rural,22,mujer,0,81,0.0
2024,80302,rural,23,hombre,0,120,0.0
2024,80302,rural,23,mujer,0,81,0.0
2024,80302,rural,24,hombre,0,130,0.0
2024,80302,rural,24,mujer,0,77,0.0
2024,80302,rural,25,hombre,0,121,0.0
2024,80302,rural,25,mujer,0,70,0.0
2024,80302,rural,26,hombre,0,126,0.0
2024,80302,rural,26,mujer,0,83,0.0
2024,80302,rural,27,hombre,0,137,0.0
2024,80302,rural,27,mujer,1,69,1.4492753623188406
2024,80302,rural,28,hombre,0,137,0.0
2024,80302,rural,28,mujer,0,75,0.0
2024,80302,urbana,16,hombre,0,64,0.0
2024,80302,urbana,16,mujer,0,42,0.0
2024,80302,urbana,17,hombre,1,91,1.098901098901099
2024,80302,urbana,17,mujer,1,36,2.7777777777777777
2024,80302,urbana,18,hombre,0,62,0.0
2024,80302,urbana,18,mujer,2,60,3.3333333333333335
2024,80302,urbana,19,hombre,3,90,3.3333333333333335
2024,80302,urbana,19,mujer,0,46,0.0
2024,80302,urbana,20,hombre,0,83,0.0
2024,80302,urbana,20,mujer,0,60,0.0
2024,80302,urbana,21,hombre,2,93,2.150537634408602
2024,80302,urbana,21,mujer,2,54,3.7037037037037037
2024,80302,urbana,22,hombre,2,111,1.8018018018018018
2024,80302,urbana,22,mujer,1,62,1.6129032258064515
2024,80302,urbana,23,hombre,0,111,0.0
2024,80302,urbana,23,mujer,1,77,1.2987012987012987
2024,80302,urbana,24,hombre,5,114,4.385964912280702
2024,80302,urbana,24,mujer,3,103,2.912621359223301
2024,80302,urbana,25,hombre,1,97,1.0309278350515463
2024,80302,urbana,25,mujer,2,82,2.4390243902439024
2024,80302,urbana,26,hombre,4,122,3.278688524590164
2024,80302,urbana,26,mujer,4,117,3.4188034188034186
2024,80302,urbana,27,hombre,2,123,1.6260162601626016
2024,80302,urbana,27,mujer,4,81,4.938271604938271
2024,80302,urbana,28,hombre,4,143,2.797202797202797
2024,80302,urbana,28,mujer,3,101,2.9702970297029703
2024,80303,rural,16,hombre,0,13,0.0
2024,80303,rural,16,mujer,0,3,0.0
2024,80303,rural,17,hombre,0,13,0.0
2024,80303,rural,17,mujer,0,6,0.0
2024,80303,rural,18,hombre,0,14,0.0
2024,80303,rural,18,mujer,0,8,0.0
2024,80303,rural,19,hombre,0,11,0.0
2024,80303,rural,19,mujer,0,4,0.0
2024,80303,rural,20,hombre,0,18,0.0
2024,80303,rural,20,mujer,0,5,0.0
2024,80303,rural,21,hombre,0,21,0.0
2024,80303,rural,21,mujer,0,5,0.0
2024,80303,rural,22,hombre,0,23,0.0
2024,80303,rural,22,mujer,0,7,0.0
2024,80303,rural,23,hombre,0,18,0.0
2024,80303,rural,23,mujer,0,6,0.0
2024,80303,rural,24,hombre,0,36,0.0
2024,80303,rural,24,mujer,0,6,0.0
2024,80303,rural,25,hombre,1,24,4.166666666666667
2024,80303,rural,25,mujer,0,9,0.0
2024,80303,rural,26,hombre,0,43,0.0
2024,80303,rural,26,mujer,0,10,0.0
2024,80303,rural,27,hombre,0,32,0.0
2024,80303,rural,27,mujer,0,12,0.0
2024,80303,rural,28,hombre,1,29,3.4482758620689653
2024,80303,rural,28,mujer,0,9,0.0
2024,80303,urbana,16,hombre,0,12,0.0
2024,80303,urbana,16,mujer,0,10,0.0
2024,80303,urbana,17,hombre,1,16,6.25
2024,80303,urbana,17,mujer,0,11,0.0
2024,80303,urbana,18,hombre,1,19,5.2631578947368425
2024,80303,urbana,18,mujer,0,10,0.0
2024,80303,urbana,19,hombre,0,13,0.0
2024,80303,urbana,19,mujer,0,10,0.0
2024,80303,urbana,20,hombre,2,23,8.695652173913043
2024,80303,urbana,20,mujer,0,11,0.0
2024,80303,urbana,21,hombre,1,18,5.555555555555555
2024,80303,urbana,21,mujer,1,16,6.25
2024,80303,urbana,22,hombre,0,28,0.0
2024,80303,urbana,22,mujer,0,12,0.0
2024,80303,urbana,23,hombre,0,20,0.0
2024,80303,urbana,23,mujer,0,16,0.0
2024,80303,urbana,24,hombre,0,33,0.0
2024,80303,urbana,24,mujer,0,21,0.0
2024,80303,urbana,25,hombre,0,25,0.0
2024,80303,urbana,25,mujer,0,14,0.0
2024,80303,urbana,26,hombre,1,31,3.225806451612903
2024,80303,urbana,26,mujer,0,10,0.0
2024,80303,urbana,27,hombre,1,38,2.6315789473684212
2024,80303,urbana,27,mujer,0,20,0.0
2024,80303,urbana,28,hombre,2,35,5.714285714285714
2024,80303,urbana,28,mujer,0,15,0.0
2024,80304,rural,16,hombre,0,40,0.0
2024,80304,rural,16,mujer,0,15,0.0
2024,80304,rural,17,hombre,1,35,2.857142857142857
2024,80304,rural,17,mujer,0,19,0.0
2024,80304,rural,18,hombre,0,28,0.0
2024,80304,rural,18,mujer,0,18,0.0
2024,80304,rural,19,hombre,1,29,3.4482758620689653
2024,80304,rural,19,mujer,0,22,0.0
2024,80304,rural,20,hombre,0,48,0.0
2024,80304,rural,20,mujer,0,24,0.0
2024,80304,rural,21,hombre,0,33,0.0
2024,80304,rural,21,mujer,0,23,0.0
2024,80304,rural,22,hombre,0,38,0.0
2024,80304,rural,22,mujer,0,32,0.0
2024,80304,rural,23,hombre,0,44,0.0
2024,80304,rural,23,mujer,0,31,0.0
2024,80304,rural,24,hombre,0,53,0.0
2024,80304,rural,24,mujer,0,31,0.0
2024,80304,rural,25,hombre,0,41,0.0
2024,80304,rural,25,mujer,0,40,0.0
2024,80304,rural,26,hombre,0,62,0.0
2024,80304,rural,26,mujer,1,26,3.8461538461538463
2024,80304,rural,27,hombre,0,54,0.0
2024,80304,rural,27,mujer,1,39,2.5641025641025643
2024,80304,rural,28,hombre,0,53,0.0
2024,80304,rural,28,mujer,0,34,0.0
2024,80304,urbana,16,hombre,1,39,2.5641025641025643
2024,80304,urbana,16,mujer,1,21,4.761904761904762
2024,80304,urbana,17,hombre,0,50,0.0
2024,80304,urbana,17,mujer,0,38,0.0
2024,80304,urbana,18,hombre,1,83,1.2048192771084338
2024,80304,urbana,18,mujer,1,37,2.7027027027027026
2024,80304,urbana,19,hombre,2,65,3.076923076923077
2024,80304,urbana,19,mujer,0,29,0.0
2024,80304,urbana,20,hombre,1,57,1.7543859649122806
2024,80304,urbana,20,mujer,0,51,0.0
2024,80304,urbana,21,hombre,2,73,2.73972602739726
2024,80304,urbana,21,mujer,0,35,0.0
2024,80304,urbana,22,hombre,0,47,0.0
2024,80304,urbana,22,mujer,1,60,1.6666666666666667
2024,80304,urbana,23,hombre,2,80,2.5
2024,80304,urbana,23,mujer,1,56,1.7857142857142858
2024,80304,urbana,24,hombre,3,81,3.7037037037037037
2024,80304,urbana,24,mujer,0,61,0.0
2024,80304,urbana,25,hombre,2,77,2.5974025974025974
2024,80304,urbana,25,mujer,3,62,4.838709677419355
2024,80304,urbana,26,hombre,2,88,2.272727272727273
2024,80304,urbana,26,mujer,3,70,4.285714285714286
2024,80304,urbana,27,hombre,1,82,1.2195121951219512
2024,80304,urbana,27,mujer,4,67,5.970149253731344
2024,80304,urbana,28,hombre,1,76,1.3157894736842106
2024,80304,urbana,28,mujer,1,65,1.5384615384615385
2024,80401,rural,16,hombre,1,17,5.882352941176471
2024,80401,rural,16,mujer,0,11,0.0
2024,80401,rural,17,hombre,0,25,0.0
2024,80401,rural,17,mujer,0,6,0.0
2024,80401,rural,18,hombre,0,23,0.0
2024,80401,rural,18,mujer,0,12,0.0
2024,80401,rural,19,hombre,0,22,0.0
2024,80401,rural,19,mujer,0,16,0.0
2024,80401,rural,20,hombre,0,19,0.0
2024,80401,rural,20,mujer,0,15,0.0
2024,80401,rural,21,hombre,0,40,0.0
2024,80401,rural,21,mujer,0,20,0.0
2024,80401,rural,22,hombre,0,16,0.0
2024,80401,rural,22,mujer,0,16,0.0
2024,80401,rural,23,hombre,0,35,0.0
2024,80401,rural,23,mujer,0,12,0.0
2024,80401,rural,24,hombre,1,41,2.4390243902439024
2024,80401,rural,24,mujer,0,13,0.0
2024,80401,rural,25,hombre,0,32,0.0
2024,80401,rural,25,mujer,1,11,9.090909090909092
2024,80401,rural,26,hombre,0,49,0.0
2024,80401,rural,26,mujer,0,12,0.0
2024,80401,rural,27,hombre,1,26,3.8461538461538463
2024,80401,rural,27,mujer,0,11,0.0
2024,80401,rural,28,hombre,1,30,3.3333333333333335
2024,80401,rural,28,mujer,0,16,0.0
2024,80401,urbana,16,hombre,0,25,0.0
2024,80401,urbana,16,mujer,0,29,0.0
2024,80401,urbana,17,hombre,1,32,3.125
2024,80401,urbana,17,mujer,0,14,0.0
2024,80401,urbana,18,hombre,0,37,0.0
2024,80401,urbana,18,mujer,0,22,0.0
2024,80401,urbana,19,hombre,0,48,0.0
2024,80401,urbana,19,mujer,0,22,0.0
2024,80401,urbana,20,hombre,1,54,1.8518518518518519
2024,80401,urbana,20,mujer,1,22,4.545454545454546
2024,80401,urbana,21,hombre,0,48,0.0
2024,80401,urbana,21,mujer,1,34,2.9411764705882355
2024,80401,urbana,22,hombre,0,57,0.0
2024,80401,urbana,22,mujer,1,35,2.857142857142857
2024,80401,urbana,23,hombre,0,53,0.0
2024,80401,urbana,23,mujer,0,41,0.0
2024,80401,urbana,24,hombre,3,76,3.9473684210526314
2024,80401,urbana,24,mujer,1,51,1.9607843137254901
2024,80401,urbana,25,hombre,0,53,0.0
2024,80401,urbana,25,mujer,0,37,0.0
2024,80401,urbana,26,hombre,0,55,0.0
2024,80401,urbana,26,mujer,0,36,0.0
2024,80401,urbana,27,hombre,2,63,3.1746031746031744
2024,80401,urbana,27,mujer,1,48,2.0833333333333335
2024,80401,urbana,28,hombre,1,57,1.7543859649122806
2024,80401,urbana,28,mujer,0,45,0.0
2024,80402,rural,16,hombre,0,8,0.0
2024,80402,rural,16,mujer,1,6,16.666666666666668
2024,80402,rural,17,hombre,0,20,0.0
2024,80402,rural,17,mujer,1,11,9.090909090909092
2024,80402,rural,18,hombre,3,36,8.333333333333334
2024,80402,rural,18,mujer,0,14,0.0
2024,80402,rural,19,hombre,1,41,2.4390243902439024
2024,80402,rural,19,mujer,0,33,0.0
2024,80402,rural,20,hombre,0,51,0.0
2024,80402,rural,20,mujer,0,22,0.0
2024,80402,rural,21,hombre,0,45,0.0
2024,80402,rural,21,mujer,1,18,5.555555555555555
2024,80402,rural,22,hombre,0,59,0.0
2024,80402,rural,22,mujer,0,21,0.0
2024,80402,rural,23,hombre,1,55,1.8181818181818181
2024,80402,rural,23,mujer,0,22,0.0
2024,80402,rural,24,hombre,0,59,0.0
2024,80402,rural,24,mujer,0,21,0.0
2024,80402,rural,25,hombre,1,55,1.8181818181818181
2024,80402,rural,25,mujer,0,19,0.0
2024,80402,rural,26,hombre,0,39,0.0
2024,80402,rural,26,mujer,0,22,0.0
2024,80402,rural,27,hombre,0,55,0.0
2024,80402,rural,27,mujer,0,23,0.0
2024,80402,rural,28,hombre,0,58,0.0
2024,80402,rural,28,mujer,0,17,0.0
2024,80402,urbana,16,hombre,0,4,0.0
2024,80402,urbana,17,hombre,0,5,0.0
2024,80402,urbana,17,mujer,0,1,0.0
2024,80402,urbana,18,hombre,0,8,0.0
2024,80402,urbana,18,mujer,0,4,0.0
2024,80402,urbana,19,hombre,0,12,0.0
2024,80402,urbana,19,mujer,0,6,0.0
2024,80402,urbana,20,hombre,0,19,0.0
2024,80402,urbana,20,mujer,0,13,0.0
2024,80402,urbana,21,hombre,0,12,0.0
2024,80402,urbana,21,mujer,0,9,0.0
2024,80402,urbana,22,hombre,1,11,9.090909090909092
2024,80402,urbana,22,mujer,0,8,0.0
2024,80402,urbana,23,hombre,0,24,0.0
2024,80402,urbana,23,mujer,0,7,0.0
2024,80402,urbana,24,hombre,0,18,0.0
2024,80402,urbana,24,mujer,0,5,0.0
2024,80402,urbana,25,hombre,0,13,0.0
2024,80402,urbana,25,mujer,0,8,0.0
2024,80402,urbana,26,hombre,0,13,0.0
2024,80402,urbana,26,mujer,1,4,25.0
2024,80402,urbana,27,hombre,0,9,0.0
2024,80402,urbana,27,mujer,0,8,0.0
2024,80402,urbana,28,hombre,0,9,0.0
2024,80402,urbana,28,mujer,0,9,0.0
2024,80501,rural,16,hombre,0,30,0.0
2024,80501,rural,16,mujer,0,8,0.0
2024,80501,rural,17,hombre,0,35,0.0
2024,80501,rural,17,mujer,0,12,0.0
2024,80501,rural,18,hombre,0,25,0.0
2024,80501,rural,18,mujer,1,8,12.5
2024,80501,rural,19,hombre,0,44,0.0
2024,80501,rural,19,mujer,0,13,0.0
2024,80501,rural,20,hombre,0,39,0.0
2024,80501,rural,20,mujer,0,16,0.0
2024,80501,rural,21,hombre,2,39,5.128205128205129
2024,80501,rural,21,mujer,0,15,0.0
2024,80501,rural,22,hombre,0,42,0.0
2024,80501,rural,22,mujer,0,18,0.0
2024,80501,rural,23,hombre,0,59,0.0
2024,80501,rural,23,mujer,0,27,0.0
2024,80501,rural,24,hombre,0,72,0.0
2024,80501,rural,24,mujer,0,23,0.0
2024,80501,rural,25,hombre,0,70,0.0
2024,80501,rural,25,mujer,0,20,0.0
2024,80501,rural,26,hombre,1,64,1.5625
2024,80501,rural,26,mujer,2,25,8.0
2024,80501,rural,27,hombre,0,54,0.0
2024,80501,rural,27,mujer,1,21,4.761904761904762
2024,80501,rural,28,hombre,0,57,0.0
2024,80501,rural,28,mujer,1,29,3.4482758620689653
2024,80501,urbana,16,hombre,1,19,5.2631578947368425
2024,80501,urbana,16,mujer,0,21,0.0
2024,80501,urbana,17,hombre,0,24,0.0
2024,80501,urbana,17,mujer,0,19,0.0
2024,80501,urbana,18,hombre,1,29,3.4482758620689653
2024,80501,urbana,18,mujer,0,20,0.0
2024,80501,urbana,19,hombre,2,31,6.451612903225806
2024,80501,urbana,19,mujer,0,28,0.0
2024,80501,urbana,20,hombre,0,51,0.0
2024,80501,urbana,20,mujer,0,19,0.0
2024,80501,urbana,21,hombre,0,40,0.0
2024,80501,urbana,21,mujer,1,29,3.4482758620689653
2024,80501,urbana,22,hombre,1,42,2.380952380952381
2024,80501,urbana,22,mujer,0,22,0.0
2024,80501,urbana,23,hombre,0,53,0.0
2024,80501,urbana,23,mujer,0,25,0.0
2024,80501,urbana,24,hombre,1,43,2.3255813953488373
2024,80501,urbana,24,mujer,2,44,4.545454545454546
2024,80501,urbana,25,hombre,2,45,4.444444444444445
2024,80501,urbana,25,mujer,0,27,0.0
2024,80501,urbana,26,hombre,0,45,0.0
2024,80501,urbana,26,mujer,3,35,8.571428571428571
2024,80501,urbana,27,hombre,2,53,3.7735849056603774
2024,80501,urbana,27,mujer,1,36,2.7777777777777777
2024,80501,urbana,28,hombre,2,50,4.0
2024,80501,urbana,28,mujer,0,34,0.0
2024,80601,rural,16,hombre,0,3,0.0
2024,80601,rural,16,mujer,0,4,0.0
2024,80601,rural,17,hombre,0,7,0.0
2024,80601,rural,17,mujer,0,4,0.0
2024,80601,rural,18,hombre,0,18,0.0
2024,80601,rural,18,mujer,0,7,0.0
2024,80601,rural,19,hombre,0,10,0.0
2024,80601,rural,19,mujer,0,11,0.0
2024,80601,rural,20,hombre,0,19,0.0
2024,80601,rural,20,mujer,0,9,0.0
2024,80601,rural,21,hombre,0,13,0.0
2024,80601,rural,21,mujer,0,9,0.0
2024,80601,rural,22,hombre,0,19,0.0
2024,80601,rural,22,mujer,1,11,9.090909090909092
2024,80601,rural,23,hombre,0,22,0.0
2024,80601,rural,23,mujer,0,5,0.0
2024,80601,rural,24,hombre,1,13,7.6923076923076925
2024,80601,rural,24,mujer,0,7,0.0
2024,80601,rural,25,hombre,0,24,0.0
2024,80601,rural,25,mujer,0,5,0.0
2024,80601,rural,26,hombre,0,20,0.0
2024,80601,rural,26,mujer,0,8,0.0
2024,80601,rural,27,hombre,0,18,0.0
2024,80601,rural,27,mujer,0,9,0.0
2024,80601,rural,28,hombre,0,26,0.0
2024,80601,rural,28,mujer,0,13,0.0
2024,80602,rural,16,hombre,1,40,2.5
2024,80602,rural,16,mujer,0,6,0.0
2024,80602,rural,17,hombre,1,52,1.9230769230769231
2024,80602,rural,17,mujer,0,11,0.0
2024,80602,rural,18,hombre,1,51,1.9607843137254901
2024,80602,rural,18,mujer,0,22,0.0
2024,80602,rural,19,hombre,0,55,0.0
2024,80602,rural,19,mujer,0,21,0.0
2024,80602,rural,20,hombre,0,69,0.0
2024,80602,rural,20,mujer,0,24,0.0
2024,80602,rural,21,hombre,0,82,0.0
2024,80602,rural,21,mujer,2,37,5.405405405405405
2024,80602,rural,22,hombre,2,83,2.4096385542168677
2024,80602,rural,22,mujer,1,33,3.0303030303030303
2024,80602,rural,23,hombre,1,107,0.9345794392523364
2024,80602,rural,23,mujer,1,36,2.7777777777777777
2024,80602,rural,24,hombre,4,99,4.040404040404041
2024,80602,rural,24,mujer,0,54,0.0
2024,80602,rural,25,hombre,4,109,3.669724770642202
2024,80602,rural,25,mujer,0,32,0.0
2024,80602,rural,26,hombre,3,110,2.727272727272727
2024,80602,rural,26,mujer,2,50,4.0
2024,80602,rural,27,hombre,3,89,3.3707865168539324
2024,80602,rural,27,mujer,0,45,0.0
2024,80602,rural,28,hombre,4,106,3.7735849056603774
2024,80602,rural,28,mujer,1,53,1.8867924528301887
2024,80602,urbana,16,hombre,0,7,0.0
2024,80602,urbana,16,mujer,0,6,0.0
2024,80602,urbana,17,hombre,0,15,0.0
2024,80602,urbana,17,mujer,0,3,0.0
2024,80602,urbana,18,hombre,0,8,0.0
2024,80602,urbana,18,mujer,0,4,0.0
2024,80602,urbana,19,hombre,0,7,0.0
2024,80602,urbana,19,mujer,0,7,0.0
2024,80602,urbana,20,hombre,1,11,9.090909090909092
2024,80602,urbana,20,mujer,0,8,0.0
2024,80602,urbana,21,hombre,0,11,0.0
2024,80602,urbana,21,mujer,0,2,0.0
2024,80602,urbana,22,hombre,0,17,0.0
2024,80602,urbana,22,mujer,0,6,0.0
2024,80602,urbana,23,hombre,0,8,0.0
2024,80602,urbana,23,mujer,0,11,0.0
2024,80602,urbana,24,hombre,0,13,0.0
2024,80602,urbana,24,mujer,0,5,0.0
2024,80602,urbana,25,hombre,0,13,0.0
2024,80602,urbana,25,mujer,0,4,0.0
2024,80602,urbana,26,hombre,1,12,8.333333333333334
2024,80602,urbana,26,mujer,0,14,0.0
2024,80602,urbana,27,hombre,0,18,0.0
2024,80602,urbana,27,mujer,1,16,6.25
2024,80602,urbana,28,hombre,0,21,0.0
2024,80602,urbana,28,mujer,1,19,5.2631578947368425
2024,80701,rural,16,hombre,0,5,0.0
2024,80701,rural,16,mujer,0,4,0.0
2024,80701,rural,17,hombre,0,13,0.0
2024,80701,rural,17,mujer,0,2,0.0
2024,80701,rural,18,hombre,0,7,0.0
2024,80701,rural,18,mujer,0,5,0.0
2024,80701,rural,19,hombre,0,12,0.0
2024,80701,rural,19,mujer,0,3,0.0
2024,80701,rural,20,hombre,0,8,0.0
2024,80701,rural,20,mujer,0,6,0.0
2024,80701,rural,21,hombre,0,7,0.0
2024,80701,rural,21,mujer,0,8,0.0
2024,80701,rural,22,hombre,0,13,0.0
2024,80701,rural,22,mujer,0,5,0.0
2024,80701,rural,23,hombre,0,15,0.0
2024,80701,rural,23,mujer,0,7,0.0
2024,80701,rural,24,hombre,0,11,0.0
2024,80701,rural,24,mujer,0,4,0.0
2024,80701,rural,25,hombre,0,14,0.0
2024,80701,rural,25,mujer,0,4,0.0
2024,80701,rural,26,hombre,0,10,0.0
2024,80701,rural,26,mujer,0,4,0.0
2024,80701,rural,27,hombre,0,16,0.0
2024,80701,rural,27,mujer,0,8,0.0
2024,80701,rural,28,hombre,0,17,0.0
2024,80701,rural,28,mujer,0,8,0.0
2024,80701,urbana,16,hombre,0,11,0.0
2024,80701,urbana,16,mujer,0,3,0.0
2024,80701,urbana,17,hombre,0,14,0.0
2024,80701,urbana,17,mujer,1,7,14.285714285714286
2024,80701,urbana,18,hombre,1,20,5.0
2024,80701,urbana,18,mujer,0,9,0.0
2024,80701,urbana,19,hombre,1,17,5.882352941176471
2024,80701,urbana,19,mujer,0,7,0.0
2024,80701,urbana,20,hombre,0,17,0.0
2024,80701,urbana,20,mujer,0,13,0.0
2024,80701,urbana,21,hombre,0,16,0.0
2024,80701,urbana,21,mujer,0,14,0.0
2024,80701,urbana,22,hombre,0,18,0.0
2024,80701,urbana,22,mujer,0,6,0.0
2024,80701,urbana,23,hombre,0,25,0.0
2024,80701,urbana,23,mujer,0,15,0.0
2024,80701,urbana,24,hombre,0,30,0.0
2024,80701,urbana,24,mujer,1,17,5.882352941176471
2024,80701,urbana,25,hombre,0,23,0.0
2024,80701,urbana,25,mujer,2,18,11.11111111111111
2024,80701,urbana,26,hombre,0,24,0.0
2024,80701,urbana,26,mujer,0,15,0.0
2024,80701,urbana,27,hombre,0,23,0.0
2024,80701,urbana,27,mujer,0,21,0.0
2024,80701,urbana,28,hombre,1,29,3.4482758620689653
2024,80701,urbana,28,mujer,0,11,0.0
2024,80702,rural,16,hombre,0,2,0.0
2024,80702,rural,16,mujer,0,2,0.0
2024,80702,rural,17,hombre,0,8,0.0
2024,80702,rural,17,mujer,0,1,0.0
2024,80702,rural,18,hombre,1,12,8.333333333333334
2024,80702,rural,18,mujer,0,3,0.0
2024,80702,rural,19,hombre,0,11,0.0
2024,80702,rural,19,mujer,0,8,0.0
2024,80702,rural,20,hombre,0,12,0.0
2024,80702,rural,20,mujer,1,3,33.333333333333336
2024,80702,rural,21,hombre,0,14,0.0
2024,80702,rural,21,mujer,0,9,0.0
2024,80702,rural,22,hombre,0,11,0.0
2024,80702,rural,22,mujer,0,7,0.0
2024,80702,rural,23,hombre,1,16,6.25
2024,80702,rural,23,mujer,0,5,0.0
2024,80702,rural,24,hombre,0,12,0.0
2024,80702,rural,24,mujer,0,4,0.0
2024,80702,rural,25,hombre,0,10,0.0
2024,80702,rural,25,mujer,0,4,0.0
2024,80702,rural,26,hombre,0,14,0.0
2024,80702,rural,26,mujer,0,7,0.0
2024,80702,rural,27,hombre,0,8,0.0
2024,80702,rural,27,mujer,0,6,0.0
2024,80702,rural,28,hombre,0,13,0.0
2024,80702,rural,28,mujer,0,3,0.0
2024,80702,urbana,16,hombre,0,10,0.0
2024,80702,urbana,16,mujer,0,12,0.0
2024,80702,urbana,17,hombre,0,8,0.0
2024,80702,urbana,17,mujer,0,4,0.0
2024,80702,urbana,18,hombre,0,7,0.0
2024,80702,urbana,18,mujer,0,8,0.0
2024,80702,urbana,19,hombre,0,15,0.0
2024,80702,urbana,19,mujer,0,8,0.0
2024,80702,urbana,20,hombre,0,16,0.0
2024,80702,urbana,20,mujer,0,7,0.0
2024,80702,urbana,21,hombre,0,19,0.0
2024,80702,urbana,21,mujer,0,5,0.0
2024,80702,urbana,22,hombre,0,14,0.0
2024,80702,urbana,22,mujer,1,6,16.666666666666668
2024,80702,urbana,23,hombre,0,22,0.0
2024,80702,urbana,23,mujer,0,12,0.0
2024,80702,urbana,24,hombre,0,12,0.0
2024,80702,urbana,24,mujer,0,14,0.0
2024,80702,urbana,25,hombre,0,11,0.0
2024,80702,urbana,25,mujer,0,20,0.0
2024,80702,urbana,26,hombre,1,22,4.545454545454546
2024,80702,urbana,26,mujer,0,13,0.0
2024,80702,urbana,27,hombre,0,8,0.0
2024,80702,urbana,27,mujer,1,10,10.0
2024,80702,urbana,28,hombre,0,29,0.0
2024,80702,urbana,28,mujer,0,19,0.0
2024,80703,rural,16,hombre,0,2,0.0
2024,80703,rural,16,mujer,0,2,0.0
2024,80703,rural,17,hombre,0,5,0.0
2024,80703,rural,17,mujer,0,2,0.0
2024,80703,rural,18,hombre,0,4,0.0
2024,80703,rural,18,mujer,0,2,0.0
2024,80703,rural,19,hombre,1,2,50.0
2024,80703,rural,19,mujer,0,3,0.0
2024,80703,rural,20,hombre,0,3,0.0
2024,80703,rural,20,mujer,1,2,50.0
2024,80703,rural,21,hombre,0,3,0.0
2024,80703,rural,21,mujer,0,3,0.0
2024,80703,rural,22,hombre,0,2,0.0
2024,80703,rural,22,mujer,0,2,0.0
2024,80703,rural,23,hombre,0,8,0.0
2024,80703,rural,23,mujer,0,3,0.0
2024,80703,rural,24,hombre,0,7,0.0
2024,80703,rural,24,mujer,0,2,0.0
2024,80703,rural,25,hombre,1,9,11.11111111111111
2024,80703,rural,25,mujer,1,3,33.333333333333336
2024,80703,rural,26,hombre,0,7,0.0
2024,80703,rural,26,mujer,0,6,0.0
2024,80703,rural,27,hombre,0,7,0.0
2024,80703,rural,27,mujer,0,5,0.0
2024,80703,rural,28,hombre,0,8,0.0
2024,80703,rural,28,mujer,0,2,0.0
2024,80801,rural,16,hombre,1,8,12.5
2024,80801,rural,16,mujer,0,2,0.0
2024,80801,rural,17,hombre,0,9,0.0
2024,80801,rural,18,hombre,0,5,0.0
2024,80801,rural,19,hombre,0,6,0.0
2024,80801,rural,19,mujer,0,1,0.0
2024,80801,rural,20,hombre,0,8,0.0
2024,80801,rural,20,mujer,0,5,0.0
2024,80801,rural,21,hombre,0,11,0.0
2024,80801,rural,21,mujer,0,5,0.0
2024,80801,rural,22,hombre,0,8,0.0
2024,80801,rural,22,mujer,1,4,25.0
2024,80801,rural,23,hombre,0,8,0.0
2024,80801,rural,23,mujer,0,5,0.0
2024,80801,rural,24,hombre,0,14,0.0
2024,80801,rural,24,mujer,0,7,0.0
2024,80801,rural,25,hombre,0,20,0.0
2024,80801,rural,25,mujer,0,4,0.0
2024,80801,rural,26,hombre,0,13,0.0
2024,80801,rural,26,mujer,0,6,0.0
2024,80801,rural,27,hombre,0,17,0.0
2024,80801,rural,27,mujer,0,7,0.0
2024,80801,rural,28,hombre,0,11,0.0
2024,80801,rural,28,mujer,1,11,9.090909090909092
2024,80801,urbana,16,hombre,0,27,0.0
2024,80801,urbana,16,mujer,0,4,0.0
2024,80801,urbana,17,hombre,1,21,4.761904761904762
2024,80801,urbana,17,mujer,0,11,0.0
2024,80801,urbana,18,hombre,0,21,0.0
2024,80801,urbana,18,mujer,0,11,0.0
2024,80801,urbana,19,hombre,1,25,4.0
2024,80801,urbana,19,mujer,0,7,0.0
2024,80801,urbana,20,hombre,1,27,3.7037037037037037
2024,80801,urbana,20,mujer,0,17,0.0
2024,80801,urbana,21,hombre,2,33,6.0606060606060606
2024,80801,urbana,21,mujer,0,11,0.0
2024,80801,urbana,22,hombre,2,30,6.666666666666667
2024,80801,urbana,22,mujer,0,12,0.0
2024,80801,urbana,23,hombre,1,39,2.5641025641025643
2024,80801,urbana,23,mujer,0,19,0.0
2024,80801,urbana,24,hombre,0,45,0.0
2024,80801,urbana,24,mujer,3,27,11.11111111111111
2024,80801,urbana,25,hombre,0,28,0.0
2024,80801,urbana,25,mujer,0,19,0.0
2024,80801,urbana,26,hombre,2,48,4.166666666666667
2024,80801,urbana,26,mujer,0,24,0.0
2024,80801,urbana,27,hombre,0,43,0.0
2024,80801,urbana,27,mujer,1,29,3.4482758620689653
2024,80801,urbana,28,hombre,0,40,0.0
2024,80801,urbana,28,mujer,1,25,4.0
2024,80802,rural,16,hombre,0,8,0.0
2024,80802,rural,16,mujer,0,4,0.0
2024,80802,rural,17,hombre,1,15,6.666666666666667
2024,80802,rural,17,mujer,0,5,0.0
2024,80802,rural,18,hombre,0,28,0.0
2024,80802,rural,18,mujer,0,7,0.0
2024,80802,rural,19,hombre,1,23,4.3478260869565215
2024,80802,rural,19,mujer,0,10,0.0
2024,80802,rural,20,hombre,0,37,0.0
2024,80802,rural,20,mujer,0,11,0.0
2024,80802,rural,21,hombre,0,26,0.0
2024,80802,rural,21,mujer,1,14,7.142857142857143
2024,80802,rural,22,hombre,0,43,0.0
2024,80802,rural,22,mujer,0,16,0.0
2024,80802,rural,23,hombre,1,38,2.6315789473684212
2024,80802,rural,23,mujer,1,22,4.545454545454546
2024,80802,rural,24,hombre,1,54,1.8518518518518519
2024,80802,rural,24,mujer,1,23,4.3478260869565215
2024,80802,rural,25,hombre,2,41,4.878048780487805
2024,80802,rural,25,mujer,0,17,0.0
2024,80802,rural,26,hombre,1,45,2.2222222222222223
2024,80802,rural,26,mujer,0,19,0.0
2024,80802,rural,27,hombre,0,39,0.0
2024,80802,rural,27,mujer,0,24,0.0
2024,80802,rural,28,hombre,1,53,1.8867924528301887
2024,80802,rural,28,mujer,1,24,4.166666666666667
2024,80802,urbana,16,hombre,0,3,0.0
2024,80802,urbana,16,mujer,0,1,0.0
2024,80802,urbana,17,hombre,0,7,0.0
2024,80802,urbana,18,hombre,0,4,0.0
2024,80802,urbana,18,mujer,0,4,0.0
2024,80802,urbana,19,hombre,0,6,0.0
2024,80802,urbana,19,mujer,0,3,0.0
2024,80802,urbana,20,hombre,0,5,0.0
2024,80802,urbana,20,mujer,0,4,0.0
2024,80802,urbana,21,hombre,0,4,0.0
2024,80802,urbana,21,mujer,0,2,0.0
2024,80802,urbana,22,hombre,0,4,0.0
2024,80802,urbana,22,mujer,0,3,0.0
2024,80802,urbana,23,hombre,1,8,12.5
2024,80802,urbana,23,mujer,0,4,0.0
2024,80802,urbana,24,hombre,0,7,0.0
2024,80802,urbana,24,mujer,0,5,0.0
2024,80802,urbana,25,hombre,0,7,0.0
2024,80802,urbana,25,mujer,0,5,0.0
2024,80802,urbana,26,hombre,1,7,14.285714285714286
2024,80802,urbana,26,mujer,0,3,0.0
2024,80802,urbana,27,hombre,0,10,0.0
2024,80802,urbana,27,mujer,0,3,0.0
2024,80802,urbana,28,hombre,0,14,0.0
2024,80802,urbana,28,mujer,0,6,0.0
2024,80803,rural,16,hombre,0,1,0.0
2024,80803,rural,16,mujer,0,1,0.0
2024,80803,rural,17,hombre,0,5,0.0
2024,80803,rural,18,hombre,0,4,0.0
2024,80803,rural,18,mujer,0,3,0.0
2024,80803,rural,19,hombre,0,8,0.0
2024,80803,rural,19,mujer,0,7,0.0
2024,80803,rural,20,hombre,1,12,8.333333333333334
2024,80803,rural,20,mujer,0,4,0.0
2024,80803,rural,21,hombre,0,13,0.0
2024,80803,rural,21,mujer,0,5,0.0
2024,80803,rural,22,hombre,0,9,0.0
2024,80803,rural,22,mujer,0,6,0.0
2024,80803,rural,23,hombre,0,17,0.0
2024,80803,rural,23,mujer,0,4,0.0
2024,80803,rural,24,hombre,0,19,0.0
2024,80803,rural,24,mujer,1,4,25.0
2024,80803,rural,25,hombre,0,13,0.0
2024,80803,rural,25,mujer,0,9,0.0
2024,80803,rural,26,hombre,0,10,0.0
2024,80803,rural,26,mujer,0,9,0.0
2024,80803,rural,27,hombre,0,16,0.0
2024,80803,rural,27,mujer,0,4,0.0
2024,80803,rural,28,hombre,0,14,0.0
2024,80803,rural,28,mujer,0,7,0.0
2024,80803,urbana,16,hombre,0,4,0.0
2024,80803,urbana,16,mujer,0,2,0.0
2024,80803,urbana,17,hombre,0,10,0.0
2024,80803,urbana,17,mujer,0,2,0.0
2024,80803,urbana,18,hombre,0,2,0.0
2024,80803,urbana,18,mujer,0,3,0.0
2024,80803,urbana,19,hombre,0,8,0.0
2024,80803,urbana,19,mujer,0,1,0.0
2024,80803,urbana,20,hombre,0,10,0.0
2024,80803,urbana,20,mujer,1,5,20.0
2024,80803,urbana,21,hombre,0,6,0.0
2024,80803,urbana,21,mujer,0,5,0.0
2024,80803,urbana,22,hombre,1,7,14.285714285714286
2024,80803,urbana,22,mujer,0,3,0.0
2024,80803,urbana,23,hombre,0,12,0.0
2024,80803,urbana,23,mujer,0,2,0.0
2024,80803,urbana,24,hombre,0,15,0.0
2024,80803,urbana,24,mujer,0,5,0.0
2024,80803,urbana,25,hombre,0,8,0.0
2024,80803,urbana,25,mujer,0,2,0.0
2024,80803,urbana,26,hombre,0,13,0.0
2024,80803,urbana,26,mujer,0,6,0.0
2024,80803,urbana,27,hombre,1,12,8.333333333333334
2024,80803,urbana,27,mujer,0,3,0.0
2024,80803,urbana,28,hombre,0,11,0.0
2024,80803,urbana,28,mujer,0,9,0.0
2024,80901,rural,16,hombre,0,18,0.0
2024,80901,rural,16,mujer,0,5,0.0
2024,80901,rural,17,hombre,0,15,0.0
2024,80901,rural,17,mujer,0,6,0.0
2024,80901,rural,18,hombre,0,15,0.0
2024,80901,rural,18,mujer,0,3,0.0
2024,80901,rural,19,hombre,0,10,0.0
2024,80901,rural,19,mujer,0,4,0.0
2024,80901,rural,20,hombre,0,13,0.0
2024,80901,rural,20,mujer,0,10,0.0
2024,80901,rural,21,hombre,0,23,0.0
2024,80901,rural,21,mujer,0,5,0.0
2024,80901,rural,22,hombre,0,10,0.0
2024,80901,rural,22,mujer,0,5,0.0
2024,80901,rural,23,hombre,0,9,0.0
2024,80901,rural,23,mujer,0,6,0.0
2024,80901,rural,24,hombre,0,25,0.0
2024,80901,rural,24,mujer,0,5,0.0
2024,80901,rural,25,hombre,0,22,0.0
2024,80901,rural,25,mujer,0,9,0.0
2024,80901,rural,26,hombre,0,16,0.0
2024,80901,rural,26,mujer,0,10,0.0
2024,80901,rural,27,hombre,0,10,0.0
2024,80901,rural,27,mujer,0,9,0.0
2024,80901,rural,28,hombre,1,15,6.666666666666667
2024,80901,rural,28,mujer,0,2,0.0
2024,90101,rural,16,hombre,0,4,0.0
2024,90101,rural,16,mujer,0,1,0.0
2024,90101,rural,17,hombre,0,3,0.0
2024,90101,rural,18,hombre,0,8,0.0
2024,90101,rural,18,mujer,0,1,0.0
2024,90101,rural,19,hombre,0,3,0.0
2024,90101,rural,19,mujer,0,5,0.0
2024,90101,rural,20,hombre,0,7,0.0
2024,90101,rural,20,mujer,0,3,0.0
2024,90101,rural,21,hombre,0,3,0.0
2024,90101,rural,21,mujer,0,3,0.0
2024,90101,rural,22,hombre,0,5,0.0
2024,90101,rural,22,mujer,0,7,0.0
2024,90101,rural,23,hombre,1,19,5.2631578947368425
2024,90101,rural,23,mujer,0,9,0.0
2024,90101,rural,24,hombre,1,10,10.0
2024,90101,rural,24,mujer,0,6,0.0
2024,90101,rural,25,hombre,0,12,0.0
2024,90101,rural,25,mujer,0,3,0.0
2024,90101,rural,26,hombre,0,12,0.0
2024,90101,rural,26,mujer,0,5,0.0
2024,90101,rural,27,hombre,0,6,0.0
2024,90101,rural,27,mujer,0,5,0.0
2024,90101,rural,28,hombre,0,14,0.0
2024,90101,rural,28,mujer,0,10,0.0
2024,90101,urbana,16,hombre,4,106,3.7735849056603774
2024,90101,urbana,16,mujer,1,74,1.3513513513513513
2024,90101,urbana,17,hombre,2,151,1.3245033112582782
2024,90101,urbana,17,mujer,0,98,0.0
2024,90101,urbana,18,hombre,4,227,1.7621145374449338
2024,90101,urbana,18,mujer,5,143,3.4965034965034967
2024,90101,urbana,19,hombre,5,222,2.2522522522522523
2024,90101,urbana,19,mujer,6,149,4.026845637583893
2024,90101,urbana,20,hombre,5,263,1.9011406844106464
2024,90101,urbana,20,mujer,6,201,2.985074626865672
2024,90101,urbana,21,hombre,7,284,2.464788732394366
2024,90101,urbana,21,mujer,4,227,1.7621145374449338
2024,90101,urbana,22,hombre,7,297,2.356902356902357
2024,90101,urbana,22,mujer,5,254,1.968503937007874
2024,90101,urbana,23,hombre,8,384,2.0833333333333335
2024,90101,urbana,23,mujer,1,251,0.398406374501992
2024,90101,urbana,24,hombre,8,399,2.0050125313283207
2024,90101,urbana,24,mujer,7,256,2.734375
2024,90101,urbana,25,hombre,7,341,2.0527859237536656
2024,90101,urbana,25,mujer,4,256,1.5625
2024,90101,urbana,26,hombre,13,346,3.7572254335260116
2024,90101,urbana,26,mujer,7,275,2.5454545454545454
2024,90101,urbana,27,hombre,13,347,3.7463976945244957
2024,90101,urbana,27,mujer,9,280,3.2142857142857144
2024,90101,urbana,28,hombre,10,335,2.985074626865672
2024,90101,urbana,28,mujer,13,276,4.7101449275362315
2024,90102,rural,16,hombre,0,3,0.0
2024,90102,rural,16,mujer,0,3,0.0
2024,90102,rural,17,hombre,0,2,0.0
2024,90102,rural,17,mujer,0,1,0.0
2024,90102,rural,18,hombre,0,11,0.0
2024,90102,rural,18,mujer,0,4,0.0
2024,90102,rural,19,hombre,0,7,0.0
2024,90102,rural,19,mujer,0,7,0.0
2024,90102,rural,20,hombre,1,4,25.0
2024,90102,rural,20,mujer,0,5,0.0
2024,90102,rural,21,hombre,0,6,0.0
2024,90102,rural,21,mujer,0,4,0.0
2024,90102,rural,22,hombre,0,5,0.0
2024,90102,rural,22,mujer,0,2,0.0
2024,90102,rural,23,hombre,0,15,0.0
2024,90102,rural,23,mujer,0,8,0.0
2024,90102,rural,24,hombre,0,9,0.0
2024,90102,rural,24,mujer,0,7,0.0
2024,90102,rural,25,hombre,0,11,0.0
2024,90102,rural,25,mujer,0,5,0.0
2024,90102,rural,26,hombre,0,7,0.0
2024,90102,rural,26,mujer,0,3,0.0
2024,90102,rural,27,hombre,1,12,8.333333333333334
2024,90102,rural,27,mujer,0,9,0.0
2024,90102,rural,28,hombre,0,6,0.0
2024,90102,rural,28,mujer,0,7,0.0
2024,90102,urbana,16,hombre,0,18,0.0
2024,90102,urbana,16,mujer,0,3,0.0
2024,90102,urbana,17,hombre,0,20,0.0
2024,90102,urbana,17,mujer,1,9,11.11111111111111
2024,90102,urbana,18,hombre,0,27,0.0
2024,90102,urbana,18,mujer,0,15,0.0
2024,90102,urbana,19,hombre,0,19,0.0
2024,90102,urbana,19,mujer,0,17,0.0
2024,90102,urbana,20,hombre,0,40,0.0
2024,90102,urbana,20,mujer,2,30,6.666666666666667
2024,90102,urbana,21,hombre,1,22,4.545454545454546
2024,90102,urbana,21,mujer,0,16,0.0
2024,90102,urbana,22,hombre,1,35,2.857142857142857
2024,90102,urbana,22,mujer,2,19,10.526315789473685
2024,90102,urbana,23,hombre,0,40,0.0
2024,90102,urbana,23,mujer,2,31,6.451612903225806
2024,90102,urbana,24,hombre,1,49,2.0408163265306123
2024,90102,urbana,24,mujer,1,37,2.7027027027027026
2024,90102,urbana,25,hombre,0,43,0.0
2024,90102,urbana,25,mujer,1,27,3.7037037037037037
2024,90102,urbana,26,hombre,0,26,0.0
2024,90102,urbana,26,mujer,0,12,0.0
2024,90102,urbana,27,hombre,0,39,0.0
2024,90102,urbana,27,mujer,1,27,3.7037037037037037
2024,90102,urbana,28,hombre,3,32,9.375
2024,90102,urbana,28,mujer,2,30,6.666666666666667
2024,90103,rural,16,hombre,0,7,0.0
2024,90103,rural,16,mujer,0,2,0.0
2024,90103,rural,17,hombre,0,13,0.0
2024,90103,rural,18,hombre,0,10,0.0
2024,90103,rural,18,mujer,0,6,0.0
2024,90103,rural,19,hombre,0,13,0.0
2024,90103,rural,19,mujer,0,4,0.0
2024,90103,rural,20,hombre,0,11,0.0
2024,90103,rural,20,mujer,0,4,0.0
2024,90103,rural,21,hombre,0,7,0.0
2024,90103,rural,21,mujer,1,13,7.6923076923076925
2024,90103,rural,22,hombre,0,12,0.0
2024,90103,rural,22,mujer,0,5,0.0
2024,90103,rural,23,hombre,0,18,0.0
2024,90103,rural,23,mujer,0,9,0.0
2024,90103,rural,24,hombre,0,21,0.0
2024,90103,rural,24,mujer,0,10,0.0
2024,90103,rural,25,hombre,1,15,6.666666666666667
2024,90103,rural,25,mujer,0,7,0.0
2024,90103,rural,26,hombre,2,19,10.526315789473685
2024,90103,rural,26,mujer,0,6,0.0
2024,90103,rural,27,hombre,0,16,0.0
2024,90103,rural,27,mujer,1,7,14.285714285714286
2024,90103,rural,28,hombre,0,16,0.0
2024,90103,rural,28,mujer,0,4,0.0
2024,90104,rural,16,hombre,0,4,0.0
2024,90104,rural,16,mujer,0,6,0.0
2024,90104,rural,17,hombre,0,12,0.0
2024,90104,rural,17,mujer,0,4,0.0
2024,90104,rural,18,hombre,0,10,0.0
2024,90104,rural,18,mujer,0,9,0.0
2024,90104,rural,19,hombre,0,14,0.0
2024,90104,rural,19,mujer,0,3,0.0
2024,90104,rural,20,hombre,0,21,0.0
2024,90104,rural,20,mujer,0,7,0.0
2024,90104,rural,21,hombre,0,26,0.0
2024,90104,rural,21,mujer,0,5,0.0
2024,90104,rural,22,hombre,1,16,6.25
2024,90104,rural,22,mujer,1,13,7.6923076923076925
2024,90104,rural,23,hombre,0,22,0.0
2024,90104,rural,23,mujer,0,8,0.0
2024,90104,rural,24,hombre,0,32,0.0
2024,90104,rural,24,mujer,0,14,0.0
2024,90104,rural,25,hombre,0,24,0.0
2024,90104,rural,25,mujer,0,15,0.0
2024,90104,rural,26,hombre,2,24,8.333333333333334
2024,90104,rural,26,mujer,0,9,0.0
2024,90104,rural,27,hombre,1,33,3.0303030303030303
2024,90104,rural,27,mujer,0,10,0.0
2024,90104,rural,28,hombre,0,28,0.0
2024,90104,rural,28,mujer,0,12,0.0
2024,90201,rural,16,hombre,0,12,0.0
2024,90201,rural,16,mujer,0,7,0.0
2024,90201,rural,17,hombre,0,17,0.0
2024,90201,rural,17,mujer,0,1,0.0
2024,90201,rural,18,hombre,0,21,0.0
2024,90201,rural,18,mujer,0,7,0.0
2024,90201,rural,19,hombre,0,9,0.0
2024,90201,rural,19,mujer,0,5,0.0
2024,90201,rural,20,hombre,0,19,0.0
2024,90201,rural,20,mujer,0,7,0.0
2024,90201,rural,21,hombre,0,26,0.0
2024,90201,rural,21,mujer,0,6,0.0
2024,90201,rural,22,hombre,0,33,0.0
2024,90201,rural,22,mujer,0,3,0.0
2024,90201,rural,23,hombre,0,30,0.0
2024,90201,rural,23,mujer,0,7,0.0
2024,90201,rural,24,hombre,0,24,0.0
2024,90201,rural,24,mujer,1,2,50.0
2024,90201,rural,25,hombre,0,27,0.0
2024,90201,rural,25,mujer,0,11,0.0
2024,90201,rural,26,hombre,1,28,3.5714285714285716
2024,90201,rural,26,mujer,0,12,0.0
2024,90201,rural,27,hombre,0,26,0.0
2024,90201,rural,27,mujer,0,8,0.0
2024,90201,rural,28,hombre,1,34,2.9411764705882355
2024,90201,rural,28,mujer,0,14,0.0
2024,90201,urbana,16,hombre,0,4,0.0
2024,90201,urbana,16,mujer,0,7,0.0
2024,90201,urbana,17,hombre,0,9,0.0
2024,90201,urbana,17,mujer,0,9,0.0
2024,90201,urbana,18,hombre,0,13,0.0
2024,90201,urbana,18,mujer,0,9,0.0
2024,90201,urbana,19,hombre,0,6,0.0
2024,90201,urbana,19,mujer,0,9,0.0
2024,90201,urbana,20,hombre,0,15,0.0
2024,90201,urbana,20,mujer,0,7,0.0
2024,90201,urbana,21,hombre,0,10,0.0
2024,90201,urbana,21,mujer,0,17,0.0
2024,90201,urbana,22,hombre,0,25,0.0
2024,90201,urbana,22,mujer,0,14,0.0
2024,90201,urbana,23,hombre,0,31,0.0
2024,90201,urbana,23,mujer,0,13,0.0
2024,90201,urbana,24,hombre,0,20,0.0
2024,90201,urbana,24,mujer,3,12,25.0
2024,90201,urbana,25,hombre,1,31,3.225806451612903
2024,90201,urbana,25,mujer,0,14,0.0
2024,90201,urbana,26,hombre,0,25,0.0
2024,90201,urbana,26,mujer,2,16,12.5
2024,90201,urbana,27,hombre,0,23,0.0
2024,90201,urbana,27,mujer,0,10,0.0
2024,90201,urbana,28,hombre,0,14,0.0
2024,90201,urbana,28,mujer,1,18,5.555555555555555
2024,90202,rural,16,hombre,0,12,0.0
2024,90202,rural,16,mujer,0,9,0.0
2024,90202,rural,17,hombre,0,14,0.0
2024,90202,rural,17,mujer,0,12,0.0
2024,90202,rural,18,hombre,0,12,0.0
2024,90202,rural,18,mujer,0,9,0.0
2024,90202,rural,19,hombre,0,23,0.0
2024,90202,rural,19,mujer,0,13,0.0
2024,90202,rural,20,hombre,0,24,0.0
2024,90202,rural,20,mujer,0,9,0.0
2024,90202,rural,21,hombre,0,21,0.0
2024,90202,rural,21,mujer,0,11,0.0
2024,90202,rural,22,hombre,0,23,0.0
2024,90202,rural,22,mujer,0,9,0.0
2024,90202,rural,23,hombre,2,14,14.285714285714286
2024,90202,rural,23,mujer,0,4,0.0
2024,90202,rural,24,hombre,0,27,0.0
2024,90202,rural,24,mujer,0,11,0.0
2024,90202,rural,25,hombre,0,16,0.0
2024,90202,rural,25,mujer,0,9,0.0
2024,90202,rural,26,hombre,0,18,0.0
2024,90202,rural,26,mujer,0,5,0.0
2024,90202,rural,27,hombre,0,25,0.0
2024,90202,rural,27,mujer,0,13,0.0
2024,90202,rural,28,hombre,0,23,0.0
2024,90202,rural,28,mujer,0,10,0.0
2024,90203,rural,16,hombre,0,21,0.0
2024,90203,rural,16,mujer,0,2,0.0
2024,90203,rural,17,hombre,0,28,0.0
2024,90203,rural,17,mujer,0,12,0.0
2024,90203,rural,18,hombre,1,33,3.0303030303030303
2024,90203,rural,18,mujer,0,10,0.0
2024,90203,rural,19,hombre,1,42,2.380952380952381
2024,90203,rural,19,mujer,1,15,6.666666666666667
2024,90203,rural,20,hombre,1,35,2.857142857142857
2024,90203,rural,20,mujer,0,13,0.0
2024,90203,rural,21,hombre,1,52,1.9230769230769231
2024,90203,rural,21,mujer,0,24,0.0
2024,90203,rural,22,hombre,0,54,0.0
2024,90203,rural,22,mujer,0,18,0.0
2024,90203,rural,23,hombre,0,67,0.0
2024,90203,rural,23,mujer,0,34,0.0
2024,90203,rural,24,hombre,0,58,0.0
2024,90203,rural,24,mujer,0,24,0.0
2024,90203,rural,25,hombre,1,52,1.9230769230769231
2024,90203,rural,25,mujer,0,20,0.0
2024,90203,rural,26,hombre,0,73,0.0
2024,90203,rural,26,mujer,0,28,0.0
2024,90203,rural,27,hombre,0,57,0.0
2024,90203,rural,27,mujer,0,14,0.0
2024,90203,rural,28,hombre,0,73,0.0
2024,90203,rural,28,mujer,0,18,0.0
2024,90301,rural,16,hombre,0,9,0.0
2024,90301,rural,16,mujer,0,5,0.0
2024,90301,rural,17,hombre,0,13,0.0
2024,90301,rural,17,mujer,0,16,0.0
2024,90301,rural,18,hombre,0,21,0.0
2024,90301,rural,18,mujer,0,18,0.0
2024,90301,rural,19,hombre,0,20,0.0
2024,90301,rural,19,mujer,1,16,6.25
2024,90301,rural,20,hombre,1,41,2.4390243902439024
2024,90301,rural,20,mujer,0,10,0.0
2024,90301,rural,21,hombre,0,28,0.0
2024,90301,rural,21,mujer,0,10,0.0
2024,90301,rural,22,hombre,0,28,0.0
2024,90301,rural,22,mujer,0,15,0.0
2024,90301,rural,23,hombre,0,38,0.0
2024,90301,rural,23,mujer,0,18,0.0
2024,90301,rural,24,hombre,0,51,0.0
2024,90301,rural,24,mujer,2,28,7.142857142857143
2024,90301,rural,25,hombre,1,47,2.127659574468085
2024,90301,rural,25,mujer,1,23,4.3478260869565215
2024,90301,rural,26,hombre,0,29,0.0
2024,90301,rural,26,mujer,1,23,4.3478260869565215
2024,90301,rural,27,hombre,1,64,1.5625
2024,90301,rural,27,mujer,0,43,0.0
2024,90301,rural,28,hombre,0,68,0.0
2024,90301,rural,28,mujer,1,39,2.5641025641025643
2024,90301,urbana,16,hombre,0,3,0.0
2024,90301,urbana,16,mujer,0,2,0.0
2024,90301,urbana,17,hombre,0,6,0.0
2024,90301,urbana,17,mujer,0,2,0.0
2024,90301,urbana,18,hombre,0,4,0.0
2024,90301,urbana,18,mujer,0,4,0.0
2024,90301,urbana,19,hombre,0,5,0.0
2024,90301,urbana,19,mujer,0,3,0.0
2024,90301,urbana,20,hombre,0,3,0.0
2024,90301,urbana,21,hombre,0,13,0.0
2024,90301,urbana,21,mujer,0,7,0.0
2024,90301,urbana,22,hombre,0,9,0.0
2024,90301,urbana,22,mujer,0,3,0.0
2024,90301,urbana,23,hombre,0,12,0.0
2024,90301,urbana,23,mujer,0,4,0.0
2024,90301,urbana,24,hombre,0,12,0.0
2024,90301,urbana,24,mujer,1,5,20.0
2024,90301,urbana,25,hombre,0,7,0.0
2024,90301,urbana,25,mujer,0,1,0.0
2024,90301,urbana,26,hombre,1,17,5.882352941176471
2024,90301,urbana,26,mujer,0,4,0.0
2024,90301,urbana,27,hombre,0,11,0.0
2024,90301,urbana,27,mujer,1,8,12.5
2024,90301,urbana,28,hombre,0,12,0.0
2024,90301,urbana,28,mujer,0,13,0.0
2024,90302,rural,16,hombre,0,22,0.0
2024,90302,rural,16,mujer,1,12,8.333333333333334
2024,90302,rural,17,hombre,0,39,0.0
2024,90302,rural,17,mujer,0,23,0.0
2024,90302,rural,18,hombre,0,51,0.0
2024,90302,rural,18,mujer,0,16,0.0
2024,90302,rural,19,hombre,0,32,0.0
2024,90302,rural,19,mujer,0,19,0.0
2024,90302,rural,20,hombre,0,72,0.0
2024,90302,rural,20,mujer,0,29,0.0
2024,90302,rural,21,hombre,0,49,0.0
2024,90302,rural,21,mujer,0,27,0.0
2024,90302,rural,22,hombre,1,83,1.2048192771084338
2024,90302,rural,22,mujer,0,26,0.0
2024,90302,rural,23,hombre,0,61,0.0
2024,90302,rural,23,mujer,0,25,0.0
2024,90302,rural,24,hombre,2,74,2.7027027027027026
2024,90302,rural,24,mujer,0,40,0.0
2024,90302,rural,25,hombre,2,59,3.389830508474576
2024,90302,rural,25,mujer,3,43,6.976744186046512
2024,90302,rural,26,hombre,1,64,1.5625
2024,90302,rural,26,mujer,1,32,3.125
2024,90302,rural,27,hombre,2,71,2.816901408450704
2024,90302,rural,27,mujer,0,41,0.0
2024,90302,rural,28,hombre,3,74,4.054054054054054
2024,90302,rural,28,mujer,1,44,2.272727272727273
2024,90303,rural,16,hombre,0,17,0.0
2024,90303,rural,16,mujer,0,1,0.0
2024,90303,rural,17,hombre,0,26,0.0
2024,90303,rural,17,mujer,0,7,0.0
2024,90303,rural,18,hombre,0,24,0.0
2024,90303,rural,18,mujer,0,10,0.0
2024,90303,rural,19,hombre,0,32,0.0
2024,90303,rural,19,mujer,1,13,7.6923076923076925
2024,90303,rural,20,hombre,1,35,2.857142857142857
2024,90303,rural,20,mujer,0,4,0.0
2024,90303,rural,21,hombre,0,37,0.0
2024,90303,rural,21,mujer,1,15,6.666666666666667
2024,90303,rural,22,hombre,1,38,2.6315789473684212
2024,90303,rural,22,mujer,0,17,0.0
2024,90303,rural,23,hombre,0,44,0.0
2024,90303,rural,23,mujer,0,14,0.0
2024,90303,rural,24,hombre,1,42,2.380952380952381
2024,90303,rural,24,mujer,0,23,0.0
2024,90303,rural,25,hombre,0,37,0.0
2024,90303,rural,25,mujer,0,17,0.0
2024,90303,rural,26,hombre,2,49,4.081632653061225
2024,90303,rural,26,mujer,0,16,0.0
2024,90303,rural,27,hombre,1,46,2.1739130434782608
2024,90303,rural,27,mujer,0,17,0.0
2024,90303,rural,28,hombre,0,35,0.0
2024,90303,rural,28,mujer,0,17,0.0
2024,90303,urbana,16,hombre,0,16,0.0
2024,90303,urbana,16,mujer,0,12,0.0
2024,90303,urbana,17,hombre,1,23,4.3478260869565215
2024,90303,urbana,17,mujer,0,10,0.0
2024,90303,urbana,18,hombre,0,21,0.0
2024,90303,urbana,18,mujer,0,9,0.0
2024,90303,urbana,19,hombre,1,17,5.882352941176471
2024,90303,urbana,19,mujer,0,16,0.0
2024,90303,urbana,20,hombre,0,23,0.0
2024,90303,urbana,20,mujer,0,13,0.0
2024,90303,urbana,21,hombre,0,27,0.0
2024,90303,urbana,21,mujer,0,18,0.0
2024,90303,urbana,22,hombre,0,30,0.0
2024,90303,urbana,22,mujer,0,18,0.0
2024,90303,urbana,23,hombre,0,26,0.0
2024,90303,urbana,23,mujer,1,11,9.090909090909092
2024,90303,urbana,24,hombre,0,33,0.0
2024,90303,urbana,24,mujer,1,24,4.166666666666667
2024,90303,urbana,25,hombre,0,29,0.0
2024,90303,urbana,25,mujer,2,16,12.5
2024,90303,urbana,26,hombre,0,32,0.0
2024,90303,urbana,26,mujer,3,16,18.75
2024,90303,urbana,27,hombre,3,31,9.67741935483871
2024,90303,urbana,27,mujer,1,15,6.666666666666667
2024,90303,urbana,28,hombre,0,28,0.0
2024,90303,urbana,28,mujer,2,26,7.6923076923076925
2024,90401,rural,16,hombre,0,14,0.0
2024,90401,rural,16,mujer,0,1,0.0
2024,90401,rural,17,hombre,0,14,0.0
2024,90401,rural,17,mujer,0,3,0.0
2024,90401,rural,18,hombre,0,13,0.0
2024,90401,rural,18,mujer,0,7,0.0
2024,90401,rural,19,hombre,0,15,0.0
2024,90401,rural,19,mujer,0,4,0.0
2024,90401,rural,20,hombre,1,8,12.5
2024,90401,rural,20,mujer,0,4,0.0
2024,90401,rural,21,hombre,0,25,0.0
2024,90401,rural,21,mujer,0,6,0.0
2024,90401,rural,22,hombre,1,19,5.2631578947368425
2024,90401,rural,22,mujer,0,3,0.0
2024,90401,rural,23,hombre,0,26,0.0
2024,90401,rural,23,mujer,0,11,0.0
2024,90401,rural,24,hombre,0,24,0.0
2024,90401,rural,24,mujer,0,5,0.0
2024,90401,rural,25,hombre,0,22,0.0
2024,90401,rural,25,mujer,0,6,0.0
2024,90401,rural,26,hombre,0,24,0.0
2024,90401,rural,26,mujer,1,13,7.6923076923076925
2024,90401,rural,27,hombre,1,25,4.0
2024,90401,rural,27,mujer,0,9,0.0
2024,90401,rural,28,hombre,0,26,0.0
2024,90401,rural,28,mujer,0,6,0.0
2024,90402,rural,16,hombre,0,8,0.0
2024,90402,rural,16,mujer,0,1,0.0
2024,90402,rural,17,hombre,0,17,0.0
2024,90402,rural,17,mujer,1,6,16.666666666666668
2024,90402,rural,18,hombre,0,13,0.0
2024,90402,rural,18,mujer,0,6,0.0
2024,90402,rural,19,hombre,0,15,0.0
2024,90402,rural,19,mujer,0,7,0.0
2024,90402,rural,20,hombre,0,17,0.0
2024,90402,rural,20,mujer,0,4,0.0
2024,90402,rural,21,hombre,0,14,0.0
2024,90402,rural,21,mujer,0,6,0.0
2024,90402,rural,22,hombre,1,25,4.0
2024,90402,rural,22,mujer,0,7,0.0
2024,90402,rural,23,hombre,0,21,0.0
2024,90402,rural,23,mujer,0,10,0.0
2024,90402,rural,24,hombre,0,15,0.0
2024,90402,rural,24,mujer,0,8,0.0
2024,90402,rural,25,hombre,0,14,0.0
2024,90402,rural,25,mujer,0,6,0.0
2024,90402,rural,26,hombre,0,21,0.0
2024,90402,rural,26,mujer,0,8,0.0
2024,90402,rural,27,hombre,1,28,3.5714285714285716
2024,90402,rural,27,mujer,0,5,0.0
2024,90402,rural,28,hombre,1,28,3.5714285714285716
2024,90402,rural,28,mujer,1,4,25.0
2024,90501,rural,16,hombre,0,4,0.0
2024,90501,rural,16,mujer,0,1,0.0
2024,90501,rural,17,hombre,0,7,0.0
2024,90501,rural,17,mujer,0,4,0.0
2024,90501,rural,18,hombre,0,3,0.0
2024,90501,rural,18,mujer,0,1,0.0
2024,90501,rural,19,hombre,0,10,0.0
2024,90501,rural,19,mujer,0,2,0.0
2024,90501,rural,20,hombre,1,10,10.0
2024,90501,rural,20,mujer,0,1,0.0
2024,90501,rural,21,hombre,0,6,0.0
2024,90501,rural,22,hombre,0,9,0.0
2024,90501,rural,22,mujer,0,2,0.0
2024,90501,rural,23,hombre,0,10,0.0
2024,90501,rural,23,mujer,1,4,25.0
2024,90501,rural,24,hombre,0,6,0.0
2024,90501,rural,24,mujer,0,3,0.0
2024,90501,rural,25,hombre,0,15,0.0
2024,90501,rural,25,mujer,0,5,0.0
2024,90501,rural,26,hombre,0,6,0.0
2024,90501,rural,26,mujer,0,3,0.0
2024,90501,rural,27,hombre,0,13,0.0
2024,90501,rural,27,mujer,1,6,16.666666666666668
2024,90501,rural,28,hombre,1,4,25.0
2024,90501,rural,28,mujer,0,8,0.0
2024,90502,rural,16,hombre,0,7,0.0
2024,90502,rural,16,mujer,0,1,0.0
2024,90502,rural,17,hombre,0,8,0.0
2024,90502,rural,17,mujer,0,4,0.0
2024,90502,rural,18,hombre,0,9,0.0
2024,90502,rural,18,mujer,0,3,0.0
2024,90502,rural,19,hombre,0,11,0.0
2024,90502,rural,19,mujer,0,2,0.0
2024,90502,rural,20,hombre,0,16,0.0
2024,90502,rural,21,hombre,0,13,0.0
2024,90502,rural,21,mujer,0,6,0.0
2024,90502,rural,22,hombre,0,17,0.0
2024,90502,rural,22,mujer,0,3,0.0
2024,90502,rural,23,hombre,2,23,8.695652173913043
2024,90502,rural,23,mujer,0,9,0.0
2024,90502,rural,24,hombre,0,26,0.0
2024,90502,rural,24,mujer,0,6,0.0
2024,90502,rural,25,hombre,0,14,0.0
2024,90502,rural,25,mujer,0,11,0.0
2024,90502,rural,26,hombre,0,14,0.0
2024,90502,rural,26,mujer,1,6,16.666666666666668
2024,90502,rural,27,hombre,1,18,5.555555555555555
2024,90502,rural,27,mujer,0,3,0.0
2024,90502,rural,28,hombre,2,17,11.764705882352942
2024,90502,rural,28,mujer,0,6,0.0
2024,90503,rural,16,hombre,1,7,14.285714285714286
2024,90503,rural,16,mujer,0,3,0.0
2024,90503,rural,17,hombre,0,9,0.0
2024,90503,rural,17,mujer,0,6,0.0
2024,90503,rural,18,hombre,0,4,0.0
2024,90503,rural,18,mujer,0,3,0.0
2024,90503,rural,19,hombre,0,6,0.0
2024,90503,rural,19,mujer,0,1,0.0
2024,90503,rural,20,hombre,0,17,0.0
2024,90503,rural,20,mujer,0,7,0.0
2024,90503,rural,21,hombre,0,13,0.0
2024,90503,rural,21,mujer,0,10,0.0
2024,90503,rural,22,hombre,0,7,0.0
2024,90503,rural,22,mujer,0,3,0.0
2024,90503,rural,23,hombre,0,20,0.0
2024,90503,rural,23,mujer,0,10,0.0
2024,90503,rural,24,hombre,0,21,0.0
2024,90503,rural,24,mujer,0,4,0.0
2024,90503,rural,25,hombre,0,17,0.0
2024,90503,rural,25,mujer,0,7,0.0
2024,90503,rural,26,hombre,0,18,0.0
2024,90503,rural,26,mujer,0,1,0.0
2024,90503,rural,27,hombre,0,11,0.0
2024,90503,rural,27,mujer,0,4,0.0
2024,90503,rural,28,hombre,0,16,0.0
2024,90503,rural,28,mujer,0,1,0.0
