gestion,codigo_municipio,area,edad,sexo,numerador,denominador,valor
2024,10101,rural,16,hombre,8,60,13.333333333333334
2024,10101,rural,16,mujer,3,29,10.344827586206897
2024,10101,rural,17,hombre,6,58,10.344827586206897
2024,10101,rural,17,mujer,5,37,13.513513513513514
2024,10101,rural,18,hombre,1,65,1.5384615384615385
2024,10101,rural,18,mujer,2,47,4.25531914893617
2024,10101,rural,19,hombre,4,88,4.545454545454546
2024,10101,rural,19,mujer,3,54,5.555555555555555
2024,10101,rural,20,hombre,5,80,6.25
2024,10101,rural,20,mujer,1,42,2.380952380952381
2024,10101,rural,21,hombre,5,86,5.813953488372093
2024,10101,rural,21,mujer,4,71,5.633802816901408
2024,10101,rural,22,hombre,3,96,3.125
2024,10101,rural,22,mujer,2,58,3.4482758620689653
2024,10101,rural,23,hombre,3,110,2.727272727272727
2024,10101,rural,23,mujer,5,74,6.756756756756757
2024,10101,rural,24,hombre,2,98,2.0408163265306123
2024,10101,rural,24,mujer,5,82,6.097560975609756
2024,10101,rural,25,hombre,1,119,0.8403361344537815
2024,10101,rural,25,mujer,3,68,4.411764705882353
2024,10101,rural,26,hombre,3,109,2.7522935779816513
2024,10101,rural,26,mujer,2,67,2.985074626865672
2024,10101,rural,27,hombre,1,122,0.819672131147541
2024,10101,rural,27,mujer,2,79,2.5316455696202533
2024,10101,rural,28,hombre,3,111,2.7027027027027026
2024,10101,rural,28,mujer,2,71,2.816901408450704
2024,10101,urbana,16,hombre,115,578,19.896193771626297
2024,10101,urbana,16,mujer,104,457,22.75711159737418
2024,10101,urbana,17,hombre,117,735,15.918367346938776
2024,10101,urbana,17,mujer,112,570,19.649122807017545
2024,10101,urbana,18,hombre,120,942,12.738853503184714
2024,10101,urbana,18,mujer,130,814,15.97051597051597
2024,10101,urbana,19,hombre,117,1097,10.665451230628989
2024,10101,urbana,19,mujer,114,853,13.364595545134819
2024,10101,urbana,20,hombre,113,1211,9.331131296449216
2024,10101,urbana,20,mujer,112,963,11.630321910695743
2024,10101,urbana,21,hombre,107,1299,8.237105465742879
2024,10101,urbana,21,mujer,112,1054,10.62618595825427
2024,10101,urbana,22,hombre,85,1448,5.870165745856354
2024,10101,urbana,22,mujer,114,1173,9.718670076726342
2024,10101,urbana,23,hombre,87,1632,5.330882352941177
2024,10101,urbana,23,mujer,106,1425,7.43859649122807
2024,10101,urbana,24,hombre,89,1822,4.884742041712404
2024,10101,urbana,24,mujer,91,1538,5.916775032509753
2024,10101,urbana,25,hombre,98,1828,5.361050328227571
2024,10101,urbana,25,mujer,92,1517,6.064601186552406
2024,10101,urbana,26,hombre,63,1907,3.3036182485579446
2024,10101,urbana,26,mujer,63,1556,4.048843187660668
2024,10101,urbana,27,hombre,48,1791,2.680067001675042
2024,10101,urbana,27,mujer,67,1573,4.2593769866497135
2024,10101,urbana,28,hombre,47,1978,2.3761375126390294
2024,10101,urbana,28,mujer,61,1606,3.7982565379825655
2024,10102,rural,16,hombre,7,35,20.0
2024,10102,rural,16,mujer,4,18,22.22222222222222
2024,10102,rural,17,hombre,7,34,20.58823529411765
2024,10102,rural,17,mujer,3,16,18.75
2024,10102,rural,18,hombre,4,32,12.5
2024,10102,rural,18,mujer,1,26,3.8461538461538463
2024,10102,rural,19,hombre,0,31,0.0
2024,10102,rural,19,mujer,3,28,10.714285714285714
2024,10102,rural,20,hombre,8,53,15.09433962264151
2024,10102,rural,20,mujer,4,36,11.11111111111111
2024,10102,rural,21,hombre,4,51,7.8431372549019605
2024,10102,rural,21,mujer,3,28,10.714285714285714
2024,10102,rural,22,hombre,1,45,2.2222222222222223
2024,10102,rural,22,mujer,3,29,10.344827586206897
2024,10102,rural,23,hombre,5,54,9.25925925925926
2024,10102,rural,23,mujer,3,38,7.894736842105263
2024,10102,rural,24,hombre,3,51,5.882352941176471
2024,10102,rural,24,mujer,3,45,6.666666666666667
2024,10102,rural,25,hombre,1,51,1.9607843137254901
2024,10102,rural,25,mujer,3,38,7.894736842105263
2024,10102,rural,26,hombre,1,56,1.7857142857142858
2024,10102,rural,26,mujer,2,51,3.9215686274509802
2024,10102,rural,27,hombre,1,63,1.5873015873015872
2024,10102,rural,27,mujer,1,40,2.5
2024,10102,rural,28,hombre,3,58,5.172413793103448
2024,10102,rural,28,mujer,1,50,2.0
2024,10103,rural,16,hombre,7,42,16.666666666666668
2024,10103,rural,16,mujer,2,23,8.695652173913043
2024,10103,rural,17,hombre,7,46,15.217391304347826
2024,10103,rural,17,mujer,5,40,12.5
2024,10103,rural,18,hombre,1,59,1.694915254237288
2024,10103,rural,18,mujer,5,42,11.904761904761905
2024,10103,rural,19,hombre,2,42,4.761904761904762
2024,10103,rural,19,mujer,2,37,5.405405405405405
2024,10103,rural,20,hombre,2,57,3.508771929824561
2024,10103,rural,20,mujer,6,32,18.75
2024,10103,rural,21,hombre,6,58,10.344827586206897
2024,10103,rural,21,mujer,2,37,5.405405405405405
2024,10103,rural,22,hombre,6,48,12.5
2024,10103,rural,22,mujer,0,31,0.0
2024,10103,rural,23,hombre,2,56,3.5714285714285716
2024,10103,rural,23,mujer,3,32,9.375
2024,10103,rural,24,hombre,1,50,2.0
2024,10103,rural,24,mujer,3,37,8.108108108108109
2024,10103,rural,25,hombre,1,51,1.9607843137254901
2024,10103,rural,25,mujer,2,30,6.666666666666667
2024,10103,rural,26,hombre,2,58,3.4482758620689653
2024,10103,rural,26,mujer,2,30,6.666666666666667
2024,10103,rural,27,hombre,3,57,5.2631578947368425
2024,10103,rural,27,mujer,1,29,3.4482758620689653
2024,10103,rural,28,hombre,3,51,5.882352941176471
2024,10103,rural,28,mujer,2,35,5.714285714285714
2024,10201,rural,16,hombre,1,25,4.0
2024,10201,rural,16,mujer,0,9,0.0
2024,10201,rural,17,hombre,7,26,26.923076923076923
2024,10201,rural,17,mujer,0,14,0.0
2024,10201,rural,18,hombre,2,28,7.142857142857143
2024,10201,rural,18,mujer,0,13,0.0
2024,10201,rural,19,hombre,3,23,13.043478260869565
2024,10201,rural,19,mujer,0,11,0.0
2024,10201,rural,20,hombre,2,19,10.526315789473685
2024,10201,rural,20,mujer,1,10,10.0
2024,10201,rural,21,hombre,3,28,10.714285714285714
2024,10201,rural,21,mujer,2,15,13.333333333333334
2024,10201,rural,22,hombre,3,25,12.0
2024,10201,rural,22,mujer,1,11,9.090909090909092
2024,10201,rural,23,hombre,1,34,2.9411764705882355
2024,10201,rural,23,mujer,0,16,0.0
2024,10201,rural,24,hombre,3,24,12.5
2024,10201,rural,24,mujer,0,11,0.0
2024,10201,rural,25,hombre,3,33,9.090909090909092
2024,10201,rural,25,mujer,0,18,0.0
2024,10201,rural,26,hombre,0,27,0.0
2024,10201,rural,26,mujer,0,16,0.0
2024,10201,rural,27,hombre,1,26,3.8461538461538463
2024,10201,rural,27,mujer,1,20,5.0
2024,10201,rural,28,hombre,1,18,5.555555555555555
2024,10201,rural,28,mujer,1,20,5.0
2024,10202,rural,16,hombre,4,33,12.121212121212121
2024,10202,rural,16,mujer,2,24,8.333333333333334
2024,10202,rural,17,hombre,5,50,10.0
2024,10202,rural,17,mujer,2,26,7.6923076923076925
2024,10202,rural,18,hombre,3,50,6.0
2024,10202,rural,18,mujer,0,34,0.0
2024,10202,rural,19,hombre,6,72,8.333333333333334
2024,10202,rural,19,mujer,2,49,4.081632653061225
2024,10202,rural,20,hombre,7,58,12.068965517241379
2024,10202,rural,20,mujer,2,45,4.444444444444445
2024,10202,rural,21,hombre,2,67,2.985074626865672
2024,10202,rural,21,mujer,3,32,9.375
2024,10202,rural,22,hombre,0,46,0.0
2024,10202,rural,22,mujer,3,49,6.122448979591836
2024,10202,rural,23,hombre,9,76,11.842105263157896
2024,10202,rural,23,mujer,3,45,6.666666666666667
2024,10202,rural,24,hombre,3,63,4.761904761904762
2024,10202,rural,24,mujer,0,48,0.0
2024,10202,rural,25,hombre,1,90,1.1111111111111112
2024,10202,rural,25,mujer,1,37,2.7027027027027026
2024,10202,rural,26,hombre,4,56,7.142857142857143
2024,10202,rural,26,mujer,4,37,10.81081081081081
2024,10202,rural,27,hombre,5,69,7.246376811594203
2024,10202,rural,27,mujer,2,39,5.128205128205129
2024,10202,rural,28,hombre,5,78,6.410256410256411
2024,10202,rural,28,mujer,2,52,3.8461538461538463
2024,10301,rural,16,hombre,2,24,8.333333333333334
2024,10301,rural,16,mujer,0,12,0.0
2024,10301,rural,17,hombre,2,28,7.142857142857143
2024,10301,rural,17,mujer,1,25,4.0
2024,10301,rural,18,hombre,1,32,3.125
2024,10301,rural,18,mujer,1,21,4.761904761904762
2024,10301,rural,19,hombre,2,52,3.8461538461538463
2024,10301,rural,19,mujer,2,22,9.090909090909092
2024,10301,rural,20,hombre,1,51,1.9607843137254901
2024,10301,rural,20,mujer,1,35,2.857142857142857
2024,10301,rural,21,hombre,0,50,0.0
2024,10301,rural,21,mujer,1,30,3.3333333333333335
2024,10301,rural,22,hombre,0,49,0.0
2024,10301,rural,22,mujer,1,29,3.4482758620689653
2024,10301,rural,23,hombre,3,66,4.545454545454546
2024,10301,rural,23,mujer,2,37,5.405405405405405
2024,10301,rural,24,hombre,1,65,1.5384615384615385
2024,10301,rural,24,mujer,0,38,0.0
2024,10301,rural,25,hombre,0,58,0.0
2024,10301,rural,25,mujer,2,54,3.7037037037037037
2024,10301,rural,26,hombre,3,69,4.3478260869565215
2024,10301,rural,26,mujer,0,30,0.0
2024,10301,rural,27,hombre,1,54,1.8518518518518519
2024,10301,rural,27,mujer,0,28,0.0
2024,10301,rural,28,hombre,0,67,0.0
2024,10301,rural,28,mujer,0,48,0.0
2024,10301,urbana,16,hombre,3,9,33.333333333333336
2024,10301,urbana,16,mujer,2,9,22.22222222222222
2024,10301,urbana,17,hombre,1,11,9.090909090909092
2024,10301,urbana,17,mujer,1,7,14.285714285714286
2024,10301,urbana,18,hombre,3,24,12.5
2024,10301,urbana,18,mujer,0,7,0.0
2024,10301,urbana,19,hombre,2,25,8.0
2024,10301,urbana,19,mujer,0,5,0.0
2024,10301,urbana,20,hombre,2,23,8.695652173913043
2024,10301,urbana,20,mujer,2,10,20.0
2024,10301,urbana,21,hombre,0,17,0.0
2024,10301,urbana,21,mujer,2,19,10.526315789473685
2024,10301,urbana,22,hombre,0,21,0.0
2024,10301,urbana,22,mujer,1,14,7.142857142857143
2024,10301,urbana,23,hombre,3,19,15.789473684210526
2024,10301,urbana,23,mujer,0,19,0.0
2024,10301,urbana,24,hombre,3,34,8.823529411764707
2024,10301,urbana,24,mujer,3,23,13.043478260869565
2024,10301,urbana,25,hombre,0,35,0.0
2024,10301,urbana,25,mujer,1,24,4.166666666666667
2024,10301,urbana,26,hombre,2,27,7.407407407407407
2024,10301,urbana,26,mujer,0,22,0.0
2024,10301,urbana,27,hombre,0,46,0.0
2024,10301,urbana,27,mujer,0,14,0.0
2024,10301,urbana,28,hombre,0,29,0.0
2024,10301,urbana,28,mujer,0,21,0.0
2024,10302,rural,16,hombre,6,35,17.142857142857142
2024,10302,rural,16,mujer,4,12,33.333333333333336
2024,10302,rural,17,hombre,4,43,9.30232558139535
2024,10302,rural,17,mujer,1,20,5.0
2024,10302,rural,18,hombre,3,48,6.25
2024,10302,rural,18,mujer,4,27,14.814814814814815
2024,10302,rural,19,hombre,2,57,3.508771929824561
2024,10302,rural,19,mujer,3,34,8.823529411764707
2024,10302,rural,20,hombre,3,71,4.225352112676056
2024,10302,rural,20,mujer,0,43,0.0
2024,10302,rural,21,hombre,6,57,10.526315789473685
2024,10302,rural,21,mujer,0,31,0.0
2024,10302,rural,22,hombre,1,47,2.127659574468085
2024,10302,rural,22,mujer,3,30,10.0
2024,10302,rural,23,hombre,3,75,4.0
2024,10302,rural,23,mujer,1,35,2.857142857142857
2024,10302,rural,24,hombre,4,74,5.405405405405405
2024,10302,rural,24,mujer,3,36,8.333333333333334
2024,10302,rural,25,hombre,4,62,6.451612903225806
2024,10302,rural,25,mujer,0,29,0.0
2024,10302,rural,26,hombre,4,61,6.557377049180328
2024,10302,rural,26,mujer,1,31,3.225806451612903
2024,10302,rural,27,hombre,0,62,0.0
2024,10302,rural,27,mujer,1,30,3.3333333333333335
2024,10302,rural,28,hombre,4,49,8.16326530612245
2024,10302,rural,28,mujer,2,31,6.451612903225806
2024,10302,urbana,16,mujer,1,3,33.333333333333336
2024,10302,urbana,17,hombre,1,7,14.285714285714286
2024,10302,urbana,17,mujer,1,1,100.0
2024,10302,urbana,18,hombre,0,8,0.0
2024,10302,urbana,18,mujer,1,9,11.11111111111111
2024,10302,urbana,19,hombre,0,8,0.0
2024,10302,urbana,19,mujer,0,3,0.0
2024,10302,urbana,20,hombre,0,17,0.0
2024,10302,urbana,20,mujer,0,4,0.0
2024,10302,urbana,21,hombre,3,9,33.333333333333336
2024,10302,urbana,21,mujer,0,10,0.0
2024,10302,urbana,22,hombre,0,16,0.0
2024,10302,urbana,22,mujer,1,5,20.0
2024,10302,urbana,23,hombre,1,8,12.5
2024,10302,urbana,23,mujer,1,8,12.5
2024,10302,urbana,24,hombre,0,9,0.0
2024,10302,urbana,24,mujer,0,10,0.0
2024,10302,urbana,25,hombre,0,13,0.0
2024,10302,urbana,25,mujer,1,11,9.090909090909092
2024,10302,urbana,26,hombre,0,12,0.0
2024,10302,urbana,26,mujer,0,13,0.0
2024,10302,urbana,27,hombre,0,6,0.0
2024,10302,urbana,27,mujer,0,11,0.0
2024,10302,urbana,28,hombre,0,19,0.0
2024,10302,urbana,28,mujer,0,5,0.0
2024,10303,rural,16,hombre,0,16,0.0
2024,10303,rural,16,mujer,1,8,12.5
2024,10303,rural,17,hombre,2,16,12.5
2024,10303,rural,17,mujer,2,12,16.666666666666668
2024,10303,rural,18,hombre,1,15,6.666666666666667
2024,10303,rural,18,mujer,1,10,10.0
2024,10303,rural,19,hombre,1,19,5.2631578947368425
2024,10303,rural,19,mujer,0,20,0.0
2024,10303,rural,20,hombre,0,26,0.0
2024,10303,rural,20,mujer,2,15,13.333333333333334
2024,10303,rural,21,hombre,1,21,4.761904761904762
2024,10303,rural,21,mujer,0,19,0.0
2024,10303,rural,22,hombre,0,32,0.0
2024,10303,rural,22,mujer,2,17,11.764705882352942
2024,10303,rural,23,hombre,1,40,2.5
2024,10303,rural,23,mujer,1,18,5.555555555555555
2024,10303,rural,24,hombre,1,40,2.5
2024,10303,rural,24,mujer,1,19,5.2631578947368425
2024,10303,rural,25,hombre,1,35,2.857142857142857
2024,10303,rural,25,mujer,0,22,0.0
2024,10303,rural,26,hombre,2,40,5.0
2024,10303,rural,26,mujer,0,24,0.0
2024,10303,rural,27,hombre,2,26,7.6923076923076925
2024,10303,rural,27,mujer,0,20,0.0
2024,10303,rural,28,hombre,1,48,2.0833333333333335
2024,10303,rural,28,mujer,0,20,0.0
2024,10303,urbana,16,hombre,3,12,25.0
2024,10303,urbana,16,mujer,0,2,0.0
2024,10303,urbana,17,hombre,2,12,16.666666666666668
2024,10303,urbana,18,hombre,2,12,16.666666666666668
2024,10303,urbana,18,mujer,1,7,14.285714285714286
2024,10303,urbana,19,hombre,1,9,11.11111111111111
2024,10303,urbana,19,mujer,1,7,14.285714285714286
2024,10303,urbana,20,hombre,0,8,0.0
2024,10303,urbana,20,mujer,0,5,0.0
2024,10303,urbana,21,hombre,1,11,9.090909090909092
2024,10303,urbana,21,mujer,0,7,0.0
2024,10303,urbana,22,hombre,0,15,0.0
2024,10303,urbana,22,mujer,1,10,10.0
2024,10303,urbana,23,hombre,0,19,0.0
2024,10303,urbana,23,mujer,0,18,0.0
2024,10303,urbana,24,hombre,1,12,8.333333333333334
2024,10303,urbana,24,mujer,0,14,0.0
2024,10303,urbana,25,hombre,0,23,0.0
2024,10303,urbana,25,mujer,3,13,23.076923076923077
2024,10303,urbana,26,hombre,0,14,0.0
2024,10303,urbana,26,mujer,1,20,5.0
2024,10303,urbana,27,hombre,0,13,0.0
2024,10303,urbana,27,mujer,1,8,12.5
2024,10303,urbana,28,hombre,1,24,4.166666666666667
2024,10303,urbana,28,mujer,0,12,0.0
2024,10304,rural,16,hombre,4,28,14.285714285714286
2024,10304,rural,16,mujer,0,14,0.0
2024,10304,rural,17,hombre,5,37,13.513513513513514
2024,10304,rural,17,mujer,5,28,17.857142857142858
2024,10304,rural,18,hombre,4,41,9.75609756097561
2024,10304,rural,18,mujer,1,19,5.2631578947368425
2024,10304,rural,19,hombre,7,42,16.666666666666668
2024,10304,rural,19,mujer,2,29,6.896551724137931
2024,10304,rural,20,hombre,5,61,8.19672131147541
2024,10304,rural,20,mujer,1,30,3.3333333333333335
2024,10304,rural,21,hombre,7,42,16.666666666666668
2024,10304,rural,21,mujer,5,39,12.820512820512821
2024,10304,rural,22,hombre,8,64,12.5
2024,10304,rural,22,mujer,3,27,11.11111111111111
2024,10304,rural,23,hombre,8,56,14.285714285714286
2024,10304,rural,23,mujer,2,36,5.555555555555555
2024,10304,rural,24,hombre,6,55,10.909090909090908
2024,10304,rural,24,mujer,2,39,5.128205128205129
2024,10304,rural,25,hombre,7,51,13.72549019607843
2024,10304,rural,25,mujer,2,37,5.405405405405405
2024,10304,rural,26,hombre,8,45,17.77777777777778
2024,10304,rural,26,mujer,2,29,6.896551724137931
2024,10304,rural,27,hombre,1,50,2.0
2024,10304,rural,27,mujer,4,39,10.256410256410257
2024,10304,rural,28,hombre,5,50,10.0
2024,10304,rural,28,mujer,2,30,6.666666666666667
2024,10401,rural,16,hombre,3,14,21.428571428571427
2024,10401,rural,16,mujer,0,2,0.0
2024,10401,rural,17,hombre,2,17,11.764705882352942
2024,10401,rural,17,mujer,1,4,25.0
2024,10401,rural,18,hombre,1,10,10.0
2024,10401,rural,18,mujer,0,3,0.0
2024,10401,rural,19,hombre,1,13,7.6923076923076925
2024,10401,rural,19,mujer,1,8,12.5
2024,10401,rural,20,hombre,2,21,9.523809523809524
2024,10401,rural,20,mujer,1,9,11.11111111111111
2024,10401,rural,21,hombre,1,17,5.882352941176471
2024,10401,rural,21,mujer,2,13,15.384615384615385
2024,10401,rural,22,hombre,3,22,13.636363636363637
2024,10401,rural,22,mujer,1,5,20.0
2024,10401,rural,23,hombre,0,19,0.0
2024,10401,rural,23,mujer,2,14,14.285714285714286
2024,10401,rural,24,hombre,2,25,8.0
2024,10401,rural,24,mujer,1,10,10.0
2024,10401,rural,25,hombre,0,29,0.0
2024,10401,rural,25,mujer,0,10,0.0
2024,10401,rural,26,hombre,1,24,4.166666666666667
2024,10401,rural,26,mujer,0,10,0.0
2024,10401,rural,27,hombre,0,24,0.0
2024,10401,rural,27,mujer,2,10,20.0
2024,10401,rural,28,hombre,2,29,6.896551724137931
2024,10401,rural,28,mujer,2,9,22.22222222222222
2024,10401,urbana,16,hombre,5,14,35.714285714285715
2024,10401,urbana,16,mujer,1,3,33.333333333333336
2024,10401,urbana,17,hombre,0,6,0.0
2024,10401,urbana,17,mujer,1,9,11.11111111111111
2024,10401,urbana,18,hombre,1,14,7.142857142857143
2024,10401,urbana,18,mujer,2,6,33.333333333333336
2024,10401,urbana,19,hombre,0,12,0.0
2024,10401,urbana,19,mujer,1,11,9.090909090909092
2024,10401,urbana,20,hombre,2,12,16.666666666666668
2024,10401,urbana,20,mujer,1,19,5.2631578947368425
2024,10401,urbana,21,hombre,2,16,12.5
2024,10401,urbana,21,mujer,3,13,23.076923076923077
2024,10401,urbana,22,hombre,4,18,22.22222222222222
2024,10401,urbana,22,mujer,2,18,11.11111111111111
2024,10401,urbana,23,hombre,2,29,6.896551724137931
2024,10401,urbana,23,mujer,3,12,25.0
2024,10401,urbana,24,hombre,1,22,4.545454545454546
2024,10401,urbana,24,mujer,3,18,16.666666666666668
2024,10401,urbana,25,hombre,0,27,0.0
2024,10401,urbana,25,mujer,2,22,9.090909090909092
2024,10401,urbana,26,hombre,2,23,8.695652173913043
2024,10401,urbana,26,mujer,1,15,6.666666666666667
2024,10401,urbana,27,hombre,1,20,5.0
2024,10401,urbana,27,mujer,1,19,5.2631578947368425
2024,10401,urbana,28,hombre,0,23,0.0
2024,10401,urbana,28,mujer,1,21,4.761904761904762
2024,10402,rural,16,hombre,1,17,5.882352941176471
2024,10402,rural,16,mujer,1,17,5.882352941176471
2024,10402,rural,17,hombre,5,41,12.195121951219512
2024,10402,rural,17,mujer,1,21,4.761904761904762
2024,10402,rural,18,hombre,0,38,0.0
2024,10402,rural,18,mujer,0,19,0.0
2024,10402,rural,19,hombre,4,42,9.523809523809524
2024,10402,rural,19,mujer,2,22,9.090909090909092
2024,10402,rural,20,hombre,2,28,7.142857142857143
2024,10402,rural,20,mujer,0,16,0.0
2024,10402,rural,21,hombre,2,40,5.0
2024,10402,rural,21,mujer,2,29,6.896551724137931
2024,10402,rural,22,hombre,1,32,3.125
2024,10402,rural,22,mujer,0,27,0.0
2024,10402,rural,23,hombre,3,51,5.882352941176471
2024,10402,rural,23,mujer,2,38,5.2631578947368425
2024,10402,rural,24,hombre,3,44,6.818181818181818
2024,10402,rural,24,mujer,0,36,0.0
2024,10402,rural,25,hombre,0,37,0.0
2024,10402,rural,25,mujer,1,21,4.761904761904762
2024,10402,rural,26,hombre,4,45,8.88888888888889
2024,10402,rural,26,mujer,0,34,0.0
2024,10402,rural,27,hombre,2,39,5.128205128205129
2024,10402,rural,27,mujer,2,30,6.666666666666667
2024,10402,rural,28,hombre,0,31,0.0
2024,10402,rural,28,mujer,0,26,0.0
2024,10402,urbana,16,hombre,1,6,16.666666666666668
2024,10402,urbana,16,mujer,1,7,14.285714285714286
2024,10402,urbana,17,hombre,2,10,20.0
2024,10402,urbana,17,mujer,2,8,25.0
2024,10402,urbana,18,hombre,1,6,16.666666666666668
2024,10402,urbana,18,mujer,1,3,33.333333333333336
2024,10402,urbana,19,hombre,0,9,0.0
2024,10402,urbana,19,mujer,0,4,0.0
2024,10402,urbana,20,hombre,0,8,0.0
2024,10402,urbana,20,mujer,0,2,0.0
2024,10402,urbana,21,hombre,0,7,0.0
2024,10402,urbana,21,mujer,0,7,0.0
2024,10402,urbana,22,hombre,0,11,0.0
2024,10402,urbana,22,mujer,1,10,10.0
2024,10402,urbana,23,hombre,1,9,11.11111111111111
2024,10402,urbana,23,mujer,2,9,22.22222222222222
2024,10402,urbana,24,hombre,1,21,4.761904761904762
2024,10402,urbana,24,mujer,0,7,0.0
2024,10402,urbana,25,hombre,0,14,0.0
2024,10402,urbana,25,mujer,1,8,12.5
2024,10402,urbana,26,hombre,1,9,11.11111111111111
2024,10402,urbana,26,mujer,1,9,11.11111111111111
2024,10402,urbana,27,hombre,1,20,5.0
2024,10402,urbana,27,mujer,0,15,0.0
2024,10402,urbana,28,hombre,0,13,0.0
2024,10402,urbana,28,mujer,0,9,0.0
2024,10403,rural,16,hombre,2,15,13.333333333333334
2024,10403,rural,16,mujer,2,18,11.11111111111111
2024,10403,rural,17,hombre,1,27,3.7037037037037037
2024,10403,rural,17,mujer,0,17,0.0
2024,10403,rural,18,hombre,3,30,10.0
2024,10403,rural,18,mujer,1,13,7.6923076923076925
2024,10403,rural,19,hombre,1,21,4.761904761904762
2024,10403,rural,19,mujer,1,26,3.8461538461538463
2024,10403,rural,20,hombre,1,27,3.7037037037037037
2024,10403,rural,20,mujer,1,16,6.25
2024,10403,rural,21,hombre,1,24,4.166666666666667
2024,10403,rural,21,mujer,0,23,0.0
2024,10403,rural,22,hombre,1,31,3.225806451612903
2024,10403,rural,22,mujer,1,19,5.2631578947368425
2024,10403,rural,23,hombre,0,28,0.0
2024,10403,rural,23,mujer,1,23,4.3478260869565215
2024,10403,rural,24,hombre,0,29,0.0
2024,10403,rural,24,mujer,1,23,4.3478260869565215
2024,10403,rural,25,hombre,1,29,3.4482758620689653
2024,10403,rural,25,mujer,1,24,4.166666666666667
2024,10403,rural,26,hombre,3,35,8.571428571428571
2024,10403,rural,26,mujer,1,17,5.882352941176471
2024,10403,rural,27,hombre,1,26,3.8461538461538463
2024,10403,rural,27,mujer,0,16,0.0
2024,10403,rural,28,hombre,1,38,2.6315789473684212
2024,10403,rural,28,mujer,1,18,5.555555555555555
2024,10404,rural,16,hombre,1,4,25.0
2024,10404,rural,16,mujer,1,1,100.0
2024,10404,rural,17,hombre,0,6,0.0
2024,10404,rural,17,mujer,0,2,0.0
2024,10404,rural,18,hombre,1,10,10.0
2024,10404,rural,18,mujer,0,9,0.0
2024,10404,rural,19,hombre,0,12,0.0
2024,10404,rural,19,mujer,0,5,0.0
2024,10404,rural,20,hombre,2,8,25.0
2024,10404,rural,20,mujer,0,4,0.0
2024,10404,rural,21,hombre,0,9,0.0
2024,10404,rural,21,mujer,1,7,14.285714285714286
2024,10404,rural,22,hombre,2,19,10.526315789473685
2024,10404,rural,22,mujer,1,6,16.666666666666668
2024,10404,rural,23,hombre,3,21,14.285714285714286
2024,10404,rural,23,mujer,0,14,0.0
2024,10404,rural,24,hombre,4,23,17.391304347826086
2024,10404,rural,24,mujer,0,16,0.0
2024,10404,rural,25,hombre,1,23,4.3478260869565215
2024,10404,rural,25,mujer,1,16,6.25
2024,10404,rural,26,hombre,3,14,21.428571428571427
2024,10404,rural,26,mujer,0,17,0.0
2024,10404,rural,27,hombre,1,23,4.3478260869565215
2024,10404,rural,27,mujer,2,17,11.764705882352942
2024,10404,rural,28,hombre,0,26,0.0
2024,10404,rural,28,mujer,0,18,0.0
2024,10405,rural,16,hombre,2,11,18.181818181818183
2024,10405,rural,16,mujer,0,8,0.0
2024,10405,rural,17,hombre,0,4,0.0
2024,10405,rural,17,mujer,1,5,20.0
2024,10405,rural,18,hombre,1,15,6.666666666666667
2024,10405,rural,18,mujer,1,9,11.11111111111111
2024,10405,rural,19,hombre,0,18,0.0
2024,10405,rural,19,mujer,1,11,9.090909090909092
2024,10405,rural,20,hombre,1,12,8.333333333333334
2024,10405,rural,20,mujer,0,8,0.0
2024,10405,rural,21,hombre,1,28,3.5714285714285716
2024,10405,rural,21,mujer,0,18,0.0
2024,10405,rural,22,hombre,0,20,0.0
2024,10405,rural,22,mujer,1,13,7.6923076923076925
2024,10405,rural,23,hombre,0,37,0.0
2024,10405,rural,23,mujer,0,14,0.0
2024,10405,rural,24,hombre,2,28,7.142857142857143
2024,10405,rural,24,mujer,2,23,8.695652173913043
2024,10405,rural,25,hombre,4,38,10.526315789473685
2024,10405,rural,25,mujer,0,24,0.0
2024,10405,rural,26,hombre,0,34,0.0
2024,10405,rural,26,mujer,1,24,4.166666666666667
2024,10405,rural,27,hombre,1,28,3.5714285714285716
2024,10405,rural,27,mujer,0,21,0.0
2024,10405,rural,28,hombre,0,34,0.0
2024,10405,rural,28,mujer,1,19,5.2631578947368425
2024,10501,rural,16,hombre,6,31,19.35483870967742
2024,10501,rural,16,mujer,0,6,0.0
2024,10501,rural,17,hombre,3,24,12.5
2024,10501,rural,17,mujer,0,6,0.0
2024,10501,rural,18,hombre,1,31,3.225806451612903
2024,10501,rural,18,mujer,2,13,15.384615384615385
2024,10501,rural,19,hombre,2,35,5.714285714285714
2024,10501,rural,19,mujer,1,24,4.166666666666667
2024,10501,rural,20,hombre,2,32,6.25
2024,10501,rural,20,mujer,0,17,0.0
2024,10501,rural,21,hombre,2,37,5.405405405405405
2024,10501,rural,21,mujer,0,21,0.0
2024,10501,rural,22,hombre,1,43,2.3255813953488373
2024,10501,rural,22,mujer,2,27,7.407407407407407
2024,10501,rural,23,hombre,3,56,5.357142857142857
2024,10501,rural,23,mujer,0,20,0.0
2024,10501,rural,24,hombre,1,64,1.5625
2024,10501,rural,24,mujer,0,43,0.0
2024,10501,rural,25,hombre,1,45,2.2222222222222223
2024,10501,rural,25,mujer,2,26,7.6923076923076925
2024,10501,rural,26,hombre,2,57,3.508771929824561
2024,10501,rural,26,mujer,0,34,0.0
2024,10501,rural,27,hombre,2,68,2.9411764705882355
2024,10501,rural,27,mujer,1,33,3.0303030303030303
2024,10501,rural,28,hombre,0,77,0.0
2024,10501,rural,28,mujer,2,32,6.25
2024,10501,urbana,16,hombre,10,39,25.641025641025642
2024,10501,urbana,16,mujer,8,33,24.242424242424242
2024,10501,urbana,17,hombre,7,38,18.42105263157895
2024,10501,urbana,17,mujer,2,20,10.0
2024,10501,urbana,18,hombre,5,45,11.11111111111111
2024,10501,urbana,18,mujer,5,30,16.666666666666668
2024,10501,urbana,19,hombre,5,56,8.928571428571429
2024,10501,urbana,19,mujer,3,27,11.11111111111111
2024,10501,urbana,20,hombre,4,61,6.557377049180328
2024,10501,urbana,20,mujer,6,41,14.634146341463415
2024,10501,urbana,21,hombre,2,72,2.7777777777777777
2024,10501,urbana,21,mujer,3,36,8.333333333333334
2024,10501,urbana,22,hombre,3,66,4.545454545454546
2024,10501,urbana,22,mujer,1,44,2.272727272727273
2024,10501,urbana,23,hombre,2,76,2.6315789473684212
2024,10501,urbana,23,mujer,7,60,11.666666666666666
2024,10501,urbana,24,hombre,1,72,1.3888888888888888
2024,10501,urbana,24,mujer,4,77,5.194805194805195
2024,10501,urbana,25,hombre,2,75,2.6666666666666665
2024,10501,urbana,25,mujer,2,57,3.508771929824561
2024,10501,urbana,26,hombre,1,89,1.1235955056179776
2024,10501,urbana,26,mujer,1,70,1.4285714285714286
2024,10501,urbana,27,hombre,5,97,5.154639175257732
2024,10501,urbana,27,mujer,3,73,4.109589041095891
2024,10501,urbana,28,hombre,1,93,1.075268817204301
2024,10501,urbana,28,mujer,3,76,3.9473684210526314
2024,10502,rural,16,hombre,4,16,25.0
2024,10502,rural,16,mujer,2,5,40.0
2024,10502,rural,17,hombre,4,23,17.391304347826086
2024,10502,rural,17,mujer,3,5,60.0
2024,10502,rural,18,hombre,5,18,27.77777777777778
2024,10502,rural,18,mujer,1,8,12.5
2024,10502,rural,19,hombre,2,14,14.285714285714286
2024,10502,rural,19,mujer,0,3,0.0
2024,10502,rural,20,hombre,4,32,12.5
2024,10502,rural,20,mujer,1,9,11.11111111111111
2024,10502,rural,21,hombre,2,22,9.090909090909092
2024,10502,rural,21,mujer,1,4,25.0
2024,10502,rural,22,hombre,2,30,6.666666666666667
2024,10502,rural,22,mujer,1,11,9.090909090909092
2024,10502,rural,23,hombre,2,34,5.882352941176471
2024,10502,rural,23,mujer,4,19,21.05263157894737
2024,10502,rural,24,hombre,5,42,11.904761904761905
2024,10502,rural,24,mujer,4,17,23.529411764705884
2024,10502,rural,25,hombre,4,32,12.5
2024,10502,rural,25,mujer,1,22,4.545454545454546
2024,10502,rural,26,hombre,3,28,10.714285714285714
2024,10502,rural,26,mujer,3,19,15.789473684210526
2024,10502,rural,27,hombre,4,46,8.695652173913043
2024,10502,rural,27,mujer,1,18,5.555555555555555
2024,10502,rural,28,hombre,3,32,9.375
2024,10502,rural,28,mujer,3,22,13.636363636363637
2024,10601,rural,16,hombre,3,41,7.317073170731708
2024,10601,rural,16,mujer,3,19,15.789473684210526
2024,10601,rural,17,hombre,3,44,6.818181818181818
2024,10601,rural,17,mujer,1,24,4.166666666666667
2024,10601,rural,18,hombre,5,44,11.363636363636363
2024,10601,rural,18,mujer,2,24,8.333333333333334
2024,10601,rural,19,hombre,1,42,2.380952380952381
2024,10601,rural,19,mujer,1,40,2.5
2024,10601,rural,20,hombre,3,46,6.521739130434782
2024,10601,rural,20,mujer,1,26,3.8461538461538463
2024,10601,rural,21,hombre,6,46,13.043478260869565
2024,10601,rural,21,mujer,4,39,10.256410256410257
2024,10601,rural,22,hombre,2,42,4.761904761904762
2024,10601,rural,22,mujer,0,36,0.0
2024,10601,rural,23,hombre,3,51,5.882352941176471
2024,10601,rural,23,mujer,2,43,4.651162790697675
2024,10601,rural,24,hombre,2,74,2.7027027027027026
2024,10601,rural,24,mujer,0,36,0.0
2024,10601,rural,25,hombre,0,43,0.0
2024,10601,rural,25,mujer,3,32,9.375
2024,10601,rural,26,hombre,4,39,10.256410256410257
2024,10601,rural,26,mujer,2,22,9.090909090909092
2024,10601,rural,27,hombre,3,57,5.2631578947368425
2024,10601,rural,27,mujer,0,24,0.0
2024,10601,rural,28,hombre,1,26,3.8461538461538463
2024,10601,rural,28,mujer,5,36,13.88888888888889
2024,10601,urbana,16,hombre,1,15,6.666666666666667
2024,10601,urbana,16,mujer,2,12,16.666666666666668
2024,10601,urbana,17,hombre,0,14,0.0
2024,10601,urbana,17,mujer,2,15,13.333333333333334
2024,10601,urbana,18,hombre,1,17,5.882352941176471
2024,10601,urbana,18,mujer,0,9,0.0
2024,10601,urbana,19,hombre,1,15,6.666666666666667
2024,10601,urbana,19,mujer,1,9,11.11111111111111
2024,10601,urbana,20,hombre,0,12,0.0
2024,10601,urbana,20,mujer,2,11,18.181818181818183
2024,10601,urbana,21,hombre,1,12,8.333333333333334
2024,10601,urbana,21,mujer,0,9,0.0
2024,10601,urbana,22,hombre,0,13,0.0
2024,10601,urbana,22,mujer,0,10,0.0
2024,10601,urbana,23,hombre,0,17,0.0
2024,10601,urbana,23,mujer,0,16,0.0
2024,10601,urbana,24,hombre,2,23,8.695652173913043
2024,10601,urbana,24,mujer,0,10,0.0
2024,10601,urbana,25,hombre,2,14,14.285714285714286
2024,10601,urbana,25,mujer,0,12,0.0
2024,10601,urbana,26,hombre,0,14,0.0
2024,10601,urbana,26,mujer,0,16,0.0
2024,10601,urbana,27,hombre,1,13,7.6923076923076925
2024,10601,urbana,27,mujer,0,12,0.0
2024,10601,urbana,28,hombre,2,12,16.666666666666668
2024,10601,urbana,28,mujer,2,13,15.384615384615385
2024,10602,rural,16,hombre,3,19,15.789473684210526
2024,10602,rural,16,mujer,2,15,13.333333333333334
2024,10602,rural,17,hombre,5,28,17.857142857142858
2024,10602,rural,17,mujer,5,12,41.666666666666664
2024,10602,rural,18,hombre,4,37,10.81081081081081
2024,10602,rural,18,mujer,2,15,13.333333333333334
2024,10602,rural,19,hombre,0,32,0.0
2024,10602,rural,19,mujer,4,26,15.384615384615385
2024,10602,rural,20,hombre,2,43,4.651162790697675
2024,10602,rural,20,mujer,0,17,0.0
2024,10602,rural,21,hombre,1,29,3.4482758620689653
2024,10602,rural,21,mujer,1,22,4.545454545454546
2024,10602,rural,22,hombre,3,36,8.333333333333334
2024,10602,rural,22,mujer,1,28,3.5714285714285716
2024,10602,rural,23,hombre,5,52,9.615384615384615
2024,10602,rural,23,mujer,0,20,0.0
2024,10602,rural,24,hombre,0,45,0.0
2024,10602,rural,24,mujer,2,30,6.666666666666667
2024,10602,rural,25,hombre,0,50,0.0
2024,10602,rural,25,mujer,1,35,2.857142857142857
2024,10602,rural,26,hombre,1,41,2.4390243902439024
2024,10602,rural,26,mujer,0,19,0.0
2024,10602,rural,27,hombre,2,46,4.3478260869565215
2024,10602,rural,27,mujer,4,39,10.256410256410257
2024,10602,rural,28,hombre,1,36,2.7777777777777777
2024,10602,rural,28,mujer,0,23,0.0
2024,10701,rural,16,hombre,6,31,19.35483870967742
2024,10701,rural,16,mujer,5,22,22.727272727272727
2024,10701,rural,17,hombre,4,34,11.764705882352942
2024,10701,rural,17,mujer,5,21,23.80952380952381
2024,10701,rural,18,hombre,3,38,7.894736842105263
2024,10701,rural,18,mujer,3,24,12.5
2024,10701,rural,19,hombre,4,49,8.16326530612245
2024,10701,rural,19,mujer,5,18,27.77777777777778
2024,10701,rural,20,hombre,3,34,8.823529411764707
2024,10701,rural,20,mujer,2,20,10.0
2024,10701,rural,21,hombre,7,46,15.217391304347826
2024,10701,rural,21,mujer,5,30,16.666666666666668
2024,10701,rural,22,hombre,1,55,1.8181818181818181
2024,10701,rural,22,mujer,4,34,11.764705882352942
2024,10701,rural,23,hombre,9,40,22.5
2024,10701,rural,23,mujer,3,25,12.0
2024,10701,rural,24,hombre,1,44,2.272727272727273
2024,10701,rural,24,mujer,3,40,7.5
2024,10701,rural,25,hombre,1,44,2.272727272727273
2024,10701,rural,25,mujer,3,37,8.108108108108109
2024,10701,rural,26,hombre,3,46,6.521739130434782
2024,10701,rural,26,mujer,9,46,19.565217391304348
2024,10701,rural,27,hombre,5,49,10.204081632653061
2024,10701,rural,27,mujer,1,33,3.0303030303030303
2024,10701,rural,28,hombre,2,59,3.389830508474576
2024,10701,rural,28,mujer,5,37,13.513513513513514
2024,10701,urbana,16,hombre,1,9,11.11111111111111
2024,10701,urbana,16,mujer,3,11,27.272727272727273
2024,10701,urbana,17,hombre,4,12,33.333333333333336
2024,10701,urbana,17,mujer,0,13,0.0
2024,10701,urbana,18,hombre,1,17,5.882352941176471
2024,10701,urbana,18,mujer,1,12,8.333333333333334
2024,10701,urbana,19,hombre,2,14,14.285714285714286
2024,10701,urbana,19,mujer,1,9,11.11111111111111
2024,10701,urbana,20,hombre,0,20,0.0
2024,10701,urbana,20,mujer,2,13,15.384615384615385
2024,10701,urbana,21,hombre,1,22,4.545454545454546
2024,10701,urbana,21,mujer,1,9,11.11111111111111
2024,10701,urbana,22,hombre,1,18,5.555555555555555
2024,10701,urbana,22,mujer,3,24,12.5
2024,10701,urbana,23,hombre,2,33,6.0606060606060606
2024,10701,urbana,23,mujer,0,23,0.0
2024,10701,urbana,24,hombre,0,21,0.0
2024,10701,urbana,24,mujer,0,28,0.0
2024,10701,urbana,25,hombre,0,29,0.0
2024,10701,urbana,25,mujer,0,23,0.0
2024,10701,urbana,26,hombre,1,21,4.761904761904762
2024,10701,urbana,26,mujer,1,28,3.5714285714285716
2024,10701,urbana,27,hombre,1,43,2.3255813953488373
2024,10701,urbana,27,mujer,2,30,6.666666666666667
2024,10701,urbana,28,hombre,1,27,3.7037037037037037
2024,10701,urbana,28,mujer,3,32,9.375
2024,10702,rural,16,hombre,11,61,18.0327868852459
2024,10702,rural,16,mujer,8,43,18.6046511627907
2024,10702,rural,17,hombre,5,68,7.352941176470588
2024,10702,rural,17,mujer,6,40,15.0
2024,10702,rural,18,hombre,2,81,2.4691358024691357
2024,10702,rural,18,mujer,2,47,4.25531914893617
2024,10702,rural,19,hombre,4,74,5.405405405405405
2024,10702,rural,19,mujer,10,59,16.949152542372882
2024,10702,rural,20,hombre,5,74,6.756756756756757
2024,10702,rural,20,mujer,5,69,7.246376811594203
2024,10702,rural,21,hombre,4,84,4.761904761904762
2024,10702,rural,21,mujer,4,52,7.6923076923076925
2024,10702,rural,22,hombre,3,93,3.225806451612903
2024,10702,rural,22,mujer,4,57,7.017543859649122
2024,10702,rural,23,hombre,6,130,4.615384615384615
2024,10702,rural,23,mujer,6,67,8.955223880597014
2024,10702,rural,24,hombre,3,110,2.727272727272727
2024,10702,rural,24,mujer,4,78,5.128205128205129
2024,10702,rural,25,hombre,3,91,3.2967032967032965
2024,10702,rural,25,mujer,3,58,5.172413793103448
2024,10702,rural,26,hombre,4,92,4.3478260869565215
2024,10702,rural,26,mujer,0,56,0.0
2024,10702,rural,27,hombre,5,90,5.555555555555555
2024,10702,rural,27,mujer,2,57,3.508771929824561
2024,10702,rural,28,hombre,3,94,3.1914893617021276
2024,10702,rural,28,mujer,2,58,3.4482758620689653
2024,10702,urbana,16,hombre,2,4,50.0
2024,10702,urbana,16,mujer,2,7,28.571428571428573
2024,10702,urbana,17,hombre,4,10,40.0
2024,10702,urbana,17,mujer,0,4,0.0
2024,10702,urbana,18,hombre,1,9,11.11111111111111
2024,10702,urbana,18,mujer,1,3,33.333333333333336
2024,10702,urbana,19,hombre,0,5,0.0
2024,10702,urbana,19,mujer,1,7,14.285714285714286
2024,10702,urbana,20,hombre,3,14,21.428571428571427
2024,10702,urbana,20,mujer,0,6,0.0
2024,10702,urbana,21,hombre,0,9,0.0
2024,10702,urbana,21,mujer,0,7,0.0
2024,10702,urbana,22,hombre,2,14,14.285714285714286
2024,10702,urbana,22,mujer,0,8,0.0
2024,10702,urbana,23,hombre,0,10,0.0
2024,10702,urbana,23,mujer,2,8,25.0
2024,10702,urbana,24,hombre,1,17,5.882352941176471
2024,10702,urbana,24,mujer,0,12,0.0
2024,10702,urbana,25,hombre,0,12,0.0
2024,10702,urbana,25,mujer,2,21,9.523809523809524
2024,10702,urbana,26,hombre,0,11,0.0
2024,10702,urbana,26,mujer,0,17,0.0
2024,10702,urbana,27,hombre,0,14,0.0
2024,10702,urbana,27,mujer,1,21,4.761904761904762
2024,10702,urbana,28,hombre,1,14,7.142857142857143
2024,10702,urbana,28,mujer,1,18,5.555555555555555
2024,10703,rural,16,hombre,9,41,21.951219512195124
2024,10703,rural,16,mujer,6,24,25.0
2024,10703,rural,17,hombre,4,62,6.451612903225806
2024,10703,rural,17,mujer,2,37,5.405405405405405
2024,10703,rural,18,hombre,12,63,19.047619047619047
2024,10703,rural,18,mujer,11,42,26.19047619047619
2024,10703,rural,19,hombre,10,82,12.195121951219512
2024,10703,rural,19,mujer,6,57,10.526315789473685
2024,10703,rural,20,hombre,2,72,2.7777777777777777
2024,10703,rural,20,mujer,5,40,12.5
2024,10703,rural,21,hombre,9,67,13.432835820895523
2024,10703,rural,21,mujer,10,67,14.925373134328359
2024,10703,rural,22,hombre,6,64,9.375
2024,10703,rural,22,mujer,9,55,16.363636363636363
2024,10703,rural,23,hombre,6,83,7.228915662650603
2024,10703,rural,23,mujer,9,64,14.0625
2024,10703,rural,24,hombre,9,83,10.843373493975903
2024,10703,rural,24,mujer,5,57,8.771929824561404
2024,10703,rural,25,hombre,10,97,10.309278350515465
2024,10703,rural,25,mujer,2,49,4.081632653061225
2024,10703,rural,26,hombre,6,76,7.894736842105263
2024,10703,rural,26,mujer,3,44,6.818181818181818
2024,10703,rural,27,hombre,5,67,7.462686567164179
2024,10703,rural,27,mujer,2,41,4.878048780487805
2024,10703,rural,28,hombre,1,65,1.5384615384615385
2024,10703,rural,28,mujer,7,43,16.27906976744186
2024,10703,urbana,16,hombre,4,6,66.66666666666667
2024,10703,urbana,16,mujer,0,2,0.0
2024,10703,urbana,17,hombre,3,8,37.5
2024,10703,urbana,17,mujer,0,1,0.0
2024,10703,urbana,18,hombre,0,10,0.0
2024,10703,urbana,18,mujer,0,4,0.0
2024,10703,urbana,19,hombre,1,12,8.333333333333334
2024,10703,urbana,19,mujer,0,10,0.0
2024,10703,urbana,20,hombre,2,8,25.0
2024,10703,urbana,20,mujer,0,7,0.0
2024,10703,urbana,21,hombre,0,9,0.0
2024,10703,urbana,21,mujer,1,8,12.5
2024,10703,urbana,22,hombre,0,8,0.0
2024,10703,urbana,22,mujer,0,16,0.0
2024,10703,urbana,23,hombre,1,19,5.2631578947368425
2024,10703,urbana,23,mujer,1,12,8.333333333333334
2024,10703,urbana,24,hombre,0,21,0.0
2024,10703,urbana,24,mujer,0,25,0.0
2024,10703,urbana,25,hombre,0,10,0.0
2024,10703,urbana,25,mujer,0,17,0.0
2024,10703,urbana,26,hombre,0,13,0.0
2024,10703,urbana,26,mujer,0,20,0.0
2024,10703,urbana,27,hombre,1,21,4.761904761904762
2024,10703,urbana,27,mujer,1,18,5.555555555555555
2024,10703,urbana,28,hombre,1,20,5.0
2024,10703,urbana,28,mujer,1,14,7.142857142857143
2024,10704,rural,16,hombre,5,44,11.363636363636363
2024,10704,rural,16,mujer,7,30,23.333333333333332
2024,10704,rural,17,hombre,7,49,14.285714285714286
2024,10704,rural,17,mujer,2,31,6.451612903225806
2024,10704,rural,18,hombre,6,66,9.090909090909092
2024,10704,rural,18,mujer,9,48,18.75
2024,10704,rural,19,hombre,6,47,12.76595744680851
2024,10704,rural,19,mujer,6,48,12.5
2024,10704,rural,20,hombre,0,70,0.0
2024,10704,rural,20,mujer,4,44,9.090909090909092
2024,10704,rural,21,hombre,4,61,6.557377049180328
2024,10704,rural,21,mujer,4,50,8.0
2024,10704,rural,22,hombre,1,56,1.7857142857142858
2024,10704,rural,22,mujer,3,57,5.2631578947368425
2024,10704,rural,23,hombre,4,82,4.878048780487805
2024,10704,rural,23,mujer,5,50,10.0
2024,10704,rural,24,hombre,3,70,4.285714285714286
2024,10704,rural,24,mujer,4,41,9.75609756097561
2024,10704,rural,25,hombre,4,56,7.142857142857143
2024,10704,rural,25,mujer,3,50,6.0
2024,10704,rural,26,hombre,1,64,1.5625
2024,10704,rural,26,mujer,1,47,2.127659574468085
2024,10704,rural,27,hombre,0,54,0.0
2024,10704,rural,27,mujer,2,32,6.25
2024,10704,rural,28,hombre,2,64,3.125
2024,10704,rural,28,mujer,1,32,3.125
2024,10704,urbana,16,hombre,2,10,20.0
2024,10704,urbana,16,mujer,3,10,30.0
2024,10704,urbana,17,hombre,4,11,36.36363636363637
2024,10704,urbana,17,mujer,2,7,28.571428571428573
2024,10704,urbana,18,hombre,1,12,8.333333333333334
2024,10704,urbana,18,mujer,1,16,6.25
2024,10704,urbana,19,hombre,1,10,10.0
2024,10704,urbana,19,mujer,1,7,14.285714285714286
2024,10704,urbana,20,hombre,2,13,15.384615384615385
2024,10704,urbana,20,mujer,0,9,0.0
2024,10704,urbana,21,hombre,1,16,6.25
2024,10704,urbana,21,mujer,1,12,8.333333333333334
2024,10704,urbana,22,hombre,1,8,12.5
2024,10704,urbana,22,mujer,1,13,7.6923076923076925
2024,10704,urbana,23,hombre,1,15,6.666666666666667
2024,10704,urbana,23,mujer,4,13,30.76923076923077
2024,10704,urbana,24,hombre,2,23,8.695652173913043
2024,10704,urbana,24,mujer,0,11,0.0
2024,10704,urbana,25,hombre,2,19,10.526315789473685
2024,10704,urbana,25,mujer,0,20,0.0
2024,10704,urbana,26,hombre,1,21,4.761904761904762
2024,10704,urbana,26,mujer,0,15,0.0
2024,10704,urbana,27,hombre,0,16,0.0
2024,10704,urbana,27,mujer,1,17,5.882352941176471
2024,10704,urbana,28,hombre,0,14,0.0
2024,10704,urbana,28,mujer,1,22,4.545454545454546
2024,10801,rural,16,hombre,7,12,58.333333333333336
2024,10801,rural,16,mujer,1,11,9.090909090909092
2024,10801,rural,17,hombre,3,14,21.428571428571427
2024,10801,rural,17,mujer,4,8,50.0
2024,10801,rural,18,hombre,3,23,13.043478260869565
2024,10801,rural,18,mujer,2,5,40.0
2024,10801,rural,19,hombre,2,18,11.11111111111111
2024,10801,rural,19,mujer,1,7,14.285714285714286
2024,10801,rural,20,hombre,2,18,11.11111111111111
2024,10801,rural,20,mujer,3,13,23.076923076923077
2024,10801,rural,21,hombre,3,22,13.636363636363637
2024,10801,rural,21,mujer,1,10,10.0
2024,10801,rural,22,hombre,1,20,5.0
2024,10801,rural,22,mujer,0,11,0.0
2024,10801,rural,23,hombre,1,28,3.5714285714285716
2024,10801,rural,23,mujer,1,11,9.090909090909092
2024,10801,rural,24,hombre,0,21,0.0
2024,10801,rural,24,mujer,0,17,0.0
2024,10801,rural,25,hombre,0,26,0.0
2024,10801,rural,25,mujer,2,7,28.571428571428573
2024,10801,rural,26,hombre,2,25,8.0
2024,10801,rural,26,mujer,0,20,0.0
2024,10801,rural,27,hombre,2,32,6.25
2024,10801,rural,27,mujer,2,18,11.11111111111111
2024,10801,rural,28,hombre,1,31,3.225806451612903
2024,10801,rural,28,mujer,1,12,8.333333333333334
2024,10801,urbana,16,hombre,7,10,70.0
2024,10801,urbana,16,mujer,1,6,16.666666666666668
2024,10801,urbana,17,hombre,0,8,0.0
2024,10801,urbana,17,mujer,0,5,0.0
2024,10801,urbana,18,hombre,1,12,8.333333333333334
2024,10801,urbana,18,mujer,2,6,33.333333333333336
2024,10801,urbana,19,hombre,4,11,36.36363636363637
2024,10801,urbana,19,mujer,2,14,14.285714285714286
2024,10801,urbana,20,hombre,1,17,5.882352941176471
2024,10801,urbana,20,mujer,0,5,0.0
2024,10801,urbana,21,hombre,4,18,22.22222222222222
2024,10801,urbana,21,mujer,1,8,12.5
2024,10801,urbana,22,hombre,0,13,0.0
2024,10801,urbana,22,mujer,1,6,16.666666666666668
2024,10801,urbana,23,hombre,2,23,8.695652173913043
2024,10801,urbana,23,mujer,2,13,15.384615384615385
2024,10801,urbana,24,hombre,0,17,0.0
2024,10801,urbana,24,mujer,2,12,16.666666666666668
2024,10801,urbana,25,hombre,3,14,21.428571428571427
2024,10801,urbana,25,mujer,2,20,10.0
2024,10801,urbana,26,hombre,0,25,0.0
2024,10801,urbana,26,mujer,1,12,8.333333333333334
2024,10801,urbana,27,hombre,1,15,6.666666666666667
2024,10801,urbana,27,mujer,1,13,7.6923076923076925
2024,10801,urbana,28,hombre,0,23,0.0
2024,10801,urbana,28,mujer,0,10,0.0
2024,10901,rural,16,hombre,1,9,11.11111111111111
2024,10901,rural,16,mujer,2,5,40.0
2024,10901,rural,17,hombre,2,11,18.181818181818183
2024,10901,rural,17,mujer,1,6,16.666666666666668
2024,10901,rural,18,hombre,1,5,20.0
2024,10901,rural,18,mujer,0,9,0.0
2024,10901,rural,19,hombre,2,14,14.285714285714286
2024,10901,rural,19,mujer,0,9,0.0
2024,10901,rural,20,hombre,0,8,0.0
2024,10901,rural,20,mujer,2,8,25.0
2024,10901,rural,21,hombre,0,12,0.0
2024,10901,rural,21,mujer,0,6,0.0
2024,10901,rural,22,hombre,0,20,0.0
2024,10901,rural,22,mujer,0,12,0.0
2024,10901,rural,23,hombre,2,22,9.090909090909092
2024,10901,rural,23,mujer,0,9,0.0
2024,10901,rural,24,hombre,0,21,0.0
2024,10901,rural,24,mujer,1,11,9.090909090909092
2024,10901,rural,25,hombre,1,19,5.2631578947368425
2024,10901,rural,25,mujer,0,8,0.0
2024,10901,rural,26,hombre,0,19,0.0
2024,10901,rural,26,mujer,0,17,0.0
2024,10901,rural,27,hombre,0,14,0.0
2024,10901,rural,27,mujer,1,11,9.090909090909092
2024,10901,rural,28,hombre,1,20,5.0
2024,10901,rural,28,mujer,0,10,0.0
2024,10901,urbana,16,hombre,2,6,33.333333333333336
2024,10901,urbana,16,mujer,2,4,50.0
2024,10901,urbana,17,hombre,2,7,28.571428571428573
2024,10901,urbana,17,mujer,2,9,22.22222222222222
2024,10901,urbana,18,hombre,2,4,50.0
2024,10901,urbana,18,mujer,2,4,50.0
2024,10901,urbana,19,hombre,1,10,10.0
2024,10901,urbana,19,mujer,2,2,100.0
2024,10901,urbana,20,hombre,0,11,0.0
2024,10901,urbana,20,mujer,0,8,0.0
2024,10901,urbana,21,hombre,0,17,0.0
2024,10901,urbana,21,mujer,4,11,36.36363636363637
2024,10901,urbana,22,hombre,1,13,7.6923076923076925
2024,10901,urbana,22,mujer,1,9,11.11111111111111
2024,10901,urbana,23,hombre,1,17,5.882352941176471
2024,10901,urbana,23,mujer,1,8,12.5
2024,10901,urbana,24,hombre,1,25,4.0
2024,10901,urbana,24,mujer,1,10,10.0
2024,10901,urbana,25,hombre,0,12,0.0
2024,10901,urbana,25,mujer,0,13,0.0
2024,10901,urbana,26,hombre,1,12,8.333333333333334
2024,10901,urbana,26,mujer,1,19,5.2631578947368425
2024,10901,urbana,27,hombre,0,11,0.0
2024,10901,urbana,27,mujer,1,16,6.25
2024,10901,urbana,28,hombre,3,18,16.666666666666668
2024,10901,urbana,28,mujer,1,18,5.555555555555555
2024,10902,rural,16,hombre,7,46,15.217391304347826
2024,10902,rural,16,mujer,4,21,19.047619047619047
2024,10902,rural,17,hombre,10,42,23.80952380952381
2024,10902,rural,17,mujer,8,32,25.0
2024,10902,rural,18,hombre,5,52,9.615384615384615
2024,10902,rural,18,mujer,3,30,10.0
2024,10902,rural,19,hombre,7,48,14.583333333333334
2024,10902,rural,19,mujer,1,20,5.0
2024,10902,rural,20,hombre,5,60,8.333333333333334
2024,10902,rural,20,mujer,2,30,6.666666666666667
2024,10902,rural,21,hombre,5,59,8.474576271186441
2024,10902,rural,21,mujer,5,36,13.88888888888889
2024,10902,rural,22,hombre,5,59,8.474576271186441
2024,10902,rural,22,mujer,4,38,10.526315789473685
2024,10902,rural,23,hombre,5,64,7.8125
2024,10902,rural,23,mujer,4,35,11.428571428571429
2024,10902,rural,24,hombre,6,57,10.526315789473685
2024,10902,rural,24,mujer,2,30,6.666666666666667
2024,10902,rural,25,hombre,3,56,5.357142857142857
2024,10902,rural,25,mujer,0,37,0.0
2024,10902,rural,26,hombre,2,59,3.389830508474576
2024,10902,rural,26,mujer,1,38,2.6315789473684212
2024,10902,rural,27,hombre,2,51,3.9215686274509802
2024,10902,rural,27,mujer,1,29,3.4482758620689653
2024,10902,rural,28,hombre,4,62,6.451612903225806
2024,10902,rural,28,mujer,4,37,10.81081081081081
2024,10902,urbana,16,hombre,2,10,20.0
2024,10902,urbana,16,mujer,1,11,9.090909090909092
2024,10902,urbana,17,hombre,4,16,25.0
2024,10902,urbana,17,mujer,2,12,16.666666666666668
2024,10902,urbana,18,hombre,0,9,0.0
2024,10902,urbana,18,mujer,0,10,0.0
2024,10902,urbana,19,hombre,1,13,7.6923076923076925
2024,10902,urbana,19,mujer,2,8,25.0
2024,10902,urbana,20,hombre,1,10,10.0
2024,10902,urbana,20,mujer,2,7,28.571428571428573
2024,10902,urbana,21,hombre,2,16,12.5
2024,10902,urbana,21,mujer,0,7,0.0
2024,10902,urbana,22,hombre,1,11,9.090909090909092
2024,10902,urbana,22,mujer,0,5,0.0
2024,10902,urbana,23,hombre,3,22,13.636363636363637
2024,10902,urbana,23,mujer,2,20,10.0
2024,10902,urbana,24,hombre,1,8,12.5
2024,10902,urbana,24,mujer,0,11,0.0
2024,10902,urbana,25,hombre,0,17,0.0
2024,10902,urbana,25,mujer,0,17,0.0
2024,10902,urbana,26,hombre,0,16,0.0
2024,10902,urbana,26,mujer,0,18,0.0
2024,10902,urbana,27,hombre,1,22,4.545454545454546
2024,10902,urbana,27,mujer,0,16,0.0
2024,10902,urbana,28,hombre,1,16,6.25
2024,10902,urbana,28,mujer,1,10,10.0
2024,10903,rural,16,hombre,7,9,77.77777777777777
2024,10903,rural,16,mujer,0,4,0.0
2024,10903,rural,17,hombre,3,14,21.428571428571427
2024,10903,rural,17,mujer,0,5,0.0
2024,10903,rural,18,hombre,1,16,6.25
2024,10903,rural,18,mujer,0,7,0.0
2024,10903,rural,19,hombre,4,26,15.384615384615385
2024,10903,rural,19,mujer,2,12,16.666666666666668
2024,10903,rural,20,hombre,1,19,5.2631578947368425
2024,10903,rural,20,mujer,1,17,5.882352941176471
2024,10903,rural,21,hombre,2,32,6.25
2024,10903,rural,21,mujer,1,9,11.11111111111111
2024,10903,rural,22,hombre,4,32,12.5
2024,10903,rural,22,mujer,0,12,0.0
2024,10903,rural,23,hombre,1,35,2.857142857142857
2024,10903,rural,23,mujer,1,17,5.882352941176471
2024,10903,rural,24,hombre,1,41,2.4390243902439024
2024,10903,rural,24,mujer,2,23,8.695652173913043
2024,10903,rural,25,hombre,2,36,5.555555555555555
2024,10903,rural,25,mujer,1,19,5.2631578947368425
2024,10903,rural,26,hombre,0,28,0.0
2024,10903,rural,26,mujer,4,22,18.181818181818183
2024,10903,rural,27,hombre,1,42,2.380952380952381
2024,10903,rural,27,mujer,1,15,6.666666666666667
2024,10903,rural,28,hombre,0,35,0.0
2024,10903,rural,28,mujer,0,13,0.0
2024,11001,rural,16,hombre,1,16,6.25
2024,11001,rural,16,mujer,0,8,0.0
2024,11001,rural,17,hombre,3,22,13.636363636363637
2024,11001,rural,17,mujer,1,4,25.0
2024,11001,rural,18,hombre,2,20,10.0
2024,11001,rural,18,mujer,1,12,8.333333333333334
2024,11001,rural,19,hombre,3,34,8.823529411764707
2024,11001,rural,19,mujer,0,8,0.0
2024,11001,rural,20,hombre,2,26,7.6923076923076925
2024,11001,rural,20,mujer,1,15,6.666666666666667
2024,11001,rural,21,hombre,0,32,0.0
2024,11001,rural,21,mujer,0,5,0.0
2024,11001,rural,22,hombre,3,25,12.0
2024,11001,rural,22,mujer,2,26,7.6923076923076925
2024,11001,rural,23,hombre,2,42,4.761904761904762
2024,11001,rural,23,mujer,0,15,0.0
2024,11001,rural,24,hombre,4,48,8.333333333333334
2024,11001,rural,24,mujer,1,17,5.882352941176471
2024,11001,rural,25,hombre,1,32,3.125
2024,11001,rural,25,mujer,1,21,4.761904761904762
2024,11001,rural,26,hombre,0,35,0.0
2024,11001,rural,26,mujer,1,22,4.545454545454546
2024,11001,rural,27,hombre,0,46,0.0
2024,11001,rural,27,mujer,0,17,0.0
2024,11001,rural,28,hombre,3,54,5.555555555555555
2024,11001,rural,28,mujer,0,20,0.0
2024,11001,urbana,16,hombre,0,7,0.0
2024,11001,urbana,16,mujer,2,6,33.333333333333336
2024,11001,urbana,17,hombre,1,12,8.333333333333334
2024,11001,urbana,17,mujer,1,4,25.0
2024,11001,urbana,18,hombre,5,21,23.80952380952381
2024,11001,urbana,18,mujer,2,10,20.0
2024,11001,urbana,19,hombre,3,27,11.11111111111111
2024,11001,urbana,19,mujer,2,17,11.764705882352942
2024,11001,urbana,20,hombre,1,24,4.166666666666667
2024,11001,urbana,20,mujer,6,25,24.0
2024,11001,urbana,21,hombre,1,23,4.3478260869565215
2024,11001,urbana,21,mujer,5,23,21.73913043478261
2024,11001,urbana,22,hombre,3,44,6.818181818181818
2024,11001,urbana,22,mujer,5,20,25.0
2024,11001,urbana,23,hombre,4,37,10.81081081081081
2024,11001,urbana,23,mujer,1,15,6.666666666666667
2024,11001,urbana,24,hombre,1,36,2.7777777777777777
2024,11001,urbana,24,mujer,3,34,8.823529411764707
2024,11001,urbana,25,hombre,0,39,0.0
2024,11001,urbana,25,mujer,1,33,3.0303030303030303
2024,11001,urbana,26,hombre,1,31,3.225806451612903
2024,11001,urbana,26,mujer,1,9,11.11111111111111
2024,11001,urbana,27,hombre,2,39,5.128205128205129
2024,11001,urbana,27,mujer,2,28,7.142857142857143
2024,11001,urbana,28,hombre,0,52,0.0
2024,11001,urbana,28,mujer,0,22,0.0
2024,11002,rural,16,hombre,0,8,0.0
2024,11002,rural,16,mujer,1,2,50.0
2024,11002,rural,17,hombre,1,3,33.333333333333336
2024,11002,rural,17,mujer,0,3,0.0
2024,11002,rural,18,hombre,1,6,16.666666666666668
2024,11002,rural,18,mujer,1,5,20.0
2024,11002,rural,19,hombre,1,3,33.333333333333336
2024,11002,rural,19,mujer,1,6,16.666666666666668
2024,11002,rural,20,hombre,0,9,0.0
2024,11002,rural,20,mujer,0,5,0.0
2024,11002,rural,21,hombre,1,11,9.090909090909092
2024,11002,rural,21,mujer,0,2,0.0
2024,11002,rural,22,hombre,0,9,0.0
2024,11002,rural,22,mujer,0,8,0.0
2024,11002,rural,23,hombre,1,7,14.285714285714286
2024,11002,rural,23,mujer,0,4,0.0
2024,11002,rural,24,hombre,0,16,0.0
2024,11002,rural,24,mujer,0,10,0.0
2024,11002,rural,25,hombre,0,16,0.0
2024,11002,rural,25,mujer,0,5,0.0
2024,11002,rural,26,hombre,0,23,0.0
2024,11002,rural,26,mujer,0,5,0.0
2024,11002,rural,27,hombre,0,16,0.0
2024,11002,rural,27,mujer,0,8,0.0
2024,11002,rural,28,hombre,0,12,0.0
2024,11002,rural,28,mujer,0,5,0.0
2024,11003,rural,16,hombre,1,12,8.333333333333334
2024,11003,rural,16,mujer,0,5,0.0
2024,11003,rural,17,hombre,0,19,0.0
2024,11003,rural,17,mujer,1,10,10.0
2024,11003,rural,18,hombre,3,15,20.0
2024,11003,rural,18,mujer,1,6,16.666666666666668
2024,11003,rural,19,hombre,1,24,4.166666666666667
2024,11003,rural,19,mujer,0,6,0.0
2024,11003,rural,20,hombre,0,20,0.0
2024,11003,rural,20,mujer,1,13,7.6923076923076925
2024,11003,rural,21,hombre,0,22,0.0
2024,11003,rural,21,mujer,0,11,0.0
2024,11003,rural,22,hombre,3,35,8.571428571428571
2024,11003,rural,22,mujer,2,16,12.5
2024,11003,rural,23,hombre,0,27,0.0
2024,11003,rural,23,mujer,2,21,9.523809523809524
2024,11003,rural,24,hombre,4,49,8.16326530612245
2024,11003,rural,24,mujer,1,20,5.0
2024,11003,rural,25,hombre,1,41,2.4390243902439024
2024,11003,rural,25,mujer,1,16,6.25
2024,11003,rural,26,hombre,3,47,6.382978723404255
2024,11003,rural,26,mujer,1,21,4.761904761904762
2024,11003,rural,27,hombre,2,45,4.444444444444445
2024,11003,rural,27,mujer,1,16,6.25
2024,11003,rural,28,hombre,1,30,3.3333333333333335
2024,11003,rural,28,mujer,0,21,0.0
2024,20101,rural,16,hombre,5,21,23.80952380952381
2024,20101,rural,16,mujer,3,10,30.0
2024,20101,rural,17,hombre,5,19,26.31578947368421
2024,20101,rural,17,mujer,1,6,16.666666666666668
2024,20101,rural,18,hombre,0,22,0.0
2024,20101,rural,18,mujer,3,24,12.5
2024,20101,rural,19,hombre,3,35,8.571428571428571
2024,20101,rural,19,mujer,3,25,12.0
2024,20101,rural,20,hombre,3,41,7.317073170731708
2024,20101,rural,20,mujer,4,35,11.428571428571429
2024,20101,rural,21,hombre,4,42,9.523809523809524
2024,20101,rural,21,mujer,1,28,3.5714285714285716
2024,20101,rural,22,hombre,0,49,0.0
2024,20101,rural,22,mujer,5,33,15.151515151515152
2024,20101,rural,23,hombre,2,48,4.166666666666667
2024,20101,rural,23,mujer,3,33,9.090909090909092
2024,20101,rural,24,hombre,6,69,8.695652173913043
2024,20101,rural,24,mujer,2,34,5.882352941176471
2024,20101,rural,25,hombre,1,50,2.0
2024,20101,rural,25,mujer,3,32,9.375
2024,20101,rural,26,hombre,1,53,1.8867924528301887
2024,20101,rural,26,mujer,1,24,4.166666666666667
2024,20101,rural,27,hombre,1,54,1.8518518518518519
2024,20101,rural,27,mujer,1,28,3.5714285714285716
2024,20101,rural,28,hombre,2,45,4.444444444444445
2024,20101,rural,28,mujer,3,37,8.108108108108109
2024,20101,urbana,16,hombre,246,801,30.711610486891384
2024,20101,urbana,16,mujer,237,686,34.54810495626822
2024,20101,urbana,17,hombre,288,1026,28.07017543859649
2024,20101,urbana,17,mujer,246,828,29.71014492753623
2024,20101,urbana,18,hombre,329,1648,19.96359223300971
2024,20101,urbana,18,mujer,287,1387,20.69214131218457
2024,20101,urbana,19,hombre,319,1999,15.957978989494748
2024,20101,urbana,19,mujer,280,1685,16.617210682492583
2024,20101,urbana,20,hombre,285,2300,12.391304347826088
2024,20101,urbana,20,mujer,286,1945,14.704370179948587
2024,20101,urbana,21,hombre,231,2702,8.549222797927461
2024,20101,urbana,21,mujer,301,2288,13.155594405594405
2024,20101,urbana,22,hombre,224,2972,7.537012113055182
2024,20101,urbana,22,mujer,218,2555,8.53228962818004
2024,20101,urbana,23,hombre,210,3935,5.336721728081321
2024,20101,urbana,23,mujer,224,3295,6.798179059180576
2024,20101,urbana,24,hombre,203,4169,4.869273207004078
2024,20101,urbana,24,mujer,205,3799,5.396156883390366
2024,20101,urbana,25,hombre,170,4325,3.930635838150289
2024,20101,urbana,25,mujer,185,3981,4.647073599598091
2024,20101,urbana,26,hombre,134,4534,2.955447728275254
2024,20101,urbana,26,mujer,156,4188,3.7249283667621778
2024,20101,urbana,27,hombre,105,4855,2.1627188465499487
2024,20101,urbana,27,mujer,142,4385,3.2383124287343215
2024,20101,urbana,28,hombre,102,4854,2.1013597033374536
2024,20101,urbana,28,mujer,128,4461,2.869311813494732
2024,20102,rural,16,hombre,5,41,12.195121951219512
2024,20102,rural,16,mujer,9,56,16.071428571428573
2024,20102,rural,17,hombre,7,68,10.294117647058824
2024,20102,rural,17,mujer,3,50,6.0
2024,20102,rural,18,hombre,2,66,3.0303030303030303
2024,20102,rural,18,mujer,7,72,9.722222222222221
2024,20102,rural,19,hombre,8,95,8.421052631578947
2024,20102,rural,19,mujer,9,87,10.344827586206897
2024,20102,rural,20,hombre,4,101,3.9603960396039604
2024,20102,rural,20,mujer,4,94,4.25531914893617
2024,20102,rural,21,hombre,6,121,4.958677685950414
2024,20102,rural,21,mujer,8,100,8.0
2024,20102,rural,22,hombre,3,113,2.6548672566371683
2024,20102,rural,22,mujer,3,102,2.9411764705882355
2024,20102,rural,23,hombre,6,145,4.137931034482759
2024,20102,rural,23,mujer,11,126,8.73015873015873
2024,20102,rural,24,hombre,4,153,2.6143790849673203
2024,20102,rural,24,mujer,3,122,2.459016393442623
2024,20102,rural,25,hombre,1,125,0.8
2024,20102,rural,25,mujer,5,116,4.310344827586207
2024,20102,rural,26,hombre,3,150,2.0
2024,20102,rural,26,mujer,1,129,0.7751937984496124
2024,20102,rural,27,hombre,2,143,1.3986013986013985
2024,20102,rural,27,mujer,5,106,4.716981132075472
2024,20102,rural,28,hombre,2,121,1.6528925619834711
2024,20102,rural,28,mujer,4,103,3.883495145631068
2024,20103,rural,16,hombre,6,44,13.636363636363637
2024,20103,rural,16,mujer,15,54,27.77777777777778
2024,20103,rural,17,hombre,5,54,9.25925925925926
2024,20103,rural,17,mujer,8,46,17.391304347826086
2024,20103,rural,18,hombre,9,53,16.9811320754717
2024,20103,rural,18,mujer,6,57,10.526315789473685
2024,20103,rural,19,hombre,5,76,6.578947368421052
2024,20103,rural,19,mujer,6,59,10.169491525423728
2024,20103,rural,20,hombre,8,71,11.267605633802816
2024,20103,rural,20,mujer,12,79,15.189873417721518
2024,20103,rural,21,hombre,6,105,5.714285714285714
2024,20103,rural,21,mujer,10,94,10.638297872340425
2024,20103,rural,22,hombre,8,95,8.421052631578947
2024,20103,rural,22,mujer,6,94,6.382978723404255
2024,20103,rural,23,hombre,6,106,5.660377358490566
2024,20103,rural,23,mujer,9,98,9.183673469387756
2024,20103,rural,24,hombre,5,150,3.3333333333333335
2024,20103,rural,24,mujer,9,132,6.818181818181818
2024,20103,rural,25,hombre,3,112,2.6785714285714284
2024,20103,rural,25,mujer,8,122,6.557377049180328
2024,20103,rural,26,hombre,5,135,3.7037037037037037
2024,20103,rural,26,mujer,4,106,3.7735849056603774
2024,20103,rural,27,hombre,6,114,5.2631578947368425
2024,20103,rural,27,mujer,0,88,0.0
2024,20103,rural,28,hombre,2,128,1.5625
2024,20103,rural,28,mujer,2,92,2.1739130434782608
2024,20104,rural,16,hombre,3,10,30.0
2024,20104,rural,16,mujer,1,9,11.11111111111111
2024,20104,rural,17,hombre,1,12,8.333333333333334
2024,20104,rural,17,mujer,2,8,25.0
2024,20104,rural,18,hombre,1,14,7.142857142857143
2024,20104,rural,18,mujer,1,13,7.6923076923076925
2024,20104,rural,19,hombre,0,22,0.0
2024,20104,rural,19,mujer,2,22,9.090909090909092
2024,20104,rural,20,hombre,2,26,7.6923076923076925
2024,20104,rural,20,mujer,2,29,6.896551724137931
2024,20104,rural,21,hombre,2,26,7.6923076923076925
2024,20104,rural,21,mujer,2,22,9.090909090909092
2024,20104,rural,22,hombre,1,41,2.4390243902439024
2024,20104,rural,22,mujer,3,30,10.0
2024,20104,rural,23,hombre,1,33,3.0303030303030303
2024,20104,rural,23,mujer,2,32,6.25
2024,20104,rural,24,hombre,0,32,0.0
2024,20104,rural,24,mujer,1,37,2.7027027027027026
2024,20104,rural,25,hombre,1,36,2.7777777777777777
2024,20104,rural,25,mujer,4,39,10.256410256410257
2024,20104,rural,26,hombre,0,40,0.0
2024,20104,rural,26,mujer,2,30,6.666666666666667
2024,20104,rural,27,hombre,2,40,5.0
2024,20104,rural,27,mujer,3,38,7.894736842105263
2024,20104,rural,28,hombre,0,30,0.0
2024,20104,rural,28,mujer,1,31,3.225806451612903
2024,20104,urbana,16,hombre,22,100,22.0
2024,20104,urbana,16,mujer,16,76,21.05263157894737
2024,20104,urbana,17,hombre,20,108,18.51851851851852
2024,20104,urbana,17,mujer,21,88,23.863636363636363
2024,20104,urbana,18,hombre,20,106,18.867924528301888
2024,20104,urbana,18,mujer,13,116,11.206896551724139
2024,20104,urbana,19,hombre,21,173,12.138728323699421
2024,20104,urbana,19,mujer,21,141,14.893617021276595
2024,20104,urbana,20,hombre,18,201,8.955223880597014
2024,20104,urbana,20,mujer,18,161,11.180124223602485
2024,20104,urbana,21,hombre,14,221,6.334841628959276
2024,20104,urbana,21,mujer,10,168,5.9523809523809526
2024,20104,urbana,22,hombre,14,212,6.60377358490566
2024,20104,urbana,22,mujer,9,170,5.294117647058823
2024,20104,urbana,23,hombre,12,281,4.270462633451957
2024,20104,urbana,23,mujer,14,247,5.668016194331984
2024,20104,urbana,24,hombre,15,290,5.172413793103448
2024,20104,urbana,24,mujer,12,236,5.084745762711864
2024,20104,urbana,25,hombre,4,309,1.2944983818770226
2024,20104,urbana,25,mujer,7,220,3.1818181818181817
2024,20104,urbana,26,hombre,5,280,1.7857142857142858
2024,20104,urbana,26,mujer,5,213,2.347417840375587
2024,20104,urbana,27,hombre,6,248,2.4193548387096775
2024,20104,urbana,27,mujer,10,238,4.201680672268908
2024,20104,urbana,28,hombre,5,267,1.8726591760299625
2024,20104,urbana,28,mujer,5,223,2.242152466367713
2024,20105,rural,16,hombre,1,3,33.333333333333336
2024,20105,rural,17,mujer,1,1,100.0
2024,20105,rural,18,hombre,0,1,0.0
2024,20105,rural,18,mujer,1,2,50.0
2024,20105,rural,19,mujer,0,2,0.0
2024,20105,rural,20,hombre,0,5,0.0
2024,20105,rural,20,mujer,1,4,25.0
2024,20105,rural,21,hombre,0,5,0.0
2024,20105,rural,21,mujer,0,1,0.0
2024,20105,rural,22,hombre,0,3,0.0
2024,20105,rural,22,mujer,0,4,0.0
2024,20105,rural,23,hombre,0,6,0.0
2024,20105,rural,23,mujer,0,1,0.0
2024,20105,rural,24,hombre,0,3,0.0
2024,20105,rural,24,mujer,0,3,0.0
2024,20105,rural,25,hombre,0,6,0.0
2024,20105,rural,25,mujer,0,3,0.0
2024,20105,rural,26,hombre,0,6,0.0
2024,20105,rural,26,mujer,0,4,0.0
2024,20105,rural,27,hombre,1,5,20.0
2024,20105,rural,28,hombre,0,7,0.0
2024,20105,rural,28,mujer,0,2,0.0
2024,20105,urbana,16,hombre,601,2084,28.83877159309021
2024,20105,urbana,16,mujer,588,1696,34.66981132075472
2024,20105,urbana,17,hombre,600,2298,26.109660574412533
2024,20105,urbana,17,mujer,535,1971,27.143581938102486
2024,20105,urbana,18,hombre,483,2798,17.262330235882775
2024,20105,urbana,18,mujer,600,3013,19.913707268503153
2024,20105,urbana,19,hombre,519,3627,14.309346567411083
2024,20105,urbana,19,mujer,572,3386,16.893089190785588
2024,20105,urbana,20,hombre,467,4421,10.56322099072608
2024,20105,urbana,20,mujer,602,3907,15.408241617609418
2024,20105,urbana,21,hombre,458,4985,9.187562688064192
2024,20105,urbana,21,mujer,530,4237,12.508850601840924
2024,20105,urbana,22,hombre,357,5187,6.882591093117409
2024,20105,urbana,22,mujer,495,4567,10.838624917889206
2024,20105,urbana,23,hombre,403,6157,6.5453954848140325
2024,20105,urbana,23,mujer,482,5175,9.31400966183575
2024,20105,urbana,24,hombre,345,6592,5.233616504854369
2024,20105,urbana,24,mujer,398,5659,7.0330447075455025
2024,20105,urbana,25,hombre,297,6653,4.464151510596723
2024,20105,urbana,25,mujer,402,5815,6.913155631986243
2024,20105,urbana,26,hombre,227,6685,3.3956619296933432
2024,20105,urbana,26,mujer,292,5738,5.08888114325549
2024,20105,urbana,27,hombre,197,6606,2.982137450802301
2024,20105,urbana,27,mujer,247,5705,4.329535495179667
2024,20105,urbana,28,hombre,165,6709,2.45938291846773
2024,20105,urbana,28,mujer,205,5774,3.550398337374437
2024,20201,rural,16,hombre,9,61,14.754098360655737
2024,20201,rural,16,mujer,11,62,17.741935483870968
2024,20201,rural,17,hombre,12,75,16.0
2024,20201,rural,17,mujer,13,75,17.333333333333332
2024,20201,rural,18,hombre,8,85,9.411764705882353
2024,20201,rural,18,mujer,6,74,8.108108108108109
2024,20201,rural,19,hombre,8,81,9.876543209876543
2024,20201,rural,19,mujer,4,76,5.2631578947368425
2024,20201,rural,20,hombre,5,108,4.62962962962963
2024,20201,rural,20,mujer,8,85,9.411764705882353
2024,20201,rural,21,hombre,6,141,4.25531914893617
2024,20201,rural,21,mujer,12,114,10.526315789473685
2024,20201,rural,22,hombre,5,115,4.3478260869565215
2024,20201,rural,22,mujer,10,132,7.575757575757576
2024,20201,rural,23,hombre,9,146,6.164383561643835
2024,20201,rural,23,mujer,5,115,4.3478260869565215
2024,20201,rural,24,hombre,13,170,7.647058823529412
2024,20201,rural,24,mujer,7,131,5.343511450381679
2024,20201,rural,25,hombre,9,182,4.945054945054945
2024,20201,rural,25,mujer,8,130,6.153846153846154
2024,20201,rural,26,hombre,8,174,4.597701149425287
2024,20201,rural,26,mujer,7,143,4.895104895104895
2024,20201,rural,27,hombre,9,180,5.0
2024,20201,rural,27,mujer,5,116,4.310344827586207
2024,20201,rural,28,hombre,2,175,1.1428571428571428
2024,20201,rural,28,mujer,9,153,5.882352941176471
2024,20201,urbana,16,hombre,6,24,25.0
2024,20201,urbana,16,mujer,6,16,37.5
2024,20201,urbana,17,hombre,9,24,37.5
2024,20201,urbana,17,mujer,8,24,33.333333333333336
2024,20201,urbana,18,hombre,2,28,7.142857142857143
2024,20201,urbana,18,mujer,8,31,25.806451612903224
2024,20201,urbana,19,hombre,2,27,7.407407407407407
2024,20201,urbana,19,mujer,5,32,15.625
2024,20201,urbana,20,hombre,7,30,23.333333333333332
2024,20201,urbana,20,mujer,12,40,30.0
2024,20201,urbana,21,hombre,4,46,8.695652173913043
2024,20201,urbana,21,mujer,6,36,16.666666666666668
2024,20201,urbana,22,hombre,11,51,21.568627450980394
2024,20201,urbana,22,mujer,5,42,11.904761904761905
2024,20201,urbana,23,hombre,1,32,3.125
2024,20201,urbana,23,mujer,7,56,12.5
2024,20201,urbana,24,hombre,2,39,5.128205128205129
2024,20201,urbana,24,mujer,6,45,13.333333333333334
2024,20201,urbana,25,hombre,5,61,8.19672131147541
2024,20201,urbana,25,mujer,4,44,9.090909090909092
2024,20201,urbana,26,hombre,4,55,7.2727272727272725
2024,20201,urbana,26,mujer,3,59,5.084745762711864
2024,20201,urbana,27,hombre,0,54,0.0
2024,20201,urbana,27,mujer,1,54,1.8518518518518519
2024,20201,urbana,28,hombre,2,54,3.7037037037037037
2024,20201,urbana,28,mujer,4,59,6.779661016949152
2024,20202,rural,16,hombre,2,22,9.090909090909092
2024,20202,rural,16,mujer,3,24,12.5
2024,20202,rural,17,hombre,4,26,15.384615384615385
2024,20202,rural,17,mujer,4,24,16.666666666666668
2024,20202,rural,18,hombre,0,32,0.0
2024,20202,rural,18,mujer,4,32,12.5
2024,20202,rural,19,hombre,4,39,10.256410256410257
2024,20202,rural,19,mujer,1,33,3.0303030303030303
2024,20202,rural,20,hombre,2,44,4.545454545454546
2024,20202,rural,20,mujer,0,40,0.0
2024,20202,rural,21,hombre,0,44,0.0
2024,20202,rural,21,mujer,1,36,2.7777777777777777
2024,20202,rural,22,hombre,3,46,6.521739130434782
2024,20202,rural,22,mujer,7,46,15.217391304347826
2024,20202,rural,23,hombre,2,68,2.9411764705882355
2024,20202,rural,23,mujer,2,46,4.3478260869565215
2024,20202,rural,24,hombre,2,69,2.898550724637681
2024,20202,rural,24,mujer,4,47,8.51063829787234
2024,20202,rural,25,hombre,3,72,4.166666666666667
2024,20202,rural,25,mujer,3,60,5.0
2024,20202,rural,26,hombre,2,67,2.985074626865672
2024,20202,rural,26,mujer,2,50,4.0
2024,20202,rural,27,hombre,2,57,3.508771929824561
2024,20202,rural,27,mujer,1,47,2.127659574468085
2024,20202,rural,28,hombre,3,73,4.109589041095891
2024,20202,rural,28,mujer,1,53,1.8867924528301887
2024,20203,rural,16,hombre,2,9,22.22222222222222
2024,20203,rural,16,mujer,5,14,35.714285714285715
2024,20203,rural,17,hombre,0,8,0.0
2024,20203,rural,17,mujer,2,8,25.0
2024,20203,rural,18,hombre,2,13,15.384615384615385
2024,20203,rural,18,mujer,3,20,15.0
2024,20203,rural,19,hombre,2,10,20.0
2024,20203,rural,19,mujer,1,16,6.25
2024,20203,rural,20,hombre,2,23,8.695652173913043
2024,20203,rural,20,mujer,0,21,0.0
2024,20203,rural,21,hombre,0,24,0.0
2024,20203,rural,21,mujer,5,23,21.73913043478261
2024,20203,rural,22,hombre,2,32,6.25
2024,20203,rural,22,mujer,3,26,11.538461538461538
2024,20203,rural,23,hombre,2,32,6.25
2024,20203,rural,23,mujer,1,31,3.225806451612903
2024,20203,rural,24,hombre,1,32,3.125
2024,20203,rural,24,mujer,4,30,13.333333333333334
2024,20203,rural,25,hombre,2,29,6.896551724137931
2024,20203,rural,25,mujer,3,26,11.538461538461538
2024,20203,rural,26,hombre,6,37,16.216216216216218
2024,20203,rural,26,mujer,3,33,9.090909090909092
2024,20203,rural,27,hombre,1,44,2.272727272727273
2024,20203,rural,27,mujer,1,26,3.8461538461538463
2024,20203,rural,28,hombre,1,31,3.225806451612903
2024,20203,rural,28,mujer,2,34,5.882352941176471
2024,20204,rural,16,hombre,1,11,9.090909090909092
2024,20204,rural,16,mujer,0,6,0.0
2024,20204,rural,17,hombre,1,10,10.0
2024,20204,rural,17,mujer,3,12,25.0
2024,20204,rural,18,hombre,5,9,55.55555555555556
2024,20204,rural,18,mujer,0,5,0.0
2024,20204,rural,19,hombre,2,20,10.0
2024,20204,rural,19,mujer,0,15,0.0
2024,20204,rural,20,hombre,0,18,0.0
2024,20204,rural,20,mujer,0,12,0.0
2024,20204,rural,21,hombre,2,15,13.333333333333334
2024,20204,rural,21,mujer,0,17,0.0
2024,20204,rural,22,hombre,1,23,4.3478260869565215
2024,20204,rural,22,mujer,1,18,5.555555555555555
2024,20204,rural,23,hombre,0,31,0.0
2024,20204,rural,23,mujer,3,29,10.344827586206897
2024,20204,rural,24,hombre,1,29,3.4482758620689653
2024,20204,rural,24,mujer,1,23,4.3478260869565215
2024,20204,rural,25,hombre,0,34,0.0
2024,20204,rural,25,mujer,0,30,0.0
2024,20204,rural,26,hombre,1,35,2.857142857142857
2024,20204,rural,26,mujer,0,33,0.0
2024,20204,rural,27,hombre,2,34,5.882352941176471
2024,20204,rural,27,mujer,1,29,3.4482758620689653
2024,20204,rural,28,hombre,0,33,0.0
2024,20204,rural,28,mujer,3,22,13.636363636363637
2024,20205,rural,16,hombre,0,4,0.0
2024,20205,rural,16,mujer,1,4,25.0
2024,20205,rural,17,hombre,2,5,40.0
2024,20205,rural,17,mujer,1,4,25.0
2024,20205,rural,18,hombre,1,8,12.5
2024,20205,rural,18,mujer,1,8,12.5
2024,20205,rural,19,hombre,0,12,0.0
2024,20205,rural,19,mujer,0,7,0.0
2024,20205,rural,20,hombre,0,13,0.0
2024,20205,rural,20,mujer,0,6,0.0
2024,20205,rural,21,hombre,1,11,9.090909090909092
2024,20205,rural,21,mujer,2,6,33.333333333333336
2024,20205,rural,22,hombre,0,12,0.0
2024,20205,rural,22,mujer,3,12,25.0
2024,20205,rural,23,hombre,1,16,6.25
2024,20205,rural,23,mujer,0,17,0.0
2024,20205,rural,24,hombre,0,14,0.0
2024,20205,rural,24,mujer,0,17,0.0
2024,20205,rural,25,hombre,1,18,5.555555555555555
2024,20205,rural,25,mujer,0,12,0.0
2024,20205,rural,26,hombre,0,14,0.0
2024,20205,rural,26,mujer,0,12,0.0
2024,20205,rural,27,hombre,0,17,0.0
2024,20205,rural,27,mujer,0,14,0.0
2024,20205,rural,28,hombre,0,13,0.0
2024,20205,rural,28,mujer,0,11,0.0
2024,20206,rural,16,hombre,1,8,12.5
2024,20206,rural,16,mujer,0,5,0.0
2024,20206,rural,17,hombre,5,21,23.80952380952381
2024,20206,rural,17,mujer,2,11,18.181818181818183
2024,20206,rural,18,hombre,9,55,16.363636363636363
2024,20206,rural,18,mujer,3,20,15.0
2024,20206,rural,19,hombre,6,38,15.789473684210526
2024,20206,rural,19,mujer,4,17,23.529411764705884
2024,20206,rural,20,hombre,2,30,6.666666666666667
2024,20206,rural,20,mujer,1,29,3.4482758620689653
2024,20206,rural,21,hombre,1,29,3.4482758620689653
2024,20206,rural,21,mujer,1,13,7.6923076923076925
2024,20206,rural,22,hombre,0,17,0.0
2024,20206,rural,22,mujer,3,21,14.285714285714286
2024,20206,rural,23,hombre,1,28,3.5714285714285716
2024,20206,rural,23,mujer,2,20,10.0
2024,20206,rural,24,hombre,0,27,0.0
2024,20206,rural,24,mujer,0,31,0.0
2024,20206,rural,25,hombre,3,42,7.142857142857143
2024,20206,rural,25,mujer,0,26,0.0
2024,20206,rural,26,hombre,0,42,0.0
2024,20206,rural,26,mujer,1,31,3.225806451612903
2024,20206,rural,27,hombre,1,37,2.7027027027027026
2024,20206,rural,27,mujer,0,21,0.0
2024,20206,rural,28,hombre,1,38,2.6315789473684212
2024,20206,rural,28,mujer,0,31,0.0
2024,20301,rural,16,hombre,4,32,12.5
2024,20301,rural,16,mujer,6,25,24.0
2024,20301,rural,17,hombre,2,24,8.333333333333334
2024,20301,rural,17,mujer,3,26,11.538461538461538
2024,20301,rural,18,hombre,6,31,19.35483870967742
2024,20301,rural,18,mujer,4,28,14.285714285714286
2024,20301,rural,19,hombre,4,43,9.30232558139535
2024,20301,rural,19,mujer,1,33,3.0303030303030303
2024,20301,rural,20,hombre,5,45,11.11111111111111
2024,20301,rural,20,mujer,4,40,10.0
2024,20301,rural,21,hombre,3,37,8.108108108108109
2024,20301,rural,21,mujer,3,45,6.666666666666667
2024,20301,rural,22,hombre,7,48,14.583333333333334
2024,20301,rural,22,mujer,2,26,7.6923076923076925
2024,20301,rural,23,hombre,2,43,4.651162790697675
2024,20301,rural,23,mujer,0,53,0.0
2024,20301,rural,24,hombre,2,55,3.6363636363636362
2024,20301,rural,24,mujer,0,44,0.0
2024,20301,rural,25,hombre,3,53,5.660377358490566
2024,20301,rural,25,mujer,3,46,6.521739130434782
2024,20301,rural,26,hombre,1,51,1.9607843137254901
2024,20301,rural,26,mujer,2,58,3.4482758620689653
2024,20301,rural,27,hombre,0,42,0.0
2024,20301,rural,27,mujer,1,36,2.7777777777777777
2024,20301,rural,28,hombre,0,52,0.0
2024,20301,rural,28,mujer,2,35,5.714285714285714
2024,20301,urbana,16,hombre,1,2,50.0
2024,20301,urbana,16,mujer,0,1,0.0
2024,20301,urbana,17,hombre,0,9,0.0
2024,20301,urbana,17,mujer,1,1,100.0
2024,20301,urbana,18,hombre,1,49,2.0408163265306123
2024,20301,urbana,18,mujer,1,3,33.333333333333336
2024,20301,urbana,19,hombre,1,33,3.0303030303030303
2024,20301,urbana,19,mujer,2,4,50.0
2024,20301,urbana,20,hombre,0,16,0.0
2024,20301,urbana,20,mujer,0,1,0.0
2024,20301,urbana,21,hombre,1,10,10.0
2024,20301,urbana,21,mujer,0,3,0.0
2024,20301,urbana,22,hombre,0,14,0.0
2024,20301,urbana,22,mujer,2,6,33.333333333333336
2024,20301,urbana,23,hombre,0,3,0.0
2024,20301,urbana,23,mujer,2,6,33.333333333333336
2024,20301,urbana,24,hombre,0,9,0.0
2024,20301,urbana,24,mujer,0,7,0.0
2024,20301,urbana,25,hombre,0,10,0.0
2024,20301,urbana,25,mujer,0,4,0.0
2024,20301,urbana,26,hombre,0,7,0.0
2024,20301,urbana,26,mujer,1,9,11.11111111111111
2024,20301,urbana,27,hombre,0,14,0.0
2024,20301,urbana,27,mujer,0,6,0.0
2024,20301,urbana,28,hombre,0,11,0.0
2024,20301,urbana,28,mujer,0,13,0.0
2024,20302,rural,16,hombre,5,23,21.73913043478261
2024,20302,rural,16,mujer,7,23,30.434782608695652
2024,20302,rural,17,hombre,2,40,5.0
2024,20302,rural,17,mujer,6,28,21.428571428571427
2024,20302,rural,18,hombre,11,50,22.0
2024,20302,rural,18,mujer,7,55,12.727272727272727
2024,20302,rural,19,hombre,6,67,8.955223880597014
2024,20302,rural,19,mujer,6,40,15.0
2024,20302,rural,20,hombre,1,42,2.380952380952381
2024,20302,rural,20,mujer,6,47,12.76595744680851
2024,20302,rural,21,hombre,4,52,7.6923076923076925
2024,20302,rural,21,mujer,6,57,10.526315789473685
2024,20302,rural,22,hombre,5,52,9.615384615384615
2024,20302,rural,22,mujer,8,46,17.391304347826086
2024,20302,rural,23,hombre,4,65,6.153846153846154
2024,20302,rural,23,mujer,4,57,7.017543859649122
2024,20302,rural,24,hombre,2,65,3.076923076923077
2024,20302,rural,24,mujer,6,60,10.0
2024,20302,rural,25,hombre,2,66,3.0303030303030303
2024,20302,rural,25,mujer,3,59,5.084745762711864
2024,20302,rural,26,hombre,3,72,4.166666666666667
2024,20302,rural,26,mujer,1,51,1.9607843137254901
2024,20302,rural,27,hombre,3,74,4.054054054054054
2024,20302,rural,27,mujer,3,39,7.6923076923076925
2024,20302,rural,28,hombre,1,71,1.408450704225352
2024,20302,rural,28,mujer,5,47,10.638297872340425
2024,20303,rural,16,hombre,2,15,13.333333333333334
2024,20303,rural,16,mujer,0,5,0.0
2024,20303,rural,17,hombre,1,8,12.5
2024,20303,rural,17,mujer,6,21,28.571428571428573
2024,20303,rural,18,hombre,3,22,13.636363636363637
2024,20303,rural,18,mujer,2,26,7.6923076923076925
2024,20303,rural,19,hombre,0,33,0.0
2024,20303,rural,19,mujer,4,21,19.047619047619047
2024,20303,rural,20,hombre,4,40,10.0
2024,20303,rural,20,mujer,3,25,12.0
2024,20303,rural,21,hombre,4,36,11.11111111111111
2024,20303,rural,21,mujer,1,30,3.3333333333333335
2024,20303,rural,22,hombre,3,45,6.666666666666667
2024,20303,rural,22,mujer,3,25,12.0
2024,20303,rural,23,hombre,3,52,5.769230769230769
2024,20303,rural,23,mujer,1,34,2.9411764705882355
2024,20303,rural,24,hombre,2,45,4.444444444444445
2024,20303,rural,24,mujer,4,29,13.793103448275861
2024,20303,rural,25,hombre,2,45,4.444444444444445
2024,20303,rural,25,mujer,1,46,2.1739130434782608
2024,20303,rural,26,hombre,2,57,3.508771929824561
2024,20303,rural,26,mujer,0,20,0.0
2024,20303,rural,27,hombre,3,53,5.660377358490566
2024,20303,rural,27,mujer,4,38,10.526315789473685
2024,20303,rural,28,hombre,2,45,4.444444444444445
2024,20303,rural,28,mujer,1,31,3.225806451612903
2024,20304,rural,16,hombre,0,8,0.0
2024,20304,rural,16,mujer,0,1,0.0
2024,20304,rural,17,hombre,4,14,28.571428571428573
2024,20304,rural,17,mujer,0,12,0.0
2024,20304,rural,18,hombre,3,13,23.076923076923077
2024,20304,rural,18,mujer,1,10,10.0
2024,20304,rural,19,hombre,2,21,9.523809523809524
2024,20304,rural,19,mujer,1,9,11.11111111111111
2024,20304,rural,20,hombre,0,16,0.0
2024,20304,rural,20,mujer,0,16,0.0
2024,20304,rural,21,hombre,1,16,6.25
2024,20304,rural,21,mujer,0,18,0.0
2024,20304,rural,22,hombre,1,19,5.2631578947368425
2024,20304,rural,22,mujer,1,16,6.25
2024,20304,rural,23,hombre,1,29,3.4482758620689653
2024,20304,rural,23,mujer,0,20,0.0
2024,20304,rural,24,hombre,0,27,0.0
2024,20304,rural,24,mujer,1,24,4.166666666666667
2024,20304,rural,25,hombre,0,22,0.0
2024,20304,rural,25,mujer,1,16,6.25
2024,20304,rural,26,hombre,0,17,0.0
2024,20304,rural,26,mujer,2,15,13.333333333333334
2024,20304,rural,27,hombre,0,23,0.0
2024,20304,rural,27,mujer,1,12,8.333333333333334
2024,20304,rural,28,hombre,0,13,0.0
2024,20304,rural,28,mujer,0,19,0.0
2024,20305,rural,16,hombre,1,5,20.0
2024,20305,rural,16,mujer,1,3,33.333333333333336
2024,20305,rural,17,hombre,2,8,25.0
2024,20305,rural,17,mujer,1,7,14.285714285714286
2024,20305,rural,18,hombre,4,11,36.36363636363637
2024,20305,rural,18,mujer,1,8,12.5
2024,20305,rural,19,hombre,0,12,0.0
2024,20305,rural,19,mujer,0,5,0.0
2024,20305,rural,20,hombre,2,12,16.666666666666668
2024,20305,rural,20,mujer,0,9,0.0
2024,20305,rural,21,hombre,1,13,7.6923076923076925
2024,20305,rural,21,mujer,3,12,25.0
2024,20305,rural,22,hombre,1,18,5.555555555555555
2024,20305,rural,22,mujer,0,13,0.0
2024,20305,rural,23,hombre,1,20,5.0
2024,20305,rural,23,mujer,0,10,0.0
2024,20305,rural,24,hombre,0,13,0.0
2024,20305,rural,24,mujer,2,12,16.666666666666668
2024,20305,rural,25,hombre,1,27,3.7037037037037037
2024,20305,rural,25,mujer,3,13,23.076923076923077
2024,20305,rural,26,hombre,1,20,5.0
2024,20305,rural,26,mujer,0,16,0.0
2024,20305,rural,27,hombre,1,21,4.761904761904762
2024,20305,rural,27,mujer,1,10,10.0
2024,20305,rural,28,hombre,1,16,6.25
2024,20305,rural,28,mujer,0,16,0.0
2024,20306,rural,16,hombre,0,4,0.0
2024,20306,rural,16,mujer,2,6,33.333333333333336
2024,20306,rural,17,hombre,0,7,0.0
2024,20306,rural,17,mujer,3,10,30.0
2024,20306,rural,18,hombre,1,16,6.25
2024,20306,rural,18,mujer,2,10,20.0
2024,20306,rural,19,hombre,0,14,0.0
2024,20306,rural,19,mujer,0,14,0.0
2024,20306,rural,20,hombre,5,25,20.0
2024,20306,rural,20,mujer,2,14,14.285714285714286
2024,20306,rural,21,hombre,2,22,9.090909090909092
2024,20306,rural,21,mujer,1,10,10.0
2024,20306,rural,22,hombre,0,24,0.0
2024,20306,rural,22,mujer,0,22,0.0
2024,20306,rural,23,hombre,1,34,2.9411764705882355
2024,20306,rural,23,mujer,2,38,5.2631578947368425
2024,20306,rural,24,hombre,0,60,0.0
2024,20306,rural,24,mujer,2,33,6.0606060606060606
2024,20306,rural,25,hombre,2,36,5.555555555555555
2024,20306,rural,25,mujer,0,31,0.0
2024,20306,rural,26,hombre,0,32,0.0
2024,20306,rural,26,mujer,2,16,12.5
2024,20306,rural,27,hombre,0,34,0.0
2024,20306,rural,27,mujer,0,25,0.0
2024,20306,rural,28,hombre,2,26,7.6923076923076925
2024,20306,rural,28,mujer,0,20,0.0
2024,20306,urbana,16,hombre,0,2,0.0
2024,20306,urbana,16,mujer,0,3,0.0
2024,20306,urbana,17,hombre,0,2,0.0
2024,20306,urbana,18,hombre,0,1,0.0
2024,20306,urbana,18,mujer,0,3,0.0
2024,20306,urbana,19,hombre,0,7,0.0
2024,20306,urbana,19,mujer,1,5,20.0
2024,20306,urbana,20,hombre,0,7,0.0
2024,20306,urbana,20,mujer,0,5,0.0
2024,20306,urbana,21,hombre,0,13,0.0
2024,20306,urbana,21,mujer,0,6,0.0
2024,20306,urbana,22,hombre,0,8,0.0
2024,20306,urbana,22,mujer,0,9,0.0
2024,20306,urbana,23,hombre,0,15,0.0
2024,20306,urbana,23,mujer,0,14,0.0
2024,20306,urbana,24,hombre,0,14,0.0
2024,20306,urbana,24,mujer,0,12,0.0
2024,20306,urbana,25,hombre,0,17,0.0
2024,20306,urbana,25,mujer,0,11,0.0
2024,20306,urbana,26,hombre,0,10,0.0
2024,20306,urbana,26,mujer,0,5,0.0
2024,20306,urbana,27,hombre,0,9,0.0
2024,20306,urbana,27,mujer,0,12,0.0
2024,20306,urbana,28,hombre,0,17,0.0
2024,20306,urbana,28,mujer,1,11,9.090909090909092
2024,20307,rural,16,hombre,0,9,0.0
2024,20307,rural,16,mujer,0,3,0.0
2024,20307,rural,17,hombre,0,14,0.0
2024,20307,rural,17,mujer,0,4,0.0
2024,20307,rural,18,hombre,1,10,10.0
2024,20307,rural,18,mujer,1,7,14.285714285714286
2024,20307,rural,19,hombre,3,15,20.0
2024,20307,rural,19,mujer,0,13,0.0
2024,20307,rural,20,hombre,1,19,5.2631578947368425
2024,20307,rural,20,mujer,0,11,0.0
2024,20307,rural,21,hombre,1,22,4.545454545454546
2024,20307,rural,21,mujer,1,9,11.11111111111111
2024,20307,rural,22,hombre,0,17,0.0
2024,20307,rural,22,mujer,3,19,15.789473684210526
2024,20307,rural,23,hombre,1,16,6.25
2024,20307,rural,23,mujer,0,19,0.0
2024,20307,rural,24,hombre,2,25,8.0
2024,20307,rural,24,mujer,3,17,17.647058823529413
2024,20307,rural,25,hombre,0,15,0.0
2024,20307,rural,25,mujer,0,11,0.0
2024,20307,rural,26,hombre,0,17,0.0
2024,20307,rural,26,mujer,2,20,10.0
2024,20307,rural,27,hombre,0,17,0.0
2024,20307,rural,27,mujer,1,13,7.6923076923076925
2024,20307,rural,28,hombre,1,15,6.666666666666667
2024,20307,rural,28,mujer,0,13,0.0
2024,20308,rural,16,hombre,1,11,9.090909090909092
2024,20308,rural,16,mujer,1,8,12.5
2024,20308,rural,17,hombre,1,9,11.11111111111111
2024,20308,rural,17,mujer,2,13,15.384615384615385
2024,20308,rural,18,hombre,2,12,16.666666666666668
2024,20308,rural,18,mujer,2,22,9.090909090909092
2024,20308,rural,19,hombre,1,19,5.2631578947368425
2024,20308,rural,19,mujer,0,11,0.0
2024,20308,rural,20,hombre,0,18,0.0
2024,20308,rural,20,mujer,2,20,10.0
2024,20308,rural,21,hombre,2,35,5.714285714285714
2024,20308,rural,21,mujer,0,17,0.0
2024,20308,rural,22,hombre,0,27,0.0
2024,20308,rural,22,mujer,0,13,0.0
2024,20308,rural,23,hombre,1,26,3.8461538461538463
2024,20308,rural,23,mujer,2,21,9.523809523809524
2024,20308,rural,24,hombre,4,39,10.256410256410257
2024,20308,rural,24,mujer,0,22,0.0
2024,20308,rural,25,hombre,2,35,5.714285714285714
2024,20308,rural,25,mujer,1,23,4.3478260869565215
2024,20308,rural,26,hombre,1,24,4.166666666666667
2024,20308,rural,26,mujer,2,36,5.555555555555555
2024,20308,rural,27,hombre,1,39,2.5641025641025643
2024,20308,rural,27,mujer,1,24,4.166666666666667
2024,20308,rural,28,hombre,1,41,2.4390243902439024
2024,20308,rural,28,mujer,1,19,5.2631578947368425
2024,20401,rural,16,hombre,1,13,7.6923076923076925
2024,20401,rural,16,mujer,2,10,20.0
2024,20401,rural,17,hombre,1,18,5.555555555555555
2024,20401,rural,17,mujer,2,12,16.666666666666668
2024,20401,rural,18,hombre,5,32,15.625
2024,20401,rural,18,mujer,1,23,4.3478260869565215
2024,20401,rural,19,hombre,1,21,4.761904761904762
2024,20401,rural,19,mujer,2,25,8.0
2024,20401,rural,20,hombre,2,38,5.2631578947368425
2024,20401,rural,20,mujer,1,22,4.545454545454546
2024,20401,rural,21,hombre,1,35,2.857142857142857
2024,20401,rural,21,mujer,1,24,4.166666666666667
2024,20401,rural,22,hombre,3,31,9.67741935483871
2024,20401,rural,22,mujer,3,22,13.636363636363637
2024,20401,rural,23,hombre,2,37,5.405405405405405
2024,20401,rural,23,mujer,2,23,8.695652173913043
2024,20401,rural,24,hombre,0,56,0.0
2024,20401,rural,24,mujer,4,42,9.523809523809524
2024,20401,rural,25,hombre,0,44,0.0
2024,20401,rural,25,mujer,1,44,2.272727272727273
2024,20401,rural,26,hombre,2,51,3.9215686274509802
2024,20401,rural,26,mujer,2,38,5.2631578947368425
2024,20401,rural,27,hombre,3,57,5.2631578947368425
2024,20401,rural,27,mujer,2,33,6.0606060606060606
2024,20401,rural,28,hombre,1,43,2.3255813953488373
2024,20401,rural,28,mujer,1,40,2.5
2024,20402,rural,16,hombre,9,44,20.454545454545453
2024,20402,rural,16,mujer,5,18,27.77777777777778
2024,20402,rural,17,hombre,4,31,12.903225806451612
2024,20402,rural,17,mujer,2,26,7.6923076923076925
2024,20402,rural,18,hombre,3,37,8.108108108108109
2024,20402,rural,18,mujer,6,50,12.0
2024,20402,rural,19,hombre,0,50,0.0
2024,20402,rural,19,mujer,2,40,5.0
2024,20402,rural,20,hombre,1,51,1.9607843137254901
2024,20402,rural,20,mujer,2,44,4.545454545454546
2024,20402,rural,21,hombre,1,51,1.9607843137254901
2024,20402,rural,21,mujer,2,52,3.8461538461538463
2024,20402,rural,22,hombre,3,71,4.225352112676056
2024,20402,rural,22,mujer,1,36,2.7777777777777777
2024,20402,rural,23,hombre,7,73,9.58904109589041
2024,20402,rural,23,mujer,2,55,3.6363636363636362
2024,20402,rural,24,hombre,3,73,4.109589041095891
2024,20402,rural,24,mujer,4,53,7.547169811320755
2024,20402,rural,25,hombre,9,91,9.89010989010989
2024,20402,rural,25,mujer,2,56,3.5714285714285716
2024,20402,rural,26,hombre,3,76,3.9473684210526314
2024,20402,rural,26,mujer,3,45,6.666666666666667
2024,20402,rural,27,hombre,0,67,0.0
2024,20402,rural,27,mujer,4,56,7.142857142857143
2024,20402,rural,28,hombre,1,58,1.7241379310344827
2024,20402,rural,28,mujer,3,38,7.894736842105263
2024,20403,rural,16,hombre,6,41,14.634146341463415
2024,20403,rural,16,mujer,5,20,25.0
2024,20403,rural,17,hombre,4,44,9.090909090909092
2024,20403,rural,17,mujer,5,27,18.51851851851852
2024,20403,rural,18,hombre,8,74,10.81081081081081
2024,20403,rural,18,mujer,1,34,2.9411764705882355
2024,20403,rural,19,hombre,6,60,10.0
2024,20403,rural,19,mujer,1,39,2.5641025641025643
2024,20403,rural,20,hombre,1,48,2.0833333333333335
2024,20403,rural,20,mujer,3,29,10.344827586206897
2024,20403,rural,21,hombre,4,47,8.51063829787234
2024,20403,rural,21,mujer,3,35,8.571428571428571
2024,20403,rural,22,hombre,0,45,0.0
2024,20403,rural,22,mujer,1,28,3.5714285714285716
2024,20403,rural,23,hombre,4,68,5.882352941176471
2024,20403,rural,23,mujer,4,34,11.764705882352942
2024,20403,rural,24,hombre,5,47,10.638297872340425
2024,20403,rural,24,mujer,3,54,5.555555555555555
2024,20403,rural,25,hombre,4,72,5.555555555555555
2024,20403,rural,25,mujer,2,57,3.508771929824561
2024,20403,rural,26,hombre,3,56,5.357142857142857
2024,20403,rural,26,mujer,0,53,0.0
2024,20403,rural,27,hombre,1,71,1.408450704225352
2024,20403,rural,27,mujer,1,48,2.0833333333333335
2024,20403,rural,28,hombre,0,71,0.0
2024,20403,rural,28,mujer,1,40,2.5
2024,20404,rural,16,hombre,1,12,8.333333333333334
2024,20404,rural,16,mujer,2,10,20.0
2024,20404,rural,17,hombre,1,9,11.11111111111111
2024,20404,rural,17,mujer,2,7,28.571428571428573
2024,20404,rural,18,hombre,1,10,10.0
2024,20404,rural,18,mujer,4,20,20.0
2024,20404,rural,19,hombre,2,25,8.0
2024,20404,rural,19,mujer,0,14,0.0
2024,20404,rural,20,hombre,2,18,11.11111111111111
2024,20404,rural,20,mujer,0,7,0.0
2024,20404,rural,21,hombre,0,18,0.0
2024,20404,rural,21,mujer,2,11,18.181818181818183
2024,20404,rural,22,hombre,1,20,5.0
2024,20404,rural,22,mujer,0,18,0.0
2024,20404,rural,23,hombre,0,16,0.0
2024,20404,rural,23,mujer,2,19,10.526315789473685
2024,20404,rural,24,hombre,1,26,3.8461538461538463
2024,20404,rural,24,mujer,2,23,8.695652173913043
2024,20404,rural,25,hombre,1,27,3.7037037037037037
2024,20404,rural,25,mujer,0,16,0.0
2024,20404,rural,26,hombre,1,20,5.0
2024,20404,rural,26,mujer,0,19,0.0
2024,20404,rural,27,hombre,1,16,6.25
2024,20404,rural,27,mujer,0,18,0.0
2024,20404,rural,28,hombre,0,22,0.0
2024,20404,rural,28,mujer,1,18,5.555555555555555
2024,20405,rural,16,hombre,1,14,7.142857142857143
2024,20405,rural,16,mujer,4,13,30.76923076923077
2024,20405,rural,17,hombre,4,13,30.76923076923077
2024,20405,rural,17,mujer,1,7,14.285714285714286
2024,20405,rural,18,hombre,0,17,0.0
2024,20405,rural,18,mujer,1,10,10.0
2024,20405,rural,19,hombre,2,16,12.5
2024,20405,rural,19,mujer,2,18,11.11111111111111
2024,20405,rural,20,hombre,0,27,0.0
2024,20405,rural,20,mujer,1,16,6.25
2024,20405,rural,21,hombre,0,17,0.0
2024,20405,rural,21,mujer,3,18,16.666666666666668
2024,20405,rural,22,hombre,2,32,6.25
2024,20405,rural,22,mujer,2,22,9.090909090909092
2024,20405,rural,23,hombre,1,28,3.5714285714285716
2024,20405,rural,23,mujer,1,22,4.545454545454546
2024,20405,rural,24,hombre,0,37,0.0
2024,20405,rural,24,mujer,2,28,7.142857142857143
2024,20405,rural,25,hombre,1,30,3.3333333333333335
2024,20405,rural,25,mujer,0,25,0.0
2024,20405,rural,26,hombre,0,33,0.0
2024,20405,rural,26,mujer,1,26,3.8461538461538463
2024,20405,rural,27,hombre,0,28,0.0
2024,20405,rural,27,mujer,1,22,4.545454545454546
2024,20405,rural,28,hombre,0,29,0.0
2024,20405,rural,28,mujer,3,20,15.0
2024,20501,rural,16,hombre,4,34,11.764705882352942
2024,20501,rural,16,mujer,2,32,6.25
2024,20501,rural,17,hombre,3,42,7.142857142857143
2024,20501,rural,17,mujer,5,37,13.513513513513514
2024,20501,rural,18,hombre,4,38,10.526315789473685
2024,20501,rural,18,mujer,5,60,8.333333333333334
2024,20501,rural,19,hombre,7,60,11.666666666666666
2024,20501,rural,19,mujer,2,54,3.7037037037037037
2024,20501,rural,20,hombre,5,65,7.6923076923076925
2024,20501,rural,20,mujer,1,61,1.639344262295082
2024,20501,rural,21,hombre,0,93,0.0
2024,20501,rural,21,mujer,5,72,6.944444444444445
2024,20501,rural,22,hombre,3,99,3.0303030303030303
2024,20501,rural,22,mujer,4,74,5.405405405405405
2024,20501,rural,23,hombre,5,96,5.208333333333333
2024,20501,rural,23,mujer,3,83,3.6144578313253013
2024,20501,rural,24,hombre,7,134,5.223880597014926
2024,20501,rural,24,mujer,2,70,2.857142857142857
2024,20501,rural,25,hombre,3,93,3.225806451612903
2024,20501,rural,25,mujer,10,100,10.0
2024,20501,rural,26,hombre,5,93,5.376344086021505
2024,20501,rural,26,mujer,5,97,5.154639175257732
2024,20501,rural,27,hombre,4,94,4.25531914893617
2024,20501,rural,27,mujer,6,87,6.896551724137931
2024,20501,rural,28,hombre,5,86,5.813953488372093
2024,20501,rural,28,mujer,5,86,5.813953488372093
2024,20502,rural,16,hombre,2,26,7.6923076923076925
2024,20502,rural,16,mujer,3,19,15.789473684210526
2024,20502,rural,17,hombre,4,26,15.384615384615385
2024,20502,rural,17,mujer,1,34,2.9411764705882355
2024,20502,rural,18,hombre,0,29,0.0
2024,20502,rural,18,mujer,1,27,3.7037037037037037
2024,20502,rural,19,hombre,1,38,2.6315789473684212
2024,20502,rural,19,mujer,3,45,6.666666666666667
2024,20502,rural,20,hombre,0,34,0.0
2024,20502,rural,20,mujer,1,46,2.1739130434782608
2024,20502,rural,21,hombre,2,35,5.714285714285714
2024,20502,rural,21,mujer,1,31,3.225806451612903
2024,20502,rural,22,hombre,0,51,0.0
2024,20502,rural,22,mujer,2,40,5.0
2024,20502,rural,23,hombre,0,52,0.0
2024,20502,rural,23,mujer,0,45,0.0
2024,20502,rural,24,hombre,2,60,3.3333333333333335
2024,20502,rural,24,mujer,1,38,2.6315789473684212
2024,20502,rural,25,hombre,1,63,1.5873015873015872
2024,20502,rural,25,mujer,5,42,11.904761904761905
2024,20502,rural,26,hombre,0,40,0.0
2024,20502,rural,26,mujer,1,40,2.5
2024,20502,rural,27,hombre,3,55,5.454545454545454
2024,20502,rural,27,mujer,0,34,0.0
2024,20502,rural,28,hombre,1,52,1.9230769230769231
2024,20502,rural,28,mujer,0,29,0.0
2024,20503,rural,16,hombre,2,14,14.285714285714286
2024,20503,rural,16,mujer,0,8,0.0
2024,20503,rural,17,hombre,2,21,9.523809523809524
2024,20503,rural,17,mujer,0,15,0.0
2024,20503,rural,18,hombre,2,25,8.0
2024,20503,rural,18,mujer,1,17,5.882352941176471
2024,20503,rural,19,hombre,1,31,3.225806451612903
2024,20503,rural,19,mujer,0,14,0.0
2024,20503,rural,20,hombre,0,36,0.0
2024,20503,rural,20,mujer,2,28,7.142857142857143
2024,20503,rural,21,hombre,0,43,0.0
2024,20503,rural,21,mujer,1,16,6.25
2024,20503,rural,22,hombre,0,38,0.0
2024,20503,rural,22,mujer,1,27,3.7037037037037037
2024,20503,rural,23,hombre,1,48,2.0833333333333335
2024,20503,rural,23,mujer,1,29,3.4482758620689653
2024,20503,rural,24,hombre,0,53,0.0
2024,20503,rural,24,mujer,0,27,0.0
2024,20503,rural,25,hombre,0,49,0.0
2024,20503,rural,25,mujer,0,23,0.0
2024,20503,rural,26,hombre,1,58,1.7241379310344827
2024,20503,rural,26,mujer,0,35,0.0
2024,20503,rural,27,hombre,1,52,1.9230769230769231
2024,20503,rural,27,mujer,2,26,7.6923076923076925
2024,20503,rural,28,hombre,1,55,1.8181818181818181
2024,20503,rural,28,mujer,1,34,2.9411764705882355
2024,20601,rural,16,hombre,3,40,7.5
2024,20601,rural,16,mujer,1,32,3.125
2024,20601,rural,17,hombre,3,53,5.660377358490566
2024,20601,rural,17,mujer,5,37,13.513513513513514
2024,20601,rural,18,hombre,2,76,2.6315789473684212
2024,20601,rural,18,mujer,3,61,4.918032786885246
2024,20601,rural,19,hombre,5,102,4.901960784313726
2024,20601,rural,19,mujer,7,76,9.210526315789474
2024,20601,rural,20,hombre,5,118,4.237288135593221
2024,20601,rural,20,mujer,2,84,2.380952380952381
2024,20601,rural,21,hombre,1,113,0.8849557522123894
2024,20601,rural,21,mujer,4,88,4.545454545454546
2024,20601,rural,22,hombre,7,132,5.303030303030303
2024,20601,rural,22,mujer,6,105,5.714285714285714
2024,20601,rural,23,hombre,2,138,1.4492753623188406
2024,20601,rural,23,mujer,7,101,6.930693069306931
2024,20601,rural,24,hombre,5,152,3.289473684210526
2024,20601,rural,24,mujer,3,112,2.6785714285714284
2024,20601,rural,25,hombre,3,150,2.0
2024,20601,rural,25,mujer,8,114,7.017543859649122
2024,20601,rural,26,hombre,3,190,1.5789473684210527
2024,20601,rural,26,mujer,4,108,3.7037037037037037
2024,20601,rural,27,hombre,7,174,4.022988505747127
2024,20601,rural,27,mujer,4,117,3.4188034188034186
2024,20601,rural,28,hombre,2,174,1.1494252873563218
2024,20601,rural,28,mujer,4,119,3.361344537815126
2024,20601,urbana,16,hombre,1,9,11.11111111111111
2024,20601,urbana,16,mujer,1,8,12.5
2024,20601,urbana,17,hombre,4,12,33.333333333333336
2024,20601,urbana,17,mujer,1,6,16.666666666666668
2024,20601,urbana,18,hombre,0,8,0.0
2024,20601,urbana,18,mujer,2,17,11.764705882352942
2024,20601,urbana,19,hombre,0,11,0.0
2024,20601,urbana,19,mujer,0,14,0.0
2024,20601,urbana,20,hombre,3,17,17.647058823529413
2024,20601,urbana,20,mujer,0,12,0.0
2024,20601,urbana,21,hombre,1,20,5.0
2024,20601,urbana,21,mujer,3,15,20.0
2024,20601,urbana,22,hombre,1,22,4.545454545454546
2024,20601,urbana,22,mujer,1,16,6.25
2024,20601,urbana,23,hombre,1,20,5.0
2024,20601,urbana,23,mujer,3,21,14.285714285714286
2024,20601,urbana,24,hombre,1,23,4.3478260869565215
2024,20601,urbana,24,mujer,1,27,3.7037037037037037
2024,20601,urbana,25,hombre,0,22,0.0
2024,20601,urbana,25,mujer,0,15,0.0
2024,20601,urbana,26,hombre,0,15,0.0
2024,20601,urbana,26,mujer,2,19,10.526315789473685
2024,20601,urbana,27,hombre,0,24,0.0
2024,20601,urbana,27,mujer,3,25,12.0
2024,20601,urbana,28,hombre,0,26,0.0
2024,20601,urbana,28,mujer,0,21,0.0
2024,20602,rural,16,hombre,7,30,23.333333333333332
2024,20602,rural,16,mujer,2,10,20.0
2024,20602,rural,17,hombre,3,51,5.882352941176471
2024,20602,rural,17,mujer,2,22,9.090909090909092
2024,20602,rural,18,hombre,1,42,2.380952380952381
2024,20602,rural,18,mujer,2,28,7.142857142857143
2024,20602,rural,19,hombre,3,67,4.477611940298507
2024,20602,rural,19,mujer,2,26,7.6923076923076925
2024,20602,rural,20,hombre,4,73,5.47945205479452
2024,20602,rural,20,mujer,2,40,5.0
2024,20602,rural,21,hombre,2,71,2.816901408450704
2024,20602,rural,21,mujer,5,34,14.705882352941176
2024,20602,rural,22,hombre,4,77,5.194805194805195
2024,20602,rural,22,mujer,1,42,2.380952380952381
2024,20602,rural,23,hombre,0,103,0.0
2024,20602,rural,23,mujer,3,52,5.769230769230769
2024,20602,rural,24,hombre,1,107,0.9345794392523364
2024,20602,rural,24,mujer,4,51,7.8431372549019605
2024,20602,rural,25,hombre,1,88,1.1363636363636365
2024,20602,rural,25,mujer,0,32,0.0
2024,20602,rural,26,hombre,0,110,0.0
2024,20602,rural,26,mujer,2,46,4.3478260869565215
2024,20602,rural,27,hombre,2,108,1.8518518518518519
2024,20602,rural,27,mujer,3,52,5.769230769230769
2024,20602,rural,28,hombre,2,89,2.247191011235955
2024,20602,rural,28,mujer,1,57,1.7543859649122806
2024,20602,urbana,16,hombre,3,10,30.0
2024,20602,urbana,16,mujer,4,7,57.142857142857146
2024,20602,urbana,17,hombre,4,13,30.76923076923077
2024,20602,urbana,17,mujer,2,9,22.22222222222222
2024,20602,urbana,18,hombre,3,14,21.428571428571427
2024,20602,urbana,18,mujer,3,21,14.285714285714286
2024,20602,urbana,19,hombre,1,23,4.3478260869565215
2024,20602,urbana,19,mujer,1,15,6.666666666666667
2024,20602,urbana,20,hombre,2,16,12.5
2024,20602,urbana,20,mujer,3,14,21.428571428571427
2024,20602,urbana,21,hombre,3,20,15.0
2024,20602,urbana,21,mujer,1,18,5.555555555555555
2024,20602,urbana,22,hombre,0,23,0.0
2024,20602,urbana,22,mujer,0,19,0.0
2024,20602,urbana,23,hombre,1,31,3.225806451612903
2024,20602,urbana,23,mujer,2,22,9.090909090909092
2024,20602,urbana,24,hombre,1,26,3.8461538461538463
2024,20602,urbana,24,mujer,2,25,8.0
2024,20602,urbana,25,hombre,2,31,6.451612903225806
2024,20602,urbana,25,mujer,2,24,8.333333333333334
2024,20602,urbana,26,hombre,0,31,0.0
2024,20602,urbana,26,mujer,1,14,7.142857142857143
2024,20602,urbana,27,hombre,1,36,2.7777777777777777
2024,20602,urbana,27,mujer,1,26,3.8461538461538463
2024,20602,urbana,28,hombre,0,37,0.0
2024,20602,urbana,28,mujer,2,29,6.896551724137931
2024,20603,rural,16,hombre,2,17,11.764705882352942
2024,20603,rural,16,mujer,0,13,0.0
2024,20603,rural,17,hombre,3,27,11.11111111111111
2024,20603,rural,17,mujer,2,12,16.666666666666668
2024,20603,rural,18,hombre,0,29,0.0
2024,20603,rural,18,mujer,1,12,8.333333333333334
2024,20603,rural,19,hombre,2,44,4.545454545454546
2024,20603,rural,19,mujer,0,20,0.0
2024,20603,rural,20,hombre,4,44,9.090909090909092
2024,20603,rural,20,mujer,4,20,20.0
2024,20603,rural,21,hombre,0,43,0.0
2024,20603,rural,21,mujer,3,33,9.090909090909092
2024,20603,rural,22,hombre,1,61,1.639344262295082
2024,20603,rural,22,mujer,1,37,2.7027027027027026
2024,20603,rural,23,hombre,1,46,2.1739130434782608
2024,20603,rural,23,mujer,6,51,11.764705882352942
2024,20603,rural,24,hombre,1,71,1.408450704225352
2024,20603,rural,24,mujer,0,46,0.0
2024,20603,rural,25,hombre,3,66,4.545454545454546
2024,20603,rural,25,mujer,1,47,2.127659574468085
2024,20603,rural,26,hombre,2,88,2.272727272727273
2024,20603,rural,26,mujer,3,35,8.571428571428571
2024,20603,rural,27,hombre,0,71,0.0
2024,20603,rural,27,mujer,1,38,2.6315789473684212
2024,20603,rural,28,hombre,3,66,4.545454545454546
2024,20603,rural,28,mujer,3,50,6.0
2024,20604,rural,16,hombre,0,9,0.0
2024,20604,rural,16,mujer,1,7,14.285714285714286
2024,20604,rural,17,hombre,2,9,22.22222222222222
2024,20604,rural,17,mujer,1,7,14.285714285714286
2024,20604,rural,18,hombre,1,13,7.6923076923076925
2024,20604,rural,18,mujer,0,11,0.0
2024,20604,rural,19,hombre,1,15,6.666666666666667
2024,20604,rural,19,mujer,0,11,0.0
2024,20604,rural,20,hombre,0,18,0.0
2024,20604,rural,20,mujer,1,12,8.333333333333334
2024,20604,rural,21,hombre,0,14,0.0
2024,20604,rural,21,mujer,1,17,5.882352941176471
2024,20604,rural,22,hombre,1,23,4.3478260869565215
2024,20604,rural,22,mujer,1,11,9.090909090909092
2024,20604,rural,23,hombre,3,29,10.344827586206897
2024,20604,rural,23,mujer,3,23,13.043478260869565
2024,20604,rural,24,hombre,0,32,0.0
2024,20604,rural,24,mujer,3,18,16.666666666666668
2024,20604,rural,25,hombre,0,26,0.0
2024,20604,rural,25,mujer,0,16,0.0
2024,20604,rural,26,hombre,3,29,10.344827586206897
2024,20604,rural,26,mujer,1,26,3.8461538461538463
2024,20604,rural,27,hombre,1,29,3.4482758620689653
2024,20604,rural,27,mujer,1,23,4.3478260869565215
2024,20604,rural,28,hombre,0,31,0.0
2024,20604,rural,28,mujer,2,15,13.333333333333334
2024,20605,rural,16,hombre,0,7,0.0
2024,20605,rural,16,mujer,2,5,40.0
2024,20605,rural,17,hombre,1,2,50.0
2024,20605,rural,17,mujer,0,2,0.0
2024,20605,rural,18,hombre,1,12,8.333333333333334
2024,20605,rural,18,mujer,2,8,25.0
2024,20605,rural,19,hombre,1,7,14.285714285714286
2024,20605,rural,19,mujer,0,5,0.0
2024,20605,rural,20,hombre,0,10,0.0
2024,20605,rural,20,mujer,0,6,0.0
2024,20605,rural,21,hombre,0,12,0.0
2024,20605,rural,21,mujer,0,16,0.0
2024,20605,rural,22,hombre,1,15,6.666666666666667
2024,20605,rural,22,mujer,0,9,0.0
2024,20605,rural,23,hombre,0,22,0.0
2024,20605,rural,23,mujer,0,20,0.0
2024,20605,rural,24,hombre,1,16,6.25
2024,20605,rural,24,mujer,0,16,0.0
2024,20605,rural,25,hombre,0,22,0.0
2024,20605,rural,25,mujer,0,18,0.0
2024,20605,rural,26,hombre,1,19,5.2631578947368425
2024,20605,rural,26,mujer,0,18,0.0
2024,20605,rural,27,hombre,0,12,0.0
2024,20605,rural,27,mujer,0,18,0.0
2024,20605,rural,28,hombre,0,27,0.0
2024,20605,rural,28,mujer,0,13,0.0
2024,20606,rural,16,hombre,1,12,8.333333333333334
2024,20606,rural,16,mujer,3,5,60.0
2024,20606,rural,17,hombre,1,16,6.25
2024,20606,rural,17,mujer,0,6,0.0
2024,20606,rural,18,hombre,2,15,13.333333333333334
2024,20606,rural,18,mujer,0,7,0.0
2024,20606,rural,19,hombre,0,24,0.0
2024,20606,rural,19,mujer,1,14,7.142857142857143
2024,20606,rural,20,hombre,0,24,0.0
2024,20606,rural,20,mujer,1,11,9.090909090909092
2024,20606,rural,21,hombre,2,28,7.142857142857143
2024,20606,rural,21,mujer,1,16,6.25
2024,20606,rural,22,hombre,0,27,0.0
2024,20606,rural,22,mujer,1,12,8.333333333333334
2024,20606,rural,23,hombre,0,38,0.0
2024,20606,rural,23,mujer,1,19,5.2631578947368425
2024,20606,rural,24,hombre,0,42,0.0
2024,20606,rural,24,mujer,0,22,0.0
2024,20606,rural,25,hombre,0,39,0.0
2024,20606,rural,25,mujer,0,18,0.0
2024,20606,rural,26,hombre,0,35,0.0
2024,20606,rural,26,mujer,1,19,5.2631578947368425
2024,20606,rural,27,hombre,2,37,5.405405405405405
2024,20606,rural,27,mujer,1,19,5.2631578947368425
2024,20606,rural,28,hombre,0,40,0.0
2024,20606,rural,28,mujer,1,23,4.3478260869565215
2024,20606,urbana,16,hombre,2,4,50.0
2024,20606,urbana,16,mujer,3,5,60.0
2024,20606,urbana,17,hombre,1,7,14.285714285714286
2024,20606,urbana,17,mujer,1,2,50.0
2024,20606,urbana,18,hombre,0,7,0.0
2024,20606,urbana,18,mujer,0,2,0.0
2024,20606,urbana,19,hombre,0,12,0.0
2024,20606,urbana,19,mujer,1,8,12.5
2024,20606,urbana,20,hombre,0,8,0.0
2024,20606,urbana,20,mujer,1,2,50.0
2024,20606,urbana,21,hombre,0,12,0.0
2024,20606,urbana,21,mujer,1,10,10.0
2024,20606,urbana,22,hombre,0,10,0.0
2024,20606,urbana,22,mujer,1,11,9.090909090909092
2024,20606,urbana,23,hombre,0,9,0.0
2024,20606,urbana,23,mujer,0,7,0.0
2024,20606,urbana,24,hombre,1,21,4.761904761904762
2024,20606,urbana,24,mujer,0,8,0.0
2024,20606,urbana,25,hombre,2,22,9.090909090909092
2024,20606,urbana,25,mujer,0,10,0.0
2024,20606,urbana,26,hombre,0,21,0.0
2024,20606,urbana,26,mujer,1,9,11.11111111111111
2024,20606,urbana,27,hombre,0,15,0.0
2024,20606,urbana,27,mujer,2,14,14.285714285714286
2024,20606,urbana,28,hombre,1,18,5.555555555555555
2024,20606,urbana,28,mujer,0,7,0.0
2024,20607,rural,16,hombre,2,23,8.695652173913043
2024,20607,rural,16,mujer,5,11,45.45454545454545
2024,20607,rural,17,hombre,0,32,0.0
2024,20607,rural,17,mujer,0,14,0.0
2024,20607,rural,18,hombre,6,53,11.320754716981131
2024,20607,rural,18,mujer,2,26,7.6923076923076925
2024,20607,rural,19,hombre,2,80,2.5
2024,20607,rural,19,mujer,0,36,0.0
2024,20607,rural,20,hombre,2,70,2.857142857142857
2024,20607,rural,20,mujer,2,27,7.407407407407407
2024,20607,rural,21,hombre,2,107,1.8691588785046729
2024,20607,rural,21,mujer,4,43,9.30232558139535
2024,20607,rural,22,hombre,0,96,0.0
2024,20607,rural,22,mujer,1,35,2.857142857142857
2024,20607,rural,23,hombre,1,130,0.7692307692307693
2024,20607,rural,23,mujer,2,41,4.878048780487805
2024,20607,rural,24,hombre,2,101,1.9801980198019802
2024,20607,rural,24,mujer,3,56,5.357142857142857
2024,20607,rural,25,hombre,1,115,0.8695652173913043
2024,20607,rural,25,mujer,2,49,4.081632653061225
2024,20607,rural,26,hombre,0,101,0.0
2024,20607,rural,26,mujer,0,55,0.0
2024,20607,rural,27,hombre,2,131,1.5267175572519085
2024,20607,rural,27,mujer,0,36,0.0
2024,20607,rural,28,hombre,0,114,0.0
2024,20607,rural,28,mujer,2,34,5.882352941176471
2024,20607,urbana,16,hombre,4,18,22.22222222222222
2024,20607,urbana,16,mujer,2,19,10.526315789473685
2024,20607,urbana,17,hombre,4,28,14.285714285714286
2024,20607,urbana,17,mujer,4,27,14.814814814814815
2024,20607,urbana,18,hombre,2,34,5.882352941176471
2024,20607,urbana,18,mujer,1,31,3.225806451612903
2024,20607,urbana,19,hombre,0,42,0.0
2024,20607,urbana,19,mujer,3,54,5.555555555555555
2024,20607,urbana,20,hombre,3,54,5.555555555555555
2024,20607,urbana,20,mujer,2,49,4.081632653061225
2024,20607,urbana,21,hombre,1,65,1.5384615384615385
2024,20607,urbana,21,mujer,1,59,1.694915254237288
2024,20607,urbana,22,hombre,1,74,1.3513513513513513
2024,20607,urbana,22,mujer,1,56,1.7857142857142858
2024,20607,urbana,23,hombre,1,77,1.2987012987012987
2024,20607,urbana,23,mujer,1,61,1.639344262295082
2024,20607,urbana,24,hombre,2,83,2.4096385542168677
2024,20607,urbana,24,mujer,2,71,2.816901408450704
2024,20607,urbana,25,hombre,1,91,1.098901098901099
2024,20607,urbana,25,mujer,1,60,1.6666666666666667
2024,20607,urbana,26,hombre,0,73,0.0
2024,20607,urbana,26,mujer,0,73,0.0
2024,20607,urbana,27,hombre,1,84,1.1904761904761905
2024,20607,urbana,27,mujer,2,60,3.3333333333333335
2024,20607,urbana,28,hombre,1,98,1.0204081632653061
2024,20607,urbana,28,mujer,1,42,2.380952380952381
2024,20608,rural,16,hombre,8,41,19.51219512195122
2024,20608,rural,16,mujer,1,14,7.142857142857143
2024,20608,rural,17,hombre,7,43,16.27906976744186
2024,20608,rural,17,mujer,1,30,3.3333333333333335
2024,20608,rural,18,hombre,5,54,9.25925925925926
2024,20608,rural,18,mujer,1,30,3.3333333333333335
2024,20608,rural,19,hombre,4,62,6.451612903225806
2024,20608,rural,19,mujer,6,42,14.285714285714286
2024,20608,rural,20,hombre,3,71,4.225352112676056
2024,20608,rural,20,mujer,1,39,2.5641025641025643
2024,20608,rural,21,hombre,2,76,2.6315789473684212
2024,20608,rural,21,mujer,3,39,7.6923076923076925
2024,20608,rural,22,hombre,2,82,2.4390243902439024
2024,20608,rural,22,mujer,7,38,18.42105263157895
2024,20608,rural,23,hombre,7,106,6.60377358490566
2024,20608,rural,23,mujer,2,50,4.0
2024,20608,rural,24,hombre,3,80,3.75
2024,20608,rural,24,mujer,0,46,0.0
2024,20608,rural,25,hombre,1,83,1.2048192771084338
2024,20608,rural,25,mujer,1,49,2.0408163265306123
2024,20608,rural,26,hombre,2,85,2.3529411764705883
2024,20608,rural,26,mujer,2,50,4.0
2024,20608,rural,27,hombre,3,88,3.409090909090909
2024,20608,rural,27,mujer,2,51,3.9215686274509802
2024,20608,rural,28,hombre,1,91,1.098901098901099
2024,20608,rural,28,mujer,0,54,0.0
2024,20608,urbana,16,hombre,1,7,14.285714285714286
2024,20608,urbana,16,mujer,3,11,27.272727272727273
2024,20608,urbana,17,hombre,0,7,0.0
2024,20608,urbana,17,mujer,1,8,12.5
2024,20608,urbana,18,hombre,0,10,0.0
2024,20608,urbana,18,mujer,2,13,15.384615384615385
2024,20608,urbana,19,hombre,2,18,11.11111111111111
2024,20608,urbana,19,mujer,2,16,12.5
2024,20608,urbana,20,hombre,0,12,0.0
2024,20608,urbana,20,mujer,1,13,7.6923076923076925
2024,20608,urbana,21,hombre,1,18,5.555555555555555
2024,20608,urbana,21,mujer,1,16,6.25
2024,20608,urbana,22,hombre,0,19,0.0
2024,20608,urbana,22,mujer,1,17,5.882352941176471
2024,20608,urbana,23,hombre,0,20,0.0
2024,20608,urbana,23,mujer,0,17,0.0
2024,20608,urbana,24,hombre,0,21,0.0
2024,20608,urbana,24,mujer,2,13,15.384615384615385
2024,20608,urbana,25,hombre,1,21,4.761904761904762
2024,20608,urbana,25,mujer,1,21,4.761904761904762
2024,20608,urbana,26,hombre,1,23,4.3478260869565215
2024,20608,urbana,26,mujer,0,11,0.0
2024,20608,urbana,27,hombre,2,17,11.764705882352942
2024,20608,urbana,27,mujer,0,12,0.0
2024,20608,urbana,28,hombre,2,30,6.666666666666667
2024,20608,urbana,28,mujer,1,20,5.0
2024,20701,rural,16,hombre,5,45,11.11111111111111
2024,20701,rural,16,mujer,2,22,9.090909090909092
2024,20701,rural,17,hombre,2,36,5.555555555555555
2024,20701,rural,17,mujer,6,36,16.666666666666668
2024,20701,rural,18,hombre,5,54,9.25925925925926
2024,20701,rural,18,mujer,3,33,9.090909090909092
2024,20701,rural,19,hombre,6,80,7.5
2024,20701,rural,19,mujer,2,30,6.666666666666667
2024,20701,rural,20,hombre,1,72,1.3888888888888888
2024,20701,rural,20,mujer,3,43,6.976744186046512
2024,20701,rural,21,hombre,4,64,6.25
2024,20701,rural,21,mujer,1,49,2.0408163265306123
2024,20701,rural,22,hombre,5,68,7.352941176470588
2024,20701,rural,22,mujer,1,43,2.3255813953488373
2024,20701,rural,23,hombre,4,92,4.3478260869565215
2024,20701,rural,23,mujer,4,47,8.51063829787234
2024,20701,rural,24,hombre,0,80,0.0
2024,20701,rural,24,mujer,2,37,5.405405405405405
2024,20701,rural,25,hombre,2,77,2.5974025974025974
2024,20701,rural,25,mujer,2,42,4.761904761904762
2024,20701,rural,26,hombre,2,79,2.5316455696202533
2024,20701,rural,26,mujer,0,48,0.0
2024,20701,rural,27,hombre,2,79,2.5316455696202533
2024,20701,rural,27,mujer,2,38,5.2631578947368425
2024,20701,rural,28,hombre,1,73,1.36986301369863
2024,20701,rural,28,mujer,1,50,2.0
2024,20701,urbana,16,hombre,3,10,30.0
2024,20701,urbana,16,mujer,2,8,25.0
2024,20701,urbana,17,hombre,3,21,14.285714285714286
2024,20701,urbana,17,mujer,4,20,20.0
2024,20701,urbana,18,hombre,7,55,12.727272727272727
2024,20701,urbana,18,mujer,0,13,0.0
2024,20701,urbana,19,hombre,3,39,7.6923076923076925
2024,20701,urbana,19,mujer,0,13,0.0
2024,20701,urbana,20,hombre,1,31,3.225806451612903
2024,20701,urbana,20,mujer,2,26,7.6923076923076925
2024,20701,urbana,21,hombre,0,23,0.0
2024,20701,urbana,21,mujer,1,18,5.555555555555555
2024,20701,urbana,22,hombre,0,13,0.0
2024,20701,urbana,22,mujer,3,18,16.666666666666668
2024,20701,urbana,23,hombre,0,16,0.0
2024,20701,urbana,23,mujer,0,17,0.0
2024,20701,urbana,24,hombre,1,21,4.761904761904762
2024,20701,urbana,24,mujer,1,22,4.545454545454546
2024,20701,urbana,25,hombre,0,28,0.0
2024,20701,urbana,25,mujer,2,21,9.523809523809524
2024,20701,urbana,26,hombre,1,29,3.4482758620689653
2024,20701,urbana,26,mujer,0,23,0.0
2024,20701,urbana,27,hombre,1,27,3.7037037037037037
2024,20701,urbana,27,mujer,0,22,0.0
2024,20701,urbana,28,hombre,0,28,0.0
2024,20701,urbana,28,mujer,0,30,0.0
2024,20702,rural,16,hombre,1,20,5.0
2024,20702,rural,16,mujer,0,5,0.0
2024,20702,rural,17,hombre,2,25,8.0
2024,20702,rural,17,mujer,3,16,18.75
2024,20702,rural,18,hombre,4,48,8.333333333333334
2024,20702,rural,18,mujer,0,10,0.0
2024,20702,rural,19,hombre,0,72,0.0
2024,20702,rural,19,mujer,0,23,0.0
2024,20702,rural,20,hombre,2,76,2.6315789473684212
2024,20702,rural,20,mujer,2,23,8.695652173913043
2024,20702,rural,21,hombre,3,79,3.7974683544303796
2024,20702,rural,21,mujer,0,30,0.0
2024,20702,rural,22,hombre,2,80,2.5
2024,20702,rural,22,mujer,0,35,0.0
2024,20702,rural,23,hombre,2,83,2.4096385542168677
2024,20702,rural,23,mujer,0,31,0.0
2024,20702,rural,24,hombre,2,107,1.8691588785046729
2024,20702,rural,24,mujer,1,36,2.7777777777777777
2024,20702,rural,25,hombre,2,97,2.0618556701030926
2024,20702,rural,25,mujer,2,28,7.142857142857143
2024,20702,rural,26,hombre,2,79,2.5316455696202533
2024,20702,rural,26,mujer,1,37,2.7027027027027026
2024,20702,rural,27,hombre,0,74,0.0
2024,20702,rural,27,mujer,1,33,3.0303030303030303
2024,20702,rural,28,hombre,0,88,0.0
2024,20702,rural,28,mujer,0,38,0.0
2024,20801,rural,16,hombre,6,37,16.216216216216218
2024,20801,rural,16,mujer,5,30,16.666666666666668
2024,20801,rural,17,hombre,4,38,10.526315789473685
2024,20801,rural,17,mujer,5,33,15.151515151515152
2024,20801,rural,18,hombre,1,33,3.0303030303030303
2024,20801,rural,18,mujer,1,55,1.8181818181818181
2024,20801,rural,19,hombre,2,68,2.9411764705882355
2024,20801,rural,19,mujer,3,49,6.122448979591836
2024,20801,rural,20,hombre,2,69,2.898550724637681
2024,20801,rural,20,mujer,2,67,2.985074626865672
2024,20801,rural,21,hombre,2,78,2.5641025641025643
2024,20801,rural,21,mujer,4,56,7.142857142857143
2024,20801,rural,22,hombre,7,71,9.859154929577464
2024,20801,rural,22,mujer,1,65,1.5384615384615385
2024,20801,rural,23,hombre,2,96,2.0833333333333335
2024,20801,rural,23,mujer,4,77,5.194805194805195
2024,20801,rural,24,hombre,3,121,2.479338842975207
2024,20801,rural,24,mujer,1,71,1.408450704225352
2024,20801,rural,25,hombre,3,116,2.586206896551724
2024,20801,rural,25,mujer,4,70,5.714285714285714
2024,20801,rural,26,hombre,1,99,1.0101010101010102
2024,20801,rural,26,mujer,1,78,1.2820512820512822
2024,20801,rural,27,hombre,1,98,1.0204081632653061
2024,20801,rural,27,mujer,3,65,4.615384615384615
2024,20801,rural,28,hombre,2,117,1.7094017094017093
2024,20801,rural,28,mujer,2,72,2.7777777777777777
2024,20801,urbana,16,hombre,44,192,22.916666666666668
2024,20801,urbana,16,mujer,46,173,26.589595375722542
2024,20801,urbana,17,hombre,41,207,19.806763285024154
2024,20801,urbana,17,mujer,33,162,20.37037037037037
2024,20801,urbana,18,hombre,47,287,16.37630662020906
2024,20801,urbana,18,mujer,49,280,17.5
2024,20801,urbana,19,hombre,43,368,11.684782608695652
2024,20801,urbana,19,mujer,26,313,8.30670926517572
2024,20801,urbana,20,hombre,41,507,8.086785009861932
2024,20801,urbana,20,mujer,35,333,10.51051051051051
2024,20801,urbana,21,hombre,28,500,5.6
2024,20801,urbana,21,mujer,44,410,10.731707317073171
2024,20801,urbana,22,hombre,32,584,5.47945205479452
2024,20801,urbana,22,mujer,40,395,10.126582278481013
2024,20801,urbana,23,hombre,36,624,5.769230769230769
2024,20801,urbana,23,mujer,36,481,7.484407484407485
2024,20801,urbana,24,hombre,19,715,2.6573426573426575
2024,20801,urbana,24,mujer,34,502,6.772908366533865
2024,20801,urbana,25,hombre,19,681,2.790014684287812
2024,20801,urbana,25,mujer,31,505,6.138613861386139
2024,20801,urbana,26,hombre,19,643,2.9548989113530326
2024,20801,urbana,26,mujer,22,499,4.408817635270541
2024,20801,urbana,27,hombre,7,620,1.1290322580645162
2024,20801,urbana,27,mujer,21,510,4.117647058823529
2024,20801,urbana,28,hombre,10,675,1.4814814814814814
2024,20801,urbana,28,mujer,12,490,2.4489795918367347
2024,20802,rural,16,hombre,3,21,14.285714285714286
2024,20802,rural,16,mujer,2,15,13.333333333333334
2024,20802,rural,17,hombre,1,12,8.333333333333334
2024,20802,rural,17,mujer,5,21,23.80952380952381
2024,20802,rural,18,hombre,7,27,25.925925925925927
2024,20802,rural,18,mujer,4,18,22.22222222222222
2024,20802,rural,19,hombre,4,26,15.384615384615385
2024,20802,rural,19,mujer,2,23,8.695652173913043
2024,20802,rural,20,hombre,3,25,12.0
2024,20802,rural,20,mujer,1,18,5.555555555555555
2024,20802,rural,21,hombre,1,31,3.225806451612903
2024,20802,rural,21,mujer,2,24,8.333333333333334
2024,20802,rural,22,hombre,2,28,7.142857142857143
2024,20802,rural,22,mujer,4,29,13.793103448275861
2024,20802,rural,23,hombre,4,30,13.333333333333334
2024,20802,rural,23,mujer,3,35,8.571428571428571
2024,20802,rural,24,hombre,0,37,0.0
2024,20802,rural,24,mujer,2,29,6.896551724137931
2024,20802,rural,25,hombre,1,32,3.125
2024,20802,rural,25,mujer,0,22,0.0
2024,20802,rural,26,hombre,0,28,0.0
2024,20802,rural,26,mujer,0,30,0.0
2024,20802,rural,27,hombre,0,26,0.0
2024,20802,rural,27,mujer,1,30,3.3333333333333335
2024,20802,rural,28,hombre,1,43,2.3255813953488373
2024,20802,rural,28,mujer,1,28,3.5714285714285716
2024,20803,rural,16,hombre,2,20,10.0
2024,20803,rural,16,mujer,4,26,15.384615384615385
2024,20803,rural,17,hombre,3,28,10.714285714285714
2024,20803,rural,17,mujer,4,28,14.285714285714286
2024,20803,rural,18,hombre,1,33,3.0303030303030303
2024,20803,rural,18,mujer,4,37,10.81081081081081
2024,20803,rural,19,hombre,0,28,0.0
2024,20803,rural,19,mujer,6,40,15.0
2024,20803,rural,20,hombre,3,44,6.818181818181818
2024,20803,rural,20,mujer,1,39,2.5641025641025643
2024,20803,rural,21,hombre,2,49,4.081632653061225
2024,20803,rural,21,mujer,1,36,2.7777777777777777
2024,20803,rural,22,hombre,3,69,4.3478260869565215
2024,20803,rural,22,mujer,4,50,8.0
2024,20803,rural,23,hombre,0,53,0.0
2024,20803,rural,23,mujer,3,61,4.918032786885246
2024,20803,rural,24,hombre,5,69,7.246376811594203
2024,20803,rural,24,mujer,1,61,1.639344262295082
2024,20803,rural,25,hombre,1,62,1.6129032258064515
2024,20803,rural,25,mujer,2,63,3.1746031746031744
2024,20803,rural,26,hombre,1,67,1.492537313432836
2024,20803,rural,26,mujer,2,68,2.9411764705882355
2024,20803,rural,27,hombre,2,51,3.9215686274509802
2024,20803,rural,27,mujer,1,74,1.3513513513513513
2024,20803,rural,28,hombre,2,74,2.7027027027027026
2024,20803,rural,28,mujer,0,60,0.0
2024,20804,rural,16,hombre,0,2,0.0
2024,20804,rural,16,mujer,0,3,0.0
2024,20804,rural,17,hombre,0,11,0.0
2024,20804,rural,17,mujer,0,2,0.0
2024,20804,rural,18,hombre,1,7,14.285714285714286
2024,20804,rural,18,mujer,0,6,0.0
2024,20804,rural,19,hombre,2,7,28.571428571428573
2024,20804,rural,19,mujer,0,5,0.0
2024,20804,rural,20,hombre,0,8,0.0
2024,20804,rural,20,mujer,0,5,0.0
2024,20804,rural,21,hombre,0,10,0.0
2024,20804,rural,21,mujer,0,4,0.0
2024,20804,rural,22,hombre,0,5,0.0
2024,20804,rural,22,mujer,0,8,0.0
2024,20804,rural,23,hombre,0,10,0.0
2024,20804,rural,23,mujer,0,5,0.0
2024,20804,rural,24,hombre,0,11,0.0
2024,20804,rural,24,mujer,0,10,0.0
2024,20804,rural,25,hombre,0,14,0.0
2024,20804,rural,25,mujer,0,17,0.0
2024,20804,rural,26,hombre,0,12,0.0
2024,20804,rural,26,mujer,0,7,0.0
2024,20804,rural,27,hombre,0,10,0.0
2024,20804,rural,27,mujer,0,10,0.0
2024,20804,rural,28,hombre,0,7,0.0
2024,20804,rural,28,mujer,1,7,14.285714285714286
2024,20804,urbana,16,hombre,2,9,22.22222222222222
2024,20804,urbana,16,mujer,4,10,40.0
2024,20804,urbana,17,hombre,9,13,69.23076923076923
2024,20804,urbana,17,mujer,3,4,75.0
2024,20804,urbana,18,hombre,5,12,41.666666666666664
2024,20804,urbana,18,mujer,2,7,28.571428571428573
2024,20804,urbana,19,hombre,4,14,28.571428571428573
2024,20804,urbana,19,mujer,5,14,35.714285714285715
2024,20804,urbana,20,hombre,2,15,13.333333333333334
2024,20804,urbana,20,mujer,1,12,8.333333333333334
2024,20804,urbana,21,hombre,1,14,7.142857142857143
2024,20804,urbana,21,mujer,2,15,13.333333333333334
2024,20804,urbana,22,hombre,1,15,6.666666666666667
2024,20804,urbana,22,mujer,2,19,10.526315789473685
2024,20804,urbana,23,hombre,3,27,11.11111111111111
2024,20804,urbana,23,mujer,0,17,0.0
2024,20804,urbana,24,hombre,1,30,3.3333333333333335
2024,20804,urbana,24,mujer,2,23,8.695652173913043
2024,20804,urbana,25,hombre,1,29,3.4482758620689653
2024,20804,urbana,25,mujer,1,23,4.3478260869565215
2024,20804,urbana,26,hombre,1,40,2.5
2024,20804,urbana,26,mujer,3,20,15.0
2024,20804,urbana,27,hombre,1,25,4.0
2024,20804,urbana,27,mujer,0,25,0.0
2024,20804,urbana,28,hombre,3,41,7.317073170731708
2024,20804,urbana,28,mujer,0,31,0.0
2024,20805,rural,16,hombre,2,12,16.666666666666668
2024,20805,rural,16,mujer,2,11,18.181818181818183
2024,20805,rural,17,hombre,3,22,13.636363636363637
2024,20805,rural,17,mujer,1,17,5.882352941176471
2024,20805,rural,18,hombre,1,11,9.090909090909092
2024,20805,rural,18,mujer,1,12,8.333333333333334
2024,20805,rural,19,hombre,4,29,13.793103448275861
2024,20805,rural,19,mujer,2,13,15.384615384615385
2024,20805,rural,20,hombre,4,32,12.5
2024,20805,rural,20,mujer,0,17,0.0
2024,20805,rural,21,hombre,2,26,7.6923076923076925
2024,20805,rural,21,mujer,0,24,0.0
2024,20805,rural,22,hombre,4,27,14.814814814814815
2024,20805,rural,22,mujer,2,21,9.523809523809524
2024,20805,rural,23,hombre,3,31,9.67741935483871
2024,20805,rural,23,mujer,3,26,11.538461538461538
2024,20805,rural,24,hombre,0,29,0.0
2024,20805,rural,24,mujer,6,32,18.75
2024,20805,rural,25,hombre,1,27,3.7037037037037037
2024,20805,rural,25,mujer,3,24,12.5
2024,20805,rural,26,hombre,2,29,6.896551724137931
2024,20805,rural,26,mujer,2,26,7.6923076923076925
2024,20805,rural,27,hombre,2,35,5.714285714285714
2024,20805,rural,27,mujer,3,32,9.375
2024,20805,rural,28,hombre,4,35,11.428571428571429
2024,20805,rural,28,mujer,1,29,3.4482758620689653
2024,20806,rural,16,hombre,6,27,22.22222222222222
2024,20806,rural,16,mujer,3,23,13.043478260869565
2024,20806,rural,17,hombre,2,29,6.896551724137931
2024,20806,rural,17,mujer,3,25,12.0
2024,20806,rural,18,hombre,2,43,4.651162790697675
2024,20806,rural,18,mujer,5,46,10.869565217391305
2024,20806,rural,19,hombre,2,47,4.25531914893617
2024,20806,rural,19,mujer,2,35,5.714285714285714
2024,20806,rural,20,hombre,3,55,5.454545454545454
2024,20806,rural,20,mujer,4,48,8.333333333333334
2024,20806,rural,21,hombre,4,54,7.407407407407407
2024,20806,rural,21,mujer,1,57,1.7543859649122806
2024,20806,rural,22,hombre,4,67,5.970149253731344
2024,20806,rural,22,mujer,2,43,4.651162790697675
2024,20806,rural,23,hombre,3,65,4.615384615384615
2024,20806,rural,23,mujer,4,60,6.666666666666667
2024,20806,rural,24,hombre,3,74,4.054054054054054
2024,20806,rural,24,mujer,8,52,15.384615384615385
2024,20806,rural,25,hombre,5,67,7.462686567164179
2024,20806,rural,25,mujer,6,72,8.333333333333334
2024,20806,rural,26,hombre,0,72,0.0
2024,20806,rural,26,mujer,4,43,9.30232558139535
2024,20806,rural,27,hombre,1,95,1.0526315789473684
2024,20806,rural,27,mujer,3,62,4.838709677419355
2024,20806,rural,28,hombre,2,60,3.3333333333333335
2024,20806,rural,28,mujer,0,49,0.0
2024,20807,rural,16,hombre,1,9,11.11111111111111
2024,20807,rural,16,mujer,0,10,0.0
2024,20807,rural,17,hombre,4,11,36.36363636363637
2024,20807,rural,17,mujer,2,10,20.0
2024,20807,rural,18,hombre,2,10,20.0
2024,20807,rural,18,mujer,3,12,25.0
2024,20807,rural,19,hombre,1,14,7.142857142857143
2024,20807,rural,19,mujer,2,21,9.523809523809524
2024,20807,rural,20,hombre,2,30,6.666666666666667
2024,20807,rural,20,mujer,2,19,10.526315789473685
2024,20807,rural,21,hombre,0,25,0.0
2024,20807,rural,21,mujer,1,25,4.0
2024,20807,rural,22,hombre,1,24,4.166666666666667
2024,20807,rural,22,mujer,3,22,13.636363636363637
2024,20807,rural,23,hombre,1,27,3.7037037037037037
2024,20807,rural,23,mujer,1,30,3.3333333333333335
2024,20807,rural,24,hombre,2,36,5.555555555555555
2024,20807,rural,24,mujer,3,30,10.0
2024,20807,rural,25,hombre,2,31,6.451612903225806
2024,20807,rural,25,mujer,2,28,7.142857142857143
2024,20807,rural,26,hombre,2,27,7.407407407407407
2024,20807,rural,26,mujer,1,10,10.0
2024,20807,rural,27,hombre,2,22,9.090909090909092
2024,20807,rural,27,mujer,3,14,21.428571428571427
2024,20807,rural,28,hombre,2,35,5.714285714285714
2024,20807,rural,28,mujer,2,30,6.666666666666667
2024,20901,rural,16,hombre,7,29,24.137931034482758
2024,20901,rural,16,mujer,1,13,7.6923076923076925
2024,20901,rural,17,hombre,3,32,9.375
2024,20901,rural,17,mujer,3,21,14.285714285714286
2024,20901,rural,18,hombre,2,23,8.695652173913043
2024,20901,rural,18,mujer,1,26,3.8461538461538463
2024,20901,rural,19,hombre,2,31,6.451612903225806
2024,20901,rural,19,mujer,1,25,4.0
2024,20901,rural,20,hombre,1,43,2.3255813953488373
2024,20901,rural,20,mujer,1,47,2.127659574468085
2024,20901,rural,21,hombre,1,49,2.0408163265306123
2024,20901,rural,21,mujer,1,27,3.7037037037037037
2024,20901,rural,22,hombre,1,48,2.0833333333333335
2024,20901,rural,22,mujer,1,39,2.5641025641025643
2024,20901,rural,23,hombre,1,37,2.7027027027027026
2024,20901,rural,23,mujer,0,53,0.0
2024,20901,rural,24,hombre,1,60,1.6666666666666667
2024,20901,rural,24,mujer,2,50,4.0
2024,20901,rural,25,hombre,2,69,2.898550724637681
2024,20901,rural,25,mujer,4,42,9.523809523809524
2024,20901,rural,26,hombre,2,67,2.985074626865672
2024,20901,rural,26,mujer,2,50,4.0
2024,20901,rural,27,hombre,3,53,5.660377358490566
2024,20901,rural,27,mujer,4,59,6.779661016949152
2024,20901,rural,28,hombre,1,56,1.7857142857142858
2024,20901,rural,28,mujer,3,39,7.6923076923076925
2024,20902,rural,16,hombre,5,38,13.157894736842104
2024,20902,rural,16,mujer,8,43,18.6046511627907
2024,20902,rural,17,hombre,9,55,16.363636363636363
2024,20902,rural,17,mujer,7,40,17.5
2024,20902,rural,18,hombre,5,51,9.803921568627452
2024,20902,rural,18,mujer,8,67,11.940298507462687
2024,20902,rural,19,hombre,7,65,10.76923076923077
2024,20902,rural,19,mujer,9,72,12.5
2024,20902,rural,20,hombre,1,80,1.25
2024,20902,rural,20,mujer,13,69,18.840579710144926
2024,20902,rural,21,hombre,4,80,5.0
2024,20902,rural,21,mujer,6,77,7.792207792207792
2024,20902,rural,22,hombre,2,83,2.4096385542168677
2024,20902,rural,22,mujer,6,80,7.5
2024,20902,rural,23,hombre,6,108,5.555555555555555
2024,20902,rural,23,mujer,8,102,7.8431372549019605
2024,20902,rural,24,hombre,5,110,4.545454545454546
2024,20902,rural,24,mujer,4,85,4.705882352941177
2024,20902,rural,25,hombre,5,99,5.05050505050505
2024,20902,rural,25,mujer,5,85,5.882352941176471
2024,20902,rural,26,hombre,4,83,4.819277108433735
2024,20902,rural,26,mujer,6,96,6.25
2024,20902,rural,27,hombre,3,105,2.857142857142857
2024,20902,rural,27,mujer,3,94,3.1914893617021276
2024,20902,rural,28,hombre,6,96,6.25
2024,20902,rural,28,mujer,4,90,4.444444444444445
2024,20903,rural,16,hombre,1,25,4.0
2024,20903,rural,16,mujer,4,19,21.05263157894737
2024,20903,rural,17,hombre,1,24,4.166666666666667
2024,20903,rural,17,mujer,2,20,10.0
2024,20903,rural,18,hombre,1,33,3.0303030303030303
2024,20903,rural,18,mujer,2,30,6.666666666666667
2024,20903,rural,19,hombre,0,38,0.0
2024,20903,rural,19,mujer,0,33,0.0
2024,20903,rural,20,hombre,1,53,1.8867924528301887
2024,20903,rural,20,mujer,1,44,2.272727272727273
2024,20903,rural,21,hombre,3,58,5.172413793103448
2024,20903,rural,21,mujer,2,39,5.128205128205129
2024,20903,rural,22,hombre,3,53,5.660377358490566
2024,20903,rural,22,mujer,3,48,6.25
2024,20903,rural,23,hombre,1,59,1.694915254237288
2024,20903,rural,23,mujer,5,50,10.0
2024,20903,rural,24,hombre,3,59,5.084745762711864
2024,20903,rural,24,mujer,1,34,2.9411764705882355
2024,20903,rural,25,hombre,0,59,0.0
2024,20903,rural,25,mujer,3,36,8.333333333333334
2024,20903,rural,26,hombre,1,58,1.7241379310344827
2024,20903,rural,26,mujer,1,38,2.6315789473684212
2024,20903,rural,27,hombre,3,64,4.6875
2024,20903,rural,27,mujer,1,34,2.9411764705882355
2024,20903,rural,28,hombre,1,53,1.8867924528301887
2024,20903,rural,28,mujer,0,41,0.0
2024,20903,urbana,16,hombre,0,1,0.0
2024,20903,urbana,16,mujer,0,3,0.0
2024,20903,urbana,17,hombre,1,8,12.5
2024,20903,urbana,17,mujer,2,2,100.0
2024,20903,urbana,18,hombre,1,8,12.5
2024,20903,urbana,18,mujer,0,1,0.0
2024,20903,urbana,19,hombre,3,10,30.0
2024,20903,urbana,19,mujer,2,5,40.0
2024,20903,urbana,20,hombre,0,7,0.0
2024,20903,urbana,20,mujer,2,11,18.181818181818183
2024,20903,urbana,21,hombre,1,7,14.285714285714286
2024,20903,urbana,21,mujer,0,8,0.0
2024,20903,urbana,22,hombre,0,6,0.0
2024,20903,urbana,22,mujer,1,7,14.285714285714286
2024,20903,urbana,23,hombre,0,7,0.0
2024,20903,urbana,23,mujer,0,6,0.0
2024,20903,urbana,24,hombre,2,17,11.764705882352942
2024,20903,urbana,24,mujer,0,10,0.0
2024,20903,urbana,25,hombre,0,11,0.0
2024,20903,urbana,25,mujer,0,5,0.0
2024,20903,urbana,26,hombre,0,5,0.0
2024,20903,urbana,26,mujer,0,9,0.0
2024,20903,urbana,27,hombre,1,6,16.666666666666668
2024,20903,urbana,27,mujer,1,7,14.285714285714286
2024,20903,urbana,28,hombre,0,4,0.0
2024,20903,urbana,28,mujer,0,6,0.0
2024,20904,rural,16,hombre,0,9,0.0
2024,20904,rural,16,mujer,0,8,0.0
2024,20904,rural,17,hombre,0,15,0.0
2024,20904,rural,17,mujer,1,5,20.0
2024,20904,rural,18,hombre,2,15,13.333333333333334
2024,20904,rural,18,mujer,1,9,11.11111111111111
2024,20904,rural,19,hombre,1,30,3.3333333333333335
2024,20904,rural,19,mujer,2,13,15.384615384615385
2024,20904,rural,20,hombre,1,30,3.3333333333333335
2024,20904,rural,20,mujer,0,18,0.0
2024,20904,rural,21,hombre,1,34,2.9411764705882355
2024,20904,rural,21,mujer,1,20,5.0
2024,20904,rural,22,hombre,1,38,2.6315789473684212
2024,20904,rural,22,mujer,2,33,6.0606060606060606
2024,20904,rural,23,hombre,1,46,2.1739130434782608
2024,20904,rural,23,mujer,2,31,6.451612903225806
2024,20904,rural,24,hombre,1,46,2.1739130434782608
2024,20904,rural,24,mujer,1,24,4.166666666666667
2024,20904,rural,25,hombre,0,58,0.0
2024,20904,rural,25,mujer,2,34,5.882352941176471
2024,20904,rural,26,hombre,0,41,0.0
2024,20904,rural,26,mujer,0,28,0.0
2024,20904,rural,27,hombre,3,44,6.818181818181818
2024,20904,rural,27,mujer,1,32,3.125
2024,20904,rural,28,hombre,1,37,2.7027027027027026
2024,20904,rural,28,mujer,0,23,0.0
2024,20905,rural,16,hombre,6,40,15.0
2024,20905,rural,16,mujer,3,24,12.5
2024,20905,rural,17,hombre,11,49,22.448979591836736
2024,20905,rural,17,mujer,4,36,11.11111111111111
2024,20905,rural,18,hombre,2,51,3.9215686274509802
2024,20905,rural,18,mujer,3,40,7.5
2024,20905,rural,19,hombre,4,54,7.407407407407407
2024,20905,rural,19,mujer,4,39,10.256410256410257
2024,20905,rural,20,hombre,5,60,8.333333333333334
2024,20905,rural,20,mujer,2,51,3.9215686274509802
2024,20905,rural,21,hombre,4,87,4.597701149425287
2024,20905,rural,21,mujer,0,64,0.0
2024,20905,rural,22,hombre,4,85,4.705882352941177
2024,20905,rural,22,mujer,4,56,7.142857142857143
2024,20905,rural,23,hombre,1,99,1.0101010101010102
2024,20905,rural,23,mujer,3,64,4.6875
2024,20905,rural,24,hombre,5,99,5.05050505050505
2024,20905,rural,24,mujer,1,73,1.36986301369863
2024,20905,rural,25,hombre,1,90,1.1111111111111112
2024,20905,rural,25,mujer,7,83,8.433734939759036
2024,20905,rural,26,hombre,3,92,3.260869565217391
2024,20905,rural,26,mujer,0,47,0.0
2024,20905,rural,27,hombre,5,99,5.05050505050505
2024,20905,rural,27,mujer,4,88,4.545454545454546
2024,20905,rural,28,hombre,3,87,3.4482758620689653
2024,20905,rural,28,mujer,2,49,4.081632653061225
2024,21001,rural,16,hombre,7,65,10.76923076923077
2024,21001,rural,16,mujer,8,40,20.0
2024,21001,rural,17,hombre,3,36,8.333333333333334
2024,21001,rural,17,mujer,4,40,10.0
2024,21001,rural,18,hombre,3,50,6.0
2024,21001,rural,18,mujer,4,49,8.16326530612245
2024,21001,rural,19,hombre,5,63,7.936507936507937
2024,21001,rural,19,mujer,3,53,5.660377358490566
2024,21001,rural,20,hombre,4,94,4.25531914893617
2024,21001,rural,20,mujer,3,62,4.838709677419355
2024,21001,rural,21,hombre,7,95,7.368421052631579
2024,21001,rural,21,mujer,7,82,8.536585365853659
2024,21001,rural,22,hombre,5,116,4.310344827586207
2024,21001,rural,22,mujer,4,68,5.882352941176471
2024,21001,rural,23,hombre,4,119,3.361344537815126
2024,21001,rural,23,mujer,0,87,0.0
2024,21001,rural,24,hombre,4,131,3.053435114503817
2024,21001,rural,24,mujer,1,76,1.3157894736842106
2024,21001,rural,25,hombre,3,115,2.608695652173913
2024,21001,rural,25,mujer,1,67,1.492537313432836
2024,21001,rural,26,hombre,3,125,2.4
2024,21001,rural,26,mujer,1,55,1.8181818181818181
2024,21001,rural,27,hombre,4,128,3.125
2024,21001,rural,27,mujer,2,62,3.225806451612903
2024,21001,rural,28,hombre,4,121,3.3057851239669422
2024,21001,rural,28,mujer,4,71,5.633802816901408
2024,21002,rural,16,hombre,2,13,15.384615384615385
2024,21002,rural,16,mujer,0,5,0.0
2024,21002,rural,17,hombre,0,9,0.0
2024,21002,rural,17,mujer,2,7,28.571428571428573
2024,21002,rural,18,hombre,1,13,7.6923076923076925
2024,21002,rural,18,mujer,3,4,75.0
2024,21002,rural,19,hombre,1,31,3.225806451612903
2024,21002,rural,19,mujer,1,11,9.090909090909092
2024,21002,rural,20,hombre,1,30,3.3333333333333335
2024,21002,rural,20,mujer,0,20,0.0
2024,21002,rural,21,hombre,1,44,2.272727272727273
2024,21002,rural,21,mujer,0,13,0.0
2024,21002,rural,22,hombre,0,47,0.0
2024,21002,rural,22,mujer,0,16,0.0
2024,21002,rural,23,hombre,0,58,0.0
2024,21002,rural,23,mujer,0,22,0.0
2024,21002,rural,24,hombre,0,69,0.0
2024,21002,rural,24,mujer,1,13,7.6923076923076925
2024,21002,rural,25,hombre,1,81,1.2345679012345678
2024,21002,rural,25,mujer,0,12,0.0
2024,21002,rural,26,hombre,1,61,1.639344262295082
2024,21002,rural,26,mujer,0,22,0.0
2024,21002,rural,27,hombre,0,70,0.0
2024,21002,rural,27,mujer,0,24,0.0
2024,21002,rural,28,hombre,0,73,0.0
2024,21002,rural,28,mujer,1,22,4.545454545454546
2024,21002,urbana,16,hombre,2,10,20.0
2024,21002,urbana,16,mujer,1,10,10.0
2024,21002,urbana,17,hombre,0,7,0.0
2024,21002,urbana,17,mujer,0,8,0.0
2024,21002,urbana,18,hombre,0,11,0.0
2024,21002,urbana,18,mujer,0,5,0.0
2024,21002,urbana,19,hombre,1,19,5.2631578947368425
2024,21002,urbana,19,mujer,1,14,7.142857142857143
2024,21002,urbana,20,hombre,1,24,4.166666666666667
2024,21002,urbana,20,mujer,0,12,0.0
2024,21002,urbana,21,hombre,1,15,6.666666666666667
2024,21002,urbana,21,mujer,1,12,8.333333333333334
2024,21002,urbana,22,hombre,0,17,0.0
2024,21002,urbana,22,mujer,0,12,0.0
2024,21002,urbana,23,hombre,0,23,0.0
2024,21002,urbana,23,mujer,0,13,0.0
2024,21002,urbana,24,hombre,0,27,0.0
2024,21002,urbana,24,mujer,0,17,0.0
2024,21002,urbana,25,hombre,1,38,2.6315789473684212
2024,21002,urbana,25,mujer,0,18,0.0
2024,21002,urbana,26,hombre,1,19,5.2631578947368425
2024,21002,urbana,26,mujer,0,16,0.0
2024,21002,urbana,27,hombre,0,24,0.0
2024,21002,urbana,27,mujer,0,24,0.0
2024,21002,urbana,28,hombre,1,25,4.0
2024,21002,urbana,28,mujer,0,22,0.0
2024,21003,rural,16,hombre,4,51,7.8431372549019605
2024,21003,rural,16,mujer,5,32,15.625
2024,21003,rural,17,hombre,5,53,9.433962264150944
2024,21003,rural,17,mujer,2,46,4.3478260869565215
2024,21003,rural,18,hombre,3,60,5.0
2024,21003,rural,18,mujer,2,62,3.225806451612903
2024,21003,rural,19,hombre,3,77,3.896103896103896
2024,21003,rural,19,mujer,1,71,1.408450704225352
2024,21003,rural,20,hombre,3,71,4.225352112676056
2024,21003,rural,20,mujer,2,69,2.898550724637681
2024,21003,rural,21,hombre,4,76,5.2631578947368425
2024,21003,rural,21,mujer,3,61,4.918032786885246
2024,21003,rural,22,hombre,3,102,2.9411764705882355
2024,21003,rural,22,mujer,3,69,4.3478260869565215
2024,21003,rural,23,hombre,1,127,0.7874015748031497
2024,21003,rural,23,mujer,4,89,4.49438202247191
2024,21003,rural,24,hombre,3,97,3.0927835051546393
2024,21003,rural,24,mujer,2,79,2.5316455696202533
2024,21003,rural,25,hombre,3,113,2.6548672566371683
2024,21003,rural,25,mujer,3,85,3.5294117647058822
2024,21003,rural,26,hombre,2,111,1.8018018018018018
2024,21003,rural,26,mujer,0,72,0.0
2024,21003,rural,27,hombre,2,103,1.941747572815534
2024,21003,rural,27,mujer,1,86,1.1627906976744187
2024,21003,rural,28,hombre,0,108,0.0
2024,21003,rural,28,mujer,2,83,2.4096385542168677
2024,21003,urbana,16,hombre,1,13,7.6923076923076925
2024,21003,urbana,16,mujer,0,10,0.0
2024,21003,urbana,17,hombre,2,12,16.666666666666668
2024,21003,urbana,17,mujer,2,11,18.181818181818183
2024,21003,urbana,18,hombre,0,14,0.0
2024,21003,urbana,18,mujer,1,13,7.6923076923076925
2024,21003,urbana,19,hombre,0,16,0.0
2024,21003,urbana,19,mujer,0,10,0.0
2024,21003,urbana,20,hombre,1,16,6.25
2024,21003,urbana,20,mujer,0,9,0.0
2024,21003,urbana,21,hombre,0,15,0.0
2024,21003,urbana,21,mujer,0,13,0.0
2024,21003,urbana,22,hombre,0,18,0.0
2024,21003,urbana,22,mujer,1,25,4.0
2024,21003,urbana,23,hombre,0,14,0.0
2024,21003,urbana,23,mujer,2,16,12.5
2024,21003,urbana,24,hombre,1,21,4.761904761904762
2024,21003,urbana,24,mujer,0,17,0.0
2024,21003,urbana,25,hombre,0,11,0.0
2024,21003,urbana,25,mujer,0,16,0.0
2024,21003,urbana,26,hombre,1,21,4.761904761904762
2024,21003,urbana,26,mujer,0,12,0.0
2024,21003,urbana,27,hombre,1,17,5.882352941176471
2024,21003,urbana,27,mujer,0,18,0.0
2024,21003,urbana,28,hombre,0,18,0.0
2024,21003,urbana,28,mujer,0,14,0.0
2024,21004,rural,16,hombre,2,25,8.0
2024,21004,rural,16,mujer,3,18,16.666666666666668
2024,21004,rural,17,hombre,3,38,7.894736842105263
2024,21004,rural,17,mujer,3,24,12.5
2024,21004,rural,18,hombre,2,35,5.714285714285714
2024,21004,rural,18,mujer,1,36,2.7777777777777777
2024,21004,rural,19,hombre,5,50,10.0
2024,21004,rural,19,mujer,4,32,12.5
2024,21004,rural,20,hombre,3,60,5.0
2024,21004,rural,20,mujer,4,39,10.256410256410257
2024,21004,rural,21,hombre,1,67,1.492537313432836
2024,21004,rural,21,mujer,3,42,7.142857142857143
2024,21004,rural,22,hombre,3,69,4.3478260869565215
2024,21004,rural,22,mujer,2,44,4.545454545454546
2024,21004,rural,23,hombre,2,86,2.3255813953488373
2024,21004,rural,23,mujer,1,46,2.1739130434782608
2024,21004,rural,24,hombre,0,93,0.0
2024,21004,rural,24,mujer,3,60,5.0
2024,21004,rural,25,hombre,2,76,2.6315789473684212
2024,21004,rural,25,mujer,1,44,2.272727272727273
2024,21004,rural,26,hombre,3,77,3.896103896103896
2024,21004,rural,26,mujer,2,38,5.2631578947368425
2024,21004,rural,27,hombre,2,105,1.9047619047619047
2024,21004,rural,27,mujer,1,51,1.9607843137254901
2024,21004,rural,28,hombre,3,91,3.2967032967032965
2024,21004,rural,28,mujer,1,35,2.857142857142857
2024,21004,urbana,16,hombre,1,6,16.666666666666668
2024,21004,urbana,16,mujer,0,5,0.0
2024,21004,urbana,17,hombre,1,7,14.285714285714286
2024,21004,urbana,17,mujer,0,4,0.0
2024,21004,urbana,18,hombre,0,7,0.0
2024,21004,urbana,18,mujer,0,5,0.0
2024,21004,urbana,19,hombre,0,12,0.0
2024,21004,urbana,19,mujer,2,8,25.0
2024,21004,urbana,20,hombre,0,21,0.0
2024,21004,urbana,20,mujer,1,11,9.090909090909092
2024,21004,urbana,21,hombre,1,25,4.0
2024,21004,urbana,21,mujer,1,13,7.6923076923076925
2024,21004,urbana,22,hombre,2,32,6.25
2024,21004,urbana,22,mujer,1,10,10.0
2024,21004,urbana,23,hombre,0,57,0.0
2024,21004,urbana,23,mujer,0,24,0.0
2024,21004,urbana,24,hombre,1,42,2.380952380952381
2024,21004,urbana,24,mujer,2,20,10.0
2024,21004,urbana,25,hombre,0,38,0.0
2024,21004,urbana,25,mujer,2,12,16.666666666666668
2024,21004,urbana,26,hombre,1,32,3.125
2024,21004,urbana,26,mujer,0,19,0.0
2024,21004,urbana,27,hombre,0,41,0.0
2024,21004,urbana,27,mujer,0,22,0.0
2024,21004,urbana,28,hombre,1,38,2.6315789473684212
2024,21004,urbana,28,mujer,1,21,4.761904761904762
2024,21005,rural,16,hombre,1,9,11.11111111111111
2024,21005,rural,16,mujer,0,11,0.0
2024,21005,rural,17,hombre,1,15,6.666666666666667
2024,21005,rural,17,mujer,0,3,0.0
2024,21005,rural,18,hombre,1,27,3.7037037037037037
2024,21005,rural,18,mujer,0,14,0.0
2024,21005,rural,19,hombre,0,26,0.0
2024,21005,rural,19,mujer,0,21,0.0
2024,21005,rural,20,hombre,0,24,0.0
2024,21005,rural,20,mujer,1,15,6.666666666666667
2024,21005,rural,21,hombre,1,33,3.0303030303030303
2024,21005,rural,21,mujer,1,17,5.882352941176471
2024,21005,rural,22,hombre,0,32,0.0
2024,21005,rural,22,mujer,1,21,4.761904761904762
2024,21005,rural,23,hombre,0,50,0.0
2024,21005,rural,23,mujer,1,25,4.0
2024,21005,rural,24,hombre,1,50,2.0
2024,21005,rural,24,mujer,1,22,4.545454545454546
2024,21005,rural,25,hombre,0,29,0.0
2024,21005,rural,25,mujer,1,30,3.3333333333333335
2024,21005,rural,26,hombre,0,43,0.0
2024,21005,rural,26,mujer,0,11,0.0
2024,21005,rural,27,hombre,0,39,0.0
2024,21005,rural,27,mujer,1,21,4.761904761904762
2024,21005,rural,28,hombre,1,37,2.7027027027027026
2024,21005,rural,28,mujer,2,23,8.695652173913043
2024,21005,urbana,16,hombre,3,9,33.333333333333336
2024,21005,urbana,16,mujer,2,11,18.181818181818183
2024,21005,urbana,17,hombre,4,14,28.571428571428573
2024,21005,urbana,17,mujer,2,10,20.0
2024,21005,urbana,18,hombre,0,14,0.0
2024,21005,urbana,18,mujer,3,11,27.272727272727273
2024,21005,urbana,19,hombre,2,13,15.384615384615385
2024,21005,urbana,19,mujer,0,11,0.0
2024,21005,urbana,20,hombre,0,11,0.0
2024,21005,urbana,20,mujer,1,16,6.25
2024,21005,urbana,21,hombre,0,9,0.0
2024,21005,urbana,21,mujer,0,9,0.0
2024,21005,urbana,22,hombre,0,5,0.0
2024,21005,urbana,22,mujer,1,12,8.333333333333334
2024,21005,urbana,23,hombre,1,16,6.25
2024,21005,urbana,23,mujer,1,10,10.0
2024,21005,urbana,24,hombre,1,19,5.2631578947368425
2024,21005,urbana,24,mujer,0,8,0.0
2024,21005,urbana,25,hombre,0,10,0.0
2024,21005,urbana,25,mujer,1,10,10.0
2024,21005,urbana,26,hombre,0,10,0.0
2024,21005,urbana,26,mujer,0,8,0.0
2024,21005,urbana,27,hombre,2,8,25.0
2024,21005,urbana,27,mujer,2,9,22.22222222222222
2024,21005,urbana,28,hombre,2,14,14.285714285714286
2024,21005,urbana,28,mujer,1,10,10.0
2024,21006,rural,16,hombre,1,4,25.0
2024,21006,rural,16,mujer,1,6,16.666666666666668
2024,21006,rural,17,hombre,3,10,30.0
2024,21006,rural,17,mujer,0,7,0.0
2024,21006,rural,18,hombre,2,13,15.384615384615385
2024,21006,rural,18,mujer,2,15,13.333333333333334
2024,21006,rural,19,hombre,3,20,15.0
2024,21006,rural,19,mujer,1,17,5.882352941176471
2024,21006,rural,20,hombre,3,19,15.789473684210526
2024,21006,rural,20,mujer,1,16,6.25
2024,21006,rural,21,hombre,0,15,0.0
2024,21006,rural,21,mujer,2,22,9.090909090909092
2024,21006,rural,22,hombre,1,26,3.8461538461538463
2024,21006,rural,22,mujer,1,19,5.2631578947368425
2024,21006,rural,23,hombre,0,33,0.0
2024,21006,rural,23,mujer,0,24,0.0
2024,21006,rural,24,hombre,0,35,0.0
2024,21006,rural,24,mujer,0,31,0.0
2024,21006,rural,25,hombre,1,27,3.7037037037037037
2024,21006,rural,25,mujer,0,20,0.0
2024,21006,rural,26,hombre,0,21,0.0
2024,21006,rural,26,mujer,1,20,5.0
2024,21006,rural,27,hombre,0,23,0.0
2024,21006,rural,27,mujer,0,22,0.0
2024,21006,rural,28,hombre,0,32,0.0
2024,21006,rural,28,mujer,0,31,0.0
2024,21006,urbana,16,hombre,0,5,0.0
2024,21006,urbana,16,mujer,2,8,25.0
2024,21006,urbana,17,hombre,0,7,0.0
2024,21006,urbana,17,mujer,0,6,0.0
2024,21006,urbana,18,hombre,0,12,0.0
2024,21006,urbana,18,mujer,0,3,0.0
2024,21006,urbana,19,hombre,2,11,18.181818181818183
2024,21006,urbana,19,mujer,0,11,0.0
2024,21006,urbana,20,hombre,0,17,0.0
2024,21006,urbana,20,mujer,0,14,0.0
2024,21006,urbana,21,hombre,0,20,0.0
2024,21006,urbana,21,mujer,0,14,0.0
2024,21006,urbana,22,hombre,0,15,0.0
2024,21006,urbana,22,mujer,1,11,9.090909090909092
2024,21006,urbana,23,hombre,0,18,0.0
2024,21006,urbana,23,mujer,0,19,0.0
2024,21006,urbana,24,hombre,0,30,0.0
2024,21006,urbana,24,mujer,2,27,7.407407407407407
2024,21006,urbana,25,hombre,1,20,5.0
2024,21006,urbana,25,mujer,0,24,0.0
2024,21006,urbana,26,hombre,0,20,0.0
2024,21006,urbana,26,mujer,0,20,0.0
2024,21006,urbana,27,hombre,0,19,0.0
2024,21006,urbana,27,mujer,1,20,5.0
2024,21006,urbana,28,hombre,0,32,0.0
2024,21006,urbana,28,mujer,1,27,3.7037037037037037
2024,21101,rural,16,hombre,9,53,16.9811320754717
2024,21101,rural,16,mujer,11,50,22.0
2024,21101,rural,17,hombre,7,44,15.909090909090908
2024,21101,rural,17,mujer,6,54,11.11111111111111
2024,21101,rural,18,hombre,6,51,11.764705882352942
2024,21101,rural,18,mujer,3,67,4.477611940298507
2024,21101,rural,19,hombre,9,60,15.0
2024,21101,rural,19,mujer,3,56,5.357142857142857
2024,21101,rural,20,hombre,5,69,7.246376811594203
2024,21101,rural,20,mujer,2,64,3.125
2024,21101,rural,21,hombre,6,79,7.594936708860759
2024,21101,rural,21,mujer,5,73,6.8493150684931505
2024,21101,rural,22,hombre,4,64,6.25
2024,21101,rural,22,mujer,4,81,4.938271604938271
2024,21101,rural,23,hombre,1,94,1.0638297872340425
2024,21101,rural,23,mujer,1,90,1.1111111111111112
2024,21101,rural,24,hombre,0,93,0.0
2024,21101,rural,24,mujer,2,92,2.1739130434782608
2024,21101,rural,25,hombre,4,90,4.444444444444445
2024,21101,rural,25,mujer,0,100,0.0
2024,21101,rural,26,hombre,4,100,4.0
2024,21101,rural,26,mujer,2,88,2.272727272727273
2024,21101,rural,27,hombre,2,105,1.9047619047619047
2024,21101,rural,27,mujer,0,100,0.0
2024,21101,rural,28,hombre,0,89,0.0
2024,21101,rural,28,mujer,3,103,2.912621359223301
2024,21101,urbana,16,hombre,3,9,33.333333333333336
2024,21101,urbana,16,mujer,6,13,46.15384615384615
2024,21101,urbana,17,hombre,4,10,40.0
2024,21101,urbana,17,mujer,3,10,30.0
2024,21101,urbana,18,hombre,1,6,16.666666666666668
2024,21101,urbana,18,mujer,0,4,0.0
2024,21101,urbana,19,hombre,1,14,7.142857142857143
2024,21101,urbana,19,mujer,2,10,20.0
2024,21101,urbana,20,hombre,1,6,16.666666666666668
2024,21101,urbana,20,mujer,1,11,9.090909090909092
2024,21101,urbana,21,hombre,3,16,18.75
2024,21101,urbana,21,mujer,1,5,20.0
2024,21101,urbana,22,hombre,0,10,0.0
2024,21101,urbana,22,mujer,0,7,0.0
2024,21101,urbana,23,hombre,2,5,40.0
2024,21101,urbana,23,mujer,2,17,11.764705882352942
2024,21101,urbana,24,hombre,1,12,8.333333333333334
2024,21101,urbana,24,mujer,1,16,6.25
2024,21101,urbana,25,hombre,0,15,0.0
2024,21101,urbana,25,mujer,1,15,6.666666666666667
2024,21101,urbana,26,hombre,0,16,0.0
2024,21101,urbana,26,mujer,0,17,0.0
2024,21101,urbana,27,hombre,0,14,0.0
2024,21101,urbana,27,mujer,0,12,0.0
2024,21101,urbana,28,hombre,1,20,5.0
2024,21101,urbana,28,mujer,4,22,18.181818181818183
2024,21102,rural,16,hombre,5,59,8.474576271186441
2024,21102,rural,16,mujer,3,36,8.333333333333334
2024,21102,rural,17,hombre,8,74,10.81081081081081
2024,21102,rural,17,mujer,4,45,8.88888888888889
2024,21102,rural,18,hombre,3,81,3.7037037037037037
2024,21102,rural,18,mujer,10,75,13.333333333333334
2024,21102,rural,19,hombre,3,121,2.479338842975207
2024,21102,rural,19,mujer,2,59,3.389830508474576
2024,21102,rural,20,hombre,4,141,2.8368794326241136
2024,21102,rural,20,mujer,2,82,2.4390243902439024
2024,21102,rural,21,hombre,6,150,4.0
2024,21102,rural,21,mujer,7,81,8.641975308641975
2024,21102,rural,22,hombre,5,172,2.9069767441860463
2024,21102,rural,22,mujer,1,80,1.25
2024,21102,rural,23,hombre,1,196,0.5102040816326531
2024,21102,rural,23,mujer,2,111,1.8018018018018018
2024,21102,rural,24,hombre,8,201,3.9800995024875623
2024,21102,rural,24,mujer,4,117,3.4188034188034186
2024,21102,rural,25,hombre,3,177,1.694915254237288
2024,21102,rural,25,mujer,6,103,5.825242718446602
2024,21102,rural,26,hombre,1,187,0.5347593582887701
2024,21102,rural,26,mujer,3,93,3.225806451612903
2024,21102,rural,27,hombre,4,193,2.0725388601036268
2024,21102,rural,27,mujer,1,104,0.9615384615384616
2024,21102,rural,28,hombre,4,196,2.0408163265306123
2024,21102,rural,28,mujer,0,116,0.0
2024,21102,urbana,16,hombre,0,12,0.0
2024,21102,urbana,16,mujer,3,17,17.647058823529413
2024,21102,urbana,17,hombre,2,8,25.0
2024,21102,urbana,17,mujer,1,15,6.666666666666667
2024,21102,urbana,18,hombre,0,9,0.0
2024,21102,urbana,18,mujer,2,17,11.764705882352942
2024,21102,urbana,19,hombre,2,17,11.764705882352942
2024,21102,urbana,19,mujer,3,16,18.75
2024,21102,urbana,20,hombre,1,13,7.6923076923076925
2024,21102,urbana,20,mujer,2,13,15.384615384615385
2024,21102,urbana,21,hombre,0,13,0.0
2024,21102,urbana,21,mujer,1,17,5.882352941176471
2024,21102,urbana,22,hombre,0,23,0.0
2024,21102,urbana,22,mujer,1,13,7.6923076923076925
2024,21102,urbana,23,hombre,3,17,17.647058823529413
2024,21102,urbana,23,mujer,1,9,11.11111111111111
2024,21102,urbana,24,hombre,0,19,0.0
2024,21102,urbana,24,mujer,2,16,12.5
2024,21102,urbana,25,hombre,1,17,5.882352941176471
2024,21102,urbana,25,mujer,1,21,4.761904761904762
2024,21102,urbana,26,hombre,0,14,0.0
2024,21102,urbana,26,mujer,0,9,0.0
2024,21102,urbana,27,hombre,0,15,0.0
2024,21102,urbana,27,mujer,0,24,0.0
2024,21102,urbana,28,hombre,1,11,9.090909090909092
2024,21102,urbana,28,mujer,0,13,0.0
2024,21103,rural,16,hombre,2,14,14.285714285714286
2024,21103,rural,16,mujer,0,15,0.0
2024,21103,rural,17,hombre,3,15,20.0
2024,21103,rural,17,mujer,2,13,15.384615384615385
2024,21103,rural,18,hombre,2,14,14.285714285714286
2024,21103,rural,18,mujer,2,11,18.181818181818183
2024,21103,rural,19,hombre,2,36,5.555555555555555
2024,21103,rural,19,mujer,0,18,0.0
2024,21103,rural,20,hombre,2,39,5.128205128205129
2024,21103,rural,20,mujer,1,17,5.882352941176471
2024,21103,rural,21,hombre,1,32,3.125
2024,21103,rural,21,mujer,0,24,0.0
2024,21103,rural,22,hombre,2,38,5.2631578947368425
2024,21103,rural,22,mujer,1,29,3.4482758620689653
2024,21103,rural,23,hombre,0,37,0.0
2024,21103,rural,23,mujer,1,30,3.3333333333333335
2024,21103,rural,24,hombre,0,54,0.0
2024,21103,rural,24,mujer,0,42,0.0
2024,21103,rural,25,hombre,1,37,2.7027027027027026
2024,21103,rural,25,mujer,3,37,8.108108108108109
2024,21103,rural,26,hombre,1,44,2.272727272727273
2024,21103,rural,26,mujer,0,31,0.0
2024,21103,rural,27,hombre,1,51,1.9607843137254901
2024,21103,rural,27,mujer,0,37,0.0
2024,21103,rural,28,hombre,1,63,1.5873015873015872
2024,21103,rural,28,mujer,1,26,3.8461538461538463
2024,21104,rural,16,hombre,17,104,16.346153846153847
2024,21104,rural,16,mujer,9,58,15.517241379310345
2024,21104,rural,17,hombre,17,103,16.50485436893204
2024,21104,rural,17,mujer,12,55,21.818181818181817
2024,21104,rural,18,hombre,6,135,4.444444444444445
2024,21104,rural,18,mujer,8,78,10.256410256410257
2024,21104,rural,19,hombre,6,128,4.6875
2024,21104,rural,19,mujer,5,91,5.4945054945054945
2024,21104,rural,20,hombre,7,137,5.109489051094891
2024,21104,rural,20,mujer,5,81,6.172839506172839
2024,21104,rural,21,hombre,8,149,5.369127516778524
2024,21104,rural,21,mujer,6,92,6.521739130434782
2024,21104,rural,22,hombre,2,154,1.2987012987012987
2024,21104,rural,22,mujer,2,102,1.9607843137254901
2024,21104,rural,23,hombre,4,153,2.6143790849673203
2024,21104,rural,23,mujer,6,129,4.651162790697675
2024,21104,rural,24,hombre,9,180,5.0
2024,21104,rural,24,mujer,4,120,3.3333333333333335
2024,21104,rural,25,hombre,1,155,0.6451612903225806
2024,21104,rural,25,mujer,6,78,7.6923076923076925
2024,21104,rural,26,hombre,6,160,3.75
2024,21104,rural,26,mujer,3,111,2.7027027027027026
2024,21104,rural,27,hombre,6,159,3.7735849056603774
2024,21104,rural,27,mujer,7,125,5.6
2024,21104,rural,28,hombre,5,126,3.9682539682539684
2024,21104,rural,28,mujer,4,99,4.040404040404041
2024,21104,urbana,16,hombre,5,29,17.24137931034483
2024,21104,urbana,16,mujer,5,25,20.0
2024,21104,urbana,17,hombre,8,31,25.806451612903224
2024,21104,urbana,17,mujer,7,27,25.925925925925927
2024,21104,urbana,18,hombre,6,39,15.384615384615385
2024,21104,urbana,18,mujer,5,33,15.151515151515152
2024,21104,urbana,19,hombre,6,37,16.216216216216218
2024,21104,urbana,19,mujer,3,37,8.108108108108109
2024,21104,urbana,20,hombre,3,43,6.976744186046512
2024,21104,urbana,20,mujer,4,34,11.764705882352942
2024,21104,urbana,21,hombre,0,47,0.0
2024,21104,urbana,21,mujer,8,44,18.181818181818183
2024,21104,urbana,22,hombre,7,47,14.893617021276595
2024,21104,urbana,22,mujer,3,41,7.317073170731708
2024,21104,urbana,23,hombre,4,65,6.153846153846154
2024,21104,urbana,23,mujer,2,42,4.761904761904762
2024,21104,urbana,24,hombre,2,64,3.125
2024,21104,urbana,24,mujer,7,51,13.72549019607843
2024,21104,urbana,25,hombre,0,58,0.0
2024,21104,urbana,25,mujer,4,47,8.51063829787234
2024,21104,urbana,26,hombre,0,61,0.0
2024,21104,urbana,26,mujer,5,58,8.620689655172415
2024,21104,urbana,27,hombre,6,65,9.23076923076923
2024,21104,urbana,27,mujer,3,59,5.084745762711864
2024,21104,urbana,28,hombre,4,53,7.547169811320755
2024,21104,urbana,28,mujer,3,53,5.660377358490566
2024,21105,rural,16,hombre,22,210,10.476190476190476
2024,21105,rural,16,mujer,16,142,11.267605633802816
2024,21105,rural,17,hombre,27,203,13.300492610837438
2024,21105,rural,17,mujer,23,179,12.849162011173185
2024,21105,rural,18,hombre,15,214,7.009345794392523
2024,21105,rural,18,mujer,17,217,7.8341013824884795
2024,21105,rural,19,hombre,20,254,7.874015748031496
2024,21105,rural,19,mujer,15,222,6.756756756756757
2024,21105,rural,20,hombre,12,285,4.2105263157894735
2024,21105,rural,20,mujer,9,239,3.7656903765690375
2024,21105,rural,21,hombre,12,264,4.545454545454546
2024,21105,rural,21,mujer,8,232,3.4482758620689653
2024,21105,rural,22,hombre,6,306,1.9607843137254901
2024,21105,rural,22,mujer,9,281,3.202846975088968
2024,21105,rural,23,hombre,15,337,4.451038575667655
2024,21105,rural,23,mujer,11,293,3.7542662116040955
2024,21105,rural,24,hombre,13,349,3.7249283667621778
2024,21105,rural,24,mujer,9,335,2.6865671641791047
2024,21105,rural,25,hombre,8,344,2.3255813953488373
2024,21105,rural,25,mujer,8,308,2.5974025974025974
2024,21105,rural,26,hombre,8,332,2.4096385542168677
2024,21105,rural,26,mujer,5,306,1.6339869281045751
2024,21105,rural,27,hombre,4,366,1.092896174863388
2024,21105,rural,27,mujer,8,311,2.572347266881029
2024,21105,rural,28,hombre,8,324,2.4691358024691357
2024,21105,rural,28,mujer,8,270,2.962962962962963
2024,21105,urbana,16,hombre,6,24,25.0
2024,21105,urbana,16,mujer,5,17,29.41176470588235
2024,21105,urbana,17,hombre,2,14,14.285714285714286
2024,21105,urbana,17,mujer,2,9,22.22222222222222
2024,21105,urbana,18,hombre,1,13,7.6923076923076925
2024,21105,urbana,18,mujer,3,12,25.0
2024,21105,urbana,19,hombre,2,16,12.5
2024,21105,urbana,19,mujer,1,20,5.0
2024,21105,urbana,20,hombre,2,12,16.666666666666668
2024,21105,urbana,20,mujer,1,13,7.6923076923076925
2024,21105,urbana,21,hombre,0,13,0.0
2024,21105,urbana,21,mujer,2,12,16.666666666666668
2024,21105,urbana,22,hombre,0,23,0.0
2024,21105,urbana,22,mujer,3,14,21.428571428571427
2024,21105,urbana,23,hombre,0,24,0.0
2024,21105,urbana,23,mujer,2,23,8.695652173913043
2024,21105,urbana,24,hombre,2,22,9.090909090909092
2024,21105,urbana,24,mujer,1,24,4.166666666666667
2024,21105,urbana,25,hombre,1,19,5.2631578947368425
2024,21105,urbana,25,mujer,0,27,0.0
2024,21105,urbana,26,hombre,1,21,4.761904761904762
2024,21105,urbana,26,mujer,1,32,3.125
2024,21105,urbana,27,hombre,0,26,0.0
2024,21105,urbana,27,mujer,2,24,8.333333333333334
2024,21105,urbana,28,hombre,0,30,0.0
2024,21105,urbana,28,mujer,0,19,0.0
2024,21201,rural,16,hombre,10,79,12.658227848101266
2024,21201,rural,16,mujer,12,55,21.818181818181817
2024,21201,rural,17,hombre,11,65,16.923076923076923
2024,21201,rural,17,mujer,13,74,17.56756756756757
2024,21201,rural,18,hombre,11,72,15.277777777777779
2024,21201,rural,18,mujer,11,89,12.359550561797754
2024,21201,rural,19,hombre,7,86,8.13953488372093
2024,21201,rural,19,mujer,6,114,5.2631578947368425
2024,21201,rural,20,hombre,8,124,6.451612903225806
2024,21201,rural,20,mujer,6,108,5.555555555555555
2024,21201,rural,21,hombre,7,126,5.555555555555555
2024,21201,rural,21,mujer,7,112,6.25
2024,21201,rural,22,hombre,6,165,3.6363636363636362
2024,21201,rural,22,mujer,12,127,9.448818897637794
2024,21201,rural,23,hombre,9,179,5.027932960893855
2024,21201,rural,23,mujer,6,145,4.137931034482759
2024,21201,rural,24,hombre,8,180,4.444444444444445
2024,21201,rural,24,mujer,8,149,5.369127516778524
2024,21201,rural,25,hombre,7,164,4.2682926829268295
2024,21201,rural,25,mujer,7,167,4.191616766467066
2024,21201,rural,26,hombre,4,180,2.2222222222222223
2024,21201,rural,26,mujer,4,137,2.9197080291970803
2024,21201,rural,27,hombre,5,173,2.8901734104046244
2024,21201,rural,27,mujer,5,143,3.4965034965034967
2024,21201,rural,28,hombre,8,162,4.938271604938271
2024,21201,rural,28,mujer,2,120,1.6666666666666667
2024,21201,urbana,16,hombre,7,43,16.27906976744186
2024,21201,urbana,16,mujer,10,34,29.41176470588235
2024,21201,urbana,17,hombre,2,33,6.0606060606060606
2024,21201,urbana,17,mujer,6,28,21.428571428571427
2024,21201,urbana,18,hombre,8,38,21.05263157894737
2024,21201,urbana,18,mujer,8,59,13.559322033898304
2024,21201,urbana,19,hombre,6,56,10.714285714285714
2024,21201,urbana,19,mujer,3,63,4.761904761904762
2024,21201,urbana,20,hombre,4,80,5.0
2024,21201,urbana,20,mujer,3,66,4.545454545454546
2024,21201,urbana,21,hombre,1,81,1.2345679012345678
2024,21201,urbana,21,mujer,3,67,4.477611940298507
2024,21201,urbana,22,hombre,6,106,5.660377358490566
2024,21201,urbana,22,mujer,3,62,4.838709677419355
2024,21201,urbana,23,hombre,2,100,2.0
2024,21201,urbana,23,mujer,3,74,4.054054054054054
2024,21201,urbana,24,hombre,2,111,1.8018018018018018
2024,21201,urbana,24,mujer,4,80,5.0
2024,21201,urbana,25,hombre,2,105,1.9047619047619047
2024,21201,urbana,25,mujer,6,102,5.882352941176471
2024,21201,urbana,26,hombre,2,117,1.7094017094017093
2024,21201,urbana,26,mujer,2,97,2.0618556701030926
2024,21201,urbana,27,hombre,3,102,2.9411764705882355
2024,21201,urbana,27,mujer,1,85,1.1764705882352942
2024,21201,urbana,28,hombre,0,122,0.0
2024,21201,urbana,28,mujer,5,82,6.097560975609756
2024,21202,rural,16,hombre,6,47,12.76595744680851
2024,21202,rural,16,mujer,9,49,18.367346938775512
2024,21202,rural,17,hombre,6,54,11.11111111111111
2024,21202,rural,17,mujer,5,50,10.0
2024,21202,rural,18,hombre,4,77,5.194805194805195
2024,21202,rural,18,mujer,6,66,9.090909090909092
2024,21202,rural,19,hombre,2,75,2.6666666666666665
2024,21202,rural,19,mujer,1,60,1.6666666666666667
2024,21202,rural,20,hombre,4,101,3.9603960396039604
2024,21202,rural,20,mujer,8,85,9.411764705882353
2024,21202,rural,21,hombre,6,102,5.882352941176471
2024,21202,rural,21,mujer,9,81,11.11111111111111
2024,21202,rural,22,hombre,5,112,4.464285714285714
2024,21202,rural,22,mujer,8,91,8.791208791208792
2024,21202,rural,23,hombre,5,103,4.854368932038835
2024,21202,rural,23,mujer,5,89,5.617977528089888
2024,21202,rural,24,hombre,5,137,3.6496350364963503
2024,21202,rural,24,mujer,9,115,7.826086956521739
2024,21202,rural,25,hombre,2,124,1.6129032258064515
2024,21202,rural,25,mujer,7,94,7.446808510638298
2024,21202,rural,26,hombre,2,129,1.550387596899225
2024,21202,rural,26,mujer,3,94,3.1914893617021276
2024,21202,rural,27,hombre,3,131,2.2900763358778624
2024,21202,rural,27,mujer,4,102,3.9215686274509802
2024,21202,rural,28,hombre,3,133,2.255639097744361
2024,21202,rural,28,mujer,5,97,5.154639175257732
2024,21202,urbana,16,hombre,2,13,15.384615384615385
2024,21202,urbana,16,mujer,4,24,16.666666666666668
2024,21202,urbana,17,hombre,1,28,3.5714285714285716
2024,21202,urbana,17,mujer,3,16,18.75
2024,21202,urbana,18,hombre,5,32,15.625
2024,21202,urbana,18,mujer,3,39,7.6923076923076925
2024,21202,urbana,19,hombre,3,39,7.6923076923076925
2024,21202,urbana,19,mujer,1,49,2.0408163265306123
2024,21202,urbana,20,hombre,3,46,6.521739130434782
2024,21202,urbana,20,mujer,1,48,2.0833333333333335
2024,21202,urbana,21,hombre,2,43,4.651162790697675
2024,21202,urbana,21,mujer,7,56,12.5
2024,21202,urbana,22,hombre,2,52,3.8461538461538463
2024,21202,urbana,22,mujer,3,71,4.225352112676056
2024,21202,urbana,23,hombre,0,59,0.0
2024,21202,urbana,23,mujer,2,53,3.7735849056603774
2024,21202,urbana,24,hombre,2,68,2.9411764705882355
2024,21202,urbana,24,mujer,5,53,9.433962264150944
2024,21202,urbana,25,hombre,2,90,2.2222222222222223
2024,21202,urbana,25,mujer,2,59,3.389830508474576
2024,21202,urbana,26,hombre,3,77,3.896103896103896
2024,21202,urbana,26,mujer,1,50,2.0
2024,21202,urbana,27,hombre,1,66,1.5151515151515151
2024,21202,urbana,27,mujer,2,64,3.125
2024,21202,urbana,28,hombre,2,91,2.197802197802198
2024,21202,urbana,28,mujer,3,64,4.6875
2024,21203,rural,16,hombre,5,24,20.833333333333332
2024,21203,rural,16,mujer,3,30,10.0
2024,21203,rural,17,hombre,2,26,7.6923076923076925
2024,21203,rural,17,mujer,4,30,13.333333333333334
2024,21203,rural,18,hombre,6,37,16.216216216216218
2024,21203,rural,18,mujer,2,33,6.0606060606060606
2024,21203,rural,19,hombre,7,46,15.217391304347826
2024,21203,rural,19,mujer,2,42,4.761904761904762
2024,21203,rural,20,hombre,2,47,4.25531914893617
2024,21203,rural,20,mujer,1,46,2.1739130434782608
2024,21203,rural,21,hombre,1,49,2.0408163265306123
2024,21203,rural,21,mujer,1,35,2.857142857142857
2024,21203,rural,22,hombre,3,69,4.3478260869565215
2024,21203,rural,22,mujer,2,75,2.6666666666666665
2024,21203,rural,23,hombre,3,86,3.488372093023256
2024,21203,rural,23,mujer,4,61,6.557377049180328
2024,21203,rural,24,hombre,2,71,2.816901408450704
2024,21203,rural,24,mujer,6,61,9.836065573770492
2024,21203,rural,25,hombre,2,99,2.0202020202020203
2024,21203,rural,25,mujer,5,64,7.8125
2024,21203,rural,26,hombre,2,91,2.197802197802198
2024,21203,rural,26,mujer,5,74,6.756756756756757
2024,21203,rural,27,hombre,1,89,1.1235955056179776
2024,21203,rural,27,mujer,4,89,4.49438202247191
2024,21203,rural,28,hombre,0,104,0.0
2024,21203,rural,28,mujer,1,64,1.5625
2024,21203,urbana,16,hombre,1,6,16.666666666666668
2024,21203,urbana,16,mujer,2,6,33.333333333333336
2024,21203,urbana,17,hombre,0,4,0.0
2024,21203,urbana,17,mujer,1,3,33.333333333333336
2024,21203,urbana,18,hombre,1,6,16.666666666666668
2024,21203,urbana,18,mujer,1,10,10.0
2024,21203,urbana,19,hombre,1,6,16.666666666666668
2024,21203,urbana,19,mujer,2,14,14.285714285714286
2024,21203,urbana,20,hombre,1,10,10.0
2024,21203,urbana,20,mujer,2,8,25.0
2024,21203,urbana,21,hombre,0,15,0.0
2024,21203,urbana,21,mujer,1,14,7.142857142857143
2024,21203,urbana,22,hombre,1,5,20.0
2024,21203,urbana,22,mujer,1,14,7.142857142857143
2024,21203,urbana,23,hombre,0,21,0.0
2024,21203,urbana,23,mujer,1,12,8.333333333333334
2024,21203,urbana,24,hombre,0,13,0.0
2024,21203,urbana,24,mujer,1,21,4.761904761904762
2024,21203,urbana,25,hombre,2,19,10.526315789473685
2024,21203,urbana,25,mujer,2,16,12.5
2024,21203,urbana,26,hombre,1,27,3.7037037037037037
2024,21203,urbana,26,mujer,0,15,0.0
2024,21203,urbana,27,hombre,0,12,0.0
2024,21203,urbana,27,mujer,0,26,0.0
2024,21203,urbana,28,hombre,0,14,0.0
2024,21203,urbana,28,mujer,0,20,0.0
2024,21204,rural,16,hombre,2,9,22.22222222222222
2024,21204,rural,16,mujer,2,7,28.571428571428573
2024,21204,rural,17,hombre,1,9,11.11111111111111
2024,21204,rural,17,mujer,1,9,11.11111111111111
2024,21204,rural,18,hombre,1,8,12.5
2024,21204,rural,18,mujer,1,12,8.333333333333334
2024,21204,rural,19,hombre,0,19,0.0
2024,21204,rural,19,mujer,2,19,10.526315789473685
2024,21204,rural,20,hombre,0,20,0.0
2024,21204,rural,20,mujer,0,17,0.0
2024,21204,rural,21,hombre,1,23,4.3478260869565215
2024,21204,rural,21,mujer,0,15,0.0
2024,21204,rural,22,hombre,1,21,4.761904761904762
2024,21204,rural,22,mujer,3,29,10.344827586206897
2024,21204,rural,23,hombre,0,36,0.0
2024,21204,rural,23,mujer,1,21,4.761904761904762
2024,21204,rural,24,hombre,2,36,5.555555555555555
2024,21204,rural,24,mujer,1,28,3.5714285714285716
2024,21204,rural,25,hombre,1,34,2.9411764705882355
2024,21204,rural,25,mujer,2,33,6.0606060606060606
2024,21204,rural,26,hombre,0,36,0.0
2024,21204,rural,26,mujer,2,38,5.2631578947368425
2024,21204,rural,27,hombre,0,43,0.0
2024,21204,rural,27,mujer,1,37,2.7027027027027026
2024,21204,rural,28,hombre,2,32,6.25
2024,21204,rural,28,mujer,0,22,0.0
2024,21301,rural,16,hombre,5,39,12.820512820512821
2024,21301,rural,16,mujer,6,27,22.22222222222222
2024,21301,rural,17,hombre,10,48,20.833333333333332
2024,21301,rural,17,mujer,6,34,17.647058823529413
2024,21301,rural,18,hombre,9,62,14.516129032258064
2024,21301,rural,18,mujer,4,50,8.0
2024,21301,rural,19,hombre,6,72,8.333333333333334
2024,21301,rural,19,mujer,6,67,8.955223880597014
2024,21301,rural,20,hombre,7,92,7.608695652173913
2024,21301,rural,20,mujer,6,77,7.792207792207792
2024,21301,rural,21,hombre,7,126,5.555555555555555
2024,21301,rural,21,mujer,8,88,9.090909090909092
2024,21301,rural,22,hombre,7,120,5.833333333333333
2024,21301,rural,22,mujer,6,79,7.594936708860759
2024,21301,rural,23,hombre,6,141,4.25531914893617
2024,21301,rural,23,mujer,5,93,5.376344086021505
2024,21301,rural,24,hombre,6,131,4.580152671755725
2024,21301,rural,24,mujer,7,105,6.666666666666667
2024,21301,rural,25,hombre,6,126,4.761904761904762
2024,21301,rural,25,mujer,6,100,6.0
2024,21301,rural,26,hombre,1,162,0.6172839506172839
2024,21301,rural,26,mujer,3,114,2.6315789473684212
2024,21301,rural,27,hombre,3,125,2.4
2024,21301,rural,27,mujer,4,97,4.123711340206185
2024,21301,rural,28,hombre,6,133,4.511278195488722
2024,21301,rural,28,mujer,5,93,5.376344086021505
2024,21301,urbana,16,hombre,3,25,12.0
2024,21301,urbana,16,mujer,6,24,25.0
2024,21301,urbana,17,hombre,4,26,15.384615384615385
2024,21301,urbana,17,mujer,6,18,33.333333333333336
2024,21301,urbana,18,hombre,2,26,7.6923076923076925
2024,21301,urbana,18,mujer,7,30,23.333333333333332
2024,21301,urbana,19,hombre,5,42,11.904761904761905
2024,21301,urbana,19,mujer,3,33,9.090909090909092
2024,21301,urbana,20,hombre,3,48,6.25
2024,21301,urbana,20,mujer,7,45,15.555555555555555
2024,21301,urbana,21,hombre,5,44,11.363636363636363
2024,21301,urbana,21,mujer,5,50,10.0
2024,21301,urbana,22,hombre,3,69,4.3478260869565215
2024,21301,urbana,22,mujer,6,48,12.5
2024,21301,urbana,23,hombre,2,60,3.3333333333333335
2024,21301,urbana,23,mujer,2,55,3.6363636363636362
2024,21301,urbana,24,hombre,1,63,1.5873015873015872
2024,21301,urbana,24,mujer,5,73,6.8493150684931505
2024,21301,urbana,25,hombre,2,72,2.7777777777777777
2024,21301,urbana,25,mujer,1,56,1.7857142857142858
2024,21301,urbana,26,hombre,0,61,0.0
2024,21301,urbana,26,mujer,5,56,8.928571428571429
2024,21301,urbana,27,hombre,3,82,3.658536585365854
2024,21301,urbana,27,mujer,0,64,0.0
2024,21301,urbana,28,hombre,3,70,4.285714285714286
2024,21301,urbana,28,mujer,2,76,2.6315789473684212
2024,21302,rural,16,hombre,3,15,20.0
2024,21302,rural,16,mujer,2,16,12.5
2024,21302,rural,17,hombre,6,19,31.57894736842105
2024,21302,rural,17,mujer,2,16,12.5
2024,21302,rural,18,hombre,4,18,22.22222222222222
2024,21302,rural,18,mujer,1,15,6.666666666666667
2024,21302,rural,19,hombre,1,22,4.545454545454546
2024,21302,rural,19,mujer,4,22,18.181818181818183
2024,21302,rural,20,hombre,3,29,10.344827586206897
2024,21302,rural,20,mujer,0,31,0.0
2024,21302,rural,21,hombre,4,28,14.285714285714286
2024,21302,rural,21,mujer,2,27,7.407407407407407
2024,21302,rural,22,hombre,1,34,2.9411764705882355
2024,21302,rural,22,mujer,3,34,8.823529411764707
2024,21302,rural,23,hombre,2,39,5.128205128205129
2024,21302,rural,23,mujer,3,28,10.714285714285714
2024,21302,rural,24,hombre,2,40,5.0
2024,21302,rural,24,mujer,0,22,0.0
2024,21302,rural,25,hombre,1,34,2.9411764705882355
2024,21302,rural,25,mujer,2,24,8.333333333333334
2024,21302,rural,26,hombre,4,33,12.121212121212121
2024,21302,rural,26,mujer,2,22,9.090909090909092
2024,21302,rural,27,hombre,2,34,5.882352941176471
2024,21302,rural,27,mujer,0,26,0.0
2024,21302,rural,28,hombre,1,31,3.225806451612903
2024,21302,rural,28,mujer,1,25,4.0
2024,21303,rural,16,hombre,5,35,14.285714285714286
2024,21303,rural,16,mujer,2,26,7.6923076923076925
2024,21303,rural,17,hombre,4,35,11.428571428571429
2024,21303,rural,17,mujer,2,19,10.526315789473685
2024,21303,rural,18,hombre,3,31,9.67741935483871
2024,21303,rural,18,mujer,2,51,3.9215686274509802
2024,21303,rural,19,hombre,3,57,5.2631578947368425
2024,21303,rural,19,mujer,2,38,5.2631578947368425
2024,21303,rural,20,hombre,1,45,2.2222222222222223
2024,21303,rural,20,mujer,3,40,7.5
2024,21303,rural,21,hombre,3,59,5.084745762711864
2024,21303,rural,21,mujer,6,54,11.11111111111111
2024,21303,rural,22,hombre,3,68,4.411764705882353
2024,21303,rural,22,mujer,3,40,7.5
2024,21303,rural,23,hombre,1,73,1.36986301369863
2024,21303,rural,23,mujer,2,32,6.25
2024,21303,rural,24,hombre,2,63,3.1746031746031744
2024,21303,rural,24,mujer,3,60,5.0
2024,21303,rural,25,hombre,0,66,0.0
2024,21303,rural,25,mujer,3,54,5.555555555555555
2024,21303,rural,26,hombre,1,65,1.5384615384615385
2024,21303,rural,26,mujer,2,58,3.4482758620689653
2024,21303,rural,27,hombre,4,82,4.878048780487805
2024,21303,rural,27,mujer,6,45,13.333333333333334
2024,21303,rural,28,hombre,3,64,4.6875
2024,21303,rural,28,mujer,2,41,4.878048780487805
2024,21304,rural,16,hombre,2,28,7.142857142857143
2024,21304,rural,16,mujer,4,24,16.666666666666668
2024,21304,rural,17,hombre,4,39,10.256410256410257
2024,21304,rural,17,mujer,4,28,14.285714285714286
2024,21304,rural,18,hombre,2,31,6.451612903225806
2024,21304,rural,18,mujer,8,42,19.047619047619047
2024,21304,rural,19,hombre,2,56,3.5714285714285716
2024,21304,rural,19,mujer,4,38,10.526315789473685
2024,21304,rural,20,hombre,3,81,3.7037037037037037
2024,21304,rural,20,mujer,4,52,7.6923076923076925
2024,21304,rural,21,hombre,3,76,3.9473684210526314
2024,21304,rural,21,mujer,2,56,3.5714285714285716
2024,21304,rural,22,hombre,4,73,5.47945205479452
2024,21304,rural,22,mujer,2,48,4.166666666666667
2024,21304,rural,23,hombre,1,87,1.1494252873563218
2024,21304,rural,23,mujer,1,54,1.8518518518518519
2024,21304,rural,24,hombre,1,71,1.408450704225352
2024,21304,rural,24,mujer,3,59,5.084745762711864
2024,21304,rural,25,hombre,0,77,0.0
2024,21304,rural,25,mujer,2,57,3.508771929824561
2024,21304,rural,26,hombre,1,74,1.3513513513513513
2024,21304,rural,26,mujer,3,69,4.3478260869565215
2024,21304,rural,27,hombre,2,83,2.4096385542168677
2024,21304,rural,27,mujer,2,52,3.8461538461538463
2024,21304,rural,28,hombre,1,87,1.1494252873563218
2024,21304,rural,28,mujer,2,59,3.389830508474576
2024,21305,rural,16,hombre,11,44,25.0
2024,21305,rural,16,mujer,4,23,17.391304347826086
2024,21305,rural,17,hombre,5,42,11.904761904761905
2024,21305,rural,17,mujer,0,33,0.0
2024,21305,rural,18,hombre,6,28,21.428571428571427
2024,21305,rural,18,mujer,4,39,10.256410256410257
2024,21305,rural,19,hombre,3,28,10.714285714285714
2024,21305,rural,19,mujer,3,43,6.976744186046512
2024,21305,rural,20,hombre,1,56,1.7857142857142858
2024,21305,rural,20,mujer,1,51,1.9607843137254901
2024,21305,rural,21,hombre,1,56,1.7857142857142858
2024,21305,rural,21,mujer,3,44,6.818181818181818
2024,21305,rural,22,hombre,2,57,3.508771929824561
2024,21305,rural,22,mujer,4,48,8.333333333333334
2024,21305,rural,23,hombre,1,62,1.6129032258064515
2024,21305,rural,23,mujer,1,45,2.2222222222222223
2024,21305,rural,24,hombre,4,64,6.25
2024,21305,rural,24,mujer,5,62,8.064516129032258
2024,21305,rural,25,hombre,1,64,1.5625
2024,21305,rural,25,mujer,0,47,0.0
2024,21305,rural,26,hombre,2,52,3.8461538461538463
2024,21305,rural,26,mujer,2,50,4.0
2024,21305,rural,27,hombre,0,66,0.0
2024,21305,rural,27,mujer,0,52,0.0
2024,21305,rural,28,hombre,0,50,0.0
2024,21305,rural,28,mujer,0,47,0.0
2024,21305,urbana,16,hombre,11,35,31.428571428571427
2024,21305,urbana,16,mujer,12,41,29.26829268292683
2024,21305,urbana,17,hombre,16,45,35.55555555555556
2024,21305,urbana,17,mujer,15,37,40.54054054054054
2024,21305,urbana,18,hombre,10,40,25.0
2024,21305,urbana,18,mujer,14,55,25.454545454545453
2024,21305,urbana,19,hombre,13,65,20.0
2024,21305,urbana,19,mujer,10,63,15.873015873015873
2024,21305,urbana,20,hombre,10,71,14.084507042253522
2024,21305,urbana,20,mujer,14,79,17.72151898734177
2024,21305,urbana,21,hombre,5,82,6.097560975609756
2024,21305,urbana,21,mujer,4,60,6.666666666666667
2024,21305,urbana,22,hombre,9,80,11.25
2024,21305,urbana,22,mujer,12,76,15.789473684210526
2024,21305,urbana,23,hombre,10,92,10.869565217391305
2024,21305,urbana,23,mujer,6,82,7.317073170731708
2024,21305,urbana,24,hombre,4,113,3.5398230088495577
2024,21305,urbana,24,mujer,5,92,5.434782608695652
2024,21305,urbana,25,hombre,4,90,4.444444444444445
2024,21305,urbana,25,mujer,4,68,5.882352941176471
2024,21305,urbana,26,hombre,2,104,1.9230769230769231
2024,21305,urbana,26,mujer,6,87,6.896551724137931
2024,21305,urbana,27,hombre,1,85,1.1764705882352942
2024,21305,urbana,27,mujer,2,108,1.8518518518518519
2024,21305,urbana,28,hombre,2,101,1.9801980198019802
2024,21305,urbana,28,mujer,2,79,2.5316455696202533
2024,21306,rural,16,hombre,1,8,12.5
2024,21306,rural,16,mujer,0,4,0.0
2024,21306,rural,17,hombre,1,4,25.0
2024,21306,rural,17,mujer,2,12,16.666666666666668
2024,21306,rural,18,hombre,0,17,0.0
2024,21306,rural,18,mujer,0,7,0.0
2024,21306,rural,19,hombre,0,7,0.0
2024,21306,rural,19,mujer,0,8,0.0
2024,21306,rural,20,hombre,1,17,5.882352941176471
2024,21306,rural,20,mujer,2,16,12.5
2024,21306,rural,21,hombre,0,24,0.0
2024,21306,rural,21,mujer,3,23,13.043478260869565
2024,21306,rural,22,hombre,0,21,0.0
2024,21306,rural,22,mujer,1,17,5.882352941176471
2024,21306,rural,23,hombre,2,26,7.6923076923076925
2024,21306,rural,23,mujer,0,23,0.0
2024,21306,rural,24,hombre,2,17,11.764705882352942
2024,21306,rural,24,mujer,1,14,7.142857142857143
2024,21306,rural,25,hombre,0,32,0.0
2024,21306,rural,25,mujer,0,19,0.0
2024,21306,rural,26,hombre,0,16,0.0
2024,21306,rural,26,mujer,0,23,0.0
2024,21306,rural,27,hombre,1,19,5.2631578947368425
2024,21306,rural,27,mujer,2,21,9.523809523809524
2024,21306,rural,28,hombre,0,18,0.0
2024,21306,rural,28,mujer,1,26,3.8461538461538463
2024,21306,urbana,16,hombre,0,6,0.0
2024,21306,urbana,16,mujer,1,6,16.666666666666668
2024,21306,urbana,17,hombre,1,6,16.666666666666668
2024,21306,urbana,17,mujer,3,7,42.857142857142854
2024,21306,urbana,18,hombre,0,9,0.0
2024,21306,urbana,18,mujer,0,12,0.0
2024,21306,urbana,19,hombre,1,12,8.333333333333334
2024,21306,urbana,19,mujer,0,19,0.0
2024,21306,urbana,20,hombre,2,25,8.0
2024,21306,urbana,20,mujer,1,19,5.2631578947368425
2024,21306,urbana,21,hombre,0,28,0.0
2024,21306,urbana,21,mujer,2,22,9.090909090909092
2024,21306,urbana,22,hombre,1,25,4.0
2024,21306,urbana,22,mujer,2,33,6.0606060606060606
2024,21306,urbana,23,hombre,0,44,0.0
2024,21306,urbana,23,mujer,0,28,0.0
2024,21306,urbana,24,hombre,1,48,2.0833333333333335
2024,21306,urbana,24,mujer,2,27,7.407407407407407
2024,21306,urbana,25,hombre,1,54,1.8518518518518519
2024,21306,urbana,25,mujer,1,35,2.857142857142857
2024,21306,urbana,26,hombre,2,43,4.651162790697675
2024,21306,urbana,26,mujer,1,26,3.8461538461538463
2024,21306,urbana,27,hombre,0,44,0.0
2024,21306,urbana,27,mujer,0,32,0.0
2024,21306,urbana,28,hombre,0,62,0.0
2024,21306,urbana,28,mujer,4,33,12.121212121212121
2024,21307,rural,16,hombre,0,3,0.0
2024,21307,rural,17,mujer,0,1,0.0
2024,21307,rural,18,hombre,0,2,0.0
2024,21307,rural,18,mujer,1,2,50.0
2024,21307,rural,19,hombre,0,7,0.0
2024,21307,rural,19,mujer,0,2,0.0
2024,21307,rural,20,hombre,0,6,0.0
2024,21307,rural,20,mujer,1,5,20.0
2024,21307,rural,21,hombre,0,9,0.0
2024,21307,rural,21,mujer,0,4,0.0
2024,21307,rural,22,hombre,0,4,0.0
2024,21307,rural,22,mujer,0,3,0.0
2024,21307,rural,23,hombre,0,12,0.0
2024,21307,rural,23,mujer,0,8,0.0
2024,21307,rural,24,hombre,0,11,0.0
2024,21307,rural,24,mujer,0,7,0.0
2024,21307,rural,25,hombre,0,13,0.0
2024,21307,rural,25,mujer,0,6,0.0
2024,21307,rural,26,hombre,0,10,0.0
2024,21307,rural,26,mujer,0,6,0.0
2024,21307,rural,27,hombre,1,11,9.090909090909092
2024,21307,rural,27,mujer,0,6,0.0
2024,21307,rural,28,hombre,0,10,0.0
2024,21307,rural,28,mujer,1,8,12.5
2024,21307,urbana,16,hombre,0,3,0.0
2024,21307,urbana,16,mujer,0,1,0.0
2024,21307,urbana,17,hombre,1,3,33.333333333333336
2024,21307,urbana,17,mujer,0,2,0.0
2024,21307,urbana,18,hombre,0,6,0.0
2024,21307,urbana,18,mujer,0,4,0.0
2024,21307,urbana,19,hombre,1,6,16.666666666666668
2024,21307,urbana,19,mujer,1,8,12.5
2024,21307,urbana,20,hombre,0,10,0.0
2024,21307,urbana,20,mujer,1,10,10.0
2024,21307,urbana,21,hombre,0,13,0.0
2024,21307,urbana,21,mujer,0,8,0.0
2024,21307,urbana,22,hombre,0,14,0.0
2024,21307,urbana,22,mujer,0,12,0.0
2024,21307,urbana,23,hombre,0,16,0.0
2024,21307,urbana,23,mujer,0,16,0.0
2024,21307,urbana,24,hombre,0,17,0.0
2024,21307,urbana,24,mujer,0,11,0.0
2024,21307,urbana,25,hombre,0,17,0.0
2024,21307,urbana,25,mujer,0,15,0.0
2024,21307,urbana,26,hombre,1,20,5.0
2024,21307,urbana,26,mujer,0,12,0.0
2024,21307,urbana,27,hombre,0,24,0.0
2024,21307,urbana,27,mujer,0,15,0.0
2024,21307,urbana,28,hombre,0,14,0.0
2024,21307,urbana,28,mujer,0,17,0.0
2024,21401,rural,16,hombre,20,72,27.77777777777778
2024,21401,rural,16,mujer,14,66,21.21212121212121
2024,21401,rural,17,hombre,6,83,7.228915662650603
2024,21401,rural,17,mujer,11,64,17.1875
2024,21401,rural,18,hombre,15,123,12.195121951219512
2024,21401,rural,18,mujer,17,110,15.454545454545455
2024,21401,rural,19,hombre,3,103,2.912621359223301
2024,21401,rural,19,mujer,12,105,11.428571428571429
2024,21401,rural,20,hombre,10,145,6.896551724137931
2024,21401,rural,20,mujer,8,102,7.8431372549019605
2024,21401,rural,21,hombre,7,139,5.0359712230215825
2024,21401,rural,21,mujer,7,107,6.542056074766355
2024,21401,rural,22,hombre,4,166,2.4096385542168677
2024,21401,rural,22,mujer,6,132,4.545454545454546
2024,21401,rural,23,hombre,7,189,3.7037037037037037
2024,21401,rural,23,mujer,4,149,2.684563758389262
2024,21401,rural,24,hombre,2,180,1.1111111111111112
2024,21401,rural,24,mujer,8,169,4.733727810650888
2024,21401,rural,25,hombre,3,194,1.5463917525773196
2024,21401,rural,25,mujer,6,166,3.6144578313253013
2024,21401,rural,26,hombre,4,151,2.6490066225165565
2024,21401,rural,26,mujer,5,140,3.5714285714285716
2024,21401,rural,27,hombre,4,174,2.2988505747126435
2024,21401,rural,27,mujer,5,137,3.6496350364963503
2024,21401,rural,28,hombre,3,169,1.7751479289940828
2024,21401,rural,28,mujer,4,134,2.985074626865672
2024,21401,urbana,16,hombre,3,7,42.857142857142854
2024,21401,urbana,16,mujer,2,4,50.0
2024,21401,urbana,17,hombre,3,7,42.857142857142854
2024,21401,urbana,17,mujer,3,5,60.0
2024,21401,urbana,18,hombre,0,7,0.0
2024,21401,urbana,18,mujer,3,14,21.428571428571427
2024,21401,urbana,19,hombre,1,11,9.090909090909092
2024,21401,urbana,19,mujer,2,7,28.571428571428573
2024,21401,urbana,20,hombre,2,9,22.22222222222222
2024,21401,urbana,20,mujer,2,18,11.11111111111111
2024,21401,urbana,21,hombre,1,9,11.11111111111111
2024,21401,urbana,21,mujer,2,10,20.0
2024,21401,urbana,22,hombre,0,11,0.0
2024,21401,urbana,22,mujer,3,10,30.0
2024,21401,urbana,23,hombre,3,17,17.647058823529413
2024,21401,urbana,23,mujer,0,11,0.0
2024,21401,urbana,24,hombre,2,12,16.666666666666668
2024,21401,urbana,24,mujer,1,19,5.2631578947368425
2024,21401,urbana,25,hombre,0,12,0.0
2024,21401,urbana,25,mujer,3,27,11.11111111111111
2024,21401,urbana,26,hombre,0,24,0.0
2024,21401,urbana,26,mujer,3,15,20.0
2024,21401,urbana,27,hombre,1,12,8.333333333333334
2024,21401,urbana,27,mujer,1,16,6.25
2024,21401,urbana,28,hombre,0,13,0.0
2024,21401,urbana,28,mujer,1,14,7.142857142857143
2024,21402,rural,16,hombre,19,65,29.23076923076923
2024,21402,rural,16,mujer,7,46,15.217391304347826
2024,21402,rural,17,hombre,12,68,17.647058823529413
2024,21402,rural,17,mujer,14,63,22.22222222222222
2024,21402,rural,18,hombre,13,76,17.105263157894736
2024,21402,rural,18,mujer,11,84,13.095238095238095
2024,21402,rural,19,hombre,8,100,8.0
2024,21402,rural,19,mujer,5,73,6.8493150684931505
2024,21402,rural,20,hombre,11,117,9.401709401709402
2024,21402,rural,20,mujer,6,94,6.382978723404255
2024,21402,rural,21,hombre,5,128,3.90625
2024,21402,rural,21,mujer,4,89,4.49438202247191
2024,21402,rural,22,hombre,6,135,4.444444444444445
2024,21402,rural,22,mujer,3,81,3.7037037037037037
2024,21402,rural,23,hombre,7,132,5.303030303030303
2024,21402,rural,23,mujer,1,135,0.7407407407407407
2024,21402,rural,24,hombre,4,168,2.380952380952381
2024,21402,rural,24,mujer,5,134,3.7313432835820897
2024,21402,rural,25,hombre,4,148,2.7027027027027026
2024,21402,rural,25,mujer,4,147,2.7210884353741496
2024,21402,rural,26,hombre,5,145,3.4482758620689653
2024,21402,rural,26,mujer,4,149,2.684563758389262
2024,21402,rural,27,hombre,3,137,2.18978102189781
2024,21402,rural,27,mujer,2,152,1.3157894736842106
2024,21402,rural,28,hombre,4,144,2.7777777777777777
2024,21402,rural,28,mujer,3,146,2.0547945205479454
2024,21402,urbana,16,hombre,2,7,28.571428571428573
2024,21402,urbana,16,mujer,3,10,30.0
2024,21402,urbana,17,hombre,1,14,7.142857142857143
2024,21402,urbana,17,mujer,0,7,0.0
2024,21402,urbana,18,hombre,1,13,7.6923076923076925
2024,21402,urbana,18,mujer,1,11,9.090909090909092
2024,21402,urbana,19,hombre,2,13,15.384615384615385
2024,21402,urbana,19,mujer,1,7,14.285714285714286
2024,21402,urbana,20,hombre,1,24,4.166666666666667
2024,21402,urbana,20,mujer,3,11,27.272727272727273
2024,21402,urbana,21,hombre,0,13,0.0
2024,21402,urbana,21,mujer,2,9,22.22222222222222
2024,21402,urbana,22,hombre,0,8,0.0
2024,21402,urbana,22,mujer,0,15,0.0
2024,21402,urbana,23,hombre,0,14,0.0
2024,21402,urbana,23,mujer,0,20,0.0
2024,21402,urbana,24,hombre,0,20,0.0
2024,21402,urbana,24,mujer,2,17,11.764705882352942
2024,21402,urbana,25,hombre,1,14,7.142857142857143
2024,21402,urbana,25,mujer,0,11,0.0
2024,21402,urbana,26,hombre,0,17,0.0
2024,21402,urbana,26,mujer,0,15,0.0
2024,21402,urbana,27,hombre,0,15,0.0
2024,21402,urbana,27,mujer,0,18,0.0
2024,21402,urbana,28,hombre,1,21,4.761904761904762
2024,21402,urbana,28,mujer,1,18,5.555555555555555
2024,21501,rural,16,hombre,2,28,7.142857142857143
2024,21501,rural,16,mujer,2,11,18.181818181818183
2024,21501,rural,17,hombre,2,33,6.0606060606060606
2024,21501,rural,17,mujer,3,9,33.333333333333336
2024,21501,rural,18,hombre,3,33,9.090909090909092
2024,21501,rural,18,mujer,2,13,15.384615384615385
2024,21501,rural,19,hombre,7,36,19.444444444444443
2024,21501,rural,19,mujer,3,19,15.789473684210526
2024,21501,rural,20,hombre,2,47,4.25531914893617
2024,21501,rural,20,mujer,2,22,9.090909090909092
2024,21501,rural,21,hombre,3,53,5.660377358490566
2024,21501,rural,21,mujer,3,18,16.666666666666668
2024,21501,rural,22,hombre,1,52,1.9230769230769231
2024,21501,rural,22,mujer,0,18,0.0
2024,21501,rural,23,hombre,4,56,7.142857142857143
2024,21501,rural,23,mujer,3,25,12.0
2024,21501,rural,24,hombre,2,67,2.985074626865672
2024,21501,rural,24,mujer,1,29,3.4482758620689653
2024,21501,rural,25,hombre,1,53,1.8867924528301887
2024,21501,rural,25,mujer,1,22,4.545454545454546
2024,21501,rural,26,hombre,3,51,5.882352941176471
2024,21501,rural,26,mujer,1,22,4.545454545454546
2024,21501,rural,27,hombre,2,59,3.389830508474576
2024,21501,rural,27,mujer,1,22,4.545454545454546
2024,21501,rural,28,hombre,8,55,14.545454545454545
2024,21501,rural,28,mujer,2,22,9.090909090909092
2024,21501,urbana,16,hombre,4,19,21.05263157894737
2024,21501,urbana,16,mujer,0,5,0.0
2024,21501,urbana,17,hombre,2,16,12.5
2024,21501,urbana,17,mujer,1,12,8.333333333333334
2024,21501,urbana,18,hombre,2,24,8.333333333333334
2024,21501,urbana,18,mujer,0,8,0.0
2024,21501,urbana,19,hombre,0,11,0.0
2024,21501,urbana,19,mujer,1,7,14.285714285714286
2024,21501,urbana,20,hombre,3,20,15.0
2024,21501,urbana,20,mujer,1,8,12.5
2024,21501,urbana,21,hombre,2,27,7.407407407407407
2024,21501,urbana,21,mujer,1,12,8.333333333333334
2024,21501,urbana,22,hombre,1,24,4.166666666666667
2024,21501,urbana,22,mujer,1,12,8.333333333333334
2024,21501,urbana,23,hombre,1,33,3.0303030303030303
2024,21501,urbana,23,mujer,1,15,6.666666666666667
2024,21501,urbana,24,hombre,1,36,2.7777777777777777
2024,21501,urbana,24,mujer,1,17,5.882352941176471
2024,21501,urbana,25,hombre,3,32,9.375
2024,21501,urbana,25,mujer,0,12,0.0
2024,21501,urbana,26,hombre,2,28,7.142857142857143
2024,21501,urbana,26,mujer,2,20,10.0
2024,21501,urbana,27,hombre,2,36,5.555555555555555
2024,21501,urbana,27,mujer,2,21,9.523809523809524
2024,21501,urbana,28,hombre,0,34,0.0
2024,21501,urbana,28,mujer,1,20,5.0
2024,21502,rural,16,hombre,1,18,5.555555555555555
2024,21502,rural,16,mujer,3,11,27.272727272727273
2024,21502,rural,17,hombre,2,18,11.11111111111111
2024,21502,rural,17,mujer,1,6,16.666666666666668
2024,21502,rural,18,hombre,1,8,12.5
2024,21502,rural,18,mujer,1,12,8.333333333333334
2024,21502,rural,19,hombre,1,15,6.666666666666667
2024,21502,rural,19,mujer,1,17,5.882352941176471
2024,21502,rural,20,hombre,0,21,0.0
2024,21502,rural,20,mujer,0,11,0.0
2024,21502,rural,21,hombre,2,24,8.333333333333334
2024,21502,rural,21,mujer,1,10,10.0
2024,21502,rural,22,hombre,2,24,8.333333333333334
2024,21502,rural,22,mujer,0,16,0.0
2024,21502,rural,23,hombre,0,30,0.0
2024,21502,rural,23,mujer,0,16,0.0
2024,21502,rural,24,hombre,2,43,4.651162790697675
2024,21502,rural,24,mujer,0,18,0.0
2024,21502,rural,25,hombre,0,43,0.0
2024,21502,rural,25,mujer,2,18,11.11111111111111
2024,21502,rural,26,hombre,0,29,0.0
2024,21502,rural,26,mujer,1,17,5.882352941176471
2024,21502,rural,27,hombre,0,35,0.0
2024,21502,rural,27,mujer,0,16,0.0
2024,21502,rural,28,hombre,0,29,0.0
2024,21502,rural,28,mujer,0,26,0.0
2024,21502,urbana,16,hombre,0,11,0.0
2024,21502,urbana,16,mujer,3,12,25.0
2024,21502,urbana,17,hombre,1,9,11.11111111111111
2024,21502,urbana,17,mujer,0,8,0.0
2024,21502,urbana,18,hombre,2,13,15.384615384615385
2024,21502,urbana,18,mujer,2,12,16.666666666666668
2024,21502,urbana,19,hombre,1,11,9.090909090909092
2024,21502,urbana,19,mujer,0,13,0.0
2024,21502,urbana,20,hombre,1,18,5.555555555555555
2024,21502,urbana,20,mujer,1,21,4.761904761904762
2024,21502,urbana,21,hombre,1,16,6.25
2024,21502,urbana,21,mujer,2,12,16.666666666666668
2024,21502,urbana,22,hombre,0,14,0.0
2024,21502,urbana,22,mujer,3,15,20.0
2024,21502,urbana,23,hombre,3,26,11.538461538461538
2024,21502,urbana,23,mujer,1,19,5.2631578947368425
2024,21502,urbana,24,hombre,1,19,5.2631578947368425
2024,21502,urbana,24,mujer,1,19,5.2631578947368425
2024,21502,urbana,25,hombre,1,17,5.882352941176471
2024,21502,urbana,25,mujer,0,17,0.0
2024,21502,urbana,26,hombre,1,25,4.0
2024,21502,urbana,26,mujer,0,22,0.0
2024,21502,urbana,27,hombre,0,25,0.0
2024,21502,urbana,27,mujer,0,13,0.0
2024,21502,urbana,28,hombre,0,27,0.0
2024,21502,urbana,28,mujer,0,22,0.0
2024,21601,rural,16,hombre,3,20,15.0
2024,21601,rural,16,mujer,3,20,15.0
2024,21601,rural,17,hombre,3,24,12.5
2024,21601,rural,17,mujer,1,27,3.7037037037037037
2024,21601,rural,18,hombre,0,39,0.0
2024,21601,rural,18,mujer,2,38,5.2631578947368425
2024,21601,rural,19,hombre,4,40,10.0
2024,21601,rural,19,mujer,3,40,7.5
2024,21601,rural,20,hombre,1,60,1.6666666666666667
2024,21601,rural,20,mujer,3,59,5.084745762711864
2024,21601,rural,21,hombre,1,56,1.7857142857142858
2024,21601,rural,21,mujer,4,43,9.30232558139535
2024,21601,rural,22,hombre,1,56,1.7857142857142858
2024,21601,rural,22,mujer,2,55,3.6363636363636362
2024,21601,rural,23,hombre,2,77,2.5974025974025974
2024,21601,rural,23,mujer,3,67,4.477611940298507
2024,21601,rural,24,hombre,2,93,2.150537634408602
2024,21601,rural,24,mujer,4,60,6.666666666666667
2024,21601,rural,25,hombre,2,72,2.7777777777777777
2024,21601,rural,25,mujer,0,53,0.0
2024,21601,rural,26,hombre,2,87,2.2988505747126435
2024,21601,rural,26,mujer,3,65,4.615384615384615
2024,21601,rural,27,hombre,1,83,1.2048192771084338
2024,21601,rural,27,mujer,2,61,3.278688524590164
2024,21601,rural,28,hombre,2,72,2.7777777777777777
2024,21601,rural,28,mujer,5,58,8.620689655172415
2024,21601,urbana,16,hombre,0,6,0.0
2024,21601,urbana,16,mujer,0,4,0.0
2024,21601,urbana,17,hombre,1,5,20.0
2024,21601,urbana,17,mujer,0,2,0.0
2024,21601,urbana,18,hombre,3,13,23.076923076923077
2024,21601,urbana,18,mujer,1,11,9.090909090909092
2024,21601,urbana,19,hombre,0,10,0.0
2024,21601,urbana,19,mujer,1,10,10.0
2024,21601,urbana,20,hombre,2,6,33.333333333333336
2024,21601,urbana,20,mujer,0,11,0.0
2024,21601,urbana,21,hombre,1,5,20.0
2024,21601,urbana,21,mujer,0,2,0.0
2024,21601,urbana,22,hombre,0,9,0.0
2024,21601,urbana,22,mujer,1,15,6.666666666666667
2024,21601,urbana,23,hombre,0,6,0.0
2024,21601,urbana,23,mujer,1,8,12.5
2024,21601,urbana,24,hombre,1,14,7.142857142857143
2024,21601,urbana,24,mujer,0,10,0.0
2024,21601,urbana,25,hombre,0,11,0.0
2024,21601,urbana,25,mujer,0,7,0.0
2024,21601,urbana,26,hombre,0,14,0.0
2024,21601,urbana,26,mujer,1,14,7.142857142857143
2024,21601,urbana,27,hombre,0,12,0.0
2024,21601,urbana,27,mujer,1,14,7.142857142857143
2024,21601,urbana,28,hombre,1,10,10.0
2024,21601,urbana,28,mujer,0,8,0.0
2024,21602,rural,16,hombre,0,11,0.0
2024,21602,rural,16,mujer,0,1,0.0
2024,21602,rural,17,hombre,0,11,0.0
2024,21602,rural,17,mujer,0,8,0.0
2024,21602,rural,18,hombre,0,18,0.0
2024,21602,rural,18,mujer,0,16,0.0
2024,21602,rural,19,hombre,0,31,0.0
2024,21602,rural,19,mujer,0,15,0.0
2024,21602,rural,20,hombre,0,34,0.0
2024,21602,rural,20,mujer,0,18,0.0
2024,21602,rural,21,hombre,0,38,0.0
2024,21602,rural,21,mujer,0,22,0.0
2024,21602,rural,22,hombre,1,42,2.380952380952381
2024,21602,rural,22,mujer,0,23,0.0
2024,21602,rural,23,hombre,0,37,0.0
2024,21602,rural,23,mujer,0,20,0.0
2024,21602,rural,24,hombre,0,39,0.0
2024,21602,rural,24,mujer,0,20,0.0
2024,21602,rural,25,hombre,0,48,0.0
2024,21602,rural,25,mujer,1,23,4.3478260869565215
2024,21602,rural,26,hombre,0,35,0.0
2024,21602,rural,26,mujer,0,15,0.0
2024,21602,rural,27,hombre,1,29,3.4482758620689653
2024,21602,rural,27,mujer,0,12,0.0
2024,21602,rural,28,hombre,1,36,2.7777777777777777
2024,21602,rural,28,mujer,0,25,0.0
2024,21701,rural,16,hombre,5,18,27.77777777777778
2024,21701,rural,16,mujer,2,9,22.22222222222222
2024,21701,rural,17,hombre,1,9,11.11111111111111
2024,21701,rural,17,mujer,3,17,17.647058823529413
2024,21701,rural,18,hombre,2,14,14.285714285714286
2024,21701,rural,18,mujer,4,23,17.391304347826086
2024,21701,rural,19,hombre,4,31,12.903225806451612
2024,21701,rural,19,mujer,2,20,10.0
2024,21701,rural,20,hombre,2,36,5.555555555555555
2024,21701,rural,20,mujer,3,30,10.0
2024,21701,rural,21,hombre,5,41,12.195121951219512
2024,21701,rural,21,mujer,1,18,5.555555555555555
2024,21701,rural,22,hombre,0,28,0.0
2024,21701,rural,22,mujer,1,30,3.3333333333333335
2024,21701,rural,23,hombre,1,49,2.0408163265306123
2024,21701,rural,23,mujer,2,43,4.651162790697675
2024,21701,rural,24,hombre,0,39,0.0
2024,21701,rural,24,mujer,1,35,2.857142857142857
2024,21701,rural,25,hombre,1,47,2.127659574468085
2024,21701,rural,25,mujer,1,35,2.857142857142857
2024,21701,rural,26,hombre,0,37,0.0
2024,21701,rural,26,mujer,2,42,4.761904761904762
2024,21701,rural,27,hombre,1,52,1.9230769230769231
2024,21701,rural,27,mujer,2,36,5.555555555555555
2024,21701,rural,28,hombre,1,43,2.3255813953488373
2024,21701,rural,28,mujer,1,28,3.5714285714285716
2024,21701,urbana,16,hombre,3,9,33.333333333333336
2024,21701,urbana,16,mujer,3,10,30.0
2024,21701,urbana,17,hombre,5,18,27.77777777777778
2024,21701,urbana,17,mujer,6,18,33.333333333333336
2024,21701,urbana,18,hombre,5,21,23.80952380952381
2024,21701,urbana,18,mujer,5,18,27.77777777777778
2024,21701,urbana,19,hombre,4,22,18.181818181818183
2024,21701,urbana,19,mujer,4,19,21.05263157894737
2024,21701,urbana,20,hombre,2,24,8.333333333333334
2024,21701,urbana,20,mujer,3,18,16.666666666666668
2024,21701,urbana,21,hombre,6,23,26.08695652173913
2024,21701,urbana,21,mujer,2,22,9.090909090909092
2024,21701,urbana,22,hombre,1,21,4.761904761904762
2024,21701,urbana,22,mujer,5,24,20.833333333333332
2024,21701,urbana,23,hombre,0,29,0.0
2024,21701,urbana,23,mujer,0,24,0.0
2024,21701,urbana,24,hombre,2,27,7.407407407407407
2024,21701,urbana,24,mujer,4,28,14.285714285714286
2024,21701,urbana,25,hombre,4,28,14.285714285714286
2024,21701,urbana,25,mujer,0,28,0.0
2024,21701,urbana,26,hombre,0,35,0.0
2024,21701,urbana,26,mujer,4,25,16.0
2024,21701,urbana,27,hombre,3,47,6.382978723404255
2024,21701,urbana,27,mujer,1,32,3.125
2024,21701,urbana,28,hombre,2,36,5.555555555555555
2024,21701,urbana,28,mujer,4,28,14.285714285714286
2024,21702,rural,16,hombre,1,9,11.11111111111111
2024,21702,rural,16,mujer,3,11,27.272727272727273
2024,21702,rural,17,hombre,3,8,37.5
2024,21702,rural,17,mujer,2,9,22.22222222222222
2024,21702,rural,18,hombre,1,23,4.3478260869565215
2024,21702,rural,18,mujer,1,16,6.25
2024,21702,rural,19,hombre,4,19,21.05263157894737
2024,21702,rural,19,mujer,2,19,10.526315789473685
2024,21702,rural,20,hombre,1,30,3.3333333333333335
2024,21702,rural,20,mujer,1,17,5.882352941176471
2024,21702,rural,21,hombre,3,25,12.0
2024,21702,rural,21,mujer,2,20,10.0
2024,21702,rural,22,hombre,1,28,3.5714285714285716
2024,21702,rural,22,mujer,3,20,15.0
2024,21702,rural,23,hombre,1,39,2.5641025641025643
2024,21702,rural,23,mujer,2,37,5.405405405405405
2024,21702,rural,24,hombre,0,32,0.0
2024,21702,rural,24,mujer,2,24,8.333333333333334
2024,21702,rural,25,hombre,0,42,0.0
2024,21702,rural,25,mujer,0,24,0.0
2024,21702,rural,26,hombre,2,49,4.081632653061225
2024,21702,rural,26,mujer,0,15,0.0
2024,21702,rural,27,hombre,1,36,2.7777777777777777
2024,21702,rural,27,mujer,1,34,2.9411764705882355
2024,21702,rural,28,hombre,1,33,3.0303030303030303
2024,21702,rural,28,mujer,0,32,0.0
2024,21703,rural,16,hombre,2,4,50.0
2024,21703,rural,16,mujer,0,3,0.0
2024,21703,rural,17,hombre,1,5,20.0
2024,21703,rural,17,mujer,1,7,14.285714285714286
2024,21703,rural,18,hombre,1,9,11.11111111111111
2024,21703,rural,18,mujer,0,3,0.0
2024,21703,rural,19,hombre,1,7,14.285714285714286
2024,21703,rural,19,mujer,2,6,33.333333333333336
2024,21703,rural,20,hombre,1,14,7.142857142857143
2024,21703,rural,20,mujer,2,11,18.181818181818183
2024,21703,rural,21,hombre,0,19,0.0
2024,21703,rural,21,mujer,4,8,50.0
2024,21703,rural,22,hombre,0,16,0.0
2024,21703,rural,22,mujer,0,9,0.0
2024,21703,rural,23,hombre,0,23,0.0
2024,21703,rural,23,mujer,3,9,33.333333333333336
2024,21703,rural,24,hombre,1,14,7.142857142857143
2024,21703,rural,24,mujer,4,14,28.571428571428573
2024,21703,rural,25,hombre,1,18,5.555555555555555
2024,21703,rural,25,mujer,2,11,18.181818181818183
2024,21703,rural,26,hombre,2,22,9.090909090909092
2024,21703,rural,26,mujer,3,15,20.0
2024,21703,rural,27,hombre,2,28,7.142857142857143
2024,21703,rural,27,mujer,2,12,16.666666666666668
2024,21703,rural,28,hombre,3,25,12.0
2024,21703,rural,28,mujer,3,21,14.285714285714286
2024,21703,urbana,16,hombre,0,4,0.0
2024,21703,urbana,16,mujer,0,2,0.0
2024,21703,urbana,17,hombre,1,4,25.0
2024,21703,urbana,17,mujer,0,1,0.0
2024,21703,urbana,18,hombre,0,6,0.0
2024,21703,urbana,18,mujer,0,6,0.0
2024,21703,urbana,19,hombre,0,7,0.0
2024,21703,urbana,19,mujer,1,5,20.0
2024,21703,urbana,20,hombre,0,7,0.0
2024,21703,urbana,20,mujer,3,8,37.5
2024,21703,urbana,21,hombre,0,10,0.0
2024,21703,urbana,21,mujer,0,7,0.0
2024,21703,urbana,22,hombre,0,13,0.0
2024,21703,urbana,22,mujer,1,5,20.0
2024,21703,urbana,23,hombre,1,17,5.882352941176471
2024,21703,urbana,23,mujer,0,11,0.0
2024,21703,urbana,24,hombre,0,14,0.0
2024,21703,urbana,24,mujer,2,14,14.285714285714286
2024,21703,urbana,25,hombre,1,21,4.761904761904762
2024,21703,urbana,25,mujer,0,9,0.0
2024,21703,urbana,26,hombre,0,17,0.0
2024,21703,urbana,26,mujer,0,11,0.0
2024,21703,urbana,27,hombre,0,18,0.0
2024,21703,urbana,27,mujer,0,11,0.0
2024,21703,urbana,28,hombre,1,23,4.3478260869565215
2024,21703,urbana,28,mujer,1,15,6.666666666666667
2024,21801,rural,16,hombre,4,14,28.571428571428573
2024,21801,rural,16,mujer,4,15,26.666666666666668
2024,21801,rural,17,hombre,4,18,22.22222222222222
2024,21801,rural,17,mujer,2,15,13.333333333333334
2024,21801,rural,18,hombre,1,15,6.666666666666667
2024,21801,rural,18,mujer,1,17,5.882352941176471
2024,21801,rural,19,hombre,4,34,11.764705882352942
2024,21801,rural,19,mujer,3,21,14.285714285714286
2024,21801,rural,20,hombre,2,24,8.333333333333334
2024,21801,rural,20,mujer,2,23,8.695652173913043
2024,21801,rural,21,hombre,3,35,8.571428571428571
2024,21801,rural,21,mujer,1,27,3.7037037037037037
2024,21801,rural,22,hombre,2,35,5.714285714285714
2024,21801,rural,22,mujer,2,35,5.714285714285714
2024,21801,rural,23,hombre,0,50,0.0
2024,21801,rural,23,mujer,2,37,5.405405405405405
2024,21801,rural,24,hombre,1,56,1.7857142857142858
2024,21801,rural,24,mujer,5,37,13.513513513513514
2024,21801,rural,25,hombre,1,45,2.2222222222222223
2024,21801,rural,25,mujer,1,44,2.272727272727273
2024,21801,rural,26,hombre,3,46,6.521739130434782
2024,21801,rural,26,mujer,0,33,0.0
2024,21801,rural,27,hombre,0,54,0.0
2024,21801,rural,27,mujer,1,40,2.5
2024,21801,rural,28,hombre,1,49,2.0408163265306123
2024,21801,rural,28,mujer,1,30,3.3333333333333335
2024,21802,rural,16,hombre,1,10,10.0
2024,21802,rural,16,mujer,3,14,21.428571428571427
2024,21802,rural,17,hombre,1,8,12.5
2024,21802,rural,17,mujer,2,15,13.333333333333334
2024,21802,rural,18,hombre,2,12,16.666666666666668
2024,21802,rural,18,mujer,0,7,0.0
2024,21802,rural,19,hombre,1,21,4.761904761904762
2024,21802,rural,19,mujer,1,10,10.0
2024,21802,rural,20,hombre,2,19,10.526315789473685
2024,21802,rural,20,mujer,1,18,5.555555555555555
2024,21802,rural,21,hombre,0,22,0.0
2024,21802,rural,21,mujer,0,24,0.0
2024,21802,rural,22,hombre,1,25,4.0
2024,21802,rural,22,mujer,1,20,5.0
2024,21802,rural,23,hombre,2,38,5.2631578947368425
2024,21802,rural,23,mujer,1,38,2.6315789473684212
2024,21802,rural,24,hombre,1,35,2.857142857142857
2024,21802,rural,24,mujer,1,17,5.882352941176471
2024,21802,rural,25,hombre,2,28,7.142857142857143
2024,21802,rural,25,mujer,0,17,0.0
2024,21802,rural,26,hombre,2,33,6.0606060606060606
2024,21802,rural,26,mujer,0,23,0.0
2024,21802,rural,27,hombre,0,37,0.0
2024,21802,rural,27,mujer,1,24,4.166666666666667
2024,21802,rural,28,hombre,0,44,0.0
2024,21802,rural,28,mujer,3,25,12.0
2024,21803,rural,16,hombre,0,1,0.0
2024,21803,rural,17,hombre,0,5,0.0
2024,21803,rural,17,mujer,1,1,100.0
2024,21803,rural,18,hombre,0,6,0.0
2024,21803,rural,18,mujer,0,1,0.0
2024,21803,rural,19,hombre,0,3,0.0
2024,21803,rural,19,mujer,0,4,0.0
2024,21803,rural,20,hombre,1,13,7.6923076923076925
2024,21803,rural,20,mujer,0,7,0.0
2024,21803,rural,21,hombre,1,5,20.0
2024,21803,rural,21,mujer,0,6,0.0
2024,21803,rural,22,hombre,0,10,0.0
2024,21803,rural,22,mujer,1,3,33.333333333333336
2024,21803,rural,23,hombre,0,7,0.0
2024,21803,rural,23,mujer,2,8,25.0
2024,21803,rural,24,hombre,0,6,0.0
2024,21803,rural,24,mujer,1,7,14.285714285714286
2024,21803,rural,25,hombre,1,10,10.0
2024,21803,rural,25,mujer,0,7,0.0
2024,21803,rural,26,hombre,0,8,0.0
2024,21803,rural,26,mujer,0,4,0.0
2024,21803,rural,27,hombre,0,8,0.0
2024,21803,rural,27,mujer,0,12,0.0
2024,21803,rural,28,hombre,0,7,0.0
2024,21803,rural,28,mujer,0,4,0.0
2024,21901,rural,16,hombre,4,16,25.0
2024,21901,rural,16,mujer,2,9,22.22222222222222
2024,21901,rural,17,hombre,3,17,17.647058823529413
2024,21901,rural,17,mujer,2,13,15.384615384615385
2024,21901,rural,18,hombre,0,15,0.0
2024,21901,rural,18,mujer,4,18,22.22222222222222
2024,21901,rural,19,hombre,2,27,7.407407407407407
2024,21901,rural,19,mujer,1,14,7.142857142857143
2024,21901,rural,20,hombre,2,26,7.6923076923076925
2024,21901,rural,20,mujer,1,14,7.142857142857143
2024,21901,rural,21,hombre,2,15,13.333333333333334
2024,21901,rural,21,mujer,1,20,5.0
2024,21901,rural,22,hombre,2,40,5.0
2024,21901,rural,22,mujer,1,18,5.555555555555555
2024,21901,rural,23,hombre,1,26,3.8461538461538463
2024,21901,rural,23,mujer,0,22,0.0
2024,21901,rural,24,hombre,0,21,0.0
2024,21901,rural,24,mujer,1,19,5.2631578947368425
2024,21901,rural,25,hombre,0,31,0.0
2024,21901,rural,25,mujer,1,31,3.225806451612903
2024,21901,rural,26,hombre,1,34,2.9411764705882355
2024,21901,rural,26,mujer,1,25,4.0
2024,21901,rural,27,hombre,2,32,6.25
2024,21901,rural,27,mujer,3,31,9.67741935483871
2024,21901,rural,28,hombre,1,30,3.3333333333333335
2024,21901,rural,28,mujer,3,39,7.6923076923076925
2024,21902,rural,16,hombre,0,6,0.0
2024,21902,rural,16,mujer,1,7,14.285714285714286
2024,21902,rural,17,hombre,5,9,55.55555555555556
2024,21902,rural,17,mujer,3,16,18.75
2024,21902,rural,18,hombre,2,11,18.181818181818183
2024,21902,rural,18,mujer,3,17,17.647058823529413
2024,21902,rural,19,hombre,5,21,23.80952380952381
2024,21902,rural,19,mujer,2,19,10.526315789473685
2024,21902,rural,20,hombre,2,30,6.666666666666667
2024,21902,rural,20,mujer,0,13,0.0
2024,21902,rural,21,hombre,1,22,4.545454545454546
2024,21902,rural,21,mujer,0,21,0.0
2024,21902,rural,22,hombre,5,27,18.51851851851852
2024,21902,rural,22,mujer,5,33,15.151515151515152
2024,21902,rural,23,hombre,1,29,3.4482758620689653
2024,21902,rural,23,mujer,2,25,8.0
2024,21902,rural,24,hombre,3,40,7.5
2024,21902,rural,24,mujer,6,33,18.181818181818183
2024,21902,rural,25,hombre,2,38,5.2631578947368425
2024,21902,rural,25,mujer,1,40,2.5
2024,21902,rural,26,hombre,2,31,6.451612903225806
2024,21902,rural,26,mujer,0,23,0.0
2024,21902,rural,27,hombre,0,43,0.0
2024,21902,rural,27,mujer,2,24,8.333333333333334
2024,21902,rural,28,hombre,2,34,5.882352941176471
2024,21902,rural,28,mujer,1,25,4.0
2024,22001,rural,16,hombre,22,132,16.666666666666668
2024,22001,rural,16,mujer,17,114,14.912280701754385
2024,22001,rural,17,hombre,22,157,14.012738853503185
2024,22001,rural,17,mujer,18,108,16.666666666666668
2024,22001,rural,18,hombre,12,155,7.741935483870968
2024,22001,rural,18,mujer,14,161,8.695652173913043
2024,22001,rural,19,hombre,18,201,8.955223880597014
2024,22001,rural,19,mujer,13,169,7.6923076923076925
2024,22001,rural,20,hombre,19,231,8.225108225108226
2024,22001,rural,20,mujer,18,202,8.910891089108912
2024,22001,rural,21,hombre,14,262,5.343511450381679
2024,22001,rural,21,mujer,23,209,11.004784688995215
2024,22001,rural,22,hombre,19,279,6.810035842293907
2024,22001,rural,22,mujer,13,223,5.829596412556054
2024,22001,rural,23,hombre,7,262,2.6717557251908395
2024,22001,rural,23,mujer,11,257,4.280155642023346
2024,22001,rural,24,hombre,14,307,4.5602605863192185
2024,22001,rural,24,mujer,15,232,6.4655172413793105
2024,22001,rural,25,hombre,13,294,4.421768707482993
2024,22001,rural,25,mujer,12,218,5.504587155963303
2024,22001,rural,26,hombre,6,266,2.255639097744361
2024,22001,rural,26,mujer,5,216,2.314814814814815
2024,22001,rural,27,hombre,8,285,2.807017543859649
2024,22001,rural,27,mujer,16,243,6.584362139917696
2024,22001,rural,28,hombre,11,303,3.6303630363036303
2024,22001,rural,28,mujer,15,232,6.4655172413793105
2024,22001,urbana,16,hombre,19,72,26.38888888888889
2024,22001,urbana,16,mujer,15,63,23.80952380952381
2024,22001,urbana,17,hombre,14,82,17.073170731707318
2024,22001,urbana,17,mujer,12,70,17.142857142857142
2024,22001,urbana,18,hombre,17,140,12.142857142857142
2024,22001,urbana,18,mujer,13,97,13.402061855670103
2024,22001,urbana,19,hombre,12,137,8.75912408759124
2024,22001,urbana,19,mujer,9,106,8.49056603773585
2024,22001,urbana,20,hombre,12,143,8.391608391608392
2024,22001,urbana,20,mujer,10,96,10.416666666666666
2024,22001,urbana,21,hombre,6,146,4.109589041095891
2024,22001,urbana,21,mujer,10,112,8.928571428571429
2024,22001,urbana,22,hombre,5,159,3.1446540880503147
2024,22001,urbana,22,mujer,8,107,7.4766355140186915
2024,22001,urbana,23,hombre,3,144,2.0833333333333335
2024,22001,urbana,23,mujer,16,134,11.940298507462687
2024,22001,urbana,24,hombre,8,201,3.9800995024875623
2024,22001,urbana,24,mujer,10,164,6.097560975609756
2024,22001,urbana,25,hombre,5,159,3.1446540880503147
2024,22001,urbana,25,mujer,7,123,5.691056910569106
2024,22001,urbana,26,hombre,3,153,1.9607843137254901
2024,22001,urbana,26,mujer,4,162,2.4691358024691357
2024,22001,urbana,27,hombre,3,142,2.112676056338028
2024,22001,urbana,27,mujer,4,142,2.816901408450704
2024,22001,urbana,28,hombre,2,137,1.4598540145985401
2024,22001,urbana,28,mujer,9,141,6.382978723404255
2024,22002,rural,16,hombre,7,39,17.94871794871795
2024,22002,rural,16,mujer,5,24,20.833333333333332
2024,22002,rural,17,hombre,7,45,15.555555555555555
2024,22002,rural,17,mujer,10,39,25.641025641025642
2024,22002,rural,18,hombre,7,54,12.962962962962964
2024,22002,rural,18,mujer,4,41,9.75609756097561
2024,22002,rural,19,hombre,6,52,11.538461538461538
2024,22002,rural,19,mujer,4,35,11.428571428571429
2024,22002,rural,20,hombre,7,80,8.75
2024,22002,rural,20,mujer,6,37,16.216216216216218
2024,22002,rural,21,hombre,4,71,5.633802816901408
2024,22002,rural,21,mujer,6,55,10.909090909090908
2024,22002,rural,22,hombre,1,67,1.492537313432836
2024,22002,rural,22,mujer,3,57,5.2631578947368425
2024,22002,rural,23,hombre,4,89,4.49438202247191
2024,22002,rural,23,mujer,1,50,2.0
2024,22002,rural,24,hombre,3,66,4.545454545454546
2024,22002,rural,24,mujer,3,62,4.838709677419355
2024,22002,rural,25,hombre,3,79,3.7974683544303796
2024,22002,rural,25,mujer,3,72,4.166666666666667
2024,22002,rural,26,hombre,4,89,4.49438202247191
2024,22002,rural,26,mujer,1,50,2.0
2024,22002,rural,27,hombre,5,81,6.172839506172839
2024,22002,rural,27,mujer,1,62,1.6129032258064515
2024,22002,rural,28,hombre,2,78,2.5641025641025643
2024,22002,rural,28,mujer,2,53,3.7735849056603774
2024,30101,rural,19,hombre,1,1,100.0
2024,30101,rural,21,hombre,1,2,50.0
2024,30101,rural,24,hombre,0,1,0.0
2024,30101,urbana,16,hombre,331,1181,28.02709568162574
2024,30101,urbana,16,mujer,328,1009,32.50743310208127
2024,30101,urbana,17,hombre,305,1422,21.448663853727144
2024,30101,urbana,17,mujer,309,1298,23.805855161787367
2024,30101,urbana,18,hombre,350,1973,17.739483020780536
2024,30101,urbana,18,mujer,325,1850,17.56756756756757
2024,30101,urbana,19,hombre,325,2334,13.92459297343616
2024,30101,urbana,19,mujer,323,2142,15.079365079365079
2024,30101,urbana,20,hombre,277,2689,10.30122722201562
2024,30101,urbana,20,mujer,290,2339,12.398460880718256
2024,30101,urbana,21,hombre,251,2936,8.549046321525886
2024,30101,urbana,21,mujer,322,2593,12.418048592364057
2024,30101,urbana,22,hombre,252,3381,7.453416149068323
2024,30101,urbana,22,mujer,288,2831,10.173083716001413
2024,30101,urbana,23,hombre,255,3917,6.510084248149093
2024,30101,urbana,23,mujer,278,3316,8.383594692400482
2024,30101,urbana,24,hombre,225,4103,5.483792347063124
2024,30101,urbana,24,mujer,226,3634,6.219042377545405
2024,30101,urbana,25,hombre,144,4085,3.525091799265606
2024,30101,urbana,25,mujer,206,3638,5.662451896646509
2024,30101,urbana,26,hombre,153,4101,3.7307973664959766
2024,30101,urbana,26,mujer,189,3806,4.965843405149764
2024,30101,urbana,27,hombre,125,4305,2.9036004645760745
2024,30101,urbana,27,mujer,147,3875,3.793548387096774
2024,30101,urbana,28,hombre,108,4426,2.4401265250790782
2024,30101,urbana,28,mujer,131,3923,3.339281162375733
2024,30201,rural,16,hombre,6,56,10.714285714285714
2024,30201,rural,16,mujer,7,26,26.923076923076923
2024,30201,rural,17,hombre,11,73,15.068493150684931
2024,30201,rural,17,mujer,4,46,8.695652173913043
2024,30201,rural,18,hombre,13,63,20.634920634920636
2024,30201,rural,18,mujer,4,51,7.8431372549019605
2024,30201,rural,19,hombre,8,61,13.114754098360656
2024,30201,rural,19,mujer,4,55,7.2727272727272725
2024,30201,rural,20,hombre,9,57,15.789473684210526
2024,30201,rural,20,mujer,5,38,13.157894736842104
2024,30201,rural,21,hombre,3,73,4.109589041095891
2024,30201,rural,21,mujer,2,47,4.25531914893617
2024,30201,rural,22,hombre,10,62,16.129032258064516
2024,30201,rural,22,mujer,1,38,2.6315789473684212
2024,30201,rural,23,hombre,7,69,10.144927536231885
2024,30201,rural,23,mujer,5,46,10.869565217391305
2024,30201,rural,24,hombre,5,84,5.9523809523809526
2024,30201,rural,24,mujer,5,52,9.615384615384615
2024,30201,rural,25,hombre,7,64,10.9375
2024,30201,rural,25,mujer,1,41,2.4390243902439024
2024,30201,rural,26,hombre,4,59,6.779661016949152
2024,30201,rural,26,mujer,2,34,5.882352941176471
2024,30201,rural,27,hombre,3,60,5.0
2024,30201,rural,27,mujer,3,39,7.6923076923076925
2024,30201,rural,28,hombre,1,65,1.5384615384615385
2024,30201,rural,28,mujer,3,42,7.142857142857143
2024,30201,urbana,16,hombre,10,41,24.390243902439025
2024,30201,urbana,16,mujer,5,19,26.31578947368421
2024,30201,urbana,17,hombre,3,27,11.11111111111111
2024,30201,urbana,17,mujer,8,22,36.36363636363637
2024,30201,urbana,18,hombre,4,34,11.764705882352942
2024,30201,urbana,18,mujer,3,28,10.714285714285714
2024,30201,urbana,19,hombre,3,26,11.538461538461538
2024,30201,urbana,19,mujer,3,28,10.714285714285714
2024,30201,urbana,20,hombre,4,32,12.5
2024,30201,urbana,20,mujer,7,37,18.91891891891892
2024,30201,urbana,21,hombre,1,33,3.0303030303030303
2024,30201,urbana,21,mujer,3,39,7.6923076923076925
2024,30201,urbana,22,hombre,4,38,10.526315789473685
2024,30201,urbana,22,mujer,6,44,13.636363636363637
2024,30201,urbana,23,hombre,0,36,0.0
2024,30201,urbana,23,mujer,3,40,7.5
2024,30201,urbana,24,hombre,5,57,8.771929824561404
2024,30201,urbana,24,mujer,2,42,4.761904761904762
2024,30201,urbana,25,hombre,0,40,0.0
2024,30201,urbana,25,mujer,5,54,9.25925925925926
2024,30201,urbana,26,hombre,4,54,7.407407407407407
2024,30201,urbana,26,mujer,1,34,2.9411764705882355
2024,30201,urbana,27,hombre,3,49,6.122448979591836
2024,30201,urbana,27,mujer,1,43,2.3255813953488373
2024,30201,urbana,28,hombre,1,37,2.7027027027027026
2024,30201,urbana,28,mujer,2,48,4.166666666666667
2024,30202,rural,16,hombre,1,7,14.285714285714286
2024,30202,rural,17,hombre,0,4,0.0
2024,30202,rural,17,mujer,1,5,20.0
2024,30202,rural,18,hombre,3,12,25.0
2024,30202,rural,18,mujer,1,8,12.5
2024,30202,rural,19,hombre,0,7,0.0
2024,30202,rural,19,mujer,0,8,0.0
2024,30202,rural,20,hombre,0,15,0.0
2024,30202,rural,20,mujer,0,5,0.0
2024,30202,rural,21,hombre,2,13,15.384615384615385
2024,30202,rural,21,mujer,0,5,0.0
2024,30202,rural,22,hombre,2,17,11.764705882352942
2024,30202,rural,22,mujer,2,7,28.571428571428573
2024,30202,rural,23,hombre,1,17,5.882352941176471
2024,30202,rural,23,mujer,1,14,7.142857142857143
2024,30202,rural,24,hombre,2,19,10.526315789473685
2024,30202,rural,24,mujer,2,17,11.764705882352942
2024,30202,rural,25,hombre,2,21,9.523809523809524
2024,30202,rural,25,mujer,1,9,11.11111111111111
2024,30202,rural,26,hombre,1,14,7.142857142857143
2024,30202,rural,26,mujer,1,9,11.11111111111111
2024,30202,rural,27,hombre,1,20,5.0
2024,30202,rural,27,mujer,1,11,9.090909090909092
2024,30202,rural,28,hombre,0,31,0.0
2024,30202,rural,28,mujer,0,12,0.0
2024,30202,urbana,16,hombre,0,3,0.0
2024,30202,urbana,17,hombre,2,7,28.571428571428573
2024,30202,urbana,17,mujer,0,2,0.0
2024,30202,urbana,18,hombre,1,7,14.285714285714286
2024,30202,urbana,18,mujer,0,3,0.0
2024,30202,urbana,19,hombre,2,13,15.384615384615385
2024,30202,urbana,19,mujer,0,7,0.0
2024,30202,urbana,20,hombre,2,13,15.384615384615385
2024,30202,urbana,20,mujer,0,5,0.0
2024,30202,urbana,21,hombre,1,9,11.11111111111111
2024,30202,urbana,21,mujer,1,10,10.0
2024,30202,urbana,22,hombre,0,10,0.0
2024,30202,urbana,22,mujer,1,10,10.0
2024,30202,urbana,23,hombre,1,10,10.0
2024,30202,urbana,23,mujer,2,13,15.384615384615385
2024,30202,urbana,24,hombre,2,25,8.0
2024,30202,urbana,24,mujer,1,12,8.333333333333334
2024,30202,urbana,25,hombre,0,10,0.0
2024,30202,urbana,25,mujer,1,5,20.0
2024,30202,urbana,26,hombre,0,14,0.0
2024,30202,urbana,26,mujer,0,13,0.0
2024,30202,urbana,27,hombre,1,22,4.545454545454546
2024,30202,urbana,27,mujer,1,9,11.11111111111111
2024,30202,urbana,28,hombre,0,11,0.0
2024,30202,urbana,28,mujer,0,16,0.0
2024,30203,rural,16,hombre,1,22,4.545454545454546
2024,30203,rural,16,mujer,3,17,17.647058823529413
2024,30203,rural,17,hombre,6,28,21.428571428571427
2024,30203,rural,17,mujer,4,21,19.047619047619047
2024,30203,rural,18,hombre,2,27,7.407407407407407
2024,30203,rural,18,mujer,0,24,0.0
2024,30203,rural,19,hombre,5,39,12.820512820512821
2024,30203,rural,19,mujer,2,24,8.333333333333334
2024,30203,rural,20,hombre,3,39,7.6923076923076925
2024,30203,rural,20,mujer,2,31,6.451612903225806
2024,30203,rural,21,hombre,4,34,11.764705882352942
2024,30203,rural,21,mujer,1,33,3.0303030303030303
2024,30203,rural,22,hombre,4,48,8.333333333333334
2024,30203,rural,22,mujer,3,27,11.11111111111111
2024,30203,rural,23,hombre,2,47,4.25531914893617
2024,30203,rural,23,mujer,4,40,10.0
2024,30203,rural,24,hombre,3,66,4.545454545454546
2024,30203,rural,24,mujer,3,41,7.317073170731708
2024,30203,rural,25,hombre,2,46,4.3478260869565215
2024,30203,rural,25,mujer,6,52,11.538461538461538
2024,30203,rural,26,hombre,3,62,4.838709677419355
2024,30203,rural,26,mujer,1,41,2.4390243902439024
2024,30203,rural,27,hombre,5,45,11.11111111111111
2024,30203,rural,27,mujer,1,30,3.3333333333333335
2024,30203,rural,28,hombre,1,44,2.272727272727273
2024,30203,rural,28,mujer,0,33,0.0
2024,30301,rural,16,hombre,9,76,11.842105263157896
2024,30301,rural,16,mujer,5,47,10.638297872340425
2024,30301,rural,17,hombre,1,68,1.4705882352941178
2024,30301,rural,17,mujer,10,50,20.0
2024,30301,rural,18,hombre,7,81,8.641975308641975
2024,30301,rural,18,mujer,4,58,6.896551724137931
2024,30301,rural,19,hombre,8,89,8.98876404494382
2024,30301,rural,19,mujer,7,46,15.217391304347826
2024,30301,rural,20,hombre,6,109,5.504587155963303
2024,30301,rural,20,mujer,4,55,7.2727272727272725
2024,30301,rural,21,hombre,4,123,3.252032520325203
2024,30301,rural,21,mujer,3,51,5.882352941176471
2024,30301,rural,22,hombre,5,115,4.3478260869565215
2024,30301,rural,22,mujer,3,56,5.357142857142857
2024,30301,rural,23,hombre,2,127,1.5748031496062993
2024,30301,rural,23,mujer,3,64,4.6875
2024,30301,rural,24,hombre,3,135,2.2222222222222223
2024,30301,rural,24,mujer,1,59,1.694915254237288
2024,30301,rural,25,hombre,4,155,2.5806451612903225
2024,30301,rural,25,mujer,4,55,7.2727272727272725
2024,30301,rural,26,hombre,3,129,2.3255813953488373
2024,30301,rural,26,mujer,4,67,5.970149253731344
2024,30301,rural,27,hombre,1,110,0.9090909090909091
2024,30301,rural,27,mujer,1,60,1.6666666666666667
2024,30301,rural,28,hombre,1,125,0.8
2024,30301,rural,28,mujer,4,66,6.0606060606060606
2024,30302,rural,16,hombre,3,55,5.454545454545454
2024,30302,rural,16,mujer,11,36,30.555555555555557
2024,30302,rural,17,hombre,6,43,13.953488372093023
2024,30302,rural,17,mujer,6,35,17.142857142857142
2024,30302,rural,18,hombre,3,47,6.382978723404255
2024,30302,rural,18,mujer,2,35,5.714285714285714
2024,30302,rural,19,hombre,2,58,3.4482758620689653
2024,30302,rural,19,mujer,1,49,2.0408163265306123
2024,30302,rural,20,hombre,4,71,5.633802816901408
2024,30302,rural,20,mujer,4,50,8.0
2024,30302,rural,21,hombre,8,96,8.333333333333334
2024,30302,rural,21,mujer,1,48,2.0833333333333335
2024,30302,rural,22,hombre,2,94,2.127659574468085
2024,30302,rural,22,mujer,0,47,0.0
2024,30302,rural,23,hombre,6,95,6.315789473684211
2024,30302,rural,23,mujer,2,56,3.5714285714285716
2024,30302,rural,24,hombre,4,88,4.545454545454546
2024,30302,rural,24,mujer,1,54,1.8518518518518519
2024,30302,rural,25,hombre,2,99,2.0202020202020203
2024,30302,rural,25,mujer,1,45,2.2222222222222223
2024,30302,rural,26,hombre,1,83,1.2048192771084338
2024,30302,rural,26,mujer,1,59,1.694915254237288
2024,30302,rural,27,hombre,1,74,1.3513513513513513
2024,30302,rural,27,mujer,2,50,4.0
2024,30302,rural,28,hombre,1,89,1.1235955056179776
2024,30302,rural,28,mujer,1,40,2.5
2024,30303,rural,16,hombre,7,82,8.536585365853659
2024,30303,rural,16,mujer,10,61,16.39344262295082
2024,30303,rural,17,hombre,10,94,10.638297872340425
2024,30303,rural,17,mujer,8,58,13.793103448275861
2024,30303,rural,18,hombre,8,98,8.16326530612245
2024,30303,rural,18,mujer,3,76,3.9473684210526314
2024,30303,rural,19,hombre,5,113,4.424778761061947
2024,30303,rural,19,mujer,7,89,7.865168539325842
2024,30303,rural,20,hombre,13,124,10.483870967741936
2024,30303,rural,20,mujer,5,86,5.813953488372093
2024,30303,rural,21,hombre,6,139,4.316546762589928
2024,30303,rural,21,mujer,3,73,4.109589041095891
2024,30303,rural,22,hombre,8,154,5.194805194805195
2024,30303,rural,22,mujer,4,91,4.395604395604396
2024,30303,rural,23,hombre,6,187,3.2085561497326203
2024,30303,rural,23,mujer,6,82,7.317073170731708
2024,30303,rural,24,hombre,7,175,4.0
2024,30303,rural,24,mujer,4,95,4.2105263157894735
2024,30303,rural,25,hombre,0,128,0.0
2024,30303,rural,25,mujer,7,77,9.090909090909092
2024,30303,rural,26,hombre,1,150,0.6666666666666666
2024,30303,rural,26,mujer,5,76,6.578947368421052
2024,30303,rural,27,hombre,1,147,0.6802721088435374
2024,30303,rural,27,mujer,3,91,3.2967032967032965
2024,30303,rural,28,hombre,3,115,2.608695652173913
2024,30303,rural,28,mujer,2,77,2.5974025974025974
2024,30401,rural,16,hombre,1,19,5.2631578947368425
2024,30401,rural,16,mujer,1,11,9.090909090909092
2024,30401,rural,17,hombre,5,23,21.73913043478261
2024,30401,rural,17,mujer,2,21,9.523809523809524
2024,30401,rural,18,hombre,3,38,7.894736842105263
2024,30401,rural,18,mujer,1,27,3.7037037037037037
2024,30401,rural,19,hombre,2,29,6.896551724137931
2024,30401,rural,19,mujer,2,26,7.6923076923076925
2024,30401,rural,20,hombre,3,42,7.142857142857143
2024,30401,rural,20,mujer,2,21,9.523809523809524
2024,30401,rural,21,hombre,4,36,11.11111111111111
2024,30401,rural,21,mujer,3,28,10.714285714285714
2024,30401,rural,22,hombre,0,32,0.0
2024,30401,rural,22,mujer,1,22,4.545454545454546
2024,30401,rural,23,hombre,3,35,8.571428571428571
2024,30401,rural,23,mujer,0,27,0.0
2024,30401,rural,24,hombre,1,51,1.9607843137254901
2024,30401,rural,24,mujer,2,38,5.2631578947368425
2024,30401,rural,25,hombre,2,43,4.651162790697675
2024,30401,rural,25,mujer,1,27,3.7037037037037037
2024,30401,rural,26,hombre,1,37,2.7027027027027026
2024,30401,rural,26,mujer,1,22,4.545454545454546
2024,30401,rural,27,hombre,0,44,0.0
2024,30401,rural,27,mujer,0,19,0.0
2024,30401,rural,28,hombre,0,32,0.0
2024,30401,rural,28,mujer,0,29,0.0
2024,30401,urbana,16,hombre,0,6,0.0
2024,30401,urbana,16,mujer,4,10,40.0
2024,30401,urbana,17,hombre,1,9,11.11111111111111
2024,30401,urbana,17,mujer,3,13,23.076923076923077
2024,30401,urbana,18,hombre,0,11,0.0
2024,30401,urbana,18,mujer,2,17,11.764705882352942
2024,30401,urbana,19,hombre,2,15,13.333333333333334
2024,30401,urbana,19,mujer,1,11,9.090909090909092
2024,30401,urbana,20,hombre,1,17,5.882352941176471
2024,30401,urbana,20,mujer,1,13,7.6923076923076925
2024,30401,urbana,21,hombre,1,14,7.142857142857143
2024,30401,urbana,21,mujer,0,14,0.0
2024,30401,urbana,22,hombre,4,24,16.666666666666668
2024,30401,urbana,22,mujer,3,17,17.647058823529413
2024,30401,urbana,23,hombre,2,83,2.4096385542168677
2024,30401,urbana,23,mujer,2,25,8.0
2024,30401,urbana,24,hombre,1,44,2.272727272727273
2024,30401,urbana,24,mujer,1,17,5.882352941176471
2024,30401,urbana,25,hombre,0,27,0.0
2024,30401,urbana,25,mujer,1,26,3.8461538461538463
2024,30401,urbana,26,hombre,2,24,8.333333333333334
2024,30401,urbana,26,mujer,0,21,0.0
2024,30401,urbana,27,hombre,1,23,4.3478260869565215
2024,30401,urbana,27,mujer,1,22,4.545454545454546
2024,30401,urbana,28,hombre,1,29,3.4482758620689653
2024,30401,urbana,28,mujer,0,20,0.0
2024,30402,rural,16,hombre,4,17,23.529411764705884
2024,30402,rural,16,mujer,2,18,11.11111111111111
2024,30402,rural,17,hombre,0,28,0.0
2024,30402,rural,17,mujer,4,20,20.0
2024,30402,rural,18,hombre,3,27,11.11111111111111
2024,30402,rural,18,mujer,2,13,15.384615384615385
2024,30402,rural,19,hombre,2,23,8.695652173913043
2024,30402,rural,19,mujer,1,24,4.166666666666667
2024,30402,rural,20,hombre,2,36,5.555555555555555
2024,30402,rural,20,mujer,1,20,5.0
2024,30402,rural,21,hombre,2,26,7.6923076923076925
2024,30402,rural,21,mujer,0,19,0.0
2024,30402,rural,22,hombre,3,27,11.11111111111111
2024,30402,rural,22,mujer,0,24,0.0
2024,30402,rural,23,hombre,2,30,6.666666666666667
2024,30402,rural,23,mujer,0,19,0.0
2024,30402,rural,24,hombre,3,26,11.538461538461538
2024,30402,rural,24,mujer,3,22,13.636363636363637
2024,30402,rural,25,hombre,2,33,6.0606060606060606
2024,30402,rural,25,mujer,0,17,0.0
2024,30402,rural,26,hombre,0,38,0.0
2024,30402,rural,26,mujer,1,23,4.3478260869565215
2024,30402,rural,27,hombre,1,35,2.857142857142857
2024,30402,rural,27,mujer,0,17,0.0
2024,30402,rural,28,hombre,0,21,0.0
2024,30402,rural,28,mujer,1,17,5.882352941176471
2024,30403,rural,16,hombre,2,23,8.695652173913043
2024,30403,rural,16,mujer,2,8,25.0
2024,30403,rural,17,hombre,1,25,4.0
2024,30403,rural,17,mujer,4,26,15.384615384615385
2024,30403,rural,18,hombre,4,31,12.903225806451612
2024,30403,rural,18,mujer,2,18,11.11111111111111
2024,30403,rural,19,hombre,5,45,11.11111111111111
2024,30403,rural,19,mujer,1,20,5.0
2024,30403,rural,20,hombre,2,41,4.878048780487805
2024,30403,rural,20,mujer,2,24,8.333333333333334
2024,30403,rural,21,hombre,2,50,4.0
2024,30403,rural,21,mujer,4,28,14.285714285714286
2024,30403,rural,22,hombre,1,41,2.4390243902439024
2024,30403,rural,22,mujer,2,28,7.142857142857143
2024,30403,rural,23,hombre,5,44,11.363636363636363
2024,30403,rural,23,mujer,4,36,11.11111111111111
2024,30403,rural,24,hombre,5,50,10.0
2024,30403,rural,24,mujer,1,34,2.9411764705882355
2024,30403,rural,25,hombre,1,57,1.7543859649122806
2024,30403,rural,25,mujer,1,34,2.9411764705882355
2024,30403,rural,26,hombre,2,48,4.166666666666667
2024,30403,rural,26,mujer,3,33,9.090909090909092
2024,30403,rural,27,hombre,0,44,0.0
2024,30403,rural,27,mujer,2,54,3.7037037037037037
2024,30403,rural,28,hombre,1,53,1.8867924528301887
2024,30403,rural,28,mujer,2,41,4.878048780487805
2024,30403,urbana,16,hombre,14,53,26.41509433962264
2024,30403,urbana,16,mujer,10,47,21.27659574468085
2024,30403,urbana,17,hombre,6,51,11.764705882352942
2024,30403,urbana,17,mujer,9,53,16.9811320754717
2024,30403,urbana,18,hombre,11,91,12.087912087912088
2024,30403,urbana,18,mujer,8,80,10.0
2024,30403,urbana,19,hombre,7,101,6.930693069306931
2024,30403,urbana,19,mujer,10,107,9.345794392523365
2024,30403,urbana,20,hombre,6,119,5.042016806722689
2024,30403,urbana,20,mujer,8,104,7.6923076923076925
2024,30403,urbana,21,hombre,7,130,5.384615384615385
2024,30403,urbana,21,mujer,4,104,3.8461538461538463
2024,30403,urbana,22,hombre,6,132,4.545454545454546
2024,30403,urbana,22,mujer,1,111,0.9009009009009009
2024,30403,urbana,23,hombre,8,171,4.678362573099415
2024,30403,urbana,23,mujer,5,91,5.4945054945054945
2024,30403,urbana,24,hombre,0,186,0.0
2024,30403,urbana,24,mujer,5,134,3.7313432835820897
2024,30403,urbana,25,hombre,3,156,1.9230769230769231
2024,30403,urbana,25,mujer,4,106,3.7735849056603774
2024,30403,urbana,26,hombre,2,120,1.6666666666666667
2024,30403,urbana,26,mujer,3,109,2.7522935779816513
2024,30403,urbana,27,hombre,2,165,1.2121212121212122
2024,30403,urbana,27,mujer,3,115,2.608695652173913
2024,30403,urbana,28,hombre,1,154,0.6493506493506493
2024,30403,urbana,28,mujer,4,91,4.395604395604396
2024,30404,rural,16,hombre,2,18,11.11111111111111
2024,30404,rural,16,mujer,1,9,11.11111111111111
2024,30404,rural,17,hombre,1,11,9.090909090909092
2024,30404,rural,17,mujer,0,15,0.0
2024,30404,rural,18,hombre,2,25,8.0
2024,30404,rural,18,mujer,1,16,6.25
2024,30404,rural,19,hombre,1,18,5.555555555555555
2024,30404,rural,19,mujer,2,17,11.764705882352942
2024,30404,rural,20,hombre,1,19,5.2631578947368425
2024,30404,rural,20,mujer,1,11,9.090909090909092
2024,30404,rural,21,hombre,0,19,0.0
2024,30404,rural,21,mujer,1,17,5.882352941176471
2024,30404,rural,22,hombre,2,27,7.407407407407407
2024,30404,rural,22,mujer,0,18,0.0
2024,30404,rural,23,hombre,1,31,3.225806451612903
2024,30404,rural,23,mujer,0,21,0.0
2024,30404,rural,24,hombre,1,27,3.7037037037037037
2024,30404,rural,24,mujer,2,30,6.666666666666667
2024,30404,rural,25,hombre,0,20,0.0
2024,30404,rural,25,mujer,0,16,0.0
2024,30404,rural,26,hombre,0,30,0.0
2024,30404,rural,26,mujer,1,20,5.0
2024,30404,rural,27,hombre,1,20,5.0
2024,30404,rural,27,mujer,1,22,4.545454545454546
2024,30404,rural,28,hombre,1,29,3.4482758620689653
2024,30404,rural,28,mujer,0,16,0.0
2024,30501,rural,16,hombre,4,11,36.36363636363637
2024,30501,rural,16,mujer,1,14,7.142857142857143
2024,30501,rural,17,hombre,2,14,14.285714285714286
2024,30501,rural,17,mujer,4,10,40.0
2024,30501,rural,18,hombre,3,11,27.272727272727273
2024,30501,rural,18,mujer,4,16,25.0
2024,30501,rural,19,hombre,3,29,10.344827586206897
2024,30501,rural,19,mujer,3,17,17.647058823529413
2024,30501,rural,20,hombre,2,22,9.090909090909092
2024,30501,rural,20,mujer,4,25,16.0
2024,30501,rural,21,hombre,1,27,3.7037037037037037
2024,30501,rural,21,mujer,0,19,0.0
2024,30501,rural,22,hombre,3,27,11.11111111111111
2024,30501,rural,22,mujer,3,24,12.5
2024,30501,rural,23,hombre,6,39,15.384615384615385
2024,30501,rural,23,mujer,4,30,13.333333333333334
2024,30501,rural,24,hombre,3,33,9.090909090909092
2024,30501,rural,24,mujer,1,27,3.7037037037037037
2024,30501,rural,25,hombre,0,27,0.0
2024,30501,rural,25,mujer,1,31,3.225806451612903
2024,30501,rural,26,hombre,2,36,5.555555555555555
2024,30501,rural,26,mujer,1,30,3.3333333333333335
2024,30501,rural,27,hombre,3,31,9.67741935483871
2024,30501,rural,27,mujer,0,35,0.0
2024,30501,rural,28,hombre,1,41,2.4390243902439024
2024,30501,rural,28,mujer,0,30,0.0
2024,30501,urbana,16,hombre,2,11,18.181818181818183
2024,30501,urbana,16,mujer,2,7,28.571428571428573
2024,30501,urbana,17,hombre,1,15,6.666666666666667
2024,30501,urbana,17,mujer,2,7,28.571428571428573
2024,30501,urbana,18,hombre,1,19,5.2631578947368425
2024,30501,urbana,18,mujer,5,15,33.333333333333336
2024,30501,urbana,19,hombre,2,15,13.333333333333334
2024,30501,urbana,19,mujer,3,14,21.428571428571427
2024,30501,urbana,20,hombre,2,16,12.5
2024,30501,urbana,20,mujer,3,12,25.0
2024,30501,urbana,21,hombre,1,26,3.8461538461538463
2024,30501,urbana,21,mujer,4,18,22.22222222222222
2024,30501,urbana,22,hombre,4,28,14.285714285714286
2024,30501,urbana,22,mujer,2,22,9.090909090909092
2024,30501,urbana,23,hombre,2,24,8.333333333333334
2024,30501,urbana,23,mujer,5,21,23.80952380952381
2024,30501,urbana,24,hombre,2,31,6.451612903225806
2024,30501,urbana,24,mujer,1,23,4.3478260869565215
2024,30501,urbana,25,hombre,4,25,16.0
2024,30501,urbana,25,mujer,2,12,16.666666666666668
2024,30501,urbana,26,hombre,1,29,3.4482758620689653
2024,30501,urbana,26,mujer,4,27,14.814814814814815
2024,30501,urbana,27,hombre,1,21,4.761904761904762
2024,30501,urbana,27,mujer,0,15,0.0
2024,30501,urbana,28,hombre,0,29,0.0
2024,30501,urbana,28,mujer,1,17,5.882352941176471
2024,30502,rural,16,hombre,16,35,45.714285714285715
2024,30502,rural,16,mujer,4,22,18.181818181818183
2024,30502,rural,17,hombre,7,35,20.0
2024,30502,rural,17,mujer,3,21,14.285714285714286
2024,30502,rural,18,hombre,10,35,28.571428571428573
2024,30502,rural,18,mujer,2,20,10.0
2024,30502,rural,19,hombre,4,36,11.11111111111111
2024,30502,rural,19,mujer,5,31,16.129032258064516
2024,30502,rural,20,hombre,3,28,10.714285714285714
2024,30502,rural,20,mujer,4,27,14.814814814814815
2024,30502,rural,21,hombre,4,37,10.81081081081081
2024,30502,rural,21,mujer,7,32,21.875
2024,30502,rural,22,hombre,6,47,12.76595744680851
2024,30502,rural,22,mujer,0,29,0.0
2024,30502,rural,23,hombre,2,43,4.651162790697675
2024,30502,rural,23,mujer,7,41,17.073170731707318
2024,30502,rural,24,hombre,3,47,6.382978723404255
2024,30502,rural,24,mujer,3,44,6.818181818181818
2024,30502,rural,25,hombre,0,34,0.0
2024,30502,rural,25,mujer,1,36,2.7777777777777777
2024,30502,rural,26,hombre,4,34,11.764705882352942
2024,30502,rural,26,mujer,1,22,4.545454545454546
2024,30502,rural,27,hombre,5,40,12.5
2024,30502,rural,27,mujer,1,34,2.9411764705882355
2024,30502,rural,28,hombre,4,32,12.5
2024,30502,rural,28,mujer,3,30,10.0
2024,30601,rural,16,hombre,3,21,14.285714285714286
2024,30601,rural,16,mujer,2,21,9.523809523809524
2024,30601,rural,17,hombre,5,35,14.285714285714286
2024,30601,rural,17,mujer,5,23,21.73913043478261
2024,30601,rural,18,hombre,4,34,11.764705882352942
2024,30601,rural,18,mujer,3,35,8.571428571428571
2024,30601,rural,19,hombre,2,41,4.878048780487805
2024,30601,rural,19,mujer,5,28,17.857142857142858
2024,30601,rural,20,hombre,3,56,5.357142857142857
2024,30601,rural,20,mujer,5,34,14.705882352941176
2024,30601,rural,21,hombre,3,40,7.5
2024,30601,rural,21,mujer,3,28,10.714285714285714
2024,30601,rural,22,hombre,0,47,0.0
2024,30601,rural,22,mujer,2,31,6.451612903225806
2024,30601,rural,23,hombre,4,67,5.970149253731344
2024,30601,rural,23,mujer,0,24,0.0
2024,30601,rural,24,hombre,5,69,7.246376811594203
2024,30601,rural,24,mujer,3,46,6.521739130434782
2024,30601,rural,25,hombre,1,46,2.1739130434782608
2024,30601,rural,25,mujer,3,34,8.823529411764707
2024,30601,rural,26,hombre,2,44,4.545454545454546
2024,30601,rural,26,mujer,0,23,0.0
2024,30601,rural,27,hombre,0,43,0.0
2024,30601,rural,27,mujer,2,15,13.333333333333334
2024,30601,rural,28,hombre,2,45,4.444444444444445
2024,30601,rural,28,mujer,1,18,5.555555555555555
2024,30602,rural,16,hombre,6,17,35.294117647058826
2024,30602,rural,16,mujer,2,17,11.764705882352942
2024,30602,rural,17,hombre,2,37,5.405405405405405
2024,30602,rural,17,mujer,1,16,6.25
2024,30602,rural,18,hombre,0,29,0.0
2024,30602,rural,18,mujer,3,19,15.789473684210526
2024,30602,rural,19,hombre,2,38,5.2631578947368425
2024,30602,rural,19,mujer,4,29,13.793103448275861
2024,30602,rural,20,hombre,5,45,11.11111111111111
2024,30602,rural,20,mujer,3,25,12.0
2024,30602,rural,21,hombre,4,53,7.547169811320755
2024,30602,rural,21,mujer,3,34,8.823529411764707
2024,30602,rural,22,hombre,3,50,6.0
2024,30602,rural,22,mujer,0,32,0.0
2024,30602,rural,23,hombre,3,77,3.896103896103896
2024,30602,rural,23,mujer,1,29,3.4482758620689653
2024,30602,rural,24,hombre,3,65,4.615384615384615
2024,30602,rural,24,mujer,3,33,9.090909090909092
2024,30602,rural,25,hombre,3,66,4.545454545454546
2024,30602,rural,25,mujer,1,23,4.3478260869565215
2024,30602,rural,26,hombre,2,45,4.444444444444445
2024,30602,rural,26,mujer,3,26,11.538461538461538
2024,30602,rural,27,hombre,6,53,11.320754716981131
2024,30602,rural,27,mujer,4,33,12.121212121212121
2024,30602,rural,28,hombre,1,56,1.7857142857142858
2024,30602,rural,28,mujer,6,28,21.428571428571427
2024,30701,rural,16,hombre,15,42,35.714285714285715
2024,30701,rural,16,mujer,1,25,4.0
2024,30701,rural,17,hombre,7,31,22.580645161290324
2024,30701,rural,17,mujer,6,27,22.22222222222222
2024,30701,rural,18,hombre,9,33,27.272727272727273
2024,30701,rural,18,mujer,2,32,6.25
2024,30701,rural,19,hombre,6,50,12.0
2024,30701,rural,19,mujer,3,36,8.333333333333334
2024,30701,rural,20,hombre,3,49,6.122448979591836
2024,30701,rural,20,mujer,0,19,0.0
2024,30701,rural,21,hombre,5,47,10.638297872340425
2024,30701,rural,21,mujer,4,41,9.75609756097561
2024,30701,rural,22,hombre,7,54,12.962962962962964
2024,30701,rural,22,mujer,2,42,4.761904761904762
2024,30701,rural,23,hombre,5,63,7.936507936507937
2024,30701,rural,23,mujer,1,47,2.127659574468085
2024,30701,rural,24,hombre,2,63,3.1746031746031744
2024,30701,rural,24,mujer,2,43,4.651162790697675
2024,30701,rural,25,hombre,1,71,1.408450704225352
2024,30701,rural,25,mujer,5,57,8.771929824561404
2024,30701,rural,26,hombre,1,47,2.127659574468085
2024,30701,rural,26,mujer,3,48,6.25
2024,30701,rural,27,hombre,1,65,1.5384615384615385
2024,30701,rural,27,mujer,3,58,5.172413793103448
2024,30701,rural,28,hombre,0,54,0.0
2024,30701,rural,28,mujer,2,42,4.761904761904762
2024,30701,urbana,16,hombre,10,34,29.41176470588235
2024,30701,urbana,16,mujer,6,18,33.333333333333336
2024,30701,urbana,17,hombre,7,31,22.580645161290324
2024,30701,urbana,17,mujer,3,20,15.0
2024,30701,urbana,18,hombre,4,26,15.384615384615385
2024,30701,urbana,18,mujer,1,24,4.166666666666667
2024,30701,urbana,19,hombre,8,37,21.62162162162162
2024,30701,urbana,19,mujer,4,25,16.0
2024,30701,urbana,20,hombre,2,36,5.555555555555555
2024,30701,urbana,20,mujer,5,30,16.666666666666668
2024,30701,urbana,21,hombre,2,38,5.2631578947368425
2024,30701,urbana,21,mujer,2,26,7.6923076923076925
2024,30701,urbana,22,hombre,3,47,6.382978723404255
2024,30701,urbana,22,mujer,2,33,6.0606060606060606
2024,30701,urbana,23,hombre,3,41,7.317073170731708
2024,30701,urbana,23,mujer,7,46,15.217391304347826
2024,30701,urbana,24,hombre,2,41,4.878048780487805
2024,30701,urbana,24,mujer,3,40,7.5
2024,30701,urbana,25,hombre,3,45,6.666666666666667
2024,30701,urbana,25,mujer,4,41,9.75609756097561
2024,30701,urbana,26,hombre,1,40,2.5
2024,30701,urbana,26,mujer,2,39,5.128205128205129
2024,30701,urbana,27,hombre,2,56,3.5714285714285716
2024,30701,urbana,27,mujer,3,37,8.108108108108109
2024,30701,urbana,28,hombre,1,55,1.8181818181818181
2024,30701,urbana,28,mujer,3,45,6.666666666666667
2024,30702,rural,16,hombre,4,13,30.76923076923077
2024,30702,rural,16,mujer,2,16,12.5
2024,30702,rural,17,hombre,1,17,5.882352941176471
2024,30702,rural,17,mujer,2,6,33.333333333333336
2024,30702,rural,18,hombre,7,28,25.0
2024,30702,rural,18,mujer,1,21,4.761904761904762
2024,30702,rural,19,hombre,4,35,11.428571428571429
2024,30702,rural,19,mujer,1,20,5.0
2024,30702,rural,20,hombre,4,45,8.88888888888889
2024,30702,rural,20,mujer,4,26,15.384615384615385
2024,30702,rural,21,hombre,1,21,4.761904761904762
2024,30702,rural,21,mujer,2,18,11.11111111111111
2024,30702,rural,22,hombre,3,42,7.142857142857143
2024,30702,rural,22,mujer,1,21,4.761904761904762
2024,30702,rural,23,hombre,1,39,2.5641025641025643
2024,30702,rural,23,mujer,0,26,0.0
2024,30702,rural,24,hombre,1,36,2.7777777777777777
2024,30702,rural,24,mujer,3,25,12.0
2024,30702,rural,25,hombre,0,39,0.0
2024,30702,rural,25,mujer,2,27,7.407407407407407
2024,30702,rural,26,hombre,2,45,4.444444444444445
2024,30702,rural,26,mujer,1,28,3.5714285714285716
2024,30702,rural,27,hombre,1,52,1.9230769230769231
2024,30702,rural,27,mujer,3,41,7.317073170731708
2024,30702,rural,28,hombre,0,42,0.0
2024,30702,rural,28,mujer,1,34,2.9411764705882355
2024,30703,rural,16,hombre,4,13,30.76923076923077
2024,30703,rural,16,mujer,2,10,20.0
2024,30703,rural,17,hombre,4,19,21.05263157894737
2024,30703,rural,17,mujer,2,8,25.0
2024,30703,rural,18,hombre,3,12,25.0
2024,30703,rural,18,mujer,0,15,0.0
2024,30703,rural,19,hombre,4,28,14.285714285714286
2024,30703,rural,19,mujer,5,18,27.77777777777778
2024,30703,rural,20,hombre,2,17,11.764705882352942
2024,30703,rural,20,mujer,3,14,21.428571428571427
2024,30703,rural,21,hombre,1,22,4.545454545454546
2024,30703,rural,21,mujer,1,10,10.0
2024,30703,rural,22,hombre,1,20,5.0
2024,30703,rural,22,mujer,1,14,7.142857142857143
2024,30703,rural,23,hombre,2,28,7.142857142857143
2024,30703,rural,23,mujer,1,24,4.166666666666667
2024,30703,rural,24,hombre,1,35,2.857142857142857
2024,30703,rural,24,mujer,0,15,0.0
2024,30703,rural,25,hombre,2,28,7.142857142857143
2024,30703,rural,25,mujer,1,18,5.555555555555555
2024,30703,rural,26,hombre,4,25,16.0
2024,30703,rural,26,mujer,0,7,0.0
2024,30703,rural,27,hombre,1,29,3.4482758620689653
2024,30703,rural,27,mujer,0,22,0.0
2024,30703,rural,28,hombre,0,21,0.0
2024,30703,rural,28,mujer,2,19,10.526315789473685
2024,30801,rural,16,hombre,5,28,17.857142857142858
2024,30801,rural,16,mujer,6,32,18.75
2024,30801,rural,17,hombre,3,36,8.333333333333334
2024,30801,rural,17,mujer,4,30,13.333333333333334
2024,30801,rural,18,hombre,2,35,5.714285714285714
2024,30801,rural,18,mujer,3,37,8.108108108108109
2024,30801,rural,19,hombre,2,42,4.761904761904762
2024,30801,rural,19,mujer,5,25,20.0
2024,30801,rural,20,hombre,1,43,2.3255813953488373
2024,30801,rural,20,mujer,2,29,6.896551724137931
2024,30801,rural,21,hombre,3,50,6.0
2024,30801,rural,21,mujer,2,36,5.555555555555555
2024,30801,rural,22,hombre,4,57,7.017543859649122
2024,30801,rural,22,mujer,2,35,5.714285714285714
2024,30801,rural,23,hombre,3,56,5.357142857142857
2024,30801,rural,23,mujer,1,46,2.1739130434782608
2024,30801,rural,24,hombre,2,53,3.7735849056603774
2024,30801,rural,24,mujer,1,36,2.7777777777777777
2024,30801,rural,25,hombre,3,48,6.25
2024,30801,rural,25,mujer,1,46,2.1739130434782608
2024,30801,rural,26,hombre,4,59,6.779661016949152
2024,30801,rural,26,mujer,5,45,11.11111111111111
2024,30801,rural,27,hombre,1,51,1.9607843137254901
2024,30801,rural,27,mujer,2,32,6.25
2024,30801,rural,28,hombre,0,44,0.0
2024,30801,rural,28,mujer,1,40,2.5
2024,30801,urbana,16,hombre,3,17,17.647058823529413
2024,30801,urbana,16,mujer,7,18,38.888888888888886
2024,30801,urbana,17,hombre,4,27,14.814814814814815
2024,30801,urbana,17,mujer,7,27,25.925925925925927
2024,30801,urbana,18,hombre,4,27,14.814814814814815
2024,30801,urbana,18,mujer,4,31,12.903225806451612
2024,30801,urbana,19,hombre,8,32,25.0
2024,30801,urbana,19,mujer,5,31,16.129032258064516
2024,30801,urbana,20,hombre,10,33,30.303030303030305
2024,30801,urbana,20,mujer,3,31,9.67741935483871
2024,30801,urbana,21,hombre,7,39,17.94871794871795
2024,30801,urbana,21,mujer,4,43,9.30232558139535
2024,30801,urbana,22,hombre,4,40,10.0
2024,30801,urbana,22,mujer,5,41,12.195121951219512
2024,30801,urbana,23,hombre,12,58,20.689655172413794
2024,30801,urbana,23,mujer,4,41,9.75609756097561
2024,30801,urbana,24,hombre,6,53,11.320754716981131
2024,30801,urbana,24,mujer,3,47,6.382978723404255
2024,30801,urbana,25,hombre,5,65,7.6923076923076925
2024,30801,urbana,25,mujer,6,43,13.953488372093023
2024,30801,urbana,26,hombre,3,65,4.615384615384615
2024,30801,urbana,26,mujer,4,53,7.547169811320755
2024,30801,urbana,27,hombre,6,65,9.23076923076923
2024,30801,urbana,27,mujer,3,52,5.769230769230769
2024,30801,urbana,28,hombre,3,64,4.6875
2024,30801,urbana,28,mujer,4,61,6.557377049180328
2024,30802,rural,16,hombre,6,23,26.08695652173913
2024,30802,rural,16,mujer,4,10,40.0
2024,30802,rural,17,hombre,3,20,15.0
2024,30802,rural,17,mujer,4,15,26.666666666666668
2024,30802,rural,18,hombre,2,27,7.407407407407407
2024,30802,rural,18,mujer,2,21,9.523809523809524
2024,30802,rural,19,hombre,3,19,15.789473684210526
2024,30802,rural,19,mujer,3,14,21.428571428571427
2024,30802,rural,20,hombre,1,31,3.225806451612903
2024,30802,rural,20,mujer,6,21,28.571428571428573
2024,30802,rural,21,hombre,0,41,0.0
2024,30802,rural,21,mujer,1,24,4.166666666666667
2024,30802,rural,22,hombre,1,28,3.5714285714285716
2024,30802,rural,22,mujer,2,27,7.407407407407407
2024,30802,rural,23,hombre,1,39,2.5641025641025643
2024,30802,rural,23,mujer,3,30,10.0
2024,30802,rural,24,hombre,0,40,0.0
2024,30802,rural,24,mujer,0,24,0.0
2024,30802,rural,25,hombre,8,34,23.529411764705884
2024,30802,rural,25,mujer,3,24,12.5
2024,30802,rural,26,hombre,1,43,2.3255813953488373
2024,30802,rural,26,mujer,2,35,5.714285714285714
2024,30802,rural,27,hombre,0,38,0.0
2024,30802,rural,27,mujer,1,25,4.0
2024,30802,rural,28,hombre,0,48,0.0
2024,30802,rural,28,mujer,1,36,2.7777777777777777
2024,30803,rural,16,hombre,1,13,7.6923076923076925
2024,30803,rural,16,mujer,0,8,0.0
2024,30803,rural,17,hombre,2,14,14.285714285714286
2024,30803,rural,17,mujer,2,18,11.11111111111111
2024,30803,rural,18,hombre,1,14,7.142857142857143
2024,30803,rural,18,mujer,3,17,17.647058823529413
2024,30803,rural,19,hombre,1,20,5.0
2024,30803,rural,19,mujer,2,20,10.0
2024,30803,rural,20,hombre,0,25,0.0
2024,30803,rural,20,mujer,2,20,10.0
2024,30803,rural,21,hombre,2,31,6.451612903225806
2024,30803,rural,21,mujer,1,16,6.25
2024,30803,rural,22,hombre,1,33,3.0303030303030303
2024,30803,rural,22,mujer,0,19,0.0
2024,30803,rural,23,hombre,0,62,0.0
2024,30803,rural,23,mujer,3,44,6.818181818181818
2024,30803,rural,24,hombre,2,55,3.6363636363636362
2024,30803,rural,24,mujer,0,25,0.0
2024,30803,rural,25,hombre,1,48,2.0833333333333335
2024,30803,rural,25,mujer,3,35,8.571428571428571
2024,30803,rural,26,hombre,2,31,6.451612903225806
2024,30803,rural,26,mujer,0,41,0.0
2024,30803,rural,27,hombre,0,53,0.0
2024,30803,rural,27,mujer,1,22,4.545454545454546
2024,30803,rural,28,hombre,0,48,0.0
2024,30803,rural,28,mujer,0,32,0.0
2024,30803,urbana,16,hombre,1,8,12.5
2024,30803,urbana,16,mujer,2,6,33.333333333333336
2024,30803,urbana,17,hombre,1,4,25.0
2024,30803,urbana,17,mujer,0,4,0.0
2024,30803,urbana,18,hombre,3,5,60.0
2024,30803,urbana,18,mujer,2,7,28.571428571428573
2024,30803,urbana,19,hombre,2,8,25.0
2024,30803,urbana,19,mujer,2,7,28.571428571428573
2024,30803,urbana,20,hombre,0,10,0.0
2024,30803,urbana,20,mujer,2,11,18.181818181818183
2024,30803,urbana,21,hombre,2,9,22.22222222222222
2024,30803,urbana,21,mujer,2,9,22.22222222222222
2024,30803,urbana,22,hombre,0,10,0.0
2024,30803,urbana,22,mujer,1,5,20.0
2024,30803,urbana,23,hombre,2,11,18.181818181818183
2024,30803,urbana,23,mujer,1,8,12.5
2024,30803,urbana,24,hombre,3,11,27.272727272727273
2024,30803,urbana,24,mujer,0,9,0.0
2024,30803,urbana,25,hombre,1,11,9.090909090909092
2024,30803,urbana,25,mujer,2,14,14.285714285714286
2024,30803,urbana,26,hombre,1,15,6.666666666666667
2024,30803,urbana,26,mujer,0,16,0.0
2024,30803,urbana,27,hombre,0,7,0.0
2024,30803,urbana,27,mujer,2,15,13.333333333333334
2024,30803,urbana,28,hombre,0,13,0.0
2024,30803,urbana,28,mujer,0,13,0.0
2024,30901,rural,16,hombre,6,25,24.0
2024,30901,rural,16,mujer,9,31,29.032258064516128
2024,30901,rural,17,hombre,7,25,28.0
2024,30901,rural,17,mujer,6,23,26.08695652173913
2024,30901,rural,18,hombre,2,29,6.896551724137931
2024,30901,rural,18,mujer,3,26,11.538461538461538
2024,30901,rural,19,hombre,4,34,11.764705882352942
2024,30901,rural,19,mujer,6,42,14.285714285714286
2024,30901,rural,20,hombre,2,48,4.166666666666667
2024,30901,rural,20,mujer,5,32,15.625
2024,30901,rural,21,hombre,4,59,6.779661016949152
2024,30901,rural,21,mujer,4,32,12.5
2024,30901,rural,22,hombre,2,43,4.651162790697675
2024,30901,rural,22,mujer,2,25,8.0
2024,30901,rural,23,hombre,2,54,3.7037037037037037
2024,30901,rural,23,mujer,4,39,10.256410256410257
2024,30901,rural,24,hombre,1,48,2.0833333333333335
2024,30901,rural,24,mujer,2,39,5.128205128205129
2024,30901,rural,25,hombre,3,56,5.357142857142857
2024,30901,rural,25,mujer,3,46,6.521739130434782
2024,30901,rural,26,hombre,1,43,2.3255813953488373
2024,30901,rural,26,mujer,2,42,4.761904761904762
2024,30901,rural,27,hombre,1,55,1.8181818181818181
2024,30901,rural,27,mujer,4,36,11.11111111111111
2024,30901,rural,28,hombre,1,40,2.5
2024,30901,rural,28,mujer,0,31,0.0
2024,30901,urbana,16,hombre,90,307,29.315960912052116
2024,30901,urbana,16,mujer,67,261,25.67049808429119
2024,30901,urbana,17,hombre,73,367,19.891008174386922
2024,30901,urbana,17,mujer,84,304,27.63157894736842
2024,30901,urbana,18,hombre,81,487,16.632443531827516
2024,30901,urbana,18,mujer,70,397,17.632241813602015
2024,30901,urbana,19,hombre,73,635,11.496062992125983
2024,30901,urbana,19,mujer,72,519,13.872832369942197
2024,30901,urbana,20,hombre,63,673,9.36106983655275
2024,30901,urbana,20,mujer,67,570,11.75438596491228
2024,30901,urbana,21,hombre,50,770,6.4935064935064934
2024,30901,urbana,21,mujer,72,622,11.57556270096463
2024,30901,urbana,22,hombre,51,766,6.657963446475196
2024,30901,urbana,22,mujer,63,676,9.319526627218934
2024,30901,urbana,23,hombre,46,909,5.060506050605061
2024,30901,urbana,23,mujer,76,789,9.632446134347274
2024,30901,urbana,24,hombre,40,984,4.065040650406504
2024,30901,urbana,24,mujer,52,863,6.025492468134415
2024,30901,urbana,25,hombre,44,940,4.680851063829787
2024,30901,urbana,25,mujer,47,858,5.477855477855478
2024,30901,urbana,26,hombre,35,1021,3.4280117531831538
2024,30901,urbana,26,mujer,35,879,3.981797497155859
2024,30901,urbana,27,hombre,27,1018,2.6522593320235757
2024,30901,urbana,27,mujer,36,879,4.09556313993174
2024,30901,urbana,28,hombre,19,1026,1.8518518518518519
2024,30901,urbana,28,mujer,41,923,4.442036836403034
2024,30902,rural,16,hombre,15,58,25.862068965517242
2024,30902,rural,16,mujer,9,34,26.470588235294116
2024,30902,rural,17,hombre,8,57,14.035087719298245
2024,30902,rural,17,mujer,11,56,19.642857142857142
2024,30902,rural,18,hombre,11,67,16.417910447761194
2024,30902,rural,18,mujer,6,59,10.169491525423728
2024,30902,rural,19,hombre,6,70,8.571428571428571
2024,30902,rural,19,mujer,7,60,11.666666666666666
2024,30902,rural,20,hombre,11,101,10.891089108910892
2024,30902,rural,20,mujer,6,65,9.23076923076923
2024,30902,rural,21,hombre,8,99,8.080808080808081
2024,30902,rural,21,mujer,2,72,2.7777777777777777
2024,30902,rural,22,hombre,9,108,8.333333333333334
2024,30902,rural,22,mujer,5,58,8.620689655172415
2024,30902,rural,23,hombre,8,136,5.882352941176471
2024,30902,rural,23,mujer,5,90,5.555555555555555
2024,30902,rural,24,hombre,5,104,4.8076923076923075
2024,30902,rural,24,mujer,4,91,4.395604395604396
2024,30902,rural,25,hombre,4,114,3.508771929824561
2024,30902,rural,25,mujer,5,87,5.747126436781609
2024,30902,rural,26,hombre,3,107,2.803738317757009
2024,30902,rural,26,mujer,1,78,1.2820512820512822
2024,30902,rural,27,hombre,0,108,0.0
2024,30902,rural,27,mujer,9,79,11.39240506329114
2024,30902,rural,28,hombre,3,108,2.7777777777777777
2024,30902,rural,28,mujer,2,85,2.3529411764705883
2024,30902,urbana,16,hombre,24,107,22.429906542056074
2024,30902,urbana,16,mujer,20,89,22.471910112359552
2024,30902,urbana,17,hombre,18,117,15.384615384615385
2024,30902,urbana,17,mujer,23,106,21.69811320754717
2024,30902,urbana,18,hombre,13,133,9.774436090225564
2024,30902,urbana,18,mujer,29,152,19.07894736842105
2024,30902,urbana,19,hombre,17,152,11.18421052631579
2024,30902,urbana,19,mujer,15,131,11.450381679389313
2024,30902,urbana,20,hombre,9,188,4.787234042553192
2024,30902,urbana,20,mujer,11,162,6.790123456790123
2024,30902,urbana,21,hombre,13,195,6.666666666666667
2024,30902,urbana,21,mujer,20,178,11.235955056179776
2024,30902,urbana,22,hombre,12,218,5.504587155963303
2024,30902,urbana,22,mujer,13,181,7.18232044198895
2024,30902,urbana,23,hombre,15,275,5.454545454545454
2024,30902,urbana,23,mujer,13,219,5.936073059360731
2024,30902,urbana,24,hombre,6,248,2.4193548387096775
2024,30902,urbana,24,mujer,14,180,7.777777777777778
2024,30902,urbana,25,hombre,7,256,2.734375
2024,30902,urbana,25,mujer,6,198,3.0303030303030303
2024,30902,urbana,26,hombre,4,231,1.7316017316017316
2024,30902,urbana,26,mujer,11,191,5.7591623036649215
2024,30902,urbana,27,hombre,2,259,0.7722007722007722
2024,30902,urbana,27,mujer,6,212,2.830188679245283
2024,30902,urbana,28,hombre,3,235,1.2765957446808511
2024,30902,urbana,28,mujer,10,227,4.405286343612334
2024,30903,rural,16,hombre,1,16,6.25
2024,30903,rural,16,mujer,2,15,13.333333333333334
2024,30903,rural,17,hombre,1,14,7.142857142857143
2024,30903,rural,17,mujer,2,13,15.384615384615385
2024,30903,rural,18,hombre,0,27,0.0
2024,30903,rural,18,mujer,3,18,16.666666666666668
2024,30903,rural,19,hombre,1,22,4.545454545454546
2024,30903,rural,19,mujer,1,14,7.142857142857143
2024,30903,rural,20,hombre,2,19,10.526315789473685
2024,30903,rural,20,mujer,1,15,6.666666666666667
2024,30903,rural,21,hombre,0,23,0.0
2024,30903,rural,21,mujer,0,24,0.0
2024,30903,rural,22,hombre,0,17,0.0
2024,30903,rural,22,mujer,0,16,0.0
2024,30903,rural,23,hombre,1,20,5.0
2024,30903,rural,23,mujer,0,25,0.0
2024,30903,rural,24,hombre,0,15,0.0
2024,30903,rural,24,mujer,0,15,0.0
2024,30903,rural,25,hombre,1,22,4.545454545454546
2024,30903,rural,25,mujer,0,15,0.0
2024,30903,rural,26,hombre,0,20,0.0
2024,30903,rural,26,mujer,1,15,6.666666666666667
2024,30903,rural,27,hombre,1,19,5.2631578947368425
2024,30903,rural,27,mujer,1,15,6.666666666666667
2024,30903,rural,28,hombre,3,26,11.538461538461538
2024,30903,rural,28,mujer,0,17,0.0
2024,30903,urbana,16,hombre,26,109,23.853211009174313
2024,30903,urbana,16,mujer,26,81,32.098765432098766
2024,30903,urbana,17,hombre,20,118,16.949152542372882
2024,30903,urbana,17,mujer,21,108,19.444444444444443
2024,30903,urbana,18,hombre,29,164,17.682926829268293
2024,30903,urbana,18,mujer,23,165,13.93939393939394
2024,30903,urbana,19,hombre,26,209,12.440191387559809
2024,30903,urbana,19,mujer,25,176,14.204545454545455
2024,30903,urbana,20,hombre,34,227,14.977973568281937
2024,30903,urbana,20,mujer,27,225,12.0
2024,30903,urbana,21,hombre,22,251,8.764940239043824
2024,30903,urbana,21,mujer,32,227,14.09691629955947
2024,30903,urbana,22,hombre,17,299,5.68561872909699
2024,30903,urbana,22,mujer,25,239,10.460251046025105
2024,30903,urbana,23,hombre,12,298,4.026845637583893
2024,30903,urbana,23,mujer,31,295,10.508474576271187
2024,30903,urbana,24,hombre,18,371,4.8517520215633425
2024,30903,urbana,24,mujer,21,323,6.501547987616099
2024,30903,urbana,25,hombre,12,368,3.260869565217391
2024,30903,urbana,25,mujer,21,318,6.60377358490566
2024,30903,urbana,26,hombre,5,362,1.3812154696132597
2024,30903,urbana,26,mujer,10,333,3.003003003003003
2024,30903,urbana,27,hombre,17,346,4.913294797687861
2024,30903,urbana,27,mujer,13,321,4.049844236760125
2024,30903,urbana,28,hombre,3,384,0.78125
2024,30903,urbana,28,mujer,9,338,2.662721893491124
2024,30904,rural,16,hombre,8,37,21.62162162162162
2024,30904,rural,16,mujer,6,23,26.08695652173913
2024,30904,rural,17,hombre,8,40,20.0
2024,30904,rural,17,mujer,9,31,29.032258064516128
2024,30904,rural,18,hombre,6,43,13.953488372093023
2024,30904,rural,18,mujer,4,36,11.11111111111111
2024,30904,rural,19,hombre,3,36,8.333333333333334
2024,30904,rural,19,mujer,6,31,19.35483870967742
2024,30904,rural,20,hombre,4,41,9.75609756097561
2024,30904,rural,20,mujer,2,53,3.7735849056603774
2024,30904,rural,21,hombre,5,59,8.474576271186441
2024,30904,rural,21,mujer,2,38,5.2631578947368425
2024,30904,rural,22,hombre,4,54,7.407407407407407
2024,30904,rural,22,mujer,1,37,2.7027027027027026
2024,30904,rural,23,hombre,5,71,7.042253521126761
2024,30904,rural,23,mujer,8,37,21.62162162162162
2024,30904,rural,24,hombre,0,50,0.0
2024,30904,rural,24,mujer,2,55,3.6363636363636362
2024,30904,rural,25,hombre,4,46,8.695652173913043
2024,30904,rural,25,mujer,2,39,5.128205128205129
2024,30904,rural,26,hombre,0,53,0.0
2024,30904,rural,26,mujer,4,54,7.407407407407407
2024,30904,rural,27,hombre,1,58,1.7241379310344827
2024,30904,rural,27,mujer,5,41,12.195121951219512
2024,30904,rural,28,hombre,2,66,3.0303030303030303
2024,30904,rural,28,mujer,2,64,3.125
2024,30904,urbana,16,hombre,25,101,24.752475247524753
2024,30904,urbana,16,mujer,14,80,17.5
2024,30904,urbana,17,hombre,22,117,18.803418803418804
2024,30904,urbana,17,mujer,13,91,14.285714285714286
2024,30904,urbana,18,hombre,21,148,14.18918918918919
2024,30904,urbana,18,mujer,21,141,14.893617021276595
2024,30904,urbana,19,hombre,13,194,6.701030927835052
2024,30904,urbana,19,mujer,14,146,9.58904109589041
2024,30904,urbana,20,hombre,21,234,8.974358974358974
2024,30904,urbana,20,mujer,12,171,7.017543859649122
2024,30904,urbana,21,hombre,16,258,6.2015503875969
2024,30904,urbana,21,mujer,21,199,10.552763819095478
2024,30904,urbana,22,hombre,15,281,5.338078291814947
2024,30904,urbana,22,mujer,19,227,8.370044052863436
2024,30904,urbana,23,hombre,21,334,6.287425149700598
2024,30904,urbana,23,mujer,13,265,4.90566037735849
2024,30904,urbana,24,hombre,13,358,3.631284916201117
2024,30904,urbana,24,mujer,14,247,5.668016194331984
2024,30904,urbana,25,hombre,4,311,1.2861736334405145
2024,30904,urbana,25,mujer,14,264,5.303030303030303
2024,30904,urbana,26,hombre,11,313,3.5143769968051117
2024,30904,urbana,26,mujer,7,276,2.536231884057971
2024,30904,urbana,27,hombre,7,324,2.1604938271604937
2024,30904,urbana,27,mujer,6,263,2.2813688212927756
2024,30904,urbana,28,hombre,7,308,2.272727272727273
2024,30904,urbana,28,mujer,11,288,3.8194444444444446
2024,30905,urbana,16,hombre,33,109,30.275229357798164
2024,30905,urbana,16,mujer,27,75,36.0
2024,30905,urbana,17,hombre,35,126,27.77777777777778
2024,30905,urbana,17,mujer,33,97,34.02061855670103
2024,30905,urbana,18,hombre,37,172,21.511627906976745
2024,30905,urbana,18,mujer,23,156,14.743589743589743
2024,30905,urbana,19,hombre,32,208,15.384615384615385
2024,30905,urbana,19,mujer,28,170,16.470588235294116
2024,30905,urbana,20,hombre,20,232,8.620689655172415
2024,30905,urbana,20,mujer,26,182,14.285714285714286
2024,30905,urbana,21,hombre,27,280,9.642857142857142
2024,30905,urbana,21,mujer,22,203,10.83743842364532
2024,30905,urbana,22,hombre,31,311,9.967845659163988
2024,30905,urbana,22,mujer,28,258,10.852713178294573
2024,30905,urbana,23,hombre,31,384,8.072916666666666
2024,30905,urbana,23,mujer,27,294,9.183673469387756
2024,30905,urbana,24,hombre,15,383,3.91644908616188
2024,30905,urbana,24,mujer,37,351,10.54131054131054
2024,30905,urbana,25,hombre,18,378,4.761904761904762
2024,30905,urbana,25,mujer,16,341,4.69208211143695
2024,30905,urbana,26,hombre,18,408,4.411764705882353
2024,30905,urbana,26,mujer,14,357,3.9215686274509802
2024,30905,urbana,27,hombre,13,401,3.2418952618453867
2024,30905,urbana,27,mujer,20,372,5.376344086021505
2024,30905,urbana,28,hombre,12,419,2.863961813842482
2024,30905,urbana,28,mujer,7,379,1.8469656992084433
2024,31001,rural,16,hombre,12,75,16.0
2024,31001,rural,16,mujer,7,53,13.20754716981132
2024,31001,rural,17,hombre,11,84,13.095238095238095
2024,31001,rural,17,mujer,9,54,16.666666666666668
2024,31001,rural,18,hombre,11,102,10.784313725490197
2024,31001,rural,18,mujer,10,99,10.1010101010101
2024,31001,rural,19,hombre,12,128,9.375
2024,31001,rural,19,mujer,18,123,14.634146341463415
2024,31001,rural,20,hombre,8,154,5.194805194805195
2024,31001,rural,20,mujer,11,124,8.870967741935484
2024,31001,rural,21,hombre,4,166,2.4096385542168677
2024,31001,rural,21,mujer,8,123,6.504065040650406
2024,31001,rural,22,hombre,4,163,2.4539877300613497
2024,31001,rural,22,mujer,6,128,4.6875
2024,31001,rural,23,hombre,10,185,5.405405405405405
2024,31001,rural,23,mujer,7,148,4.72972972972973
2024,31001,rural,24,hombre,6,197,3.045685279187817
2024,31001,rural,24,mujer,11,131,8.396946564885496
2024,31001,rural,25,hombre,9,159,5.660377358490566
2024,31001,rural,25,mujer,7,141,4.964539007092198
2024,31001,rural,26,hombre,3,180,1.6666666666666667
2024,31001,rural,26,mujer,4,127,3.1496062992125986
2024,31001,rural,27,hombre,2,167,1.1976047904191616
2024,31001,rural,27,mujer,5,136,3.676470588235294
2024,31001,rural,28,hombre,4,170,2.3529411764705883
2024,31001,rural,28,mujer,3,132,2.272727272727273
2024,31001,urbana,16,hombre,95,394,24.111675126903553
2024,31001,urbana,16,mujer,67,233,28.755364806866954
2024,31001,urbana,17,hombre,90,434,20.737327188940093
2024,31001,urbana,17,mujer,77,335,22.98507462686567
2024,31001,urbana,18,hombre,96,609,15.763546798029557
2024,31001,urbana,18,mujer,88,551,15.970961887477314
2024,31001,urbana,19,hombre,78,745,10.46979865771812
2024,31001,urbana,19,mujer,85,590,14.40677966101695
2024,31001,urbana,20,hombre,78,860,9.069767441860465
2024,31001,urbana,20,mujer,91,694,13.112391930835734
2024,31001,urbana,21,hombre,64,985,6.49746192893401
2024,31001,urbana,21,mujer,77,759,10.144927536231885
2024,31001,urbana,22,hombre,83,1044,7.950191570881226
2024,31001,urbana,22,mujer,88,863,10.196987253765933
2024,31001,urbana,23,hombre,73,1214,6.013179571663921
2024,31001,urbana,23,mujer,77,942,8.174097664543524
2024,31001,urbana,24,hombre,51,1264,4.034810126582278
2024,31001,urbana,24,mujer,62,1056,5.871212121212121
2024,31001,urbana,25,hombre,45,1261,3.568596352101507
2024,31001,urbana,25,mujer,74,1044,7.088122605363985
2024,31001,urbana,26,hombre,42,1295,3.2432432432432434
2024,31001,urbana,26,mujer,52,1075,4.837209302325581
2024,31001,urbana,27,hombre,31,1285,2.412451361867704
2024,31001,urbana,27,mujer,48,1065,4.507042253521127
2024,31001,urbana,28,hombre,33,1314,2.5114155251141552
2024,31001,urbana,28,mujer,39,1076,3.62453531598513
2024,31002,rural,16,hombre,21,106,19.81132075471698
2024,31002,rural,16,mujer,12,47,25.53191489361702
2024,31002,rural,17,hombre,11,70,15.714285714285714
2024,31002,rural,17,mujer,8,63,12.698412698412698
2024,31002,rural,18,hombre,10,99,10.1010101010101
2024,31002,rural,18,mujer,8,74,10.81081081081081
2024,31002,rural,19,hombre,8,94,8.51063829787234
2024,31002,rural,19,mujer,11,77,14.285714285714286
2024,31002,rural,20,hombre,20,119,16.80672268907563
2024,31002,rural,20,mujer,5,82,6.097560975609756
2024,31002,rural,21,hombre,7,130,5.384615384615385
2024,31002,rural,21,mujer,13,93,13.978494623655914
2024,31002,rural,22,hombre,10,117,8.547008547008547
2024,31002,rural,22,mujer,6,86,6.976744186046512
2024,31002,rural,23,hombre,11,148,7.4324324324324325
2024,31002,rural,23,mujer,9,100,9.0
2024,31002,rural,24,hombre,6,135,4.444444444444445
2024,31002,rural,24,mujer,8,109,7.339449541284404
2024,31002,rural,25,hombre,6,109,5.504587155963303
2024,31002,rural,25,mujer,5,102,4.901960784313726
2024,31002,rural,26,hombre,1,126,0.7936507936507936
2024,31002,rural,26,mujer,7,81,8.641975308641975
2024,31002,rural,27,hombre,4,133,3.007518796992481
2024,31002,rural,27,mujer,11,97,11.34020618556701
2024,31002,rural,28,hombre,5,117,4.273504273504273
2024,31002,rural,28,mujer,7,102,6.862745098039215
2024,31002,urbana,16,hombre,6,20,30.0
2024,31002,urbana,16,mujer,2,8,25.0
2024,31002,urbana,17,hombre,3,17,17.647058823529413
2024,31002,urbana,17,mujer,3,15,20.0
2024,31002,urbana,18,hombre,3,23,13.043478260869565
2024,31002,urbana,18,mujer,3,20,15.0
2024,31002,urbana,19,hombre,1,20,5.0
2024,31002,urbana,19,mujer,5,16,31.25
2024,31002,urbana,20,hombre,3,16,18.75
2024,31002,urbana,20,mujer,3,21,14.285714285714286
2024,31002,urbana,21,hombre,3,30,10.0
2024,31002,urbana,21,mujer,1,19,5.2631578947368425
2024,31002,urbana,22,hombre,3,26,11.538461538461538
2024,31002,urbana,22,mujer,4,28,14.285714285714286
2024,31002,urbana,23,hombre,0,25,0.0
2024,31002,urbana,23,mujer,0,23,0.0
2024,31002,urbana,24,hombre,3,39,7.6923076923076925
2024,31002,urbana,24,mujer,1,29,3.4482758620689653
2024,31002,urbana,25,hombre,3,21,14.285714285714286
2024,31002,urbana,25,mujer,0,32,0.0
2024,31002,urbana,26,hombre,1,29,3.4482758620689653
2024,31002,urbana,26,mujer,1,19,5.2631578947368425
2024,31002,urbana,27,hombre,0,26,0.0
2024,31002,urbana,27,mujer,1,30,3.3333333333333335
2024,31002,urbana,28,hombre,1,22,4.545454545454546
2024,31002,urbana,28,mujer,2,27,7.407407407407407
2024,31003,rural,16,hombre,38,377,10.079575596816976
2024,31003,rural,16,mujer,28,198,14.141414141414142
2024,31003,rural,17,hombre,49,390,12.564102564102564
2024,31003,rural,17,mujer,31,229,13.537117903930131
2024,31003,rural,18,hombre,34,462,7.359307359307359
2024,31003,rural,18,mujer,28,265,10.566037735849056
2024,31003,rural,19,hombre,39,519,7.514450867052023
2024,31003,rural,19,mujer,19,315,6.031746031746032
2024,31003,rural,20,hombre,28,561,4.991087344028521
2024,31003,rural,20,mujer,18,321,5.607476635514018
2024,31003,rural,21,hombre,36,587,6.132879045996593
2024,31003,rural,21,mujer,21,349,6.017191977077364
2024,31003,rural,22,hombre,27,606,4.455445544554456
2024,31003,rural,22,mujer,26,387,6.718346253229974
2024,31003,rural,23,hombre,17,714,2.380952380952381
2024,31003,rural,23,mujer,22,426,5.164319248826291
2024,31003,rural,24,hombre,13,725,1.793103448275862
2024,31003,rural,24,mujer,22,473,4.651162790697675
2024,31003,rural,25,hombre,27,670,4.029850746268656
2024,31003,rural,25,mujer,14,473,2.959830866807611
2024,31003,rural,26,hombre,22,718,3.064066852367688
2024,31003,rural,26,mujer,17,414,4.106280193236715
2024,31003,rural,27,hombre,14,676,2.0710059171597632
2024,31003,rural,27,mujer,14,452,3.0973451327433628
2024,31003,rural,28,hombre,19,631,3.011093502377179
2024,31003,rural,28,mujer,15,447,3.3557046979865772
2024,31003,urbana,16,hombre,13,49,26.53061224489796
2024,31003,urbana,16,mujer,8,31,25.806451612903224
2024,31003,urbana,17,hombre,17,47,36.170212765957444
2024,31003,urbana,17,mujer,6,37,16.216216216216218
2024,31003,urbana,18,hombre,9,53,16.9811320754717
2024,31003,urbana,18,mujer,7,48,14.583333333333334
2024,31003,urbana,19,hombre,7,66,10.606060606060606
2024,31003,urbana,19,mujer,5,64,7.8125
2024,31003,urbana,20,hombre,4,62,6.451612903225806
2024,31003,urbana,20,mujer,1,47,2.127659574468085
2024,31003,urbana,21,hombre,4,65,6.153846153846154
2024,31003,urbana,21,mujer,4,74,5.405405405405405
2024,31003,urbana,22,hombre,5,70,7.142857142857143
2024,31003,urbana,22,mujer,10,71,14.084507042253522
2024,31003,urbana,23,hombre,4,83,4.819277108433735
2024,31003,urbana,23,mujer,7,85,8.235294117647058
2024,31003,urbana,24,hombre,5,111,4.504504504504505
2024,31003,urbana,24,mujer,3,87,3.4482758620689653
2024,31003,urbana,25,hombre,3,79,3.7974683544303796
2024,31003,urbana,25,mujer,4,97,4.123711340206185
2024,31003,urbana,26,hombre,3,92,3.260869565217391
2024,31003,urbana,26,mujer,2,81,2.4691358024691357
2024,31003,urbana,27,hombre,2,100,2.0
2024,31003,urbana,27,mujer,5,61,8.19672131147541
2024,31003,urbana,28,hombre,3,93,3.225806451612903
2024,31003,urbana,28,mujer,6,74,8.108108108108109
2024,31101,rural,16,hombre,9,53,16.9811320754717
2024,31101,rural,16,mujer,10,50,20.0
2024,31101,rural,17,hombre,8,73,10.95890410958904
2024,31101,rural,17,mujer,6,48,12.5
2024,31101,rural,18,hombre,5,60,8.333333333333334
2024,31101,rural,18,mujer,4,74,5.405405405405405
2024,31101,rural,19,hombre,7,78,8.974358974358974
2024,31101,rural,19,mujer,6,62,9.67741935483871
2024,31101,rural,20,hombre,4,111,3.6036036036036037
2024,31101,rural,20,mujer,3,47,6.382978723404255
2024,31101,rural,21,hombre,2,122,1.639344262295082
2024,31101,rural,21,mujer,3,53,5.660377358490566
2024,31101,rural,22,hombre,4,129,3.10077519379845
2024,31101,rural,22,mujer,6,63,9.523809523809524
2024,31101,rural,23,hombre,3,114,2.6315789473684212
2024,31101,rural,23,mujer,3,71,4.225352112676056
2024,31101,rural,24,hombre,6,113,5.3097345132743365
2024,31101,rural,24,mujer,5,71,7.042253521126761
2024,31101,rural,25,hombre,6,100,6.0
2024,31101,rural,25,mujer,4,56,7.142857142857143
2024,31101,rural,26,hombre,7,120,5.833333333333333
2024,31101,rural,26,mujer,0,68,0.0
2024,31101,rural,27,hombre,6,97,6.185567010309279
2024,31101,rural,27,mujer,3,86,3.488372093023256
2024,31101,rural,28,hombre,7,114,6.140350877192983
2024,31101,rural,28,mujer,7,56,12.5
2024,31201,rural,16,hombre,9,73,12.32876712328767
2024,31201,rural,16,mujer,10,62,16.129032258064516
2024,31201,rural,17,hombre,6,94,6.382978723404255
2024,31201,rural,17,mujer,6,71,8.450704225352112
2024,31201,rural,18,hombre,12,88,13.636363636363637
2024,31201,rural,18,mujer,4,76,5.2631578947368425
2024,31201,rural,19,hombre,6,101,5.9405940594059405
2024,31201,rural,19,mujer,5,86,5.813953488372093
2024,31201,rural,20,hombre,7,113,6.1946902654867255
2024,31201,rural,20,mujer,8,86,9.30232558139535
2024,31201,rural,21,hombre,8,139,5.755395683453237
2024,31201,rural,21,mujer,7,83,8.433734939759036
2024,31201,rural,22,hombre,3,126,2.380952380952381
2024,31201,rural,22,mujer,3,86,3.488372093023256
2024,31201,rural,23,hombre,3,155,1.935483870967742
2024,31201,rural,23,mujer,3,90,3.3333333333333335
2024,31201,rural,24,hombre,6,133,4.511278195488722
2024,31201,rural,24,mujer,3,108,2.7777777777777777
2024,31201,rural,25,hombre,2,107,1.8691588785046729
2024,31201,rural,25,mujer,6,82,7.317073170731708
2024,31201,rural,26,hombre,4,119,3.361344537815126
2024,31201,rural,26,mujer,4,67,5.970149253731344
2024,31201,rural,27,hombre,4,108,3.7037037037037037
2024,31201,rural,27,mujer,5,79,6.329113924050633
2024,31201,rural,28,hombre,5,119,4.201680672268908
2024,31201,rural,28,mujer,4,83,4.819277108433735
2024,31202,rural,16,hombre,15,64,23.4375
2024,31202,rural,16,mujer,7,38,18.42105263157895
2024,31202,rural,17,hombre,8,63,12.698412698412698
2024,31202,rural,17,mujer,8,44,18.181818181818183
2024,31202,rural,18,hombre,10,69,14.492753623188406
2024,31202,rural,18,mujer,10,62,16.129032258064516
2024,31202,rural,19,hombre,6,76,7.894736842105263
2024,31202,rural,19,mujer,4,57,7.017543859649122
2024,31202,rural,20,hombre,3,81,3.7037037037037037
2024,31202,rural,20,mujer,4,53,7.547169811320755
2024,31202,rural,21,hombre,4,78,5.128205128205129
2024,31202,rural,21,mujer,3,64,4.6875
2024,31202,rural,22,hombre,8,74,10.81081081081081
2024,31202,rural,22,mujer,4,66,6.0606060606060606
2024,31202,rural,23,hombre,2,100,2.0
2024,31202,rural,23,mujer,4,67,5.970149253731344
2024,31202,rural,24,hombre,7,91,7.6923076923076925
2024,31202,rural,24,mujer,4,73,5.47945205479452
2024,31202,rural,25,hombre,2,94,2.127659574468085
2024,31202,rural,25,mujer,8,64,12.5
2024,31202,rural,26,hombre,2,83,2.4096385542168677
2024,31202,rural,26,mujer,1,71,1.408450704225352
2024,31202,rural,27,hombre,8,82,9.75609756097561
2024,31202,rural,27,mujer,5,71,7.042253521126761
2024,31202,rural,28,hombre,2,86,2.3255813953488373
2024,31202,rural,28,mujer,1,55,1.8181818181818181
2024,31203,rural,16,hombre,7,47,14.893617021276595
2024,31203,rural,16,mujer,6,27,22.22222222222222
2024,31203,rural,17,hombre,8,52,15.384615384615385
2024,31203,rural,17,mujer,9,41,21.951219512195124
2024,31203,rural,18,hombre,5,54,9.25925925925926
2024,31203,rural,18,mujer,4,37,10.81081081081081
2024,31203,rural,19,hombre,8,61,13.114754098360656
2024,31203,rural,19,mujer,6,38,15.789473684210526
2024,31203,rural,20,hombre,7,67,10.447761194029852
2024,31203,rural,20,mujer,6,48,12.5
2024,31203,rural,21,hombre,2,73,2.73972602739726
2024,31203,rural,21,mujer,6,46,13.043478260869565
2024,31203,rural,22,hombre,5,74,6.756756756756757
2024,31203,rural,22,mujer,5,46,10.869565217391305
2024,31203,rural,23,hombre,3,87,3.4482758620689653
2024,31203,rural,23,mujer,5,47,10.638297872340425
2024,31203,rural,24,hombre,3,91,3.2967032967032965
2024,31203,rural,24,mujer,2,58,3.4482758620689653
2024,31203,rural,25,hombre,0,60,0.0
2024,31203,rural,25,mujer,3,53,5.660377358490566
2024,31203,rural,26,hombre,1,74,1.3513513513513513
2024,31203,rural,26,mujer,2,45,4.444444444444445
2024,31203,rural,27,hombre,0,70,0.0
2024,31203,rural,27,mujer,0,50,0.0
2024,31203,rural,28,hombre,1,62,1.6129032258064515
2024,31203,rural,28,mujer,2,54,3.7037037037037037
2024,31204,rural,16,hombre,19,77,24.675324675324674
2024,31204,rural,16,mujer,10,42,23.80952380952381
2024,31204,rural,17,hombre,19,94,20.21276595744681
2024,31204,rural,17,mujer,10,57,17.54385964912281
2024,31204,rural,18,hombre,12,88,13.636363636363637
2024,31204,rural,18,mujer,8,58,13.793103448275861
2024,31204,rural,19,hombre,6,108,5.555555555555555
2024,31204,rural,19,mujer,6,54,11.11111111111111
2024,31204,rural,20,hombre,5,101,4.9504950495049505
2024,31204,rural,20,mujer,3,59,5.084745762711864
2024,31204,rural,21,hombre,6,114,5.2631578947368425
2024,31204,rural,21,mujer,3,76,3.9473684210526314
2024,31204,rural,22,hombre,8,120,6.666666666666667
2024,31204,rural,22,mujer,4,73,5.47945205479452
2024,31204,rural,23,hombre,5,116,4.310344827586207
2024,31204,rural,23,mujer,6,75,8.0
2024,31204,rural,24,hombre,10,150,6.666666666666667
2024,31204,rural,24,mujer,3,93,3.225806451612903
2024,31204,rural,25,hombre,2,137,1.4598540145985401
2024,31204,rural,25,mujer,5,72,6.944444444444445
2024,31204,rural,26,hombre,4,117,3.4188034188034186
2024,31204,rural,26,mujer,5,100,5.0
2024,31204,rural,27,hombre,2,119,1.680672268907563
2024,31204,rural,27,mujer,3,92,3.260869565217391
2024,31204,rural,28,hombre,3,135,2.2222222222222223
2024,31204,rural,28,mujer,0,81,0.0
2024,31204,urbana,16,hombre,8,48,16.666666666666668
2024,31204,urbana,16,mujer,9,31,29.032258064516128
2024,31204,urbana,17,hombre,5,50,10.0
2024,31204,urbana,17,mujer,5,47,10.638297872340425
2024,31204,urbana,18,hombre,5,45,11.11111111111111
2024,31204,urbana,18,mujer,5,54,9.25925925925926
2024,31204,urbana,19,hombre,6,61,9.836065573770492
2024,31204,urbana,19,mujer,6,58,10.344827586206897
2024,31204,urbana,20,hombre,6,55,10.909090909090908
2024,31204,urbana,20,mujer,4,44,9.090909090909092
2024,31204,urbana,21,hombre,2,70,2.857142857142857
2024,31204,urbana,21,mujer,6,70,8.571428571428571
2024,31204,urbana,22,hombre,7,87,8.045977011494253
2024,31204,urbana,22,mujer,3,55,5.454545454545454
2024,31204,urbana,23,hombre,4,103,3.883495145631068
2024,31204,urbana,23,mujer,7,73,9.58904109589041
2024,31204,urbana,24,hombre,5,106,4.716981132075472
2024,31204,urbana,24,mujer,3,76,3.9473684210526314
2024,31204,urbana,25,hombre,5,110,4.545454545454546
2024,31204,urbana,25,mujer,3,69,4.3478260869565215
2024,31204,urbana,26,hombre,2,93,2.150537634408602
2024,31204,urbana,26,mujer,2,65,3.076923076923077
2024,31204,urbana,27,hombre,2,97,2.0618556701030926
2024,31204,urbana,27,mujer,2,76,2.6315789473684212
2024,31204,urbana,28,hombre,0,84,0.0
2024,31204,urbana,28,mujer,4,66,6.0606060606060606
2024,31205,rural,16,hombre,39,222,17.56756756756757
2024,31205,rural,16,mujer,23,115,20.0
2024,31205,rural,17,hombre,36,221,16.289592760180994
2024,31205,rural,17,mujer,18,147,12.244897959183673
2024,31205,rural,18,hombre,20,200,10.0
2024,31205,rural,18,mujer,13,137,9.489051094890511
2024,31205,rural,19,hombre,26,219,11.872146118721462
2024,31205,rural,19,mujer,17,162,10.493827160493828
2024,31205,rural,20,hombre,22,310,7.096774193548387
2024,31205,rural,20,mujer,7,161,4.3478260869565215
2024,31205,rural,21,hombre,11,315,3.492063492063492
2024,31205,rural,21,mujer,12,184,6.521739130434782
2024,31205,rural,22,hombre,16,329,4.86322188449848
2024,31205,rural,22,mujer,19,215,8.837209302325581
2024,31205,rural,23,hombre,23,403,5.707196029776675
2024,31205,rural,23,mujer,13,232,5.603448275862069
2024,31205,rural,24,hombre,16,366,4.371584699453552
2024,31205,rural,24,mujer,14,254,5.511811023622047
2024,31205,rural,25,hombre,18,341,5.278592375366569
2024,31205,rural,25,mujer,10,224,4.464285714285714
2024,31205,rural,26,hombre,9,353,2.54957507082153
2024,31205,rural,26,mujer,15,209,7.177033492822966
2024,31205,rural,27,hombre,10,376,2.6595744680851063
2024,31205,rural,27,mujer,13,254,5.118110236220472
2024,31205,rural,28,hombre,13,382,3.4031413612565444
2024,31205,rural,28,mujer,13,260,5.0
2024,31205,urbana,16,hombre,20,118,16.949152542372882
2024,31205,urbana,16,mujer,18,90,20.0
2024,31205,urbana,17,hombre,11,118,9.322033898305085
2024,31205,urbana,17,mujer,27,105,25.714285714285715
2024,31205,urbana,18,hombre,17,110,15.454545454545455
2024,31205,urbana,18,mujer,12,94,12.76595744680851
2024,31205,urbana,19,hombre,12,118,10.169491525423728
2024,31205,urbana,19,mujer,17,127,13.385826771653543
2024,31205,urbana,20,hombre,16,171,9.35672514619883
2024,31205,urbana,20,mujer,14,129,10.852713178294573
2024,31205,urbana,21,hombre,12,167,7.18562874251497
2024,31205,urbana,21,mujer,15,140,10.714285714285714
2024,31205,urbana,22,hombre,7,152,4.605263157894737
2024,31205,urbana,22,mujer,17,150,11.333333333333334
2024,31205,urbana,23,hombre,12,180,6.666666666666667
2024,31205,urbana,23,mujer,11,150,7.333333333333333
2024,31205,urbana,24,hombre,7,205,3.4146341463414633
2024,31205,urbana,24,mujer,7,166,4.216867469879518
2024,31205,urbana,25,hombre,10,193,5.181347150259067
2024,31205,urbana,25,mujer,5,149,3.3557046979865772
2024,31205,urbana,26,hombre,5,190,2.6315789473684212
2024,31205,urbana,26,mujer,9,167,5.389221556886228
2024,31205,urbana,27,hombre,1,174,0.5747126436781609
2024,31205,urbana,27,mujer,3,144,2.0833333333333335
2024,31205,urbana,28,hombre,7,171,4.093567251461988
2024,31205,urbana,28,mujer,7,169,4.1420118343195265
2024,31206,rural,16,hombre,10,58,17.24137931034483
2024,31206,rural,16,mujer,4,21,19.047619047619047
2024,31206,rural,17,hombre,11,70,15.714285714285714
2024,31206,rural,17,mujer,2,30,6.666666666666667
2024,31206,rural,18,hombre,11,76,14.473684210526315
2024,31206,rural,18,mujer,7,38,18.42105263157895
2024,31206,rural,19,hombre,11,111,9.90990990990991
2024,31206,rural,19,mujer,8,46,17.391304347826086
2024,31206,rural,20,hombre,4,81,4.938271604938271
2024,31206,rural,20,mujer,3,52,5.769230769230769
2024,31206,rural,21,hombre,10,108,9.25925925925926
2024,31206,rural,21,mujer,3,67,4.477611940298507
2024,31206,rural,22,hombre,10,99,10.1010101010101
2024,31206,rural,22,mujer,2,82,2.4390243902439024
2024,31206,rural,23,hombre,11,164,6.7073170731707314
2024,31206,rural,23,mujer,4,73,5.47945205479452
2024,31206,rural,24,hombre,11,162,6.790123456790123
2024,31206,rural,24,mujer,7,75,9.333333333333334
2024,31206,rural,25,hombre,8,172,4.651162790697675
2024,31206,rural,25,mujer,0,92,0.0
2024,31206,rural,26,hombre,4,151,2.6490066225165565
2024,31206,rural,26,mujer,1,84,1.1904761904761905
2024,31206,rural,27,hombre,3,165,1.8181818181818181
2024,31206,rural,27,mujer,1,86,1.1627906976744187
2024,31206,rural,28,hombre,2,160,1.25
2024,31206,rural,28,mujer,7,112,6.25
2024,31206,urbana,16,hombre,24,124,19.35483870967742
2024,31206,urbana,16,mujer,20,96,20.833333333333332
2024,31206,urbana,17,hombre,19,128,14.84375
2024,31206,urbana,17,mujer,10,94,10.638297872340425
2024,31206,urbana,18,hombre,23,161,14.285714285714286
2024,31206,urbana,18,mujer,12,124,9.67741935483871
2024,31206,urbana,19,hombre,11,152,7.2368421052631575
2024,31206,urbana,19,mujer,16,147,10.884353741496598
2024,31206,urbana,20,hombre,18,181,9.94475138121547
2024,31206,urbana,20,mujer,10,135,7.407407407407407
2024,31206,urbana,21,hombre,13,182,7.142857142857143
2024,31206,urbana,21,mujer,15,159,9.433962264150944
2024,31206,urbana,22,hombre,9,193,4.66321243523316
2024,31206,urbana,22,mujer,8,163,4.9079754601226995
2024,31206,urbana,23,hombre,17,219,7.762557077625571
2024,31206,urbana,23,mujer,17,213,7.981220657276995
2024,31206,urbana,24,hombre,15,245,6.122448979591836
2024,31206,urbana,24,mujer,23,196,11.73469387755102
2024,31206,urbana,25,hombre,11,208,5.288461538461538
2024,31206,urbana,25,mujer,11,164,6.7073170731707314
2024,31206,urbana,26,hombre,13,218,5.963302752293578
2024,31206,urbana,26,mujer,10,178,5.617977528089888
2024,31206,urbana,27,hombre,8,221,3.6199095022624435
2024,31206,urbana,27,mujer,7,170,4.117647058823529
2024,31206,urbana,28,hombre,3,226,1.3274336283185841
2024,31206,urbana,28,mujer,12,203,5.911330049261084
2024,31301,rural,16,hombre,9,68,13.235294117647058
2024,31301,rural,16,mujer,10,43,23.25581395348837
2024,31301,rural,17,hombre,14,71,19.718309859154928
2024,31301,rural,17,mujer,7,47,14.893617021276595
2024,31301,rural,18,hombre,10,64,15.625
2024,31301,rural,18,mujer,12,59,20.338983050847457
2024,31301,rural,19,hombre,7,65,10.76923076923077
2024,31301,rural,19,mujer,6,55,10.909090909090908
2024,31301,rural,20,hombre,6,61,9.836065573770492
2024,31301,rural,20,mujer,7,62,11.290322580645162
2024,31301,rural,21,hombre,8,65,12.307692307692308
2024,31301,rural,21,mujer,3,54,5.555555555555555
2024,31301,rural,22,hombre,3,80,3.75
2024,31301,rural,22,mujer,5,45,11.11111111111111
2024,31301,rural,23,hombre,8,81,9.876543209876543
2024,31301,rural,23,mujer,6,67,8.955223880597014
2024,31301,rural,24,hombre,5,84,5.9523809523809526
2024,31301,rural,24,mujer,2,68,2.9411764705882355
2024,31301,rural,25,hombre,5,74,6.756756756756757
2024,31301,rural,25,mujer,2,69,2.898550724637681
2024,31301,rural,26,hombre,6,76,7.894736842105263
2024,31301,rural,26,mujer,7,66,10.606060606060606
2024,31301,rural,27,hombre,1,75,1.3333333333333333
2024,31301,rural,27,mujer,5,54,9.25925925925926
2024,31301,rural,28,hombre,1,80,1.25
2024,31301,rural,28,mujer,1,57,1.7543859649122806
2024,31301,urbana,16,hombre,5,19,26.31578947368421
2024,31301,urbana,16,mujer,6,13,46.15384615384615
2024,31301,urbana,17,hombre,1,22,4.545454545454546
2024,31301,urbana,17,mujer,4,16,25.0
2024,31301,urbana,18,hombre,4,28,14.285714285714286
2024,31301,urbana,18,mujer,3,21,14.285714285714286
2024,31301,urbana,19,hombre,2,20,10.0
2024,31301,urbana,19,mujer,1,18,5.555555555555555
2024,31301,urbana,20,hombre,2,31,6.451612903225806
2024,31301,urbana,20,mujer,1,20,5.0
2024,31301,urbana,21,hombre,0,28,0.0
2024,31301,urbana,21,mujer,2,24,8.333333333333334
2024,31301,urbana,22,hombre,1,33,3.0303030303030303
2024,31301,urbana,22,mujer,2,22,9.090909090909092
2024,31301,urbana,23,hombre,2,48,4.166666666666667
2024,31301,urbana,23,mujer,3,29,10.344827586206897
2024,31301,urbana,24,hombre,0,39,0.0
2024,31301,urbana,24,mujer,1,26,3.8461538461538463
2024,31301,urbana,25,hombre,1,28,3.5714285714285716
2024,31301,urbana,25,mujer,3,30,10.0
2024,31301,urbana,26,hombre,1,38,2.6315789473684212
2024,31301,urbana,26,mujer,1,25,4.0
2024,31301,urbana,27,hombre,1,51,1.9607843137254901
2024,31301,urbana,27,mujer,4,25,16.0
2024,31301,urbana,28,hombre,1,39,2.5641025641025643
2024,31301,urbana,28,mujer,2,32,6.25
2024,31302,rural,16,hombre,0,16,0.0
2024,31302,rural,16,mujer,1,7,14.285714285714286
2024,31302,rural,17,hombre,2,17,11.764705882352942
2024,31302,rural,17,mujer,0,10,0.0
2024,31302,rural,18,hombre,0,14,0.0
2024,31302,rural,18,mujer,0,15,0.0
2024,31302,rural,19,hombre,0,20,0.0
2024,31302,rural,19,mujer,1,18,5.555555555555555
2024,31302,rural,20,hombre,1,19,5.2631578947368425
2024,31302,rural,20,mujer,0,20,0.0
2024,31302,rural,21,hombre,0,33,0.0
2024,31302,rural,21,mujer,1,12,8.333333333333334
2024,31302,rural,22,hombre,2,27,7.407407407407407
2024,31302,rural,22,mujer,1,15,6.666666666666667
2024,31302,rural,23,hombre,1,23,4.3478260869565215
2024,31302,rural,23,mujer,1,15,6.666666666666667
2024,31302,rural,24,hombre,0,17,0.0
2024,31302,rural,24,mujer,1,14,7.142857142857143
2024,31302,rural,25,hombre,1,21,4.761904761904762
2024,31302,rural,25,mujer,1,15,6.666666666666667
2024,31302,rural,26,hombre,2,17,11.764705882352942
2024,31302,rural,26,mujer,1,11,9.090909090909092
2024,31302,rural,27,hombre,0,18,0.0
2024,31302,rural,27,mujer,0,13,0.0
2024,31302,rural,28,hombre,0,21,0.0
2024,31302,rural,28,mujer,0,14,0.0
2024,31303,rural,16,hombre,2,20,10.0
2024,31303,rural,16,mujer,0,11,0.0
2024,31303,rural,17,hombre,2,19,10.526315789473685
2024,31303,rural,17,mujer,2,11,18.181818181818183
2024,31303,rural,18,hombre,4,25,16.0
2024,31303,rural,18,mujer,2,12,16.666666666666668
2024,31303,rural,19,hombre,1,28,3.5714285714285716
2024,31303,rural,19,mujer,1,14,7.142857142857143
2024,31303,rural,20,hombre,1,19,5.2631578947368425
2024,31303,rural,20,mujer,3,19,15.789473684210526
2024,31303,rural,21,hombre,3,17,17.647058823529413
2024,31303,rural,21,mujer,1,16,6.25
2024,31303,rural,22,hombre,1,26,3.8461538461538463
2024,31303,rural,22,mujer,1,15,6.666666666666667
2024,31303,rural,23,hombre,2,26,7.6923076923076925
2024,31303,rural,23,mujer,0,21,0.0
2024,31303,rural,24,hombre,0,29,0.0
2024,31303,rural,24,mujer,3,15,20.0
2024,31303,rural,25,hombre,0,27,0.0
2024,31303,rural,25,mujer,1,18,5.555555555555555
2024,31303,rural,26,hombre,0,20,0.0
2024,31303,rural,26,mujer,0,14,0.0
2024,31303,rural,27,hombre,0,21,0.0
2024,31303,rural,27,mujer,1,20,5.0
2024,31303,rural,28,hombre,1,28,3.5714285714285716
2024,31303,rural,28,mujer,2,16,12.5
2024,31304,rural,16,hombre,3,33,9.090909090909092
2024,31304,rural,16,mujer,3,22,13.636363636363637
2024,31304,rural,17,hombre,2,34,5.882352941176471
2024,31304,rural,17,mujer,2,21,9.523809523809524
2024,31304,rural,18,hombre,1,34,2.9411764705882355
2024,31304,rural,18,mujer,5,27,18.51851851851852
2024,31304,rural,19,hombre,2,48,4.166666666666667
2024,31304,rural,19,mujer,3,27,11.11111111111111
2024,31304,rural,20,hombre,6,49,12.244897959183673
2024,31304,rural,20,mujer,1,30,3.3333333333333335
2024,31304,rural,21,hombre,5,43,11.627906976744185
2024,31304,rural,21,mujer,0,17,0.0
2024,31304,rural,22,hombre,3,40,7.5
2024,31304,rural,22,mujer,1,17,5.882352941176471
2024,31304,rural,23,hombre,6,47,12.76595744680851
2024,31304,rural,23,mujer,1,27,3.7037037037037037
2024,31304,rural,24,hombre,5,48,10.416666666666666
2024,31304,rural,24,mujer,0,25,0.0
2024,31304,rural,25,hombre,7,43,16.27906976744186
2024,31304,rural,25,mujer,1,19,5.2631578947368425
2024,31304,rural,26,hombre,3,41,7.317073170731708
2024,31304,rural,26,mujer,0,12,0.0
2024,31304,rural,27,hombre,0,28,0.0
2024,31304,rural,27,mujer,1,19,5.2631578947368425
2024,31304,rural,28,hombre,1,43,2.3255813953488373
2024,31304,rural,28,mujer,1,11,9.090909090909092
2024,31401,rural,16,hombre,3,21,14.285714285714286
2024,31401,rural,16,mujer,1,11,9.090909090909092
2024,31401,rural,17,hombre,6,23,26.08695652173913
2024,31401,rural,17,mujer,2,13,15.384615384615385
2024,31401,rural,18,hombre,5,23,21.73913043478261
2024,31401,rural,18,mujer,5,29,17.24137931034483
2024,31401,rural,19,hombre,3,28,10.714285714285714
2024,31401,rural,19,mujer,4,28,14.285714285714286
2024,31401,rural,20,hombre,2,26,7.6923076923076925
2024,31401,rural,20,mujer,5,21,23.80952380952381
2024,31401,rural,21,hombre,0,42,0.0
2024,31401,rural,21,mujer,4,28,14.285714285714286
2024,31401,rural,22,hombre,3,35,8.571428571428571
2024,31401,rural,22,mujer,1,29,3.4482758620689653
2024,31401,rural,23,hombre,4,34,11.764705882352942
2024,31401,rural,23,mujer,2,40,5.0
2024,31401,rural,24,hombre,3,57,5.2631578947368425
2024,31401,rural,24,mujer,0,43,0.0
2024,31401,rural,25,hombre,2,36,5.555555555555555
2024,31401,rural,25,mujer,3,36,8.333333333333334
2024,31401,rural,26,hombre,1,39,2.5641025641025643
2024,31401,rural,26,mujer,2,46,4.3478260869565215
2024,31401,rural,27,hombre,0,44,0.0
2024,31401,rural,27,mujer,1,43,2.3255813953488373
2024,31401,rural,28,hombre,3,56,5.357142857142857
2024,31401,rural,28,mujer,2,38,5.2631578947368425
2024,31401,urbana,16,hombre,16,77,20.77922077922078
2024,31401,urbana,16,mujer,16,58,27.586206896551722
2024,31401,urbana,17,hombre,23,79,29.11392405063291
2024,31401,urbana,17,mujer,21,55,38.18181818181818
2024,31401,urbana,18,hombre,12,67,17.91044776119403
2024,31401,urbana,18,mujer,14,80,17.5
2024,31401,urbana,19,hombre,14,96,14.583333333333334
2024,31401,urbana,19,mujer,12,82,14.634146341463415
2024,31401,urbana,20,hombre,11,92,11.956521739130435
2024,31401,urbana,20,mujer,11,86,12.790697674418604
2024,31401,urbana,21,hombre,12,103,11.650485436893204
2024,31401,urbana,21,mujer,13,86,15.116279069767442
2024,31401,urbana,22,hombre,12,125,9.6
2024,31401,urbana,22,mujer,10,102,9.803921568627452
2024,31401,urbana,23,hombre,12,138,8.695652173913043
2024,31401,urbana,23,mujer,15,130,11.538461538461538
2024,31401,urbana,24,hombre,15,149,10.06711409395973
2024,31401,urbana,24,mujer,11,129,8.527131782945736
2024,31401,urbana,25,hombre,9,171,5.2631578947368425
2024,31401,urbana,25,mujer,13,156,8.333333333333334
2024,31401,urbana,26,hombre,3,147,2.0408163265306123
2024,31401,urbana,26,mujer,13,162,8.024691358024691
2024,31401,urbana,27,hombre,5,149,3.3557046979865772
2024,31401,urbana,27,mujer,6,158,3.7974683544303796
2024,31401,urbana,28,hombre,3,158,1.8987341772151898
2024,31401,urbana,28,mujer,7,152,4.605263157894737
2024,31402,rural,16,hombre,3,10,30.0
2024,31402,rural,16,mujer,0,6,0.0
2024,31402,rural,17,hombre,3,18,16.666666666666668
2024,31402,rural,17,mujer,2,10,20.0
2024,31402,rural,18,hombre,2,16,12.5
2024,31402,rural,18,mujer,5,23,21.73913043478261
2024,31402,rural,19,hombre,1,17,5.882352941176471
2024,31402,rural,19,mujer,1,14,7.142857142857143
2024,31402,rural,20,hombre,2,23,8.695652173913043
2024,31402,rural,20,mujer,2,15,13.333333333333334
2024,31402,rural,21,hombre,3,37,8.108108108108109
2024,31402,rural,21,mujer,3,21,14.285714285714286
2024,31402,rural,22,hombre,1,22,4.545454545454546
2024,31402,rural,22,mujer,0,15,0.0
2024,31402,rural,23,hombre,3,21,14.285714285714286
2024,31402,rural,23,mujer,1,16,6.25
2024,31402,rural,24,hombre,3,22,13.636363636363637
2024,31402,rural,24,mujer,3,25,12.0
2024,31402,rural,25,hombre,2,22,9.090909090909092
2024,31402,rural,25,mujer,0,21,0.0
2024,31402,rural,26,hombre,3,28,10.714285714285714
2024,31402,rural,26,mujer,1,30,3.3333333333333335
2024,31402,rural,27,hombre,2,31,6.451612903225806
2024,31402,rural,27,mujer,1,27,3.7037037037037037
2024,31402,rural,28,hombre,2,36,5.555555555555555
2024,31402,rural,28,mujer,2,24,8.333333333333334
2024,31402,urbana,16,hombre,1,14,7.142857142857143
2024,31402,urbana,16,mujer,2,5,40.0
2024,31402,urbana,17,hombre,2,13,15.384615384615385
2024,31402,urbana,17,mujer,6,14,42.857142857142854
2024,31402,urbana,18,hombre,0,12,0.0
2024,31402,urbana,18,mujer,1,13,7.6923076923076925
2024,31402,urbana,19,hombre,3,16,18.75
2024,31402,urbana,19,mujer,4,15,26.666666666666668
2024,31402,urbana,20,hombre,0,17,0.0
2024,31402,urbana,20,mujer,1,14,7.142857142857143
2024,31402,urbana,21,hombre,2,24,8.333333333333334
2024,31402,urbana,21,mujer,1,10,10.0
2024,31402,urbana,22,hombre,1,17,5.882352941176471
2024,31402,urbana,22,mujer,1,17,5.882352941176471
2024,31402,urbana,23,hombre,0,11,0.0
2024,31402,urbana,23,mujer,1,19,5.2631578947368425
2024,31402,urbana,24,hombre,0,17,0.0
2024,31402,urbana,24,mujer,0,17,0.0
2024,31402,urbana,25,hombre,1,16,6.25
2024,31402,urbana,25,mujer,0,12,0.0
2024,31402,urbana,26,hombre,0,15,0.0
2024,31402,urbana,26,mujer,0,22,0.0
2024,31402,urbana,27,hombre,0,17,0.0
2024,31402,urbana,27,mujer,1,16,6.25
2024,31402,urbana,28,hombre,0,11,0.0
2024,31402,urbana,28,mujer,0,12,0.0
2024,31403,rural,16,hombre,1,7,14.285714285714286
2024,31403,rural,16,mujer,0,7,0.0
2024,31403,rural,17,hombre,6,14,42.857142857142854
2024,31403,rural,17,mujer,1,7,14.285714285714286
2024,31403,rural,18,hombre,0,11,0.0
2024,31403,rural,18,mujer,2,11,18.181818181818183
2024,31403,rural,19,hombre,4,18,22.22222222222222
2024,31403,rural,19,mujer,0,5,0.0
2024,31403,rural,20,hombre,3,23,13.043478260869565
2024,31403,rural,20,mujer,3,14,21.428571428571427
2024,31403,rural,21,hombre,1,18,5.555555555555555
2024,31403,rural,21,mujer,3,10,30.0
2024,31403,rural,22,hombre,1,22,4.545454545454546
2024,31403,rural,22,mujer,4,19,21.05263157894737
2024,31403,rural,23,hombre,2,18,11.11111111111111
2024,31403,rural,23,mujer,3,17,17.647058823529413
2024,31403,rural,24,hombre,0,18,0.0
2024,31403,rural,24,mujer,2,17,11.764705882352942
2024,31403,rural,25,hombre,1,19,5.2631578947368425
2024,31403,rural,25,mujer,3,23,13.043478260869565
2024,31403,rural,26,hombre,1,24,4.166666666666667
2024,31403,rural,26,mujer,1,12,8.333333333333334
2024,31403,rural,27,hombre,1,30,3.3333333333333335
2024,31403,rural,27,mujer,0,13,0.0
2024,31403,rural,28,hombre,2,34,5.882352941176471
2024,31403,rural,28,mujer,4,25,16.0
2024,31403,urbana,16,hombre,2,20,10.0
2024,31403,urbana,16,mujer,2,14,14.285714285714286
2024,31403,urbana,17,hombre,13,34,38.23529411764706
2024,31403,urbana,17,mujer,3,15,20.0
2024,31403,urbana,18,hombre,2,24,8.333333333333334
2024,31403,urbana,18,mujer,2,19,10.526315789473685
2024,31403,urbana,19,hombre,5,27,18.51851851851852
2024,31403,urbana,19,mujer,3,30,10.0
2024,31403,urbana,20,hombre,6,38,15.789473684210526
2024,31403,urbana,20,mujer,5,22,22.727272727272727
2024,31403,urbana,21,hombre,4,30,13.333333333333334
2024,31403,urbana,21,mujer,2,23,8.695652173913043
2024,31403,urbana,22,hombre,5,44,11.363636363636363
2024,31403,urbana,22,mujer,4,33,12.121212121212121
2024,31403,urbana,23,hombre,1,38,2.6315789473684212
2024,31403,urbana,23,mujer,3,30,10.0
2024,31403,urbana,24,hombre,3,47,6.382978723404255
2024,31403,urbana,24,mujer,1,32,3.125
2024,31403,urbana,25,hombre,5,41,12.195121951219512
2024,31403,urbana,25,mujer,1,35,2.857142857142857
2024,31403,urbana,26,hombre,1,60,1.6666666666666667
2024,31403,urbana,26,mujer,3,43,6.976744186046512
2024,31403,urbana,27,hombre,1,41,2.4390243902439024
2024,31403,urbana,27,mujer,1,42,2.380952380952381
2024,31403,urbana,28,hombre,2,55,3.6363636363636362
2024,31403,urbana,28,mujer,1,45,2.2222222222222223
2024,31404,rural,16,hombre,1,6,16.666666666666668
2024,31404,rural,16,mujer,0,2,0.0
2024,31404,rural,17,hombre,0,3,0.0
2024,31404,rural,18,hombre,1,5,20.0
2024,31404,rural,18,mujer,0,5,0.0
2024,31404,rural,19,hombre,1,3,33.333333333333336
2024,31404,rural,19,mujer,0,3,0.0
2024,31404,rural,20,hombre,0,5,0.0
2024,31404,rural,20,mujer,0,3,0.0
2024,31404,rural,21,hombre,0,4,0.0
2024,31404,rural,21,mujer,0,4,0.0
2024,31404,rural,22,hombre,0,2,0.0
2024,31404,rural,22,mujer,0,6,0.0
2024,31404,rural,23,hombre,0,2,0.0
2024,31404,rural,23,mujer,0,4,0.0
2024,31404,rural,24,hombre,0,4,0.0
2024,31404,rural,24,mujer,0,7,0.0
2024,31404,rural,25,hombre,0,7,0.0
2024,31404,rural,25,mujer,0,1,0.0
2024,31404,rural,26,hombre,0,7,0.0
2024,31404,rural,26,mujer,0,6,0.0
2024,31404,rural,27,hombre,0,2,0.0
2024,31404,rural,27,mujer,1,6,16.666666666666668
2024,31404,rural,28,hombre,0,5,0.0
2024,31404,rural,28,mujer,0,4,0.0
2024,31405,rural,16,hombre,0,3,0.0
2024,31405,rural,16,mujer,3,5,60.0
2024,31405,rural,17,hombre,0,3,0.0
2024,31405,rural,17,mujer,0,5,0.0
2024,31405,rural,18,hombre,1,9,11.11111111111111
2024,31405,rural,18,mujer,0,6,0.0
2024,31405,rural,19,hombre,0,13,0.0
2024,31405,rural,19,mujer,1,4,25.0
2024,31405,rural,20,hombre,1,11,9.090909090909092
2024,31405,rural,20,mujer,0,11,0.0
2024,31405,rural,21,hombre,0,15,0.0
2024,31405,rural,21,mujer,0,5,0.0
2024,31405,rural,22,hombre,0,14,0.0
2024,31405,rural,22,mujer,0,12,0.0
2024,31405,rural,23,hombre,1,14,7.142857142857143
2024,31405,rural,23,mujer,2,14,14.285714285714286
2024,31405,rural,24,hombre,0,20,0.0
2024,31405,rural,24,mujer,1,13,7.6923076923076925
2024,31405,rural,25,hombre,0,22,0.0
2024,31405,rural,25,mujer,0,21,0.0
2024,31405,rural,26,hombre,1,14,7.142857142857143
2024,31405,rural,26,mujer,0,16,0.0
2024,31405,rural,27,hombre,0,25,0.0
2024,31405,rural,27,mujer,0,11,0.0
2024,31405,rural,28,hombre,0,18,0.0
2024,31405,rural,28,mujer,1,20,5.0
2024,31501,rural,16,hombre,2,16,12.5
2024,31501,rural,16,mujer,0,12,0.0
2024,31501,rural,17,hombre,0,10,0.0
2024,31501,rural,17,mujer,1,8,12.5
2024,31501,rural,18,hombre,1,13,7.6923076923076925
2024,31501,rural,18,mujer,0,14,0.0
2024,31501,rural,19,hombre,0,15,0.0
2024,31501,rural,19,mujer,1,16,6.25
2024,31501,rural,20,hombre,0,29,0.0
2024,31501,rural,20,mujer,1,24,4.166666666666667
2024,31501,rural,21,hombre,0,37,0.0
2024,31501,rural,21,mujer,3,23,13.043478260869565
2024,31501,rural,22,hombre,1,51,1.9607843137254901
2024,31501,rural,22,mujer,0,13,0.0
2024,31501,rural,23,hombre,1,49,2.0408163265306123
2024,31501,rural,23,mujer,0,19,0.0
2024,31501,rural,24,hombre,0,54,0.0
2024,31501,rural,24,mujer,3,25,12.0
2024,31501,rural,25,hombre,1,41,2.4390243902439024
2024,31501,rural,25,mujer,1,20,5.0
2024,31501,rural,26,hombre,1,34,2.9411764705882355
2024,31501,rural,26,mujer,1,21,4.761904761904762
2024,31501,rural,27,hombre,0,46,0.0
2024,31501,rural,27,mujer,1,19,5.2631578947368425
2024,31501,rural,28,hombre,1,42,2.380952380952381
2024,31501,rural,28,mujer,2,20,10.0
2024,31601,rural,16,hombre,6,57,10.526315789473685
2024,31601,rural,16,mujer,12,47,25.53191489361702
2024,31601,rural,17,hombre,11,62,17.741935483870968
2024,31601,rural,17,mujer,15,57,26.31578947368421
2024,31601,rural,18,hombre,15,79,18.9873417721519
2024,31601,rural,18,mujer,14,58,24.137931034482758
2024,31601,rural,19,hombre,9,80,11.25
2024,31601,rural,19,mujer,5,53,9.433962264150944
2024,31601,rural,20,hombre,4,73,5.47945205479452
2024,31601,rural,20,mujer,6,54,11.11111111111111
2024,31601,rural,21,hombre,8,92,8.695652173913043
2024,31601,rural,21,mujer,4,74,5.405405405405405
2024,31601,rural,22,hombre,9,78,11.538461538461538
2024,31601,rural,22,mujer,5,69,7.246376811594203
2024,31601,rural,23,hombre,8,106,7.547169811320755
2024,31601,rural,23,mujer,4,74,5.405405405405405
2024,31601,rural,24,hombre,8,99,8.080808080808081
2024,31601,rural,24,mujer,7,89,7.865168539325842
2024,31601,rural,25,hombre,6,99,6.0606060606060606
2024,31601,rural,25,mujer,6,81,7.407407407407407
2024,31601,rural,26,hombre,4,92,4.3478260869565215
2024,31601,rural,26,mujer,9,63,14.285714285714286
2024,31601,rural,27,hombre,4,93,4.301075268817204
2024,31601,rural,27,mujer,0,65,0.0
2024,31601,rural,28,hombre,1,85,1.1764705882352942
2024,31601,rural,28,mujer,3,66,4.545454545454546
2024,31601,urbana,16,hombre,3,5,60.0
2024,31601,urbana,16,mujer,1,7,14.285714285714286
2024,31601,urbana,17,hombre,3,11,27.272727272727273
2024,31601,urbana,17,mujer,0,4,0.0
2024,31601,urbana,18,hombre,1,8,12.5
2024,31601,urbana,18,mujer,0,3,0.0
2024,31601,urbana,19,hombre,3,11,27.272727272727273
2024,31601,urbana,19,mujer,2,6,33.333333333333336
2024,31601,urbana,20,hombre,0,12,0.0
2024,31601,urbana,20,mujer,0,5,0.0
2024,31601,urbana,21,hombre,1,12,8.333333333333334
2024,31601,urbana,21,mujer,2,12,16.666666666666668
2024,31601,urbana,22,hombre,1,16,6.25
2024,31601,urbana,22,mujer,1,7,14.285714285714286
2024,31601,urbana,23,hombre,1,17,5.882352941176471
2024,31601,urbana,23,mujer,1,14,7.142857142857143
2024,31601,urbana,24,hombre,1,13,7.6923076923076925
2024,31601,urbana,24,mujer,1,12,8.333333333333334
2024,31601,urbana,25,hombre,0,15,0.0
2024,31601,urbana,25,mujer,1,14,7.142857142857143
2024,31601,urbana,26,hombre,0,13,0.0
2024,31601,urbana,26,mujer,0,10,0.0
2024,31601,urbana,27,hombre,0,16,0.0
2024,31601,urbana,27,mujer,0,17,0.0
2024,31601,urbana,28,hombre,1,16,6.25
2024,31601,urbana,28,mujer,1,12,8.333333333333334
2024,31602,rural,16,hombre,11,77,14.285714285714286
2024,31602,rural,16,mujer,4,43,9.30232558139535
2024,31602,rural,17,hombre,12,95,12.631578947368421
2024,31602,rural,17,mujer,9,56,16.071428571428573
2024,31602,rural,18,hombre,8,116,6.896551724137931
2024,31602,rural,18,mujer,6,59,10.169491525423728
2024,31602,rural,19,hombre,9,98,9.183673469387756
2024,31602,rural,19,mujer,3,86,3.488372093023256
2024,31602,rural,20,hombre,6,151,3.9735099337748343
2024,31602,rural,20,mujer,3,80,3.75
2024,31602,rural,21,hombre,5,117,4.273504273504273
2024,31602,rural,21,mujer,8,88,9.090909090909092
2024,31602,rural,22,hombre,8,136,5.882352941176471
2024,31602,rural,22,mujer,8,107,7.4766355140186915
2024,31602,rural,23,hombre,2,146,1.36986301369863
2024,31602,rural,23,mujer,6,77,7.792207792207792
2024,31602,rural,24,hombre,6,153,3.9215686274509802
2024,31602,rural,24,mujer,3,98,3.061224489795918
2024,31602,rural,25,hombre,6,158,3.7974683544303796
2024,31602,rural,25,mujer,5,100,5.0
2024,31602,rural,26,hombre,4,142,2.816901408450704
2024,31602,rural,26,mujer,6,108,5.555555555555555
2024,31602,rural,27,hombre,2,124,1.6129032258064515
2024,31602,rural,27,mujer,4,93,4.301075268817204
2024,31602,rural,28,hombre,3,132,2.272727272727273
2024,31602,rural,28,mujer,3,95,3.1578947368421053
2024,31602,urbana,16,hombre,8,39,20.512820512820515
2024,31602,urbana,16,mujer,8,33,24.242424242424242
2024,31602,urbana,17,hombre,7,50,14.0
2024,31602,urbana,17,mujer,9,43,20.930232558139537
2024,31602,urbana,18,hombre,11,50,22.0
2024,31602,urbana,18,mujer,4,39,10.256410256410257
2024,31602,urbana,19,hombre,10,50,20.0
2024,31602,urbana,19,mujer,5,51,9.803921568627452
2024,31602,urbana,20,hombre,7,63,11.11111111111111
2024,31602,urbana,20,mujer,8,56,14.285714285714286
2024,31602,urbana,21,hombre,6,57,10.526315789473685
2024,31602,urbana,21,mujer,3,47,6.382978723404255
2024,31602,urbana,22,hombre,5,58,8.620689655172415
2024,31602,urbana,22,mujer,2,59,3.389830508474576
2024,31602,urbana,23,hombre,7,87,8.045977011494253
2024,31602,urbana,23,mujer,1,65,1.5384615384615385
2024,31602,urbana,24,hombre,3,61,4.918032786885246
2024,31602,urbana,24,mujer,1,60,1.6666666666666667
2024,31602,urbana,25,hombre,1,73,1.36986301369863
2024,31602,urbana,25,mujer,1,68,1.4705882352941178
2024,31602,urbana,26,hombre,2,55,3.6363636363636362
2024,31602,urbana,26,mujer,2,67,2.985074626865672
2024,31602,urbana,27,hombre,2,70,2.857142857142857
2024,31602,urbana,27,mujer,4,67,5.970149253731344
2024,31602,urbana,28,hombre,3,79,3.7974683544303796
2024,31602,urbana,28,mujer,2,64,3.125
2024,40101,rural,21,hombre,1,1,100.0
2024,40101,rural,22,hombre,0,1,0.0
2024,40101,rural,22,mujer,0,1,0.0
2024,40101,rural,24,hombre,0,1,0.0
2024,40101,rural,25,hombre,0,1,0.0
2024,40101,rural,25,mujer,0,1,0.0
2024,40101,rural,26,hombre,0,3,0.0
2024,40101,rural,28,mujer,0,1,0.0
2024,40101,urbana,16,hombre,133,489,27.198364008179958
2024,40101,urbana,16,mujer,135,381,35.43307086614173
2024,40101,urbana,17,hombre,139,553,25.135623869801083
2024,40101,urbana,17,mujer,121,477,25.366876310272538
2024,40101,urbana,18,hombre,122,772,15.803108808290155
2024,40101,urbana,18,mujer,135,694,19.45244956772334
2024,40101,urbana,19,hombre,126,929,13.562970936490851
2024,40101,urbana,19,mujer,135,838,16.10978520286396
2024,40101,urbana,20,hombre,119,1132,10.512367491166078
2024,40101,urbana,20,mujer,128,908,14.09691629955947
2024,40101,urbana,21,hombre,126,1365,9.23076923076923
2024,40101,urbana,21,mujer,125,983,12.71617497456765
2024,40101,urbana,22,hombre,110,1538,7.152145643693108
2024,40101,urbana,22,mujer,127,1050,12.095238095238095
2024,40101,urbana,23,hombre,100,1754,5.701254275940707
2024,40101,urbana,23,mujer,105,1270,8.26771653543307
2024,40101,urbana,24,hombre,94,1762,5.334846765039727
2024,40101,urbana,24,mujer,113,1451,7.787732598208132
2024,40101,urbana,25,hombre,100,1758,5.688282138794084
2024,40101,urbana,25,mujer,91,1421,6.403940886699507
2024,40101,urbana,26,hombre,77,1836,4.193899782135076
2024,40101,urbana,26,mujer,94,1518,6.19235836627141
2024,40101,urbana,27,hombre,60,1916,3.1315240083507305
2024,40101,urbana,27,mujer,76,1544,4.922279792746114
2024,40101,urbana,28,hombre,44,1970,2.233502538071066
2024,40101,urbana,28,mujer,69,1690,4.0828402366863905
2024,40102,rural,16,hombre,4,23,17.391304347826086
2024,40102,rural,16,mujer,5,23,21.73913043478261
2024,40102,rural,17,hombre,4,25,16.0
2024,40102,rural,17,mujer,1,24,4.166666666666667
2024,40102,rural,18,hombre,4,43,9.30232558139535
2024,40102,rural,18,mujer,5,38,13.157894736842104
2024,40102,rural,19,hombre,5,50,10.0
2024,40102,rural,19,mujer,2,40,5.0
2024,40102,rural,20,hombre,3,54,5.555555555555555
2024,40102,rural,20,mujer,3,46,6.521739130434782
2024,40102,rural,21,hombre,3,64,4.6875
2024,40102,rural,21,mujer,1,41,2.4390243902439024
2024,40102,rural,22,hombre,3,68,4.411764705882353
2024,40102,rural,22,mujer,4,50,8.0
2024,40102,rural,23,hombre,3,64,4.6875
2024,40102,rural,23,mujer,3,56,5.357142857142857
2024,40102,rural,24,hombre,6,105,5.714285714285714
2024,40102,rural,24,mujer,5,58,8.620689655172415
2024,40102,rural,25,hombre,2,86,2.3255813953488373
2024,40102,rural,25,mujer,2,54,3.7037037037037037
2024,40102,rural,26,hombre,2,85,2.3529411764705883
2024,40102,rural,26,mujer,4,64,6.25
2024,40102,rural,27,hombre,1,79,1.2658227848101267
2024,40102,rural,27,mujer,3,79,3.7974683544303796
2024,40102,rural,28,hombre,3,82,3.658536585365854
2024,40102,rural,28,mujer,1,62,1.6129032258064515
2024,40102,urbana,16,hombre,3,18,16.666666666666668
2024,40102,urbana,16,mujer,4,16,25.0
2024,40102,urbana,17,hombre,7,20,35.0
2024,40102,urbana,17,mujer,4,13,30.76923076923077
2024,40102,urbana,18,hombre,7,24,29.166666666666668
2024,40102,urbana,18,mujer,3,21,14.285714285714286
2024,40102,urbana,19,hombre,7,42,16.666666666666668
2024,40102,urbana,19,mujer,1,16,6.25
2024,40102,urbana,20,hombre,3,34,8.823529411764707
2024,40102,urbana,20,mujer,2,18,11.11111111111111
2024,40102,urbana,21,hombre,2,46,4.3478260869565215
2024,40102,urbana,21,mujer,3,33,9.090909090909092
2024,40102,urbana,22,hombre,3,48,6.25
2024,40102,urbana,22,mujer,4,30,13.333333333333334
2024,40102,urbana,23,hombre,1,62,1.6129032258064515
2024,40102,urbana,23,mujer,2,29,6.896551724137931
2024,40102,urbana,24,hombre,2,53,3.7735849056603774
2024,40102,urbana,24,mujer,2,33,6.0606060606060606
2024,40102,urbana,25,hombre,0,52,0.0
2024,40102,urbana,25,mujer,2,37,5.405405405405405
2024,40102,urbana,26,hombre,3,53,5.660377358490566
2024,40102,urbana,26,mujer,0,40,0.0
2024,40102,urbana,27,hombre,2,46,4.3478260869565215
2024,40102,urbana,27,mujer,0,34,0.0
2024,40102,urbana,28,hombre,1,39,2.5641025641025643
2024,40102,urbana,28,mujer,3,27,11.11111111111111
2024,40103,rural,16,hombre,4,21,19.047619047619047
2024,40103,rural,16,mujer,7,23,30.434782608695652
2024,40103,rural,17,hombre,3,16,18.75
2024,40103,rural,17,mujer,6,22,27.272727272727273
2024,40103,rural,18,hombre,3,27,11.11111111111111
2024,40103,rural,18,mujer,6,23,26.08695652173913
2024,40103,rural,19,hombre,2,38,5.2631578947368425
2024,40103,rural,19,mujer,7,33,21.21212121212121
2024,40103,rural,20,hombre,1,35,2.857142857142857
2024,40103,rural,20,mujer,1,35,2.857142857142857
2024,40103,rural,21,hombre,2,37,5.405405405405405
2024,40103,rural,21,mujer,4,34,11.764705882352942
2024,40103,rural,22,hombre,0,41,0.0
2024,40103,rural,22,mujer,3,40,7.5
2024,40103,rural,23,hombre,3,56,5.357142857142857
2024,40103,rural,23,mujer,4,41,9.75609756097561
2024,40103,rural,24,hombre,4,62,6.451612903225806
2024,40103,rural,24,mujer,1,39,2.5641025641025643
2024,40103,rural,25,hombre,0,57,0.0
2024,40103,rural,25,mujer,4,41,9.75609756097561
2024,40103,rural,26,hombre,0,36,0.0
2024,40103,rural,26,mujer,6,47,12.76595744680851
2024,40103,rural,27,hombre,1,57,1.7543859649122806
2024,40103,rural,27,mujer,2,45,4.444444444444445
2024,40103,rural,28,hombre,2,55,3.6363636363636362
2024,40103,rural,28,mujer,0,46,0.0
2024,40104,rural,16,hombre,9,42,21.428571428571427
2024,40104,rural,16,mujer,7,29,24.137931034482758
2024,40104,rural,17,hombre,3,35,8.571428571428571
2024,40104,rural,17,mujer,3,25,12.0
2024,40104,rural,18,hombre,2,35,5.714285714285714
2024,40104,rural,18,mujer,1,41,2.4390243902439024
2024,40104,rural,19,hombre,3,59,5.084745762711864
2024,40104,rural,19,mujer,0,43,0.0
2024,40104,rural,20,hombre,6,67,8.955223880597014
2024,40104,rural,20,mujer,6,59,10.169491525423728
2024,40104,rural,21,hombre,4,70,5.714285714285714
2024,40104,rural,21,mujer,7,59,11.864406779661017
2024,40104,rural,22,hombre,4,72,5.555555555555555
2024,40104,rural,22,mujer,6,74,8.108108108108109
2024,40104,rural,23,hombre,6,103,5.825242718446602
2024,40104,rural,23,mujer,3,61,4.918032786885246
2024,40104,rural,24,hombre,2,88,2.272727272727273
2024,40104,rural,24,mujer,3,55,5.454545454545454
2024,40104,rural,25,hombre,1,96,1.0416666666666667
2024,40104,rural,25,mujer,3,85,3.5294117647058822
2024,40104,rural,26,hombre,2,88,2.272727272727273
2024,40104,rural,26,mujer,4,65,6.153846153846154
2024,40104,rural,27,hombre,3,118,2.542372881355932
2024,40104,rural,27,mujer,1,64,1.5625
2024,40104,rural,28,hombre,3,91,3.2967032967032965
2024,40104,rural,28,mujer,6,89,6.741573033707865
2024,40201,rural,16,hombre,7,45,15.555555555555555
2024,40201,rural,16,mujer,1,21,4.761904761904762
2024,40201,rural,17,hombre,8,41,19.51219512195122
2024,40201,rural,17,mujer,1,22,4.545454545454546
2024,40201,rural,18,hombre,6,51,11.764705882352942
2024,40201,rural,18,mujer,6,56,10.714285714285714
2024,40201,rural,19,hombre,12,79,15.189873417721518
2024,40201,rural,19,mujer,1,44,2.272727272727273
2024,40201,rural,20,hombre,8,93,8.602150537634408
2024,40201,rural,20,mujer,6,64,9.375
2024,40201,rural,21,hombre,12,125,9.6
2024,40201,rural,21,mujer,7,70,10.0
2024,40201,rural,22,hombre,11,106,10.377358490566039
2024,40201,rural,22,mujer,2,71,2.816901408450704
2024,40201,rural,23,hombre,10,119,8.403361344537815
2024,40201,rural,23,mujer,7,71,9.859154929577464
2024,40201,rural,24,hombre,11,139,7.913669064748201
2024,40201,rural,24,mujer,10,96,10.416666666666666
2024,40201,rural,25,hombre,8,134,5.970149253731344
2024,40201,rural,25,mujer,2,53,3.7735849056603774
2024,40201,rural,26,hombre,6,146,4.109589041095891
2024,40201,rural,26,mujer,4,74,5.405405405405405
2024,40201,rural,27,hombre,10,146,6.8493150684931505
2024,40201,rural,27,mujer,4,66,6.0606060606060606
2024,40201,rural,28,hombre,7,148,4.72972972972973
2024,40201,rural,28,mujer,4,76,5.2631578947368425
2024,40201,urbana,16,hombre,19,57,33.333333333333336
2024,40201,urbana,16,mujer,11,48,22.916666666666668
2024,40201,urbana,17,hombre,14,61,22.950819672131146
2024,40201,urbana,17,mujer,16,55,29.09090909090909
2024,40201,urbana,18,hombre,9,52,17.307692307692307
2024,40201,urbana,18,mujer,6,52,11.538461538461538
2024,40201,urbana,19,hombre,9,64,14.0625
2024,40201,urbana,19,mujer,11,51,21.568627450980394
2024,40201,urbana,20,hombre,7,53,13.20754716981132
2024,40201,urbana,20,mujer,11,63,17.46031746031746
2024,40201,urbana,21,hombre,1,51,1.9607843137254901
2024,40201,urbana,21,mujer,7,48,14.583333333333334
2024,40201,urbana,22,hombre,8,68,11.764705882352942
2024,40201,urbana,22,mujer,8,64,12.5
2024,40201,urbana,23,hombre,7,56,12.5
2024,40201,urbana,23,mujer,8,76,10.526315789473685
2024,40201,urbana,24,hombre,5,84,5.9523809523809526
2024,40201,urbana,24,mujer,7,58,12.068965517241379
2024,40201,urbana,25,hombre,6,82,7.317073170731708
2024,40201,urbana,25,mujer,7,80,8.75
2024,40201,urbana,26,hombre,2,81,2.4691358024691357
2024,40201,urbana,26,mujer,9,75,12.0
2024,40201,urbana,27,hombre,3,73,4.109589041095891
2024,40201,urbana,27,mujer,6,69,8.695652173913043
2024,40201,urbana,28,hombre,2,66,3.0303030303030303
2024,40201,urbana,28,mujer,2,77,2.5974025974025974
2024,40202,rural,16,hombre,3,10,30.0
2024,40202,rural,16,mujer,0,5,0.0
2024,40202,rural,17,hombre,1,12,8.333333333333334
2024,40202,rural,17,mujer,1,6,16.666666666666668
2024,40202,rural,18,hombre,1,10,10.0
2024,40202,rural,18,mujer,0,7,0.0
2024,40202,rural,19,hombre,3,17,17.647058823529413
2024,40202,rural,19,mujer,0,9,0.0
2024,40202,rural,20,hombre,0,30,0.0
2024,40202,rural,20,mujer,0,7,0.0
2024,40202,rural,21,hombre,3,18,16.666666666666668
2024,40202,rural,21,mujer,5,16,31.25
2024,40202,rural,22,hombre,1,20,5.0
2024,40202,rural,22,mujer,0,11,0.0
2024,40202,rural,23,hombre,2,25,8.0
2024,40202,rural,23,mujer,2,18,11.11111111111111
2024,40202,rural,24,hombre,4,25,16.0
2024,40202,rural,24,mujer,1,15,6.666666666666667
2024,40202,rural,25,hombre,0,19,0.0
2024,40202,rural,25,mujer,0,12,0.0
2024,40202,rural,26,hombre,0,27,0.0
2024,40202,rural,26,mujer,0,15,0.0
2024,40202,rural,27,hombre,0,30,0.0
2024,40202,rural,27,mujer,0,21,0.0
2024,40202,rural,28,hombre,0,35,0.0
2024,40202,rural,28,mujer,1,24,4.166666666666667
2024,40301,rural,16,hombre,6,18,33.333333333333336
2024,40301,rural,16,mujer,4,13,30.76923076923077
2024,40301,rural,17,hombre,3,10,30.0
2024,40301,rural,17,mujer,4,16,25.0
2024,40301,rural,18,hombre,7,29,24.137931034482758
2024,40301,rural,18,mujer,2,18,11.11111111111111
2024,40301,rural,19,hombre,1,31,3.225806451612903
2024,40301,rural,19,mujer,4,40,10.0
2024,40301,rural,20,hombre,3,37,8.108108108108109
2024,40301,rural,20,mujer,2,36,5.555555555555555
2024,40301,rural,21,hombre,1,50,2.0
2024,40301,rural,21,mujer,4,41,9.75609756097561
2024,40301,rural,22,hombre,5,51,9.803921568627452
2024,40301,rural,22,mujer,4,48,8.333333333333334
2024,40301,rural,23,hombre,6,75,8.0
2024,40301,rural,23,mujer,5,62,8.064516129032258
2024,40301,rural,24,hombre,2,72,2.7777777777777777
2024,40301,rural,24,mujer,3,66,4.545454545454546
2024,40301,rural,25,hombre,5,69,7.246376811594203
2024,40301,rural,25,mujer,3,48,6.25
2024,40301,rural,26,hombre,1,75,1.3333333333333333
2024,40301,rural,26,mujer,3,55,5.454545454545454
2024,40301,rural,27,hombre,3,56,5.357142857142857
2024,40301,rural,27,mujer,3,50,6.0
2024,40301,rural,28,hombre,2,86,2.3255813953488373
2024,40301,rural,28,mujer,2,60,3.3333333333333335
2024,40302,rural,16,hombre,1,2,50.0
2024,40302,rural,16,mujer,0,1,0.0
2024,40302,rural,17,hombre,0,3,0.0
2024,40302,rural,17,mujer,0,3,0.0
2024,40302,rural,18,hombre,1,3,33.333333333333336
2024,40302,rural,18,mujer,1,5,20.0
2024,40302,rural,19,hombre,0,4,0.0
2024,40302,rural,19,mujer,2,4,50.0
2024,40302,rural,20,hombre,0,8,0.0
2024,40302,rural,20,mujer,0,3,0.0
2024,40302,rural,21,hombre,1,6,16.666666666666668
2024,40302,rural,21,mujer,1,6,16.666666666666668
2024,40302,rural,22,hombre,1,6,16.666666666666668
2024,40302,rural,22,mujer,0,4,0.0
2024,40302,rural,23,hombre,0,13,0.0
2024,40302,rural,23,mujer,0,6,0.0
2024,40302,rural,24,hombre,1,14,7.142857142857143
2024,40302,rural,24,mujer,0,9,0.0
2024,40302,rural,25,hombre,0,10,0.0
2024,40302,rural,25,mujer,0,6,0.0
2024,40302,rural,26,hombre,0,10,0.0
2024,40302,rural,26,mujer,0,11,0.0
2024,40302,rural,27,hombre,1,9,11.11111111111111
2024,40302,rural,27,mujer,1,8,12.5
2024,40302,rural,28,hombre,0,11,0.0
2024,40302,rural,28,mujer,0,12,0.0
2024,40401,rural,16,hombre,2,12,16.666666666666668
2024,40401,rural,16,mujer,0,6,0.0
2024,40401,rural,17,hombre,2,18,11.11111111111111
2024,40401,rural,17,mujer,1,10,10.0
2024,40401,rural,18,hombre,3,18,16.666666666666668
2024,40401,rural,18,mujer,4,14,28.571428571428573
2024,40401,rural,19,hombre,5,24,20.833333333333332
2024,40401,rural,19,mujer,3,13,23.076923076923077
2024,40401,rural,20,hombre,1,20,5.0
2024,40401,rural,20,mujer,1,18,5.555555555555555
2024,40401,rural,21,hombre,2,27,7.407407407407407
2024,40401,rural,21,mujer,0,11,0.0
2024,40401,rural,22,hombre,2,36,5.555555555555555
2024,40401,rural,22,mujer,2,20,10.0
2024,40401,rural,23,hombre,3,37,8.108108108108109
2024,40401,rural,23,mujer,1,19,5.2631578947368425
2024,40401,rural,24,hombre,3,31,9.67741935483871
2024,40401,rural,24,mujer,2,27,7.407407407407407
2024,40401,rural,25,hombre,3,39,7.6923076923076925
2024,40401,rural,25,mujer,1,23,4.3478260869565215
2024,40401,rural,26,hombre,2,31,6.451612903225806
2024,40401,rural,26,mujer,4,38,10.526315789473685
2024,40401,rural,27,hombre,0,26,0.0
2024,40401,rural,27,mujer,1,17,5.882352941176471
2024,40401,rural,28,hombre,1,37,2.7027027027027026
2024,40401,rural,28,mujer,0,24,0.0
2024,40402,rural,16,hombre,1,6,16.666666666666668
2024,40402,rural,16,mujer,0,2,0.0
2024,40402,rural,17,hombre,0,7,0.0
2024,40402,rural,17,mujer,1,10,10.0
2024,40402,rural,18,hombre,3,18,16.666666666666668
2024,40402,rural,18,mujer,2,11,18.181818181818183
2024,40402,rural,19,hombre,0,8,0.0
2024,40402,rural,19,mujer,1,20,5.0
2024,40402,rural,20,hombre,2,21,9.523809523809524
2024,40402,rural,20,mujer,1,8,12.5
2024,40402,rural,21,hombre,0,20,0.0
2024,40402,rural,21,mujer,3,17,17.647058823529413
2024,40402,rural,22,hombre,1,22,4.545454545454546
2024,40402,rural,22,mujer,1,14,7.142857142857143
2024,40402,rural,23,hombre,0,21,0.0
2024,40402,rural,23,mujer,1,28,3.5714285714285716
2024,40402,rural,24,hombre,1,31,3.225806451612903
2024,40402,rural,24,mujer,3,23,13.043478260869565
2024,40402,rural,25,hombre,2,29,6.896551724137931
2024,40402,rural,25,mujer,0,25,0.0
2024,40402,rural,26,hombre,0,24,0.0
2024,40402,rural,26,mujer,1,16,6.25
2024,40402,rural,27,hombre,0,32,0.0
2024,40402,rural,27,mujer,0,21,0.0
2024,40402,rural,28,hombre,0,25,0.0
2024,40402,rural,28,mujer,0,25,0.0
2024,40501,rural,18,mujer,0,1,0.0
2024,40501,rural,20,mujer,0,3,0.0
2024,40501,rural,25,hombre,0,1,0.0
2024,40501,rural,26,hombre,0,1,0.0
2024,40501,rural,27,mujer,0,1,0.0
2024,40501,rural,28,hombre,0,1,0.0
2024,40501,urbana,16,hombre,1,4,25.0
2024,40501,urbana,16,mujer,1,2,50.0
2024,40501,urbana,17,hombre,1,4,25.0
2024,40501,urbana,17,mujer,1,3,33.333333333333336
2024,40501,urbana,18,hombre,0,6,0.0
2024,40501,urbana,18,mujer,1,9,11.11111111111111
2024,40501,urbana,19,hombre,1,11,9.090909090909092
2024,40501,urbana,19,mujer,2,12,16.666666666666668
2024,40501,urbana,20,hombre,3,13,23.076923076923077
2024,40501,urbana,20,mujer,1,9,11.11111111111111
2024,40501,urbana,21,hombre,1,14,7.142857142857143
2024,40501,urbana,21,mujer,0,17,0.0
2024,40501,urbana,22,hombre,1,15,6.666666666666667
2024,40501,urbana,22,mujer,3,11,27.272727272727273
2024,40501,urbana,23,hombre,1,26,3.8461538461538463
2024,40501,urbana,23,mujer,1,17,5.882352941176471
2024,40501,urbana,24,hombre,2,24,8.333333333333334
2024,40501,urbana,24,mujer,0,17,0.0
2024,40501,urbana,25,hombre,1,26,3.8461538461538463
2024,40501,urbana,25,mujer,0,21,0.0
2024,40501,urbana,26,hombre,0,23,0.0
2024,40501,urbana,26,mujer,0,14,0.0
2024,40501,urbana,27,hombre,1,32,3.125
2024,40501,urbana,27,mujer,1,16,6.25
2024,40501,urbana,28,hombre,0,22,0.0
2024,40501,urbana,28,mujer,1,16,6.25
2024,40502,rural,16,hombre,1,2,50.0
2024,40502,rural,16,mujer,2,3,66.66666666666667
2024,40502,rural,17,hombre,0,1,0.0
2024,40502,rural,17,mujer,2,4,50.0
2024,40502,rural,18,hombre,1,6,16.666666666666668
2024,40502,rural,18,mujer,0,3,0.0
2024,40502,rural,19,hombre,1,5,20.0
2024,40502,rural,19,mujer,1,3,33.333333333333336
2024,40502,rural,20,hombre,0,5,0.0
2024,40502,rural,20,mujer,0,3,0.0
2024,40502,rural,21,hombre,1,8,12.5
2024,40502,rural,21,mujer,0,3,0.0
2024,40502,rural,22,hombre,0,9,0.0
2024,40502,rural,22,mujer,0,7,0.0
2024,40502,rural,23,hombre,0,5,0.0
2024,40502,rural,23,mujer,0,5,0.0
2024,40502,rural,24,hombre,0,8,0.0
2024,40502,rural,24,mujer,1,3,33.333333333333336
2024,40502,rural,25,hombre,0,4,0.0
2024,40502,rural,25,mujer,1,10,10.0
2024,40502,rural,26,hombre,0,8,0.0
2024,40502,rural,26,mujer,1,5,20.0
2024,40502,rural,27,hombre,2,14,14.285714285714286
2024,40502,rural,27,mujer,1,5,20.0
2024,40502,rural,28,hombre,0,6,0.0
2024,40502,rural,28,mujer,0,4,0.0
2024,40502,urbana,16,hombre,1,2,50.0
2024,40502,urbana,16,mujer,2,2,100.0
2024,40502,urbana,17,hombre,0,3,0.0
2024,40502,urbana,17,mujer,0,1,0.0
2024,40502,urbana,18,hombre,2,6,33.333333333333336
2024,40502,urbana,18,mujer,1,2,50.0
2024,40502,urbana,19,hombre,2,6,33.333333333333336
2024,40502,urbana,19,mujer,0,4,0.0
2024,40502,urbana,20,hombre,2,8,25.0
2024,40502,urbana,20,mujer,1,7,14.285714285714286
2024,40502,urbana,21,hombre,0,4,0.0
2024,40502,urbana,21,mujer,1,5,20.0
2024,40502,urbana,22,hombre,1,12,8.333333333333334
2024,40502,urbana,22,mujer,0,5,0.0
2024,40502,urbana,23,hombre,1,8,12.5
2024,40502,urbana,23,mujer,1,8,12.5
2024,40502,urbana,24,hombre,1,11,9.090909090909092
2024,40502,urbana,24,mujer,1,9,11.11111111111111
2024,40502,urbana,25,hombre,2,13,15.384615384615385
2024,40502,urbana,25,mujer,2,12,16.666666666666668
2024,40502,urbana,26,hombre,1,10,10.0
2024,40502,urbana,26,mujer,0,9,0.0
2024,40502,urbana,27,hombre,0,19,0.0
2024,40502,urbana,27,mujer,1,13,7.6923076923076925
2024,40502,urbana,28,hombre,0,14,0.0
2024,40502,urbana,28,mujer,2,18,11.11111111111111
2024,40503,rural,16,hombre,1,3,33.333333333333336
2024,40503,rural,16,mujer,0,1,0.0
2024,40503,rural,17,hombre,2,3,66.66666666666667
2024,40503,rural,17,mujer,0,1,0.0
2024,40503,rural,18,hombre,0,1,0.0
2024,40503,rural,18,mujer,2,3,66.66666666666667
2024,40503,rural,19,hombre,2,7,28.571428571428573
2024,40503,rural,19,mujer,1,6,16.666666666666668
2024,40503,rural,20,hombre,0,8,0.0
2024,40503,rural,20,mujer,1,2,50.0
2024,40503,rural,21,hombre,1,6,16.666666666666668
2024,40503,rural,21,mujer,1,6,16.666666666666668
2024,40503,rural,22,hombre,2,13,15.384615384615385
2024,40503,rural,22,mujer,1,9,11.11111111111111
2024,40503,rural,23,hombre,0,3,0.0
2024,40503,rural,23,mujer,1,5,20.0
2024,40503,rural,24,hombre,0,12,0.0
2024,40503,rural,24,mujer,2,11,18.181818181818183
2024,40503,rural,25,hombre,0,9,0.0
2024,40503,rural,25,mujer,0,5,0.0
2024,40503,rural,26,hombre,0,13,0.0
2024,40503,rural,26,mujer,1,10,10.0
2024,40503,rural,27,hombre,0,7,0.0
2024,40503,rural,27,mujer,0,5,0.0
2024,40503,rural,28,hombre,0,7,0.0
2024,40503,rural,28,mujer,0,12,0.0
2024,40504,rural,18,hombre,1,4,25.0
2024,40504,rural,18,mujer,0,2,0.0
2024,40504,rural,19,hombre,0,4,0.0
2024,40504,rural,19,mujer,0,1,0.0
2024,40504,rural,20,hombre,0,3,0.0
2024,40504,rural,20,mujer,1,4,25.0
2024,40504,rural,21,hombre,0,5,0.0
2024,40504,rural,21,mujer,0,2,0.0
2024,40504,rural,22,hombre,0,3,0.0
2024,40504,rural,22,mujer,0,4,0.0
2024,40504,rural,23,hombre,1,9,11.11111111111111
2024,40504,rural,23,mujer,0,4,0.0
2024,40504,rural,24,hombre,0,3,0.0
2024,40504,rural,24,mujer,0,10,0.0
2024,40504,rural,25,hombre,0,13,0.0
2024,40504,rural,25,mujer,1,3,33.333333333333336
2024,40504,rural,26,hombre,0,4,0.0
2024,40504,rural,26,mujer,0,5,0.0
2024,40504,rural,27,hombre,0,9,0.0
2024,40504,rural,27,mujer,0,2,0.0
2024,40504,rural,28,hombre,1,7,14.285714285714286
2024,40504,rural,28,mujer,0,6,0.0
2024,40505,rural,16,hombre,1,6,16.666666666666668
2024,40505,rural,16,mujer,1,3,33.333333333333336
2024,40505,rural,17,hombre,1,1,100.0
2024,40505,rural,17,mujer,2,5,40.0
2024,40505,rural,18,hombre,3,13,23.076923076923077
2024,40505,rural,18,mujer,2,9,22.22222222222222
2024,40505,rural,19,hombre,0,11,0.0
2024,40505,rural,19,mujer,0,9,0.0
2024,40505,rural,20,hombre,3,20,15.0
2024,40505,rural,20,mujer,2,12,16.666666666666668
2024,40505,rural,21,hombre,2,13,15.384615384615385
2024,40505,rural,21,mujer,1,6,16.666666666666668
2024,40505,rural,22,hombre,1,21,4.761904761904762
2024,40505,rural,22,mujer,1,17,5.882352941176471
2024,40505,rural,23,hombre,2,29,6.896551724137931
2024,40505,rural,23,mujer,1,24,4.166666666666667
2024,40505,rural,24,hombre,1,29,3.4482758620689653
2024,40505,rural,24,mujer,0,17,0.0
2024,40505,rural,25,hombre,2,22,9.090909090909092
2024,40505,rural,25,mujer,1,18,5.555555555555555
2024,40505,rural,26,hombre,2,38,5.2631578947368425
2024,40505,rural,26,mujer,1,30,3.3333333333333335
2024,40505,rural,27,hombre,2,21,9.523809523809524
2024,40505,rural,27,mujer,0,13,0.0
2024,40505,rural,28,hombre,0,33,0.0
2024,40505,rural,28,mujer,3,21,14.285714285714286
2024,40601,rural,16,hombre,4,9,44.44444444444444
2024,40601,rural,16,mujer,0,2,0.0
2024,40601,rural,17,hombre,0,3,0.0
2024,40601,rural,17,mujer,0,6,0.0
2024,40601,rural,18,hombre,0,5,0.0
2024,40601,rural,18,mujer,1,1,100.0
2024,40601,rural,19,hombre,0,6,0.0
2024,40601,rural,19,mujer,1,7,14.285714285714286
2024,40601,rural,20,hombre,0,9,0.0
2024,40601,rural,20,mujer,0,5,0.0
2024,40601,rural,21,hombre,1,18,5.555555555555555
2024,40601,rural,21,mujer,0,4,0.0
2024,40601,rural,22,hombre,3,18,16.666666666666668
2024,40601,rural,22,mujer,1,11,9.090909090909092
2024,40601,rural,23,hombre,0,20,0.0
2024,40601,rural,23,mujer,0,17,0.0
2024,40601,rural,24,hombre,0,15,0.0
2024,40601,rural,24,mujer,1,16,6.25
2024,40601,rural,25,hombre,0,17,0.0
2024,40601,rural,25,mujer,1,9,11.11111111111111
2024,40601,rural,26,hombre,0,22,0.0
2024,40601,rural,26,mujer,0,12,0.0
2024,40601,rural,27,hombre,0,16,0.0
2024,40601,rural,27,mujer,1,15,6.666666666666667
2024,40601,rural,28,hombre,0,20,0.0
2024,40601,rural,28,mujer,0,14,0.0
2024,40601,urbana,16,hombre,2,6,33.333333333333336
2024,40601,urbana,16,mujer,4,7,57.142857142857146
2024,40601,urbana,17,hombre,1,6,16.666666666666668
2024,40601,urbana,17,mujer,2,5,40.0
2024,40601,urbana,18,hombre,1,8,12.5
2024,40601,urbana,18,mujer,1,6,16.666666666666668
2024,40601,urbana,19,hombre,1,16,6.25
2024,40601,urbana,19,mujer,2,7,28.571428571428573
2024,40601,urbana,20,hombre,3,17,17.647058823529413
2024,40601,urbana,20,mujer,0,7,0.0
2024,40601,urbana,21,hombre,2,32,6.25
2024,40601,urbana,21,mujer,1,8,12.5
2024,40601,urbana,22,hombre,2,18,11.11111111111111
2024,40601,urbana,22,mujer,0,8,0.0
2024,40601,urbana,23,hombre,1,37,2.7027027027027026
2024,40601,urbana,23,mujer,0,13,0.0
2024,40601,urbana,24,hombre,0,43,0.0
2024,40601,urbana,24,mujer,1,21,4.761904761904762
2024,40601,urbana,25,hombre,0,44,0.0
2024,40601,urbana,25,mujer,0,21,0.0
2024,40601,urbana,26,hombre,0,47,0.0
2024,40601,urbana,26,mujer,3,22,13.636363636363637
2024,40601,urbana,27,hombre,0,36,0.0
2024,40601,urbana,27,mujer,2,21,9.523809523809524
2024,40601,urbana,28,hombre,1,42,2.380952380952381
2024,40601,urbana,28,mujer,1,19,5.2631578947368425
2024,40602,rural,16,hombre,1,11,9.090909090909092
2024,40602,rural,16,mujer,2,5,40.0
2024,40602,rural,17,hombre,0,8,0.0
2024,40602,rural,17,mujer,1,2,50.0
2024,40602,rural,18,hombre,1,11,9.090909090909092
2024,40602,rural,18,mujer,1,11,9.090909090909092
2024,40602,rural,19,hombre,2,9,22.22222222222222
2024,40602,rural,19,mujer,1,9,11.11111111111111
2024,40602,rural,20,hombre,2,16,12.5
2024,40602,rural,20,mujer,0,8,0.0
2024,40602,rural,21,hombre,1,16,6.25
2024,40602,rural,21,mujer,1,11,9.090909090909092
2024,40602,rural,22,hombre,2,21,9.523809523809524
2024,40602,rural,22,mujer,2,7,28.571428571428573
2024,40602,rural,23,hombre,1,21,4.761904761904762
2024,40602,rural,23,mujer,1,10,10.0
2024,40602,rural,24,hombre,0,19,0.0
2024,40602,rural,24,mujer,2,13,15.384615384615385
2024,40602,rural,25,hombre,0,14,0.0
2024,40602,rural,25,mujer,2,13,15.384615384615385
2024,40602,rural,26,hombre,1,18,5.555555555555555
2024,40602,rural,26,mujer,1,11,9.090909090909092
2024,40602,rural,27,hombre,0,19,0.0
2024,40602,rural,27,mujer,1,15,6.666666666666667
2024,40602,rural,28,hombre,0,18,0.0
2024,40602,rural,28,mujer,2,17,11.764705882352942
2024,40603,rural,16,hombre,0,3,0.0
2024,40603,rural,16,mujer,0,2,0.0
2024,40603,rural,17,hombre,0,3,0.0
2024,40603,rural,17,mujer,1,4,25.0
2024,40603,rural,18,hombre,3,8,37.5
2024,40603,rural,18,mujer,0,2,0.0
2024,40603,rural,19,hombre,0,9,0.0
2024,40603,rural,19,mujer,0,4,0.0
2024,40603,rural,20,hombre,1,13,7.6923076923076925
2024,40603,rural,20,mujer,1,6,16.666666666666668
2024,40603,rural,21,hombre,0,12,0.0
2024,40603,rural,21,mujer,0,2,0.0
2024,40603,rural,22,hombre,1,14,7.142857142857143
2024,40603,rural,22,mujer,0,7,0.0
2024,40603,rural,23,hombre,2,17,11.764705882352942
2024,40603,rural,23,mujer,0,5,0.0
2024,40603,rural,24,hombre,0,15,0.0
2024,40603,rural,24,mujer,2,11,18.181818181818183
2024,40603,rural,25,hombre,1,20,5.0
2024,40603,rural,25,mujer,0,9,0.0
2024,40603,rural,26,hombre,0,20,0.0
2024,40603,rural,26,mujer,0,10,0.0
2024,40603,rural,27,hombre,1,19,5.2631578947368425
2024,40603,rural,27,mujer,0,11,0.0
2024,40603,rural,28,hombre,1,25,4.0
2024,40603,rural,28,mujer,1,14,7.142857142857143
2024,40701,rural,16,hombre,3,7,42.857142857142854
2024,40701,rural,16,mujer,1,3,33.333333333333336
2024,40701,rural,17,hombre,1,3,33.333333333333336
2024,40701,rural,17,mujer,1,5,20.0
2024,40701,rural,18,hombre,1,16,6.25
2024,40701,rural,18,mujer,0,2,0.0
2024,40701,rural,19,hombre,0,10,0.0
2024,40701,rural,19,mujer,1,6,16.666666666666668
2024,40701,rural,20,hombre,0,12,0.0
2024,40701,rural,20,mujer,0,2,0.0
2024,40701,rural,21,hombre,2,13,15.384615384615385
2024,40701,rural,21,mujer,1,4,25.0
2024,40701,rural,22,hombre,0,21,0.0
2024,40701,rural,22,mujer,1,10,10.0
2024,40701,rural,23,hombre,0,24,0.0
2024,40701,rural,23,mujer,3,7,42.857142857142854
2024,40701,rural,24,hombre,0,14,0.0
2024,40701,rural,24,mujer,1,16,6.25
2024,40701,rural,25,hombre,0,18,0.0
2024,40701,rural,25,mujer,0,9,0.0
2024,40701,rural,26,hombre,1,24,4.166666666666667
2024,40701,rural,26,mujer,1,17,5.882352941176471
2024,40701,rural,27,hombre,1,25,4.0
2024,40701,rural,27,mujer,0,10,0.0
2024,40701,rural,28,hombre,0,29,0.0
2024,40701,rural,28,mujer,0,8,0.0
2024,40701,urbana,16,hombre,1,27,3.7037037037037037
2024,40701,urbana,16,mujer,3,15,20.0
2024,40701,urbana,17,hombre,7,31,22.580645161290324
2024,40701,urbana,17,mujer,4,13,30.76923076923077
2024,40701,urbana,18,hombre,3,20,15.0
2024,40701,urbana,18,mujer,2,23,8.695652173913043
2024,40701,urbana,19,hombre,4,34,11.764705882352942
2024,40701,urbana,19,mujer,1,19,5.2631578947368425
2024,40701,urbana,20,hombre,5,35,14.285714285714286
2024,40701,urbana,20,mujer,4,27,14.814814814814815
2024,40701,urbana,21,hombre,2,45,4.444444444444445
2024,40701,urbana,21,mujer,4,33,12.121212121212121
2024,40701,urbana,22,hombre,3,48,6.25
2024,40701,urbana,22,mujer,3,37,8.108108108108109
2024,40701,urbana,23,hombre,3,78,3.8461538461538463
2024,40701,urbana,23,mujer,6,41,14.634146341463415
2024,40701,urbana,24,hombre,5,79,6.329113924050633
2024,40701,urbana,24,mujer,0,49,0.0
2024,40701,urbana,25,hombre,2,86,2.3255813953488373
2024,40701,urbana,25,mujer,2,64,3.125
2024,40701,urbana,26,hombre,3,89,3.3707865168539324
2024,40701,urbana,26,mujer,3,34,8.823529411764707
2024,40701,urbana,27,hombre,1,87,1.1494252873563218
2024,40701,urbana,27,mujer,1,55,1.8181818181818181
2024,40701,urbana,28,hombre,0,101,0.0
2024,40701,urbana,28,mujer,0,48,0.0
2024,40702,rural,16,hombre,0,1,0.0
2024,40702,rural,16,mujer,0,3,0.0
2024,40702,rural,17,hombre,1,5,20.0
2024,40702,rural,17,mujer,1,1,100.0
2024,40702,rural,18,hombre,0,8,0.0
2024,40702,rural,18,mujer,0,5,0.0
2024,40702,rural,19,hombre,1,12,8.333333333333334
2024,40702,rural,19,mujer,1,8,12.5
2024,40702,rural,20,hombre,0,6,0.0
2024,40702,rural,20,mujer,3,10,30.0
2024,40702,rural,21,hombre,0,13,0.0
2024,40702,rural,21,mujer,0,9,0.0
2024,40702,rural,22,hombre,2,14,14.285714285714286
2024,40702,rural,22,mujer,0,4,0.0
2024,40702,rural,23,hombre,0,11,0.0
2024,40702,rural,23,mujer,0,4,0.0
2024,40702,rural,24,hombre,0,8,0.0
2024,40702,rural,24,mujer,3,12,25.0
2024,40702,rural,25,hombre,0,14,0.0
2024,40702,rural,25,mujer,1,10,10.0
2024,40702,rural,26,hombre,0,13,0.0
2024,40702,rural,26,mujer,1,14,7.142857142857143
2024,40702,rural,27,hombre,0,19,0.0
2024,40702,rural,27,mujer,0,4,0.0
2024,40702,rural,28,hombre,1,19,5.2631578947368425
2024,40702,rural,28,mujer,0,11,0.0
2024,40702,urbana,16,hombre,0,2,0.0
2024,40702,urbana,16,mujer,0,3,0.0
2024,40702,urbana,17,hombre,0,4,0.0
2024,40702,urbana,17,mujer,1,3,33.333333333333336
2024,40702,urbana,18,hombre,1,9,11.11111111111111
2024,40702,urbana,18,mujer,0,5,0.0
2024,40702,urbana,19,hombre,0,12,0.0
2024,40702,urbana,19,mujer,0,7,0.0
2024,40702,urbana,20,hombre,2,8,25.0
2024,40702,urbana,20,mujer,0,9,0.0
2024,40702,urbana,21,hombre,2,7,28.571428571428573
2024,40702,urbana,21,mujer,0,7,0.0
2024,40702,urbana,22,hombre,0,12,0.0
2024,40702,urbana,22,mujer,3,7,42.857142857142854
2024,40702,urbana,23,hombre,0,16,0.0
2024,40702,urbana,23,mujer,1,6,16.666666666666668
2024,40702,urbana,24,hombre,0,21,0.0
2024,40702,urbana,24,mujer,0,9,0.0
2024,40702,urbana,25,hombre,1,21,4.761904761904762
2024,40702,urbana,25,mujer,0,7,0.0
2024,40702,urbana,26,hombre,1,15,6.666666666666667
2024,40702,urbana,26,mujer,0,11,0.0
2024,40702,urbana,27,hombre,0,18,0.0
2024,40702,urbana,27,mujer,0,11,0.0
2024,40702,urbana,28,hombre,2,23,8.695652173913043
2024,40702,urbana,28,mujer,0,16,0.0
2024,40801,rural,16,hombre,4,32,12.5
2024,40801,rural,16,mujer,6,16,37.5
2024,40801,rural,17,hombre,5,30,16.666666666666668
2024,40801,rural,17,mujer,5,30,16.666666666666668
2024,40801,rural,18,hombre,4,45,8.88888888888889
2024,40801,rural,18,mujer,3,30,10.0
2024,40801,rural,19,hombre,5,48,10.416666666666666
2024,40801,rural,19,mujer,6,35,17.142857142857142
2024,40801,rural,20,hombre,9,73,12.32876712328767
2024,40801,rural,20,mujer,2,33,6.0606060606060606
2024,40801,rural,21,hombre,5,67,7.462686567164179
2024,40801,rural,21,mujer,2,43,4.651162790697675
2024,40801,rural,22,hombre,3,80,3.75
2024,40801,rural,22,mujer,7,46,15.217391304347826
2024,40801,rural,23,hombre,3,68,4.411764705882353
2024,40801,rural,23,mujer,3,53,5.660377358490566
2024,40801,rural,24,hombre,5,92,5.434782608695652
2024,40801,rural,24,mujer,2,52,3.8461538461538463
2024,40801,rural,25,hombre,4,82,4.878048780487805
2024,40801,rural,25,mujer,2,73,2.73972602739726
2024,40801,rural,26,hombre,4,92,4.3478260869565215
2024,40801,rural,26,mujer,2,59,3.389830508474576
2024,40801,rural,27,hombre,4,100,4.0
2024,40801,rural,27,mujer,2,60,3.3333333333333335
2024,40801,rural,28,hombre,4,91,4.395604395604396
2024,40801,rural,28,mujer,2,67,2.985074626865672
2024,40802,rural,16,hombre,1,3,33.333333333333336
2024,40802,rural,16,mujer,2,4,50.0
2024,40802,rural,17,hombre,0,8,0.0
2024,40802,rural,17,mujer,0,2,0.0
2024,40802,rural,18,hombre,1,13,7.6923076923076925
2024,40802,rural,18,mujer,1,4,25.0
2024,40802,rural,19,hombre,1,9,11.11111111111111
2024,40802,rural,19,mujer,0,3,0.0
2024,40802,rural,20,hombre,1,13,7.6923076923076925
2024,40802,rural,20,mujer,1,8,12.5
2024,40802,rural,21,hombre,1,10,10.0
2024,40802,rural,21,mujer,0,8,0.0
2024,40802,rural,22,hombre,2,15,13.333333333333334
2024,40802,rural,22,mujer,0,6,0.0
2024,40802,rural,23,hombre,3,22,13.636363636363637
2024,40802,rural,23,mujer,1,13,7.6923076923076925
2024,40802,rural,24,hombre,1,19,5.2631578947368425
2024,40802,rural,24,mujer,1,10,10.0
2024,40802,rural,25,hombre,1,14,7.142857142857143
2024,40802,rural,25,mujer,0,9,0.0
2024,40802,rural,26,hombre,0,13,0.0
2024,40802,rural,26,mujer,0,4,0.0
2024,40802,rural,27,hombre,0,20,0.0
2024,40802,rural,27,mujer,0,13,0.0
2024,40802,rural,28,hombre,0,12,0.0
2024,40802,rural,28,mujer,2,16,12.5
2024,40901,rural,16,hombre,3,11,27.272727272727273
2024,40901,rural,16,mujer,4,18,22.22222222222222
2024,40901,rural,17,hombre,3,18,16.666666666666668
2024,40901,rural,17,mujer,3,19,15.789473684210526
2024,40901,rural,18,hombre,7,36,19.444444444444443
2024,40901,rural,18,mujer,1,31,3.225806451612903
2024,40901,rural,19,hombre,14,65,21.53846153846154
2024,40901,rural,19,mujer,5,30,16.666666666666668
2024,40901,rural,20,hombre,6,62,9.67741935483871
2024,40901,rural,20,mujer,4,32,12.5
2024,40901,rural,21,hombre,4,61,6.557377049180328
2024,40901,rural,21,mujer,2,47,4.25531914893617
2024,40901,rural,22,hombre,10,76,13.157894736842104
2024,40901,rural,22,mujer,6,44,13.636363636363637
2024,40901,rural,23,hombre,6,106,5.660377358490566
2024,40901,rural,23,mujer,3,66,4.545454545454546
2024,40901,rural,24,hombre,6,102,5.882352941176471
2024,40901,rural,24,mujer,7,64,10.9375
2024,40901,rural,25,hombre,5,88,5.681818181818182
2024,40901,rural,25,mujer,11,70,15.714285714285714
2024,40901,rural,26,hombre,4,81,4.938271604938271
2024,40901,rural,26,mujer,6,65,9.23076923076923
2024,40901,rural,27,hombre,5,79,6.329113924050633
2024,40901,rural,27,mujer,5,51,9.803921568627452
2024,40901,rural,28,hombre,3,101,2.9702970297029703
2024,40901,rural,28,mujer,3,66,4.545454545454546
2024,40901,urbana,16,hombre,1,8,12.5
2024,40901,urbana,16,mujer,0,5,0.0
2024,40901,urbana,17,hombre,0,7,0.0
2024,40901,urbana,17,mujer,1,6,16.666666666666668
2024,40901,urbana,18,hombre,1,16,6.25
2024,40901,urbana,18,mujer,4,11,36.36363636363637
2024,40901,urbana,19,hombre,1,28,3.5714285714285716
2024,40901,urbana,19,mujer,2,19,10.526315789473685
2024,40901,urbana,20,hombre,3,23,13.043478260869565
2024,40901,urbana,20,mujer,3,26,11.538461538461538
2024,40901,urbana,21,hombre,1,22,4.545454545454546
2024,40901,urbana,21,mujer,1,13,7.6923076923076925
2024,40901,urbana,22,hombre,3,32,9.375
2024,40901,urbana,22,mujer,3,25,12.0
2024,40901,urbana,23,hombre,1,27,3.7037037037037037
2024,40901,urbana,23,mujer,1,30,3.3333333333333335
2024,40901,urbana,24,hombre,3,62,4.838709677419355
2024,40901,urbana,24,mujer,0,26,0.0
2024,40901,urbana,25,hombre,2,31,6.451612903225806
2024,40901,urbana,25,mujer,1,32,3.125
2024,40901,urbana,26,hombre,1,23,4.3478260869565215
2024,40901,urbana,26,mujer,1,18,5.555555555555555
2024,40901,urbana,27,hombre,2,39,5.128205128205129
2024,40901,urbana,27,mujer,1,12,8.333333333333334
2024,40901,urbana,28,hombre,0,30,0.0
2024,40901,urbana,28,mujer,1,21,4.761904761904762
2024,40902,rural,16,hombre,1,1,100.0
2024,40902,rural,17,hombre,0,1,0.0
2024,40902,rural,17,mujer,0,1,0.0
2024,40902,rural,18,hombre,0,4,0.0
2024,40902,rural,18,mujer,1,2,50.0
2024,40902,rural,19,hombre,2,4,50.0
2024,40902,rural,19,mujer,1,2,50.0
2024,40902,rural,20,hombre,2,10,20.0
2024,40902,rural,20,mujer,0,2,0.0
2024,40902,rural,21,hombre,0,3,0.0
2024,40902,rural,21,mujer,0,7,0.0
2024,40902,rural,22,hombre,0,7,0.0
2024,40902,rural,22,mujer,1,8,12.5
2024,40902,rural,23,hombre,0,10,0.0
2024,40902,rural,23,mujer,1,5,20.0
2024,40902,rural,24,hombre,0,7,0.0
2024,40902,rural,24,mujer,0,7,0.0
2024,40902,rural,25,hombre,1,5,20.0
2024,40902,rural,25,mujer,0,6,0.0
2024,40902,rural,26,hombre,0,4,0.0
2024,40902,rural,26,mujer,1,9,11.11111111111111
2024,40902,rural,27,hombre,0,10,0.0
2024,40902,rural,27,mujer,1,22,4.545454545454546
2024,40902,rural,28,hombre,0,9,0.0
2024,40902,rural,28,mujer,0,4,0.0
2024,40903,rural,16,hombre,1,2,50.0
2024,40903,rural,16,mujer,0,3,0.0
2024,40903,rural,17,hombre,3,3,100.0
2024,40903,rural,18,hombre,0,2,0.0
2024,40903,rural,18,mujer,0,4,0.0
2024,40903,rural,19,hombre,1,2,50.0
2024,40903,rural,19,mujer,2,4,50.0
2024,40903,rural,20,hombre,1,6,16.666666666666668
2024,40903,rural,20,mujer,1,3,33.333333333333336
2024,40903,rural,21,hombre,2,7,28.571428571428573
2024,40903,rural,21,mujer,0,5,0.0
2024,40903,rural,22,hombre,0,7,0.0
2024,40903,rural,22,mujer,0,7,0.0
2024,40903,rural,23,hombre,0,12,0.0
2024,40903,rural,23,mujer,0,2,0.0
2024,40903,rural,24,hombre,0,8,0.0
2024,40903,rural,24,mujer,0,4,0.0
2024,40903,rural,25,hombre,1,10,10.0
2024,40903,rural,25,mujer,0,4,0.0
2024,40903,rural,26,hombre,1,11,9.090909090909092
2024,40903,rural,26,mujer,0,4,0.0
2024,40903,rural,27,hombre,0,11,0.0
2024,40903,rural,27,mujer,0,5,0.0
2024,40903,rural,28,hombre,0,10,0.0
2024,40903,rural,28,mujer,0,11,0.0
2024,41001,rural,16,hombre,0,8,0.0
2024,41001,rural,16,mujer,3,12,25.0
2024,41001,rural,17,hombre,4,19,21.05263157894737
2024,41001,rural,17,mujer,4,17,23.529411764705884
2024,41001,rural,18,hombre,1,23,4.3478260869565215
2024,41001,rural,18,mujer,5,25,20.0
2024,41001,rural,19,hombre,1,29,3.4482758620689653
2024,41001,rural,19,mujer,2,20,10.0
2024,41001,rural,20,hombre,3,40,7.5
2024,41001,rural,20,mujer,5,28,17.857142857142858
2024,41001,rural,21,hombre,5,42,11.904761904761905
2024,41001,rural,21,mujer,2,28,7.142857142857143
2024,41001,rural,22,hombre,3,43,6.976744186046512
2024,41001,rural,22,mujer,4,31,12.903225806451612
2024,41001,rural,23,hombre,8,69,11.594202898550725
2024,41001,rural,23,mujer,3,51,5.882352941176471
2024,41001,rural,24,hombre,0,53,0.0
2024,41001,rural,24,mujer,5,45,11.11111111111111
2024,41001,rural,25,hombre,3,42,7.142857142857143
2024,41001,rural,25,mujer,3,36,8.333333333333334
2024,41001,rural,26,hombre,3,57,5.2631578947368425
2024,41001,rural,26,mujer,2,46,4.3478260869565215
2024,41001,rural,27,hombre,2,65,3.076923076923077
2024,41001,rural,27,mujer,2,36,5.555555555555555
2024,41001,rural,28,hombre,3,63,4.761904761904762
2024,41001,rural,28,mujer,1,48,2.0833333333333335
2024,41101,rural,16,hombre,0,5,0.0
2024,41101,rural,16,mujer,1,3,33.333333333333336
2024,41101,rural,17,hombre,1,5,20.0
2024,41101,rural,17,mujer,1,8,12.5
2024,41101,rural,18,hombre,1,7,14.285714285714286
2024,41101,rural,18,mujer,2,8,25.0
2024,41101,rural,19,hombre,1,11,9.090909090909092
2024,41101,rural,19,mujer,0,5,0.0
2024,41101,rural,20,hombre,1,13,7.6923076923076925
2024,41101,rural,20,mujer,1,13,7.6923076923076925
2024,41101,rural,21,hombre,0,17,0.0
2024,41101,rural,21,mujer,1,8,12.5
2024,41101,rural,22,hombre,2,15,13.333333333333334
2024,41101,rural,22,mujer,1,8,12.5
2024,41101,rural,23,hombre,0,18,0.0
2024,41101,rural,23,mujer,1,7,14.285714285714286
2024,41101,rural,24,hombre,1,20,5.0
2024,41101,rural,24,mujer,0,3,0.0
2024,41101,rural,25,hombre,1,17,5.882352941176471
2024,41101,rural,25,mujer,0,9,0.0
2024,41101,rural,26,hombre,0,19,0.0
2024,41101,rural,26,mujer,0,17,0.0
2024,41101,rural,27,hombre,0,17,0.0
2024,41101,rural,27,mujer,0,14,0.0
2024,41101,rural,28,hombre,2,20,10.0
2024,41101,rural,28,mujer,0,7,0.0
2024,41101,urbana,16,hombre,2,11,18.181818181818183
2024,41101,urbana,16,mujer,2,6,33.333333333333336
2024,41101,urbana,17,hombre,0,1,0.0
2024,41101,urbana,17,mujer,3,6,50.0
2024,41101,urbana,18,hombre,1,6,16.666666666666668
2024,41101,urbana,18,mujer,0,6,0.0
2024,41101,urbana,19,hombre,0,6,0.0
2024,41101,urbana,19,mujer,2,12,16.666666666666668
2024,41101,urbana,20,hombre,1,9,11.11111111111111
2024,41101,urbana,20,mujer,1,10,10.0
2024,41101,urbana,21,hombre,0,13,0.0
2024,41101,urbana,21,mujer,0,5,0.0
2024,41101,urbana,22,hombre,2,14,14.285714285714286
2024,41101,urbana,22,mujer,1,13,7.6923076923076925
2024,41101,urbana,23,hombre,0,15,0.0
2024,41101,urbana,23,mujer,0,8,0.0
2024,41101,urbana,24,hombre,2,7,28.571428571428573
2024,41101,urbana,24,mujer,3,10,30.0
2024,41101,urbana,25,hombre,1,9,11.11111111111111
2024,41101,urbana,25,mujer,1,12,8.333333333333334
2024,41101,urbana,26,hombre,1,21,4.761904761904762
2024,41101,urbana,26,mujer,2,10,20.0
2024,41101,urbana,27,hombre,0,14,0.0
2024,41101,urbana,27,mujer,0,10,0.0
2024,41101,urbana,28,hombre,0,12,0.0
2024,41101,urbana,28,mujer,0,14,0.0
2024,41201,rural,16,hombre,2,9,22.22222222222222
2024,41201,rural,16,mujer,0,5,0.0
2024,41201,rural,17,hombre,0,7,0.0
2024,41201,rural,17,mujer,0,2,0.0
2024,41201,rural,18,hombre,1,11,9.090909090909092
2024,41201,rural,18,mujer,0,11,0.0
2024,41201,rural,19,hombre,3,12,25.0
2024,41201,rural,19,mujer,2,12,16.666666666666668
2024,41201,rural,20,hombre,0,14,0.0
2024,41201,rural,20,mujer,0,4,0.0
2024,41201,rural,21,hombre,1,13,7.6923076923076925
2024,41201,rural,21,mujer,1,10,10.0
2024,41201,rural,22,hombre,0,13,0.0
2024,41201,rural,22,mujer,3,13,23.076923076923077
2024,41201,rural,23,hombre,1,25,4.0
2024,41201,rural,23,mujer,0,19,0.0
2024,41201,rural,24,hombre,1,22,4.545454545454546
2024,41201,rural,24,mujer,1,22,4.545454545454546
2024,41201,rural,25,hombre,0,24,0.0
2024,41201,rural,25,mujer,1,21,4.761904761904762
2024,41201,rural,26,hombre,0,30,0.0
2024,41201,rural,26,mujer,1,25,4.0
2024,41201,rural,27,hombre,0,28,0.0
2024,41201,rural,27,mujer,1,14,7.142857142857143
2024,41201,rural,28,hombre,2,22,9.090909090909092
2024,41201,rural,28,mujer,1,21,4.761904761904762
2024,41202,rural,16,mujer,0,1,0.0
2024,41202,rural,17,hombre,0,4,0.0
2024,41202,rural,17,mujer,2,3,66.66666666666667
2024,41202,rural,18,hombre,0,4,0.0
2024,41202,rural,18,mujer,1,7,14.285714285714286
2024,41202,rural,19,hombre,1,11,9.090909090909092
2024,41202,rural,19,mujer,1,7,14.285714285714286
2024,41202,rural,20,hombre,1,8,12.5
2024,41202,rural,20,mujer,1,6,16.666666666666668
2024,41202,rural,21,hombre,1,9,11.11111111111111
2024,41202,rural,21,mujer,1,9,11.11111111111111
2024,41202,rural,22,hombre,0,9,0.0
2024,41202,rural,22,mujer,0,10,0.0
2024,41202,rural,23,hombre,0,8,0.0
2024,41202,rural,23,mujer,0,11,0.0
2024,41202,rural,24,hombre,0,16,0.0
2024,41202,rural,24,mujer,0,9,0.0
2024,41202,rural,25,hombre,0,11,0.0
2024,41202,rural,25,mujer,0,5,0.0
2024,41202,rural,26,hombre,0,14,0.0
2024,41202,rural,26,mujer,1,12,8.333333333333334
2024,41202,rural,27,hombre,0,12,0.0
2024,41202,rural,27,mujer,0,10,0.0
2024,41202,rural,28,hombre,0,15,0.0
2024,41202,rural,28,mujer,0,16,0.0
2024,41301,rural,16,hombre,3,11,27.272727272727273
2024,41301,rural,16,mujer,1,5,20.0
2024,41301,rural,17,hombre,2,4,50.0
2024,41301,rural,17,mujer,0,6,0.0
2024,41301,rural,18,hombre,1,10,10.0
2024,41301,rural,18,mujer,0,12,0.0
2024,41301,rural,19,hombre,1,19,5.2631578947368425
2024,41301,rural,19,mujer,0,13,0.0
2024,41301,rural,20,hombre,1,19,5.2631578947368425
2024,41301,rural,20,mujer,2,9,22.22222222222222
2024,41301,rural,21,hombre,1,18,5.555555555555555
2024,41301,rural,21,mujer,1,11,9.090909090909092
2024,41301,rural,22,hombre,0,16,0.0
2024,41301,rural,22,mujer,0,11,0.0
2024,41301,rural,23,hombre,4,27,14.814814814814815
2024,41301,rural,23,mujer,1,16,6.25
2024,41301,rural,24,hombre,1,29,3.4482758620689653
2024,41301,rural,24,mujer,1,16,6.25
2024,41301,rural,25,hombre,1,30,3.3333333333333335
2024,41301,rural,25,mujer,2,22,9.090909090909092
2024,41301,rural,26,hombre,1,22,4.545454545454546
2024,41301,rural,26,mujer,0,25,0.0
2024,41301,rural,27,hombre,1,25,4.0
2024,41301,rural,27,mujer,0,35,0.0
2024,41301,rural,28,hombre,1,34,2.9411764705882355
2024,41301,rural,28,mujer,0,23,0.0
2024,41401,rural,16,hombre,0,8,0.0
2024,41401,rural,16,mujer,0,7,0.0
2024,41401,rural,17,hombre,1,15,6.666666666666667
2024,41401,rural,17,mujer,1,9,11.11111111111111
2024,41401,rural,18,hombre,5,30,16.666666666666668
2024,41401,rural,18,mujer,1,22,4.545454545454546
2024,41401,rural,19,hombre,3,28,10.714285714285714
2024,41401,rural,19,mujer,4,27,14.814814814814815
2024,41401,rural,20,hombre,3,34,8.823529411764707
2024,41401,rural,20,mujer,1,20,5.0
2024,41401,rural,21,hombre,2,45,4.444444444444445
2024,41401,rural,21,mujer,4,31,12.903225806451612
2024,41401,rural,22,hombre,2,40,5.0
2024,41401,rural,22,mujer,3,27,11.11111111111111
2024,41401,rural,23,hombre,1,48,2.0833333333333335
2024,41401,rural,23,mujer,2,22,9.090909090909092
2024,41401,rural,24,hombre,5,60,8.333333333333334
2024,41401,rural,24,mujer,2,28,7.142857142857143
2024,41401,rural,25,hombre,3,48,6.25
2024,41401,rural,25,mujer,3,26,11.538461538461538
2024,41401,rural,26,hombre,4,47,8.51063829787234
2024,41401,rural,26,mujer,1,19,5.2631578947368425
2024,41401,rural,27,hombre,1,61,1.639344262295082
2024,41401,rural,27,mujer,1,31,3.225806451612903
2024,41401,rural,28,hombre,0,51,0.0
2024,41401,rural,28,mujer,1,37,2.7027027027027026
2024,41401,urbana,16,hombre,2,4,50.0
2024,41401,urbana,16,mujer,0,1,0.0
2024,41401,urbana,17,hombre,0,2,0.0
2024,41401,urbana,18,hombre,1,3,33.333333333333336
2024,41401,urbana,18,mujer,0,5,0.0
2024,41401,urbana,19,hombre,0,1,0.0
2024,41401,urbana,19,mujer,2,6,33.333333333333336
2024,41401,urbana,20,hombre,1,9,11.11111111111111
2024,41401,urbana,20,mujer,0,4,0.0
2024,41401,urbana,21,hombre,0,11,0.0
2024,41401,urbana,21,mujer,0,8,0.0
2024,41401,urbana,22,hombre,1,8,12.5
2024,41401,urbana,22,mujer,1,6,16.666666666666668
2024,41401,urbana,23,hombre,0,18,0.0
2024,41401,urbana,23,mujer,1,13,7.6923076923076925
2024,41401,urbana,24,hombre,0,13,0.0
2024,41401,urbana,24,mujer,0,13,0.0
2024,41401,urbana,25,hombre,0,23,0.0
2024,41401,urbana,25,mujer,1,21,4.761904761904762
2024,41401,urbana,26,hombre,0,17,0.0
2024,41401,urbana,26,mujer,0,16,0.0
2024,41401,urbana,27,hombre,0,12,0.0
2024,41401,urbana,27,mujer,0,15,0.0
2024,41401,urbana,28,hombre,0,21,0.0
2024,41401,urbana,28,mujer,0,13,0.0
2024,41501,rural,16,hombre,0,2,0.0
2024,41501,rural,16,mujer,1,2,50.0
2024,41501,rural,17,hombre,0,1,0.0
2024,41501,rural,17,mujer,1,3,33.333333333333336
2024,41501,rural,18,hombre,0,3,0.0
2024,41501,rural,19,hombre,1,3,33.333333333333336
2024,41501,rural,19,mujer,0,1,0.0
2024,41501,rural,20,hombre,0,2,0.0
2024,41501,rural,20,mujer,1,3,33.333333333333336
2024,41501,rural,21,hombre,0,5,0.0
2024,41501,rural,21,mujer,0,1,0.0
2024,41501,rural,22,hombre,1,6,16.666666666666668
2024,41501,rural,22,mujer,0,4,0.0
2024,41501,rural,23,hombre,1,10,10.0
2024,41501,rural,23,mujer,0,2,0.0
2024,41501,rural,24,hombre,0,3,0.0
2024,41501,rural,24,mujer,1,2,50.0
2024,41501,rural,25,hombre,0,7,0.0
2024,41501,rural,25,mujer,1,3,33.333333333333336
2024,41501,rural,26,hombre,0,1,0.0
2024,41501,rural,26,mujer,1,4,25.0
2024,41501,rural,27,hombre,0,5,0.0
2024,41501,rural,27,mujer,0,5,0.0
2024,41501,rural,28,hombre,0,6,0.0
2024,41501,rural,28,mujer,0,4,0.0
2024,41502,rural,16,mujer,0,1,0.0
2024,41502,rural,17,hombre,0,4,0.0
2024,41502,rural,17,mujer,1,1,100.0
2024,41502,rural,18,hombre,1,2,50.0
2024,41502,rural,18,mujer,0,1,0.0
2024,41502,rural,19,hombre,2,7,28.571428571428573
2024,41502,rural,19,mujer,0,2,0.0
2024,41502,rural,20,hombre,1,3,33.333333333333336
2024,41502,rural,20,mujer,0,1,0.0
2024,41502,rural,21,hombre,0,9,0.0
2024,41502,rural,21,mujer,0,4,0.0
2024,41502,rural,22,hombre,0,4,0.0
2024,41502,rural,22,mujer,1,4,25.0
2024,41502,rural,23,hombre,1,2,50.0
2024,41502,rural,23,mujer,0,4,0.0
2024,41502,rural,24,hombre,0,5,0.0
2024,41502,rural,24,mujer,0,4,0.0
2024,41502,rural,25,hombre,0,7,0.0
2024,41502,rural,25,mujer,0,7,0.0
2024,41502,rural,26,hombre,0,6,0.0
2024,41502,rural,26,mujer,0,3,0.0
2024,41502,rural,27,hombre,1,8,12.5
2024,41502,rural,27,mujer,0,11,0.0
2024,41502,rural,28,hombre,1,13,7.6923076923076925
2024,41502,rural,28,mujer,0,4,0.0
2024,41503,rural,16,hombre,4,5,80.0
2024,41503,rural,16,mujer,0,1,0.0
2024,41503,rural,17,hombre,0,2,0.0
2024,41503,rural,18,hombre,0,2,0.0
2024,41503,rural,18,mujer,1,3,33.333333333333336
2024,41503,rural,19,hombre,1,6,16.666666666666668
2024,41503,rural,19,mujer,0,1,0.0
2024,41503,rural,20,hombre,2,4,50.0
2024,41503,rural,20,mujer,0,3,0.0
2024,41503,rural,21,hombre,0,4,0.0
2024,41503,rural,21,mujer,0,3,0.0
2024,41503,rural,22,hombre,2,7,28.571428571428573
2024,41503,rural,22,mujer,1,6,16.666666666666668
2024,41503,rural,23,hombre,1,5,20.0
2024,41503,rural,23,mujer,0,2,0.0
2024,41503,rural,24,hombre,2,11,18.181818181818183
2024,41503,rural,24,mujer,4,7,57.142857142857146
2024,41503,rural,25,hombre,0,7,0.0
2024,41503,rural,25,mujer,0,3,0.0
2024,41503,rural,26,hombre,0,7,0.0
2024,41503,rural,26,mujer,2,9,22.22222222222222
2024,41503,rural,27,hombre,0,4,0.0
2024,41503,rural,27,mujer,1,8,12.5
2024,41503,rural,28,hombre,1,5,20.0
2024,41503,rural,28,mujer,0,1,0.0
2024,41601,rural,16,hombre,0,6,0.0
2024,41601,rural,16,mujer,1,5,20.0
2024,41601,rural,17,hombre,3,9,33.333333333333336
2024,41601,rural,17,mujer,1,6,16.666666666666668
2024,41601,rural,18,hombre,2,16,12.5
2024,41601,rural,18,mujer,0,8,0.0
2024,41601,rural,19,hombre,3,9,33.333333333333336
2024,41601,rural,19,mujer,0,9,0.0
2024,41601,rural,20,hombre,0,8,0.0
2024,41601,rural,20,mujer,1,8,12.5
2024,41601,rural,21,hombre,3,19,15.789473684210526
2024,41601,rural,21,mujer,0,10,0.0
2024,41601,rural,22,hombre,1,14,7.142857142857143
2024,41601,rural,22,mujer,1,16,6.25
2024,41601,rural,23,hombre,1,11,9.090909090909092
2024,41601,rural,23,mujer,3,19,15.789473684210526
2024,41601,rural,24,hombre,1,21,4.761904761904762
2024,41601,rural,24,mujer,2,32,6.25
2024,41601,rural,25,hombre,0,25,0.0
2024,41601,rural,25,mujer,3,15,20.0
2024,41601,rural,26,hombre,1,21,4.761904761904762
2024,41601,rural,26,mujer,0,14,0.0
2024,41601,rural,27,hombre,1,22,4.545454545454546
2024,41601,rural,27,mujer,1,18,5.555555555555555
2024,41601,rural,28,hombre,3,25,12.0
2024,41601,rural,28,mujer,2,21,9.523809523809524
2024,50101,rural,16,hombre,3,33,9.090909090909092
2024,50101,rural,16,mujer,5,18,27.77777777777778
2024,50101,rural,17,hombre,3,43,6.976744186046512
2024,50101,rural,17,mujer,6,26,23.076923076923077
2024,50101,rural,18,hombre,1,52,1.9230769230769231
2024,50101,rural,18,mujer,3,25,12.0
2024,50101,rural,19,hombre,3,72,4.166666666666667
2024,50101,rural,19,mujer,1,29,3.4482758620689653
2024,50101,rural,20,hombre,1,70,1.4285714285714286
2024,50101,rural,20,mujer,4,36,11.11111111111111
2024,50101,rural,21,hombre,5,111,4.504504504504505
2024,50101,rural,21,mujer,4,45,8.88888888888889
2024,50101,rural,22,hombre,1,99,1.0101010101010102
2024,50101,rural,22,mujer,3,49,6.122448979591836
2024,50101,rural,23,hombre,2,119,1.680672268907563
2024,50101,rural,23,mujer,3,44,6.818181818181818
2024,50101,rural,24,hombre,2,128,1.5625
2024,50101,rural,24,mujer,3,44,6.818181818181818
2024,50101,rural,25,hombre,0,124,0.0
2024,50101,rural,25,mujer,2,55,3.6363636363636362
2024,50101,rural,26,hombre,4,146,2.73972602739726
2024,50101,rural,26,mujer,4,66,6.0606060606060606
2024,50101,rural,27,hombre,3,116,2.586206896551724
2024,50101,rural,27,mujer,2,57,3.508771929824561
2024,50101,rural,28,hombre,3,130,2.3076923076923075
2024,50101,rural,28,mujer,0,46,0.0
2024,50101,urbana,16,hombre,64,386,16.580310880829014
2024,50101,urbana,16,mujer,74,341,21.700879765395893
2024,50101,urbana,17,hombre,77,479,16.075156576200417
2024,50101,urbana,17,mujer,77,398,19.34673366834171
2024,50101,urbana,18,hombre,75,666,11.26126126126126
2024,50101,urbana,18,mujer,89,519,17.148362235067438
2024,50101,urbana,19,hombre,90,748,12.032085561497325
2024,50101,urbana,19,mujer,75,547,13.711151736745887
2024,50101,urbana,20,hombre,62,858,7.226107226107226
2024,50101,urbana,20,mujer,83,639,12.98904538341158
2024,50101,urbana,21,hombre,55,1020,5.392156862745098
2024,50101,urbana,21,mujer,69,672,10.267857142857142
2024,50101,urbana,22,hombre,60,1015,5.911330049261084
2024,50101,urbana,22,mujer,72,727,9.903713892709765
2024,50101,urbana,23,hombre,57,1218,4.679802955665025
2024,50101,urbana,23,mujer,79,857,9.218203033838973
2024,50101,urbana,24,hombre,49,1297,3.7779491133384733
2024,50101,urbana,24,mujer,62,917,6.761177753544166
2024,50101,urbana,25,hombre,58,1280,4.53125
2024,50101,urbana,25,mujer,59,873,6.758304696449026
2024,50101,urbana,26,hombre,42,1241,3.3843674456083805
2024,50101,urbana,26,mujer,54,900,6.0
2024,50101,urbana,27,hombre,25,1291,1.9364833462432223
2024,50101,urbana,27,mujer,43,962,4.46985446985447
2024,50101,urbana,28,hombre,31,1287,2.4087024087024087
2024,50101,urbana,28,mujer,35,940,3.723404255319149
2024,50102,rural,16,hombre,6,83,7.228915662650603
2024,50102,rural,16,mujer,6,48,12.5
2024,50102,rural,17,hombre,6,95,6.315789473684211
2024,50102,rural,17,mujer,3,50,6.0
2024,50102,rural,18,hombre,7,122,5.737704918032787
2024,50102,rural,18,mujer,3,47,6.382978723404255
2024,50102,rural,19,hombre,8,124,6.451612903225806
2024,50102,rural,19,mujer,3,58,5.172413793103448
2024,50102,rural,20,hombre,8,174,4.597701149425287
2024,50102,rural,20,mujer,3,57,5.2631578947368425
2024,50102,rural,21,hombre,12,193,6.217616580310881
2024,50102,rural,21,mujer,7,80,8.75
2024,50102,rural,22,hombre,10,196,5.1020408163265305
2024,50102,rural,22,mujer,6,63,9.523809523809524
2024,50102,rural,23,hombre,7,195,3.58974358974359
2024,50102,rural,23,mujer,5,70,7.142857142857143
2024,50102,rural,24,hombre,13,212,6.132075471698113
2024,50102,rural,24,mujer,1,67,1.492537313432836
2024,50102,rural,25,hombre,6,187,3.2085561497326203
2024,50102,rural,25,mujer,4,60,6.666666666666667
2024,50102,rural,26,hombre,8,183,4.371584699453552
2024,50102,rural,26,mujer,1,62,1.6129032258064515
2024,50102,rural,27,hombre,3,192,1.5625
2024,50102,rural,27,mujer,1,62,1.6129032258064515
2024,50102,rural,28,hombre,6,194,3.0927835051546393
2024,50102,rural,28,mujer,4,70,5.714285714285714
2024,50103,rural,16,hombre,4,20,20.0
2024,50103,rural,16,mujer,1,12,8.333333333333334
2024,50103,rural,17,hombre,1,16,6.25
2024,50103,rural,17,mujer,1,9,11.11111111111111
2024,50103,rural,18,hombre,3,29,10.344827586206897
2024,50103,rural,18,mujer,3,25,12.0
2024,50103,rural,19,hombre,2,33,6.0606060606060606
2024,50103,rural,19,mujer,4,19,21.05263157894737
2024,50103,rural,20,hombre,3,32,9.375
2024,50103,rural,20,mujer,1,20,5.0
2024,50103,rural,21,hombre,3,43,6.976744186046512
2024,50103,rural,21,mujer,1,34,2.9411764705882355
2024,50103,rural,22,hombre,1,35,2.857142857142857
2024,50103,rural,22,mujer,3,27,11.11111111111111
2024,50103,rural,23,hombre,4,61,6.557377049180328
2024,50103,rural,23,mujer,0,34,0.0
2024,50103,rural,24,hombre,0,69,0.0
2024,50103,rural,24,mujer,2,27,7.407407407407407
2024,50103,rural,25,hombre,0,60,0.0
2024,50103,rural,25,mujer,1,41,2.4390243902439024
2024,50103,rural,26,hombre,0,79,0.0
2024,50103,rural,26,mujer,2,32,6.25
2024,50103,rural,27,hombre,2,66,3.0303030303030303
2024,50103,rural,27,mujer,1,42,2.380952380952381
2024,50103,rural,28,hombre,5,75,6.666666666666667
2024,50103,rural,28,mujer,4,35,11.428571428571429
2024,50104,rural,16,hombre,0,2,0.0
2024,50104,rural,16,mujer,2,3,66.66666666666667
2024,50104,rural,17,hombre,2,8,25.0
2024,50104,rural,17,mujer,0,6,0.0
2024,50104,rural,18,hombre,1,6,16.666666666666668
2024,50104,rural,18,mujer,0,5,0.0
2024,50104,rural,19,hombre,3,11,27.272727272727273
2024,50104,rural,19,mujer,0,6,0.0
2024,50104,rural,20,hombre,0,13,0.0
2024,50104,rural,20,mujer,0,5,0.0
2024,50104,rural,21,hombre,1,9,11.11111111111111
2024,50104,rural,21,mujer,0,7,0.0
2024,50104,rural,22,hombre,0,21,0.0
2024,50104,rural,22,mujer,0,6,0.0
2024,50104,rural,23,hombre,2,26,7.6923076923076925
2024,50104,rural,23,mujer,0,14,0.0
2024,50104,rural,24,hombre,0,21,0.0
2024,50104,rural,24,mujer,0,9,0.0
2024,50104,rural,25,hombre,1,12,8.333333333333334
2024,50104,rural,25,mujer,0,10,0.0
2024,50104,rural,26,hombre,1,25,4.0
2024,50104,rural,26,mujer,0,5,0.0
2024,50104,rural,27,hombre,0,19,0.0
2024,50104,rural,27,mujer,0,9,0.0
2024,50104,rural,28,hombre,0,18,0.0
2024,50104,rural,28,mujer,1,13,7.6923076923076925
2024,50201,rural,16,hombre,2,28,7.142857142857143
2024,50201,rural,16,mujer,0,10,0.0
2024,50201,rural,17,hombre,2,30,6.666666666666667
2024,50201,rural,17,mujer,2,21,9.523809523809524
2024,50201,rural,18,hombre,1,29,3.4482758620689653
2024,50201,rural,18,mujer,1,24,4.166666666666667
2024,50201,rural,19,hombre,1,33,3.0303030303030303
2024,50201,rural,19,mujer,1,31,3.225806451612903
2024,50201,rural,20,hombre,1,65,1.5384615384615385
2024,50201,rural,20,mujer,0,28,0.0
2024,50201,rural,21,hombre,1,57,1.7543859649122806
2024,50201,rural,21,mujer,0,34,0.0
2024,50201,rural,22,hombre,2,58,3.4482758620689653
2024,50201,rural,22,mujer,1,32,3.125
2024,50201,rural,23,hombre,2,82,2.4390243902439024
2024,50201,rural,23,mujer,1,49,2.0408163265306123
2024,50201,rural,24,hombre,3,76,3.9473684210526314
2024,50201,rural,24,mujer,2,39,5.128205128205129
2024,50201,rural,25,hombre,0,69,0.0
2024,50201,rural,25,mujer,2,39,5.128205128205129
2024,50201,rural,26,hombre,1,78,1.2820512820512822
2024,50201,rural,26,mujer,1,55,1.8181818181818181
2024,50201,rural,27,hombre,3,91,3.2967032967032965
2024,50201,rural,27,mujer,4,43,9.30232558139535
2024,50201,rural,28,hombre,2,85,2.3529411764705883
2024,50201,rural,28,mujer,1,27,3.7037037037037037
2024,50201,urbana,16,hombre,6,18,33.333333333333336
2024,50201,urbana,16,mujer,4,13,30.76923076923077
2024,50201,urbana,17,hombre,2,21,9.523809523809524
2024,50201,urbana,17,mujer,5,22,22.727272727272727
2024,50201,urbana,18,hombre,0,20,0.0
2024,50201,urbana,18,mujer,6,25,24.0
2024,50201,urbana,19,hombre,3,36,8.333333333333334
2024,50201,urbana,19,mujer,6,21,28.571428571428573
2024,50201,urbana,20,hombre,2,31,6.451612903225806
2024,50201,urbana,20,mujer,3,27,11.11111111111111
2024,50201,urbana,21,hombre,0,35,0.0
2024,50201,urbana,21,mujer,4,31,12.903225806451612
2024,50201,urbana,22,hombre,4,44,9.090909090909092
2024,50201,urbana,22,mujer,1,27,3.7037037037037037
2024,50201,urbana,23,hombre,3,40,7.5
2024,50201,urbana,23,mujer,0,32,0.0
2024,50201,urbana,24,hombre,3,54,5.555555555555555
2024,50201,urbana,24,mujer,5,40,12.5
2024,50201,urbana,25,hombre,0,36,0.0
2024,50201,urbana,25,mujer,2,30,6.666666666666667
2024,50201,urbana,26,hombre,3,43,6.976744186046512
2024,50201,urbana,26,mujer,3,37,8.108108108108109
2024,50201,urbana,27,hombre,0,51,0.0
2024,50201,urbana,27,mujer,4,36,11.11111111111111
2024,50201,urbana,28,hombre,0,47,0.0
2024,50201,urbana,28,mujer,4,52,7.6923076923076925
2024,50202,rural,16,hombre,3,17,17.647058823529413
2024,50202,rural,16,mujer,1,13,7.6923076923076925
2024,50202,rural,17,hombre,3,32,9.375
2024,50202,rural,17,mujer,2,16,12.5
2024,50202,rural,18,hombre,1,26,3.8461538461538463
2024,50202,rural,18,mujer,0,17,0.0
2024,50202,rural,19,hombre,3,61,4.918032786885246
2024,50202,rural,19,mujer,1,23,4.3478260869565215
2024,50202,rural,20,hombre,7,56,12.5
2024,50202,rural,20,mujer,1,23,4.3478260869565215
2024,50202,rural,21,hombre,2,64,3.125
2024,50202,rural,21,mujer,3,30,10.0
2024,50202,rural,22,hombre,4,71,5.633802816901408
2024,50202,rural,22,mujer,1,27,3.7037037037037037
2024,50202,rural,23,hombre,2,79,2.5316455696202533
2024,50202,rural,23,mujer,2,30,6.666666666666667
2024,50202,rural,24,hombre,0,80,0.0
2024,50202,rural,24,mujer,1,28,3.5714285714285716
2024,50202,rural,25,hombre,6,86,6.976744186046512
2024,50202,rural,25,mujer,4,28,14.285714285714286
2024,50202,rural,26,hombre,1,83,1.2048192771084338
2024,50202,rural,26,mujer,3,23,13.043478260869565
2024,50202,rural,27,hombre,5,78,6.410256410256411
2024,50202,rural,27,mujer,2,27,7.407407407407407
2024,50202,rural,28,hombre,2,77,2.5974025974025974
2024,50202,rural,28,mujer,0,33,0.0
2024,50202,urbana,16,hombre,1,5,20.0
2024,50202,urbana,16,mujer,1,2,50.0
2024,50202,urbana,17,hombre,0,3,0.0
2024,50202,urbana,17,mujer,1,6,16.666666666666668
2024,50202,urbana,18,hombre,3,9,33.333333333333336
2024,50202,urbana,18,mujer,2,5,40.0
2024,50202,urbana,19,hombre,0,3,0.0
2024,50202,urbana,19,mujer,0,4,0.0
2024,50202,urbana,20,hombre,0,9,0.0
2024,50202,urbana,20,mujer,4,8,50.0
2024,50202,urbana,21,hombre,0,10,0.0
2024,50202,urbana,21,mujer,0,7,0.0
2024,50202,urbana,22,hombre,0,17,0.0
2024,50202,urbana,22,mujer,1,10,10.0
2024,50202,urbana,23,hombre,0,15,0.0
2024,50202,urbana,23,mujer,3,9,33.333333333333336
2024,50202,urbana,24,hombre,2,12,16.666666666666668
2024,50202,urbana,24,mujer,0,10,0.0
2024,50202,urbana,25,hombre,0,14,0.0
2024,50202,urbana,25,mujer,0,9,0.0
2024,50202,urbana,26,hombre,0,16,0.0
2024,50202,urbana,26,mujer,0,6,0.0
2024,50202,urbana,27,hombre,0,8,0.0
2024,50202,urbana,27,mujer,1,12,8.333333333333334
2024,50202,urbana,28,hombre,0,7,0.0
2024,50202,urbana,28,mujer,1,13,7.6923076923076925
2024,50203,rural,16,hombre,1,12,8.333333333333334
2024,50203,rural,16,mujer,0,8,0.0
2024,50203,rural,17,hombre,1,14,7.142857142857143
2024,50203,rural,17,mujer,0,6,0.0
2024,50203,rural,18,hombre,1,11,9.090909090909092
2024,50203,rural,18,mujer,0,10,0.0
2024,50203,rural,19,hombre,1,18,5.555555555555555
2024,50203,rural,19,mujer,1,11,9.090909090909092
2024,50203,rural,20,hombre,1,20,5.0
2024,50203,rural,20,mujer,2,11,18.181818181818183
2024,50203,rural,21,hombre,1,30,3.3333333333333335
2024,50203,rural,21,mujer,1,3,33.333333333333336
2024,50203,rural,22,hombre,2,29,6.896551724137931
2024,50203,rural,22,mujer,1,12,8.333333333333334
2024,50203,rural,23,hombre,1,23,4.3478260869565215
2024,50203,rural,23,mujer,0,6,0.0
2024,50203,rural,24,hombre,0,38,0.0
2024,50203,rural,24,mujer,1,9,11.11111111111111
2024,50203,rural,25,hombre,0,29,0.0
2024,50203,rural,25,mujer,1,16,6.25
2024,50203,rural,26,hombre,0,30,0.0
2024,50203,rural,26,mujer,1,15,6.666666666666667
2024,50203,rural,27,hombre,1,29,3.4482758620689653
2024,50203,rural,27,mujer,0,10,0.0
2024,50203,rural,28,hombre,2,34,5.882352941176471
2024,50203,rural,28,mujer,1,9,11.11111111111111
2024,50203,urbana,16,hombre,20,104,19.23076923076923
2024,50203,urbana,16,mujer,20,58,34.48275862068966
2024,50203,urbana,17,hombre,15,90,16.666666666666668
2024,50203,urbana,17,mujer,22,86,25.58139534883721
2024,50203,urbana,18,hombre,15,122,12.295081967213115
2024,50203,urbana,18,mujer,25,131,19.083969465648856
2024,50203,urbana,19,hombre,16,137,11.678832116788321
2024,50203,urbana,19,mujer,25,137,18.248175182481752
2024,50203,urbana,20,hombre,10,214,4.672897196261682
2024,50203,urbana,20,mujer,18,153,11.764705882352942
2024,50203,urbana,21,hombre,24,226,10.619469026548673
2024,50203,urbana,21,mujer,31,157,19.745222929936304
2024,50203,urbana,22,hombre,23,222,10.36036036036036
2024,50203,urbana,22,mujer,24,174,13.793103448275861
2024,50203,urbana,23,hombre,9,251,3.585657370517928
2024,50203,urbana,23,mujer,23,166,13.855421686746988
2024,50203,urbana,24,hombre,13,234,5.555555555555555
2024,50203,urbana,24,mujer,17,169,10.059171597633137
2024,50203,urbana,25,hombre,9,219,4.109589041095891
2024,50203,urbana,25,mujer,20,151,13.245033112582782
2024,50203,urbana,26,hombre,12,206,5.825242718446602
2024,50203,urbana,26,mujer,9,152,5.921052631578948
2024,50203,urbana,27,hombre,7,206,3.3980582524271843
2024,50203,urbana,27,mujer,10,162,6.172839506172839
2024,50203,urbana,28,hombre,4,196,2.0408163265306123
2024,50203,urbana,28,mujer,13,167,7.7844311377245505
2024,50204,rural,16,hombre,0,12,0.0
2024,50204,rural,16,mujer,2,9,22.22222222222222
2024,50204,rural,17,hombre,2,21,9.523809523809524
2024,50204,rural,17,mujer,0,8,0.0
2024,50204,rural,18,hombre,0,19,0.0
2024,50204,rural,18,mujer,1,11,9.090909090909092
2024,50204,rural,19,hombre,1,23,4.3478260869565215
2024,50204,rural,19,mujer,2,10,20.0
2024,50204,rural,20,hombre,0,32,0.0
2024,50204,rural,20,mujer,2,14,14.285714285714286
2024,50204,rural,21,hombre,0,31,0.0
2024,50204,rural,21,mujer,1,11,9.090909090909092
2024,50204,rural,22,hombre,0,38,0.0
2024,50204,rural,22,mujer,1,7,14.285714285714286
2024,50204,rural,23,hombre,4,31,12.903225806451612
2024,50204,rural,23,mujer,1,16,6.25
2024,50204,rural,24,hombre,0,43,0.0
2024,50204,rural,24,mujer,1,12,8.333333333333334
2024,50204,rural,25,hombre,3,46,6.521739130434782
2024,50204,rural,25,mujer,3,17,17.647058823529413
2024,50204,rural,26,hombre,0,38,0.0
2024,50204,rural,26,mujer,0,7,0.0
2024,50204,rural,27,hombre,1,43,2.3255813953488373
2024,50204,rural,27,mujer,1,10,10.0
2024,50204,rural,28,hombre,1,22,4.545454545454546
2024,50204,rural,28,mujer,0,17,0.0
2024,50204,urbana,16,hombre,1,6,16.666666666666668
2024,50204,urbana,16,mujer,0,1,0.0
2024,50204,urbana,17,hombre,0,6,0.0
2024,50204,urbana,17,mujer,0,1,0.0
2024,50204,urbana,18,hombre,0,4,0.0
2024,50204,urbana,18,mujer,0,1,0.0
2024,50204,urbana,19,hombre,0,7,0.0
2024,50204,urbana,19,mujer,0,1,0.0
2024,50204,urbana,20,hombre,0,10,0.0
2024,50204,urbana,20,mujer,0,3,0.0
2024,50204,urbana,21,hombre,0,8,0.0
2024,50204,urbana,21,mujer,1,4,25.0
2024,50204,urbana,22,hombre,0,15,0.0
2024,50204,urbana,22,mujer,0,2,0.0
2024,50204,urbana,23,hombre,1,17,5.882352941176471
2024,50204,urbana,23,mujer,0,3,0.0
2024,50204,urbana,24,hombre,0,13,0.0
2024,50204,urbana,24,mujer,0,2,0.0
2024,50204,urbana,25,hombre,0,14,0.0
2024,50204,urbana,25,mujer,0,6,0.0
2024,50204,urbana,26,hombre,0,13,0.0
2024,50204,urbana,26,mujer,1,6,16.666666666666668
2024,50204,urbana,27,hombre,0,22,0.0
2024,50204,urbana,27,mujer,0,4,0.0
2024,50204,urbana,28,hombre,0,18,0.0
2024,50204,urbana,28,mujer,1,6,16.666666666666668
2024,50301,rural,16,hombre,10,62,16.129032258064516
2024,50301,rural,16,mujer,3,35,8.571428571428571
2024,50301,rural,17,hombre,8,70,11.428571428571429
2024,50301,rural,17,mujer,3,49,6.122448979591836
2024,50301,rural,18,hombre,4,77,5.194805194805195
2024,50301,rural,18,mujer,4,54,7.407407407407407
2024,50301,rural,19,hombre,3,80,3.75
2024,50301,rural,19,mujer,2,60,3.3333333333333335
2024,50301,rural,20,hombre,3,99,3.0303030303030303
2024,50301,rural,20,mujer,2,57,3.508771929824561
2024,50301,rural,21,hombre,7,108,6.481481481481482
2024,50301,rural,21,mujer,3,73,4.109589041095891
2024,50301,rural,22,hombre,9,141,6.382978723404255
2024,50301,rural,22,mujer,3,71,4.225352112676056
2024,50301,rural,23,hombre,0,151,0.0
2024,50301,rural,23,mujer,2,83,2.4096385542168677
2024,50301,rural,24,hombre,3,157,1.910828025477707
2024,50301,rural,24,mujer,4,89,4.49438202247191
2024,50301,rural,25,hombre,3,124,2.4193548387096775
2024,50301,rural,25,mujer,5,72,6.944444444444445
2024,50301,rural,26,hombre,3,114,2.6315789473684212
2024,50301,rural,26,mujer,2,73,2.73972602739726
2024,50301,rural,27,hombre,3,124,2.4193548387096775
2024,50301,rural,27,mujer,1,76,1.3157894736842106
2024,50301,rural,28,hombre,4,121,3.3057851239669422
2024,50301,rural,28,mujer,2,74,2.7027027027027026
2024,50301,urbana,16,hombre,4,20,20.0
2024,50301,urbana,16,mujer,5,20,25.0
2024,50301,urbana,17,hombre,2,29,6.896551724137931
2024,50301,urbana,17,mujer,9,24,37.5
2024,50301,urbana,18,hombre,2,22,9.090909090909092
2024,50301,urbana,18,mujer,4,25,16.0
2024,50301,urbana,19,hombre,3,21,14.285714285714286
2024,50301,urbana,19,mujer,2,21,9.523809523809524
2024,50301,urbana,20,hombre,5,29,17.24137931034483
2024,50301,urbana,20,mujer,2,34,5.882352941176471
2024,50301,urbana,21,hombre,1,29,3.4482758620689653
2024,50301,urbana,21,mujer,4,27,14.814814814814815
2024,50301,urbana,22,hombre,1,30,3.3333333333333335
2024,50301,urbana,22,mujer,1,33,3.0303030303030303
2024,50301,urbana,23,hombre,0,39,0.0
2024,50301,urbana,23,mujer,2,26,7.6923076923076925
2024,50301,urbana,24,hombre,3,35,8.571428571428571
2024,50301,urbana,24,mujer,3,31,9.67741935483871
2024,50301,urbana,25,hombre,1,46,2.1739130434782608
2024,50301,urbana,25,mujer,3,34,8.823529411764707
2024,50301,urbana,26,hombre,3,43,6.976744186046512
2024,50301,urbana,26,mujer,4,29,13.793103448275861
2024,50301,urbana,27,hombre,2,43,4.651162790697675
2024,50301,urbana,27,mujer,4,33,12.121212121212121
2024,50301,urbana,28,hombre,1,31,3.225806451612903
2024,50301,urbana,28,mujer,1,26,3.8461538461538463
2024,50302,rural,16,hombre,2,16,12.5
2024,50302,rural,16,mujer,0,8,0.0
2024,50302,rural,17,hombre,1,20,5.0
2024,50302,rural,17,mujer,3,8,37.5
2024,50302,rural,18,hombre,1,18,5.555555555555555
2024,50302,rural,18,mujer,1,17,5.882352941176471
2024,50302,rural,19,hombre,0,27,0.0
2024,50302,rural,19,mujer,1,19,5.2631578947368425
2024,50302,rural,20,hombre,1,27,3.7037037037037037
2024,50302,rural,20,mujer,0,16,0.0
2024,50302,rural,21,hombre,3,36,8.333333333333334
2024,50302,rural,21,mujer,1,24,4.166666666666667
2024,50302,rural,22,hombre,1,47,2.127659574468085
2024,50302,rural,22,mujer,1,27,3.7037037037037037
2024,50302,rural,23,hombre,0,45,0.0
2024,50302,rural,23,mujer,3,26,11.538461538461538
2024,50302,rural,24,hombre,0,49,0.0
2024,50302,rural,24,mujer,2,20,10.0
2024,50302,rural,25,hombre,0,44,0.0
2024,50302,rural,25,mujer,3,27,11.11111111111111
2024,50302,rural,26,hombre,0,53,0.0
2024,50302,rural,26,mujer,3,27,11.11111111111111
2024,50302,rural,27,hombre,0,41,0.0
2024,50302,rural,27,mujer,1,21,4.761904761904762
2024,50302,rural,28,hombre,2,52,3.8461538461538463
2024,50302,rural,28,mujer,2,29,6.896551724137931
2024,50303,rural,16,hombre,1,32,3.125
2024,50303,rural,16,mujer,5,22,22.727272727272727
2024,50303,rural,17,hombre,2,40,5.0
2024,50303,rural,17,mujer,1,22,4.545454545454546
2024,50303,rural,18,hombre,3,44,6.818181818181818
2024,50303,rural,18,mujer,5,35,14.285714285714286
2024,50303,rural,19,hombre,2,45,4.444444444444445
2024,50303,rural,19,mujer,3,25,12.0
2024,50303,rural,20,hombre,2,68,2.9411764705882355
2024,50303,rural,20,mujer,2,31,6.451612903225806
2024,50303,rural,21,hombre,1,70,1.4285714285714286
2024,50303,rural,21,mujer,1,36,2.7777777777777777
2024,50303,rural,22,hombre,0,83,0.0
2024,50303,rural,22,mujer,0,23,0.0
2024,50303,rural,23,hombre,1,92,1.0869565217391304
2024,50303,rural,23,mujer,0,30,0.0
2024,50303,rural,24,hombre,1,84,1.1904761904761905
2024,50303,rural,24,mujer,1,39,2.5641025641025643
2024,50303,rural,25,hombre,1,98,1.0204081632653061
2024,50303,rural,25,mujer,0,31,0.0
2024,50303,rural,26,hombre,1,70,1.4285714285714286
2024,50303,rural,26,mujer,0,30,0.0
2024,50303,rural,27,hombre,3,70,4.285714285714286
2024,50303,rural,27,mujer,0,21,0.0
2024,50303,rural,28,hombre,1,66,1.5151515151515151
2024,50303,rural,28,mujer,0,30,0.0
2024,50401,rural,16,hombre,0,41,0.0
2024,50401,rural,16,mujer,1,21,4.761904761904762
2024,50401,rural,17,hombre,0,31,0.0
2024,50401,rural,17,mujer,2,16,12.5
2024,50401,rural,18,hombre,1,42,2.380952380952381
2024,50401,rural,18,mujer,1,27,3.7037037037037037
2024,50401,rural,19,hombre,1,46,2.1739130434782608
2024,50401,rural,19,mujer,4,25,16.0
2024,50401,rural,20,hombre,3,33,9.090909090909092
2024,50401,rural,20,mujer,0,20,0.0
2024,50401,rural,21,hombre,6,43,13.953488372093023
2024,50401,rural,21,mujer,3,25,12.0
2024,50401,rural,22,hombre,1,43,2.3255813953488373
2024,50401,rural,22,mujer,2,24,8.333333333333334
2024,50401,rural,23,hombre,2,49,4.081632653061225
2024,50401,rural,23,mujer,0,15,0.0
2024,50401,rural,24,hombre,3,51,5.882352941176471
2024,50401,rural,24,mujer,0,23,0.0
2024,50401,rural,25,hombre,2,44,4.545454545454546
2024,50401,rural,25,mujer,0,19,0.0
2024,50401,rural,26,hombre,1,22,4.545454545454546
2024,50401,rural,26,mujer,1,13,7.6923076923076925
2024,50401,rural,27,hombre,2,41,4.878048780487805
2024,50401,rural,27,mujer,0,19,0.0
2024,50401,rural,28,hombre,2,45,4.444444444444445
2024,50401,rural,28,mujer,0,13,0.0
2024,50401,urbana,16,hombre,3,26,11.538461538461538
2024,50401,urbana,16,mujer,1,5,20.0
2024,50401,urbana,17,hombre,0,34,0.0
2024,50401,urbana,17,mujer,2,10,20.0
2024,50401,urbana,18,hombre,2,42,4.761904761904762
2024,50401,urbana,18,mujer,1,7,14.285714285714286
2024,50401,urbana,19,hombre,0,59,0.0
2024,50401,urbana,19,mujer,0,4,0.0
2024,50401,urbana,20,hombre,2,55,3.6363636363636362
2024,50401,urbana,20,mujer,0,7,0.0
2024,50401,urbana,21,hombre,0,74,0.0
2024,50401,urbana,21,mujer,1,9,11.11111111111111
2024,50401,urbana,22,hombre,0,82,0.0
2024,50401,urbana,22,mujer,1,6,16.666666666666668
2024,50401,urbana,23,hombre,0,74,0.0
2024,50401,urbana,23,mujer,1,9,11.11111111111111
2024,50401,urbana,24,hombre,0,100,0.0
2024,50401,urbana,24,mujer,0,11,0.0
2024,50401,urbana,25,hombre,1,78,1.2820512820512822
2024,50401,urbana,25,mujer,0,11,0.0
2024,50401,urbana,26,hombre,0,74,0.0
2024,50401,urbana,26,mujer,0,19,0.0
2024,50401,urbana,27,hombre,0,63,0.0
2024,50401,urbana,27,mujer,0,13,0.0
2024,50401,urbana,28,hombre,0,62,0.0
2024,50401,urbana,28,mujer,0,21,0.0
2024,50402,rural,16,hombre,6,29,20.689655172413794
2024,50402,rural,16,mujer,4,32,12.5
2024,50402,rural,17,hombre,6,48,12.5
2024,50402,rural,17,mujer,2,23,8.695652173913043
2024,50402,rural,18,hombre,5,64,7.8125
2024,50402,rural,18,mujer,3,33,9.090909090909092
2024,50402,rural,19,hombre,4,54,7.407407407407407
2024,50402,rural,19,mujer,3,36,8.333333333333334
2024,50402,rural,20,hombre,0,65,0.0
2024,50402,rural,20,mujer,3,38,7.894736842105263
2024,50402,rural,21,hombre,4,68,5.882352941176471
2024,50402,rural,21,mujer,4,35,11.428571428571429
2024,50402,rural,22,hombre,0,66,0.0
2024,50402,rural,22,mujer,3,36,8.333333333333334
2024,50402,rural,23,hombre,2,78,2.5641025641025643
2024,50402,rural,23,mujer,2,47,4.25531914893617
2024,50402,rural,24,hombre,4,78,5.128205128205129
2024,50402,rural,24,mujer,6,43,13.953488372093023
2024,50402,rural,25,hombre,2,68,2.9411764705882355
2024,50402,rural,25,mujer,5,34,14.705882352941176
2024,50402,rural,26,hombre,3,71,4.225352112676056
2024,50402,rural,26,mujer,2,32,6.25
2024,50402,rural,27,hombre,3,66,4.545454545454546
2024,50402,rural,27,mujer,4,50,8.0
2024,50402,rural,28,hombre,1,74,1.3513513513513513
2024,50402,rural,28,mujer,2,33,6.0606060606060606
2024,50403,rural,16,hombre,5,57,8.771929824561404
2024,50403,rural,16,mujer,3,28,10.714285714285714
2024,50403,rural,17,hombre,8,63,12.698412698412698
2024,50403,rural,17,mujer,4,38,10.526315789473685
2024,50403,rural,18,hombre,4,76,5.2631578947368425
2024,50403,rural,18,mujer,3,55,5.454545454545454
2024,50403,rural,19,hombre,7,76,9.210526315789474
2024,50403,rural,19,mujer,3,71,4.225352112676056
2024,50403,rural,20,hombre,9,121,7.43801652892562
2024,50403,rural,20,mujer,1,63,1.5873015873015872
2024,50403,rural,21,hombre,11,119,9.243697478991596
2024,50403,rural,21,mujer,4,72,5.555555555555555
2024,50403,rural,22,hombre,9,113,7.964601769911504
2024,50403,rural,22,mujer,2,54,3.7037037037037037
2024,50403,rural,23,hombre,13,150,8.666666666666666
2024,50403,rural,23,mujer,8,76,10.526315789473685
2024,50403,rural,24,hombre,11,162,6.790123456790123
2024,50403,rural,24,mujer,2,71,2.816901408450704
2024,50403,rural,25,hombre,12,150,8.0
2024,50403,rural,25,mujer,3,66,4.545454545454546
2024,50403,rural,26,hombre,6,147,4.081632653061225
2024,50403,rural,26,mujer,5,70,7.142857142857143
2024,50403,rural,27,hombre,8,137,5.839416058394161
2024,50403,rural,27,mujer,3,67,4.477611940298507
2024,50403,rural,28,hombre,13,164,7.926829268292683
2024,50403,rural,28,mujer,2,62,3.225806451612903
2024,50403,urbana,16,hombre,2,6,33.333333333333336
2024,50403,urbana,16,mujer,2,5,40.0
2024,50403,urbana,17,hombre,1,7,14.285714285714286
2024,50403,urbana,17,mujer,1,6,16.666666666666668
2024,50403,urbana,18,hombre,0,7,0.0
2024,50403,urbana,18,mujer,0,4,0.0
2024,50403,urbana,19,hombre,0,9,0.0
2024,50403,urbana,19,mujer,1,10,10.0
2024,50403,urbana,20,hombre,0,8,0.0
2024,50403,urbana,20,mujer,1,6,16.666666666666668
2024,50403,urbana,21,hombre,0,6,0.0
2024,50403,urbana,21,mujer,4,9,44.44444444444444
2024,50403,urbana,22,hombre,0,7,0.0
2024,50403,urbana,22,mujer,0,8,0.0
2024,50403,urbana,23,hombre,1,9,11.11111111111111
2024,50403,urbana,23,mujer,0,6,0.0
2024,50403,urbana,24,hombre,0,10,0.0
2024,50403,urbana,24,mujer,1,16,6.25
2024,50403,urbana,25,hombre,0,10,0.0
2024,50403,urbana,25,mujer,1,10,10.0
2024,50403,urbana,26,hombre,0,13,0.0
2024,50403,urbana,26,mujer,0,7,0.0
2024,50403,urbana,27,hombre,0,9,0.0
2024,50403,urbana,27,mujer,1,16,6.25
2024,50403,urbana,28,hombre,1,11,9.090909090909092
2024,50403,urbana,28,mujer,2,11,18.181818181818183
2024,50404,rural,16,hombre,3,57,5.2631578947368425
2024,50404,rural,16,mujer,2,24,8.333333333333334
2024,50404,rural,17,hombre,3,62,4.838709677419355
2024,50404,rural,17,mujer,1,23,4.3478260869565215
2024,50404,rural,18,hombre,5,56,8.928571428571429
2024,50404,rural,18,mujer,0,33,0.0
2024,50404,rural,19,hombre,1,54,1.8518518518518519
2024,50404,rural,19,mujer,1,20,5.0
2024,50404,rural,20,hombre,4,88,4.545454545454546
2024,50404,rural,20,mujer,3,35,8.571428571428571
2024,50404,rural,21,hombre,4,72,5.555555555555555
2024,50404,rural,21,mujer,1,27,3.7037037037037037
2024,50404,rural,22,hombre,6,64,9.375
2024,50404,rural,22,mujer,1,27,3.7037037037037037
2024,50404,rural,23,hombre,4,82,4.878048780487805
2024,50404,rural,23,mujer,0,31,0.0
2024,50404,rural,24,hombre,5,101,4.9504950495049505
2024,50404,rural,24,mujer,3,28,10.714285714285714
2024,50404,rural,25,hombre,1,69,1.4492753623188406
2024,50404,rural,25,mujer,1,24,4.166666666666667
2024,50404,rural,26,hombre,3,74,4.054054054054054
2024,50404,rural,26,mujer,2,26,7.6923076923076925
2024,50404,rural,27,hombre,3,68,4.411764705882353
2024,50404,rural,27,mujer,4,27,14.814814814814815
2024,50404,rural,28,hombre,4,71,5.633802816901408
2024,50404,rural,28,mujer,1,27,3.7037037037037037
2024,50405,rural,16,hombre,8,50,16.0
2024,50405,rural,16,mujer,7,43,16.27906976744186
2024,50405,rural,17,hombre,4,53,7.547169811320755
2024,50405,rural,17,mujer,4,38,10.526315789473685
2024,50405,rural,18,hombre,6,95,6.315789473684211
2024,50405,rural,18,mujer,2,49,4.081632653061225
2024,50405,rural,19,hombre,7,97,7.216494845360825
2024,50405,rural,19,mujer,3,44,6.818181818181818
2024,50405,rural,20,hombre,9,110,8.181818181818182
2024,50405,rural,20,mujer,5,52,9.615384615384615
2024,50405,rural,21,hombre,6,116,5.172413793103448
2024,50405,rural,21,mujer,6,52,11.538461538461538
2024,50405,rural,22,hombre,7,111,6.306306306306307
2024,50405,rural,22,mujer,5,57,8.771929824561404
2024,50405,rural,23,hombre,4,125,3.2
2024,50405,rural,23,mujer,6,50,12.0
2024,50405,rural,24,hombre,8,156,5.128205128205129
2024,50405,rural,24,mujer,3,59,5.084745762711864
2024,50405,rural,25,hombre,5,130,3.8461538461538463
2024,50405,rural,25,mujer,2,46,4.3478260869565215
2024,50405,rural,26,hombre,4,111,3.6036036036036037
2024,50405,rural,26,mujer,3,36,8.333333333333334
2024,50405,rural,27,hombre,6,127,4.724409448818897
2024,50405,rural,27,mujer,1,38,2.6315789473684212
2024,50405,rural,28,hombre,3,103,2.912621359223301
2024,50405,rural,28,mujer,4,40,10.0
2024,50501,rural,16,hombre,6,53,11.320754716981131
2024,50501,rural,16,mujer,3,34,8.823529411764707
2024,50501,rural,17,hombre,4,65,6.153846153846154
2024,50501,rural,17,mujer,5,43,11.627906976744185
2024,50501,rural,18,hombre,6,53,11.320754716981131
2024,50501,rural,18,mujer,2,41,4.878048780487805
2024,50501,rural,19,hombre,6,69,8.695652173913043
2024,50501,rural,19,mujer,7,47,14.893617021276595
2024,50501,rural,20,hombre,6,71,8.450704225352112
2024,50501,rural,20,mujer,2,41,4.878048780487805
2024,50501,rural,21,hombre,5,91,5.4945054945054945
2024,50501,rural,21,mujer,2,50,4.0
2024,50501,rural,22,hombre,5,111,4.504504504504505
2024,50501,rural,22,mujer,1,36,2.7777777777777777
2024,50501,rural,23,hombre,6,127,4.724409448818897
2024,50501,rural,23,mujer,5,42,11.904761904761905
2024,50501,rural,24,hombre,4,95,4.2105263157894735
2024,50501,rural,24,mujer,6,59,10.169491525423728
2024,50501,rural,25,hombre,4,114,3.508771929824561
2024,50501,rural,25,mujer,2,58,3.4482758620689653
2024,50501,rural,26,hombre,2,106,1.8867924528301887
2024,50501,rural,26,mujer,2,41,4.878048780487805
2024,50501,rural,27,hombre,10,101,9.900990099009901
2024,50501,rural,27,mujer,2,49,4.081632653061225
2024,50501,rural,28,hombre,1,107,0.9345794392523364
2024,50501,rural,28,mujer,0,31,0.0
2024,50502,rural,16,hombre,2,30,6.666666666666667
2024,50502,rural,16,mujer,3,26,11.538461538461538
2024,50502,rural,17,hombre,2,42,4.761904761904762
2024,50502,rural,17,mujer,5,21,23.80952380952381
2024,50502,rural,18,hombre,3,24,12.5
2024,50502,rural,18,mujer,0,33,0.0
2024,50502,rural,19,hombre,4,29,13.793103448275861
2024,50502,rural,19,mujer,3,37,8.108108108108109
2024,50502,rural,20,hombre,3,40,7.5
2024,50502,rural,20,mujer,1,27,3.7037037037037037
2024,50502,rural,21,hombre,3,46,6.521739130434782
2024,50502,rural,21,mujer,2,17,11.764705882352942
2024,50502,rural,22,hombre,2,33,6.0606060606060606
2024,50502,rural,22,mujer,1,29,3.4482758620689653
2024,50502,rural,23,hombre,3,44,6.818181818181818
2024,50502,rural,23,mujer,2,28,7.142857142857143
2024,50502,rural,24,hombre,3,49,6.122448979591836
2024,50502,rural,24,mujer,1,30,3.3333333333333335
2024,50502,rural,25,hombre,1,46,2.1739130434782608
2024,50502,rural,25,mujer,1,28,3.5714285714285716
2024,50502,rural,26,hombre,0,51,0.0
2024,50502,rural,26,mujer,2,34,5.882352941176471
2024,50502,rural,27,hombre,2,43,4.651162790697675
2024,50502,rural,27,mujer,4,25,16.0
2024,50502,rural,28,hombre,1,66,1.5151515151515151
2024,50502,rural,28,mujer,3,23,13.043478260869565
2024,50601,rural,16,hombre,9,39,23.076923076923077
2024,50601,rural,16,mujer,1,9,11.11111111111111
2024,50601,rural,17,hombre,8,48,16.666666666666668
2024,50601,rural,17,mujer,6,39,15.384615384615385
2024,50601,rural,18,hombre,3,72,4.166666666666667
2024,50601,rural,18,mujer,2,43,4.651162790697675
2024,50601,rural,19,hombre,2,94,2.127659574468085
2024,50601,rural,19,mujer,1,57,1.7543859649122806
2024,50601,rural,20,hombre,6,110,5.454545454545454
2024,50601,rural,20,mujer,3,64,4.6875
2024,50601,rural,21,hombre,9,98,9.183673469387756
2024,50601,rural,21,mujer,5,72,6.944444444444445
2024,50601,rural,22,hombre,6,131,4.580152671755725
2024,50601,rural,22,mujer,7,78,8.974358974358974
2024,50601,rural,23,hombre,4,137,2.9197080291970803
2024,50601,rural,23,mujer,3,72,4.166666666666667
2024,50601,rural,24,hombre,6,145,4.137931034482759
2024,50601,rural,24,mujer,5,110,4.545454545454546
2024,50601,rural,25,hombre,1,126,0.7936507936507936
2024,50601,rural,25,mujer,7,78,8.974358974358974
2024,50601,rural,26,hombre,3,130,2.3076923076923075
2024,50601,rural,26,mujer,2,94,2.127659574468085
2024,50601,rural,27,hombre,4,154,2.5974025974025974
2024,50601,rural,27,mujer,4,98,4.081632653061225
2024,50601,rural,28,hombre,3,151,1.9867549668874172
2024,50601,rural,28,mujer,3,106,2.830188679245283
2024,50601,urbana,16,hombre,3,8,37.5
2024,50601,urbana,16,mujer,4,9,44.44444444444444
2024,50601,urbana,17,hombre,2,13,15.384615384615385
2024,50601,urbana,17,mujer,0,9,0.0
2024,50601,urbana,18,hombre,0,12,0.0
2024,50601,urbana,18,mujer,0,8,0.0
2024,50601,urbana,19,hombre,0,4,0.0
2024,50601,urbana,19,mujer,1,7,14.285714285714286
2024,50601,urbana,20,hombre,1,10,10.0
2024,50601,urbana,20,mujer,1,5,20.0
2024,50601,urbana,21,hombre,0,14,0.0
2024,50601,urbana,21,mujer,1,12,8.333333333333334
2024,50601,urbana,22,hombre,0,9,0.0
2024,50601,urbana,22,mujer,0,9,0.0
2024,50601,urbana,23,hombre,0,15,0.0
2024,50601,urbana,23,mujer,0,11,0.0
2024,50601,urbana,24,hombre,1,15,6.666666666666667
2024,50601,urbana,24,mujer,0,10,0.0
2024,50601,urbana,25,hombre,0,18,0.0
2024,50601,urbana,25,mujer,1,18,5.555555555555555
2024,50601,urbana,26,hombre,0,14,0.0
2024,50601,urbana,26,mujer,0,14,0.0
2024,50601,urbana,27,hombre,0,16,0.0
2024,50601,urbana,27,mujer,0,12,0.0
2024,50601,urbana,28,hombre,1,19,5.2631578947368425
2024,50601,urbana,28,mujer,0,10,0.0
2024,50602,rural,16,hombre,2,15,13.333333333333334
2024,50602,rural,16,mujer,3,18,16.666666666666668
2024,50602,rural,17,hombre,4,21,19.047619047619047
2024,50602,rural,17,mujer,1,6,16.666666666666668
2024,50602,rural,18,hombre,3,33,9.090909090909092
2024,50602,rural,18,mujer,3,28,10.714285714285714
2024,50602,rural,19,hombre,4,31,12.903225806451612
2024,50602,rural,19,mujer,3,24,12.5
2024,50602,rural,20,hombre,1,31,3.225806451612903
2024,50602,rural,20,mujer,3,30,10.0
2024,50602,rural,21,hombre,4,32,12.5
2024,50602,rural,21,mujer,0,26,0.0
2024,50602,rural,22,hombre,1,34,2.9411764705882355
2024,50602,rural,22,mujer,2,22,9.090909090909092
2024,50602,rural,23,hombre,2,52,3.8461538461538463
2024,50602,rural,23,mujer,4,32,12.5
2024,50602,rural,24,hombre,1,43,2.3255813953488373
2024,50602,rural,24,mujer,2,33,6.0606060606060606
2024,50602,rural,25,hombre,1,38,2.6315789473684212
2024,50602,rural,25,mujer,2,37,5.405405405405405
2024,50602,rural,26,hombre,0,34,0.0
2024,50602,rural,26,mujer,2,34,5.882352941176471
2024,50602,rural,27,hombre,2,48,4.166666666666667
2024,50602,rural,27,mujer,2,27,7.407407407407407
2024,50602,rural,28,hombre,2,35,5.714285714285714
2024,50602,rural,28,mujer,3,30,10.0
2024,50701,rural,16,hombre,3,32,9.375
2024,50701,rural,16,mujer,1,22,4.545454545454546
2024,50701,rural,17,hombre,1,38,2.6315789473684212
2024,50701,rural,17,mujer,4,36,11.11111111111111
2024,50701,rural,18,hombre,3,20,15.0
2024,50701,rural,18,mujer,2,24,8.333333333333334
2024,50701,rural,19,hombre,1,35,2.857142857142857
2024,50701,rural,19,mujer,5,31,16.129032258064516
2024,50701,rural,20,hombre,2,48,4.166666666666667
2024,50701,rural,20,mujer,5,31,16.129032258064516
2024,50701,rural,21,hombre,2,62,3.225806451612903
2024,50701,rural,21,mujer,5,28,17.857142857142858
2024,50701,rural,22,hombre,3,47,6.382978723404255
2024,50701,rural,22,mujer,3,22,13.636363636363637
2024,50701,rural,23,hombre,6,82,7.317073170731708
2024,50701,rural,23,mujer,3,24,12.5
2024,50701,rural,24,hombre,4,84,4.761904761904762
2024,50701,rural,24,mujer,1,32,3.125
2024,50701,rural,25,hombre,3,63,4.761904761904762
2024,50701,rural,25,mujer,2,30,6.666666666666667
2024,50701,rural,26,hombre,7,75,9.333333333333334
2024,50701,rural,26,mujer,4,24,16.666666666666668
2024,50701,rural,27,hombre,5,69,7.246376811594203
2024,50701,rural,27,mujer,4,28,14.285714285714286
2024,50701,rural,28,hombre,7,51,13.72549019607843
2024,50701,rural,28,mujer,3,24,12.5
2024,50701,urbana,16,hombre,1,1,100.0
2024,50701,urbana,17,hombre,1,7,14.285714285714286
2024,50701,urbana,17,mujer,0,3,0.0
2024,50701,urbana,18,hombre,1,4,25.0
2024,50701,urbana,18,mujer,2,4,50.0
2024,50701,urbana,19,hombre,0,4,0.0
2024,50701,urbana,19,mujer,3,5,60.0
2024,50701,urbana,20,hombre,0,5,0.0
2024,50701,urbana,20,mujer,0,5,0.0
2024,50701,urbana,21,hombre,0,8,0.0
2024,50701,urbana,21,mujer,0,6,0.0
2024,50701,urbana,22,hombre,0,2,0.0
2024,50701,urbana,22,mujer,1,8,12.5
2024,50701,urbana,23,hombre,0,3,0.0
2024,50701,urbana,23,mujer,1,8,12.5
2024,50701,urbana,24,hombre,0,6,0.0
2024,50701,urbana,24,mujer,2,11,18.181818181818183
2024,50701,urbana,25,hombre,0,5,0.0
2024,50701,urbana,25,mujer,1,3,33.333333333333336
2024,50701,urbana,26,hombre,0,9,0.0
2024,50701,urbana,26,mujer,0,4,0.0
2024,50701,urbana,27,hombre,0,6,0.0
2024,50701,urbana,27,mujer,0,6,0.0
2024,50701,urbana,28,hombre,0,12,0.0
2024,50701,urbana,28,mujer,0,3,0.0
2024,50702,rural,16,hombre,0,21,0.0
2024,50702,rural,16,mujer,0,11,0.0
2024,50702,rural,17,hombre,4,20,20.0
2024,50702,rural,17,mujer,0,10,0.0
2024,50702,rural,18,hombre,0,13,0.0
2024,50702,rural,18,mujer,2,21,9.523809523809524
2024,50702,rural,19,hombre,3,15,20.0
2024,50702,rural,19,mujer,4,16,25.0
2024,50702,rural,20,hombre,2,31,6.451612903225806
2024,50702,rural,20,mujer,2,19,10.526315789473685
2024,50702,rural,21,hombre,0,46,0.0
2024,50702,rural,21,mujer,3,20,15.0
2024,50702,rural,22,hombre,1,51,1.9607843137254901
2024,50702,rural,22,mujer,4,18,22.22222222222222
2024,50702,rural,23,hombre,2,34,5.882352941176471
2024,50702,rural,23,mujer,2,18,11.11111111111111
2024,50702,rural,24,hombre,3,47,6.382978723404255
2024,50702,rural,24,mujer,2,20,10.0
2024,50702,rural,25,hombre,0,35,0.0
2024,50702,rural,25,mujer,3,14,21.428571428571427
2024,50702,rural,26,hombre,0,47,0.0
2024,50702,rural,26,mujer,0,18,0.0
2024,50702,rural,27,hombre,3,55,5.454545454545454
2024,50702,rural,27,mujer,1,23,4.3478260869565215
2024,50702,rural,28,hombre,7,56,12.5
2024,50702,rural,28,mujer,2,21,9.523809523809524
2024,50801,rural,16,hombre,3,30,10.0
2024,50801,rural,16,mujer,2,17,11.764705882352942
2024,50801,rural,17,hombre,2,32,6.25
2024,50801,rural,17,mujer,3,14,21.428571428571427
2024,50801,rural,18,hombre,3,38,7.894736842105263
2024,50801,rural,18,mujer,4,31,12.903225806451612
2024,50801,rural,19,hombre,3,59,5.084745762711864
2024,50801,rural,19,mujer,0,23,0.0
2024,50801,rural,20,hombre,3,74,4.054054054054054
2024,50801,rural,20,mujer,3,47,6.382978723404255
2024,50801,rural,21,hombre,3,85,3.5294117647058822
2024,50801,rural,21,mujer,1,38,2.6315789473684212
2024,50801,rural,22,hombre,3,84,3.5714285714285716
2024,50801,rural,22,mujer,5,51,9.803921568627452
2024,50801,rural,23,hombre,1,83,1.2048192771084338
2024,50801,rural,23,mujer,3,47,6.382978723404255
2024,50801,rural,24,hombre,2,108,1.8518518518518519
2024,50801,rural,24,mujer,7,52,13.461538461538462
2024,50801,rural,25,hombre,3,93,3.225806451612903
2024,50801,rural,25,mujer,0,46,0.0
2024,50801,rural,26,hombre,1,93,1.075268817204301
2024,50801,rural,26,mujer,4,49,8.16326530612245
2024,50801,rural,27,hombre,3,89,3.3707865168539324
2024,50801,rural,27,mujer,2,65,3.076923076923077
2024,50801,rural,28,hombre,1,94,1.0638297872340425
2024,50801,rural,28,mujer,0,46,0.0
2024,50801,urbana,16,hombre,14,51,27.45098039215686
2024,50801,urbana,16,mujer,14,39,35.8974358974359
2024,50801,urbana,17,hombre,10,51,19.607843137254903
2024,50801,urbana,17,mujer,8,36,22.22222222222222
2024,50801,urbana,18,hombre,8,68,11.764705882352942
2024,50801,urbana,18,mujer,19,65,29.23076923076923
2024,50801,urbana,19,hombre,10,92,10.869565217391305
2024,50801,urbana,19,mujer,3,61,4.918032786885246
2024,50801,urbana,20,hombre,7,114,6.140350877192983
2024,50801,urbana,20,mujer,6,59,10.169491525423728
2024,50801,urbana,21,hombre,4,108,3.7037037037037037
2024,50801,urbana,21,mujer,7,69,10.144927536231885
2024,50801,urbana,22,hombre,5,103,4.854368932038835
2024,50801,urbana,22,mujer,7,90,7.777777777777778
2024,50801,urbana,23,hombre,7,117,5.982905982905983
2024,50801,urbana,23,mujer,10,99,10.1010101010101
2024,50801,urbana,24,hombre,6,150,4.0
2024,50801,urbana,24,mujer,3,116,2.586206896551724
2024,50801,urbana,25,hombre,3,157,1.910828025477707
2024,50801,urbana,25,mujer,4,110,3.6363636363636362
2024,50801,urbana,26,hombre,4,171,2.3391812865497075
2024,50801,urbana,26,mujer,10,138,7.246376811594203
2024,50801,urbana,27,hombre,5,168,2.9761904761904763
2024,50801,urbana,27,mujer,4,170,2.3529411764705883
2024,50801,urbana,28,hombre,7,174,4.022988505747127
2024,50801,urbana,28,mujer,3,143,2.097902097902098
2024,50802,rural,16,hombre,4,8,50.0
2024,50802,rural,16,mujer,6,9,66.66666666666667
2024,50802,rural,17,hombre,1,11,9.090909090909092
2024,50802,rural,17,mujer,2,4,50.0
2024,50802,rural,18,hombre,7,17,41.1764705882353
2024,50802,rural,18,mujer,4,13,30.76923076923077
2024,50802,rural,19,hombre,2,28,7.142857142857143
2024,50802,rural,19,mujer,2,10,20.0
2024,50802,rural,20,hombre,1,24,4.166666666666667
2024,50802,rural,20,mujer,2,12,16.666666666666668
2024,50802,rural,21,hombre,1,32,3.125
2024,50802,rural,21,mujer,2,13,15.384615384615385
2024,50802,rural,22,hombre,0,40,0.0
2024,50802,rural,22,mujer,1,9,11.11111111111111
2024,50802,rural,23,hombre,0,73,0.0
2024,50802,rural,23,mujer,1,21,4.761904761904762
2024,50802,rural,24,hombre,0,58,0.0
2024,50802,rural,24,mujer,0,18,0.0
2024,50802,rural,25,hombre,1,71,1.408450704225352
2024,50802,rural,25,mujer,3,31,9.67741935483871
2024,50802,rural,26,hombre,3,64,4.6875
2024,50802,rural,26,mujer,6,23,26.08695652173913
2024,50802,rural,27,hombre,3,80,3.75
2024,50802,rural,27,mujer,0,29,0.0
2024,50802,rural,28,hombre,1,81,1.2345679012345678
2024,50802,rural,28,mujer,2,42,4.761904761904762
2024,50901,rural,16,hombre,4,13,30.76923076923077
2024,50901,rural,16,mujer,3,9,33.333333333333336
2024,50901,rural,17,hombre,1,12,8.333333333333334
2024,50901,rural,17,mujer,3,8,37.5
2024,50901,rural,18,hombre,2,18,11.11111111111111
2024,50901,rural,18,mujer,1,5,20.0
2024,50901,rural,19,hombre,3,21,14.285714285714286
2024,50901,rural,19,mujer,1,12,8.333333333333334
2024,50901,rural,20,hombre,1,29,3.4482758620689653
2024,50901,rural,20,mujer,0,15,0.0
2024,50901,rural,21,hombre,2,46,4.3478260869565215
2024,50901,rural,21,mujer,4,17,23.529411764705884
2024,50901,rural,22,hombre,0,35,0.0
2024,50901,rural,22,mujer,1,25,4.0
2024,50901,rural,23,hombre,2,42,4.761904761904762
2024,50901,rural,23,mujer,0,22,0.0
2024,50901,rural,24,hombre,0,61,0.0
2024,50901,rural,24,mujer,1,34,2.9411764705882355
2024,50901,rural,25,hombre,1,62,1.6129032258064515
2024,50901,rural,25,mujer,0,39,0.0
2024,50901,rural,26,hombre,1,75,1.3333333333333333
2024,50901,rural,26,mujer,0,39,0.0
2024,50901,rural,27,hombre,0,74,0.0
2024,50901,rural,27,mujer,2,40,5.0
2024,50901,rural,28,hombre,1,81,1.2345679012345678
2024,50901,rural,28,mujer,1,39,2.5641025641025643
2024,50901,urbana,16,hombre,2,2,100.0
2024,50901,urbana,16,mujer,1,2,50.0
2024,50901,urbana,17,hombre,1,3,33.333333333333336
2024,50901,urbana,17,mujer,3,4,75.0
2024,50901,urbana,18,hombre,0,2,0.0
2024,50901,urbana,18,mujer,1,6,16.666666666666668
2024,50901,urbana,19,hombre,0,1,0.0
2024,50901,urbana,19,mujer,0,1,0.0
2024,50901,urbana,20,hombre,0,5,0.0
2024,50901,urbana,20,mujer,0,1,0.0
2024,50901,urbana,21,hombre,2,10,20.0
2024,50901,urbana,21,mujer,1,4,25.0
2024,50901,urbana,22,hombre,0,4,0.0
2024,50901,urbana,22,mujer,0,9,0.0
2024,50901,urbana,23,hombre,1,13,7.6923076923076925
2024,50901,urbana,23,mujer,0,3,0.0
2024,50901,urbana,24,hombre,0,14,0.0
2024,50901,urbana,24,mujer,0,9,0.0
2024,50901,urbana,25,hombre,1,15,6.666666666666667
2024,50901,urbana,25,mujer,0,12,0.0
2024,50901,urbana,26,hombre,0,11,0.0
2024,50901,urbana,26,mujer,1,16,6.25
2024,50901,urbana,27,hombre,0,16,0.0
2024,50901,urbana,27,mujer,2,8,25.0
2024,50901,urbana,28,hombre,0,18,0.0
2024,50901,urbana,28,mujer,0,8,0.0
2024,50902,rural,16,hombre,1,3,33.333333333333336
2024,50902,rural,16,mujer,0,1,0.0
2024,50902,rural,17,hombre,0,2,0.0
2024,50902,rural,17,mujer,1,4,25.0
2024,50902,rural,18,hombre,0,1,0.0
2024,50902,rural,19,hombre,1,4,25.0
2024,50902,rural,19,mujer,1,5,20.0
2024,50902,rural,20,hombre,0,7,0.0
2024,50902,rural,20,mujer,1,3,33.333333333333336
2024,50902,rural,21,hombre,0,6,0.0
2024,50902,rural,21,mujer,0,4,0.0
2024,50902,rural,22,hombre,1,14,7.142857142857143
2024,50902,rural,22,mujer,0,3,0.0
2024,50902,rural,23,hombre,1,16,6.25
2024,50902,rural,23,mujer,1,6,16.666666666666668
2024,50902,rural,24,hombre,0,9,0.0
2024,50902,rural,24,mujer,0,5,0.0
2024,50902,rural,25,hombre,0,13,0.0
2024,50902,rural,25,mujer,1,8,12.5
2024,50902,rural,26,hombre,1,8,12.5
2024,50902,rural,26,mujer,0,4,0.0
2024,50902,rural,27,hombre,0,12,0.0
2024,50902,rural,27,mujer,0,5,0.0
2024,50902,rural,28,hombre,1,8,12.5
2024,50902,rural,28,mujer,0,7,0.0
2024,51001,rural,16,hombre,3,7,42.857142857142854
2024,51001,rural,16,mujer,0,3,0.0
2024,51001,rural,17,hombre,1,5,20.0
2024,51001,rural,17,mujer,1,5,20.0
2024,51001,rural,18,hombre,0,9,0.0
2024,51001,rural,18,mujer,0,7,0.0
2024,51001,rural,19,hombre,1,12,8.333333333333334
2024,51001,rural,19,mujer,0,4,0.0
2024,51001,rural,20,hombre,0,11,0.0
2024,51001,rural,20,mujer,1,10,10.0
2024,51001,rural,21,hombre,1,15,6.666666666666667
2024,51001,rural,21,mujer,1,7,14.285714285714286
2024,51001,rural,22,hombre,0,21,0.0
2024,51001,rural,22,mujer,0,12,0.0
2024,51001,rural,23,hombre,0,15,0.0
2024,51001,rural,23,mujer,0,12,0.0
2024,51001,rural,24,hombre,0,19,0.0
2024,51001,rural,24,mujer,1,11,9.090909090909092
2024,51001,rural,25,hombre,0,13,0.0
2024,51001,rural,25,mujer,0,8,0.0
2024,51001,rural,26,hombre,1,11,9.090909090909092
2024,51001,rural,26,mujer,0,16,0.0
2024,51001,rural,27,hombre,1,26,3.8461538461538463
2024,51001,rural,27,mujer,0,13,0.0
2024,51001,rural,28,hombre,0,22,0.0
2024,51001,rural,28,mujer,0,11,0.0
2024,51002,rural,16,hombre,0,2,0.0
2024,51002,rural,16,mujer,0,1,0.0
2024,51002,rural,17,hombre,0,1,0.0
2024,51002,rural,17,mujer,1,2,50.0
2024,51002,rural,18,hombre,0,1,0.0
2024,51002,rural,18,mujer,0,1,0.0
2024,51002,rural,19,hombre,0,3,0.0
2024,51002,rural,20,hombre,0,4,0.0
2024,51002,rural,20,mujer,2,2,100.0
2024,51002,rural,21,hombre,0,5,0.0
2024,51002,rural,21,mujer,0,3,0.0
2024,51002,rural,22,hombre,0,2,0.0
2024,51002,rural,22,mujer,0,1,0.0
2024,51002,rural,23,hombre,0,5,0.0
2024,51002,rural,23,mujer,0,4,0.0
2024,51002,rural,24,hombre,1,10,10.0
2024,51002,rural,24,mujer,1,1,100.0
2024,51002,rural,25,hombre,1,6,16.666666666666668
2024,51002,rural,25,mujer,1,2,50.0
2024,51002,rural,26,hombre,0,8,0.0
2024,51002,rural,26,mujer,0,3,0.0
2024,51002,rural,27,hombre,0,6,0.0
2024,51002,rural,27,mujer,0,1,0.0
2024,51002,rural,28,hombre,0,6,0.0
2024,51002,rural,28,mujer,1,1,100.0
2024,51003,rural,16,hombre,0,3,0.0
2024,51003,rural,17,hombre,0,6,0.0
2024,51003,rural,18,hombre,0,6,0.0
2024,51003,rural,18,mujer,1,4,25.0
2024,51003,rural,19,hombre,0,9,0.0
2024,51003,rural,19,mujer,0,1,0.0
2024,51003,rural,20,hombre,0,7,0.0
2024,51003,rural,20,mujer,0,1,0.0
2024,51003,rural,21,hombre,0,5,0.0
2024,51003,rural,21,mujer,0,5,0.0
2024,51003,rural,22,hombre,0,10,0.0
2024,51003,rural,22,mujer,1,6,16.666666666666668
2024,51003,rural,23,hombre,0,9,0.0
2024,51003,rural,23,mujer,0,1,0.0
2024,51003,rural,24,hombre,0,14,0.0
2024,51003,rural,24,mujer,0,3,0.0
2024,51003,rural,25,hombre,1,13,7.6923076923076925
2024,51003,rural,25,mujer,0,2,0.0
2024,51003,rural,26,hombre,0,7,0.0
2024,51003,rural,26,mujer,0,6,0.0
2024,51003,rural,27,hombre,0,10,0.0
2024,51003,rural,27,mujer,1,5,20.0
2024,51003,rural,28,hombre,0,10,0.0
2024,51003,rural,28,mujer,0,6,0.0
2024,51101,rural,16,hombre,5,50,10.0
2024,51101,rural,16,mujer,4,27,14.814814814814815
2024,51101,rural,17,hombre,4,38,10.526315789473685
2024,51101,rural,17,mujer,3,35,8.571428571428571
2024,51101,rural,18,hombre,4,38,10.526315789473685
2024,51101,rural,18,mujer,4,35,11.428571428571429
2024,51101,rural,19,hombre,3,52,5.769230769230769
2024,51101,rural,19,mujer,1,38,2.6315789473684212
2024,51101,rural,20,hombre,3,64,4.6875
2024,51101,rural,20,mujer,10,36,27.77777777777778
2024,51101,rural,21,hombre,3,67,4.477611940298507
2024,51101,rural,21,mujer,4,37,10.81081081081081
2024,51101,rural,22,hombre,7,80,8.75
2024,51101,rural,22,mujer,5,41,12.195121951219512
2024,51101,rural,23,hombre,1,77,1.2987012987012987
2024,51101,rural,23,mujer,6,62,9.67741935483871
2024,51101,rural,24,hombre,1,71,1.408450704225352
2024,51101,rural,24,mujer,5,46,10.869565217391305
2024,51101,rural,25,hombre,4,62,6.451612903225806
2024,51101,rural,25,mujer,1,53,1.8867924528301887
2024,51101,rural,26,hombre,3,77,3.896103896103896
2024,51101,rural,26,mujer,0,45,0.0
2024,51101,rural,27,hombre,3,71,4.225352112676056
2024,51101,rural,27,mujer,2,33,6.0606060606060606
2024,51101,rural,28,hombre,5,72,6.944444444444445
2024,51101,rural,28,mujer,2,56,3.5714285714285716
2024,51102,rural,16,hombre,4,16,25.0
2024,51102,rural,16,mujer,0,4,0.0
2024,51102,rural,17,hombre,0,10,0.0
2024,51102,rural,17,mujer,0,14,0.0
2024,51102,rural,18,hombre,3,19,15.789473684210526
2024,51102,rural,18,mujer,0,14,0.0
2024,51102,rural,19,hombre,2,33,6.0606060606060606
2024,51102,rural,19,mujer,1,13,7.6923076923076925
2024,51102,rural,20,hombre,1,38,2.6315789473684212
2024,51102,rural,20,mujer,0,9,0.0
2024,51102,rural,21,hombre,0,39,0.0
2024,51102,rural,21,mujer,2,16,12.5
2024,51102,rural,22,hombre,0,48,0.0
2024,51102,rural,22,mujer,0,17,0.0
2024,51102,rural,23,hombre,0,46,0.0
2024,51102,rural,23,mujer,0,23,0.0
2024,51102,rural,24,hombre,1,47,2.127659574468085
2024,51102,rural,24,mujer,1,24,4.166666666666667
2024,51102,rural,25,hombre,0,51,0.0
2024,51102,rural,25,mujer,1,23,4.3478260869565215
2024,51102,rural,26,hombre,1,41,2.4390243902439024
2024,51102,rural,26,mujer,1,24,4.166666666666667
2024,51102,rural,27,hombre,2,57,3.508771929824561
2024,51102,rural,27,mujer,1,20,5.0
2024,51102,rural,28,hombre,0,41,0.0
2024,51102,rural,28,mujer,2,21,9.523809523809524
2024,51102,urbana,16,hombre,3,17,17.647058823529413
2024,51102,urbana,16,mujer,0,11,0.0
2024,51102,urbana,17,hombre,4,15,26.666666666666668
2024,51102,urbana,17,mujer,1,10,10.0
2024,51102,urbana,18,hombre,1,15,6.666666666666667
2024,51102,urbana,18,mujer,1,7,14.285714285714286
2024,51102,urbana,19,hombre,1,7,14.285714285714286
2024,51102,urbana,19,mujer,1,10,10.0
2024,51102,urbana,20,hombre,3,24,12.5
2024,51102,urbana,20,mujer,2,19,10.526315789473685
2024,51102,urbana,21,hombre,2,18,11.11111111111111
2024,51102,urbana,21,mujer,0,21,0.0
2024,51102,urbana,22,hombre,1,18,5.555555555555555
2024,51102,urbana,22,mujer,0,10,0.0
2024,51102,urbana,23,hombre,2,36,5.555555555555555
2024,51102,urbana,23,mujer,1,22,4.545454545454546
2024,51102,urbana,24,hombre,1,37,2.7027027027027026
2024,51102,urbana,24,mujer,3,20,15.0
2024,51102,urbana,25,hombre,1,29,3.4482758620689653
2024,51102,urbana,25,mujer,0,16,0.0
2024,51102,urbana,26,hombre,2,20,10.0
2024,51102,urbana,26,mujer,0,12,0.0
2024,51102,urbana,27,hombre,1,38,2.6315789473684212
2024,51102,urbana,27,mujer,1,16,6.25
2024,51102,urbana,28,hombre,1,29,3.4482758620689653
2024,51102,urbana,28,mujer,1,21,4.761904761904762
2024,51103,rural,16,hombre,7,36,19.444444444444443
2024,51103,rural,16,mujer,5,22,22.727272727272727
2024,51103,rural,17,hombre,3,39,7.6923076923076925
2024,51103,rural,17,mujer,2,32,6.25
2024,51103,rural,18,hombre,2,82,2.4390243902439024
2024,51103,rural,18,mujer,4,32,12.5
2024,51103,rural,19,hombre,4,72,5.555555555555555
2024,51103,rural,19,mujer,1,36,2.7777777777777777
2024,51103,rural,20,hombre,5,68,7.352941176470588
2024,51103,rural,20,mujer,2,36,5.555555555555555
2024,51103,rural,21,hombre,5,77,6.4935064935064934
2024,51103,rural,21,mujer,2,30,6.666666666666667
2024,51103,rural,22,hombre,3,85,3.5294117647058822
2024,51103,rural,22,mujer,5,27,18.51851851851852
2024,51103,rural,23,hombre,9,88,10.227272727272727
2024,51103,rural,23,mujer,1,32,3.125
2024,51103,rural,24,hombre,9,83,10.843373493975903
2024,51103,rural,24,mujer,3,33,9.090909090909092
2024,51103,rural,25,hombre,11,76,14.473684210526315
2024,51103,rural,25,mujer,3,17,17.647058823529413
2024,51103,rural,26,hombre,6,84,7.142857142857143
2024,51103,rural,26,mujer,2,41,4.878048780487805
2024,51103,rural,27,hombre,4,52,7.6923076923076925
2024,51103,rural,27,mujer,0,21,0.0
2024,51103,rural,28,hombre,1,51,1.9607843137254901
2024,51103,rural,28,mujer,5,40,12.5
2024,51201,rural,16,hombre,1,17,5.882352941176471
2024,51201,rural,16,mujer,3,9,33.333333333333336
2024,51201,rural,17,hombre,6,29,20.689655172413794
2024,51201,rural,17,mujer,3,13,23.076923076923077
2024,51201,rural,18,hombre,4,36,11.11111111111111
2024,51201,rural,18,mujer,1,18,5.555555555555555
2024,51201,rural,19,hombre,1,36,2.7777777777777777
2024,51201,rural,19,mujer,3,17,17.647058823529413
2024,51201,rural,20,hombre,5,37,13.513513513513514
2024,51201,rural,20,mujer,0,17,0.0
2024,51201,rural,21,hombre,0,34,0.0
2024,51201,rural,21,mujer,2,30,6.666666666666667
2024,51201,rural,22,hombre,4,50,8.0
2024,51201,rural,22,mujer,4,29,13.793103448275861
2024,51201,rural,23,hombre,3,54,5.555555555555555
2024,51201,rural,23,mujer,0,27,0.0
2024,51201,rural,24,hombre,1,55,1.8181818181818181
2024,51201,rural,24,mujer,1,32,3.125
2024,51201,rural,25,hombre,1,45,2.2222222222222223
2024,51201,rural,25,mujer,0,27,0.0
2024,51201,rural,26,hombre,2,50,4.0
2024,51201,rural,26,mujer,3,43,6.976744186046512
2024,51201,rural,27,hombre,2,59,3.389830508474576
2024,51201,rural,27,mujer,1,25,4.0
2024,51201,rural,28,hombre,0,54,0.0
2024,51201,rural,28,mujer,0,38,0.0
2024,51201,urbana,16,hombre,16,44,36.36363636363637
2024,51201,urbana,16,mujer,8,31,25.806451612903224
2024,51201,urbana,17,hombre,7,47,14.893617021276595
2024,51201,urbana,17,mujer,10,32,31.25
2024,51201,urbana,18,hombre,8,79,10.126582278481013
2024,51201,urbana,18,mujer,8,53,15.09433962264151
2024,51201,urbana,19,hombre,6,93,6.451612903225806
2024,51201,urbana,19,mujer,4,57,7.017543859649122
2024,51201,urbana,20,hombre,3,87,3.4482758620689653
2024,51201,urbana,20,mujer,4,71,5.633802816901408
2024,51201,urbana,21,hombre,4,109,3.669724770642202
2024,51201,urbana,21,mujer,7,76,9.210526315789474
2024,51201,urbana,22,hombre,5,127,3.937007874015748
2024,51201,urbana,22,mujer,6,93,6.451612903225806
2024,51201,urbana,23,hombre,1,120,0.8333333333333334
2024,51201,urbana,23,mujer,6,121,4.958677685950414
2024,51201,urbana,24,hombre,6,161,3.7267080745341614
2024,51201,urbana,24,mujer,5,126,3.9682539682539684
2024,51201,urbana,25,hombre,2,147,1.3605442176870748
2024,51201,urbana,25,mujer,8,143,5.594405594405594
2024,51201,urbana,26,hombre,1,146,0.684931506849315
2024,51201,urbana,26,mujer,6,144,4.166666666666667
2024,51201,urbana,27,hombre,5,184,2.717391304347826
2024,51201,urbana,27,mujer,7,133,5.2631578947368425
2024,51201,urbana,28,hombre,3,160,1.875
2024,51201,urbana,28,mujer,6,144,4.166666666666667
2024,51202,rural,16,hombre,1,9,11.11111111111111
2024,51202,rural,16,mujer,0,2,0.0
2024,51202,rural,17,hombre,0,10,0.0
2024,51202,rural,17,mujer,0,9,0.0
2024,51202,rural,18,hombre,0,16,0.0
2024,51202,rural,18,mujer,0,9,0.0
2024,51202,rural,19,hombre,0,15,0.0
2024,51202,rural,19,mujer,0,15,0.0
2024,51202,rural,20,hombre,1,19,5.2631578947368425
2024,51202,rural,20,mujer,1,17,5.882352941176471
2024,51202,rural,21,hombre,2,26,7.6923076923076925
2024,51202,rural,21,mujer,0,19,0.0
2024,51202,rural,22,hombre,1,29,3.4482758620689653
2024,51202,rural,22,mujer,1,11,9.090909090909092
2024,51202,rural,23,hombre,1,38,2.6315789473684212
2024,51202,rural,23,mujer,0,13,0.0
2024,51202,rural,24,hombre,0,25,0.0
2024,51202,rural,24,mujer,0,29,0.0
2024,51202,rural,25,hombre,0,31,0.0
2024,51202,rural,25,mujer,5,28,17.857142857142858
2024,51202,rural,26,hombre,0,37,0.0
2024,51202,rural,26,mujer,4,27,14.814814814814815
2024,51202,rural,27,hombre,1,34,2.9411764705882355
2024,51202,rural,27,mujer,0,14,0.0
2024,51202,rural,28,hombre,0,22,0.0
2024,51202,rural,28,mujer,0,16,0.0
2024,51203,rural,16,hombre,1,2,50.0
2024,51203,rural,16,mujer,0,3,0.0
2024,51203,rural,17,hombre,1,6,16.666666666666668
2024,51203,rural,17,mujer,0,2,0.0
2024,51203,rural,18,hombre,1,9,11.11111111111111
2024,51203,rural,18,mujer,0,3,0.0
2024,51203,rural,19,hombre,3,9,33.333333333333336
2024,51203,rural,19,mujer,0,4,0.0
2024,51203,rural,20,hombre,0,5,0.0
2024,51203,rural,20,mujer,2,5,40.0
2024,51203,rural,21,hombre,1,14,7.142857142857143
2024,51203,rural,21,mujer,0,3,0.0
2024,51203,rural,22,hombre,0,16,0.0
2024,51203,rural,22,mujer,2,6,33.333333333333336
2024,51203,rural,23,hombre,0,10,0.0
2024,51203,rural,23,mujer,0,5,0.0
2024,51203,rural,24,hombre,1,11,9.090909090909092
2024,51203,rural,24,mujer,1,8,12.5
2024,51203,rural,25,hombre,0,17,0.0
2024,51203,rural,25,mujer,0,3,0.0
2024,51203,rural,26,hombre,0,10,0.0
2024,51203,rural,26,mujer,3,12,25.0
2024,51203,rural,27,hombre,0,16,0.0
2024,51203,rural,27,mujer,1,9,11.11111111111111
2024,51203,rural,28,hombre,0,13,0.0
2024,51203,rural,28,mujer,0,7,0.0
2024,51203,urbana,16,hombre,1,24,4.166666666666667
2024,51203,urbana,16,mujer,0,16,0.0
2024,51203,urbana,17,hombre,1,28,3.5714285714285716
2024,51203,urbana,17,mujer,2,15,13.333333333333334
2024,51203,urbana,18,hombre,2,34,5.882352941176471
2024,51203,urbana,18,mujer,0,13,0.0
2024,51203,urbana,19,hombre,2,63,3.1746031746031744
2024,51203,urbana,19,mujer,0,20,0.0
2024,51203,urbana,20,hombre,1,81,1.2345679012345678
2024,51203,urbana,20,mujer,0,26,0.0
2024,51203,urbana,21,hombre,1,122,0.819672131147541
2024,51203,urbana,21,mujer,0,33,0.0
2024,51203,urbana,22,hombre,4,118,3.389830508474576
2024,51203,urbana,22,mujer,2,35,5.714285714285714
2024,51203,urbana,23,hombre,0,132,0.0
2024,51203,urbana,23,mujer,1,34,2.9411764705882355
2024,51203,urbana,24,hombre,1,158,0.6329113924050633
2024,51203,urbana,24,mujer,0,27,0.0
2024,51203,urbana,25,hombre,1,133,0.7518796992481203
2024,51203,urbana,25,mujer,2,40,5.0
2024,51203,urbana,26,hombre,1,123,0.8130081300813008
2024,51203,urbana,26,mujer,0,41,0.0
2024,51203,urbana,27,hombre,0,156,0.0
2024,51203,urbana,27,mujer,1,39,2.5641025641025643
2024,51203,urbana,28,hombre,0,121,0.0
2024,51203,urbana,28,mujer,2,47,4.25531914893617
2024,51204,rural,16,hombre,1,7,14.285714285714286
2024,51204,rural,16,mujer,0,8,0.0
2024,51204,rural,17,hombre,1,10,10.0
2024,51204,rural,17,mujer,1,9,11.11111111111111
2024,51204,rural,18,hombre,2,13,15.384615384615385
2024,51204,rural,18,mujer,0,8,0.0
2024,51204,rural,19,hombre,0,11,0.0
2024,51204,rural,19,mujer,1,15,6.666666666666667
2024,51204,rural,20,hombre,1,17,5.882352941176471
2024,51204,rural,20,mujer,1,12,8.333333333333334
2024,51204,rural,21,hombre,1,17,5.882352941176471
2024,51204,rural,21,mujer,1,14,7.142857142857143
2024,51204,rural,22,hombre,0,14,0.0
2024,51204,rural,22,mujer,1,16,6.25
2024,51204,rural,23,hombre,1,25,4.0
2024,51204,rural,23,mujer,1,9,11.11111111111111
2024,51204,rural,24,hombre,1,27,3.7037037037037037
2024,51204,rural,24,mujer,0,7,0.0
2024,51204,rural,25,hombre,0,29,0.0
2024,51204,rural,25,mujer,1,11,9.090909090909092
2024,51204,rural,26,hombre,0,30,0.0
2024,51204,rural,26,mujer,2,15,13.333333333333334
2024,51204,rural,27,hombre,0,33,0.0
2024,51204,rural,27,mujer,2,16,12.5
2024,51204,rural,28,hombre,0,27,0.0
2024,51204,rural,28,mujer,2,18,11.11111111111111
2024,51301,rural,16,hombre,0,17,0.0
2024,51301,rural,16,mujer,0,9,0.0
2024,51301,rural,17,hombre,2,11,18.181818181818183
2024,51301,rural,17,mujer,0,7,0.0
2024,51301,rural,18,hombre,0,12,0.0
2024,51301,rural,18,mujer,0,8,0.0
2024,51301,rural,19,hombre,1,11,9.090909090909092
2024,51301,rural,19,mujer,0,3,0.0
2024,51301,rural,20,hombre,1,18,5.555555555555555
2024,51301,rural,20,mujer,0,5,0.0
2024,51301,rural,21,hombre,2,14,14.285714285714286
2024,51301,rural,21,mujer,0,7,0.0
2024,51301,rural,22,hombre,0,9,0.0
2024,51301,rural,22,mujer,0,3,0.0
2024,51301,rural,23,hombre,0,14,0.0
2024,51301,rural,23,mujer,0,16,0.0
2024,51301,rural,24,hombre,2,16,12.5
2024,51301,rural,24,mujer,0,4,0.0
2024,51301,rural,25,hombre,0,12,0.0
2024,51301,rural,25,mujer,0,6,0.0
2024,51301,rural,26,hombre,0,9,0.0
2024,51301,rural,26,mujer,0,9,0.0
2024,51301,rural,27,hombre,0,18,0.0
2024,51301,rural,27,mujer,1,5,20.0
2024,51301,rural,28,hombre,0,8,0.0
2024,51301,rural,28,mujer,0,10,0.0
2024,51302,rural,16,hombre,2,13,15.384615384615385
2024,51302,rural,16,mujer,6,15,40.0
2024,51302,rural,17,hombre,3,19,15.789473684210526
2024,51302,rural,17,mujer,2,12,16.666666666666668
2024,51302,rural,18,hombre,0,9,0.0
2024,51302,rural,18,mujer,2,15,13.333333333333334
2024,51302,rural,19,hombre,3,13,23.076923076923077
2024,51302,rural,19,mujer,0,16,0.0
2024,51302,rural,20,hombre,0,13,0.0
2024,51302,rural,20,mujer,1,10,10.0
2024,51302,rural,21,hombre,0,20,0.0
2024,51302,rural,21,mujer,0,7,0.0
2024,51302,rural,22,hombre,2,20,10.0
2024,51302,rural,22,mujer,1,17,5.882352941176471
2024,51302,rural,23,hombre,2,14,14.285714285714286
2024,51302,rural,23,mujer,0,6,0.0
2024,51302,rural,24,hombre,2,16,12.5
2024,51302,rural,24,mujer,1,7,14.285714285714286
2024,51302,rural,25,hombre,2,15,13.333333333333334
2024,51302,rural,25,mujer,1,6,16.666666666666668
2024,51302,rural,26,hombre,1,16,6.25
2024,51302,rural,26,mujer,2,10,20.0
2024,51302,rural,27,hombre,0,20,0.0
2024,51302,rural,27,mujer,1,13,7.6923076923076925
2024,51302,rural,28,hombre,1,19,5.2631578947368425
2024,51302,rural,28,mujer,1,13,7.6923076923076925
2024,51401,rural,16,hombre,2,4,50.0
2024,51401,rural,16,mujer,0,1,0.0
2024,51401,rural,17,hombre,2,7,28.571428571428573
2024,51401,rural,17,mujer,3,7,42.857142857142854
2024,51401,rural,18,hombre,0,10,0.0
2024,51401,rural,18,mujer,1,7,14.285714285714286
2024,51401,rural,19,hombre,2,9,22.22222222222222
2024,51401,rural,19,mujer,1,11,9.090909090909092
2024,51401,rural,20,hombre,2,13,15.384615384615385
2024,51401,rural,20,mujer,2,6,33.333333333333336
2024,51401,rural,21,hombre,0,18,0.0
2024,51401,rural,21,mujer,1,7,14.285714285714286
2024,51401,rural,22,hombre,1,25,4.0
2024,51401,rural,22,mujer,1,12,8.333333333333334
2024,51401,rural,23,hombre,2,18,11.11111111111111
2024,51401,rural,23,mujer,2,14,14.285714285714286
2024,51401,rural,24,hombre,0,18,0.0
2024,51401,rural,24,mujer,0,16,0.0
2024,51401,rural,25,hombre,1,24,4.166666666666667
2024,51401,rural,25,mujer,0,13,0.0
2024,51401,rural,26,hombre,0,17,0.0
2024,51401,rural,26,mujer,3,9,33.333333333333336
2024,51401,rural,27,hombre,0,21,0.0
2024,51401,rural,27,mujer,0,20,0.0
2024,51401,rural,28,hombre,1,28,3.5714285714285716
2024,51401,rural,28,mujer,0,14,0.0
2024,51402,rural,16,mujer,2,2,100.0
2024,51402,rural,17,hombre,1,3,33.333333333333336
2024,51402,rural,18,hombre,0,3,0.0
2024,51402,rural,19,hombre,0,2,0.0
2024,51402,rural,19,mujer,1,4,25.0
2024,51402,rural,20,hombre,0,4,0.0
2024,51402,rural,20,mujer,0,5,0.0
2024,51402,rural,21,hombre,0,4,0.0
2024,51402,rural,21,mujer,0,1,0.0
2024,51402,rural,22,hombre,1,4,25.0
2024,51402,rural,22,mujer,0,3,0.0
2024,51402,rural,23,hombre,0,11,0.0
2024,51402,rural,23,mujer,0,1,0.0
2024,51402,rural,24,hombre,0,5,0.0
2024,51402,rural,24,mujer,0,4,0.0
2024,51402,rural,25,hombre,0,7,0.0
2024,51402,rural,25,mujer,0,4,0.0
2024,51402,rural,26,hombre,0,6,0.0
2024,51402,rural,26,mujer,0,5,0.0
2024,51402,rural,27,hombre,1,9,11.11111111111111
2024,51402,rural,27,mujer,1,5,20.0
2024,51402,rural,28,hombre,0,5,0.0
2024,51402,rural,28,mujer,0,5,0.0
2024,51501,rural,16,hombre,3,15,20.0
2024,51501,rural,16,mujer,0,8,0.0
2024,51501,rural,17,hombre,4,24,16.666666666666668
2024,51501,rural,17,mujer,1,14,7.142857142857143
2024,51501,rural,18,hombre,4,26,15.384615384615385
2024,51501,rural,18,mujer,1,14,7.142857142857143
2024,51501,rural,19,hombre,2,41,4.878048780487805
2024,51501,rural,19,mujer,0,19,0.0
2024,51501,rural,20,hombre,1,27,3.7037037037037037
2024,51501,rural,20,mujer,3,28,10.714285714285714
2024,51501,rural,21,hombre,1,35,2.857142857142857
2024,51501,rural,21,mujer,0,22,0.0
2024,51501,rural,22,hombre,3,39,7.6923076923076925
2024,51501,rural,22,mujer,3,23,13.043478260869565
2024,51501,rural,23,hombre,0,27,0.0
2024,51501,rural,23,mujer,0,22,0.0
2024,51501,rural,24,hombre,0,36,0.0
2024,51501,rural,24,mujer,3,26,11.538461538461538
2024,51501,rural,25,hombre,3,49,6.122448979591836
2024,51501,rural,25,mujer,1,23,4.3478260869565215
2024,51501,rural,26,hombre,0,30,0.0
2024,51501,rural,26,mujer,0,37,0.0
2024,51501,rural,27,hombre,1,47,2.127659574468085
2024,51501,rural,27,mujer,2,33,6.0606060606060606
2024,51501,rural,28,hombre,1,30,3.3333333333333335
2024,51501,rural,28,mujer,2,43,4.651162790697675
2024,51501,urbana,16,hombre,19,77,24.675324675324674
2024,51501,urbana,16,mujer,18,57,31.57894736842105
2024,51501,urbana,17,hombre,14,96,14.583333333333334
2024,51501,urbana,17,mujer,16,54,29.62962962962963
2024,51501,urbana,18,hombre,18,117,15.384615384615385
2024,51501,urbana,18,mujer,15,97,15.463917525773196
2024,51501,urbana,19,hombre,11,123,8.94308943089431
2024,51501,urbana,19,mujer,6,93,6.451612903225806
2024,51501,urbana,20,hombre,10,148,6.756756756756757
2024,51501,urbana,20,mujer,5,136,3.676470588235294
2024,51501,urbana,21,hombre,10,176,5.681818181818182
2024,51501,urbana,21,mujer,12,134,8.955223880597014
2024,51501,urbana,22,hombre,14,207,6.763285024154589
2024,51501,urbana,22,mujer,10,152,6.578947368421052
2024,51501,urbana,23,hombre,3,244,1.2295081967213115
2024,51501,urbana,23,mujer,10,154,6.4935064935064934
2024,51501,urbana,24,hombre,12,284,4.225352112676056
2024,51501,urbana,24,mujer,6,196,3.061224489795918
2024,51501,urbana,25,hombre,7,222,3.1531531531531534
2024,51501,urbana,25,mujer,13,215,6.046511627906977
2024,51501,urbana,26,hombre,10,233,4.291845493562231
2024,51501,urbana,26,mujer,9,198,4.545454545454546
2024,51501,urbana,27,hombre,5,250,2.0
2024,51501,urbana,27,mujer,8,218,3.669724770642202
2024,51501,urbana,28,hombre,4,265,1.509433962264151
2024,51501,urbana,28,mujer,8,238,3.361344537815126
2024,51601,rural,17,hombre,0,1,0.0
2024,51601,rural,18,hombre,0,5,0.0
2024,51601,rural,18,mujer,1,1,100.0
2024,51601,rural,19,hombre,0,6,0.0
2024,51601,rural,19,mujer,1,2,50.0
2024,51601,rural,20,hombre,0,6,0.0
2024,51601,rural,20,mujer,1,9,11.11111111111111
2024,51601,rural,21,hombre,0,4,0.0
2024,51601,rural,21,mujer,0,3,0.0
2024,51601,rural,22,hombre,0,9,0.0
2024,51601,rural,22,mujer,0,3,0.0
2024,51601,rural,23,hombre,0,12,0.0
2024,51601,rural,23,mujer,0,5,0.0
2024,51601,rural,24,hombre,1,12,8.333333333333334
2024,51601,rural,24,mujer,1,7,14.285714285714286
2024,51601,rural,25,hombre,0,17,0.0
2024,51601,rural,25,mujer,0,7,0.0
2024,51601,rural,26,hombre,0,8,0.0
2024,51601,rural,26,mujer,0,7,0.0
2024,51601,rural,27,hombre,0,10,0.0
2024,51601,rural,27,mujer,0,8,0.0
2024,51601,rural,28,hombre,0,9,0.0
2024,51601,rural,28,mujer,1,7,14.285714285714286
2024,60101,rural,16,hombre,10,51,19.607843137254903
2024,60101,rural,16,mujer,11,40,27.5
2024,60101,rural,17,hombre,9,66,13.636363636363637
2024,60101,rural,17,mujer,10,40,25.0
2024,60101,rural,18,hombre,13,78,16.666666666666668
2024,60101,rural,18,mujer,8,57,14.035087719298245
2024,60101,rural,19,hombre,6,90,6.666666666666667
2024,60101,rural,19,mujer,11,62,17.741935483870968
2024,60101,rural,20,hombre,13,92,14.130434782608695
2024,60101,rural,20,mujer,12,77,15.584415584415584
2024,60101,rural,21,hombre,9,111,8.108108108108109
2024,60101,rural,21,mujer,8,73,10.95890410958904
2024,60101,rural,22,hombre,5,102,4.901960784313726
2024,60101,rural,22,mujer,6,71,8.450704225352112
2024,60101,rural,23,hombre,7,127,5.511811023622047
2024,60101,rural,23,mujer,7,76,9.210526315789474
2024,60101,rural,24,hombre,11,154,7.142857142857143
2024,60101,rural,24,mujer,6,98,6.122448979591836
2024,60101,rural,25,hombre,5,134,3.7313432835820897
2024,60101,rural,25,mujer,7,91,7.6923076923076925
2024,60101,rural,26,hombre,4,141,2.8368794326241136
2024,60101,rural,26,mujer,4,103,3.883495145631068
2024,60101,rural,27,hombre,5,148,3.3783783783783785
2024,60101,rural,27,mujer,5,105,4.761904761904762
2024,60101,rural,28,hombre,5,150,3.3333333333333335
2024,60101,rural,28,mujer,4,96,4.166666666666667
2024,60101,urbana,16,hombre,87,330,26.363636363636363
2024,60101,urbana,16,mujer,78,267,29.213483146067414
2024,60101,urbana,17,hombre,69,359,19.220055710306408
2024,60101,urbana,17,mujer,79,320,24.6875
2024,60101,urbana,18,hombre,80,528,15.151515151515152
2024,60101,urbana,18,mujer,74,481,15.384615384615385
2024,60101,urbana,19,hombre,87,720,12.083333333333334
2024,60101,urbana,19,mujer,82,604,13.57615894039735
2024,60101,urbana,20,hombre,71,770,9.220779220779221
2024,60101,urbana,20,mujer,65,646,10.061919504643964
2024,60101,urbana,21,hombre,58,918,6.318082788671024
2024,60101,urbana,21,mujer,64,749,8.544726301735647
2024,60101,urbana,22,hombre,63,1056,5.965909090909091
2024,60101,urbana,22,mujer,83,821,10.109622411693056
2024,60101,urbana,23,hombre,59,1237,4.7696038803556995
2024,60101,urbana,23,mujer,61,965,6.321243523316062
2024,60101,urbana,24,hombre,47,1384,3.3959537572254335
2024,60101,urbana,24,mujer,74,1180,6.271186440677966
2024,60101,urbana,25,hombre,46,1307,3.5195103289977046
2024,60101,urbana,25,mujer,56,1088,5.147058823529412
2024,60101,urbana,26,hombre,42,1283,3.273577552611068
2024,60101,urbana,26,mujer,56,1234,4.538087520259319
2024,60101,urbana,27,hombre,28,1515,1.8481848184818481
2024,60101,urbana,27,mujer,53,1213,4.369332234130256
2024,60101,urbana,28,hombre,28,1528,1.8324607329842932
2024,60101,urbana,28,mujer,34,1281,2.654176424668228
2024,60201,rural,16,hombre,11,49,22.448979591836736
2024,60201,rural,16,mujer,7,22,31.818181818181817
2024,60201,rural,17,hombre,15,51,29.41176470588235
2024,60201,rural,17,mujer,5,18,27.77777777777778
2024,60201,rural,18,hombre,4,52,7.6923076923076925
2024,60201,rural,18,mujer,6,30,20.0
2024,60201,rural,19,hombre,3,45,6.666666666666667
2024,60201,rural,19,mujer,2,31,6.451612903225806
2024,60201,rural,20,hombre,4,59,6.779661016949152
2024,60201,rural,20,mujer,3,40,7.5
2024,60201,rural,21,hombre,3,62,4.838709677419355
2024,60201,rural,21,mujer,3,46,6.521739130434782
2024,60201,rural,22,hombre,5,77,6.4935064935064934
2024,60201,rural,22,mujer,3,44,6.818181818181818
2024,60201,rural,23,hombre,11,100,11.0
2024,60201,rural,23,mujer,5,52,9.615384615384615
2024,60201,rural,24,hombre,10,110,9.090909090909092
2024,60201,rural,24,mujer,3,53,5.660377358490566
2024,60201,rural,25,hombre,9,109,8.256880733944953
2024,60201,rural,25,mujer,3,70,4.285714285714286
2024,60201,rural,26,hombre,1,66,1.5151515151515151
2024,60201,rural,26,mujer,6,67,8.955223880597014
2024,60201,rural,27,hombre,5,119,4.201680672268908
2024,60201,rural,27,mujer,1,57,1.7543859649122806
2024,60201,rural,28,hombre,4,125,3.2
2024,60201,rural,28,mujer,1,67,1.492537313432836
2024,60202,rural,16,hombre,2,12,16.666666666666668
2024,60202,rural,16,mujer,3,6,50.0
2024,60202,rural,17,hombre,1,14,7.142857142857143
2024,60202,rural,17,mujer,1,11,9.090909090909092
2024,60202,rural,18,hombre,1,12,8.333333333333334
2024,60202,rural,18,mujer,1,8,12.5
2024,60202,rural,19,hombre,2,22,9.090909090909092
2024,60202,rural,19,mujer,0,6,0.0
2024,60202,rural,20,hombre,0,15,0.0
2024,60202,rural,20,mujer,2,17,11.764705882352942
2024,60202,rural,21,hombre,3,18,16.666666666666668
2024,60202,rural,21,mujer,1,15,6.666666666666667
2024,60202,rural,22,hombre,0,28,0.0
2024,60202,rural,22,mujer,2,16,12.5
2024,60202,rural,23,hombre,3,25,12.0
2024,60202,rural,23,mujer,1,15,6.666666666666667
2024,60202,rural,24,hombre,1,26,3.8461538461538463
2024,60202,rural,24,mujer,1,17,5.882352941176471
2024,60202,rural,25,hombre,0,29,0.0
2024,60202,rural,25,mujer,1,22,4.545454545454546
2024,60202,rural,26,hombre,0,33,0.0
2024,60202,rural,26,mujer,0,18,0.0
2024,60202,rural,27,hombre,0,21,0.0
2024,60202,rural,27,mujer,0,15,0.0
2024,60202,rural,28,hombre,0,26,0.0
2024,60202,rural,28,mujer,1,14,7.142857142857143
2024,60202,urbana,16,hombre,30,74,40.54054054054054
2024,60202,urbana,16,mujer,12,49,24.489795918367346
2024,60202,urbana,17,hombre,18,63,28.571428571428573
2024,60202,urbana,17,mujer,17,55,30.90909090909091
2024,60202,urbana,18,hombre,4,75,5.333333333333333
2024,60202,urbana,18,mujer,5,70,7.142857142857143
2024,60202,urbana,19,hombre,12,110,10.909090909090908
2024,60202,urbana,19,mujer,11,75,14.666666666666666
2024,60202,urbana,20,hombre,5,109,4.587155963302752
2024,60202,urbana,20,mujer,12,89,13.48314606741573
2024,60202,urbana,21,hombre,8,120,6.666666666666667
2024,60202,urbana,21,mujer,8,90,8.88888888888889
2024,60202,urbana,22,hombre,9,140,6.428571428571429
2024,60202,urbana,22,mujer,7,104,6.730769230769231
2024,60202,urbana,23,hombre,6,147,4.081632653061225
2024,60202,urbana,23,mujer,11,148,7.4324324324324325
2024,60202,urbana,24,hombre,3,186,1.6129032258064515
2024,60202,urbana,24,mujer,4,148,2.7027027027027026
2024,60202,urbana,25,hombre,8,188,4.25531914893617
2024,60202,urbana,25,mujer,7,175,4.0
2024,60202,urbana,26,hombre,10,215,4.651162790697675
2024,60202,urbana,26,mujer,9,171,5.2631578947368425
2024,60202,urbana,27,hombre,7,163,4.294478527607362
2024,60202,urbana,27,mujer,10,193,5.181347150259067
2024,60202,urbana,28,hombre,3,238,1.2605042016806722
2024,60202,urbana,28,mujer,8,181,4.419889502762431
2024,60301,rural,16,hombre,14,81,17.28395061728395
2024,60301,rural,16,mujer,8,48,16.666666666666668
2024,60301,rural,17,hombre,14,94,14.893617021276595
2024,60301,rural,17,mujer,17,60,28.333333333333332
2024,60301,rural,18,hombre,17,100,17.0
2024,60301,rural,18,mujer,7,50,14.0
2024,60301,rural,19,hombre,8,79,10.126582278481013
2024,60301,rural,19,mujer,12,57,21.05263157894737
2024,60301,rural,20,hombre,11,103,10.679611650485437
2024,60301,rural,20,mujer,7,58,12.068965517241379
2024,60301,rural,21,hombre,5,111,4.504504504504505
2024,60301,rural,21,mujer,5,57,8.771929824561404
2024,60301,rural,22,hombre,5,133,3.7593984962406015
2024,60301,rural,22,mujer,6,67,8.955223880597014
2024,60301,rural,23,hombre,5,151,3.3112582781456954
2024,60301,rural,23,mujer,6,101,5.9405940594059405
2024,60301,rural,24,hombre,6,209,2.8708133971291865
2024,60301,rural,24,mujer,7,76,9.210526315789474
2024,60301,rural,25,hombre,6,169,3.5502958579881656
2024,60301,rural,25,mujer,3,81,3.7037037037037037
2024,60301,rural,26,hombre,4,165,2.4242424242424243
2024,60301,rural,26,mujer,5,90,5.555555555555555
2024,60301,rural,27,hombre,3,161,1.8633540372670807
2024,60301,rural,27,mujer,2,83,2.4096385542168677
2024,60301,rural,28,hombre,3,141,2.127659574468085
2024,60301,rural,28,mujer,2,87,2.2988505747126435
2024,60301,urbana,16,hombre,46,142,32.394366197183096
2024,60301,urbana,16,mujer,39,111,35.13513513513514
2024,60301,urbana,17,hombre,32,163,19.631901840490798
2024,60301,urbana,17,mujer,36,133,27.06766917293233
2024,60301,urbana,18,hombre,26,190,13.68421052631579
2024,60301,urbana,18,mujer,20,173,11.560693641618498
2024,60301,urbana,19,hombre,21,215,9.767441860465116
2024,60301,urbana,19,mujer,18,167,10.778443113772456
2024,60301,urbana,20,hombre,28,292,9.58904109589041
2024,60301,urbana,20,mujer,26,197,13.197969543147208
2024,60301,urbana,21,hombre,22,316,6.962025316455696
2024,60301,urbana,21,mujer,17,215,7.906976744186046
2024,60301,urbana,22,hombre,24,319,7.523510971786834
2024,60301,urbana,22,mujer,19,264,7.196969696969697
2024,60301,urbana,23,hombre,14,426,3.2863849765258215
2024,60301,urbana,23,mujer,24,294,8.16326530612245
2024,60301,urbana,24,hombre,19,500,3.8
2024,60301,urbana,24,mujer,29,333,8.70870870870871
2024,60301,urbana,25,hombre,19,449,4.23162583518931
2024,60301,urbana,25,mujer,20,359,5.571030640668524
2024,60301,urbana,26,hombre,19,494,3.8461538461538463
2024,60301,urbana,26,mujer,13,411,3.1630170316301705
2024,60301,urbana,27,hombre,12,500,2.4
2024,60301,urbana,27,mujer,19,417,4.556354916067146
2024,60301,urbana,28,hombre,7,517,1.3539651837524178
2024,60301,urbana,28,mujer,9,398,2.2613065326633164
2024,60302,rural,16,hombre,4,19,21.05263157894737
2024,60302,rural,16,mujer,0,4,0.0
2024,60302,rural,17,hombre,9,23,39.130434782608695
2024,60302,rural,17,mujer,2,15,13.333333333333334
2024,60302,rural,18,hombre,4,25,16.0
2024,60302,rural,18,mujer,0,13,0.0
2024,60302,rural,19,hombre,2,39,5.128205128205129
2024,60302,rural,19,mujer,1,16,6.25
2024,60302,rural,20,hombre,2,26,7.6923076923076925
2024,60302,rural,20,mujer,0,17,0.0
2024,60302,rural,21,hombre,4,44,9.090909090909092
2024,60302,rural,21,mujer,1,21,4.761904761904762
2024,60302,rural,22,hombre,1,40,2.5
2024,60302,rural,22,mujer,1,18,5.555555555555555
2024,60302,rural,23,hombre,3,50,6.0
2024,60302,rural,23,mujer,1,26,3.8461538461538463
2024,60302,rural,24,hombre,0,65,0.0
2024,60302,rural,24,mujer,1,32,3.125
2024,60302,rural,25,hombre,1,61,1.639344262295082
2024,60302,rural,25,mujer,0,32,0.0
2024,60302,rural,26,hombre,2,73,2.73972602739726
2024,60302,rural,26,mujer,1,49,2.0408163265306123
2024,60302,rural,27,hombre,1,52,1.9230769230769231
2024,60302,rural,27,mujer,1,38,2.6315789473684212
2024,60302,rural,28,hombre,1,73,1.36986301369863
2024,60302,rural,28,mujer,1,39,2.5641025641025643
2024,60302,urbana,16,hombre,1,6,16.666666666666668
2024,60302,urbana,16,mujer,1,6,16.666666666666668
2024,60302,urbana,17,hombre,0,10,0.0
2024,60302,urbana,17,mujer,0,5,0.0
2024,60302,urbana,18,hombre,1,4,25.0
2024,60302,urbana,18,mujer,2,10,20.0
2024,60302,urbana,19,hombre,0,10,0.0
2024,60302,urbana,19,mujer,1,6,16.666666666666668
2024,60302,urbana,20,hombre,0,8,0.0
2024,60302,urbana,20,mujer,1,8,12.5
2024,60302,urbana,21,hombre,1,12,8.333333333333334
2024,60302,urbana,21,mujer,1,12,8.333333333333334
2024,60302,urbana,22,hombre,0,15,0.0
2024,60302,urbana,22,mujer,2,14,14.285714285714286
2024,60302,urbana,23,hombre,1,19,5.2631578947368425
2024,60302,urbana,23,mujer,0,11,0.0
2024,60302,urbana,24,hombre,2,20,10.0
2024,60302,urbana,24,mujer,0,18,0.0
2024,60302,urbana,25,hombre,0,18,0.0
2024,60302,urbana,25,mujer,0,18,0.0
2024,60302,urbana,26,hombre,1,21,4.761904761904762
2024,60302,urbana,26,mujer,1,30,3.3333333333333335
2024,60302,urbana,27,hombre,0,26,0.0
2024,60302,urbana,27,mujer,0,21,0.0
2024,60302,urbana,28,hombre,0,27,0.0
2024,60302,urbana,28,mujer,0,23,0.0
2024,60303,rural,16,hombre,3,23,13.043478260869565
2024,60303,rural,16,mujer,2,8,25.0
2024,60303,rural,17,hombre,2,20,10.0
2024,60303,rural,17,mujer,4,16,25.0
2024,60303,rural,18,hombre,7,44,15.909090909090908
2024,60303,rural,18,mujer,2,15,13.333333333333334
2024,60303,rural,19,hombre,5,45,11.11111111111111
2024,60303,rural,19,mujer,2,20,10.0
2024,60303,rural,20,hombre,3,36,8.333333333333334
2024,60303,rural,20,mujer,1,17,5.882352941176471
2024,60303,rural,21,hombre,4,47,8.51063829787234
2024,60303,rural,21,mujer,3,21,14.285714285714286
2024,60303,rural,22,hombre,3,52,5.769230769230769
2024,60303,rural,22,mujer,4,25,16.0
2024,60303,rural,23,hombre,2,63,3.1746031746031744
2024,60303,rural,23,mujer,1,36,2.7777777777777777
2024,60303,rural,24,hombre,5,72,6.944444444444445
2024,60303,rural,24,mujer,3,37,8.108108108108109
2024,60303,rural,25,hombre,4,73,5.47945205479452
2024,60303,rural,25,mujer,2,32,6.25
2024,60303,rural,26,hombre,5,79,6.329113924050633
2024,60303,rural,26,mujer,5,31,16.129032258064516
2024,60303,rural,27,hombre,3,63,4.761904761904762
2024,60303,rural,27,mujer,3,49,6.122448979591836
2024,60303,rural,28,hombre,6,74,8.108108108108109
2024,60303,rural,28,mujer,1,35,2.857142857142857
2024,60303,urbana,16,hombre,13,44,29.545454545454547
2024,60303,urbana,16,mujer,10,44,22.727272727272727
2024,60303,urbana,17,hombre,12,79,15.189873417721518
2024,60303,urbana,17,mujer,13,50,26.0
2024,60303,urbana,18,hombre,9,106,8.49056603773585
2024,60303,urbana,18,mujer,6,57,10.526315789473685
2024,60303,urbana,19,hombre,8,80,10.0
2024,60303,urbana,19,mujer,6,69,8.695652173913043
2024,60303,urbana,20,hombre,7,109,6.422018348623853
2024,60303,urbana,20,mujer,11,88,12.5
2024,60303,urbana,21,hombre,6,126,4.761904761904762
2024,60303,urbana,21,mujer,5,78,6.410256410256411
2024,60303,urbana,22,hombre,5,138,3.6231884057971016
2024,60303,urbana,22,mujer,6,100,6.0
2024,60303,urbana,23,hombre,6,161,3.7267080745341614
2024,60303,urbana,23,mujer,7,100,7.0
2024,60303,urbana,24,hombre,4,184,2.1739130434782608
2024,60303,urbana,24,mujer,10,137,7.299270072992701
2024,60303,urbana,25,hombre,3,168,1.7857142857142858
2024,60303,urbana,25,mujer,5,135,3.7037037037037037
2024,60303,urbana,26,hombre,5,186,2.6881720430107525
2024,60303,urbana,26,mujer,7,148,4.72972972972973
2024,60303,urbana,27,hombre,5,198,2.525252525252525
2024,60303,urbana,27,mujer,4,141,2.8368794326241136
2024,60303,urbana,28,hombre,5,216,2.314814814814815
2024,60303,urbana,28,mujer,2,144,1.3888888888888888
2024,60401,rural,16,hombre,8,41,19.51219512195122
2024,60401,rural,16,mujer,8,19,42.10526315789474
2024,60401,rural,17,hombre,9,48,18.75
2024,60401,rural,17,mujer,2,13,15.384615384615385
2024,60401,rural,18,hombre,8,48,16.666666666666668
2024,60401,rural,18,mujer,3,18,16.666666666666668
2024,60401,rural,19,hombre,6,54,11.11111111111111
2024,60401,rural,19,mujer,7,37,18.91891891891892
2024,60401,rural,20,hombre,6,47,12.76595744680851
2024,60401,rural,20,mujer,4,35,11.428571428571429
2024,60401,rural,21,hombre,5,63,7.936507936507937
2024,60401,rural,21,mujer,7,47,14.893617021276595
2024,60401,rural,22,hombre,5,78,6.410256410256411
2024,60401,rural,22,mujer,2,35,5.714285714285714
2024,60401,rural,23,hombre,10,79,12.658227848101266
2024,60401,rural,23,mujer,5,59,8.474576271186441
2024,60401,rural,24,hombre,5,87,5.747126436781609
2024,60401,rural,24,mujer,5,61,8.19672131147541
2024,60401,rural,25,hombre,7,73,9.58904109589041
2024,60401,rural,25,mujer,4,54,7.407407407407407
2024,60401,rural,26,hombre,9,100,9.0
2024,60401,rural,26,mujer,5,65,7.6923076923076925
2024,60401,rural,27,hombre,7,83,8.433734939759036
2024,60401,rural,27,mujer,3,55,5.454545454545454
2024,60401,rural,28,hombre,2,94,2.127659574468085
2024,60401,rural,28,mujer,3,65,4.615384615384615
2024,60401,urbana,16,hombre,1,6,16.666666666666668
2024,60401,urbana,16,mujer,2,3,66.66666666666667
2024,60401,urbana,17,hombre,0,6,0.0
2024,60401,urbana,17,mujer,0,3,0.0
2024,60401,urbana,18,hombre,0,7,0.0
2024,60401,urbana,18,mujer,1,1,100.0
2024,60401,urbana,19,hombre,2,8,25.0
2024,60401,urbana,19,mujer,1,6,16.666666666666668
2024,60401,urbana,20,hombre,0,6,0.0
2024,60401,urbana,20,mujer,1,6,16.666666666666668
2024,60401,urbana,21,hombre,0,9,0.0
2024,60401,urbana,21,mujer,1,6,16.666666666666668
2024,60401,urbana,22,hombre,0,11,0.0
2024,60401,urbana,22,mujer,0,5,0.0
2024,60401,urbana,23,hombre,3,18,16.666666666666668
2024,60401,urbana,23,mujer,0,7,0.0
2024,60401,urbana,24,hombre,0,19,0.0
2024,60401,urbana,24,mujer,0,6,0.0
2024,60401,urbana,25,hombre,0,14,0.0
2024,60401,urbana,25,mujer,0,11,0.0
2024,60401,urbana,26,hombre,1,19,5.2631578947368425
2024,60401,urbana,26,mujer,0,14,0.0
2024,60401,urbana,27,hombre,1,16,6.25
2024,60401,urbana,27,mujer,0,11,0.0
2024,60401,urbana,28,hombre,0,19,0.0
2024,60401,urbana,28,mujer,0,11,0.0
2024,60402,rural,16,hombre,5,16,31.25
2024,60402,rural,16,mujer,2,4,50.0
2024,60402,rural,17,hombre,3,15,20.0
2024,60402,rural,17,mujer,2,9,22.22222222222222
2024,60402,rural,18,hombre,2,16,12.5
2024,60402,rural,18,mujer,0,8,0.0
2024,60402,rural,19,hombre,1,22,4.545454545454546
2024,60402,rural,19,mujer,0,7,0.0
2024,60402,rural,20,hombre,2,16,12.5
2024,60402,rural,20,mujer,3,15,20.0
2024,60402,rural,21,hombre,0,16,0.0
2024,60402,rural,21,mujer,2,12,16.666666666666668
2024,60402,rural,22,hombre,1,13,7.6923076923076925
2024,60402,rural,22,mujer,0,20,0.0
2024,60402,rural,23,hombre,4,27,14.814814814814815
2024,60402,rural,23,mujer,1,19,5.2631578947368425
2024,60402,rural,24,hombre,1,18,5.555555555555555
2024,60402,rural,24,mujer,0,13,0.0
2024,60402,rural,25,hombre,0,16,0.0
2024,60402,rural,25,mujer,1,12,8.333333333333334
2024,60402,rural,26,hombre,0,23,0.0
2024,60402,rural,26,mujer,2,19,10.526315789473685
2024,60402,rural,27,hombre,0,20,0.0
2024,60402,rural,27,mujer,0,18,0.0
2024,60402,rural,28,hombre,0,25,0.0
2024,60402,rural,28,mujer,0,11,0.0
2024,60501,rural,16,hombre,15,54,27.77777777777778
2024,60501,rural,16,mujer,6,29,20.689655172413794
2024,60501,rural,17,hombre,5,46,10.869565217391305
2024,60501,rural,17,mujer,11,48,22.916666666666668
2024,60501,rural,18,hombre,14,82,17.073170731707318
2024,60501,rural,18,mujer,16,63,25.396825396825395
2024,60501,rural,19,hombre,7,93,7.526881720430108
2024,60501,rural,19,mujer,6,66,9.090909090909092
2024,60501,rural,20,hombre,10,92,10.869565217391305
2024,60501,rural,20,mujer,15,63,23.80952380952381
2024,60501,rural,21,hombre,11,130,8.461538461538462
2024,60501,rural,21,mujer,9,80,11.25
2024,60501,rural,22,hombre,3,114,2.6315789473684212
2024,60501,rural,22,mujer,7,82,8.536585365853659
2024,60501,rural,23,hombre,5,128,3.90625
2024,60501,rural,23,mujer,8,104,7.6923076923076925
2024,60501,rural,24,hombre,6,153,3.9215686274509802
2024,60501,rural,24,mujer,6,92,6.521739130434782
2024,60501,rural,25,hombre,8,155,5.161290322580645
2024,60501,rural,25,mujer,3,108,2.7777777777777777
2024,60501,rural,26,hombre,6,144,4.166666666666667
2024,60501,rural,26,mujer,7,120,5.833333333333333
2024,60501,rural,27,hombre,3,135,2.2222222222222223
2024,60501,rural,27,mujer,8,111,7.207207207207207
2024,60501,rural,28,hombre,5,147,3.401360544217687
2024,60501,rural,28,mujer,9,117,7.6923076923076925
2024,60501,urbana,16,hombre,6,16,37.5
2024,60501,urbana,16,mujer,5,10,50.0
2024,60501,urbana,17,hombre,6,19,31.57894736842105
2024,60501,urbana,17,mujer,3,10,30.0
2024,60501,urbana,18,hombre,9,21,42.857142857142854
2024,60501,urbana,18,mujer,0,12,0.0
2024,60501,urbana,19,hombre,3,23,13.043478260869565
2024,60501,urbana,19,mujer,5,20,25.0
2024,60501,urbana,20,hombre,0,13,0.0
2024,60501,urbana,20,mujer,4,20,20.0
2024,60501,urbana,21,hombre,2,30,6.666666666666667
2024,60501,urbana,21,mujer,2,20,10.0
2024,60501,urbana,22,hombre,4,25,16.0
2024,60501,urbana,22,mujer,2,20,10.0
2024,60501,urbana,23,hombre,3,29,10.344827586206897
2024,60501,urbana,23,mujer,1,13,7.6923076923076925
2024,60501,urbana,24,hombre,5,38,13.157894736842104
2024,60501,urbana,24,mujer,1,20,5.0
2024,60501,urbana,25,hombre,2,35,5.714285714285714
2024,60501,urbana,25,mujer,1,18,5.555555555555555
2024,60501,urbana,26,hombre,1,23,4.3478260869565215
2024,60501,urbana,26,mujer,2,28,7.142857142857143
2024,60501,urbana,27,hombre,1,32,3.125
2024,60501,urbana,27,mujer,1,30,3.3333333333333335
2024,60501,urbana,28,hombre,2,41,4.878048780487805
2024,60501,urbana,28,mujer,0,37,0.0
2024,60502,rural,16,hombre,2,18,11.11111111111111
2024,60502,rural,16,mujer,3,9,33.333333333333336
2024,60502,rural,17,hombre,2,15,13.333333333333334
2024,60502,rural,17,mujer,2,9,22.22222222222222
2024,60502,rural,18,hombre,4,14,28.571428571428573
2024,60502,rural,18,mujer,5,17,29.41176470588235
2024,60502,rural,19,hombre,3,27,11.11111111111111
2024,60502,rural,19,mujer,1,9,11.11111111111111
2024,60502,rural,20,hombre,3,30,10.0
2024,60502,rural,20,mujer,2,20,10.0
2024,60502,rural,21,hombre,0,39,0.0
2024,60502,rural,21,mujer,2,19,10.526315789473685
2024,60502,rural,22,hombre,4,32,12.5
2024,60502,rural,22,mujer,0,20,0.0
2024,60502,rural,23,hombre,2,35,5.714285714285714
2024,60502,rural,23,mujer,0,23,0.0
2024,60502,rural,24,hombre,2,42,4.761904761904762
2024,60502,rural,24,mujer,3,31,9.67741935483871
2024,60502,rural,25,hombre,1,35,2.857142857142857
2024,60502,rural,25,mujer,0,23,0.0
2024,60502,rural,26,hombre,2,38,5.2631578947368425
2024,60502,rural,26,mujer,1,31,3.225806451612903
2024,60502,rural,27,hombre,5,39,12.820512820512821
2024,60502,rural,27,mujer,2,30,6.666666666666667
2024,60502,rural,28,hombre,2,48,4.166666666666667
2024,60502,rural,28,mujer,0,24,0.0
2024,60601,rural,16,hombre,11,45,24.444444444444443
2024,60601,rural,16,mujer,4,17,23.529411764705884
2024,60601,rural,17,hombre,6,34,17.647058823529413
2024,60601,rural,17,mujer,2,9,22.22222222222222
2024,60601,rural,18,hombre,2,46,4.3478260869565215
2024,60601,rural,18,mujer,2,13,15.384615384615385
2024,60601,rural,19,hombre,3,50,6.0
2024,60601,rural,19,mujer,0,26,0.0
2024,60601,rural,20,hombre,4,59,6.779661016949152
2024,60601,rural,20,mujer,0,32,0.0
2024,60601,rural,21,hombre,4,56,7.142857142857143
2024,60601,rural,21,mujer,1,27,3.7037037037037037
2024,60601,rural,22,hombre,1,58,1.7241379310344827
2024,60601,rural,22,mujer,1,27,3.7037037037037037
2024,60601,rural,23,hombre,1,62,1.6129032258064515
2024,60601,rural,23,mujer,2,35,5.714285714285714
2024,60601,rural,24,hombre,3,94,3.1914893617021276
2024,60601,rural,24,mujer,0,59,0.0
2024,60601,rural,25,hombre,0,78,0.0
2024,60601,rural,25,mujer,4,40,10.0
2024,60601,rural,26,hombre,4,85,4.705882352941177
2024,60601,rural,26,mujer,3,44,6.818181818181818
2024,60601,rural,27,hombre,3,84,3.5714285714285716
2024,60601,rural,27,mujer,2,54,3.7037037037037037
2024,60601,rural,28,hombre,2,98,2.0408163265306123
2024,60601,rural,28,mujer,1,48,2.0833333333333335
2024,60601,urbana,16,hombre,2,9,22.22222222222222
2024,60601,urbana,16,mujer,3,9,33.333333333333336
2024,60601,urbana,17,hombre,1,9,11.11111111111111
2024,60601,urbana,17,mujer,3,8,37.5
2024,60601,urbana,18,hombre,1,9,11.11111111111111
2024,60601,urbana,18,mujer,1,6,16.666666666666668
2024,60601,urbana,19,hombre,0,8,0.0
2024,60601,urbana,19,mujer,4,7,57.142857142857146
2024,60601,urbana,20,hombre,0,6,0.0
2024,60601,urbana,20,mujer,1,6,16.666666666666668
2024,60601,urbana,21,hombre,1,12,8.333333333333334
2024,60601,urbana,21,mujer,2,11,18.181818181818183
2024,60601,urbana,22,hombre,1,15,6.666666666666667
2024,60601,urbana,22,mujer,0,9,0.0
2024,60601,urbana,23,hombre,0,12,0.0
2024,60601,urbana,23,mujer,3,13,23.076923076923077
2024,60601,urbana,24,hombre,4,18,22.22222222222222
2024,60601,urbana,24,mujer,1,23,4.3478260869565215
2024,60601,urbana,25,hombre,4,20,20.0
2024,60601,urbana,25,mujer,0,18,0.0
2024,60601,urbana,26,hombre,2,23,8.695652173913043
2024,60601,urbana,26,mujer,1,19,5.2631578947368425
2024,60601,urbana,27,hombre,0,24,0.0
2024,60601,urbana,27,mujer,2,29,6.896551724137931
2024,60601,urbana,28,hombre,1,37,2.7027027027027026
2024,60601,urbana,28,mujer,3,31,9.67741935483871
2024,70101,rural,16,hombre,12,35,34.285714285714285
2024,70101,rural,16,mujer,2,8,25.0
2024,70101,rural,17,hombre,12,43,27.906976744186046
2024,70101,rural,17,mujer,2,23,8.695652173913043
2024,70101,rural,18,hombre,5,38,13.157894736842104
2024,70101,rural,18,mujer,1,13,7.6923076923076925
2024,70101,rural,19,hombre,9,44,20.454545454545453
2024,70101,rural,19,mujer,0,20,0.0
2024,70101,rural,20,hombre,7,49,14.285714285714286
2024,70101,rural,20,mujer,0,18,0.0
2024,70101,rural,21,hombre,6,60,10.0
2024,70101,rural,21,mujer,0,26,0.0
2024,70101,rural,22,hombre,4,55,7.2727272727272725
2024,70101,rural,22,mujer,0,21,0.0
2024,70101,rural,23,hombre,0,65,0.0
2024,70101,rural,23,mujer,1,25,4.0
2024,70101,rural,24,hombre,2,65,3.076923076923077
2024,70101,rural,24,mujer,1,22,4.545454545454546
2024,70101,rural,25,hombre,1,60,1.6666666666666667
2024,70101,rural,25,mujer,1,36,2.7777777777777777
2024,70101,rural,26,hombre,1,78,1.2820512820512822
2024,70101,rural,26,mujer,0,19,0.0
2024,70101,rural,27,hombre,1,66,1.5151515151515151
2024,70101,rural,27,mujer,1,32,3.125
2024,70101,rural,28,hombre,0,58,0.0
2024,70101,rural,28,mujer,2,30,6.666666666666667
2024,70101,urbana,16,hombre,556,2478,22.437449556093625
2024,70101,urbana,16,mujer,456,1854,24.59546925566343
2024,70101,urbana,17,hombre,519,3335,15.562218890554723
2024,70101,urbana,17,mujer,476,2519,18.896387455339422
2024,70101,urbana,18,hombre,449,4731,9.490593954766434
2024,70101,urbana,18,mujer,494,3998,12.356178089044523
2024,70101,urbana,19,hombre,467,6178,7.559080608611201
2024,70101,urbana,19,mujer,485,4968,9.762479871175524
2024,70101,urbana,20,hombre,444,7140,6.218487394957983
2024,70101,urbana,20,mujer,441,5651,7.8039285082286325
2024,70101,urbana,21,hombre,380,8045,4.723430702299565
2024,70101,urbana,21,mujer,400,6203,6.448492664839594
2024,70101,urbana,22,hombre,344,8707,3.9508441483863557
2024,70101,urbana,22,mujer,431,6809,6.329857541489205
2024,70101,urbana,23,hombre,336,10085,3.3316807139315814
2024,70101,urbana,23,mujer,391,8062,4.849913172909948
2024,70101,urbana,24,hombre,280,11101,2.5222952887127286
2024,70101,urbana,24,mujer,358,9105,3.931905546403075
2024,70101,urbana,25,hombre,251,11070,2.2673893405600722
2024,70101,urbana,25,mujer,278,9027,3.079649939071674
2024,70101,urbana,26,hombre,218,11306,1.928179727578277
2024,70101,urbana,26,mujer,238,9219,2.5816249050873195
2024,70101,urbana,27,hombre,144,11500,1.2521739130434784
2024,70101,urbana,27,mujer,230,9708,2.369180057684384
2024,70101,urbana,28,hombre,154,12228,1.2594046450768728
2024,70101,urbana,28,mujer,206,9972,2.0657841957480945
2024,70102,rural,16,hombre,4,46,8.695652173913043
2024,70102,rural,16,mujer,2,18,11.11111111111111
2024,70102,rural,17,hombre,5,63,7.936507936507937
2024,70102,rural,17,mujer,2,24,8.333333333333334
2024,70102,rural,18,hombre,3,82,3.658536585365854
2024,70102,rural,18,mujer,1,35,2.857142857142857
2024,70102,rural,19,hombre,4,89,4.49438202247191
2024,70102,rural,19,mujer,1,42,2.380952380952381
2024,70102,rural,20,hombre,1,84,1.1904761904761905
2024,70102,rural,20,mujer,3,45,6.666666666666667
2024,70102,rural,21,hombre,2,91,2.197802197802198
2024,70102,rural,21,mujer,0,52,0.0
2024,70102,rural,22,hombre,0,80,0.0
2024,70102,rural,22,mujer,1,36,2.7777777777777777
2024,70102,rural,23,hombre,0,114,0.0
2024,70102,rural,23,mujer,3,65,4.615384615384615
2024,70102,rural,24,hombre,1,98,1.0204081632653061
2024,70102,rural,24,mujer,1,44,2.272727272727273
2024,70102,rural,25,hombre,1,104,0.9615384615384616
2024,70102,rural,25,mujer,2,74,2.7027027027027026
2024,70102,rural,26,hombre,2,109,1.834862385321101
2024,70102,rural,26,mujer,0,65,0.0
2024,70102,rural,27,hombre,2,108,1.8518518518518519
2024,70102,rural,27,mujer,0,76,0.0
2024,70102,rural,28,hombre,1,111,0.9009009009009009
2024,70102,rural,28,mujer,0,52,0.0
2024,70102,urbana,16,hombre,36,218,16.513761467889907
2024,70102,urbana,16,mujer,21,154,13.636363636363637
2024,70102,urbana,17,hombre,29,239,12.133891213389122
2024,70102,urbana,17,mujer,24,185,12.972972972972974
2024,70102,urbana,18,hombre,24,355,6.76056338028169
2024,70102,urbana,18,mujer,19,240,7.916666666666667
2024,70102,urbana,19,hombre,17,403,4.218362282878412
2024,70102,urbana,19,mujer,15,272,5.514705882352941
2024,70102,urbana,20,hombre,12,458,2.6200873362445414
2024,70102,urbana,20,mujer,18,299,6.0200668896321075
2024,70102,urbana,21,hombre,20,516,3.875968992248062
2024,70102,urbana,21,mujer,14,355,3.943661971830986
2024,70102,urbana,22,hombre,11,517,2.127659574468085
2024,70102,urbana,22,mujer,14,358,3.910614525139665
2024,70102,urbana,23,hombre,10,567,1.763668430335097
2024,70102,urbana,23,mujer,18,409,4.400977995110025
2024,70102,urbana,24,hombre,13,663,1.9607843137254901
2024,70102,urbana,24,mujer,22,424,5.188679245283019
2024,70102,urbana,25,hombre,10,576,1.7361111111111112
2024,70102,urbana,25,mujer,8,405,1.9753086419753085
2024,70102,urbana,26,hombre,9,603,1.492537313432836
2024,70102,urbana,26,mujer,11,404,2.722772277227723
2024,70102,urbana,27,hombre,7,621,1.1272141706924315
2024,70102,urbana,27,mujer,12,428,2.803738317757009
2024,70102,urbana,28,hombre,5,647,0.7727975270479135
2024,70102,urbana,28,mujer,11,423,2.600472813238771
2024,70103,rural,16,hombre,3,19,15.789473684210526
2024,70103,rural,16,mujer,0,10,0.0
2024,70103,rural,17,hombre,2,24,8.333333333333334
2024,70103,rural,17,mujer,3,22,13.636363636363637
2024,70103,rural,18,hombre,5,45,11.11111111111111
2024,70103,rural,18,mujer,3,17,17.647058823529413
2024,70103,rural,19,hombre,2,54,3.7037037037037037
2024,70103,rural,19,mujer,0,21,0.0
2024,70103,rural,20,hombre,0,39,0.0
2024,70103,rural,20,mujer,0,26,0.0
2024,70103,rural,21,hombre,1,53,1.8867924528301887
2024,70103,rural,21,mujer,4,24,16.666666666666668
2024,70103,rural,22,hombre,4,70,5.714285714285714
2024,70103,rural,22,mujer,0,38,0.0
2024,70103,rural,23,hombre,1,63,1.5873015873015872
2024,70103,rural,23,mujer,3,46,6.521739130434782
2024,70103,rural,24,hombre,2,77,2.5974025974025974
2024,70103,rural,24,mujer,1,44,2.272727272727273
2024,70103,rural,25,hombre,1,65,1.5384615384615385
2024,70103,rural,25,mujer,1,42,2.380952380952381
2024,70103,rural,26,hombre,1,60,1.6666666666666667
2024,70103,rural,26,mujer,3,35,8.571428571428571
2024,70103,rural,27,hombre,2,78,2.5641025641025643
2024,70103,rural,27,mujer,1,45,2.2222222222222223
2024,70103,rural,28,hombre,2,77,2.5974025974025974
2024,70103,rural,28,mujer,2,43,4.651162790697675
2024,70103,urbana,16,hombre,1,11,9.090909090909092
2024,70103,urbana,16,mujer,1,7,14.285714285714286
2024,70103,urbana,17,hombre,1,10,10.0
2024,70103,urbana,17,mujer,0,13,0.0
2024,70103,urbana,18,hombre,1,21,4.761904761904762
2024,70103,urbana,18,mujer,0,22,0.0
2024,70103,urbana,19,hombre,3,26,11.538461538461538
2024,70103,urbana,19,mujer,3,21,14.285714285714286
2024,70103,urbana,20,hombre,3,42,7.142857142857143
2024,70103,urbana,20,mujer,2,25,8.0
2024,70103,urbana,21,hombre,2,40,5.0
2024,70103,urbana,21,mujer,0,27,0.0
2024,70103,urbana,22,hombre,2,38,5.2631578947368425
2024,70103,urbana,22,mujer,1,44,2.272727272727273
2024,70103,urbana,23,hombre,1,55,1.8181818181818181
2024,70103,urbana,23,mujer,2,51,3.9215686274509802
2024,70103,urbana,24,hombre,2,48,4.166666666666667
2024,70103,urbana,24,mujer,1,70,1.4285714285714286
2024,70103,urbana,25,hombre,1,49,2.0408163265306123
2024,70103,urbana,25,mujer,0,61,0.0
2024,70103,urbana,26,hombre,0,59,0.0
2024,70103,urbana,26,mujer,1,54,1.8518518518518519
2024,70103,urbana,27,hombre,0,69,0.0
2024,70103,urbana,27,mujer,0,46,0.0
2024,70103,urbana,28,hombre,1,67,1.492537313432836
2024,70103,urbana,28,mujer,0,58,0.0
2024,70104,rural,16,hombre,3,29,10.344827586206897
2024,70104,rural,16,mujer,2,10,20.0
2024,70104,rural,17,hombre,4,26,15.384615384615385
2024,70104,rural,17,mujer,3,12,25.0
2024,70104,rural,18,hombre,3,40,7.5
2024,70104,rural,18,mujer,3,17,17.647058823529413
2024,70104,rural,19,hombre,1,39,2.5641025641025643
2024,70104,rural,19,mujer,1,23,4.3478260869565215
2024,70104,rural,20,hombre,2,45,4.444444444444445
2024,70104,rural,20,mujer,0,19,0.0
2024,70104,rural,21,hombre,1,49,2.0408163265306123
2024,70104,rural,21,mujer,1,24,4.166666666666667
2024,70104,rural,22,hombre,1,62,1.6129032258064515
2024,70104,rural,22,mujer,1,23,4.3478260869565215
2024,70104,rural,23,hombre,0,47,0.0
2024,70104,rural,23,mujer,1,28,3.5714285714285716
2024,70104,rural,24,hombre,0,62,0.0
2024,70104,rural,24,mujer,3,34,8.823529411764707
2024,70104,rural,25,hombre,2,65,3.076923076923077
2024,70104,rural,25,mujer,0,27,0.0
2024,70104,rural,26,hombre,2,57,3.508771929824561
2024,70104,rural,26,mujer,0,30,0.0
2024,70104,rural,27,hombre,1,57,1.7543859649122806
2024,70104,rural,27,mujer,0,39,0.0
2024,70104,rural,28,hombre,0,63,0.0
2024,70104,rural,28,mujer,0,27,0.0
2024,70104,urbana,16,hombre,45,278,16.18705035971223
2024,70104,urbana,16,mujer,53,200,26.5
2024,70104,urbana,17,hombre,59,373,15.817694369973191
2024,70104,urbana,17,mujer,53,283,18.72791519434629
2024,70104,urbana,18,hombre,56,488,11.475409836065573
2024,70104,urbana,18,mujer,42,381,11.023622047244094
2024,70104,urbana,19,hombre,36,603,5.970149253731344
2024,70104,urbana,19,mujer,45,499,9.01803607214429
2024,70104,urbana,20,hombre,42,707,5.9405940594059405
2024,70104,urbana,20,mujer,46,538,8.550185873605948
2024,70104,urbana,21,hombre,33,716,4.608938547486034
2024,70104,urbana,21,mujer,37,587,6.303236797274276
2024,70104,urbana,22,hombre,28,808,3.4653465346534653
2024,70104,urbana,22,mujer,37,627,5.901116427432217
2024,70104,urbana,23,hombre,24,934,2.569593147751606
2024,70104,urbana,23,mujer,29,745,3.8926174496644297
2024,70104,urbana,24,hombre,27,1018,2.6522593320235757
2024,70104,urbana,24,mujer,25,809,3.0902348578491967
2024,70104,urbana,25,hombre,12,964,1.2448132780082988
2024,70104,urbana,25,mujer,22,738,2.9810298102981028
2024,70104,urbana,26,hombre,12,961,1.2486992715920915
2024,70104,urbana,26,mujer,21,862,2.4361948955916475
2024,70104,urbana,27,hombre,15,1105,1.3574660633484164
2024,70104,urbana,27,mujer,15,743,2.018842530282638
2024,70104,urbana,28,hombre,9,1077,0.8356545961002786
2024,70104,urbana,28,mujer,28,911,3.0735455543358947
2024,70105,rural,16,hombre,10,53,18.867924528301888
2024,70105,rural,16,mujer,3,26,11.538461538461538
2024,70105,rural,17,hombre,11,76,14.473684210526315
2024,70105,rural,17,mujer,8,35,22.857142857142858
2024,70105,rural,18,hombre,13,79,16.455696202531644
2024,70105,rural,18,mujer,5,45,11.11111111111111
2024,70105,rural,19,hombre,6,66,9.090909090909092
2024,70105,rural,19,mujer,2,46,4.3478260869565215
2024,70105,rural,20,hombre,6,93,6.451612903225806
2024,70105,rural,20,mujer,2,48,4.166666666666667
2024,70105,rural,21,hombre,4,78,5.128205128205129
2024,70105,rural,21,mujer,3,55,5.454545454545454
2024,70105,rural,22,hombre,3,74,4.054054054054054
2024,70105,rural,22,mujer,3,47,6.382978723404255
2024,70105,rural,23,hombre,2,94,2.127659574468085
2024,70105,rural,23,mujer,4,44,9.090909090909092
2024,70105,rural,24,hombre,4,102,3.9215686274509802
2024,70105,rural,24,mujer,4,80,5.0
2024,70105,rural,25,hombre,2,103,1.941747572815534
2024,70105,rural,25,mujer,6,77,7.792207792207792
2024,70105,rural,26,hombre,2,86,2.3255813953488373
2024,70105,rural,26,mujer,4,73,5.47945205479452
2024,70105,rural,27,hombre,1,88,1.1363636363636365
2024,70105,rural,27,mujer,2,67,2.985074626865672
2024,70105,rural,28,hombre,2,96,2.0833333333333335
2024,70105,rural,28,mujer,3,56,5.357142857142857
2024,70105,urbana,16,hombre,19,107,17.757009345794394
2024,70105,urbana,16,mujer,13,74,17.56756756756757
2024,70105,urbana,17,hombre,25,139,17.985611510791365
2024,70105,urbana,17,mujer,19,100,19.0
2024,70105,urbana,18,hombre,13,162,8.024691358024691
2024,70105,urbana,18,mujer,17,130,13.076923076923077
2024,70105,urbana,19,hombre,19,203,9.35960591133005
2024,70105,urbana,19,mujer,10,132,7.575757575757576
2024,70105,urbana,20,hombre,15,195,7.6923076923076925
2024,70105,urbana,20,mujer,9,160,5.625
2024,70105,urbana,21,hombre,15,204,7.352941176470588
2024,70105,urbana,21,mujer,12,146,8.219178082191782
2024,70105,urbana,22,hombre,16,215,7.441860465116279
2024,70105,urbana,22,mujer,10,171,5.847953216374269
2024,70105,urbana,23,hombre,4,268,1.492537313432836
2024,70105,urbana,23,mujer,15,213,7.042253521126761
2024,70105,urbana,24,hombre,11,292,3.767123287671233
2024,70105,urbana,24,mujer,6,183,3.278688524590164
2024,70105,urbana,25,hombre,8,288,2.7777777777777777
2024,70105,urbana,25,mujer,9,185,4.864864864864865
2024,70105,urbana,26,hombre,7,298,2.348993288590604
2024,70105,urbana,26,mujer,6,214,2.803738317757009
2024,70105,urbana,27,hombre,4,288,1.3888888888888888
2024,70105,urbana,27,mujer,5,219,2.2831050228310503
2024,70105,urbana,28,hombre,7,303,2.31023102310231
2024,70105,urbana,28,mujer,9,240,3.75
2024,70201,rural,16,hombre,2,30,6.666666666666667
2024,70201,rural,16,mujer,5,15,33.333333333333336
2024,70201,rural,17,hombre,2,48,4.166666666666667
2024,70201,rural,17,mujer,4,19,21.05263157894737
2024,70201,rural,18,hombre,2,50,4.0
2024,70201,rural,18,mujer,0,21,0.0
2024,70201,rural,19,hombre,2,88,2.272727272727273
2024,70201,rural,19,mujer,0,20,0.0
2024,70201,rural,20,hombre,1,68,1.4705882352941178
2024,70201,rural,20,mujer,3,35,8.571428571428571
2024,70201,rural,21,hombre,0,72,0.0
2024,70201,rural,21,mujer,1,38,2.6315789473684212
2024,70201,rural,22,hombre,2,84,2.380952380952381
2024,70201,rural,22,mujer,3,33,9.090909090909092
2024,70201,rural,23,hombre,0,107,0.0
2024,70201,rural,23,mujer,3,39,7.6923076923076925
2024,70201,rural,24,hombre,1,103,0.970873786407767
2024,70201,rural,24,mujer,2,44,4.545454545454546
2024,70201,rural,25,hombre,2,114,1.7543859649122806
2024,70201,rural,25,mujer,2,45,4.444444444444445
2024,70201,rural,26,hombre,1,120,0.8333333333333334
2024,70201,rural,26,mujer,2,50,4.0
2024,70201,rural,27,hombre,1,90,1.1111111111111112
2024,70201,rural,27,mujer,0,46,0.0
2024,70201,rural,28,hombre,0,119,0.0
2024,70201,rural,28,mujer,0,55,0.0
2024,70201,urbana,16,hombre,42,294,14.285714285714286
2024,70201,urbana,16,mujer,46,207,22.22222222222222
2024,70201,urbana,17,hombre,40,349,11.461318051575931
2024,70201,urbana,17,mujer,47,301,15.614617940199336
2024,70201,urbana,18,hombre,43,522,8.237547892720306
2024,70201,urbana,18,mujer,32,398,8.040201005025125
2024,70201,urbana,19,hombre,21,627,3.349282296650718
2024,70201,urbana,19,mujer,33,497,6.639839034205232
2024,70201,urbana,20,hombre,24,743,3.2301480484522207
2024,70201,urbana,20,mujer,42,521,8.061420345489443
2024,70201,urbana,21,hombre,20,776,2.577319587628866
2024,70201,urbana,21,mujer,33,539,6.122448979591836
2024,70201,urbana,22,hombre,22,799,2.753441802252816
2024,70201,urbana,22,mujer,31,604,5.132450331125828
2024,70201,urbana,23,hombre,17,911,1.8660812294182216
2024,70201,urbana,23,mujer,21,619,3.392568659127625
2024,70201,urbana,24,hombre,20,970,2.0618556701030926
2024,70201,urbana,24,mujer,28,694,4.034582132564841
2024,70201,urbana,25,hombre,8,888,0.9009009009009009
2024,70201,urbana,25,mujer,25,640,3.90625
2024,70201,urbana,26,hombre,16,924,1.7316017316017316
2024,70201,urbana,26,mujer,15,647,2.3183925811437405
2024,70201,urbana,27,hombre,6,971,0.6179196704428425
2024,70201,urbana,27,mujer,9,672,1.3392857142857142
2024,70201,urbana,28,hombre,9,891,1.0101010101010102
2024,70201,urbana,28,mujer,14,665,2.1052631578947367
2024,70202,rural,16,hombre,0,4,0.0
2024,70202,rural,16,mujer,1,5,20.0
2024,70202,rural,17,hombre,0,18,0.0
2024,70202,rural,17,mujer,0,4,0.0
2024,70202,rural,18,hombre,0,21,0.0
2024,70202,rural,18,mujer,0,8,0.0
2024,70202,rural,19,hombre,0,24,0.0
2024,70202,rural,19,mujer,0,5,0.0
2024,70202,rural,20,hombre,0,21,0.0
2024,70202,rural,20,mujer,0,6,0.0
2024,70202,rural,21,hombre,0,21,0.0
2024,70202,rural,21,mujer,1,8,12.5
2024,70202,rural,22,hombre,0,33,0.0
2024,70202,rural,22,mujer,0,12,0.0
2024,70202,rural,23,hombre,2,28,7.142857142857143
2024,70202,rural,23,mujer,1,13,7.6923076923076925
2024,70202,rural,24,hombre,0,36,0.0
2024,70202,rural,24,mujer,0,8,0.0
2024,70202,rural,25,hombre,2,30,6.666666666666667
2024,70202,rural,25,mujer,2,15,13.333333333333334
2024,70202,rural,26,hombre,1,39,2.5641025641025643
2024,70202,rural,26,mujer,1,16,6.25
2024,70202,rural,27,hombre,1,33,3.0303030303030303
2024,70202,rural,27,mujer,2,13,15.384615384615385
2024,70202,rural,28,hombre,0,30,0.0
2024,70202,rural,28,mujer,1,9,11.11111111111111
2024,70202,urbana,16,hombre,2,7,28.571428571428573
2024,70202,urbana,16,mujer,1,3,33.333333333333336
2024,70202,urbana,17,hombre,1,8,12.5
2024,70202,urbana,17,mujer,2,5,40.0
2024,70202,urbana,18,hombre,0,18,0.0
2024,70202,urbana,18,mujer,0,11,0.0
2024,70202,urbana,19,hombre,3,21,14.285714285714286
2024,70202,urbana,19,mujer,1,7,14.285714285714286
2024,70202,urbana,20,hombre,1,14,7.142857142857143
2024,70202,urbana,20,mujer,1,11,9.090909090909092
2024,70202,urbana,21,hombre,2,18,11.11111111111111
2024,70202,urbana,21,mujer,0,15,0.0
2024,70202,urbana,22,hombre,0,16,0.0
2024,70202,urbana,22,mujer,0,9,0.0
2024,70202,urbana,23,hombre,0,25,0.0
2024,70202,urbana,23,mujer,4,25,16.0
2024,70202,urbana,24,hombre,2,48,4.166666666666667
2024,70202,urbana,24,mujer,0,24,0.0
2024,70202,urbana,25,hombre,1,19,5.2631578947368425
2024,70202,urbana,25,mujer,2,21,9.523809523809524
2024,70202,urbana,26,hombre,0,25,0.0
2024,70202,urbana,26,mujer,0,17,0.0
2024,70202,urbana,27,hombre,0,31,0.0
2024,70202,urbana,27,mujer,0,22,0.0
2024,70202,urbana,28,hombre,2,34,5.882352941176471
2024,70202,urbana,28,mujer,1,19,5.2631578947368425
2024,70301,rural,16,hombre,18,96,18.75
2024,70301,rural,16,mujer,5,39,12.820512820512821
2024,70301,rural,17,hombre,24,156,15.384615384615385
2024,70301,rural,17,mujer,2,42,4.761904761904762
2024,70301,rural,18,hombre,22,157,14.012738853503185
2024,70301,rural,18,mujer,4,69,5.797101449275362
2024,70301,rural,19,hombre,17,170,10.0
2024,70301,rural,19,mujer,5,74,6.756756756756757
2024,70301,rural,20,hombre,15,193,7.772020725388601
2024,70301,rural,20,mujer,4,80,5.0
2024,70301,rural,21,hombre,16,199,8.040201005025125
2024,70301,rural,21,mujer,4,101,3.9603960396039604
2024,70301,rural,22,hombre,10,217,4.608294930875576
2024,70301,rural,22,mujer,6,102,5.882352941176471
2024,70301,rural,23,hombre,8,253,3.1620553359683794
2024,70301,rural,23,mujer,5,102,4.901960784313726
2024,70301,rural,24,hombre,5,282,1.7730496453900708
2024,70301,rural,24,mujer,2,95,2.1052631578947367
2024,70301,rural,25,hombre,2,249,0.8032128514056225
2024,70301,rural,25,mujer,2,104,1.9230769230769231
2024,70301,rural,26,hombre,4,239,1.6736401673640167
2024,70301,rural,26,mujer,0,105,0.0
2024,70301,rural,27,hombre,2,246,0.8130081300813008
2024,70301,rural,27,mujer,4,86,4.651162790697675
2024,70301,rural,28,hombre,6,252,2.380952380952381
2024,70301,rural,28,mujer,2,101,1.9801980198019802
2024,70301,urbana,16,hombre,17,95,17.894736842105264
2024,70301,urbana,16,mujer,11,43,25.58139534883721
2024,70301,urbana,17,hombre,10,116,8.620689655172415
2024,70301,urbana,17,mujer,12,63,19.047619047619047
2024,70301,urbana,18,hombre,8,131,6.106870229007634
2024,70301,urbana,18,mujer,8,78,10.256410256410257
2024,70301,urbana,19,hombre,5,140,3.5714285714285716
2024,70301,urbana,19,mujer,4,99,4.040404040404041
2024,70301,urbana,20,hombre,3,147,2.0408163265306123
2024,70301,urbana,20,mujer,6,90,6.666666666666667
2024,70301,urbana,21,hombre,8,168,4.761904761904762
2024,70301,urbana,21,mujer,6,105,5.714285714285714
2024,70301,urbana,22,hombre,4,185,2.1621621621621623
2024,70301,urbana,22,mujer,5,117,4.273504273504273
2024,70301,urbana,23,hombre,8,225,3.5555555555555554
2024,70301,urbana,23,mujer,6,128,4.6875
2024,70301,urbana,24,hombre,6,192,3.125
2024,70301,urbana,24,mujer,5,138,3.6231884057971016
2024,70301,urbana,25,hombre,5,170,2.9411764705882355
2024,70301,urbana,25,mujer,5,119,4.201680672268908
2024,70301,urbana,26,hombre,0,180,0.0
2024,70301,urbana,26,mujer,3,155,1.935483870967742
2024,70301,urbana,27,hombre,3,215,1.3953488372093024
2024,70301,urbana,27,mujer,3,135,2.2222222222222223
2024,70301,urbana,28,hombre,3,199,1.5075376884422111
2024,70301,urbana,28,mujer,2,161,1.2422360248447204
2024,70302,rural,16,hombre,4,23,17.391304347826086
2024,70302,rural,16,mujer,4,11,36.36363636363637
2024,70302,rural,17,hombre,2,26,7.6923076923076925
2024,70302,rural,17,mujer,3,14,21.428571428571427
2024,70302,rural,18,hombre,4,36,11.11111111111111
2024,70302,rural,18,mujer,2,16,12.5
2024,70302,rural,19,hombre,2,43,4.651162790697675
2024,70302,rural,19,mujer,5,17,29.41176470588235
2024,70302,rural,20,hombre,7,53,13.20754716981132
2024,70302,rural,20,mujer,2,11,18.181818181818183
2024,70302,rural,21,hombre,3,47,6.382978723404255
2024,70302,rural,21,mujer,3,21,14.285714285714286
2024,70302,rural,22,hombre,3,50,6.0
2024,70302,rural,22,mujer,2,28,7.142857142857143
2024,70302,rural,23,hombre,2,69,2.898550724637681
2024,70302,rural,23,mujer,4,35,11.428571428571429
2024,70302,rural,24,hombre,0,76,0.0
2024,70302,rural,24,mujer,1,39,2.5641025641025643
2024,70302,rural,25,hombre,2,70,2.857142857142857
2024,70302,rural,25,mujer,4,38,10.526315789473685
2024,70302,rural,26,hombre,1,82,1.2195121951219512
2024,70302,rural,26,mujer,3,34,8.823529411764707
2024,70302,rural,27,hombre,1,83,1.2048192771084338
2024,70302,rural,27,mujer,1,31,3.225806451612903
2024,70302,rural,28,hombre,2,78,2.5641025641025643
2024,70302,rural,28,mujer,5,38,13.157894736842104
2024,70302,urbana,16,hombre,1,12,8.333333333333334
2024,70302,urbana,16,mujer,2,5,40.0
2024,70302,urbana,17,hombre,3,19,15.789473684210526
2024,70302,urbana,17,mujer,1,16,6.25
2024,70302,urbana,18,hombre,0,11,0.0
2024,70302,urbana,18,mujer,0,9,0.0
2024,70302,urbana,19,hombre,1,14,7.142857142857143
2024,70302,urbana,19,mujer,2,9,22.22222222222222
2024,70302,urbana,20,hombre,2,18,11.11111111111111
2024,70302,urbana,20,mujer,1,10,10.0
2024,70302,urbana,21,hombre,0,12,0.0
2024,70302,urbana,21,mujer,0,13,0.0
2024,70302,urbana,22,hombre,1,25,4.0
2024,70302,urbana,22,mujer,0,20,0.0
2024,70302,urbana,23,hombre,1,12,8.333333333333334
2024,70302,urbana,23,mujer,1,10,10.0
2024,70302,urbana,24,hombre,1,22,4.545454545454546
2024,70302,urbana,24,mujer,1,18,5.555555555555555
2024,70302,urbana,25,hombre,0,22,0.0
2024,70302,urbana,25,mujer,0,8,0.0
2024,70302,urbana,26,hombre,1,23,4.3478260869565215
2024,70302,urbana,26,mujer,1,9,11.11111111111111
2024,70302,urbana,27,hombre,0,19,0.0
2024,70302,urbana,27,mujer,0,21,0.0
2024,70302,urbana,28,hombre,0,33,0.0
2024,70302,urbana,28,mujer,0,24,0.0
2024,70303,rural,16,hombre,7,15,46.666666666666664
2024,70303,rural,16,mujer,4,12,33.333333333333336
2024,70303,rural,17,hombre,4,24,16.666666666666668
2024,70303,rural,17,mujer,1,5,20.0
2024,70303,rural,18,hombre,4,25,16.0
2024,70303,rural,18,mujer,1,6,16.666666666666668
2024,70303,rural,19,hombre,3,34,8.823529411764707
2024,70303,rural,19,mujer,2,9,22.22222222222222
2024,70303,rural,20,hombre,3,29,10.344827586206897
2024,70303,rural,20,mujer,1,8,12.5
2024,70303,rural,21,hombre,4,33,12.121212121212121
2024,70303,rural,21,mujer,1,16,6.25
2024,70303,rural,22,hombre,1,33,3.0303030303030303
2024,70303,rural,22,mujer,0,20,0.0
2024,70303,rural,23,hombre,3,43,6.976744186046512
2024,70303,rural,23,mujer,0,16,0.0
2024,70303,rural,24,hombre,0,60,0.0
2024,70303,rural,24,mujer,1,18,5.555555555555555
2024,70303,rural,25,hombre,2,54,3.7037037037037037
2024,70303,rural,25,mujer,1,21,4.761904761904762
2024,70303,rural,26,hombre,0,52,0.0
2024,70303,rural,26,mujer,1,21,4.761904761904762
2024,70303,rural,27,hombre,3,54,5.555555555555555
2024,70303,rural,27,mujer,0,19,0.0
2024,70303,rural,28,hombre,1,63,1.5873015873015872
2024,70303,rural,28,mujer,1,21,4.761904761904762
2024,70303,urbana,16,hombre,1,7,14.285714285714286
2024,70303,urbana,16,mujer,0,1,0.0
2024,70303,urbana,17,hombre,1,10,10.0
2024,70303,urbana,17,mujer,1,4,25.0
2024,70303,urbana,18,hombre,2,8,25.0
2024,70303,urbana,18,mujer,0,5,0.0
2024,70303,urbana,19,hombre,0,11,0.0
2024,70303,urbana,19,mujer,1,4,25.0
2024,70303,urbana,20,hombre,0,9,0.0
2024,70303,urbana,20,mujer,0,4,0.0
2024,70303,urbana,21,hombre,0,14,0.0
2024,70303,urbana,21,mujer,2,6,33.333333333333336
2024,70303,urbana,22,hombre,0,11,0.0
2024,70303,urbana,22,mujer,1,8,12.5
2024,70303,urbana,23,hombre,0,9,0.0
2024,70303,urbana,23,mujer,1,13,7.6923076923076925
2024,70303,urbana,24,hombre,0,12,0.0
2024,70303,urbana,24,mujer,0,9,0.0
2024,70303,urbana,25,hombre,1,19,5.2631578947368425
2024,70303,urbana,25,mujer,0,6,0.0
2024,70303,urbana,26,hombre,0,13,0.0
2024,70303,urbana,26,mujer,0,8,0.0
2024,70303,urbana,27,hombre,0,19,0.0
2024,70303,urbana,27,mujer,0,10,0.0
2024,70303,urbana,28,hombre,0,14,0.0
2024,70303,urbana,28,mujer,1,12,8.333333333333334
2024,70401,rural,16,hombre,4,17,23.529411764705884
2024,70401,rural,16,mujer,2,9,22.22222222222222
2024,70401,rural,17,hombre,4,23,17.391304347826086
2024,70401,rural,17,mujer,4,14,28.571428571428573
2024,70401,rural,18,hombre,2,28,7.142857142857143
2024,70401,rural,18,mujer,1,14,7.142857142857143
2024,70401,rural,19,hombre,3,38,7.894736842105263
2024,70401,rural,19,mujer,4,22,18.181818181818183
2024,70401,rural,20,hombre,2,30,6.666666666666667
2024,70401,rural,20,mujer,0,11,0.0
2024,70401,rural,21,hombre,1,35,2.857142857142857
2024,70401,rural,21,mujer,1,23,4.3478260869565215
2024,70401,rural,22,hombre,3,39,7.6923076923076925
2024,70401,rural,22,mujer,2,23,8.695652173913043
2024,70401,rural,23,hombre,1,42,2.380952380952381
2024,70401,rural,23,mujer,1,16,6.25
2024,70401,rural,24,hombre,0,55,0.0
2024,70401,rural,24,mujer,0,29,0.0
2024,70401,rural,25,hombre,1,39,2.5641025641025643
2024,70401,rural,25,mujer,1,30,3.3333333333333335
2024,70401,rural,26,hombre,1,53,1.8867924528301887
2024,70401,rural,26,mujer,0,35,0.0
2024,70401,rural,27,hombre,1,59,1.694915254237288
2024,70401,rural,27,mujer,0,17,0.0
2024,70401,rural,28,hombre,2,52,3.8461538461538463
2024,70401,rural,28,mujer,0,28,0.0
2024,70401,urbana,16,hombre,2,11,18.181818181818183
2024,70401,urbana,16,mujer,3,12,25.0
2024,70401,urbana,17,hombre,6,21,28.571428571428573
2024,70401,urbana,17,mujer,1,9,11.11111111111111
2024,70401,urbana,18,hombre,4,19,21.05263157894737
2024,70401,urbana,18,mujer,5,14,35.714285714285715
2024,70401,urbana,19,hombre,1,22,4.545454545454546
2024,70401,urbana,19,mujer,3,12,25.0
2024,70401,urbana,20,hombre,2,18,11.11111111111111
2024,70401,urbana,20,mujer,0,13,0.0
2024,70401,urbana,21,hombre,2,23,8.695652173913043
2024,70401,urbana,21,mujer,2,22,9.090909090909092
2024,70401,urbana,22,hombre,4,31,12.903225806451612
2024,70401,urbana,22,mujer,1,22,4.545454545454546
2024,70401,urbana,23,hombre,2,45,4.444444444444445
2024,70401,urbana,23,mujer,1,18,5.555555555555555
2024,70401,urbana,24,hombre,4,39,10.256410256410257
2024,70401,urbana,24,mujer,5,34,14.705882352941176
2024,70401,urbana,25,hombre,2,36,5.555555555555555
2024,70401,urbana,25,mujer,1,25,4.0
2024,70401,urbana,26,hombre,0,37,0.0
2024,70401,urbana,26,mujer,0,20,0.0
2024,70401,urbana,27,hombre,0,25,0.0
2024,70401,urbana,27,mujer,0,26,0.0
2024,70401,urbana,28,hombre,0,33,0.0
2024,70401,urbana,28,mujer,1,32,3.125
2024,70402,rural,16,hombre,4,23,17.391304347826086
2024,70402,rural,16,mujer,4,12,33.333333333333336
2024,70402,rural,17,hombre,5,20,25.0
2024,70402,rural,17,mujer,1,6,16.666666666666668
2024,70402,rural,18,hombre,1,25,4.0
2024,70402,rural,18,mujer,3,14,21.428571428571427
2024,70402,rural,19,hombre,1,20,5.0
2024,70402,rural,19,mujer,1,17,5.882352941176471
2024,70402,rural,20,hombre,1,44,2.272727272727273
2024,70402,rural,20,mujer,3,18,16.666666666666668
2024,70402,rural,21,hombre,0,27,0.0
2024,70402,rural,21,mujer,0,13,0.0
2024,70402,rural,22,hombre,1,32,3.125
2024,70402,rural,22,mujer,1,14,7.142857142857143
2024,70402,rural,23,hombre,4,34,11.764705882352942
2024,70402,rural,23,mujer,1,16,6.25
2024,70402,rural,24,hombre,1,39,2.5641025641025643
2024,70402,rural,24,mujer,1,11,9.090909090909092
2024,70402,rural,25,hombre,2,59,3.389830508474576
2024,70402,rural,25,mujer,1,12,8.333333333333334
2024,70402,rural,26,hombre,2,40,5.0
2024,70402,rural,26,mujer,0,15,0.0
2024,70402,rural,27,hombre,1,48,2.0833333333333335
2024,70402,rural,27,mujer,1,19,5.2631578947368425
2024,70402,rural,28,hombre,3,36,8.333333333333334
2024,70402,rural,28,mujer,0,22,0.0
2024,70402,urbana,16,hombre,9,28,32.142857142857146
2024,70402,urbana,16,mujer,4,23,17.391304347826086
2024,70402,urbana,17,hombre,8,38,21.05263157894737
2024,70402,urbana,17,mujer,6,30,20.0
2024,70402,urbana,18,hombre,5,43,11.627906976744185
2024,70402,urbana,18,mujer,7,32,21.875
2024,70402,urbana,19,hombre,1,54,1.8518518518518519
2024,70402,urbana,19,mujer,5,35,14.285714285714286
2024,70402,urbana,20,hombre,4,44,9.090909090909092
2024,70402,urbana,20,mujer,1,33,3.0303030303030303
2024,70402,urbana,21,hombre,8,52,15.384615384615385
2024,70402,urbana,21,mujer,4,44,9.090909090909092
2024,70402,urbana,22,hombre,7,67,10.447761194029852
2024,70402,urbana,22,mujer,2,40,5.0
2024,70402,urbana,23,hombre,3,62,4.838709677419355
2024,70402,urbana,23,mujer,6,53,11.320754716981131
2024,70402,urbana,24,hombre,0,79,0.0
2024,70402,urbana,24,mujer,6,55,10.909090909090908
2024,70402,urbana,25,hombre,1,82,1.2195121951219512
2024,70402,urbana,25,mujer,5,66,7.575757575757576
2024,70402,urbana,26,hombre,2,70,2.857142857142857
2024,70402,urbana,26,mujer,2,69,2.898550724637681
2024,70402,urbana,27,hombre,5,88,5.681818181818182
2024,70402,urbana,27,mujer,1,60,1.6666666666666667
2024,70402,urbana,28,hombre,2,89,2.247191011235955
2024,70402,urbana,28,mujer,1,66,1.5151515151515151
2024,70403,rural,16,hombre,9,71,12.67605633802817
2024,70403,rural,16,mujer,6,26,23.076923076923077
2024,70403,rural,17,hombre,10,95,10.526315789473685
2024,70403,rural,17,mujer,1,23,4.3478260869565215
2024,70403,rural,18,hombre,6,130,4.615384615384615
2024,70403,rural,18,mujer,3,57,5.2631578947368425
2024,70403,rural,19,hombre,5,113,4.424778761061947
2024,70403,rural,19,mujer,5,44,11.363636363636363
2024,70403,rural,20,hombre,14,117,11.965811965811966
2024,70403,rural,20,mujer,8,60,13.333333333333334
2024,70403,rural,21,hombre,9,165,5.454545454545454
2024,70403,rural,21,mujer,5,57,8.771929824561404
2024,70403,rural,22,hombre,7,127,5.511811023622047
2024,70403,rural,22,mujer,1,57,1.7543859649122806
2024,70403,rural,23,hombre,12,212,5.660377358490566
2024,70403,rural,23,mujer,0,84,0.0
2024,70403,rural,24,hombre,9,214,4.205607476635514
2024,70403,rural,24,mujer,7,92,7.608695652173913
2024,70403,rural,25,hombre,9,201,4.477611940298507
2024,70403,rural,25,mujer,3,77,3.896103896103896
2024,70403,rural,26,hombre,5,229,2.183406113537118
2024,70403,rural,26,mujer,4,95,4.2105263157894735
2024,70403,rural,27,hombre,9,202,4.455445544554456
2024,70403,rural,27,mujer,5,106,4.716981132075472
2024,70403,rural,28,hombre,2,208,0.9615384615384616
2024,70403,rural,28,mujer,4,105,3.8095238095238093
2024,70403,urbana,16,hombre,36,136,26.470588235294116
2024,70403,urbana,16,mujer,21,75,28.0
2024,70403,urbana,17,hombre,18,137,13.138686131386862
2024,70403,urbana,17,mujer,26,127,20.47244094488189
2024,70403,urbana,18,hombre,23,170,13.529411764705882
2024,70403,urbana,18,mujer,13,146,8.904109589041095
2024,70403,urbana,19,hombre,28,180,15.555555555555555
2024,70403,urbana,19,mujer,15,151,9.933774834437086
2024,70403,urbana,20,hombre,19,184,10.326086956521738
2024,70403,urbana,20,mujer,25,169,14.792899408284024
2024,70403,urbana,21,hombre,16,195,8.205128205128204
2024,70403,urbana,21,mujer,20,192,10.416666666666666
2024,70403,urbana,22,hombre,10,201,4.975124378109452
2024,70403,urbana,22,mujer,14,159,8.80503144654088
2024,70403,urbana,23,hombre,20,283,7.067137809187279
2024,70403,urbana,23,mujer,18,202,8.910891089108912
2024,70403,urbana,24,hombre,11,275,4.0
2024,70403,urbana,24,mujer,16,219,7.30593607305936
2024,70403,urbana,25,hombre,15,265,5.660377358490566
2024,70403,urbana,25,mujer,7,202,3.4653465346534653
2024,70403,urbana,26,hombre,13,273,4.761904761904762
2024,70403,urbana,26,mujer,10,208,4.8076923076923075
2024,70403,urbana,27,hombre,8,242,3.3057851239669422
2024,70403,urbana,27,mujer,11,198,5.555555555555555
2024,70403,urbana,28,hombre,5,263,1.9011406844106464
2024,70403,urbana,28,mujer,10,230,4.3478260869565215
2024,70404,rural,16,hombre,3,11,27.272727272727273
2024,70404,rural,16,mujer,0,2,0.0
2024,70404,rural,17,hombre,0,11,0.0
2024,70404,rural,17,mujer,2,10,20.0
2024,70404,rural,18,hombre,2,23,8.695652173913043
2024,70404,rural,18,mujer,0,5,0.0
2024,70404,rural,19,hombre,3,18,16.666666666666668
2024,70404,rural,19,mujer,0,11,0.0
2024,70404,rural,20,hombre,1,23,4.3478260869565215
2024,70404,rural,20,mujer,0,16,0.0
2024,70404,rural,21,hombre,0,12,0.0
2024,70404,rural,21,mujer,1,8,12.5
2024,70404,rural,22,hombre,3,27,11.11111111111111
2024,70404,rural,22,mujer,0,5,0.0
2024,70404,rural,23,hombre,0,30,0.0
2024,70404,rural,23,mujer,0,7,0.0
2024,70404,rural,24,hombre,1,32,3.125
2024,70404,rural,24,mujer,1,11,9.090909090909092
2024,70404,rural,25,hombre,2,26,7.6923076923076925
2024,70404,rural,25,mujer,1,11,9.090909090909092
2024,70404,rural,26,hombre,2,29,6.896551724137931
2024,70404,rural,26,mujer,0,14,0.0
2024,70404,rural,27,hombre,1,25,4.0
2024,70404,rural,27,mujer,1,26,3.8461538461538463
2024,70404,rural,28,hombre,1,41,2.4390243902439024
2024,70404,rural,28,mujer,1,16,6.25
2024,70404,urbana,16,hombre,3,10,30.0
2024,70404,urbana,16,mujer,0,2,0.0
2024,70404,urbana,17,hombre,2,11,18.181818181818183
2024,70404,urbana,17,mujer,3,11,27.272727272727273
2024,70404,urbana,18,hombre,1,16,6.25
2024,70404,urbana,18,mujer,2,11,18.181818181818183
2024,70404,urbana,19,hombre,2,24,8.333333333333334
2024,70404,urbana,19,mujer,2,13,15.384615384615385
2024,70404,urbana,20,hombre,1,28,3.5714285714285716
2024,70404,urbana,20,mujer,0,10,0.0
2024,70404,urbana,21,hombre,0,19,0.0
2024,70404,urbana,21,mujer,1,13,7.6923076923076925
2024,70404,urbana,22,hombre,1,23,4.3478260869565215
2024,70404,urbana,22,mujer,0,15,0.0
2024,70404,urbana,23,hombre,2,31,6.451612903225806
2024,70404,urbana,23,mujer,2,23,8.695652173913043
2024,70404,urbana,24,hombre,1,36,2.7777777777777777
2024,70404,urbana,24,mujer,2,22,9.090909090909092
2024,70404,urbana,25,hombre,2,39,5.128205128205129
2024,70404,urbana,25,mujer,1,20,5.0
2024,70404,urbana,26,hombre,1,31,3.225806451612903
2024,70404,urbana,26,mujer,0,21,0.0
2024,70404,urbana,27,hombre,1,30,3.3333333333333335
2024,70404,urbana,27,mujer,0,23,0.0
2024,70404,urbana,28,hombre,0,34,0.0
2024,70404,urbana,28,mujer,0,30,0.0
2024,70501,rural,16,hombre,39,114,34.21052631578947
2024,70501,rural,16,mujer,24,77,31.16883116883117
2024,70501,rural,17,hombre,55,142,38.732394366197184
2024,70501,rural,17,mujer,23,76,30.263157894736842
2024,70501,rural,18,hombre,41,154,26.623376623376622
2024,70501,rural,18,mujer,23,83,27.710843373493976
2024,70501,rural,19,hombre,37,149,24.83221476510067
2024,70501,rural,19,mujer,17,82,20.73170731707317
2024,70501,rural,20,hombre,30,178,16.853932584269664
2024,70501,rural,20,mujer,13,80,16.25
2024,70501,rural,21,hombre,24,177,13.559322033898304
2024,70501,rural,21,mujer,15,97,15.463917525773196
2024,70501,rural,22,hombre,13,167,7.7844311377245505
2024,70501,rural,22,mujer,20,113,17.699115044247787
2024,70501,rural,23,hombre,21,230,9.130434782608695
2024,70501,rural,23,mujer,12,103,11.650485436893204
2024,70501,rural,24,hombre,13,204,6.372549019607843
2024,70501,rural,24,mujer,9,102,8.823529411764707
2024,70501,rural,25,hombre,12,207,5.797101449275362
2024,70501,rural,25,mujer,10,80,12.5
2024,70501,rural,26,hombre,11,222,4.954954954954955
2024,70501,rural,26,mujer,7,90,7.777777777777778
2024,70501,rural,27,hombre,8,189,4.232804232804233
2024,70501,rural,27,mujer,9,91,9.89010989010989
2024,70501,rural,28,hombre,5,208,2.4038461538461537
2024,70501,rural,28,mujer,12,102,11.764705882352942
2024,70501,urbana,16,hombre,4,21,19.047619047619047
2024,70501,urbana,16,mujer,1,13,7.6923076923076925
2024,70501,urbana,17,hombre,4,21,19.047619047619047
2024,70501,urbana,17,mujer,5,18,27.77777777777778
2024,70501,urbana,18,hombre,5,30,16.666666666666668
2024,70501,urbana,18,mujer,3,29,10.344827586206897
2024,70501,urbana,19,hombre,2,45,4.444444444444445
2024,70501,urbana,19,mujer,1,25,4.0
2024,70501,urbana,20,hombre,2,43,4.651162790697675
2024,70501,urbana,20,mujer,2,29,6.896551724137931
2024,70501,urbana,21,hombre,6,62,9.67741935483871
2024,70501,urbana,21,mujer,0,32,0.0
2024,70501,urbana,22,hombre,0,54,0.0
2024,70501,urbana,22,mujer,1,24,4.166666666666667
2024,70501,urbana,23,hombre,4,60,6.666666666666667
2024,70501,urbana,23,mujer,3,35,8.571428571428571
2024,70501,urbana,24,hombre,0,72,0.0
2024,70501,urbana,24,mujer,1,36,2.7777777777777777
2024,70501,urbana,25,hombre,3,64,4.6875
2024,70501,urbana,25,mujer,3,51,5.882352941176471
2024,70501,urbana,26,hombre,0,82,0.0
2024,70501,urbana,26,mujer,1,37,2.7027027027027026
2024,70501,urbana,27,hombre,2,62,3.225806451612903
2024,70501,urbana,27,mujer,4,43,9.30232558139535
2024,70501,urbana,28,hombre,2,60,3.3333333333333335
2024,70501,urbana,28,mujer,1,39,2.5641025641025643
2024,70502,rural,16,hombre,70,160,43.75
2024,70502,rural,16,mujer,23,55,41.81818181818182
2024,70502,rural,17,hombre,65,183,35.51912568306011
2024,70502,rural,17,mujer,37,80,46.25
2024,70502,rural,18,hombre,69,199,34.67336683417086
2024,70502,rural,18,mujer,28,89,31.46067415730337
2024,70502,rural,19,hombre,63,219,28.767123287671232
2024,70502,rural,19,mujer,15,79,18.9873417721519
2024,70502,rural,20,hombre,49,234,20.94017094017094
2024,70502,rural,20,mujer,14,87,16.091954022988507
2024,70502,rural,21,hombre,41,264,15.530303030303031
2024,70502,rural,21,mujer,9,84,10.714285714285714
2024,70502,rural,22,hombre,27,274,9.854014598540147
2024,70502,rural,22,mujer,11,105,10.476190476190476
2024,70502,rural,23,hombre,16,309,5.17799352750809
2024,70502,rural,23,mujer,4,97,4.123711340206185
2024,70502,rural,24,hombre,3,280,1.0714285714285714
2024,70502,rural,24,mujer,5,93,5.376344086021505
2024,70502,rural,25,hombre,7,321,2.1806853582554515
2024,70502,rural,25,mujer,2,82,2.4390243902439024
2024,70502,rural,26,hombre,5,307,1.6286644951140066
2024,70502,rural,26,mujer,4,104,3.8461538461538463
2024,70502,rural,27,hombre,5,280,1.7857142857142858
2024,70502,rural,27,mujer,5,93,5.376344086021505
2024,70502,rural,28,hombre,2,282,0.7092198581560284
2024,70502,rural,28,mujer,2,77,2.5974025974025974
2024,70502,urbana,16,hombre,8,41,19.51219512195122
2024,70502,urbana,16,mujer,5,29,17.24137931034483
2024,70502,urbana,17,hombre,6,47,12.76595744680851
2024,70502,urbana,17,mujer,10,41,24.390243902439025
2024,70502,urbana,18,hombre,12,65,18.46153846153846
2024,70502,urbana,18,mujer,9,47,19.148936170212767
2024,70502,urbana,19,hombre,6,62,9.67741935483871
2024,70502,urbana,19,mujer,4,50,8.0
2024,70502,urbana,20,hombre,4,72,5.555555555555555
2024,70502,urbana,20,mujer,6,47,12.76595744680851
2024,70502,urbana,21,hombre,3,104,2.8846153846153846
2024,70502,urbana,21,mujer,5,49,10.204081632653061
2024,70502,urbana,22,hombre,3,99,3.0303030303030303
2024,70502,urbana,22,mujer,3,63,4.761904761904762
2024,70502,urbana,23,hombre,3,124,2.4193548387096775
2024,70502,urbana,23,mujer,5,71,7.042253521126761
2024,70502,urbana,24,hombre,0,106,0.0
2024,70502,urbana,24,mujer,3,81,3.7037037037037037
2024,70502,urbana,25,hombre,2,108,1.8518518518518519
2024,70502,urbana,25,mujer,1,71,1.408450704225352
2024,70502,urbana,26,hombre,2,109,1.834862385321101
2024,70502,urbana,26,mujer,3,69,4.3478260869565215
2024,70502,urbana,27,hombre,2,116,1.7241379310344827
2024,70502,urbana,27,mujer,2,89,2.247191011235955
2024,70502,urbana,28,hombre,1,135,0.7407407407407407
2024,70502,urbana,28,mujer,5,73,6.8493150684931505
2024,70503,rural,16,hombre,7,16,43.75
2024,70503,rural,16,mujer,1,4,25.0
2024,70503,rural,17,hombre,6,23,26.08695652173913
2024,70503,rural,17,mujer,4,10,40.0
2024,70503,rural,18,hombre,4,21,19.047619047619047
2024,70503,rural,18,mujer,2,3,66.66666666666667
2024,70503,rural,19,hombre,3,25,12.0
2024,70503,rural,19,mujer,0,9,0.0
2024,70503,rural,20,hombre,1,22,4.545454545454546
2024,70503,rural,20,mujer,0,7,0.0
2024,70503,rural,21,hombre,3,31,9.67741935483871
2024,70503,rural,21,mujer,0,7,0.0
2024,70503,rural,22,hombre,1,19,5.2631578947368425
2024,70503,rural,22,mujer,0,13,0.0
2024,70503,rural,23,hombre,3,37,8.108108108108109
2024,70503,rural,23,mujer,0,14,0.0
2024,70503,rural,24,hombre,1,46,2.1739130434782608
2024,70503,rural,24,mujer,1,22,4.545454545454546
2024,70503,rural,25,hombre,1,33,3.0303030303030303
2024,70503,rural,25,mujer,2,19,10.526315789473685
2024,70503,rural,26,hombre,1,45,2.2222222222222223
2024,70503,rural,26,mujer,0,14,0.0
2024,70503,rural,27,hombre,1,34,2.9411764705882355
2024,70503,rural,27,mujer,0,20,0.0
2024,70503,rural,28,hombre,1,36,2.7777777777777777
2024,70503,rural,28,mujer,0,15,0.0
2024,70503,urbana,16,hombre,3,16,18.75
2024,70503,urbana,16,mujer,2,8,25.0
2024,70503,urbana,17,hombre,6,30,20.0
2024,70503,urbana,17,mujer,2,10,20.0
2024,70503,urbana,18,hombre,1,34,2.9411764705882355
2024,70503,urbana,18,mujer,1,18,5.555555555555555
2024,70503,urbana,19,hombre,4,29,13.793103448275861
2024,70503,urbana,19,mujer,1,21,4.761904761904762
2024,70503,urbana,20,hombre,4,41,9.75609756097561
2024,70503,urbana,20,mujer,2,19,10.526315789473685
2024,70503,urbana,21,hombre,2,32,6.25
2024,70503,urbana,21,mujer,4,20,20.0
2024,70503,urbana,22,hombre,1,41,2.4390243902439024
2024,70503,urbana,22,mujer,0,26,0.0
2024,70503,urbana,23,hombre,1,56,1.7857142857142858
2024,70503,urbana,23,mujer,0,31,0.0
2024,70503,urbana,24,hombre,3,56,5.357142857142857
2024,70503,urbana,24,mujer,2,34,5.882352941176471
2024,70503,urbana,25,hombre,1,54,1.8518518518518519
2024,70503,urbana,25,mujer,0,31,0.0
2024,70503,urbana,26,hombre,0,56,0.0
2024,70503,urbana,26,mujer,1,33,3.0303030303030303
2024,70503,urbana,27,hombre,1,51,1.9607843137254901
2024,70503,urbana,27,mujer,1,41,2.4390243902439024
2024,70503,urbana,28,hombre,0,63,0.0
2024,70503,urbana,28,mujer,2,49,4.081632653061225
2024,70601,rural,16,hombre,1,8,12.5
2024,70601,rural,16,mujer,0,6,0.0
2024,70601,rural,17,hombre,0,9,0.0
2024,70601,rural,17,mujer,0,2,0.0
2024,70601,rural,18,hombre,1,15,6.666666666666667
2024,70601,rural,18,mujer,1,4,25.0
2024,70601,rural,19,hombre,1,13,7.6923076923076925
2024,70601,rural,19,mujer,0,9,0.0
2024,70601,rural,20,hombre,0,13,0.0
2024,70601,rural,20,mujer,0,5,0.0
2024,70601,rural,21,hombre,1,21,4.761904761904762
2024,70601,rural,21,mujer,0,8,0.0
2024,70601,rural,22,hombre,0,18,0.0
2024,70601,rural,22,mujer,0,10,0.0
2024,70601,rural,23,hombre,0,23,0.0
2024,70601,rural,23,mujer,0,11,0.0
2024,70601,rural,24,hombre,0,35,0.0
2024,70601,rural,24,mujer,1,18,5.555555555555555
2024,70601,rural,25,hombre,1,36,2.7777777777777777
2024,70601,rural,25,mujer,0,10,0.0
2024,70601,rural,26,hombre,0,17,0.0
2024,70601,rural,26,mujer,0,9,0.0
2024,70601,rural,27,hombre,0,30,0.0
2024,70601,rural,27,mujer,0,7,0.0
2024,70601,rural,28,hombre,1,24,4.166666666666667
2024,70601,rural,28,mujer,0,8,0.0
2024,70601,urbana,16,hombre,1,26,3.8461538461538463
2024,70601,urbana,16,mujer,4,18,22.22222222222222
2024,70601,urbana,17,hombre,3,28,10.714285714285714
2024,70601,urbana,17,mujer,2,14,14.285714285714286
2024,70601,urbana,18,hombre,2,34,5.882352941176471
2024,70601,urbana,18,mujer,2,25,8.0
2024,70601,urbana,19,hombre,1,42,2.380952380952381
2024,70601,urbana,19,mujer,7,40,17.5
2024,70601,urbana,20,hombre,6,51,11.764705882352942
2024,70601,urbana,20,mujer,4,35,11.428571428571429
2024,70601,urbana,21,hombre,5,51,9.803921568627452
2024,70601,urbana,21,mujer,2,41,4.878048780487805
2024,70601,urbana,22,hombre,4,72,5.555555555555555
2024,70601,urbana,22,mujer,0,43,0.0
2024,70601,urbana,23,hombre,6,94,6.382978723404255
2024,70601,urbana,23,mujer,1,62,1.6129032258064515
2024,70601,urbana,24,hombre,4,104,3.8461538461538463
2024,70601,urbana,24,mujer,3,77,3.896103896103896
2024,70601,urbana,25,hombre,1,80,1.25
2024,70601,urbana,25,mujer,1,70,1.4285714285714286
2024,70601,urbana,26,hombre,2,88,2.272727272727273
2024,70601,urbana,26,mujer,5,87,5.747126436781609
2024,70601,urbana,27,hombre,1,98,1.0204081632653061
2024,70601,urbana,27,mujer,3,56,5.357142857142857
2024,70601,urbana,28,hombre,1,108,0.9259259259259259
2024,70601,urbana,28,mujer,1,75,1.3333333333333333
2024,70602,rural,16,hombre,3,43,6.976744186046512
2024,70602,rural,16,mujer,1,9,11.11111111111111
2024,70602,rural,17,hombre,7,46,15.217391304347826
2024,70602,rural,17,mujer,0,12,0.0
2024,70602,rural,18,hombre,7,56,12.5
2024,70602,rural,18,mujer,3,28,10.714285714285714
2024,70602,rural,19,hombre,1,56,1.7857142857142858
2024,70602,rural,19,mujer,2,34,5.882352941176471
2024,70602,rural,20,hombre,7,58,12.068965517241379
2024,70602,rural,20,mujer,1,29,3.4482758620689653
2024,70602,rural,21,hombre,3,75,4.0
2024,70602,rural,21,mujer,6,35,17.142857142857142
2024,70602,rural,22,hombre,6,81,7.407407407407407
2024,70602,rural,22,mujer,2,35,5.714285714285714
2024,70602,rural,23,hombre,2,91,2.197802197802198
2024,70602,rural,23,mujer,0,39,0.0
2024,70602,rural,24,hombre,1,95,1.0526315789473684
2024,70602,rural,24,mujer,2,50,4.0
2024,70602,rural,25,hombre,4,116,3.4482758620689653
2024,70602,rural,25,mujer,2,33,6.0606060606060606
2024,70602,rural,26,hombre,3,93,3.225806451612903
2024,70602,rural,26,mujer,3,42,7.142857142857143
2024,70602,rural,27,hombre,1,96,1.0416666666666667
2024,70602,rural,27,mujer,1,40,2.5
2024,70602,rural,28,hombre,0,93,0.0
2024,70602,rural,28,mujer,1,37,2.7027027027027026
2024,70602,urbana,16,hombre,2,14,14.285714285714286
2024,70602,urbana,16,mujer,5,9,55.55555555555556
2024,70602,urbana,17,hombre,1,14,7.142857142857143
2024,70602,urbana,17,mujer,3,7,42.857142857142854
2024,70602,urbana,18,hombre,1,12,8.333333333333334
2024,70602,urbana,18,mujer,0,8,0.0
2024,70602,urbana,19,hombre,2,9,22.22222222222222
2024,70602,urbana,19,mujer,1,11,9.090909090909092
2024,70602,urbana,20,hombre,0,16,0.0
2024,70602,urbana,20,mujer,2,15,13.333333333333334
2024,70602,urbana,21,hombre,1,22,4.545454545454546
2024,70602,urbana,21,mujer,1,8,12.5
2024,70602,urbana,22,hombre,1,16,6.25
2024,70602,urbana,22,mujer,0,14,0.0
2024,70602,urbana,23,hombre,1,27,3.7037037037037037
2024,70602,urbana,23,mujer,1,14,7.142857142857143
2024,70602,urbana,24,hombre,0,21,0.0
2024,70602,urbana,24,mujer,0,14,0.0
2024,70602,urbana,25,hombre,0,27,0.0
2024,70602,urbana,25,mujer,0,19,0.0
2024,70602,urbana,26,hombre,1,16,6.25
2024,70602,urbana,26,mujer,0,7,0.0
2024,70602,urbana,27,hombre,1,20,5.0
2024,70602,urbana,27,mujer,3,20,15.0
2024,70602,urbana,28,hombre,0,30,0.0
2024,70602,urbana,28,mujer,0,11,0.0
2024,70603,rural,16,hombre,0,4,0.0
2024,70603,rural,16,mujer,0,1,0.0
2024,70603,rural,17,hombre,0,3,0.0
2024,70603,rural,18,hombre,1,6,16.666666666666668
2024,70603,rural,18,mujer,0,2,0.0
2024,70603,rural,19,hombre,0,2,0.0
2024,70603,rural,19,mujer,0,2,0.0
2024,70603,rural,20,hombre,0,8,0.0
2024,70603,rural,20,mujer,0,2,0.0
2024,70603,rural,21,hombre,0,2,0.0
2024,70603,rural,21,mujer,0,2,0.0
2024,70603,rural,22,hombre,0,3,0.0
2024,70603,rural,22,mujer,0,2,0.0
2024,70603,rural,23,hombre,0,3,0.0
2024,70603,rural,23,mujer,0,2,0.0
2024,70603,rural,24,hombre,0,4,0.0
2024,70603,rural,24,mujer,0,2,0.0
2024,70603,rural,25,hombre,1,10,10.0
2024,70603,rural,25,mujer,0,1,0.0
2024,70603,rural,26,hombre,0,8,0.0
2024,70603,rural,26,mujer,0,4,0.0
2024,70603,rural,27,hombre,0,2,0.0
2024,70603,rural,27,mujer,0,2,0.0
2024,70603,rural,28,hombre,0,6,0.0
2024,70603,rural,28,mujer,0,1,0.0
2024,70603,urbana,16,hombre,1,11,9.090909090909092
2024,70603,urbana,16,mujer,0,2,0.0
2024,70603,urbana,17,hombre,1,12,8.333333333333334
2024,70603,urbana,17,mujer,0,5,0.0
2024,70603,urbana,18,hombre,1,14,7.142857142857143
2024,70603,urbana,18,mujer,0,10,0.0
2024,70603,urbana,19,hombre,1,25,4.0
2024,70603,urbana,19,mujer,3,8,37.5
2024,70603,urbana,20,hombre,0,17,0.0
2024,70603,urbana,20,mujer,0,17,0.0
2024,70603,urbana,21,hombre,0,18,0.0
2024,70603,urbana,21,mujer,1,13,7.6923076923076925
2024,70603,urbana,22,hombre,1,26,3.8461538461538463
2024,70603,urbana,22,mujer,1,12,8.333333333333334
2024,70603,urbana,23,hombre,0,27,0.0
2024,70603,urbana,23,mujer,0,15,0.0
2024,70603,urbana,24,hombre,1,32,3.125
2024,70603,urbana,24,mujer,1,11,9.090909090909092
2024,70603,urbana,25,hombre,0,23,0.0
2024,70603,urbana,25,mujer,1,22,4.545454545454546
2024,70603,urbana,26,hombre,0,34,0.0
2024,70603,urbana,26,mujer,0,20,0.0
2024,70603,urbana,27,hombre,1,19,5.2631578947368425
2024,70603,urbana,27,mujer,0,18,0.0
2024,70603,urbana,28,hombre,0,35,0.0
2024,70603,urbana,28,mujer,0,21,0.0
2024,70701,rural,16,hombre,3,17,17.647058823529413
2024,70701,rural,16,mujer,1,2,50.0
2024,70701,rural,17,hombre,1,16,6.25
2024,70701,rural,17,mujer,1,4,25.0
2024,70701,rural,18,hombre,1,19,5.2631578947368425
2024,70701,rural,18,mujer,1,7,14.285714285714286
2024,70701,rural,19,hombre,2,21,9.523809523809524
2024,70701,rural,19,mujer,0,9,0.0
2024,70701,rural,20,hombre,0,9,0.0
2024,70701,rural,20,mujer,0,5,0.0
2024,70701,rural,21,hombre,2,28,7.142857142857143
2024,70701,rural,21,mujer,0,12,0.0
2024,70701,rural,22,hombre,3,20,15.0
2024,70701,rural,22,mujer,1,14,7.142857142857143
2024,70701,rural,23,hombre,1,25,4.0
2024,70701,rural,23,mujer,0,10,0.0
2024,70701,rural,24,hombre,2,35,5.714285714285714
2024,70701,rural,24,mujer,0,11,0.0
2024,70701,rural,25,hombre,3,25,12.0
2024,70701,rural,25,mujer,0,14,0.0
2024,70701,rural,26,hombre,0,28,0.0
2024,70701,rural,26,mujer,0,20,0.0
2024,70701,rural,27,hombre,0,31,0.0
2024,70701,rural,27,mujer,0,17,0.0
2024,70701,rural,28,hombre,0,30,0.0
2024,70701,rural,28,mujer,0,12,0.0
2024,70702,rural,16,hombre,15,69,21.73913043478261
2024,70702,rural,16,mujer,7,28,25.0
2024,70702,rural,17,hombre,15,81,18.51851851851852
2024,70702,rural,17,mujer,6,39,15.384615384615385
2024,70702,rural,18,hombre,10,102,9.803921568627452
2024,70702,rural,18,mujer,4,52,7.6923076923076925
2024,70702,rural,19,hombre,13,117,11.11111111111111
2024,70702,rural,19,mujer,5,49,10.204081632653061
2024,70702,rural,20,hombre,15,133,11.278195488721805
2024,70702,rural,20,mujer,1,62,1.6129032258064515
2024,70702,rural,21,hombre,9,124,7.258064516129032
2024,70702,rural,21,mujer,2,59,3.389830508474576
2024,70702,rural,22,hombre,9,165,5.454545454545454
2024,70702,rural,22,mujer,3,42,7.142857142857143
2024,70702,rural,23,hombre,8,172,4.651162790697675
2024,70702,rural,23,mujer,5,66,7.575757575757576
2024,70702,rural,24,hombre,5,170,2.9411764705882355
2024,70702,rural,24,mujer,2,73,2.73972602739726
2024,70702,rural,25,hombre,4,135,2.962962962962963
2024,70702,rural,25,mujer,3,50,6.0
2024,70702,rural,26,hombre,5,159,3.1446540880503147
2024,70702,rural,26,mujer,2,64,3.125
2024,70702,rural,27,hombre,4,150,2.6666666666666665
2024,70702,rural,27,mujer,1,59,1.694915254237288
2024,70702,rural,28,hombre,5,148,3.3783783783783785
2024,70702,rural,28,mujer,3,58,5.172413793103448
2024,70702,urbana,16,hombre,1,7,14.285714285714286
2024,70702,urbana,16,mujer,3,8,37.5
2024,70702,urbana,17,hombre,1,14,7.142857142857143
2024,70702,urbana,17,mujer,0,5,0.0
2024,70702,urbana,18,hombre,6,36,16.666666666666668
2024,70702,urbana,18,mujer,0,8,0.0
2024,70702,urbana,19,hombre,1,28,3.5714285714285716
2024,70702,urbana,19,mujer,0,10,0.0
2024,70702,urbana,20,hombre,2,18,11.11111111111111
2024,70702,urbana,20,mujer,0,12,0.0
2024,70702,urbana,21,hombre,1,18,5.555555555555555
2024,70702,urbana,21,mujer,1,11,9.090909090909092
2024,70702,urbana,22,hombre,0,18,0.0
2024,70702,urbana,22,mujer,2,18,11.11111111111111
2024,70702,urbana,23,hombre,0,25,0.0
2024,70702,urbana,23,mujer,0,14,0.0
2024,70702,urbana,24,hombre,0,25,0.0
2024,70702,urbana,24,mujer,0,15,0.0
2024,70702,urbana,25,hombre,0,45,0.0
2024,70702,urbana,25,mujer,0,19,0.0
2024,70702,urbana,26,hombre,1,26,3.8461538461538463
2024,70702,urbana,26,mujer,0,17,0.0
2024,70702,urbana,27,hombre,0,29,0.0
2024,70702,urbana,27,mujer,0,30,0.0
2024,70702,urbana,28,hombre,0,27,0.0
2024,70702,urbana,28,mujer,1,24,4.166666666666667
2024,70703,rural,16,hombre,12,99,12.121212121212121
2024,70703,rural,16,mujer,8,40,20.0
2024,70703,rural,17,hombre,20,101,19.801980198019802
2024,70703,rural,17,mujer,6,45,13.333333333333334
2024,70703,rural,18,hombre,14,121,11.570247933884298
2024,70703,rural,18,mujer,3,37,8.108108108108109
2024,70703,rural,19,hombre,19,116,16.379310344827587
2024,70703,rural,19,mujer,8,57,14.035087719298245
2024,70703,rural,20,hombre,11,125,8.8
2024,70703,rural,20,mujer,5,63,7.936507936507937
2024,70703,rural,21,hombre,15,152,9.868421052631579
2024,70703,rural,21,mujer,2,53,3.7735849056603774
2024,70703,rural,22,hombre,8,159,5.031446540880503
2024,70703,rural,22,mujer,3,51,5.882352941176471
2024,70703,rural,23,hombre,7,170,4.117647058823529
2024,70703,rural,23,mujer,6,74,8.108108108108109
2024,70703,rural,24,hombre,4,157,2.5477707006369426
2024,70703,rural,24,mujer,8,71,11.267605633802816
2024,70703,rural,25,hombre,6,170,3.5294117647058822
2024,70703,rural,25,mujer,6,55,10.909090909090908
2024,70703,rural,26,hombre,3,183,1.639344262295082
2024,70703,rural,26,mujer,1,65,1.5384615384615385
2024,70703,rural,27,hombre,4,169,2.366863905325444
2024,70703,rural,27,mujer,2,56,3.5714285714285716
2024,70703,rural,28,hombre,4,163,2.4539877300613497
2024,70703,rural,28,mujer,6,72,8.333333333333334
2024,70703,urbana,16,hombre,5,32,15.625
2024,70703,urbana,16,mujer,2,11,18.181818181818183
2024,70703,urbana,17,hombre,3,28,10.714285714285714
2024,70703,urbana,17,mujer,3,16,18.75
2024,70703,urbana,18,hombre,4,46,8.695652173913043
2024,70703,urbana,18,mujer,3,20,15.0
2024,70703,urbana,19,hombre,4,36,11.11111111111111
2024,70703,urbana,19,mujer,1,25,4.0
2024,70703,urbana,20,hombre,1,39,2.5641025641025643
2024,70703,urbana,20,mujer,2,30,6.666666666666667
2024,70703,urbana,21,hombre,2,51,3.9215686274509802
2024,70703,urbana,21,mujer,1,28,3.5714285714285716
2024,70703,urbana,22,hombre,1,56,1.7857142857142858
2024,70703,urbana,22,mujer,1,25,4.0
2024,70703,urbana,23,hombre,1,52,1.9230769230769231
2024,70703,urbana,23,mujer,2,37,5.405405405405405
2024,70703,urbana,24,hombre,1,61,1.639344262295082
2024,70703,urbana,24,mujer,0,34,0.0
2024,70703,urbana,25,hombre,2,63,3.1746031746031744
2024,70703,urbana,25,mujer,1,43,2.3255813953488373
2024,70703,urbana,26,hombre,0,54,0.0
2024,70703,urbana,26,mujer,1,38,2.6315789473684212
2024,70703,urbana,27,hombre,2,72,2.7777777777777777
2024,70703,urbana,27,mujer,2,29,6.896551724137931
2024,70703,urbana,28,hombre,1,50,2.0
2024,70703,urbana,28,mujer,1,38,2.6315789473684212
2024,70704,rural,16,hombre,0,2,0.0
2024,70704,rural,17,hombre,1,2,50.0
2024,70704,rural,17,mujer,0,1,0.0
2024,70704,rural,18,hombre,0,5,0.0
2024,70704,rural,18,mujer,0,3,0.0
2024,70704,rural,19,hombre,0,5,0.0
2024,70704,rural,19,mujer,0,2,0.0
2024,70704,rural,20,hombre,0,9,0.0
2024,70704,rural,20,mujer,0,4,0.0
2024,70704,rural,21,hombre,0,8,0.0
2024,70704,rural,21,mujer,0,2,0.0
2024,70704,rural,22,hombre,0,13,0.0
2024,70704,rural,22,mujer,0,9,0.0
2024,70704,rural,23,hombre,2,18,11.11111111111111
2024,70704,rural,23,mujer,0,5,0.0
2024,70704,rural,24,hombre,1,14,7.142857142857143
2024,70704,rural,24,mujer,0,7,0.0
2024,70704,rural,25,hombre,0,11,0.0
2024,70704,rural,25,mujer,0,4,0.0
2024,70704,rural,26,hombre,0,14,0.0
2024,70704,rural,26,mujer,2,6,33.333333333333336
2024,70704,rural,27,hombre,0,23,0.0
2024,70704,rural,27,mujer,0,3,0.0
2024,70704,rural,28,hombre,0,12,0.0
2024,70704,rural,28,mujer,0,2,0.0
2024,70704,urbana,16,hombre,0,2,0.0
2024,70704,urbana,16,mujer,0,1,0.0
2024,70704,urbana,17,hombre,0,2,0.0
2024,70704,urbana,17,mujer,0,1,0.0
2024,70704,urbana,18,hombre,1,3,33.333333333333336
2024,70704,urbana,18,mujer,0,5,0.0
2024,70704,urbana,19,hombre,1,5,20.0
2024,70704,urbana,19,mujer,3,8,37.5
2024,70704,urbana,20,hombre,0,5,0.0
2024,70704,urbana,20,mujer,0,7,0.0
2024,70704,urbana,21,hombre,0,8,0.0
2024,70704,urbana,21,mujer,0,10,0.0
2024,70704,urbana,22,hombre,0,8,0.0
2024,70704,urbana,22,mujer,0,10,0.0
2024,70704,urbana,23,hombre,0,13,0.0
2024,70704,urbana,23,mujer,0,4,0.0
2024,70704,urbana,24,hombre,1,15,6.666666666666667
2024,70704,urbana,24,mujer,1,14,7.142857142857143
2024,70704,urbana,25,hombre,0,12,0.0
2024,70704,urbana,25,mujer,0,14,0.0
2024,70704,urbana,26,hombre,0,18,0.0
2024,70704,urbana,26,mujer,0,8,0.0
2024,70704,urbana,27,hombre,0,25,0.0
2024,70704,urbana,27,mujer,0,13,0.0
2024,70704,urbana,28,hombre,1,27,3.7037037037037037
2024,70704,urbana,28,mujer,0,14,0.0
2024,70705,rural,16,hombre,4,18,22.22222222222222
2024,70705,rural,16,mujer,1,5,20.0
2024,70705,rural,17,hombre,1,29,3.4482758620689653
2024,70705,rural,17,mujer,1,16,6.25
2024,70705,rural,18,hombre,1,32,3.125
2024,70705,rural,18,mujer,1,20,5.0
2024,70705,rural,19,hombre,0,31,0.0
2024,70705,rural,19,mujer,2,26,7.6923076923076925
2024,70705,rural,20,hombre,1,60,1.6666666666666667
2024,70705,rural,20,mujer,4,23,17.391304347826086
2024,70705,rural,21,hombre,2,49,4.081632653061225
2024,70705,rural,21,mujer,1,20,5.0
2024,70705,rural,22,hombre,1,62,1.6129032258064515
2024,70705,rural,22,mujer,3,23,13.043478260869565
2024,70705,rural,23,hombre,3,76,3.9473684210526314
2024,70705,rural,23,mujer,0,22,0.0
2024,70705,rural,24,hombre,0,70,0.0
2024,70705,rural,24,mujer,1,32,3.125
2024,70705,rural,25,hombre,3,76,3.9473684210526314
2024,70705,rural,25,mujer,0,30,0.0
2024,70705,rural,26,hombre,0,57,0.0
2024,70705,rural,26,mujer,1,23,4.3478260869565215
2024,70705,rural,27,hombre,2,69,2.898550724637681
2024,70705,rural,27,mujer,2,16,12.5
2024,70705,rural,28,hombre,2,71,2.816901408450704
2024,70705,rural,28,mujer,1,36,2.7777777777777777
2024,70706,rural,16,hombre,1,5,20.0
2024,70706,rural,16,mujer,0,4,0.0
2024,70706,rural,17,hombre,1,9,11.11111111111111
2024,70706,rural,17,mujer,4,14,28.571428571428573
2024,70706,rural,18,hombre,1,16,6.25
2024,70706,rural,18,mujer,2,12,16.666666666666668
2024,70706,rural,19,hombre,3,20,15.0
2024,70706,rural,19,mujer,0,7,0.0
2024,70706,rural,20,hombre,2,33,6.0606060606060606
2024,70706,rural,20,mujer,1,12,8.333333333333334
2024,70706,rural,21,hombre,0,23,0.0
2024,70706,rural,21,mujer,2,26,7.6923076923076925
2024,70706,rural,22,hombre,2,25,8.0
2024,70706,rural,22,mujer,1,13,7.6923076923076925
2024,70706,rural,23,hombre,0,26,0.0
2024,70706,rural,23,mujer,1,19,5.2631578947368425
2024,70706,rural,24,hombre,1,32,3.125
2024,70706,rural,24,mujer,3,19,15.789473684210526
2024,70706,rural,25,hombre,1,33,3.0303030303030303
2024,70706,rural,25,mujer,0,22,0.0
2024,70706,rural,26,hombre,1,34,2.9411764705882355
2024,70706,rural,26,mujer,0,16,0.0
2024,70706,rural,27,hombre,2,32,6.25
2024,70706,rural,27,mujer,3,14,21.428571428571427
2024,70706,rural,28,hombre,1,34,2.9411764705882355
2024,70706,rural,28,mujer,2,17,11.764705882352942
2024,70706,urbana,16,hombre,8,30,26.666666666666668
2024,70706,urbana,16,mujer,14,27,51.851851851851855
2024,70706,urbana,17,hombre,8,42,19.047619047619047
2024,70706,urbana,17,mujer,8,37,21.62162162162162
2024,70706,urbana,18,hombre,12,61,19.672131147540984
2024,70706,urbana,18,mujer,9,48,18.75
2024,70706,urbana,19,hombre,6,94,6.382978723404255
2024,70706,urbana,19,mujer,9,59,15.254237288135593
2024,70706,urbana,20,hombre,6,76,7.894736842105263
2024,70706,urbana,20,mujer,4,63,6.349206349206349
2024,70706,urbana,21,hombre,4,95,4.2105263157894735
2024,70706,urbana,21,mujer,13,83,15.662650602409638
2024,70706,urbana,22,hombre,7,90,7.777777777777778
2024,70706,urbana,22,mujer,9,83,10.843373493975903
2024,70706,urbana,23,hombre,10,126,7.936507936507937
2024,70706,urbana,23,mujer,13,83,15.662650602409638
2024,70706,urbana,24,hombre,7,131,5.343511450381679
2024,70706,urbana,24,mujer,2,107,1.8691588785046729
2024,70706,urbana,25,hombre,5,124,4.032258064516129
2024,70706,urbana,25,mujer,3,101,2.9702970297029703
2024,70706,urbana,26,hombre,7,132,5.303030303030303
2024,70706,urbana,26,mujer,3,112,2.6785714285714284
2024,70706,urbana,27,hombre,7,127,5.511811023622047
2024,70706,urbana,27,mujer,3,102,2.9411764705882355
2024,70706,urbana,28,hombre,7,161,4.3478260869565215
2024,70706,urbana,28,mujer,6,124,4.838709677419355
2024,70707,rural,16,hombre,2,4,50.0
2024,70707,rural,17,hombre,2,4,50.0
2024,70707,rural,17,mujer,0,1,0.0
2024,70707,rural,18,hombre,1,7,14.285714285714286
2024,70707,rural,18,mujer,0,2,0.0
2024,70707,rural,19,hombre,1,4,25.0
2024,70707,rural,19,mujer,0,3,0.0
2024,70707,rural,20,hombre,0,1,0.0
2024,70707,rural,20,mujer,0,7,0.0
2024,70707,rural,21,hombre,0,6,0.0
2024,70707,rural,21,mujer,0,2,0.0
2024,70707,rural,22,hombre,0,5,0.0
2024,70707,rural,22,mujer,0,8,0.0
2024,70707,rural,23,hombre,1,7,14.285714285714286
2024,70707,rural,23,mujer,0,1,0.0
2024,70707,rural,24,hombre,0,10,0.0
2024,70707,rural,24,mujer,0,4,0.0
2024,70707,rural,25,hombre,0,11,0.0
2024,70707,rural,25,mujer,0,6,0.0
2024,70707,rural,26,hombre,0,11,0.0
2024,70707,rural,26,mujer,1,7,14.285714285714286
2024,70707,rural,27,hombre,0,15,0.0
2024,70707,rural,27,mujer,1,5,20.0
2024,70707,rural,28,hombre,0,10,0.0
2024,70707,rural,28,mujer,0,2,0.0
2024,70707,urbana,16,hombre,1,7,14.285714285714286
2024,70707,urbana,16,mujer,3,3,100.0
2024,70707,urbana,17,hombre,1,3,33.333333333333336
2024,70707,urbana,17,mujer,1,3,33.333333333333336
2024,70707,urbana,18,hombre,3,11,27.272727272727273
2024,70707,urbana,18,mujer,1,9,11.11111111111111
2024,70707,urbana,19,hombre,1,16,6.25
2024,70707,urbana,19,mujer,0,5,0.0
2024,70707,urbana,20,hombre,0,12,0.0
2024,70707,urbana,20,mujer,0,12,0.0
2024,70707,urbana,21,hombre,0,10,0.0
2024,70707,urbana,21,mujer,0,11,0.0
2024,70707,urbana,22,hombre,2,22,9.090909090909092
2024,70707,urbana,22,mujer,0,5,0.0
2024,70707,urbana,23,hombre,0,18,0.0
2024,70707,urbana,23,mujer,0,14,0.0
2024,70707,urbana,24,hombre,0,20,0.0
2024,70707,urbana,24,mujer,0,14,0.0
2024,70707,urbana,25,hombre,0,12,0.0
2024,70707,urbana,25,mujer,0,14,0.0
2024,70707,urbana,26,hombre,1,22,4.545454545454546
2024,70707,urbana,26,mujer,0,12,0.0
2024,70707,urbana,27,hombre,1,20,5.0
2024,70707,urbana,27,mujer,1,12,8.333333333333334
2024,70707,urbana,28,hombre,1,23,4.3478260869565215
2024,70707,urbana,28,mujer,0,12,0.0
2024,70801,rural,16,hombre,0,12,0.0
2024,70801,rural,16,mujer,1,6,16.666666666666668
2024,70801,rural,17,hombre,1,15,6.666666666666667
2024,70801,rural,17,mujer,1,8,12.5
2024,70801,rural,18,hombre,1,14,7.142857142857143
2024,70801,rural,18,mujer,1,6,16.666666666666668
2024,70801,rural,19,hombre,0,14,0.0
2024,70801,rural,19,mujer,0,6,0.0
2024,70801,rural,20,hombre,2,18,11.11111111111111
2024,70801,rural,20,mujer,0,7,0.0
2024,70801,rural,21,hombre,0,31,0.0
2024,70801,rural,21,mujer,1,16,6.25
2024,70801,rural,22,hombre,1,28,3.5714285714285716
2024,70801,rural,22,mujer,2,12,16.666666666666668
2024,70801,rural,23,hombre,2,31,6.451612903225806
2024,70801,rural,23,mujer,0,11,0.0
2024,70801,rural,24,hombre,0,22,0.0
2024,70801,rural,24,mujer,0,18,0.0
2024,70801,rural,25,hombre,1,27,3.7037037037037037
2024,70801,rural,25,mujer,1,16,6.25
2024,70801,rural,26,hombre,3,40,7.5
2024,70801,rural,26,mujer,0,11,0.0
2024,70801,rural,27,hombre,2,27,7.407407407407407
2024,70801,rural,27,mujer,2,33,6.0606060606060606
2024,70801,rural,28,hombre,0,43,0.0
2024,70801,rural,28,mujer,1,12,8.333333333333334
2024,70801,urbana,16,hombre,7,27,25.925925925925927
2024,70801,urbana,16,mujer,2,16,12.5
2024,70801,urbana,17,hombre,5,30,16.666666666666668
2024,70801,urbana,17,mujer,4,19,21.05263157894737
2024,70801,urbana,18,hombre,2,45,4.444444444444445
2024,70801,urbana,18,mujer,2,33,6.0606060606060606
2024,70801,urbana,19,hombre,4,37,10.81081081081081
2024,70801,urbana,19,mujer,3,23,13.043478260869565
2024,70801,urbana,20,hombre,4,48,8.333333333333334
2024,70801,urbana,20,mujer,3,44,6.818181818181818
2024,70801,urbana,21,hombre,6,52,11.538461538461538
2024,70801,urbana,21,mujer,3,48,6.25
2024,70801,urbana,22,hombre,1,44,2.272727272727273
2024,70801,urbana,22,mujer,4,42,9.523809523809524
2024,70801,urbana,23,hombre,3,65,4.615384615384615
2024,70801,urbana,23,mujer,3,49,6.122448979591836
2024,70801,urbana,24,hombre,1,63,1.5873015873015872
2024,70801,urbana,24,mujer,4,48,8.333333333333334
2024,70801,urbana,25,hombre,1,75,1.3333333333333333
2024,70801,urbana,25,mujer,1,49,2.0408163265306123
2024,70801,urbana,26,hombre,2,64,3.125
2024,70801,urbana,26,mujer,0,59,0.0
2024,70801,urbana,27,hombre,1,75,1.3333333333333333
2024,70801,urbana,27,mujer,1,55,1.8181818181818181
2024,70801,urbana,28,hombre,4,54,7.407407407407407
2024,70801,urbana,28,mujer,2,40,5.0
2024,70802,rural,16,hombre,0,5,0.0
2024,70802,rural,16,mujer,1,2,50.0
2024,70802,rural,17,hombre,2,3,66.66666666666667
2024,70802,rural,17,mujer,1,2,50.0
2024,70802,rural,18,hombre,0,6,0.0
2024,70802,rural,18,mujer,0,5,0.0
2024,70802,rural,19,hombre,2,15,13.333333333333334
2024,70802,rural,19,mujer,1,5,20.0
2024,70802,rural,20,hombre,0,8,0.0
2024,70802,rural,20,mujer,0,5,0.0
2024,70802,rural,21,hombre,1,5,20.0
2024,70802,rural,21,mujer,0,2,0.0
2024,70802,rural,22,hombre,0,10,0.0
2024,70802,rural,22,mujer,2,8,25.0
2024,70802,rural,23,hombre,1,12,8.333333333333334
2024,70802,rural,23,mujer,1,6,16.666666666666668
2024,70802,rural,24,hombre,0,10,0.0
2024,70802,rural,24,mujer,0,5,0.0
2024,70802,rural,25,hombre,0,8,0.0
2024,70802,rural,25,mujer,1,12,8.333333333333334
2024,70802,rural,26,hombre,0,14,0.0
2024,70802,rural,26,mujer,1,13,7.6923076923076925
2024,70802,rural,27,hombre,0,19,0.0
2024,70802,rural,27,mujer,1,8,12.5
2024,70802,rural,28,hombre,0,11,0.0
2024,70802,rural,28,mujer,0,9,0.0
2024,70803,rural,16,hombre,1,11,9.090909090909092
2024,70803,rural,16,mujer,1,6,16.666666666666668
2024,70803,rural,17,hombre,3,14,21.428571428571427
2024,70803,rural,17,mujer,2,5,40.0
2024,70803,rural,18,hombre,0,7,0.0
2024,70803,rural,18,mujer,0,3,0.0
2024,70803,rural,19,hombre,1,11,9.090909090909092
2024,70803,rural,19,mujer,0,3,0.0
2024,70803,rural,20,hombre,2,15,13.333333333333334
2024,70803,rural,20,mujer,0,10,0.0
2024,70803,rural,21,hombre,0,11,0.0
2024,70803,rural,21,mujer,0,7,0.0
2024,70803,rural,22,hombre,0,17,0.0
2024,70803,rural,22,mujer,0,9,0.0
2024,70803,rural,23,hombre,0,19,0.0
2024,70803,rural,23,mujer,4,21,19.047619047619047
2024,70803,rural,24,hombre,0,18,0.0
2024,70803,rural,24,mujer,0,9,0.0
2024,70803,rural,25,hombre,1,18,5.555555555555555
2024,70803,rural,25,mujer,0,11,0.0
2024,70803,rural,26,hombre,1,19,5.2631578947368425
2024,70803,rural,26,mujer,0,11,0.0
2024,70803,rural,27,hombre,0,21,0.0
2024,70803,rural,27,mujer,2,15,13.333333333333334
2024,70803,rural,28,hombre,1,14,7.142857142857143
2024,70803,rural,28,mujer,1,8,12.5
2024,70804,rural,16,hombre,1,3,33.333333333333336
2024,70804,rural,16,mujer,1,3,33.333333333333336
2024,70804,rural,17,hombre,1,4,25.0
2024,70804,rural,17,mujer,0,1,0.0
2024,70804,rural,18,hombre,0,5,0.0
2024,70804,rural,18,mujer,0,2,0.0
2024,70804,rural,19,hombre,0,3,0.0
2024,70804,rural,19,mujer,0,3,0.0
2024,70804,rural,20,hombre,0,5,0.0
2024,70804,rural,20,mujer,0,1,0.0
2024,70804,rural,21,hombre,1,3,33.333333333333336
2024,70804,rural,21,mujer,0,2,0.0
2024,70804,rural,22,hombre,1,8,12.5
2024,70804,rural,22,mujer,0,3,0.0
2024,70804,rural,23,hombre,0,5,0.0
2024,70804,rural,23,mujer,0,11,0.0
2024,70804,rural,24,hombre,0,8,0.0
2024,70804,rural,24,mujer,2,7,28.571428571428573
2024,70804,rural,25,hombre,0,14,0.0
2024,70804,rural,25,mujer,1,6,16.666666666666668
2024,70804,rural,26,hombre,0,8,0.0
2024,70804,rural,26,mujer,1,3,33.333333333333336
2024,70804,rural,27,hombre,0,12,0.0
2024,70804,rural,27,mujer,0,3,0.0
2024,70804,rural,28,hombre,0,11,0.0
2024,70804,rural,28,mujer,1,4,25.0
2024,70805,rural,16,hombre,0,1,0.0
2024,70805,rural,17,hombre,0,5,0.0
2024,70805,rural,17,mujer,0,3,0.0
2024,70805,rural,18,hombre,0,5,0.0
2024,70805,rural,19,hombre,1,7,14.285714285714286
2024,70805,rural,19,mujer,0,4,0.0
2024,70805,rural,20,hombre,0,8,0.0
2024,70805,rural,20,mujer,0,3,0.0
2024,70805,rural,21,hombre,0,6,0.0
2024,70805,rural,21,mujer,0,3,0.0
2024,70805,rural,22,hombre,1,9,11.11111111111111
2024,70805,rural,22,mujer,0,1,0.0
2024,70805,rural,23,hombre,1,8,12.5
2024,70805,rural,23,mujer,1,5,20.0
2024,70805,rural,24,hombre,1,15,6.666666666666667
2024,70805,rural,24,mujer,0,5,0.0
2024,70805,rural,25,hombre,1,14,7.142857142857143
2024,70805,rural,25,mujer,0,5,0.0
2024,70805,rural,26,hombre,1,6,16.666666666666668
2024,70805,rural,26,mujer,0,3,0.0
2024,70805,rural,27,hombre,0,10,0.0
2024,70805,rural,27,mujer,1,5,20.0
2024,70805,rural,28,hombre,0,11,0.0
2024,70805,rural,28,mujer,0,5,0.0
2024,70901,rural,16,hombre,4,32,12.5
2024,70901,rural,16,mujer,1,6,16.666666666666668
2024,70901,rural,17,hombre,12,36,33.333333333333336
2024,70901,rural,17,mujer,3,17,17.647058823529413
2024,70901,rural,18,hombre,2,27,7.407407407407407
2024,70901,rural,18,mujer,0,10,0.0
2024,70901,rural,19,hombre,1,28,3.5714285714285716
2024,70901,rural,19,mujer,0,8,0.0
2024,70901,rural,20,hombre,0,27,0.0
2024,70901,rural,20,mujer,1,22,4.545454545454546
2024,70901,rural,21,hombre,1,36,2.7777777777777777
2024,70901,rural,21,mujer,0,18,0.0
2024,70901,rural,22,hombre,1,36,2.7777777777777777
2024,70901,rural,22,mujer,1,18,5.555555555555555
2024,70901,rural,23,hombre,0,36,0.0
2024,70901,rural,23,mujer,0,25,0.0
2024,70901,rural,24,hombre,1,35,2.857142857142857
2024,70901,rural,24,mujer,0,25,0.0
2024,70901,rural,25,hombre,1,30,3.3333333333333335
2024,70901,rural,25,mujer,0,22,0.0
2024,70901,rural,26,hombre,0,50,0.0
2024,70901,rural,26,mujer,0,21,0.0
2024,70901,rural,27,hombre,1,40,2.5
2024,70901,rural,27,mujer,2,27,7.407407407407407
2024,70901,rural,28,hombre,0,39,0.0
2024,70901,rural,28,mujer,0,27,0.0
2024,70901,urbana,16,hombre,3,19,15.789473684210526
2024,70901,urbana,16,mujer,1,10,10.0
2024,70901,urbana,17,hombre,4,25,16.0
2024,70901,urbana,17,mujer,4,8,50.0
2024,70901,urbana,18,hombre,4,21,19.047619047619047
2024,70901,urbana,18,mujer,1,12,8.333333333333334
2024,70901,urbana,19,hombre,1,24,4.166666666666667
2024,70901,urbana,19,mujer,3,16,18.75
2024,70901,urbana,20,hombre,2,28,7.142857142857143
2024,70901,urbana,20,mujer,1,15,6.666666666666667
2024,70901,urbana,21,hombre,2,30,6.666666666666667
2024,70901,urbana,21,mujer,0,18,0.0
2024,70901,urbana,22,hombre,1,20,5.0
2024,70901,urbana,22,mujer,1,20,5.0
2024,70901,urbana,23,hombre,1,24,4.166666666666667
2024,70901,urbana,23,mujer,2,27,7.407407407407407
2024,70901,urbana,24,hombre,1,23,4.3478260869565215
2024,70901,urbana,24,mujer,5,29,17.24137931034483
2024,70901,urbana,25,hombre,0,28,0.0
2024,70901,urbana,25,mujer,2,38,5.2631578947368425
2024,70901,urbana,26,hombre,0,32,0.0
2024,70901,urbana,26,mujer,2,31,6.451612903225806
2024,70901,urbana,27,hombre,0,36,0.0
2024,70901,urbana,27,mujer,3,28,10.714285714285714
2024,70901,urbana,28,hombre,1,33,3.0303030303030303
2024,70901,urbana,28,mujer,2,39,5.128205128205129
2024,70902,rural,16,hombre,3,23,13.043478260869565
2024,70902,rural,16,mujer,0,16,0.0
2024,70902,rural,17,hombre,4,26,15.384615384615385
2024,70902,rural,17,mujer,3,12,25.0
2024,70902,rural,18,hombre,2,30,6.666666666666667
2024,70902,rural,18,mujer,1,14,7.142857142857143
2024,70902,rural,19,hombre,1,18,5.555555555555555
2024,70902,rural,19,mujer,0,7,0.0
2024,70902,rural,20,hombre,3,31,9.67741935483871
2024,70902,rural,20,mujer,0,18,0.0
2024,70902,rural,21,hombre,2,31,6.451612903225806
2024,70902,rural,21,mujer,0,20,0.0
2024,70902,rural,22,hombre,1,32,3.125
2024,70902,rural,22,mujer,2,17,11.764705882352942
2024,70902,rural,23,hombre,3,43,6.976744186046512
2024,70902,rural,23,mujer,0,19,0.0
2024,70902,rural,24,hombre,1,44,2.272727272727273
2024,70902,rural,24,mujer,1,26,3.8461538461538463
2024,70902,rural,25,hombre,0,40,0.0
2024,70902,rural,25,mujer,1,22,4.545454545454546
2024,70902,rural,26,hombre,1,36,2.7777777777777777
2024,70902,rural,26,mujer,1,33,3.0303030303030303
2024,70902,rural,27,hombre,2,40,5.0
2024,70902,rural,27,mujer,2,25,8.0
2024,70902,rural,28,hombre,1,34,2.9411764705882355
2024,70902,rural,28,mujer,1,27,3.7037037037037037
2024,70902,urbana,16,hombre,6,26,23.076923076923077
2024,70902,urbana,16,mujer,3,12,25.0
2024,70902,urbana,17,hombre,5,24,20.833333333333332
2024,70902,urbana,17,mujer,3,10,30.0
2024,70902,urbana,18,hombre,2,17,11.764705882352942
2024,70902,urbana,18,mujer,2,9,22.22222222222222
2024,70902,urbana,19,hombre,1,16,6.25
2024,70902,urbana,19,mujer,1,12,8.333333333333334
2024,70902,urbana,20,hombre,0,19,0.0
2024,70902,urbana,20,mujer,2,12,16.666666666666668
2024,70902,urbana,21,hombre,0,15,0.0
2024,70902,urbana,21,mujer,2,25,8.0
2024,70902,urbana,22,hombre,1,27,3.7037037037037037
2024,70902,urbana,22,mujer,1,20,5.0
2024,70902,urbana,23,hombre,0,22,0.0
2024,70902,urbana,23,mujer,0,12,0.0
2024,70902,urbana,24,hombre,1,25,4.0
2024,70902,urbana,24,mujer,4,26,15.384615384615385
2024,70902,urbana,25,hombre,1,30,3.3333333333333335
2024,70902,urbana,25,mujer,0,15,0.0
2024,70902,urbana,26,hombre,0,27,0.0
2024,70902,urbana,26,mujer,0,12,0.0
2024,70902,urbana,27,hombre,1,29,3.4482758620689653
2024,70902,urbana,27,mujer,1,20,5.0
2024,70902,urbana,28,hombre,0,22,0.0
2024,70902,urbana,28,mujer,1,18,5.555555555555555
2024,70903,rural,16,hombre,3,21,14.285714285714286
2024,70903,rural,16,mujer,0,4,0.0
2024,70903,rural,17,hombre,6,45,13.333333333333334
2024,70903,rural,17,mujer,2,11,18.181818181818183
2024,70903,rural,18,hombre,0,22,0.0
2024,70903,rural,18,mujer,3,13,23.076923076923077
2024,70903,rural,19,hombre,2,22,9.090909090909092
2024,70903,rural,19,mujer,0,15,0.0
2024,70903,rural,20,hombre,0,33,0.0
2024,70903,rural,20,mujer,1,12,8.333333333333334
2024,70903,rural,21,hombre,0,30,0.0
2024,70903,rural,21,mujer,1,16,6.25
2024,70903,rural,22,hombre,1,33,3.0303030303030303
2024,70903,rural,22,mujer,0,13,0.0
2024,70903,rural,23,hombre,2,24,8.333333333333334
2024,70903,rural,23,mujer,0,15,0.0
2024,70903,rural,24,hombre,1,33,3.0303030303030303
2024,70903,rural,24,mujer,0,19,0.0
2024,70903,rural,25,hombre,2,37,5.405405405405405
2024,70903,rural,25,mujer,0,26,0.0
2024,70903,rural,26,hombre,1,55,1.8181818181818181
2024,70903,rural,26,mujer,0,21,0.0
2024,70903,rural,27,hombre,0,34,0.0
2024,70903,rural,27,mujer,0,21,0.0
2024,70903,rural,28,hombre,0,43,0.0
2024,70903,rural,28,mujer,0,24,0.0
2024,70903,urbana,16,hombre,10,40,25.0
2024,70903,urbana,16,mujer,2,13,15.384615384615385
2024,70903,urbana,17,hombre,11,49,22.448979591836736
2024,70903,urbana,17,mujer,3,24,12.5
2024,70903,urbana,18,hombre,3,34,8.823529411764707
2024,70903,urbana,18,mujer,3,30,10.0
2024,70903,urbana,19,hombre,3,32,9.375
2024,70903,urbana,19,mujer,1,26,3.8461538461538463
2024,70903,urbana,20,hombre,6,44,13.636363636363637
2024,70903,urbana,20,mujer,2,32,6.25
2024,70903,urbana,21,hombre,3,51,5.882352941176471
2024,70903,urbana,21,mujer,4,36,11.11111111111111
2024,70903,urbana,22,hombre,3,45,6.666666666666667
2024,70903,urbana,22,mujer,2,33,6.0606060606060606
2024,70903,urbana,23,hombre,2,61,3.278688524590164
2024,70903,urbana,23,mujer,0,34,0.0
2024,70903,urbana,24,hombre,5,59,8.474576271186441
2024,70903,urbana,24,mujer,3,43,6.976744186046512
2024,70903,urbana,25,hombre,2,57,3.508771929824561
2024,70903,urbana,25,mujer,2,36,5.555555555555555
2024,70903,urbana,26,hombre,2,57,3.508771929824561
2024,70903,urbana,26,mujer,2,39,5.128205128205129
2024,70903,urbana,27,hombre,0,58,0.0
2024,70903,urbana,27,mujer,1,61,1.639344262295082
2024,70903,urbana,28,hombre,0,54,0.0
2024,70903,urbana,28,mujer,0,36,0.0
2024,70904,rural,16,hombre,0,5,0.0
2024,70904,rural,16,mujer,0,2,0.0
2024,70904,rural,17,hombre,0,4,0.0
2024,70904,rural,17,mujer,0,1,0.0
2024,70904,rural,18,hombre,1,9,11.11111111111111
2024,70904,rural,19,hombre,1,14,7.142857142857143
2024,70904,rural,19,mujer,0,4,0.0
2024,70904,rural,20,hombre,0,15,0.0
2024,70904,rural,20,mujer,0,5,0.0
2024,70904,rural,21,hombre,0,12,0.0
2024,70904,rural,21,mujer,0,6,0.0
2024,70904,rural,22,hombre,2,12,16.666666666666668
2024,70904,rural,22,mujer,0,6,0.0
2024,70904,rural,23,hombre,2,20,10.0
2024,70904,rural,23,mujer,1,7,14.285714285714286
2024,70904,rural,24,hombre,1,23,4.3478260869565215
2024,70904,rural,24,mujer,1,18,5.555555555555555
2024,70904,rural,25,hombre,1,17,5.882352941176471
2024,70904,rural,25,mujer,0,17,0.0
2024,70904,rural,26,hombre,0,20,0.0
2024,70904,rural,26,mujer,0,15,0.0
2024,70904,rural,27,hombre,0,23,0.0
2024,70904,rural,27,mujer,1,19,5.2631578947368425
2024,70904,rural,28,hombre,0,22,0.0
2024,70904,rural,28,mujer,1,24,4.166666666666667
2024,71001,rural,16,mujer,0,1,0.0
2024,71001,rural,17,hombre,1,6,16.666666666666668
2024,71001,rural,17,mujer,0,1,0.0
2024,71001,rural,18,hombre,0,4,0.0
2024,71001,rural,18,mujer,0,2,0.0
2024,71001,rural,19,hombre,0,7,0.0
2024,71001,rural,19,mujer,0,1,0.0
2024,71001,rural,20,hombre,0,1,0.0
2024,71001,rural,20,mujer,0,1,0.0
2024,71001,rural,21,hombre,0,5,0.0
2024,71001,rural,21,mujer,0,2,0.0
2024,71001,rural,22,hombre,0,4,0.0
2024,71001,rural,22,mujer,0,6,0.0
2024,71001,rural,23,hombre,0,5,0.0
2024,71001,rural,24,hombre,0,3,0.0
2024,71001,rural,24,mujer,1,3,33.333333333333336
2024,71001,rural,25,hombre,0,3,0.0
2024,71001,rural,25,mujer,0,3,0.0
2024,71001,rural,26,hombre,0,9,0.0
2024,71001,rural,27,hombre,0,7,0.0
2024,71001,rural,27,mujer,0,2,0.0
2024,71001,rural,28,hombre,0,2,0.0
2024,71001,rural,28,mujer,0,5,0.0
2024,71001,urbana,16,hombre,54,256,21.09375
2024,71001,urbana,16,mujer,43,182,23.626373626373628
2024,71001,urbana,17,hombre,54,321,16.822429906542055
2024,71001,urbana,17,mujer,33,239,13.807531380753138
2024,71001,urbana,18,hombre,40,446,8.968609865470851
2024,71001,urbana,18,mujer,45,312,14.423076923076923
2024,71001,urbana,19,hombre,53,512,10.3515625
2024,71001,urbana,19,mujer,45,363,12.396694214876034
2024,71001,urbana,20,hombre,36,563,6.394316163410302
2024,71001,urbana,20,mujer,45,437,10.297482837528603
2024,71001,urbana,21,hombre,37,606,6.105610561056106
2024,71001,urbana,21,mujer,36,496,7.258064516129032
2024,71001,urbana,22,hombre,33,660,5.0
2024,71001,urbana,22,mujer,37,522,7.088122605363985
2024,71001,urbana,23,hombre,29,741,3.913630229419703
2024,71001,urbana,23,mujer,32,529,6.049149338374291
2024,71001,urbana,24,hombre,20,819,2.442002442002442
2024,71001,urbana,24,mujer,28,587,4.770017035775128
2024,71001,urbana,25,hombre,29,792,3.6616161616161618
2024,71001,urbana,25,mujer,23,656,3.5060975609756095
2024,71001,urbana,26,hombre,18,792,2.272727272727273
2024,71001,urbana,26,mujer,18,652,2.7607361963190185
2024,71001,urbana,27,hombre,13,863,1.5063731170336037
2024,71001,urbana,27,mujer,18,669,2.690582959641256
2024,71001,urbana,28,hombre,8,847,0.9445100354191264
2024,71001,urbana,28,mujer,21,652,3.2208588957055215
2024,71002,rural,16,hombre,1,23,4.3478260869565215
2024,71002,rural,16,mujer,2,10,20.0
2024,71002,rural,17,hombre,0,24,0.0
2024,71002,rural,17,mujer,0,13,0.0
2024,71002,rural,18,hombre,2,33,6.0606060606060606
2024,71002,rural,18,mujer,0,13,0.0
2024,71002,rural,19,hombre,1,44,2.272727272727273
2024,71002,rural,19,mujer,2,11,18.181818181818183
2024,71002,rural,20,hombre,4,44,9.090909090909092
2024,71002,rural,20,mujer,0,19,0.0
2024,71002,rural,21,hombre,2,55,3.6363636363636362
2024,71002,rural,21,mujer,1,21,4.761904761904762
2024,71002,rural,22,hombre,1,52,1.9230769230769231
2024,71002,rural,22,mujer,1,20,5.0
2024,71002,rural,23,hombre,4,58,6.896551724137931
2024,71002,rural,23,mujer,1,25,4.0
2024,71002,rural,24,hombre,4,73,5.47945205479452
2024,71002,rural,24,mujer,1,32,3.125
2024,71002,rural,25,hombre,1,51,1.9607843137254901
2024,71002,rural,25,mujer,1,29,3.4482758620689653
2024,71002,rural,26,hombre,0,58,0.0
2024,71002,rural,26,mujer,2,27,7.407407407407407
2024,71002,rural,27,hombre,3,58,5.172413793103448
2024,71002,rural,27,mujer,1,19,5.2631578947368425
2024,71002,rural,28,hombre,0,43,0.0
2024,71002,rural,28,mujer,3,31,9.67741935483871
2024,71002,urbana,16,hombre,0,13,0.0
2024,71002,urbana,16,mujer,2,13,15.384615384615385
2024,71002,urbana,17,hombre,2,15,13.333333333333334
2024,71002,urbana,17,mujer,0,3,0.0
2024,71002,urbana,18,hombre,0,8,0.0
2024,71002,urbana,18,mujer,2,14,14.285714285714286
2024,71002,urbana,19,hombre,0,19,0.0
2024,71002,urbana,19,mujer,2,19,10.526315789473685
2024,71002,urbana,20,hombre,1,35,2.857142857142857
2024,71002,urbana,20,mujer,1,22,4.545454545454546
2024,71002,urbana,21,hombre,3,26,11.538461538461538
2024,71002,urbana,21,mujer,2,27,7.407407407407407
2024,71002,urbana,22,hombre,0,47,0.0
2024,71002,urbana,22,mujer,3,25,12.0
2024,71002,urbana,23,hombre,1,52,1.9230769230769231
2024,71002,urbana,23,mujer,1,25,4.0
2024,71002,urbana,24,hombre,2,62,3.225806451612903
2024,71002,urbana,24,mujer,0,20,0.0
2024,71002,urbana,25,hombre,0,49,0.0
2024,71002,urbana,25,mujer,0,26,0.0
2024,71002,urbana,26,hombre,1,54,1.8518518518518519
2024,71002,urbana,26,mujer,1,32,3.125
2024,71002,urbana,27,hombre,3,54,5.555555555555555
2024,71002,urbana,27,mujer,1,28,3.5714285714285716
2024,71002,urbana,28,hombre,0,51,0.0
2024,71002,urbana,28,mujer,1,35,2.857142857142857
2024,71003,rural,16,hombre,1,10,10.0
2024,71003,rural,16,mujer,0,6,0.0
2024,71003,rural,17,hombre,1,17,5.882352941176471
2024,71003,rural,17,mujer,0,8,0.0
2024,71003,rural,18,hombre,0,16,0.0
2024,71003,rural,18,mujer,0,7,0.0
2024,71003,rural,19,hombre,1,28,3.5714285714285716
2024,71003,rural,19,mujer,1,11,9.090909090909092
2024,71003,rural,20,hombre,0,23,0.0
2024,71003,rural,20,mujer,0,14,0.0
2024,71003,rural,21,hombre,1,25,4.0
2024,71003,rural,21,mujer,1,15,6.666666666666667
2024,71003,rural,22,hombre,1,28,3.5714285714285716
2024,71003,rural,22,mujer,0,16,0.0
2024,71003,rural,23,hombre,0,17,0.0
2024,71003,rural,23,mujer,0,8,0.0
2024,71003,rural,24,hombre,0,29,0.0
2024,71003,rural,24,mujer,0,11,0.0
2024,71003,rural,25,hombre,0,25,0.0
2024,71003,rural,25,mujer,1,13,7.6923076923076925
2024,71003,rural,26,hombre,0,28,0.0
2024,71003,rural,26,mujer,0,10,0.0
2024,71003,rural,27,hombre,0,31,0.0
2024,71003,rural,27,mujer,0,8,0.0
2024,71003,rural,28,hombre,0,30,0.0
2024,71003,rural,28,mujer,0,11,0.0
2024,71003,urbana,16,hombre,5,32,15.625
2024,71003,urbana,16,mujer,6,18,33.333333333333336
2024,71003,urbana,17,hombre,3,46,6.521739130434782
2024,71003,urbana,17,mujer,7,34,20.58823529411765
2024,71003,urbana,18,hombre,4,56,7.142857142857143
2024,71003,urbana,18,mujer,5,32,15.625
2024,71003,urbana,19,hombre,6,71,8.450704225352112
2024,71003,urbana,19,mujer,8,46,17.391304347826086
2024,71003,urbana,20,hombre,6,88,6.818181818181818
2024,71003,urbana,20,mujer,3,61,4.918032786885246
2024,71003,urbana,21,hombre,3,82,3.658536585365854
2024,71003,urbana,21,mujer,5,62,8.064516129032258
2024,71003,urbana,22,hombre,6,96,6.25
2024,71003,urbana,22,mujer,2,52,3.8461538461538463
2024,71003,urbana,23,hombre,3,102,2.9411764705882355
2024,71003,urbana,23,mujer,1,55,1.8181818181818181
2024,71003,urbana,24,hombre,4,109,3.669724770642202
2024,71003,urbana,24,mujer,2,74,2.7027027027027026
2024,71003,urbana,25,hombre,4,105,3.8095238095238093
2024,71003,urbana,25,mujer,1,73,1.36986301369863
2024,71003,urbana,26,hombre,4,116,3.4482758620689653
2024,71003,urbana,26,mujer,0,69,0.0
2024,71003,urbana,27,hombre,1,112,0.8928571428571429
2024,71003,urbana,27,mujer,7,83,8.433734939759036
2024,71003,urbana,28,hombre,2,103,1.941747572815534
2024,71003,urbana,28,mujer,2,91,2.197802197802198
2024,71004,rural,16,hombre,2,13,15.384615384615385
2024,71004,rural,16,mujer,1,3,33.333333333333336
2024,71004,rural,17,hombre,3,18,16.666666666666668
2024,71004,rural,17,mujer,0,2,0.0
2024,71004,rural,18,hombre,1,15,6.666666666666667
2024,71004,rural,18,mujer,0,2,0.0
2024,71004,rural,19,hombre,0,27,0.0
2024,71004,rural,19,mujer,0,12,0.0
2024,71004,rural,20,hombre,0,23,0.0
2024,71004,rural,20,mujer,0,5,0.0
2024,71004,rural,21,hombre,0,34,0.0
2024,71004,rural,21,mujer,0,7,0.0
2024,71004,rural,22,hombre,0,48,0.0
2024,71004,rural,22,mujer,0,13,0.0
2024,71004,rural,23,hombre,0,56,0.0
2024,71004,rural,23,mujer,0,9,0.0
2024,71004,rural,24,hombre,0,67,0.0
2024,71004,rural,24,mujer,0,12,0.0
2024,71004,rural,25,hombre,0,71,0.0
2024,71004,rural,25,mujer,0,12,0.0
2024,71004,rural,26,hombre,0,58,0.0
2024,71004,rural,26,mujer,0,15,0.0
2024,71004,rural,27,hombre,0,56,0.0
2024,71004,rural,27,mujer,0,13,0.0
2024,71004,rural,28,hombre,0,94,0.0
2024,71004,rural,28,mujer,0,11,0.0
2024,71004,urbana,16,hombre,2,27,7.407407407407407
2024,71004,urbana,16,mujer,1,9,11.11111111111111
2024,71004,urbana,17,hombre,5,50,10.0
2024,71004,urbana,17,mujer,3,17,17.647058823529413
2024,71004,urbana,18,hombre,3,60,5.0
2024,71004,urbana,18,mujer,2,17,11.764705882352942
2024,71004,urbana,19,hombre,9,40,22.5
2024,71004,urbana,19,mujer,3,29,10.344827586206897
2024,71004,urbana,20,hombre,3,60,5.0
2024,71004,urbana,20,mujer,1,23,4.3478260869565215
2024,71004,urbana,21,hombre,4,46,8.695652173913043
2024,71004,urbana,21,mujer,2,34,5.882352941176471
2024,71004,urbana,22,hombre,3,68,4.411764705882353
2024,71004,urbana,22,mujer,3,37,8.108108108108109
2024,71004,urbana,23,hombre,1,62,1.6129032258064515
2024,71004,urbana,23,mujer,3,27,11.11111111111111
2024,71004,urbana,24,hombre,2,79,2.5316455696202533
2024,71004,urbana,24,mujer,4,43,9.30232558139535
2024,71004,urbana,25,hombre,0,82,0.0
2024,71004,urbana,25,mujer,2,42,4.761904761904762
2024,71004,urbana,26,hombre,2,62,3.225806451612903
2024,71004,urbana,26,mujer,0,61,0.0
2024,71004,urbana,27,hombre,1,71,1.408450704225352
2024,71004,urbana,27,mujer,0,38,0.0
2024,71004,urbana,28,hombre,0,71,0.0
2024,71004,urbana,28,mujer,4,57,7.017543859649122
2024,71005,rural,16,hombre,1,25,4.0
2024,71005,rural,16,mujer,3,7,42.857142857142854
2024,71005,rural,17,hombre,3,23,13.043478260869565
2024,71005,rural,17,mujer,3,7,42.857142857142854
2024,71005,rural,18,hombre,4,34,11.764705882352942
2024,71005,rural,18,mujer,3,12,25.0
2024,71005,rural,19,hombre,4,32,12.5
2024,71005,rural,19,mujer,2,18,11.11111111111111
2024,71005,rural,20,hombre,2,35,5.714285714285714
2024,71005,rural,20,mujer,3,19,15.789473684210526
2024,71005,rural,21,hombre,4,48,8.333333333333334
2024,71005,rural,21,mujer,3,15,20.0
2024,71005,rural,22,hombre,3,60,5.0
2024,71005,rural,22,mujer,4,26,15.384615384615385
2024,71005,rural,23,hombre,2,61,3.278688524590164
2024,71005,rural,23,mujer,0,16,0.0
2024,71005,rural,24,hombre,1,84,1.1904761904761905
2024,71005,rural,24,mujer,3,31,9.67741935483871
2024,71005,rural,25,hombre,1,52,1.9230769230769231
2024,71005,rural,25,mujer,1,21,4.761904761904762
2024,71005,rural,26,hombre,0,63,0.0
2024,71005,rural,26,mujer,0,30,0.0
2024,71005,rural,27,hombre,2,76,2.6315789473684212
2024,71005,rural,27,mujer,1,28,3.5714285714285716
2024,71005,rural,28,hombre,0,70,0.0
2024,71005,rural,28,mujer,0,22,0.0
2024,71005,urbana,16,hombre,5,22,22.727272727272727
2024,71005,urbana,16,mujer,3,11,27.272727272727273
2024,71005,urbana,17,hombre,4,19,21.05263157894737
2024,71005,urbana,17,mujer,4,15,26.666666666666668
2024,71005,urbana,18,hombre,5,29,17.24137931034483
2024,71005,urbana,18,mujer,3,14,21.428571428571427
2024,71005,urbana,19,hombre,2,35,5.714285714285714
2024,71005,urbana,19,mujer,2,17,11.764705882352942
2024,71005,urbana,20,hombre,4,50,8.0
2024,71005,urbana,20,mujer,3,35,8.571428571428571
2024,71005,urbana,21,hombre,4,44,9.090909090909092
2024,71005,urbana,21,mujer,3,31,9.67741935483871
2024,71005,urbana,22,hombre,3,53,5.660377358490566
2024,71005,urbana,22,mujer,1,32,3.125
2024,71005,urbana,23,hombre,4,39,10.256410256410257
2024,71005,urbana,23,mujer,1,33,3.0303030303030303
2024,71005,urbana,24,hombre,3,76,3.9473684210526314
2024,71005,urbana,24,mujer,2,35,5.714285714285714
2024,71005,urbana,25,hombre,0,55,0.0
2024,71005,urbana,25,mujer,3,45,6.666666666666667
2024,71005,urbana,26,hombre,2,73,2.73972602739726
2024,71005,urbana,26,mujer,1,40,2.5
2024,71005,urbana,27,hombre,2,62,3.225806451612903
2024,71005,urbana,27,mujer,1,36,2.7777777777777777
2024,71005,urbana,28,hombre,0,78,0.0
2024,71005,urbana,28,mujer,3,36,8.333333333333334
2024,71101,rural,16,hombre,3,25,12.0
2024,71101,rural,16,mujer,3,13,23.076923076923077
2024,71101,rural,17,hombre,7,48,14.583333333333334
2024,71101,rural,17,mujer,4,22,18.181818181818183
2024,71101,rural,18,hombre,5,58,8.620689655172415
2024,71101,rural,18,mujer,1,15,6.666666666666667
2024,71101,rural,19,hombre,4,72,5.555555555555555
2024,71101,rural,19,mujer,5,34,14.705882352941176
2024,71101,rural,20,hombre,2,81,2.4691358024691357
2024,71101,rural,20,mujer,3,36,8.333333333333334
2024,71101,rural,21,hombre,7,107,6.542056074766355
2024,71101,rural,21,mujer,0,30,0.0
2024,71101,rural,22,hombre,6,103,5.825242718446602
2024,71101,rural,22,mujer,0,29,0.0
2024,71101,rural,23,hombre,6,123,4.878048780487805
2024,71101,rural,23,mujer,2,24,8.333333333333334
2024,71101,rural,24,hombre,4,131,3.053435114503817
2024,71101,rural,24,mujer,2,55,3.6363636363636362
2024,71101,rural,25,hombre,7,114,6.140350877192983
2024,71101,rural,25,mujer,4,57,7.017543859649122
2024,71101,rural,26,hombre,3,133,2.255639097744361
2024,71101,rural,26,mujer,3,47,6.382978723404255
2024,71101,rural,27,hombre,6,156,3.8461538461538463
2024,71101,rural,27,mujer,4,50,8.0
2024,71101,rural,28,hombre,5,119,4.201680672268908
2024,71101,rural,28,mujer,2,47,4.25531914893617
2024,71101,urbana,16,hombre,7,41,17.073170731707318
2024,71101,urbana,16,mujer,4,27,14.814814814814815
2024,71101,urbana,17,hombre,6,53,11.320754716981131
2024,71101,urbana,17,mujer,5,34,14.705882352941176
2024,71101,urbana,18,hombre,4,52,7.6923076923076925
2024,71101,urbana,18,mujer,2,25,8.0
2024,71101,urbana,19,hombre,4,76,5.2631578947368425
2024,71101,urbana,19,mujer,5,46,10.869565217391305
2024,71101,urbana,20,hombre,4,69,5.797101449275362
2024,71101,urbana,20,mujer,3,35,8.571428571428571
2024,71101,urbana,21,hombre,3,86,3.488372093023256
2024,71101,urbana,21,mujer,0,50,0.0
2024,71101,urbana,22,hombre,1,104,0.9615384615384616
2024,71101,urbana,22,mujer,0,43,0.0
2024,71101,urbana,23,hombre,1,99,1.0101010101010102
2024,71101,urbana,23,mujer,2,63,3.1746031746031744
2024,71101,urbana,24,hombre,3,119,2.5210084033613445
2024,71101,urbana,24,mujer,5,62,8.064516129032258
2024,71101,urbana,25,hombre,3,105,2.857142857142857
2024,71101,urbana,25,mujer,1,68,1.4705882352941178
2024,71101,urbana,26,hombre,0,101,0.0
2024,71101,urbana,26,mujer,2,58,3.4482758620689653
2024,71101,urbana,27,hombre,1,103,0.970873786407767
2024,71101,urbana,27,mujer,2,87,2.2988505747126435
2024,71101,urbana,28,hombre,1,109,0.9174311926605505
2024,71101,urbana,28,mujer,1,67,1.492537313432836
2024,71102,rural,16,hombre,0,15,0.0
2024,71102,rural,16,mujer,1,2,50.0
2024,71102,rural,17,hombre,2,22,9.090909090909092
2024,71102,rural,17,mujer,2,7,28.571428571428573
2024,71102,rural,18,hombre,0,28,0.0
2024,71102,rural,18,mujer,0,9,0.0
2024,71102,rural,19,hombre,0,28,0.0
2024,71102,rural,19,mujer,1,9,11.11111111111111
2024,71102,rural,20,hombre,1,32,3.125
2024,71102,rural,20,mujer,2,11,18.181818181818183
2024,71102,rural,21,hombre,1,33,3.0303030303030303
2024,71102,rural,21,mujer,1,12,8.333333333333334
2024,71102,rural,22,hombre,0,45,0.0
2024,71102,rural,22,mujer,0,15,0.0
2024,71102,rural,23,hombre,0,39,0.0
2024,71102,rural,23,mujer,1,18,5.555555555555555
2024,71102,rural,24,hombre,2,62,3.225806451612903
2024,71102,rural,24,mujer,2,17,11.764705882352942
2024,71102,rural,25,hombre,1,51,1.9607843137254901
2024,71102,rural,25,mujer,1,14,7.142857142857143
2024,71102,rural,26,hombre,1,49,2.0408163265306123
2024,71102,rural,26,mujer,2,19,10.526315789473685
2024,71102,rural,27,hombre,0,39,0.0
2024,71102,rural,27,mujer,0,17,0.0
2024,71102,rural,28,hombre,0,52,0.0
2024,71102,rural,28,mujer,0,22,0.0
2024,71102,urbana,16,hombre,6,22,27.272727272727273
2024,71102,urbana,16,mujer,6,11,54.54545454545455
2024,71102,urbana,17,hombre,1,15,6.666666666666667
2024,71102,urbana,17,mujer,5,15,33.333333333333336
2024,71102,urbana,18,hombre,6,35,17.142857142857142
2024,71102,urbana,18,mujer,2,18,11.11111111111111
2024,71102,urbana,19,hombre,0,22,0.0
2024,71102,urbana,19,mujer,2,18,11.11111111111111
2024,71102,urbana,20,hombre,1,25,4.0
2024,71102,urbana,20,mujer,1,15,6.666666666666667
2024,71102,urbana,21,hombre,2,42,4.761904761904762
2024,71102,urbana,21,mujer,5,20,25.0
2024,71102,urbana,22,hombre,2,52,3.8461538461538463
2024,71102,urbana,22,mujer,2,22,9.090909090909092
2024,71102,urbana,23,hombre,1,41,2.4390243902439024
2024,71102,urbana,23,mujer,1,24,4.166666666666667
2024,71102,urbana,24,hombre,1,48,2.0833333333333335
2024,71102,urbana,24,mujer,1,44,2.272727272727273
2024,71102,urbana,25,hombre,0,33,0.0
2024,71102,urbana,25,mujer,2,23,8.695652173913043
2024,71102,urbana,26,hombre,1,34,2.9411764705882355
2024,71102,urbana,26,mujer,1,28,3.5714285714285716
2024,71102,urbana,27,hombre,0,48,0.0
2024,71102,urbana,27,mujer,0,28,0.0
2024,71102,urbana,28,hombre,1,31,3.225806451612903
2024,71102,urbana,28,mujer,1,40,2.5
2024,71103,rural,16,hombre,21,78,26.923076923076923
2024,71103,rural,16,mujer,10,19,52.63157894736842
2024,71103,rural,17,hombre,18,76,23.68421052631579
2024,71103,rural,17,mujer,5,35,14.285714285714286
2024,71103,rural,18,hombre,12,84,14.285714285714286
2024,71103,rural,18,mujer,9,59,15.254237288135593
2024,71103,rural,19,hombre,9,98,9.183673469387756
2024,71103,rural,19,mujer,8,54,14.814814814814815
2024,71103,rural,20,hombre,14,134,10.447761194029852
2024,71103,rural,20,mujer,4,61,6.557377049180328
2024,71103,rural,21,hombre,8,134,5.970149253731344
2024,71103,rural,21,mujer,5,66,7.575757575757576
2024,71103,rural,22,hombre,13,138,9.420289855072463
2024,71103,rural,22,mujer,4,65,6.153846153846154
2024,71103,rural,23,hombre,10,164,6.097560975609756
2024,71103,rural,23,mujer,1,74,1.3513513513513513
2024,71103,rural,24,hombre,4,176,2.272727272727273
2024,71103,rural,24,mujer,3,93,3.225806451612903
2024,71103,rural,25,hombre,11,152,7.2368421052631575
2024,71103,rural,25,mujer,4,80,5.0
2024,71103,rural,26,hombre,13,164,7.926829268292683
2024,71103,rural,26,mujer,6,68,8.823529411764707
2024,71103,rural,27,hombre,6,149,4.026845637583893
2024,71103,rural,27,mujer,7,78,8.974358974358974
2024,71103,rural,28,hombre,3,139,2.158273381294964
2024,71103,rural,28,mujer,1,74,1.3513513513513513
2024,71103,urbana,16,hombre,22,95,23.157894736842106
2024,71103,urbana,16,mujer,14,64,21.875
2024,71103,urbana,17,hombre,11,93,11.827956989247312
2024,71103,urbana,17,mujer,13,66,19.696969696969695
2024,71103,urbana,18,hombre,10,103,9.70873786407767
2024,71103,urbana,18,mujer,16,103,15.533980582524272
2024,71103,urbana,19,hombre,12,112,10.714285714285714
2024,71103,urbana,19,mujer,8,103,7.766990291262136
2024,71103,urbana,20,hombre,9,106,8.49056603773585
2024,71103,urbana,20,mujer,8,112,7.142857142857143
2024,71103,urbana,21,hombre,15,137,10.94890510948905
2024,71103,urbana,21,mujer,7,121,5.785123966942149
2024,71103,urbana,22,hombre,3,139,2.158273381294964
2024,71103,urbana,22,mujer,6,114,5.2631578947368425
2024,71103,urbana,23,hombre,11,171,6.432748538011696
2024,71103,urbana,23,mujer,5,120,4.166666666666667
2024,71103,urbana,24,hombre,14,200,7.0
2024,71103,urbana,24,mujer,9,145,6.206896551724138
2024,71103,urbana,25,hombre,10,157,6.369426751592357
2024,71103,urbana,25,mujer,6,119,5.042016806722689
2024,71103,urbana,26,hombre,5,148,3.3783783783783785
2024,71103,urbana,26,mujer,6,127,4.724409448818897
2024,71103,urbana,27,hombre,3,164,1.829268292682927
2024,71103,urbana,27,mujer,8,167,4.790419161676646
2024,71103,urbana,28,hombre,1,154,0.6493506493506493
2024,71103,urbana,28,mujer,4,151,2.6490066225165565
2024,71104,rural,16,hombre,1,7,14.285714285714286
2024,71104,rural,16,mujer,1,3,33.333333333333336
2024,71104,rural,17,hombre,1,17,5.882352941176471
2024,71104,rural,17,mujer,2,5,40.0
2024,71104,rural,18,hombre,1,15,6.666666666666667
2024,71104,rural,18,mujer,0,16,0.0
2024,71104,rural,19,hombre,1,16,6.25
2024,71104,rural,19,mujer,0,11,0.0
2024,71104,rural,20,hombre,2,23,8.695652173913043
2024,71104,rural,20,mujer,0,10,0.0
2024,71104,rural,21,hombre,0,27,0.0
2024,71104,rural,21,mujer,0,6,0.0
2024,71104,rural,22,hombre,1,23,4.3478260869565215
2024,71104,rural,22,mujer,2,22,9.090909090909092
2024,71104,rural,23,hombre,0,19,0.0
2024,71104,rural,23,mujer,0,18,0.0
2024,71104,rural,24,hombre,1,25,4.0
2024,71104,rural,24,mujer,0,22,0.0
2024,71104,rural,25,hombre,0,40,0.0
2024,71104,rural,25,mujer,0,21,0.0
2024,71104,rural,26,hombre,1,33,3.0303030303030303
2024,71104,rural,26,mujer,0,14,0.0
2024,71104,rural,27,hombre,0,20,0.0
2024,71104,rural,27,mujer,1,24,4.166666666666667
2024,71104,rural,28,hombre,1,30,3.3333333333333335
2024,71104,rural,28,mujer,0,14,0.0
2024,71105,rural,16,hombre,0,2,0.0
2024,71105,rural,16,mujer,0,2,0.0
2024,71105,rural,17,hombre,1,2,50.0
2024,71105,rural,17,mujer,0,1,0.0
2024,71105,rural,18,hombre,0,4,0.0
2024,71105,rural,18,mujer,0,1,0.0
2024,71105,rural,19,hombre,0,6,0.0
2024,71105,rural,19,mujer,2,2,100.0
2024,71105,rural,20,hombre,0,4,0.0
2024,71105,rural,20,mujer,0,4,0.0
2024,71105,rural,21,hombre,1,6,16.666666666666668
2024,71105,rural,21,mujer,2,3,66.66666666666667
2024,71105,rural,22,hombre,0,5,0.0
2024,71105,rural,22,mujer,0,2,0.0
2024,71105,rural,23,hombre,2,5,40.0
2024,71105,rural,23,mujer,0,3,0.0
2024,71105,rural,24,hombre,0,11,0.0
2024,71105,rural,24,mujer,1,5,20.0
2024,71105,rural,25,hombre,0,9,0.0
2024,71105,rural,25,mujer,0,4,0.0
2024,71105,rural,26,hombre,1,8,12.5
2024,71105,rural,26,mujer,0,1,0.0
2024,71105,rural,27,hombre,1,9,11.11111111111111
2024,71105,rural,27,mujer,1,5,20.0
2024,71105,rural,28,hombre,1,5,20.0
2024,71105,rural,28,mujer,0,4,0.0
2024,71105,urbana,16,hombre,1,14,7.142857142857143
2024,71105,urbana,16,mujer,2,7,28.571428571428573
2024,71105,urbana,17,hombre,2,21,9.523809523809524
2024,71105,urbana,17,mujer,3,9,33.333333333333336
2024,71105,urbana,18,hombre,4,24,16.666666666666668
2024,71105,urbana,18,mujer,0,16,0.0
2024,71105,urbana,19,hombre,3,24,12.5
2024,71105,urbana,19,mujer,3,20,15.0
2024,71105,urbana,20,hombre,2,27,7.407407407407407
2024,71105,urbana,20,mujer,2,18,11.11111111111111
2024,71105,urbana,21,hombre,0,28,0.0
2024,71105,urbana,21,mujer,2,18,11.11111111111111
2024,71105,urbana,22,hombre,0,33,0.0
2024,71105,urbana,22,mujer,0,20,0.0
2024,71105,urbana,23,hombre,1,58,1.7241379310344827
2024,71105,urbana,23,mujer,1,20,5.0
2024,71105,urbana,24,hombre,1,49,2.0408163265306123
2024,71105,urbana,24,mujer,1,24,4.166666666666667
2024,71105,urbana,25,hombre,2,46,4.3478260869565215
2024,71105,urbana,25,mujer,0,30,0.0
2024,71105,urbana,26,hombre,0,53,0.0
2024,71105,urbana,26,mujer,1,25,4.0
2024,71105,urbana,27,hombre,1,42,2.380952380952381
2024,71105,urbana,27,mujer,1,31,3.225806451612903
2024,71105,urbana,28,hombre,0,56,0.0
2024,71105,urbana,28,mujer,1,28,3.5714285714285716
2024,71106,rural,16,hombre,22,57,38.59649122807018
2024,71106,rural,16,mujer,4,23,17.391304347826086
2024,71106,rural,17,hombre,15,64,23.4375
2024,71106,rural,17,mujer,5,41,12.195121951219512
2024,71106,rural,18,hombre,17,90,18.88888888888889
2024,71106,rural,18,mujer,5,42,11.904761904761905
2024,71106,rural,19,hombre,17,87,19.54022988505747
2024,71106,rural,19,mujer,4,41,9.75609756097561
2024,71106,rural,20,hombre,12,87,13.793103448275861
2024,71106,rural,20,mujer,3,44,6.818181818181818
2024,71106,rural,21,hombre,5,107,4.672897196261682
2024,71106,rural,21,mujer,5,40,12.5
2024,71106,rural,22,hombre,5,122,4.098360655737705
2024,71106,rural,22,mujer,0,40,0.0
2024,71106,rural,23,hombre,8,121,6.6115702479338845
2024,71106,rural,23,mujer,0,44,0.0
2024,71106,rural,24,hombre,5,128,3.90625
2024,71106,rural,24,mujer,5,51,9.803921568627452
2024,71106,rural,25,hombre,5,137,3.6496350364963503
2024,71106,rural,25,mujer,2,50,4.0
2024,71106,rural,26,hombre,3,133,2.255639097744361
2024,71106,rural,26,mujer,1,50,2.0
2024,71106,rural,27,hombre,4,139,2.8776978417266186
2024,71106,rural,27,mujer,2,46,4.3478260869565215
2024,71106,rural,28,hombre,0,124,0.0
2024,71106,rural,28,mujer,3,43,6.976744186046512
2024,71106,urbana,16,hombre,9,37,24.324324324324323
2024,71106,urbana,16,mujer,6,29,20.689655172413794
2024,71106,urbana,17,hombre,5,35,14.285714285714286
2024,71106,urbana,17,mujer,5,28,17.857142857142858
2024,71106,urbana,18,hombre,4,41,9.75609756097561
2024,71106,urbana,18,mujer,3,43,6.976744186046512
2024,71106,urbana,19,hombre,6,51,11.764705882352942
2024,71106,urbana,19,mujer,7,46,15.217391304347826
2024,71106,urbana,20,hombre,7,64,10.9375
2024,71106,urbana,20,mujer,1,47,2.127659574468085
2024,71106,urbana,21,hombre,1,72,1.3888888888888888
2024,71106,urbana,21,mujer,3,41,7.317073170731708
2024,71106,urbana,22,hombre,4,89,4.49438202247191
2024,71106,urbana,22,mujer,6,51,11.764705882352942
2024,71106,urbana,23,hombre,4,77,5.194805194805195
2024,71106,urbana,23,mujer,2,55,3.6363636363636362
2024,71106,urbana,24,hombre,1,66,1.5151515151515151
2024,71106,urbana,24,mujer,2,56,3.5714285714285716
2024,71106,urbana,25,hombre,7,86,8.13953488372093
2024,71106,urbana,25,mujer,3,72,4.166666666666667
2024,71106,urbana,26,hombre,1,80,1.25
2024,71106,urbana,26,mujer,2,61,3.278688524590164
2024,71106,urbana,27,hombre,1,75,1.3333333333333333
2024,71106,urbana,27,mujer,5,70,7.142857142857143
2024,71106,urbana,28,hombre,0,91,0.0
2024,71106,urbana,28,mujer,6,68,8.823529411764707
2024,71201,rural,16,hombre,1,13,7.6923076923076925
2024,71201,rural,16,mujer,2,11,18.181818181818183
2024,71201,rural,17,hombre,3,23,13.043478260869565
2024,71201,rural,17,mujer,0,4,0.0
2024,71201,rural,18,hombre,2,23,8.695652173913043
2024,71201,rural,18,mujer,2,8,25.0
2024,71201,rural,19,hombre,4,27,14.814814814814815
2024,71201,rural,19,mujer,1,10,10.0
2024,71201,rural,20,hombre,2,30,6.666666666666667
2024,71201,rural,20,mujer,0,10,0.0
2024,71201,rural,21,hombre,1,31,3.225806451612903
2024,71201,rural,21,mujer,3,13,23.076923076923077
2024,71201,rural,22,hombre,2,45,4.444444444444445
2024,71201,rural,22,mujer,2,15,13.333333333333334
2024,71201,rural,23,hombre,1,43,2.3255813953488373
2024,71201,rural,23,mujer,0,13,0.0
2024,71201,rural,24,hombre,2,45,4.444444444444445
2024,71201,rural,24,mujer,1,22,4.545454545454546
2024,71201,rural,25,hombre,0,37,0.0
2024,71201,rural,25,mujer,1,18,5.555555555555555
2024,71201,rural,26,hombre,3,47,6.382978723404255
2024,71201,rural,26,mujer,0,16,0.0
2024,71201,rural,27,hombre,4,44,9.090909090909092
2024,71201,rural,27,mujer,2,20,10.0
2024,71201,rural,28,hombre,0,42,0.0
2024,71201,rural,28,mujer,0,15,0.0
2024,71201,urbana,16,hombre,4,16,25.0
2024,71201,urbana,16,mujer,2,5,40.0
2024,71201,urbana,17,hombre,3,21,14.285714285714286
2024,71201,urbana,17,mujer,2,8,25.0
2024,71201,urbana,18,hombre,0,21,0.0
2024,71201,urbana,18,mujer,2,12,16.666666666666668
2024,71201,urbana,19,hombre,2,27,7.407407407407407
2024,71201,urbana,19,mujer,0,10,0.0
2024,71201,urbana,20,hombre,3,28,10.714285714285714
2024,71201,urbana,20,mujer,0,10,0.0
2024,71201,urbana,21,hombre,2,20,10.0
2024,71201,urbana,21,mujer,0,23,0.0
2024,71201,urbana,22,hombre,4,30,13.333333333333334
2024,71201,urbana,22,mujer,1,25,4.0
2024,71201,urbana,23,hombre,1,31,3.225806451612903
2024,71201,urbana,23,mujer,1,30,3.3333333333333335
2024,71201,urbana,24,hombre,0,35,0.0
2024,71201,urbana,24,mujer,0,27,0.0
2024,71201,urbana,25,hombre,0,40,0.0
2024,71201,urbana,25,mujer,2,23,8.695652173913043
2024,71201,urbana,26,hombre,1,41,2.4390243902439024
2024,71201,urbana,26,mujer,0,20,0.0
2024,71201,urbana,27,hombre,1,56,1.7857142857142858
2024,71201,urbana,27,mujer,0,32,0.0
2024,71201,urbana,28,hombre,2,50,4.0
2024,71201,urbana,28,mujer,0,27,0.0
2024,71301,rural,16,hombre,14,51,27.45098039215686
2024,71301,rural,16,mujer,2,22,9.090909090909092
2024,71301,rural,17,hombre,6,51,11.764705882352942
2024,71301,rural,17,mujer,6,26,23.076923076923077
2024,71301,rural,18,hombre,9,65,13.846153846153847
2024,71301,rural,18,mujer,3,29,10.344827586206897
2024,71301,rural,19,hombre,1,49,2.0408163265306123
2024,71301,rural,19,mujer,4,36,11.11111111111111
2024,71301,rural,20,hombre,9,65,13.846153846153847
2024,71301,rural,20,mujer,6,45,13.333333333333334
2024,71301,rural,21,hombre,2,55,3.6363636363636362
2024,71301,rural,21,mujer,4,50,8.0
2024,71301,rural,22,hombre,3,60,5.0
2024,71301,rural,22,mujer,1,56,1.7857142857142858
2024,71301,rural,23,hombre,2,63,3.1746031746031744
2024,71301,rural,23,mujer,1,55,1.8181818181818181
2024,71301,rural,24,hombre,2,69,2.898550724637681
2024,71301,rural,24,mujer,4,54,7.407407407407407
2024,71301,rural,25,hombre,4,78,5.128205128205129
2024,71301,rural,25,mujer,2,43,4.651162790697675
2024,71301,rural,26,hombre,1,54,1.8518518518518519
2024,71301,rural,26,mujer,3,52,5.769230769230769
2024,71301,rural,27,hombre,1,62,1.6129032258064515
2024,71301,rural,27,mujer,4,65,6.153846153846154
2024,71301,rural,28,hombre,0,76,0.0
2024,71301,rural,28,mujer,4,50,8.0
2024,71301,urbana,16,hombre,5,26,19.23076923076923
2024,71301,urbana,16,mujer,4,23,17.391304347826086
2024,71301,urbana,17,hombre,4,28,14.285714285714286
2024,71301,urbana,17,mujer,6,25,24.0
2024,71301,urbana,18,hombre,3,33,9.090909090909092
2024,71301,urbana,18,mujer,2,13,15.384615384615385
2024,71301,urbana,19,hombre,5,31,16.129032258064516
2024,71301,urbana,19,mujer,4,24,16.666666666666668
2024,71301,urbana,20,hombre,2,33,6.0606060606060606
2024,71301,urbana,20,mujer,2,12,16.666666666666668
2024,71301,urbana,21,hombre,1,38,2.6315789473684212
2024,71301,urbana,21,mujer,3,26,11.538461538461538
2024,71301,urbana,22,hombre,3,38,7.894736842105263
2024,71301,urbana,22,mujer,0,25,0.0
2024,71301,urbana,23,hombre,1,38,2.6315789473684212
2024,71301,urbana,23,mujer,2,30,6.666666666666667
2024,71301,urbana,24,hombre,2,41,4.878048780487805
2024,71301,urbana,24,mujer,0,40,0.0
2024,71301,urbana,25,hombre,3,50,6.0
2024,71301,urbana,25,mujer,4,37,10.81081081081081
2024,71301,urbana,26,hombre,2,36,5.555555555555555
2024,71301,urbana,26,mujer,3,33,9.090909090909092
2024,71301,urbana,27,hombre,2,50,4.0
2024,71301,urbana,27,mujer,0,37,0.0
2024,71301,urbana,28,hombre,1,43,2.3255813953488373
2024,71301,urbana,28,mujer,0,25,0.0
2024,71302,rural,16,hombre,1,6,16.666666666666668
2024,71302,rural,16,mujer,1,9,11.11111111111111
2024,71302,rural,17,hombre,1,11,9.090909090909092
2024,71302,rural,17,mujer,1,5,20.0
2024,71302,rural,18,hombre,1,14,7.142857142857143
2024,71302,rural,18,mujer,1,6,16.666666666666668
2024,71302,rural,19,hombre,1,22,4.545454545454546
2024,71302,rural,19,mujer,2,9,22.22222222222222
2024,71302,rural,20,hombre,0,7,0.0
2024,71302,rural,20,mujer,2,9,22.22222222222222
2024,71302,rural,21,hombre,0,15,0.0
2024,71302,rural,21,mujer,0,5,0.0
2024,71302,rural,22,hombre,0,8,0.0
2024,71302,rural,22,mujer,0,4,0.0
2024,71302,rural,23,hombre,0,19,0.0
2024,71302,rural,23,mujer,2,18,11.11111111111111
2024,71302,rural,24,hombre,0,11,0.0
2024,71302,rural,24,mujer,0,10,0.0
2024,71302,rural,25,hombre,0,18,0.0
2024,71302,rural,25,mujer,0,13,0.0
2024,71302,rural,26,hombre,0,14,0.0
2024,71302,rural,26,mujer,0,11,0.0
2024,71302,rural,27,hombre,0,12,0.0
2024,71302,rural,27,mujer,0,9,0.0
2024,71302,rural,28,hombre,2,17,11.764705882352942
2024,71302,rural,28,mujer,1,10,10.0
2024,71302,urbana,16,hombre,1,18,5.555555555555555
2024,71302,urbana,16,mujer,2,8,25.0
2024,71302,urbana,17,hombre,3,23,13.043478260869565
2024,71302,urbana,17,mujer,3,10,30.0
2024,71302,urbana,18,hombre,1,26,3.8461538461538463
2024,71302,urbana,18,mujer,1,7,14.285714285714286
2024,71302,urbana,19,hombre,1,25,4.0
2024,71302,urbana,19,mujer,0,12,0.0
2024,71302,urbana,20,hombre,1,26,3.8461538461538463
2024,71302,urbana,20,mujer,1,12,8.333333333333334
2024,71302,urbana,21,hombre,3,26,11.538461538461538
2024,71302,urbana,21,mujer,2,7,28.571428571428573
2024,71302,urbana,22,hombre,0,18,0.0
2024,71302,urbana,22,mujer,1,11,9.090909090909092
2024,71302,urbana,23,hombre,0,30,0.0
2024,71302,urbana,23,mujer,1,14,7.142857142857143
2024,71302,urbana,24,hombre,2,24,8.333333333333334
2024,71302,urbana,24,mujer,1,20,5.0
2024,71302,urbana,25,hombre,0,22,0.0
2024,71302,urbana,25,mujer,1,20,5.0
2024,71302,urbana,26,hombre,1,25,4.0
2024,71302,urbana,26,mujer,1,15,6.666666666666667
2024,71302,urbana,27,hombre,1,20,5.0
2024,71302,urbana,27,mujer,0,11,0.0
2024,71302,urbana,28,hombre,0,30,0.0
2024,71302,urbana,28,mujer,0,21,0.0
2024,71401,rural,16,hombre,2,10,20.0
2024,71401,rural,16,mujer,0,5,0.0
2024,71401,rural,17,hombre,0,12,0.0
2024,71401,rural,17,mujer,0,6,0.0
2024,71401,rural,18,hombre,1,21,4.761904761904762
2024,71401,rural,18,mujer,1,6,16.666666666666668
2024,71401,rural,19,hombre,0,21,0.0
2024,71401,rural,19,mujer,0,12,0.0
2024,71401,rural,20,hombre,3,25,12.0
2024,71401,rural,20,mujer,1,12,8.333333333333334
2024,71401,rural,21,hombre,1,37,2.7027027027027026
2024,71401,rural,21,mujer,0,9,0.0
2024,71401,rural,22,hombre,1,36,2.7777777777777777
2024,71401,rural,22,mujer,2,10,20.0
2024,71401,rural,23,hombre,1,38,2.6315789473684212
2024,71401,rural,23,mujer,1,22,4.545454545454546
2024,71401,rural,24,hombre,1,51,1.9607843137254901
2024,71401,rural,24,mujer,1,17,5.882352941176471
2024,71401,rural,25,hombre,2,53,3.7735849056603774
2024,71401,rural,25,mujer,0,20,0.0
2024,71401,rural,26,hombre,1,61,1.639344262295082
2024,71401,rural,26,mujer,0,17,0.0
2024,71401,rural,27,hombre,0,41,0.0
2024,71401,rural,27,mujer,0,26,0.0
2024,71401,rural,28,hombre,0,46,0.0
2024,71401,rural,28,mujer,2,21,9.523809523809524
2024,71401,urbana,16,hombre,5,19,26.31578947368421
2024,71401,urbana,16,mujer,7,15,46.666666666666664
2024,71401,urbana,17,hombre,6,35,17.142857142857142
2024,71401,urbana,17,mujer,5,19,26.31578947368421
2024,71401,urbana,18,hombre,1,47,2.127659574468085
2024,71401,urbana,18,mujer,6,21,28.571428571428573
2024,71401,urbana,19,hombre,5,40,12.5
2024,71401,urbana,19,mujer,4,21,19.047619047619047
2024,71401,urbana,20,hombre,1,50,2.0
2024,71401,urbana,20,mujer,4,38,10.526315789473685
2024,71401,urbana,21,hombre,1,49,2.0408163265306123
2024,71401,urbana,21,mujer,6,35,17.142857142857142
2024,71401,urbana,22,hombre,1,56,1.7857142857142858
2024,71401,urbana,22,mujer,1,32,3.125
2024,71401,urbana,23,hombre,1,51,1.9607843137254901
2024,71401,urbana,23,mujer,5,39,12.820512820512821
2024,71401,urbana,24,hombre,0,64,0.0
2024,71401,urbana,24,mujer,2,36,5.555555555555555
2024,71401,urbana,25,hombre,1,47,2.127659574468085
2024,71401,urbana,25,mujer,3,41,7.317073170731708
2024,71401,urbana,26,hombre,0,61,0.0
2024,71401,urbana,26,mujer,1,42,2.380952380952381
2024,71401,urbana,27,hombre,0,66,0.0
2024,71401,urbana,27,mujer,1,48,2.0833333333333335
2024,71401,urbana,28,hombre,2,67,2.985074626865672
2024,71401,urbana,28,mujer,0,46,0.0
2024,71402,rural,18,hombre,0,2,0.0
2024,71402,rural,19,hombre,0,1,0.0
2024,71402,rural,20,hombre,0,2,0.0
2024,71402,rural,22,hombre,0,2,0.0
2024,71402,rural,23,hombre,0,3,0.0
2024,71402,rural,23,mujer,0,1,0.0
2024,71402,rural,24,hombre,0,2,0.0
2024,71402,rural,24,mujer,0,1,0.0
2024,71402,rural,25,hombre,0,1,0.0
2024,71402,rural,25,mujer,0,1,0.0
2024,71402,rural,26,hombre,0,2,0.0
2024,71402,rural,27,hombre,0,5,0.0
2024,71402,rural,28,hombre,0,5,0.0
2024,71402,rural,28,mujer,0,1,0.0
2024,71402,urbana,16,hombre,5,32,15.625
2024,71402,urbana,16,mujer,9,34,26.470588235294116
2024,71402,urbana,17,hombre,7,69,10.144927536231885
2024,71402,urbana,17,mujer,4,32,12.5
2024,71402,urbana,18,hombre,3,78,3.8461538461538463
2024,71402,urbana,18,mujer,10,46,21.73913043478261
2024,71402,urbana,19,hombre,6,78,7.6923076923076925
2024,71402,urbana,19,mujer,5,49,10.204081632653061
2024,71402,urbana,20,hombre,5,79,6.329113924050633
2024,71402,urbana,20,mujer,7,52,13.461538461538462
2024,71402,urbana,21,hombre,4,68,5.882352941176471
2024,71402,urbana,21,mujer,3,58,5.172413793103448
2024,71402,urbana,22,hombre,3,84,3.5714285714285716
2024,71402,urbana,22,mujer,8,62,12.903225806451612
2024,71402,urbana,23,hombre,5,112,4.464285714285714
2024,71402,urbana,23,mujer,6,70,8.571428571428571
2024,71402,urbana,24,hombre,2,103,1.941747572815534
2024,71402,urbana,24,mujer,4,98,4.081632653061225
2024,71402,urbana,25,hombre,3,94,3.1914893617021276
2024,71402,urbana,25,mujer,1,69,1.4492753623188406
2024,71402,urbana,26,hombre,1,127,0.7874015748031497
2024,71402,urbana,26,mujer,2,82,2.4390243902439024
2024,71402,urbana,27,hombre,4,125,3.2
2024,71402,urbana,27,mujer,2,74,2.7027027027027026
2024,71402,urbana,28,hombre,2,114,1.7543859649122806
2024,71402,urbana,28,mujer,2,94,2.127659574468085
2024,71403,rural,16,hombre,4,14,28.571428571428573
2024,71403,rural,16,mujer,3,7,42.857142857142854
2024,71403,rural,17,hombre,6,17,35.294117647058826
2024,71403,rural,17,mujer,0,3,0.0
2024,71403,rural,18,hombre,1,17,5.882352941176471
2024,71403,rural,18,mujer,1,7,14.285714285714286
2024,71403,rural,19,hombre,0,24,0.0
2024,71403,rural,19,mujer,5,14,35.714285714285715
2024,71403,rural,20,hombre,3,34,8.823529411764707
2024,71403,rural,20,mujer,4,9,44.44444444444444
2024,71403,rural,21,hombre,7,30,23.333333333333332
2024,71403,rural,21,mujer,2,7,28.571428571428573
2024,71403,rural,22,hombre,1,32,3.125
2024,71403,rural,22,mujer,0,10,0.0
2024,71403,rural,23,hombre,0,48,0.0
2024,71403,rural,23,mujer,1,13,7.6923076923076925
2024,71403,rural,24,hombre,1,49,2.0408163265306123
2024,71403,rural,24,mujer,2,21,9.523809523809524
2024,71403,rural,25,hombre,4,34,11.764705882352942
2024,71403,rural,25,mujer,1,15,6.666666666666667
2024,71403,rural,26,hombre,2,29,6.896551724137931
2024,71403,rural,26,mujer,2,22,9.090909090909092
2024,71403,rural,27,hombre,0,34,0.0
2024,71403,rural,27,mujer,0,27,0.0
2024,71403,rural,28,hombre,1,47,2.127659574468085
2024,71403,rural,28,mujer,1,27,3.7037037037037037
2024,71403,urbana,16,hombre,0,5,0.0
2024,71403,urbana,16,mujer,1,1,100.0
2024,71403,urbana,17,hombre,0,6,0.0
2024,71403,urbana,17,mujer,0,7,0.0
2024,71403,urbana,18,hombre,0,13,0.0
2024,71403,urbana,18,mujer,1,4,25.0
2024,71403,urbana,19,hombre,1,17,5.882352941176471
2024,71403,urbana,19,mujer,0,11,0.0
2024,71403,urbana,20,hombre,0,20,0.0
2024,71403,urbana,20,mujer,1,3,33.333333333333336
2024,71403,urbana,21,hombre,0,9,0.0
2024,71403,urbana,21,mujer,2,16,12.5
2024,71403,urbana,22,hombre,1,11,9.090909090909092
2024,71403,urbana,22,mujer,0,10,0.0
2024,71403,urbana,23,hombre,0,11,0.0
2024,71403,urbana,23,mujer,0,4,0.0
2024,71403,urbana,24,hombre,0,23,0.0
2024,71403,urbana,24,mujer,1,18,5.555555555555555
2024,71403,urbana,25,hombre,1,21,4.761904761904762
2024,71403,urbana,25,mujer,0,11,0.0
2024,71403,urbana,26,hombre,0,17,0.0
2024,71403,urbana,26,mujer,0,11,0.0
2024,71403,urbana,27,hombre,0,12,0.0
2024,71403,urbana,27,mujer,0,19,0.0
2024,71403,urbana,28,hombre,0,27,0.0
2024,71403,urbana,28,mujer,0,16,0.0
2024,71501,rural,16,hombre,10,47,21.27659574468085
2024,71501,rural,16,mujer,6,20,30.0
2024,71501,rural,17,hombre,9,51,17.647058823529413
2024,71501,rural,17,mujer,4,17,23.529411764705884
2024,71501,rural,18,hombre,9,55,16.363636363636363
2024,71501,rural,18,mujer,1,29,3.4482758620689653
2024,71501,rural,19,hombre,8,76,10.526315789473685
2024,71501,rural,19,mujer,2,32,6.25
2024,71501,rural,20,hombre,7,75,9.333333333333334
2024,71501,rural,20,mujer,4,49,8.16326530612245
2024,71501,rural,21,hombre,7,75,9.333333333333334
2024,71501,rural,21,mujer,2,31,6.451612903225806
2024,71501,rural,22,hombre,5,76,6.578947368421052
2024,71501,rural,22,mujer,1,39,2.5641025641025643
2024,71501,rural,23,hombre,7,97,7.216494845360825
2024,71501,rural,23,mujer,6,40,15.0
2024,71501,rural,24,hombre,2,102,1.9607843137254901
2024,71501,rural,24,mujer,2,47,4.25531914893617
2024,71501,rural,25,hombre,4,92,4.3478260869565215
2024,71501,rural,25,mujer,2,51,3.9215686274509802
2024,71501,rural,26,hombre,5,104,4.8076923076923075
2024,71501,rural,26,mujer,3,42,7.142857142857143
2024,71501,rural,27,hombre,1,83,1.2048192771084338
2024,71501,rural,27,mujer,3,50,6.0
2024,71501,rural,28,hombre,0,114,0.0
2024,71501,rural,28,mujer,2,49,4.081632653061225
2024,71501,urbana,16,hombre,10,66,15.151515151515152
2024,71501,urbana,16,mujer,8,37,21.62162162162162
2024,71501,urbana,17,hombre,9,88,10.227272727272727
2024,71501,urbana,17,mujer,10,45,22.22222222222222
2024,71501,urbana,18,hombre,4,79,5.063291139240507
2024,71501,urbana,18,mujer,5,57,8.771929824561404
2024,71501,urbana,19,hombre,4,112,3.5714285714285716
2024,71501,urbana,19,mujer,4,45,8.88888888888889
2024,71501,urbana,20,hombre,4,81,4.938271604938271
2024,71501,urbana,20,mujer,9,67,13.432835820895523
2024,71501,urbana,21,hombre,5,112,4.464285714285714
2024,71501,urbana,21,mujer,1,59,1.694915254237288
2024,71501,urbana,22,hombre,8,116,6.896551724137931
2024,71501,urbana,22,mujer,6,76,7.894736842105263
2024,71501,urbana,23,hombre,3,122,2.459016393442623
2024,71501,urbana,23,mujer,4,89,4.49438202247191
2024,71501,urbana,24,hombre,3,144,2.0833333333333335
2024,71501,urbana,24,mujer,1,77,1.2987012987012987
2024,71501,urbana,25,hombre,6,147,4.081632653061225
2024,71501,urbana,25,mujer,3,81,3.7037037037037037
2024,71501,urbana,26,hombre,4,125,3.2
2024,71501,urbana,26,mujer,3,97,3.0927835051546393
2024,71501,urbana,27,hombre,4,136,2.9411764705882355
2024,71501,urbana,27,mujer,0,81,0.0
2024,71501,urbana,28,hombre,1,150,0.6666666666666666
2024,71501,urbana,28,mujer,4,89,4.49438202247191
2024,71502,rural,16,hombre,0,1,0.0
2024,71502,rural,17,hombre,0,5,0.0
2024,71502,rural,17,mujer,1,1,100.0
2024,71502,rural,18,hombre,1,2,50.0
2024,71502,rural,18,mujer,0,4,0.0
2024,71502,rural,19,hombre,1,5,20.0
2024,71502,rural,19,mujer,1,2,50.0
2024,71502,rural,20,hombre,1,8,12.5
2024,71502,rural,20,mujer,0,3,0.0
2024,71502,rural,21,hombre,1,6,16.666666666666668
2024,71502,rural,21,mujer,0,2,0.0
2024,71502,rural,22,hombre,0,3,0.0
2024,71502,rural,22,mujer,0,2,0.0
2024,71502,rural,23,hombre,0,12,0.0
2024,71502,rural,23,mujer,0,5,0.0
2024,71502,rural,24,hombre,0,9,0.0
2024,71502,rural,24,mujer,0,9,0.0
2024,71502,rural,25,hombre,0,7,0.0
2024,71502,rural,25,mujer,0,3,0.0
2024,71502,rural,26,hombre,1,6,16.666666666666668
2024,71502,rural,26,mujer,0,3,0.0
2024,71502,rural,27,hombre,0,8,0.0
2024,71502,rural,27,mujer,0,6,0.0
2024,71502,rural,28,hombre,1,15,6.666666666666667
2024,71502,rural,28,mujer,0,5,0.0
2024,71502,urbana,16,hombre,1,4,25.0
2024,71502,urbana,16,mujer,1,1,100.0
2024,71502,urbana,17,hombre,0,7,0.0
2024,71502,urbana,17,mujer,1,7,14.285714285714286
2024,71502,urbana,18,hombre,0,4,0.0
2024,71502,urbana,18,mujer,1,6,16.666666666666668
2024,71502,urbana,19,hombre,0,11,0.0
2024,71502,urbana,19,mujer,0,11,0.0
2024,71502,urbana,20,hombre,0,8,0.0
2024,71502,urbana,20,mujer,0,2,0.0
2024,71502,urbana,21,hombre,0,17,0.0
2024,71502,urbana,21,mujer,0,14,0.0
2024,71502,urbana,22,hombre,1,23,4.3478260869565215
2024,71502,urbana,22,mujer,1,11,9.090909090909092
2024,71502,urbana,23,hombre,0,18,0.0
2024,71502,urbana,23,mujer,1,6,16.666666666666668
2024,71502,urbana,24,hombre,2,23,8.695652173913043
2024,71502,urbana,24,mujer,0,19,0.0
2024,71502,urbana,25,hombre,0,30,0.0
2024,71502,urbana,25,mujer,0,10,0.0
2024,71502,urbana,26,hombre,2,21,9.523809523809524
2024,71502,urbana,26,mujer,0,13,0.0
2024,71502,urbana,27,hombre,0,20,0.0
2024,71502,urbana,27,mujer,0,19,0.0
2024,71502,urbana,28,hombre,1,30,3.3333333333333335
2024,71502,urbana,28,mujer,0,15,0.0
2024,71503,rural,16,hombre,5,55,9.090909090909092
2024,71503,rural,16,mujer,3,17,17.647058823529413
2024,71503,rural,17,hombre,12,67,17.91044776119403
2024,71503,rural,17,mujer,1,21,4.761904761904762
2024,71503,rural,18,hombre,7,74,9.45945945945946
2024,71503,rural,18,mujer,2,28,7.142857142857143
2024,71503,rural,19,hombre,5,74,6.756756756756757
2024,71503,rural,19,mujer,1,48,2.0833333333333335
2024,71503,rural,20,hombre,11,105,10.476190476190476
2024,71503,rural,20,mujer,3,38,7.894736842105263
2024,71503,rural,21,hombre,7,91,7.6923076923076925
2024,71503,rural,21,mujer,2,39,5.128205128205129
2024,71503,rural,22,hombre,9,108,8.333333333333334
2024,71503,rural,22,mujer,3,46,6.521739130434782
2024,71503,rural,23,hombre,9,123,7.317073170731708
2024,71503,rural,23,mujer,2,38,5.2631578947368425
2024,71503,rural,24,hombre,5,142,3.5211267605633805
2024,71503,rural,24,mujer,4,55,7.2727272727272725
2024,71503,rural,25,hombre,3,131,2.2900763358778624
2024,71503,rural,25,mujer,2,50,4.0
2024,71503,rural,26,hombre,5,114,4.385964912280702
2024,71503,rural,26,mujer,0,58,0.0
2024,71503,rural,27,hombre,4,130,3.076923076923077
2024,71503,rural,27,mujer,1,44,2.272727272727273
2024,71503,rural,28,hombre,2,103,1.941747572815534
2024,71503,rural,28,mujer,2,60,3.3333333333333335
2024,71503,urbana,16,hombre,2,8,25.0
2024,71503,urbana,16,mujer,3,5,60.0
2024,71503,urbana,17,hombre,0,10,0.0
2024,71503,urbana,17,mujer,0,3,0.0
2024,71503,urbana,18,hombre,2,16,12.5
2024,71503,urbana,18,mujer,2,8,25.0
2024,71503,urbana,19,hombre,3,6,50.0
2024,71503,urbana,19,mujer,0,1,0.0
2024,71503,urbana,20,hombre,0,14,0.0
2024,71503,urbana,20,mujer,1,8,12.5
2024,71503,urbana,21,hombre,0,8,0.0
2024,71503,urbana,21,mujer,0,9,0.0
2024,71503,urbana,22,hombre,0,8,0.0
2024,71503,urbana,22,mujer,0,6,0.0
2024,71503,urbana,23,hombre,0,10,0.0
2024,71503,urbana,23,mujer,0,8,0.0
2024,71503,urbana,24,hombre,3,23,13.043478260869565
2024,71503,urbana,24,mujer,1,10,10.0
2024,71503,urbana,25,hombre,1,16,6.25
2024,71503,urbana,25,mujer,1,12,8.333333333333334
2024,71503,urbana,26,hombre,0,17,0.0
2024,71503,urbana,26,mujer,1,11,9.090909090909092
2024,71503,urbana,27,hombre,0,15,0.0
2024,71503,urbana,27,mujer,1,13,7.6923076923076925
2024,71503,urbana,28,hombre,0,10,0.0
2024,71503,urbana,28,mujer,0,12,0.0
2024,80101,rural,16,hombre,2,18,11.11111111111111
2024,80101,rural,16,mujer,1,7,14.285714285714286
2024,80101,rural,17,hombre,3,16,18.75
2024,80101,rural,17,mujer,1,7,14.285714285714286
2024,80101,rural,18,hombre,2,16,12.5
2024,80101,rural,18,mujer,0,11,0.0
2024,80101,rural,19,hombre,0,21,0.0
2024,80101,rural,19,mujer,0,11,0.0
2024,80101,rural,20,hombre,0,26,0.0
2024,80101,rural,20,mujer,2,13,15.384615384615385
2024,80101,rural,21,hombre,3,30,10.0
2024,80101,rural,21,mujer,1,8,12.5
2024,80101,rural,22,hombre,0,28,0.0
2024,80101,rural,22,mujer,1,10,10.0
2024,80101,rural,23,hombre,2,58,3.4482758620689653
2024,80101,rural,23,mujer,0,24,0.0
2024,80101,rural,24,hombre,3,41,7.317073170731708
2024,80101,rural,24,mujer,0,15,0.0
2024,80101,rural,25,hombre,0,35,0.0
2024,80101,rural,25,mujer,0,11,0.0
2024,80101,rural,26,hombre,1,35,2.857142857142857
2024,80101,rural,26,mujer,1,14,7.142857142857143
2024,80101,rural,27,hombre,0,32,0.0
2024,80101,rural,27,mujer,1,9,11.11111111111111
2024,80101,rural,28,hombre,0,26,0.0
2024,80101,rural,28,mujer,0,19,0.0
2024,80101,urbana,16,hombre,50,234,21.367521367521366
2024,80101,urbana,16,mujer,39,191,20.418848167539267
2024,80101,urbana,17,hombre,50,319,15.67398119122257
2024,80101,urbana,17,mujer,42,245,17.142857142857142
2024,80101,urbana,18,hombre,57,424,13.443396226415095
2024,80101,urbana,18,mujer,42,297,14.141414141414142
2024,80101,urbana,19,hombre,26,422,6.161137440758294
2024,80101,urbana,19,mujer,48,359,13.370473537604457
2024,80101,urbana,20,hombre,35,522,6.704980842911877
2024,80101,urbana,20,mujer,24,345,6.956521739130435
2024,80101,urbana,21,hombre,40,570,7.017543859649122
2024,80101,urbana,21,mujer,29,417,6.954436450839329
2024,80101,urbana,22,hombre,37,582,6.357388316151202
2024,80101,urbana,22,mujer,27,445,6.067415730337078
2024,80101,urbana,23,hombre,31,748,4.144385026737968
2024,80101,urbana,23,mujer,30,522,5.747126436781609
2024,80101,urbana,24,hombre,27,800,3.375
2024,80101,urbana,24,mujer,29,568,5.105633802816901
2024,80101,urbana,25,hombre,20,711,2.8129395218002813
2024,80101,urbana,25,mujer,26,570,4.56140350877193
2024,80101,urbana,26,hombre,14,706,1.9830028328611897
2024,80101,urbana,26,mujer,22,575,3.8260869565217392
2024,80101,urbana,27,hombre,21,766,2.741514360313316
2024,80101,urbana,27,mujer,11,627,1.7543859649122806
2024,80101,urbana,28,hombre,19,844,2.251184834123223
2024,80101,urbana,28,mujer,12,568,2.112676056338028
2024,80102,rural,16,hombre,5,13,38.46153846153846
2024,80102,rural,16,mujer,1,11,9.090909090909092
2024,80102,rural,17,hombre,4,25,16.0
2024,80102,rural,17,mujer,4,8,50.0
2024,80102,rural,18,hombre,3,35,8.571428571428571
2024,80102,rural,18,mujer,1,10,10.0
2024,80102,rural,19,hombre,1,25,4.0
2024,80102,rural,19,mujer,0,10,0.0
2024,80102,rural,20,hombre,3,29,10.344827586206897
2024,80102,rural,20,mujer,1,15,6.666666666666667
2024,80102,rural,21,hombre,4,42,9.523809523809524
2024,80102,rural,21,mujer,2,27,7.407407407407407
2024,80102,rural,22,hombre,5,44,11.363636363636363
2024,80102,rural,22,mujer,1,16,6.25
2024,80102,rural,23,hombre,2,62,3.225806451612903
2024,80102,rural,23,mujer,0,27,0.0
2024,80102,rural,24,hombre,2,47,4.25531914893617
2024,80102,rural,24,mujer,0,35,0.0
2024,80102,rural,25,hombre,3,68,4.411764705882353
2024,80102,rural,25,mujer,1,26,3.8461538461538463
2024,80102,rural,26,hombre,1,56,1.7857142857142858
2024,80102,rural,26,mujer,1,35,2.857142857142857
2024,80102,rural,27,hombre,2,55,3.6363636363636362
2024,80102,rural,27,mujer,1,22,4.545454545454546
2024,80102,rural,28,hombre,1,58,1.7241379310344827
2024,80102,rural,28,mujer,1,29,3.4482758620689653
2024,80201,rural,16,hombre,9,36,25.0
2024,80201,rural,16,mujer,2,18,11.11111111111111
2024,80201,rural,17,hombre,6,45,13.333333333333334
2024,80201,rural,17,mujer,2,22,9.090909090909092
2024,80201,rural,18,hombre,0,45,0.0
2024,80201,rural,18,mujer,3,24,12.5
2024,80201,rural,19,hombre,2,31,6.451612903225806
2024,80201,rural,19,mujer,2,19,10.526315789473685
2024,80201,rural,20,hombre,2,40,5.0
2024,80201,rural,20,mujer,1,23,4.3478260869565215
2024,80201,rural,21,hombre,3,51,5.882352941176471
2024,80201,rural,21,mujer,2,18,11.11111111111111
2024,80201,rural,22,hombre,0,44,0.0
2024,80201,rural,22,mujer,3,26,11.538461538461538
2024,80201,rural,23,hombre,1,67,1.492537313432836
2024,80201,rural,23,mujer,1,26,3.8461538461538463
2024,80201,rural,24,hombre,1,54,1.8518518518518519
2024,80201,rural,24,mujer,2,31,6.451612903225806
2024,80201,rural,25,hombre,4,47,8.51063829787234
2024,80201,rural,25,mujer,1,23,4.3478260869565215
2024,80201,rural,26,hombre,2,53,3.7735849056603774
2024,80201,rural,26,mujer,2,24,8.333333333333334
2024,80201,rural,27,hombre,1,54,1.8518518518518519
2024,80201,rural,27,mujer,0,36,0.0
2024,80201,rural,28,hombre,1,60,1.6666666666666667
2024,80201,rural,28,mujer,0,31,0.0
2024,80201,urbana,16,hombre,42,227,18.502202643171806
2024,80201,urbana,16,mujer,26,120,21.666666666666668
2024,80201,urbana,17,hombre,46,320,14.375
2024,80201,urbana,17,mujer,23,166,13.855421686746988
2024,80201,urbana,18,hombre,24,297,8.080808080808081
2024,80201,urbana,18,mujer,23,212,10.849056603773585
2024,80201,urbana,19,hombre,27,371,7.277628032345014
2024,80201,urbana,19,mujer,20,228,8.771929824561404
2024,80201,urbana,20,hombre,15,373,4.021447721179625
2024,80201,urbana,20,mujer,20,254,7.874015748031496
2024,80201,urbana,21,hombre,14,444,3.1531531531531534
2024,80201,urbana,21,mujer,18,293,6.143344709897611
2024,80201,urbana,22,hombre,14,487,2.8747433264887063
2024,80201,urbana,22,mujer,14,364,3.8461538461538463
2024,80201,urbana,23,hombre,15,559,2.6833631484794274
2024,80201,urbana,23,mujer,18,391,4.603580562659847
2024,80201,urbana,24,hombre,14,634,2.2082018927444795
2024,80201,urbana,24,mujer,20,409,4.88997555012225
2024,80201,urbana,25,hombre,9,511,1.761252446183953
2024,80201,urbana,25,mujer,12,414,2.898550724637681
2024,80201,urbana,26,hombre,10,552,1.8115942028985508
2024,80201,urbana,26,mujer,18,408,4.411764705882353
2024,80201,urbana,27,hombre,14,625,2.24
2024,80201,urbana,27,mujer,14,448,3.125
2024,80201,urbana,28,hombre,7,549,1.2750455373406193
2024,80201,urbana,28,mujer,5,404,1.2376237623762376
2024,80202,rural,16,hombre,4,13,30.76923076923077
2024,80202,rural,16,mujer,1,6,16.666666666666668
2024,80202,rural,17,hombre,1,8,12.5
2024,80202,rural,17,mujer,0,4,0.0
2024,80202,rural,18,hombre,0,10,0.0
2024,80202,rural,18,mujer,0,6,0.0
2024,80202,rural,19,hombre,2,17,11.764705882352942
2024,80202,rural,19,mujer,2,7,28.571428571428573
2024,80202,rural,20,hombre,0,19,0.0
2024,80202,rural,20,mujer,2,6,33.333333333333336
2024,80202,rural,21,hombre,1,26,3.8461538461538463
2024,80202,rural,21,mujer,0,14,0.0
2024,80202,rural,22,hombre,3,33,9.090909090909092
2024,80202,rural,22,mujer,0,16,0.0
2024,80202,rural,23,hombre,2,35,5.714285714285714
2024,80202,rural,23,mujer,1,11,9.090909090909092
2024,80202,rural,24,hombre,4,35,11.428571428571429
2024,80202,rural,24,mujer,1,16,6.25
2024,80202,rural,25,hombre,0,23,0.0
2024,80202,rural,25,mujer,0,15,0.0
2024,80202,rural,26,hombre,1,44,2.272727272727273
2024,80202,rural,26,mujer,0,14,0.0
2024,80202,rural,27,hombre,2,37,5.405405405405405
2024,80202,rural,27,mujer,0,7,0.0
2024,80202,rural,28,hombre,0,32,0.0
2024,80202,rural,28,mujer,0,13,0.0
2024,80202,urbana,16,hombre,15,73,20.54794520547945
2024,80202,urbana,16,mujer,8,38,21.05263157894737
2024,80202,urbana,17,hombre,12,70,17.142857142857142
2024,80202,urbana,17,mujer,6,43,13.953488372093023
2024,80202,urbana,18,hombre,5,81,6.172839506172839
2024,80202,urbana,18,mujer,6,57,10.526315789473685
2024,80202,urbana,19,hombre,16,129,12.4031007751938
2024,80202,urbana,19,mujer,6,72,8.333333333333334
2024,80202,urbana,20,hombre,8,118,6.779661016949152
2024,80202,urbana,20,mujer,12,97,12.371134020618557
2024,80202,urbana,21,hombre,6,137,4.37956204379562
2024,80202,urbana,21,mujer,8,102,7.8431372549019605
2024,80202,urbana,22,hombre,9,170,5.294117647058823
2024,80202,urbana,22,mujer,6,95,6.315789473684211
2024,80202,urbana,23,hombre,8,199,4.0201005025125625
2024,80202,urbana,23,mujer,4,112,3.5714285714285716
2024,80202,urbana,24,hombre,7,188,3.723404255319149
2024,80202,urbana,24,mujer,7,131,5.343511450381679
2024,80202,urbana,25,hombre,3,169,1.7751479289940828
2024,80202,urbana,25,mujer,7,129,5.426356589147287
2024,80202,urbana,26,hombre,0,189,0.0
2024,80202,urbana,26,mujer,7,110,6.363636363636363
2024,80202,urbana,27,hombre,6,183,3.278688524590164
2024,80202,urbana,27,mujer,9,153,5.882352941176471
2024,80202,urbana,28,hombre,1,164,0.6097560975609756
2024,80202,urbana,28,mujer,2,130,1.5384615384615385
2024,80301,rural,16,hombre,3,16,18.75
2024,80301,rural,16,mujer,0,1,0.0
2024,80301,rural,17,hombre,1,13,7.6923076923076925
2024,80301,rural,17,mujer,1,13,7.6923076923076925
2024,80301,rural,18,hombre,0,10,0.0
2024,80301,rural,18,mujer,0,5,0.0
2024,80301,rural,19,hombre,3,24,12.5
2024,80301,rural,19,mujer,1,8,12.5
2024,80301,rural,20,hombre,4,27,14.814814814814815
2024,80301,rural,20,mujer,1,7,14.285714285714286
2024,80301,rural,21,hombre,0,13,0.0
2024,80301,rural,21,mujer,1,7,14.285714285714286
2024,80301,rural,22,hombre,0,23,0.0
2024,80301,rural,22,mujer,1,7,14.285714285714286
2024,80301,rural,23,hombre,2,28,7.142857142857143
2024,80301,rural,23,mujer,0,13,0.0
2024,80301,rural,24,hombre,2,29,6.896551724137931
2024,80301,rural,24,mujer,0,9,0.0
2024,80301,rural,25,hombre,1,26,3.8461538461538463
2024,80301,rural,25,mujer,0,8,0.0
2024,80301,rural,26,hombre,0,31,0.0
2024,80301,rural,26,mujer,0,5,0.0
2024,80301,rural,27,hombre,1,29,3.4482758620689653
2024,80301,rural,27,mujer,1,18,5.555555555555555
2024,80301,rural,28,hombre,1,27,3.7037037037037037
2024,80301,rural,28,mujer,1,14,7.142857142857143
2024,80301,urbana,16,hombre,2,12,16.666666666666668
2024,80301,urbana,16,mujer,7,20,35.0
2024,80301,urbana,17,hombre,4,21,19.047619047619047
2024,80301,urbana,17,mujer,6,18,33.333333333333336
2024,80301,urbana,18,hombre,4,22,18.181818181818183
2024,80301,urbana,18,mujer,0,10,0.0
2024,80301,urbana,19,hombre,0,25,0.0
2024,80301,urbana,19,mujer,1,12,8.333333333333334
2024,80301,urbana,20,hombre,1,20,5.0
2024,80301,urbana,20,mujer,0,10,0.0
2024,80301,urbana,21,hombre,0,19,0.0
2024,80301,urbana,21,mujer,0,13,0.0
2024,80301,urbana,22,hombre,1,27,3.7037037037037037
2024,80301,urbana,22,mujer,0,17,0.0
2024,80301,urbana,23,hombre,1,32,3.125
2024,80301,urbana,23,mujer,0,21,0.0
2024,80301,urbana,24,hombre,1,32,3.125
2024,80301,urbana,24,mujer,2,24,8.333333333333334
2024,80301,urbana,25,hombre,2,32,6.25
2024,80301,urbana,25,mujer,4,25,16.0
2024,80301,urbana,26,hombre,0,43,0.0
2024,80301,urbana,26,mujer,1,33,3.0303030303030303
2024,80301,urbana,27,hombre,1,35,2.857142857142857
2024,80301,urbana,27,mujer,1,22,4.545454545454546
2024,80301,urbana,28,hombre,1,41,2.4390243902439024
2024,80301,urbana,28,mujer,3,29,10.344827586206897
2024,80302,rural,16,hombre,7,87,8.045977011494253
2024,80302,rural,16,mujer,7,56,12.5
2024,80302,rural,17,hombre,4,95,4.2105263157894735
2024,80302,rural,17,mujer,5,70,7.142857142857143
2024,80302,rural,18,hombre,3,100,3.0
2024,80302,rural,18,mujer,9,63,14.285714285714286
2024,80302,rural,19,hombre,5,109,4.587155963302752
2024,80302,rural,19,mujer,2,67,2.985074626865672
2024,80302,rural,20,hombre,7,110,6.363636363636363
2024,80302,rural,20,mujer,3,92,3.260869565217391
2024,80302,rural,21,hombre,6,124,4.838709677419355
2024,80302,rural,21,mujer,5,85,5.882352941176471
2024,80302,rural,22,hombre,5,99,5.05050505050505
2024,80302,rural,22,mujer,6,81,7.407407407407407
2024,80302,rural,23,hombre,4,120,3.3333333333333335
2024,80302,rural,23,mujer,3,81,3.7037037037037037
2024,80302,rural,24,hombre,4,130,3.076923076923077
2024,80302,rural,24,mujer,3,77,3.896103896103896
2024,80302,rural,25,hombre,7,121,5.785123966942149
2024,80302,rural,25,mujer,5,70,7.142857142857143
2024,80302,rural,26,hombre,5,126,3.9682539682539684
2024,80302,rural,26,mujer,7,83,8.433734939759036
2024,80302,rural,27,hombre,3,137,2.18978102189781
2024,80302,rural,27,mujer,5,69,7.246376811594203
2024,80302,rural,28,hombre,4,137,2.9197080291970803
2024,80302,rural,28,mujer,8,75,10.666666666666666
2024,80302,urbana,16,hombre,10,64,15.625
2024,80302,urbana,16,mujer,8,42,19.047619047619047
2024,80302,urbana,17,hombre,15,91,16.483516483516482
2024,80302,urbana,17,mujer,5,36,13.88888888888889
2024,80302,urbana,18,hombre,6,62,9.67741935483871
2024,80302,urbana,18,mujer,7,60,11.666666666666666
2024,80302,urbana,19,hombre,8,90,8.88888888888889
2024,80302,urbana,19,mujer,1,46,2.1739130434782608
2024,80302,urbana,20,hombre,5,83,6.024096385542169
2024,80302,urbana,20,mujer,7,60,11.666666666666666
2024,80302,urbana,21,hombre,3,93,3.225806451612903
2024,80302,urbana,21,mujer,6,54,11.11111111111111
2024,80302,urbana,22,hombre,4,111,3.6036036036036037
2024,80302,urbana,22,mujer,4,62,6.451612903225806
2024,80302,urbana,23,hombre,7,111,6.306306306306307
2024,80302,urbana,23,mujer,4,77,5.194805194805195
2024,80302,urbana,24,hombre,7,114,6.140350877192983
2024,80302,urbana,24,mujer,6,103,5.825242718446602
2024,80302,urbana,25,hombre,2,97,2.0618556701030926
2024,80302,urbana,25,mujer,5,82,6.097560975609756
2024,80302,urbana,26,hombre,3,122,2.459016393442623
2024,80302,urbana,26,mujer,7,117,5.982905982905983
2024,80302,urbana,27,hombre,1,123,0.8130081300813008
2024,80302,urbana,27,mujer,4,81,4.938271604938271
2024,80302,urbana,28,hombre,2,143,1.3986013986013985
2024,80302,urbana,28,mujer,4,101,3.9603960396039604
2024,80303,rural,16,hombre,3,13,23.076923076923077
2024,80303,rural,16,mujer,1,3,33.333333333333336
2024,80303,rural,17,hombre,1,13,7.6923076923076925
2024,80303,rural,17,mujer,0,6,0.0
2024,80303,rural,18,hombre,0,14,0.0
2024,80303,rural,18,mujer,1,8,12.5
2024,80303,rural,19,hombre,1,11,9.090909090909092
2024,80303,rural,19,mujer,0,4,0.0
2024,80303,rural,20,hombre,2,18,11.11111111111111
2024,80303,rural,20,mujer,0,5,0.0
2024,80303,rural,21,hombre,0,21,0.0
2024,80303,rural,21,mujer,0,5,0.0
2024,80303,rural,22,hombre,0,23,0.0
2024,80303,rural,22,mujer,0,7,0.0
2024,80303,rural,23,hombre,0,18,0.0
2024,80303,rural,23,mujer,0,6,0.0
2024,80303,rural,24,hombre,0,36,0.0
2024,80303,rural,24,mujer,0,6,0.0
2024,80303,rural,25,hombre,0,24,0.0
2024,80303,rural,25,mujer,0,9,0.0
2024,80303,rural,26,hombre,2,43,4.651162790697675
2024,80303,rural,26,mujer,0,10,0.0
2024,80303,rural,27,hombre,0,32,0.0
2024,80303,rural,27,mujer,1,12,8.333333333333334
2024,80303,rural,28,hombre,0,29,0.0
2024,80303,rural,28,mujer,0,9,0.0
2024,80303,urbana,16,hombre,3,12,25.0
2024,80303,urbana,16,mujer,3,10,30.0
2024,80303,urbana,17,hombre,1,16,6.25
2024,80303,urbana,17,mujer,0,11,0.0
2024,80303,urbana,18,hombre,0,19,0.0
2024,80303,urbana,18,mujer,0,10,0.0
2024,80303,urbana,19,hombre,1,13,7.6923076923076925
2024,80303,urbana,19,mujer,1,10,10.0
2024,80303,urbana,20,hombre,2,23,8.695652173913043
2024,80303,urbana,20,mujer,0,11,0.0
2024,80303,urbana,21,hombre,0,18,0.0
2024,80303,urbana,21,mujer,0,16,0.0
2024,80303,urbana,22,hombre,0,28,0.0
2024,80303,urbana,22,mujer,2,12,16.666666666666668
2024,80303,urbana,23,hombre,2,20,10.0
2024,80303,urbana,23,mujer,0,16,0.0
2024,80303,urbana,24,hombre,2,33,6.0606060606060606
2024,80303,urbana,24,mujer,2,21,9.523809523809524
2024,80303,urbana,25,hombre,0,25,0.0
2024,80303,urbana,25,mujer,0,14,0.0
2024,80303,urbana,26,hombre,0,31,0.0
2024,80303,urbana,26,mujer,0,10,0.0
2024,80303,urbana,27,hombre,1,38,2.6315789473684212
2024,80303,urbana,27,mujer,0,20,0.0
2024,80303,urbana,28,hombre,0,35,0.0
2024,80303,urbana,28,mujer,0,15,0.0
2024,80304,rural,16,hombre,7,40,17.5
2024,80304,rural,16,mujer,1,15,6.666666666666667
2024,80304,rural,17,hombre,9,35,25.714285714285715
2024,80304,rural,17,mujer,1,19,5.2631578947368425
2024,80304,rural,18,hombre,0,28,0.0
2024,80304,rural,18,mujer,2,18,11.11111111111111
2024,80304,rural,19,hombre,1,29,3.4482758620689653
2024,80304,rural,19,mujer,2,22,9.090909090909092
2024,80304,rural,20,hombre,3,48,6.25
2024,80304,rural,20,mujer,0,24,0.0
2024,80304,rural,21,hombre,1,33,3.0303030303030303
2024,80304,rural,21,mujer,1,23,4.3478260869565215
2024,80304,rural,22,hombre,3,38,7.894736842105263
2024,80304,rural,22,mujer,0,32,0.0
2024,80304,rural,23,hombre,0,44,0.0
2024,80304,rural,23,mujer,0,31,0.0
2024,80304,rural,24,hombre,1,53,1.8867924528301887
2024,80304,rural,24,mujer,0,31,0.0
2024,80304,rural,25,hombre,1,41,2.4390243902439024
2024,80304,rural,25,mujer,1,40,2.5
2024,80304,rural,26,hombre,2,62,3.225806451612903
2024,80304,rural,26,mujer,1,26,3.8461538461538463
2024,80304,rural,27,hombre,3,54,5.555555555555555
2024,80304,rural,27,mujer,1,39,2.5641025641025643
2024,80304,rural,28,hombre,2,53,3.7735849056603774
2024,80304,rural,28,mujer,2,34,5.882352941176471
2024,80304,urbana,16,hombre,9,39,23.076923076923077
2024,80304,urbana,16,mujer,4,21,19.047619047619047
2024,80304,urbana,17,hombre,8,50,16.0
2024,80304,urbana,17,mujer,6,38,15.789473684210526
2024,80304,urbana,18,hombre,7,83,8.433734939759036
2024,80304,urbana,18,mujer,4,37,10.81081081081081
2024,80304,urbana,19,hombre,8,65,12.307692307692308
2024,80304,urbana,19,mujer,0,29,0.0
2024,80304,urbana,20,hombre,3,57,5.2631578947368425
2024,80304,urbana,20,mujer,8,51,15.686274509803921
2024,80304,urbana,21,hombre,5,73,6.8493150684931505
2024,80304,urbana,21,mujer,2,35,5.714285714285714
2024,80304,urbana,22,hombre,4,47,8.51063829787234
2024,80304,urbana,22,mujer,5,60,8.333333333333334
2024,80304,urbana,23,hombre,3,80,3.75
2024,80304,urbana,23,mujer,5,56,8.928571428571429
2024,80304,urbana,24,hombre,4,81,4.938271604938271
2024,80304,urbana,24,mujer,4,61,6.557377049180328
2024,80304,urbana,25,hombre,4,77,5.194805194805195
2024,80304,urbana,25,mujer,7,62,11.290322580645162
2024,80304,urbana,26,hombre,3,88,3.409090909090909
2024,80304,urbana,26,mujer,0,70,0.0
2024,80304,urbana,27,hombre,0,82,0.0
2024,80304,urbana,27,mujer,1,67,1.492537313432836
2024,80304,urbana,28,hombre,1,76,1.3157894736842106
2024,80304,urbana,28,mujer,2,65,3.076923076923077
2024,80401,rural,16,hombre,1,17,5.882352941176471
2024,80401,rural,16,mujer,0,11,0.0
2024,80401,rural,17,hombre,1,25,4.0
2024,80401,rural,17,mujer,0,6,0.0
2024,80401,rural,18,hombre,1,23,4.3478260869565215
2024,80401,rural,18,mujer,1,12,8.333333333333334
2024,80401,rural,19,hombre,3,22,13.636363636363637
2024,80401,rural,19,mujer,1,16,6.25
2024,80401,rural,20,hombre,1,19,5.2631578947368425
2024,80401,rural,20,mujer,1,15,6.666666666666667
2024,80401,rural,21,hombre,1,40,2.5
2024,80401,rural,21,mujer,1,20,5.0
2024,80401,rural,22,hombre,2,16,12.5
2024,80401,rural,22,mujer,2,16,12.5
2024,80401,rural,23,hombre,0,35,0.0
2024,80401,rural,23,mujer,2,12,16.666666666666668
2024,80401,rural,24,hombre,0,41,0.0
2024,80401,rural,24,mujer,0,13,0.0
2024,80401,rural,25,hombre,1,32,3.125
2024,80401,rural,25,mujer,1,11,9.090909090909092
2024,80401,rural,26,hombre,0,49,0.0
2024,80401,rural,26,mujer,0,12,0.0
2024,80401,rural,27,hombre,2,26,7.6923076923076925
2024,80401,rural,27,mujer,0,11,0.0
2024,80401,rural,28,hombre,2,30,6.666666666666667
2024,80401,rural,28,mujer,0,16,0.0
2024,80401,urbana,16,hombre,1,25,4.0
2024,80401,urbana,16,mujer,5,29,17.24137931034483
2024,80401,urbana,17,hombre,1,32,3.125
2024,80401,urbana,17,mujer,3,14,21.428571428571427
2024,80401,urbana,18,hombre,5,37,13.513513513513514
2024,80401,urbana,18,mujer,1,22,4.545454545454546
2024,80401,urbana,19,hombre,5,48,10.416666666666666
2024,80401,urbana,19,mujer,1,22,4.545454545454546
2024,80401,urbana,20,hombre,3,54,5.555555555555555
2024,80401,urbana,20,mujer,3,22,13.636363636363637
2024,80401,urbana,21,hombre,5,48,10.416666666666666
2024,80401,urbana,21,mujer,1,34,2.9411764705882355
2024,80401,urbana,22,hombre,3,57,5.2631578947368425
2024,80401,urbana,22,mujer,3,35,8.571428571428571
2024,80401,urbana,23,hombre,2,53,3.7735849056603774
2024,80401,urbana,23,mujer,3,41,7.317073170731708
2024,80401,urbana,24,hombre,2,76,2.6315789473684212
2024,80401,urbana,24,mujer,1,51,1.9607843137254901
2024,80401,urbana,25,hombre,1,53,1.8867924528301887
2024,80401,urbana,25,mujer,4,37,10.81081081081081
2024,80401,urbana,26,hombre,4,55,7.2727272727272725
2024,80401,urbana,26,mujer,3,36,8.333333333333334
2024,80401,urbana,27,hombre,1,63,1.5873015873015872
2024,80401,urbana,27,mujer,2,48,4.166666666666667
2024,80401,urbana,28,hombre,2,57,3.508771929824561
2024,80401,urbana,28,mujer,3,45,6.666666666666667
2024,80402,rural,16,hombre,0,8,0.0
2024,80402,rural,16,mujer,2,6,33.333333333333336
2024,80402,rural,17,hombre,1,20,5.0
2024,80402,rural,17,mujer,2,11,18.181818181818183
2024,80402,rural,18,hombre,2,36,5.555555555555555
2024,80402,rural,18,mujer,0,14,0.0
2024,80402,rural,19,hombre,2,41,4.878048780487805
2024,80402,rural,19,mujer,0,33,0.0
2024,80402,rural,20,hombre,1,51,1.9607843137254901
2024,80402,rural,20,mujer,1,22,4.545454545454546
2024,80402,rural,21,hombre,0,45,0.0
2024,80402,rural,21,mujer,0,18,0.0
2024,80402,rural,22,hombre,2,59,3.389830508474576
2024,80402,rural,22,mujer,1,21,4.761904761904762
2024,80402,rural,23,hombre,0,55,0.0
2024,80402,rural,23,mujer,1,22,4.545454545454546
2024,80402,rural,24,hombre,2,59,3.389830508474576
2024,80402,rural,24,mujer,0,21,0.0
2024,80402,rural,25,hombre,0,55,0.0
2024,80402,rural,25,mujer,3,19,15.789473684210526
2024,80402,rural,26,hombre,0,39,0.0
2024,80402,rural,26,mujer,1,22,4.545454545454546
2024,80402,rural,27,hombre,1,55,1.8181818181818181
2024,80402,rural,27,mujer,0,23,0.0
2024,80402,rural,28,hombre,1,58,1.7241379310344827
2024,80402,rural,28,mujer,1,17,5.882352941176471
2024,80402,urbana,16,hombre,0,4,0.0
2024,80402,urbana,17,hombre,0,5,0.0
2024,80402,urbana,17,mujer,0,1,0.0
2024,80402,urbana,18,hombre,0,8,0.0
2024,80402,urbana,18,mujer,0,4,0.0
2024,80402,urbana,19,hombre,0,12,0.0
2024,80402,urbana,19,mujer,0,6,0.0
2024,80402,urbana,20,hombre,1,19,5.2631578947368425
2024,80402,urbana,20,mujer,0,13,0.0
2024,80402,urbana,21,hombre,0,12,0.0
2024,80402,urbana,21,mujer,0,9,0.0
2024,80402,urbana,22,hombre,0,11,0.0
2024,80402,urbana,22,mujer,1,8,12.5
2024,80402,urbana,23,hombre,0,24,0.0
2024,80402,urbana,23,mujer,0,7,0.0
2024,80402,urbana,24,hombre,0,18,0.0
2024,80402,urbana,24,mujer,0,5,0.0
2024,80402,urbana,25,hombre,0,13,0.0
2024,80402,urbana,25,mujer,0,8,0.0
2024,80402,urbana,26,hombre,0,13,0.0
2024,80402,urbana,26,mujer,0,4,0.0
2024,80402,urbana,27,hombre,0,9,0.0
2024,80402,urbana,27,mujer,2,8,25.0
2024,80402,urbana,28,hombre,0,9,0.0
2024,80402,urbana,28,mujer,0,9,0.0
2024,80501,rural,16,hombre,2,30,6.666666666666667
2024,80501,rural,16,mujer,0,8,0.0
2024,80501,rural,17,hombre,3,35,8.571428571428571
2024,80501,rural,17,mujer,2,12,16.666666666666668
2024,80501,rural,18,hombre,1,25,4.0
2024,80501,rural,18,mujer,3,8,37.5
2024,80501,rural,19,hombre,5,44,11.363636363636363
2024,80501,rural,19,mujer,1,13,7.6923076923076925
2024,80501,rural,20,hombre,3,39,7.6923076923076925
2024,80501,rural,20,mujer,1,16,6.25
2024,80501,rural,21,hombre,1,39,2.5641025641025643
2024,80501,rural,21,mujer,2,15,13.333333333333334
2024,80501,rural,22,hombre,2,42,4.761904761904762
2024,80501,rural,22,mujer,1,18,5.555555555555555
2024,80501,rural,23,hombre,3,59,5.084745762711864
2024,80501,rural,23,mujer,2,27,7.407407407407407
2024,80501,rural,24,hombre,4,72,5.555555555555555
2024,80501,rural,24,mujer,1,23,4.3478260869565215
2024,80501,rural,25,hombre,4,70,5.714285714285714
2024,80501,rural,25,mujer,3,20,15.0
2024,80501,rural,26,hombre,3,64,4.6875
2024,80501,rural,26,mujer,1,25,4.0
2024,80501,rural,27,hombre,3,54,5.555555555555555
2024,80501,rural,27,mujer,1,21,4.761904761904762
2024,80501,rural,28,hombre,4,57,7.017543859649122
2024,80501,rural,28,mujer,2,29,6.896551724137931
2024,80501,urbana,16,hombre,3,19,15.789473684210526
2024,80501,urbana,16,mujer,3,21,14.285714285714286
2024,80501,urbana,17,hombre,7,24,29.166666666666668
2024,80501,urbana,17,mujer,6,19,31.57894736842105
2024,80501,urbana,18,hombre,1,29,3.4482758620689653
2024,80501,urbana,18,mujer,2,20,10.0
2024,80501,urbana,19,hombre,4,31,12.903225806451612
2024,80501,urbana,19,mujer,1,28,3.5714285714285716
2024,80501,urbana,20,hombre,1,51,1.9607843137254901
2024,80501,urbana,20,mujer,4,19,21.05263157894737
2024,80501,urbana,21,hombre,1,40,2.5
2024,80501,urbana,21,mujer,0,29,0.0
2024,80501,urbana,22,hombre,3,42,7.142857142857143
2024,80501,urbana,22,mujer,1,22,4.545454545454546
2024,80501,urbana,23,hombre,1,53,1.8867924528301887
2024,80501,urbana,23,mujer,0,25,0.0
2024,80501,urbana,24,hombre,4,43,9.30232558139535
2024,80501,urbana,24,mujer,1,44,2.272727272727273
2024,80501,urbana,25,hombre,2,45,4.444444444444445
2024,80501,urbana,25,mujer,1,27,3.7037037037037037
2024,80501,urbana,26,hombre,2,45,4.444444444444445
2024,80501,urbana,26,mujer,0,35,0.0
2024,80501,urbana,27,hombre,3,53,5.660377358490566
2024,80501,urbana,27,mujer,2,36,5.555555555555555
2024,80501,urbana,28,hombre,1,50,2.0
2024,80501,urbana,28,mujer,1,34,2.9411764705882355
2024,80601,rural,16,hombre,0,3,0.0
2024,80601,rural,16,mujer,0,4,0.0
2024,80601,rural,17,hombre,0,7,0.0
2024,80601,rural,17,mujer,0,4,0.0
2024,80601,rural,18,hombre,3,18,16.666666666666668
2024,80601,rural,18,mujer,1,7,14.285714285714286
2024,80601,rural,19,hombre,1,10,10.0
2024,80601,rural,19,mujer,1,11,9.090909090909092
2024,80601,rural,20,hombre,0,19,0.0
2024,80601,rural,20,mujer,2,9,22.22222222222222
2024,80601,rural,21,hombre,0,13,0.0
2024,80601,rural,21,mujer,0,9,0.0
2024,80601,rural,22,hombre,1,19,5.2631578947368425
2024,80601,rural,22,mujer,1,11,9.090909090909092
2024,80601,rural,23,hombre,0,22,0.0
2024,80601,rural,23,mujer,0,5,0.0
2024,80601,rural,24,hombre,1,13,7.6923076923076925
2024,80601,rural,24,mujer,0,7,0.0
2024,80601,rural,25,hombre,1,24,4.166666666666667
2024,80601,rural,25,mujer,1,5,20.0
2024,80601,rural,26,hombre,0,20,0.0
2024,80601,rural,26,mujer,0,8,0.0
2024,80601,rural,27,hombre,0,18,0.0
2024,80601,rural,27,mujer,0,9,0.0
2024,80601,rural,28,hombre,2,26,7.6923076923076925
2024,80601,rural,28,mujer,1,13,7.6923076923076925
2024,80602,rural,16,hombre,3,40,7.5
2024,80602,rural,16,mujer,0,6,0.0
2024,80602,rural,17,hombre,8,52,15.384615384615385
2024,80602,rural,17,mujer,1,11,9.090909090909092
2024,80602,rural,18,hombre,4,51,7.8431372549019605
2024,80602,rural,18,mujer,1,22,4.545454545454546
2024,80602,rural,19,hombre,3,55,5.454545454545454
2024,80602,rural,19,mujer,1,21,4.761904761904762
2024,80602,rural,20,hombre,3,69,4.3478260869565215
2024,80602,rural,20,mujer,1,24,4.166666666666667
2024,80602,rural,21,hombre,4,82,4.878048780487805
2024,80602,rural,21,mujer,1,37,2.7027027027027026
2024,80602,rural,22,hombre,6,83,7.228915662650603
2024,80602,rural,22,mujer,1,33,3.0303030303030303
2024,80602,rural,23,hombre,1,107,0.9345794392523364
2024,80602,rural,23,mujer,0,36,0.0
2024,80602,rural,24,hombre,2,99,2.0202020202020203
2024,80602,rural,24,mujer,2,54,3.7037037037037037
2024,80602,rural,25,hombre,1,109,0.9174311926605505
2024,80602,rural,25,mujer,1,32,3.125
2024,80602,rural,26,hombre,4,110,3.6363636363636362
2024,80602,rural,26,mujer,0,50,0.0
2024,80602,rural,27,hombre,4,89,4.49438202247191
2024,80602,rural,27,mujer,4,45,8.88888888888889
2024,80602,rural,28,hombre,4,106,3.7735849056603774
2024,80602,rural,28,mujer,3,53,5.660377358490566
2024,80602,urbana,16,hombre,2,7,28.571428571428573
2024,80602,urbana,16,mujer,1,6,16.666666666666668
2024,80602,urbana,17,hombre,1,15,6.666666666666667
2024,80602,urbana,17,mujer,1,3,33.333333333333336
2024,80602,urbana,18,hombre,2,8,25.0
2024,80602,urbana,18,mujer,0,4,0.0
2024,80602,urbana,19,hombre,1,7,14.285714285714286
2024,80602,urbana,19,mujer,0,7,0.0
2024,80602,urbana,20,hombre,2,11,18.181818181818183
2024,80602,urbana,20,mujer,0,8,0.0
2024,80602,urbana,21,hombre,1,11,9.090909090909092
2024,80602,urbana,21,mujer,0,2,0.0
2024,80602,urbana,22,hombre,1,17,5.882352941176471
2024,80602,urbana,22,mujer,0,6,0.0
2024,80602,urbana,23,hombre,0,8,0.0
2024,80602,urbana,23,mujer,0,11,0.0
2024,80602,urbana,24,hombre,0,13,0.0
2024,80602,urbana,24,mujer,0,5,0.0
2024,80602,urbana,25,hombre,0,13,0.0
2024,80602,urbana,25,mujer,1,4,25.0
2024,80602,urbana,26,hombre,0,12,0.0
2024,80602,urbana,26,mujer,0,14,0.0
2024,80602,urbana,27,hombre,0,18,0.0
2024,80602,urbana,27,mujer,0,16,0.0
2024,80602,urbana,28,hombre,0,21,0.0
2024,80602,urbana,28,mujer,1,19,5.2631578947368425
2024,80701,rural,16,hombre,2,5,40.0
2024,80701,rural,16,mujer,0,4,0.0
2024,80701,rural,17,hombre,1,13,7.6923076923076925
2024,80701,rural,17,mujer,0,2,0.0
2024,80701,rural,18,hombre,1,7,14.285714285714286
2024,80701,rural,18,mujer,0,5,0.0
2024,80701,rural,19,hombre,1,12,8.333333333333334
2024,80701,rural,19,mujer,1,3,33.333333333333336
2024,80701,rural,20,hombre,0,8,0.0
2024,80701,rural,20,mujer,0,6,0.0
2024,80701,rural,21,hombre,1,7,14.285714285714286
2024,80701,rural,21,mujer,0,8,0.0
2024,80701,rural,22,hombre,2,13,15.384615384615385
2024,80701,rural,22,mujer,0,5,0.0
2024,80701,rural,23,hombre,0,15,0.0
2024,80701,rural,23,mujer,0,7,0.0
2024,80701,rural,24,hombre,0,11,0.0
2024,80701,rural,24,mujer,0,4,0.0
2024,80701,rural,25,hombre,2,14,14.285714285714286
2024,80701,rural,25,mujer,0,4,0.0
2024,80701,rural,26,hombre,0,10,0.0
2024,80701,rural,26,mujer,1,4,25.0
2024,80701,rural,27,hombre,0,16,0.0
2024,80701,rural,27,mujer,1,8,12.5
2024,80701,rural,28,hombre,0,17,0.0
2024,80701,rural,28,mujer,1,8,12.5
2024,80701,urbana,16,hombre,1,11,9.090909090909092
2024,80701,urbana,16,mujer,0,3,0.0
2024,80701,urbana,17,hombre,1,14,7.142857142857143
2024,80701,urbana,17,mujer,0,7,0.0
2024,80701,urbana,18,hombre,0,20,0.0
2024,80701,urbana,18,mujer,0,9,0.0
2024,80701,urbana,19,hombre,0,17,0.0
2024,80701,urbana,19,mujer,0,7,0.0
2024,80701,urbana,20,hombre,0,17,0.0
2024,80701,urbana,20,mujer,0,13,0.0
2024,80701,urbana,21,hombre,2,16,12.5
2024,80701,urbana,21,mujer,0,14,0.0
2024,80701,urbana,22,hombre,1,18,5.555555555555555
2024,80701,urbana,22,mujer,0,6,0.0
2024,80701,urbana,23,hombre,0,25,0.0
2024,80701,urbana,23,mujer,1,15,6.666666666666667
2024,80701,urbana,24,hombre,1,30,3.3333333333333335
2024,80701,urbana,24,mujer,0,17,0.0
2024,80701,urbana,25,hombre,0,23,0.0
2024,80701,urbana,25,mujer,0,18,0.0
2024,80701,urbana,26,hombre,1,24,4.166666666666667
2024,80701,urbana,26,mujer,1,15,6.666666666666667
2024,80701,urbana,27,hombre,0,23,0.0
2024,80701,urbana,27,mujer,0,21,0.0
2024,80701,urbana,28,hombre,0,29,0.0
2024,80701,urbana,28,mujer,1,11,9.090909090909092
2024,80702,rural,16,hombre,0,2,0.0
2024,80702,rural,16,mujer,0,2,0.0
2024,80702,rural,17,hombre,1,8,12.5
2024,80702,rural,17,mujer,0,1,0.0
2024,80702,rural,18,hombre,1,12,8.333333333333334
2024,80702,rural,18,mujer,0,3,0.0
2024,80702,rural,19,hombre,1,11,9.090909090909092
2024,80702,rural,19,mujer,0,8,0.0
2024,80702,rural,20,hombre,0,12,0.0
2024,80702,rural,20,mujer,0,3,0.0
2024,80702,rural,21,hombre,1,14,7.142857142857143
2024,80702,rural,21,mujer,0,9,0.0
2024,80702,rural,22,hombre,0,11,0.0
2024,80702,rural,22,mujer,0,7,0.0
2024,80702,rural,23,hombre,0,16,0.0
2024,80702,rural,23,mujer,0,5,0.0
2024,80702,rural,24,hombre,0,12,0.0
2024,80702,rural,24,mujer,0,4,0.0
2024,80702,rural,25,hombre,0,10,0.0
2024,80702,rural,25,mujer,0,4,0.0
2024,80702,rural,26,hombre,0,14,0.0
2024,80702,rural,26,mujer,0,7,0.0
2024,80702,rural,27,hombre,0,8,0.0
2024,80702,rural,27,mujer,0,6,0.0
2024,80702,rural,28,hombre,1,13,7.6923076923076925
2024,80702,rural,28,mujer,0,3,0.0
2024,80702,urbana,16,hombre,1,10,10.0
2024,80702,urbana,16,mujer,3,12,25.0
2024,80702,urbana,17,hombre,0,8,0.0
2024,80702,urbana,17,mujer,0,4,0.0
2024,80702,urbana,18,hombre,0,7,0.0
2024,80702,urbana,18,mujer,1,8,12.5
2024,80702,urbana,19,hombre,1,15,6.666666666666667
2024,80702,urbana,19,mujer,0,8,0.0
2024,80702,urbana,20,hombre,0,16,0.0
2024,80702,urbana,20,mujer,0,7,0.0
2024,80702,urbana,21,hombre,1,19,5.2631578947368425
2024,80702,urbana,21,mujer,0,5,0.0
2024,80702,urbana,22,hombre,0,14,0.0
2024,80702,urbana,22,mujer,1,6,16.666666666666668
2024,80702,urbana,23,hombre,1,22,4.545454545454546
2024,80702,urbana,23,mujer,0,12,0.0
2024,80702,urbana,24,hombre,0,12,0.0
2024,80702,urbana,24,mujer,0,14,0.0
2024,80702,urbana,25,hombre,1,11,9.090909090909092
2024,80702,urbana,25,mujer,0,20,0.0
2024,80702,urbana,26,hombre,1,22,4.545454545454546
2024,80702,urbana,26,mujer,0,13,0.0
2024,80702,urbana,27,hombre,0,8,0.0
2024,80702,urbana,27,mujer,0,10,0.0
2024,80702,urbana,28,hombre,0,29,0.0
2024,80702,urbana,28,mujer,0,19,0.0
2024,80703,rural,16,hombre,0,2,0.0
2024,80703,rural,16,mujer,0,2,0.0
2024,80703,rural,17,hombre,0,5,0.0
2024,80703,rural,17,mujer,0,2,0.0
2024,80703,rural,18,hombre,0,4,0.0
2024,80703,rural,18,mujer,0,2,0.0
2024,80703,rural,19,hombre,0,2,0.0
2024,80703,rural,19,mujer,0,3,0.0
2024,80703,rural,20,hombre,0,3,0.0
2024,80703,rural,20,mujer,0,2,0.0
2024,80703,rural,21,hombre,0,3,0.0
2024,80703,rural,21,mujer,0,3,0.0
2024,80703,rural,22,hombre,0,2,0.0
2024,80703,rural,22,mujer,0,2,0.0
2024,80703,rural,23,hombre,0,8,0.0
2024,80703,rural,23,mujer,0,3,0.0
2024,80703,rural,24,hombre,0,7,0.0
2024,80703,rural,24,mujer,1,2,50.0
2024,80703,rural,25,hombre,0,9,0.0
2024,80703,rural,25,mujer,0,3,0.0
2024,80703,rural,26,hombre,0,7,0.0
2024,80703,rural,26,mujer,0,6,0.0
2024,80703,rural,27,hombre,0,7,0.0
2024,80703,rural,27,mujer,0,5,0.0
2024,80703,rural,28,hombre,0,8,0.0
2024,80703,rural,28,mujer,0,2,0.0
2024,80801,rural,16,hombre,1,8,12.5
2024,80801,rural,16,mujer,1,2,50.0
2024,80801,rural,17,hombre,2,9,22.22222222222222
2024,80801,rural,18,hombre,1,5,20.0
2024,80801,rural,19,hombre,0,6,0.0
2024,80801,rural,19,mujer,0,1,0.0
2024,80801,rural,20,hombre,0,8,0.0
2024,80801,rural,20,mujer,0,5,0.0
2024,80801,rural,21,hombre,1,11,9.090909090909092
2024,80801,rural,21,mujer,0,5,0.0
2024,80801,rural,22,hombre,0,8,0.0
2024,80801,rural,22,mujer,0,4,0.0
2024,80801,rural,23,hombre,0,8,0.0
2024,80801,rural,23,mujer,0,5,0.0
2024,80801,rural,24,hombre,0,14,0.0
2024,80801,rural,24,mujer,0,7,0.0
2024,80801,rural,25,hombre,0,20,0.0
2024,80801,rural,25,mujer,1,4,25.0
2024,80801,rural,26,hombre,0,13,0.0
2024,80801,rural,26,mujer,0,6,0.0
2024,80801,rural,27,hombre,2,17,11.764705882352942
2024,80801,rural,27,mujer,1,7,14.285714285714286
2024,80801,rural,28,hombre,1,11,9.090909090909092
2024,80801,rural,28,mujer,1,11,9.090909090909092
2024,80801,urbana,16,hombre,5,27,18.51851851851852
2024,80801,urbana,16,mujer,0,4,0.0
2024,80801,urbana,17,hombre,4,21,19.047619047619047
2024,80801,urbana,17,mujer,4,11,36.36363636363637
2024,80801,urbana,18,hombre,3,21,14.285714285714286
2024,80801,urbana,18,mujer,4,11,36.36363636363637
2024,80801,urbana,19,hombre,4,25,16.0
2024,80801,urbana,19,mujer,1,7,14.285714285714286
2024,80801,urbana,20,hombre,2,27,7.407407407407407
2024,80801,urbana,20,mujer,1,17,5.882352941176471
2024,80801,urbana,21,hombre,4,33,12.121212121212121
2024,80801,urbana,21,mujer,0,11,0.0
2024,80801,urbana,22,hombre,4,30,13.333333333333334
2024,80801,urbana,22,mujer,1,12,8.333333333333334
2024,80801,urbana,23,hombre,2,39,5.128205128205129
2024,80801,urbana,23,mujer,3,19,15.789473684210526
2024,80801,urbana,24,hombre,4,45,8.88888888888889
2024,80801,urbana,24,mujer,3,27,11.11111111111111
2024,80801,urbana,25,hombre,1,28,3.5714285714285716
2024,80801,urbana,25,mujer,0,19,0.0
2024,80801,urbana,26,hombre,2,48,4.166666666666667
2024,80801,urbana,26,mujer,1,24,4.166666666666667
2024,80801,urbana,27,hombre,0,43,0.0
2024,80801,urbana,27,mujer,2,29,6.896551724137931
2024,80801,urbana,28,hombre,1,40,2.5
2024,80801,urbana,28,mujer,0,25,0.0
2024,80802,rural,16,hombre,1,8,12.5
2024,80802,rural,16,mujer,1,4,25.0
2024,80802,rural,17,hombre,1,15,6.666666666666667
2024,80802,rural,17,mujer,1,5,20.0
2024,80802,rural,18,hombre,2,28,7.142857142857143
2024,80802,rural,18,mujer,1,7,14.285714285714286
2024,80802,rural,19,hombre,0,23,0.0
2024,80802,rural,19,mujer,0,10,0.0
2024,80802,rural,20,hombre,1,37,2.7027027027027026
2024,80802,rural,20,mujer,0,11,0.0
2024,80802,rural,21,hombre,0,26,0.0
2024,80802,rural,21,mujer,0,14,0.0
2024,80802,rural,22,hombre,4,43,9.30232558139535
2024,80802,rural,22,mujer,1,16,6.25
2024,80802,rural,23,hombre,1,38,2.6315789473684212
2024,80802,rural,23,mujer,0,22,0.0
2024,80802,rural,24,hombre,2,54,3.7037037037037037
2024,80802,rural,24,mujer,1,23,4.3478260869565215
2024,80802,rural,25,hombre,4,41,9.75609756097561
2024,80802,rural,25,mujer,2,17,11.764705882352942
2024,80802,rural,26,hombre,4,45,8.88888888888889
2024,80802,rural,26,mujer,0,19,0.0
2024,80802,rural,27,hombre,3,39,7.6923076923076925
2024,80802,rural,27,mujer,1,24,4.166666666666667
2024,80802,rural,28,hombre,2,53,3.7735849056603774
2024,80802,rural,28,mujer,1,24,4.166666666666667
2024,80802,urbana,16,hombre,0,3,0.0
2024,80802,urbana,16,mujer,0,1,0.0
2024,80802,urbana,17,hombre,2,7,28.571428571428573
2024,80802,urbana,18,hombre,1,4,25.0
2024,80802,urbana,18,mujer,0,4,0.0
2024,80802,urbana,19,hombre,0,6,0.0
2024,80802,urbana,19,mujer,0,3,0.0
2024,80802,urbana,20,hombre,0,5,0.0
2024,80802,urbana,20,mujer,0,4,0.0
2024,80802,urbana,21,hombre,0,4,0.0
2024,80802,urbana,21,mujer,1,2,50.0
2024,80802,urbana,22,hombre,0,4,0.0
2024,80802,urbana,22,mujer,0,3,0.0
2024,80802,urbana,23,hombre,1,8,12.5
2024,80802,urbana,23,mujer,0,4,0.0
2024,80802,urbana,24,hombre,0,7,0.0
2024,80802,urbana,24,mujer,0,5,0.0
2024,80802,urbana,25,hombre,1,7,14.285714285714286
2024,80802,urbana,25,mujer,0,5,0.0
2024,80802,urbana,26,hombre,1,7,14.285714285714286
2024,80802,urbana,26,mujer,0,3,0.0
2024,80802,urbana,27,hombre,0,10,0.0
2024,80802,urbana,27,mujer,0,3,0.0
2024,80802,urbana,28,hombre,0,14,0.0
2024,80802,urbana,28,mujer,1,6,16.666666666666668
2024,80803,rural,16,hombre,1,1,100.0
2024,80803,rural,16,mujer,0,1,0.0
2024,80803,rural,17,hombre,1,5,20.0
2024,80803,rural,18,hombre,0,4,0.0
2024,80803,rural,18,mujer,0,3,0.0
2024,80803,rural,19,hombre,2,8,25.0
2024,80803,rural,19,mujer,0,7,0.0
2024,80803,rural,20,hombre,0,12,0.0
2024,80803,rural,20,mujer,0,4,0.0
2024,80803,rural,21,hombre,0,13,0.0
2024,80803,rural,21,mujer,1,5,20.0
2024,80803,rural,22,hombre,0,9,0.0
2024,80803,rural,22,mujer,0,6,0.0
2024,80803,rural,23,hombre,0,17,0.0
2024,80803,rural,23,mujer,0,4,0.0
2024,80803,rural,24,hombre,0,19,0.0
2024,80803,rural,24,mujer,0,4,0.0
2024,80803,rural,25,hombre,0,13,0.0
2024,80803,rural,25,mujer,0,9,0.0
2024,80803,rural,26,hombre,2,10,20.0
2024,80803,rural,26,mujer,0,9,0.0
2024,80803,rural,27,hombre,1,16,6.25
2024,80803,rural,27,mujer,0,4,0.0
2024,80803,rural,28,hombre,0,14,0.0
2024,80803,rural,28,mujer,1,7,14.285714285714286
2024,80803,urbana,16,hombre,0,4,0.0
2024,80803,urbana,16,mujer,1,2,50.0
2024,80803,urbana,17,hombre,2,10,20.0
2024,80803,urbana,17,mujer,0,2,0.0
2024,80803,urbana,18,hombre,1,2,50.0
2024,80803,urbana,18,mujer,1,3,33.333333333333336
2024,80803,urbana,19,hombre,1,8,12.5
2024,80803,urbana,19,mujer,0,1,0.0
2024,80803,urbana,20,hombre,0,10,0.0
2024,80803,urbana,20,mujer,1,5,20.0
2024,80803,urbana,21,hombre,0,6,0.0
2024,80803,urbana,21,mujer,2,5,40.0
2024,80803,urbana,22,hombre,0,7,0.0
2024,80803,urbana,22,mujer,0,3,0.0
2024,80803,urbana,23,hombre,0,12,0.0
2024,80803,urbana,23,mujer,0,2,0.0
2024,80803,urbana,24,hombre,1,15,6.666666666666667
2024,80803,urbana,24,mujer,0,5,0.0
2024,80803,urbana,25,hombre,0,8,0.0
2024,80803,urbana,25,mujer,0,2,0.0
2024,80803,urbana,26,hombre,0,13,0.0
2024,80803,urbana,26,mujer,0,6,0.0
2024,80803,urbana,27,hombre,1,12,8.333333333333334
2024,80803,urbana,27,mujer,0,3,0.0
2024,80803,urbana,28,hombre,0,11,0.0
2024,80803,urbana,28,mujer,0,9,0.0
2024,80901,rural,16,hombre,4,18,22.22222222222222
2024,80901,rural,16,mujer,1,5,20.0
2024,80901,rural,17,hombre,1,15,6.666666666666667
2024,80901,rural,17,mujer,0,6,0.0
2024,80901,rural,18,hombre,1,15,6.666666666666667
2024,80901,rural,18,mujer,0,3,0.0
2024,80901,rural,19,hombre,0,10,0.0
2024,80901,rural,19,mujer,0,4,0.0
2024,80901,rural,20,hombre,0,13,0.0
2024,80901,rural,20,mujer,0,10,0.0
2024,80901,rural,21,hombre,2,23,8.695652173913043
2024,80901,rural,21,mujer,0,5,0.0
2024,80901,rural,22,hombre,1,10,10.0
2024,80901,rural,22,mujer,2,5,40.0
2024,80901,rural,23,hombre,2,9,22.22222222222222
2024,80901,rural,23,mujer,0,6,0.0
2024,80901,rural,24,hombre,1,25,4.0
2024,80901,rural,24,mujer,0,5,0.0
2024,80901,rural,25,hombre,0,22,0.0
2024,80901,rural,25,mujer,5,9,55.55555555555556
2024,80901,rural,26,hombre,1,16,6.25
2024,80901,rural,26,mujer,1,10,10.0
2024,80901,rural,27,hombre,0,10,0.0
2024,80901,rural,27,mujer,0,9,0.0
2024,80901,rural,28,hombre,1,15,6.666666666666667
2024,80901,rural,28,mujer,0,2,0.0
2024,90101,rural,16,hombre,0,4,0.0
2024,90101,rural,16,mujer,0,1,0.0
2024,90101,rural,17,hombre,0,3,0.0
2024,90101,rural,18,hombre,2,8,25.0
2024,90101,rural,18,mujer,0,1,0.0
2024,90101,rural,19,hombre,1,3,33.333333333333336
2024,90101,rural,19,mujer,1,5,20.0
2024,90101,rural,20,hombre,1,7,14.285714285714286
2024,90101,rural,20,mujer,0,3,0.0
2024,90101,rural,21,hombre,0,3,0.0
2024,90101,rural,21,mujer,1,3,33.333333333333336
2024,90101,rural,22,hombre,0,5,0.0
2024,90101,rural,22,mujer,1,7,14.285714285714286
2024,90101,rural,23,hombre,0,19,0.0
2024,90101,rural,23,mujer,2,9,22.22222222222222
2024,90101,rural,24,hombre,0,10,0.0
2024,90101,rural,24,mujer,1,6,16.666666666666668
2024,90101,rural,25,hombre,0,12,0.0
2024,90101,rural,25,mujer,1,3,33.333333333333336
2024,90101,rural,26,hombre,0,12,0.0
2024,90101,rural,26,mujer,0,5,0.0
2024,90101,rural,27,hombre,0,6,0.0
2024,90101,rural,27,mujer,0,5,0.0
2024,90101,rural,28,hombre,0,14,0.0
2024,90101,rural,28,mujer,0,10,0.0
2024,90101,urbana,16,hombre,33,106,31.132075471698112
2024,90101,urbana,16,mujer,23,74,31.08108108108108
2024,90101,urbana,17,hombre,28,151,18.543046357615893
2024,90101,urbana,17,mujer,19,98,19.387755102040817
2024,90101,urbana,18,hombre,23,227,10.13215859030837
2024,90101,urbana,18,mujer,21,143,14.685314685314685
2024,90101,urbana,19,hombre,20,222,9.00900900900901
2024,90101,urbana,19,mujer,21,149,14.093959731543624
2024,90101,urbana,20,hombre,19,263,7.224334600760456
2024,90101,urbana,20,mujer,18,201,8.955223880597014
2024,90101,urbana,21,hombre,14,284,4.929577464788732
2024,90101,urbana,21,mujer,13,227,5.726872246696035
2024,90101,urbana,22,hombre,21,297,7.070707070707071
2024,90101,urbana,22,mujer,17,254,6.692913385826771
2024,90101,urbana,23,hombre,11,384,2.8645833333333335
2024,90101,urbana,23,mujer,14,251,5.577689243027889
2024,90101,urbana,24,hombre,11,399,2.756892230576441
2024,90101,urbana,24,mujer,14,256,5.46875
2024,90101,urbana,25,hombre,4,341,1.1730205278592376
2024,90101,urbana,25,mujer,12,256,4.6875
2024,90101,urbana,26,hombre,8,346,2.3121387283236996
2024,90101,urbana,26,mujer,12,275,4.363636363636363
2024,90101,urbana,27,hombre,8,347,2.3054755043227666
2024,90101,urbana,27,mujer,6,280,2.142857142857143
2024,90101,urbana,28,hombre,8,335,2.388059701492537
2024,90101,urbana,28,mujer,3,276,1.0869565217391304
2024,90102,rural,16,hombre,0,3,0.0
2024,90102,rural,16,mujer,1,3,33.333333333333336
2024,90102,rural,17,hombre,1,2,50.0
2024,90102,rural,17,mujer,1,1,100.0
2024,90102,rural,18,hombre,2,11,18.181818181818183
2024,90102,rural,18,mujer,0,4,0.0
2024,90102,rural,19,hombre,2,7,28.571428571428573
2024,90102,rural,19,mujer,1,7,14.285714285714286
2024,90102,rural,20,hombre,0,4,0.0
2024,90102,rural,20,mujer,0,5,0.0
2024,90102,rural,21,hombre,0,6,0.0
2024,90102,rural,21,mujer,1,4,25.0
2024,90102,rural,22,hombre,0,5,0.0
2024,90102,rural,22,mujer,0,2,0.0
2024,90102,rural,23,hombre,1,15,6.666666666666667
2024,90102,rural,23,mujer,0,8,0.0
2024,90102,rural,24,hombre,1,9,11.11111111111111
2024,90102,rural,24,mujer,0,7,0.0
2024,90102,rural,25,hombre,1,11,9.090909090909092
2024,90102,rural,25,mujer,0,5,0.0
2024,90102,rural,26,hombre,0,7,0.0
2024,90102,rural,26,mujer,0,3,0.0
2024,90102,rural,27,hombre,0,12,0.0
2024,90102,rural,27,mujer,0,9,0.0
2024,90102,rural,28,hombre,0,6,0.0
2024,90102,rural,28,mujer,1,7,14.285714285714286
2024,90102,urbana,16,hombre,1,18,5.555555555555555
2024,90102,urbana,16,mujer,1,3,33.333333333333336
2024,90102,urbana,17,hombre,4,20,20.0
2024,90102,urbana,17,mujer,1,9,11.11111111111111
2024,90102,urbana,18,hombre,1,27,3.7037037037037037
2024,90102,urbana,18,mujer,2,15,13.333333333333334
2024,90102,urbana,19,hombre,2,19,10.526315789473685
2024,90102,urbana,19,mujer,0,17,0.0
2024,90102,urbana,20,hombre,2,40,5.0
2024,90102,urbana,20,mujer,4,30,13.333333333333334
2024,90102,urbana,21,hombre,0,22,0.0
2024,90102,urbana,21,mujer,1,16,6.25
2024,90102,urbana,22,hombre,1,35,2.857142857142857
2024,90102,urbana,22,mujer,0,19,0.0
2024,90102,urbana,23,hombre,2,40,5.0
2024,90102,urbana,23,mujer,0,31,0.0
2024,90102,urbana,24,hombre,1,49,2.0408163265306123
2024,90102,urbana,24,mujer,0,37,0.0
2024,90102,urbana,25,hombre,0,43,0.0
2024,90102,urbana,25,mujer,0,27,0.0
2024,90102,urbana,26,hombre,0,26,0.0
2024,90102,urbana,26,mujer,0,12,0.0
2024,90102,urbana,27,hombre,0,39,0.0
2024,90102,urbana,27,mujer,0,27,0.0
2024,90102,urbana,28,hombre,0,32,0.0
2024,90102,urbana,28,mujer,0,30,0.0
2024,90103,rural,16,hombre,3,7,42.857142857142854
2024,90103,rural,16,mujer,1,2,50.0
2024,90103,rural,17,hombre,2,13,15.384615384615385
2024,90103,rural,18,hombre,1,10,10.0
2024,90103,rural,18,mujer,0,6,0.0
2024,90103,rural,19,hombre,2,13,15.384615384615385
2024,90103,rural,19,mujer,0,4,0.0
2024,90103,rural,20,hombre,0,11,0.0
2024,90103,rural,20,mujer,1,4,25.0
2024,90103,rural,21,hombre,0,7,0.0
2024,90103,rural,21,mujer,2,13,15.384615384615385
2024,90103,rural,22,hombre,0,12,0.0
2024,90103,rural,22,mujer,1,5,20.0
2024,90103,rural,23,hombre,2,18,11.11111111111111
2024,90103,rural,23,mujer,0,9,0.0
2024,90103,rural,24,hombre,0,21,0.0
2024,90103,rural,24,mujer,2,10,20.0
2024,90103,rural,25,hombre,1,15,6.666666666666667
2024,90103,rural,25,mujer,1,7,14.285714285714286
2024,90103,rural,26,hombre,0,19,0.0
2024,90103,rural,26,mujer,0,6,0.0
2024,90103,rural,27,hombre,1,16,6.25
2024,90103,rural,27,mujer,1,7,14.285714285714286
2024,90103,rural,28,hombre,1,16,6.25
2024,90103,rural,28,mujer,0,4,0.0
2024,90104,rural,16,hombre,2,4,50.0
2024,90104,rural,16,mujer,1,6,16.666666666666668
2024,90104,rural,17,hombre,3,12,25.0
2024,90104,rural,17,mujer,1,4,25.0
2024,90104,rural,18,hombre,1,10,10.0
2024,90104,rural,18,mujer,0,9,0.0
2024,90104,rural,19,hombre,2,14,14.285714285714286
2024,90104,rural,19,mujer,1,3,33.333333333333336
2024,90104,rural,20,hombre,2,21,9.523809523809524
2024,90104,rural,20,mujer,0,7,0.0
2024,90104,rural,21,hombre,1,26,3.8461538461538463
2024,90104,rural,21,mujer,2,5,40.0
2024,90104,rural,22,hombre,1,16,6.25
2024,90104,rural,22,mujer,0,13,0.0
2024,90104,rural,23,hombre,2,22,9.090909090909092
2024,90104,rural,23,mujer,0,8,0.0
2024,90104,rural,24,hombre,2,32,6.25
2024,90104,rural,24,mujer,1,14,7.142857142857143
2024,90104,rural,25,hombre,1,24,4.166666666666667
2024,90104,rural,25,mujer,0,15,0.0
2024,90104,rural,26,hombre,0,24,0.0
2024,90104,rural,26,mujer,1,9,11.11111111111111
2024,90104,rural,27,hombre,1,33,3.0303030303030303
2024,90104,rural,27,mujer,0,10,0.0
2024,90104,rural,28,hombre,1,28,3.5714285714285716
2024,90104,rural,28,mujer,0,12,0.0
2024,90201,rural,16,hombre,0,12,0.0
2024,90201,rural,16,mujer,0,7,0.0
2024,90201,rural,17,hombre,1,17,5.882352941176471
2024,90201,rural,17,mujer,0,1,0.0
2024,90201,rural,18,hombre,1,21,4.761904761904762
2024,90201,rural,18,mujer,2,7,28.571428571428573
2024,90201,rural,19,hombre,2,9,22.22222222222222
2024,90201,rural,19,mujer,2,5,40.0
2024,90201,rural,20,hombre,0,19,0.0
2024,90201,rural,20,mujer,0,7,0.0
2024,90201,rural,21,hombre,2,26,7.6923076923076925
2024,90201,rural,21,mujer,0,6,0.0
2024,90201,rural,22,hombre,0,33,0.0
2024,90201,rural,22,mujer,0,3,0.0
2024,90201,rural,23,hombre,1,30,3.3333333333333335
2024,90201,rural,23,mujer,0,7,0.0
2024,90201,rural,24,hombre,0,24,0.0
2024,90201,rural,24,mujer,0,2,0.0
2024,90201,rural,25,hombre,0,27,0.0
2024,90201,rural,25,mujer,0,11,0.0
2024,90201,rural,26,hombre,0,28,0.0
2024,90201,rural,26,mujer,0,12,0.0
2024,90201,rural,27,hombre,0,26,0.0
2024,90201,rural,27,mujer,1,8,12.5
2024,90201,rural,28,hombre,0,34,0.0
2024,90201,rural,28,mujer,0,14,0.0
2024,90201,urbana,16,hombre,2,4,50.0
2024,90201,urbana,16,mujer,2,7,28.571428571428573
2024,90201,urbana,17,hombre,3,9,33.333333333333336
2024,90201,urbana,17,mujer,2,9,22.22222222222222
2024,90201,urbana,18,hombre,0,13,0.0
2024,90201,urbana,18,mujer,2,9,22.22222222222222
2024,90201,urbana,19,hombre,1,6,16.666666666666668
2024,90201,urbana,19,mujer,1,9,11.11111111111111
2024,90201,urbana,20,hombre,2,15,13.333333333333334
2024,90201,urbana,20,mujer,1,7,14.285714285714286
2024,90201,urbana,21,hombre,1,10,10.0
2024,90201,urbana,21,mujer,2,17,11.764705882352942
2024,90201,urbana,22,hombre,4,25,16.0
2024,90201,urbana,22,mujer,0,14,0.0
2024,90201,urbana,23,hombre,1,31,3.225806451612903
2024,90201,urbana,23,mujer,0,13,0.0
2024,90201,urbana,24,hombre,1,20,5.0
2024,90201,urbana,24,mujer,1,12,8.333333333333334
2024,90201,urbana,25,hombre,3,31,9.67741935483871
2024,90201,urbana,25,mujer,0,14,0.0
2024,90201,urbana,26,hombre,0,25,0.0
2024,90201,urbana,26,mujer,1,16,6.25
2024,90201,urbana,27,hombre,0,23,0.0
2024,90201,urbana,27,mujer,0,10,0.0
2024,90201,urbana,28,hombre,2,14,14.285714285714286
2024,90201,urbana,28,mujer,2,18,11.11111111111111
2024,90202,rural,16,hombre,4,12,33.333333333333336
2024,90202,rural,16,mujer,3,9,33.333333333333336
2024,90202,rural,17,hombre,3,14,21.428571428571427
2024,90202,rural,17,mujer,4,12,33.333333333333336
2024,90202,rural,18,hombre,1,12,8.333333333333334
2024,90202,rural,18,mujer,5,9,55.55555555555556
2024,90202,rural,19,hombre,4,23,17.391304347826086
2024,90202,rural,19,mujer,6,13,46.15384615384615
2024,90202,rural,20,hombre,3,24,12.5
2024,90202,rural,20,mujer,3,9,33.333333333333336
2024,90202,rural,21,hombre,4,21,19.047619047619047
2024,90202,rural,21,mujer,4,11,36.36363636363637
2024,90202,rural,22,hombre,10,23,43.47826086956522
2024,90202,rural,22,mujer,1,9,11.11111111111111
2024,90202,rural,23,hombre,2,14,14.285714285714286
2024,90202,rural,23,mujer,2,4,50.0
2024,90202,rural,24,hombre,7,27,25.925925925925927
2024,90202,rural,24,mujer,3,11,27.272727272727273
2024,90202,rural,25,hombre,0,16,0.0
2024,90202,rural,25,mujer,1,9,11.11111111111111
2024,90202,rural,26,hombre,0,18,0.0
2024,90202,rural,26,mujer,0,5,0.0
2024,90202,rural,27,hombre,2,25,8.0
2024,90202,rural,27,mujer,0,13,0.0
2024,90202,rural,28,hombre,2,23,8.695652173913043
2024,90202,rural,28,mujer,1,10,10.0
2024,90203,rural,16,hombre,1,21,4.761904761904762
2024,90203,rural,16,mujer,0,2,0.0
2024,90203,rural,17,hombre,1,28,3.5714285714285716
2024,90203,rural,17,mujer,1,12,8.333333333333334
2024,90203,rural,18,hombre,2,33,6.0606060606060606
2024,90203,rural,18,mujer,0,10,0.0
2024,90203,rural,19,hombre,2,42,4.761904761904762
2024,90203,rural,19,mujer,1,15,6.666666666666667
2024,90203,rural,20,hombre,2,35,5.714285714285714
2024,90203,rural,20,mujer,1,13,7.6923076923076925
2024,90203,rural,21,hombre,2,52,3.8461538461538463
2024,90203,rural,21,mujer,1,24,4.166666666666667
2024,90203,rural,22,hombre,0,54,0.0
2024,90203,rural,22,mujer,2,18,11.11111111111111
2024,90203,rural,23,hombre,0,67,0.0
2024,90203,rural,23,mujer,2,34,5.882352941176471
2024,90203,rural,24,hombre,0,58,0.0
2024,90203,rural,24,mujer,1,24,4.166666666666667
2024,90203,rural,25,hombre,0,52,0.0
2024,90203,rural,25,mujer,0,20,0.0
2024,90203,rural,26,hombre,2,73,2.73972602739726
2024,90203,rural,26,mujer,2,28,7.142857142857143
2024,90203,rural,27,hombre,2,57,3.508771929824561
2024,90203,rural,27,mujer,0,14,0.0
2024,90203,rural,28,hombre,2,73,2.73972602739726
2024,90203,rural,28,mujer,3,18,16.666666666666668
2024,90301,rural,16,hombre,2,9,22.22222222222222
2024,90301,rural,16,mujer,2,5,40.0
2024,90301,rural,17,hombre,2,13,15.384615384615385
2024,90301,rural,17,mujer,1,16,6.25
2024,90301,rural,18,hombre,0,21,0.0
2024,90301,rural,18,mujer,1,18,5.555555555555555
2024,90301,rural,19,hombre,1,20,5.0
2024,90301,rural,19,mujer,2,16,12.5
2024,90301,rural,20,hombre,0,41,0.0
2024,90301,rural,20,mujer,0,10,0.0
2024,90301,rural,21,hombre,1,28,3.5714285714285716
2024,90301,rural,21,mujer,0,10,0.0
2024,90301,rural,22,hombre,0,28,0.0
2024,90301,rural,22,mujer,2,15,13.333333333333334
2024,90301,rural,23,hombre,0,38,0.0
2024,90301,rural,23,mujer,1,18,5.555555555555555
2024,90301,rural,24,hombre,1,51,1.9607843137254901
2024,90301,rural,24,mujer,0,28,0.0
2024,90301,rural,25,hombre,0,47,0.0
2024,90301,rural,25,mujer,0,23,0.0
2024,90301,rural,26,hombre,1,29,3.4482758620689653
2024,90301,rural,26,mujer,0,23,0.0
2024,90301,rural,27,hombre,2,64,3.125
2024,90301,rural,27,mujer,0,43,0.0
2024,90301,rural,28,hombre,2,68,2.9411764705882355
2024,90301,rural,28,mujer,2,39,5.128205128205129
2024,90301,urbana,16,hombre,2,3,66.66666666666667
2024,90301,urbana,16,mujer,2,2,100.0
2024,90301,urbana,17,hombre,0,6,0.0
2024,90301,urbana,17,mujer,0,2,0.0
2024,90301,urbana,18,hombre,0,4,0.0
2024,90301,urbana,18,mujer,0,4,0.0
2024,90301,urbana,19,hombre,0,5,0.0
2024,90301,urbana,19,mujer,1,3,33.333333333333336
2024,90301,urbana,20,hombre,0,3,0.0
2024,90301,urbana,21,hombre,0,13,0.0
2024,90301,urbana,21,mujer,0,7,0.0
2024,90301,urbana,22,hombre,0,9,0.0
2024,90301,urbana,22,mujer,0,3,0.0
2024,90301,urbana,23,hombre,0,12,0.0
2024,90301,urbana,23,mujer,1,4,25.0
2024,90301,urbana,24,hombre,0,12,0.0
2024,90301,urbana,24,mujer,0,5,0.0
2024,90301,urbana,25,hombre,0,7,0.0
2024,90301,urbana,25,mujer,0,1,0.0
2024,90301,urbana,26,hombre,3,17,17.647058823529413
2024,90301,urbana,26,mujer,0,4,0.0
2024,90301,urbana,27,hombre,1,11,9.090909090909092
2024,90301,urbana,27,mujer,0,8,0.0
2024,90301,urbana,28,hombre,1,12,8.333333333333334
2024,90301,urbana,28,mujer,0,13,0.0
2024,90302,rural,16,hombre,4,22,18.181818181818183
2024,90302,rural,16,mujer,4,12,33.333333333333336
2024,90302,rural,17,hombre,3,39,7.6923076923076925
2024,90302,rural,17,mujer,4,23,17.391304347826086
2024,90302,rural,18,hombre,3,51,5.882352941176471
2024,90302,rural,18,mujer,3,16,18.75
2024,90302,rural,19,hombre,1,32,3.125
2024,90302,rural,19,mujer,2,19,10.526315789473685
2024,90302,rural,20,hombre,2,72,2.7777777777777777
2024,90302,rural,20,mujer,3,29,10.344827586206897
2024,90302,rural,21,hombre,2,49,4.081632653061225
2024,90302,rural,21,mujer,1,27,3.7037037037037037
2024,90302,rural,22,hombre,5,83,6.024096385542169
2024,90302,rural,22,mujer,0,26,0.0
2024,90302,rural,23,hombre,4,61,6.557377049180328
2024,90302,rural,23,mujer,2,25,8.0
2024,90302,rural,24,hombre,1,74,1.3513513513513513
2024,90302,rural,24,mujer,1,40,2.5
2024,90302,rural,25,hombre,0,59,0.0
2024,90302,rural,25,mujer,3,43,6.976744186046512
2024,90302,rural,26,hombre,2,64,3.125
2024,90302,rural,26,mujer,4,32,12.5
2024,90302,rural,27,hombre,0,71,0.0
2024,90302,rural,27,mujer,0,41,0.0
2024,90302,rural,28,hombre,1,74,1.3513513513513513
2024,90302,rural,28,mujer,4,44,9.090909090909092
2024,90303,rural,16,hombre,1,17,5.882352941176471
2024,90303,rural,16,mujer,0,1,0.0
2024,90303,rural,17,hombre,1,26,3.8461538461538463
2024,90303,rural,17,mujer,0,7,0.0
2024,90303,rural,18,hombre,1,24,4.166666666666667
2024,90303,rural,18,mujer,0,10,0.0
2024,90303,rural,19,hombre,2,32,6.25
2024,90303,rural,19,mujer,1,13,7.6923076923076925
2024,90303,rural,20,hombre,0,35,0.0
2024,90303,rural,20,mujer,0,4,0.0
2024,90303,rural,21,hombre,1,37,2.7027027027027026
2024,90303,rural,21,mujer,0,15,0.0
2024,90303,rural,22,hombre,1,38,2.6315789473684212
2024,90303,rural,22,mujer,0,17,0.0
2024,90303,rural,23,hombre,2,44,4.545454545454546
2024,90303,rural,23,mujer,1,14,7.142857142857143
2024,90303,rural,24,hombre,1,42,2.380952380952381
2024,90303,rural,24,mujer,1,23,4.3478260869565215
2024,90303,rural,25,hombre,2,37,5.405405405405405
2024,90303,rural,25,mujer,0,17,0.0
2024,90303,rural,26,hombre,0,49,0.0
2024,90303,rural,26,mujer,1,16,6.25
2024,90303,rural,27,hombre,0,46,0.0
2024,90303,rural,27,mujer,1,17,5.882352941176471
2024,90303,rural,28,hombre,0,35,0.0
2024,90303,rural,28,mujer,0,17,0.0
2024,90303,urbana,16,hombre,2,16,12.5
2024,90303,urbana,16,mujer,1,12,8.333333333333334
2024,90303,urbana,17,hombre,1,23,4.3478260869565215
2024,90303,urbana,17,mujer,4,10,40.0
2024,90303,urbana,18,hombre,1,21,4.761904761904762
2024,90303,urbana,18,mujer,1,9,11.11111111111111
2024,90303,urbana,19,hombre,0,17,0.0
2024,90303,urbana,19,mujer,0,16,0.0
2024,90303,urbana,20,hombre,0,23,0.0
2024,90303,urbana,20,mujer,2,13,15.384615384615385
2024,90303,urbana,21,hombre,0,27,0.0
2024,90303,urbana,21,mujer,2,18,11.11111111111111
2024,90303,urbana,22,hombre,2,30,6.666666666666667
2024,90303,urbana,22,mujer,0,18,0.0
2024,90303,urbana,23,hombre,0,26,0.0
2024,90303,urbana,23,mujer,0,11,0.0
2024,90303,urbana,24,hombre,0,33,0.0
2024,90303,urbana,24,mujer,1,24,4.166666666666667
2024,90303,urbana,25,hombre,1,29,3.4482758620689653
2024,90303,urbana,25,mujer,0,16,0.0
2024,90303,urbana,26,hombre,0,32,0.0
2024,90303,urbana,26,mujer,0,16,0.0
2024,90303,urbana,27,hombre,0,31,0.0
2024,90303,urbana,27,mujer,0,15,0.0
2024,90303,urbana,28,hombre,0,28,0.0
2024,90303,urbana,28,mujer,0,26,0.0
2024,90401,rural,16,hombre,0,14,0.0
2024,90401,rural,16,mujer,0,1,0.0
2024,90401,rural,17,hombre,1,14,7.142857142857143
2024,90401,rural,17,mujer,1,3,33.333333333333336
2024,90401,rural,18,hombre,0,13,0.0
2024,90401,rural,18,mujer,1,7,14.285714285714286
2024,90401,rural,19,hombre,2,15,13.333333333333334
2024,90401,rural,19,mujer,1,4,25.0
2024,90401,rural,20,hombre,1,8,12.5
2024,90401,rural,20,mujer,0,4,0.0
2024,90401,rural,21,hombre,0,25,0.0
2024,90401,rural,21,mujer,0,6,0.0
2024,90401,rural,22,hombre,0,19,0.0
2024,90401,rural,22,mujer,0,3,0.0
2024,90401,rural,23,hombre,0,26,0.0
2024,90401,rural,23,mujer,1,11,9.090909090909092
2024,90401,rural,24,hombre,0,24,0.0
2024,90401,rural,24,mujer,0,5,0.0
2024,90401,rural,25,hombre,0,22,0.0
2024,90401,rural,25,mujer,0,6,0.0
2024,90401,rural,26,hombre,1,24,4.166666666666667
2024,90401,rural,26,mujer,0,13,0.0
2024,90401,rural,27,hombre,0,25,0.0
2024,90401,rural,27,mujer,0,9,0.0
2024,90401,rural,28,hombre,0,26,0.0
2024,90401,rural,28,mujer,1,6,16.666666666666668
2024,90402,rural,16,hombre,3,8,37.5
2024,90402,rural,16,mujer,0,1,0.0
2024,90402,rural,17,hombre,7,17,41.1764705882353
2024,90402,rural,17,mujer,2,6,33.333333333333336
2024,90402,rural,18,hombre,0,13,0.0
2024,90402,rural,18,mujer,0,6,0.0
2024,90402,rural,19,hombre,1,15,6.666666666666667
2024,90402,rural,19,mujer,0,7,0.0
2024,90402,rural,20,hombre,2,17,11.764705882352942
2024,90402,rural,20,mujer,0,4,0.0
2024,90402,rural,21,hombre,0,14,0.0
2024,90402,rural,21,mujer,1,6,16.666666666666668
2024,90402,rural,22,hombre,2,25,8.0
2024,90402,rural,22,mujer,0,7,0.0
2024,90402,rural,23,hombre,0,21,0.0
2024,90402,rural,23,mujer,1,10,10.0
2024,90402,rural,24,hombre,1,15,6.666666666666667
2024,90402,rural,24,mujer,0,8,0.0
2024,90402,rural,25,hombre,0,14,0.0
2024,90402,rural,25,mujer,0,6,0.0
2024,90402,rural,26,hombre,1,21,4.761904761904762
2024,90402,rural,26,mujer,1,8,12.5
2024,90402,rural,27,hombre,1,28,3.5714285714285716
2024,90402,rural,27,mujer,1,5,20.0
2024,90402,rural,28,hombre,1,28,3.5714285714285716
2024,90402,rural,28,mujer,0,4,0.0
2024,90501,rural,16,hombre,2,4,50.0
2024,90501,rural,16,mujer,1,1,100.0
2024,90501,rural,17,hombre,0,7,0.0
2024,90501,rural,17,mujer,0,4,0.0
2024,90501,rural,18,hombre,0,3,0.0
2024,90501,rural,18,mujer,0,1,0.0
2024,90501,rural,19,hombre,2,10,20.0
2024,90501,rural,19,mujer,0,2,0.0
2024,90501,rural,20,hombre,1,10,10.0
2024,90501,rural,20,mujer,0,1,0.0
2024,90501,rural,21,hombre,0,6,0.0
2024,90501,rural,22,hombre,0,9,0.0
2024,90501,rural,22,mujer,0,2,0.0
2024,90501,rural,23,hombre,1,10,10.0
2024,90501,rural,23,mujer,0,4,0.0
2024,90501,rural,24,hombre,0,6,0.0
2024,90501,rural,24,mujer,1,3,33.333333333333336
2024,90501,rural,25,hombre,1,15,6.666666666666667
2024,90501,rural,25,mujer,1,5,20.0
2024,90501,rural,26,hombre,0,6,0.0
2024,90501,rural,26,mujer,0,3,0.0
2024,90501,rural,27,hombre,1,13,7.6923076923076925
2024,90501,rural,27,mujer,1,6,16.666666666666668
2024,90501,rural,28,hombre,0,4,0.0
2024,90501,rural,28,mujer,1,8,12.5
2024,90502,rural,16,hombre,0,7,0.0
2024,90502,rural,16,mujer,0,1,0.0
2024,90502,rural,17,hombre,0,8,0.0
2024,90502,rural,17,mujer,0,4,0.0
2024,90502,rural,18,hombre,0,9,0.0
2024,90502,rural,18,mujer,0,3,0.0
2024,90502,rural,19,hombre,0,11,0.0
2024,90502,rural,19,mujer,0,2,0.0
2024,90502,rural,20,hombre,1,16,6.25
2024,90502,rural,21,hombre,0,13,0.0
2024,90502,rural,21,mujer,1,6,16.666666666666668
2024,90502,rural,22,hombre,0,17,0.0
2024,90502,rural,22,mujer,0,3,0.0
2024,90502,rural,23,hombre,0,23,0.0
2024,90502,rural,23,mujer,0,9,0.0
2024,90502,rural,24,hombre,0,26,0.0
2024,90502,rural,24,mujer,0,6,0.0
2024,90502,rural,25,hombre,0,14,0.0
2024,90502,rural,25,mujer,1,11,9.090909090909092
2024,90502,rural,26,hombre,0,14,0.0
2024,90502,rural,26,mujer,0,6,0.0
2024,90502,rural,27,hombre,0,18,0.0
2024,90502,rural,27,mujer,0,3,0.0
2024,90502,rural,28,hombre,0,17,0.0
2024,90502,rural,28,mujer,0,6,0.0
2024,90503,rural,16,hombre,1,7,14.285714285714286
2024,90503,rural,16,mujer,0,3,0.0
2024,90503,rural,17,hombre,0,9,0.0
2024,90503,rural,17,mujer,0,6,0.0
2024,90503,rural,18,hombre,0,4,0.0
2024,90503,rural,18,mujer,0,3,0.0
2024,90503,rural,19,hombre,0,6,0.0
2024,90503,rural,19,mujer,0,1,0.0
2024,90503,rural,20,hombre,0,17,0.0
2024,90503,rural,20,mujer,0,7,0.0
2024,90503,rural,21,hombre,0,13,0.0
2024,90503,rural,21,mujer,0,10,0.0
2024,90503,rural,22,hombre,0,7,0.0
2024,90503,rural,22,mujer,0,3,0.0
2024,90503,rural,23,hombre,1,20,5.0
2024,90503,rural,23,mujer,0,10,0.0
2024,90503,rural,24,hombre,0,21,0.0
2024,90503,rural,24,mujer,0,4,0.0
2024,90503,rural,25,hombre,0,17,0.0
2024,90503,rural,25,mujer,0,7,0.0
2024,90503,rural,26,hombre,0,18,0.0
2024,90503,rural,26,mujer,0,1,0.0
2024,90503,rural,27,hombre,0,11,0.0
2024,90503,rural,27,mujer,0,4,0.0
2024,90503,rural,28,hombre,0,16,0.0
2024,90503,rural,28,mujer,0,1,0.0
