gestion,codigo_municipio,area,edad,sexo,numerador,denominador,valor
2024,10101,rural,16,hombre,9,178,5.056179775280899
2024,10101,rural,16,mujer,6,157,3.821656050955414
2024,10101,rural,17,hombre,8,164,4.878048780487805
2024,10101,rural,17,mujer,8,147,5.442176870748299
2024,10101,rural,18,hombre,10,151,6.622516556291391
2024,10101,rural,18,mujer,15,149,10.06711409395973
2024,10101,rural,19,hombre,8,146,5.47945205479452
2024,10101,rural,19,mujer,9,121,7.43801652892562
2024,10101,rural,20,hombre,5,140,3.5714285714285716
2024,10101,rural,20,mujer,11,113,9.734513274336283
2024,10101,rural,21,hombre,6,117,5.128205128205129
2024,10101,rural,21,mujer,10,141,7.092198581560283
2024,10101,rural,22,hombre,4,144,2.7777777777777777
2024,10101,rural,22,mujer,13,129,10.077519379844961
2024,10101,rural,23,hombre,10,169,5.9171597633136095
2024,10101,rural,23,mujer,12,148,8.108108108108109
2024,10101,rural,24,hombre,11,167,6.586826347305389
2024,10101,rural,24,mujer,20,164,12.195121951219512
2024,10101,rural,25,hombre,12,182,6.593406593406593
2024,10101,rural,25,mujer,10,143,6.993006993006993
2024,10101,rural,26,hombre,6,149,4.026845637583893
2024,10101,rural,26,mujer,8,143,5.594405594405594
2024,10101,rural,27,hombre,16,156,10.256410256410257
2024,10101,rural,27,mujer,6,148,4.054054054054054
2024,10101,rural,28,hombre,11,138,7.971014492753623
2024,10101,rural,28,mujer,8,120,6.666666666666667
2024,10101,urbana,16,hombre,221,2551,8.663269306154449
2024,10101,urbana,16,mujer,211,2569,8.213312572985597
2024,10101,urbana,17,hombre,362,2730,13.260073260073261
2024,10101,urbana,17,mujer,352,2713,12.97456690011058
2024,10101,urbana,18,hombre,693,2953,23.467660006772775
2024,10101,urbana,18,mujer,689,2993,23.020380888740394
2024,10101,urbana,19,hombre,710,2870,24.738675958188153
2024,10101,urbana,19,mujer,716,3003,23.842823842823844
2024,10101,urbana,20,hombre,627,2862,21.90775681341719
2024,10101,urbana,20,mujer,740,2928,25.273224043715846
2024,10101,urbana,21,hombre,627,2884,21.740638002773924
2024,10101,urbana,21,mujer,706,3050,23.147540983606557
2024,10101,urbana,22,hombre,491,2862,17.15583508036338
2024,10101,urbana,22,mujer,533,3008,17.71941489361702
2024,10101,urbana,23,hombre,371,3011,12.321487877781468
2024,10101,urbana,23,mujer,397,3211,12.363749610713173
2024,10101,urbana,24,hombre,344,3113,11.050433665274655
2024,10101,urbana,24,mujer,292,3165,9.225908372827805
2024,10101,urbana,25,hombre,262,2819,9.294075913444484
2024,10101,urbana,25,mujer,245,2909,8.422138191818494
2024,10101,urbana,26,hombre,245,2770,8.844765342960288
2024,10101,urbana,26,mujer,252,2874,8.768267223382045
2024,10101,urbana,27,hombre,207,2573,8.045083560046638
2024,10101,urbana,27,mujer,188,2748,6.841339155749636
2024,10101,urbana,28,hombre,216,2644,8.169440242057489
2024,10101,urbana,28,mujer,183,2662,6.874530428249437
2024,10102,rural,16,hombre,16,93,17.204301075268816
2024,10102,rural,16,mujer,18,86,20.930232558139537
2024,10102,rural,17,hombre,15,78,19.23076923076923
2024,10102,rural,17,mujer,8,73,10.95890410958904
2024,10102,rural,18,hombre,9,75,12.0
2024,10102,rural,18,mujer,5,68,7.352941176470588
2024,10102,rural,19,hombre,7,58,12.068965517241379
2024,10102,rural,19,mujer,14,72,19.444444444444443
2024,10102,rural,20,hombre,8,82,9.75609756097561
2024,10102,rural,20,mujer,7,66,10.606060606060606
2024,10102,rural,21,hombre,16,71,22.535211267605632
2024,10102,rural,21,mujer,9,69,13.043478260869565
2024,10102,rural,22,hombre,14,68,20.58823529411765
2024,10102,rural,22,mujer,10,63,15.873015873015873
2024,10102,rural,23,hombre,13,74,17.56756756756757
2024,10102,rural,23,mujer,6,70,8.571428571428571
2024,10102,rural,24,hombre,12,69,17.391304347826086
2024,10102,rural,24,mujer,14,78,17.94871794871795
2024,10102,rural,25,hombre,8,66,12.121212121212121
2024,10102,rural,25,mujer,9,72,12.5
2024,10102,rural,26,hombre,12,75,16.0
2024,10102,rural,26,mujer,16,81,19.753086419753085
2024,10102,rural,27,hombre,15,75,20.0
2024,10102,rural,27,mujer,9,68,13.235294117647058
2024,10102,rural,28,hombre,14,72,19.444444444444443
2024,10102,rural,28,mujer,11,75,14.666666666666666
2024,10103,rural,16,hombre,8,150,5.333333333333333
2024,10103,rural,16,mujer,7,137,5.109489051094891
2024,10103,rural,17,hombre,10,133,7.518796992481203
2024,10103,rural,17,mujer,12,119,10.084033613445378
2024,10103,rural,18,hombre,10,130,7.6923076923076925
2024,10103,rural,18,mujer,14,121,11.570247933884298
2024,10103,rural,19,hombre,8,95,8.421052631578947
2024,10103,rural,19,mujer,17,103,16.50485436893204
2024,10103,rural,20,hombre,17,110,15.454545454545455
2024,10103,rural,20,mujer,10,89,11.235955056179776
2024,10103,rural,21,hombre,18,99,18.181818181818183
2024,10103,rural,21,mujer,10,100,10.0
2024,10103,rural,22,hombre,15,87,17.24137931034483
2024,10103,rural,22,mujer,13,80,16.25
2024,10103,rural,23,hombre,18,99,18.181818181818183
2024,10103,rural,23,mujer,25,100,25.0
2024,10103,rural,24,hombre,16,86,18.6046511627907
2024,10103,rural,24,mujer,14,94,14.893617021276595
2024,10103,rural,25,hombre,14,88,15.909090909090908
2024,10103,rural,25,mujer,19,75,25.333333333333332
2024,10103,rural,26,hombre,16,85,18.823529411764707
2024,10103,rural,26,mujer,15,73,20.54794520547945
2024,10103,rural,27,hombre,14,93,15.053763440860216
2024,10103,rural,27,mujer,17,69,24.63768115942029
2024,10103,rural,28,hombre,17,83,20.481927710843372
2024,10103,rural,28,mujer,11,91,12.087912087912088
2024,10201,rural,16,hombre,3,79,3.7974683544303796
2024,10201,rural,16,mujer,9,70,12.857142857142858
2024,10201,rural,17,hombre,8,74,10.81081081081081
2024,10201,rural,17,mujer,5,80,6.25
2024,10201,rural,18,hombre,6,56,10.714285714285714
2024,10201,rural,18,mujer,3,60,5.0
2024,10201,rural,19,hombre,6,44,13.636363636363637
2024,10201,rural,19,mujer,7,55,12.727272727272727
2024,10201,rural,20,hombre,9,42,21.428571428571427
2024,10201,rural,20,mujer,7,40,17.5
2024,10201,rural,21,hombre,7,54,12.962962962962964
2024,10201,rural,21,mujer,6,43,13.953488372093023
2024,10201,rural,22,hombre,6,43,13.953488372093023
2024,10201,rural,22,mujer,7,36,19.444444444444443
2024,10201,rural,23,hombre,10,67,14.925373134328359
2024,10201,rural,23,mujer,12,53,22.641509433962263
2024,10201,rural,24,hombre,8,49,16.3265306122449
2024,10201,rural,24,mujer,8,36,22.22222222222222
2024,10201,rural,25,hombre,18,53,33.9622641509434
2024,10201,rural,25,mujer,13,50,26.0
2024,10201,rural,26,hombre,10,45,22.22222222222222
2024,10201,rural,26,mujer,12,48,25.0
2024,10201,rural,27,hombre,12,44,27.272727272727273
2024,10201,rural,27,mujer,16,48,33.333333333333336
2024,10201,rural,28,hombre,8,33,24.242424242424242
2024,10201,rural,28,mujer,15,50,30.0
2024,10202,rural,16,hombre,5,156,3.2051282051282053
2024,10202,rural,16,mujer,7,166,4.216867469879518
2024,10202,rural,17,hombre,2,172,1.1627906976744187
2024,10202,rural,17,mujer,10,149,6.7114093959731544
2024,10202,rural,18,hombre,5,153,3.2679738562091503
2024,10202,rural,18,mujer,11,207,5.314009661835748
2024,10202,rural,19,hombre,9,159,5.660377358490566
2024,10202,rural,19,mujer,7,167,4.191616766467066
2024,10202,rural,20,hombre,7,138,5.072463768115942
2024,10202,rural,20,mujer,12,175,6.857142857142857
2024,10202,rural,21,hombre,13,113,11.504424778761061
2024,10202,rural,21,mujer,9,123,7.317073170731708
2024,10202,rural,22,hombre,9,114,7.894736842105263
2024,10202,rural,22,mujer,17,143,11.888111888111888
2024,10202,rural,23,hombre,15,139,10.79136690647482
2024,10202,rural,23,mujer,23,162,14.197530864197532
2024,10202,rural,24,hombre,13,114,11.403508771929825
2024,10202,rural,24,mujer,15,152,9.868421052631579
2024,10202,rural,25,hombre,19,166,11.44578313253012
2024,10202,rural,25,mujer,17,143,11.888111888111888
2024,10202,rural,26,hombre,14,104,13.461538461538462
2024,10202,rural,26,mujer,17,126,13.492063492063492
2024,10202,rural,27,hombre,18,119,15.126050420168067
2024,10202,rural,27,mujer,15,109,13.761467889908257
2024,10202,rural,28,hombre,23,117,19.65811965811966
2024,10202,rural,28,mujer,17,123,13.821138211382113
2024,10301,rural,16,hombre,7,87,8.045977011494253
2024,10301,rural,16,mujer,3,70,4.285714285714286
2024,10301,rural,17,hombre,4,79,5.063291139240507
2024,10301,rural,17,mujer,2,84,2.380952380952381
2024,10301,rural,18,hombre,4,88,4.545454545454546
2024,10301,rural,18,mujer,5,70,7.142857142857143
2024,10301,rural,19,hombre,7,101,6.930693069306931
2024,10301,rural,19,mujer,5,77,6.4935064935064934
2024,10301,rural,20,hombre,11,96,11.458333333333334
2024,10301,rural,20,mujer,4,99,4.040404040404041
2024,10301,rural,21,hombre,8,92,8.695652173913043
2024,10301,rural,21,mujer,5,82,6.097560975609756
2024,10301,rural,22,hombre,9,89,10.112359550561798
2024,10301,rural,22,mujer,6,70,8.571428571428571
2024,10301,rural,23,hombre,9,100,9.0
2024,10301,rural,23,mujer,8,76,10.526315789473685
2024,10301,rural,24,hombre,5,115,4.3478260869565215
2024,10301,rural,24,mujer,8,75,10.666666666666666
2024,10301,rural,25,hombre,6,100,6.0
2024,10301,rural,25,mujer,3,100,3.0
2024,10301,rural,26,hombre,8,93,8.602150537634408
2024,10301,rural,26,mujer,8,80,10.0
2024,10301,rural,27,hombre,8,78,10.256410256410257
2024,10301,rural,27,mujer,4,58,6.896551724137931
2024,10301,rural,28,hombre,8,98,8.16326530612245
2024,10301,rural,28,mujer,4,82,4.878048780487805
2024,10301,urbana,16,hombre,2,42,4.761904761904762
2024,10301,urbana,16,mujer,3,39,7.6923076923076925
2024,10301,urbana,17,hombre,4,43,9.30232558139535
2024,10301,urbana,17,mujer,7,41,17.073170731707318
2024,10301,urbana,18,hombre,7,54,12.962962962962964
2024,10301,urbana,18,mujer,14,42,33.333333333333336
2024,10301,urbana,19,hombre,13,40,32.5
2024,10301,urbana,19,mujer,10,35,28.571428571428573
2024,10301,urbana,20,hombre,6,48,12.5
2024,10301,urbana,20,mujer,5,46,10.869565217391305
2024,10301,urbana,21,hombre,6,34,17.647058823529413
2024,10301,urbana,21,mujer,12,47,25.53191489361702
2024,10301,urbana,22,hombre,6,36,16.666666666666668
2024,10301,urbana,22,mujer,8,37,21.62162162162162
2024,10301,urbana,23,hombre,8,39,20.512820512820515
2024,10301,urbana,23,mujer,8,47,17.02127659574468
2024,10301,urbana,24,hombre,9,50,18.0
2024,10301,urbana,24,mujer,6,44,13.636363636363637
2024,10301,urbana,25,hombre,8,58,13.793103448275861
2024,10301,urbana,25,mujer,7,39,17.94871794871795
2024,10301,urbana,26,hombre,7,37,18.91891891891892
2024,10301,urbana,26,mujer,13,40,32.5
2024,10301,urbana,27,hombre,16,58,27.586206896551722
2024,10301,urbana,27,mujer,8,28,28.571428571428573
2024,10301,urbana,28,hombre,11,35,31.428571428571427
2024,10301,urbana,28,mujer,10,42,23.80952380952381
2024,10302,rural,16,hombre,0,112,0.0
2024,10302,rural,16,mujer,4,102,3.9215686274509802
2024,10302,rural,17,hombre,4,117,3.4188034188034186
2024,10302,rural,17,mujer,8,93,8.602150537634408
2024,10302,rural,18,hombre,4,109,3.669724770642202
2024,10302,rural,18,mujer,3,85,3.5294117647058822
2024,10302,rural,19,hombre,3,105,2.857142857142857
2024,10302,rural,19,mujer,6,98,6.122448979591836
2024,10302,rural,20,hombre,11,128,8.59375
2024,10302,rural,20,mujer,11,105,10.476190476190476
2024,10302,rural,21,hombre,11,116,9.482758620689655
2024,10302,rural,21,mujer,9,74,12.162162162162161
2024,10302,rural,22,hombre,7,85,8.235294117647058
2024,10302,rural,22,mujer,12,93,12.903225806451612
2024,10302,rural,23,hombre,10,131,7.633587786259542
2024,10302,rural,23,mujer,11,83,13.25301204819277
2024,10302,rural,24,hombre,14,124,11.290322580645162
2024,10302,rural,24,mujer,14,101,13.861386138613861
2024,10302,rural,25,hombre,10,103,9.70873786407767
2024,10302,rural,25,mujer,7,95,7.368421052631579
2024,10302,rural,26,hombre,12,97,12.371134020618557
2024,10302,rural,26,mujer,7,71,9.859154929577464
2024,10302,rural,27,hombre,11,98,11.224489795918368
2024,10302,rural,27,mujer,11,68,16.176470588235293
2024,10302,rural,28,hombre,9,85,10.588235294117647
2024,10302,rural,28,mujer,6,69,8.695652173913043
2024,10302,urbana,16,hombre,1,18,5.555555555555555
2024,10302,urbana,16,mujer,1,32,3.125
2024,10302,urbana,17,hombre,1,19,5.2631578947368425
2024,10302,urbana,17,mujer,2,17,11.764705882352942
2024,10302,urbana,18,hombre,1,22,4.545454545454546
2024,10302,urbana,18,mujer,2,20,10.0
2024,10302,urbana,19,hombre,3,16,18.75
2024,10302,urbana,19,mujer,1,11,9.090909090909092
2024,10302,urbana,20,hombre,8,28,28.571428571428573
2024,10302,urbana,20,mujer,1,14,7.142857142857143
2024,10302,urbana,21,hombre,4,21,19.047619047619047
2024,10302,urbana,21,mujer,4,21,19.047619047619047
2024,10302,urbana,22,hombre,2,19,10.526315789473685
2024,10302,urbana,22,mujer,1,11,9.090909090909092
2024,10302,urbana,23,hombre,2,12,16.666666666666668
2024,10302,urbana,23,mujer,5,17,29.41176470588235
2024,10302,urbana,24,hombre,2,15,13.333333333333334
2024,10302,urbana,24,mujer,4,26,15.384615384615385
2024,10302,urbana,25,hombre,1,18,5.555555555555555
2024,10302,urbana,25,mujer,7,24,29.166666666666668
2024,10302,urbana,26,hombre,2,16,12.5
2024,10302,urbana,26,mujer,8,21,38.095238095238095
2024,10302,urbana,27,hombre,3,12,25.0
2024,10302,urbana,27,mujer,5,26,19.23076923076923
2024,10302,urbana,28,hombre,8,21,38.095238095238095
2024,10302,urbana,28,mujer,4,15,26.666666666666668
2024,10303,rural,16,hombre,3,44,6.818181818181818
2024,10303,rural,16,mujer,1,50,2.0
2024,10303,rural,17,hombre,1,51,1.9607843137254901
2024,10303,rural,17,mujer,2,54,3.7037037037037037
2024,10303,rural,18,hombre,2,47,4.25531914893617
2024,10303,rural,18,mujer,0,52,0.0
2024,10303,rural,19,hombre,0,47,0.0
2024,10303,rural,19,mujer,1,46,2.1739130434782608
2024,10303,rural,20,hombre,0,47,0.0
2024,10303,rural,20,mujer,1,54,1.8518518518518519
2024,10303,rural,21,hombre,1,36,2.7777777777777777
2024,10303,rural,21,mujer,1,40,2.5
2024,10303,rural,22,hombre,2,49,4.081632653061225
2024,10303,rural,22,mujer,1,40,2.5
2024,10303,rural,23,hombre,5,69,7.246376811594203
2024,10303,rural,23,mujer,2,71,2.816901408450704
2024,10303,rural,24,hombre,5,84,5.9523809523809526
2024,10303,rural,24,mujer,3,71,4.225352112676056
2024,10303,rural,25,hombre,2,69,2.898550724637681
2024,10303,rural,25,mujer,7,73,9.58904109589041
2024,10303,rural,26,hombre,2,61,3.278688524590164
2024,10303,rural,26,mujer,1,63,1.5873015873015872
2024,10303,rural,27,hombre,2,44,4.545454545454546
2024,10303,rural,27,mujer,2,49,4.081632653061225
2024,10303,rural,28,hombre,5,74,6.756756756756757
2024,10303,rural,28,mujer,3,62,4.838709677419355
2024,10303,urbana,16,hombre,0,31,0.0
2024,10303,urbana,16,mujer,4,33,12.121212121212121
2024,10303,urbana,17,hombre,1,27,3.7037037037037037
2024,10303,urbana,17,mujer,3,15,20.0
2024,10303,urbana,18,hombre,0,23,0.0
2024,10303,urbana,18,mujer,1,20,5.0
2024,10303,urbana,19,hombre,4,16,25.0
2024,10303,urbana,19,mujer,2,25,8.0
2024,10303,urbana,20,hombre,2,18,11.11111111111111
2024,10303,urbana,20,mujer,3,16,18.75
2024,10303,urbana,21,hombre,2,13,15.384615384615385
2024,10303,urbana,21,mujer,3,16,18.75
2024,10303,urbana,22,hombre,1,24,4.166666666666667
2024,10303,urbana,22,mujer,1,16,6.25
2024,10303,urbana,23,hombre,3,27,11.11111111111111
2024,10303,urbana,23,mujer,8,27,29.62962962962963
2024,10303,urbana,24,hombre,2,19,10.526315789473685
2024,10303,urbana,24,mujer,1,30,3.3333333333333335
2024,10303,urbana,25,hombre,5,32,15.625
2024,10303,urbana,25,mujer,2,22,9.090909090909092
2024,10303,urbana,26,hombre,2,15,13.333333333333334
2024,10303,urbana,26,mujer,6,33,18.181818181818183
2024,10303,urbana,27,hombre,3,19,15.789473684210526
2024,10303,urbana,27,mujer,4,13,30.76923076923077
2024,10303,urbana,28,hombre,3,27,11.11111111111111
2024,10303,urbana,28,mujer,3,21,14.285714285714286
2024,10304,rural,16,hombre,1,84,1.1904761904761905
2024,10304,rural,16,mujer,5,90,5.555555555555555
2024,10304,rural,17,hombre,3,99,3.0303030303030303
2024,10304,rural,17,mujer,8,113,7.079646017699115
2024,10304,rural,18,hombre,7,87,8.045977011494253
2024,10304,rural,18,mujer,8,89,8.98876404494382
2024,10304,rural,19,hombre,6,95,6.315789473684211
2024,10304,rural,19,mujer,5,73,6.8493150684931505
2024,10304,rural,20,hombre,4,94,4.25531914893617
2024,10304,rural,20,mujer,6,78,7.6923076923076925
2024,10304,rural,21,hombre,2,81,2.4691358024691357
2024,10304,rural,21,mujer,6,91,6.593406593406593
2024,10304,rural,22,hombre,6,94,6.382978723404255
2024,10304,rural,22,mujer,5,66,7.575757575757576
2024,10304,rural,23,hombre,6,106,5.660377358490566
2024,10304,rural,23,mujer,11,92,11.956521739130435
2024,10304,rural,24,hombre,4,95,4.2105263157894735
2024,10304,rural,24,mujer,6,91,6.593406593406593
2024,10304,rural,25,hombre,9,80,11.25
2024,10304,rural,25,mujer,7,94,7.446808510638298
2024,10304,rural,26,hombre,6,78,7.6923076923076925
2024,10304,rural,26,mujer,9,73,12.32876712328767
2024,10304,rural,27,hombre,9,74,12.162162162162161
2024,10304,rural,27,mujer,9,74,12.162162162162161
2024,10304,rural,28,hombre,11,84,13.095238095238095
2024,10304,rural,28,mujer,9,69,13.043478260869565
2024,10401,rural,16,hombre,3,29,10.344827586206897
2024,10401,rural,16,mujer,1,26,3.8461538461538463
2024,10401,rural,17,hombre,1,30,3.3333333333333335
2024,10401,rural,17,mujer,6,36,16.666666666666668
2024,10401,rural,18,hombre,1,25,4.0
2024,10401,rural,18,mujer,4,27,14.814814814814815
2024,10401,rural,19,hombre,4,21,19.047619047619047
2024,10401,rural,19,mujer,3,31,9.67741935483871
2024,10401,rural,20,hombre,1,31,3.225806451612903
2024,10401,rural,20,mujer,4,37,10.81081081081081
2024,10401,rural,21,hombre,4,30,13.333333333333334
2024,10401,rural,21,mujer,6,33,18.181818181818183
2024,10401,rural,22,hombre,6,39,15.384615384615385
2024,10401,rural,22,mujer,3,23,13.043478260869565
2024,10401,rural,23,hombre,4,32,12.5
2024,10401,rural,23,mujer,5,36,13.88888888888889
2024,10401,rural,24,hombre,16,39,41.02564102564103
2024,10401,rural,24,mujer,8,31,25.806451612903224
2024,10401,rural,25,hombre,12,40,30.0
2024,10401,rural,25,mujer,4,32,12.5
2024,10401,rural,26,hombre,3,31,9.67741935483871
2024,10401,rural,26,mujer,5,27,18.51851851851852
2024,10401,rural,27,hombre,5,33,15.151515151515152
2024,10401,rural,27,mujer,2,26,7.6923076923076925
2024,10401,rural,28,hombre,6,38,15.789473684210526
2024,10401,rural,28,mujer,7,31,22.580645161290324
2024,10401,urbana,16,hombre,0,42,0.0
2024,10401,urbana,16,mujer,1,39,2.5641025641025643
2024,10401,urbana,17,hombre,5,30,16.666666666666668
2024,10401,urbana,17,mujer,8,54,14.814814814814815
2024,10401,urbana,18,hombre,4,38,10.526315789473685
2024,10401,urbana,18,mujer,5,25,20.0
2024,10401,urbana,19,hombre,8,29,27.586206896551722
2024,10401,urbana,19,mujer,9,37,24.324324324324323
2024,10401,urbana,20,hombre,10,28,35.714285714285715
2024,10401,urbana,20,mujer,16,56,28.571428571428573
2024,10401,urbana,21,hombre,8,30,26.666666666666668
2024,10401,urbana,21,mujer,9,42,21.428571428571427
2024,10401,urbana,22,hombre,9,42,21.428571428571427
2024,10401,urbana,22,mujer,8,33,24.242424242424242
2024,10401,urbana,23,hombre,14,43,32.55813953488372
2024,10401,urbana,23,mujer,12,36,33.333333333333336
2024,10401,urbana,24,hombre,11,37,29.72972972972973
2024,10401,urbana,24,mujer,15,33,45.45454545454545
2024,10401,urbana,25,hombre,10,32,31.25
2024,10401,urbana,25,mujer,14,37,37.83783783783784
2024,10401,urbana,26,hombre,9,33,27.272727272727273
2024,10401,urbana,26,mujer,8,30,26.666666666666668
2024,10401,urbana,27,hombre,7,27,25.925925925925927
2024,10401,urbana,27,mujer,7,28,25.0
2024,10401,urbana,28,hombre,12,33,36.36363636363637
2024,10401,urbana,28,mujer,11,33,33.333333333333336
2024,10402,rural,16,hombre,1,46,2.1739130434782608
2024,10402,rural,16,mujer,4,61,6.557377049180328
2024,10402,rural,17,hombre,3,76,3.9473684210526314
2024,10402,rural,17,mujer,6,71,8.450704225352112
2024,10402,rural,18,hombre,2,71,2.816901408450704
2024,10402,rural,18,mujer,4,56,7.142857142857143
2024,10402,rural,19,hombre,7,67,10.447761194029852
2024,10402,rural,19,mujer,9,45,20.0
2024,10402,rural,20,hombre,5,50,10.0
2024,10402,rural,20,mujer,5,44,11.363636363636363
2024,10402,rural,21,hombre,6,64,9.375
2024,10402,rural,21,mujer,8,65,12.307692307692308
2024,10402,rural,22,hombre,3,49,6.122448979591836
2024,10402,rural,22,mujer,9,60,15.0
2024,10402,rural,23,hombre,8,66,12.121212121212121
2024,10402,rural,23,mujer,14,70,20.0
2024,10402,rural,24,hombre,6,65,9.23076923076923
2024,10402,rural,24,mujer,16,70,22.857142857142858
2024,10402,rural,25,hombre,6,55,10.909090909090908
2024,10402,rural,25,mujer,10,48,20.833333333333332
2024,10402,rural,26,hombre,8,64,12.5
2024,10402,rural,26,mujer,11,63,17.46031746031746
2024,10402,rural,27,hombre,6,53,11.320754716981131
2024,10402,rural,27,mujer,11,51,21.568627450980394
2024,10402,rural,28,hombre,5,45,11.11111111111111
2024,10402,rural,28,mujer,5,50,10.0
2024,10402,urbana,16,hombre,0,14,0.0
2024,10402,urbana,16,mujer,2,26,7.6923076923076925
2024,10402,urbana,17,hombre,3,21,14.285714285714286
2024,10402,urbana,17,mujer,0,21,0.0
2024,10402,urbana,18,hombre,4,20,20.0
2024,10402,urbana,18,mujer,3,14,21.428571428571427
2024,10402,urbana,19,hombre,2,18,11.11111111111111
2024,10402,urbana,19,mujer,1,13,7.6923076923076925
2024,10402,urbana,20,hombre,2,14,14.285714285714286
2024,10402,urbana,20,mujer,6,18,33.333333333333336
2024,10402,urbana,21,hombre,6,13,46.15384615384615
2024,10402,urbana,21,mujer,0,15,0.0
2024,10402,urbana,22,hombre,3,19,15.789473684210526
2024,10402,urbana,22,mujer,8,24,33.333333333333336
2024,10402,urbana,23,hombre,4,17,23.529411764705884
2024,10402,urbana,23,mujer,3,18,16.666666666666668
2024,10402,urbana,24,hombre,6,25,24.0
2024,10402,urbana,24,mujer,3,15,20.0
2024,10402,urbana,25,hombre,6,21,28.571428571428573
2024,10402,urbana,25,mujer,5,17,29.41176470588235
2024,10402,urbana,26,hombre,8,12,66.66666666666667
2024,10402,urbana,26,mujer,5,18,27.77777777777778
2024,10402,urbana,27,hombre,8,30,26.666666666666668
2024,10402,urbana,27,mujer,8,27,29.62962962962963
2024,10402,urbana,28,hombre,3,17,17.647058823529413
2024,10402,urbana,28,mujer,3,18,16.666666666666668
2024,10403,rural,16,hombre,2,62,3.225806451612903
2024,10403,rural,16,mujer,5,64,7.8125
2024,10403,rural,17,hombre,10,77,12.987012987012987
2024,10403,rural,17,mujer,8,72,11.11111111111111
2024,10403,rural,18,hombre,9,77,11.688311688311689
2024,10403,rural,18,mujer,9,55,16.363636363636363
2024,10403,rural,19,hombre,4,61,6.557377049180328
2024,10403,rural,19,mujer,8,63,12.698412698412698
2024,10403,rural,20,hombre,9,59,15.254237288135593
2024,10403,rural,20,mujer,6,50,12.0
2024,10403,rural,21,hombre,7,47,14.893617021276595
2024,10403,rural,21,mujer,6,57,10.526315789473685
2024,10403,rural,22,hombre,8,79,10.126582278481013
2024,10403,rural,22,mujer,13,55,23.636363636363637
2024,10403,rural,23,hombre,8,68,11.764705882352942
2024,10403,rural,23,mujer,9,54,16.666666666666668
2024,10403,rural,24,hombre,11,62,17.741935483870968
2024,10403,rural,24,mujer,10,69,14.492753623188406
2024,10403,rural,25,hombre,7,49,14.285714285714286
2024,10403,rural,25,mujer,12,66,18.181818181818183
2024,10403,rural,26,hombre,12,63,19.047619047619047
2024,10403,rural,26,mujer,13,56,23.214285714285715
2024,10403,rural,27,hombre,9,49,18.367346938775512
2024,10403,rural,27,mujer,7,52,13.461538461538462
2024,10403,rural,28,hombre,13,63,20.634920634920636
2024,10403,rural,28,mujer,11,46,23.91304347826087
2024,10404,rural,16,hombre,1,27,3.7037037037037037
2024,10404,rural,16,mujer,2,30,6.666666666666667
2024,10404,rural,17,hombre,3,33,9.090909090909092
2024,10404,rural,17,mujer,1,22,4.545454545454546
2024,10404,rural,18,hombre,3,31,9.67741935483871
2024,10404,rural,18,mujer,2,20,10.0
2024,10404,rural,19,hombre,4,24,16.666666666666668
2024,10404,rural,19,mujer,3,22,13.636363636363637
2024,10404,rural,20,hombre,4,22,18.181818181818183
2024,10404,rural,20,mujer,1,22,4.545454545454546
2024,10404,rural,21,hombre,5,28,17.857142857142858
2024,10404,rural,21,mujer,3,29,10.344827586206897
2024,10404,rural,22,hombre,3,44,6.818181818181818
2024,10404,rural,22,mujer,2,29,6.896551724137931
2024,10404,rural,23,hombre,10,33,30.303030303030305
2024,10404,rural,23,mujer,9,35,25.714285714285715
2024,10404,rural,24,hombre,3,33,9.090909090909092
2024,10404,rural,24,mujer,11,38,28.94736842105263
2024,10404,rural,25,hombre,9,37,24.324324324324323
2024,10404,rural,25,mujer,11,31,35.483870967741936
2024,10404,rural,26,hombre,7,22,31.818181818181817
2024,10404,rural,26,mujer,9,36,25.0
2024,10404,rural,27,hombre,11,32,34.375
2024,10404,rural,27,mujer,9,33,27.272727272727273
2024,10404,rural,28,hombre,9,38,23.68421052631579
2024,10404,rural,28,mujer,9,25,36.0
2024,10405,rural,16,hombre,3,46,6.521739130434782
2024,10405,rural,16,mujer,0,42,0.0
2024,10405,rural,17,hombre,2,40,5.0
2024,10405,rural,17,mujer,2,45,4.444444444444445
2024,10405,rural,18,hombre,1,49,2.0408163265306123
2024,10405,rural,18,mujer,0,45,0.0
2024,10405,rural,19,hombre,4,41,9.75609756097561
2024,10405,rural,19,mujer,4,43,9.30232558139535
2024,10405,rural,20,hombre,2,29,6.896551724137931
2024,10405,rural,20,mujer,2,33,6.0606060606060606
2024,10405,rural,21,hombre,5,57,8.771929824561404
2024,10405,rural,21,mujer,1,50,2.0
2024,10405,rural,22,hombre,2,49,4.081632653061225
2024,10405,rural,22,mujer,4,44,9.090909090909092
2024,10405,rural,23,hombre,12,64,18.75
2024,10405,rural,23,mujer,10,46,21.73913043478261
2024,10405,rural,24,hombre,7,51,13.72549019607843
2024,10405,rural,24,mujer,6,53,11.320754716981131
2024,10405,rural,25,hombre,0,58,0.0
2024,10405,rural,25,mujer,8,59,13.559322033898304
2024,10405,rural,26,hombre,8,51,15.686274509803921
2024,10405,rural,26,mujer,9,66,13.636363636363637
2024,10405,rural,27,hombre,4,48,8.333333333333334
2024,10405,rural,27,mujer,3,53,5.660377358490566
2024,10405,rural,28,hombre,5,51,9.803921568627452
2024,10405,rural,28,mujer,10,56,17.857142857142858
2024,10501,rural,16,hombre,4,81,4.938271604938271
2024,10501,rural,16,mujer,5,76,6.578947368421052
2024,10501,rural,17,hombre,9,80,11.25
2024,10501,rural,17,mujer,5,63,7.936507936507937
2024,10501,rural,18,hombre,4,67,5.970149253731344
2024,10501,rural,18,mujer,4,47,8.51063829787234
2024,10501,rural,19,hombre,5,60,8.333333333333334
2024,10501,rural,19,mujer,6,61,9.836065573770492
2024,10501,rural,20,hombre,6,69,8.695652173913043
2024,10501,rural,20,mujer,3,46,6.521739130434782
2024,10501,rural,21,hombre,4,49,8.16326530612245
2024,10501,rural,21,mujer,9,61,14.754098360655737
2024,10501,rural,22,hombre,9,73,12.32876712328767
2024,10501,rural,22,mujer,10,59,16.949152542372882
2024,10501,rural,23,hombre,11,86,12.790697674418604
2024,10501,rural,23,mujer,7,59,11.864406779661017
2024,10501,rural,24,hombre,6,104,5.769230769230769
2024,10501,rural,24,mujer,15,88,17.045454545454547
2024,10501,rural,25,hombre,10,94,10.638297872340425
2024,10501,rural,25,mujer,7,69,10.144927536231885
2024,10501,rural,26,hombre,10,83,12.048192771084338
2024,10501,rural,26,mujer,5,66,7.575757575757576
2024,10501,rural,27,hombre,11,99,11.11111111111111
2024,10501,rural,27,mujer,11,68,16.176470588235293
2024,10501,rural,28,hombre,8,111,7.207207207207207
2024,10501,rural,28,mujer,8,81,9.876543209876543
2024,10501,urbana,16,hombre,11,122,9.01639344262295
2024,10501,urbana,16,mujer,9,144,6.25
2024,10501,urbana,17,hombre,10,117,8.547008547008547
2024,10501,urbana,17,mujer,8,106,7.547169811320755
2024,10501,urbana,18,hombre,17,105,16.19047619047619
2024,10501,urbana,18,mujer,14,109,12.844036697247706
2024,10501,urbana,19,hombre,17,100,17.0
2024,10501,urbana,19,mujer,9,100,9.0
2024,10501,urbana,20,hombre,15,107,14.018691588785046
2024,10501,urbana,20,mujer,18,111,16.216216216216218
2024,10501,urbana,21,hombre,18,120,15.0
2024,10501,urbana,21,mujer,17,112,15.178571428571429
2024,10501,urbana,22,hombre,18,114,15.789473684210526
2024,10501,urbana,22,mujer,20,98,20.408163265306122
2024,10501,urbana,23,hombre,19,116,16.379310344827587
2024,10501,urbana,23,mujer,30,128,23.4375
2024,10501,urbana,24,hombre,17,103,16.50485436893204
2024,10501,urbana,24,mujer,31,142,21.830985915492956
2024,10501,urbana,25,hombre,23,102,22.54901960784314
2024,10501,urbana,25,mujer,19,105,18.095238095238095
2024,10501,urbana,26,hombre,24,117,20.512820512820515
2024,10501,urbana,26,mujer,28,121,23.140495867768596
2024,10501,urbana,27,hombre,28,119,23.529411764705884
2024,10501,urbana,27,mujer,24,115,20.869565217391305
2024,10501,urbana,28,hombre,22,124,17.741935483870968
2024,10501,urbana,28,mujer,23,117,19.65811965811966
2024,10502,rural,16,hombre,4,46,8.695652173913043
2024,10502,rural,16,mujer,2,42,4.761904761904762
2024,10502,rural,17,hombre,10,63,15.873015873015873
2024,10502,rural,17,mujer,5,49,10.204081632653061
2024,10502,rural,18,hombre,2,49,4.081632653061225
2024,10502,rural,18,mujer,5,36,13.88888888888889
2024,10502,rural,19,hombre,5,32,15.625
2024,10502,rural,19,mujer,3,24,12.5
2024,10502,rural,20,hombre,7,48,14.583333333333334
2024,10502,rural,20,mujer,3,35,8.571428571428571
2024,10502,rural,21,hombre,4,37,10.81081081081081
2024,10502,rural,21,mujer,8,34,23.529411764705884
2024,10502,rural,22,hombre,5,40,12.5
2024,10502,rural,22,mujer,5,28,17.857142857142858
2024,10502,rural,23,hombre,8,48,16.666666666666668
2024,10502,rural,23,mujer,10,50,20.0
2024,10502,rural,24,hombre,8,55,14.545454545454545
2024,10502,rural,24,mujer,10,43,23.25581395348837
2024,10502,rural,25,hombre,13,53,24.528301886792452
2024,10502,rural,25,mujer,12,46,26.08695652173913
2024,10502,rural,26,hombre,6,44,13.636363636363637
2024,10502,rural,26,mujer,11,52,21.153846153846153
2024,10502,rural,27,hombre,13,64,20.3125
2024,10502,rural,27,mujer,6,32,18.75
2024,10502,rural,28,hombre,7,44,15.909090909090908
2024,10502,rural,28,mujer,4,44,9.090909090909092
2024,10601,rural,16,hombre,5,99,5.05050505050505
2024,10601,rural,16,mujer,3,96,3.125
2024,10601,rural,17,hombre,6,111,5.405405405405405
2024,10601,rural,17,mujer,6,101,5.9405940594059405
2024,10601,rural,18,hombre,6,90,6.666666666666667
2024,10601,rural,18,mujer,3,74,4.054054054054054
2024,10601,rural,19,hombre,3,77,3.896103896103896
2024,10601,rural,19,mujer,13,102,12.745098039215685
2024,10601,rural,20,hombre,9,84,10.714285714285714
2024,10601,rural,20,mujer,10,74,13.513513513513514
2024,10601,rural,21,hombre,8,74,10.81081081081081
2024,10601,rural,21,mujer,14,85,16.470588235294116
2024,10601,rural,22,hombre,13,67,19.402985074626866
2024,10601,rural,22,mujer,10,69,14.492753623188406
2024,10601,rural,23,hombre,13,85,15.294117647058824
2024,10601,rural,23,mujer,17,87,19.54022988505747
2024,10601,rural,24,hombre,14,106,13.20754716981132
2024,10601,rural,24,mujer,15,88,17.045454545454547
2024,10601,rural,25,hombre,11,73,15.068493150684931
2024,10601,rural,25,mujer,9,64,14.0625
2024,10601,rural,26,hombre,11,60,18.333333333333332
2024,10601,rural,26,mujer,8,55,14.545454545454545
2024,10601,rural,27,hombre,12,69,17.391304347826086
2024,10601,rural,27,mujer,8,42,19.047619047619047
2024,10601,rural,28,hombre,12,48,25.0
2024,10601,rural,28,mujer,7,60,11.666666666666666
2024,10601,urbana,16,hombre,3,33,9.090909090909092
2024,10601,urbana,16,mujer,3,52,5.769230769230769
2024,10601,urbana,17,hombre,0,32,0.0
2024,10601,urbana,17,mujer,2,31,6.451612903225806
2024,10601,urbana,18,hombre,2,29,6.896551724137931
2024,10601,urbana,18,mujer,3,28,10.714285714285714
2024,10601,urbana,19,hombre,2,26,7.6923076923076925
2024,10601,urbana,19,mujer,2,21,9.523809523809524
2024,10601,urbana,20,hombre,1,18,5.555555555555555
2024,10601,urbana,20,mujer,0,24,0.0
2024,10601,urbana,21,hombre,3,19,15.789473684210526
2024,10601,urbana,21,mujer,4,19,21.05263157894737
2024,10601,urbana,22,hombre,4,24,16.666666666666668
2024,10601,urbana,22,mujer,3,19,15.789473684210526
2024,10601,urbana,23,hombre,11,24,45.833333333333336
2024,10601,urbana,23,mujer,8,30,26.666666666666668
2024,10601,urbana,24,hombre,7,29,24.137931034482758
2024,10601,urbana,24,mujer,8,17,47.05882352941177
2024,10601,urbana,25,hombre,3,18,16.666666666666668
2024,10601,urbana,25,mujer,1,21,4.761904761904762
2024,10601,urbana,26,hombre,3,19,15.789473684210526
2024,10601,urbana,26,mujer,5,21,23.80952380952381
2024,10601,urbana,27,hombre,4,15,26.666666666666668
2024,10601,urbana,27,mujer,4,19,21.05263157894737
2024,10601,urbana,28,hombre,6,17,35.294117647058826
2024,10601,urbana,28,mujer,5,24,20.833333333333332
2024,10602,rural,16,hombre,5,72,6.944444444444445
2024,10602,rural,16,mujer,8,71,11.267605633802816
2024,10602,rural,17,hombre,2,68,2.9411764705882355
2024,10602,rural,17,mujer,7,67,10.447761194029852
2024,10602,rural,18,hombre,6,64,9.375
2024,10602,rural,18,mujer,6,63,9.523809523809524
2024,10602,rural,19,hombre,12,52,23.076923076923077
2024,10602,rural,19,mujer,5,57,8.771929824561404
2024,10602,rural,20,hombre,6,63,9.523809523809524
2024,10602,rural,20,mujer,8,45,17.77777777777778
2024,10602,rural,21,hombre,7,54,12.962962962962964
2024,10602,rural,21,mujer,5,61,8.19672131147541
2024,10602,rural,22,hombre,9,58,15.517241379310345
2024,10602,rural,22,mujer,17,62,27.419354838709676
2024,10602,rural,23,hombre,6,66,9.090909090909092
2024,10602,rural,23,mujer,10,54,18.51851851851852
2024,10602,rural,24,hombre,9,64,14.0625
2024,10602,rural,24,mujer,10,51,19.607843137254903
2024,10602,rural,25,hombre,14,69,20.28985507246377
2024,10602,rural,25,mujer,13,67,19.402985074626866
2024,10602,rural,26,hombre,10,62,16.129032258064516
2024,10602,rural,26,mujer,10,55,18.181818181818183
2024,10602,rural,27,hombre,9,63,14.285714285714286
2024,10602,rural,27,mujer,11,66,16.666666666666668
2024,10602,rural,28,hombre,9,48,18.75
2024,10602,rural,28,mujer,4,47,8.51063829787234
2024,10701,rural,16,hombre,3,70,4.285714285714286
2024,10701,rural,16,mujer,3,67,4.477611940298507
2024,10701,rural,17,hombre,4,74,5.405405405405405
2024,10701,rural,17,mujer,2,63,3.1746031746031744
2024,10701,rural,18,hombre,2,68,2.9411764705882355
2024,10701,rural,18,mujer,1,61,1.639344262295082
2024,10701,rural,19,hombre,3,84,3.5714285714285716
2024,10701,rural,19,mujer,10,63,15.873015873015873
2024,10701,rural,20,hombre,3,50,6.0
2024,10701,rural,20,mujer,2,60,3.3333333333333335
2024,10701,rural,21,hombre,5,72,6.944444444444445
2024,10701,rural,21,mujer,2,62,3.225806451612903
2024,10701,rural,22,hombre,3,83,3.6144578313253013
2024,10701,rural,22,mujer,9,70,12.857142857142858
2024,10701,rural,23,hombre,3,63,4.761904761904762
2024,10701,rural,23,mujer,7,63,11.11111111111111
2024,10701,rural,24,hombre,3,69,4.3478260869565215
2024,10701,rural,24,mujer,9,78,11.538461538461538
2024,10701,rural,25,hombre,6,64,9.375
2024,10701,rural,25,mujer,8,74,10.81081081081081
2024,10701,rural,26,hombre,6,72,8.333333333333334
2024,10701,rural,26,mujer,7,91,7.6923076923076925
2024,10701,rural,27,hombre,4,61,6.557377049180328
2024,10701,rural,27,mujer,9,68,13.235294117647058
2024,10701,rural,28,hombre,10,78,12.820512820512821
2024,10701,rural,28,mujer,8,68,11.764705882352942
2024,10701,urbana,16,hombre,5,55,9.090909090909092
2024,10701,urbana,16,mujer,4,62,6.451612903225806
2024,10701,urbana,17,hombre,7,37,18.91891891891892
2024,10701,urbana,17,mujer,6,53,11.320754716981131
2024,10701,urbana,18,hombre,3,38,7.894736842105263
2024,10701,urbana,18,mujer,1,50,2.0
2024,10701,urbana,19,hombre,1,30,3.3333333333333335
2024,10701,urbana,19,mujer,4,30,13.333333333333334
2024,10701,urbana,20,hombre,3,40,7.5
2024,10701,urbana,20,mujer,4,33,12.121212121212121
2024,10701,urbana,21,hombre,7,38,18.42105263157895
2024,10701,urbana,21,mujer,2,31,6.451612903225806
2024,10701,urbana,22,hombre,8,40,20.0
2024,10701,urbana,22,mujer,7,41,17.073170731707318
2024,10701,urbana,23,hombre,11,49,22.448979591836736
2024,10701,urbana,23,mujer,12,44,27.272727272727273
2024,10701,urbana,24,hombre,9,35,25.714285714285715
2024,10701,urbana,24,mujer,17,49,34.69387755102041
2024,10701,urbana,25,hombre,8,40,20.0
2024,10701,urbana,25,mujer,12,56,21.428571428571427
2024,10701,urbana,26,hombre,10,31,32.25806451612903
2024,10701,urbana,26,mujer,12,40,30.0
2024,10701,urbana,27,hombre,16,52,30.76923076923077
2024,10701,urbana,27,mujer,6,45,13.333333333333334
2024,10701,urbana,28,hombre,9,31,29.032258064516128
2024,10701,urbana,28,mujer,14,46,30.434782608695652
2024,10702,rural,16,hombre,14,266,5.2631578947368425
2024,10702,rural,16,mujer,11,272,4.044117647058823
2024,10702,rural,17,hombre,6,234,2.5641025641025643
2024,10702,rural,17,mujer,14,264,5.303030303030303
2024,10702,rural,18,hombre,10,208,4.8076923076923075
2024,10702,rural,18,mujer,8,187,4.278074866310161
2024,10702,rural,19,hombre,6,154,3.896103896103896
2024,10702,rural,19,mujer,18,201,8.955223880597014
2024,10702,rural,20,hombre,15,160,9.375
2024,10702,rural,20,mujer,8,184,4.3478260869565215
2024,10702,rural,21,hombre,13,158,8.227848101265822
2024,10702,rural,21,mujer,17,168,10.119047619047619
2024,10702,rural,22,hombre,11,150,7.333333333333333
2024,10702,rural,22,mujer,18,170,10.588235294117647
2024,10702,rural,23,hombre,30,210,14.285714285714286
2024,10702,rural,23,mujer,26,169,15.384615384615385
2024,10702,rural,24,hombre,24,178,13.48314606741573
2024,10702,rural,24,mujer,28,190,14.736842105263158
2024,10702,rural,25,hombre,23,148,15.54054054054054
2024,10702,rural,25,mujer,16,154,10.38961038961039
2024,10702,rural,26,hombre,21,162,12.962962962962964
2024,10702,rural,26,mujer,18,149,12.080536912751677
2024,10702,rural,27,hombre,24,155,15.483870967741936
2024,10702,rural,27,mujer,21,141,14.893617021276595
2024,10702,rural,28,hombre,21,148,14.18918918918919
2024,10702,rural,28,mujer,22,135,16.296296296296298
2024,10702,urbana,16,hombre,2,32,6.25
2024,10702,urbana,16,mujer,6,41,14.634146341463415
2024,10702,urbana,17,hombre,2,46,4.3478260869565215
2024,10702,urbana,17,mujer,1,20,5.0
2024,10702,urbana,18,hombre,2,24,8.333333333333334
2024,10702,urbana,18,mujer,0,14,0.0
2024,10702,urbana,19,hombre,1,20,5.0
2024,10702,urbana,19,mujer,0,19,0.0
2024,10702,urbana,20,hombre,3,19,15.789473684210526
2024,10702,urbana,20,mujer,3,21,14.285714285714286
2024,10702,urbana,21,hombre,1,17,5.882352941176471
2024,10702,urbana,21,mujer,2,20,10.0
2024,10702,urbana,22,hombre,5,16,31.25
2024,10702,urbana,22,mujer,3,21,14.285714285714286
2024,10702,urbana,23,hombre,4,18,22.22222222222222
2024,10702,urbana,23,mujer,2,16,12.5
2024,10702,urbana,24,hombre,5,18,27.77777777777778
2024,10702,urbana,24,mujer,7,25,28.0
2024,10702,urbana,25,hombre,7,16,43.75
2024,10702,urbana,25,mujer,14,37,37.83783783783784
2024,10702,urbana,26,hombre,7,15,46.666666666666664
2024,10702,urbana,26,mujer,7,24,29.166666666666668
2024,10702,urbana,27,hombre,4,16,25.0
2024,10702,urbana,27,mujer,6,30,20.0
2024,10702,urbana,28,hombre,3,17,17.647058823529413
2024,10702,urbana,28,mujer,9,28,32.142857142857146
2024,10703,rural,16,hombre,4,110,3.6363636363636362
2024,10703,rural,16,mujer,0,109,0.0
2024,10703,rural,17,hombre,4,133,3.007518796992481
2024,10703,rural,17,mujer,7,133,5.2631578947368425
2024,10703,rural,18,hombre,1,106,0.9433962264150944
2024,10703,rural,18,mujer,4,116,3.4482758620689653
2024,10703,rural,19,hombre,6,126,4.761904761904762
2024,10703,rural,19,mujer,5,118,4.237288135593221
2024,10703,rural,20,hombre,5,132,3.787878787878788
2024,10703,rural,20,mujer,7,117,5.982905982905983
2024,10703,rural,21,hombre,2,109,1.834862385321101
2024,10703,rural,21,mujer,8,123,6.504065040650406
2024,10703,rural,22,hombre,6,106,5.660377358490566
2024,10703,rural,22,mujer,8,123,6.504065040650406
2024,10703,rural,23,hombre,10,137,7.299270072992701
2024,10703,rural,23,mujer,7,143,4.895104895104895
2024,10703,rural,24,hombre,4,133,3.007518796992481
2024,10703,rural,24,mujer,9,122,7.377049180327869
2024,10703,rural,25,hombre,16,131,12.213740458015268
2024,10703,rural,25,mujer,9,109,8.256880733944953
2024,10703,rural,26,hombre,6,119,5.042016806722689
2024,10703,rural,26,mujer,8,92,8.695652173913043
2024,10703,rural,27,hombre,12,105,11.428571428571429
2024,10703,rural,27,mujer,9,98,9.183673469387756
2024,10703,rural,28,hombre,4,99,4.040404040404041
2024,10703,rural,28,mujer,5,89,5.617977528089888
2024,10703,urbana,16,hombre,0,19,0.0
2024,10703,urbana,16,mujer,1,19,5.2631578947368425
2024,10703,urbana,17,hombre,4,21,19.047619047619047
2024,10703,urbana,17,mujer,1,19,5.2631578947368425
2024,10703,urbana,18,hombre,3,22,13.636363636363637
2024,10703,urbana,18,mujer,0,11,0.0
2024,10703,urbana,19,hombre,0,27,0.0
2024,10703,urbana,19,mujer,6,27,22.22222222222222
2024,10703,urbana,20,hombre,1,21,4.761904761904762
2024,10703,urbana,20,mujer,4,20,20.0
2024,10703,urbana,21,hombre,2,18,11.11111111111111
2024,10703,urbana,21,mujer,4,17,23.529411764705884
2024,10703,urbana,22,hombre,1,14,7.142857142857143
2024,10703,urbana,22,mujer,7,32,21.875
2024,10703,urbana,23,hombre,4,31,12.903225806451612
2024,10703,urbana,23,mujer,3,32,9.375
2024,10703,urbana,24,hombre,7,34,20.58823529411765
2024,10703,urbana,24,mujer,6,42,14.285714285714286
2024,10703,urbana,25,hombre,2,28,7.142857142857143
2024,10703,urbana,25,mujer,5,29,17.24137931034483
2024,10703,urbana,26,hombre,3,16,18.75
2024,10703,urbana,26,mujer,4,33,12.121212121212121
2024,10703,urbana,27,hombre,0,26,0.0
2024,10703,urbana,27,mujer,5,29,17.24137931034483
2024,10703,urbana,28,hombre,6,29,20.689655172413794
2024,10703,urbana,28,mujer,4,21,19.047619047619047
2024,10704,rural,16,hombre,5,117,4.273504273504273
2024,10704,rural,16,mujer,2,119,1.680672268907563
2024,10704,rural,17,hombre,2,139,1.4388489208633093
2024,10704,rural,17,mujer,4,122,3.278688524590164
2024,10704,rural,18,hombre,8,119,6.722689075630252
2024,10704,rural,18,mujer,5,125,4.0
2024,10704,rural,19,hombre,4,110,3.6363636363636362
2024,10704,rural,19,mujer,5,114,4.385964912280702
2024,10704,rural,20,hombre,5,108,4.62962962962963
2024,10704,rural,20,mujer,9,119,7.563025210084033
2024,10704,rural,21,hombre,10,107,9.345794392523365
2024,10704,rural,21,mujer,10,137,7.299270072992701
2024,10704,rural,22,hombre,6,92,6.521739130434782
2024,10704,rural,22,mujer,13,122,10.655737704918034
2024,10704,rural,23,hombre,13,135,9.62962962962963
2024,10704,rural,23,mujer,7,114,6.140350877192983
2024,10704,rural,24,hombre,7,112,6.25
2024,10704,rural,24,mujer,13,91,14.285714285714286
2024,10704,rural,25,hombre,13,94,13.829787234042554
2024,10704,rural,25,mujer,16,94,17.02127659574468
2024,10704,rural,26,hombre,8,105,7.619047619047619
2024,10704,rural,26,mujer,19,95,20.0
2024,10704,rural,27,hombre,8,84,9.523809523809524
2024,10704,rural,27,mujer,8,77,10.38961038961039
2024,10704,rural,28,hombre,11,94,11.702127659574469
2024,10704,rural,28,mujer,9,76,11.842105263157896
2024,10704,urbana,16,hombre,2,28,7.142857142857143
2024,10704,urbana,16,mujer,2,28,7.142857142857143
2024,10704,urbana,17,hombre,2,21,9.523809523809524
2024,10704,urbana,17,mujer,2,35,5.714285714285714
2024,10704,urbana,18,hombre,2,25,8.0
2024,10704,urbana,18,mujer,3,33,9.090909090909092
2024,10704,urbana,19,hombre,3,25,12.0
2024,10704,urbana,19,mujer,5,24,20.833333333333332
2024,10704,urbana,20,hombre,3,25,12.0
2024,10704,urbana,20,mujer,2,28,7.142857142857143
2024,10704,urbana,21,hombre,2,28,7.142857142857143
2024,10704,urbana,21,mujer,4,30,13.333333333333334
2024,10704,urbana,22,hombre,1,16,6.25
2024,10704,urbana,22,mujer,7,22,31.818181818181817
2024,10704,urbana,23,hombre,6,24,25.0
2024,10704,urbana,23,mujer,5,26,19.23076923076923
2024,10704,urbana,24,hombre,7,32,21.875
2024,10704,urbana,24,mujer,7,22,31.818181818181817
2024,10704,urbana,25,hombre,3,26,11.538461538461538
2024,10704,urbana,25,mujer,9,33,27.272727272727273
2024,10704,urbana,26,hombre,9,28,32.142857142857146
2024,10704,urbana,26,mujer,6,28,21.428571428571427
2024,10704,urbana,27,hombre,5,22,22.727272727272727
2024,10704,urbana,27,mujer,9,36,25.0
2024,10704,urbana,28,hombre,8,19,42.10526315789474
2024,10704,urbana,28,mujer,10,29,34.48275862068966
2024,10801,rural,16,hombre,2,45,4.444444444444445
2024,10801,rural,16,mujer,6,44,13.636363636363637
2024,10801,rural,17,hombre,5,45,11.11111111111111
2024,10801,rural,17,mujer,3,53,5.660377358490566
2024,10801,rural,18,hombre,2,44,4.545454545454546
2024,10801,rural,18,mujer,2,32,6.25
2024,10801,rural,19,hombre,2,40,5.0
2024,10801,rural,19,mujer,1,29,3.4482758620689653
2024,10801,rural,20,hombre,2,35,5.714285714285714
2024,10801,rural,20,mujer,2,43,4.651162790697675
2024,10801,rural,21,hombre,4,46,8.695652173913043
2024,10801,rural,21,mujer,5,32,15.625
2024,10801,rural,22,hombre,1,30,3.3333333333333335
2024,10801,rural,22,mujer,1,35,2.857142857142857
2024,10801,rural,23,hombre,4,35,11.428571428571429
2024,10801,rural,23,mujer,2,36,5.555555555555555
2024,10801,rural,24,hombre,6,42,14.285714285714286
2024,10801,rural,24,mujer,6,39,15.384615384615385
2024,10801,rural,25,hombre,6,40,15.0
2024,10801,rural,25,mujer,5,29,17.24137931034483
2024,10801,rural,26,hombre,9,35,25.714285714285715
2024,10801,rural,26,mujer,8,34,23.529411764705884
2024,10801,rural,27,hombre,6,44,13.636363636363637
2024,10801,rural,27,mujer,9,39,23.076923076923077
2024,10801,rural,28,hombre,5,39,12.820512820512821
2024,10801,rural,28,mujer,7,37,18.91891891891892
2024,10801,urbana,16,hombre,4,41,9.75609756097561
2024,10801,urbana,16,mujer,3,35,8.571428571428571
2024,10801,urbana,17,hombre,4,34,11.764705882352942
2024,10801,urbana,17,mujer,4,33,12.121212121212121
2024,10801,urbana,18,hombre,2,30,6.666666666666667
2024,10801,urbana,18,mujer,5,20,25.0
2024,10801,urbana,19,hombre,7,31,22.580645161290324
2024,10801,urbana,19,mujer,11,37,29.72972972972973
2024,10801,urbana,20,hombre,14,42,33.333333333333336
2024,10801,urbana,20,mujer,6,30,20.0
2024,10801,urbana,21,hombre,9,47,19.148936170212767
2024,10801,urbana,21,mujer,11,37,29.72972972972973
2024,10801,urbana,22,hombre,12,34,35.294117647058826
2024,10801,urbana,22,mujer,5,23,21.73913043478261
2024,10801,urbana,23,hombre,12,42,28.571428571428573
2024,10801,urbana,23,mujer,5,29,17.24137931034483
2024,10801,urbana,24,hombre,10,31,32.25806451612903
2024,10801,urbana,24,mujer,8,33,24.242424242424242
2024,10801,urbana,25,hombre,9,30,30.0
2024,10801,urbana,25,mujer,8,31,25.806451612903224
2024,10801,urbana,26,hombre,8,35,22.857142857142858
2024,10801,urbana,26,mujer,7,29,24.137931034482758
2024,10801,urbana,27,hombre,5,24,20.833333333333332
2024,10801,urbana,27,mujer,4,22,18.181818181818183
2024,10801,urbana,28,hombre,6,32,18.75
2024,10801,urbana,28,mujer,6,24,25.0
2024,10901,rural,16,hombre,1,21,4.761904761904762
2024,10901,rural,16,mujer,3,20,15.0
2024,10901,rural,17,hombre,6,31,19.35483870967742
2024,10901,rural,17,mujer,0,23,0.0
2024,10901,rural,18,hombre,1,11,9.090909090909092
2024,10901,rural,18,mujer,4,31,12.903225806451612
2024,10901,rural,19,hombre,2,22,9.090909090909092
2024,10901,rural,19,mujer,2,21,9.523809523809524
2024,10901,rural,20,hombre,7,26,26.923076923076923
2024,10901,rural,20,mujer,1,18,5.555555555555555
2024,10901,rural,21,hombre,4,17,23.529411764705884
2024,10901,rural,21,mujer,1,17,5.882352941176471
2024,10901,rural,22,hombre,6,35,17.142857142857142
2024,10901,rural,22,mujer,3,23,13.043478260869565
2024,10901,rural,23,hombre,8,31,25.806451612903224
2024,10901,rural,23,mujer,8,24,33.333333333333336
2024,10901,rural,24,hombre,6,27,22.22222222222222
2024,10901,rural,24,mujer,4,30,13.333333333333334
2024,10901,rural,25,hombre,4,24,16.666666666666668
2024,10901,rural,25,mujer,1,20,5.0
2024,10901,rural,26,hombre,6,27,22.22222222222222
2024,10901,rural,26,mujer,5,30,16.666666666666668
2024,10901,rural,27,hombre,5,21,23.80952380952381
2024,10901,rural,27,mujer,3,21,14.285714285714286
2024,10901,rural,28,hombre,3,29,10.344827586206897
2024,10901,rural,28,mujer,3,21,14.285714285714286
2024,10901,urbana,16,hombre,0,14,0.0
2024,10901,urbana,16,mujer,2,29,6.896551724137931
2024,10901,urbana,17,hombre,1,24,4.166666666666667
2024,10901,urbana,17,mujer,3,28,10.714285714285714
2024,10901,urbana,18,hombre,3,17,17.647058823529413
2024,10901,urbana,18,mujer,4,14,28.571428571428573
2024,10901,urbana,19,hombre,1,16,6.25
2024,10901,urbana,19,mujer,2,16,12.5
2024,10901,urbana,20,hombre,3,18,16.666666666666668
2024,10901,urbana,20,mujer,6,21,28.571428571428573
2024,10901,urbana,21,hombre,3,27,11.11111111111111
2024,10901,urbana,21,mujer,3,26,11.538461538461538
2024,10901,urbana,22,hombre,4,24,16.666666666666668
2024,10901,urbana,22,mujer,4,19,21.05263157894737
2024,10901,urbana,23,hombre,4,31,12.903225806451612
2024,10901,urbana,23,mujer,3,16,18.75
2024,10901,urbana,24,hombre,3,36,8.333333333333334
2024,10901,urbana,24,mujer,6,24,25.0
2024,10901,urbana,25,hombre,4,21,19.047619047619047
2024,10901,urbana,25,mujer,2,19,10.526315789473685
2024,10901,urbana,26,hombre,4,17,23.529411764705884
2024,10901,urbana,26,mujer,7,25,28.0
2024,10901,urbana,27,hombre,6,16,37.5
2024,10901,urbana,27,mujer,5,22,22.727272727272727
2024,10901,urbana,28,hombre,6,27,22.22222222222222
2024,10901,urbana,28,mujer,6,24,25.0
2024,10902,rural,16,hombre,2,104,1.9230769230769231
2024,10902,rural,16,mujer,3,108,2.7777777777777777
2024,10902,rural,17,hombre,0,104,0.0
2024,10902,rural,17,mujer,5,109,4.587155963302752
2024,10902,rural,18,hombre,1,88,1.1363636363636365
2024,10902,rural,18,mujer,15,100,15.0
2024,10902,rural,19,hombre,6,90,6.666666666666667
2024,10902,rural,19,mujer,6,84,7.142857142857143
2024,10902,rural,20,hombre,11,91,12.087912087912088
2024,10902,rural,20,mujer,10,69,14.492753623188406
2024,10902,rural,21,hombre,3,97,3.0927835051546393
2024,10902,rural,21,mujer,12,98,12.244897959183673
2024,10902,rural,22,hombre,11,85,12.941176470588236
2024,10902,rural,22,mujer,10,73,13.698630136986301
2024,10902,rural,23,hombre,4,95,4.2105263157894735
2024,10902,rural,23,mujer,6,87,6.896551724137931
2024,10902,rural,24,hombre,7,91,7.6923076923076925
2024,10902,rural,24,mujer,14,85,16.470588235294116
2024,10902,rural,25,hombre,11,84,13.095238095238095
2024,10902,rural,25,mujer,12,84,14.285714285714286
2024,10902,rural,26,hombre,9,86,10.465116279069768
2024,10902,rural,26,mujer,7,69,10.144927536231885
2024,10902,rural,27,hombre,7,81,8.641975308641975
2024,10902,rural,27,mujer,11,72,15.277777777777779
2024,10902,rural,28,hombre,8,80,10.0
2024,10902,rural,28,mujer,6,74,8.108108108108109
2024,10902,urbana,16,hombre,3,32,9.375
2024,10902,urbana,16,mujer,4,37,10.81081081081081
2024,10902,urbana,17,hombre,3,34,8.823529411764707
2024,10902,urbana,17,mujer,1,33,3.0303030303030303
2024,10902,urbana,18,hombre,2,32,6.25
2024,10902,urbana,18,mujer,2,28,7.142857142857143
2024,10902,urbana,19,hombre,4,29,13.793103448275861
2024,10902,urbana,19,mujer,3,21,14.285714285714286
2024,10902,urbana,20,hombre,2,18,11.11111111111111
2024,10902,urbana,20,mujer,4,19,21.05263157894737
2024,10902,urbana,21,hombre,6,24,25.0
2024,10902,urbana,21,mujer,1,15,6.666666666666667
2024,10902,urbana,22,hombre,4,21,19.047619047619047
2024,10902,urbana,22,mujer,6,24,25.0
2024,10902,urbana,23,hombre,4,31,12.903225806451612
2024,10902,urbana,23,mujer,7,29,24.137931034482758
2024,10902,urbana,24,hombre,4,16,25.0
2024,10902,urbana,24,mujer,10,24,41.666666666666664
2024,10902,urbana,25,hombre,8,21,38.095238095238095
2024,10902,urbana,25,mujer,6,25,24.0
2024,10902,urbana,26,hombre,7,25,28.0
2024,10902,urbana,26,mujer,8,30,26.666666666666668
2024,10902,urbana,27,hombre,3,27,11.11111111111111
2024,10902,urbana,27,mujer,7,24,29.166666666666668
2024,10902,urbana,28,hombre,6,23,26.08695652173913
2024,10902,urbana,28,mujer,3,17,17.647058823529413
2024,10903,rural,16,hombre,2,32,6.25
2024,10903,rural,16,mujer,4,34,11.764705882352942
2024,10903,rural,17,hombre,3,42,7.142857142857143
2024,10903,rural,17,mujer,3,32,9.375
2024,10903,rural,18,hombre,6,43,13.953488372093023
2024,10903,rural,18,mujer,7,29,24.137931034482758
2024,10903,rural,19,hombre,7,41,17.073170731707318
2024,10903,rural,19,mujer,7,40,17.5
2024,10903,rural,20,hombre,6,40,15.0
2024,10903,rural,20,mujer,4,35,11.428571428571429
2024,10903,rural,21,hombre,9,59,15.254237288135593
2024,10903,rural,21,mujer,2,29,6.896551724137931
2024,10903,rural,22,hombre,7,45,15.555555555555555
2024,10903,rural,22,mujer,5,36,13.88888888888889
2024,10903,rural,23,hombre,11,58,18.96551724137931
2024,10903,rural,23,mujer,10,45,22.22222222222222
2024,10903,rural,24,hombre,9,66,13.636363636363637
2024,10903,rural,24,mujer,7,44,15.909090909090908
2024,10903,rural,25,hombre,10,50,20.0
2024,10903,rural,25,mujer,10,40,25.0
2024,10903,rural,26,hombre,6,43,13.953488372093023
2024,10903,rural,26,mujer,12,50,24.0
2024,10903,rural,27,hombre,6,56,10.714285714285714
2024,10903,rural,27,mujer,8,36,22.22222222222222
2024,10903,rural,28,hombre,9,49,18.367346938775512
2024,10903,rural,28,mujer,8,33,24.242424242424242
2024,11001,rural,16,hombre,0,81,0.0
2024,11001,rural,16,mujer,0,75,0.0
2024,11001,rural,17,hombre,1,85,1.1764705882352942
2024,11001,rural,17,mujer,1,73,1.36986301369863
2024,11001,rural,18,hombre,1,61,1.639344262295082
2024,11001,rural,18,mujer,2,60,3.3333333333333335
2024,11001,rural,19,hombre,0,59,0.0
2024,11001,rural,19,mujer,0,44,0.0
2024,11001,rural,20,hombre,1,50,2.0
2024,11001,rural,20,mujer,2,53,3.7735849056603774
2024,11001,rural,21,hombre,1,57,1.7543859649122806
2024,11001,rural,21,mujer,1,37,2.7027027027027026
2024,11001,rural,22,hombre,1,52,1.9230769230769231
2024,11001,rural,22,mujer,2,56,3.5714285714285716
2024,11001,rural,23,hombre,2,75,2.6666666666666665
2024,11001,rural,23,mujer,1,57,1.7543859649122806
2024,11001,rural,24,hombre,1,74,1.3513513513513513
2024,11001,rural,24,mujer,3,65,4.615384615384615
2024,11001,rural,25,hombre,1,49,2.0408163265306123
2024,11001,rural,25,mujer,1,53,1.8867924528301887
2024,11001,rural,26,hombre,1,52,1.9230769230769231
2024,11001,rural,26,mujer,5,59,8.474576271186441
2024,11001,rural,27,hombre,0,68,0.0
2024,11001,rural,27,mujer,4,45,8.88888888888889
2024,11001,rural,28,hombre,1,74,1.3513513513513513
2024,11001,rural,28,mujer,0,52,0.0
2024,11001,urbana,16,hombre,0,35,0.0
2024,11001,urbana,16,mujer,1,37,2.7027027027027026
2024,11001,urbana,17,hombre,1,42,2.380952380952381
2024,11001,urbana,17,mujer,0,45,0.0
2024,11001,urbana,18,hombre,4,101,3.9603960396039604
2024,11001,urbana,18,mujer,1,50,2.0
2024,11001,urbana,19,hombre,4,106,3.7735849056603774
2024,11001,urbana,19,mujer,3,75,4.0
2024,11001,urbana,20,hombre,0,113,0.0
2024,11001,urbana,20,mujer,4,80,5.0
2024,11001,urbana,21,hombre,2,109,1.834862385321101
2024,11001,urbana,21,mujer,2,88,2.272727272727273
2024,11001,urbana,22,hombre,5,108,4.62962962962963
2024,11001,urbana,22,mujer,1,89,1.1235955056179776
2024,11001,urbana,23,hombre,3,115,2.608695652173913
2024,11001,urbana,23,mujer,2,54,3.7037037037037037
2024,11001,urbana,24,hombre,1,89,1.1235955056179776
2024,11001,urbana,24,mujer,3,72,4.166666666666667
2024,11001,urbana,25,hombre,1,80,1.25
2024,11001,urbana,25,mujer,1,65,1.5384615384615385
2024,11001,urbana,26,hombre,3,54,5.555555555555555
2024,11001,urbana,26,mujer,0,23,0.0
2024,11001,urbana,27,hombre,3,63,4.761904761904762
2024,11001,urbana,27,mujer,2,49,4.081632653061225
2024,11001,urbana,28,hombre,2,66,3.0303030303030303
2024,11001,urbana,28,mujer,0,40,0.0
2024,11002,rural,16,hombre,4,26,15.384615384615385
2024,11002,rural,16,mujer,3,26,11.538461538461538
2024,11002,rural,17,hombre,0,16,0.0
2024,11002,rural,17,mujer,1,23,4.3478260869565215
2024,11002,rural,18,hombre,0,24,0.0
2024,11002,rural,18,mujer,1,28,3.5714285714285716
2024,11002,rural,19,hombre,1,18,5.555555555555555
2024,11002,rural,19,mujer,1,17,5.882352941176471
2024,11002,rural,20,hombre,4,21,19.047619047619047
2024,11002,rural,20,mujer,1,15,6.666666666666667
2024,11002,rural,21,hombre,0,18,0.0
2024,11002,rural,21,mujer,1,9,11.11111111111111
2024,11002,rural,22,hombre,2,19,10.526315789473685
2024,11002,rural,22,mujer,1,18,5.555555555555555
2024,11002,rural,23,hombre,2,17,11.764705882352942
2024,11002,rural,23,mujer,2,21,9.523809523809524
2024,11002,rural,24,hombre,5,25,20.0
2024,11002,rural,24,mujer,4,23,17.391304347826086
2024,11002,rural,25,hombre,5,19,26.31578947368421
2024,11002,rural,25,mujer,2,13,15.384615384615385
2024,11002,rural,26,hombre,5,30,16.666666666666668
2024,11002,rural,26,mujer,4,15,26.666666666666668
2024,11002,rural,27,hombre,3,23,13.043478260869565
2024,11002,rural,27,mujer,4,20,20.0
2024,11002,rural,28,hombre,2,19,10.526315789473685
2024,11002,rural,28,mujer,3,13,23.076923076923077
2024,11003,rural,16,hombre,9,73,12.32876712328767
2024,11003,rural,16,mujer,7,53,13.20754716981132
2024,11003,rural,17,hombre,30,77,38.96103896103896
2024,11003,rural,17,mujer,6,49,12.244897959183673
2024,11003,rural,18,hombre,77,120,64.16666666666667
2024,11003,rural,18,mujer,41,63,65.07936507936508
2024,11003,rural,19,hombre,65,101,64.35643564356435
2024,11003,rural,19,mujer,43,64,67.1875
2024,11003,rural,20,hombre,56,90,62.22222222222222
2024,11003,rural,20,mujer,18,62,29.032258064516128
2024,11003,rural,21,hombre,52,81,64.19753086419753
2024,11003,rural,21,mujer,27,57,47.36842105263158
2024,11003,rural,22,hombre,47,89,52.80898876404494
2024,11003,rural,22,mujer,30,75,40.0
2024,11003,rural,23,hombre,49,85,57.64705882352941
2024,11003,rural,23,mujer,19,68,27.941176470588236
2024,11003,rural,24,hombre,44,94,46.808510638297875
2024,11003,rural,24,mujer,29,72,40.27777777777778
2024,11003,rural,25,hombre,16,63,25.396825396825395
2024,11003,rural,25,mujer,13,48,27.083333333333332
2024,11003,rural,26,hombre,20,68,29.41176470588235
2024,11003,rural,26,mujer,12,47,25.53191489361702
2024,11003,rural,27,hombre,22,62,35.483870967741936
2024,11003,rural,27,mujer,13,55,23.636363636363637
2024,11003,rural,28,hombre,7,47,14.893617021276595
2024,11003,rural,28,mujer,18,46,39.130434782608695
2024,20101,rural,16,hombre,11,54,20.37037037037037
2024,20101,rural,16,mujer,8,41,19.51219512195122
2024,20101,rural,17,hombre,9,54,16.666666666666668
2024,20101,rural,17,mujer,3,42,7.142857142857143
2024,20101,rural,18,hombre,10,49,20.408163265306122
2024,20101,rural,18,mujer,4,54,7.407407407407407
2024,20101,rural,19,hombre,7,57,12.280701754385966
2024,20101,rural,19,mujer,9,43,20.930232558139537
2024,20101,rural,20,hombre,22,63,34.92063492063492
2024,20101,rural,20,mujer,12,61,19.672131147540984
2024,20101,rural,21,hombre,13,59,22.033898305084747
2024,20101,rural,21,mujer,6,49,12.244897959183673
2024,20101,rural,22,hombre,13,77,16.883116883116884
2024,20101,rural,22,mujer,5,55,9.090909090909092
2024,20101,rural,23,hombre,12,69,17.391304347826086
2024,20101,rural,23,mujer,3,53,5.660377358490566
2024,20101,rural,24,hombre,19,87,21.839080459770116
2024,20101,rural,24,mujer,9,61,14.754098360655737
2024,20101,rural,25,hombre,11,66,16.666666666666668
2024,20101,rural,25,mujer,6,51,11.764705882352942
2024,20101,rural,26,hombre,16,67,23.880597014925375
2024,20101,rural,26,mujer,8,41,19.51219512195122
2024,20101,rural,27,hombre,8,64,12.5
2024,20101,rural,27,mujer,8,50,16.0
2024,20101,rural,28,hombre,9,54,16.666666666666668
2024,20101,rural,28,mujer,3,53,5.660377358490566
2024,20101,urbana,16,hombre,235,5801,4.051025685226685
2024,20101,urbana,16,mujer,255,5604,4.550321199143469
2024,20101,urbana,17,hombre,354,5959,5.9405940594059405
2024,20101,urbana,17,mujer,307,5766,5.324314949705168
2024,20101,urbana,18,hombre,768,6639,11.568007230004518
2024,20101,urbana,18,mujer,434,5938,7.308858201414617
2024,20101,urbana,19,hombre,669,6441,10.386585933861202
2024,20101,urbana,19,mujer,430,5965,7.208717518860016
2024,20101,urbana,20,hombre,595,6164,9.652822842310188
2024,20101,urbana,20,mujer,528,5967,8.848667672197084
2024,20101,urbana,21,hombre,665,6367,10.444479346631066
2024,20101,urbana,21,mujer,477,6070,7.85831960461285
2024,20101,urbana,22,hombre,633,6346,9.974787267570123
2024,20101,urbana,22,mujer,428,6108,7.007203667321545
2024,20101,urbana,23,hombre,660,6762,9.760425909494232
2024,20101,urbana,23,mujer,418,6616,6.3180169286578
2024,20101,urbana,24,hombre,568,6842,8.301666179479684
2024,20101,urbana,24,mujer,497,6737,7.3771708475582605
2024,20101,urbana,25,hombre,485,6388,7.592360676268003
2024,20101,urbana,25,mujer,472,6524,7.234825260576334
2024,20101,urbana,26,hombre,504,6219,8.104196816208393
2024,20101,urbana,26,mujer,488,6443,7.574111438770759
2024,20101,urbana,27,hombre,499,6452,7.734035957842529
2024,20101,urbana,27,mujer,520,6459,8.05078185477628
2024,20101,urbana,28,hombre,550,6250,8.8
2024,20101,urbana,28,mujer,498,6412,7.766687461010605
2024,20102,rural,16,hombre,14,170,8.235294117647058
2024,20102,rural,16,mujer,27,212,12.735849056603774
2024,20102,rural,17,hombre,11,153,7.189542483660131
2024,20102,rural,17,mujer,22,164,13.414634146341463
2024,20102,rural,18,hombre,13,129,10.077519379844961
2024,20102,rural,18,mujer,19,174,10.919540229885058
2024,20102,rural,19,hombre,15,145,10.344827586206897
2024,20102,rural,19,mujer,25,170,14.705882352941176
2024,20102,rural,20,hombre,12,146,8.219178082191782
2024,20102,rural,20,mujer,16,173,9.248554913294798
2024,20102,rural,21,hombre,17,165,10.303030303030303
2024,20102,rural,21,mujer,22,176,12.5
2024,20102,rural,22,hombre,18,162,11.11111111111111
2024,20102,rural,22,mujer,20,164,12.195121951219512
2024,20102,rural,23,hombre,32,205,15.609756097560975
2024,20102,rural,23,mujer,40,228,17.54385964912281
2024,20102,rural,24,hombre,19,191,9.947643979057592
2024,20102,rural,24,mujer,31,204,15.196078431372548
2024,20102,rural,25,hombre,21,157,13.375796178343949
2024,20102,rural,25,mujer,21,184,11.41304347826087
2024,20102,rural,26,hombre,17,171,9.941520467836257
2024,20102,rural,26,mujer,15,194,7.731958762886598
2024,20102,rural,27,hombre,24,167,14.37125748502994
2024,20102,rural,27,mujer,15,165,9.090909090909092
2024,20102,rural,28,hombre,5,145,3.4482758620689653
2024,20102,rural,28,mujer,17,162,10.493827160493828
2024,20103,rural,16,hombre,19,145,13.10344827586207
2024,20103,rural,16,mujer,34,173,19.653179190751445
2024,20103,rural,17,hombre,12,126,9.523809523809524
2024,20103,rural,17,mujer,24,142,16.901408450704224
2024,20103,rural,18,hombre,25,133,18.796992481203006
2024,20103,rural,18,mujer,17,119,14.285714285714286
2024,20103,rural,19,hombre,12,139,8.633093525179856
2024,20103,rural,19,mujer,13,118,11.016949152542374
2024,20103,rural,20,hombre,21,117,17.94871794871795
2024,20103,rural,20,mujer,28,149,18.79194630872483
2024,20103,rural,21,hombre,21,153,13.72549019607843
2024,20103,rural,21,mujer,30,163,18.404907975460123
2024,20103,rural,22,hombre,30,138,21.73913043478261
2024,20103,rural,22,mujer,29,152,19.07894736842105
2024,20103,rural,23,hombre,28,152,18.42105263157895
2024,20103,rural,23,mujer,25,153,16.33986928104575
2024,20103,rural,24,hombre,29,190,15.263157894736842
2024,20103,rural,24,mujer,34,193,17.616580310880828
2024,20103,rural,25,hombre,29,154,18.83116883116883
2024,20103,rural,25,mujer,26,158,16.455696202531644
2024,20103,rural,26,hombre,20,148,13.513513513513514
2024,20103,rural,26,mujer,22,146,15.068493150684931
2024,20103,rural,27,hombre,23,139,16.546762589928058
2024,20103,rural,27,mujer,27,129,20.930232558139537
2024,20103,rural,28,hombre,28,162,17.28395061728395
2024,20103,rural,28,mujer,28,136,20.58823529411765
2024,20104,rural,16,hombre,5,42,11.904761904761905
2024,20104,rural,16,mujer,5,41,12.195121951219512
2024,20104,rural,17,hombre,3,38,7.894736842105263
2024,20104,rural,17,mujer,7,34,20.58823529411765
2024,20104,rural,18,hombre,5,32,15.625
2024,20104,rural,18,mujer,8,40,20.0
2024,20104,rural,19,hombre,11,45,24.444444444444443
2024,20104,rural,19,mujer,6,38,15.789473684210526
2024,20104,rural,20,hombre,7,42,16.666666666666668
2024,20104,rural,20,mujer,4,46,8.695652173913043
2024,20104,rural,21,hombre,9,41,21.951219512195124
2024,20104,rural,21,mujer,7,39,17.94871794871795
2024,20104,rural,22,hombre,6,55,10.909090909090908
2024,20104,rural,22,mujer,8,48,16.666666666666668
2024,20104,rural,23,hombre,7,39,17.94871794871795
2024,20104,rural,23,mujer,10,54,18.51851851851852
2024,20104,rural,24,hombre,9,42,21.428571428571427
2024,20104,rural,24,mujer,13,54,24.074074074074073
2024,20104,rural,25,hombre,5,42,11.904761904761905
2024,20104,rural,25,mujer,7,50,14.0
2024,20104,rural,26,hombre,11,48,22.916666666666668
2024,20104,rural,26,mujer,5,46,10.869565217391305
2024,20104,rural,27,hombre,9,48,18.75
2024,20104,rural,27,mujer,11,59,18.64406779661017
2024,20104,rural,28,hombre,4,35,11.428571428571429
2024,20104,rural,28,mujer,10,41,24.390243902439025
2024,20104,urbana,16,hombre,84,401,20.947630922693268
2024,20104,urbana,16,mujer,69,340,20.294117647058822
2024,20104,urbana,17,hombre,74,326,22.699386503067483
2024,20104,urbana,17,mujer,78,320,24.375
2024,20104,urbana,18,hombre,75,259,28.957528957528957
2024,20104,urbana,18,mujer,87,323,26.934984520123837
2024,20104,urbana,19,hombre,86,299,28.762541806020067
2024,20104,urbana,19,mujer,78,326,23.926380368098158
2024,20104,urbana,20,hombre,93,354,26.271186440677965
2024,20104,urbana,20,mujer,85,342,24.853801169590643
2024,20104,urbana,21,hombre,85,340,25.0
2024,20104,urbana,21,mujer,84,336,25.0
2024,20104,urbana,22,hombre,94,315,29.841269841269842
2024,20104,urbana,22,mujer,102,351,29.05982905982906
2024,20104,urbana,23,hombre,106,384,27.604166666666668
2024,20104,urbana,23,mujer,125,405,30.864197530864196
2024,20104,urbana,24,hombre,98,401,24.438902743142144
2024,20104,urbana,24,mujer,102,387,26.356589147286822
2024,20104,urbana,25,hombre,108,397,27.20403022670025
2024,20104,urbana,25,mujer,96,346,27.745664739884393
2024,20104,urbana,26,hombre,107,356,30.0561797752809
2024,20104,urbana,26,mujer,116,356,32.58426966292135
2024,20104,urbana,27,hombre,89,314,28.343949044585987
2024,20104,urbana,27,mujer,103,371,27.762803234501348
2024,20104,urbana,28,hombre,90,324,27.77777777777778
2024,20104,urbana,28,mujer,102,351,29.05982905982906
2024,20105,rural,16,hombre,0,9,0.0
2024,20105,rural,16,mujer,0,7,0.0
2024,20105,rural,17,hombre,0,4,0.0
2024,20105,rural,17,mujer,0,5,0.0
2024,20105,rural,18,hombre,1,4,25.0
2024,20105,rural,18,mujer,0,4,0.0
2024,20105,rural,19,hombre,0,3,0.0
2024,20105,rural,19,mujer,0,9,0.0
2024,20105,rural,20,hombre,1,11,9.090909090909092
2024,20105,rural,20,mujer,1,6,16.666666666666668
2024,20105,rural,21,hombre,0,7,0.0
2024,20105,rural,21,mujer,0,3,0.0
2024,20105,rural,22,hombre,0,6,0.0
2024,20105,rural,22,mujer,1,8,12.5
2024,20105,rural,23,hombre,0,8,0.0
2024,20105,rural,23,mujer,0,4,0.0
2024,20105,rural,24,hombre,0,5,0.0
2024,20105,rural,24,mujer,0,5,0.0
2024,20105,rural,25,hombre,0,8,0.0
2024,20105,rural,25,mujer,0,5,0.0
2024,20105,rural,26,hombre,1,7,14.285714285714286
2024,20105,rural,26,mujer,0,6,0.0
2024,20105,rural,27,hombre,0,5,0.0
2024,20105,rural,27,mujer,0,2,0.0
2024,20105,rural,28,hombre,0,8,0.0
2024,20105,rural,28,mujer,0,3,0.0
2024,20105,urbana,16,hombre,526,8785,5.987478656801366
2024,20105,urbana,16,mujer,557,8847,6.295919520741494
2024,20105,urbana,17,hombre,516,8341,6.186308596091596
2024,20105,urbana,17,mujer,574,8555,6.709526592635886
2024,20105,urbana,18,hombre,706,7269,9.712477644792957
2024,20105,urbana,18,mujer,808,8529,9.473560792589987
2024,20105,urbana,19,hombre,738,7881,9.364293871336125
2024,20105,urbana,19,mujer,787,8504,9.254468485418627
2024,20105,urbana,20,hombre,809,8371,9.664317285867877
2024,20105,urbana,20,mujer,866,8919,9.709608700526966
2024,20105,urbana,21,hombre,806,8600,9.372093023255815
2024,20105,urbana,21,mujer,897,8839,10.148206810725195
2024,20105,urbana,22,hombre,850,8510,9.988249118683902
2024,20105,urbana,22,mujer,893,8914,10.017949293246579
2024,20105,urbana,23,hombre,910,9325,9.758713136729222
2024,20105,urbana,23,mujer,850,9539,8.910787294265646
2024,20105,urbana,24,hombre,861,9412,9.147896302592436
2024,20105,urbana,24,mujer,872,9703,8.986911264557353
2024,20105,urbana,25,hombre,800,8947,8.941544651838605
2024,20105,urbana,25,mujer,853,9408,9.066751700680273
2024,20105,urbana,26,hombre,772,8656,8.918669131238447
2024,20105,urbana,26,mujer,812,9075,8.947658402203857
2024,20105,urbana,27,hombre,746,8293,8.995538405884481
2024,20105,urbana,27,mujer,826,8810,9.375709421112372
2024,20105,urbana,28,hombre,772,8195,9.420378279438681
2024,20105,urbana,28,mujer,772,8751,8.82184893155068
2024,20201,rural,16,hombre,32,285,11.228070175438596
2024,20201,rural,16,mujer,22,291,7.560137457044673
2024,20201,rural,17,hombre,14,273,5.128205128205129
2024,20201,rural,17,mujer,22,287,7.665505226480836
2024,20201,rural,18,hombre,22,237,9.282700421940929
2024,20201,rural,18,mujer,20,268,7.462686567164179
2024,20201,rural,19,hombre,21,209,10.047846889952153
2024,20201,rural,19,mujer,22,214,10.280373831775702
2024,20201,rural,20,hombre,17,236,7.203389830508475
2024,20201,rural,20,mujer,23,257,8.949416342412452
2024,20201,rural,21,hombre,29,277,10.469314079422382
2024,20201,rural,21,mujer,40,287,13.937282229965156
2024,20201,rural,22,hombre,23,219,10.502283105022832
2024,20201,rural,22,mujer,38,290,13.10344827586207
2024,20201,rural,23,hombre,21,255,8.235294117647058
2024,20201,rural,23,mujer,36,279,12.903225806451612
2024,20201,rural,24,hombre,36,284,12.67605633802817
2024,20201,rural,24,mujer,28,264,10.606060606060606
2024,20201,rural,25,hombre,40,290,13.793103448275861
2024,20201,rural,25,mujer,33,259,12.741312741312742
2024,20201,rural,26,hombre,25,263,9.505703422053232
2024,20201,rural,26,mujer,32,267,11.985018726591761
2024,20201,rural,27,hombre,26,249,10.441767068273093
2024,20201,rural,27,mujer,38,240,15.833333333333334
2024,20201,rural,28,hombre,25,242,10.330578512396695
2024,20201,rural,28,mujer,28,253,11.067193675889328
2024,20201,urbana,16,hombre,4,78,5.128205128205129
2024,20201,urbana,16,mujer,6,97,6.185567010309279
2024,20201,urbana,17,hombre,16,107,14.953271028037383
2024,20201,urbana,17,mujer,2,87,2.2988505747126435
2024,20201,urbana,18,hombre,57,136,41.911764705882355
2024,20201,urbana,18,mujer,11,84,13.095238095238095
2024,20201,urbana,19,hombre,35,127,27.559055118110237
2024,20201,urbana,19,mujer,7,75,9.333333333333334
2024,20201,urbana,20,hombre,16,92,17.391304347826086
2024,20201,urbana,20,mujer,5,77,6.4935064935064934
2024,20201,urbana,21,hombre,10,91,10.989010989010989
2024,20201,urbana,21,mujer,9,80,11.25
2024,20201,urbana,22,hombre,12,90,13.333333333333334
2024,20201,urbana,22,mujer,10,87,11.494252873563218
2024,20201,urbana,23,hombre,4,61,6.557377049180328
2024,20201,urbana,23,mujer,12,99,12.121212121212121
2024,20201,urbana,24,hombre,6,66,9.090909090909092
2024,20201,urbana,24,mujer,10,83,12.048192771084338
2024,20201,urbana,25,hombre,14,96,14.583333333333334
2024,20201,urbana,25,mujer,3,84,3.5714285714285716
2024,20201,urbana,26,hombre,13,80,16.25
2024,20201,urbana,26,mujer,15,91,16.483516483516482
2024,20201,urbana,27,hombre,10,78,12.820512820512821
2024,20201,urbana,27,mujer,12,102,11.764705882352942
2024,20201,urbana,28,hombre,16,75,21.333333333333332
2024,20201,urbana,28,mujer,10,91,10.989010989010989
2024,20202,rural,16,hombre,13,117,11.11111111111111
2024,20202,rural,16,mujer,14,113,12.389380530973451
2024,20202,rural,17,hombre,11,114,9.649122807017545
2024,20202,rural,17,mujer,9,106,8.49056603773585
2024,20202,rural,18,hombre,10,96,10.416666666666666
2024,20202,rural,18,mujer,18,104,17.307692307692307
2024,20202,rural,19,hombre,12,93,12.903225806451612
2024,20202,rural,19,mujer,11,98,11.224489795918368
2024,20202,rural,20,hombre,15,94,15.957446808510639
2024,20202,rural,20,mujer,14,87,16.091954022988507
2024,20202,rural,21,hombre,9,92,9.782608695652174
2024,20202,rural,21,mujer,11,92,11.956521739130435
2024,20202,rural,22,hombre,15,88,17.045454545454547
2024,20202,rural,22,mujer,11,98,11.224489795918368
2024,20202,rural,23,hombre,18,112,16.071428571428573
2024,20202,rural,23,mujer,18,104,17.307692307692307
2024,20202,rural,24,hombre,17,112,15.178571428571429
2024,20202,rural,24,mujer,27,123,21.951219512195124
2024,20202,rural,25,hombre,14,112,12.5
2024,20202,rural,25,mujer,21,119,17.647058823529413
2024,20202,rural,26,hombre,16,112,14.285714285714286
2024,20202,rural,26,mujer,17,120,14.166666666666666
2024,20202,rural,27,hombre,11,94,11.702127659574469
2024,20202,rural,27,mujer,13,103,12.62135922330097
2024,20202,rural,28,hombre,11,106,10.377358490566039
2024,20202,rural,28,mujer,21,95,22.105263157894736
2024,20203,rural,16,hombre,5,54,9.25925925925926
2024,20203,rural,16,mujer,8,62,12.903225806451612
2024,20203,rural,17,hombre,4,39,10.256410256410257
2024,20203,rural,17,mujer,8,45,17.77777777777778
2024,20203,rural,18,hombre,2,38,5.2631578947368425
2024,20203,rural,18,mujer,4,58,6.896551724137931
2024,20203,rural,19,hombre,5,33,15.151515151515152
2024,20203,rural,19,mujer,11,47,23.404255319148938
2024,20203,rural,20,hombre,7,41,17.073170731707318
2024,20203,rural,20,mujer,6,44,13.636363636363637
2024,20203,rural,21,hombre,6,42,14.285714285714286
2024,20203,rural,21,mujer,9,48,18.75
2024,20203,rural,22,hombre,6,51,11.764705882352942
2024,20203,rural,22,mujer,6,49,12.244897959183673
2024,20203,rural,23,hombre,9,48,18.75
2024,20203,rural,23,mujer,11,47,23.404255319148938
2024,20203,rural,24,hombre,4,43,9.30232558139535
2024,20203,rural,24,mujer,9,52,17.307692307692307
2024,20203,rural,25,hombre,5,43,11.627906976744185
2024,20203,rural,25,mujer,6,52,11.538461538461538
2024,20203,rural,26,hombre,6,45,13.333333333333334
2024,20203,rural,26,mujer,9,52,17.307692307692307
2024,20203,rural,27,hombre,12,55,21.818181818181817
2024,20203,rural,27,mujer,9,46,19.565217391304348
2024,20203,rural,28,hombre,6,39,15.384615384615385
2024,20203,rural,28,mujer,5,55,9.090909090909092
2024,20204,rural,16,hombre,14,61,22.950819672131146
2024,20204,rural,16,mujer,5,56,8.928571428571429
2024,20204,rural,17,hombre,10,51,19.607843137254903
2024,20204,rural,17,mujer,7,53,13.20754716981132
2024,20204,rural,18,hombre,10,34,29.41176470588235
2024,20204,rural,18,mujer,12,54,22.22222222222222
2024,20204,rural,19,hombre,12,53,22.641509433962263
2024,20204,rural,19,mujer,9,61,14.754098360655737
2024,20204,rural,20,hombre,8,53,15.09433962264151
2024,20204,rural,20,mujer,8,43,18.6046511627907
2024,20204,rural,21,hombre,4,41,9.75609756097561
2024,20204,rural,21,mujer,13,56,23.214285714285715
2024,20204,rural,22,hombre,6,39,15.384615384615385
2024,20204,rural,22,mujer,8,53,15.09433962264151
2024,20204,rural,23,hombre,13,62,20.967741935483872
2024,20204,rural,23,mujer,17,68,25.0
2024,20204,rural,24,hombre,13,59,22.033898305084747
2024,20204,rural,24,mujer,7,51,13.72549019607843
2024,20204,rural,25,hombre,8,51,15.686274509803921
2024,20204,rural,25,mujer,6,56,10.714285714285714
2024,20204,rural,26,hombre,8,56,14.285714285714286
2024,20204,rural,26,mujer,15,63,23.80952380952381
2024,20204,rural,27,hombre,13,54,24.074074074074073
2024,20204,rural,27,mujer,6,52,11.538461538461538
2024,20204,rural,28,hombre,6,55,10.909090909090908
2024,20204,rural,28,mujer,8,43,18.6046511627907
2024,20205,rural,16,hombre,7,30,23.333333333333332
2024,20205,rural,16,mujer,4,28,14.285714285714286
2024,20205,rural,17,hombre,8,33,24.242424242424242
2024,20205,rural,17,mujer,6,30,20.0
2024,20205,rural,18,hombre,19,34,55.88235294117647
2024,20205,rural,18,mujer,8,34,23.529411764705884
2024,20205,rural,19,hombre,22,44,50.0
2024,20205,rural,19,mujer,6,26,23.076923076923077
2024,20205,rural,20,hombre,13,39,33.333333333333336
2024,20205,rural,20,mujer,7,25,28.0
2024,20205,rural,21,hombre,9,37,24.324324324324323
2024,20205,rural,21,mujer,13,26,50.0
2024,20205,rural,22,hombre,5,25,20.0
2024,20205,rural,22,mujer,9,30,30.0
2024,20205,rural,23,hombre,13,37,35.13513513513514
2024,20205,rural,23,mujer,13,42,30.952380952380953
2024,20205,rural,24,hombre,8,32,25.0
2024,20205,rural,24,mujer,11,32,34.375
2024,20205,rural,25,hombre,8,27,29.62962962962963
2024,20205,rural,25,mujer,11,26,42.30769230769231
2024,20205,rural,26,hombre,7,31,22.580645161290324
2024,20205,rural,26,mujer,7,29,24.137931034482758
2024,20205,rural,27,hombre,6,34,17.647058823529413
2024,20205,rural,27,mujer,8,31,25.806451612903224
2024,20205,rural,28,hombre,6,24,25.0
2024,20205,rural,28,mujer,10,26,38.46153846153846
2024,20206,rural,16,hombre,15,46,32.608695652173914
2024,20206,rural,16,mujer,11,45,24.444444444444443
2024,20206,rural,17,hombre,47,76,61.8421052631579
2024,20206,rural,17,mujer,13,45,28.88888888888889
2024,20206,rural,18,hombre,117,159,73.58490566037736
2024,20206,rural,18,mujer,26,63,41.26984126984127
2024,20206,rural,19,hombre,62,103,60.19417475728155
2024,20206,rural,19,mujer,22,58,37.93103448275862
2024,20206,rural,20,hombre,27,57,47.36842105263158
2024,20206,rural,20,mujer,21,61,34.42622950819672
2024,20206,rural,21,hombre,23,57,40.35087719298246
2024,20206,rural,21,mujer,13,42,30.952380952380953
2024,20206,rural,22,hombre,11,37,29.72972972972973
2024,20206,rural,22,mujer,15,58,25.862068965517242
2024,20206,rural,23,hombre,13,54,24.074074074074073
2024,20206,rural,23,mujer,18,56,32.142857142857146
2024,20206,rural,24,hombre,11,51,21.568627450980394
2024,20206,rural,24,mujer,20,58,34.48275862068966
2024,20206,rural,25,hombre,15,58,25.862068965517242
2024,20206,rural,25,mujer,15,49,30.612244897959183
2024,20206,rural,26,hombre,15,60,25.0
2024,20206,rural,26,mujer,9,47,19.148936170212767
2024,20206,rural,27,hombre,21,48,43.75
2024,20206,rural,27,mujer,13,43,30.232558139534884
2024,20206,rural,28,hombre,18,51,35.294117647058826
2024,20206,rural,28,mujer,10,45,22.22222222222222
2024,20301,rural,16,hombre,15,92,16.304347826086957
2024,20301,rural,16,mujer,11,85,12.941176470588236
2024,20301,rural,17,hombre,8,77,10.38961038961039
2024,20301,rural,17,mujer,9,85,10.588235294117647
2024,20301,rural,18,hombre,5,70,7.142857142857143
2024,20301,rural,18,mujer,8,68,11.764705882352942
2024,20301,rural,19,hombre,12,86,13.953488372093023
2024,20301,rural,19,mujer,13,68,19.11764705882353
2024,20301,rural,20,hombre,10,72,13.88888888888889
2024,20301,rural,20,mujer,15,79,18.9873417721519
2024,20301,rural,21,hombre,8,58,13.793103448275861
2024,20301,rural,21,mujer,16,77,20.77922077922078
2024,20301,rural,22,hombre,8,80,10.0
2024,20301,rural,22,mujer,5,55,9.090909090909092
2024,20301,rural,23,hombre,12,69,17.391304347826086
2024,20301,rural,23,mujer,14,91,15.384615384615385
2024,20301,rural,24,hombre,9,80,11.25
2024,20301,rural,24,mujer,8,73,10.95890410958904
2024,20301,rural,25,hombre,9,67,13.432835820895523
2024,20301,rural,25,mujer,12,86,13.953488372093023
2024,20301,rural,26,hombre,11,74,14.864864864864865
2024,20301,rural,26,mujer,16,90,17.77777777777778
2024,20301,rural,27,hombre,6,69,8.695652173913043
2024,20301,rural,27,mujer,9,67,13.432835820895523
2024,20301,rural,28,hombre,9,73,12.32876712328767
2024,20301,rural,28,mujer,9,54,16.666666666666668
2024,20301,urbana,16,hombre,2,14,14.285714285714286
2024,20301,urbana,16,mujer,2,13,15.384615384615385
2024,20301,urbana,17,hombre,12,34,35.294117647058826
2024,20301,urbana,17,mujer,3,15,20.0
2024,20301,urbana,18,hombre,134,235,57.02127659574468
2024,20301,urbana,18,mujer,1,15,6.666666666666667
2024,20301,urbana,19,hombre,74,136,54.411764705882355
2024,20301,urbana,19,mujer,1,12,8.333333333333334
2024,20301,urbana,20,hombre,34,54,62.96296296296296
2024,20301,urbana,20,mujer,2,9,22.22222222222222
2024,20301,urbana,21,hombre,19,36,52.77777777777778
2024,20301,urbana,21,mujer,4,14,28.571428571428573
2024,20301,urbana,22,hombre,13,30,43.333333333333336
2024,20301,urbana,22,mujer,2,12,16.666666666666668
2024,20301,urbana,23,hombre,0,6,0.0
2024,20301,urbana,23,mujer,1,14,7.142857142857143
2024,20301,urbana,24,hombre,7,16,43.75
2024,20301,urbana,24,mujer,6,19,31.57894736842105
2024,20301,urbana,25,hombre,5,12,41.666666666666664
2024,20301,urbana,25,mujer,5,11,45.45454545454545
2024,20301,urbana,26,hombre,3,7,42.857142857142854
2024,20301,urbana,26,mujer,5,14,35.714285714285715
2024,20301,urbana,27,hombre,8,16,50.0
2024,20301,urbana,27,mujer,2,11,18.181818181818183
2024,20301,urbana,28,hombre,4,12,33.333333333333336
2024,20301,urbana,28,mujer,7,18,38.888888888888886
2024,20302,rural,16,hombre,27,112,24.107142857142858
2024,20302,rural,16,mujer,18,100,18.0
2024,20302,rural,17,hombre,21,114,18.42105263157895
2024,20302,rural,17,mujer,19,99,19.19191919191919
2024,20302,rural,18,hombre,21,104,20.192307692307693
2024,20302,rural,18,mujer,28,123,22.764227642276424
2024,20302,rural,19,hombre,30,111,27.027027027027028
2024,20302,rural,19,mujer,15,88,17.045454545454547
2024,20302,rural,20,hombre,21,87,24.137931034482758
2024,20302,rural,20,mujer,17,89,19.10112359550562
2024,20302,rural,21,hombre,19,92,20.652173913043477
2024,20302,rural,21,mujer,25,110,22.727272727272727
2024,20302,rural,22,hombre,21,89,23.59550561797753
2024,20302,rural,22,mujer,24,85,28.235294117647058
2024,20302,rural,23,hombre,22,114,19.29824561403509
2024,20302,rural,23,mujer,22,98,22.448979591836736
2024,20302,rural,24,hombre,18,102,17.647058823529413
2024,20302,rural,24,mujer,29,119,24.369747899159663
2024,20302,rural,25,hombre,21,99,21.21212121212121
2024,20302,rural,25,mujer,22,100,22.0
2024,20302,rural,26,hombre,21,105,20.0
2024,20302,rural,26,mujer,28,100,28.0
2024,20302,rural,27,hombre,26,97,26.804123711340207
2024,20302,rural,27,mujer,20,70,28.571428571428573
2024,20302,rural,28,hombre,15,112,13.392857142857142
2024,20302,rural,28,mujer,18,97,18.556701030927837
2024,20303,rural,16,hombre,12,98,12.244897959183673
2024,20303,rural,16,mujer,13,75,17.333333333333332
2024,20303,rural,17,hombre,10,57,17.54385964912281
2024,20303,rural,17,mujer,21,87,24.137931034482758
2024,20303,rural,18,hombre,7,49,14.285714285714286
2024,20303,rural,18,mujer,16,80,20.0
2024,20303,rural,19,hombre,19,89,21.348314606741575
2024,20303,rural,19,mujer,11,69,15.942028985507246
2024,20303,rural,20,hombre,20,90,22.22222222222222
2024,20303,rural,20,mujer,15,76,19.736842105263158
2024,20303,rural,21,hombre,10,80,12.5
2024,20303,rural,21,mujer,14,81,17.28395061728395
2024,20303,rural,22,hombre,16,92,17.391304347826086
2024,20303,rural,22,mujer,18,80,22.5
2024,20303,rural,23,hombre,15,87,17.24137931034483
2024,20303,rural,23,mujer,13,84,15.476190476190476
2024,20303,rural,24,hombre,15,75,20.0
2024,20303,rural,24,mujer,14,76,18.42105263157895
2024,20303,rural,25,hombre,16,78,20.512820512820515
2024,20303,rural,25,mujer,20,92,21.73913043478261
2024,20303,rural,26,hombre,16,87,18.39080459770115
2024,20303,rural,26,mujer,13,59,22.033898305084747
2024,20303,rural,27,hombre,15,78,19.23076923076923
2024,20303,rural,27,mujer,22,87,25.28735632183908
2024,20303,rural,28,hombre,10,66,15.151515151515152
2024,20303,rural,28,mujer,15,72,20.833333333333332
2024,20304,rural,16,hombre,4,39,10.256410256410257
2024,20304,rural,16,mujer,3,30,10.0
2024,20304,rural,17,hombre,3,46,6.521739130434782
2024,20304,rural,17,mujer,5,33,15.151515151515152
2024,20304,rural,18,hombre,6,36,16.666666666666668
2024,20304,rural,18,mujer,3,40,7.5
2024,20304,rural,19,hombre,8,44,18.181818181818183
2024,20304,rural,19,mujer,2,31,6.451612903225806
2024,20304,rural,20,hombre,3,32,9.375
2024,20304,rural,20,mujer,5,40,12.5
2024,20304,rural,21,hombre,5,25,20.0
2024,20304,rural,21,mujer,6,38,15.789473684210526
2024,20304,rural,22,hombre,1,30,3.3333333333333335
2024,20304,rural,22,mujer,5,33,15.151515151515152
2024,20304,rural,23,hombre,7,46,15.217391304347826
2024,20304,rural,23,mujer,6,39,15.384615384615385
2024,20304,rural,24,hombre,12,38,31.57894736842105
2024,20304,rural,24,mujer,6,43,13.953488372093023
2024,20304,rural,25,hombre,5,32,15.625
2024,20304,rural,25,mujer,5,37,13.513513513513514
2024,20304,rural,26,hombre,4,28,14.285714285714286
2024,20304,rural,26,mujer,8,39,20.512820512820515
2024,20304,rural,27,hombre,7,33,21.21212121212121
2024,20304,rural,27,mujer,8,27,29.62962962962963
2024,20304,rural,28,hombre,3,24,12.5
2024,20304,rural,28,mujer,4,33,12.121212121212121
2024,20305,rural,16,hombre,1,26,3.8461538461538463
2024,20305,rural,16,mujer,2,24,8.333333333333334
2024,20305,rural,17,hombre,7,31,22.580645161290324
2024,20305,rural,17,mujer,0,31,0.0
2024,20305,rural,18,hombre,29,42,69.04761904761905
2024,20305,rural,18,mujer,4,37,10.81081081081081
2024,20305,rural,19,hombre,8,36,22.22222222222222
2024,20305,rural,19,mujer,0,26,0.0
2024,20305,rural,20,hombre,8,33,24.242424242424242
2024,20305,rural,20,mujer,3,33,9.090909090909092
2024,20305,rural,21,hombre,4,30,13.333333333333334
2024,20305,rural,21,mujer,4,29,13.793103448275861
2024,20305,rural,22,hombre,5,37,13.513513513513514
2024,20305,rural,22,mujer,5,27,18.51851851851852
2024,20305,rural,23,hombre,4,40,10.0
2024,20305,rural,23,mujer,3,30,10.0
2024,20305,rural,24,hombre,4,25,16.0
2024,20305,rural,24,mujer,6,32,18.75
2024,20305,rural,25,hombre,8,39,20.512820512820515
2024,20305,rural,25,mujer,3,35,8.571428571428571
2024,20305,rural,26,hombre,5,36,13.88888888888889
2024,20305,rural,26,mujer,5,37,13.513513513513514
2024,20305,rural,27,hombre,4,38,10.526315789473685
2024,20305,rural,27,mujer,3,26,11.538461538461538
2024,20305,rural,28,hombre,5,25,20.0
2024,20305,rural,28,mujer,3,28,10.714285714285714
2024,20306,rural,16,hombre,1,30,3.3333333333333335
2024,20306,rural,16,mujer,3,32,9.375
2024,20306,rural,17,hombre,1,38,2.6315789473684212
2024,20306,rural,17,mujer,0,38,0.0
2024,20306,rural,18,hombre,2,35,5.714285714285714
2024,20306,rural,18,mujer,1,33,3.0303030303030303
2024,20306,rural,19,hombre,1,44,2.272727272727273
2024,20306,rural,19,mujer,3,38,7.894736842105263
2024,20306,rural,20,hombre,1,43,2.3255813953488373
2024,20306,rural,20,mujer,1,42,2.380952380952381
2024,20306,rural,21,hombre,3,42,7.142857142857143
2024,20306,rural,21,mujer,1,33,3.0303030303030303
2024,20306,rural,22,hombre,2,43,4.651162790697675
2024,20306,rural,22,mujer,3,43,6.976744186046512
2024,20306,rural,23,hombre,3,60,5.0
2024,20306,rural,23,mujer,4,71,5.633802816901408
2024,20306,rural,24,hombre,3,80,3.75
2024,20306,rural,24,mujer,2,62,3.225806451612903
2024,20306,rural,25,hombre,4,54,7.407407407407407
2024,20306,rural,25,mujer,3,54,5.555555555555555
2024,20306,rural,26,hombre,5,48,10.416666666666666
2024,20306,rural,26,mujer,2,36,5.555555555555555
2024,20306,rural,27,hombre,2,61,3.278688524590164
2024,20306,rural,27,mujer,2,42,4.761904761904762
2024,20306,rural,28,hombre,1,44,2.272727272727273
2024,20306,rural,28,mujer,4,42,9.523809523809524
2024,20306,urbana,16,hombre,3,20,15.0
2024,20306,urbana,16,mujer,0,7,0.0
2024,20306,urbana,17,hombre,1,11,9.090909090909092
2024,20306,urbana,17,mujer,2,10,20.0
2024,20306,urbana,18,hombre,2,13,15.384615384615385
2024,20306,urbana,18,mujer,2,14,14.285714285714286
2024,20306,urbana,19,hombre,1,12,8.333333333333334
2024,20306,urbana,19,mujer,2,16,12.5
2024,20306,urbana,20,hombre,4,18,22.22222222222222
2024,20306,urbana,20,mujer,1,15,6.666666666666667
2024,20306,urbana,21,hombre,3,17,17.647058823529413
2024,20306,urbana,21,mujer,3,13,23.076923076923077
2024,20306,urbana,22,hombre,2,12,16.666666666666668
2024,20306,urbana,22,mujer,7,23,30.434782608695652
2024,20306,urbana,23,hombre,9,21,42.857142857142854
2024,20306,urbana,23,mujer,3,25,12.0
2024,20306,urbana,24,hombre,3,19,15.789473684210526
2024,20306,urbana,24,mujer,3,21,14.285714285714286
2024,20306,urbana,25,hombre,4,25,16.0
2024,20306,urbana,25,mujer,3,20,15.0
2024,20306,urbana,26,hombre,2,13,15.384615384615385
2024,20306,urbana,26,mujer,1,11,9.090909090909092
2024,20306,urbana,27,hombre,2,15,13.333333333333334
2024,20306,urbana,27,mujer,2,18,11.11111111111111
2024,20306,urbana,28,hombre,3,18,16.666666666666668
2024,20306,urbana,28,mujer,1,17,5.882352941176471
2024,20307,rural,16,hombre,3,30,10.0
2024,20307,rural,16,mujer,4,28,14.285714285714286
2024,20307,rural,17,hombre,3,34,8.823529411764707
2024,20307,rural,17,mujer,3,16,18.75
2024,20307,rural,18,hombre,2,26,7.6923076923076925
2024,20307,rural,18,mujer,5,28,17.857142857142858
2024,20307,rural,19,hombre,7,27,25.925925925925927
2024,20307,rural,19,mujer,7,29,24.137931034482758
2024,20307,rural,20,hombre,6,30,20.0
2024,20307,rural,20,mujer,5,20,25.0
2024,20307,rural,21,hombre,3,32,9.375
2024,20307,rural,21,mujer,4,20,20.0
2024,20307,rural,22,hombre,3,28,10.714285714285714
2024,20307,rural,22,mujer,2,26,7.6923076923076925
2024,20307,rural,23,hombre,4,25,16.0
2024,20307,rural,23,mujer,5,32,15.625
2024,20307,rural,24,hombre,10,37,27.027027027027028
2024,20307,rural,24,mujer,4,38,10.526315789473685
2024,20307,rural,25,hombre,3,19,15.789473684210526
2024,20307,rural,25,mujer,5,19,26.31578947368421
2024,20307,rural,26,hombre,6,24,25.0
2024,20307,rural,26,mujer,7,42,16.666666666666668
2024,20307,rural,27,hombre,3,28,10.714285714285714
2024,20307,rural,27,mujer,8,28,28.571428571428573
2024,20307,rural,28,hombre,6,29,20.689655172413794
2024,20307,rural,28,mujer,6,26,23.076923076923077
2024,20308,rural,16,hombre,11,49,22.448979591836736
2024,20308,rural,16,mujer,6,47,12.76595744680851
2024,20308,rural,17,hombre,11,40,27.5
2024,20308,rural,17,mujer,5,39,12.820512820512821
2024,20308,rural,18,hombre,7,28,25.0
2024,20308,rural,18,mujer,10,45,22.22222222222222
2024,20308,rural,19,hombre,9,40,22.5
2024,20308,rural,19,mujer,14,48,29.166666666666668
2024,20308,rural,20,hombre,9,41,21.951219512195124
2024,20308,rural,20,mujer,12,42,28.571428571428573
2024,20308,rural,21,hombre,11,49,22.448979591836736
2024,20308,rural,21,mujer,13,40,32.5
2024,20308,rural,22,hombre,6,48,12.5
2024,20308,rural,22,mujer,8,43,18.6046511627907
2024,20308,rural,23,hombre,7,51,13.72549019607843
2024,20308,rural,23,mujer,11,51,21.568627450980394
2024,20308,rural,24,hombre,15,54,27.77777777777778
2024,20308,rural,24,mujer,5,38,13.157894736842104
2024,20308,rural,25,hombre,11,53,20.754716981132077
2024,20308,rural,25,mujer,10,40,25.0
2024,20308,rural,26,hombre,6,37,16.216216216216218
2024,20308,rural,26,mujer,12,48,25.0
2024,20308,rural,27,hombre,11,57,19.29824561403509
2024,20308,rural,27,mujer,15,53,28.30188679245283
2024,20308,rural,28,hombre,10,58,17.24137931034483
2024,20308,rural,28,mujer,12,37,32.432432432432435
2024,20401,rural,16,hombre,13,106,12.264150943396226
2024,20401,rural,16,mujer,7,104,6.730769230769231
2024,20401,rural,17,hombre,17,89,19.10112359550562
2024,20401,rural,17,mujer,20,84,23.80952380952381
2024,20401,rural,18,hombre,40,122,32.78688524590164
2024,20401,rural,18,mujer,16,92,17.391304347826086
2024,20401,rural,19,hombre,15,68,22.058823529411764
2024,20401,rural,19,mujer,10,67,14.925373134328359
2024,20401,rural,20,hombre,17,87,19.54022988505747
2024,20401,rural,20,mujer,14,65,21.53846153846154
2024,20401,rural,21,hombre,17,84,20.238095238095237
2024,20401,rural,21,mujer,13,60,21.666666666666668
2024,20401,rural,22,hombre,7,65,10.76923076923077
2024,20401,rural,22,mujer,14,77,18.181818181818183
2024,20401,rural,23,hombre,16,87,18.39080459770115
2024,20401,rural,23,mujer,11,73,15.068493150684931
2024,20401,rural,24,hombre,17,99,17.171717171717173
2024,20401,rural,24,mujer,17,101,16.831683168316832
2024,20401,rural,25,hombre,12,74,16.216216216216218
2024,20401,rural,25,mujer,17,93,18.27956989247312
2024,20401,rural,26,hombre,11,93,11.827956989247312
2024,20401,rural,26,mujer,21,90,23.333333333333332
2024,20401,rural,27,hombre,15,95,15.789473684210526
2024,20401,rural,27,mujer,15,70,21.428571428571427
2024,20401,rural,28,hombre,15,87,17.24137931034483
2024,20401,rural,28,mujer,14,77,18.181818181818183
2024,20402,rural,16,hombre,12,139,8.633093525179856
2024,20402,rural,16,mujer,12,139,8.633093525179856
2024,20402,rural,17,hombre,7,129,5.426356589147287
2024,20402,rural,17,mujer,7,128,5.46875
2024,20402,rural,18,hombre,6,106,5.660377358490566
2024,20402,rural,18,mujer,18,124,14.516129032258064
2024,20402,rural,19,hombre,15,99,15.151515151515152
2024,20402,rural,19,mujer,11,123,8.94308943089431
2024,20402,rural,20,hombre,12,106,11.320754716981131
2024,20402,rural,20,mujer,11,107,10.280373831775702
2024,20402,rural,21,hombre,16,103,15.533980582524272
2024,20402,rural,21,mujer,19,103,18.446601941747574
2024,20402,rural,22,hombre,18,136,13.235294117647058
2024,20402,rural,22,mujer,21,121,17.355371900826448
2024,20402,rural,23,hombre,19,132,14.393939393939394
2024,20402,rural,23,mujer,12,140,8.571428571428571
2024,20402,rural,24,hombre,15,138,10.869565217391305
2024,20402,rural,24,mujer,19,116,16.379310344827587
2024,20402,rural,25,hombre,17,147,11.564625850340136
2024,20402,rural,25,mujer,13,106,12.264150943396226
2024,20402,rural,26,hombre,15,125,12.0
2024,20402,rural,26,mujer,7,98,7.142857142857143
2024,20402,rural,27,hombre,11,113,9.734513274336283
2024,20402,rural,27,mujer,13,114,11.403508771929825
2024,20402,rural,28,hombre,8,102,7.8431372549019605
2024,20402,rural,28,mujer,9,81,11.11111111111111
2024,20403,rural,16,hombre,17,156,10.897435897435898
2024,20403,rural,16,mujer,14,125,11.2
2024,20403,rural,17,hombre,36,139,25.899280575539567
2024,20403,rural,17,mujer,19,121,15.702479338842975
2024,20403,rural,18,hombre,113,199,56.78391959798995
2024,20403,rural,18,mujer,17,113,15.044247787610619
2024,20403,rural,19,hombre,39,137,28.467153284671532
2024,20403,rural,19,mujer,20,107,18.69158878504673
2024,20403,rural,20,hombre,21,92,22.82608695652174
2024,20403,rural,20,mujer,12,104,11.538461538461538
2024,20403,rural,21,hombre,8,105,7.619047619047619
2024,20403,rural,21,mujer,7,87,8.045977011494253
2024,20403,rural,22,hombre,9,92,9.782608695652174
2024,20403,rural,22,mujer,20,88,22.727272727272727
2024,20403,rural,23,hombre,16,134,11.940298507462687
2024,20403,rural,23,mujer,17,94,18.085106382978722
2024,20403,rural,24,hombre,9,95,9.473684210526315
2024,20403,rural,24,mujer,18,124,14.516129032258064
2024,20403,rural,25,hombre,18,119,15.126050420168067
2024,20403,rural,25,mujer,19,118,16.10169491525424
2024,20403,rural,26,hombre,20,91,21.978021978021978
2024,20403,rural,26,mujer,15,101,14.851485148514852
2024,20403,rural,27,hombre,14,112,12.5
2024,20403,rural,27,mujer,17,105,16.19047619047619
2024,20403,rural,28,hombre,20,103,19.41747572815534
2024,20403,rural,28,mujer,14,78,17.94871794871795
2024,20404,rural,16,hombre,3,51,5.882352941176471
2024,20404,rural,16,mujer,2,36,5.555555555555555
2024,20404,rural,17,hombre,4,51,7.8431372549019605
2024,20404,rural,17,mujer,4,38,10.526315789473685
2024,20404,rural,18,hombre,4,39,10.256410256410257
2024,20404,rural,18,mujer,5,50,10.0
2024,20404,rural,19,hombre,2,41,4.878048780487805
2024,20404,rural,19,mujer,2,41,4.878048780487805
2024,20404,rural,20,hombre,5,40,12.5
2024,20404,rural,20,mujer,5,24,20.833333333333332
2024,20404,rural,21,hombre,4,33,12.121212121212121
2024,20404,rural,21,mujer,6,32,18.75
2024,20404,rural,22,hombre,4,39,10.256410256410257
2024,20404,rural,22,mujer,6,41,14.634146341463415
2024,20404,rural,23,hombre,3,37,8.108108108108109
2024,20404,rural,23,mujer,10,40,25.0
2024,20404,rural,24,hombre,8,51,15.686274509803921
2024,20404,rural,24,mujer,6,40,15.0
2024,20404,rural,25,hombre,6,40,15.0
2024,20404,rural,25,mujer,3,31,9.67741935483871
2024,20404,rural,26,hombre,6,42,14.285714285714286
2024,20404,rural,26,mujer,2,37,5.405405405405405
2024,20404,rural,27,hombre,0,33,0.0
2024,20404,rural,27,mujer,4,32,12.5
2024,20404,rural,28,hombre,5,37,13.513513513513514
2024,20404,rural,28,mujer,5,28,17.857142857142858
2024,20405,rural,16,hombre,7,74,9.45945945945946
2024,20405,rural,16,mujer,6,57,10.526315789473685
2024,20405,rural,17,hombre,9,62,14.516129032258064
2024,20405,rural,17,mujer,9,68,13.235294117647058
2024,20405,rural,18,hombre,8,61,13.114754098360656
2024,20405,rural,18,mujer,10,53,18.867924528301888
2024,20405,rural,19,hombre,9,46,19.565217391304348
2024,20405,rural,19,mujer,11,57,19.29824561403509
2024,20405,rural,20,hombre,11,63,17.46031746031746
2024,20405,rural,20,mujer,4,44,9.090909090909092
2024,20405,rural,21,hombre,5,41,12.195121951219512
2024,20405,rural,21,mujer,11,51,21.568627450980394
2024,20405,rural,22,hombre,16,54,29.62962962962963
2024,20405,rural,22,mujer,16,62,25.806451612903224
2024,20405,rural,23,hombre,8,51,15.686274509803921
2024,20405,rural,23,mujer,5,43,11.627906976744185
2024,20405,rural,24,hombre,6,60,10.0
2024,20405,rural,24,mujer,7,49,14.285714285714286
2024,20405,rural,25,hombre,12,53,22.641509433962263
2024,20405,rural,25,mujer,10,58,17.24137931034483
2024,20405,rural,26,hombre,9,52,17.307692307692307
2024,20405,rural,26,mujer,8,42,19.047619047619047
2024,20405,rural,27,hombre,10,49,20.408163265306122
2024,20405,rural,27,mujer,6,47,12.76595744680851
2024,20405,rural,28,hombre,5,48,10.416666666666666
2024,20405,rural,28,mujer,7,38,18.42105263157895
2024,20501,rural,16,hombre,14,136,10.294117647058824
2024,20501,rural,16,mujer,11,140,7.857142857142857
2024,20501,rural,17,hombre,11,141,7.801418439716312
2024,20501,rural,17,mujer,12,139,8.633093525179856
2024,20501,rural,18,hombre,8,110,7.2727272727272725
2024,20501,rural,18,mujer,14,134,10.447761194029852
2024,20501,rural,19,hombre,13,123,10.56910569105691
2024,20501,rural,19,mujer,14,122,11.475409836065573
2024,20501,rural,20,hombre,10,123,8.130081300813009
2024,20501,rural,20,mujer,12,118,10.169491525423728
2024,20501,rural,21,hombre,11,154,7.142857142857143
2024,20501,rural,21,mujer,12,141,8.51063829787234
2024,20501,rural,22,hombre,16,159,10.062893081761006
2024,20501,rural,22,mujer,18,143,12.587412587412587
2024,20501,rural,23,hombre,15,156,9.615384615384615
2024,20501,rural,23,mujer,16,166,9.63855421686747
2024,20501,rural,24,hombre,19,219,8.67579908675799
2024,20501,rural,24,mujer,14,143,9.79020979020979
2024,20501,rural,25,hombre,17,158,10.759493670886076
2024,20501,rural,25,mujer,27,170,15.882352941176471
2024,20501,rural,26,hombre,9,139,6.474820143884892
2024,20501,rural,26,mujer,13,161,8.074534161490684
2024,20501,rural,27,hombre,13,148,8.783783783783784
2024,20501,rural,27,mujer,8,136,5.882352941176471
2024,20501,rural,28,hombre,14,153,9.15032679738562
2024,20501,rural,28,mujer,12,144,8.333333333333334
2024,20502,rural,16,hombre,4,76,5.2631578947368425
2024,20502,rural,16,mujer,10,88,11.363636363636363
2024,20502,rural,17,hombre,1,81,1.2345679012345678
2024,20502,rural,17,mujer,7,86,8.13953488372093
2024,20502,rural,18,hombre,6,69,8.695652173913043
2024,20502,rural,18,mujer,17,88,19.318181818181817
2024,20502,rural,19,hombre,9,85,10.588235294117647
2024,20502,rural,19,mujer,7,86,8.13953488372093
2024,20502,rural,20,hombre,5,78,6.410256410256411
2024,20502,rural,20,mujer,9,81,11.11111111111111
2024,20502,rural,21,hombre,9,79,11.39240506329114
2024,20502,rural,21,mujer,8,74,10.81081081081081
2024,20502,rural,22,hombre,3,72,4.166666666666667
2024,20502,rural,22,mujer,6,80,7.5
2024,20502,rural,23,hombre,11,86,12.790697674418604
2024,20502,rural,23,mujer,12,77,15.584415584415584
2024,20502,rural,24,hombre,11,95,11.578947368421053
2024,20502,rural,24,mujer,9,71,12.67605633802817
2024,20502,rural,25,hombre,14,97,14.43298969072165
2024,20502,rural,25,mujer,8,72,11.11111111111111
2024,20502,rural,26,hombre,6,68,8.823529411764707
2024,20502,rural,26,mujer,10,81,12.345679012345679
2024,20502,rural,27,hombre,14,89,15.730337078651685
2024,20502,rural,27,mujer,15,69,21.73913043478261
2024,20502,rural,28,hombre,16,76,21.05263157894737
2024,20502,rural,28,mujer,4,49,8.16326530612245
2024,20503,rural,16,hombre,13,57,22.80701754385965
2024,20503,rural,16,mujer,2,51,3.9215686274509802
2024,20503,rural,17,hombre,7,67,10.447761194029852
2024,20503,rural,17,mujer,2,48,4.166666666666667
2024,20503,rural,18,hombre,2,44,4.545454545454546
2024,20503,rural,18,mujer,6,43,13.953488372093023
2024,20503,rural,19,hombre,6,59,10.169491525423728
2024,20503,rural,19,mujer,7,51,13.72549019607843
2024,20503,rural,20,hombre,6,63,9.523809523809524
2024,20503,rural,20,mujer,11,53,20.754716981132077
2024,20503,rural,21,hombre,4,60,6.666666666666667
2024,20503,rural,21,mujer,4,41,9.75609756097561
2024,20503,rural,22,hombre,9,63,14.285714285714286
2024,20503,rural,22,mujer,11,59,18.64406779661017
2024,20503,rural,23,hombre,14,64,21.875
2024,20503,rural,23,mujer,13,61,21.311475409836067
2024,20503,rural,24,hombre,15,75,20.0
2024,20503,rural,24,mujer,12,53,22.641509433962263
2024,20503,rural,25,hombre,14,65,21.53846153846154
2024,20503,rural,25,mujer,11,47,23.404255319148938
2024,20503,rural,26,hombre,19,76,25.0
2024,20503,rural,26,mujer,17,65,26.153846153846153
2024,20503,rural,27,hombre,16,66,24.242424242424242
2024,20503,rural,27,mujer,17,54,31.48148148148148
2024,20503,rural,28,hombre,16,79,20.253164556962027
2024,20503,rural,28,mujer,9,63,14.285714285714286
2024,20601,rural,16,hombre,24,190,12.631578947368421
2024,20601,rural,16,mujer,25,178,14.044943820224718
2024,20601,rural,17,hombre,28,182,15.384615384615385
2024,20601,rural,17,mujer,23,169,13.609467455621301
2024,20601,rural,18,hombre,30,172,17.441860465116278
2024,20601,rural,18,mujer,33,182,18.13186813186813
2024,20601,rural,19,hombre,32,195,16.41025641025641
2024,20601,rural,19,mujer,26,211,12.322274881516588
2024,20601,rural,20,hombre,43,192,22.395833333333332
2024,20601,rural,20,mujer,41,186,22.043010752688172
2024,20601,rural,21,hombre,43,195,22.05128205128205
2024,20601,rural,21,mujer,47,227,20.704845814977972
2024,20601,rural,22,hombre,29,204,14.215686274509803
2024,20601,rural,22,mujer,37,214,17.289719626168225
2024,20601,rural,23,hombre,30,218,13.761467889908257
2024,20601,rural,23,mujer,27,215,12.55813953488372
2024,20601,rural,24,hombre,48,238,20.168067226890756
2024,20601,rural,24,mujer,38,243,15.637860082304528
2024,20601,rural,25,hombre,47,234,20.085470085470085
2024,20601,rural,25,mujer,39,235,16.595744680851062
2024,20601,rural,26,hombre,32,258,12.4031007751938
2024,20601,rural,26,mujer,38,231,16.450216450216452
2024,20601,rural,27,hombre,46,238,19.327731092436974
2024,20601,rural,27,mujer,34,238,14.285714285714286
2024,20601,rural,28,hombre,41,233,17.59656652360515
2024,20601,rural,28,mujer,29,216,13.425925925925926
2024,20601,urbana,16,hombre,11,45,24.444444444444443
2024,20601,urbana,16,mujer,3,37,8.108108108108109
2024,20601,urbana,17,hombre,4,35,11.428571428571429
2024,20601,urbana,17,mujer,5,34,14.705882352941176
2024,20601,urbana,18,hombre,2,22,9.090909090909092
2024,20601,urbana,18,mujer,6,43,13.953488372093023
2024,20601,urbana,19,hombre,3,29,10.344827586206897
2024,20601,urbana,19,mujer,6,47,12.76595744680851
2024,20601,urbana,20,hombre,2,27,7.407407407407407
2024,20601,urbana,20,mujer,4,26,15.384615384615385
2024,20601,urbana,21,hombre,9,37,24.324324324324323
2024,20601,urbana,21,mujer,5,38,13.157894736842104
2024,20601,urbana,22,hombre,4,31,12.903225806451612
2024,20601,urbana,22,mujer,1,33,3.0303030303030303
2024,20601,urbana,23,hombre,7,30,23.333333333333332
2024,20601,urbana,23,mujer,7,37,18.91891891891892
2024,20601,urbana,24,hombre,7,30,23.333333333333332
2024,20601,urbana,24,mujer,6,46,13.043478260869565
2024,20601,urbana,25,hombre,8,31,25.806451612903224
2024,20601,urbana,25,mujer,7,40,17.5
2024,20601,urbana,26,hombre,8,21,38.095238095238095
2024,20601,urbana,26,mujer,7,43,16.27906976744186
2024,20601,urbana,27,hombre,10,33,30.303030303030305
2024,20601,urbana,27,mujer,9,45,20.0
2024,20601,urbana,28,hombre,4,30,13.333333333333334
2024,20601,urbana,28,mujer,9,41,21.951219512195124
2024,20602,rural,16,hombre,7,83,8.433734939759036
2024,20602,rural,16,mujer,13,91,14.285714285714286
2024,20602,rural,17,hombre,13,112,11.607142857142858
2024,20602,rural,17,mujer,11,100,11.0
2024,20602,rural,18,hombre,26,88,29.545454545454547
2024,20602,rural,18,mujer,7,83,8.433734939759036
2024,20602,rural,19,hombre,27,108,25.0
2024,20602,rural,19,mujer,16,89,17.97752808988764
2024,20602,rural,20,hombre,23,104,22.115384615384617
2024,20602,rural,20,mujer,21,90,23.333333333333332
2024,20602,rural,21,hombre,29,110,26.363636363636363
2024,20602,rural,21,mujer,19,97,19.587628865979383
2024,20602,rural,22,hombre,24,119,20.168067226890756
2024,20602,rural,22,mujer,29,88,32.95454545454545
2024,20602,rural,23,hombre,35,138,25.36231884057971
2024,20602,rural,23,mujer,23,107,21.49532710280374
2024,20602,rural,24,hombre,36,132,27.272727272727273
2024,20602,rural,24,mujer,27,112,24.107142857142858
2024,20602,rural,25,hombre,34,119,28.571428571428573
2024,20602,rural,25,mujer,17,73,23.28767123287671
2024,20602,rural,26,hombre,41,138,29.71014492753623
2024,20602,rural,26,mujer,16,94,17.02127659574468
2024,20602,rural,27,hombre,40,137,29.197080291970803
2024,20602,rural,27,mujer,26,102,25.49019607843137
2024,20602,rural,28,hombre,24,126,19.047619047619047
2024,20602,rural,28,mujer,21,112,18.75
2024,20602,urbana,16,hombre,7,38,18.42105263157895
2024,20602,urbana,16,mujer,9,52,17.307692307692307
2024,20602,urbana,17,hombre,4,38,10.526315789473685
2024,20602,urbana,17,mujer,5,40,12.5
2024,20602,urbana,18,hombre,5,37,13.513513513513514
2024,20602,urbana,18,mujer,13,45,28.88888888888889
2024,20602,urbana,19,hombre,7,32,21.875
2024,20602,urbana,19,mujer,5,39,12.820512820512821
2024,20602,urbana,20,hombre,4,33,12.121212121212121
2024,20602,urbana,20,mujer,5,24,20.833333333333332
2024,20602,urbana,21,hombre,5,30,16.666666666666668
2024,20602,urbana,21,mujer,7,35,20.0
2024,20602,urbana,22,hombre,10,30,33.333333333333336
2024,20602,urbana,22,mujer,17,41,41.46341463414634
2024,20602,urbana,23,hombre,7,38,18.42105263157895
2024,20602,urbana,23,mujer,18,41,43.90243902439025
2024,20602,urbana,24,hombre,10,30,33.333333333333336
2024,20602,urbana,24,mujer,16,45,35.55555555555556
2024,20602,urbana,25,hombre,13,34,38.23529411764706
2024,20602,urbana,25,mujer,15,39,38.46153846153846
2024,20602,urbana,26,hombre,15,36,41.666666666666664
2024,20602,urbana,26,mujer,11,28,39.285714285714285
2024,20602,urbana,27,hombre,16,47,34.04255319148936
2024,20602,urbana,27,mujer,17,41,41.46341463414634
2024,20602,urbana,28,hombre,15,47,31.914893617021278
2024,20602,urbana,28,mujer,13,41,31.70731707317073
2024,20603,rural,16,hombre,10,72,13.88888888888889
2024,20603,rural,16,mujer,5,77,6.4935064935064934
2024,20603,rural,17,hombre,12,84,14.285714285714286
2024,20603,rural,17,mujer,10,72,13.88888888888889
2024,20603,rural,18,hombre,15,68,22.058823529411764
2024,20603,rural,18,mujer,8,73,10.95890410958904
2024,20603,rural,19,hombre,21,81,25.925925925925927
2024,20603,rural,19,mujer,14,67,20.895522388059703
2024,20603,rural,20,hombre,18,85,21.176470588235293
2024,20603,rural,20,mujer,16,61,26.229508196721312
2024,20603,rural,21,hombre,22,80,27.5
2024,20603,rural,21,mujer,9,83,10.843373493975903
2024,20603,rural,22,hombre,19,96,19.791666666666668
2024,20603,rural,22,mujer,20,103,19.41747572815534
2024,20603,rural,23,hombre,15,85,17.647058823529413
2024,20603,rural,23,mujer,21,90,23.333333333333332
2024,20603,rural,24,hombre,26,101,25.742574257425744
2024,20603,rural,24,mujer,24,104,23.076923076923077
2024,20603,rural,25,hombre,23,103,22.33009708737864
2024,20603,rural,25,mujer,17,83,20.481927710843372
2024,20603,rural,26,hombre,36,111,32.432432432432435
2024,20603,rural,26,mujer,16,76,21.05263157894737
2024,20603,rural,27,hombre,18,99,18.181818181818183
2024,20603,rural,27,mujer,18,86,20.930232558139537
2024,20603,rural,28,hombre,14,91,15.384615384615385
2024,20603,rural,28,mujer,24,94,25.53191489361702
2024,20604,rural,16,hombre,3,45,6.666666666666667
2024,20604,rural,16,mujer,4,34,11.764705882352942
2024,20604,rural,17,hombre,3,39,7.6923076923076925
2024,20604,rural,17,mujer,3,30,10.0
2024,20604,rural,18,hombre,2,28,7.142857142857143
2024,20604,rural,18,mujer,6,39,15.384615384615385
2024,20604,rural,19,hombre,0,26,0.0
2024,20604,rural,19,mujer,7,35,20.0
2024,20604,rural,20,hombre,6,33,18.181818181818183
2024,20604,rural,20,mujer,7,32,21.875
2024,20604,rural,21,hombre,2,26,7.6923076923076925
2024,20604,rural,21,mujer,8,46,17.391304347826086
2024,20604,rural,22,hombre,5,36,13.88888888888889
2024,20604,rural,22,mujer,6,28,21.428571428571427
2024,20604,rural,23,hombre,6,41,14.634146341463415
2024,20604,rural,23,mujer,11,57,19.29824561403509
2024,20604,rural,24,hombre,6,46,13.043478260869565
2024,20604,rural,24,mujer,7,40,17.5
2024,20604,rural,25,hombre,5,41,12.195121951219512
2024,20604,rural,25,mujer,1,34,2.9411764705882355
2024,20604,rural,26,hombre,5,47,10.638297872340425
2024,20604,rural,26,mujer,5,53,9.433962264150944
2024,20604,rural,27,hombre,6,44,13.636363636363637
2024,20604,rural,27,mujer,8,48,16.666666666666668
2024,20604,rural,28,hombre,7,53,13.20754716981132
2024,20604,rural,28,mujer,5,25,20.0
2024,20605,rural,16,hombre,0,21,0.0
2024,20605,rural,16,mujer,5,14,35.714285714285715
2024,20605,rural,17,hombre,2,19,10.526315789473685
2024,20605,rural,17,mujer,3,20,15.0
2024,20605,rural,18,hombre,1,21,4.761904761904762
2024,20605,rural,18,mujer,2,21,9.523809523809524
2024,20605,rural,19,hombre,2,14,14.285714285714286
2024,20605,rural,19,mujer,2,20,10.0
2024,20605,rural,20,hombre,6,22,27.272727272727273
2024,20605,rural,20,mujer,3,15,20.0
2024,20605,rural,21,hombre,3,28,10.714285714285714
2024,20605,rural,21,mujer,4,24,16.666666666666668
2024,20605,rural,22,hombre,1,21,4.761904761904762
2024,20605,rural,22,mujer,4,19,21.05263157894737
2024,20605,rural,23,hombre,1,26,3.8461538461538463
2024,20605,rural,23,mujer,7,32,21.875
2024,20605,rural,24,hombre,3,32,9.375
2024,20605,rural,24,mujer,7,23,30.434782608695652
2024,20605,rural,25,hombre,0,25,0.0
2024,20605,rural,25,mujer,3,26,11.538461538461538
2024,20605,rural,26,hombre,2,26,7.6923076923076925
2024,20605,rural,26,mujer,3,26,11.538461538461538
2024,20605,rural,27,hombre,0,17,0.0
2024,20605,rural,27,mujer,4,28,14.285714285714286
2024,20605,rural,28,hombre,2,29,6.896551724137931
2024,20605,rural,28,mujer,4,23,17.391304347826086
2024,20606,rural,16,hombre,5,46,10.869565217391305
2024,20606,rural,16,mujer,7,43,16.27906976744186
2024,20606,rural,17,hombre,14,47,29.78723404255319
2024,20606,rural,17,mujer,7,39,17.94871794871795
2024,20606,rural,18,hombre,6,33,18.181818181818183
2024,20606,rural,18,mujer,11,21,52.38095238095238
2024,20606,rural,19,hombre,11,37,29.72972972972973
2024,20606,rural,19,mujer,9,30,30.0
2024,20606,rural,20,hombre,9,34,26.470588235294116
2024,20606,rural,20,mujer,4,25,16.0
2024,20606,rural,21,hombre,16,42,38.095238095238095
2024,20606,rural,21,mujer,10,33,30.303030303030305
2024,20606,rural,22,hombre,13,37,35.13513513513514
2024,20606,rural,22,mujer,13,32,40.625
2024,20606,rural,23,hombre,15,55,27.272727272727273
2024,20606,rural,23,mujer,16,39,41.02564102564103
2024,20606,rural,24,hombre,28,56,50.0
2024,20606,rural,24,mujer,16,51,31.372549019607842
2024,20606,rural,25,hombre,22,50,44.0
2024,20606,rural,25,mujer,10,32,31.25
2024,20606,rural,26,hombre,16,49,32.6530612244898
2024,20606,rural,26,mujer,13,44,29.545454545454547
2024,20606,rural,27,hombre,13,54,24.074074074074073
2024,20606,rural,27,mujer,13,45,28.88888888888889
2024,20606,rural,28,hombre,13,50,26.0
2024,20606,rural,28,mujer,17,42,40.476190476190474
2024,20606,urbana,16,hombre,2,17,11.764705882352942
2024,20606,urbana,16,mujer,3,19,15.789473684210526
2024,20606,urbana,17,hombre,3,25,12.0
2024,20606,urbana,17,mujer,1,16,6.25
2024,20606,urbana,18,hombre,0,13,0.0
2024,20606,urbana,18,mujer,2,6,33.333333333333336
2024,20606,urbana,19,hombre,4,19,21.05263157894737
2024,20606,urbana,19,mujer,6,16,37.5
2024,20606,urbana,20,hombre,4,12,33.333333333333336
2024,20606,urbana,20,mujer,3,11,27.272727272727273
2024,20606,urbana,21,hombre,4,16,25.0
2024,20606,urbana,21,mujer,5,18,27.77777777777778
2024,20606,urbana,22,hombre,6,15,40.0
2024,20606,urbana,22,mujer,11,21,52.38095238095238
2024,20606,urbana,23,hombre,4,17,23.529411764705884
2024,20606,urbana,23,mujer,2,13,15.384615384615385
2024,20606,urbana,24,hombre,9,28,32.142857142857146
2024,20606,urbana,24,mujer,6,21,28.571428571428573
2024,20606,urbana,25,hombre,8,25,32.0
2024,20606,urbana,25,mujer,6,20,30.0
2024,20606,urbana,26,hombre,10,22,45.45454545454545
2024,20606,urbana,26,mujer,2,14,14.285714285714286
2024,20606,urbana,27,hombre,8,20,40.0
2024,20606,urbana,27,mujer,7,24,29.166666666666668
2024,20606,urbana,28,hombre,5,25,20.0
2024,20606,urbana,28,mujer,6,13,46.15384615384615
2024,20607,rural,16,hombre,11,83,13.25301204819277
2024,20607,rural,16,mujer,8,70,11.428571428571429
2024,20607,rural,17,hombre,22,93,23.655913978494624
2024,20607,rural,17,mujer,8,87,9.195402298850574
2024,20607,rural,18,hombre,43,101,42.57425742574257
2024,20607,rural,18,mujer,20,73,27.397260273972602
2024,20607,rural,19,hombre,70,167,41.91616766467066
2024,20607,rural,19,mujer,27,92,29.347826086956523
2024,20607,rural,20,hombre,54,134,40.298507462686565
2024,20607,rural,20,mujer,32,95,33.68421052631579
2024,20607,rural,21,hombre,50,159,31.446540880503143
2024,20607,rural,21,mujer,31,107,28.97196261682243
2024,20607,rural,22,hombre,42,135,31.11111111111111
2024,20607,rural,22,mujer,35,111,31.53153153153153
2024,20607,rural,23,hombre,48,176,27.272727272727273
2024,20607,rural,23,mujer,24,106,22.641509433962263
2024,20607,rural,24,hombre,47,145,32.41379310344828
2024,20607,rural,24,mujer,28,125,22.4
2024,20607,rural,25,hombre,56,166,33.734939759036145
2024,20607,rural,25,mujer,26,97,26.804123711340207
2024,20607,rural,26,hombre,45,135,33.333333333333336
2024,20607,rural,26,mujer,29,119,24.369747899159663
2024,20607,rural,27,hombre,54,169,31.952662721893493
2024,20607,rural,27,mujer,24,97,24.742268041237114
2024,20607,rural,28,hombre,37,139,26.618705035971225
2024,20607,rural,28,mujer,19,86,22.093023255813954
2024,20607,urbana,16,hombre,20,74,27.027027027027028
2024,20607,urbana,16,mujer,18,84,21.428571428571427
2024,20607,urbana,17,hombre,26,102,25.49019607843137
2024,20607,urbana,17,mujer,29,96,30.208333333333332
2024,20607,urbana,18,hombre,20,62,32.25806451612903
2024,20607,urbana,18,mujer,20,63,31.746031746031747
2024,20607,urbana,19,hombre,22,66,33.333333333333336
2024,20607,urbana,19,mujer,46,100,46.0
2024,20607,urbana,20,hombre,33,77,42.857142857142854
2024,20607,urbana,20,mujer,54,92,58.69565217391305
2024,20607,urbana,21,hombre,27,86,31.3953488372093
2024,20607,urbana,21,mujer,58,111,52.252252252252255
2024,20607,urbana,22,hombre,40,91,43.956043956043956
2024,20607,urbana,22,mujer,46,107,42.99065420560748
2024,20607,urbana,23,hombre,39,97,40.20618556701031
2024,20607,urbana,23,mujer,53,104,50.96153846153846
2024,20607,urbana,24,hombre,47,105,44.76190476190476
2024,20607,urbana,24,mujer,56,116,48.275862068965516
2024,20607,urbana,25,hombre,45,115,39.130434782608695
2024,20607,urbana,25,mujer,53,101,52.475247524752476
2024,20607,urbana,26,hombre,38,90,42.22222222222222
2024,20607,urbana,26,mujer,50,127,39.37007874015748
2024,20607,urbana,27,hombre,44,103,42.71844660194175
2024,20607,urbana,27,mujer,42,113,37.16814159292036
2024,20607,urbana,28,hombre,49,115,42.608695652173914
2024,20607,urbana,28,mujer,39,100,39.0
2024,20608,rural,16,hombre,20,99,20.2020202020202
2024,20608,rural,16,mujer,9,75,12.0
2024,20608,rural,17,hombre,22,93,23.655913978494624
2024,20608,rural,17,mujer,18,83,21.686746987951807
2024,20608,rural,18,hombre,16,87,18.39080459770115
2024,20608,rural,18,mujer,19,83,22.89156626506024
2024,20608,rural,19,hombre,23,96,23.958333333333332
2024,20608,rural,19,mujer,14,84,16.666666666666668
2024,20608,rural,20,hombre,25,107,23.364485981308412
2024,20608,rural,20,mujer,15,100,15.0
2024,20608,rural,21,hombre,32,107,29.906542056074766
2024,20608,rural,21,mujer,17,79,21.518987341772153
2024,20608,rural,22,hombre,30,107,28.037383177570092
2024,20608,rural,22,mujer,27,87,31.03448275862069
2024,20608,rural,23,hombre,45,147,30.612244897959183
2024,20608,rural,23,mujer,21,94,22.340425531914892
2024,20608,rural,24,hombre,29,111,26.126126126126128
2024,20608,rural,24,mujer,21,90,23.333333333333332
2024,20608,rural,25,hombre,33,107,30.8411214953271
2024,20608,rural,25,mujer,32,89,35.95505617977528
2024,20608,rural,26,hombre,27,114,23.68421052631579
2024,20608,rural,26,mujer,14,85,16.470588235294116
2024,20608,rural,27,hombre,24,110,21.818181818181817
2024,20608,rural,27,mujer,23,89,25.84269662921348
2024,20608,rural,28,hombre,24,122,19.672131147540984
2024,20608,rural,28,mujer,16,86,18.6046511627907
2024,20608,urbana,16,hombre,2,21,9.523809523809524
2024,20608,urbana,16,mujer,7,36,19.444444444444443
2024,20608,urbana,17,hombre,3,17,17.647058823529413
2024,20608,urbana,17,mujer,6,25,24.0
2024,20608,urbana,18,hombre,5,17,29.41176470588235
2024,20608,urbana,18,mujer,13,33,39.39393939393939
2024,20608,urbana,19,hombre,8,26,30.76923076923077
2024,20608,urbana,19,mujer,14,30,46.666666666666664
2024,20608,urbana,20,hombre,3,19,15.789473684210526
2024,20608,urbana,20,mujer,8,24,33.333333333333336
2024,20608,urbana,21,hombre,10,25,40.0
2024,20608,urbana,21,mujer,17,31,54.83870967741935
2024,20608,urbana,22,hombre,10,22,45.45454545454545
2024,20608,urbana,22,mujer,17,36,47.22222222222222
2024,20608,urbana,23,hombre,9,29,31.03448275862069
2024,20608,urbana,23,mujer,13,35,37.142857142857146
2024,20608,urbana,24,hombre,12,30,40.0
2024,20608,urbana,24,mujer,12,36,33.333333333333336
2024,20608,urbana,25,hombre,11,29,37.93103448275862
2024,20608,urbana,25,mujer,16,34,47.05882352941177
2024,20608,urbana,26,hombre,8,29,27.586206896551722
2024,20608,urbana,26,mujer,7,22,31.818181818181817
2024,20608,urbana,27,hombre,5,24,20.833333333333332
2024,20608,urbana,27,mujer,5,25,20.0
2024,20608,urbana,28,hombre,14,35,40.0
2024,20608,urbana,28,mujer,5,25,20.0
2024,20701,rural,16,hombre,10,153,6.5359477124183005
2024,20701,rural,16,mujer,16,123,13.008130081300813
2024,20701,rural,17,hombre,9,126,7.142857142857143
2024,20701,rural,17,mujer,7,130,5.384615384615385
2024,20701,rural,18,hombre,58,150,38.666666666666664
2024,20701,rural,18,mujer,7,107,6.542056074766355
2024,20701,rural,19,hombre,67,158,42.40506329113924
2024,20701,rural,19,mujer,7,66,10.606060606060606
2024,20701,rural,20,hombre,48,140,34.285714285714285
2024,20701,rural,20,mujer,9,89,10.112359550561798
2024,20701,rural,21,hombre,26,113,23.008849557522122
2024,20701,rural,21,mujer,24,103,23.300970873786408
2024,20701,rural,22,hombre,22,103,21.359223300970875
2024,20701,rural,22,mujer,18,99,18.181818181818183
2024,20701,rural,23,hombre,21,124,16.93548387096774
2024,20701,rural,23,mujer,24,107,22.429906542056074
2024,20701,rural,24,hombre,21,111,18.91891891891892
2024,20701,rural,24,mujer,17,81,20.987654320987655
2024,20701,rural,25,hombre,26,115,22.608695652173914
2024,20701,rural,25,mujer,19,90,21.11111111111111
2024,20701,rural,26,hombre,16,110,14.545454545454545
2024,20701,rural,26,mujer,17,99,17.171717171717173
2024,20701,rural,27,hombre,24,121,19.834710743801654
2024,20701,rural,27,mujer,19,83,22.89156626506024
2024,20701,rural,28,hombre,23,99,23.232323232323232
2024,20701,rural,28,mujer,19,84,22.61904761904762
2024,20701,urbana,16,hombre,12,57,21.05263157894737
2024,20701,urbana,16,mujer,13,52,25.0
2024,20701,urbana,17,hombre,35,97,36.08247422680412
2024,20701,urbana,17,mujer,9,66,13.636363636363637
2024,20701,urbana,18,hombre,103,170,60.588235294117645
2024,20701,urbana,18,mujer,3,41,7.317073170731708
2024,20701,urbana,19,hombre,48,92,52.17391304347826
2024,20701,urbana,19,mujer,9,31,29.032258064516128
2024,20701,urbana,20,hombre,34,72,47.22222222222222
2024,20701,urbana,20,mujer,8,46,17.391304347826086
2024,20701,urbana,21,hombre,11,39,28.205128205128204
2024,20701,urbana,21,mujer,6,34,17.647058823529413
2024,20701,urbana,22,hombre,9,25,36.0
2024,20701,urbana,22,mujer,13,37,35.13513513513514
2024,20701,urbana,23,hombre,7,30,23.333333333333332
2024,20701,urbana,23,mujer,16,46,34.78260869565217
2024,20701,urbana,24,hombre,11,31,35.483870967741936
2024,20701,urbana,24,mujer,15,44,34.09090909090909
2024,20701,urbana,25,hombre,16,39,41.02564102564103
2024,20701,urbana,25,mujer,14,38,36.8421052631579
2024,20701,urbana,26,hombre,7,36,19.444444444444443
2024,20701,urbana,26,mujer,13,43,30.232558139534884
2024,20701,urbana,27,hombre,14,35,40.0
2024,20701,urbana,27,mujer,17,43,39.53488372093023
2024,20701,urbana,28,hombre,18,40,45.0
2024,20701,urbana,28,mujer,17,55,30.90909090909091
2024,20702,rural,16,hombre,11,80,13.75
2024,20702,rural,16,mujer,8,57,14.035087719298245
2024,20702,rural,17,hombre,16,87,18.39080459770115
2024,20702,rural,17,mujer,6,61,9.836065573770492
2024,20702,rural,18,hombre,43,100,43.0
2024,20702,rural,18,mujer,5,46,10.869565217391305
2024,20702,rural,19,hombre,39,114,34.21052631578947
2024,20702,rural,19,mujer,14,49,28.571428571428573
2024,20702,rural,20,hombre,33,118,27.966101694915253
2024,20702,rural,20,mujer,12,64,18.75
2024,20702,rural,21,hombre,28,118,23.728813559322035
2024,20702,rural,21,mujer,19,62,30.64516129032258
2024,20702,rural,22,hombre,42,132,31.818181818181817
2024,20702,rural,22,mujer,15,75,20.0
2024,20702,rural,23,hombre,28,125,22.4
2024,20702,rural,23,mujer,22,78,28.205128205128204
2024,20702,rural,24,hombre,47,145,32.41379310344828
2024,20702,rural,24,mujer,18,85,21.176470588235293
2024,20702,rural,25,hombre,37,132,28.03030303030303
2024,20702,rural,25,mujer,16,67,23.880597014925375
2024,20702,rural,26,hombre,24,111,21.62162162162162
2024,20702,rural,26,mujer,15,86,17.441860465116278
2024,20702,rural,27,hombre,23,98,23.46938775510204
2024,20702,rural,27,mujer,6,77,7.792207792207792
2024,20702,rural,28,hombre,23,120,19.166666666666668
2024,20702,rural,28,mujer,7,83,8.433734939759036
2024,20801,rural,16,hombre,19,142,13.380281690140846
2024,20801,rural,16,mujer,25,167,14.970059880239521
2024,20801,rural,17,hombre,22,158,13.924050632911392
2024,20801,rural,17,mujer,30,181,16.574585635359117
2024,20801,rural,18,hombre,13,80,16.25
2024,20801,rural,18,mujer,21,140,15.0
2024,20801,rural,19,hombre,19,122,15.573770491803279
2024,20801,rural,19,mujer,26,128,20.3125
2024,20801,rural,20,hombre,19,119,15.966386554621849
2024,20801,rural,20,mujer,24,138,17.391304347826086
2024,20801,rural,21,hombre,15,128,11.71875
2024,20801,rural,21,mujer,21,126,16.666666666666668
2024,20801,rural,22,hombre,21,116,18.103448275862068
2024,20801,rural,22,mujer,26,138,18.840579710144926
2024,20801,rural,23,hombre,32,134,23.880597014925375
2024,20801,rural,23,mujer,18,129,13.953488372093023
2024,20801,rural,24,hombre,34,159,21.38364779874214
2024,20801,rural,24,mujer,30,135,22.22222222222222
2024,20801,rural,25,hombre,39,155,25.161290322580644
2024,20801,rural,25,mujer,24,131,18.3206106870229
2024,20801,rural,26,hombre,27,129,20.930232558139537
2024,20801,rural,26,mujer,22,132,16.666666666666668
2024,20801,rural,27,hombre,36,133,27.06766917293233
2024,20801,rural,27,mujer,24,115,20.869565217391305
2024,20801,rural,28,hombre,47,154,30.51948051948052
2024,20801,rural,28,mujer,23,123,18.69918699186992
2024,20801,urbana,16,hombre,184,857,21.47024504084014
2024,20801,urbana,16,mujer,143,838,17.064439140811455
2024,20801,urbana,17,hombre,172,765,22.483660130718953
2024,20801,urbana,17,mujer,148,841,17.598097502972653
2024,20801,urbana,18,hombre,399,966,41.30434782608695
2024,20801,urbana,18,mujer,164,814,20.147420147420146
2024,20801,urbana,19,hombre,323,948,34.07172995780591
2024,20801,urbana,19,mujer,186,801,23.220973782771537
2024,20801,urbana,20,hombre,312,993,31.419939577039276
2024,20801,urbana,20,mujer,218,801,27.21598002496879
2024,20801,urbana,21,hombre,275,920,29.891304347826086
2024,20801,urbana,21,mujer,180,822,21.8978102189781
2024,20801,urbana,22,hombre,273,964,28.319502074688796
2024,20801,urbana,22,mujer,166,816,20.34313725490196
2024,20801,urbana,23,hombre,293,972,30.144032921810698
2024,20801,urbana,23,mujer,219,890,24.60674157303371
2024,20801,urbana,24,hombre,257,990,25.95959595959596
2024,20801,urbana,24,mujer,221,895,24.692737430167597
2024,20801,urbana,25,hombre,231,942,24.522292993630572
2024,20801,urbana,25,mujer,215,870,24.71264367816092
2024,20801,urbana,26,hombre,205,816,25.122549019607842
2024,20801,urbana,26,mujer,196,826,23.728813559322035
2024,20801,urbana,27,hombre,174,758,22.95514511873351
2024,20801,urbana,27,mujer,206,839,24.553039332538738
2024,20801,urbana,28,hombre,199,817,24.357405140758875
2024,20801,urbana,28,mujer,198,803,24.65753424657534
2024,20802,rural,16,hombre,16,60,26.666666666666668
2024,20802,rural,16,mujer,7,60,11.666666666666666
2024,20802,rural,17,hombre,42,91,46.15384615384615
2024,20802,rural,17,mujer,10,56,17.857142857142858
2024,20802,rural,18,hombre,130,192,67.70833333333333
2024,20802,rural,18,mujer,5,37,13.513513513513514
2024,20802,rural,19,hombre,69,112,61.607142857142854
2024,20802,rural,19,mujer,9,50,18.0
2024,20802,rural,20,hombre,46,91,50.54945054945055
2024,20802,rural,20,mujer,6,36,16.666666666666668
2024,20802,rural,21,hombre,11,48,22.916666666666668
2024,20802,rural,21,mujer,9,44,20.454545454545453
2024,20802,rural,22,hombre,7,49,14.285714285714286
2024,20802,rural,22,mujer,12,52,23.076923076923077
2024,20802,rural,23,hombre,11,48,22.916666666666668
2024,20802,rural,23,mujer,14,56,25.0
2024,20802,rural,24,hombre,12,52,23.076923076923077
2024,20802,rural,24,mujer,13,46,28.26086956521739
2024,20802,rural,25,hombre,9,43,20.930232558139537
2024,20802,rural,25,mujer,13,53,24.528301886792452
2024,20802,rural,26,hombre,9,38,23.68421052631579
2024,20802,rural,26,mujer,5,43,11.627906976744185
2024,20802,rural,27,hombre,7,42,16.666666666666668
2024,20802,rural,27,mujer,18,52,34.61538461538461
2024,20802,rural,28,hombre,11,50,22.0
2024,20802,rural,28,mujer,6,51,11.764705882352942
2024,20803,rural,16,hombre,4,86,4.651162790697675
2024,20803,rural,16,mujer,9,109,8.256880733944953
2024,20803,rural,17,hombre,9,100,9.0
2024,20803,rural,17,mujer,10,106,9.433962264150944
2024,20803,rural,18,hombre,5,77,6.4935064935064934
2024,20803,rural,18,mujer,6,90,6.666666666666667
2024,20803,rural,19,hombre,7,73,9.58904109589041
2024,20803,rural,19,mujer,9,98,9.183673469387756
2024,20803,rural,20,hombre,11,85,12.941176470588236
2024,20803,rural,20,mujer,13,101,12.871287128712872
2024,20803,rural,21,hombre,11,100,11.0
2024,20803,rural,21,mujer,10,85,11.764705882352942
2024,20803,rural,22,hombre,11,108,10.185185185185185
2024,20803,rural,22,mujer,6,109,5.504587155963303
2024,20803,rural,23,hombre,13,106,12.264150943396226
2024,20803,rural,23,mujer,8,108,7.407407407407407
2024,20803,rural,24,hombre,14,107,13.08411214953271
2024,20803,rural,24,mujer,18,126,14.285714285714286
2024,20803,rural,25,hombre,11,94,11.702127659574469
2024,20803,rural,25,mujer,14,107,13.08411214953271
2024,20803,rural,26,hombre,13,95,13.68421052631579
2024,20803,rural,26,mujer,12,122,9.836065573770492
2024,20803,rural,27,hombre,8,73,10.95890410958904
2024,20803,rural,27,mujer,17,122,13.934426229508198
2024,20803,rural,28,hombre,12,98,12.244897959183673
2024,20803,rural,28,mujer,9,95,9.473684210526315
2024,20804,rural,16,hombre,1,18,5.555555555555555
2024,20804,rural,16,mujer,4,17,23.529411764705884
2024,20804,rural,17,hombre,3,30,10.0
2024,20804,rural,17,mujer,4,18,22.22222222222222
2024,20804,rural,18,hombre,6,17,35.294117647058826
2024,20804,rural,18,mujer,1,11,9.090909090909092
2024,20804,rural,19,hombre,7,20,35.0
2024,20804,rural,19,mujer,0,20,0.0
2024,20804,rural,20,hombre,2,19,10.526315789473685
2024,20804,rural,20,mujer,3,16,18.75
2024,20804,rural,21,hombre,3,13,23.076923076923077
2024,20804,rural,21,mujer,4,11,36.36363636363637
2024,20804,rural,22,hombre,4,17,23.529411764705884
2024,20804,rural,22,mujer,4,16,25.0
2024,20804,rural,23,hombre,5,18,27.77777777777778
2024,20804,rural,23,mujer,1,8,12.5
2024,20804,rural,24,hombre,0,20,0.0
2024,20804,rural,24,mujer,4,21,19.047619047619047
2024,20804,rural,25,hombre,4,21,19.047619047619047
2024,20804,rural,25,mujer,7,28,25.0
2024,20804,rural,26,hombre,3,16,18.75
2024,20804,rural,26,mujer,2,9,22.22222222222222
2024,20804,rural,27,hombre,3,16,18.75
2024,20804,rural,27,mujer,1,18,5.555555555555555
2024,20804,rural,28,hombre,3,12,25.0
2024,20804,rural,28,mujer,5,18,27.77777777777778
2024,20804,urbana,16,hombre,1,45,2.2222222222222223
2024,20804,urbana,16,mujer,6,56,10.714285714285714
2024,20804,urbana,17,hombre,3,53,5.660377358490566
2024,20804,urbana,17,mujer,0,39,0.0
2024,20804,urbana,18,hombre,3,41,7.317073170731708
2024,20804,urbana,18,mujer,2,30,6.666666666666667
2024,20804,urbana,19,hombre,1,28,3.5714285714285716
2024,20804,urbana,19,mujer,7,42,16.666666666666668
2024,20804,urbana,20,hombre,3,31,9.67741935483871
2024,20804,urbana,20,mujer,6,34,17.647058823529413
2024,20804,urbana,21,hombre,2,34,5.882352941176471
2024,20804,urbana,21,mujer,4,33,12.121212121212121
2024,20804,urbana,22,hombre,3,34,8.823529411764707
2024,20804,urbana,22,mujer,3,35,8.571428571428571
2024,20804,urbana,23,hombre,8,45,17.77777777777778
2024,20804,urbana,23,mujer,2,32,6.25
2024,20804,urbana,24,hombre,8,37,21.62162162162162
2024,20804,urbana,24,mujer,8,39,20.512820512820515
2024,20804,urbana,25,hombre,3,36,8.333333333333334
2024,20804,urbana,25,mujer,8,38,21.05263157894737
2024,20804,urbana,26,hombre,8,50,16.0
2024,20804,urbana,26,mujer,6,32,18.75
2024,20804,urbana,27,hombre,1,33,3.0303030303030303
2024,20804,urbana,27,mujer,7,41,17.073170731707318
2024,20804,urbana,28,hombre,6,45,13.333333333333334
2024,20804,urbana,28,mujer,8,46,17.391304347826086
2024,20805,rural,16,hombre,5,54,9.25925925925926
2024,20805,rural,16,mujer,9,64,14.0625
2024,20805,rural,17,hombre,10,51,19.607843137254903
2024,20805,rural,17,mujer,3,52,5.769230769230769
2024,20805,rural,18,hombre,6,40,15.0
2024,20805,rural,18,mujer,7,41,17.073170731707318
2024,20805,rural,19,hombre,12,67,17.91044776119403
2024,20805,rural,19,mujer,3,36,8.333333333333334
2024,20805,rural,20,hombre,3,52,5.769230769230769
2024,20805,rural,20,mujer,10,46,21.73913043478261
2024,20805,rural,21,hombre,5,49,10.204081632653061
2024,20805,rural,21,mujer,9,56,16.071428571428573
2024,20805,rural,22,hombre,6,43,13.953488372093023
2024,20805,rural,22,mujer,9,47,19.148936170212767
2024,20805,rural,23,hombre,7,50,14.0
2024,20805,rural,23,mujer,7,48,14.583333333333334
2024,20805,rural,24,hombre,9,45,20.0
2024,20805,rural,24,mujer,12,63,19.047619047619047
2024,20805,rural,25,hombre,9,44,20.454545454545453
2024,20805,rural,25,mujer,6,52,11.538461538461538
2024,20805,rural,26,hombre,12,47,25.53191489361702
2024,20805,rural,26,mujer,7,46,15.217391304347826
2024,20805,rural,27,hombre,1,43,2.3255813953488373
2024,20805,rural,27,mujer,6,46,13.043478260869565
2024,20805,rural,28,hombre,7,52,13.461538461538462
2024,20805,rural,28,mujer,12,48,25.0
2024,20806,rural,16,hombre,17,114,14.912280701754385
2024,20806,rural,16,mujer,14,117,11.965811965811966
2024,20806,rural,17,hombre,5,109,4.587155963302752
2024,20806,rural,17,mujer,12,110,10.909090909090908
2024,20806,rural,18,hombre,6,109,5.504587155963303
2024,20806,rural,18,mujer,14,119,11.764705882352942
2024,20806,rural,19,hombre,11,95,11.578947368421053
2024,20806,rural,19,mujer,16,87,18.39080459770115
2024,20806,rural,20,hombre,13,118,11.016949152542374
2024,20806,rural,20,mujer,23,114,20.17543859649123
2024,20806,rural,21,hombre,16,114,14.035087719298245
2024,20806,rural,21,mujer,18,113,15.929203539823009
2024,20806,rural,22,hombre,13,126,10.317460317460318
2024,20806,rural,22,mujer,11,116,9.482758620689655
2024,20806,rural,23,hombre,14,118,11.864406779661017
2024,20806,rural,23,mujer,22,128,17.1875
2024,20806,rural,24,hombre,15,127,11.811023622047244
2024,20806,rural,24,mujer,17,110,15.454545454545455
2024,20806,rural,25,hombre,19,129,14.728682170542635
2024,20806,rural,25,mujer,18,134,13.432835820895523
2024,20806,rural,26,hombre,18,119,15.126050420168067
2024,20806,rural,26,mujer,12,107,11.214953271028037
2024,20806,rural,27,hombre,16,124,12.903225806451612
2024,20806,rural,27,mujer,17,136,12.5
2024,20806,rural,28,hombre,17,95,17.894736842105264
2024,20806,rural,28,mujer,16,103,15.533980582524272
2024,20807,rural,16,hombre,5,48,10.416666666666666
2024,20807,rural,16,mujer,5,39,12.820512820512821
2024,20807,rural,17,hombre,3,38,7.894736842105263
2024,20807,rural,17,mujer,8,53,15.09433962264151
2024,20807,rural,18,hombre,0,31,0.0
2024,20807,rural,18,mujer,7,41,17.073170731707318
2024,20807,rural,19,hombre,4,34,11.764705882352942
2024,20807,rural,19,mujer,17,48,35.416666666666664
2024,20807,rural,20,hombre,8,46,17.391304347826086
2024,20807,rural,20,mujer,8,40,20.0
2024,20807,rural,21,hombre,11,38,28.94736842105263
2024,20807,rural,21,mujer,10,46,21.73913043478261
2024,20807,rural,22,hombre,8,44,18.181818181818183
2024,20807,rural,22,mujer,8,50,16.0
2024,20807,rural,23,hombre,7,47,14.893617021276595
2024,20807,rural,23,mujer,9,50,18.0
2024,20807,rural,24,hombre,10,45,22.22222222222222
2024,20807,rural,24,mujer,14,55,25.454545454545453
2024,20807,rural,25,hombre,8,53,15.09433962264151
2024,20807,rural,25,mujer,12,52,23.076923076923077
2024,20807,rural,26,hombre,6,41,14.634146341463415
2024,20807,rural,26,mujer,5,26,19.23076923076923
2024,20807,rural,27,hombre,5,31,16.129032258064516
2024,20807,rural,27,mujer,11,40,27.5
2024,20807,rural,28,hombre,6,44,13.636363636363637
2024,20807,rural,28,mujer,10,52,19.23076923076923
2024,20901,rural,16,hombre,6,80,7.5
2024,20901,rural,16,mujer,5,58,8.620689655172415
2024,20901,rural,17,hombre,4,75,5.333333333333333
2024,20901,rural,17,mujer,3,73,4.109589041095891
2024,20901,rural,18,hombre,4,48,8.333333333333334
2024,20901,rural,18,mujer,5,61,8.19672131147541
2024,20901,rural,19,hombre,7,55,12.727272727272727
2024,20901,rural,19,mujer,7,47,14.893617021276595
2024,20901,rural,20,hombre,7,72,9.722222222222221
2024,20901,rural,20,mujer,17,82,20.73170731707317
2024,20901,rural,21,hombre,8,67,11.940298507462687
2024,20901,rural,21,mujer,6,54,11.11111111111111
2024,20901,rural,22,hombre,6,66,9.090909090909092
2024,20901,rural,22,mujer,10,65,15.384615384615385
2024,20901,rural,23,hombre,6,65,9.23076923076923
2024,20901,rural,23,mujer,11,87,12.64367816091954
2024,20901,rural,24,hombre,13,93,13.978494623655914
2024,20901,rural,24,mujer,17,81,20.987654320987655
2024,20901,rural,25,hombre,7,92,7.608695652173913
2024,20901,rural,25,mujer,6,64,9.375
2024,20901,rural,26,hombre,4,85,4.705882352941177
2024,20901,rural,26,mujer,11,82,13.414634146341463
2024,20901,rural,27,hombre,13,65,20.0
2024,20901,rural,27,mujer,20,87,22.988505747126435
2024,20901,rural,28,hombre,11,71,15.492957746478874
2024,20901,rural,28,mujer,10,66,15.151515151515152
2024,20902,rural,16,hombre,10,109,9.174311926605505
2024,20902,rural,16,mujer,15,115,13.043478260869565
2024,20902,rural,17,hombre,10,118,8.474576271186441
2024,20902,rural,17,mujer,10,97,10.309278350515465
2024,20902,rural,18,hombre,7,99,7.070707070707071
2024,20902,rural,18,mujer,11,120,9.166666666666666
2024,20902,rural,19,hombre,11,100,11.0
2024,20902,rural,19,mujer,15,111,13.513513513513514
2024,20902,rural,20,hombre,7,110,6.363636363636363
2024,20902,rural,20,mujer,10,111,9.00900900900901
2024,20902,rural,21,hombre,13,112,11.607142857142858
2024,20902,rural,21,mujer,13,115,11.304347826086957
2024,20902,rural,22,hombre,10,113,8.849557522123893
2024,20902,rural,22,mujer,16,114,14.035087719298245
2024,20902,rural,23,hombre,20,143,13.986013986013987
2024,20902,rural,23,mujer,26,153,16.99346405228758
2024,20902,rural,24,hombre,15,140,10.714285714285714
2024,20902,rural,24,mujer,19,130,14.615384615384615
2024,20902,rural,25,hombre,10,133,7.518796992481203
2024,20902,rural,25,mujer,18,113,15.929203539823009
2024,20902,rural,26,hombre,13,117,11.11111111111111
2024,20902,rural,26,mujer,18,131,13.740458015267176
2024,20902,rural,27,hombre,7,136,5.147058823529412
2024,20902,rural,27,mujer,13,133,9.774436090225564
2024,20902,rural,28,hombre,16,114,14.035087719298245
2024,20902,rural,28,mujer,11,125,8.8
2024,20903,rural,16,hombre,8,86,9.30232558139535
2024,20903,rural,16,mujer,7,77,9.090909090909092
2024,20903,rural,17,hombre,6,72,8.333333333333334
2024,20903,rural,17,mujer,6,63,9.523809523809524
2024,20903,rural,18,hombre,16,90,17.77777777777778
2024,20903,rural,18,mujer,10,82,12.195121951219512
2024,20903,rural,19,hombre,13,83,15.662650602409638
2024,20903,rural,19,mujer,4,69,5.797101449275362
2024,20903,rural,20,hombre,8,106,7.547169811320755
2024,20903,rural,20,mujer,13,88,14.772727272727273
2024,20903,rural,21,hombre,12,95,12.631578947368421
2024,20903,rural,21,mujer,18,80,22.5
2024,20903,rural,22,hombre,8,95,8.421052631578947
2024,20903,rural,22,mujer,11,91,12.087912087912088
2024,20903,rural,23,hombre,9,84,10.714285714285714
2024,20903,rural,23,mujer,17,96,17.708333333333332
2024,20903,rural,24,hombre,17,97,17.52577319587629
2024,20903,rural,24,mujer,13,77,16.883116883116884
2024,20903,rural,25,hombre,8,82,9.75609756097561
2024,20903,rural,25,mujer,9,69,13.043478260869565
2024,20903,rural,26,hombre,6,81,7.407407407407407
2024,20903,rural,26,mujer,13,74,17.56756756756757
2024,20903,rural,27,hombre,8,81,9.876543209876543
2024,20903,rural,27,mujer,6,61,9.836065573770492
2024,20903,rural,28,hombre,9,70,12.857142857142858
2024,20903,rural,28,mujer,7,78,8.974358974358974
2024,20903,urbana,16,hombre,2,17,11.764705882352942
2024,20903,urbana,16,mujer,1,16,6.25
2024,20903,urbana,17,hombre,6,27,22.22222222222222
2024,20903,urbana,17,mujer,1,18,5.555555555555555
2024,20903,urbana,18,hombre,5,32,15.625
2024,20903,urbana,18,mujer,3,13,23.076923076923077
2024,20903,urbana,19,hombre,4,39,10.256410256410257
2024,20903,urbana,19,mujer,5,15,33.333333333333336
2024,20903,urbana,20,hombre,4,33,12.121212121212121
2024,20903,urbana,20,mujer,3,21,14.285714285714286
2024,20903,urbana,21,hombre,0,18,0.0
2024,20903,urbana,21,mujer,3,14,21.428571428571427
2024,20903,urbana,22,hombre,1,12,8.333333333333334
2024,20903,urbana,22,mujer,5,21,23.80952380952381
2024,20903,urbana,23,hombre,1,20,5.0
2024,20903,urbana,23,mujer,4,16,25.0
2024,20903,urbana,24,hombre,5,39,12.820512820512821
2024,20903,urbana,24,mujer,1,15,6.666666666666667
2024,20903,urbana,25,hombre,5,31,16.129032258064516
2024,20903,urbana,25,mujer,4,15,26.666666666666668
2024,20903,urbana,26,hombre,2,16,12.5
2024,20903,urbana,26,mujer,2,17,11.764705882352942
2024,20903,urbana,27,hombre,2,26,7.6923076923076925
2024,20903,urbana,27,mujer,3,12,25.0
2024,20903,urbana,28,hombre,0,11,0.0
2024,20903,urbana,28,mujer,3,12,25.0
2024,20904,rural,16,hombre,8,48,16.666666666666668
2024,20904,rural,16,mujer,8,48,16.666666666666668
2024,20904,rural,17,hombre,9,43,20.930232558139537
2024,20904,rural,17,mujer,5,37,13.513513513513514
2024,20904,rural,18,hombre,3,37,8.108108108108109
2024,20904,rural,18,mujer,3,37,8.108108108108109
2024,20904,rural,19,hombre,11,44,25.0
2024,20904,rural,19,mujer,7,33,21.21212121212121
2024,20904,rural,20,hombre,10,53,18.867924528301888
2024,20904,rural,20,mujer,15,46,32.608695652173914
2024,20904,rural,21,hombre,11,51,21.568627450980394
2024,20904,rural,21,mujer,10,46,21.73913043478261
2024,20904,rural,22,hombre,10,60,16.666666666666668
2024,20904,rural,22,mujer,14,61,22.950819672131146
2024,20904,rural,23,hombre,16,72,22.22222222222222
2024,20904,rural,23,mujer,10,53,18.867924528301888
2024,20904,rural,24,hombre,9,65,13.846153846153847
2024,20904,rural,24,mujer,11,47,23.404255319148938
2024,20904,rural,25,hombre,13,83,15.662650602409638
2024,20904,rural,25,mujer,10,66,15.151515151515152
2024,20904,rural,26,hombre,9,52,17.307692307692307
2024,20904,rural,26,mujer,7,47,14.893617021276595
2024,20904,rural,27,hombre,13,56,23.214285714285715
2024,20904,rural,27,mujer,17,49,34.69387755102041
2024,20904,rural,28,hombre,9,51,17.647058823529413
2024,20904,rural,28,mujer,7,47,14.893617021276595
2024,20905,rural,16,hombre,9,123,7.317073170731708
2024,20905,rural,16,mujer,9,120,7.5
2024,20905,rural,17,hombre,5,116,4.310344827586207
2024,20905,rural,17,mujer,8,107,7.4766355140186915
2024,20905,rural,18,hombre,10,103,9.70873786407767
2024,20905,rural,18,mujer,8,95,8.421052631578947
2024,20905,rural,19,hombre,10,94,10.638297872340425
2024,20905,rural,19,mujer,6,90,6.666666666666667
2024,20905,rural,20,hombre,11,92,11.956521739130435
2024,20905,rural,20,mujer,10,104,9.615384615384615
2024,20905,rural,21,hombre,21,130,16.153846153846153
2024,20905,rural,21,mujer,7,99,7.070707070707071
2024,20905,rural,22,hombre,16,115,13.91304347826087
2024,20905,rural,22,mujer,18,113,15.929203539823009
2024,20905,rural,23,hombre,23,127,18.11023622047244
2024,20905,rural,23,mujer,11,112,9.821428571428571
2024,20905,rural,24,hombre,11,128,8.59375
2024,20905,rural,24,mujer,20,130,15.384615384615385
2024,20905,rural,25,hombre,16,130,12.307692307692308
2024,20905,rural,25,mujer,19,139,13.66906474820144
2024,20905,rural,26,hombre,16,122,13.114754098360656
2024,20905,rural,26,mujer,17,96,17.708333333333332
2024,20905,rural,27,hombre,16,132,12.121212121212121
2024,20905,rural,27,mujer,19,123,15.447154471544716
2024,20905,rural,28,hombre,9,105,8.571428571428571
2024,20905,rural,28,mujer,11,101,10.891089108910892
2024,21001,rural,16,hombre,15,164,9.146341463414634
2024,21001,rural,16,mujer,17,167,10.179640718562874
2024,21001,rural,17,hombre,20,151,13.245033112582782
2024,21001,rural,17,mujer,15,135,11.11111111111111
2024,21001,rural,18,hombre,17,112,15.178571428571429
2024,21001,rural,18,mujer,20,128,15.625
2024,21001,rural,19,hombre,21,124,16.93548387096774
2024,21001,rural,19,mujer,23,127,18.11023622047244
2024,21001,rural,20,hombre,24,161,14.906832298136646
2024,21001,rural,20,mujer,17,133,12.781954887218046
2024,21001,rural,21,hombre,26,155,16.774193548387096
2024,21001,rural,21,mujer,18,150,12.0
2024,21001,rural,22,hombre,20,168,11.904761904761905
2024,21001,rural,22,mujer,21,136,15.441176470588236
2024,21001,rural,23,hombre,28,179,15.64245810055866
2024,21001,rural,23,mujer,28,164,17.073170731707318
2024,21001,rural,24,hombre,25,190,13.157894736842104
2024,21001,rural,24,mujer,32,145,22.06896551724138
2024,21001,rural,25,hombre,27,167,16.167664670658684
2024,21001,rural,25,mujer,22,124,17.741935483870968
2024,21001,rural,26,hombre,20,170,11.764705882352942
2024,21001,rural,26,mujer,21,126,16.666666666666668
2024,21001,rural,27,hombre,29,174,16.666666666666668
2024,21001,rural,27,mujer,17,127,13.385826771653543
2024,21001,rural,28,hombre,16,176,9.090909090909092
2024,21001,rural,28,mujer,21,137,15.328467153284672
2024,21002,rural,16,hombre,6,42,14.285714285714286
2024,21002,rural,16,mujer,8,39,20.512820512820515
2024,21002,rural,17,hombre,5,34,14.705882352941176
2024,21002,rural,17,mujer,4,24,16.666666666666668
2024,21002,rural,18,hombre,11,35,31.428571428571427
2024,21002,rural,18,mujer,3,24,12.5
2024,21002,rural,19,hombre,14,49,28.571428571428573
2024,21002,rural,19,mujer,6,30,20.0
2024,21002,rural,20,hombre,16,46,34.78260869565217
2024,21002,rural,20,mujer,6,33,18.181818181818183
2024,21002,rural,21,hombre,17,56,30.357142857142858
2024,21002,rural,21,mujer,12,48,25.0
2024,21002,rural,22,hombre,24,61,39.34426229508197
2024,21002,rural,22,mujer,8,37,21.62162162162162
2024,21002,rural,23,hombre,25,73,34.24657534246575
2024,21002,rural,23,mujer,11,44,25.0
2024,21002,rural,24,hombre,17,83,20.481927710843372
2024,21002,rural,24,mujer,9,34,26.470588235294116
2024,21002,rural,25,hombre,29,95,30.526315789473685
2024,21002,rural,25,mujer,6,29,20.689655172413794
2024,21002,rural,26,hombre,21,75,28.0
2024,21002,rural,26,mujer,13,42,30.952380952380953
2024,21002,rural,27,hombre,30,87,34.48275862068966
2024,21002,rural,27,mujer,14,50,28.0
2024,21002,rural,28,hombre,27,87,31.03448275862069
2024,21002,rural,28,mujer,8,43,18.6046511627907
2024,21002,urbana,16,hombre,3,45,6.666666666666667
2024,21002,urbana,16,mujer,6,35,17.142857142857142
2024,21002,urbana,17,hombre,2,31,6.451612903225806
2024,21002,urbana,17,mujer,6,44,13.636363636363637
2024,21002,urbana,18,hombre,1,27,3.7037037037037037
2024,21002,urbana,18,mujer,2,26,7.6923076923076925
2024,21002,urbana,19,hombre,6,35,17.142857142857142
2024,21002,urbana,19,mujer,1,28,3.5714285714285716
2024,21002,urbana,20,hombre,8,35,22.857142857142858
2024,21002,urbana,20,mujer,5,42,11.904761904761905
2024,21002,urbana,21,hombre,7,25,28.0
2024,21002,urbana,21,mujer,3,29,10.344827586206897
2024,21002,urbana,22,hombre,2,27,7.407407407407407
2024,21002,urbana,22,mujer,4,27,14.814814814814815
2024,21002,urbana,23,hombre,7,34,20.58823529411765
2024,21002,urbana,23,mujer,5,35,14.285714285714286
2024,21002,urbana,24,hombre,5,35,14.285714285714286
2024,21002,urbana,24,mujer,10,44,22.727272727272727
2024,21002,urbana,25,hombre,11,48,22.916666666666668
2024,21002,urbana,25,mujer,9,45,20.0
2024,21002,urbana,26,hombre,2,25,8.0
2024,21002,urbana,26,mujer,5,37,13.513513513513514
2024,21002,urbana,27,hombre,4,28,14.285714285714286
2024,21002,urbana,27,mujer,11,42,26.19047619047619
2024,21002,urbana,28,hombre,6,31,19.35483870967742
2024,21002,urbana,28,mujer,11,35,31.428571428571427
2024,21003,rural,16,hombre,10,105,9.523809523809524
2024,21003,rural,16,mujer,7,112,6.25
2024,21003,rural,17,hombre,9,110,8.181818181818182
2024,21003,rural,17,mujer,14,109,12.844036697247706
2024,21003,rural,18,hombre,17,113,15.044247787610619
2024,21003,rural,18,mujer,15,115,13.043478260869565
2024,21003,rural,19,hombre,13,109,11.926605504587156
2024,21003,rural,19,mujer,24,112,21.428571428571427
2024,21003,rural,20,hombre,8,108,7.407407407407407
2024,21003,rural,20,mujer,9,116,7.758620689655173
2024,21003,rural,21,hombre,17,108,15.74074074074074
2024,21003,rural,21,mujer,19,106,17.92452830188679
2024,21003,rural,22,hombre,19,126,15.079365079365079
2024,21003,rural,22,mujer,11,103,10.679611650485437
2024,21003,rural,23,hombre,28,157,17.8343949044586
2024,21003,rural,23,mujer,18,132,13.636363636363637
2024,21003,rural,24,hombre,20,140,14.285714285714286
2024,21003,rural,24,mujer,18,116,15.517241379310345
2024,21003,rural,25,hombre,18,141,12.76595744680851
2024,21003,rural,25,mujer,25,111,22.52252252252252
2024,21003,rural,26,hombre,17,132,12.878787878787879
2024,21003,rural,26,mujer,17,108,15.74074074074074
2024,21003,rural,27,hombre,15,123,12.195121951219512
2024,21003,rural,27,mujer,13,110,11.818181818181818
2024,21003,rural,28,hombre,12,126,9.523809523809524
2024,21003,rural,28,mujer,15,110,13.636363636363637
2024,21003,urbana,16,hombre,6,31,19.35483870967742
2024,21003,urbana,16,mujer,6,18,33.333333333333336
2024,21003,urbana,17,hombre,4,21,19.047619047619047
2024,21003,urbana,17,mujer,6,21,28.571428571428573
2024,21003,urbana,18,hombre,9,17,52.94117647058823
2024,21003,urbana,18,mujer,8,26,30.76923076923077
2024,21003,urbana,19,hombre,12,22,54.54545454545455
2024,21003,urbana,19,mujer,3,17,17.647058823529413
2024,21003,urbana,20,hombre,8,21,38.095238095238095
2024,21003,urbana,20,mujer,9,22,40.90909090909091
2024,21003,urbana,21,hombre,6,19,31.57894736842105
2024,21003,urbana,21,mujer,7,21,33.333333333333336
2024,21003,urbana,22,hombre,7,23,30.434782608695652
2024,21003,urbana,22,mujer,9,29,31.03448275862069
2024,21003,urbana,23,hombre,9,18,50.0
2024,21003,urbana,23,mujer,6,20,30.0
2024,21003,urbana,24,hombre,8,25,32.0
2024,21003,urbana,24,mujer,6,32,18.75
2024,21003,urbana,25,hombre,3,15,20.0
2024,21003,urbana,25,mujer,7,25,28.0
2024,21003,urbana,26,hombre,2,25,8.0
2024,21003,urbana,26,mujer,8,22,36.36363636363637
2024,21003,urbana,27,hombre,5,20,25.0
2024,21003,urbana,27,mujer,3,27,11.11111111111111
2024,21003,urbana,28,hombre,1,21,4.761904761904762
2024,21003,urbana,28,mujer,7,21,33.333333333333336
2024,21004,rural,16,hombre,11,132,8.333333333333334
2024,21004,rural,16,mujer,15,115,13.043478260869565
2024,21004,rural,17,hombre,11,106,10.377358490566039
2024,21004,rural,17,mujer,17,114,14.912280701754385
2024,21004,rural,18,hombre,6,98,6.122448979591836
2024,21004,rural,18,mujer,16,117,13.675213675213675
2024,21004,rural,19,hombre,9,96,9.375
2024,21004,rural,19,mujer,18,122,14.754098360655737
2024,21004,rural,20,hombre,17,116,14.655172413793103
2024,21004,rural,20,mujer,28,129,21.705426356589147
2024,21004,rural,21,hombre,14,117,11.965811965811966
2024,21004,rural,21,mujer,23,110,20.90909090909091
2024,21004,rural,22,hombre,20,129,15.503875968992247
2024,21004,rural,22,mujer,25,116,21.551724137931036
2024,21004,rural,23,hombre,21,140,15.0
2024,21004,rural,23,mujer,20,118,16.949152542372882
2024,21004,rural,24,hombre,18,156,11.538461538461538
2024,21004,rural,24,mujer,27,144,18.75
2024,21004,rural,25,hombre,11,126,8.73015873015873
2024,21004,rural,25,mujer,14,108,12.962962962962964
2024,21004,rural,26,hombre,13,132,9.848484848484848
2024,21004,rural,26,mujer,17,118,14.40677966101695
2024,21004,rural,27,hombre,16,146,10.95890410958904
2024,21004,rural,27,mujer,22,119,18.48739495798319
2024,21004,rural,28,hombre,13,142,9.154929577464788
2024,21004,rural,28,mujer,18,95,18.94736842105263
2024,21004,urbana,16,hombre,0,68,0.0
2024,21004,urbana,16,mujer,0,75,0.0
2024,21004,urbana,17,hombre,6,59,10.169491525423728
2024,21004,urbana,17,mujer,8,63,12.698412698412698
2024,21004,urbana,18,hombre,21,64,32.8125
2024,21004,urbana,18,mujer,13,56,23.214285714285715
2024,21004,urbana,19,hombre,22,56,39.285714285714285
2024,21004,urbana,19,mujer,27,78,34.61538461538461
2024,21004,urbana,20,hombre,46,83,55.42168674698795
2024,21004,urbana,20,mujer,19,68,27.941176470588236
2024,21004,urbana,21,hombre,38,91,41.75824175824176
2024,21004,urbana,21,mujer,21,65,32.30769230769231
2024,21004,urbana,22,hombre,36,87,41.37931034482759
2024,21004,urbana,22,mujer,22,49,44.89795918367347
2024,21004,urbana,23,hombre,25,66,37.878787878787875
2024,21004,urbana,23,mujer,19,76,25.0
2024,21004,urbana,24,hombre,12,56,21.428571428571427
2024,21004,urbana,24,mujer,7,57,12.280701754385966
2024,21004,urbana,25,hombre,14,49,28.571428571428573
2024,21004,urbana,25,mujer,15,49,30.612244897959183
2024,21004,urbana,26,hombre,10,48,20.833333333333332
2024,21004,urbana,26,mujer,13,56,23.214285714285715
2024,21004,urbana,27,hombre,13,52,25.0
2024,21004,urbana,27,mujer,14,54,25.925925925925927
2024,21004,urbana,28,hombre,11,49,22.448979591836736
2024,21004,urbana,28,mujer,16,55,29.09090909090909
2024,21005,rural,16,hombre,0,72,0.0
2024,21005,rural,16,mujer,2,69,2.898550724637681
2024,21005,rural,17,hombre,3,65,4.615384615384615
2024,21005,rural,17,mujer,2,55,3.6363636363636362
2024,21005,rural,18,hombre,2,72,2.7777777777777777
2024,21005,rural,18,mujer,4,63,6.349206349206349
2024,21005,rural,19,hombre,3,59,5.084745762711864
2024,21005,rural,19,mujer,0,56,0.0
2024,21005,rural,20,hombre,7,58,12.068965517241379
2024,21005,rural,20,mujer,6,57,10.526315789473685
2024,21005,rural,21,hombre,3,64,4.6875
2024,21005,rural,21,mujer,5,49,10.204081632653061
2024,21005,rural,22,hombre,3,53,5.660377358490566
2024,21005,rural,22,mujer,6,67,8.955223880597014
2024,21005,rural,23,hombre,3,78,3.8461538461538463
2024,21005,rural,23,mujer,4,66,6.0606060606060606
2024,21005,rural,24,hombre,0,79,0.0
2024,21005,rural,24,mujer,2,54,3.7037037037037037
2024,21005,rural,25,hombre,4,54,7.407407407407407
2024,21005,rural,25,mujer,8,69,11.594202898550725
2024,21005,rural,26,hombre,10,74,13.513513513513514
2024,21005,rural,26,mujer,1,41,2.4390243902439024
2024,21005,rural,27,hombre,1,68,1.4705882352941178
2024,21005,rural,27,mujer,3,51,5.882352941176471
2024,21005,rural,28,hombre,3,64,4.6875
2024,21005,rural,28,mujer,5,58,8.620689655172415
2024,21005,urbana,16,hombre,0,18,0.0
2024,21005,urbana,16,mujer,0,20,0.0
2024,21005,urbana,17,hombre,0,27,0.0
2024,21005,urbana,17,mujer,1,28,3.5714285714285716
2024,21005,urbana,18,hombre,1,24,4.166666666666667
2024,21005,urbana,18,mujer,0,22,0.0
2024,21005,urbana,19,hombre,2,26,7.6923076923076925
2024,21005,urbana,19,mujer,0,23,0.0
2024,21005,urbana,20,hombre,0,13,0.0
2024,21005,urbana,20,mujer,2,25,8.0
2024,21005,urbana,21,hombre,1,15,6.666666666666667
2024,21005,urbana,21,mujer,0,14,0.0
2024,21005,urbana,22,hombre,0,19,0.0
2024,21005,urbana,22,mujer,4,21,19.047619047619047
2024,21005,urbana,23,hombre,0,26,0.0
2024,21005,urbana,23,mujer,1,21,4.761904761904762
2024,21005,urbana,24,hombre,1,29,3.4482758620689653
2024,21005,urbana,24,mujer,2,26,7.6923076923076925
2024,21005,urbana,25,hombre,1,19,5.2631578947368425
2024,21005,urbana,25,mujer,2,18,11.11111111111111
2024,21005,urbana,26,hombre,1,16,6.25
2024,21005,urbana,26,mujer,1,13,7.6923076923076925
2024,21005,urbana,27,hombre,2,15,13.333333333333334
2024,21005,urbana,27,mujer,2,15,13.333333333333334
2024,21005,urbana,28,hombre,0,20,0.0
2024,21005,urbana,28,mujer,1,17,5.882352941176471
2024,21006,rural,16,hombre,1,28,3.5714285714285716
2024,21006,rural,16,mujer,1,33,3.0303030303030303
2024,21006,rural,17,hombre,1,35,2.857142857142857
2024,21006,rural,17,mujer,2,25,8.0
2024,21006,rural,18,hombre,1,37,2.7027027027027026
2024,21006,rural,18,mujer,0,31,0.0
2024,21006,rural,19,hombre,1,41,2.4390243902439024
2024,21006,rural,19,mujer,0,29,0.0
2024,21006,rural,20,hombre,2,32,6.25
2024,21006,rural,20,mujer,2,41,4.878048780487805
2024,21006,rural,21,hombre,2,27,7.407407407407407
2024,21006,rural,21,mujer,7,45,15.555555555555555
2024,21006,rural,22,hombre,3,45,6.666666666666667
2024,21006,rural,22,mujer,4,36,11.11111111111111
2024,21006,rural,23,hombre,0,46,0.0
2024,21006,rural,23,mujer,6,42,14.285714285714286
2024,21006,rural,24,hombre,3,54,5.555555555555555
2024,21006,rural,24,mujer,3,48,6.25
2024,21006,rural,25,hombre,1,36,2.7777777777777777
2024,21006,rural,25,mujer,5,41,12.195121951219512
2024,21006,rural,26,hombre,0,28,0.0
2024,21006,rural,26,mujer,2,40,5.0
2024,21006,rural,27,hombre,2,28,7.142857142857143
2024,21006,rural,27,mujer,5,38,13.157894736842104
2024,21006,rural,28,hombre,8,41,19.51219512195122
2024,21006,rural,28,mujer,5,42,11.904761904761905
2024,21006,urbana,16,hombre,4,32,12.5
2024,21006,urbana,16,mujer,2,27,7.407407407407407
2024,21006,urbana,17,hombre,0,25,0.0
2024,21006,urbana,17,mujer,0,32,0.0
2024,21006,urbana,18,hombre,2,31,6.451612903225806
2024,21006,urbana,18,mujer,2,31,6.451612903225806
2024,21006,urbana,19,hombre,0,18,0.0
2024,21006,urbana,19,mujer,4,29,13.793103448275861
2024,21006,urbana,20,hombre,4,35,11.428571428571429
2024,21006,urbana,20,mujer,2,35,5.714285714285714
2024,21006,urbana,21,hombre,3,28,10.714285714285714
2024,21006,urbana,21,mujer,3,28,10.714285714285714
2024,21006,urbana,22,hombre,1,25,4.0
2024,21006,urbana,22,mujer,3,19,15.789473684210526
2024,21006,urbana,23,hombre,0,26,0.0
2024,21006,urbana,23,mujer,3,33,9.090909090909092
2024,21006,urbana,24,hombre,4,43,9.30232558139535
2024,21006,urbana,24,mujer,4,48,8.333333333333334
2024,21006,urbana,25,hombre,1,29,3.4482758620689653
2024,21006,urbana,25,mujer,4,37,10.81081081081081
2024,21006,urbana,26,hombre,2,26,7.6923076923076925
2024,21006,urbana,26,mujer,6,36,16.666666666666668
2024,21006,urbana,27,hombre,4,28,14.285714285714286
2024,21006,urbana,27,mujer,5,34,14.705882352941176
2024,21006,urbana,28,hombre,4,42,9.523809523809524
2024,21006,urbana,28,mujer,0,38,0.0
2024,21101,rural,16,hombre,8,138,5.797101449275362
2024,21101,rural,16,mujer,13,138,9.420289855072463
2024,21101,rural,17,hombre,12,124,9.67741935483871
2024,21101,rural,17,mujer,13,123,10.56910569105691
2024,21101,rural,18,hombre,8,94,8.51063829787234
2024,21101,rural,18,mujer,10,132,7.575757575757576
2024,21101,rural,19,hombre,9,91,9.89010989010989
2024,21101,rural,19,mujer,12,107,11.214953271028037
2024,21101,rural,20,hombre,12,116,10.344827586206897
2024,21101,rural,20,mujer,16,110,14.545454545454545
2024,21101,rural,21,hombre,12,114,10.526315789473685
2024,21101,rural,21,mujer,16,119,13.445378151260504
2024,21101,rural,22,hombre,12,92,13.043478260869565
2024,21101,rural,22,mujer,11,118,9.322033898305085
2024,21101,rural,23,hombre,23,133,17.293233082706767
2024,21101,rural,23,mujer,33,122,27.049180327868854
2024,21101,rural,24,hombre,16,120,13.333333333333334
2024,21101,rural,24,mujer,18,123,14.634146341463415
2024,21101,rural,25,hombre,23,108,21.296296296296298
2024,21101,rural,25,mujer,23,136,16.91176470588235
2024,21101,rural,26,hombre,14,119,11.764705882352942
2024,21101,rural,26,mujer,17,112,15.178571428571429
2024,21101,rural,27,hombre,13,125,10.4
2024,21101,rural,27,mujer,16,120,13.333333333333334
2024,21101,rural,28,hombre,15,104,14.423076923076923
2024,21101,rural,28,mujer,19,125,15.2
2024,21101,urbana,16,hombre,2,21,9.523809523809524
2024,21101,urbana,16,mujer,3,32,9.375
2024,21101,urbana,17,hombre,2,27,7.407407407407407
2024,21101,urbana,17,mujer,3,26,11.538461538461538
2024,21101,urbana,18,hombre,2,9,22.22222222222222
2024,21101,urbana,18,mujer,4,16,25.0
2024,21101,urbana,19,hombre,4,19,21.05263157894737
2024,21101,urbana,19,mujer,2,22,9.090909090909092
2024,21101,urbana,20,hombre,0,9,0.0
2024,21101,urbana,20,mujer,2,15,13.333333333333334
2024,21101,urbana,21,hombre,2,21,9.523809523809524
2024,21101,urbana,21,mujer,1,10,10.0
2024,21101,urbana,22,hombre,2,18,11.11111111111111
2024,21101,urbana,22,mujer,1,9,11.11111111111111
2024,21101,urbana,23,hombre,2,9,22.22222222222222
2024,21101,urbana,23,mujer,1,20,5.0
2024,21101,urbana,24,hombre,3,17,17.647058823529413
2024,21101,urbana,24,mujer,7,24,29.166666666666668
2024,21101,urbana,25,hombre,5,16,31.25
2024,21101,urbana,25,mujer,8,21,38.095238095238095
2024,21101,urbana,26,hombre,5,20,25.0
2024,21101,urbana,26,mujer,7,23,30.434782608695652
2024,21101,urbana,27,hombre,3,19,15.789473684210526
2024,21101,urbana,27,mujer,7,17,41.1764705882353
2024,21101,urbana,28,hombre,4,21,19.047619047619047
2024,21101,urbana,28,mujer,10,26,38.46153846153846
2024,21102,rural,16,hombre,22,143,15.384615384615385
2024,21102,rural,16,mujer,22,136,16.176470588235293
2024,21102,rural,17,hombre,37,161,22.981366459627328
2024,21102,rural,17,mujer,22,139,15.827338129496402
2024,21102,rural,18,hombre,36,138,26.08695652173913
2024,21102,rural,18,mujer,21,145,14.482758620689655
2024,21102,rural,19,hombre,48,183,26.229508196721312
2024,21102,rural,19,mujer,24,114,21.05263157894737
2024,21102,rural,20,hombre,60,191,31.413612565445025
2024,21102,rural,20,mujer,25,149,16.778523489932887
2024,21102,rural,21,hombre,64,199,32.1608040201005
2024,21102,rural,21,mujer,26,141,18.43971631205674
2024,21102,rural,22,hombre,71,217,32.71889400921659
2024,21102,rural,22,mujer,46,134,34.32835820895522
2024,21102,rural,23,hombre,69,252,27.38095238095238
2024,21102,rural,23,mujer,33,149,22.14765100671141
2024,21102,rural,24,hombre,85,249,34.136546184738954
2024,21102,rural,24,mujer,30,161,18.633540372670808
2024,21102,rural,25,hombre,66,230,28.695652173913043
2024,21102,rural,25,mujer,31,166,18.674698795180724
2024,21102,rural,26,hombre,69,232,29.74137931034483
2024,21102,rural,26,mujer,32,145,22.06896551724138
2024,21102,rural,27,hombre,63,238,26.470588235294116
2024,21102,rural,27,mujer,24,167,14.37125748502994
2024,21102,rural,28,hombre,57,232,24.56896551724138
2024,21102,rural,28,mujer,30,162,18.51851851851852
2024,21102,urbana,16,hombre,2,24,8.333333333333334
2024,21102,urbana,16,mujer,3,38,7.894736842105263
2024,21102,urbana,17,hombre,4,22,18.181818181818183
2024,21102,urbana,17,mujer,2,27,7.407407407407407
2024,21102,urbana,18,hombre,3,18,16.666666666666668
2024,21102,urbana,18,mujer,3,28,10.714285714285714
2024,21102,urbana,19,hombre,2,32,6.25
2024,21102,urbana,19,mujer,4,27,14.814814814814815
2024,21102,urbana,20,hombre,2,15,13.333333333333334
2024,21102,urbana,20,mujer,1,14,7.142857142857143
2024,21102,urbana,21,hombre,4,20,20.0
2024,21102,urbana,21,mujer,2,24,8.333333333333334
2024,21102,urbana,22,hombre,5,26,19.23076923076923
2024,21102,urbana,22,mujer,8,21,38.095238095238095
2024,21102,urbana,23,hombre,3,21,14.285714285714286
2024,21102,urbana,23,mujer,3,17,17.647058823529413
2024,21102,urbana,24,hombre,6,26,23.076923076923077
2024,21102,urbana,24,mujer,5,24,20.833333333333332
2024,21102,urbana,25,hombre,4,22,18.181818181818183
2024,21102,urbana,25,mujer,4,29,13.793103448275861
2024,21102,urbana,26,hombre,6,18,33.333333333333336
2024,21102,urbana,26,mujer,3,15,20.0
2024,21102,urbana,27,hombre,2,17,11.764705882352942
2024,21102,urbana,27,mujer,9,29,31.03448275862069
2024,21102,urbana,28,hombre,5,14,35.714285714285715
2024,21102,urbana,28,mujer,4,18,22.22222222222222
2024,21103,rural,16,hombre,12,55,21.818181818181817
2024,21103,rural,16,mujer,12,67,17.91044776119403
2024,21103,rural,17,hombre,14,62,22.580645161290324
2024,21103,rural,17,mujer,8,62,12.903225806451612
2024,21103,rural,18,hombre,5,34,14.705882352941176
2024,21103,rural,18,mujer,8,47,17.02127659574468
2024,21103,rural,19,hombre,13,61,21.311475409836067
2024,21103,rural,19,mujer,12,53,22.641509433962263
2024,21103,rural,20,hombre,16,69,23.18840579710145
2024,21103,rural,20,mujer,8,49,16.3265306122449
2024,21103,rural,21,hombre,21,58,36.206896551724135
2024,21103,rural,21,mujer,13,49,26.53061224489796
2024,21103,rural,22,hombre,16,73,21.91780821917808
2024,21103,rural,22,mujer,10,45,22.22222222222222
2024,21103,rural,23,hombre,15,54,27.77777777777778
2024,21103,rural,23,mujer,14,58,24.137931034482758
2024,21103,rural,24,hombre,22,75,29.333333333333332
2024,21103,rural,24,mujer,16,66,24.242424242424242
2024,21103,rural,25,hombre,13,51,25.49019607843137
2024,21103,rural,25,mujer,20,64,31.25
2024,21103,rural,26,hombre,22,63,34.92063492063492
2024,21103,rural,26,mujer,16,53,30.18867924528302
2024,21103,rural,27,hombre,15,60,25.0
2024,21103,rural,27,mujer,13,57,22.80701754385965
2024,21103,rural,28,hombre,17,70,24.285714285714285
2024,21103,rural,28,mujer,13,50,26.0
2024,21104,rural,16,hombre,27,218,12.385321100917432
2024,21104,rural,16,mujer,25,177,14.124293785310735
2024,21104,rural,17,hombre,34,190,17.894736842105264
2024,21104,rural,17,mujer,22,168,13.095238095238095
2024,21104,rural,18,hombre,56,207,27.053140096618357
2024,21104,rural,18,mujer,17,156,10.897435897435898
2024,21104,rural,19,hombre,29,187,15.508021390374331
2024,21104,rural,19,mujer,24,168,14.285714285714286
2024,21104,rural,20,hombre,31,181,17.12707182320442
2024,21104,rural,20,mujer,22,149,14.765100671140939
2024,21104,rural,21,hombre,30,191,15.706806282722512
2024,21104,rural,21,mujer,39,163,23.926380368098158
2024,21104,rural,22,hombre,33,201,16.417910447761194
2024,21104,rural,22,mujer,33,163,20.245398773006134
2024,21104,rural,23,hombre,32,189,16.93121693121693
2024,21104,rural,23,mujer,35,189,18.51851851851852
2024,21104,rural,24,hombre,45,221,20.361990950226243
2024,21104,rural,24,mujer,35,178,19.662921348314608
2024,21104,rural,25,hombre,40,180,22.22222222222222
2024,21104,rural,25,mujer,31,126,24.603174603174605
2024,21104,rural,26,hombre,40,190,21.05263157894737
2024,21104,rural,26,mujer,23,161,14.285714285714286
2024,21104,rural,27,hombre,37,199,18.592964824120603
2024,21104,rural,27,mujer,37,170,21.764705882352942
2024,21104,rural,28,hombre,17,146,11.643835616438356
2024,21104,rural,28,mujer,32,142,22.535211267605632
2024,21104,urbana,16,hombre,10,70,14.285714285714286
2024,21104,urbana,16,mujer,6,69,8.695652173913043
2024,21104,urbana,17,hombre,5,58,8.620689655172415
2024,21104,urbana,17,mujer,10,68,14.705882352941176
2024,21104,urbana,18,hombre,9,63,14.285714285714286
2024,21104,urbana,18,mujer,5,63,7.936507936507937
2024,21104,urbana,19,hombre,9,53,16.9811320754717
2024,21104,urbana,19,mujer,9,63,14.285714285714286
2024,21104,urbana,20,hombre,7,55,12.727272727272727
2024,21104,urbana,20,mujer,9,64,14.0625
2024,21104,urbana,21,hombre,14,63,22.22222222222222
2024,21104,urbana,21,mujer,12,74,16.216216216216218
2024,21104,urbana,22,hombre,15,57,26.31578947368421
2024,21104,urbana,22,mujer,15,63,23.80952380952381
2024,21104,urbana,23,hombre,16,83,19.27710843373494
2024,21104,urbana,23,mujer,13,67,19.402985074626866
2024,21104,urbana,24,hombre,14,79,17.72151898734177
2024,21104,urbana,24,mujer,20,76,26.31578947368421
2024,21104,urbana,25,hombre,15,67,22.388059701492537
2024,21104,urbana,25,mujer,8,78,10.256410256410257
2024,21104,urbana,26,hombre,12,72,16.666666666666668
2024,21104,urbana,26,mujer,27,88,30.681818181818183
2024,21104,urbana,27,hombre,16,73,21.91780821917808
2024,21104,urbana,27,mujer,20,87,22.988505747126435
2024,21104,urbana,28,hombre,16,61,26.229508196721312
2024,21104,urbana,28,mujer,19,72,26.38888888888889
2024,21105,rural,16,hombre,43,455,9.45054945054945
2024,21105,rural,16,mujer,37,404,9.158415841584159
2024,21105,rural,17,hombre,65,417,15.587529976019185
2024,21105,rural,17,mujer,52,404,12.871287128712872
2024,21105,rural,18,hombre,64,373,17.158176943699733
2024,21105,rural,18,mujer,68,384,17.708333333333332
2024,21105,rural,19,hombre,67,382,17.539267015706805
2024,21105,rural,19,mujer,56,373,15.013404825737265
2024,21105,rural,20,hombre,82,394,20.81218274111675
2024,21105,rural,20,mujer,72,364,19.78021978021978
2024,21105,rural,21,hombre,81,354,22.88135593220339
2024,21105,rural,21,mujer,70,330,21.21212121212121
2024,21105,rural,22,hombre,73,398,18.34170854271357
2024,21105,rural,22,mujer,72,372,19.35483870967742
2024,21105,rural,23,hombre,89,431,20.649651972157773
2024,21105,rural,23,mujer,77,397,19.395465994962215
2024,21105,rural,24,hombre,89,452,19.690265486725664
2024,21105,rural,24,mujer,80,432,18.51851851851852
2024,21105,rural,25,hombre,86,427,20.140515222482435
2024,21105,rural,25,mujer,75,389,19.28020565552699
2024,21105,rural,26,hombre,71,407,17.444717444717444
2024,21105,rural,26,mujer,66,404,16.336633663366335
2024,21105,rural,27,hombre,66,442,14.93212669683258
2024,21105,rural,27,mujer,63,405,15.555555555555555
2024,21105,rural,28,hombre,59,389,15.167095115681233
2024,21105,rural,28,mujer,59,343,17.20116618075802
2024,21105,urbana,16,hombre,4,38,10.526315789473685
2024,21105,urbana,16,mujer,6,38,15.789473684210526
2024,21105,urbana,17,hombre,6,29,20.689655172413794
2024,21105,urbana,17,mujer,1,26,3.8461538461538463
2024,21105,urbana,18,hombre,3,17,17.647058823529413
2024,21105,urbana,18,mujer,5,25,20.0
2024,21105,urbana,19,hombre,7,23,30.434782608695652
2024,21105,urbana,19,mujer,4,23,17.391304347826086
2024,21105,urbana,20,hombre,5,16,31.25
2024,21105,urbana,20,mujer,4,21,19.047619047619047
2024,21105,urbana,21,hombre,4,17,23.529411764705884
2024,21105,urbana,21,mujer,6,25,24.0
2024,21105,urbana,22,hombre,6,27,22.22222222222222
2024,21105,urbana,22,mujer,4,23,17.391304347826086
2024,21105,urbana,23,hombre,6,32,18.75
2024,21105,urbana,23,mujer,6,31,19.35483870967742
2024,21105,urbana,24,hombre,11,29,37.93103448275862
2024,21105,urbana,24,mujer,9,36,25.0
2024,21105,urbana,25,hombre,11,22,50.0
2024,21105,urbana,25,mujer,16,34,47.05882352941177
2024,21105,urbana,26,hombre,5,25,20.0
2024,21105,urbana,26,mujer,11,41,26.829268292682926
2024,21105,urbana,27,hombre,8,29,27.586206896551722
2024,21105,urbana,27,mujer,6,28,21.428571428571427
2024,21105,urbana,28,hombre,5,37,13.513513513513514
2024,21105,urbana,28,mujer,11,28,39.285714285714285
2024,21201,rural,16,hombre,22,267,8.239700374531836
2024,21201,rural,16,mujer,25,276,9.057971014492754
2024,21201,rural,17,hombre,17,248,6.854838709677419
2024,21201,rural,17,mujer,22,249,8.835341365461847
2024,21201,rural,18,hombre,19,203,9.35960591133005
2024,21201,rural,18,mujer,22,249,8.835341365461847
2024,21201,rural,19,hombre,15,193,7.772020725388601
2024,21201,rural,19,mujer,28,268,10.447761194029852
2024,21201,rural,20,hombre,27,238,11.344537815126051
2024,21201,rural,20,mujer,35,247,14.17004048582996
2024,21201,rural,21,hombre,24,232,10.344827586206897
2024,21201,rural,21,mujer,33,246,13.414634146341463
2024,21201,rural,22,hombre,25,252,9.920634920634921
2024,21201,rural,22,mujer,34,253,13.438735177865613
2024,21201,rural,23,hombre,26,268,9.701492537313433
2024,21201,rural,23,mujer,29,284,10.211267605633802
2024,21201,rural,24,hombre,43,262,16.412213740458014
2024,21201,rural,24,mujer,34,286,11.888111888111888
2024,21201,rural,25,hombre,25,245,10.204081632653061
2024,21201,rural,25,mujer,30,266,11.278195488721805
2024,21201,rural,26,hombre,28,251,11.155378486055778
2024,21201,rural,26,mujer,27,254,10.62992125984252
2024,21201,rural,27,hombre,20,234,8.547008547008547
2024,21201,rural,27,mujer,29,261,11.11111111111111
2024,21201,rural,28,hombre,25,226,11.061946902654867
2024,21201,rural,28,mujer,24,223,10.762331838565023
2024,21201,urbana,16,hombre,26,151,17.218543046357617
2024,21201,urbana,16,mujer,35,153,22.875816993464053
2024,21201,urbana,17,hombre,22,109,20.18348623853211
2024,21201,urbana,17,mujer,22,117,18.803418803418804
2024,21201,urbana,18,hombre,24,98,24.489795918367346
2024,21201,urbana,18,mujer,49,143,34.26573426573427
2024,21201,urbana,19,hombre,29,104,27.884615384615383
2024,21201,urbana,19,mujer,42,137,30.656934306569344
2024,21201,urbana,20,hombre,44,128,34.375
2024,21201,urbana,20,mujer,34,123,27.642276422764226
2024,21201,urbana,21,hombre,32,117,27.35042735042735
2024,21201,urbana,21,mujer,40,141,28.368794326241133
2024,21201,urbana,22,hombre,40,141,28.368794326241133
2024,21201,urbana,22,mujer,28,125,22.4
2024,21201,urbana,23,hombre,40,135,29.62962962962963
2024,21201,urbana,23,mujer,40,149,26.845637583892618
2024,21201,urbana,24,hombre,48,149,32.214765100671144
2024,21201,urbana,24,mujer,41,160,25.625
2024,21201,urbana,25,hombre,31,137,22.62773722627737
2024,21201,urbana,25,mujer,45,171,26.31578947368421
2024,21201,urbana,26,hombre,42,153,27.45098039215686
2024,21201,urbana,26,mujer,48,174,27.586206896551722
2024,21201,urbana,27,hombre,35,129,27.131782945736433
2024,21201,urbana,27,mujer,40,163,24.539877300613497
2024,21201,urbana,28,hombre,33,148,22.2972972972973
2024,21201,urbana,28,mujer,38,152,25.0
2024,21202,rural,16,hombre,26,236,11.016949152542374
2024,21202,rural,16,mujer,30,267,11.235955056179776
2024,21202,rural,17,hombre,15,164,9.146341463414634
2024,21202,rural,17,mujer,26,213,12.206572769953052
2024,21202,rural,18,hombre,18,191,9.424083769633508
2024,21202,rural,18,mujer,26,201,12.935323383084578
2024,21202,rural,19,hombre,27,181,14.917127071823204
2024,21202,rural,19,mujer,29,188,15.425531914893616
2024,21202,rural,20,hombre,28,210,13.333333333333334
2024,21202,rural,20,mujer,34,230,14.782608695652174
2024,21202,rural,21,hombre,24,189,12.698412698412698
2024,21202,rural,21,mujer,27,204,13.235294117647058
2024,21202,rural,22,hombre,29,207,14.009661835748792
2024,21202,rural,22,mujer,39,217,17.972350230414747
2024,21202,rural,23,hombre,25,199,12.56281407035176
2024,21202,rural,23,mujer,35,227,15.418502202643172
2024,21202,rural,24,hombre,36,233,15.450643776824034
2024,21202,rural,24,mujer,34,255,13.333333333333334
2024,21202,rural,25,hombre,26,212,12.264150943396226
2024,21202,rural,25,mujer,41,217,18.89400921658986
2024,21202,rural,26,hombre,35,201,17.412935323383085
2024,21202,rural,26,mujer,28,226,12.389380530973451
2024,21202,rural,27,hombre,29,196,14.795918367346939
2024,21202,rural,27,mujer,32,207,15.458937198067632
2024,21202,rural,28,hombre,19,199,9.547738693467336
2024,21202,rural,28,mujer,23,217,10.599078341013826
2024,21202,urbana,16,hombre,35,87,40.229885057471265
2024,21202,urbana,16,mujer,40,106,37.735849056603776
2024,21202,urbana,17,hombre,31,86,36.04651162790697
2024,21202,urbana,17,mujer,42,91,46.15384615384615
2024,21202,urbana,18,hombre,26,72,36.111111111111114
2024,21202,urbana,18,mujer,38,96,39.583333333333336
2024,21202,urbana,19,hombre,42,76,55.26315789473684
2024,21202,urbana,19,mujer,33,91,36.26373626373626
2024,21202,urbana,20,hombre,32,84,38.095238095238095
2024,21202,urbana,20,mujer,39,94,41.48936170212766
2024,21202,urbana,21,hombre,24,64,37.5
2024,21202,urbana,21,mujer,36,89,40.449438202247194
2024,21202,urbana,22,hombre,31,78,39.743589743589745
2024,21202,urbana,22,mujer,51,111,45.945945945945944
2024,21202,urbana,23,hombre,41,87,47.12643678160919
2024,21202,urbana,23,mujer,41,99,41.41414141414141
2024,21202,urbana,24,hombre,43,90,47.77777777777778
2024,21202,urbana,24,mujer,51,100,51.0
2024,21202,urbana,25,hombre,47,111,42.34234234234234
2024,21202,urbana,25,mujer,35,89,39.325842696629216
2024,21202,urbana,26,hombre,41,88,46.59090909090909
2024,21202,urbana,26,mujer,42,87,48.275862068965516
2024,21202,urbana,27,hombre,40,80,50.0
2024,21202,urbana,27,mujer,57,97,58.76288659793814
2024,21202,urbana,28,hombre,48,99,48.484848484848484
2024,21202,urbana,28,mujer,40,93,43.01075268817204
2024,21203,rural,16,hombre,19,120,15.833333333333334
2024,21203,rural,16,mujer,12,113,10.619469026548673
2024,21203,rural,17,hombre,11,106,10.377358490566039
2024,21203,rural,17,mujer,19,132,14.393939393939394
2024,21203,rural,18,hombre,13,130,10.0
2024,21203,rural,18,mujer,13,130,10.0
2024,21203,rural,19,hombre,7,99,7.070707070707071
2024,21203,rural,19,mujer,11,106,10.377358490566039
2024,21203,rural,20,hombre,10,105,9.523809523809524
2024,21203,rural,20,mujer,15,103,14.563106796116505
2024,21203,rural,21,hombre,11,96,11.458333333333334
2024,21203,rural,21,mujer,13,98,13.26530612244898
2024,21203,rural,22,hombre,19,124,15.32258064516129
2024,21203,rural,22,mujer,17,143,11.888111888111888
2024,21203,rural,23,hombre,20,142,14.084507042253522
2024,21203,rural,23,mujer,31,140,22.142857142857142
2024,21203,rural,24,hombre,19,123,15.447154471544716
2024,21203,rural,24,mujer,21,141,14.893617021276595
2024,21203,rural,25,hombre,18,127,14.173228346456693
2024,21203,rural,25,mujer,9,135,6.666666666666667
2024,21203,rural,26,hombre,20,127,15.748031496062993
2024,21203,rural,26,mujer,26,147,17.687074829931973
2024,21203,rural,27,hombre,10,120,8.333333333333334
2024,21203,rural,27,mujer,21,146,14.383561643835616
2024,21203,rural,28,hombre,23,148,15.54054054054054
2024,21203,rural,28,mujer,21,123,17.073170731707318
2024,21203,urbana,16,hombre,1,22,4.545454545454546
2024,21203,urbana,16,mujer,1,18,5.555555555555555
2024,21203,urbana,17,hombre,3,23,13.043478260869565
2024,21203,urbana,17,mujer,6,20,30.0
2024,21203,urbana,18,hombre,1,13,7.6923076923076925
2024,21203,urbana,18,mujer,3,20,15.0
2024,21203,urbana,19,hombre,1,14,7.142857142857143
2024,21203,urbana,19,mujer,4,27,14.814814814814815
2024,21203,urbana,20,hombre,3,25,12.0
2024,21203,urbana,20,mujer,5,21,23.80952380952381
2024,21203,urbana,21,hombre,5,26,19.23076923076923
2024,21203,urbana,21,mujer,4,28,14.285714285714286
2024,21203,urbana,22,hombre,1,12,8.333333333333334
2024,21203,urbana,22,mujer,3,25,12.0
2024,21203,urbana,23,hombre,4,32,12.5
2024,21203,urbana,23,mujer,5,22,22.727272727272727
2024,21203,urbana,24,hombre,3,20,15.0
2024,21203,urbana,24,mujer,5,41,12.195121951219512
2024,21203,urbana,25,hombre,3,23,13.043478260869565
2024,21203,urbana,25,mujer,0,28,0.0
2024,21203,urbana,26,hombre,7,32,21.875
2024,21203,urbana,26,mujer,3,23,13.043478260869565
2024,21203,urbana,27,hombre,2,16,12.5
2024,21203,urbana,27,mujer,5,33,15.151515151515152
2024,21203,urbana,28,hombre,0,16,0.0
2024,21203,urbana,28,mujer,5,28,17.857142857142858
2024,21204,rural,16,hombre,8,55,14.545454545454545
2024,21204,rural,16,mujer,5,39,12.820512820512821
2024,21204,rural,17,hombre,7,43,16.27906976744186
2024,21204,rural,17,mujer,6,42,14.285714285714286
2024,21204,rural,18,hombre,2,35,5.714285714285714
2024,21204,rural,18,mujer,6,42,14.285714285714286
2024,21204,rural,19,hombre,7,52,13.461538461538462
2024,21204,rural,19,mujer,4,57,7.017543859649122
2024,21204,rural,20,hombre,4,35,11.428571428571429
2024,21204,rural,20,mujer,12,55,21.818181818181817
2024,21204,rural,21,hombre,5,46,10.869565217391305
2024,21204,rural,21,mujer,7,55,12.727272727272727
2024,21204,rural,22,hombre,7,47,14.893617021276595
2024,21204,rural,22,mujer,12,55,21.818181818181817
2024,21204,rural,23,hombre,9,61,14.754098360655737
2024,21204,rural,23,mujer,8,47,17.02127659574468
2024,21204,rural,24,hombre,4,58,6.896551724137931
2024,21204,rural,24,mujer,3,57,5.2631578947368425
2024,21204,rural,25,hombre,7,60,11.666666666666666
2024,21204,rural,25,mujer,9,61,14.754098360655737
2024,21204,rural,26,hombre,7,65,10.76923076923077
2024,21204,rural,26,mujer,6,63,9.523809523809524
2024,21204,rural,27,hombre,8,59,13.559322033898304
2024,21204,rural,27,mujer,16,66,24.242424242424242
2024,21204,rural,28,hombre,4,52,7.6923076923076925
2024,21204,rural,28,mujer,7,60,11.666666666666666
2024,21301,rural,16,hombre,11,166,6.626506024096385
2024,21301,rural,16,mujer,20,181,11.049723756906078
2024,21301,rural,17,hombre,10,178,5.617977528089888
2024,21301,rural,17,mujer,10,171,5.847953216374269
2024,21301,rural,18,hombre,15,151,9.933774834437086
2024,21301,rural,18,mujer,20,157,12.738853503184714
2024,21301,rural,19,hombre,15,162,9.25925925925926
2024,21301,rural,19,mujer,19,177,10.734463276836157
2024,21301,rural,20,hombre,21,194,10.824742268041238
2024,21301,rural,20,mujer,21,168,12.5
2024,21301,rural,21,hombre,24,222,10.81081081081081
2024,21301,rural,21,mujer,25,197,12.690355329949238
2024,21301,rural,22,hombre,21,201,10.447761194029852
2024,21301,rural,22,mujer,20,189,10.582010582010582
2024,21301,rural,23,hombre,20,217,9.216589861751151
2024,21301,rural,23,mujer,31,192,16.145833333333332
2024,21301,rural,24,hombre,17,199,8.542713567839195
2024,21301,rural,24,mujer,22,183,12.021857923497267
2024,21301,rural,25,hombre,22,196,11.224489795918368
2024,21301,rural,25,mujer,23,185,12.432432432432432
2024,21301,rural,26,hombre,25,219,11.415525114155251
2024,21301,rural,26,mujer,27,178,15.168539325842696
2024,21301,rural,27,hombre,15,181,8.287292817679559
2024,21301,rural,27,mujer,28,183,15.300546448087431
2024,21301,rural,28,hombre,22,189,11.640211640211641
2024,21301,rural,28,mujer,20,163,12.269938650306749
2024,21301,urbana,16,hombre,5,68,7.352941176470588
2024,21301,urbana,16,mujer,6,97,6.185567010309279
2024,21301,urbana,17,hombre,9,77,11.688311688311689
2024,21301,urbana,17,mujer,4,68,5.882352941176471
2024,21301,urbana,18,hombre,11,74,14.864864864864865
2024,21301,urbana,18,mujer,10,89,11.235955056179776
2024,21301,urbana,19,hombre,9,79,11.39240506329114
2024,21301,urbana,19,mujer,16,88,18.181818181818183
2024,21301,urbana,20,hombre,15,90,16.666666666666668
2024,21301,urbana,20,mujer,22,101,21.782178217821784
2024,21301,urbana,21,hombre,9,76,11.842105263157896
2024,21301,urbana,21,mujer,18,98,18.367346938775512
2024,21301,urbana,22,hombre,13,100,13.0
2024,21301,urbana,22,mujer,19,100,19.0
2024,21301,urbana,23,hombre,11,102,10.784313725490197
2024,21301,urbana,23,mujer,22,121,18.181818181818183
2024,21301,urbana,24,hombre,22,95,23.157894736842106
2024,21301,urbana,24,mujer,24,120,20.0
2024,21301,urbana,25,hombre,13,91,14.285714285714286
2024,21301,urbana,25,mujer,17,86,19.767441860465116
2024,21301,urbana,26,hombre,16,75,21.333333333333332
2024,21301,urbana,26,mujer,12,84,14.285714285714286
2024,21301,urbana,27,hombre,17,102,16.666666666666668
2024,21301,urbana,27,mujer,15,89,16.853932584269664
2024,21301,urbana,28,hombre,12,88,13.636363636363637
2024,21301,urbana,28,mujer,18,115,15.652173913043478
2024,21302,rural,16,hombre,7,65,10.76923076923077
2024,21302,rural,16,mujer,7,61,11.475409836065573
2024,21302,rural,17,hombre,10,53,18.867924528301888
2024,21302,rural,17,mujer,8,61,13.114754098360656
2024,21302,rural,18,hombre,11,49,22.448979591836736
2024,21302,rural,18,mujer,7,53,13.20754716981132
2024,21302,rural,19,hombre,8,43,18.6046511627907
2024,21302,rural,19,mujer,10,49,20.408163265306122
2024,21302,rural,20,hombre,10,54,18.51851851851852
2024,21302,rural,20,mujer,8,62,12.903225806451612
2024,21302,rural,21,hombre,6,45,13.333333333333334
2024,21302,rural,21,mujer,20,56,35.714285714285715
2024,21302,rural,22,hombre,8,49,16.3265306122449
2024,21302,rural,22,mujer,12,53,22.641509433962263
2024,21302,rural,23,hombre,9,60,15.0
2024,21302,rural,23,mujer,15,61,24.59016393442623
2024,21302,rural,24,hombre,14,66,21.21212121212121
2024,21302,rural,24,mujer,5,42,11.904761904761905
2024,21302,rural,25,hombre,9,50,18.0
2024,21302,rural,25,mujer,16,49,32.6530612244898
2024,21302,rural,26,hombre,9,50,18.0
2024,21302,rural,26,mujer,11,42,26.19047619047619
2024,21302,rural,27,hombre,4,45,8.88888888888889
2024,21302,rural,27,mujer,6,50,12.0
2024,21302,rural,28,hombre,7,47,14.893617021276595
2024,21302,rural,28,mujer,8,47,17.02127659574468
2024,21303,rural,16,hombre,9,101,8.910891089108912
2024,21303,rural,16,mujer,11,82,13.414634146341463
2024,21303,rural,17,hombre,9,83,10.843373493975903
2024,21303,rural,17,mujer,9,76,11.842105263157896
2024,21303,rural,18,hombre,3,65,4.615384615384615
2024,21303,rural,18,mujer,11,94,11.702127659574469
2024,21303,rural,19,hombre,9,89,10.112359550561798
2024,21303,rural,19,mujer,13,89,14.606741573033707
2024,21303,rural,20,hombre,8,76,10.526315789473685
2024,21303,rural,20,mujer,15,76,19.736842105263158
2024,21303,rural,21,hombre,16,90,17.77777777777778
2024,21303,rural,21,mujer,11,86,12.790697674418604
2024,21303,rural,22,hombre,12,105,11.428571428571429
2024,21303,rural,22,mujer,12,87,13.793103448275861
2024,21303,rural,23,hombre,12,107,11.214953271028037
2024,21303,rural,23,mujer,7,78,8.974358974358974
2024,21303,rural,24,hombre,11,99,11.11111111111111
2024,21303,rural,24,mujer,13,93,13.978494623655914
2024,21303,rural,25,hombre,12,94,12.76595744680851
2024,21303,rural,25,mujer,14,88,15.909090909090908
2024,21303,rural,26,hombre,14,89,15.730337078651685
2024,21303,rural,26,mujer,10,92,10.869565217391305
2024,21303,rural,27,hombre,14,106,13.20754716981132
2024,21303,rural,27,mujer,8,69,11.594202898550725
2024,21303,rural,28,hombre,8,80,10.0
2024,21303,rural,28,mujer,14,85,16.470588235294116
2024,21304,rural,16,hombre,13,125,10.4
2024,21304,rural,16,mujer,11,117,9.401709401709402
2024,21304,rural,17,hombre,10,113,8.849557522123893
2024,21304,rural,17,mujer,8,115,6.956521739130435
2024,21304,rural,18,hombre,9,73,12.32876712328767
2024,21304,rural,18,mujer,13,118,11.016949152542374
2024,21304,rural,19,hombre,14,100,14.0
2024,21304,rural,19,mujer,20,103,19.41747572815534
2024,21304,rural,20,hombre,10,124,8.064516129032258
2024,21304,rural,20,mujer,9,100,9.0
2024,21304,rural,21,hombre,14,108,12.962962962962964
2024,21304,rural,21,mujer,17,114,14.912280701754385
2024,21304,rural,22,hombre,9,108,8.333333333333334
2024,21304,rural,22,mujer,16,102,15.686274509803921
2024,21304,rural,23,hombre,10,130,7.6923076923076925
2024,21304,rural,23,mujer,14,122,11.475409836065573
2024,21304,rural,24,hombre,13,114,11.403508771929825
2024,21304,rural,24,mujer,19,115,16.52173913043478
2024,21304,rural,25,hombre,13,111,11.711711711711711
2024,21304,rural,25,mujer,20,122,16.39344262295082
2024,21304,rural,26,hombre,13,113,11.504424778761061
2024,21304,rural,26,mujer,18,118,15.254237288135593
2024,21304,rural,27,hombre,10,116,8.620689655172415
2024,21304,rural,27,mujer,18,102,17.647058823529413
2024,21304,rural,28,hombre,13,111,11.711711711711711
2024,21304,rural,28,mujer,14,104,13.461538461538462
2024,21305,rural,16,hombre,13,101,12.871287128712872
2024,21305,rural,16,mujer,10,89,11.235955056179776
2024,21305,rural,17,hombre,6,95,6.315789473684211
2024,21305,rural,17,mujer,8,95,8.421052631578947
2024,21305,rural,18,hombre,5,59,8.474576271186441
2024,21305,rural,18,mujer,10,78,12.820512820512821
2024,21305,rural,19,hombre,4,51,7.8431372549019605
2024,21305,rural,19,mujer,10,90,11.11111111111111
2024,21305,rural,20,hombre,8,85,9.411764705882353
2024,21305,rural,20,mujer,11,94,11.702127659574469
2024,21305,rural,21,hombre,7,86,8.13953488372093
2024,21305,rural,21,mujer,11,79,13.924050632911392
2024,21305,rural,22,hombre,7,88,7.954545454545454
2024,21305,rural,22,mujer,11,89,12.359550561797754
2024,21305,rural,23,hombre,19,90,21.11111111111111
2024,21305,rural,23,mujer,18,88,20.454545454545453
2024,21305,rural,24,hombre,9,81,11.11111111111111
2024,21305,rural,24,mujer,5,91,5.4945054945054945
2024,21305,rural,25,hombre,9,87,10.344827586206897
2024,21305,rural,25,mujer,5,69,7.246376811594203
2024,21305,rural,26,hombre,5,72,6.944444444444445
2024,21305,rural,26,mujer,9,71,12.67605633802817
2024,21305,rural,27,hombre,8,83,9.63855421686747
2024,21305,rural,27,mujer,9,77,11.688311688311689
2024,21305,rural,28,hombre,11,64,17.1875
2024,21305,rural,28,mujer,9,76,11.842105263157896
2024,21305,urbana,16,hombre,11,133,8.270676691729323
2024,21305,urbana,16,mujer,15,124,12.096774193548388
2024,21305,urbana,17,hombre,25,143,17.482517482517483
2024,21305,urbana,17,mujer,17,116,14.655172413793103
2024,21305,urbana,18,hombre,62,155,40.0
2024,21305,urbana,18,mujer,18,145,12.413793103448276
2024,21305,urbana,19,hombre,48,146,32.87671232876713
2024,21305,urbana,19,mujer,20,119,16.80672268907563
2024,21305,urbana,20,hombre,26,141,18.43971631205674
2024,21305,urbana,20,mujer,23,153,15.032679738562091
2024,21305,urbana,21,hombre,30,134,22.388059701492537
2024,21305,urbana,21,mujer,26,107,24.299065420560748
2024,21305,urbana,22,hombre,27,136,19.852941176470587
2024,21305,urbana,22,mujer,27,126,21.428571428571427
2024,21305,urbana,23,hombre,39,128,30.46875
2024,21305,urbana,23,mujer,21,141,14.893617021276595
2024,21305,urbana,24,hombre,38,147,25.85034013605442
2024,21305,urbana,24,mujer,27,144,18.75
2024,21305,urbana,25,hombre,26,114,22.80701754385965
2024,21305,urbana,25,mujer,21,110,19.09090909090909
2024,21305,urbana,26,hombre,43,133,32.330827067669176
2024,21305,urbana,26,mujer,36,124,29.032258064516128
2024,21305,urbana,27,hombre,39,116,33.62068965517241
2024,21305,urbana,27,mujer,34,166,20.481927710843372
2024,21305,urbana,28,hombre,33,120,27.5
2024,21305,urbana,28,mujer,25,132,18.939393939393938
2024,21306,rural,16,hombre,3,34,8.823529411764707
2024,21306,rural,16,mujer,7,34,20.58823529411765
2024,21306,rural,17,hombre,3,36,8.333333333333334
2024,21306,rural,17,mujer,3,35,8.571428571428571
2024,21306,rural,18,hombre,3,31,9.67741935483871
2024,21306,rural,18,mujer,2,27,7.407407407407407
2024,21306,rural,19,hombre,1,24,4.166666666666667
2024,21306,rural,19,mujer,4,35,11.428571428571429
2024,21306,rural,20,hombre,0,37,0.0
2024,21306,rural,20,mujer,4,33,12.121212121212121
2024,21306,rural,21,hombre,1,32,3.125
2024,21306,rural,21,mujer,5,40,12.5
2024,21306,rural,22,hombre,3,33,9.090909090909092
2024,21306,rural,22,mujer,5,37,13.513513513513514
2024,21306,rural,23,hombre,5,39,12.820512820512821
2024,21306,rural,23,mujer,9,51,17.647058823529413
2024,21306,rural,24,hombre,3,32,9.375
2024,21306,rural,24,mujer,3,33,9.090909090909092
2024,21306,rural,25,hombre,2,41,4.878048780487805
2024,21306,rural,25,mujer,4,37,10.81081081081081
2024,21306,rural,26,hombre,3,30,10.0
2024,21306,rural,26,mujer,7,35,20.0
2024,21306,rural,27,hombre,4,28,14.285714285714286
2024,21306,rural,27,mujer,4,44,9.090909090909092
2024,21306,rural,28,hombre,3,28,10.714285714285714
2024,21306,rural,28,mujer,3,45,6.666666666666667
2024,21306,urbana,16,hombre,2,61,3.278688524590164
2024,21306,urbana,16,mujer,2,65,3.076923076923077
2024,21306,urbana,17,hombre,0,59,0.0
2024,21306,urbana,17,mujer,2,51,3.9215686274509802
2024,21306,urbana,18,hombre,1,47,2.127659574468085
2024,21306,urbana,18,mujer,2,63,3.1746031746031744
2024,21306,urbana,19,hombre,1,43,2.3255813953488373
2024,21306,urbana,19,mujer,4,59,6.779661016949152
2024,21306,urbana,20,hombre,1,57,1.7543859649122806
2024,21306,urbana,20,mujer,3,66,4.545454545454546
2024,21306,urbana,21,hombre,3,56,5.357142857142857
2024,21306,urbana,21,mujer,6,60,10.0
2024,21306,urbana,22,hombre,3,48,6.25
2024,21306,urbana,22,mujer,9,76,11.842105263157896
2024,21306,urbana,23,hombre,2,77,2.5974025974025974
2024,21306,urbana,23,mujer,4,82,4.878048780487805
2024,21306,urbana,24,hombre,5,75,6.666666666666667
2024,21306,urbana,24,mujer,2,72,2.7777777777777777
2024,21306,urbana,25,hombre,3,78,3.8461538461538463
2024,21306,urbana,25,mujer,2,83,2.4096385542168677
2024,21306,urbana,26,hombre,3,67,4.477611940298507
2024,21306,urbana,26,mujer,5,64,7.8125
2024,21306,urbana,27,hombre,5,68,7.352941176470588
2024,21306,urbana,27,mujer,1,70,1.4285714285714286
2024,21306,urbana,28,hombre,5,76,6.578947368421052
2024,21306,urbana,28,mujer,3,70,4.285714285714286
2024,21307,rural,16,hombre,1,13,7.6923076923076925
2024,21307,rural,16,mujer,2,11,18.181818181818183
2024,21307,rural,17,hombre,0,15,0.0
2024,21307,rural,17,mujer,1,8,12.5
2024,21307,rural,18,hombre,0,10,0.0
2024,21307,rural,18,mujer,1,9,11.11111111111111
2024,21307,rural,19,hombre,1,12,8.333333333333334
2024,21307,rural,19,mujer,0,8,0.0
2024,21307,rural,20,hombre,1,17,5.882352941176471
2024,21307,rural,20,mujer,2,13,15.384615384615385
2024,21307,rural,21,hombre,1,15,6.666666666666667
2024,21307,rural,21,mujer,0,11,0.0
2024,21307,rural,22,hombre,0,7,0.0
2024,21307,rural,22,mujer,2,13,15.384615384615385
2024,21307,rural,23,hombre,1,22,4.545454545454546
2024,21307,rural,23,mujer,2,12,16.666666666666668
2024,21307,rural,24,hombre,0,14,0.0
2024,21307,rural,24,mujer,0,13,0.0
2024,21307,rural,25,hombre,1,17,5.882352941176471
2024,21307,rural,25,mujer,2,14,14.285714285714286
2024,21307,rural,26,hombre,0,14,0.0
2024,21307,rural,26,mujer,1,9,11.11111111111111
2024,21307,rural,27,hombre,2,16,12.5
2024,21307,rural,27,mujer,2,13,15.384615384615385
2024,21307,rural,28,hombre,2,17,11.764705882352942
2024,21307,rural,28,mujer,0,12,0.0
2024,21307,urbana,16,hombre,3,14,21.428571428571427
2024,21307,urbana,16,mujer,3,21,14.285714285714286
2024,21307,urbana,17,hombre,2,26,7.6923076923076925
2024,21307,urbana,17,mujer,3,28,10.714285714285714
2024,21307,urbana,18,hombre,3,36,8.333333333333334
2024,21307,urbana,18,mujer,3,23,13.043478260869565
2024,21307,urbana,19,hombre,4,22,18.181818181818183
2024,21307,urbana,19,mujer,4,22,18.181818181818183
2024,21307,urbana,20,hombre,2,30,6.666666666666667
2024,21307,urbana,20,mujer,5,31,16.129032258064516
2024,21307,urbana,21,hombre,6,31,19.35483870967742
2024,21307,urbana,21,mujer,5,28,17.857142857142858
2024,21307,urbana,22,hombre,5,27,18.51851851851852
2024,21307,urbana,22,mujer,5,25,20.0
2024,21307,urbana,23,hombre,6,32,18.75
2024,21307,urbana,23,mujer,4,40,10.0
2024,21307,urbana,24,hombre,7,31,22.580645161290324
2024,21307,urbana,24,mujer,7,30,23.333333333333332
2024,21307,urbana,25,hombre,4,26,15.384615384615385
2024,21307,urbana,25,mujer,4,34,11.764705882352942
2024,21307,urbana,26,hombre,8,30,26.666666666666668
2024,21307,urbana,26,mujer,1,24,4.166666666666667
2024,21307,urbana,27,hombre,4,38,10.526315789473685
2024,21307,urbana,27,mujer,6,41,14.634146341463415
2024,21307,urbana,28,hombre,4,26,15.384615384615385
2024,21307,urbana,28,mujer,5,34,14.705882352941176
2024,21401,rural,16,hombre,42,189,22.22222222222222
2024,21401,rural,16,mujer,32,200,16.0
2024,21401,rural,17,hombre,41,223,18.385650224215247
2024,21401,rural,17,mujer,43,190,22.63157894736842
2024,21401,rural,18,hombre,65,231,28.138528138528137
2024,21401,rural,18,mujer,63,239,26.359832635983263
2024,21401,rural,19,hombre,43,217,19.81566820276498
2024,21401,rural,19,mujer,68,241,28.21576763485477
2024,21401,rural,20,hombre,55,243,22.633744855967077
2024,21401,rural,20,mujer,50,221,22.624434389140273
2024,21401,rural,21,hombre,54,220,24.545454545454547
2024,21401,rural,21,mujer,66,206,32.03883495145631
2024,21401,rural,22,hombre,64,246,26.016260162601625
2024,21401,rural,22,mujer,75,230,32.608695652173914
2024,21401,rural,23,hombre,76,275,27.636363636363637
2024,21401,rural,23,mujer,70,249,28.11244979919679
2024,21401,rural,24,hombre,61,262,23.282442748091604
2024,21401,rural,24,mujer,59,255,23.137254901960784
2024,21401,rural,25,hombre,55,252,21.825396825396826
2024,21401,rural,25,mujer,59,243,24.279835390946502
2024,21401,rural,26,hombre,40,214,18.69158878504673
2024,21401,rural,26,mujer,52,207,25.120772946859905
2024,21401,rural,27,hombre,60,236,25.423728813559322
2024,21401,rural,27,mujer,46,200,23.0
2024,21401,rural,28,hombre,51,211,24.170616113744074
2024,21401,rural,28,mujer,40,184,21.73913043478261
2024,21401,urbana,16,hombre,4,17,23.529411764705884
2024,21401,urbana,16,mujer,2,14,14.285714285714286
2024,21401,urbana,17,hombre,2,17,11.764705882352942
2024,21401,urbana,17,mujer,2,19,10.526315789473685
2024,21401,urbana,18,hombre,1,14,7.142857142857143
2024,21401,urbana,18,mujer,2,22,9.090909090909092
2024,21401,urbana,19,hombre,5,16,31.25
2024,21401,urbana,19,mujer,3,16,18.75
2024,21401,urbana,20,hombre,0,16,0.0
2024,21401,urbana,20,mujer,5,29,17.24137931034483
2024,21401,urbana,21,hombre,2,12,16.666666666666668
2024,21401,urbana,21,mujer,8,25,32.0
2024,21401,urbana,22,hombre,8,24,33.333333333333336
2024,21401,urbana,22,mujer,3,17,17.647058823529413
2024,21401,urbana,23,hombre,6,24,25.0
2024,21401,urbana,23,mujer,2,16,12.5
2024,21401,urbana,24,hombre,3,21,14.285714285714286
2024,21401,urbana,24,mujer,7,23,30.434782608695652
2024,21401,urbana,25,hombre,5,14,35.714285714285715
2024,21401,urbana,25,mujer,10,34,29.41176470588235
2024,21401,urbana,26,hombre,9,24,37.5
2024,21401,urbana,26,mujer,7,20,35.0
2024,21401,urbana,27,hombre,6,15,40.0
2024,21401,urbana,27,mujer,7,27,25.925925925925927
2024,21401,urbana,28,hombre,5,15,33.333333333333336
2024,21401,urbana,28,mujer,3,15,20.0
2024,21402,rural,16,hombre,11,175,6.285714285714286
2024,21402,rural,16,mujer,15,176,8.522727272727273
2024,21402,rural,17,hombre,12,167,7.18562874251497
2024,21402,rural,17,mujer,14,178,7.865168539325842
2024,21402,rural,18,hombre,15,152,9.868421052631579
2024,21402,rural,18,mujer,21,175,12.0
2024,21402,rural,19,hombre,23,164,14.024390243902438
2024,21402,rural,19,mujer,19,156,12.179487179487179
2024,21402,rural,20,hombre,29,179,16.201117318435752
2024,21402,rural,20,mujer,15,161,9.316770186335404
2024,21402,rural,21,hombre,26,175,14.857142857142858
2024,21402,rural,21,mujer,19,135,14.074074074074074
2024,21402,rural,22,hombre,41,191,21.465968586387433
2024,21402,rural,22,mujer,15,117,12.820512820512821
2024,21402,rural,23,hombre,34,164,20.73170731707317
2024,21402,rural,23,mujer,30,191,15.706806282722512
2024,21402,rural,24,hombre,38,212,17.92452830188679
2024,21402,rural,24,mujer,31,186,16.666666666666668
2024,21402,rural,25,hombre,31,182,17.032967032967033
2024,21402,rural,25,mujer,25,198,12.626262626262626
2024,21402,rural,26,hombre,32,189,16.93121693121693
2024,21402,rural,26,mujer,28,185,15.135135135135135
2024,21402,rural,27,hombre,28,169,16.568047337278106
2024,21402,rural,27,mujer,25,184,13.58695652173913
2024,21402,rural,28,hombre,30,171,17.54385964912281
2024,21402,rural,28,mujer,22,184,11.956521739130435
2024,21402,urbana,16,hombre,3,25,12.0
2024,21402,urbana,16,mujer,5,33,15.151515151515152
2024,21402,urbana,17,hombre,5,35,14.285714285714286
2024,21402,urbana,17,mujer,3,19,15.789473684210526
2024,21402,urbana,18,hombre,3,20,15.0
2024,21402,urbana,18,mujer,5,30,16.666666666666668
2024,21402,urbana,19,hombre,1,19,5.2631578947368425
2024,21402,urbana,19,mujer,3,15,20.0
2024,21402,urbana,20,hombre,4,28,14.285714285714286
2024,21402,urbana,20,mujer,2,22,9.090909090909092
2024,21402,urbana,21,hombre,4,20,20.0
2024,21402,urbana,21,mujer,4,17,23.529411764705884
2024,21402,urbana,22,hombre,3,13,23.076923076923077
2024,21402,urbana,22,mujer,2,18,11.11111111111111
2024,21402,urbana,23,hombre,4,26,15.384615384615385
2024,21402,urbana,23,mujer,3,24,12.5
2024,21402,urbana,24,hombre,1,25,4.0
2024,21402,urbana,24,mujer,6,24,25.0
2024,21402,urbana,25,hombre,3,17,17.647058823529413
2024,21402,urbana,25,mujer,3,17,17.647058823529413
2024,21402,urbana,26,hombre,7,18,38.888888888888886
2024,21402,urbana,26,mujer,2,21,9.523809523809524
2024,21402,urbana,27,hombre,4,17,23.529411764705884
2024,21402,urbana,27,mujer,4,22,18.181818181818183
2024,21402,urbana,28,hombre,5,25,20.0
2024,21402,urbana,28,mujer,5,20,25.0
2024,21501,rural,16,hombre,14,67,20.895522388059703
2024,21501,rural,16,mujer,8,64,12.5
2024,21501,rural,17,hombre,13,63,20.634920634920636
2024,21501,rural,17,mujer,18,60,30.0
2024,21501,rural,18,hombre,23,58,39.6551724137931
2024,21501,rural,18,mujer,6,56,10.714285714285714
2024,21501,rural,19,hombre,16,52,30.76923076923077
2024,21501,rural,19,mujer,12,45,26.666666666666668
2024,21501,rural,20,hombre,20,73,27.397260273972602
2024,21501,rural,20,mujer,19,59,32.20338983050848
2024,21501,rural,21,hombre,24,73,32.87671232876713
2024,21501,rural,21,mujer,17,49,34.69387755102041
2024,21501,rural,22,hombre,23,71,32.394366197183096
2024,21501,rural,22,mujer,12,40,30.0
2024,21501,rural,23,hombre,31,79,39.24050632911393
2024,21501,rural,23,mujer,16,61,26.229508196721312
2024,21501,rural,24,hombre,35,87,40.229885057471265
2024,21501,rural,24,mujer,16,69,23.18840579710145
2024,21501,rural,25,hombre,29,73,39.726027397260275
2024,21501,rural,25,mujer,14,65,21.53846153846154
2024,21501,rural,26,hombre,25,79,31.645569620253166
2024,21501,rural,26,mujer,10,45,22.22222222222222
2024,21501,rural,27,hombre,30,84,35.714285714285715
2024,21501,rural,27,mujer,14,53,26.41509433962264
2024,21501,rural,28,hombre,28,77,36.36363636363637
2024,21501,rural,28,mujer,12,44,27.272727272727273
2024,21501,urbana,16,hombre,8,48,16.666666666666668
2024,21501,urbana,16,mujer,8,45,17.77777777777778
2024,21501,urbana,17,hombre,8,40,20.0
2024,21501,urbana,17,mujer,8,42,19.047619047619047
2024,21501,urbana,18,hombre,18,52,34.61538461538461
2024,21501,urbana,18,mujer,3,24,12.5
2024,21501,urbana,19,hombre,16,37,43.24324324324324
2024,21501,urbana,19,mujer,5,27,18.51851851851852
2024,21501,urbana,20,hombre,13,28,46.42857142857143
2024,21501,urbana,20,mujer,6,21,28.571428571428573
2024,21501,urbana,21,hombre,16,41,39.02439024390244
2024,21501,urbana,21,mujer,4,23,17.391304347826086
2024,21501,urbana,22,hombre,12,35,34.285714285714285
2024,21501,urbana,22,mujer,4,26,15.384615384615385
2024,21501,urbana,23,hombre,16,39,41.02564102564103
2024,21501,urbana,23,mujer,15,35,42.857142857142854
2024,21501,urbana,24,hombre,17,44,38.63636363636363
2024,21501,urbana,24,mujer,11,47,23.404255319148938
2024,21501,urbana,25,hombre,20,42,47.61904761904762
2024,21501,urbana,25,mujer,11,35,31.428571428571427
2024,21501,urbana,26,hombre,14,33,42.42424242424242
2024,21501,urbana,26,mujer,15,38,39.473684210526315
2024,21501,urbana,27,hombre,22,44,50.0
2024,21501,urbana,27,mujer,17,45,37.77777777777778
2024,21501,urbana,28,hombre,16,44,36.36363636363637
2024,21501,urbana,28,mujer,12,38,31.57894736842105
2024,21502,rural,16,hombre,6,60,10.0
2024,21502,rural,16,mujer,10,71,14.084507042253522
2024,21502,rural,17,hombre,1,37,2.7027027027027026
2024,21502,rural,17,mujer,6,39,15.384615384615385
2024,21502,rural,18,hombre,3,28,10.714285714285714
2024,21502,rural,18,mujer,9,45,20.0
2024,21502,rural,19,hombre,6,28,21.428571428571427
2024,21502,rural,19,mujer,6,47,12.76595744680851
2024,21502,rural,20,hombre,6,36,16.666666666666668
2024,21502,rural,20,mujer,2,24,8.333333333333334
2024,21502,rural,21,hombre,5,36,13.88888888888889
2024,21502,rural,21,mujer,3,33,9.090909090909092
2024,21502,rural,22,hombre,7,39,17.94871794871795
2024,21502,rural,22,mujer,6,38,15.789473684210526
2024,21502,rural,23,hombre,8,50,16.0
2024,21502,rural,23,mujer,10,43,23.25581395348837
2024,21502,rural,24,hombre,17,66,25.757575757575758
2024,21502,rural,24,mujer,10,43,23.25581395348837
2024,21502,rural,25,hombre,14,53,26.41509433962264
2024,21502,rural,25,mujer,9,40,22.5
2024,21502,rural,26,hombre,12,40,30.0
2024,21502,rural,26,mujer,12,41,29.26829268292683
2024,21502,rural,27,hombre,7,47,14.893617021276595
2024,21502,rural,27,mujer,6,37,16.216216216216218
2024,21502,rural,28,hombre,13,41,31.70731707317073
2024,21502,rural,28,mujer,7,48,14.583333333333334
2024,21502,urbana,16,hombre,7,41,17.073170731707318
2024,21502,urbana,16,mujer,8,49,16.3265306122449
2024,21502,urbana,17,hombre,6,37,16.216216216216218
2024,21502,urbana,17,mujer,14,59,23.728813559322035
2024,21502,urbana,18,hombre,0,23,0.0
2024,21502,urbana,18,mujer,8,36,22.22222222222222
2024,21502,urbana,19,hombre,2,24,8.333333333333334
2024,21502,urbana,19,mujer,14,35,40.0
2024,21502,urbana,20,hombre,4,28,14.285714285714286
2024,21502,urbana,20,mujer,6,37,16.216216216216218
2024,21502,urbana,21,hombre,9,25,36.0
2024,21502,urbana,21,mujer,3,28,10.714285714285714
2024,21502,urbana,22,hombre,6,27,22.22222222222222
2024,21502,urbana,22,mujer,7,38,18.42105263157895
2024,21502,urbana,23,hombre,11,42,26.19047619047619
2024,21502,urbana,23,mujer,8,38,21.05263157894737
2024,21502,urbana,24,hombre,8,32,25.0
2024,21502,urbana,24,mujer,12,43,27.906976744186046
2024,21502,urbana,25,hombre,5,25,20.0
2024,21502,urbana,25,mujer,10,34,29.41176470588235
2024,21502,urbana,26,hombre,3,29,10.344827586206897
2024,21502,urbana,26,mujer,7,40,17.5
2024,21502,urbana,27,hombre,7,30,23.333333333333332
2024,21502,urbana,27,mujer,9,24,37.5
2024,21502,urbana,28,hombre,10,32,31.25
2024,21502,urbana,28,mujer,12,33,36.36363636363637
2024,21601,rural,16,hombre,12,100,12.0
2024,21601,rural,16,mujer,16,114,14.035087719298245
2024,21601,rural,17,hombre,15,108,13.88888888888889
2024,21601,rural,17,mujer,12,122,9.836065573770492
2024,21601,rural,18,hombre,12,89,13.48314606741573
2024,21601,rural,18,mujer,20,104,19.23076923076923
2024,21601,rural,19,hombre,12,95,12.631578947368421
2024,21601,rural,19,mujer,14,110,12.727272727272727
2024,21601,rural,20,hombre,16,128,12.5
2024,21601,rural,20,mujer,16,121,13.223140495867769
2024,21601,rural,21,hombre,22,96,22.916666666666668
2024,21601,rural,21,mujer,21,105,20.0
2024,21601,rural,22,hombre,19,116,16.379310344827587
2024,21601,rural,22,mujer,20,111,18.01801801801802
2024,21601,rural,23,hombre,16,138,11.594202898550725
2024,21601,rural,23,mujer,25,131,19.083969465648856
2024,21601,rural,24,hombre,24,146,16.438356164383563
2024,21601,rural,24,mujer,19,135,14.074074074074074
2024,21601,rural,25,hombre,20,125,16.0
2024,21601,rural,25,mujer,13,104,12.5
2024,21601,rural,26,hombre,27,139,19.424460431654676
2024,21601,rural,26,mujer,20,113,17.699115044247787
2024,21601,rural,27,hombre,21,123,17.073170731707318
2024,21601,rural,27,mujer,11,109,10.091743119266056
2024,21601,rural,28,hombre,19,124,15.32258064516129
2024,21601,rural,28,mujer,17,91,18.681318681318682
2024,21601,urbana,16,hombre,2,24,8.333333333333334
2024,21601,urbana,16,mujer,0,28,0.0
2024,21601,urbana,17,hombre,2,31,6.451612903225806
2024,21601,urbana,17,mujer,0,14,0.0
2024,21601,urbana,18,hombre,3,32,9.375
2024,21601,urbana,18,mujer,2,27,7.407407407407407
2024,21601,urbana,19,hombre,2,27,7.407407407407407
2024,21601,urbana,19,mujer,3,27,11.11111111111111
2024,21601,urbana,20,hombre,0,21,0.0
2024,21601,urbana,20,mujer,0,18,0.0
2024,21601,urbana,21,hombre,0,19,0.0
2024,21601,urbana,21,mujer,1,15,6.666666666666667
2024,21601,urbana,22,hombre,3,29,10.344827586206897
2024,21601,urbana,22,mujer,1,21,4.761904761904762
2024,21601,urbana,23,hombre,0,18,0.0
2024,21601,urbana,23,mujer,1,23,4.3478260869565215
2024,21601,urbana,24,hombre,5,40,12.5
2024,21601,urbana,24,mujer,1,24,4.166666666666667
2024,21601,urbana,25,hombre,1,24,4.166666666666667
2024,21601,urbana,25,mujer,2,12,16.666666666666668
2024,21601,urbana,26,hombre,2,32,6.25
2024,21601,urbana,26,mujer,4,25,16.0
2024,21601,urbana,27,hombre,1,25,4.0
2024,21601,urbana,27,mujer,0,28,0.0
2024,21601,urbana,28,hombre,4,22,18.181818181818183
2024,21601,urbana,28,mujer,0,22,0.0
2024,21602,rural,16,hombre,4,70,5.714285714285714
2024,21602,rural,16,mujer,2,38,5.2631578947368425
2024,21602,rural,17,hombre,10,82,12.195121951219512
2024,21602,rural,17,mujer,8,63,12.698412698412698
2024,21602,rural,18,hombre,7,59,11.864406779661017
2024,21602,rural,18,mujer,5,58,8.620689655172415
2024,21602,rural,19,hombre,8,67,11.940298507462687
2024,21602,rural,19,mujer,11,65,16.923076923076923
2024,21602,rural,20,hombre,10,92,10.869565217391305
2024,21602,rural,20,mujer,15,61,24.59016393442623
2024,21602,rural,21,hombre,13,69,18.840579710144926
2024,21602,rural,21,mujer,11,58,18.96551724137931
2024,21602,rural,22,hombre,16,73,21.91780821917808
2024,21602,rural,22,mujer,15,72,20.833333333333332
2024,21602,rural,23,hombre,12,63,19.047619047619047
2024,21602,rural,23,mujer,11,66,16.666666666666668
2024,21602,rural,24,hombre,13,78,16.666666666666668
2024,21602,rural,24,mujer,10,63,15.873015873015873
2024,21602,rural,25,hombre,17,86,19.767441860465116
2024,21602,rural,25,mujer,12,66,18.181818181818183
2024,21602,rural,26,hombre,8,58,13.793103448275861
2024,21602,rural,26,mujer,9,51,17.647058823529413
2024,21602,rural,27,hombre,14,52,26.923076923076923
2024,21602,rural,27,mujer,3,40,7.5
2024,21602,rural,28,hombre,11,63,17.46031746031746
2024,21602,rural,28,mujer,12,65,18.46153846153846
2024,21701,rural,16,hombre,6,94,6.382978723404255
2024,21701,rural,16,mujer,9,92,9.782608695652174
2024,21701,rural,17,hombre,7,79,8.860759493670885
2024,21701,rural,17,mujer,5,65,7.6923076923076925
2024,21701,rural,18,hombre,9,62,14.516129032258064
2024,21701,rural,18,mujer,9,79,11.39240506329114
2024,21701,rural,19,hombre,5,66,7.575757575757576
2024,21701,rural,19,mujer,6,63,9.523809523809524
2024,21701,rural,20,hombre,12,78,15.384615384615385
2024,21701,rural,20,mujer,13,72,18.055555555555557
2024,21701,rural,21,hombre,5,88,5.681818181818182
2024,21701,rural,21,mujer,8,53,15.09433962264151
2024,21701,rural,22,hombre,6,61,9.836065573770492
2024,21701,rural,22,mujer,11,83,13.25301204819277
2024,21701,rural,23,hombre,10,89,11.235955056179776
2024,21701,rural,23,mujer,9,90,10.0
2024,21701,rural,24,hombre,13,74,17.56756756756757
2024,21701,rural,24,mujer,8,67,11.940298507462687
2024,21701,rural,25,hombre,9,70,12.857142857142858
2024,21701,rural,25,mujer,8,79,10.126582278481013
2024,21701,rural,26,hombre,5,61,8.19672131147541
2024,21701,rural,26,mujer,16,99,16.161616161616163
2024,21701,rural,27,hombre,13,79,16.455696202531644
2024,21701,rural,27,mujer,13,82,15.853658536585366
2024,21701,rural,28,hombre,11,72,15.277777777777779
2024,21701,rural,28,mujer,11,69,15.942028985507246
2024,21701,urbana,16,hombre,3,42,7.142857142857143
2024,21701,urbana,16,mujer,5,62,8.064516129032258
2024,21701,urbana,17,hombre,1,53,1.8867924528301887
2024,21701,urbana,17,mujer,10,45,22.22222222222222
2024,21701,urbana,18,hombre,7,52,13.461538461538462
2024,21701,urbana,18,mujer,4,51,7.8431372549019605
2024,21701,urbana,19,hombre,7,52,13.461538461538462
2024,21701,urbana,19,mujer,7,48,14.583333333333334
2024,21701,urbana,20,hombre,4,51,7.8431372549019605
2024,21701,urbana,20,mujer,9,41,21.951219512195124
2024,21701,urbana,21,hombre,4,38,10.526315789473685
2024,21701,urbana,21,mujer,7,44,15.909090909090908
2024,21701,urbana,22,hombre,10,45,22.22222222222222
2024,21701,urbana,22,mujer,12,38,31.57894736842105
2024,21701,urbana,23,hombre,9,44,20.454545454545453
2024,21701,urbana,23,mujer,11,42,26.19047619047619
2024,21701,urbana,24,hombre,9,43,20.930232558139537
2024,21701,urbana,24,mujer,16,50,32.0
2024,21701,urbana,25,hombre,13,46,28.26086956521739
2024,21701,urbana,25,mujer,5,47,10.638297872340425
2024,21701,urbana,26,hombre,12,48,25.0
2024,21701,urbana,26,mujer,11,42,26.19047619047619
2024,21701,urbana,27,hombre,15,59,25.423728813559322
2024,21701,urbana,27,mujer,11,52,21.153846153846153
2024,21701,urbana,28,hombre,13,49,26.53061224489796
2024,21701,urbana,28,mujer,8,44,18.181818181818183
2024,21702,rural,16,hombre,11,55,20.0
2024,21702,rural,16,mujer,6,44,13.636363636363637
2024,21702,rural,17,hombre,18,61,29.508196721311474
2024,21702,rural,17,mujer,6,46,13.043478260869565
2024,21702,rural,18,hombre,64,100,64.0
2024,21702,rural,18,mujer,7,62,11.290322580645162
2024,21702,rural,19,hombre,33,72,45.833333333333336
2024,21702,rural,19,mujer,7,55,12.727272727272727
2024,21702,rural,20,hombre,11,62,17.741935483870968
2024,21702,rural,20,mujer,6,45,13.333333333333334
2024,21702,rural,21,hombre,13,54,24.074074074074073
2024,21702,rural,21,mujer,6,54,11.11111111111111
2024,21702,rural,22,hombre,12,64,18.75
2024,21702,rural,22,mujer,9,48,18.75
2024,21702,rural,23,hombre,18,84,21.428571428571427
2024,21702,rural,23,mujer,12,70,17.142857142857142
2024,21702,rural,24,hombre,5,53,9.433962264150944
2024,21702,rural,24,mujer,14,52,26.923076923076923
2024,21702,rural,25,hombre,12,63,19.047619047619047
2024,21702,rural,25,mujer,15,50,30.0
2024,21702,rural,26,hombre,14,66,21.21212121212121
2024,21702,rural,26,mujer,5,33,15.151515151515152
2024,21702,rural,27,hombre,11,53,20.754716981132077
2024,21702,rural,27,mujer,12,60,20.0
2024,21702,rural,28,hombre,9,42,21.428571428571427
2024,21702,rural,28,mujer,9,53,16.9811320754717
2024,21703,rural,16,hombre,3,39,7.6923076923076925
2024,21703,rural,16,mujer,2,18,11.11111111111111
2024,21703,rural,17,hombre,2,26,7.6923076923076925
2024,21703,rural,17,mujer,5,34,14.705882352941176
2024,21703,rural,18,hombre,5,30,16.666666666666668
2024,21703,rural,18,mujer,3,15,20.0
2024,21703,rural,19,hombre,4,29,13.793103448275861
2024,21703,rural,19,mujer,3,21,14.285714285714286
2024,21703,rural,20,hombre,1,30,3.3333333333333335
2024,21703,rural,20,mujer,3,37,8.108108108108109
2024,21703,rural,21,hombre,7,31,22.580645161290324
2024,21703,rural,21,mujer,2,22,9.090909090909092
2024,21703,rural,22,hombre,0,37,0.0
2024,21703,rural,22,mujer,1,24,4.166666666666667
2024,21703,rural,23,hombre,1,37,2.7027027027027026
2024,21703,rural,23,mujer,1,29,3.4482758620689653
2024,21703,rural,24,hombre,7,35,20.0
2024,21703,rural,24,mujer,5,39,12.820512820512821
2024,21703,rural,25,hombre,6,39,15.384615384615385
2024,21703,rural,25,mujer,2,24,8.333333333333334
2024,21703,rural,26,hombre,2,38,5.2631578947368425
2024,21703,rural,26,mujer,2,33,6.0606060606060606
2024,21703,rural,27,hombre,5,45,11.11111111111111
2024,21703,rural,27,mujer,1,28,3.5714285714285716
2024,21703,rural,28,hombre,3,42,7.142857142857143
2024,21703,rural,28,mujer,2,40,5.0
2024,21703,urbana,16,hombre,1,18,5.555555555555555
2024,21703,urbana,16,mujer,2,29,6.896551724137931
2024,21703,urbana,17,hombre,2,28,7.142857142857143
2024,21703,urbana,17,mujer,5,26,19.23076923076923
2024,21703,urbana,18,hombre,3,40,7.5
2024,21703,urbana,18,mujer,1,22,4.545454545454546
2024,21703,urbana,19,hombre,2,18,11.11111111111111
2024,21703,urbana,19,mujer,1,16,6.25
2024,21703,urbana,20,hombre,1,21,4.761904761904762
2024,21703,urbana,20,mujer,2,21,9.523809523809524
2024,21703,urbana,21,hombre,3,26,11.538461538461538
2024,21703,urbana,21,mujer,2,19,10.526315789473685
2024,21703,urbana,22,hombre,3,30,10.0
2024,21703,urbana,22,mujer,2,19,10.526315789473685
2024,21703,urbana,23,hombre,1,38,2.6315789473684212
2024,21703,urbana,23,mujer,1,28,3.5714285714285716
2024,21703,urbana,24,hombre,3,38,7.894736842105263
2024,21703,urbana,24,mujer,2,31,6.451612903225806
2024,21703,urbana,25,hombre,1,33,3.0303030303030303
2024,21703,urbana,25,mujer,0,32,0.0
2024,21703,urbana,26,hombre,2,30,6.666666666666667
2024,21703,urbana,26,mujer,3,32,9.375
2024,21703,urbana,27,hombre,1,34,2.9411764705882355
2024,21703,urbana,27,mujer,5,19,26.31578947368421
2024,21703,urbana,28,hombre,3,34,8.823529411764707
2024,21703,urbana,28,mujer,0,39,0.0
2024,21801,rural,16,hombre,8,76,10.526315789473685
2024,21801,rural,16,mujer,11,46,23.91304347826087
2024,21801,rural,17,hombre,8,52,15.384615384615385
2024,21801,rural,17,mujer,7,61,11.475409836065573
2024,21801,rural,18,hombre,4,58,6.896551724137931
2024,21801,rural,18,mujer,8,51,15.686274509803921
2024,21801,rural,19,hombre,13,69,18.840579710144926
2024,21801,rural,19,mujer,14,61,22.950819672131146
2024,21801,rural,20,hombre,8,46,17.391304347826086
2024,21801,rural,20,mujer,11,51,21.568627450980394
2024,21801,rural,21,hombre,10,61,16.39344262295082
2024,21801,rural,21,mujer,12,62,19.35483870967742
2024,21801,rural,22,hombre,7,63,11.11111111111111
2024,21801,rural,22,mujer,6,63,9.523809523809524
2024,21801,rural,23,hombre,15,84,17.857142857142858
2024,21801,rural,23,mujer,8,67,11.940298507462687
2024,21801,rural,24,hombre,10,81,12.345679012345679
2024,21801,rural,24,mujer,15,73,20.54794520547945
2024,21801,rural,25,hombre,10,70,14.285714285714286
2024,21801,rural,25,mujer,10,70,14.285714285714286
2024,21801,rural,26,hombre,11,71,15.492957746478874
2024,21801,rural,26,mujer,4,57,7.017543859649122
2024,21801,rural,27,hombre,16,70,22.857142857142858
2024,21801,rural,27,mujer,12,70,17.142857142857142
2024,21801,rural,28,hombre,9,64,14.0625
2024,21801,rural,28,mujer,6,51,11.764705882352942
2024,21802,rural,16,hombre,3,57,5.2631578947368425
2024,21802,rural,16,mujer,5,58,8.620689655172415
2024,21802,rural,17,hombre,2,29,6.896551724137931
2024,21802,rural,17,mujer,1,57,1.7543859649122806
2024,21802,rural,18,hombre,4,31,12.903225806451612
2024,21802,rural,18,mujer,2,35,5.714285714285714
2024,21802,rural,19,hombre,1,42,2.380952380952381
2024,21802,rural,19,mujer,3,34,8.823529411764707
2024,21802,rural,20,hombre,2,40,5.0
2024,21802,rural,20,mujer,5,44,11.363636363636363
2024,21802,rural,21,hombre,4,42,9.523809523809524
2024,21802,rural,21,mujer,5,37,13.513513513513514
2024,21802,rural,22,hombre,5,39,12.820512820512821
2024,21802,rural,22,mujer,10,45,22.22222222222222
2024,21802,rural,23,hombre,11,65,16.923076923076923
2024,21802,rural,23,mujer,9,59,15.254237288135593
2024,21802,rural,24,hombre,6,63,9.523809523809524
2024,21802,rural,24,mujer,6,39,15.384615384615385
2024,21802,rural,25,hombre,6,51,11.764705882352942
2024,21802,rural,25,mujer,4,34,11.764705882352942
2024,21802,rural,26,hombre,6,44,13.636363636363637
2024,21802,rural,26,mujer,7,41,17.073170731707318
2024,21802,rural,27,hombre,5,59,8.474576271186441
2024,21802,rural,27,mujer,6,40,15.0
2024,21802,rural,28,hombre,5,54,9.25925925925926
2024,21802,rural,28,mujer,7,47,14.893617021276595
2024,21803,rural,16,hombre,1,10,10.0
2024,21803,rural,16,mujer,4,15,26.666666666666668
2024,21803,rural,17,hombre,1,15,6.666666666666667
2024,21803,rural,17,mujer,0,10,0.0
2024,21803,rural,18,hombre,0,16,0.0
2024,21803,rural,18,mujer,2,13,15.384615384615385
2024,21803,rural,19,hombre,1,6,16.666666666666668
2024,21803,rural,19,mujer,1,12,8.333333333333334
2024,21803,rural,20,hombre,1,20,5.0
2024,21803,rural,20,mujer,0,17,0.0
2024,21803,rural,21,hombre,1,7,14.285714285714286
2024,21803,rural,21,mujer,3,21,14.285714285714286
2024,21803,rural,22,hombre,1,21,4.761904761904762
2024,21803,rural,22,mujer,2,9,22.22222222222222
2024,21803,rural,23,hombre,3,18,16.666666666666668
2024,21803,rural,23,mujer,4,18,22.22222222222222
2024,21803,rural,24,hombre,1,13,7.6923076923076925
2024,21803,rural,24,mujer,4,14,28.571428571428573
2024,21803,rural,25,hombre,5,15,33.333333333333336
2024,21803,rural,25,mujer,2,11,18.181818181818183
2024,21803,rural,26,hombre,0,15,0.0
2024,21803,rural,26,mujer,3,16,18.75
2024,21803,rural,27,hombre,3,14,21.428571428571427
2024,21803,rural,27,mujer,5,20,25.0
2024,21803,rural,28,hombre,3,14,21.428571428571427
2024,21803,rural,28,mujer,3,10,30.0
2024,21901,rural,16,hombre,7,53,13.20754716981132
2024,21901,rural,16,mujer,8,43,18.6046511627907
2024,21901,rural,17,hombre,7,55,12.727272727272727
2024,21901,rural,17,mujer,6,52,11.538461538461538
2024,21901,rural,18,hombre,8,36,22.22222222222222
2024,21901,rural,18,mujer,2,41,4.878048780487805
2024,21901,rural,19,hombre,9,52,17.307692307692307
2024,21901,rural,19,mujer,2,39,5.128205128205129
2024,21901,rural,20,hombre,10,48,20.833333333333332
2024,21901,rural,20,mujer,4,43,9.30232558139535
2024,21901,rural,21,hombre,3,34,8.823529411764707
2024,21901,rural,21,mujer,4,37,10.81081081081081
2024,21901,rural,22,hombre,7,55,12.727272727272727
2024,21901,rural,22,mujer,6,41,14.634146341463415
2024,21901,rural,23,hombre,6,47,12.76595744680851
2024,21901,rural,23,mujer,10,51,19.607843137254903
2024,21901,rural,24,hombre,3,38,7.894736842105263
2024,21901,rural,24,mujer,4,39,10.256410256410257
2024,21901,rural,25,hombre,2,56,3.5714285714285716
2024,21901,rural,25,mujer,5,48,10.416666666666666
2024,21901,rural,26,hombre,12,63,19.047619047619047
2024,21901,rural,26,mujer,2,43,4.651162790697675
2024,21901,rural,27,hombre,5,46,10.869565217391305
2024,21901,rural,27,mujer,8,50,16.0
2024,21901,rural,28,hombre,2,45,4.444444444444445
2024,21901,rural,28,mujer,10,62,16.129032258064516
2024,21902,rural,16,hombre,4,48,8.333333333333334
2024,21902,rural,16,mujer,1,31,3.225806451612903
2024,21902,rural,17,hombre,9,41,21.951219512195124
2024,21902,rural,17,mujer,1,52,1.9230769230769231
2024,21902,rural,18,hombre,9,48,18.75
2024,21902,rural,18,mujer,4,48,8.333333333333334
2024,21902,rural,19,hombre,4,45,8.88888888888889
2024,21902,rural,19,mujer,7,45,15.555555555555555
2024,21902,rural,20,hombre,5,53,9.433962264150944
2024,21902,rural,20,mujer,7,34,20.58823529411765
2024,21902,rural,21,hombre,4,39,10.256410256410257
2024,21902,rural,21,mujer,5,37,13.513513513513514
2024,21902,rural,22,hombre,4,39,10.256410256410257
2024,21902,rural,22,mujer,6,55,10.909090909090908
2024,21902,rural,23,hombre,6,52,11.538461538461538
2024,21902,rural,23,mujer,9,60,15.0
2024,21902,rural,24,hombre,11,66,16.666666666666668
2024,21902,rural,24,mujer,11,60,18.333333333333332
2024,21902,rural,25,hombre,4,63,6.349206349206349
2024,21902,rural,25,mujer,7,63,11.11111111111111
2024,21902,rural,26,hombre,8,55,14.545454545454545
2024,21902,rural,26,mujer,13,43,30.232558139534884
2024,21902,rural,27,hombre,8,52,15.384615384615385
2024,21902,rural,27,mujer,7,40,17.5
2024,21902,rural,28,hombre,6,48,12.5
2024,21902,rural,28,mujer,8,45,17.77777777777778
2024,22001,rural,16,hombre,34,349,9.742120343839542
2024,22001,rural,16,mujer,37,317,11.67192429022082
2024,22001,rural,17,hombre,43,313,13.738019169329073
2024,22001,rural,17,mujer,42,302,13.907284768211921
2024,22001,rural,18,hombre,47,277,16.967509025270758
2024,22001,rural,18,mujer,41,332,12.349397590361447
2024,22001,rural,19,hombre,58,311,18.64951768488746
2024,22001,rural,19,mujer,56,321,17.445482866043612
2024,22001,rural,20,hombre,63,343,18.367346938775512
2024,22001,rural,20,mujer,58,356,16.292134831460675
2024,22001,rural,21,hombre,57,376,15.159574468085106
2024,22001,rural,21,mujer,59,319,18.495297805642632
2024,22001,rural,22,hombre,63,377,16.71087533156499
2024,22001,rural,22,mujer,60,353,16.997167138810198
2024,22001,rural,23,hombre,62,392,15.816326530612244
2024,22001,rural,23,mujer,59,402,14.676616915422885
2024,22001,rural,24,hombre,75,413,18.159806295399516
2024,22001,rural,24,mujer,68,350,19.428571428571427
2024,22001,rural,25,hombre,69,392,17.602040816326532
2024,22001,rural,25,mujer,61,362,16.85082872928177
2024,22001,rural,26,hombre,52,335,15.522388059701493
2024,22001,rural,26,mujer,54,324,16.666666666666668
2024,22001,rural,27,hombre,47,346,13.583815028901734
2024,22001,rural,27,mujer,58,347,16.714697406340058
2024,22001,rural,28,hombre,62,380,16.31578947368421
2024,22001,rural,28,mujer,54,334,16.167664670658684
2024,22001,urbana,16,hombre,23,176,13.068181818181818
2024,22001,urbana,16,mujer,35,192,18.229166666666668
2024,22001,urbana,17,hombre,43,222,19.36936936936937
2024,22001,urbana,17,mujer,29,203,14.285714285714286
2024,22001,urbana,18,hombre,170,348,48.85057471264368
2024,22001,urbana,18,mujer,45,206,21.844660194174757
2024,22001,urbana,19,hombre,141,316,44.620253164556964
2024,22001,urbana,19,mujer,42,200,21.0
2024,22001,urbana,20,hombre,94,238,39.49579831932773
2024,22001,urbana,20,mujer,43,204,21.07843137254902
2024,22001,urbana,21,hombre,60,224,26.785714285714285
2024,22001,urbana,21,mujer,43,200,21.5
2024,22001,urbana,22,hombre,65,240,27.083333333333332
2024,22001,urbana,22,mujer,30,182,16.483516483516482
2024,22001,urbana,23,hombre,46,201,22.885572139303484
2024,22001,urbana,23,mujer,42,237,17.72151898734177
2024,22001,urbana,24,hombre,50,252,19.841269841269842
2024,22001,urbana,24,mujer,49,257,19.06614785992218
2024,22001,urbana,25,hombre,50,206,24.271844660194176
2024,22001,urbana,25,mujer,44,205,21.463414634146343
2024,22001,urbana,26,hombre,30,182,16.483516483516482
2024,22001,urbana,26,mujer,47,229,20.524017467248907
2024,22001,urbana,27,hombre,37,183,20.218579234972676
2024,22001,urbana,27,mujer,42,205,20.48780487804878
2024,22001,urbana,28,hombre,34,170,20.0
2024,22001,urbana,28,mujer,52,208,25.0
2024,22002,rural,16,hombre,15,87,17.24137931034483
2024,22002,rural,16,mujer,11,105,10.476190476190476
2024,22002,rural,17,hombre,14,92,15.217391304347826
2024,22002,rural,17,mujer,10,90,11.11111111111111
2024,22002,rural,18,hombre,8,82,9.75609756097561
2024,22002,rural,18,mujer,10,93,10.75268817204301
2024,22002,rural,19,hombre,19,81,23.45679012345679
2024,22002,rural,19,mujer,10,80,12.5
2024,22002,rural,20,hombre,17,118,14.40677966101695
2024,22002,rural,20,mujer,16,76,21.05263157894737
2024,22002,rural,21,hombre,15,100,15.0
2024,22002,rural,21,mujer,13,79,16.455696202531644
2024,22002,rural,22,hombre,13,93,13.978494623655914
2024,22002,rural,22,mujer,15,85,17.647058823529413
2024,22002,rural,23,hombre,15,116,12.931034482758621
2024,22002,rural,23,mujer,16,78,20.512820512820515
2024,22002,rural,24,hombre,12,88,13.636363636363637
2024,22002,rural,24,mujer,14,90,15.555555555555555
2024,22002,rural,25,hombre,18,99,18.181818181818183
2024,22002,rural,25,mujer,24,100,24.0
2024,22002,rural,26,hombre,12,103,11.650485436893204
2024,22002,rural,26,mujer,14,75,18.666666666666668
2024,22002,rural,27,hombre,15,97,15.463917525773196
2024,22002,rural,27,mujer,10,88,11.363636363636363
2024,22002,rural,28,hombre,21,87,24.137931034482758
2024,22002,rural,28,mujer,11,76,14.473684210526315
2024,30101,rural,16,mujer,0,1,0.0
2024,30101,rural,17,hombre,0,1,0.0
2024,30101,rural,19,hombre,0,1,0.0
2024,30101,rural,21,hombre,0,2,0.0
2024,30101,rural,24,hombre,0,1,0.0
2024,30101,rural,26,mujer,0,1,0.0
2024,30101,urbana,16,hombre,406,5717,7.10162672730453
2024,30101,urbana,16,mujer,440,5632,7.8125
2024,30101,urbana,17,hombre,534,5813,9.186306554274902
2024,30101,urbana,17,mujer,547,5941,9.207204174381417
2024,30101,urbana,18,hombre,932,5991,15.556668335837088
2024,30101,urbana,18,mujer,867,5964,14.537223340040242
2024,30101,urbana,19,hombre,943,5881,16.034687978234995
2024,30101,urbana,19,mujer,984,6134,16.04173459406586
2024,30101,urbana,20,hombre,920,5829,15.783153199519644
2024,30101,urbana,20,mujer,971,6098,15.923253525746146
2024,30101,urbana,21,hombre,911,5900,15.440677966101696
2024,30101,urbana,21,mujer,963,6130,15.709624796084828
2024,30101,urbana,22,hombre,827,6009,13.762689299384258
2024,30101,urbana,22,mujer,854,6309,13.536218101125376
2024,30101,urbana,23,hombre,836,6494,12.873421619956883
2024,30101,urbana,23,mujer,816,6692,12.193664076509265
2024,30101,urbana,24,hombre,713,6456,11.043990086741015
2024,30101,urbana,24,mujer,771,6774,11.381753764393268
2024,30101,urbana,25,hombre,711,6024,11.802788844621514
2024,30101,urbana,25,mujer,707,6251,11.310190369540873
2024,30101,urbana,26,hombre,644,5727,11.244979919678714
2024,30101,urbana,26,mujer,706,6120,11.5359477124183
2024,30101,urbana,27,hombre,651,5700,11.421052631578947
2024,30101,urbana,27,mujer,657,6141,10.69858329262335
2024,30101,urbana,28,hombre,658,5614,11.72069825436409
2024,30101,urbana,28,mujer,692,6072,11.396574440052701
2024,30201,rural,16,hombre,2,126,1.5873015873015872
2024,30201,rural,16,mujer,4,128,3.125
2024,30201,rural,17,hombre,4,145,2.7586206896551726
2024,30201,rural,17,mujer,12,131,9.16030534351145
2024,30201,rural,18,hombre,7,105,6.666666666666667
2024,30201,rural,18,mujer,8,121,6.6115702479338845
2024,30201,rural,19,hombre,1,124,0.8064516129032258
2024,30201,rural,19,mujer,12,113,10.619469026548673
2024,30201,rural,20,hombre,0,98,0.0
2024,30201,rural,20,mujer,4,95,4.2105263157894735
2024,30201,rural,21,hombre,12,111,10.81081081081081
2024,30201,rural,21,mujer,11,100,11.0
2024,30201,rural,22,hombre,6,92,6.521739130434782
2024,30201,rural,22,mujer,13,85,15.294117647058824
2024,30201,rural,23,hombre,10,108,9.25925925925926
2024,30201,rural,23,mujer,13,95,13.68421052631579
2024,30201,rural,24,hombre,17,119,14.285714285714286
2024,30201,rural,24,mujer,17,117,14.52991452991453
2024,30201,rural,25,hombre,10,100,10.0
2024,30201,rural,25,mujer,12,88,13.636363636363637
2024,30201,rural,26,hombre,14,81,17.28395061728395
2024,30201,rural,26,mujer,7,72,9.722222222222221
2024,30201,rural,27,hombre,3,83,3.6144578313253013
2024,30201,rural,27,mujer,8,80,10.0
2024,30201,rural,28,hombre,6,87,6.896551724137931
2024,30201,rural,28,mujer,10,90,11.11111111111111
2024,30201,urbana,16,hombre,14,97,14.43298969072165
2024,30201,urbana,16,mujer,9,91,9.89010989010989
2024,30201,urbana,17,hombre,2,77,2.5974025974025974
2024,30201,urbana,17,mujer,6,101,5.9405940594059405
2024,30201,urbana,18,hombre,5,74,6.756756756756757
2024,30201,urbana,18,mujer,6,90,6.666666666666667
2024,30201,urbana,19,hombre,7,66,10.606060606060606
2024,30201,urbana,19,mujer,5,70,7.142857142857143
2024,30201,urbana,20,hombre,4,64,6.25
2024,30201,urbana,20,mujer,5,68,7.352941176470588
2024,30201,urbana,21,hombre,10,63,15.873015873015873
2024,30201,urbana,21,mujer,11,79,13.924050632911392
2024,30201,urbana,22,hombre,6,62,9.67741935483871
2024,30201,urbana,22,mujer,16,85,18.823529411764707
2024,30201,urbana,23,hombre,15,59,25.423728813559322
2024,30201,urbana,23,mujer,21,82,25.609756097560975
2024,30201,urbana,24,hombre,23,78,29.487179487179485
2024,30201,urbana,24,mujer,21,78,26.923076923076923
2024,30201,urbana,25,hombre,16,56,28.571428571428573
2024,30201,urbana,25,mujer,18,86,20.930232558139537
2024,30201,urbana,26,hombre,21,65,32.30769230769231
2024,30201,urbana,26,mujer,23,63,36.507936507936506
2024,30201,urbana,27,hombre,13,58,22.413793103448278
2024,30201,urbana,27,mujer,20,80,25.0
2024,30201,urbana,28,hombre,15,50,30.0
2024,30201,urbana,28,mujer,12,69,17.391304347826086
2024,30202,rural,16,hombre,1,28,3.5714285714285716
2024,30202,rural,16,mujer,1,26,3.8461538461538463
2024,30202,rural,17,hombre,2,26,7.6923076923076925
2024,30202,rural,17,mujer,0,19,0.0
2024,30202,rural,18,hombre,1,34,2.9411764705882355
2024,30202,rural,18,mujer,2,25,8.0
2024,30202,rural,19,hombre,0,15,0.0
2024,30202,rural,19,mujer,3,25,12.0
2024,30202,rural,20,hombre,1,37,2.7027027027027026
2024,30202,rural,20,mujer,2,20,10.0
2024,30202,rural,21,hombre,5,32,15.625
2024,30202,rural,21,mujer,0,23,0.0
2024,30202,rural,22,hombre,1,32,3.125
2024,30202,rural,22,mujer,4,25,16.0
2024,30202,rural,23,hombre,2,32,6.25
2024,30202,rural,23,mujer,3,30,10.0
2024,30202,rural,24,hombre,3,31,9.67741935483871
2024,30202,rural,24,mujer,3,32,9.375
2024,30202,rural,25,hombre,1,41,2.4390243902439024
2024,30202,rural,25,mujer,4,20,20.0
2024,30202,rural,26,hombre,2,24,8.333333333333334
2024,30202,rural,26,mujer,0,20,0.0
2024,30202,rural,27,hombre,2,28,7.142857142857143
2024,30202,rural,27,mujer,1,31,3.225806451612903
2024,30202,rural,28,hombre,5,47,10.638297872340425
2024,30202,rural,28,mujer,5,27,18.51851851851852
2024,30202,urbana,16,hombre,5,22,22.727272727272727
2024,30202,urbana,16,mujer,3,16,18.75
2024,30202,urbana,17,hombre,5,33,15.151515151515152
2024,30202,urbana,17,mujer,2,16,12.5
2024,30202,urbana,18,hombre,2,18,11.11111111111111
2024,30202,urbana,18,mujer,1,24,4.166666666666667
2024,30202,urbana,19,hombre,2,22,9.090909090909092
2024,30202,urbana,19,mujer,4,25,16.0
2024,30202,urbana,20,hombre,5,24,20.833333333333332
2024,30202,urbana,20,mujer,2,12,16.666666666666668
2024,30202,urbana,21,hombre,6,32,18.75
2024,30202,urbana,21,mujer,4,19,21.05263157894737
2024,30202,urbana,22,hombre,3,21,14.285714285714286
2024,30202,urbana,22,mujer,3,18,16.666666666666668
2024,30202,urbana,23,hombre,3,28,10.714285714285714
2024,30202,urbana,23,mujer,4,29,13.793103448275861
2024,30202,urbana,24,hombre,9,38,23.68421052631579
2024,30202,urbana,24,mujer,3,24,12.5
2024,30202,urbana,25,hombre,4,19,21.05263157894737
2024,30202,urbana,25,mujer,1,17,5.882352941176471
2024,30202,urbana,26,hombre,4,28,14.285714285714286
2024,30202,urbana,26,mujer,3,23,13.043478260869565
2024,30202,urbana,27,hombre,4,27,14.814814814814815
2024,30202,urbana,27,mujer,5,19,26.31578947368421
2024,30202,urbana,28,hombre,1,17,5.882352941176471
2024,30202,urbana,28,mujer,3,27,11.11111111111111
2024,30203,rural,16,hombre,4,61,6.557377049180328
2024,30203,rural,16,mujer,8,65,12.307692307692308
2024,30203,rural,17,hombre,7,49,14.285714285714286
2024,30203,rural,17,mujer,4,55,7.2727272727272725
2024,30203,rural,18,hombre,5,47,10.638297872340425
2024,30203,rural,18,mujer,7,49,14.285714285714286
2024,30203,rural,19,hombre,3,59,5.084745762711864
2024,30203,rural,19,mujer,11,65,16.923076923076923
2024,30203,rural,20,hombre,8,49,16.3265306122449
2024,30203,rural,20,mujer,5,51,9.803921568627452
2024,30203,rural,21,hombre,6,57,10.526315789473685
2024,30203,rural,21,mujer,7,57,12.280701754385966
2024,30203,rural,22,hombre,9,66,13.636363636363637
2024,30203,rural,22,mujer,9,54,16.666666666666668
2024,30203,rural,23,hombre,8,68,11.764705882352942
2024,30203,rural,23,mujer,9,64,14.0625
2024,30203,rural,24,hombre,6,76,7.894736842105263
2024,30203,rural,24,mujer,12,61,19.672131147540984
2024,30203,rural,25,hombre,10,54,18.51851851851852
2024,30203,rural,25,mujer,14,69,20.28985507246377
2024,30203,rural,26,hombre,9,67,13.432835820895523
2024,30203,rural,26,mujer,18,69,26.08695652173913
2024,30203,rural,27,hombre,9,57,15.789473684210526
2024,30203,rural,27,mujer,9,43,20.930232558139537
2024,30203,rural,28,hombre,8,54,14.814814814814815
2024,30203,rural,28,mujer,15,51,29.41176470588235
2024,30301,rural,16,hombre,15,218,6.8807339449541285
2024,30301,rural,16,mujer,17,201,8.457711442786069
2024,30301,rural,17,hombre,13,188,6.914893617021277
2024,30301,rural,17,mujer,11,187,5.882352941176471
2024,30301,rural,18,hombre,15,151,9.933774834437086
2024,30301,rural,18,mujer,16,158,10.126582278481013
2024,30301,rural,19,hombre,19,142,13.380281690140846
2024,30301,rural,19,mujer,15,133,11.278195488721805
2024,30301,rural,20,hombre,21,170,12.352941176470589
2024,30301,rural,20,mujer,11,135,8.148148148148149
2024,30301,rural,21,hombre,16,166,9.63855421686747
2024,30301,rural,21,mujer,19,123,15.447154471544716
2024,30301,rural,22,hombre,21,161,13.043478260869565
2024,30301,rural,22,mujer,22,120,18.333333333333332
2024,30301,rural,23,hombre,28,163,17.177914110429448
2024,30301,rural,23,mujer,24,137,17.51824817518248
2024,30301,rural,24,hombre,31,168,18.452380952380953
2024,30301,rural,24,mujer,25,133,18.796992481203006
2024,30301,rural,25,hombre,31,186,16.666666666666668
2024,30301,rural,25,mujer,21,118,17.796610169491526
2024,30301,rural,26,hombre,26,163,15.950920245398773
2024,30301,rural,26,mujer,21,149,14.093959731543624
2024,30301,rural,27,hombre,24,140,17.142857142857142
2024,30301,rural,27,mujer,27,130,20.76923076923077
2024,30301,rural,28,hombre,22,146,15.068493150684931
2024,30301,rural,28,mujer,30,125,24.0
2024,30302,rural,16,hombre,8,135,5.925925925925926
2024,30302,rural,16,mujer,6,133,4.511278195488722
2024,30302,rural,17,hombre,6,104,5.769230769230769
2024,30302,rural,17,mujer,7,137,5.109489051094891
2024,30302,rural,18,hombre,5,86,5.813953488372093
2024,30302,rural,18,mujer,9,100,9.0
2024,30302,rural,19,hombre,8,91,8.791208791208792
2024,30302,rural,19,mujer,15,112,13.392857142857142
2024,30302,rural,20,hombre,2,103,1.941747572815534
2024,30302,rural,20,mujer,9,108,8.333333333333334
2024,30302,rural,21,hombre,15,135,11.11111111111111
2024,30302,rural,21,mujer,9,93,9.67741935483871
2024,30302,rural,22,hombre,7,126,5.555555555555555
2024,30302,rural,22,mujer,7,93,7.526881720430108
2024,30302,rural,23,hombre,15,125,12.0
2024,30302,rural,23,mujer,14,121,11.570247933884298
2024,30302,rural,24,hombre,12,116,10.344827586206897
2024,30302,rural,24,mujer,9,107,8.411214953271028
2024,30302,rural,25,hombre,9,128,7.03125
2024,30302,rural,25,mujer,9,99,9.090909090909092
2024,30302,rural,26,hombre,13,102,12.745098039215685
2024,30302,rural,26,mujer,10,101,9.900990099009901
2024,30302,rural,27,hombre,7,97,7.216494845360825
2024,30302,rural,27,mujer,12,93,12.903225806451612
2024,30302,rural,28,hombre,11,107,10.280373831775702
2024,30302,rural,28,mujer,7,82,8.536585365853659
2024,30303,rural,16,hombre,19,208,9.134615384615385
2024,30303,rural,16,mujer,13,173,7.514450867052023
2024,30303,rural,17,hombre,22,197,11.16751269035533
2024,30303,rural,17,mujer,23,168,13.69047619047619
2024,30303,rural,18,hombre,21,173,12.138728323699421
2024,30303,rural,18,mujer,23,164,14.024390243902438
2024,30303,rural,19,hombre,31,167,18.562874251497007
2024,30303,rural,19,mujer,34,150,22.666666666666668
2024,30303,rural,20,hombre,24,172,13.953488372093023
2024,30303,rural,20,mujer,31,167,18.562874251497007
2024,30303,rural,21,hombre,31,192,16.145833333333332
2024,30303,rural,21,mujer,30,142,21.12676056338028
2024,30303,rural,22,hombre,34,201,16.915422885572138
2024,30303,rural,22,mujer,35,168,20.833333333333332
2024,30303,rural,23,hombre,43,239,17.99163179916318
2024,30303,rural,23,mujer,30,145,20.689655172413794
2024,30303,rural,24,hombre,39,223,17.48878923766816
2024,30303,rural,24,mujer,26,166,15.662650602409638
2024,30303,rural,25,hombre,23,162,14.197530864197532
2024,30303,rural,25,mujer,19,122,15.573770491803279
2024,30303,rural,26,hombre,24,182,13.186813186813186
2024,30303,rural,26,mujer,28,137,20.437956204379564
2024,30303,rural,27,hombre,31,180,17.22222222222222
2024,30303,rural,27,mujer,24,141,17.02127659574468
2024,30303,rural,28,hombre,22,141,15.602836879432624
2024,30303,rural,28,mujer,26,121,21.487603305785125
2024,30401,rural,16,hombre,8,56,14.285714285714286
2024,30401,rural,16,mujer,6,45,13.333333333333334
2024,30401,rural,17,hombre,5,56,8.928571428571429
2024,30401,rural,17,mujer,8,55,14.545454545454545
2024,30401,rural,18,hombre,10,64,15.625
2024,30401,rural,18,mujer,10,61,16.39344262295082
2024,30401,rural,19,hombre,7,47,14.893617021276595
2024,30401,rural,19,mujer,10,48,20.833333333333332
2024,30401,rural,20,hombre,8,70,11.428571428571429
2024,30401,rural,20,mujer,10,58,17.24137931034483
2024,30401,rural,21,hombre,11,57,19.29824561403509
2024,30401,rural,21,mujer,23,71,32.394366197183096
2024,30401,rural,22,hombre,9,50,18.0
2024,30401,rural,22,mujer,11,54,20.37037037037037
2024,30401,rural,23,hombre,6,53,11.320754716981131
2024,30401,rural,23,mujer,18,61,29.508196721311474
2024,30401,rural,24,hombre,13,74,17.56756756756757
2024,30401,rural,24,mujer,14,70,20.0
2024,30401,rural,25,hombre,12,52,23.076923076923077
2024,30401,rural,25,mujer,10,55,18.181818181818183
2024,30401,rural,26,hombre,8,47,17.02127659574468
2024,30401,rural,26,mujer,12,54,22.22222222222222
2024,30401,rural,27,hombre,13,57,22.80701754385965
2024,30401,rural,27,mujer,6,36,16.666666666666668
2024,30401,rural,28,hombre,14,40,35.0
2024,30401,rural,28,mujer,8,49,16.3265306122449
2024,30401,urbana,16,hombre,0,22,0.0
2024,30401,urbana,16,mujer,4,33,12.121212121212121
2024,30401,urbana,17,hombre,14,49,28.571428571428573
2024,30401,urbana,17,mujer,2,45,4.444444444444445
2024,30401,urbana,18,hombre,53,81,65.4320987654321
2024,30401,urbana,18,mujer,9,40,22.5
2024,30401,urbana,19,hombre,55,91,60.43956043956044
2024,30401,urbana,19,mujer,18,54,33.333333333333336
2024,30401,urbana,20,hombre,53,90,58.888888888888886
2024,30401,urbana,20,mujer,14,57,24.56140350877193
2024,30401,urbana,21,hombre,53,80,66.25
2024,30401,urbana,21,mujer,22,47,46.808510638297875
2024,30401,urbana,22,hombre,64,106,60.37735849056604
2024,30401,urbana,22,mujer,16,46,34.78260869565217
2024,30401,urbana,23,hombre,59,101,58.415841584158414
2024,30401,urbana,23,mujer,14,47,29.78723404255319
2024,30401,urbana,24,hombre,29,56,51.785714285714285
2024,30401,urbana,24,mujer,10,40,25.0
2024,30401,urbana,25,hombre,10,36,27.77777777777778
2024,30401,urbana,25,mujer,9,44,20.454545454545453
2024,30401,urbana,26,hombre,5,37,13.513513513513514
2024,30401,urbana,26,mujer,5,45,11.11111111111111
2024,30401,urbana,27,hombre,5,25,20.0
2024,30401,urbana,27,mujer,4,33,12.121212121212121
2024,30401,urbana,28,hombre,7,34,20.58823529411765
2024,30401,urbana,28,mujer,6,28,21.428571428571427
2024,30402,rural,16,hombre,5,56,8.928571428571429
2024,30402,rural,16,mujer,7,73,9.58904109589041
2024,30402,rural,17,hombre,5,68,7.352941176470588
2024,30402,rural,17,mujer,4,66,6.0606060606060606
2024,30402,rural,18,hombre,3,48,6.25
2024,30402,rural,18,mujer,2,49,4.081632653061225
2024,30402,rural,19,hombre,4,48,8.333333333333334
2024,30402,rural,19,mujer,0,47,0.0
2024,30402,rural,20,hombre,6,50,12.0
2024,30402,rural,20,mujer,8,46,17.391304347826086
2024,30402,rural,21,hombre,4,44,9.090909090909092
2024,30402,rural,21,mujer,6,42,14.285714285714286
2024,30402,rural,22,hombre,5,39,12.820512820512821
2024,30402,rural,22,mujer,5,55,9.090909090909092
2024,30402,rural,23,hombre,5,44,11.363636363636363
2024,30402,rural,23,mujer,9,50,18.0
2024,30402,rural,24,hombre,8,44,18.181818181818183
2024,30402,rural,24,mujer,6,43,13.953488372093023
2024,30402,rural,25,hombre,10,52,19.23076923076923
2024,30402,rural,25,mujer,7,40,17.5
2024,30402,rural,26,hombre,9,56,16.071428571428573
2024,30402,rural,26,mujer,5,43,11.627906976744185
2024,30402,rural,27,hombre,5,43,11.627906976744185
2024,30402,rural,27,mujer,4,40,10.0
2024,30402,rural,28,hombre,5,35,14.285714285714286
2024,30402,rural,28,mujer,5,37,13.513513513513514
2024,30403,rural,16,hombre,11,69,15.942028985507246
2024,30403,rural,16,mujer,7,48,14.583333333333334
2024,30403,rural,17,hombre,11,81,13.580246913580247
2024,30403,rural,17,mujer,15,72,20.833333333333332
2024,30403,rural,18,hombre,13,60,21.666666666666668
2024,30403,rural,18,mujer,13,59,22.033898305084747
2024,30403,rural,19,hombre,11,70,15.714285714285714
2024,30403,rural,19,mujer,10,50,20.0
2024,30403,rural,20,hombre,7,62,11.290322580645162
2024,30403,rural,20,mujer,13,60,21.666666666666668
2024,30403,rural,21,hombre,15,71,21.12676056338028
2024,30403,rural,21,mujer,15,65,23.076923076923077
2024,30403,rural,22,hombre,16,74,21.62162162162162
2024,30403,rural,22,mujer,12,64,18.75
2024,30403,rural,23,hombre,18,64,28.125
2024,30403,rural,23,mujer,17,71,23.943661971830984
2024,30403,rural,24,hombre,16,67,23.880597014925375
2024,30403,rural,24,mujer,27,80,33.75
2024,30403,rural,25,hombre,20,69,28.985507246376812
2024,30403,rural,25,mujer,12,68,17.647058823529413
2024,30403,rural,26,hombre,18,58,31.03448275862069
2024,30403,rural,26,mujer,16,62,25.806451612903224
2024,30403,rural,27,hombre,12,53,22.641509433962263
2024,30403,rural,27,mujer,21,89,23.59550561797753
2024,30403,rural,28,hombre,20,71,28.169014084507044
2024,30403,rural,28,mujer,26,70,37.142857142857146
2024,30403,urbana,16,hombre,46,178,25.84269662921348
2024,30403,urbana,16,mujer,55,193,28.497409326424872
2024,30403,urbana,17,hombre,48,164,29.26829268292683
2024,30403,urbana,17,mujer,43,187,22.994652406417114
2024,30403,urbana,18,hombre,48,178,26.96629213483146
2024,30403,urbana,18,mujer,68,199,34.17085427135678
2024,30403,urbana,19,hombre,61,170,35.88235294117647
2024,30403,urbana,19,mujer,67,203,33.004926108374384
2024,30403,urbana,20,hombre,61,167,36.52694610778443
2024,30403,urbana,20,mujer,73,191,38.21989528795812
2024,30403,urbana,21,hombre,64,180,35.55555555555556
2024,30403,urbana,21,mujer,78,208,37.5
2024,30403,urbana,22,hombre,67,177,37.85310734463277
2024,30403,urbana,22,mujer,72,202,35.64356435643565
2024,30403,urbana,23,hombre,81,219,36.986301369863014
2024,30403,urbana,23,mujer,61,178,34.26966292134831
2024,30403,urbana,24,hombre,88,231,38.095238095238095
2024,30403,urbana,24,mujer,99,241,41.07883817427386
2024,30403,urbana,25,hombre,61,189,32.27513227513227
2024,30403,urbana,25,mujer,89,213,41.78403755868545
2024,30403,urbana,26,hombre,66,162,40.74074074074074
2024,30403,urbana,26,mujer,80,202,39.603960396039604
2024,30403,urbana,27,hombre,83,199,41.70854271356784
2024,30403,urbana,27,mujer,84,213,39.436619718309856
2024,30403,urbana,28,hombre,75,189,39.682539682539684
2024,30403,urbana,28,mujer,64,179,35.754189944134076
2024,30404,rural,16,hombre,2,54,3.7037037037037037
2024,30404,rural,16,mujer,3,47,6.382978723404255
2024,30404,rural,17,hombre,3,46,6.521739130434782
2024,30404,rural,17,mujer,3,40,7.5
2024,30404,rural,18,hombre,2,53,3.7735849056603774
2024,30404,rural,18,mujer,3,45,6.666666666666667
2024,30404,rural,19,hombre,0,34,0.0
2024,30404,rural,19,mujer,3,33,9.090909090909092
2024,30404,rural,20,hombre,4,40,10.0
2024,30404,rural,20,mujer,0,28,0.0
2024,30404,rural,21,hombre,1,35,2.857142857142857
2024,30404,rural,21,mujer,2,35,5.714285714285714
2024,30404,rural,22,hombre,0,45,0.0
2024,30404,rural,22,mujer,1,33,3.0303030303030303
2024,30404,rural,23,hombre,2,52,3.8461538461538463
2024,30404,rural,23,mujer,1,40,2.5
2024,30404,rural,24,hombre,6,39,15.384615384615385
2024,30404,rural,24,mujer,5,45,11.11111111111111
2024,30404,rural,25,hombre,3,33,9.090909090909092
2024,30404,rural,25,mujer,4,37,10.81081081081081
2024,30404,rural,26,hombre,1,41,2.4390243902439024
2024,30404,rural,26,mujer,4,41,9.75609756097561
2024,30404,rural,27,hombre,5,26,19.23076923076923
2024,30404,rural,27,mujer,1,40,2.5
2024,30404,rural,28,hombre,2,40,5.0
2024,30404,rural,28,mujer,7,29,24.137931034482758
2024,30501,rural,16,hombre,2,50,4.0
2024,30501,rural,16,mujer,6,56,10.714285714285714
2024,30501,rural,17,hombre,2,45,4.444444444444445
2024,30501,rural,17,mujer,3,40,7.5
2024,30501,rural,18,hombre,3,37,8.108108108108109
2024,30501,rural,18,mujer,4,48,8.333333333333334
2024,30501,rural,19,hombre,5,53,9.433962264150944
2024,30501,rural,19,mujer,2,43,4.651162790697675
2024,30501,rural,20,hombre,4,47,8.51063829787234
2024,30501,rural,20,mujer,8,58,13.793103448275861
2024,30501,rural,21,hombre,4,42,9.523809523809524
2024,30501,rural,21,mujer,4,49,8.16326530612245
2024,30501,rural,22,hombre,2,39,5.128205128205129
2024,30501,rural,22,mujer,4,48,8.333333333333334
2024,30501,rural,23,hombre,6,54,11.11111111111111
2024,30501,rural,23,mujer,7,50,14.0
2024,30501,rural,24,hombre,5,50,10.0
2024,30501,rural,24,mujer,7,45,15.555555555555555
2024,30501,rural,25,hombre,4,36,11.11111111111111
2024,30501,rural,25,mujer,6,58,10.344827586206897
2024,30501,rural,26,hombre,7,46,15.217391304347826
2024,30501,rural,26,mujer,12,50,24.0
2024,30501,rural,27,hombre,4,39,10.256410256410257
2024,30501,rural,27,mujer,4,47,8.51063829787234
2024,30501,rural,28,hombre,3,52,5.769230769230769
2024,30501,rural,28,mujer,7,48,14.583333333333334
2024,30501,urbana,16,hombre,0,35,0.0
2024,30501,urbana,16,mujer,4,36,11.11111111111111
2024,30501,urbana,17,hombre,1,46,2.1739130434782608
2024,30501,urbana,17,mujer,5,30,16.666666666666668
2024,30501,urbana,18,hombre,6,46,13.043478260869565
2024,30501,urbana,18,mujer,8,43,18.6046511627907
2024,30501,urbana,19,hombre,4,39,10.256410256410257
2024,30501,urbana,19,mujer,3,37,8.108108108108109
2024,30501,urbana,20,hombre,3,46,6.521739130434782
2024,30501,urbana,20,mujer,3,45,6.666666666666667
2024,30501,urbana,21,hombre,7,47,14.893617021276595
2024,30501,urbana,21,mujer,1,39,2.5641025641025643
2024,30501,urbana,22,hombre,4,44,9.090909090909092
2024,30501,urbana,22,mujer,3,38,7.894736842105263
2024,30501,urbana,23,hombre,6,41,14.634146341463415
2024,30501,urbana,23,mujer,4,48,8.333333333333334
2024,30501,urbana,24,hombre,13,45,28.88888888888889
2024,30501,urbana,24,mujer,6,43,13.953488372093023
2024,30501,urbana,25,hombre,7,36,19.444444444444443
2024,30501,urbana,25,mujer,2,22,9.090909090909092
2024,30501,urbana,26,hombre,6,45,13.333333333333334
2024,30501,urbana,26,mujer,7,44,15.909090909090908
2024,30501,urbana,27,hombre,4,37,10.81081081081081
2024,30501,urbana,27,mujer,8,30,26.666666666666668
2024,30501,urbana,28,hombre,6,37,16.216216216216218
2024,30501,urbana,28,mujer,5,27,18.51851851851852
2024,30502,rural,16,hombre,5,73,6.8493150684931505
2024,30502,rural,16,mujer,6,72,8.333333333333334
2024,30502,rural,17,hombre,9,66,13.636363636363637
2024,30502,rural,17,mujer,9,66,13.636363636363637
2024,30502,rural,18,hombre,4,55,7.2727272727272725
2024,30502,rural,18,mujer,8,59,13.559322033898304
2024,30502,rural,19,hombre,11,65,16.923076923076923
2024,30502,rural,19,mujer,10,70,14.285714285714286
2024,30502,rural,20,hombre,16,58,27.586206896551722
2024,30502,rural,20,mujer,10,80,12.5
2024,30502,rural,21,hombre,9,57,15.789473684210526
2024,30502,rural,21,mujer,9,54,16.666666666666668
2024,30502,rural,22,hombre,18,74,24.324324324324323
2024,30502,rural,22,mujer,12,61,19.672131147540984
2024,30502,rural,23,hombre,11,64,17.1875
2024,30502,rural,23,mujer,13,73,17.80821917808219
2024,30502,rural,24,hombre,11,58,18.96551724137931
2024,30502,rural,24,mujer,10,74,13.513513513513514
2024,30502,rural,25,hombre,7,45,15.555555555555555
2024,30502,rural,25,mujer,14,65,21.53846153846154
2024,30502,rural,26,hombre,2,46,4.3478260869565215
2024,30502,rural,26,mujer,5,34,14.705882352941176
2024,30502,rural,27,hombre,4,52,7.6923076923076925
2024,30502,rural,27,mujer,5,53,9.433962264150944
2024,30502,rural,28,hombre,5,50,10.0
2024,30502,rural,28,mujer,5,51,9.803921568627452
2024,30601,rural,16,hombre,5,104,4.8076923076923075
2024,30601,rural,16,mujer,7,89,7.865168539325842
2024,30601,rural,17,hombre,3,93,3.225806451612903
2024,30601,rural,17,mujer,5,88,5.681818181818182
2024,30601,rural,18,hombre,9,86,10.465116279069768
2024,30601,rural,18,mujer,9,98,9.183673469387756
2024,30601,rural,19,hombre,3,82,3.658536585365854
2024,30601,rural,19,mujer,6,90,6.666666666666667
2024,30601,rural,20,hombre,8,84,9.523809523809524
2024,30601,rural,20,mujer,11,96,11.458333333333334
2024,30601,rural,21,hombre,5,86,5.813953488372093
2024,30601,rural,21,mujer,11,83,13.25301204819277
2024,30601,rural,22,hombre,7,83,8.433734939759036
2024,30601,rural,22,mujer,8,79,10.126582278481013
2024,30601,rural,23,hombre,8,115,6.956521739130435
2024,30601,rural,23,mujer,7,82,8.536585365853659
2024,30601,rural,24,hombre,7,108,6.481481481481482
2024,30601,rural,24,mujer,19,108,17.59259259259259
2024,30601,rural,25,hombre,9,82,10.975609756097562
2024,30601,rural,25,mujer,10,75,13.333333333333334
2024,30601,rural,26,hombre,5,81,6.172839506172839
2024,30601,rural,26,mujer,7,62,11.290322580645162
2024,30601,rural,27,hombre,12,81,14.814814814814815
2024,30601,rural,27,mujer,6,61,9.836065573770492
2024,30601,rural,28,hombre,5,66,7.575757575757576
2024,30601,rural,28,mujer,4,57,7.017543859649122
2024,30602,rural,16,hombre,15,105,14.285714285714286
2024,30602,rural,16,mujer,10,95,10.526315789473685
2024,30602,rural,17,hombre,6,96,6.25
2024,30602,rural,17,mujer,6,74,8.108108108108109
2024,30602,rural,18,hombre,8,88,9.090909090909092
2024,30602,rural,18,mujer,11,85,12.941176470588236
2024,30602,rural,19,hombre,7,79,8.860759493670885
2024,30602,rural,19,mujer,6,85,7.0588235294117645
2024,30602,rural,20,hombre,19,104,18.26923076923077
2024,30602,rural,20,mujer,9,74,12.162162162162161
2024,30602,rural,21,hombre,9,90,10.0
2024,30602,rural,21,mujer,13,88,14.772727272727273
2024,30602,rural,22,hombre,8,82,9.75609756097561
2024,30602,rural,22,mujer,9,79,11.39240506329114
2024,30602,rural,23,hombre,20,125,16.0
2024,30602,rural,23,mujer,10,75,13.333333333333334
2024,30602,rural,24,hombre,16,96,16.666666666666668
2024,30602,rural,24,mujer,18,82,21.951219512195124
2024,30602,rural,25,hombre,13,99,13.131313131313131
2024,30602,rural,25,mujer,11,58,18.96551724137931
2024,30602,rural,26,hombre,11,77,14.285714285714286
2024,30602,rural,26,mujer,9,68,13.235294117647058
2024,30602,rural,27,hombre,13,76,17.105263157894736
2024,30602,rural,27,mujer,10,71,14.084507042253522
2024,30602,rural,28,hombre,12,99,12.121212121212121
2024,30602,rural,28,mujer,10,60,16.666666666666668
2024,30701,rural,16,hombre,10,94,10.638297872340425
2024,30701,rural,16,mujer,13,103,12.62135922330097
2024,30701,rural,17,hombre,10,100,10.0
2024,30701,rural,17,mujer,11,96,11.458333333333334
2024,30701,rural,18,hombre,6,71,8.450704225352112
2024,30701,rural,18,mujer,10,83,12.048192771084338
2024,30701,rural,19,hombre,8,70,11.428571428571429
2024,30701,rural,19,mujer,9,91,9.89010989010989
2024,30701,rural,20,hombre,11,79,13.924050632911392
2024,30701,rural,20,mujer,7,62,11.290322580645162
2024,30701,rural,21,hombre,9,74,12.162162162162161
2024,30701,rural,21,mujer,15,80,18.75
2024,30701,rural,22,hombre,10,81,12.345679012345679
2024,30701,rural,22,mujer,9,68,13.235294117647058
2024,30701,rural,23,hombre,7,82,8.536585365853659
2024,30701,rural,23,mujer,13,95,13.68421052631579
2024,30701,rural,24,hombre,11,87,12.64367816091954
2024,30701,rural,24,mujer,19,89,21.348314606741575
2024,30701,rural,25,hombre,8,95,8.421052631578947
2024,30701,rural,25,mujer,19,96,19.791666666666668
2024,30701,rural,26,hombre,10,67,14.925373134328359
2024,30701,rural,26,mujer,14,89,15.730337078651685
2024,30701,rural,27,hombre,14,80,17.5
2024,30701,rural,27,mujer,12,87,13.793103448275861
2024,30701,rural,28,hombre,9,62,14.516129032258064
2024,30701,rural,28,mujer,13,69,18.840579710144926
2024,30701,urbana,16,hombre,3,109,2.7522935779816513
2024,30701,urbana,16,mujer,11,95,11.578947368421053
2024,30701,urbana,17,hombre,3,85,3.5294117647058822
2024,30701,urbana,17,mujer,8,100,8.0
2024,30701,urbana,18,hombre,9,70,12.857142857142858
2024,30701,urbana,18,mujer,3,84,3.5714285714285716
2024,30701,urbana,19,hombre,5,63,7.936507936507937
2024,30701,urbana,19,mujer,8,88,9.090909090909092
2024,30701,urbana,20,hombre,3,69,4.3478260869565215
2024,30701,urbana,20,mujer,8,76,10.526315789473685
2024,30701,urbana,21,hombre,3,62,4.838709677419355
2024,30701,urbana,21,mujer,4,65,6.153846153846154
2024,30701,urbana,22,hombre,8,67,11.940298507462687
2024,30701,urbana,22,mujer,8,69,11.594202898550725
2024,30701,urbana,23,hombre,9,64,14.0625
2024,30701,urbana,23,mujer,5,87,5.747126436781609
2024,30701,urbana,24,hombre,11,69,15.942028985507246
2024,30701,urbana,24,mujer,11,75,14.666666666666666
2024,30701,urbana,25,hombre,8,67,11.940298507462687
2024,30701,urbana,25,mujer,11,65,16.923076923076923
2024,30701,urbana,26,hombre,8,63,12.698412698412698
2024,30701,urbana,26,mujer,11,71,15.492957746478874
2024,30701,urbana,27,hombre,7,64,10.9375
2024,30701,urbana,27,mujer,12,66,18.181818181818183
2024,30701,urbana,28,hombre,7,66,10.606060606060606
2024,30701,urbana,28,mujer,6,61,9.836065573770492
2024,30702,rural,16,hombre,9,53,16.9811320754717
2024,30702,rural,16,mujer,7,60,11.666666666666666
2024,30702,rural,17,hombre,13,62,20.967741935483872
2024,30702,rural,17,mujer,7,44,15.909090909090908
2024,30702,rural,18,hombre,54,108,50.0
2024,30702,rural,18,mujer,7,56,12.5
2024,30702,rural,19,hombre,44,83,53.01204819277108
2024,30702,rural,19,mujer,10,49,20.408163265306122
2024,30702,rural,20,hombre,23,85,27.058823529411764
2024,30702,rural,20,mujer,18,58,31.03448275862069
2024,30702,rural,21,hombre,14,42,33.333333333333336
2024,30702,rural,21,mujer,15,47,31.914893617021278
2024,30702,rural,22,hombre,16,69,23.18840579710145
2024,30702,rural,22,mujer,16,65,24.615384615384617
2024,30702,rural,23,hombre,12,67,17.91044776119403
2024,30702,rural,23,mujer,10,61,16.39344262295082
2024,30702,rural,24,hombre,11,54,20.37037037037037
2024,30702,rural,24,mujer,15,51,29.41176470588235
2024,30702,rural,25,hombre,14,57,24.56140350877193
2024,30702,rural,25,mujer,15,61,24.59016393442623
2024,30702,rural,26,hombre,16,56,28.571428571428573
2024,30702,rural,26,mujer,13,54,24.074074074074073
2024,30702,rural,27,hombre,26,65,40.0
2024,30702,rural,27,mujer,22,63,34.92063492063492
2024,30702,rural,28,hombre,15,57,26.31578947368421
2024,30702,rural,28,mujer,12,55,21.818181818181817
2024,30703,rural,16,hombre,2,42,4.761904761904762
2024,30703,rural,16,mujer,1,37,2.7027027027027026
2024,30703,rural,17,hombre,2,39,5.128205128205129
2024,30703,rural,17,mujer,8,36,22.22222222222222
2024,30703,rural,18,hombre,1,33,3.0303030303030303
2024,30703,rural,18,mujer,2,32,6.25
2024,30703,rural,19,hombre,2,40,5.0
2024,30703,rural,19,mujer,3,29,10.344827586206897
2024,30703,rural,20,hombre,5,29,17.24137931034483
2024,30703,rural,20,mujer,3,30,10.0
2024,30703,rural,21,hombre,2,29,6.896551724137931
2024,30703,rural,21,mujer,1,30,3.3333333333333335
2024,30703,rural,22,hombre,3,29,10.344827586206897
2024,30703,rural,22,mujer,4,30,13.333333333333334
2024,30703,rural,23,hombre,7,36,19.444444444444443
2024,30703,rural,23,mujer,5,45,11.11111111111111
2024,30703,rural,24,hombre,8,46,17.391304347826086
2024,30703,rural,24,mujer,3,27,11.11111111111111
2024,30703,rural,25,hombre,3,32,9.375
2024,30703,rural,25,mujer,4,28,14.285714285714286
2024,30703,rural,26,hombre,2,32,6.25
2024,30703,rural,26,mujer,2,20,10.0
2024,30703,rural,27,hombre,2,38,5.2631578947368425
2024,30703,rural,27,mujer,5,29,17.24137931034483
2024,30703,rural,28,hombre,0,26,0.0
2024,30703,rural,28,mujer,4,32,12.5
2024,30801,rural,16,hombre,6,72,8.333333333333334
2024,30801,rural,16,mujer,6,88,6.818181818181818
2024,30801,rural,17,hombre,8,99,8.080808080808081
2024,30801,rural,17,mujer,3,69,4.3478260869565215
2024,30801,rural,18,hombre,4,83,4.819277108433735
2024,30801,rural,18,mujer,10,87,11.494252873563218
2024,30801,rural,19,hombre,5,81,6.172839506172839
2024,30801,rural,19,mujer,5,78,6.410256410256411
2024,30801,rural,20,hombre,3,82,3.658536585365854
2024,30801,rural,20,mujer,3,75,4.0
2024,30801,rural,21,hombre,11,84,13.095238095238095
2024,30801,rural,21,mujer,9,80,11.25
2024,30801,rural,22,hombre,5,75,6.666666666666667
2024,30801,rural,22,mujer,13,84,15.476190476190476
2024,30801,rural,23,hombre,8,78,10.256410256410257
2024,30801,rural,23,mujer,14,92,15.217391304347826
2024,30801,rural,24,hombre,10,84,11.904761904761905
2024,30801,rural,24,mujer,9,76,11.842105263157896
2024,30801,rural,25,hombre,12,76,15.789473684210526
2024,30801,rural,25,mujer,10,74,13.513513513513514
2024,30801,rural,26,hombre,8,82,9.75609756097561
2024,30801,rural,26,mujer,6,74,8.108108108108109
2024,30801,rural,27,hombre,7,61,11.475409836065573
2024,30801,rural,27,mujer,8,70,11.428571428571429
2024,30801,rural,28,hombre,8,60,13.333333333333334
2024,30801,rural,28,mujer,8,76,10.526315789473685
2024,30801,urbana,16,hombre,8,83,9.63855421686747
2024,30801,urbana,16,mujer,4,87,4.597701149425287
2024,30801,urbana,17,hombre,4,87,4.597701149425287
2024,30801,urbana,17,mujer,8,84,9.523809523809524
2024,30801,urbana,18,hombre,6,83,7.228915662650603
2024,30801,urbana,18,mujer,7,93,7.526881720430108
2024,30801,urbana,19,hombre,5,82,6.097560975609756
2024,30801,urbana,19,mujer,5,81,6.172839506172839
2024,30801,urbana,20,hombre,6,73,8.219178082191782
2024,30801,urbana,20,mujer,8,83,9.63855421686747
2024,30801,urbana,21,hombre,2,84,2.380952380952381
2024,30801,urbana,21,mujer,2,90,2.2222222222222223
2024,30801,urbana,22,hombre,2,71,2.816901408450704
2024,30801,urbana,22,mujer,3,98,3.061224489795918
2024,30801,urbana,23,hombre,8,93,8.602150537634408
2024,30801,urbana,23,mujer,8,103,7.766990291262136
2024,30801,urbana,24,hombre,8,98,8.16326530612245
2024,30801,urbana,24,mujer,5,97,5.154639175257732
2024,30801,urbana,25,hombre,7,101,6.930693069306931
2024,30801,urbana,25,mujer,7,76,9.210526315789474
2024,30801,urbana,26,hombre,8,108,7.407407407407407
2024,30801,urbana,26,mujer,12,77,15.584415584415584
2024,30801,urbana,27,hombre,11,82,13.414634146341463
2024,30801,urbana,27,mujer,12,81,14.814814814814815
2024,30801,urbana,28,hombre,6,80,7.5
2024,30801,urbana,28,mujer,12,98,12.244897959183673
2024,30802,rural,16,hombre,7,66,10.606060606060606
2024,30802,rural,16,mujer,6,43,13.953488372093023
2024,30802,rural,17,hombre,1,50,2.0
2024,30802,rural,17,mujer,4,51,7.8431372549019605
2024,30802,rural,18,hombre,7,64,10.9375
2024,30802,rural,18,mujer,5,50,10.0
2024,30802,rural,19,hombre,4,46,8.695652173913043
2024,30802,rural,19,mujer,5,46,10.869565217391305
2024,30802,rural,20,hombre,3,56,5.357142857142857
2024,30802,rural,20,mujer,6,48,12.5
2024,30802,rural,21,hombre,4,65,6.153846153846154
2024,30802,rural,21,mujer,5,61,8.19672131147541
2024,30802,rural,22,hombre,8,47,17.02127659574468
2024,30802,rural,22,mujer,8,52,15.384615384615385
2024,30802,rural,23,hombre,8,55,14.545454545454545
2024,30802,rural,23,mujer,9,65,13.846153846153847
2024,30802,rural,24,hombre,10,60,16.666666666666668
2024,30802,rural,24,mujer,14,54,25.925925925925927
2024,30802,rural,25,hombre,6,53,11.320754716981131
2024,30802,rural,25,mujer,3,51,5.882352941176471
2024,30802,rural,26,hombre,4,60,6.666666666666667
2024,30802,rural,26,mujer,6,55,10.909090909090908
2024,30802,rural,27,hombre,4,59,6.779661016949152
2024,30802,rural,27,mujer,6,50,12.0
2024,30802,rural,28,hombre,5,57,8.771929824561404
2024,30802,rural,28,mujer,8,52,15.384615384615385
2024,30803,rural,16,hombre,12,42,28.571428571428573
2024,30803,rural,16,mujer,13,27,48.148148148148145
2024,30803,rural,17,hombre,43,80,53.75
2024,30803,rural,17,mujer,14,50,28.0
2024,30803,rural,18,hombre,156,194,80.41237113402062
2024,30803,rural,18,mujer,23,61,37.704918032786885
2024,30803,rural,19,hombre,104,146,71.23287671232876
2024,30803,rural,19,mujer,27,54,50.0
2024,30803,rural,20,hombre,77,106,72.64150943396227
2024,30803,rural,20,mujer,25,50,50.0
2024,30803,rural,21,hombre,56,88,63.63636363636363
2024,30803,rural,21,mujer,19,45,42.22222222222222
2024,30803,rural,22,hombre,70,105,66.66666666666667
2024,30803,rural,22,mujer,25,52,48.07692307692308
2024,30803,rural,23,hombre,41,82,50.0
2024,30803,rural,23,mujer,32,63,50.79365079365079
2024,30803,rural,24,hombre,26,64,40.625
2024,30803,rural,24,mujer,22,54,40.74074074074074
2024,30803,rural,25,hombre,21,60,35.0
2024,30803,rural,25,mujer,19,55,34.54545454545455
2024,30803,rural,26,hombre,20,44,45.45454545454545
2024,30803,rural,26,mujer,20,56,35.714285714285715
2024,30803,rural,27,hombre,27,61,44.26229508196721
2024,30803,rural,27,mujer,22,45,48.888888888888886
2024,30803,rural,28,hombre,22,53,41.509433962264154
2024,30803,rural,28,mujer,23,51,45.09803921568628
2024,30803,urbana,16,hombre,2,16,12.5
2024,30803,urbana,16,mujer,5,24,20.833333333333332
2024,30803,urbana,17,hombre,49,61,80.32786885245902
2024,30803,urbana,17,mujer,6,22,27.272727272727273
2024,30803,urbana,18,hombre,131,152,86.1842105263158
2024,30803,urbana,18,mujer,2,17,11.764705882352942
2024,30803,urbana,19,hombre,50,64,78.125
2024,30803,urbana,19,mujer,1,16,6.25
2024,30803,urbana,20,hombre,28,39,71.7948717948718
2024,30803,urbana,20,mujer,3,20,15.0
2024,30803,urbana,21,hombre,9,20,45.0
2024,30803,urbana,21,mujer,7,24,29.166666666666668
2024,30803,urbana,22,hombre,8,20,40.0
2024,30803,urbana,22,mujer,4,19,21.05263157894737
2024,30803,urbana,23,hombre,5,19,26.31578947368421
2024,30803,urbana,23,mujer,4,18,22.22222222222222
2024,30803,urbana,24,hombre,3,15,20.0
2024,30803,urbana,24,mujer,4,19,21.05263157894737
2024,30803,urbana,25,hombre,1,19,5.2631578947368425
2024,30803,urbana,25,mujer,0,21,0.0
2024,30803,urbana,26,hombre,6,18,33.333333333333336
2024,30803,urbana,26,mujer,6,24,25.0
2024,30803,urbana,27,hombre,4,12,33.333333333333336
2024,30803,urbana,27,mujer,4,20,20.0
2024,30803,urbana,28,hombre,4,14,28.571428571428573
2024,30803,urbana,28,mujer,9,22,40.90909090909091
2024,30901,rural,16,hombre,8,94,8.51063829787234
2024,30901,rural,16,mujer,7,80,8.75
2024,30901,rural,17,hombre,3,60,5.0
2024,30901,rural,17,mujer,8,73,10.95890410958904
2024,30901,rural,18,hombre,5,61,8.19672131147541
2024,30901,rural,18,mujer,5,63,7.936507936507937
2024,30901,rural,19,hombre,5,53,9.433962264150944
2024,30901,rural,19,mujer,8,77,10.38961038961039
2024,30901,rural,20,hombre,10,67,14.925373134328359
2024,30901,rural,20,mujer,10,63,15.873015873015873
2024,30901,rural,21,hombre,9,74,12.162162162162161
2024,30901,rural,21,mujer,8,76,10.526315789473685
2024,30901,rural,22,hombre,6,64,9.375
2024,30901,rural,22,mujer,5,51,9.803921568627452
2024,30901,rural,23,hombre,11,77,14.285714285714286
2024,30901,rural,23,mujer,12,66,18.181818181818183
2024,30901,rural,24,hombre,11,73,15.068493150684931
2024,30901,rural,24,mujer,13,81,16.049382716049383
2024,30901,rural,25,hombre,8,71,11.267605633802816
2024,30901,rural,25,mujer,13,71,18.309859154929576
2024,30901,rural,26,hombre,4,55,7.2727272727272725
2024,30901,rural,26,mujer,7,70,10.0
2024,30901,rural,27,hombre,16,68,23.529411764705884
2024,30901,rural,27,mujer,7,64,10.9375
2024,30901,rural,28,hombre,4,48,8.333333333333334
2024,30901,rural,28,mujer,6,49,12.244897959183673
2024,30901,urbana,16,hombre,147,1451,10.130944176430049
2024,30901,urbana,16,mujer,179,1469,12.185159972770592
2024,30901,urbana,17,hombre,166,1436,11.559888579387186
2024,30901,urbana,17,mujer,167,1512,11.044973544973544
2024,30901,urbana,18,hombre,309,1594,19.385194479297365
2024,30901,urbana,18,mujer,217,1441,15.058986814712005
2024,30901,urbana,19,hombre,249,1500,16.6
2024,30901,urbana,19,mujer,243,1484,16.37466307277628
2024,30901,urbana,20,hombre,225,1390,16.18705035971223
2024,30901,urbana,20,mujer,271,1488,18.212365591397848
2024,30901,urbana,21,hombre,253,1430,17.692307692307693
2024,30901,urbana,21,mujer,242,1524,15.879265091863518
2024,30901,urbana,22,hombre,215,1341,16.032811334824757
2024,30901,urbana,22,mujer,222,1479,15.010141987829615
2024,30901,urbana,23,hombre,213,1517,14.040870138431114
2024,30901,urbana,23,mujer,272,1594,17.063989962358846
2024,30901,urbana,24,hombre,190,1487,12.77740416946873
2024,30901,urbana,24,mujer,249,1645,15.136778115501519
2024,30901,urbana,25,hombre,204,1336,15.269461077844312
2024,30901,urbana,25,mujer,244,1510,16.158940397350992
2024,30901,urbana,26,hombre,206,1373,15.003641660597232
2024,30901,urbana,26,mujer,236,1478,15.967523680649526
2024,30901,urbana,27,hombre,203,1344,15.104166666666666
2024,30901,urbana,27,mujer,210,1409,14.904187366926898
2024,30901,urbana,28,hombre,185,1302,14.208909370199693
2024,30901,urbana,28,mujer,191,1462,13.064295485636116
2024,30902,rural,16,hombre,23,183,12.568306010928962
2024,30902,rural,16,mujer,16,176,9.090909090909092
2024,30902,rural,17,hombre,19,159,11.949685534591195
2024,30902,rural,17,mujer,23,172,13.372093023255815
2024,30902,rural,18,hombre,19,127,14.960629921259843
2024,30902,rural,18,mujer,25,170,14.705882352941176
2024,30902,rural,19,hombre,14,120,11.666666666666666
2024,30902,rural,19,mujer,19,167,11.377245508982035
2024,30902,rural,20,hombre,18,149,12.080536912751677
2024,30902,rural,20,mujer,22,160,13.75
2024,30902,rural,21,hombre,15,142,10.56338028169014
2024,30902,rural,21,mujer,20,175,11.428571428571429
2024,30902,rural,22,hombre,17,155,10.96774193548387
2024,30902,rural,22,mujer,22,144,15.277777777777779
2024,30902,rural,23,hombre,28,181,15.469613259668508
2024,30902,rural,23,mujer,27,178,15.168539325842696
2024,30902,rural,24,hombre,28,156,17.94871794871795
2024,30902,rural,24,mujer,24,182,13.186813186813186
2024,30902,rural,25,hombre,16,150,10.666666666666666
2024,30902,rural,25,mujer,24,159,15.09433962264151
2024,30902,rural,26,hombre,15,133,11.278195488721805
2024,30902,rural,26,mujer,16,146,10.95890410958904
2024,30902,rural,27,hombre,14,134,10.447761194029852
2024,30902,rural,27,mujer,24,146,16.438356164383563
2024,30902,rural,28,hombre,24,138,17.391304347826086
2024,30902,rural,28,mujer,18,165,10.909090909090908
2024,30902,urbana,16,hombre,53,399,13.283208020050125
2024,30902,urbana,16,mujer,51,374,13.636363636363637
2024,30902,urbana,17,hombre,42,374,11.229946524064172
2024,30902,urbana,17,mujer,62,399,15.538847117794486
2024,30902,urbana,18,hombre,40,296,13.513513513513514
2024,30902,urbana,18,mujer,68,411,16.54501216545012
2024,30902,urbana,19,hombre,46,270,17.037037037037038
2024,30902,urbana,19,mujer,70,370,18.91891891891892
2024,30902,urbana,20,hombre,58,327,17.737003058103976
2024,30902,urbana,20,mujer,75,373,20.10723860589812
2024,30902,urbana,21,hombre,42,302,13.907284768211921
2024,30902,urbana,21,mujer,74,401,18.453865336658353
2024,30902,urbana,22,hombre,48,338,14.201183431952662
2024,30902,urbana,22,mujer,62,370,16.756756756756758
2024,30902,urbana,23,hombre,61,389,15.681233933161954
2024,30902,urbana,23,mujer,81,406,19.950738916256157
2024,30902,urbana,24,hombre,58,337,17.2106824925816
2024,30902,urbana,24,mujer,66,372,17.741935483870968
2024,30902,urbana,25,hombre,48,326,14.723926380368098
2024,30902,urbana,25,mujer,73,390,18.71794871794872
2024,30902,urbana,26,hombre,47,291,16.151202749140893
2024,30902,urbana,26,mujer,68,355,19.154929577464788
2024,30902,urbana,27,hombre,53,316,16.772151898734176
2024,30902,urbana,27,mujer,87,367,23.705722070844686
2024,30902,urbana,28,hombre,54,281,19.21708185053381
2024,30902,urbana,28,mujer,69,389,17.737789203084834
2024,30903,rural,16,hombre,1,42,2.380952380952381
2024,30903,rural,16,mujer,2,45,4.444444444444445
2024,30903,rural,17,hombre,2,37,5.405405405405405
2024,30903,rural,17,mujer,1,33,3.0303030303030303
2024,30903,rural,18,hombre,2,43,4.651162790697675
2024,30903,rural,18,mujer,2,33,6.0606060606060606
2024,30903,rural,19,hombre,0,31,0.0
2024,30903,rural,19,mujer,4,28,14.285714285714286
2024,30903,rural,20,hombre,0,26,0.0
2024,30903,rural,20,mujer,0,28,0.0
2024,30903,rural,21,hombre,0,33,0.0
2024,30903,rural,21,mujer,4,39,10.256410256410257
2024,30903,rural,22,hombre,2,22,9.090909090909092
2024,30903,rural,22,mujer,2,26,7.6923076923076925
2024,30903,rural,23,hombre,0,27,0.0
2024,30903,rural,23,mujer,2,35,5.714285714285714
2024,30903,rural,24,hombre,3,18,16.666666666666668
2024,30903,rural,24,mujer,4,26,15.384615384615385
2024,30903,rural,25,hombre,3,34,8.823529411764707
2024,30903,rural,25,mujer,1,21,4.761904761904762
2024,30903,rural,26,hombre,3,22,13.636363636363637
2024,30903,rural,26,mujer,1,22,4.545454545454546
2024,30903,rural,27,hombre,2,24,8.333333333333334
2024,30903,rural,27,mujer,1,25,4.0
2024,30903,rural,28,hombre,1,28,3.5714285714285716
2024,30903,rural,28,mujer,1,27,3.7037037037037037
2024,30903,urbana,16,hombre,88,533,16.51031894934334
2024,30903,urbana,16,mujer,89,514,17.315175097276263
2024,30903,urbana,17,hombre,94,527,17.836812144212523
2024,30903,urbana,17,mujer,89,542,16.420664206642066
2024,30903,urbana,18,hombre,108,538,20.074349442379184
2024,30903,urbana,18,mujer,132,644,20.496894409937887
2024,30903,urbana,19,hombre,106,540,19.62962962962963
2024,30903,urbana,19,mujer,97,566,17.137809187279153
2024,30903,urbana,20,hombre,98,523,18.738049713193117
2024,30903,urbana,20,mujer,118,581,20.309810671256454
2024,30903,urbana,21,hombre,101,496,20.362903225806452
2024,30903,urbana,21,mujer,116,553,20.976491862567812
2024,30903,urbana,22,hombre,95,529,17.958412098298677
2024,30903,urbana,22,mujer,96,536,17.91044776119403
2024,30903,urbana,23,hombre,101,545,18.53211009174312
2024,30903,urbana,23,mujer,108,589,18.33616298811545
2024,30903,urbana,24,hombre,132,570,23.157894736842106
2024,30903,urbana,24,mujer,114,596,19.12751677852349
2024,30903,urbana,25,hombre,112,519,21.57996146435453
2024,30903,urbana,25,mujer,101,557,18.132854578096946
2024,30903,urbana,26,hombre,98,488,20.081967213114755
2024,30903,urbana,26,mujer,94,499,18.837675350701403
2024,30903,urbana,27,hombre,91,463,19.65442764578834
2024,30903,urbana,27,mujer,112,525,21.333333333333332
2024,30903,urbana,28,hombre,98,491,19.95926680244399
2024,30903,urbana,28,mujer,97,525,18.476190476190474
2024,30904,rural,16,hombre,10,91,10.989010989010989
2024,30904,rural,16,mujer,7,86,8.13953488372093
2024,30904,rural,17,hombre,3,85,3.5294117647058822
2024,30904,rural,17,mujer,10,91,10.989010989010989
2024,30904,rural,18,hombre,10,71,14.084507042253522
2024,30904,rural,18,mujer,6,84,7.142857142857143
2024,30904,rural,19,hombre,9,64,14.0625
2024,30904,rural,19,mujer,9,81,11.11111111111111
2024,30904,rural,20,hombre,6,64,9.375
2024,30904,rural,20,mujer,8,88,9.090909090909092
2024,30904,rural,21,hombre,15,79,18.9873417721519
2024,30904,rural,21,mujer,15,75,20.0
2024,30904,rural,22,hombre,8,75,10.666666666666666
2024,30904,rural,22,mujer,5,65,7.6923076923076925
2024,30904,rural,23,hombre,8,92,8.695652173913043
2024,30904,rural,23,mujer,8,69,11.594202898550725
2024,30904,rural,24,hombre,10,67,14.925373134328359
2024,30904,rural,24,mujer,22,84,26.19047619047619
2024,30904,rural,25,hombre,10,55,18.181818181818183
2024,30904,rural,25,mujer,12,70,17.142857142857142
2024,30904,rural,26,hombre,8,66,12.121212121212121
2024,30904,rural,26,mujer,13,88,14.772727272727273
2024,30904,rural,27,hombre,4,72,5.555555555555555
2024,30904,rural,27,mujer,10,63,15.873015873015873
2024,30904,rural,28,hombre,13,80,16.25
2024,30904,rural,28,mujer,15,96,15.625
2024,30904,urbana,16,hombre,75,471,15.92356687898089
2024,30904,urbana,16,mujer,66,435,15.172413793103448
2024,30904,urbana,17,hombre,66,430,15.348837209302326
2024,30904,urbana,17,mujer,80,493,16.227180527383368
2024,30904,urbana,18,hombre,87,419,20.763723150357997
2024,30904,urbana,18,mujer,121,492,24.59349593495935
2024,30904,urbana,19,hombre,82,395,20.759493670886076
2024,30904,urbana,19,mujer,120,460,26.08695652173913
2024,30904,urbana,20,hombre,114,455,25.054945054945055
2024,30904,urbana,20,mujer,112,498,22.48995983935743
2024,30904,urbana,21,hombre,108,458,23.580786026200872
2024,30904,urbana,21,mujer,114,477,23.89937106918239
2024,30904,urbana,22,hombre,110,462,23.80952380952381
2024,30904,urbana,22,mujer,114,487,23.408624229979466
2024,30904,urbana,23,hombre,108,527,20.49335863377609
2024,30904,urbana,23,mujer,116,559,20.75134168157424
2024,30904,urbana,24,hombre,104,511,20.35225048923679
2024,30904,urbana,24,mujer,107,494,21.65991902834008
2024,30904,urbana,25,hombre,85,453,18.763796909492275
2024,30904,urbana,25,mujer,97,473,20.507399577167018
2024,30904,urbana,26,hombre,63,403,15.632754342431761
2024,30904,urbana,26,mujer,75,472,15.889830508474576
2024,30904,urbana,27,hombre,71,431,16.473317865429234
2024,30904,urbana,27,mujer,83,460,18.043478260869566
2024,30904,urbana,28,hombre,80,383,20.887728459530027
2024,30904,urbana,28,mujer,99,474,20.88607594936709
2024,30905,urbana,16,hombre,116,669,17.33931240657698
2024,30905,urbana,16,mujer,83,547,15.173674588665447
2024,30905,urbana,17,hombre,111,594,18.68686868686869
2024,30905,urbana,17,mujer,102,588,17.346938775510203
2024,30905,urbana,18,hombre,119,534,22.284644194756556
2024,30905,urbana,18,mujer,131,602,21.760797342192692
2024,30905,urbana,19,hombre,131,577,22.703639514731368
2024,30905,urbana,19,mujer,125,574,21.777003484320556
2024,30905,urbana,20,hombre,113,566,19.964664310954063
2024,30905,urbana,20,mujer,148,613,24.143556280587276
2024,30905,urbana,21,hombre,124,593,20.9106239460371
2024,30905,urbana,21,mujer,128,559,22.898032200357783
2024,30905,urbana,22,hombre,114,557,20.46678635547576
2024,30905,urbana,22,mujer,133,610,21.80327868852459
2024,30905,urbana,23,hombre,131,606,21.617161716171616
2024,30905,urbana,23,mujer,136,614,22.149837133550488
2024,30905,urbana,24,hombre,135,601,22.462562396006657
2024,30905,urbana,24,mujer,130,660,19.696969696969695
2024,30905,urbana,25,hombre,114,591,19.289340101522843
2024,30905,urbana,25,mujer,155,613,25.28548123980424
2024,30905,urbana,26,hombre,127,571,22.241681260945708
2024,30905,urbana,26,mujer,128,609,21.01806239737274
2024,30905,urbana,27,hombre,124,533,23.264540337711068
2024,30905,urbana,27,mujer,143,603,23.71475953565506
2024,30905,urbana,28,hombre,119,519,22.928709055876684
2024,30905,urbana,28,mujer,159,584,27.226027397260275
2024,31001,rural,16,hombre,21,241,8.71369294605809
2024,31001,rural,16,mujer,31,257,12.062256809338521
2024,31001,rural,17,hombre,25,239,10.460251046025105
2024,31001,rural,17,mujer,33,240,13.75
2024,31001,rural,18,hombre,37,207,17.8743961352657
2024,31001,rural,18,mujer,44,244,18.0327868852459
2024,31001,rural,19,hombre,33,229,14.410480349344978
2024,31001,rural,19,mujer,46,252,18.253968253968253
2024,31001,rural,20,hombre,33,234,14.102564102564102
2024,31001,rural,20,mujer,40,220,18.181818181818183
2024,31001,rural,21,hombre,47,236,19.915254237288135
2024,31001,rural,21,mujer,57,259,22.00772200772201
2024,31001,rural,22,hombre,39,229,17.03056768558952
2024,31001,rural,22,mujer,38,257,14.785992217898833
2024,31001,rural,23,hombre,46,251,18.326693227091635
2024,31001,rural,23,mujer,52,269,19.33085501858736
2024,31001,rural,24,hombre,33,251,13.147410358565738
2024,31001,rural,24,mujer,37,256,14.453125
2024,31001,rural,25,hombre,38,211,18.009478672985782
2024,31001,rural,25,mujer,36,255,14.117647058823529
2024,31001,rural,26,hombre,35,222,15.765765765765765
2024,31001,rural,26,mujer,42,248,16.93548387096774
2024,31001,rural,27,hombre,27,205,13.170731707317072
2024,31001,rural,27,mujer,41,219,18.72146118721461
2024,31001,rural,28,hombre,28,215,13.023255813953488
2024,31001,rural,28,mujer,45,236,19.06779661016949
2024,31001,urbana,16,hombre,218,1726,12.630359212050985
2024,31001,urbana,16,mujer,236,1702,13.866039952996475
2024,31001,urbana,17,hombre,218,1746,12.485681557846506
2024,31001,urbana,17,mujer,275,1829,15.035538545653363
2024,31001,urbana,18,hombre,313,1826,17.14129244249726
2024,31001,urbana,18,mujer,358,1965,18.21882951653944
2024,31001,urbana,19,hombre,341,1816,18.777533039647576
2024,31001,urbana,19,mujer,393,1982,19.8284561049445
2024,31001,urbana,20,hombre,341,1882,18.11902231668438
2024,31001,urbana,20,mujer,371,1960,18.928571428571427
2024,31001,urbana,21,hombre,405,1926,21.02803738317757
2024,31001,urbana,21,mujer,376,1968,19.10569105691057
2024,31001,urbana,22,hombre,418,1893,22.08135235076598
2024,31001,urbana,22,mujer,402,1965,20.458015267175572
2024,31001,urbana,23,hombre,371,1983,18.70902672718104
2024,31001,urbana,23,mujer,337,2017,16.70798215171046
2024,31001,urbana,24,hombre,369,1925,19.16883116883117
2024,31001,urbana,24,mujer,333,2058,16.18075801749271
2024,31001,urbana,25,hombre,312,1780,17.528089887640448
2024,31001,urbana,25,mujer,333,1908,17.452830188679247
2024,31001,urbana,26,hombre,336,1763,19.05842314237096
2024,31001,urbana,26,mujer,306,1848,16.558441558441558
2024,31001,urbana,27,hombre,330,1706,19.343493552168816
2024,31001,urbana,27,mujer,316,1756,17.995444191343964
2024,31001,urbana,28,hombre,330,1686,19.572953736654803
2024,31001,urbana,28,mujer,307,1751,17.532838378069673
2024,31002,rural,16,hombre,13,199,6.532663316582915
2024,31002,rural,16,mujer,13,173,7.514450867052023
2024,31002,rural,17,hombre,10,160,6.25
2024,31002,rural,17,mujer,14,154,9.090909090909092
2024,31002,rural,18,hombre,19,157,12.101910828025478
2024,31002,rural,18,mujer,11,167,6.586826347305389
2024,31002,rural,19,hombre,18,139,12.949640287769784
2024,31002,rural,19,mujer,19,150,12.666666666666666
2024,31002,rural,20,hombre,19,163,11.656441717791411
2024,31002,rural,20,mujer,14,154,9.090909090909092
2024,31002,rural,21,hombre,17,187,9.090909090909092
2024,31002,rural,21,mujer,18,147,12.244897959183673
2024,31002,rural,22,hombre,26,163,15.950920245398773
2024,31002,rural,22,mujer,21,137,15.328467153284672
2024,31002,rural,23,hombre,22,198,11.11111111111111
2024,31002,rural,23,mujer,21,153,13.72549019607843
2024,31002,rural,24,hombre,24,182,13.186813186813186
2024,31002,rural,24,mujer,27,169,15.976331360946746
2024,31002,rural,25,hombre,21,144,14.583333333333334
2024,31002,rural,25,mujer,20,155,12.903225806451612
2024,31002,rural,26,hombre,22,157,14.012738853503185
2024,31002,rural,26,mujer,15,127,11.811023622047244
2024,31002,rural,27,hombre,22,166,13.25301204819277
2024,31002,rural,27,mujer,17,133,12.781954887218046
2024,31002,rural,28,hombre,16,154,10.38961038961039
2024,31002,rural,28,mujer,29,137,21.16788321167883
2024,31002,urbana,16,hombre,2,50,4.0
2024,31002,urbana,16,mujer,5,51,9.803921568627452
2024,31002,urbana,17,hombre,18,50,36.0
2024,31002,urbana,17,mujer,5,51,9.803921568627452
2024,31002,urbana,18,hombre,70,114,61.40350877192982
2024,31002,urbana,18,mujer,10,52,19.23076923076923
2024,31002,urbana,19,hombre,32,75,42.666666666666664
2024,31002,urbana,19,mujer,7,41,17.073170731707318
2024,31002,urbana,20,hombre,14,46,30.434782608695652
2024,31002,urbana,20,mujer,4,38,10.526315789473685
2024,31002,urbana,21,hombre,8,50,16.0
2024,31002,urbana,21,mujer,5,42,11.904761904761905
2024,31002,urbana,22,hombre,6,40,15.0
2024,31002,urbana,22,mujer,3,44,6.818181818181818
2024,31002,urbana,23,hombre,4,37,10.81081081081081
2024,31002,urbana,23,mujer,8,44,18.181818181818183
2024,31002,urbana,24,hombre,5,52,9.615384615384615
2024,31002,urbana,24,mujer,9,43,20.930232558139537
2024,31002,urbana,25,hombre,3,29,10.344827586206897
2024,31002,urbana,25,mujer,9,49,18.367346938775512
2024,31002,urbana,26,hombre,10,34,29.41176470588235
2024,31002,urbana,26,mujer,4,36,11.11111111111111
2024,31002,urbana,27,hombre,5,28,17.857142857142858
2024,31002,urbana,27,mujer,10,43,23.25581395348837
2024,31002,urbana,28,hombre,4,33,12.121212121212121
2024,31002,urbana,28,mujer,12,45,26.666666666666668
2024,31003,rural,16,hombre,141,839,16.805721096543504
2024,31003,rural,16,mujer,103,665,15.488721804511279
2024,31003,rural,17,hombre,169,841,20.09512485136742
2024,31003,rural,17,mujer,124,695,17.841726618705035
2024,31003,rural,18,hombre,254,797,31.869510664993726
2024,31003,rural,18,mujer,135,628,21.496815286624205
2024,31003,rural,19,hombre,259,816,31.74019607843137
2024,31003,rural,19,mujer,145,646,22.445820433436534
2024,31003,rural,20,hombre,225,831,27.075812274368232
2024,31003,rural,20,mujer,136,606,22.442244224422442
2024,31003,rural,21,hombre,205,814,25.184275184275183
2024,31003,rural,21,mujer,165,666,24.774774774774773
2024,31003,rural,22,hombre,189,801,23.59550561797753
2024,31003,rural,22,mujer,161,689,23.367198838896954
2024,31003,rural,23,hombre,218,941,23.16684378320935
2024,31003,rural,23,mujer,195,785,24.840764331210192
2024,31003,rural,24,hombre,220,957,22.988505747126435
2024,31003,rural,24,mujer,193,819,23.565323565323567
2024,31003,rural,25,hombre,182,851,21.386603995299648
2024,31003,rural,25,mujer,191,739,25.84573748308525
2024,31003,rural,26,hombre,194,894,21.700223713646533
2024,31003,rural,26,mujer,163,692,23.55491329479769
2024,31003,rural,27,hombre,150,835,17.964071856287426
2024,31003,rural,27,mujer,164,733,22.37380627557981
2024,31003,rural,28,hombre,142,793,17.90668348045397
2024,31003,rural,28,mujer,140,720,19.444444444444443
2024,31003,urbana,16,hombre,21,128,16.40625
2024,31003,urbana,16,mujer,9,119,7.563025210084033
2024,31003,urbana,17,hombre,10,96,10.416666666666666
2024,31003,urbana,17,mujer,12,102,11.764705882352942
2024,31003,urbana,18,hombre,18,88,20.454545454545453
2024,31003,urbana,18,mujer,28,108,25.925925925925927
2024,31003,urbana,19,hombre,25,99,25.252525252525253
2024,31003,urbana,19,mujer,31,114,27.19298245614035
2024,31003,urbana,20,hombre,21,82,25.609756097560975
2024,31003,urbana,20,mujer,22,102,21.568627450980394
2024,31003,urbana,21,hombre,23,94,24.46808510638298
2024,31003,urbana,21,mujer,33,119,27.73109243697479
2024,31003,urbana,22,hombre,26,87,29.885057471264368
2024,31003,urbana,22,mujer,32,113,28.31858407079646
2024,31003,urbana,23,hombre,39,114,34.21052631578947
2024,31003,urbana,23,mujer,45,128,35.15625
2024,31003,urbana,24,hombre,47,141,33.333333333333336
2024,31003,urbana,24,mujer,38,136,27.941176470588236
2024,31003,urbana,25,hombre,23,94,24.46808510638298
2024,31003,urbana,25,mujer,39,138,28.26086956521739
2024,31003,urbana,26,hombre,42,129,32.55813953488372
2024,31003,urbana,26,mujer,47,116,40.51724137931034
2024,31003,urbana,27,hombre,41,121,33.88429752066116
2024,31003,urbana,27,mujer,17,89,19.10112359550562
2024,31003,urbana,28,hombre,23,111,20.72072072072072
2024,31003,urbana,28,mujer,23,115,20.0
2024,31101,rural,16,hombre,10,212,4.716981132075472
2024,31101,rural,16,mujer,20,212,9.433962264150944
2024,31101,rural,17,hombre,16,226,7.079646017699115
2024,31101,rural,17,mujer,21,223,9.417040358744394
2024,31101,rural,18,hombre,15,185,8.108108108108109
2024,31101,rural,18,mujer,21,228,9.210526315789474
2024,31101,rural,19,hombre,15,177,8.474576271186441
2024,31101,rural,19,mujer,12,156,7.6923076923076925
2024,31101,rural,20,hombre,15,190,7.894736842105263
2024,31101,rural,20,mujer,22,154,14.285714285714286
2024,31101,rural,21,hombre,18,212,8.49056603773585
2024,31101,rural,21,mujer,12,171,7.017543859649122
2024,31101,rural,22,hombre,19,234,8.11965811965812
2024,31101,rural,22,mujer,16,166,9.63855421686747
2024,31101,rural,23,hombre,16,225,7.111111111111111
2024,31101,rural,23,mujer,26,191,13.612565445026178
2024,31101,rural,24,hombre,18,197,9.137055837563452
2024,31101,rural,24,mujer,17,185,9.18918918918919
2024,31101,rural,25,hombre,19,165,11.515151515151516
2024,31101,rural,25,mujer,15,150,10.0
2024,31101,rural,26,hombre,21,200,10.5
2024,31101,rural,26,mujer,15,183,8.19672131147541
2024,31101,rural,27,hombre,6,176,3.409090909090909
2024,31101,rural,27,mujer,25,194,12.88659793814433
2024,31101,rural,28,hombre,16,178,8.98876404494382
2024,31101,rural,28,mujer,13,153,8.49673202614379
2024,31201,rural,16,hombre,10,126,7.936507936507937
2024,31201,rural,16,mujer,11,134,8.208955223880597
2024,31201,rural,17,hombre,13,160,8.125
2024,31201,rural,17,mujer,12,146,8.219178082191782
2024,31201,rural,18,hombre,16,128,12.5
2024,31201,rural,18,mujer,19,122,15.573770491803279
2024,31201,rural,19,hombre,17,143,11.888111888111888
2024,31201,rural,19,mujer,16,134,11.940298507462687
2024,31201,rural,20,hombre,26,149,17.449664429530202
2024,31201,rural,20,mujer,16,129,12.4031007751938
2024,31201,rural,21,hombre,31,162,19.135802469135804
2024,31201,rural,21,mujer,27,132,20.454545454545453
2024,31201,rural,22,hombre,22,137,16.05839416058394
2024,31201,rural,22,mujer,24,120,20.0
2024,31201,rural,23,hombre,26,184,14.130434782608695
2024,31201,rural,23,mujer,24,134,17.91044776119403
2024,31201,rural,24,hombre,27,155,17.419354838709676
2024,31201,rural,24,mujer,24,153,15.686274509803921
2024,31201,rural,25,hombre,21,136,15.441176470588236
2024,31201,rural,25,mujer,12,112,10.714285714285714
2024,31201,rural,26,hombre,22,139,15.827338129496402
2024,31201,rural,26,mujer,12,99,12.121212121212121
2024,31201,rural,27,hombre,26,123,21.13821138211382
2024,31201,rural,27,mujer,16,116,13.793103448275861
2024,31201,rural,28,hombre,23,135,17.037037037037038
2024,31201,rural,28,mujer,24,116,20.689655172413794
2024,31202,rural,16,hombre,7,148,4.72972972972973
2024,31202,rural,16,mujer,8,119,6.722689075630252
2024,31202,rural,17,hombre,13,131,9.923664122137405
2024,31202,rural,17,mujer,8,106,7.547169811320755
2024,31202,rural,18,hombre,6,105,5.714285714285714
2024,31202,rural,18,mujer,15,117,12.820512820512821
2024,31202,rural,19,hombre,5,120,4.166666666666667
2024,31202,rural,19,mujer,14,108,12.962962962962964
2024,31202,rural,20,hombre,10,117,8.547008547008547
2024,31202,rural,20,mujer,12,98,12.244897959183673
2024,31202,rural,21,hombre,8,105,7.619047619047619
2024,31202,rural,21,mujer,21,110,19.09090909090909
2024,31202,rural,22,hombre,8,112,7.142857142857143
2024,31202,rural,22,mujer,15,115,13.043478260869565
2024,31202,rural,23,hombre,19,132,14.393939393939394
2024,31202,rural,23,mujer,19,111,17.117117117117118
2024,31202,rural,24,hombre,11,121,9.090909090909092
2024,31202,rural,24,mujer,24,122,19.672131147540984
2024,31202,rural,25,hombre,17,113,15.044247787610619
2024,31202,rural,25,mujer,25,103,24.271844660194176
2024,31202,rural,26,hombre,15,105,14.285714285714286
2024,31202,rural,26,mujer,8,93,8.602150537634408
2024,31202,rural,27,hombre,11,98,11.224489795918368
2024,31202,rural,27,mujer,13,102,12.745098039215685
2024,31202,rural,28,hombre,17,100,17.0
2024,31202,rural,28,mujer,10,75,13.333333333333334
2024,31203,rural,16,hombre,11,109,10.091743119266056
2024,31203,rural,16,mujer,11,97,11.34020618556701
2024,31203,rural,17,hombre,7,97,7.216494845360825
2024,31203,rural,17,mujer,7,95,7.368421052631579
2024,31203,rural,18,hombre,5,91,5.4945054945054945
2024,31203,rural,18,mujer,7,81,8.641975308641975
2024,31203,rural,19,hombre,5,86,5.813953488372093
2024,31203,rural,19,mujer,13,80,16.25
2024,31203,rural,20,hombre,9,101,8.910891089108912
2024,31203,rural,20,mujer,13,81,16.049382716049383
2024,31203,rural,21,hombre,18,101,17.821782178217823
2024,31203,rural,21,mujer,12,94,12.76595744680851
2024,31203,rural,22,hombre,11,95,11.578947368421053
2024,31203,rural,22,mujer,10,76,13.157894736842104
2024,31203,rural,23,hombre,15,103,14.563106796116505
2024,31203,rural,23,mujer,9,88,10.227272727272727
2024,31203,rural,24,hombre,21,117,17.94871794871795
2024,31203,rural,24,mujer,21,98,21.428571428571427
2024,31203,rural,25,hombre,13,81,16.049382716049383
2024,31203,rural,25,mujer,10,89,11.235955056179776
2024,31203,rural,26,hombre,14,84,16.666666666666668
2024,31203,rural,26,mujer,8,68,11.764705882352942
2024,31203,rural,27,hombre,14,88,15.909090909090908
2024,31203,rural,27,mujer,19,90,21.11111111111111
2024,31203,rural,28,hombre,13,73,17.80821917808219
2024,31203,rural,28,mujer,14,85,16.470588235294116
2024,31204,rural,16,hombre,29,165,17.575757575757574
2024,31204,rural,16,mujer,20,156,12.820512820512821
2024,31204,rural,17,hombre,25,167,14.970059880239521
2024,31204,rural,17,mujer,22,160,13.75
2024,31204,rural,18,hombre,49,148,33.108108108108105
2024,31204,rural,18,mujer,17,134,12.686567164179104
2024,31204,rural,19,hombre,79,199,39.698492462311556
2024,31204,rural,19,mujer,20,126,15.873015873015873
2024,31204,rural,20,hombre,50,164,30.48780487804878
2024,31204,rural,20,mujer,31,124,25.0
2024,31204,rural,21,hombre,39,166,23.49397590361446
2024,31204,rural,21,mujer,28,136,20.58823529411765
2024,31204,rural,22,hombre,26,171,15.2046783625731
2024,31204,rural,22,mujer,24,128,18.75
2024,31204,rural,23,hombre,30,159,18.867924528301888
2024,31204,rural,23,mujer,20,145,13.793103448275861
2024,31204,rural,24,hombre,42,205,20.48780487804878
2024,31204,rural,24,mujer,33,165,20.0
2024,31204,rural,25,hombre,41,175,23.428571428571427
2024,31204,rural,25,mujer,31,138,22.463768115942027
2024,31204,rural,26,hombre,38,146,26.027397260273972
2024,31204,rural,26,mujer,40,158,25.31645569620253
2024,31204,rural,27,hombre,26,155,16.774193548387096
2024,31204,rural,27,mujer,27,131,20.610687022900763
2024,31204,rural,28,hombre,37,168,22.023809523809526
2024,31204,rural,28,mujer,26,125,20.8
2024,31204,urbana,16,hombre,17,104,16.346153846153847
2024,31204,urbana,16,mujer,21,116,18.103448275862068
2024,31204,urbana,17,hombre,46,128,35.9375
2024,31204,urbana,17,mujer,31,132,23.484848484848484
2024,31204,urbana,18,hombre,88,173,50.86705202312139
2024,31204,urbana,18,mujer,37,110,33.63636363636363
2024,31204,urbana,19,hombre,60,138,43.47826086956522
2024,31204,urbana,19,mujer,39,117,33.333333333333336
2024,31204,urbana,20,hombre,37,110,33.63636363636363
2024,31204,urbana,20,mujer,22,87,25.28735632183908
2024,31204,urbana,21,hombre,39,102,38.23529411764706
2024,31204,urbana,21,mujer,36,105,34.285714285714285
2024,31204,urbana,22,hombre,47,117,40.17094017094017
2024,31204,urbana,22,mujer,43,104,41.34615384615385
2024,31204,urbana,23,hombre,54,133,40.6015037593985
2024,31204,urbana,23,mujer,33,123,26.829268292682926
2024,31204,urbana,24,hombre,44,124,35.483870967741936
2024,31204,urbana,24,mujer,38,116,32.758620689655174
2024,31204,urbana,25,hombre,49,127,38.58267716535433
2024,31204,urbana,25,mujer,38,118,32.20338983050848
2024,31204,urbana,26,hombre,36,105,34.285714285714285
2024,31204,urbana,26,mujer,20,111,18.01801801801802
2024,31204,urbana,27,hombre,50,115,43.47826086956522
2024,31204,urbana,27,mujer,38,105,36.19047619047619
2024,31204,urbana,28,hombre,39,101,38.613861386138616
2024,31204,urbana,28,mujer,23,105,21.904761904761905
2024,31205,rural,16,hombre,41,436,9.403669724770642
2024,31205,rural,16,mujer,53,362,14.640883977900552
2024,31205,rural,17,hombre,56,405,13.82716049382716
2024,31205,rural,17,mujer,34,371,9.164420485175203
2024,31205,rural,18,hombre,60,317,18.92744479495268
2024,31205,rural,18,mujer,44,301,14.617940199335548
2024,31205,rural,19,hombre,92,352,26.136363636363637
2024,31205,rural,19,mujer,59,328,17.98780487804878
2024,31205,rural,20,hombre,88,425,20.705882352941178
2024,31205,rural,20,mujer,52,324,16.049382716049383
2024,31205,rural,21,hombre,78,417,18.705035971223023
2024,31205,rural,21,mujer,49,356,13.764044943820224
2024,31205,rural,22,hombre,72,435,16.551724137931036
2024,31205,rural,22,mujer,48,388,12.371134020618557
2024,31205,rural,23,hombre,70,490,14.285714285714286
2024,31205,rural,23,mujer,60,399,15.037593984962406
2024,31205,rural,24,hombre,66,464,14.224137931034482
2024,31205,rural,24,mujer,66,434,15.2073732718894
2024,31205,rural,25,hombre,69,401,17.206982543640898
2024,31205,rural,25,mujer,57,366,15.573770491803279
2024,31205,rural,26,hombre,59,424,13.915094339622641
2024,31205,rural,26,mujer,63,338,18.63905325443787
2024,31205,rural,27,hombre,55,441,12.471655328798185
2024,31205,rural,27,mujer,41,372,11.021505376344086
2024,31205,rural,28,hombre,46,447,10.29082774049217
2024,31205,rural,28,mujer,46,391,11.764705882352942
2024,31205,urbana,16,hombre,34,233,14.592274678111588
2024,31205,urbana,16,mujer,40,264,15.151515151515152
2024,31205,urbana,17,hombre,39,236,16.52542372881356
2024,31205,urbana,17,mujer,35,246,14.227642276422765
2024,31205,urbana,18,hombre,29,215,13.488372093023257
2024,31205,urbana,18,mujer,45,213,21.12676056338028
2024,31205,urbana,19,hombre,33,213,15.492957746478874
2024,31205,urbana,19,mujer,44,226,19.469026548672566
2024,31205,urbana,20,hombre,38,223,17.04035874439462
2024,31205,urbana,20,mujer,35,234,14.957264957264957
2024,31205,urbana,21,hombre,45,218,20.642201834862384
2024,31205,urbana,21,mujer,36,235,15.319148936170214
2024,31205,urbana,22,hombre,42,208,20.192307692307693
2024,31205,urbana,22,mujer,34,240,14.166666666666666
2024,31205,urbana,23,hombre,35,226,15.486725663716815
2024,31205,urbana,23,mujer,42,255,16.470588235294116
2024,31205,urbana,24,hombre,41,251,16.334661354581673
2024,31205,urbana,24,mujer,50,270,18.51851851851852
2024,31205,urbana,25,hombre,47,236,19.915254237288135
2024,31205,urbana,25,mujer,45,247,18.218623481781375
2024,31205,urbana,26,hombre,41,220,18.636363636363637
2024,31205,urbana,26,mujer,38,251,15.139442231075698
2024,31205,urbana,27,hombre,42,215,19.53488372093023
2024,31205,urbana,27,mujer,35,244,14.344262295081966
2024,31205,urbana,28,hombre,36,212,16.9811320754717
2024,31205,urbana,28,mujer,35,266,13.157894736842104
2024,31206,rural,16,hombre,15,132,11.363636363636363
2024,31206,rural,16,mujer,13,101,12.871287128712872
2024,31206,rural,17,hombre,27,138,19.565217391304348
2024,31206,rural,17,mujer,22,117,18.803418803418804
2024,31206,rural,18,hombre,23,116,19.82758620689655
2024,31206,rural,18,mujer,17,99,17.171717171717173
2024,31206,rural,19,hombre,30,154,19.48051948051948
2024,31206,rural,19,mujer,14,106,13.20754716981132
2024,31206,rural,20,hombre,19,114,16.666666666666668
2024,31206,rural,20,mujer,22,109,20.18348623853211
2024,31206,rural,21,hombre,30,162,18.51851851851852
2024,31206,rural,21,mujer,18,127,14.173228346456693
2024,31206,rural,22,hombre,26,139,18.705035971223023
2024,31206,rural,22,mujer,24,132,18.181818181818183
2024,31206,rural,23,hombre,39,218,17.889908256880734
2024,31206,rural,23,mujer,23,140,16.428571428571427
2024,31206,rural,24,hombre,35,207,16.908212560386474
2024,31206,rural,24,mujer,28,143,19.58041958041958
2024,31206,rural,25,hombre,43,203,21.182266009852217
2024,31206,rural,25,mujer,23,150,15.333333333333334
2024,31206,rural,26,hombre,32,182,17.582417582417584
2024,31206,rural,26,mujer,22,131,16.793893129770993
2024,31206,rural,27,hombre,28,191,14.659685863874346
2024,31206,rural,27,mujer,15,141,10.638297872340425
2024,31206,rural,28,hombre,39,180,21.666666666666668
2024,31206,rural,28,mujer,28,166,16.867469879518072
2024,31206,urbana,16,hombre,43,292,14.726027397260275
2024,31206,urbana,16,mujer,52,334,15.568862275449101
2024,31206,urbana,17,hombre,60,324,18.51851851851852
2024,31206,urbana,17,mujer,58,339,17.10914454277286
2024,31206,urbana,18,hombre,164,408,40.19607843137255
2024,31206,urbana,18,mujer,62,305,20.327868852459016
2024,31206,urbana,19,hombre,119,306,38.888888888888886
2024,31206,urbana,19,mujer,73,298,24.496644295302012
2024,31206,urbana,20,hombre,84,289,29.06574394463668
2024,31206,urbana,20,mujer,59,277,21.299638989169676
2024,31206,urbana,21,hombre,67,259,25.868725868725868
2024,31206,urbana,21,mujer,70,299,23.411371237458194
2024,31206,urbana,22,hombre,57,262,21.755725190839694
2024,31206,urbana,22,mujer,60,305,19.672131147540984
2024,31206,urbana,23,hombre,58,275,21.09090909090909
2024,31206,urbana,23,mujer,82,349,23.49570200573066
2024,31206,urbana,24,hombre,64,312,20.512820512820515
2024,31206,urbana,24,mujer,87,335,25.970149253731343
2024,31206,urbana,25,hombre,62,268,23.134328358208954
2024,31206,urbana,25,mujer,75,300,25.0
2024,31206,urbana,26,hombre,41,248,16.532258064516128
2024,31206,urbana,26,mujer,68,307,22.149837133550488
2024,31206,urbana,27,hombre,60,268,22.388059701492537
2024,31206,urbana,27,mujer,67,289,23.18339100346021
2024,31206,urbana,28,hombre,51,268,19.029850746268657
2024,31206,urbana,28,mujer,75,343,21.865889212827987
2024,31301,rural,16,hombre,9,135,6.666666666666667
2024,31301,rural,16,mujer,8,123,6.504065040650406
2024,31301,rural,17,hombre,9,149,6.040268456375839
2024,31301,rural,17,mujer,8,115,6.956521739130435
2024,31301,rural,18,hombre,5,98,5.1020408163265305
2024,31301,rural,18,mujer,13,115,11.304347826086957
2024,31301,rural,19,hombre,10,94,10.638297872340425
2024,31301,rural,19,mujer,9,106,8.49056603773585
2024,31301,rural,20,hombre,2,81,2.4691358024691357
2024,31301,rural,20,mujer,13,106,12.264150943396226
2024,31301,rural,21,hombre,13,92,14.130434782608695
2024,31301,rural,21,mujer,17,92,18.47826086956522
2024,31301,rural,22,hombre,10,108,9.25925925925926
2024,31301,rural,22,mujer,10,91,10.989010989010989
2024,31301,rural,23,hombre,13,107,12.149532710280374
2024,31301,rural,23,mujer,23,112,20.535714285714285
2024,31301,rural,24,hombre,18,110,16.363636363636363
2024,31301,rural,24,mujer,20,111,18.01801801801802
2024,31301,rural,25,hombre,17,90,18.88888888888889
2024,31301,rural,25,mujer,21,114,18.42105263157895
2024,31301,rural,26,hombre,12,97,12.371134020618557
2024,31301,rural,26,mujer,13,104,12.5
2024,31301,rural,27,hombre,13,97,13.402061855670103
2024,31301,rural,27,mujer,18,83,21.686746987951807
2024,31301,rural,28,hombre,20,100,20.0
2024,31301,rural,28,mujer,10,84,11.904761904761905
2024,31301,urbana,16,hombre,4,70,5.714285714285714
2024,31301,urbana,16,mujer,14,69,20.28985507246377
2024,31301,urbana,17,hombre,8,58,13.793103448275861
2024,31301,urbana,17,mujer,11,63,17.46031746031746
2024,31301,urbana,18,hombre,9,51,17.647058823529413
2024,31301,urbana,18,mujer,10,62,16.129032258064516
2024,31301,urbana,19,hombre,5,32,15.625
2024,31301,urbana,19,mujer,10,37,27.027027027027028
2024,31301,urbana,20,hombre,6,47,12.76595744680851
2024,31301,urbana,20,mujer,11,48,22.916666666666668
2024,31301,urbana,21,hombre,6,35,17.142857142857142
2024,31301,urbana,21,mujer,13,51,25.49019607843137
2024,31301,urbana,22,hombre,15,49,30.612244897959183
2024,31301,urbana,22,mujer,11,49,22.448979591836736
2024,31301,urbana,23,hombre,10,54,18.51851851851852
2024,31301,urbana,23,mujer,19,54,35.18518518518518
2024,31301,urbana,24,hombre,12,51,23.529411764705884
2024,31301,urbana,24,mujer,12,54,22.22222222222222
2024,31301,urbana,25,hombre,8,37,21.62162162162162
2024,31301,urbana,25,mujer,16,51,31.372549019607842
2024,31301,urbana,26,hombre,9,49,18.367346938775512
2024,31301,urbana,26,mujer,14,42,33.333333333333336
2024,31301,urbana,27,hombre,16,62,25.806451612903224
2024,31301,urbana,27,mujer,12,51,23.529411764705884
2024,31301,urbana,28,hombre,13,45,28.88888888888889
2024,31301,urbana,28,mujer,10,59,16.949152542372882
2024,31302,rural,16,hombre,4,49,8.16326530612245
2024,31302,rural,16,mujer,1,40,2.5
2024,31302,rural,17,hombre,2,57,3.508771929824561
2024,31302,rural,17,mujer,3,40,7.5
2024,31302,rural,18,hombre,3,43,6.976744186046512
2024,31302,rural,18,mujer,4,54,7.407407407407407
2024,31302,rural,19,hombre,3,53,5.660377358490566
2024,31302,rural,19,mujer,2,47,4.25531914893617
2024,31302,rural,20,hombre,1,43,2.3255813953488373
2024,31302,rural,20,mujer,4,49,8.16326530612245
2024,31302,rural,21,hombre,3,55,5.454545454545454
2024,31302,rural,21,mujer,3,45,6.666666666666667
2024,31302,rural,22,hombre,5,50,10.0
2024,31302,rural,22,mujer,7,39,17.94871794871795
2024,31302,rural,23,hombre,1,49,2.0408163265306123
2024,31302,rural,23,mujer,0,41,0.0
2024,31302,rural,24,hombre,3,42,7.142857142857143
2024,31302,rural,24,mujer,6,46,13.043478260869565
2024,31302,rural,25,hombre,4,41,9.75609756097561
2024,31302,rural,25,mujer,6,49,12.244897959183673
2024,31302,rural,26,hombre,4,31,12.903225806451612
2024,31302,rural,26,mujer,2,35,5.714285714285714
2024,31302,rural,27,hombre,4,31,12.903225806451612
2024,31302,rural,27,mujer,2,22,9.090909090909092
2024,31302,rural,28,hombre,3,36,8.333333333333334
2024,31302,rural,28,mujer,2,35,5.714285714285714
2024,31303,rural,16,hombre,3,41,7.317073170731708
2024,31303,rural,16,mujer,3,27,11.11111111111111
2024,31303,rural,17,hombre,3,33,9.090909090909092
2024,31303,rural,17,mujer,3,26,11.538461538461538
2024,31303,rural,18,hombre,5,47,10.638297872340425
2024,31303,rural,18,mujer,2,22,9.090909090909092
2024,31303,rural,19,hombre,5,43,11.627906976744185
2024,31303,rural,19,mujer,1,32,3.125
2024,31303,rural,20,hombre,3,26,11.538461538461538
2024,31303,rural,20,mujer,3,29,10.344827586206897
2024,31303,rural,21,hombre,1,26,3.8461538461538463
2024,31303,rural,21,mujer,2,36,5.555555555555555
2024,31303,rural,22,hombre,4,37,10.81081081081081
2024,31303,rural,22,mujer,3,23,13.043478260869565
2024,31303,rural,23,hombre,7,44,15.909090909090908
2024,31303,rural,23,mujer,2,41,4.878048780487805
2024,31303,rural,24,hombre,6,40,15.0
2024,31303,rural,24,mujer,1,27,3.7037037037037037
2024,31303,rural,25,hombre,2,33,6.0606060606060606
2024,31303,rural,25,mujer,2,41,4.878048780487805
2024,31303,rural,26,hombre,4,26,15.384615384615385
2024,31303,rural,26,mujer,1,23,4.3478260869565215
2024,31303,rural,27,hombre,2,27,7.407407407407407
2024,31303,rural,27,mujer,2,30,6.666666666666667
2024,31303,rural,28,hombre,6,31,19.35483870967742
2024,31303,rural,28,mujer,4,29,13.793103448275861
2024,31304,rural,16,hombre,7,109,6.422018348623853
2024,31304,rural,16,mujer,6,83,7.228915662650603
2024,31304,rural,17,hombre,3,95,3.1578947368421053
2024,31304,rural,17,mujer,8,94,8.51063829787234
2024,31304,rural,18,hombre,6,84,7.142857142857143
2024,31304,rural,18,mujer,5,71,7.042253521126761
2024,31304,rural,19,hombre,6,85,7.0588235294117645
2024,31304,rural,19,mujer,5,79,6.329113924050633
2024,31304,rural,20,hombre,5,84,5.9523809523809526
2024,31304,rural,20,mujer,5,89,5.617977528089888
2024,31304,rural,21,hombre,4,63,6.349206349206349
2024,31304,rural,21,mujer,8,52,15.384615384615385
2024,31304,rural,22,hombre,12,66,18.181818181818183
2024,31304,rural,22,mujer,4,51,7.8431372549019605
2024,31304,rural,23,hombre,11,73,15.068493150684931
2024,31304,rural,23,mujer,13,69,18.840579710144926
2024,31304,rural,24,hombre,6,79,7.594936708860759
2024,31304,rural,24,mujer,6,56,10.714285714285714
2024,31304,rural,25,hombre,4,64,6.25
2024,31304,rural,25,mujer,3,62,4.838709677419355
2024,31304,rural,26,hombre,7,59,11.864406779661017
2024,31304,rural,26,mujer,4,44,9.090909090909092
2024,31304,rural,27,hombre,4,40,10.0
2024,31304,rural,27,mujer,7,51,13.72549019607843
2024,31304,rural,28,hombre,5,61,8.19672131147541
2024,31304,rural,28,mujer,4,38,10.526315789473685
2024,31401,rural,16,hombre,9,64,14.0625
2024,31401,rural,16,mujer,2,50,4.0
2024,31401,rural,17,hombre,2,55,3.6363636363636362
2024,31401,rural,17,mujer,6,50,12.0
2024,31401,rural,18,hombre,6,48,12.5
2024,31401,rural,18,mujer,5,69,7.246376811594203
2024,31401,rural,19,hombre,4,46,8.695652173913043
2024,31401,rural,19,mujer,12,61,19.672131147540984
2024,31401,rural,20,hombre,9,58,15.517241379310345
2024,31401,rural,20,mujer,4,43,9.30232558139535
2024,31401,rural,21,hombre,8,62,12.903225806451612
2024,31401,rural,21,mujer,6,60,10.0
2024,31401,rural,22,hombre,5,48,10.416666666666666
2024,31401,rural,22,mujer,5,56,8.928571428571429
2024,31401,rural,23,hombre,7,51,13.72549019607843
2024,31401,rural,23,mujer,8,84,9.523809523809524
2024,31401,rural,24,hombre,9,79,11.39240506329114
2024,31401,rural,24,mujer,6,79,7.594936708860759
2024,31401,rural,25,hombre,8,50,16.0
2024,31401,rural,25,mujer,3,57,5.2631578947368425
2024,31401,rural,26,hombre,7,53,13.20754716981132
2024,31401,rural,26,mujer,7,72,9.722222222222221
2024,31401,rural,27,hombre,6,57,10.526315789473685
2024,31401,rural,27,mujer,12,69,17.391304347826086
2024,31401,rural,28,hombre,8,70,11.428571428571429
2024,31401,rural,28,mujer,7,69,10.144927536231885
2024,31401,urbana,16,hombre,13,226,5.752212389380531
2024,31401,urbana,16,mujer,22,234,9.401709401709402
2024,31401,urbana,17,hombre,13,221,5.882352941176471
2024,31401,urbana,17,mujer,19,212,8.962264150943396
2024,31401,urbana,18,hombre,22,185,11.891891891891891
2024,31401,urbana,18,mujer,26,248,10.483870967741936
2024,31401,urbana,19,hombre,12,202,5.9405940594059405
2024,31401,urbana,19,mujer,27,233,11.587982832618026
2024,31401,urbana,20,hombre,15,194,7.731958762886598
2024,31401,urbana,20,mujer,24,214,11.214953271028037
2024,31401,urbana,21,hombre,19,204,9.313725490196079
2024,31401,urbana,21,mujer,21,211,9.95260663507109
2024,31401,urbana,22,hombre,26,211,12.322274881516588
2024,31401,urbana,22,mujer,21,255,8.235294117647058
2024,31401,urbana,23,hombre,37,246,15.040650406504065
2024,31401,urbana,23,mujer,32,245,13.061224489795919
2024,31401,urbana,24,hombre,24,230,10.434782608695652
2024,31401,urbana,24,mujer,32,235,13.617021276595745
2024,31401,urbana,25,hombre,33,257,12.84046692607004
2024,31401,urbana,25,mujer,31,254,12.204724409448819
2024,31401,urbana,26,hombre,28,208,13.461538461538462
2024,31401,urbana,26,mujer,34,262,12.977099236641221
2024,31401,urbana,27,hombre,24,185,12.972972972972974
2024,31401,urbana,27,mujer,30,244,12.295081967213115
2024,31401,urbana,28,hombre,24,203,11.822660098522167
2024,31401,urbana,28,mujer,24,245,9.795918367346939
2024,31402,rural,16,hombre,6,56,10.714285714285714
2024,31402,rural,16,mujer,6,52,11.538461538461538
2024,31402,rural,17,hombre,4,43,9.30232558139535
2024,31402,rural,17,mujer,2,38,5.2631578947368425
2024,31402,rural,18,hombre,1,31,3.225806451612903
2024,31402,rural,18,mujer,2,56,3.5714285714285716
2024,31402,rural,19,hombre,5,36,13.88888888888889
2024,31402,rural,19,mujer,6,43,13.953488372093023
2024,31402,rural,20,hombre,4,38,10.526315789473685
2024,31402,rural,20,mujer,5,44,11.363636363636363
2024,31402,rural,21,hombre,1,52,1.9230769230769231
2024,31402,rural,21,mujer,8,39,20.512820512820515
2024,31402,rural,22,hombre,4,42,9.523809523809524
2024,31402,rural,22,mujer,5,35,14.285714285714286
2024,31402,rural,23,hombre,3,44,6.818181818181818
2024,31402,rural,23,mujer,6,38,15.789473684210526
2024,31402,rural,24,hombre,6,42,14.285714285714286
2024,31402,rural,24,mujer,3,40,7.5
2024,31402,rural,25,hombre,3,34,8.823529411764707
2024,31402,rural,25,mujer,7,47,14.893617021276595
2024,31402,rural,26,hombre,7,39,17.94871794871795
2024,31402,rural,26,mujer,10,50,20.0
2024,31402,rural,27,hombre,5,40,12.5
2024,31402,rural,27,mujer,9,45,20.0
2024,31402,rural,28,hombre,5,51,9.803921568627452
2024,31402,rural,28,mujer,3,40,7.5
2024,31402,urbana,16,hombre,5,33,15.151515151515152
2024,31402,urbana,16,mujer,3,24,12.5
2024,31402,urbana,17,hombre,5,33,15.151515151515152
2024,31402,urbana,17,mujer,7,34,20.58823529411765
2024,31402,urbana,18,hombre,7,26,26.923076923076923
2024,31402,urbana,18,mujer,7,31,22.580645161290324
2024,31402,urbana,19,hombre,8,28,28.571428571428573
2024,31402,urbana,19,mujer,8,36,22.22222222222222
2024,31402,urbana,20,hombre,7,29,24.137931034482758
2024,31402,urbana,20,mujer,5,24,20.833333333333332
2024,31402,urbana,21,hombre,11,36,30.555555555555557
2024,31402,urbana,21,mujer,5,18,27.77777777777778
2024,31402,urbana,22,hombre,1,23,4.3478260869565215
2024,31402,urbana,22,mujer,7,28,25.0
2024,31402,urbana,23,hombre,8,19,42.10526315789474
2024,31402,urbana,23,mujer,9,32,28.125
2024,31402,urbana,24,hombre,4,28,14.285714285714286
2024,31402,urbana,24,mujer,9,36,25.0
2024,31402,urbana,25,hombre,8,21,38.095238095238095
2024,31402,urbana,25,mujer,5,22,22.727272727272727
2024,31402,urbana,26,hombre,8,20,40.0
2024,31402,urbana,26,mujer,9,29,31.03448275862069
2024,31402,urbana,27,hombre,6,25,24.0
2024,31402,urbana,27,mujer,9,25,36.0
2024,31402,urbana,28,hombre,3,14,21.428571428571427
2024,31402,urbana,28,mujer,4,21,19.047619047619047
2024,31403,rural,16,hombre,0,28,0.0
2024,31403,rural,16,mujer,1,37,2.7027027027027026
2024,31403,rural,17,hombre,5,34,14.705882352941176
2024,31403,rural,17,mujer,2,28,7.142857142857143
2024,31403,rural,18,hombre,4,35,11.428571428571429
2024,31403,rural,18,mujer,3,35,8.571428571428571
2024,31403,rural,19,hombre,6,34,17.647058823529413
2024,31403,rural,19,mujer,5,34,14.705882352941176
2024,31403,rural,20,hombre,6,41,14.634146341463415
2024,31403,rural,20,mujer,2,35,5.714285714285714
2024,31403,rural,21,hombre,3,30,10.0
2024,31403,rural,21,mujer,3,34,8.823529411764707
2024,31403,rural,22,hombre,6,35,17.142857142857142
2024,31403,rural,22,mujer,5,35,14.285714285714286
2024,31403,rural,23,hombre,4,29,13.793103448275861
2024,31403,rural,23,mujer,6,42,14.285714285714286
2024,31403,rural,24,hombre,2,28,7.142857142857143
2024,31403,rural,24,mujer,5,38,13.157894736842104
2024,31403,rural,25,hombre,3,28,10.714285714285714
2024,31403,rural,25,mujer,6,33,18.181818181818183
2024,31403,rural,26,hombre,2,30,6.666666666666667
2024,31403,rural,26,mujer,7,26,26.923076923076923
2024,31403,rural,27,hombre,5,40,12.5
2024,31403,rural,27,mujer,5,24,20.833333333333332
2024,31403,rural,28,hombre,6,42,14.285714285714286
2024,31403,rural,28,mujer,10,37,27.027027027027028
2024,31403,urbana,16,hombre,3,62,4.838709677419355
2024,31403,urbana,16,mujer,11,80,13.75
2024,31403,urbana,17,hombre,9,92,9.782608695652174
2024,31403,urbana,17,mujer,4,64,6.25
2024,31403,urbana,18,hombre,7,69,10.144927536231885
2024,31403,urbana,18,mujer,11,68,16.176470588235293
2024,31403,urbana,19,hombre,4,74,5.405405405405405
2024,31403,urbana,19,mujer,6,71,8.450704225352112
2024,31403,urbana,20,hombre,2,67,2.985074626865672
2024,31403,urbana,20,mujer,3,67,4.477611940298507
2024,31403,urbana,21,hombre,8,65,12.307692307692308
2024,31403,urbana,21,mujer,14,63,22.22222222222222
2024,31403,urbana,22,hombre,4,75,5.333333333333333
2024,31403,urbana,22,mujer,8,70,11.428571428571429
2024,31403,urbana,23,hombre,7,62,11.290322580645162
2024,31403,urbana,23,mujer,12,86,13.953488372093023
2024,31403,urbana,24,hombre,9,83,10.843373493975903
2024,31403,urbana,24,mujer,8,71,11.267605633802816
2024,31403,urbana,25,hombre,8,57,14.035087719298245
2024,31403,urbana,25,mujer,14,61,22.950819672131146
2024,31403,urbana,26,hombre,18,92,19.565217391304348
2024,31403,urbana,26,mujer,5,72,6.944444444444445
2024,31403,urbana,27,hombre,3,60,5.0
2024,31403,urbana,27,mujer,10,72,13.88888888888889
2024,31403,urbana,28,hombre,11,69,15.942028985507246
2024,31403,urbana,28,mujer,9,70,12.857142857142858
2024,31404,rural,16,hombre,2,16,12.5
2024,31404,rural,16,mujer,1,9,11.11111111111111
2024,31404,rural,17,hombre,0,10,0.0
2024,31404,rural,17,mujer,1,5,20.0
2024,31404,rural,18,hombre,2,10,20.0
2024,31404,rural,18,mujer,3,11,27.272727272727273
2024,31404,rural,19,hombre,0,11,0.0
2024,31404,rural,19,mujer,0,7,0.0
2024,31404,rural,20,hombre,3,11,27.272727272727273
2024,31404,rural,20,mujer,0,6,0.0
2024,31404,rural,21,hombre,1,7,14.285714285714286
2024,31404,rural,21,mujer,1,13,7.6923076923076925
2024,31404,rural,22,hombre,1,7,14.285714285714286
2024,31404,rural,22,mujer,2,10,20.0
2024,31404,rural,23,hombre,1,5,20.0
2024,31404,rural,23,mujer,2,8,25.0
2024,31404,rural,24,hombre,0,6,0.0
2024,31404,rural,24,mujer,3,14,21.428571428571427
2024,31404,rural,25,hombre,3,10,30.0
2024,31404,rural,25,mujer,1,3,33.333333333333336
2024,31404,rural,26,hombre,3,11,27.272727272727273
2024,31404,rural,26,mujer,2,10,20.0
2024,31404,rural,27,hombre,2,6,33.333333333333336
2024,31404,rural,27,mujer,3,12,25.0
2024,31404,rural,28,hombre,1,7,14.285714285714286
2024,31404,rural,28,mujer,2,8,25.0
2024,31405,rural,16,hombre,0,33,0.0
2024,31405,rural,16,mujer,1,40,2.5
2024,31405,rural,17,hombre,2,26,7.6923076923076925
2024,31405,rural,17,mujer,2,25,8.0
2024,31405,rural,18,hombre,2,29,6.896551724137931
2024,31405,rural,18,mujer,4,28,14.285714285714286
2024,31405,rural,19,hombre,1,40,2.5
2024,31405,rural,19,mujer,1,23,4.3478260869565215
2024,31405,rural,20,hombre,0,29,0.0
2024,31405,rural,20,mujer,4,42,9.523809523809524
2024,31405,rural,21,hombre,2,29,6.896551724137931
2024,31405,rural,21,mujer,3,17,17.647058823529413
2024,31405,rural,22,hombre,4,29,13.793103448275861
2024,31405,rural,22,mujer,3,24,12.5
2024,31405,rural,23,hombre,1,26,3.8461538461538463
2024,31405,rural,23,mujer,3,31,9.67741935483871
2024,31405,rural,24,hombre,3,42,7.142857142857143
2024,31405,rural,24,mujer,3,33,9.090909090909092
2024,31405,rural,25,hombre,1,32,3.125
2024,31405,rural,25,mujer,2,49,4.081632653061225
2024,31405,rural,26,hombre,1,21,4.761904761904762
2024,31405,rural,26,mujer,7,29,24.137931034482758
2024,31405,rural,27,hombre,2,29,6.896551724137931
2024,31405,rural,27,mujer,1,21,4.761904761904762
2024,31405,rural,28,hombre,1,25,4.0
2024,31405,rural,28,mujer,10,41,24.390243902439025
2024,31501,rural,16,hombre,4,88,4.545454545454546
2024,31501,rural,16,mujer,5,58,8.620689655172415
2024,31501,rural,17,hombre,8,74,10.81081081081081
2024,31501,rural,17,mujer,9,53,16.9811320754717
2024,31501,rural,18,hombre,3,46,6.521739130434782
2024,31501,rural,18,mujer,5,49,10.204081632653061
2024,31501,rural,19,hombre,4,52,7.6923076923076925
2024,31501,rural,19,mujer,4,52,7.6923076923076925
2024,31501,rural,20,hombre,7,55,12.727272727272727
2024,31501,rural,20,mujer,8,64,12.5
2024,31501,rural,21,hombre,5,72,6.944444444444445
2024,31501,rural,21,mujer,10,52,19.23076923076923
2024,31501,rural,22,hombre,5,79,6.329113924050633
2024,31501,rural,22,mujer,10,40,25.0
2024,31501,rural,23,hombre,3,80,3.75
2024,31501,rural,23,mujer,9,69,13.043478260869565
2024,31501,rural,24,hombre,5,90,5.555555555555555
2024,31501,rural,24,mujer,9,62,14.516129032258064
2024,31501,rural,25,hombre,6,62,9.67741935483871
2024,31501,rural,25,mujer,7,58,12.068965517241379
2024,31501,rural,26,hombre,5,53,9.433962264150944
2024,31501,rural,26,mujer,10,56,17.857142857142858
2024,31501,rural,27,hombre,5,76,6.578947368421052
2024,31501,rural,27,mujer,3,52,5.769230769230769
2024,31501,rural,28,hombre,3,70,4.285714285714286
2024,31501,rural,28,mujer,3,41,7.317073170731708
2024,31601,rural,16,hombre,8,169,4.733727810650888
2024,31601,rural,16,mujer,9,172,5.232558139534884
2024,31601,rural,17,hombre,6,138,4.3478260869565215
2024,31601,rural,17,mujer,5,159,3.1446540880503147
2024,31601,rural,18,hombre,10,128,7.8125
2024,31601,rural,18,mujer,11,123,8.94308943089431
2024,31601,rural,19,hombre,6,128,4.6875
2024,31601,rural,19,mujer,7,103,6.796116504854369
2024,31601,rural,20,hombre,10,108,9.25925925925926
2024,31601,rural,20,mujer,8,109,7.339449541284404
2024,31601,rural,21,hombre,10,130,7.6923076923076925
2024,31601,rural,21,mujer,14,123,11.382113821138212
2024,31601,rural,22,hombre,15,116,12.931034482758621
2024,31601,rural,22,mujer,14,118,11.864406779661017
2024,31601,rural,23,hombre,10,137,7.299270072992701
2024,31601,rural,23,mujer,10,127,7.874015748031496
2024,31601,rural,24,hombre,14,134,10.447761194029852
2024,31601,rural,24,mujer,8,144,5.555555555555555
2024,31601,rural,25,hombre,11,121,9.090909090909092
2024,31601,rural,25,mujer,13,119,10.92436974789916
2024,31601,rural,26,hombre,11,115,9.565217391304348
2024,31601,rural,26,mujer,10,97,10.309278350515465
2024,31601,rural,27,hombre,10,112,8.928571428571429
2024,31601,rural,27,mujer,5,93,5.376344086021505
2024,31601,rural,28,hombre,12,109,11.009174311926605
2024,31601,rural,28,mujer,6,94,6.382978723404255
2024,31601,urbana,16,hombre,1,21,4.761904761904762
2024,31601,urbana,16,mujer,2,34,5.882352941176471
2024,31601,urbana,17,hombre,1,28,3.5714285714285716
2024,31601,urbana,17,mujer,1,24,4.166666666666667
2024,31601,urbana,18,hombre,2,15,13.333333333333334
2024,31601,urbana,18,mujer,0,19,0.0
2024,31601,urbana,19,hombre,1,19,5.2631578947368425
2024,31601,urbana,19,mujer,4,23,17.391304347826086
2024,31601,urbana,20,hombre,1,19,5.2631578947368425
2024,31601,urbana,20,mujer,3,19,15.789473684210526
2024,31601,urbana,21,hombre,1,21,4.761904761904762
2024,31601,urbana,21,mujer,2,29,6.896551724137931
2024,31601,urbana,22,hombre,2,30,6.666666666666667
2024,31601,urbana,22,mujer,3,20,15.0
2024,31601,urbana,23,hombre,2,25,8.0
2024,31601,urbana,23,mujer,2,24,8.333333333333334
2024,31601,urbana,24,hombre,5,20,25.0
2024,31601,urbana,24,mujer,6,25,24.0
2024,31601,urbana,25,hombre,3,19,15.789473684210526
2024,31601,urbana,25,mujer,6,23,26.08695652173913
2024,31601,urbana,26,hombre,1,17,5.882352941176471
2024,31601,urbana,26,mujer,2,16,12.5
2024,31601,urbana,27,hombre,5,19,26.31578947368421
2024,31601,urbana,27,mujer,2,21,9.523809523809524
2024,31601,urbana,28,hombre,6,21,28.571428571428573
2024,31601,urbana,28,mujer,3,21,14.285714285714286
2024,31602,rural,16,hombre,21,193,10.880829015544041
2024,31602,rural,16,mujer,22,162,13.580246913580247
2024,31602,rural,17,hombre,56,199,28.14070351758794
2024,31602,rural,17,mujer,30,161,18.633540372670808
2024,31602,rural,18,hombre,137,283,48.409893992932865
2024,31602,rural,18,mujer,48,165,29.09090909090909
2024,31602,rural,19,hombre,145,261,55.55555555555556
2024,31602,rural,19,mujer,46,167,27.54491017964072
2024,31602,rural,20,hombre,96,258,37.2093023255814
2024,31602,rural,20,mujer,44,146,30.136986301369863
2024,31602,rural,21,hombre,58,182,31.86813186813187
2024,31602,rural,21,mujer,37,165,22.424242424242426
2024,31602,rural,22,hombre,45,187,24.06417112299465
2024,31602,rural,22,mujer,48,196,24.489795918367346
2024,31602,rural,23,hombre,36,187,19.25133689839572
2024,31602,rural,23,mujer,29,146,19.863013698630137
2024,31602,rural,24,hombre,39,197,19.79695431472081
2024,31602,rural,24,mujer,21,163,12.883435582822086
2024,31602,rural,25,hombre,31,191,16.230366492146597
2024,31602,rural,25,mujer,36,159,22.641509433962263
2024,31602,rural,26,hombre,43,184,23.369565217391305
2024,31602,rural,26,mujer,42,169,24.85207100591716
2024,31602,rural,27,hombre,30,157,19.10828025477707
2024,31602,rural,27,mujer,31,162,19.135802469135804
2024,31602,rural,28,hombre,32,162,19.753086419753085
2024,31602,rural,28,mujer,38,162,23.45679012345679
2024,31602,urbana,16,hombre,17,106,16.037735849056602
2024,31602,urbana,16,mujer,17,93,18.27956989247312
2024,31602,urbana,17,hombre,17,97,17.52577319587629
2024,31602,urbana,17,mujer,26,95,27.36842105263158
2024,31602,urbana,18,hombre,9,74,12.162162162162161
2024,31602,urbana,18,mujer,25,83,30.120481927710845
2024,31602,urbana,19,hombre,18,79,22.78481012658228
2024,31602,urbana,19,mujer,24,100,24.0
2024,31602,urbana,20,hombre,25,89,28.089887640449437
2024,31602,urbana,20,mujer,33,93,35.483870967741936
2024,31602,urbana,21,hombre,21,84,25.0
2024,31602,urbana,21,mujer,26,84,30.952380952380953
2024,31602,urbana,22,hombre,24,76,31.57894736842105
2024,31602,urbana,22,mujer,19,87,21.839080459770116
2024,31602,urbana,23,hombre,37,109,33.944954128440365
2024,31602,urbana,23,mujer,33,97,34.02061855670103
2024,31602,urbana,24,hombre,20,80,25.0
2024,31602,urbana,24,mujer,29,97,29.896907216494846
2024,31602,urbana,25,hombre,28,90,31.11111111111111
2024,31602,urbana,25,mujer,27,94,28.72340425531915
2024,31602,urbana,26,hombre,23,70,32.857142857142854
2024,31602,urbana,26,mujer,33,99,33.333333333333336
2024,31602,urbana,27,hombre,22,87,25.28735632183908
2024,31602,urbana,27,mujer,22,94,23.404255319148938
2024,31602,urbana,28,hombre,35,90,38.888888888888886
2024,31602,urbana,28,mujer,24,90,26.666666666666668
2024,40101,rural,18,mujer,0,1,0.0
2024,40101,rural,21,hombre,0,1,0.0
2024,40101,rural,22,hombre,0,1,0.0
2024,40101,rural,22,mujer,0,1,0.0
2024,40101,rural,24,hombre,0,1,0.0
2024,40101,rural,24,mujer,0,1,0.0
2024,40101,rural,25,hombre,0,1,0.0
2024,40101,rural,25,mujer,0,1,0.0
2024,40101,rural,26,hombre,0,3,0.0
2024,40101,rural,28,mujer,0,1,0.0
2024,40101,urbana,16,hombre,182,2805,6.4884135472370765
2024,40101,urbana,16,mujer,207,2883,7.1800208116545265
2024,40101,urbana,17,hombre,199,2793,7.124955245255997
2024,40101,urbana,17,mujer,232,2775,8.36036036036036
2024,40101,urbana,18,hombre,377,2585,14.584139264990329
2024,40101,urbana,18,mujer,319,2730,11.684981684981684
2024,40101,urbana,19,hombre,302,2530,11.936758893280633
2024,40101,urbana,19,mujer,333,2718,12.251655629139073
2024,40101,urbana,20,hombre,354,2594,13.646877409406322
2024,40101,urbana,20,mujer,366,2719,13.46083118793674
2024,40101,urbana,21,hombre,373,2776,13.436599423631124
2024,40101,urbana,21,mujer,365,2779,13.134220942785175
2024,40101,urbana,22,hombre,340,2852,11.921458625525947
2024,40101,urbana,22,mujer,320,2800,11.428571428571429
2024,40101,urbana,23,hombre,409,3076,13.296488946684006
2024,40101,urbana,23,mujer,327,2996,10.914552736982644
2024,40101,urbana,24,hombre,360,2947,12.215812690872074
2024,40101,urbana,24,mujer,311,3024,10.284391534391535
2024,40101,urbana,25,hombre,294,2733,10.757409440175632
2024,40101,urbana,25,mujer,278,2832,9.81638418079096
2024,40101,urbana,26,hombre,260,2657,9.785472337222432
2024,40101,urbana,26,mujer,283,2846,9.94378074490513
2024,40101,urbana,27,hombre,257,2591,9.918950212273254
2024,40101,urbana,27,mujer,249,2835,8.783068783068783
2024,40101,urbana,28,hombre,235,2604,9.02457757296467
2024,40101,urbana,28,mujer,300,2898,10.351966873706004
2024,40102,rural,16,hombre,9,112,8.035714285714286
2024,40102,rural,16,mujer,10,128,7.8125
2024,40102,rural,17,hombre,6,113,5.3097345132743365
2024,40102,rural,17,mujer,8,133,6.015037593984962
2024,40102,rural,18,hombre,12,121,9.917355371900827
2024,40102,rural,18,mujer,12,128,9.375
2024,40102,rural,19,hombre,19,110,17.272727272727273
2024,40102,rural,19,mujer,18,112,16.071428571428573
2024,40102,rural,20,hombre,9,106,8.49056603773585
2024,40102,rural,20,mujer,8,114,7.017543859649122
2024,40102,rural,21,hombre,10,116,8.620689655172415
2024,40102,rural,21,mujer,22,116,18.96551724137931
2024,40102,rural,22,hombre,7,110,6.363636363636363
2024,40102,rural,22,mujer,20,119,16.80672268907563
2024,40102,rural,23,hombre,5,108,4.62962962962963
2024,40102,rural,23,mujer,13,131,9.923664122137405
2024,40102,rural,24,hombre,11,160,6.875
2024,40102,rural,24,mujer,8,127,6.299212598425197
2024,40102,rural,25,hombre,19,117,16.23931623931624
2024,40102,rural,25,mujer,12,102,11.764705882352942
2024,40102,rural,26,hombre,11,121,9.090909090909092
2024,40102,rural,26,mujer,14,119,11.764705882352942
2024,40102,rural,27,hombre,12,107,11.214953271028037
2024,40102,rural,27,mujer,14,117,11.965811965811966
2024,40102,rural,28,hombre,18,113,15.929203539823009
2024,40102,rural,28,mujer,12,113,10.619469026548673
2024,40102,urbana,16,hombre,6,66,9.090909090909092
2024,40102,urbana,16,mujer,10,70,14.285714285714286
2024,40102,urbana,17,hombre,11,78,14.102564102564102
2024,40102,urbana,17,mujer,11,70,15.714285714285714
2024,40102,urbana,18,hombre,24,81,29.62962962962963
2024,40102,urbana,18,mujer,20,88,22.727272727272727
2024,40102,urbana,19,hombre,29,101,28.712871287128714
2024,40102,urbana,19,mujer,25,85,29.41176470588235
2024,40102,urbana,20,hombre,35,92,38.04347826086956
2024,40102,urbana,20,mujer,26,81,32.098765432098766
2024,40102,urbana,21,hombre,52,113,46.017699115044245
2024,40102,urbana,21,mujer,20,80,25.0
2024,40102,urbana,22,hombre,46,112,41.07142857142857
2024,40102,urbana,22,mujer,24,80,30.0
2024,40102,urbana,23,hombre,34,95,35.78947368421053
2024,40102,urbana,23,mujer,15,76,19.736842105263158
2024,40102,urbana,24,hombre,23,85,27.058823529411764
2024,40102,urbana,24,mujer,13,74,17.56756756756757
2024,40102,urbana,25,hombre,18,74,24.324324324324323
2024,40102,urbana,25,mujer,11,70,15.714285714285714
2024,40102,urbana,26,hombre,16,70,22.857142857142858
2024,40102,urbana,26,mujer,20,83,24.096385542168676
2024,40102,urbana,27,hombre,7,58,12.068965517241379
2024,40102,urbana,27,mujer,12,71,16.901408450704224
2024,40102,urbana,28,hombre,8,52,15.384615384615385
2024,40102,urbana,28,mujer,18,56,32.142857142857146
2024,40103,rural,16,hombre,11,81,13.580246913580247
2024,40103,rural,16,mujer,7,70,10.0
2024,40103,rural,17,hombre,8,71,11.267605633802816
2024,40103,rural,17,mujer,9,62,14.516129032258064
2024,40103,rural,18,hombre,8,70,11.428571428571429
2024,40103,rural,18,mujer,9,63,14.285714285714286
2024,40103,rural,19,hombre,11,77,14.285714285714286
2024,40103,rural,19,mujer,11,81,13.580246913580247
2024,40103,rural,20,hombre,16,81,19.753086419753085
2024,40103,rural,20,mujer,8,61,13.114754098360656
2024,40103,rural,21,hombre,9,61,14.754098360655737
2024,40103,rural,21,mujer,12,66,18.181818181818183
2024,40103,rural,22,hombre,8,75,10.666666666666666
2024,40103,rural,22,mujer,10,66,15.151515151515152
2024,40103,rural,23,hombre,15,93,16.129032258064516
2024,40103,rural,23,mujer,10,67,14.925373134328359
2024,40103,rural,24,hombre,13,93,13.978494623655914
2024,40103,rural,24,mujer,14,72,19.444444444444443
2024,40103,rural,25,hombre,17,89,19.10112359550562
2024,40103,rural,25,mujer,15,77,19.48051948051948
2024,40103,rural,26,hombre,12,62,19.35483870967742
2024,40103,rural,26,mujer,11,72,15.277777777777779
2024,40103,rural,27,hombre,10,80,12.5
2024,40103,rural,27,mujer,13,75,17.333333333333332
2024,40103,rural,28,hombre,13,81,16.049382716049383
2024,40103,rural,28,mujer,17,73,23.28767123287671
2024,40104,rural,16,hombre,12,144,8.333333333333334
2024,40104,rural,16,mujer,20,138,14.492753623188406
2024,40104,rural,17,hombre,12,121,9.917355371900827
2024,40104,rural,17,mujer,13,128,10.15625
2024,40104,rural,18,hombre,12,92,13.043478260869565
2024,40104,rural,18,mujer,28,109,25.68807339449541
2024,40104,rural,19,hombre,14,110,12.727272727272727
2024,40104,rural,19,mujer,23,125,18.4
2024,40104,rural,20,hombre,9,111,8.108108108108109
2024,40104,rural,20,mujer,18,106,16.9811320754717
2024,40104,rural,21,hombre,11,108,10.185185185185185
2024,40104,rural,21,mujer,15,113,13.274336283185841
2024,40104,rural,22,hombre,18,126,14.285714285714286
2024,40104,rural,22,mujer,23,133,17.293233082706767
2024,40104,rural,23,hombre,20,142,14.084507042253522
2024,40104,rural,23,mujer,17,123,13.821138211382113
2024,40104,rural,24,hombre,17,128,13.28125
2024,40104,rural,24,mujer,18,105,17.142857142857142
2024,40104,rural,25,hombre,17,134,12.686567164179104
2024,40104,rural,25,mujer,29,144,20.13888888888889
2024,40104,rural,26,hombre,15,121,12.396694214876034
2024,40104,rural,26,mujer,26,110,23.636363636363637
2024,40104,rural,27,hombre,12,150,8.0
2024,40104,rural,27,mujer,24,117,20.512820512820515
2024,40104,rural,28,hombre,14,118,11.864406779661017
2024,40104,rural,28,mujer,21,134,15.671641791044776
2024,40201,rural,16,hombre,13,199,6.532663316582915
2024,40201,rural,16,mujer,8,128,6.25
2024,40201,rural,17,hombre,9,155,5.806451612903226
2024,40201,rural,17,mujer,12,142,8.450704225352112
2024,40201,rural,18,hombre,12,168,7.142857142857143
2024,40201,rural,18,mujer,17,184,9.23913043478261
2024,40201,rural,19,hombre,14,168,8.333333333333334
2024,40201,rural,19,mujer,12,145,8.275862068965518
2024,40201,rural,20,hombre,9,185,4.864864864864865
2024,40201,rural,20,mujer,11,154,7.142857142857143
2024,40201,rural,21,hombre,12,227,5.286343612334802
2024,40201,rural,21,mujer,19,169,11.242603550295858
2024,40201,rural,22,hombre,16,191,8.37696335078534
2024,40201,rural,22,mujer,14,163,8.588957055214724
2024,40201,rural,23,hombre,11,210,5.238095238095238
2024,40201,rural,23,mujer,16,177,9.03954802259887
2024,40201,rural,24,hombre,23,226,10.176991150442477
2024,40201,rural,24,mujer,21,205,10.24390243902439
2024,40201,rural,25,hombre,15,207,7.246376811594203
2024,40201,rural,25,mujer,14,132,10.606060606060606
2024,40201,rural,26,hombre,16,217,7.373271889400922
2024,40201,rural,26,mujer,12,154,7.792207792207792
2024,40201,rural,27,hombre,10,210,4.761904761904762
2024,40201,rural,27,mujer,11,148,7.4324324324324325
2024,40201,rural,28,hombre,16,218,7.339449541284404
2024,40201,rural,28,mujer,20,166,12.048192771084338
2024,40201,urbana,16,hombre,13,152,8.552631578947368
2024,40201,urbana,16,mujer,13,166,7.831325301204819
2024,40201,urbana,17,hombre,35,171,20.46783625730994
2024,40201,urbana,17,mujer,18,171,10.526315789473685
2024,40201,urbana,18,hombre,122,246,49.59349593495935
2024,40201,urbana,18,mujer,19,125,15.2
2024,40201,urbana,19,hombre,66,169,39.053254437869825
2024,40201,urbana,19,mujer,10,105,9.523809523809524
2024,40201,urbana,20,hombre,30,114,26.31578947368421
2024,40201,urbana,20,mujer,14,130,10.76923076923077
2024,40201,urbana,21,hombre,17,97,17.52577319587629
2024,40201,urbana,21,mujer,12,109,11.009174311926605
2024,40201,urbana,22,hombre,15,101,14.851485148514852
2024,40201,urbana,22,mujer,18,122,14.754098360655737
2024,40201,urbana,23,hombre,13,88,14.772727272727273
2024,40201,urbana,23,mujer,19,129,14.728682170542635
2024,40201,urbana,24,hombre,20,118,16.949152542372882
2024,40201,urbana,24,mujer,18,125,14.4
2024,40201,urbana,25,hombre,33,103,32.03883495145631
2024,40201,urbana,25,mujer,32,143,22.377622377622377
2024,40201,urbana,26,hombre,27,109,24.770642201834864
2024,40201,urbana,26,mujer,15,108,13.88888888888889
2024,40201,urbana,27,hombre,27,93,29.032258064516128
2024,40201,urbana,27,mujer,25,121,20.66115702479339
2024,40201,urbana,28,hombre,18,86,20.930232558139537
2024,40201,urbana,28,mujer,16,127,12.598425196850394
2024,40202,rural,16,hombre,5,55,9.090909090909092
2024,40202,rural,16,mujer,5,48,10.416666666666666
2024,40202,rural,17,hombre,1,34,2.9411764705882355
2024,40202,rural,17,mujer,3,39,7.6923076923076925
2024,40202,rural,18,hombre,5,30,16.666666666666668
2024,40202,rural,18,mujer,3,42,7.142857142857143
2024,40202,rural,19,hombre,2,43,4.651162790697675
2024,40202,rural,19,mujer,3,31,9.67741935483871
2024,40202,rural,20,hombre,4,46,8.695652173913043
2024,40202,rural,20,mujer,3,23,13.043478260869565
2024,40202,rural,21,hombre,4,40,10.0
2024,40202,rural,21,mujer,4,31,12.903225806451612
2024,40202,rural,22,hombre,6,41,14.634146341463415
2024,40202,rural,22,mujer,1,29,3.4482758620689653
2024,40202,rural,23,hombre,8,40,20.0
2024,40202,rural,23,mujer,9,35,25.714285714285715
2024,40202,rural,24,hombre,5,40,12.5
2024,40202,rural,24,mujer,15,39,38.46153846153846
2024,40202,rural,25,hombre,8,30,26.666666666666668
2024,40202,rural,25,mujer,8,27,29.62962962962963
2024,40202,rural,26,hombre,10,37,27.027027027027028
2024,40202,rural,26,mujer,5,28,17.857142857142858
2024,40202,rural,27,hombre,4,37,10.81081081081081
2024,40202,rural,27,mujer,4,37,10.81081081081081
2024,40202,rural,28,hombre,7,48,14.583333333333334
2024,40202,rural,28,mujer,9,38,23.68421052631579
2024,40301,rural,16,hombre,20,131,15.267175572519085
2024,40301,rural,16,mujer,25,130,19.23076923076923
2024,40301,rural,17,hombre,30,123,24.390243902439025
2024,40301,rural,17,mujer,23,132,17.424242424242426
2024,40301,rural,18,hombre,44,133,33.08270676691729
2024,40301,rural,18,mujer,24,110,21.818181818181817
2024,40301,rural,19,hombre,46,140,32.857142857142854
2024,40301,rural,19,mujer,38,129,29.45736434108527
2024,40301,rural,20,hombre,31,115,26.956521739130434
2024,40301,rural,20,mujer,37,136,27.205882352941178
2024,40301,rural,21,hombre,31,138,22.463768115942027
2024,40301,rural,21,mujer,48,145,33.10344827586207
2024,40301,rural,22,hombre,23,118,19.491525423728813
2024,40301,rural,22,mujer,23,121,19.00826446280992
2024,40301,rural,23,hombre,29,146,19.863013698630137
2024,40301,rural,23,mujer,50,172,29.069767441860463
2024,40301,rural,24,hombre,33,122,27.049180327868854
2024,40301,rural,24,mujer,47,151,31.125827814569536
2024,40301,rural,25,hombre,22,126,17.46031746031746
2024,40301,rural,25,mujer,23,120,19.166666666666668
2024,40301,rural,26,hombre,25,111,22.52252252252252
2024,40301,rural,26,mujer,29,103,28.155339805825243
2024,40301,rural,27,hombre,16,103,15.533980582524272
2024,40301,rural,27,mujer,29,122,23.770491803278688
2024,40301,rural,28,hombre,28,120,23.333333333333332
2024,40301,rural,28,mujer,24,119,20.168067226890756
2024,40302,rural,16,hombre,2,24,8.333333333333334
2024,40302,rural,16,mujer,1,12,8.333333333333334
2024,40302,rural,17,hombre,0,16,0.0
2024,40302,rural,17,mujer,3,18,16.666666666666668
2024,40302,rural,18,hombre,4,19,21.05263157894737
2024,40302,rural,18,mujer,3,16,18.75
2024,40302,rural,19,hombre,3,15,20.0
2024,40302,rural,19,mujer,3,15,20.0
2024,40302,rural,20,hombre,3,18,16.666666666666668
2024,40302,rural,20,mujer,4,13,30.76923076923077
2024,40302,rural,21,hombre,0,17,0.0
2024,40302,rural,21,mujer,5,21,23.80952380952381
2024,40302,rural,22,hombre,4,16,25.0
2024,40302,rural,22,mujer,4,19,21.05263157894737
2024,40302,rural,23,hombre,4,32,12.5
2024,40302,rural,23,mujer,1,21,4.761904761904762
2024,40302,rural,24,hombre,8,21,38.095238095238095
2024,40302,rural,24,mujer,8,19,42.10526315789474
2024,40302,rural,25,hombre,3,23,13.043478260869565
2024,40302,rural,25,mujer,3,17,17.647058823529413
2024,40302,rural,26,hombre,3,20,15.0
2024,40302,rural,26,mujer,4,19,21.05263157894737
2024,40302,rural,27,hombre,3,18,16.666666666666668
2024,40302,rural,27,mujer,0,13,0.0
2024,40302,rural,28,hombre,2,20,10.0
2024,40302,rural,28,mujer,2,21,9.523809523809524
2024,40401,rural,16,hombre,2,52,3.8461538461538463
2024,40401,rural,16,mujer,2,38,5.2631578947368425
2024,40401,rural,17,hombre,41,98,41.83673469387755
2024,40401,rural,17,mujer,2,43,4.651162790697675
2024,40401,rural,18,hombre,109,142,76.7605633802817
2024,40401,rural,18,mujer,2,48,4.166666666666667
2024,40401,rural,19,hombre,63,106,59.43396226415094
2024,40401,rural,19,mujer,3,45,6.666666666666667
2024,40401,rural,20,hombre,28,75,37.333333333333336
2024,40401,rural,20,mujer,1,38,2.6315789473684212
2024,40401,rural,21,hombre,12,60,20.0
2024,40401,rural,21,mujer,3,47,6.382978723404255
2024,40401,rural,22,hombre,12,70,17.142857142857142
2024,40401,rural,22,mujer,3,37,8.108108108108109
2024,40401,rural,23,hombre,8,70,11.428571428571429
2024,40401,rural,23,mujer,6,46,13.043478260869565
2024,40401,rural,24,hombre,5,54,9.25925925925926
2024,40401,rural,24,mujer,6,61,9.836065573770492
2024,40401,rural,25,hombre,8,58,13.793103448275861
2024,40401,rural,25,mujer,4,49,8.16326530612245
2024,40401,rural,26,hombre,7,62,11.290322580645162
2024,40401,rural,26,mujer,10,60,16.666666666666668
2024,40401,rural,27,hombre,9,44,20.454545454545453
2024,40401,rural,27,mujer,7,45,15.555555555555555
2024,40401,rural,28,hombre,11,59,18.64406779661017
2024,40401,rural,28,mujer,12,62,19.35483870967742
2024,40402,rural,16,hombre,4,36,11.11111111111111
2024,40402,rural,16,mujer,3,36,8.333333333333334
2024,40402,rural,17,hombre,5,50,10.0
2024,40402,rural,17,mujer,5,44,11.363636363636363
2024,40402,rural,18,hombre,26,60,43.333333333333336
2024,40402,rural,18,mujer,5,32,15.625
2024,40402,rural,19,hombre,9,36,25.0
2024,40402,rural,19,mujer,7,48,14.583333333333334
2024,40402,rural,20,hombre,12,41,29.26829268292683
2024,40402,rural,20,mujer,7,33,21.21212121212121
2024,40402,rural,21,hombre,10,46,21.73913043478261
2024,40402,rural,21,mujer,10,37,27.027027027027028
2024,40402,rural,22,hombre,5,46,10.869565217391305
2024,40402,rural,22,mujer,6,34,17.647058823529413
2024,40402,rural,23,hombre,10,43,23.25581395348837
2024,40402,rural,23,mujer,10,50,20.0
2024,40402,rural,24,hombre,13,59,22.033898305084747
2024,40402,rural,24,mujer,12,42,28.571428571428573
2024,40402,rural,25,hombre,15,48,31.25
2024,40402,rural,25,mujer,9,43,20.930232558139537
2024,40402,rural,26,hombre,10,39,25.641025641025642
2024,40402,rural,26,mujer,7,32,21.875
2024,40402,rural,27,hombre,11,48,22.916666666666668
2024,40402,rural,27,mujer,10,46,21.73913043478261
2024,40402,rural,28,hombre,9,43,20.930232558139537
2024,40402,rural,28,mujer,13,39,33.333333333333336
2024,40501,rural,16,hombre,0,1,0.0
2024,40501,rural,17,mujer,0,2,0.0
2024,40501,rural,18,hombre,0,1,0.0
2024,40501,rural,18,mujer,0,1,0.0
2024,40501,rural,19,hombre,0,1,0.0
2024,40501,rural,19,mujer,1,2,50.0
2024,40501,rural,20,hombre,1,1,100.0
2024,40501,rural,20,mujer,2,4,50.0
2024,40501,rural,21,hombre,1,1,100.0
2024,40501,rural,21,mujer,1,1,100.0
2024,40501,rural,23,hombre,2,3,66.66666666666667
2024,40501,rural,23,mujer,1,1,100.0
2024,40501,rural,24,mujer,1,2,50.0
2024,40501,rural,25,hombre,1,1,100.0
2024,40501,rural,25,mujer,0,1,0.0
2024,40501,rural,26,hombre,1,2,50.0
2024,40501,rural,27,mujer,1,1,100.0
2024,40501,rural,28,hombre,0,1,0.0
2024,40501,rural,28,mujer,0,2,0.0
2024,40501,urbana,16,hombre,8,26,30.76923076923077
2024,40501,urbana,16,mujer,7,31,22.580645161290324
2024,40501,urbana,17,hombre,25,48,52.083333333333336
2024,40501,urbana,17,mujer,2,29,6.896551724137931
2024,40501,urbana,18,hombre,80,96,83.33333333333333
2024,40501,urbana,18,mujer,12,28,42.857142857142854
2024,40501,urbana,19,hombre,50,76,65.78947368421052
2024,40501,urbana,19,mujer,6,31,19.35483870967742
2024,40501,urbana,20,hombre,33,53,62.264150943396224
2024,40501,urbana,20,mujer,8,26,30.76923076923077
2024,40501,urbana,21,hombre,12,30,40.0
2024,40501,urbana,21,mujer,9,37,24.324324324324323
2024,40501,urbana,22,hombre,12,32,37.5
2024,40501,urbana,22,mujer,7,24,29.166666666666668
2024,40501,urbana,23,hombre,12,41,29.26829268292683
2024,40501,urbana,23,mujer,11,36,30.555555555555557
2024,40501,urbana,24,hombre,14,39,35.8974358974359
2024,40501,urbana,24,mujer,12,34,35.294117647058826
2024,40501,urbana,25,hombre,13,39,33.333333333333336
2024,40501,urbana,25,mujer,10,27,37.03703703703704
2024,40501,urbana,26,hombre,11,33,33.333333333333336
2024,40501,urbana,26,mujer,11,28,39.285714285714285
2024,40501,urbana,27,hombre,17,40,42.5
2024,40501,urbana,27,mujer,7,30,23.333333333333332
2024,40501,urbana,28,hombre,3,22,13.636363636363637
2024,40501,urbana,28,mujer,6,29,20.689655172413794
2024,40502,rural,16,hombre,2,16,12.5
2024,40502,rural,16,mujer,0,9,0.0
2024,40502,rural,17,hombre,1,13,7.6923076923076925
2024,40502,rural,17,mujer,2,17,11.764705882352942
2024,40502,rural,18,hombre,3,10,30.0
2024,40502,rural,18,mujer,2,16,12.5
2024,40502,rural,19,hombre,3,12,25.0
2024,40502,rural,19,mujer,3,12,25.0
2024,40502,rural,20,hombre,1,13,7.6923076923076925
2024,40502,rural,20,mujer,4,13,30.76923076923077
2024,40502,rural,21,hombre,5,17,29.41176470588235
2024,40502,rural,21,mujer,2,12,16.666666666666668
2024,40502,rural,22,hombre,3,16,18.75
2024,40502,rural,22,mujer,1,12,8.333333333333334
2024,40502,rural,23,hombre,3,14,21.428571428571427
2024,40502,rural,23,mujer,3,15,20.0
2024,40502,rural,24,hombre,2,16,12.5
2024,40502,rural,24,mujer,0,8,0.0
2024,40502,rural,25,hombre,1,9,11.11111111111111
2024,40502,rural,25,mujer,3,18,16.666666666666668
2024,40502,rural,26,hombre,1,11,9.090909090909092
2024,40502,rural,26,mujer,2,16,12.5
2024,40502,rural,27,hombre,0,17,0.0
2024,40502,rural,27,mujer,2,12,16.666666666666668
2024,40502,rural,28,hombre,2,10,20.0
2024,40502,rural,28,mujer,0,11,0.0
2024,40502,urbana,16,hombre,5,19,26.31578947368421
2024,40502,urbana,16,mujer,4,20,20.0
2024,40502,urbana,17,hombre,5,25,20.0
2024,40502,urbana,17,mujer,2,15,13.333333333333334
2024,40502,urbana,18,hombre,7,24,29.166666666666668
2024,40502,urbana,18,mujer,3,18,16.666666666666668
2024,40502,urbana,19,hombre,3,24,12.5
2024,40502,urbana,19,mujer,1,14,7.142857142857143
2024,40502,urbana,20,hombre,2,20,10.0
2024,40502,urbana,20,mujer,3,12,25.0
2024,40502,urbana,21,hombre,4,18,22.22222222222222
2024,40502,urbana,21,mujer,2,13,15.384615384615385
2024,40502,urbana,22,hombre,2,22,9.090909090909092
2024,40502,urbana,22,mujer,4,20,20.0
2024,40502,urbana,23,hombre,5,21,23.80952380952381
2024,40502,urbana,23,mujer,5,17,29.41176470588235
2024,40502,urbana,24,hombre,8,23,34.78260869565217
2024,40502,urbana,24,mujer,4,22,18.181818181818183
2024,40502,urbana,25,hombre,6,27,22.22222222222222
2024,40502,urbana,25,mujer,4,24,16.666666666666668
2024,40502,urbana,26,hombre,4,19,21.05263157894737
2024,40502,urbana,26,mujer,6,23,26.08695652173913
2024,40502,urbana,27,hombre,3,19,15.789473684210526
2024,40502,urbana,27,mujer,2,20,10.0
2024,40502,urbana,28,hombre,4,23,17.391304347826086
2024,40502,urbana,28,mujer,10,28,35.714285714285715
2024,40503,rural,16,hombre,6,17,35.294117647058826
2024,40503,rural,16,mujer,4,12,33.333333333333336
2024,40503,rural,17,hombre,3,10,30.0
2024,40503,rural,17,mujer,3,11,27.272727272727273
2024,40503,rural,18,hombre,2,11,18.181818181818183
2024,40503,rural,18,mujer,5,14,35.714285714285715
2024,40503,rural,19,hombre,8,13,61.53846153846154
2024,40503,rural,19,mujer,8,14,57.142857142857146
2024,40503,rural,20,hombre,6,19,31.57894736842105
2024,40503,rural,20,mujer,3,10,30.0
2024,40503,rural,21,hombre,5,13,38.46153846153846
2024,40503,rural,21,mujer,3,13,23.076923076923077
2024,40503,rural,22,hombre,4,17,23.529411764705884
2024,40503,rural,22,mujer,3,13,23.076923076923077
2024,40503,rural,23,hombre,2,10,20.0
2024,40503,rural,23,mujer,2,10,20.0
2024,40503,rural,24,hombre,4,21,19.047619047619047
2024,40503,rural,24,mujer,10,20,50.0
2024,40503,rural,25,hombre,6,14,42.857142857142854
2024,40503,rural,25,mujer,4,10,40.0
2024,40503,rural,26,hombre,6,15,40.0
2024,40503,rural,26,mujer,8,17,47.05882352941177
2024,40503,rural,27,hombre,3,9,33.333333333333336
2024,40503,rural,27,mujer,7,13,53.84615384615385
2024,40503,rural,28,hombre,3,11,27.272727272727273
2024,40503,rural,28,mujer,4,15,26.666666666666668
2024,40504,rural,16,hombre,0,10,0.0
2024,40504,rural,16,mujer,0,6,0.0
2024,40504,rural,17,hombre,1,10,10.0
2024,40504,rural,17,mujer,1,3,33.333333333333336
2024,40504,rural,18,hombre,3,6,50.0
2024,40504,rural,18,mujer,2,4,50.0
2024,40504,rural,19,hombre,2,9,22.22222222222222
2024,40504,rural,19,mujer,2,4,50.0
2024,40504,rural,20,hombre,3,6,50.0
2024,40504,rural,20,mujer,2,9,22.22222222222222
2024,40504,rural,21,hombre,3,10,30.0
2024,40504,rural,21,mujer,2,4,50.0
2024,40504,rural,22,hombre,5,8,62.5
2024,40504,rural,22,mujer,6,17,35.294117647058826
2024,40504,rural,23,hombre,5,12,41.666666666666664
2024,40504,rural,23,mujer,1,9,11.11111111111111
2024,40504,rural,24,hombre,1,3,33.333333333333336
2024,40504,rural,24,mujer,8,16,50.0
2024,40504,rural,25,hombre,7,17,41.1764705882353
2024,40504,rural,25,mujer,2,10,20.0
2024,40504,rural,26,hombre,2,7,28.571428571428573
2024,40504,rural,26,mujer,1,7,14.285714285714286
2024,40504,rural,27,hombre,6,13,46.15384615384615
2024,40504,rural,27,mujer,2,5,40.0
2024,40504,rural,28,hombre,2,9,22.22222222222222
2024,40504,rural,28,mujer,3,11,27.272727272727273
2024,40505,rural,16,hombre,1,25,4.0
2024,40505,rural,16,mujer,4,31,12.903225806451612
2024,40505,rural,17,hombre,3,17,17.647058823529413
2024,40505,rural,17,mujer,0,27,0.0
2024,40505,rural,18,hombre,6,29,20.689655172413794
2024,40505,rural,18,mujer,5,26,19.23076923076923
2024,40505,rural,19,hombre,9,40,22.5
2024,40505,rural,19,mujer,2,33,6.0606060606060606
2024,40505,rural,20,hombre,11,38,28.94736842105263
2024,40505,rural,20,mujer,10,38,26.31578947368421
2024,40505,rural,21,hombre,7,36,19.444444444444443
2024,40505,rural,21,mujer,3,21,14.285714285714286
2024,40505,rural,22,hombre,8,33,24.242424242424242
2024,40505,rural,22,mujer,7,42,16.666666666666668
2024,40505,rural,23,hombre,8,39,20.512820512820515
2024,40505,rural,23,mujer,7,46,15.217391304347826
2024,40505,rural,24,hombre,7,43,16.27906976744186
2024,40505,rural,24,mujer,9,32,28.125
2024,40505,rural,25,hombre,10,42,23.80952380952381
2024,40505,rural,25,mujer,3,42,7.142857142857143
2024,40505,rural,26,hombre,11,45,24.444444444444443
2024,40505,rural,26,mujer,9,45,20.0
2024,40505,rural,27,hombre,8,32,25.0
2024,40505,rural,27,mujer,9,34,26.470588235294116
2024,40505,rural,28,hombre,8,45,17.77777777777778
2024,40505,rural,28,mujer,6,40,15.0
2024,40601,rural,16,hombre,6,31,19.35483870967742
2024,40601,rural,16,mujer,4,22,18.181818181818183
2024,40601,rural,17,hombre,1,15,6.666666666666667
2024,40601,rural,17,mujer,5,25,20.0
2024,40601,rural,18,hombre,5,32,15.625
2024,40601,rural,18,mujer,4,15,26.666666666666668
2024,40601,rural,19,hombre,7,27,25.925925925925927
2024,40601,rural,19,mujer,8,25,32.0
2024,40601,rural,20,hombre,4,18,22.22222222222222
2024,40601,rural,20,mujer,9,22,40.90909090909091
2024,40601,rural,21,hombre,11,33,33.333333333333336
2024,40601,rural,21,mujer,3,20,15.0
2024,40601,rural,22,hombre,10,32,31.25
2024,40601,rural,22,mujer,10,28,35.714285714285715
2024,40601,rural,23,hombre,9,37,24.324324324324323
2024,40601,rural,23,mujer,13,36,36.111111111111114
2024,40601,rural,24,hombre,8,23,34.78260869565217
2024,40601,rural,24,mujer,8,32,25.0
2024,40601,rural,25,hombre,11,29,37.93103448275862
2024,40601,rural,25,mujer,6,28,21.428571428571427
2024,40601,rural,26,hombre,12,38,31.57894736842105
2024,40601,rural,26,mujer,7,33,21.21212121212121
2024,40601,rural,27,hombre,7,23,30.434782608695652
2024,40601,rural,27,mujer,8,30,26.666666666666668
2024,40601,rural,28,hombre,11,27,40.74074074074074
2024,40601,rural,28,mujer,5,29,17.24137931034483
2024,40601,urbana,16,hombre,5,35,14.285714285714286
2024,40601,urbana,16,mujer,8,57,14.035087719298245
2024,40601,urbana,17,hombre,0,43,0.0
2024,40601,urbana,17,mujer,2,36,5.555555555555555
2024,40601,urbana,18,hombre,5,29,17.24137931034483
2024,40601,urbana,18,mujer,4,37,10.81081081081081
2024,40601,urbana,19,hombre,4,38,10.526315789473685
2024,40601,urbana,19,mujer,4,25,16.0
2024,40601,urbana,20,hombre,5,34,14.705882352941176
2024,40601,urbana,20,mujer,7,33,21.21212121212121
2024,40601,urbana,21,hombre,9,51,17.647058823529413
2024,40601,urbana,21,mujer,8,41,19.51219512195122
2024,40601,urbana,22,hombre,8,34,23.529411764705884
2024,40601,urbana,22,mujer,6,30,20.0
2024,40601,urbana,23,hombre,17,52,32.69230769230769
2024,40601,urbana,23,mujer,9,47,19.148936170212767
2024,40601,urbana,24,hombre,14,63,22.22222222222222
2024,40601,urbana,24,mujer,18,50,36.0
2024,40601,urbana,25,hombre,12,52,23.076923076923077
2024,40601,urbana,25,mujer,20,58,34.48275862068966
2024,40601,urbana,26,hombre,12,56,21.428571428571427
2024,40601,urbana,26,mujer,5,42,11.904761904761905
2024,40601,urbana,27,hombre,17,46,36.95652173913044
2024,40601,urbana,27,mujer,13,43,30.232558139534884
2024,40601,urbana,28,hombre,7,53,13.20754716981132
2024,40601,urbana,28,mujer,10,40,25.0
2024,40602,rural,16,hombre,3,35,8.571428571428571
2024,40602,rural,16,mujer,3,28,10.714285714285714
2024,40602,rural,17,hombre,2,32,6.25
2024,40602,rural,17,mujer,4,28,14.285714285714286
2024,40602,rural,18,hombre,6,25,24.0
2024,40602,rural,18,mujer,2,28,7.142857142857143
2024,40602,rural,19,hombre,3,25,12.0
2024,40602,rural,19,mujer,4,27,14.814814814814815
2024,40602,rural,20,hombre,4,22,18.181818181818183
2024,40602,rural,20,mujer,2,25,8.0
2024,40602,rural,21,hombre,5,28,17.857142857142858
2024,40602,rural,21,mujer,2,20,10.0
2024,40602,rural,22,hombre,6,28,21.428571428571427
2024,40602,rural,22,mujer,4,20,20.0
2024,40602,rural,23,hombre,6,31,19.35483870967742
2024,40602,rural,23,mujer,5,23,21.73913043478261
2024,40602,rural,24,hombre,8,32,25.0
2024,40602,rural,24,mujer,4,24,16.666666666666668
2024,40602,rural,25,hombre,10,25,40.0
2024,40602,rural,25,mujer,7,23,30.434782608695652
2024,40602,rural,26,hombre,7,34,20.58823529411765
2024,40602,rural,26,mujer,7,26,26.923076923076923
2024,40602,rural,27,hombre,7,25,28.0
2024,40602,rural,27,mujer,6,30,20.0
2024,40602,rural,28,hombre,4,27,14.814814814814815
2024,40602,rural,28,mujer,11,29,37.93103448275862
2024,40603,rural,16,hombre,4,34,11.764705882352942
2024,40603,rural,16,mujer,3,34,8.823529411764707
2024,40603,rural,17,hombre,2,29,6.896551724137931
2024,40603,rural,17,mujer,3,28,10.714285714285714
2024,40603,rural,18,hombre,2,19,10.526315789473685
2024,40603,rural,18,mujer,3,25,12.0
2024,40603,rural,19,hombre,5,19,26.31578947368421
2024,40603,rural,19,mujer,6,24,25.0
2024,40603,rural,20,hombre,11,23,47.82608695652174
2024,40603,rural,20,mujer,5,27,18.51851851851852
2024,40603,rural,21,hombre,1,26,3.8461538461538463
2024,40603,rural,21,mujer,3,19,15.789473684210526
2024,40603,rural,22,hombre,9,23,39.130434782608695
2024,40603,rural,22,mujer,7,22,31.818181818181817
2024,40603,rural,23,hombre,9,26,34.61538461538461
2024,40603,rural,23,mujer,9,24,37.5
2024,40603,rural,24,hombre,7,23,30.434782608695652
2024,40603,rural,24,mujer,7,31,22.580645161290324
2024,40603,rural,25,hombre,10,30,33.333333333333336
2024,40603,rural,25,mujer,13,26,50.0
2024,40603,rural,26,hombre,9,26,34.61538461538461
2024,40603,rural,26,mujer,4,22,18.181818181818183
2024,40603,rural,27,hombre,10,27,37.03703703703704
2024,40603,rural,27,mujer,5,21,23.80952380952381
2024,40603,rural,28,hombre,12,31,38.70967741935484
2024,40603,rural,28,mujer,13,30,43.333333333333336
2024,40701,rural,16,hombre,1,29,3.4482758620689653
2024,40701,rural,16,mujer,5,24,20.833333333333332
2024,40701,rural,17,hombre,7,27,25.925925925925927
2024,40701,rural,17,mujer,4,33,12.121212121212121
2024,40701,rural,18,hombre,18,30,60.0
2024,40701,rural,18,mujer,1,21,4.761904761904762
2024,40701,rural,19,hombre,10,25,40.0
2024,40701,rural,19,mujer,4,26,15.384615384615385
2024,40701,rural,20,hombre,4,25,16.0
2024,40701,rural,20,mujer,2,15,13.333333333333334
2024,40701,rural,21,hombre,5,25,20.0
2024,40701,rural,21,mujer,4,19,21.05263157894737
2024,40701,rural,22,hombre,5,32,15.625
2024,40701,rural,22,mujer,6,23,26.08695652173913
2024,40701,rural,23,hombre,7,35,20.0
2024,40701,rural,23,mujer,5,24,20.833333333333332
2024,40701,rural,24,hombre,6,22,27.272727272727273
2024,40701,rural,24,mujer,3,39,7.6923076923076925
2024,40701,rural,25,hombre,7,30,23.333333333333332
2024,40701,rural,25,mujer,6,25,24.0
2024,40701,rural,26,hombre,7,33,21.21212121212121
2024,40701,rural,26,mujer,6,34,17.647058823529413
2024,40701,rural,27,hombre,8,32,25.0
2024,40701,rural,27,mujer,8,31,25.806451612903224
2024,40701,rural,28,hombre,8,38,21.05263157894737
2024,40701,rural,28,mujer,8,23,34.78260869565217
2024,40701,urbana,16,hombre,6,172,3.488372093023256
2024,40701,urbana,16,mujer,9,202,4.455445544554456
2024,40701,urbana,17,hombre,10,206,4.854368932038835
2024,40701,urbana,17,mujer,10,159,6.289308176100629
2024,40701,urbana,18,hombre,53,168,31.547619047619047
2024,40701,urbana,18,mujer,15,162,9.25925925925926
2024,40701,urbana,19,hombre,46,174,26.436781609195403
2024,40701,urbana,19,mujer,22,147,14.965986394557824
2024,40701,urbana,20,hombre,46,184,25.0
2024,40701,urbana,20,mujer,23,140,16.428571428571427
2024,40701,urbana,21,hombre,42,156,26.923076923076923
2024,40701,urbana,21,mujer,20,166,12.048192771084338
2024,40701,urbana,22,hombre,42,168,25.0
2024,40701,urbana,22,mujer,31,150,20.666666666666668
2024,40701,urbana,23,hombre,34,154,22.07792207792208
2024,40701,urbana,23,mujer,21,133,15.789473684210526
2024,40701,urbana,24,hombre,20,144,13.88888888888889
2024,40701,urbana,24,mujer,16,135,11.851851851851851
2024,40701,urbana,25,hombre,16,133,12.030075187969924
2024,40701,urbana,25,mujer,14,133,10.526315789473685
2024,40701,urbana,26,hombre,18,140,12.857142857142858
2024,40701,urbana,26,mujer,14,91,15.384615384615385
2024,40701,urbana,27,hombre,14,121,11.570247933884298
2024,40701,urbana,27,mujer,19,125,15.2
2024,40701,urbana,28,hombre,16,147,10.884353741496598
2024,40701,urbana,28,mujer,19,117,16.23931623931624
2024,40702,rural,16,hombre,1,13,7.6923076923076925
2024,40702,rural,16,mujer,2,16,12.5
2024,40702,rural,17,hombre,4,22,18.181818181818183
2024,40702,rural,17,mujer,1,11,9.090909090909092
2024,40702,rural,18,hombre,3,17,17.647058823529413
2024,40702,rural,18,mujer,3,17,17.647058823529413
2024,40702,rural,19,hombre,4,21,19.047619047619047
2024,40702,rural,19,mujer,4,19,21.05263157894737
2024,40702,rural,20,hombre,0,18,0.0
2024,40702,rural,20,mujer,5,18,27.77777777777778
2024,40702,rural,21,hombre,3,19,15.789473684210526
2024,40702,rural,21,mujer,5,20,25.0
2024,40702,rural,22,hombre,3,21,14.285714285714286
2024,40702,rural,22,mujer,4,16,25.0
2024,40702,rural,23,hombre,1,16,6.25
2024,40702,rural,23,mujer,4,16,25.0
2024,40702,rural,24,hombre,3,20,15.0
2024,40702,rural,24,mujer,1,22,4.545454545454546
2024,40702,rural,25,hombre,5,18,27.77777777777778
2024,40702,rural,25,mujer,6,19,31.57894736842105
2024,40702,rural,26,hombre,6,18,33.333333333333336
2024,40702,rural,26,mujer,5,25,20.0
2024,40702,rural,27,hombre,4,27,14.814814814814815
2024,40702,rural,27,mujer,6,20,30.0
2024,40702,rural,28,hombre,6,24,25.0
2024,40702,rural,28,mujer,4,25,16.0
2024,40702,urbana,16,hombre,2,25,8.0
2024,40702,urbana,16,mujer,1,26,3.8461538461538463
2024,40702,urbana,17,hombre,5,31,16.129032258064516
2024,40702,urbana,17,mujer,1,19,5.2631578947368425
2024,40702,urbana,18,hombre,3,27,11.11111111111111
2024,40702,urbana,18,mujer,2,27,7.407407407407407
2024,40702,urbana,19,hombre,3,27,11.11111111111111
2024,40702,urbana,19,mujer,2,31,6.451612903225806
2024,40702,urbana,20,hombre,2,18,11.11111111111111
2024,40702,urbana,20,mujer,2,25,8.0
2024,40702,urbana,21,hombre,8,30,26.666666666666668
2024,40702,urbana,21,mujer,5,31,16.129032258064516
2024,40702,urbana,22,hombre,7,25,28.0
2024,40702,urbana,22,mujer,7,27,25.925925925925927
2024,40702,urbana,23,hombre,7,27,25.925925925925927
2024,40702,urbana,23,mujer,4,22,18.181818181818183
2024,40702,urbana,24,hombre,2,30,6.666666666666667
2024,40702,urbana,24,mujer,2,26,7.6923076923076925
2024,40702,urbana,25,hombre,4,28,14.285714285714286
2024,40702,urbana,25,mujer,3,19,15.789473684210526
2024,40702,urbana,26,hombre,2,18,11.11111111111111
2024,40702,urbana,26,mujer,6,25,24.0
2024,40702,urbana,27,hombre,3,28,10.714285714285714
2024,40702,urbana,27,mujer,2,21,9.523809523809524
2024,40702,urbana,28,hombre,7,32,21.875
2024,40702,urbana,28,mujer,3,28,10.714285714285714
2024,40801,rural,16,hombre,22,119,18.48739495798319
2024,40801,rural,16,mujer,13,103,12.62135922330097
2024,40801,rural,17,hombre,22,133,16.541353383458645
2024,40801,rural,17,mujer,25,117,21.367521367521366
2024,40801,rural,18,hombre,19,112,16.964285714285715
2024,40801,rural,18,mujer,20,102,19.607843137254903
2024,40801,rural,19,hombre,23,118,19.491525423728813
2024,40801,rural,19,mujer,34,112,30.357142857142858
2024,40801,rural,20,hombre,25,125,20.0
2024,40801,rural,20,mujer,17,90,18.88888888888889
2024,40801,rural,21,hombre,22,121,18.181818181818183
2024,40801,rural,21,mujer,25,106,23.58490566037736
2024,40801,rural,22,hombre,23,132,17.424242424242426
2024,40801,rural,22,mujer,33,121,27.272727272727273
2024,40801,rural,23,hombre,24,117,20.512820512820515
2024,40801,rural,23,mujer,25,119,21.008403361344538
2024,40801,rural,24,hombre,28,148,18.91891891891892
2024,40801,rural,24,mujer,28,116,24.137931034482758
2024,40801,rural,25,hombre,21,117,17.94871794871795
2024,40801,rural,25,mujer,25,121,20.66115702479339
2024,40801,rural,26,hombre,28,129,21.705426356589147
2024,40801,rural,26,mujer,30,108,27.77777777777778
2024,40801,rural,27,hombre,27,138,19.565217391304348
2024,40801,rural,27,mujer,30,108,27.77777777777778
2024,40801,rural,28,hombre,25,123,20.32520325203252
2024,40801,rural,28,mujer,26,111,23.423423423423422
2024,40802,rural,16,hombre,3,16,18.75
2024,40802,rural,16,mujer,1,21,4.761904761904762
2024,40802,rural,17,hombre,4,33,12.121212121212121
2024,40802,rural,17,mujer,3,18,16.666666666666668
2024,40802,rural,18,hombre,8,24,33.333333333333336
2024,40802,rural,18,mujer,2,21,9.523809523809524
2024,40802,rural,19,hombre,2,23,8.695652173913043
2024,40802,rural,19,mujer,2,12,16.666666666666668
2024,40802,rural,20,hombre,5,21,23.80952380952381
2024,40802,rural,20,mujer,0,18,0.0
2024,40802,rural,21,hombre,2,23,8.695652173913043
2024,40802,rural,21,mujer,6,24,25.0
2024,40802,rural,22,hombre,2,19,10.526315789473685
2024,40802,rural,22,mujer,2,18,11.11111111111111
2024,40802,rural,23,hombre,5,30,16.666666666666668
2024,40802,rural,23,mujer,4,28,14.285714285714286
2024,40802,rural,24,hombre,10,30,33.333333333333336
2024,40802,rural,24,mujer,3,24,12.5
2024,40802,rural,25,hombre,3,17,17.647058823529413
2024,40802,rural,25,mujer,1,15,6.666666666666667
2024,40802,rural,26,hombre,3,20,15.0
2024,40802,rural,26,mujer,2,12,16.666666666666668
2024,40802,rural,27,hombre,5,24,20.833333333333332
2024,40802,rural,27,mujer,6,31,19.35483870967742
2024,40802,rural,28,hombre,4,16,25.0
2024,40802,rural,28,mujer,8,26,30.76923076923077
2024,40901,rural,16,hombre,23,100,23.0
2024,40901,rural,16,mujer,17,115,14.782608695652174
2024,40901,rural,17,hombre,23,99,23.232323232323232
2024,40901,rural,17,mujer,17,108,15.74074074074074
2024,40901,rural,18,hombre,45,133,33.83458646616541
2024,40901,rural,18,mujer,28,117,23.931623931623932
2024,40901,rural,19,hombre,38,142,26.760563380281692
2024,40901,rural,19,mujer,24,94,25.53191489361702
2024,40901,rural,20,hombre,34,129,26.356589147286822
2024,40901,rural,20,mujer,22,93,23.655913978494624
2024,40901,rural,21,hombre,36,111,32.432432432432435
2024,40901,rural,21,mujer,40,115,34.78260869565217
2024,40901,rural,22,hombre,24,112,21.428571428571427
2024,40901,rural,22,mujer,28,113,24.778761061946902
2024,40901,rural,23,hombre,32,146,21.91780821917808
2024,40901,rural,23,mujer,29,123,23.577235772357724
2024,40901,rural,24,hombre,37,163,22.699386503067483
2024,40901,rural,24,mujer,37,127,29.133858267716537
2024,40901,rural,25,hombre,27,127,21.25984251968504
2024,40901,rural,25,mujer,28,113,24.778761061946902
2024,40901,rural,26,hombre,31,126,24.603174603174605
2024,40901,rural,26,mujer,31,117,26.495726495726494
2024,40901,rural,27,hombre,31,106,29.245283018867923
2024,40901,rural,27,mujer,22,111,19.81981981981982
2024,40901,rural,28,hombre,26,122,21.311475409836067
2024,40901,rural,28,mujer,30,110,27.272727272727273
2024,40901,urbana,16,hombre,7,24,29.166666666666668
2024,40901,urbana,16,mujer,8,21,38.095238095238095
2024,40901,urbana,17,hombre,11,33,33.333333333333336
2024,40901,urbana,17,mujer,9,24,37.5
2024,40901,urbana,18,hombre,17,38,44.73684210526316
2024,40901,urbana,18,mujer,12,26,46.15384615384615
2024,40901,urbana,19,hombre,17,41,41.46341463414634
2024,40901,urbana,19,mujer,16,38,42.10526315789474
2024,40901,urbana,20,hombre,8,36,22.22222222222222
2024,40901,urbana,20,mujer,17,48,35.416666666666664
2024,40901,urbana,21,hombre,24,45,53.333333333333336
2024,40901,urbana,21,mujer,14,29,48.275862068965516
2024,40901,urbana,22,hombre,18,47,38.297872340425535
2024,40901,urbana,22,mujer,19,43,44.18604651162791
2024,40901,urbana,23,hombre,17,52,32.69230769230769
2024,40901,urbana,23,mujer,40,63,63.492063492063494
2024,40901,urbana,24,hombre,37,79,46.835443037974684
2024,40901,urbana,24,mujer,18,39,46.15384615384615
2024,40901,urbana,25,hombre,25,45,55.55555555555556
2024,40901,urbana,25,mujer,23,45,51.111111111111114
2024,40901,urbana,26,hombre,13,41,31.70731707317073
2024,40901,urbana,26,mujer,15,36,41.666666666666664
2024,40901,urbana,27,hombre,23,52,44.23076923076923
2024,40901,urbana,27,mujer,11,30,36.666666666666664
2024,40901,urbana,28,hombre,23,41,56.09756097560975
2024,40901,urbana,28,mujer,17,37,45.945945945945944
2024,40902,rural,16,hombre,0,12,0.0
2024,40902,rural,16,mujer,2,10,20.0
2024,40902,rural,17,hombre,2,11,18.181818181818183
2024,40902,rural,17,mujer,0,5,0.0
2024,40902,rural,18,hombre,7,16,43.75
2024,40902,rural,18,mujer,1,8,12.5
2024,40902,rural,19,hombre,2,11,18.181818181818183
2024,40902,rural,19,mujer,1,10,10.0
2024,40902,rural,20,hombre,4,13,30.76923076923077
2024,40902,rural,20,mujer,1,7,14.285714285714286
2024,40902,rural,21,hombre,1,10,10.0
2024,40902,rural,21,mujer,2,13,15.384615384615385
2024,40902,rural,22,hombre,2,10,20.0
2024,40902,rural,22,mujer,1,12,8.333333333333334
2024,40902,rural,23,hombre,2,18,11.11111111111111
2024,40902,rural,23,mujer,5,11,45.45454545454545
2024,40902,rural,24,hombre,1,14,7.142857142857143
2024,40902,rural,24,mujer,3,15,20.0
2024,40902,rural,25,hombre,0,10,0.0
2024,40902,rural,25,mujer,3,10,30.0
2024,40902,rural,26,hombre,0,5,0.0
2024,40902,rural,26,mujer,2,16,12.5
2024,40902,rural,27,hombre,4,14,28.571428571428573
2024,40902,rural,27,mujer,5,23,21.73913043478261
2024,40902,rural,28,hombre,4,11,36.36363636363637
2024,40902,rural,28,mujer,1,7,14.285714285714286
2024,40903,rural,16,hombre,1,18,5.555555555555555
2024,40903,rural,16,mujer,1,23,4.3478260869565215
2024,40903,rural,17,hombre,1,10,10.0
2024,40903,rural,17,mujer,0,27,0.0
2024,40903,rural,18,hombre,0,9,0.0
2024,40903,rural,18,mujer,2,26,7.6923076923076925
2024,40903,rural,19,hombre,0,18,0.0
2024,40903,rural,19,mujer,2,22,9.090909090909092
2024,40903,rural,20,hombre,0,13,0.0
2024,40903,rural,20,mujer,2,18,11.11111111111111
2024,40903,rural,21,hombre,1,18,5.555555555555555
2024,40903,rural,21,mujer,0,21,0.0
2024,40903,rural,22,hombre,1,23,4.3478260869565215
2024,40903,rural,22,mujer,4,28,14.285714285714286
2024,40903,rural,23,hombre,0,23,0.0
2024,40903,rural,23,mujer,0,19,0.0
2024,40903,rural,24,hombre,3,23,13.043478260869565
2024,40903,rural,24,mujer,2,14,14.285714285714286
2024,40903,rural,25,hombre,0,27,0.0
2024,40903,rural,25,mujer,0,20,0.0
2024,40903,rural,26,hombre,0,31,0.0
2024,40903,rural,26,mujer,0,22,0.0
2024,40903,rural,27,hombre,0,20,0.0
2024,40903,rural,27,mujer,0,26,0.0
2024,40903,rural,28,hombre,1,23,4.3478260869565215
2024,40903,rural,28,mujer,3,32,9.375
2024,41001,rural,16,hombre,10,84,11.904761904761905
2024,41001,rural,16,mujer,9,94,9.574468085106384
2024,41001,rural,17,hombre,6,85,7.0588235294117645
2024,41001,rural,17,mujer,9,70,12.857142857142858
2024,41001,rural,18,hombre,12,66,18.181818181818183
2024,41001,rural,18,mujer,11,75,14.666666666666666
2024,41001,rural,19,hombre,16,84,19.047619047619047
2024,41001,rural,19,mujer,14,71,19.718309859154928
2024,41001,rural,20,hombre,14,77,18.181818181818183
2024,41001,rural,20,mujer,12,75,16.0
2024,41001,rural,21,hombre,15,88,17.045454545454547
2024,41001,rural,21,mujer,12,78,15.384615384615385
2024,41001,rural,22,hombre,16,92,17.391304347826086
2024,41001,rural,22,mujer,12,69,17.391304347826086
2024,41001,rural,23,hombre,14,101,13.861386138613861
2024,41001,rural,23,mujer,25,99,25.252525252525253
2024,41001,rural,24,hombre,18,97,18.556701030927837
2024,41001,rural,24,mujer,20,99,20.2020202020202
2024,41001,rural,25,hombre,10,83,12.048192771084338
2024,41001,rural,25,mujer,12,64,18.75
2024,41001,rural,26,hombre,17,89,19.10112359550562
2024,41001,rural,26,mujer,14,81,17.28395061728395
2024,41001,rural,27,hombre,20,88,22.727272727272727
2024,41001,rural,27,mujer,18,76,23.68421052631579
2024,41001,rural,28,hombre,14,93,15.053763440860216
2024,41001,rural,28,mujer,16,96,16.666666666666668
2024,41101,rural,16,hombre,2,27,7.407407407407407
2024,41101,rural,16,mujer,0,24,0.0
2024,41101,rural,17,hombre,0,18,0.0
2024,41101,rural,17,mujer,3,22,13.636363636363637
2024,41101,rural,18,hombre,2,21,9.523809523809524
2024,41101,rural,18,mujer,2,26,7.6923076923076925
2024,41101,rural,19,hombre,1,22,4.545454545454546
2024,41101,rural,19,mujer,3,12,25.0
2024,41101,rural,20,hombre,6,23,26.08695652173913
2024,41101,rural,20,mujer,1,20,5.0
2024,41101,rural,21,hombre,2,29,6.896551724137931
2024,41101,rural,21,mujer,3,24,12.5
2024,41101,rural,22,hombre,5,30,16.666666666666668
2024,41101,rural,22,mujer,4,16,25.0
2024,41101,rural,23,hombre,8,29,27.586206896551722
2024,41101,rural,23,mujer,1,23,4.3478260869565215
2024,41101,rural,24,hombre,9,32,28.125
2024,41101,rural,24,mujer,4,10,40.0
2024,41101,rural,25,hombre,2,23,8.695652173913043
2024,41101,rural,25,mujer,1,23,4.3478260869565215
2024,41101,rural,26,hombre,4,25,16.0
2024,41101,rural,26,mujer,2,25,8.0
2024,41101,rural,27,hombre,2,26,7.6923076923076925
2024,41101,rural,27,mujer,1,26,3.8461538461538463
2024,41101,rural,28,hombre,4,27,14.814814814814815
2024,41101,rural,28,mujer,3,19,15.789473684210526
2024,41101,urbana,16,hombre,0,25,0.0
2024,41101,urbana,16,mujer,3,27,11.11111111111111
2024,41101,urbana,17,hombre,1,20,5.0
2024,41101,urbana,17,mujer,0,20,0.0
2024,41101,urbana,18,hombre,4,16,25.0
2024,41101,urbana,18,mujer,2,24,8.333333333333334
2024,41101,urbana,19,hombre,1,14,7.142857142857143
2024,41101,urbana,19,mujer,5,22,22.727272727272727
2024,41101,urbana,20,hombre,1,18,5.555555555555555
2024,41101,urbana,20,mujer,6,25,24.0
2024,41101,urbana,21,hombre,5,21,23.80952380952381
2024,41101,urbana,21,mujer,0,16,0.0
2024,41101,urbana,22,hombre,0,19,0.0
2024,41101,urbana,22,mujer,4,23,17.391304347826086
2024,41101,urbana,23,hombre,2,22,9.090909090909092
2024,41101,urbana,23,mujer,1,20,5.0
2024,41101,urbana,24,hombre,2,8,25.0
2024,41101,urbana,24,mujer,3,19,15.789473684210526
2024,41101,urbana,25,hombre,4,12,33.333333333333336
2024,41101,urbana,25,mujer,5,21,23.80952380952381
2024,41101,urbana,26,hombre,6,25,24.0
2024,41101,urbana,26,mujer,2,16,12.5
2024,41101,urbana,27,hombre,1,17,5.882352941176471
2024,41101,urbana,27,mujer,2,25,8.0
2024,41101,urbana,28,hombre,2,15,13.333333333333334
2024,41101,urbana,28,mujer,7,23,30.434782608695652
2024,41201,rural,16,hombre,6,43,13.953488372093023
2024,41201,rural,16,mujer,4,41,9.75609756097561
2024,41201,rural,17,hombre,4,34,11.764705882352942
2024,41201,rural,17,mujer,8,31,25.806451612903224
2024,41201,rural,18,hombre,9,39,23.076923076923077
2024,41201,rural,18,mujer,10,43,23.25581395348837
2024,41201,rural,19,hombre,4,33,12.121212121212121
2024,41201,rural,19,mujer,0,39,0.0
2024,41201,rural,20,hombre,8,41,19.51219512195122
2024,41201,rural,20,mujer,6,37,16.216216216216218
2024,41201,rural,21,hombre,11,49,22.448979591836736
2024,41201,rural,21,mujer,9,44,20.454545454545453
2024,41201,rural,22,hombre,7,40,17.5
2024,41201,rural,22,mujer,10,46,21.73913043478261
2024,41201,rural,23,hombre,8,45,17.77777777777778
2024,41201,rural,23,mujer,5,39,12.820512820512821
2024,41201,rural,24,hombre,11,53,20.754716981132077
2024,41201,rural,24,mujer,8,49,16.3265306122449
2024,41201,rural,25,hombre,12,56,21.428571428571427
2024,41201,rural,25,mujer,6,39,15.384615384615385
2024,41201,rural,26,hombre,7,45,15.555555555555555
2024,41201,rural,26,mujer,10,48,20.833333333333332
2024,41201,rural,27,hombre,5,50,10.0
2024,41201,rural,27,mujer,8,40,20.0
2024,41201,rural,28,hombre,4,32,12.5
2024,41201,rural,28,mujer,7,46,15.217391304347826
2024,41202,rural,16,hombre,9,29,31.03448275862069
2024,41202,rural,16,mujer,2,21,9.523809523809524
2024,41202,rural,17,hombre,2,20,10.0
2024,41202,rural,17,mujer,10,21,47.61904761904762
2024,41202,rural,18,hombre,5,24,20.833333333333332
2024,41202,rural,18,mujer,4,16,25.0
2024,41202,rural,19,hombre,4,22,18.181818181818183
2024,41202,rural,19,mujer,7,22,31.818181818181817
2024,41202,rural,20,hombre,5,23,21.73913043478261
2024,41202,rural,20,mujer,5,21,23.80952380952381
2024,41202,rural,21,hombre,5,24,20.833333333333332
2024,41202,rural,21,mujer,6,19,31.57894736842105
2024,41202,rural,22,hombre,4,22,18.181818181818183
2024,41202,rural,22,mujer,4,27,14.814814814814815
2024,41202,rural,23,hombre,3,16,18.75
2024,41202,rural,23,mujer,5,21,23.80952380952381
2024,41202,rural,24,hombre,6,26,23.076923076923077
2024,41202,rural,24,mujer,9,27,33.333333333333336
2024,41202,rural,25,hombre,2,19,10.526315789473685
2024,41202,rural,25,mujer,6,17,35.294117647058826
2024,41202,rural,26,hombre,7,27,25.925925925925927
2024,41202,rural,26,mujer,2,17,11.764705882352942
2024,41202,rural,27,hombre,7,21,33.333333333333336
2024,41202,rural,27,mujer,10,17,58.8235294117647
2024,41202,rural,28,hombre,5,25,20.0
2024,41202,rural,28,mujer,5,31,16.129032258064516
2024,41301,rural,16,hombre,4,61,6.557377049180328
2024,41301,rural,16,mujer,5,39,12.820512820512821
2024,41301,rural,17,hombre,7,40,17.5
2024,41301,rural,17,mujer,4,39,10.256410256410257
2024,41301,rural,18,hombre,5,44,11.363636363636363
2024,41301,rural,18,mujer,10,46,21.73913043478261
2024,41301,rural,19,hombre,7,51,13.72549019607843
2024,41301,rural,19,mujer,9,48,18.75
2024,41301,rural,20,hombre,5,39,12.820512820512821
2024,41301,rural,20,mujer,7,36,19.444444444444443
2024,41301,rural,21,hombre,6,45,13.333333333333334
2024,41301,rural,21,mujer,10,40,25.0
2024,41301,rural,22,hombre,10,41,24.390243902439025
2024,41301,rural,22,mujer,6,34,17.647058823529413
2024,41301,rural,23,hombre,12,57,21.05263157894737
2024,41301,rural,23,mujer,8,55,14.545454545454545
2024,41301,rural,24,hombre,3,50,6.0
2024,41301,rural,24,mujer,10,48,20.833333333333332
2024,41301,rural,25,hombre,4,56,7.142857142857143
2024,41301,rural,25,mujer,9,48,18.75
2024,41301,rural,26,hombre,5,44,11.363636363636363
2024,41301,rural,26,mujer,13,64,20.3125
2024,41301,rural,27,hombre,8,39,20.512820512820515
2024,41301,rural,27,mujer,9,68,13.235294117647058
2024,41301,rural,28,hombre,8,55,14.545454545454545
2024,41301,rural,28,mujer,6,46,13.043478260869565
2024,41401,rural,16,hombre,7,64,10.9375
2024,41401,rural,16,mujer,13,59,22.033898305084747
2024,41401,rural,17,hombre,9,69,13.043478260869565
2024,41401,rural,17,mujer,6,42,14.285714285714286
2024,41401,rural,18,hombre,13,75,17.333333333333332
2024,41401,rural,18,mujer,6,54,11.11111111111111
2024,41401,rural,19,hombre,11,63,17.46031746031746
2024,41401,rural,19,mujer,12,77,15.584415584415584
2024,41401,rural,20,hombre,12,64,18.75
2024,41401,rural,20,mujer,9,52,17.307692307692307
2024,41401,rural,21,hombre,16,80,20.0
2024,41401,rural,21,mujer,13,61,21.311475409836067
2024,41401,rural,22,hombre,11,72,15.277777777777779
2024,41401,rural,22,mujer,18,59,30.508474576271187
2024,41401,rural,23,hombre,21,80,26.25
2024,41401,rural,23,mujer,16,59,27.11864406779661
2024,41401,rural,24,hombre,18,95,18.94736842105263
2024,41401,rural,24,mujer,12,61,19.672131147540984
2024,41401,rural,25,hombre,11,73,15.068493150684931
2024,41401,rural,25,mujer,6,46,13.043478260869565
2024,41401,rural,26,hombre,17,74,22.972972972972972
2024,41401,rural,26,mujer,12,44,27.272727272727273
2024,41401,rural,27,hombre,14,85,16.470588235294116
2024,41401,rural,27,mujer,12,66,18.181818181818183
2024,41401,rural,28,hombre,14,72,19.444444444444443
2024,41401,rural,28,mujer,11,58,18.96551724137931
2024,41401,urbana,16,hombre,4,38,10.526315789473685
2024,41401,urbana,16,mujer,0,28,0.0
2024,41401,urbana,17,hombre,4,40,10.0
2024,41401,urbana,17,mujer,4,44,9.090909090909092
2024,41401,urbana,18,hombre,3,36,8.333333333333334
2024,41401,urbana,18,mujer,9,41,21.951219512195124
2024,41401,urbana,19,hombre,1,25,4.0
2024,41401,urbana,19,mujer,9,28,32.142857142857146
2024,41401,urbana,20,hombre,3,36,8.333333333333334
2024,41401,urbana,20,mujer,3,34,8.823529411764707
2024,41401,urbana,21,hombre,5,28,17.857142857142858
2024,41401,urbana,21,mujer,4,22,18.181818181818183
2024,41401,urbana,22,hombre,4,31,12.903225806451612
2024,41401,urbana,22,mujer,4,20,20.0
2024,41401,urbana,23,hombre,7,43,16.27906976744186
2024,41401,urbana,23,mujer,9,42,21.428571428571427
2024,41401,urbana,24,hombre,8,35,22.857142857142858
2024,41401,urbana,24,mujer,6,33,18.181818181818183
2024,41401,urbana,25,hombre,6,46,13.043478260869565
2024,41401,urbana,25,mujer,11,51,21.568627450980394
2024,41401,urbana,26,hombre,2,24,8.333333333333334
2024,41401,urbana,26,mujer,3,34,8.823529411764707
2024,41401,urbana,27,hombre,4,23,17.391304347826086
2024,41401,urbana,27,mujer,7,28,25.0
2024,41401,urbana,28,hombre,2,31,6.451612903225806
2024,41401,urbana,28,mujer,6,28,21.428571428571427
2024,41501,rural,16,hombre,2,16,12.5
2024,41501,rural,16,mujer,4,15,26.666666666666668
2024,41501,rural,17,hombre,2,13,15.384615384615385
2024,41501,rural,17,mujer,2,14,14.285714285714286
2024,41501,rural,18,hombre,2,10,20.0
2024,41501,rural,18,mujer,0,7,0.0
2024,41501,rural,19,hombre,2,14,14.285714285714286
2024,41501,rural,19,mujer,2,8,25.0
2024,41501,rural,20,hombre,0,10,0.0
2024,41501,rural,20,mujer,1,9,11.11111111111111
2024,41501,rural,21,hombre,1,8,12.5
2024,41501,rural,21,mujer,3,14,21.428571428571427
2024,41501,rural,22,hombre,2,17,11.764705882352942
2024,41501,rural,22,mujer,2,7,28.571428571428573
2024,41501,rural,23,hombre,3,15,20.0
2024,41501,rural,23,mujer,3,12,25.0
2024,41501,rural,24,hombre,0,7,0.0
2024,41501,rural,24,mujer,3,9,33.333333333333336
2024,41501,rural,25,hombre,2,11,18.181818181818183
2024,41501,rural,25,mujer,1,9,11.11111111111111
2024,41501,rural,26,hombre,0,7,0.0
2024,41501,rural,26,mujer,2,9,22.22222222222222
2024,41501,rural,27,hombre,2,13,15.384615384615385
2024,41501,rural,27,mujer,4,11,36.36363636363637
2024,41501,rural,28,hombre,1,7,14.285714285714286
2024,41501,rural,28,mujer,2,11,18.181818181818183
2024,41502,rural,16,hombre,2,6,33.333333333333336
2024,41502,rural,16,mujer,1,9,11.11111111111111
2024,41502,rural,17,hombre,13,25,52.0
2024,41502,rural,17,mujer,1,3,33.333333333333336
2024,41502,rural,18,hombre,21,26,80.76923076923077
2024,41502,rural,18,mujer,1,8,12.5
2024,41502,rural,19,hombre,8,16,50.0
2024,41502,rural,19,mujer,1,12,8.333333333333334
2024,41502,rural,20,hombre,8,18,44.44444444444444
2024,41502,rural,20,mujer,0,5,0.0
2024,41502,rural,21,hombre,3,11,27.272727272727273
2024,41502,rural,21,mujer,4,9,44.44444444444444
2024,41502,rural,22,hombre,1,9,11.11111111111111
2024,41502,rural,22,mujer,4,6,66.66666666666667
2024,41502,rural,23,hombre,0,8,0.0
2024,41502,rural,23,mujer,2,12,16.666666666666668
2024,41502,rural,24,hombre,2,9,22.22222222222222
2024,41502,rural,24,mujer,3,7,42.857142857142854
2024,41502,rural,25,hombre,2,12,16.666666666666668
2024,41502,rural,25,mujer,3,12,25.0
2024,41502,rural,26,hombre,0,7,0.0
2024,41502,rural,26,mujer,1,8,12.5
2024,41502,rural,27,hombre,2,8,25.0
2024,41502,rural,27,mujer,4,15,26.666666666666668
2024,41502,rural,28,hombre,2,14,14.285714285714286
2024,41502,rural,28,mujer,2,10,20.0
2024,41503,rural,16,hombre,4,13,30.76923076923077
2024,41503,rural,16,mujer,3,11,27.272727272727273
2024,41503,rural,17,hombre,4,10,40.0
2024,41503,rural,17,mujer,4,11,36.36363636363637
2024,41503,rural,18,hombre,1,9,11.11111111111111
2024,41503,rural,18,mujer,3,9,33.333333333333336
2024,41503,rural,19,hombre,5,16,31.25
2024,41503,rural,19,mujer,1,9,11.11111111111111
2024,41503,rural,20,hombre,1,7,14.285714285714286
2024,41503,rural,20,mujer,4,10,40.0
2024,41503,rural,21,hombre,6,13,46.15384615384615
2024,41503,rural,21,mujer,9,19,47.36842105263158
2024,41503,rural,22,hombre,5,17,29.41176470588235
2024,41503,rural,22,mujer,1,12,8.333333333333334
2024,41503,rural,23,hombre,2,10,20.0
2024,41503,rural,23,mujer,1,6,16.666666666666668
2024,41503,rural,24,hombre,4,17,23.529411764705884
2024,41503,rural,24,mujer,5,11,45.45454545454545
2024,41503,rural,25,hombre,5,11,45.45454545454545
2024,41503,rural,25,mujer,4,8,50.0
2024,41503,rural,26,hombre,4,10,40.0
2024,41503,rural,26,mujer,4,16,25.0
2024,41503,rural,27,hombre,3,6,50.0
2024,41503,rural,27,mujer,3,15,20.0
2024,41503,rural,28,hombre,0,10,0.0
2024,41503,rural,28,mujer,2,5,40.0
2024,41601,rural,16,hombre,6,34,17.647058823529413
2024,41601,rural,16,mujer,8,36,22.22222222222222
2024,41601,rural,17,hombre,2,36,5.555555555555555
2024,41601,rural,17,mujer,2,40,5.0
2024,41601,rural,18,hombre,5,26,19.23076923076923
2024,41601,rural,18,mujer,1,24,4.166666666666667
2024,41601,rural,19,hombre,7,29,24.137931034482758
2024,41601,rural,19,mujer,7,33,21.21212121212121
2024,41601,rural,20,hombre,2,26,7.6923076923076925
2024,41601,rural,20,mujer,3,21,14.285714285714286
2024,41601,rural,21,hombre,4,30,13.333333333333334
2024,41601,rural,21,mujer,4,25,16.0
2024,41601,rural,22,hombre,7,29,24.137931034482758
2024,41601,rural,22,mujer,8,26,30.76923076923077
2024,41601,rural,23,hombre,2,25,8.0
2024,41601,rural,23,mujer,11,35,31.428571428571427
2024,41601,rural,24,hombre,5,35,14.285714285714286
2024,41601,rural,24,mujer,15,55,27.272727272727273
2024,41601,rural,25,hombre,8,40,20.0
2024,41601,rural,25,mujer,8,31,25.806451612903224
2024,41601,rural,26,hombre,2,33,6.0606060606060606
2024,41601,rural,26,mujer,7,29,24.137931034482758
2024,41601,rural,27,hombre,7,39,17.94871794871795
2024,41601,rural,27,mujer,6,28,21.428571428571427
2024,41601,rural,28,hombre,5,38,13.157894736842104
2024,41601,rural,28,mujer,5,46,10.869565217391305
2024,50101,rural,16,hombre,13,171,7.60233918128655
2024,50101,rural,16,mujer,8,153,5.228758169934641
2024,50101,rural,17,hombre,20,165,12.121212121212121
2024,50101,rural,17,mujer,17,130,13.076923076923077
2024,50101,rural,18,hombre,24,140,17.142857142857142
2024,50101,rural,18,mujer,12,123,9.75609756097561
2024,50101,rural,19,hombre,19,144,13.194444444444445
2024,50101,rural,19,mujer,13,98,13.26530612244898
2024,50101,rural,20,hombre,22,130,16.923076923076923
2024,50101,rural,20,mujer,25,137,18.248175182481752
2024,50101,rural,21,hombre,20,164,12.195121951219512
2024,50101,rural,21,mujer,18,121,14.87603305785124
2024,50101,rural,22,hombre,14,150,9.333333333333334
2024,50101,rural,22,mujer,13,132,9.848484848484848
2024,50101,rural,23,hombre,23,180,12.777777777777779
2024,50101,rural,23,mujer,18,145,12.413793103448276
2024,50101,rural,24,hombre,13,168,7.738095238095238
2024,50101,rural,24,mujer,14,132,10.606060606060606
2024,50101,rural,25,hombre,19,158,12.025316455696203
2024,50101,rural,25,mujer,16,159,10.062893081761006
2024,50101,rural,26,hombre,19,179,10.614525139664805
2024,50101,rural,26,mujer,20,167,11.976047904191617
2024,50101,rural,27,hombre,16,153,10.457516339869281
2024,50101,rural,27,mujer,14,152,9.210526315789474
2024,50101,rural,28,hombre,10,166,6.024096385542169
2024,50101,rural,28,mujer,11,129,8.527131782945736
2024,50101,urbana,16,hombre,122,2058,5.928085519922255
2024,50101,urbana,16,mujer,145,2107,6.881822496440437
2024,50101,urbana,17,hombre,157,1926,8.151609553478712
2024,50101,urbana,17,mujer,143,2030,7.044334975369458
2024,50101,urbana,18,hombre,219,1888,11.599576271186441
2024,50101,urbana,18,mujer,234,1970,11.878172588832488
2024,50101,urbana,19,hombre,208,1865,11.152815013404826
2024,50101,urbana,19,mujer,241,1939,12.429087158329036
2024,50101,urbana,20,hombre,216,1826,11.829134720700985
2024,50101,urbana,20,mujer,231,1986,11.63141993957704
2024,50101,urbana,21,hombre,254,1966,12.919633774160733
2024,50101,urbana,21,mujer,256,2033,12.592228234136744
2024,50101,urbana,22,hombre,255,1866,13.665594855305466
2024,50101,urbana,22,mujer,233,2085,11.175059952038369
2024,50101,urbana,23,hombre,242,2058,11.758989310009719
2024,50101,urbana,23,mujer,230,2229,10.31852848811126
2024,50101,urbana,24,hombre,254,2007,12.655705032386647
2024,50101,urbana,24,mujer,223,2191,10.178000912825194
2024,50101,urbana,25,hombre,219,1900,11.526315789473685
2024,50101,urbana,25,mujer,235,2021,11.627906976744185
2024,50101,urbana,26,hombre,195,1770,11.016949152542374
2024,50101,urbana,26,mujer,226,1995,11.328320802005013
2024,50101,urbana,27,hombre,200,1782,11.22334455667789
2024,50101,urbana,27,mujer,212,2031,10.438207779419006
2024,50101,urbana,28,hombre,180,1699,10.59446733372572
2024,50101,urbana,28,mujer,187,1837,10.179640718562874
2024,50102,rural,16,hombre,15,278,5.39568345323741
2024,50102,rural,16,mujer,25,223,11.210762331838565
2024,50102,rural,17,hombre,22,279,7.885304659498208
2024,50102,rural,17,mujer,20,204,9.803921568627452
2024,50102,rural,18,hombre,16,258,6.2015503875969
2024,50102,rural,18,mujer,22,196,11.224489795918368
2024,50102,rural,19,hombre,21,218,9.63302752293578
2024,50102,rural,19,mujer,35,213,16.431924882629108
2024,50102,rural,20,hombre,26,274,9.489051094890511
2024,50102,rural,20,mujer,30,204,14.705882352941176
2024,50102,rural,21,hombre,28,300,9.333333333333334
2024,50102,rural,21,mujer,36,217,16.589861751152075
2024,50102,rural,22,hombre,29,298,9.731543624161073
2024,50102,rural,22,mujer,21,188,11.170212765957446
2024,50102,rural,23,hombre,29,312,9.294871794871796
2024,50102,rural,23,mujer,40,234,17.094017094017094
2024,50102,rural,24,hombre,24,307,7.817589576547231
2024,50102,rural,24,mujer,33,194,17.010309278350515
2024,50102,rural,25,hombre,24,277,8.664259927797834
2024,50102,rural,25,mujer,29,166,17.46987951807229
2024,50102,rural,26,hombre,28,262,10.687022900763358
2024,50102,rural,26,mujer,24,173,13.872832369942197
2024,50102,rural,27,hombre,27,287,9.40766550522648
2024,50102,rural,27,mujer,26,179,14.525139664804469
2024,50102,rural,28,hombre,14,273,5.128205128205129
2024,50102,rural,28,mujer,18,173,10.404624277456648
2024,50103,rural,16,hombre,15,85,17.647058823529413
2024,50103,rural,16,mujer,24,92,26.08695652173913
2024,50103,rural,17,hombre,22,76,28.94736842105263
2024,50103,rural,17,mujer,15,73,20.54794520547945
2024,50103,rural,18,hombre,16,79,20.253164556962027
2024,50103,rural,18,mujer,22,81,27.160493827160494
2024,50103,rural,19,hombre,10,65,15.384615384615385
2024,50103,rural,19,mujer,15,65,23.076923076923077
2024,50103,rural,20,hombre,8,62,12.903225806451612
2024,50103,rural,20,mujer,21,70,30.0
2024,50103,rural,21,hombre,22,87,25.28735632183908
2024,50103,rural,21,mujer,20,80,25.0
2024,50103,rural,22,hombre,16,70,22.857142857142858
2024,50103,rural,22,mujer,24,83,28.91566265060241
2024,50103,rural,23,hombre,25,85,29.41176470588235
2024,50103,rural,23,mujer,22,79,27.848101265822784
2024,50103,rural,24,hombre,31,110,28.181818181818183
2024,50103,rural,24,mujer,21,77,27.272727272727273
2024,50103,rural,25,hombre,19,80,23.75
2024,50103,rural,25,mujer,19,77,24.675324675324674
2024,50103,rural,26,hombre,22,104,21.153846153846153
2024,50103,rural,26,mujer,23,98,23.46938775510204
2024,50103,rural,27,hombre,15,88,17.045454545454547
2024,50103,rural,27,mujer,18,94,19.148936170212767
2024,50103,rural,28,hombre,20,91,21.978021978021978
2024,50103,rural,28,mujer,16,77,20.77922077922078
2024,50104,rural,16,hombre,4,17,23.529411764705884
2024,50104,rural,16,mujer,2,16,12.5
2024,50104,rural,17,hombre,7,28,25.0
2024,50104,rural,17,mujer,3,14,21.428571428571427
2024,50104,rural,18,hombre,4,17,23.529411764705884
2024,50104,rural,18,mujer,3,23,13.043478260869565
2024,50104,rural,19,hombre,8,34,23.529411764705884
2024,50104,rural,19,mujer,7,18,38.888888888888886
2024,50104,rural,20,hombre,0,17,0.0
2024,50104,rural,20,mujer,2,13,15.384615384615385
2024,50104,rural,21,hombre,0,21,0.0
2024,50104,rural,21,mujer,5,22,22.727272727272727
2024,50104,rural,22,hombre,3,29,10.344827586206897
2024,50104,rural,22,mujer,1,18,5.555555555555555
2024,50104,rural,23,hombre,7,38,18.42105263157895
2024,50104,rural,23,mujer,5,27,18.51851851851852
2024,50104,rural,24,hombre,3,28,10.714285714285714
2024,50104,rural,24,mujer,5,22,22.727272727272727
2024,50104,rural,25,hombre,5,22,22.727272727272727
2024,50104,rural,25,mujer,4,19,21.05263157894737
2024,50104,rural,26,hombre,2,31,6.451612903225806
2024,50104,rural,26,mujer,0,11,0.0
2024,50104,rural,27,hombre,6,27,22.22222222222222
2024,50104,rural,27,mujer,1,22,4.545454545454546
2024,50104,rural,28,hombre,3,31,9.67741935483871
2024,50104,rural,28,mujer,5,22,22.727272727272727
2024,50201,rural,16,hombre,10,132,7.575757575757576
2024,50201,rural,16,mujer,3,98,3.061224489795918
2024,50201,rural,17,hombre,13,132,9.848484848484848
2024,50201,rural,17,mujer,8,117,6.837606837606837
2024,50201,rural,18,hombre,2,96,2.0833333333333335
2024,50201,rural,18,mujer,8,89,8.98876404494382
2024,50201,rural,19,hombre,7,103,6.796116504854369
2024,50201,rural,19,mujer,14,102,13.72549019607843
2024,50201,rural,20,hombre,6,111,5.405405405405405
2024,50201,rural,20,mujer,13,88,14.772727272727273
2024,50201,rural,21,hombre,7,122,5.737704918032787
2024,50201,rural,21,mujer,13,100,13.0
2024,50201,rural,22,hombre,5,112,4.464285714285714
2024,50201,rural,22,mujer,22,107,20.560747663551403
2024,50201,rural,23,hombre,13,140,9.285714285714286
2024,50201,rural,23,mujer,8,123,6.504065040650406
2024,50201,rural,24,hombre,11,129,8.527131782945736
2024,50201,rural,24,mujer,8,116,6.896551724137931
2024,50201,rural,25,hombre,10,127,7.874015748031496
2024,50201,rural,25,mujer,7,100,7.0
2024,50201,rural,26,hombre,8,127,6.299212598425197
2024,50201,rural,26,mujer,13,123,10.56910569105691
2024,50201,rural,27,hombre,9,141,6.382978723404255
2024,50201,rural,27,mujer,7,99,7.070707070707071
2024,50201,rural,28,hombre,6,141,4.25531914893617
2024,50201,rural,28,mujer,7,85,8.235294117647058
2024,50201,urbana,16,hombre,7,104,6.730769230769231
2024,50201,urbana,16,mujer,9,84,10.714285714285714
2024,50201,urbana,17,hombre,30,104,28.846153846153847
2024,50201,urbana,17,mujer,12,124,9.67741935483871
2024,50201,urbana,18,hombre,61,136,44.85294117647059
2024,50201,urbana,18,mujer,11,74,14.864864864864865
2024,50201,urbana,19,hombre,44,115,38.26086956521739
2024,50201,urbana,19,mujer,7,84,8.333333333333334
2024,50201,urbana,20,hombre,22,86,25.58139534883721
2024,50201,urbana,20,mujer,17,87,19.54022988505747
2024,50201,urbana,21,hombre,27,90,30.0
2024,50201,urbana,21,mujer,13,89,14.606741573033707
2024,50201,urbana,22,hombre,28,96,29.166666666666668
2024,50201,urbana,22,mujer,16,82,19.51219512195122
2024,50201,urbana,23,hombre,27,90,30.0
2024,50201,urbana,23,mujer,22,85,25.88235294117647
2024,50201,urbana,24,hombre,22,85,25.88235294117647
2024,50201,urbana,24,mujer,17,84,20.238095238095237
2024,50201,urbana,25,hombre,23,79,29.11392405063291
2024,50201,urbana,25,mujer,14,76,18.42105263157895
2024,50201,urbana,26,hombre,15,73,20.54794520547945
2024,50201,urbana,26,mujer,18,94,19.148936170212767
2024,50201,urbana,27,hombre,22,80,27.5
2024,50201,urbana,27,mujer,14,77,18.181818181818183
2024,50201,urbana,28,hombre,24,77,31.16883116883117
2024,50201,urbana,28,mujer,23,108,21.296296296296298
2024,50202,rural,16,hombre,6,102,5.882352941176471
2024,50202,rural,16,mujer,8,116,6.896551724137931
2024,50202,rural,17,hombre,6,117,5.128205128205129
2024,50202,rural,17,mujer,13,117,11.11111111111111
2024,50202,rural,18,hombre,3,75,4.0
2024,50202,rural,18,mujer,14,115,12.173913043478262
2024,50202,rural,19,hombre,8,122,6.557377049180328
2024,50202,rural,19,mujer,15,86,17.441860465116278
2024,50202,rural,20,hombre,15,119,12.605042016806722
2024,50202,rural,20,mujer,23,105,21.904761904761905
2024,50202,rural,21,hombre,12,118,10.169491525423728
2024,50202,rural,21,mujer,15,94,15.957446808510639
2024,50202,rural,22,hombre,11,123,8.94308943089431
2024,50202,rural,22,mujer,22,98,22.448979591836736
2024,50202,rural,23,hombre,18,135,13.333333333333334
2024,50202,rural,23,mujer,12,99,12.121212121212121
2024,50202,rural,24,hombre,8,122,6.557377049180328
2024,50202,rural,24,mujer,23,107,21.49532710280374
2024,50202,rural,25,hombre,18,144,12.5
2024,50202,rural,25,mujer,18,81,22.22222222222222
2024,50202,rural,26,hombre,19,123,15.447154471544716
2024,50202,rural,26,mujer,14,87,16.091954022988507
2024,50202,rural,27,hombre,21,115,18.26086956521739
2024,50202,rural,27,mujer,15,93,16.129032258064516
2024,50202,rural,28,hombre,9,116,7.758620689655173
2024,50202,rural,28,mujer,12,98,12.244897959183673
2024,50202,urbana,16,hombre,2,26,7.6923076923076925
2024,50202,urbana,16,mujer,0,19,0.0
2024,50202,urbana,17,hombre,0,10,0.0
2024,50202,urbana,17,mujer,5,30,16.666666666666668
2024,50202,urbana,18,hombre,4,19,21.05263157894737
2024,50202,urbana,18,mujer,5,24,20.833333333333332
2024,50202,urbana,19,hombre,6,28,21.428571428571427
2024,50202,urbana,19,mujer,6,40,15.0
2024,50202,urbana,20,hombre,6,66,9.090909090909092
2024,50202,urbana,20,mujer,7,55,12.727272727272727
2024,50202,urbana,21,hombre,8,36,22.22222222222222
2024,50202,urbana,21,mujer,5,40,12.5
2024,50202,urbana,22,hombre,7,45,15.555555555555555
2024,50202,urbana,22,mujer,17,35,48.57142857142857
2024,50202,urbana,23,hombre,12,53,22.641509433962263
2024,50202,urbana,23,mujer,8,38,21.05263157894737
2024,50202,urbana,24,hombre,8,49,16.3265306122449
2024,50202,urbana,24,mujer,7,33,21.21212121212121
2024,50202,urbana,25,hombre,9,33,27.272727272727273
2024,50202,urbana,25,mujer,6,23,26.08695652173913
2024,50202,urbana,26,hombre,9,34,26.470588235294116
2024,50202,urbana,26,mujer,3,19,15.789473684210526
2024,50202,urbana,27,hombre,3,12,25.0
2024,50202,urbana,27,mujer,4,23,17.391304347826086
2024,50202,urbana,28,hombre,4,13,30.76923076923077
2024,50202,urbana,28,mujer,7,31,22.580645161290324
2024,50203,rural,16,hombre,1,43,2.3255813953488373
2024,50203,rural,16,mujer,4,43,9.30232558139535
2024,50203,rural,17,hombre,1,47,2.127659574468085
2024,50203,rural,17,mujer,3,33,9.090909090909092
2024,50203,rural,18,hombre,0,31,0.0
2024,50203,rural,18,mujer,6,42,14.285714285714286
2024,50203,rural,19,hombre,2,36,5.555555555555555
2024,50203,rural,19,mujer,6,35,17.142857142857142
2024,50203,rural,20,hombre,3,35,8.571428571428571
2024,50203,rural,20,mujer,2,41,4.878048780487805
2024,50203,rural,21,hombre,2,47,4.25531914893617
2024,50203,rural,21,mujer,4,34,11.764705882352942
2024,50203,rural,22,hombre,2,45,4.444444444444445
2024,50203,rural,22,mujer,5,41,12.195121951219512
2024,50203,rural,23,hombre,2,41,4.878048780487805
2024,50203,rural,23,mujer,4,26,15.384615384615385
2024,50203,rural,24,hombre,2,56,3.5714285714285716
2024,50203,rural,24,mujer,4,28,14.285714285714286
2024,50203,rural,25,hombre,1,39,2.5641025641025643
2024,50203,rural,25,mujer,3,42,7.142857142857143
2024,50203,rural,26,hombre,1,48,2.0833333333333335
2024,50203,rural,26,mujer,4,35,11.428571428571429
2024,50203,rural,27,hombre,1,42,2.380952380952381
2024,50203,rural,27,mujer,3,33,9.090909090909092
2024,50203,rural,28,hombre,3,49,6.122448979591836
2024,50203,rural,28,mujer,2,32,6.25
2024,50203,urbana,16,hombre,28,360,7.777777777777778
2024,50203,urbana,16,mujer,34,344,9.883720930232558
2024,50203,urbana,17,hombre,57,356,16.01123595505618
2024,50203,urbana,17,mujer,76,443,17.155756207674944
2024,50203,urbana,18,hombre,100,364,27.47252747252747
2024,50203,urbana,18,mujer,237,606,39.10891089108911
2024,50203,urbana,19,hombre,140,402,34.82587064676617
2024,50203,urbana,19,mujer,247,541,45.65619223659889
2024,50203,urbana,20,hombre,186,494,37.65182186234818
2024,50203,urbana,20,mujer,261,571,45.709281961471106
2024,50203,urbana,21,hombre,192,537,35.754189944134076
2024,50203,urbana,21,mujer,258,581,44.406196213425126
2024,50203,urbana,22,hombre,173,489,35.37832310838446
2024,50203,urbana,22,mujer,200,551,36.29764065335753
2024,50203,urbana,23,hombre,142,468,30.34188034188034
2024,50203,urbana,23,mujer,150,491,30.54989816700611
2024,50203,urbana,24,hombre,113,430,26.27906976744186
2024,50203,urbana,24,mujer,104,437,23.79862700228833
2024,50203,urbana,25,hombre,79,336,23.511904761904763
2024,50203,urbana,25,mujer,77,345,22.318840579710145
2024,50203,urbana,26,hombre,55,301,18.272425249169434
2024,50203,urbana,26,mujer,54,324,16.666666666666668
2024,50203,urbana,27,hombre,72,311,23.15112540192926
2024,50203,urbana,27,mujer,46,326,14.110429447852761
2024,50203,urbana,28,hombre,50,276,18.115942028985508
2024,50203,urbana,28,mujer,53,327,16.207951070336392
2024,50204,rural,16,hombre,7,79,8.860759493670885
2024,50204,rural,16,mujer,5,52,9.615384615384615
2024,50204,rural,17,hombre,7,70,10.0
2024,50204,rural,17,mujer,6,58,10.344827586206897
2024,50204,rural,18,hombre,5,61,8.19672131147541
2024,50204,rural,18,mujer,7,54,12.962962962962964
2024,50204,rural,19,hombre,4,46,8.695652173913043
2024,50204,rural,19,mujer,8,45,17.77777777777778
2024,50204,rural,20,hombre,8,63,12.698412698412698
2024,50204,rural,20,mujer,12,49,24.489795918367346
2024,50204,rural,21,hombre,8,50,16.0
2024,50204,rural,21,mujer,10,47,21.27659574468085
2024,50204,rural,22,hombre,8,65,12.307692307692308
2024,50204,rural,22,mujer,5,47,10.638297872340425
2024,50204,rural,23,hombre,7,58,12.068965517241379
2024,50204,rural,23,mujer,7,50,14.0
2024,50204,rural,24,hombre,4,63,6.349206349206349
2024,50204,rural,24,mujer,9,46,19.565217391304348
2024,50204,rural,25,hombre,6,64,9.375
2024,50204,rural,25,mujer,8,40,20.0
2024,50204,rural,26,hombre,7,65,10.76923076923077
2024,50204,rural,26,mujer,6,40,15.0
2024,50204,rural,27,hombre,4,65,6.153846153846154
2024,50204,rural,27,mujer,6,32,18.75
2024,50204,rural,28,hombre,3,43,6.976744186046512
2024,50204,rural,28,mujer,8,43,18.6046511627907
2024,50204,urbana,16,hombre,2,25,8.0
2024,50204,urbana,16,mujer,0,29,0.0
2024,50204,urbana,17,hombre,1,18,5.555555555555555
2024,50204,urbana,17,mujer,2,18,11.11111111111111
2024,50204,urbana,18,hombre,1,9,11.11111111111111
2024,50204,urbana,18,mujer,1,12,8.333333333333334
2024,50204,urbana,19,hombre,1,17,5.882352941176471
2024,50204,urbana,19,mujer,5,14,35.714285714285715
2024,50204,urbana,20,hombre,2,14,14.285714285714286
2024,50204,urbana,20,mujer,3,15,20.0
2024,50204,urbana,21,hombre,4,12,33.333333333333336
2024,50204,urbana,21,mujer,2,15,13.333333333333334
2024,50204,urbana,22,hombre,4,21,19.047619047619047
2024,50204,urbana,22,mujer,7,14,50.0
2024,50204,urbana,23,hombre,5,20,25.0
2024,50204,urbana,23,mujer,2,15,13.333333333333334
2024,50204,urbana,24,hombre,6,19,31.57894736842105
2024,50204,urbana,24,mujer,5,19,26.31578947368421
2024,50204,urbana,25,hombre,2,18,11.11111111111111
2024,50204,urbana,25,mujer,7,22,31.818181818181817
2024,50204,urbana,26,hombre,2,15,13.333333333333334
2024,50204,urbana,26,mujer,8,17,47.05882352941177
2024,50204,urbana,27,hombre,5,24,20.833333333333332
2024,50204,urbana,27,mujer,6,13,46.15384615384615
2024,50204,urbana,28,hombre,4,19,21.05263157894737
2024,50204,urbana,28,mujer,8,23,34.78260869565217
2024,50301,rural,16,hombre,19,249,7.6305220883534135
2024,50301,rural,16,mujer,11,202,5.445544554455446
2024,50301,rural,17,hombre,10,217,4.608294930875576
2024,50301,rural,17,mujer,18,203,8.866995073891626
2024,50301,rural,18,hombre,16,162,9.876543209876543
2024,50301,rural,18,mujer,26,170,15.294117647058824
2024,50301,rural,19,hombre,16,170,9.411764705882353
2024,50301,rural,19,mujer,21,171,12.280701754385966
2024,50301,rural,20,hombre,13,195,6.666666666666667
2024,50301,rural,20,mujer,24,186,12.903225806451612
2024,50301,rural,21,hombre,14,178,7.865168539325842
2024,50301,rural,21,mujer,20,174,11.494252873563218
2024,50301,rural,22,hombre,29,227,12.775330396475772
2024,50301,rural,22,mujer,35,198,17.67676767676768
2024,50301,rural,23,hombre,27,216,12.5
2024,50301,rural,23,mujer,40,188,21.27659574468085
2024,50301,rural,24,hombre,45,234,19.23076923076923
2024,50301,rural,24,mujer,36,195,18.46153846153846
2024,50301,rural,25,hombre,19,172,11.046511627906977
2024,50301,rural,25,mujer,32,167,19.161676646706585
2024,50301,rural,26,hombre,29,164,17.682926829268293
2024,50301,rural,26,mujer,23,178,12.92134831460674
2024,50301,rural,27,hombre,33,187,17.647058823529413
2024,50301,rural,27,mujer,30,175,17.142857142857142
2024,50301,rural,28,hombre,23,172,13.372093023255815
2024,50301,rural,28,mujer,28,157,17.8343949044586
2024,50301,urbana,16,hombre,8,71,11.267605633802816
2024,50301,urbana,16,mujer,6,61,9.836065573770492
2024,50301,urbana,17,hombre,9,73,12.32876712328767
2024,50301,urbana,17,mujer,6,67,8.955223880597014
2024,50301,urbana,18,hombre,3,53,5.660377358490566
2024,50301,urbana,18,mujer,2,57,3.508771929824561
2024,50301,urbana,19,hombre,4,49,8.16326530612245
2024,50301,urbana,19,mujer,7,49,14.285714285714286
2024,50301,urbana,20,hombre,6,60,10.0
2024,50301,urbana,20,mujer,8,68,11.764705882352942
2024,50301,urbana,21,hombre,5,46,10.869565217391305
2024,50301,urbana,21,mujer,6,48,12.5
2024,50301,urbana,22,hombre,9,52,17.307692307692307
2024,50301,urbana,22,mujer,8,63,12.698412698412698
2024,50301,urbana,23,hombre,12,51,23.529411764705884
2024,50301,urbana,23,mujer,8,56,14.285714285714286
2024,50301,urbana,24,hombre,4,44,9.090909090909092
2024,50301,urbana,24,mujer,6,58,10.344827586206897
2024,50301,urbana,25,hombre,13,62,20.967741935483872
2024,50301,urbana,25,mujer,9,54,16.666666666666668
2024,50301,urbana,26,hombre,12,54,22.22222222222222
2024,50301,urbana,26,mujer,18,61,29.508196721311474
2024,50301,urbana,27,hombre,16,52,30.76923076923077
2024,50301,urbana,27,mujer,11,54,20.37037037037037
2024,50301,urbana,28,hombre,9,44,20.454545454545453
2024,50301,urbana,28,mujer,15,56,26.785714285714285
2024,50302,rural,16,hombre,9,65,13.846153846153847
2024,50302,rural,16,mujer,13,67,19.402985074626866
2024,50302,rural,17,hombre,3,62,4.838709677419355
2024,50302,rural,17,mujer,9,61,14.754098360655737
2024,50302,rural,18,hombre,11,61,18.0327868852459
2024,50302,rural,18,mujer,12,63,19.047619047619047
2024,50302,rural,19,hombre,10,53,18.867924528301888
2024,50302,rural,19,mujer,15,67,22.388059701492537
2024,50302,rural,20,hombre,8,55,14.545454545454545
2024,50302,rural,20,mujer,16,67,23.880597014925375
2024,50302,rural,21,hombre,7,67,10.447761194029852
2024,50302,rural,21,mujer,7,63,11.11111111111111
2024,50302,rural,22,hombre,8,66,12.121212121212121
2024,50302,rural,22,mujer,19,61,31.147540983606557
2024,50302,rural,23,hombre,18,82,21.951219512195124
2024,50302,rural,23,mujer,15,56,26.785714285714285
2024,50302,rural,24,hombre,10,76,13.157894736842104
2024,50302,rural,24,mujer,15,61,24.59016393442623
2024,50302,rural,25,hombre,12,62,19.35483870967742
2024,50302,rural,25,mujer,14,63,22.22222222222222
2024,50302,rural,26,hombre,11,69,15.942028985507246
2024,50302,rural,26,mujer,16,57,28.07017543859649
2024,50302,rural,27,hombre,18,64,28.125
2024,50302,rural,27,mujer,11,62,17.741935483870968
2024,50302,rural,28,hombre,15,67,22.388059701492537
2024,50302,rural,28,mujer,22,68,32.35294117647059
2024,50303,rural,16,hombre,24,143,16.783216783216783
2024,50303,rural,16,mujer,29,121,23.96694214876033
2024,50303,rural,17,hombre,20,125,16.0
2024,50303,rural,17,mujer,19,108,17.59259259259259
2024,50303,rural,18,hombre,10,115,8.695652173913043
2024,50303,rural,18,mujer,20,111,18.01801801801802
2024,50303,rural,19,hombre,19,94,20.21276595744681
2024,50303,rural,19,mujer,27,98,27.551020408163264
2024,50303,rural,20,hombre,21,135,15.555555555555555
2024,50303,rural,20,mujer,25,100,25.0
2024,50303,rural,21,hombre,20,132,15.151515151515152
2024,50303,rural,21,mujer,31,124,25.0
2024,50303,rural,22,hombre,21,130,16.153846153846153
2024,50303,rural,22,mujer,21,80,26.25
2024,50303,rural,23,hombre,33,153,21.568627450980394
2024,50303,rural,23,mujer,21,92,22.82608695652174
2024,50303,rural,24,hombre,29,137,21.16788321167883
2024,50303,rural,24,mujer,18,103,17.475728155339805
2024,50303,rural,25,hombre,31,141,21.98581560283688
2024,50303,rural,25,mujer,21,91,23.076923076923077
2024,50303,rural,26,hombre,23,116,19.82758620689655
2024,50303,rural,26,mujer,27,93,29.032258064516128
2024,50303,rural,27,hombre,21,107,19.626168224299064
2024,50303,rural,27,mujer,19,67,28.35820895522388
2024,50303,rural,28,hombre,25,100,25.0
2024,50303,rural,28,mujer,12,70,17.142857142857142
2024,50401,rural,16,hombre,7,103,6.796116504854369
2024,50401,rural,16,mujer,7,90,7.777777777777778
2024,50401,rural,17,hombre,12,101,11.881188118811881
2024,50401,rural,17,mujer,7,77,9.090909090909092
2024,50401,rural,18,hombre,9,80,11.25
2024,50401,rural,18,mujer,12,83,14.457831325301205
2024,50401,rural,19,hombre,9,85,10.588235294117647
2024,50401,rural,19,mujer,11,72,15.277777777777779
2024,50401,rural,20,hombre,8,66,12.121212121212121
2024,50401,rural,20,mujer,11,80,13.75
2024,50401,rural,21,hombre,7,83,8.433734939759036
2024,50401,rural,21,mujer,9,77,11.688311688311689
2024,50401,rural,22,hombre,9,81,11.11111111111111
2024,50401,rural,22,mujer,8,64,12.5
2024,50401,rural,23,hombre,8,85,9.411764705882353
2024,50401,rural,23,mujer,8,61,13.114754098360656
2024,50401,rural,24,hombre,12,92,13.043478260869565
2024,50401,rural,24,mujer,14,84,16.666666666666668
2024,50401,rural,25,hombre,12,72,16.666666666666668
2024,50401,rural,25,mujer,6,69,8.695652173913043
2024,50401,rural,26,hombre,7,47,14.893617021276595
2024,50401,rural,26,mujer,6,53,11.320754716981131
2024,50401,rural,27,hombre,7,65,10.76923076923077
2024,50401,rural,27,mujer,6,58,10.344827586206897
2024,50401,rural,28,hombre,10,74,13.513513513513514
2024,50401,rural,28,mujer,7,48,14.583333333333334
2024,50401,urbana,16,hombre,6,47,12.76595744680851
2024,50401,urbana,16,mujer,6,47,12.76595744680851
2024,50401,urbana,17,hombre,12,53,22.641509433962263
2024,50401,urbana,17,mujer,5,52,9.615384615384615
2024,50401,urbana,18,hombre,12,58,20.689655172413794
2024,50401,urbana,18,mujer,9,35,25.714285714285715
2024,50401,urbana,19,hombre,18,71,25.35211267605634
2024,50401,urbana,19,mujer,4,25,16.0
2024,50401,urbana,20,hombre,19,73,26.027397260273972
2024,50401,urbana,20,mujer,13,31,41.935483870967744
2024,50401,urbana,21,hombre,33,88,37.5
2024,50401,urbana,21,mujer,11,45,24.444444444444443
2024,50401,urbana,22,hombre,34,96,35.416666666666664
2024,50401,urbana,22,mujer,6,40,15.0
2024,50401,urbana,23,hombre,35,91,38.46153846153846
2024,50401,urbana,23,mujer,11,40,27.5
2024,50401,urbana,24,hombre,34,123,27.642276422764226
2024,50401,urbana,24,mujer,11,35,31.428571428571427
2024,50401,urbana,25,hombre,33,87,37.93103448275862
2024,50401,urbana,25,mujer,13,37,35.13513513513514
2024,50401,urbana,26,hombre,20,84,23.80952380952381
2024,50401,urbana,26,mujer,23,45,51.111111111111114
2024,50401,urbana,27,hombre,18,73,24.65753424657534
2024,50401,urbana,27,mujer,20,43,46.51162790697674
2024,50401,urbana,28,hombre,18,73,24.65753424657534
2024,50401,urbana,28,mujer,17,44,38.63636363636363
2024,50402,rural,16,hombre,25,131,19.083969465648856
2024,50402,rural,16,mujer,17,133,12.781954887218046
2024,50402,rural,17,hombre,14,127,11.023622047244094
2024,50402,rural,17,mujer,11,101,10.891089108910892
2024,50402,rural,18,hombre,18,127,14.173228346456693
2024,50402,rural,18,mujer,13,98,13.26530612244898
2024,50402,rural,19,hombre,10,98,10.204081632653061
2024,50402,rural,19,mujer,15,81,18.51851851851852
2024,50402,rural,20,hombre,13,102,12.745098039215685
2024,50402,rural,20,mujer,19,92,20.652173913043477
2024,50402,rural,21,hombre,19,120,15.833333333333334
2024,50402,rural,21,mujer,18,98,18.367346938775512
2024,50402,rural,22,hombre,18,108,16.666666666666668
2024,50402,rural,22,mujer,22,93,23.655913978494624
2024,50402,rural,23,hombre,21,121,17.355371900826448
2024,50402,rural,23,mujer,22,112,19.642857142857142
2024,50402,rural,24,hombre,25,123,20.32520325203252
2024,50402,rural,24,mujer,24,86,27.906976744186046
2024,50402,rural,25,hombre,18,89,20.224719101123597
2024,50402,rural,25,mujer,18,94,19.148936170212767
2024,50402,rural,26,hombre,22,113,19.469026548672566
2024,50402,rural,26,mujer,18,78,23.076923076923077
2024,50402,rural,27,hombre,31,114,27.19298245614035
2024,50402,rural,27,mujer,26,87,29.885057471264368
2024,50402,rural,28,hombre,24,103,23.300970873786408
2024,50402,rural,28,mujer,17,71,23.943661971830984
2024,50403,rural,16,hombre,21,283,7.420494699646643
2024,50403,rural,16,mujer,21,232,9.051724137931034
2024,50403,rural,17,hombre,30,243,12.345679012345679
2024,50403,rural,17,mujer,24,217,11.059907834101383
2024,50403,rural,18,hombre,25,225,11.11111111111111
2024,50403,rural,18,mujer,34,258,13.178294573643411
2024,50403,rural,19,hombre,22,204,10.784313725490197
2024,50403,rural,19,mujer,28,246,11.382113821138212
2024,50403,rural,20,hombre,40,253,15.810276679841897
2024,50403,rural,20,mujer,40,229,17.467248908296945
2024,50403,rural,21,hombre,22,234,9.401709401709402
2024,50403,rural,21,mujer,53,252,21.03174603174603
2024,50403,rural,22,hombre,31,244,12.704918032786885
2024,50403,rural,22,mujer,32,212,15.09433962264151
2024,50403,rural,23,hombre,33,290,11.379310344827585
2024,50403,rural,23,mujer,56,243,23.045267489711936
2024,50403,rural,24,hombre,42,296,14.18918918918919
2024,50403,rural,24,mujer,38,218,17.431192660550458
2024,50403,rural,25,hombre,40,267,14.9812734082397
2024,50403,rural,25,mujer,33,192,17.1875
2024,50403,rural,26,hombre,34,249,13.654618473895582
2024,50403,rural,26,mujer,33,206,16.019417475728154
2024,50403,rural,27,hombre,34,243,13.991769547325102
2024,50403,rural,27,mujer,27,194,13.917525773195877
2024,50403,rural,28,hombre,34,255,13.333333333333334
2024,50403,rural,28,mujer,21,178,11.797752808988765
2024,50403,urbana,16,hombre,1,17,5.882352941176471
2024,50403,urbana,16,mujer,4,22,18.181818181818183
2024,50403,urbana,17,hombre,5,37,13.513513513513514
2024,50403,urbana,17,mujer,5,19,26.31578947368421
2024,50403,urbana,18,hombre,3,14,21.428571428571427
2024,50403,urbana,18,mujer,9,25,36.0
2024,50403,urbana,19,hombre,5,13,38.46153846153846
2024,50403,urbana,19,mujer,6,21,28.571428571428573
2024,50403,urbana,20,hombre,6,15,40.0
2024,50403,urbana,20,mujer,8,22,36.36363636363637
2024,50403,urbana,21,hombre,1,12,8.333333333333334
2024,50403,urbana,21,mujer,6,25,24.0
2024,50403,urbana,22,hombre,3,13,23.076923076923077
2024,50403,urbana,22,mujer,11,33,33.333333333333336
2024,50403,urbana,23,hombre,3,16,18.75
2024,50403,urbana,23,mujer,6,19,31.57894736842105
2024,50403,urbana,24,hombre,4,16,25.0
2024,50403,urbana,24,mujer,10,32,31.25
2024,50403,urbana,25,hombre,1,17,5.882352941176471
2024,50403,urbana,25,mujer,5,21,23.80952380952381
2024,50403,urbana,26,hombre,6,20,30.0
2024,50403,urbana,26,mujer,6,27,22.22222222222222
2024,50403,urbana,27,hombre,0,13,0.0
2024,50403,urbana,27,mujer,8,28,28.571428571428573
2024,50403,urbana,28,hombre,7,16,43.75
2024,50403,urbana,28,mujer,7,24,29.166666666666668
2024,50404,rural,16,hombre,16,142,11.267605633802816
2024,50404,rural,16,mujer,11,108,10.185185185185185
2024,50404,rural,17,hombre,29,150,19.333333333333332
2024,50404,rural,17,mujer,15,96,15.625
2024,50404,rural,18,hombre,17,111,15.315315315315315
2024,50404,rural,18,mujer,25,102,24.50980392156863
2024,50404,rural,19,hombre,17,98,17.346938775510203
2024,50404,rural,19,mujer,15,75,20.0
2024,50404,rural,20,hombre,29,147,19.727891156462587
2024,50404,rural,20,mujer,29,95,30.526315789473685
2024,50404,rural,21,hombre,18,134,13.432835820895523
2024,50404,rural,21,mujer,26,91,28.571428571428573
2024,50404,rural,22,hombre,18,106,16.9811320754717
2024,50404,rural,22,mujer,17,92,18.47826086956522
2024,50404,rural,23,hombre,25,137,18.248175182481752
2024,50404,rural,23,mujer,23,98,23.46938775510204
2024,50404,rural,24,hombre,31,140,22.142857142857142
2024,50404,rural,24,mujer,24,76,31.57894736842105
2024,50404,rural,25,hombre,17,101,16.831683168316832
2024,50404,rural,25,mujer,18,66,27.272727272727273
2024,50404,rural,26,hombre,21,124,16.93548387096774
2024,50404,rural,26,mujer,21,75,28.0
2024,50404,rural,27,hombre,20,121,16.52892561983471
2024,50404,rural,27,mujer,16,81,19.753086419753085
2024,50404,rural,28,hombre,23,106,21.69811320754717
2024,50404,rural,28,mujer,27,69,39.130434782608695
2024,50405,rural,16,hombre,14,206,6.796116504854369
2024,50405,rural,16,mujer,14,179,7.82122905027933
2024,50405,rural,17,hombre,11,178,6.179775280898877
2024,50405,rural,17,mujer,14,163,8.588957055214724
2024,50405,rural,18,hombre,13,202,6.435643564356436
2024,50405,rural,18,mujer,23,153,15.032679738562091
2024,50405,rural,19,hombre,13,181,7.18232044198895
2024,50405,rural,19,mujer,26,151,17.218543046357617
2024,50405,rural,20,hombre,16,206,7.766990291262136
2024,50405,rural,20,mujer,23,147,15.646258503401361
2024,50405,rural,21,hombre,17,200,8.5
2024,50405,rural,21,mujer,17,152,11.18421052631579
2024,50405,rural,22,hombre,12,198,6.0606060606060606
2024,50405,rural,22,mujer,20,128,15.625
2024,50405,rural,23,hombre,22,212,10.377358490566039
2024,50405,rural,23,mujer,26,149,17.449664429530202
2024,50405,rural,24,hombre,29,236,12.288135593220339
2024,50405,rural,24,mujer,27,171,15.789473684210526
2024,50405,rural,25,hombre,17,194,8.762886597938145
2024,50405,rural,25,mujer,14,118,11.864406779661017
2024,50405,rural,26,hombre,18,179,10.05586592178771
2024,50405,rural,26,mujer,13,121,10.743801652892563
2024,50405,rural,27,hombre,20,204,9.803921568627452
2024,50405,rural,27,mujer,16,111,14.414414414414415
2024,50405,rural,28,hombre,21,167,12.574850299401197
2024,50405,rural,28,mujer,16,119,13.445378151260504
2024,50501,rural,16,hombre,19,271,7.011070110701107
2024,50501,rural,16,mujer,18,223,8.071748878923767
2024,50501,rural,17,hombre,10,271,3.690036900369004
2024,50501,rural,17,mujer,18,239,7.531380753138075
2024,50501,rural,18,hombre,16,195,8.205128205128204
2024,50501,rural,18,mujer,14,205,6.829268292682927
2024,50501,rural,19,hombre,4,199,2.0100502512562812
2024,50501,rural,19,mujer,18,202,8.910891089108912
2024,50501,rural,20,hombre,8,196,4.081632653061225
2024,50501,rural,20,mujer,21,194,10.824742268041238
2024,50501,rural,21,hombre,16,229,6.986899563318778
2024,50501,rural,21,mujer,18,168,10.714285714285714
2024,50501,rural,22,hombre,25,223,11.210762331838565
2024,50501,rural,22,mujer,19,154,12.337662337662337
2024,50501,rural,23,hombre,23,245,9.387755102040817
2024,50501,rural,23,mujer,17,173,9.826589595375722
2024,50501,rural,24,hombre,17,215,7.906976744186046
2024,50501,rural,24,mujer,30,186,16.129032258064516
2024,50501,rural,25,hombre,33,216,15.277777777777779
2024,50501,rural,25,mujer,24,158,15.189873417721518
2024,50501,rural,26,hombre,31,204,15.196078431372548
2024,50501,rural,26,mujer,17,138,12.318840579710145
2024,50501,rural,27,hombre,25,201,12.437810945273633
2024,50501,rural,27,mujer,17,152,11.18421052631579
2024,50501,rural,28,hombre,24,201,11.940298507462687
2024,50501,rural,28,mujer,12,132,9.090909090909092
2024,50502,rural,16,hombre,11,96,11.458333333333334
2024,50502,rural,16,mujer,12,102,11.764705882352942
2024,50502,rural,17,hombre,13,97,13.402061855670103
2024,50502,rural,17,mujer,7,86,8.13953488372093
2024,50502,rural,18,hombre,11,72,15.277777777777779
2024,50502,rural,18,mujer,10,76,13.157894736842104
2024,50502,rural,19,hombre,7,58,12.068965517241379
2024,50502,rural,19,mujer,14,79,17.72151898734177
2024,50502,rural,20,hombre,11,75,14.666666666666666
2024,50502,rural,20,mujer,13,65,20.0
2024,50502,rural,21,hombre,13,72,18.055555555555557
2024,50502,rural,21,mujer,18,58,31.03448275862069
2024,50502,rural,22,hombre,9,62,14.516129032258064
2024,50502,rural,22,mujer,13,68,19.11764705882353
2024,50502,rural,23,hombre,12,77,15.584415584415584
2024,50502,rural,23,mujer,12,70,17.142857142857142
2024,50502,rural,24,hombre,15,82,18.29268292682927
2024,50502,rural,24,mujer,17,66,25.757575757575758
2024,50502,rural,25,hombre,21,74,28.37837837837838
2024,50502,rural,25,mujer,9,55,16.363636363636363
2024,50502,rural,26,hombre,14,72,19.444444444444443
2024,50502,rural,26,mujer,16,71,22.535211267605632
2024,50502,rural,27,hombre,9,70,12.857142857142858
2024,50502,rural,27,mujer,12,64,18.75
2024,50502,rural,28,hombre,23,91,25.274725274725274
2024,50502,rural,28,mujer,11,61,18.0327868852459
2024,50601,rural,16,hombre,19,201,9.45273631840796
2024,50601,rural,16,mujer,16,187,8.556149732620321
2024,50601,rural,17,hombre,14,210,6.666666666666667
2024,50601,rural,17,mujer,12,195,6.153846153846154
2024,50601,rural,18,hombre,14,161,8.695652173913043
2024,50601,rural,18,mujer,17,179,9.497206703910615
2024,50601,rural,19,hombre,11,179,6.145251396648045
2024,50601,rural,19,mujer,25,178,14.044943820224718
2024,50601,rural,20,hombre,19,207,9.178743961352657
2024,50601,rural,20,mujer,24,165,14.545454545454545
2024,50601,rural,21,hombre,23,190,12.105263157894736
2024,50601,rural,21,mujer,9,172,5.232558139534884
2024,50601,rural,22,hombre,25,206,12.135922330097088
2024,50601,rural,22,mujer,20,175,11.428571428571429
2024,50601,rural,23,hombre,31,208,14.903846153846153
2024,50601,rural,23,mujer,42,207,20.28985507246377
2024,50601,rural,24,hombre,27,205,13.170731707317072
2024,50601,rural,24,mujer,37,229,16.157205240174672
2024,50601,rural,25,hombre,33,194,17.010309278350515
2024,50601,rural,25,mujer,22,183,12.021857923497267
2024,50601,rural,26,hombre,25,192,13.020833333333334
2024,50601,rural,26,mujer,31,213,14.553990610328638
2024,50601,rural,27,hombre,24,215,11.162790697674419
2024,50601,rural,27,mujer,36,198,18.181818181818183
2024,50601,rural,28,hombre,28,214,13.08411214953271
2024,50601,rural,28,mujer,31,223,13.90134529147982
2024,50601,urbana,16,hombre,4,30,13.333333333333334
2024,50601,urbana,16,mujer,4,44,9.090909090909092
2024,50601,urbana,17,hombre,2,33,6.0606060606060606
2024,50601,urbana,17,mujer,4,48,8.333333333333334
2024,50601,urbana,18,hombre,3,35,8.571428571428571
2024,50601,urbana,18,mujer,2,28,7.142857142857143
2024,50601,urbana,19,hombre,1,20,5.0
2024,50601,urbana,19,mujer,2,20,10.0
2024,50601,urbana,20,hombre,4,28,14.285714285714286
2024,50601,urbana,20,mujer,3,20,15.0
2024,50601,urbana,21,hombre,2,25,8.0
2024,50601,urbana,21,mujer,4,25,16.0
2024,50601,urbana,22,hombre,4,16,25.0
2024,50601,urbana,22,mujer,4,25,16.0
2024,50601,urbana,23,hombre,10,24,41.666666666666664
2024,50601,urbana,23,mujer,2,20,10.0
2024,50601,urbana,24,hombre,3,24,12.5
2024,50601,urbana,24,mujer,8,31,25.806451612903224
2024,50601,urbana,25,hombre,3,24,12.5
2024,50601,urbana,25,mujer,1,30,3.3333333333333335
2024,50601,urbana,26,hombre,5,19,26.31578947368421
2024,50601,urbana,26,mujer,5,23,21.73913043478261
2024,50601,urbana,27,hombre,9,20,45.0
2024,50601,urbana,27,mujer,4,23,17.391304347826086
2024,50601,urbana,28,hombre,6,21,28.571428571428573
2024,50601,urbana,28,mujer,7,21,33.333333333333336
2024,50602,rural,16,hombre,4,68,5.882352941176471
2024,50602,rural,16,mujer,8,85,9.411764705882353
2024,50602,rural,17,hombre,9,75,12.0
2024,50602,rural,17,mujer,5,78,6.410256410256411
2024,50602,rural,18,hombre,2,72,2.7777777777777777
2024,50602,rural,18,mujer,5,74,6.756756756756757
2024,50602,rural,19,hombre,4,65,6.153846153846154
2024,50602,rural,19,mujer,7,70,10.0
2024,50602,rural,20,hombre,3,74,4.054054054054054
2024,50602,rural,20,mujer,7,67,10.447761194029852
2024,50602,rural,21,hombre,6,66,9.090909090909092
2024,50602,rural,21,mujer,11,88,12.5
2024,50602,rural,22,hombre,6,63,9.523809523809524
2024,50602,rural,22,mujer,6,71,8.450704225352112
2024,50602,rural,23,hombre,9,87,10.344827586206897
2024,50602,rural,23,mujer,11,86,12.790697674418604
2024,50602,rural,24,hombre,11,70,15.714285714285714
2024,50602,rural,24,mujer,8,84,9.523809523809524
2024,50602,rural,25,hombre,11,74,14.864864864864865
2024,50602,rural,25,mujer,11,72,15.277777777777779
2024,50602,rural,26,hombre,7,63,11.11111111111111
2024,50602,rural,26,mujer,12,67,17.91044776119403
2024,50602,rural,27,hombre,11,68,16.176470588235293
2024,50602,rural,27,mujer,6,52,11.538461538461538
2024,50602,rural,28,hombre,10,60,16.666666666666668
2024,50602,rural,28,mujer,8,69,11.594202898550725
2024,50701,rural,16,hombre,8,143,5.594405594405594
2024,50701,rural,16,mujer,14,117,11.965811965811966
2024,50701,rural,17,hombre,11,128,8.59375
2024,50701,rural,17,mujer,17,145,11.724137931034482
2024,50701,rural,18,hombre,10,85,11.764705882352942
2024,50701,rural,18,mujer,10,107,9.345794392523365
2024,50701,rural,19,hombre,7,82,8.536585365853659
2024,50701,rural,19,mujer,17,85,20.0
2024,50701,rural,20,hombre,11,109,10.091743119266056
2024,50701,rural,20,mujer,13,99,13.131313131313131
2024,50701,rural,21,hombre,13,130,10.0
2024,50701,rural,21,mujer,17,93,18.27956989247312
2024,50701,rural,22,hombre,11,105,10.476190476190476
2024,50701,rural,22,mujer,15,78,19.23076923076923
2024,50701,rural,23,hombre,22,145,15.172413793103448
2024,50701,rural,23,mujer,16,102,15.686274509803921
2024,50701,rural,24,hombre,15,146,10.273972602739725
2024,50701,rural,24,mujer,18,86,20.930232558139537
2024,50701,rural,25,hombre,14,121,11.570247933884298
2024,50701,rural,25,mujer,12,91,13.186813186813186
2024,50701,rural,26,hombre,22,133,16.541353383458645
2024,50701,rural,26,mujer,9,78,11.538461538461538
2024,50701,rural,27,hombre,14,132,10.606060606060606
2024,50701,rural,27,mujer,7,78,8.974358974358974
2024,50701,rural,28,hombre,5,103,4.854368932038835
2024,50701,rural,28,mujer,9,76,11.842105263157896
2024,50701,urbana,16,hombre,2,13,15.384615384615385
2024,50701,urbana,16,mujer,0,15,0.0
2024,50701,urbana,17,hombre,1,24,4.166666666666667
2024,50701,urbana,17,mujer,0,20,0.0
2024,50701,urbana,18,hombre,5,14,35.714285714285715
2024,50701,urbana,18,mujer,3,16,18.75
2024,50701,urbana,19,hombre,3,10,30.0
2024,50701,urbana,19,mujer,1,16,6.25
2024,50701,urbana,20,hombre,1,9,11.11111111111111
2024,50701,urbana,20,mujer,6,14,42.857142857142854
2024,50701,urbana,21,hombre,5,22,22.727272727272727
2024,50701,urbana,21,mujer,10,21,47.61904761904762
2024,50701,urbana,22,hombre,5,13,38.46153846153846
2024,50701,urbana,22,mujer,9,21,42.857142857142854
2024,50701,urbana,23,hombre,3,10,30.0
2024,50701,urbana,23,mujer,8,19,42.10526315789474
2024,50701,urbana,24,hombre,4,15,26.666666666666668
2024,50701,urbana,24,mujer,8,25,32.0
2024,50701,urbana,25,hombre,3,13,23.076923076923077
2024,50701,urbana,25,mujer,3,12,25.0
2024,50701,urbana,26,hombre,2,10,20.0
2024,50701,urbana,26,mujer,7,15,46.666666666666664
2024,50701,urbana,27,hombre,2,8,25.0
2024,50701,urbana,27,mujer,4,13,30.76923076923077
2024,50701,urbana,28,hombre,7,18,38.888888888888886
2024,50701,urbana,28,mujer,7,15,46.666666666666664
2024,50702,rural,16,hombre,8,95,8.421052631578947
2024,50702,rural,16,mujer,9,78,11.538461538461538
2024,50702,rural,17,hombre,7,70,10.0
2024,50702,rural,17,mujer,11,57,19.29824561403509
2024,50702,rural,18,hombre,6,48,12.5
2024,50702,rural,18,mujer,21,71,29.577464788732396
2024,50702,rural,19,hombre,8,42,19.047619047619047
2024,50702,rural,19,mujer,11,43,25.58139534883721
2024,50702,rural,20,hombre,8,67,11.940298507462687
2024,50702,rural,20,mujer,12,53,22.641509433962263
2024,50702,rural,21,hombre,12,72,16.666666666666668
2024,50702,rural,21,mujer,17,54,31.48148148148148
2024,50702,rural,22,hombre,4,83,4.819277108433735
2024,50702,rural,22,mujer,11,42,26.19047619047619
2024,50702,rural,23,hombre,11,65,16.923076923076923
2024,50702,rural,23,mujer,9,52,17.307692307692307
2024,50702,rural,24,hombre,6,78,7.6923076923076925
2024,50702,rural,24,mujer,8,58,13.793103448275861
2024,50702,rural,25,hombre,9,77,11.688311688311689
2024,50702,rural,25,mujer,8,45,17.77777777777778
2024,50702,rural,26,hombre,13,77,16.883116883116884
2024,50702,rural,26,mujer,6,51,11.764705882352942
2024,50702,rural,27,hombre,9,82,10.975609756097562
2024,50702,rural,27,mujer,11,54,20.37037037037037
2024,50702,rural,28,hombre,15,84,17.857142857142858
2024,50702,rural,28,mujer,6,48,12.5
2024,50801,rural,16,hombre,10,153,6.5359477124183005
2024,50801,rural,16,mujer,4,124,3.225806451612903
2024,50801,rural,17,hombre,7,114,6.140350877192983
2024,50801,rural,17,mujer,8,123,6.504065040650406
2024,50801,rural,18,hombre,12,110,10.909090909090908
2024,50801,rural,18,mujer,18,122,14.754098360655737
2024,50801,rural,19,hombre,13,108,12.037037037037036
2024,50801,rural,19,mujer,15,98,15.306122448979592
2024,50801,rural,20,hombre,13,116,11.206896551724139
2024,50801,rural,20,mujer,11,128,8.59375
2024,50801,rural,21,hombre,21,134,15.671641791044776
2024,50801,rural,21,mujer,18,101,17.821782178217823
2024,50801,rural,22,hombre,11,121,9.090909090909092
2024,50801,rural,22,mujer,13,129,10.077519379844961
2024,50801,rural,23,hombre,19,124,15.32258064516129
2024,50801,rural,23,mujer,15,121,12.396694214876034
2024,50801,rural,24,hombre,19,142,13.380281690140846
2024,50801,rural,24,mujer,12,121,9.917355371900827
2024,50801,rural,25,hombre,14,125,11.2
2024,50801,rural,25,mujer,16,109,14.678899082568808
2024,50801,rural,26,hombre,24,120,20.0
2024,50801,rural,26,mujer,16,124,12.903225806451612
2024,50801,rural,27,hombre,17,123,13.821138211382113
2024,50801,rural,27,mujer,13,129,10.077519379844961
2024,50801,rural,28,hombre,18,129,13.953488372093023
2024,50801,rural,28,mujer,13,126,10.317460317460318
2024,50801,urbana,16,hombre,26,316,8.227848101265822
2024,50801,urbana,16,mujer,24,274,8.75912408759124
2024,50801,urbana,17,hombre,44,295,14.915254237288135
2024,50801,urbana,17,mujer,26,236,11.016949152542374
2024,50801,urbana,18,hombre,110,298,36.91275167785235
2024,50801,urbana,18,mujer,31,198,15.656565656565656
2024,50801,urbana,19,hombre,97,262,37.02290076335878
2024,50801,urbana,19,mujer,28,182,15.384615384615385
2024,50801,urbana,20,hombre,51,219,23.28767123287671
2024,50801,urbana,20,mujer,46,191,24.083769633507853
2024,50801,urbana,21,hombre,46,197,23.3502538071066
2024,50801,urbana,21,mujer,35,176,19.886363636363637
2024,50801,urbana,22,hombre,41,173,23.69942196531792
2024,50801,urbana,22,mujer,36,221,16.289592760180994
2024,50801,urbana,23,hombre,35,183,19.12568306010929
2024,50801,urbana,23,mujer,49,215,22.790697674418606
2024,50801,urbana,24,hombre,39,212,18.39622641509434
2024,50801,urbana,24,mujer,46,220,20.90909090909091
2024,50801,urbana,25,hombre,59,204,28.92156862745098
2024,50801,urbana,25,mujer,48,217,22.119815668202765
2024,50801,urbana,26,hombre,47,226,20.79646017699115
2024,50801,urbana,26,mujer,59,243,24.279835390946502
2024,50801,urbana,27,hombre,52,210,24.761904761904763
2024,50801,urbana,27,mujer,82,282,29.078014184397162
2024,50801,urbana,28,hombre,61,216,28.24074074074074
2024,50801,urbana,28,mujer,59,237,24.89451476793249
2024,50802,rural,16,hombre,5,92,5.434782608695652
2024,50802,rural,16,mujer,9,98,9.183673469387756
2024,50802,rural,17,hombre,7,85,8.235294117647058
2024,50802,rural,17,mujer,10,84,11.904761904761905
2024,50802,rural,18,hombre,12,47,25.53191489361702
2024,50802,rural,18,mujer,13,55,23.636363636363637
2024,50802,rural,19,hombre,17,58,29.310344827586206
2024,50802,rural,19,mujer,23,58,39.6551724137931
2024,50802,rural,20,hombre,13,47,27.659574468085108
2024,50802,rural,20,mujer,14,54,25.925925925925927
2024,50802,rural,21,hombre,20,54,37.03703703703704
2024,50802,rural,21,mujer,21,52,40.38461538461539
2024,50802,rural,22,hombre,27,59,45.76271186440678
2024,50802,rural,22,mujer,18,44,40.90909090909091
2024,50802,rural,23,hombre,45,93,48.38709677419355
2024,50802,rural,23,mujer,33,70,47.142857142857146
2024,50802,rural,24,hombre,38,72,52.77777777777778
2024,50802,rural,24,mujer,22,49,44.89795918367347
2024,50802,rural,25,hombre,37,86,43.02325581395349
2024,50802,rural,25,mujer,43,90,47.77777777777778
2024,50802,rural,26,hombre,35,78,44.87179487179487
2024,50802,rural,26,mujer,31,71,43.66197183098591
2024,50802,rural,27,hombre,36,97,37.11340206185567
2024,50802,rural,27,mujer,23,66,34.84848484848485
2024,50802,rural,28,hombre,36,90,40.0
2024,50802,rural,28,mujer,32,84,38.095238095238095
2024,50901,rural,16,hombre,12,87,13.793103448275861
2024,50901,rural,16,mujer,16,91,17.582417582417584
2024,50901,rural,17,hombre,40,121,33.05785123966942
2024,50901,rural,17,mujer,11,69,15.942028985507246
2024,50901,rural,18,hombre,124,166,74.6987951807229
2024,50901,rural,18,mujer,9,64,14.0625
2024,50901,rural,19,hombre,88,121,72.72727272727273
2024,50901,rural,19,mujer,15,48,31.25
2024,50901,rural,20,hombre,45,81,55.55555555555556
2024,50901,rural,20,mujer,12,54,22.22222222222222
2024,50901,rural,21,hombre,35,73,47.945205479452056
2024,50901,rural,21,mujer,11,51,21.568627450980394
2024,50901,rural,22,hombre,30,63,47.61904761904762
2024,50901,rural,22,mujer,22,64,34.375
2024,50901,rural,23,hombre,24,74,32.432432432432435
2024,50901,rural,23,mujer,22,66,33.333333333333336
2024,50901,rural,24,hombre,37,84,44.04761904761905
2024,50901,rural,24,mujer,32,78,41.02564102564103
2024,50901,rural,25,hombre,30,74,40.54054054054054
2024,50901,rural,25,mujer,33,85,38.8235294117647
2024,50901,rural,26,hombre,43,108,39.81481481481482
2024,50901,rural,26,mujer,32,81,39.50617283950617
2024,50901,rural,27,hombre,41,91,45.05494505494506
2024,50901,rural,27,mujer,24,74,32.432432432432435
2024,50901,rural,28,hombre,46,94,48.93617021276596
2024,50901,rural,28,mujer,24,82,29.26829268292683
2024,50901,urbana,16,hombre,1,23,4.3478260869565215
2024,50901,urbana,16,mujer,2,22,9.090909090909092
2024,50901,urbana,17,hombre,3,22,13.636363636363637
2024,50901,urbana,17,mujer,1,22,4.545454545454546
2024,50901,urbana,18,hombre,2,7,28.571428571428573
2024,50901,urbana,18,mujer,3,21,14.285714285714286
2024,50901,urbana,19,hombre,2,8,25.0
2024,50901,urbana,19,mujer,1,11,9.090909090909092
2024,50901,urbana,20,hombre,2,8,25.0
2024,50901,urbana,20,mujer,1,7,14.285714285714286
2024,50901,urbana,21,hombre,2,15,13.333333333333334
2024,50901,urbana,21,mujer,5,12,41.666666666666664
2024,50901,urbana,22,hombre,4,10,40.0
2024,50901,urbana,22,mujer,5,20,25.0
2024,50901,urbana,23,hombre,8,22,36.36363636363637
2024,50901,urbana,23,mujer,2,12,16.666666666666668
2024,50901,urbana,24,hombre,6,19,31.57894736842105
2024,50901,urbana,24,mujer,7,16,43.75
2024,50901,urbana,25,hombre,11,22,50.0
2024,50901,urbana,25,mujer,9,23,39.130434782608695
2024,50901,urbana,26,hombre,1,14,7.142857142857143
2024,50901,urbana,26,mujer,8,25,32.0
2024,50901,urbana,27,hombre,5,18,27.77777777777778
2024,50901,urbana,27,mujer,7,20,35.0
2024,50901,urbana,28,hombre,8,19,42.10526315789474
2024,50901,urbana,28,mujer,8,15,53.333333333333336
2024,50902,rural,16,hombre,1,16,6.25
2024,50902,rural,16,mujer,1,11,9.090909090909092
2024,50902,rural,17,hombre,5,19,26.31578947368421
2024,50902,rural,17,mujer,3,16,18.75
2024,50902,rural,18,hombre,5,10,50.0
2024,50902,rural,18,mujer,2,5,40.0
2024,50902,rural,19,hombre,13,22,59.09090909090909
2024,50902,rural,19,mujer,0,13,0.0
2024,50902,rural,20,hombre,6,15,40.0
2024,50902,rural,20,mujer,2,11,18.181818181818183
2024,50902,rural,21,hombre,5,19,26.31578947368421
2024,50902,rural,21,mujer,2,12,16.666666666666668
2024,50902,rural,22,hombre,5,21,23.80952380952381
2024,50902,rural,22,mujer,1,8,12.5
2024,50902,rural,23,hombre,7,24,29.166666666666668
2024,50902,rural,23,mujer,1,8,12.5
2024,50902,rural,24,hombre,6,14,42.857142857142854
2024,50902,rural,24,mujer,2,7,28.571428571428573
2024,50902,rural,25,hombre,3,16,18.75
2024,50902,rural,25,mujer,1,13,7.6923076923076925
2024,50902,rural,26,hombre,4,19,21.05263157894737
2024,50902,rural,26,mujer,2,11,18.181818181818183
2024,50902,rural,27,hombre,8,20,40.0
2024,50902,rural,27,mujer,0,6,0.0
2024,50902,rural,28,hombre,2,11,18.181818181818183
2024,50902,rural,28,mujer,2,12,16.666666666666668
2024,51001,rural,16,hombre,3,33,9.090909090909092
2024,51001,rural,16,mujer,3,25,12.0
2024,51001,rural,17,hombre,7,35,20.0
2024,51001,rural,17,mujer,5,27,18.51851851851852
2024,51001,rural,18,hombre,19,40,47.5
2024,51001,rural,18,mujer,6,24,25.0
2024,51001,rural,19,hombre,15,30,50.0
2024,51001,rural,19,mujer,3,23,13.043478260869565
2024,51001,rural,20,hombre,12,36,33.333333333333336
2024,51001,rural,20,mujer,3,17,17.647058823529413
2024,51001,rural,21,hombre,14,27,51.851851851851855
2024,51001,rural,21,mujer,4,21,19.047619047619047
2024,51001,rural,22,hombre,7,35,20.0
2024,51001,rural,22,mujer,6,28,21.428571428571427
2024,51001,rural,23,hombre,6,18,33.333333333333336
2024,51001,rural,23,mujer,6,29,20.689655172413794
2024,51001,rural,24,hombre,9,33,27.272727272727273
2024,51001,rural,24,mujer,7,27,25.925925925925927
2024,51001,rural,25,hombre,10,20,50.0
2024,51001,rural,25,mujer,4,21,19.047619047619047
2024,51001,rural,26,hombre,5,18,27.77777777777778
2024,51001,rural,26,mujer,7,32,21.875
2024,51001,rural,27,hombre,8,38,21.05263157894737
2024,51001,rural,27,mujer,5,28,17.857142857142858
2024,51001,rural,28,hombre,9,31,29.032258064516128
2024,51001,rural,28,mujer,7,26,26.923076923076923
2024,51002,rural,16,hombre,0,12,0.0
2024,51002,rural,16,mujer,0,7,0.0
2024,51002,rural,17,hombre,0,6,0.0
2024,51002,rural,17,mujer,0,9,0.0
2024,51002,rural,18,hombre,0,7,0.0
2024,51002,rural,18,mujer,0,4,0.0
2024,51002,rural,19,hombre,0,9,0.0
2024,51002,rural,19,mujer,0,6,0.0
2024,51002,rural,20,hombre,0,7,0.0
2024,51002,rural,20,mujer,0,11,0.0
2024,51002,rural,21,hombre,0,6,0.0
2024,51002,rural,21,mujer,0,7,0.0
2024,51002,rural,22,hombre,0,5,0.0
2024,51002,rural,22,mujer,0,3,0.0
2024,51002,rural,23,hombre,0,11,0.0
2024,51002,rural,23,mujer,0,8,0.0
2024,51002,rural,24,hombre,1,13,7.6923076923076925
2024,51002,rural,24,mujer,0,10,0.0
2024,51002,rural,25,hombre,0,6,0.0
2024,51002,rural,25,mujer,1,6,16.666666666666668
2024,51002,rural,26,hombre,0,9,0.0
2024,51002,rural,26,mujer,0,9,0.0
2024,51002,rural,27,hombre,0,10,0.0
2024,51002,rural,27,mujer,0,6,0.0
2024,51002,rural,28,hombre,0,9,0.0
2024,51002,rural,28,mujer,0,7,0.0
2024,51003,rural,16,hombre,2,27,7.407407407407407
2024,51003,rural,16,mujer,0,20,0.0
2024,51003,rural,17,hombre,1,22,4.545454545454546
2024,51003,rural,17,mujer,2,12,16.666666666666668
2024,51003,rural,18,hombre,2,12,16.666666666666668
2024,51003,rural,18,mujer,0,28,0.0
2024,51003,rural,19,hombre,2,15,13.333333333333334
2024,51003,rural,19,mujer,3,13,23.076923076923077
2024,51003,rural,20,hombre,1,12,8.333333333333334
2024,51003,rural,20,mujer,1,13,7.6923076923076925
2024,51003,rural,21,hombre,2,15,13.333333333333334
2024,51003,rural,21,mujer,1,17,5.882352941176471
2024,51003,rural,22,hombre,3,17,17.647058823529413
2024,51003,rural,22,mujer,2,16,12.5
2024,51003,rural,23,hombre,2,17,11.764705882352942
2024,51003,rural,23,mujer,1,13,7.6923076923076925
2024,51003,rural,24,hombre,3,20,15.0
2024,51003,rural,24,mujer,3,19,15.789473684210526
2024,51003,rural,25,hombre,5,25,20.0
2024,51003,rural,25,mujer,2,13,15.384615384615385
2024,51003,rural,26,hombre,2,15,13.333333333333334
2024,51003,rural,26,mujer,2,23,8.695652173913043
2024,51003,rural,27,hombre,2,17,11.764705882352942
2024,51003,rural,27,mujer,1,13,7.6923076923076925
2024,51003,rural,28,hombre,3,14,21.428571428571427
2024,51003,rural,28,mujer,3,13,23.076923076923077
2024,51101,rural,16,hombre,9,173,5.202312138728324
2024,51101,rural,16,mujer,14,148,9.45945945945946
2024,51101,rural,17,hombre,7,114,6.140350877192983
2024,51101,rural,17,mujer,10,121,8.264462809917354
2024,51101,rural,18,hombre,8,104,7.6923076923076925
2024,51101,rural,18,mujer,9,118,7.627118644067797
2024,51101,rural,19,hombre,14,111,12.612612612612613
2024,51101,rural,19,mujer,11,114,9.649122807017545
2024,51101,rural,20,hombre,11,116,9.482758620689655
2024,51101,rural,20,mujer,12,130,9.23076923076923
2024,51101,rural,21,hombre,8,112,7.142857142857143
2024,51101,rural,21,mujer,17,99,17.171717171717173
2024,51101,rural,22,hombre,20,123,16.260162601626018
2024,51101,rural,22,mujer,13,99,13.131313131313131
2024,51101,rural,23,hombre,14,126,11.11111111111111
2024,51101,rural,23,mujer,29,132,21.96969696969697
2024,51101,rural,24,hombre,14,116,12.068965517241379
2024,51101,rural,24,mujer,20,107,18.69158878504673
2024,51101,rural,25,hombre,18,100,18.0
2024,51101,rural,25,mujer,27,119,22.689075630252102
2024,51101,rural,26,hombre,15,120,12.5
2024,51101,rural,26,mujer,19,100,19.0
2024,51101,rural,27,hombre,16,108,14.814814814814815
2024,51101,rural,27,mujer,19,81,23.45679012345679
2024,51101,rural,28,hombre,20,109,18.34862385321101
2024,51101,rural,28,mujer,21,110,19.09090909090909
2024,51102,rural,16,hombre,15,76,19.736842105263158
2024,51102,rural,16,mujer,13,78,16.666666666666668
2024,51102,rural,17,hombre,11,68,16.176470588235293
2024,51102,rural,17,mujer,6,61,9.836065573770492
2024,51102,rural,18,hombre,11,54,20.37037037037037
2024,51102,rural,18,mujer,14,73,19.17808219178082
2024,51102,rural,19,hombre,4,57,7.017543859649122
2024,51102,rural,19,mujer,16,60,26.666666666666668
2024,51102,rural,20,hombre,7,62,11.290322580645162
2024,51102,rural,20,mujer,12,47,25.53191489361702
2024,51102,rural,21,hombre,16,75,21.333333333333332
2024,51102,rural,21,mujer,8,59,13.559322033898304
2024,51102,rural,22,hombre,15,72,20.833333333333332
2024,51102,rural,22,mujer,12,62,19.35483870967742
2024,51102,rural,23,hombre,17,75,22.666666666666668
2024,51102,rural,23,mujer,12,67,17.91044776119403
2024,51102,rural,24,hombre,14,78,17.94871794871795
2024,51102,rural,24,mujer,17,68,25.0
2024,51102,rural,25,hombre,15,81,18.51851851851852
2024,51102,rural,25,mujer,18,65,27.692307692307693
2024,51102,rural,26,hombre,10,58,17.24137931034483
2024,51102,rural,26,mujer,12,67,17.91044776119403
2024,51102,rural,27,hombre,11,74,14.864864864864865
2024,51102,rural,27,mujer,10,63,15.873015873015873
2024,51102,rural,28,hombre,15,64,23.4375
2024,51102,rural,28,mujer,13,62,20.967741935483872
2024,51102,urbana,16,hombre,8,40,20.0
2024,51102,urbana,16,mujer,7,28,25.0
2024,51102,urbana,17,hombre,3,41,7.317073170731708
2024,51102,urbana,17,mujer,3,26,11.538461538461538
2024,51102,urbana,18,hombre,9,37,24.324324324324323
2024,51102,urbana,18,mujer,10,22,45.45454545454545
2024,51102,urbana,19,hombre,5,20,25.0
2024,51102,urbana,19,mujer,5,27,18.51851851851852
2024,51102,urbana,20,hombre,6,37,16.216216216216218
2024,51102,urbana,20,mujer,14,41,34.146341463414636
2024,51102,urbana,21,hombre,4,29,13.793103448275861
2024,51102,urbana,21,mujer,8,46,17.391304347826086
2024,51102,urbana,22,hombre,5,28,17.857142857142858
2024,51102,urbana,22,mujer,11,28,39.285714285714285
2024,51102,urbana,23,hombre,10,47,21.27659574468085
2024,51102,urbana,23,mujer,4,48,8.333333333333334
2024,51102,urbana,24,hombre,11,47,23.404255319148938
2024,51102,urbana,24,mujer,12,45,26.666666666666668
2024,51102,urbana,25,hombre,8,39,20.512820512820515
2024,51102,urbana,25,mujer,12,32,37.5
2024,51102,urbana,26,hombre,8,33,24.242424242424242
2024,51102,urbana,26,mujer,5,28,17.857142857142858
2024,51102,urbana,27,hombre,8,43,18.6046511627907
2024,51102,urbana,27,mujer,5,34,14.705882352941176
2024,51102,urbana,28,hombre,8,36,22.22222222222222
2024,51102,urbana,28,mujer,15,46,32.608695652173914
2024,51103,rural,16,hombre,8,157,5.095541401273885
2024,51103,rural,16,mujer,14,152,9.210526315789474
2024,51103,rural,17,hombre,7,135,5.185185185185185
2024,51103,rural,17,mujer,8,128,6.25
2024,51103,rural,18,hombre,8,147,5.442176870748299
2024,51103,rural,18,mujer,11,107,10.280373831775702
2024,51103,rural,19,hombre,8,131,6.106870229007634
2024,51103,rural,19,mujer,15,108,13.88888888888889
2024,51103,rural,20,hombre,7,115,6.086956521739131
2024,51103,rural,20,mujer,19,121,15.702479338842975
2024,51103,rural,21,hombre,7,129,5.426356589147287
2024,51103,rural,21,mujer,11,116,9.482758620689655
2024,51103,rural,22,hombre,16,119,13.445378151260504
2024,51103,rural,22,mujer,13,120,10.833333333333334
2024,51103,rural,23,hombre,17,137,12.408759124087592
2024,51103,rural,23,mujer,22,106,20.754716981132077
2024,51103,rural,24,hombre,21,131,16.03053435114504
2024,51103,rural,24,mujer,27,115,23.47826086956522
2024,51103,rural,25,hombre,18,120,15.0
2024,51103,rural,25,mujer,13,75,17.333333333333332
2024,51103,rural,26,hombre,13,123,10.56910569105691
2024,51103,rural,26,mujer,16,89,17.97752808988764
2024,51103,rural,27,hombre,17,86,19.767441860465116
2024,51103,rural,27,mujer,16,73,21.91780821917808
2024,51103,rural,28,hombre,15,87,17.24137931034483
2024,51103,rural,28,mujer,14,95,14.736842105263158
2024,51201,rural,16,hombre,13,95,13.68421052631579
2024,51201,rural,16,mujer,7,107,6.542056074766355
2024,51201,rural,17,hombre,13,84,15.476190476190476
2024,51201,rural,17,mujer,3,93,3.225806451612903
2024,51201,rural,18,hombre,15,86,17.441860465116278
2024,51201,rural,18,mujer,8,78,10.256410256410257
2024,51201,rural,19,hombre,9,74,12.162162162162161
2024,51201,rural,19,mujer,9,67,13.432835820895523
2024,51201,rural,20,hombre,11,69,15.942028985507246
2024,51201,rural,20,mujer,5,61,8.19672131147541
2024,51201,rural,21,hombre,9,54,16.666666666666668
2024,51201,rural,21,mujer,11,72,15.277777777777779
2024,51201,rural,22,hombre,19,75,25.333333333333332
2024,51201,rural,22,mujer,16,73,21.91780821917808
2024,51201,rural,23,hombre,15,80,18.75
2024,51201,rural,23,mujer,16,67,23.880597014925375
2024,51201,rural,24,hombre,18,74,24.324324324324323
2024,51201,rural,24,mujer,28,66,42.42424242424242
2024,51201,rural,25,hombre,16,66,24.242424242424242
2024,51201,rural,25,mujer,17,68,25.0
2024,51201,rural,26,hombre,16,72,22.22222222222222
2024,51201,rural,26,mujer,16,77,20.77922077922078
2024,51201,rural,27,hombre,9,84,10.714285714285714
2024,51201,rural,27,mujer,17,60,28.333333333333332
2024,51201,rural,28,hombre,17,74,22.972972972972972
2024,51201,rural,28,mujer,12,73,16.438356164383563
2024,51201,urbana,16,hombre,28,257,10.894941634241246
2024,51201,urbana,16,mujer,46,242,19.00826446280992
2024,51201,urbana,17,hombre,55,239,23.01255230125523
2024,51201,urbana,17,mujer,31,199,15.577889447236181
2024,51201,urbana,18,hombre,159,325,48.92307692307692
2024,51201,urbana,18,mujer,47,192,24.479166666666668
2024,51201,urbana,19,hombre,107,252,42.46031746031746
2024,51201,urbana,19,mujer,32,172,18.6046511627907
2024,51201,urbana,20,hombre,47,185,25.405405405405407
2024,51201,urbana,20,mujer,43,183,23.497267759562842
2024,51201,urbana,21,hombre,49,177,27.683615819209038
2024,51201,urbana,21,mujer,31,173,17.91907514450867
2024,51201,urbana,22,hombre,54,183,29.508196721311474
2024,51201,urbana,22,mujer,51,190,26.842105263157894
2024,51201,urbana,23,hombre,59,185,31.89189189189189
2024,51201,urbana,23,mujer,76,241,31.53526970954357
2024,51201,urbana,24,hombre,52,214,24.299065420560748
2024,51201,urbana,24,mujer,54,233,23.175965665236053
2024,51201,urbana,25,hombre,41,186,22.043010752688172
2024,51201,urbana,25,mujer,69,230,30.0
2024,51201,urbana,26,hombre,58,190,30.526315789473685
2024,51201,urbana,26,mujer,67,244,27.459016393442624
2024,51201,urbana,27,hombre,56,219,25.570776255707763
2024,51201,urbana,27,mujer,66,228,28.94736842105263
2024,51201,urbana,28,hombre,51,210,24.285714285714285
2024,51201,urbana,28,mujer,63,254,24.80314960629921
2024,51202,rural,16,hombre,13,62,20.967741935483872
2024,51202,rural,16,mujer,4,53,7.547169811320755
2024,51202,rural,17,hombre,9,43,20.930232558139537
2024,51202,rural,17,mujer,9,57,15.789473684210526
2024,51202,rural,18,hombre,8,53,15.09433962264151
2024,51202,rural,18,mujer,9,42,21.428571428571427
2024,51202,rural,19,hombre,5,30,16.666666666666668
2024,51202,rural,19,mujer,5,41,12.195121951219512
2024,51202,rural,20,hombre,10,56,17.857142857142858
2024,51202,rural,20,mujer,6,48,12.5
2024,51202,rural,21,hombre,11,52,21.153846153846153
2024,51202,rural,21,mujer,7,44,15.909090909090908
2024,51202,rural,22,hombre,13,52,25.0
2024,51202,rural,22,mujer,11,54,20.37037037037037
2024,51202,rural,23,hombre,14,63,22.22222222222222
2024,51202,rural,23,mujer,7,46,15.217391304347826
2024,51202,rural,24,hombre,10,49,20.408163265306122
2024,51202,rural,24,mujer,16,69,23.18840579710145
2024,51202,rural,25,hombre,5,49,10.204081632653061
2024,51202,rural,25,mujer,11,57,19.29824561403509
2024,51202,rural,26,hombre,10,56,17.857142857142858
2024,51202,rural,26,mujer,11,53,20.754716981132077
2024,51202,rural,27,hombre,12,53,22.641509433962263
2024,51202,rural,27,mujer,8,43,18.6046511627907
2024,51202,rural,28,hombre,7,35,20.0
2024,51202,rural,28,mujer,9,51,17.647058823529413
2024,51203,rural,16,hombre,4,13,30.76923076923077
2024,51203,rural,16,mujer,3,15,20.0
2024,51203,rural,17,hombre,10,19,52.63157894736842
2024,51203,rural,17,mujer,4,16,25.0
2024,51203,rural,18,hombre,8,18,44.44444444444444
2024,51203,rural,18,mujer,5,13,38.46153846153846
2024,51203,rural,19,hombre,7,18,38.888888888888886
2024,51203,rural,19,mujer,5,12,41.666666666666664
2024,51203,rural,20,hombre,9,15,60.0
2024,51203,rural,20,mujer,7,14,50.0
2024,51203,rural,21,hombre,11,21,52.38095238095238
2024,51203,rural,21,mujer,2,7,28.571428571428573
2024,51203,rural,22,hombre,8,23,34.78260869565217
2024,51203,rural,22,mujer,12,25,48.0
2024,51203,rural,23,hombre,9,19,47.36842105263158
2024,51203,rural,23,mujer,7,19,36.8421052631579
2024,51203,rural,24,hombre,5,21,23.80952380952381
2024,51203,rural,24,mujer,16,33,48.484848484848484
2024,51203,rural,25,hombre,9,25,36.0
2024,51203,rural,25,mujer,9,19,47.36842105263158
2024,51203,rural,26,hombre,3,20,15.0
2024,51203,rural,26,mujer,11,28,39.285714285714285
2024,51203,rural,27,hombre,7,22,31.818181818181817
2024,51203,rural,27,mujer,6,21,28.571428571428573
2024,51203,rural,28,hombre,5,17,29.41176470588235
2024,51203,rural,28,mujer,5,17,29.41176470588235
2024,51203,urbana,16,hombre,25,132,18.939393939393938
2024,51203,urbana,16,mujer,23,138,16.666666666666668
2024,51203,urbana,17,hombre,26,75,34.666666666666664
2024,51203,urbana,17,mujer,33,101,32.67326732673267
2024,51203,urbana,18,hombre,34,71,47.88732394366197
2024,51203,urbana,18,mujer,24,74,32.432432432432435
2024,51203,urbana,19,hombre,61,99,61.61616161616162
2024,51203,urbana,19,mujer,32,80,40.0
2024,51203,urbana,20,hombre,58,113,51.32743362831859
2024,51203,urbana,20,mujer,37,94,39.361702127659576
2024,51203,urbana,21,hombre,100,153,65.359477124183
2024,51203,urbana,21,mujer,51,98,52.04081632653061
2024,51203,urbana,22,hombre,71,142,50.0
2024,51203,urbana,22,mujer,55,113,48.67256637168141
2024,51203,urbana,23,hombre,83,158,52.53164556962025
2024,51203,urbana,23,mujer,65,115,56.52173913043478
2024,51203,urbana,24,hombre,93,191,48.69109947643979
2024,51203,urbana,24,mujer,50,107,46.728971962616825
2024,51203,urbana,25,hombre,75,155,48.38709677419355
2024,51203,urbana,25,mujer,45,102,44.11764705882353
2024,51203,urbana,26,hombre,63,146,43.15068493150685
2024,51203,urbana,26,mujer,42,109,38.53211009174312
2024,51203,urbana,27,hombre,84,176,47.72727272727273
2024,51203,urbana,27,mujer,37,99,37.37373737373738
2024,51203,urbana,28,hombre,60,142,42.25352112676056
2024,51203,urbana,28,mujer,40,110,36.36363636363637
2024,51204,rural,16,hombre,9,47,19.148936170212767
2024,51204,rural,16,mujer,5,40,12.5
2024,51204,rural,17,hombre,8,44,18.181818181818183
2024,51204,rural,17,mujer,6,56,10.714285714285714
2024,51204,rural,18,hombre,7,39,17.94871794871795
2024,51204,rural,18,mujer,6,38,15.789473684210526
2024,51204,rural,19,hombre,9,23,39.130434782608695
2024,51204,rural,19,mujer,14,46,30.434782608695652
2024,51204,rural,20,hombre,7,44,15.909090909090908
2024,51204,rural,20,mujer,12,45,26.666666666666668
2024,51204,rural,21,hombre,12,35,34.285714285714285
2024,51204,rural,21,mujer,7,38,18.42105263157895
2024,51204,rural,22,hombre,7,39,17.94871794871795
2024,51204,rural,22,mujer,16,54,29.62962962962963
2024,51204,rural,23,hombre,16,47,34.04255319148936
2024,51204,rural,23,mujer,11,43,25.58139534883721
2024,51204,rural,24,hombre,11,41,26.829268292682926
2024,51204,rural,24,mujer,9,41,21.951219512195124
2024,51204,rural,25,hombre,7,38,18.42105263157895
2024,51204,rural,25,mujer,13,42,30.952380952380953
2024,51204,rural,26,hombre,12,43,27.906976744186046
2024,51204,rural,26,mujer,11,35,31.428571428571427
2024,51204,rural,27,hombre,17,43,39.53488372093023
2024,51204,rural,27,mujer,17,41,41.46341463414634
2024,51204,rural,28,hombre,6,34,17.647058823529413
2024,51204,rural,28,mujer,12,42,28.571428571428573
2024,51301,rural,16,hombre,3,40,7.5
2024,51301,rural,16,mujer,1,36,2.7777777777777777
2024,51301,rural,17,hombre,2,42,4.761904761904762
2024,51301,rural,17,mujer,2,30,6.666666666666667
2024,51301,rural,18,hombre,1,29,3.4482758620689653
2024,51301,rural,18,mujer,3,33,9.090909090909092
2024,51301,rural,19,hombre,4,21,19.047619047619047
2024,51301,rural,19,mujer,5,25,20.0
2024,51301,rural,20,hombre,5,35,14.285714285714286
2024,51301,rural,20,mujer,1,18,5.555555555555555
2024,51301,rural,21,hombre,5,25,20.0
2024,51301,rural,21,mujer,3,22,13.636363636363637
2024,51301,rural,22,hombre,0,21,0.0
2024,51301,rural,22,mujer,2,17,11.764705882352942
2024,51301,rural,23,hombre,4,32,12.5
2024,51301,rural,23,mujer,5,30,16.666666666666668
2024,51301,rural,24,hombre,2,25,8.0
2024,51301,rural,24,mujer,5,20,25.0
2024,51301,rural,25,hombre,0,25,0.0
2024,51301,rural,25,mujer,4,20,20.0
2024,51301,rural,26,hombre,3,18,16.666666666666668
2024,51301,rural,26,mujer,4,26,15.384615384615385
2024,51301,rural,27,hombre,4,28,14.285714285714286
2024,51301,rural,27,mujer,2,19,10.526315789473685
2024,51301,rural,28,hombre,2,19,10.526315789473685
2024,51301,rural,28,mujer,4,17,23.529411764705884
2024,51302,rural,16,hombre,3,40,7.5
2024,51302,rural,16,mujer,3,43,6.976744186046512
2024,51302,rural,17,hombre,5,52,9.615384615384615
2024,51302,rural,17,mujer,5,45,11.11111111111111
2024,51302,rural,18,hombre,2,26,7.6923076923076925
2024,51302,rural,18,mujer,2,37,5.405405405405405
2024,51302,rural,19,hombre,3,27,11.11111111111111
2024,51302,rural,19,mujer,1,30,3.3333333333333335
2024,51302,rural,20,hombre,1,22,4.545454545454546
2024,51302,rural,20,mujer,7,18,38.888888888888886
2024,51302,rural,21,hombre,4,26,15.384615384615385
2024,51302,rural,21,mujer,2,19,10.526315789473685
2024,51302,rural,22,hombre,4,28,14.285714285714286
2024,51302,rural,22,mujer,9,29,31.03448275862069
2024,51302,rural,23,hombre,5,22,22.727272727272727
2024,51302,rural,23,mujer,5,23,21.73913043478261
2024,51302,rural,24,hombre,9,28,32.142857142857146
2024,51302,rural,24,mujer,6,15,40.0
2024,51302,rural,25,hombre,5,24,20.833333333333332
2024,51302,rural,25,mujer,6,20,30.0
2024,51302,rural,26,hombre,6,22,27.272727272727273
2024,51302,rural,26,mujer,3,17,17.647058823529413
2024,51302,rural,27,hombre,10,23,43.47826086956522
2024,51302,rural,27,mujer,5,20,25.0
2024,51302,rural,28,hombre,7,25,28.0
2024,51302,rural,28,mujer,6,28,21.428571428571427
2024,51401,rural,16,hombre,2,33,6.0606060606060606
2024,51401,rural,16,mujer,1,20,5.0
2024,51401,rural,17,hombre,4,32,12.5
2024,51401,rural,17,mujer,9,38,23.68421052631579
2024,51401,rural,18,hombre,23,42,54.76190476190476
2024,51401,rural,18,mujer,9,33,27.272727272727273
2024,51401,rural,19,hombre,25,41,60.97560975609756
2024,51401,rural,19,mujer,21,47,44.680851063829785
2024,51401,rural,20,hombre,21,52,40.38461538461539
2024,51401,rural,20,mujer,13,36,36.111111111111114
2024,51401,rural,21,hombre,15,39,38.46153846153846
2024,51401,rural,21,mujer,12,30,40.0
2024,51401,rural,22,hombre,19,53,35.84905660377358
2024,51401,rural,22,mujer,13,31,41.935483870967744
2024,51401,rural,23,hombre,25,41,60.97560975609756
2024,51401,rural,23,mujer,14,30,46.666666666666664
2024,51401,rural,24,hombre,13,33,39.39393939393939
2024,51401,rural,24,mujer,8,23,34.78260869565217
2024,51401,rural,25,hombre,17,38,44.73684210526316
2024,51401,rural,25,mujer,14,33,42.42424242424242
2024,51401,rural,26,hombre,12,32,37.5
2024,51401,rural,26,mujer,11,28,39.285714285714285
2024,51401,rural,27,hombre,12,30,40.0
2024,51401,rural,27,mujer,12,31,38.70967741935484
2024,51401,rural,28,hombre,12,33,36.36363636363637
2024,51401,rural,28,mujer,5,28,17.857142857142858
2024,51402,rural,16,hombre,2,14,14.285714285714286
2024,51402,rural,16,mujer,1,9,11.11111111111111
2024,51402,rural,17,hombre,1,11,9.090909090909092
2024,51402,rural,17,mujer,1,16,6.25
2024,51402,rural,18,hombre,3,13,23.076923076923077
2024,51402,rural,18,mujer,4,8,50.0
2024,51402,rural,19,hombre,3,9,33.333333333333336
2024,51402,rural,19,mujer,4,14,28.571428571428573
2024,51402,rural,20,hombre,3,10,30.0
2024,51402,rural,20,mujer,2,12,16.666666666666668
2024,51402,rural,21,hombre,2,11,18.181818181818183
2024,51402,rural,21,mujer,1,5,20.0
2024,51402,rural,22,hombre,0,11,0.0
2024,51402,rural,22,mujer,0,13,0.0
2024,51402,rural,23,hombre,2,21,9.523809523809524
2024,51402,rural,23,mujer,3,8,37.5
2024,51402,rural,24,hombre,2,9,22.22222222222222
2024,51402,rural,24,mujer,3,14,21.428571428571427
2024,51402,rural,25,hombre,2,15,13.333333333333334
2024,51402,rural,25,mujer,1,7,14.285714285714286
2024,51402,rural,26,hombre,0,10,0.0
2024,51402,rural,26,mujer,2,10,20.0
2024,51402,rural,27,hombre,2,11,18.181818181818183
2024,51402,rural,27,mujer,1,12,8.333333333333334
2024,51402,rural,28,hombre,0,7,0.0
2024,51402,rural,28,mujer,2,15,13.333333333333334
2024,51501,rural,16,hombre,2,77,2.5974025974025974
2024,51501,rural,16,mujer,5,58,8.620689655172415
2024,51501,rural,17,hombre,5,64,7.8125
2024,51501,rural,17,mujer,6,66,9.090909090909092
2024,51501,rural,18,hombre,8,67,11.940298507462687
2024,51501,rural,18,mujer,6,56,10.714285714285714
2024,51501,rural,19,hombre,7,66,10.606060606060606
2024,51501,rural,19,mujer,1,46,2.1739130434782608
2024,51501,rural,20,hombre,5,49,10.204081632653061
2024,51501,rural,20,mujer,4,49,8.16326530612245
2024,51501,rural,21,hombre,6,58,10.344827586206897
2024,51501,rural,21,mujer,5,57,8.771929824561404
2024,51501,rural,22,hombre,6,53,11.320754716981131
2024,51501,rural,22,mujer,5,48,10.416666666666666
2024,51501,rural,23,hombre,8,43,18.6046511627907
2024,51501,rural,23,mujer,6,49,12.244897959183673
2024,51501,rural,24,hombre,10,61,16.39344262295082
2024,51501,rural,24,mujer,4,52,7.6923076923076925
2024,51501,rural,25,hombre,9,64,14.0625
2024,51501,rural,25,mujer,4,49,8.16326530612245
2024,51501,rural,26,hombre,3,43,6.976744186046512
2024,51501,rural,26,mujer,5,66,7.575757575757576
2024,51501,rural,27,hombre,6,56,10.714285714285714
2024,51501,rural,27,mujer,4,68,5.882352941176471
2024,51501,rural,28,hombre,5,43,11.627906976744185
2024,51501,rural,28,mujer,3,65,4.615384615384615
2024,51501,urbana,16,hombre,36,415,8.674698795180722
2024,51501,urbana,16,mujer,22,402,5.472636815920398
2024,51501,urbana,17,hombre,32,338,9.467455621301776
2024,51501,urbana,17,mujer,19,326,5.828220858895706
2024,51501,urbana,18,hombre,35,294,11.904761904761905
2024,51501,urbana,18,mujer,27,311,8.681672025723472
2024,51501,urbana,19,hombre,26,268,9.701492537313433
2024,51501,urbana,19,mujer,23,244,9.426229508196721
2024,51501,urbana,20,hombre,26,292,8.904109589041095
2024,51501,urbana,20,mujer,38,353,10.76487252124646
2024,51501,urbana,21,hombre,38,281,13.523131672597865
2024,51501,urbana,21,mujer,36,285,12.631578947368421
2024,51501,urbana,22,hombre,51,304,16.776315789473685
2024,51501,urbana,22,mujer,40,325,12.307692307692308
2024,51501,urbana,23,hombre,65,349,18.624641833810887
2024,51501,urbana,23,mujer,58,327,17.737003058103976
2024,51501,urbana,24,hombre,68,390,17.435897435897434
2024,51501,urbana,24,mujer,56,337,16.617210682492583
2024,51501,urbana,25,hombre,48,305,15.737704918032787
2024,51501,urbana,25,mujer,60,367,16.348773841961854
2024,51501,urbana,26,hombre,76,321,23.67601246105919
2024,51501,urbana,26,mujer,63,347,18.155619596541786
2024,51501,urbana,27,hombre,64,316,20.253164556962027
2024,51501,urbana,27,mujer,69,369,18.69918699186992
2024,51501,urbana,28,hombre,65,345,18.840579710144926
2024,51501,urbana,28,mujer,60,393,15.267175572519085
2024,51601,rural,16,hombre,1,21,4.761904761904762
2024,51601,rural,16,mujer,1,20,5.0
2024,51601,rural,17,hombre,0,14,0.0
2024,51601,rural,17,mujer,1,10,10.0
2024,51601,rural,18,hombre,4,19,21.05263157894737
2024,51601,rural,18,mujer,0,16,0.0
2024,51601,rural,19,hombre,8,20,40.0
2024,51601,rural,19,mujer,1,15,6.666666666666667
2024,51601,rural,20,hombre,3,16,18.75
2024,51601,rural,20,mujer,3,26,11.538461538461538
2024,51601,rural,21,hombre,3,17,17.647058823529413
2024,51601,rural,21,mujer,1,16,6.25
2024,51601,rural,22,hombre,3,19,15.789473684210526
2024,51601,rural,22,mujer,4,12,33.333333333333336
2024,51601,rural,23,hombre,7,20,35.0
2024,51601,rural,23,mujer,1,18,5.555555555555555
2024,51601,rural,24,hombre,5,19,26.31578947368421
2024,51601,rural,24,mujer,7,20,35.0
2024,51601,rural,25,hombre,7,23,30.434782608695652
2024,51601,rural,25,mujer,4,18,22.22222222222222
2024,51601,rural,26,hombre,3,13,23.076923076923077
2024,51601,rural,26,mujer,5,19,26.31578947368421
2024,51601,rural,27,hombre,3,15,20.0
2024,51601,rural,27,mujer,4,23,17.391304347826086
2024,51601,rural,28,hombre,4,16,25.0
2024,51601,rural,28,mujer,4,23,17.391304347826086
2024,60101,rural,16,hombre,9,154,5.8441558441558445
2024,60101,rural,16,mujer,11,177,6.214689265536723
2024,60101,rural,17,hombre,14,184,7.608695652173913
2024,60101,rural,17,mujer,13,178,7.303370786516854
2024,60101,rural,18,hombre,9,159,5.660377358490566
2024,60101,rural,18,mujer,13,179,7.262569832402234
2024,60101,rural,19,hombre,6,156,3.8461538461538463
2024,60101,rural,19,mujer,8,142,5.633802816901408
2024,60101,rural,20,hombre,11,157,7.006369426751593
2024,60101,rural,20,mujer,22,177,12.429378531073446
2024,60101,rural,21,hombre,13,174,7.471264367816092
2024,60101,rural,21,mujer,11,158,6.962025316455696
2024,60101,rural,22,hombre,6,160,3.75
2024,60101,rural,22,mujer,12,125,9.6
2024,60101,rural,23,hombre,10,177,5.649717514124294
2024,60101,rural,23,mujer,16,165,9.696969696969697
2024,60101,rural,24,hombre,12,199,6.030150753768845
2024,60101,rural,24,mujer,6,174,3.4482758620689653
2024,60101,rural,25,hombre,11,173,6.358381502890174
2024,60101,rural,25,mujer,6,175,3.4285714285714284
2024,60101,rural,26,hombre,20,179,11.1731843575419
2024,60101,rural,26,mujer,8,189,4.232804232804233
2024,60101,rural,27,hombre,11,181,6.077348066298343
2024,60101,rural,27,mujer,15,197,7.614213197969543
2024,60101,rural,28,hombre,12,195,6.153846153846154
2024,60101,rural,28,mujer,10,164,6.097560975609756
2024,60101,urbana,16,hombre,109,1822,5.982436882546652
2024,60101,urbana,16,mujer,132,1718,7.6833527357392315
2024,60101,urbana,17,hombre,191,1838,10.391730141458106
2024,60101,urbana,17,mujer,170,1758,9.670079635949943
2024,60101,urbana,18,hombre,518,2040,25.392156862745097
2024,60101,urbana,18,mujer,328,1838,17.845484221980414
2024,60101,urbana,19,hombre,440,1927,22.83341982355994
2024,60101,urbana,19,mujer,404,1902,21.24079915878023
2024,60101,urbana,20,hombre,386,1777,21.722003376477208
2024,60101,urbana,20,mujer,348,1782,19.52861952861953
2024,60101,urbana,21,hombre,369,1823,20.241360394953375
2024,60101,urbana,21,mujer,331,1829,18.097320940404593
2024,60101,urbana,22,hombre,321,1877,17.101758124667022
2024,60101,urbana,22,mujer,295,1897,15.55086979441223
2024,60101,urbana,23,hombre,244,1998,12.212212212212211
2024,60101,urbana,23,mujer,217,1939,11.191335740072201
2024,60101,urbana,24,hombre,254,2068,12.282398452611218
2024,60101,urbana,24,mujer,234,2194,10.665451230628989
2024,60101,urbana,25,hombre,200,1863,10.735373054213634
2024,60101,urbana,25,mujer,185,1847,10.016242555495397
2024,60101,urbana,26,hombre,181,1766,10.249150622876558
2024,60101,urbana,26,mujer,193,2005,9.625935162094763
2024,60101,urbana,27,hombre,178,1952,9.118852459016393
2024,60101,urbana,27,mujer,194,1980,9.797979797979798
2024,60101,urbana,28,hombre,229,1931,11.859140341791818
2024,60101,urbana,28,mujer,170,2012,8.449304174950298
2024,60201,rural,16,hombre,2,180,1.1111111111111112
2024,60201,rural,16,mujer,9,135,6.666666666666667
2024,60201,rural,17,hombre,8,126,6.349206349206349
2024,60201,rural,17,mujer,2,113,1.7699115044247788
2024,60201,rural,18,hombre,19,120,15.833333333333334
2024,60201,rural,18,mujer,5,114,4.385964912280702
2024,60201,rural,19,hombre,11,98,11.224489795918368
2024,60201,rural,19,mujer,7,80,8.75
2024,60201,rural,20,hombre,6,117,5.128205128205129
2024,60201,rural,20,mujer,8,115,6.956521739130435
2024,60201,rural,21,hombre,9,129,6.976744186046512
2024,60201,rural,21,mujer,15,121,12.396694214876034
2024,60201,rural,22,hombre,3,129,2.3255813953488373
2024,60201,rural,22,mujer,13,125,10.4
2024,60201,rural,23,hombre,15,158,9.49367088607595
2024,60201,rural,23,mujer,16,122,13.114754098360656
2024,60201,rural,24,hombre,17,175,9.714285714285714
2024,60201,rural,24,mujer,18,119,15.126050420168067
2024,60201,rural,25,hombre,13,170,7.647058823529412
2024,60201,rural,25,mujer,19,156,12.179487179487179
2024,60201,rural,26,hombre,15,121,12.396694214876034
2024,60201,rural,26,mujer,17,144,11.805555555555555
2024,60201,rural,27,hombre,13,156,8.333333333333334
2024,60201,rural,27,mujer,18,136,13.235294117647058
2024,60201,rural,28,hombre,17,166,10.240963855421686
2024,60201,rural,28,mujer,20,144,13.88888888888889
2024,60202,rural,16,hombre,3,37,8.108108108108109
2024,60202,rural,16,mujer,1,33,3.0303030303030303
2024,60202,rural,17,hombre,2,39,5.128205128205129
2024,60202,rural,17,mujer,0,37,0.0
2024,60202,rural,18,hombre,1,32,3.125
2024,60202,rural,18,mujer,2,29,6.896551724137931
2024,60202,rural,19,hombre,1,36,2.7777777777777777
2024,60202,rural,19,mujer,3,27,11.11111111111111
2024,60202,rural,20,hombre,2,27,7.407407407407407
2024,60202,rural,20,mujer,1,37,2.7027027027027026
2024,60202,rural,21,hombre,1,26,3.8461538461538463
2024,60202,rural,21,mujer,1,34,2.9411764705882355
2024,60202,rural,22,hombre,3,32,9.375
2024,60202,rural,22,mujer,1,30,3.3333333333333335
2024,60202,rural,23,hombre,8,36,22.22222222222222
2024,60202,rural,23,mujer,7,40,17.5
2024,60202,rural,24,hombre,3,35,8.571428571428571
2024,60202,rural,24,mujer,2,41,4.878048780487805
2024,60202,rural,25,hombre,3,31,9.67741935483871
2024,60202,rural,25,mujer,3,45,6.666666666666667
2024,60202,rural,26,hombre,5,48,10.416666666666666
2024,60202,rural,26,mujer,3,35,8.571428571428571
2024,60202,rural,27,hombre,4,29,13.793103448275861
2024,60202,rural,27,mujer,2,33,6.0606060606060606
2024,60202,rural,28,hombre,2,40,5.0
2024,60202,rural,28,mujer,5,29,17.24137931034483
2024,60202,urbana,16,hombre,22,292,7.534246575342466
2024,60202,urbana,16,mujer,13,269,4.83271375464684
2024,60202,urbana,17,hombre,17,261,6.513409961685824
2024,60202,urbana,17,mujer,19,244,7.786885245901639
2024,60202,urbana,18,hombre,72,253,28.458498023715414
2024,60202,urbana,18,mujer,12,199,6.030150753768845
2024,60202,urbana,19,hombre,28,241,11.618257261410788
2024,60202,urbana,19,mujer,20,217,9.216589861751151
2024,60202,urbana,20,hombre,23,217,10.599078341013826
2024,60202,urbana,20,mujer,20,193,10.362694300518134
2024,60202,urbana,21,hombre,29,204,14.215686274509803
2024,60202,urbana,21,mujer,20,213,9.389671361502348
2024,60202,urbana,22,hombre,30,215,13.953488372093023
2024,60202,urbana,22,mujer,19,205,9.268292682926829
2024,60202,urbana,23,hombre,25,236,10.59322033898305
2024,60202,urbana,23,mujer,32,279,11.469534050179211
2024,60202,urbana,24,hombre,32,261,12.260536398467433
2024,60202,urbana,24,mujer,32,246,13.008130081300813
2024,60202,urbana,25,hombre,61,257,23.735408560311285
2024,60202,urbana,25,mujer,37,274,13.503649635036496
2024,60202,urbana,26,hombre,47,268,17.53731343283582
2024,60202,urbana,26,mujer,32,274,11.678832116788321
2024,60202,urbana,27,hombre,37,220,16.818181818181817
2024,60202,urbana,27,mujer,44,293,15.017064846416382
2024,60202,urbana,28,hombre,47,289,16.262975778546714
2024,60202,urbana,28,mujer,35,276,12.681159420289855
2024,60301,rural,16,hombre,12,245,4.8979591836734695
2024,60301,rural,16,mujer,8,240,3.3333333333333335
2024,60301,rural,17,hombre,26,236,11.016949152542374
2024,60301,rural,17,mujer,17,233,7.296137339055794
2024,60301,rural,18,hombre,67,272,24.63235294117647
2024,60301,rural,18,mujer,8,173,4.624277456647399
2024,60301,rural,19,hombre,69,227,30.39647577092511
2024,60301,rural,19,mujer,22,195,11.282051282051283
2024,60301,rural,20,hombre,33,211,15.639810426540285
2024,60301,rural,20,mujer,16,190,8.421052631578947
2024,60301,rural,21,hombre,34,207,16.42512077294686
2024,60301,rural,21,mujer,22,159,13.836477987421384
2024,60301,rural,22,hombre,52,238,21.84873949579832
2024,60301,rural,22,mujer,17,185,9.18918918918919
2024,60301,rural,23,hombre,58,234,24.786324786324787
2024,60301,rural,23,mujer,18,223,8.071748878923767
2024,60301,rural,24,hombre,62,280,22.142857142857142
2024,60301,rural,24,mujer,31,230,13.478260869565217
2024,60301,rural,25,hombre,52,235,22.127659574468087
2024,60301,rural,25,mujer,22,206,10.679611650485437
2024,60301,rural,26,hombre,47,233,20.17167381974249
2024,60301,rural,26,mujer,22,213,10.328638497652582
2024,60301,rural,27,hombre,36,216,16.666666666666668
2024,60301,rural,27,mujer,22,197,11.16751269035533
2024,60301,rural,28,hombre,27,189,14.285714285714286
2024,60301,rural,28,mujer,16,201,7.960199004975125
2024,60301,urbana,16,hombre,33,638,5.172413793103448
2024,60301,urbana,16,mujer,25,625,4.0
2024,60301,urbana,17,hombre,68,660,10.303030303030303
2024,60301,urbana,17,mujer,44,615,7.154471544715447
2024,60301,urbana,18,hombre,147,634,23.186119873817034
2024,60301,urbana,18,mujer,61,503,12.127236580516898
2024,60301,urbana,19,hombre,106,556,19.06474820143885
2024,60301,urbana,19,mujer,67,453,14.79028697571744
2024,60301,urbana,20,hombre,86,545,15.779816513761467
2024,60301,urbana,20,mujer,48,432,11.11111111111111
2024,60301,urbana,21,hombre,79,541,14.602587800369685
2024,60301,urbana,21,mujer,52,487,10.677618069815194
2024,60301,urbana,22,hombre,72,528,13.636363636363637
2024,60301,urbana,22,mujer,58,569,10.193321616871705
2024,60301,urbana,23,hombre,76,614,12.37785016286645
2024,60301,urbana,23,mujer,82,581,14.113597246127366
2024,60301,urbana,24,hombre,105,701,14.978601997146933
2024,60301,urbana,24,mujer,85,618,13.754045307443366
2024,60301,urbana,25,hombre,79,610,12.950819672131148
2024,60301,urbana,25,mujer,77,623,12.359550561797754
2024,60301,urbana,26,hombre,102,654,15.596330275229358
2024,60301,urbana,26,mujer,100,713,14.025245441795231
2024,60301,urbana,27,hombre,89,679,13.107511045655375
2024,60301,urbana,27,mujer,83,683,12.152269399707174
2024,60301,urbana,28,hombre,94,649,14.48382126348228
2024,60301,urbana,28,mujer,85,654,12.996941896024465
2024,60302,rural,16,hombre,4,100,4.0
2024,60302,rural,16,mujer,3,97,3.0927835051546393
2024,60302,rural,17,hombre,9,92,9.782608695652174
2024,60302,rural,17,mujer,5,87,5.747126436781609
2024,60302,rural,18,hombre,16,76,21.05263157894737
2024,60302,rural,18,mujer,6,80,7.5
2024,60302,rural,19,hombre,12,91,13.186813186813186
2024,60302,rural,19,mujer,8,67,11.940298507462687
2024,60302,rural,20,hombre,7,59,11.864406779661017
2024,60302,rural,20,mujer,7,59,11.864406779661017
2024,60302,rural,21,hombre,9,84,10.714285714285714
2024,60302,rural,21,mujer,5,77,6.4935064935064934
2024,60302,rural,22,hombre,5,60,8.333333333333334
2024,60302,rural,22,mujer,12,75,16.0
2024,60302,rural,23,hombre,15,83,18.072289156626507
2024,60302,rural,23,mujer,13,82,15.853658536585366
2024,60302,rural,24,hombre,11,93,11.827956989247312
2024,60302,rural,24,mujer,11,87,12.64367816091954
2024,60302,rural,25,hombre,5,86,5.813953488372093
2024,60302,rural,25,mujer,19,97,19.587628865979383
2024,60302,rural,26,hombre,18,107,16.822429906542055
2024,60302,rural,26,mujer,19,112,16.964285714285715
2024,60302,rural,27,hombre,12,75,16.0
2024,60302,rural,27,mujer,17,87,19.54022988505747
2024,60302,rural,28,hombre,12,104,11.538461538461538
2024,60302,rural,28,mujer,8,94,8.51063829787234
2024,60302,urbana,16,hombre,2,41,4.878048780487805
2024,60302,urbana,16,mujer,4,36,11.11111111111111
2024,60302,urbana,17,hombre,0,32,0.0
2024,60302,urbana,17,mujer,3,41,7.317073170731708
2024,60302,urbana,18,hombre,4,26,15.384615384615385
2024,60302,urbana,18,mujer,0,31,0.0
2024,60302,urbana,19,hombre,1,31,3.225806451612903
2024,60302,urbana,19,mujer,2,23,8.695652173913043
2024,60302,urbana,20,hombre,3,14,21.428571428571427
2024,60302,urbana,20,mujer,2,24,8.333333333333334
2024,60302,urbana,21,hombre,2,23,8.695652173913043
2024,60302,urbana,21,mujer,2,24,8.333333333333334
2024,60302,urbana,22,hombre,1,25,4.0
2024,60302,urbana,22,mujer,11,34,32.35294117647059
2024,60302,urbana,23,hombre,7,33,21.21212121212121
2024,60302,urbana,23,mujer,4,29,13.793103448275861
2024,60302,urbana,24,hombre,8,32,25.0
2024,60302,urbana,24,mujer,8,39,20.512820512820515
2024,60302,urbana,25,hombre,5,24,20.833333333333332
2024,60302,urbana,25,mujer,12,30,40.0
2024,60302,urbana,26,hombre,7,24,29.166666666666668
2024,60302,urbana,26,mujer,12,43,27.906976744186046
2024,60302,urbana,27,hombre,12,35,34.285714285714285
2024,60302,urbana,27,mujer,11,31,35.483870967741936
2024,60302,urbana,28,hombre,5,33,15.151515151515152
2024,60302,urbana,28,mujer,9,36,25.0
2024,60303,rural,16,hombre,3,103,2.912621359223301
2024,60303,rural,16,mujer,9,86,10.465116279069768
2024,60303,rural,17,hombre,41,128,32.03125
2024,60303,rural,17,mujer,4,93,4.301075268817204
2024,60303,rural,18,hombre,209,300,69.66666666666667
2024,60303,rural,18,mujer,6,86,6.976744186046512
2024,60303,rural,19,hombre,108,187,57.75401069518717
2024,60303,rural,19,mujer,6,89,6.741573033707865
2024,60303,rural,20,hombre,42,117,35.8974358974359
2024,60303,rural,20,mujer,8,79,10.126582278481013
2024,60303,rural,21,hombre,29,112,25.892857142857142
2024,60303,rural,21,mujer,6,83,7.228915662650603
2024,60303,rural,22,hombre,12,89,13.48314606741573
2024,60303,rural,22,mujer,6,82,7.317073170731708
2024,60303,rural,23,hombre,16,105,15.238095238095237
2024,60303,rural,23,mujer,8,104,7.6923076923076925
2024,60303,rural,24,hombre,16,126,12.698412698412698
2024,60303,rural,24,mujer,6,102,5.882352941176471
2024,60303,rural,25,hombre,17,102,16.666666666666668
2024,60303,rural,25,mujer,14,103,13.592233009708737
2024,60303,rural,26,hombre,18,113,15.929203539823009
2024,60303,rural,26,mujer,12,92,13.043478260869565
2024,60303,rural,27,hombre,13,99,13.131313131313131
2024,60303,rural,27,mujer,17,106,16.037735849056602
2024,60303,rural,28,hombre,15,98,15.306122448979592
2024,60303,rural,28,mujer,9,102,8.823529411764707
2024,60303,urbana,16,hombre,20,308,6.4935064935064934
2024,60303,urbana,16,mujer,19,318,5.9748427672955975
2024,60303,urbana,17,hombre,38,344,11.046511627906977
2024,60303,urbana,17,mujer,17,302,5.629139072847682
2024,60303,urbana,18,hombre,109,318,34.276729559748425
2024,60303,urbana,18,mujer,13,189,6.878306878306878
2024,60303,urbana,19,hombre,68,244,27.868852459016395
2024,60303,urbana,19,mujer,24,189,12.698412698412698
2024,60303,urbana,20,hombre,38,205,18.536585365853657
2024,60303,urbana,20,mujer,27,205,13.170731707317072
2024,60303,urbana,21,hombre,37,226,16.371681415929203
2024,60303,urbana,21,mujer,26,180,14.444444444444445
2024,60303,urbana,22,hombre,43,219,19.634703196347033
2024,60303,urbana,22,mujer,30,246,12.195121951219512
2024,60303,urbana,23,hombre,50,261,19.157088122605366
2024,60303,urbana,23,mujer,32,256,12.5
2024,60303,urbana,24,hombre,51,276,18.47826086956522
2024,60303,urbana,24,mujer,51,264,19.318181818181817
2024,60303,urbana,25,hombre,37,226,16.371681415929203
2024,60303,urbana,25,mujer,47,276,17.028985507246375
2024,60303,urbana,26,hombre,45,254,17.716535433070867
2024,60303,urbana,26,mujer,65,279,23.29749103942652
2024,60303,urbana,27,hombre,33,266,12.406015037593985
2024,60303,urbana,27,mujer,35,292,11.986301369863014
2024,60303,urbana,28,hombre,55,293,18.77133105802048
2024,60303,urbana,28,mujer,43,290,14.827586206896552
2024,60401,rural,16,hombre,5,103,4.854368932038835
2024,60401,rural,16,mujer,6,134,4.477611940298507
2024,60401,rural,17,hombre,4,117,3.4188034188034186
2024,60401,rural,17,mujer,2,93,2.150537634408602
2024,60401,rural,18,hombre,10,102,9.803921568627452
2024,60401,rural,18,mujer,9,99,9.090909090909092
2024,60401,rural,19,hombre,8,88,9.090909090909092
2024,60401,rural,19,mujer,8,94,8.51063829787234
2024,60401,rural,20,hombre,5,69,7.246376811594203
2024,60401,rural,20,mujer,8,89,8.98876404494382
2024,60401,rural,21,hombre,4,96,4.166666666666667
2024,60401,rural,21,mujer,9,106,8.49056603773585
2024,60401,rural,22,hombre,13,114,11.403508771929825
2024,60401,rural,22,mujer,11,95,11.578947368421053
2024,60401,rural,23,hombre,9,106,8.49056603773585
2024,60401,rural,23,mujer,11,119,9.243697478991596
2024,60401,rural,24,hombre,9,116,7.758620689655173
2024,60401,rural,24,mujer,12,115,10.434782608695652
2024,60401,rural,25,hombre,6,90,6.666666666666667
2024,60401,rural,25,mujer,16,102,15.686274509803921
2024,60401,rural,26,hombre,8,130,6.153846153846154
2024,60401,rural,26,mujer,9,111,8.108108108108109
2024,60401,rural,27,hombre,4,97,4.123711340206185
2024,60401,rural,27,mujer,9,124,7.258064516129032
2024,60401,rural,28,hombre,5,114,4.385964912280702
2024,60401,rural,28,mujer,5,118,4.237288135593221
2024,60401,urbana,16,hombre,3,28,10.714285714285714
2024,60401,urbana,16,mujer,2,22,9.090909090909092
2024,60401,urbana,17,hombre,3,25,12.0
2024,60401,urbana,17,mujer,3,21,14.285714285714286
2024,60401,urbana,18,hombre,1,22,4.545454545454546
2024,60401,urbana,18,mujer,0,13,0.0
2024,60401,urbana,19,hombre,1,22,4.545454545454546
2024,60401,urbana,19,mujer,2,17,11.764705882352942
2024,60401,urbana,20,hombre,2,14,14.285714285714286
2024,60401,urbana,20,mujer,1,20,5.0
2024,60401,urbana,21,hombre,0,17,0.0
2024,60401,urbana,21,mujer,2,18,11.11111111111111
2024,60401,urbana,22,hombre,2,23,8.695652173913043
2024,60401,urbana,22,mujer,4,24,16.666666666666668
2024,60401,urbana,23,hombre,7,22,31.818181818181817
2024,60401,urbana,23,mujer,2,14,14.285714285714286
2024,60401,urbana,24,hombre,1,30,3.3333333333333335
2024,60401,urbana,24,mujer,2,13,15.384615384615385
2024,60401,urbana,25,hombre,1,20,5.0
2024,60401,urbana,25,mujer,2,18,11.11111111111111
2024,60401,urbana,26,hombre,1,24,4.166666666666667
2024,60401,urbana,26,mujer,3,18,16.666666666666668
2024,60401,urbana,27,hombre,1,18,5.555555555555555
2024,60401,urbana,27,mujer,1,20,5.0
2024,60401,urbana,28,hombre,3,22,13.636363636363637
2024,60401,urbana,28,mujer,1,18,5.555555555555555
2024,60402,rural,16,hombre,1,55,1.8181818181818181
2024,60402,rural,16,mujer,2,37,5.405405405405405
2024,60402,rural,17,hombre,2,42,4.761904761904762
2024,60402,rural,17,mujer,1,34,2.9411764705882355
2024,60402,rural,18,hombre,1,33,3.0303030303030303
2024,60402,rural,18,mujer,0,29,0.0
2024,60402,rural,19,hombre,1,35,2.857142857142857
2024,60402,rural,19,mujer,2,32,6.25
2024,60402,rural,20,hombre,0,32,0.0
2024,60402,rural,20,mujer,4,32,12.5
2024,60402,rural,21,hombre,3,31,9.67741935483871
2024,60402,rural,21,mujer,7,42,16.666666666666668
2024,60402,rural,22,hombre,2,26,7.6923076923076925
2024,60402,rural,22,mujer,3,46,6.521739130434782
2024,60402,rural,23,hombre,5,43,11.627906976744185
2024,60402,rural,23,mujer,6,38,15.789473684210526
2024,60402,rural,24,hombre,3,29,10.344827586206897
2024,60402,rural,24,mujer,7,41,17.073170731707318
2024,60402,rural,25,hombre,5,39,12.820512820512821
2024,60402,rural,25,mujer,1,27,3.7037037037037037
2024,60402,rural,26,hombre,4,37,10.81081081081081
2024,60402,rural,26,mujer,4,40,10.0
2024,60402,rural,27,hombre,0,29,0.0
2024,60402,rural,27,mujer,5,38,13.157894736842104
2024,60402,rural,28,hombre,3,40,7.5
2024,60402,rural,28,mujer,5,33,15.151515151515152
2024,60501,rural,16,hombre,22,186,11.827956989247312
2024,60501,rural,16,mujer,29,185,15.675675675675675
2024,60501,rural,17,hombre,19,180,10.555555555555555
2024,60501,rural,17,mujer,25,200,12.5
2024,60501,rural,18,hombre,34,174,19.54022988505747
2024,60501,rural,18,mujer,32,171,18.71345029239766
2024,60501,rural,19,hombre,33,172,19.186046511627907
2024,60501,rural,19,mujer,22,161,13.664596273291925
2024,60501,rural,20,hombre,17,161,10.559006211180124
2024,60501,rural,20,mujer,21,180,11.666666666666666
2024,60501,rural,21,hombre,26,195,13.333333333333334
2024,60501,rural,21,mujer,27,167,16.167664670658684
2024,60501,rural,22,hombre,31,180,17.22222222222222
2024,60501,rural,22,mujer,40,197,20.304568527918782
2024,60501,rural,23,hombre,31,187,16.577540106951872
2024,60501,rural,23,mujer,34,204,16.666666666666668
2024,60501,rural,24,hombre,31,222,13.963963963963964
2024,60501,rural,24,mujer,40,199,20.100502512562816
2024,60501,rural,25,hombre,32,197,16.243654822335024
2024,60501,rural,25,mujer,30,210,14.285714285714286
2024,60501,rural,26,hombre,33,184,17.934782608695652
2024,60501,rural,26,mujer,39,199,19.597989949748744
2024,60501,rural,27,hombre,20,180,11.11111111111111
2024,60501,rural,27,mujer,35,193,18.134715025906736
2024,60501,rural,28,hombre,30,190,15.789473684210526
2024,60501,rural,28,mujer,34,192,17.708333333333332
2024,60501,urbana,16,hombre,4,45,8.88888888888889
2024,60501,urbana,16,mujer,8,48,16.666666666666668
2024,60501,urbana,17,hombre,5,47,10.638297872340425
2024,60501,urbana,17,mujer,7,52,13.461538461538462
2024,60501,urbana,18,hombre,2,55,3.6363636363636362
2024,60501,urbana,18,mujer,4,37,10.81081081081081
2024,60501,urbana,19,hombre,4,46,8.695652173913043
2024,60501,urbana,19,mujer,6,51,11.764705882352942
2024,60501,urbana,20,hombre,7,32,21.875
2024,60501,urbana,20,mujer,6,51,11.764705882352942
2024,60501,urbana,21,hombre,9,48,18.75
2024,60501,urbana,21,mujer,7,53,13.20754716981132
2024,60501,urbana,22,hombre,11,50,22.0
2024,60501,urbana,22,mujer,5,47,10.638297872340425
2024,60501,urbana,23,hombre,5,51,9.803921568627452
2024,60501,urbana,23,mujer,5,36,13.88888888888889
2024,60501,urbana,24,hombre,10,58,17.24137931034483
2024,60501,urbana,24,mujer,6,49,12.244897959183673
2024,60501,urbana,25,hombre,8,52,15.384615384615385
2024,60501,urbana,25,mujer,8,42,19.047619047619047
2024,60501,urbana,26,hombre,4,34,11.764705882352942
2024,60501,urbana,26,mujer,6,43,13.953488372093023
2024,60501,urbana,27,hombre,5,38,13.157894736842104
2024,60501,urbana,27,mujer,5,40,12.5
2024,60501,urbana,28,hombre,9,49,18.367346938775512
2024,60501,urbana,28,mujer,12,56,21.428571428571427
2024,60502,rural,16,hombre,1,67,1.492537313432836
2024,60502,rural,16,mujer,5,71,7.042253521126761
2024,60502,rural,17,hombre,3,65,4.615384615384615
2024,60502,rural,17,mujer,3,66,4.545454545454546
2024,60502,rural,18,hombre,3,52,5.769230769230769
2024,60502,rural,18,mujer,4,60,6.666666666666667
2024,60502,rural,19,hombre,2,68,2.9411764705882355
2024,60502,rural,19,mujer,7,42,16.666666666666668
2024,60502,rural,20,hombre,2,53,3.7735849056603774
2024,60502,rural,20,mujer,4,58,6.896551724137931
2024,60502,rural,21,hombre,7,66,10.606060606060606
2024,60502,rural,21,mujer,7,61,11.475409836065573
2024,60502,rural,22,hombre,3,54,5.555555555555555
2024,60502,rural,22,mujer,8,66,12.121212121212121
2024,60502,rural,23,hombre,8,61,13.114754098360656
2024,60502,rural,23,mujer,13,64,20.3125
2024,60502,rural,24,hombre,12,76,15.789473684210526
2024,60502,rural,24,mujer,11,74,14.864864864864865
2024,60502,rural,25,hombre,10,55,18.181818181818183
2024,60502,rural,25,mujer,14,65,21.53846153846154
2024,60502,rural,26,hombre,7,58,12.068965517241379
2024,60502,rural,26,mujer,11,83,13.25301204819277
2024,60502,rural,27,hombre,6,55,10.909090909090908
2024,60502,rural,27,mujer,7,55,12.727272727272727
2024,60502,rural,28,hombre,7,69,10.144927536231885
2024,60502,rural,28,mujer,10,61,16.39344262295082
2024,60601,rural,16,hombre,9,142,6.338028169014085
2024,60601,rural,16,mujer,5,133,3.7593984962406015
2024,60601,rural,17,hombre,9,114,7.894736842105263
2024,60601,rural,17,mujer,3,134,2.2388059701492535
2024,60601,rural,18,hombre,7,107,6.542056074766355
2024,60601,rural,18,mujer,3,98,3.061224489795918
2024,60601,rural,19,hombre,4,102,3.9215686274509802
2024,60601,rural,19,mujer,9,90,10.0
2024,60601,rural,20,hombre,8,100,8.0
2024,60601,rural,20,mujer,10,113,8.849557522123893
2024,60601,rural,21,hombre,10,93,10.75268817204301
2024,60601,rural,21,mujer,8,77,10.38961038961039
2024,60601,rural,22,hombre,3,92,3.260869565217391
2024,60601,rural,22,mujer,10,79,12.658227848101266
2024,60601,rural,23,hombre,6,97,6.185567010309279
2024,60601,rural,23,mujer,17,99,17.171717171717173
2024,60601,rural,24,hombre,9,129,6.976744186046512
2024,60601,rural,24,mujer,17,132,12.878787878787879
2024,60601,rural,25,hombre,9,110,8.181818181818182
2024,60601,rural,25,mujer,19,111,17.117117117117118
2024,60601,rural,26,hombre,11,125,8.8
2024,60601,rural,26,mujer,20,129,15.503875968992247
2024,60601,rural,27,hombre,19,123,15.447154471544716
2024,60601,rural,27,mujer,20,144,13.88888888888889
2024,60601,rural,28,hombre,26,145,17.93103448275862
2024,60601,rural,28,mujer,17,120,14.166666666666666
2024,60601,urbana,16,hombre,4,41,9.75609756097561
2024,60601,urbana,16,mujer,2,36,5.555555555555555
2024,60601,urbana,17,hombre,3,31,9.67741935483871
2024,60601,urbana,17,mujer,2,35,5.714285714285714
2024,60601,urbana,18,hombre,4,36,11.11111111111111
2024,60601,urbana,18,mujer,2,28,7.142857142857143
2024,60601,urbana,19,hombre,5,27,18.51851851851852
2024,60601,urbana,19,mujer,2,25,8.0
2024,60601,urbana,20,hombre,1,16,6.25
2024,60601,urbana,20,mujer,3,25,12.0
2024,60601,urbana,21,hombre,2,28,7.142857142857143
2024,60601,urbana,21,mujer,2,35,5.714285714285714
2024,60601,urbana,22,hombre,5,28,17.857142857142858
2024,60601,urbana,22,mujer,5,19,26.31578947368421
2024,60601,urbana,23,hombre,6,25,24.0
2024,60601,urbana,23,mujer,7,27,25.925925925925927
2024,60601,urbana,24,hombre,8,26,30.76923076923077
2024,60601,urbana,24,mujer,8,34,23.529411764705884
2024,60601,urbana,25,hombre,5,26,19.23076923076923
2024,60601,urbana,25,mujer,9,36,25.0
2024,60601,urbana,26,hombre,6,30,20.0
2024,60601,urbana,26,mujer,7,35,20.0
2024,60601,urbana,27,hombre,6,26,23.076923076923077
2024,60601,urbana,27,mujer,12,45,26.666666666666668
2024,60601,urbana,28,hombre,8,50,16.0
2024,60601,urbana,28,mujer,11,47,23.404255319148938
2024,70101,rural,16,hombre,10,101,9.900990099009901
2024,70101,rural,16,mujer,5,107,4.672897196261682
2024,70101,rural,17,hombre,7,85,8.235294117647058
2024,70101,rural,17,mujer,12,105,11.428571428571429
2024,70101,rural,18,hombre,6,78,7.6923076923076925
2024,70101,rural,18,mujer,7,74,9.45945945945946
2024,70101,rural,19,hombre,8,83,9.63855421686747
2024,70101,rural,19,mujer,10,74,13.513513513513514
2024,70101,rural,20,hombre,6,87,6.896551724137931
2024,70101,rural,20,mujer,7,64,10.9375
2024,70101,rural,21,hombre,12,87,13.793103448275861
2024,70101,rural,21,mujer,12,77,15.584415584415584
2024,70101,rural,22,hombre,10,75,13.333333333333334
2024,70101,rural,22,mujer,7,77,9.090909090909092
2024,70101,rural,23,hombre,10,84,11.904761904761905
2024,70101,rural,23,mujer,12,83,14.457831325301205
2024,70101,rural,24,hombre,13,87,14.942528735632184
2024,70101,rural,24,mujer,7,78,8.974358974358974
2024,70101,rural,25,hombre,6,76,7.894736842105263
2024,70101,rural,25,mujer,13,96,13.541666666666666
2024,70101,rural,26,hombre,13,87,14.942528735632184
2024,70101,rural,26,mujer,5,66,7.575757575757576
2024,70101,rural,27,hombre,12,80,15.0
2024,70101,rural,27,mujer,9,80,11.25
2024,70101,rural,28,hombre,13,75,17.333333333333332
2024,70101,rural,28,mujer,10,83,12.048192771084338
2024,70101,urbana,16,hombre,838,13208,6.344639612356148
2024,70101,urbana,16,mujer,914,13101,6.976566674299672
2024,70101,urbana,17,hombre,1055,13369,7.891390530331363
2024,70101,urbana,17,mujer,1148,13238,8.672004834567154
2024,70101,urbana,18,hombre,1690,13510,12.509252405625462
2024,70101,urbana,18,mujer,1768,13876,12.741424041510522
2024,70101,urbana,19,hombre,1677,13731,12.213240113611535
2024,70101,urbana,19,mujer,1859,13928,13.347214244686961
2024,70101,urbana,20,hombre,1760,13794,12.759170653907496
2024,70101,urbana,20,mujer,1968,14211,13.8484272746464
2024,70101,urbana,21,hombre,1821,14060,12.951635846372689
2024,70101,urbana,21,mujer,1823,14130,12.901627742392074
2024,70101,urbana,22,hombre,1690,14162,11.933342748199406
2024,70101,urbana,22,mujer,1707,14303,11.9345591833881
2024,70101,urbana,23,hombre,1591,15362,10.356724384845723
2024,70101,urbana,23,mujer,1502,15244,9.85305694043558
2024,70101,urbana,24,hombre,1636,15906,10.285426882937257
2024,70101,urbana,24,mujer,1482,16050,9.233644859813085
2024,70101,urbana,25,hombre,1395,15081,9.250049731450169
2024,70101,urbana,25,mujer,1381,15271,9.043284657193373
2024,70101,urbana,26,hombre,1409,14861,9.481192382746787
2024,70101,urbana,26,mujer,1365,15265,8.94202423845398
2024,70101,urbana,27,hombre,1290,14723,8.761801263329485
2024,70101,urbana,27,mujer,1390,15351,9.054784704579506
2024,70101,urbana,28,hombre,1384,15200,9.105263157894736
2024,70101,urbana,28,mujer,1326,15657,8.469055374592834
2024,70102,rural,16,hombre,28,150,18.666666666666668
2024,70102,rural,16,mujer,37,161,22.981366459627328
2024,70102,rural,17,hombre,38,182,20.87912087912088
2024,70102,rural,17,mujer,32,144,22.22222222222222
2024,70102,rural,18,hombre,38,154,24.675324675324674
2024,70102,rural,18,mujer,31,122,25.40983606557377
2024,70102,rural,19,hombre,29,144,20.13888888888889
2024,70102,rural,19,mujer,38,141,26.95035460992908
2024,70102,rural,20,hombre,28,118,23.728813559322035
2024,70102,rural,20,mujer,32,122,26.229508196721312
2024,70102,rural,21,hombre,26,132,19.696969696969695
2024,70102,rural,21,mujer,23,120,19.166666666666668
2024,70102,rural,22,hombre,36,115,31.304347826086957
2024,70102,rural,22,mujer,29,109,26.605504587155963
2024,70102,rural,23,hombre,40,153,26.143790849673202
2024,70102,rural,23,mujer,33,150,22.0
2024,70102,rural,24,hombre,25,136,18.38235294117647
2024,70102,rural,24,mujer,38,138,27.536231884057973
2024,70102,rural,25,hombre,32,137,23.357664233576642
2024,70102,rural,25,mujer,25,142,17.6056338028169
2024,70102,rural,26,hombre,38,141,26.95035460992908
2024,70102,rural,26,mujer,37,162,22.839506172839506
2024,70102,rural,27,hombre,26,137,18.978102189781023
2024,70102,rural,27,mujer,32,142,22.535211267605632
2024,70102,rural,28,hombre,36,145,24.82758620689655
2024,70102,rural,28,mujer,36,131,27.480916030534353
2024,70102,urbana,16,hombre,164,886,18.510158013544018
2024,70102,urbana,16,mujer,168,850,19.764705882352942
2024,70102,urbana,17,hombre,154,857,17.96966161026838
2024,70102,urbana,17,mujer,169,810,20.864197530864196
2024,70102,urbana,18,hombre,129,799,16.14518147684606
2024,70102,urbana,18,mujer,176,759,23.18840579710145
2024,70102,urbana,19,hombre,152,767,19.81747066492829
2024,70102,urbana,19,mujer,152,764,19.895287958115183
2024,70102,urbana,20,hombre,157,773,20.310478654592497
2024,70102,urbana,20,mujer,149,734,20.29972752043597
2024,70102,urbana,21,hombre,154,757,20.34346103038309
2024,70102,urbana,21,mujer,192,797,24.090338770388957
2024,70102,urbana,22,hombre,164,768,21.354166666666668
2024,70102,urbana,22,mujer,194,748,25.93582887700535
2024,70102,urbana,23,hombre,185,773,23.93272962483829
2024,70102,urbana,23,mujer,188,866,21.709006928406467
2024,70102,urbana,24,hombre,206,889,23.172103487064117
2024,70102,urbana,24,mujer,178,815,21.84049079754601
2024,70102,urbana,25,hombre,183,771,23.735408560311285
2024,70102,urbana,25,mujer,186,811,22.934648581997536
2024,70102,urbana,26,hombre,185,759,24.37417654808959
2024,70102,urbana,26,mujer,186,797,23.337515683814303
2024,70102,urbana,27,hombre,175,788,22.20812182741117
2024,70102,urbana,27,mujer,198,797,24.843161856963615
2024,70102,urbana,28,hombre,203,819,24.786324786324787
2024,70102,urbana,28,mujer,219,810,27.037037037037038
2024,70103,rural,16,hombre,25,106,23.58490566037736
2024,70103,rural,16,mujer,14,84,16.666666666666668
2024,70103,rural,17,hombre,25,104,24.03846153846154
2024,70103,rural,17,mujer,17,89,19.10112359550562
2024,70103,rural,18,hombre,21,95,22.105263157894736
2024,70103,rural,18,mujer,13,65,20.0
2024,70103,rural,19,hombre,18,84,21.428571428571427
2024,70103,rural,19,mujer,27,67,40.298507462686565
2024,70103,rural,20,hombre,15,73,20.54794520547945
2024,70103,rural,20,mujer,20,75,26.666666666666668
2024,70103,rural,21,hombre,16,88,18.181818181818183
2024,70103,rural,21,mujer,24,82,29.26829268292683
2024,70103,rural,22,hombre,24,102,23.529411764705884
2024,70103,rural,22,mujer,28,79,35.44303797468354
2024,70103,rural,23,hombre,19,90,21.11111111111111
2024,70103,rural,23,mujer,25,94,26.595744680851062
2024,70103,rural,24,hombre,21,99,21.21212121212121
2024,70103,rural,24,mujer,20,100,20.0
2024,70103,rural,25,hombre,22,84,26.19047619047619
2024,70103,rural,25,mujer,35,88,39.77272727272727
2024,70103,rural,26,hombre,18,74,24.324324324324323
2024,70103,rural,26,mujer,19,81,23.45679012345679
2024,70103,rural,27,hombre,20,97,20.61855670103093
2024,70103,rural,27,mujer,32,90,35.55555555555556
2024,70103,rural,28,hombre,37,97,38.144329896907216
2024,70103,rural,28,mujer,20,89,22.471910112359552
2024,70103,urbana,16,hombre,23,108,21.296296296296298
2024,70103,urbana,16,mujer,26,94,27.659574468085108
2024,70103,urbana,17,hombre,22,83,26.50602409638554
2024,70103,urbana,17,mujer,27,109,24.770642201834864
2024,70103,urbana,18,hombre,25,85,29.41176470588235
2024,70103,urbana,18,mujer,37,98,37.755102040816325
2024,70103,urbana,19,hombre,29,79,36.70886075949367
2024,70103,urbana,19,mujer,32,82,39.02439024390244
2024,70103,urbana,20,hombre,23,103,22.33009708737864
2024,70103,urbana,20,mujer,31,82,37.80487804878049
2024,70103,urbana,21,hombre,14,71,19.718309859154928
2024,70103,urbana,21,mujer,35,82,42.68292682926829
2024,70103,urbana,22,hombre,27,76,35.526315789473685
2024,70103,urbana,22,mujer,33,92,35.869565217391305
2024,70103,urbana,23,hombre,25,89,28.089887640449437
2024,70103,urbana,23,mujer,36,94,38.297872340425535
2024,70103,urbana,24,hombre,16,71,22.535211267605632
2024,70103,urbana,24,mujer,29,99,29.292929292929294
2024,70103,urbana,25,hombre,26,74,35.13513513513514
2024,70103,urbana,25,mujer,40,85,47.05882352941177
2024,70103,urbana,26,hombre,22,71,30.985915492957748
2024,70103,urbana,26,mujer,35,78,44.87179487179487
2024,70103,urbana,27,hombre,25,81,30.864197530864196
2024,70103,urbana,27,mujer,26,69,37.68115942028985
2024,70103,urbana,28,hombre,34,77,44.15584415584416
2024,70103,urbana,28,mujer,28,76,36.8421052631579
2024,70104,rural,16,hombre,11,84,13.095238095238095
2024,70104,rural,16,mujer,14,69,20.28985507246377
2024,70104,rural,17,hombre,9,67,13.432835820895523
2024,70104,rural,17,mujer,12,61,19.672131147540984
2024,70104,rural,18,hombre,18,88,20.454545454545453
2024,70104,rural,18,mujer,9,73,12.32876712328767
2024,70104,rural,19,hombre,9,73,12.32876712328767
2024,70104,rural,19,mujer,13,66,19.696969696969695
2024,70104,rural,20,hombre,18,68,26.470588235294116
2024,70104,rural,20,mujer,15,59,25.423728813559322
2024,70104,rural,21,hombre,15,74,20.27027027027027
2024,70104,rural,21,mujer,15,62,24.193548387096776
2024,70104,rural,22,hombre,18,74,24.324324324324323
2024,70104,rural,22,mujer,11,61,18.0327868852459
2024,70104,rural,23,hombre,26,72,36.111111111111114
2024,70104,rural,23,mujer,20,67,29.850746268656717
2024,70104,rural,24,hombre,16,78,20.512820512820515
2024,70104,rural,24,mujer,29,86,33.72093023255814
2024,70104,rural,25,hombre,27,79,34.177215189873415
2024,70104,rural,25,mujer,15,73,20.54794520547945
2024,70104,rural,26,hombre,23,76,30.263157894736842
2024,70104,rural,26,mujer,14,73,19.17808219178082
2024,70104,rural,27,hombre,13,65,20.0
2024,70104,rural,27,mujer,21,72,29.166666666666668
2024,70104,rural,28,hombre,21,74,28.37837837837838
2024,70104,rural,28,mujer,10,59,16.949152542372882
2024,70104,urbana,16,hombre,184,1256,14.64968152866242
2024,70104,urbana,16,mujer,220,1271,17.309205350118017
2024,70104,urbana,17,hombre,223,1247,17.882919005613473
2024,70104,urbana,17,mujer,214,1181,18.120237087214225
2024,70104,urbana,18,hombre,222,1196,18.561872909698998
2024,70104,urbana,18,mujer,261,1218,21.428571428571427
2024,70104,urbana,19,hombre,236,1130,20.884955752212388
2024,70104,urbana,19,mujer,296,1289,22.963537626066717
2024,70104,urbana,20,hombre,253,1204,21.01328903654485
2024,70104,urbana,20,mujer,289,1183,24.429416737109044
2024,70104,urbana,21,hombre,251,1138,22.056239015817223
2024,70104,urbana,21,mujer,275,1205,22.821576763485478
2024,70104,urbana,22,hombre,245,1191,20.570948782535684
2024,70104,urbana,22,mujer,287,1242,23.10789049919485
2024,70104,urbana,23,hombre,261,1289,20.24825446082234
2024,70104,urbana,23,mujer,283,1349,20.978502594514456
2024,70104,urbana,24,hombre,312,1374,22.707423580786028
2024,70104,urbana,24,mujer,308,1428,21.568627450980394
2024,70104,urbana,25,hombre,274,1224,22.38562091503268
2024,70104,urbana,25,mujer,290,1299,22.324865280985374
2024,70104,urbana,26,hombre,273,1226,22.267536704730833
2024,70104,urbana,26,mujer,303,1409,21.50461320085167
2024,70104,urbana,27,hombre,295,1325,22.264150943396228
2024,70104,urbana,27,mujer,306,1272,24.056603773584907
2024,70104,urbana,28,hombre,297,1336,22.230538922155688
2024,70104,urbana,28,mujer,334,1475,22.64406779661017
2024,70105,rural,16,hombre,25,171,14.619883040935672
2024,70105,rural,16,mujer,14,128,10.9375
2024,70105,rural,17,hombre,49,202,24.257425742574256
2024,70105,rural,17,mujer,16,131,12.213740458015268
2024,70105,rural,18,hombre,40,174,22.988505747126435
2024,70105,rural,18,mujer,23,121,19.00826446280992
2024,70105,rural,19,hombre,31,129,24.031007751937985
2024,70105,rural,19,mujer,20,139,14.388489208633093
2024,70105,rural,20,hombre,21,145,14.482758620689655
2024,70105,rural,20,mujer,17,104,16.346153846153847
2024,70105,rural,21,hombre,15,113,13.274336283185841
2024,70105,rural,21,mujer,12,113,10.619469026548673
2024,70105,rural,22,hombre,19,120,15.833333333333334
2024,70105,rural,22,mujer,15,101,14.851485148514852
2024,70105,rural,23,hombre,14,121,11.570247933884298
2024,70105,rural,23,mujer,16,129,12.4031007751938
2024,70105,rural,24,hombre,12,138,8.695652173913043
2024,70105,rural,24,mujer,14,138,10.144927536231885
2024,70105,rural,25,hombre,15,134,11.194029850746269
2024,70105,rural,25,mujer,11,124,8.870967741935484
2024,70105,rural,26,hombre,16,115,13.91304347826087
2024,70105,rural,26,mujer,21,130,16.153846153846153
2024,70105,rural,27,hombre,16,114,14.035087719298245
2024,70105,rural,27,mujer,15,121,12.396694214876034
2024,70105,rural,28,hombre,17,114,14.912280701754385
2024,70105,rural,28,mujer,13,123,10.56910569105691
2024,70105,urbana,16,hombre,34,402,8.457711442786069
2024,70105,urbana,16,mujer,32,393,8.142493638676845
2024,70105,urbana,17,hombre,20,382,5.2356020942408374
2024,70105,urbana,17,mujer,34,378,8.994708994708995
2024,70105,urbana,18,hombre,31,369,8.401084010840108
2024,70105,urbana,18,mujer,31,343,9.037900874635568
2024,70105,urbana,19,hombre,33,335,9.850746268656716
2024,70105,urbana,19,mujer,36,338,10.650887573964496
2024,70105,urbana,20,hombre,26,321,8.09968847352025
2024,70105,urbana,20,mujer,40,331,12.084592145015106
2024,70105,urbana,21,hombre,29,300,9.666666666666666
2024,70105,urbana,21,mujer,33,295,11.186440677966102
2024,70105,urbana,22,hombre,24,300,8.0
2024,70105,urbana,22,mujer,63,354,17.796610169491526
2024,70105,urbana,23,hombre,33,370,8.91891891891892
2024,70105,urbana,23,mujer,41,381,10.761154855643044
2024,70105,urbana,24,hombre,44,409,10.75794621026895
2024,70105,urbana,24,mujer,42,346,12.138728323699421
2024,70105,urbana,25,hombre,44,355,12.394366197183098
2024,70105,urbana,25,mujer,34,350,9.714285714285714
2024,70105,urbana,26,hombre,31,372,8.333333333333334
2024,70105,urbana,26,mujer,41,405,10.123456790123457
2024,70105,urbana,27,hombre,26,353,7.36543909348442
2024,70105,urbana,27,mujer,52,377,13.793103448275861
2024,70105,urbana,28,hombre,41,366,11.202185792349727
2024,70105,urbana,28,mujer,31,398,7.788944723618091
2024,70201,rural,16,hombre,9,156,5.769230769230769
2024,70201,rural,16,mujer,10,149,6.7114093959731544
2024,70201,rural,17,hombre,15,162,9.25925925925926
2024,70201,rural,17,mujer,17,168,10.119047619047619
2024,70201,rural,18,hombre,13,121,10.743801652892563
2024,70201,rural,18,mujer,16,115,13.91304347826087
2024,70201,rural,19,hombre,20,142,14.084507042253522
2024,70201,rural,19,mujer,13,113,11.504424778761061
2024,70201,rural,20,hombre,16,122,13.114754098360656
2024,70201,rural,20,mujer,13,126,10.317460317460318
2024,70201,rural,21,hombre,19,125,15.2
2024,70201,rural,21,mujer,15,136,11.029411764705882
2024,70201,rural,22,hombre,10,136,7.352941176470588
2024,70201,rural,22,mujer,20,115,17.391304347826086
2024,70201,rural,23,hombre,27,143,18.88111888111888
2024,70201,rural,23,mujer,21,131,16.03053435114504
2024,70201,rural,24,hombre,22,151,14.56953642384106
2024,70201,rural,24,mujer,28,148,18.91891891891892
2024,70201,rural,25,hombre,18,153,11.764705882352942
2024,70201,rural,25,mujer,26,139,18.705035971223023
2024,70201,rural,26,hombre,18,150,12.0
2024,70201,rural,26,mujer,17,140,12.142857142857142
2024,70201,rural,27,hombre,17,125,13.6
2024,70201,rural,27,mujer,25,134,18.65671641791045
2024,70201,rural,28,hombre,23,163,14.110429447852761
2024,70201,rural,28,mujer,20,144,13.88888888888889
2024,70201,urbana,16,hombre,203,1315,15.437262357414449
2024,70201,urbana,16,mujer,212,1291,16.421378776142525
2024,70201,urbana,17,hombre,245,1341,18.269947800149144
2024,70201,urbana,17,mujer,219,1289,16.98991466252909
2024,70201,urbana,18,hombre,300,1374,21.83406113537118
2024,70201,urbana,18,mujer,248,1202,20.632279534109816
2024,70201,urbana,19,hombre,272,1183,22.992392223161453
2024,70201,urbana,19,mujer,256,1236,20.71197411003236
2024,70201,urbana,20,hombre,252,1218,20.689655172413794
2024,70201,urbana,20,mujer,253,1146,22.076788830715532
2024,70201,urbana,21,hombre,237,1171,20.239111870196414
2024,70201,urbana,21,mujer,226,1134,19.929453262786595
2024,70201,urbana,22,hombre,262,1176,22.27891156462585
2024,70201,urbana,22,mujer,253,1169,21.642429426860563
2024,70201,urbana,23,hombre,262,1267,20.67876874506709
2024,70201,urbana,23,mujer,245,1233,19.870235198702353
2024,70201,urbana,24,hombre,289,1294,22.333848531684698
2024,70201,urbana,24,mujer,276,1309,21.08479755538579
2024,70201,urbana,25,hombre,271,1144,23.68881118881119
2024,70201,urbana,25,mujer,287,1208,23.758278145695364
2024,70201,urbana,26,hombre,274,1153,23.76409366869037
2024,70201,urbana,26,mujer,298,1199,24.854045037531275
2024,70201,urbana,27,hombre,272,1204,22.591362126245848
2024,70201,urbana,27,mujer,282,1200,23.5
2024,70201,urbana,28,hombre,279,1127,24.755989352262645
2024,70201,urbana,28,mujer,284,1250,22.72
2024,70202,rural,16,hombre,2,36,5.555555555555555
2024,70202,rural,16,mujer,4,52,7.6923076923076925
2024,70202,rural,17,hombre,10,61,16.39344262295082
2024,70202,rural,17,mujer,8,55,14.545454545454545
2024,70202,rural,18,hombre,6,42,14.285714285714286
2024,70202,rural,18,mujer,9,42,21.428571428571427
2024,70202,rural,19,hombre,7,47,14.893617021276595
2024,70202,rural,19,mujer,1,35,2.857142857142857
2024,70202,rural,20,hombre,6,36,16.666666666666668
2024,70202,rural,20,mujer,4,35,11.428571428571429
2024,70202,rural,21,hombre,7,42,16.666666666666668
2024,70202,rural,21,mujer,8,41,19.51219512195122
2024,70202,rural,22,hombre,11,46,23.91304347826087
2024,70202,rural,22,mujer,4,38,10.526315789473685
2024,70202,rural,23,hombre,15,50,30.0
2024,70202,rural,23,mujer,10,40,25.0
2024,70202,rural,24,hombre,10,51,19.607843137254903
2024,70202,rural,24,mujer,6,33,18.181818181818183
2024,70202,rural,25,hombre,12,45,26.666666666666668
2024,70202,rural,25,mujer,8,42,19.047619047619047
2024,70202,rural,26,hombre,11,51,21.568627450980394
2024,70202,rural,26,mujer,7,48,14.583333333333334
2024,70202,rural,27,hombre,13,49,26.53061224489796
2024,70202,rural,27,mujer,8,36,22.22222222222222
2024,70202,rural,28,hombre,8,47,17.02127659574468
2024,70202,rural,28,mujer,8,30,26.666666666666668
2024,70202,urbana,16,hombre,2,55,3.6363636363636362
2024,70202,urbana,16,mujer,4,49,8.16326530612245
2024,70202,urbana,17,hombre,3,60,5.0
2024,70202,urbana,17,mujer,5,55,9.090909090909092
2024,70202,urbana,18,hombre,4,43,9.30232558139535
2024,70202,urbana,18,mujer,5,56,8.928571428571429
2024,70202,urbana,19,hombre,5,45,11.11111111111111
2024,70202,urbana,19,mujer,3,44,6.818181818181818
2024,70202,urbana,20,hombre,2,38,5.2631578947368425
2024,70202,urbana,20,mujer,7,41,17.073170731707318
2024,70202,urbana,21,hombre,3,44,6.818181818181818
2024,70202,urbana,21,mujer,3,35,8.571428571428571
2024,70202,urbana,22,hombre,4,36,11.11111111111111
2024,70202,urbana,22,mujer,7,40,17.5
2024,70202,urbana,23,hombre,6,39,15.384615384615385
2024,70202,urbana,23,mujer,2,44,4.545454545454546
2024,70202,urbana,24,hombre,11,62,17.741935483870968
2024,70202,urbana,24,mujer,11,53,20.754716981132077
2024,70202,urbana,25,hombre,6,27,22.22222222222222
2024,70202,urbana,25,mujer,3,54,5.555555555555555
2024,70202,urbana,26,hombre,4,34,11.764705882352942
2024,70202,urbana,26,mujer,11,52,21.153846153846153
2024,70202,urbana,27,hombre,7,36,19.444444444444443
2024,70202,urbana,27,mujer,7,40,17.5
2024,70202,urbana,28,hombre,8,39,20.512820512820515
2024,70202,urbana,28,mujer,9,43,20.930232558139537
2024,70301,rural,16,hombre,34,319,10.658307210031348
2024,70301,rural,16,mujer,27,293,9.215017064846416
2024,70301,rural,17,hombre,51,345,14.782608695652174
2024,70301,rural,17,mujer,26,250,10.4
2024,70301,rural,18,hombre,63,303,20.792079207920793
2024,70301,rural,18,mujer,42,275,15.272727272727273
2024,70301,rural,19,hombre,52,278,18.705035971223023
2024,70301,rural,19,mujer,41,268,15.298507462686567
2024,70301,rural,20,hombre,41,297,13.804713804713804
2024,70301,rural,20,mujer,44,250,17.6
2024,70301,rural,21,hombre,53,301,17.60797342192691
2024,70301,rural,21,mujer,51,277,18.411552346570396
2024,70301,rural,22,hombre,51,294,17.346938775510203
2024,70301,rural,22,mujer,54,303,17.821782178217823
2024,70301,rural,23,hombre,75,340,22.058823529411764
2024,70301,rural,23,mujer,54,311,17.363344051446944
2024,70301,rural,24,hombre,74,364,20.32967032967033
2024,70301,rural,24,mujer,56,287,19.51219512195122
2024,70301,rural,25,hombre,70,328,21.341463414634145
2024,70301,rural,25,mujer,50,286,17.482517482517483
2024,70301,rural,26,hombre,72,300,24.0
2024,70301,rural,26,mujer,58,287,20.209059233449477
2024,70301,rural,27,hombre,81,317,25.55205047318612
2024,70301,rural,27,mujer,49,241,20.33195020746888
2024,70301,rural,28,hombre,69,333,20.72072072072072
2024,70301,rural,28,mujer,49,256,19.140625
2024,70301,urbana,16,hombre,33,335,9.850746268656716
2024,70301,urbana,16,mujer,34,310,10.96774193548387
2024,70301,urbana,17,hombre,43,362,11.878453038674033
2024,70301,urbana,17,mujer,30,323,9.287925696594428
2024,70301,urbana,18,hombre,114,369,30.89430894308943
2024,70301,urbana,18,mujer,38,273,13.91941391941392
2024,70301,urbana,19,hombre,107,343,31.19533527696793
2024,70301,urbana,19,mujer,39,264,14.772727272727273
2024,70301,urbana,20,hombre,62,286,21.678321678321677
2024,70301,urbana,20,mujer,30,252,11.904761904761905
2024,70301,urbana,21,hombre,36,259,13.8996138996139
2024,70301,urbana,21,mujer,35,250,14.0
2024,70301,urbana,22,hombre,45,274,16.423357664233578
2024,70301,urbana,22,mujer,26,265,9.81132075471698
2024,70301,urbana,23,hombre,40,304,13.157894736842104
2024,70301,urbana,23,mujer,41,262,15.648854961832061
2024,70301,urbana,24,hombre,44,263,16.730038022813687
2024,70301,urbana,24,mujer,47,290,16.20689655172414
2024,70301,urbana,25,hombre,49,228,21.49122807017544
2024,70301,urbana,25,mujer,43,238,18.067226890756302
2024,70301,urbana,26,hombre,65,232,28.017241379310345
2024,70301,urbana,26,mujer,53,307,17.263843648208468
2024,70301,urbana,27,hombre,58,286,20.27972027972028
2024,70301,urbana,27,mujer,59,285,20.70175438596491
2024,70301,urbana,28,hombre,73,259,28.185328185328185
2024,70301,urbana,28,mujer,58,277,20.938628158844764
2024,70302,rural,16,hombre,15,62,24.193548387096776
2024,70302,rural,16,mujer,8,69,11.594202898550725
2024,70302,rural,17,hombre,14,64,21.875
2024,70302,rural,17,mujer,7,58,12.068965517241379
2024,70302,rural,18,hombre,13,69,18.840579710144926
2024,70302,rural,18,mujer,15,57,26.31578947368421
2024,70302,rural,19,hombre,18,66,27.272727272727273
2024,70302,rural,19,mujer,14,62,22.580645161290324
2024,70302,rural,20,hombre,14,77,18.181818181818183
2024,70302,rural,20,mujer,14,47,29.78723404255319
2024,70302,rural,21,hombre,17,76,22.36842105263158
2024,70302,rural,21,mujer,13,55,23.636363636363637
2024,70302,rural,22,hombre,19,75,25.333333333333332
2024,70302,rural,22,mujer,19,66,28.78787878787879
2024,70302,rural,23,hombre,23,95,24.210526315789473
2024,70302,rural,23,mujer,24,86,27.906976744186046
2024,70302,rural,24,hombre,32,101,31.683168316831683
2024,70302,rural,24,mujer,19,81,23.45679012345679
2024,70302,rural,25,hombre,25,99,25.252525252525253
2024,70302,rural,25,mujer,30,78,38.46153846153846
2024,70302,rural,26,hombre,30,110,27.272727272727273
2024,70302,rural,26,mujer,19,73,26.027397260273972
2024,70302,rural,27,hombre,29,105,27.61904761904762
2024,70302,rural,27,mujer,19,76,25.0
2024,70302,rural,28,hombre,34,112,30.357142857142858
2024,70302,rural,28,mujer,23,82,28.048780487804876
2024,70302,urbana,16,hombre,2,54,3.7037037037037037
2024,70302,urbana,16,mujer,6,72,8.333333333333334
2024,70302,urbana,17,hombre,3,61,4.918032786885246
2024,70302,urbana,17,mujer,4,63,6.349206349206349
2024,70302,urbana,18,hombre,1,38,2.6315789473684212
2024,70302,urbana,18,mujer,4,34,11.764705882352942
2024,70302,urbana,19,hombre,2,35,5.714285714285714
2024,70302,urbana,19,mujer,6,40,15.0
2024,70302,urbana,20,hombre,8,34,23.529411764705884
2024,70302,urbana,20,mujer,1,36,2.7777777777777777
2024,70302,urbana,21,hombre,0,28,0.0
2024,70302,urbana,21,mujer,1,33,3.0303030303030303
2024,70302,urbana,22,hombre,6,36,16.666666666666668
2024,70302,urbana,22,mujer,9,39,23.076923076923077
2024,70302,urbana,23,hombre,6,27,22.22222222222222
2024,70302,urbana,23,mujer,7,33,21.21212121212121
2024,70302,urbana,24,hombre,9,32,28.125
2024,70302,urbana,24,mujer,8,50,16.0
2024,70302,urbana,25,hombre,9,37,24.324324324324323
2024,70302,urbana,25,mujer,3,21,14.285714285714286
2024,70302,urbana,26,hombre,8,31,25.806451612903224
2024,70302,urbana,26,mujer,4,28,14.285714285714286
2024,70302,urbana,27,hombre,4,32,12.5
2024,70302,urbana,27,mujer,8,33,24.242424242424242
2024,70302,urbana,28,hombre,11,40,27.5
2024,70302,urbana,28,mujer,7,43,16.27906976744186
2024,70303,rural,16,hombre,12,47,25.53191489361702
2024,70303,rural,16,mujer,20,46,43.47826086956522
2024,70303,rural,17,hombre,16,46,34.78260869565217
2024,70303,rural,17,mujer,14,38,36.8421052631579
2024,70303,rural,18,hombre,18,38,47.36842105263158
2024,70303,rural,18,mujer,14,37,37.83783783783784
2024,70303,rural,19,hombre,23,50,46.0
2024,70303,rural,19,mujer,13,30,43.333333333333336
2024,70303,rural,20,hombre,12,38,31.57894736842105
2024,70303,rural,20,mujer,12,44,27.272727272727273
2024,70303,rural,21,hombre,16,45,35.55555555555556
2024,70303,rural,21,mujer,16,37,43.24324324324324
2024,70303,rural,22,hombre,18,45,40.0
2024,70303,rural,22,mujer,23,56,41.07142857142857
2024,70303,rural,23,hombre,18,58,31.03448275862069
2024,70303,rural,23,mujer,14,43,32.55813953488372
2024,70303,rural,24,hombre,35,82,42.68292682926829
2024,70303,rural,24,mujer,17,42,40.476190476190474
2024,70303,rural,25,hombre,21,71,29.577464788732396
2024,70303,rural,25,mujer,10,43,23.25581395348837
2024,70303,rural,26,hombre,25,62,40.32258064516129
2024,70303,rural,26,mujer,12,43,27.906976744186046
2024,70303,rural,27,hombre,19,68,27.941176470588236
2024,70303,rural,27,mujer,17,45,37.77777777777778
2024,70303,rural,28,hombre,19,75,25.333333333333332
2024,70303,rural,28,mujer,13,40,32.5
2024,70303,urbana,16,hombre,3,39,7.6923076923076925
2024,70303,urbana,16,mujer,1,19,5.2631578947368425
2024,70303,urbana,17,hombre,4,41,9.75609756097561
2024,70303,urbana,17,mujer,5,31,16.129032258064516
2024,70303,urbana,18,hombre,2,21,9.523809523809524
2024,70303,urbana,18,mujer,0,25,0.0
2024,70303,urbana,19,hombre,2,22,9.090909090909092
2024,70303,urbana,19,mujer,3,20,15.0
2024,70303,urbana,20,hombre,2,16,12.5
2024,70303,urbana,20,mujer,2,25,8.0
2024,70303,urbana,21,hombre,4,26,15.384615384615385
2024,70303,urbana,21,mujer,1,22,4.545454545454546
2024,70303,urbana,22,hombre,0,12,0.0
2024,70303,urbana,22,mujer,4,29,13.793103448275861
2024,70303,urbana,23,hombre,4,16,25.0
2024,70303,urbana,23,mujer,4,27,14.814814814814815
2024,70303,urbana,24,hombre,1,22,4.545454545454546
2024,70303,urbana,24,mujer,5,25,20.0
2024,70303,urbana,25,hombre,5,26,19.23076923076923
2024,70303,urbana,25,mujer,3,21,14.285714285714286
2024,70303,urbana,26,hombre,5,21,23.80952380952381
2024,70303,urbana,26,mujer,6,23,26.08695652173913
2024,70303,urbana,27,hombre,8,27,29.62962962962963
2024,70303,urbana,27,mujer,6,23,26.08695652173913
2024,70303,urbana,28,hombre,9,19,47.36842105263158
2024,70303,urbana,28,mujer,4,26,15.384615384615385
2024,70401,rural,16,hombre,7,72,9.722222222222221
2024,70401,rural,16,mujer,18,83,21.686746987951807
2024,70401,rural,17,hombre,17,75,22.666666666666668
2024,70401,rural,17,mujer,8,71,11.267605633802816
2024,70401,rural,18,hombre,10,69,14.492753623188406
2024,70401,rural,18,mujer,12,62,19.35483870967742
2024,70401,rural,19,hombre,9,61,14.754098360655737
2024,70401,rural,19,mujer,11,59,18.64406779661017
2024,70401,rural,20,hombre,7,49,14.285714285714286
2024,70401,rural,20,mujer,7,49,14.285714285714286
2024,70401,rural,21,hombre,8,43,18.6046511627907
2024,70401,rural,21,mujer,13,61,21.311475409836067
2024,70401,rural,22,hombre,12,60,20.0
2024,70401,rural,22,mujer,12,55,21.818181818181817
2024,70401,rural,23,hombre,12,65,18.46153846153846
2024,70401,rural,23,mujer,14,52,26.923076923076923
2024,70401,rural,24,hombre,15,73,20.54794520547945
2024,70401,rural,24,mujer,11,49,22.448979591836736
2024,70401,rural,25,hombre,10,46,21.73913043478261
2024,70401,rural,25,mujer,18,62,29.032258064516128
2024,70401,rural,26,hombre,13,74,17.56756756756757
2024,70401,rural,26,mujer,15,63,23.80952380952381
2024,70401,rural,27,hombre,19,73,26.027397260273972
2024,70401,rural,27,mujer,11,54,20.37037037037037
2024,70401,rural,28,hombre,16,65,24.615384615384617
2024,70401,rural,28,mujer,15,67,22.388059701492537
2024,70401,urbana,16,hombre,3,53,5.660377358490566
2024,70401,urbana,16,mujer,4,61,6.557377049180328
2024,70401,urbana,17,hombre,21,90,23.333333333333332
2024,70401,urbana,17,mujer,1,44,2.272727272727273
2024,70401,urbana,18,hombre,82,125,65.6
2024,70401,urbana,18,mujer,4,34,11.764705882352942
2024,70401,urbana,19,hombre,39,87,44.827586206896555
2024,70401,urbana,19,mujer,2,37,5.405405405405405
2024,70401,urbana,20,hombre,14,43,32.55813953488372
2024,70401,urbana,20,mujer,3,30,10.0
2024,70401,urbana,21,hombre,10,44,22.727272727272727
2024,70401,urbana,21,mujer,3,39,7.6923076923076925
2024,70401,urbana,22,hombre,9,52,17.307692307692307
2024,70401,urbana,22,mujer,7,50,14.0
2024,70401,urbana,23,hombre,15,64,23.4375
2024,70401,urbana,23,mujer,5,33,15.151515151515152
2024,70401,urbana,24,hombre,11,53,20.754716981132077
2024,70401,urbana,24,mujer,6,56,10.714285714285714
2024,70401,urbana,25,hombre,4,45,8.88888888888889
2024,70401,urbana,25,mujer,7,39,17.94871794871795
2024,70401,urbana,26,hombre,5,47,10.638297872340425
2024,70401,urbana,26,mujer,4,44,9.090909090909092
2024,70401,urbana,27,hombre,7,35,20.0
2024,70401,urbana,27,mujer,6,36,16.666666666666668
2024,70401,urbana,28,hombre,9,42,21.428571428571427
2024,70401,urbana,28,mujer,7,48,14.583333333333334
2024,70402,rural,16,hombre,14,68,20.58823529411765
2024,70402,rural,16,mujer,9,60,15.0
2024,70402,rural,17,hombre,7,58,12.068965517241379
2024,70402,rural,17,mujer,6,41,14.634146341463415
2024,70402,rural,18,hombre,9,53,16.9811320754717
2024,70402,rural,18,mujer,9,47,19.148936170212767
2024,70402,rural,19,hombre,4,39,10.256410256410257
2024,70402,rural,19,mujer,7,37,18.91891891891892
2024,70402,rural,20,hombre,14,64,21.875
2024,70402,rural,20,mujer,7,41,17.073170731707318
2024,70402,rural,21,hombre,8,40,20.0
2024,70402,rural,21,mujer,8,38,21.05263157894737
2024,70402,rural,22,hombre,9,45,20.0
2024,70402,rural,22,mujer,9,34,26.470588235294116
2024,70402,rural,23,hombre,11,48,22.916666666666668
2024,70402,rural,23,mujer,6,41,14.634146341463415
2024,70402,rural,24,hombre,7,46,15.217391304347826
2024,70402,rural,24,mujer,5,33,15.151515151515152
2024,70402,rural,25,hombre,11,65,16.923076923076923
2024,70402,rural,25,mujer,6,33,18.181818181818183
2024,70402,rural,26,hombre,7,55,12.727272727272727
2024,70402,rural,26,mujer,9,45,20.0
2024,70402,rural,27,hombre,13,55,23.636363636363637
2024,70402,rural,27,mujer,14,47,29.78723404255319
2024,70402,rural,28,hombre,10,38,26.31578947368421
2024,70402,rural,28,mujer,9,42,21.428571428571427
2024,70402,urbana,16,hombre,10,122,8.19672131147541
2024,70402,urbana,16,mujer,11,135,8.148148148148149
2024,70402,urbana,17,hombre,12,114,10.526315789473685
2024,70402,urbana,17,mujer,14,127,11.023622047244094
2024,70402,urbana,18,hombre,17,103,16.50485436893204
2024,70402,urbana,18,mujer,18,122,14.754098360655737
2024,70402,urbana,19,hombre,14,106,13.20754716981132
2024,70402,urbana,19,mujer,22,114,19.29824561403509
2024,70402,urbana,20,hombre,13,87,14.942528735632184
2024,70402,urbana,20,mujer,16,101,15.841584158415841
2024,70402,urbana,21,hombre,14,81,17.28395061728395
2024,70402,urbana,21,mujer,14,90,15.555555555555555
2024,70402,urbana,22,hombre,19,98,19.387755102040817
2024,70402,urbana,22,mujer,14,96,14.583333333333334
2024,70402,urbana,23,hombre,16,91,17.582417582417584
2024,70402,urbana,23,mujer,17,101,16.831683168316832
2024,70402,urbana,24,hombre,13,111,11.711711711711711
2024,70402,urbana,24,mujer,24,133,18.045112781954888
2024,70402,urbana,25,hombre,15,98,15.306122448979592
2024,70402,urbana,25,mujer,16,126,12.698412698412698
2024,70402,urbana,26,hombre,17,95,17.894736842105264
2024,70402,urbana,26,mujer,22,131,16.793893129770993
2024,70402,urbana,27,hombre,16,113,14.15929203539823
2024,70402,urbana,27,mujer,13,113,11.504424778761061
2024,70402,urbana,28,hombre,10,111,9.00900900900901
2024,70402,urbana,28,mujer,24,108,22.22222222222222
2024,70403,rural,16,hombre,26,155,16.774193548387096
2024,70403,rural,16,mujer,19,137,13.86861313868613
2024,70403,rural,17,hombre,33,168,19.642857142857142
2024,70403,rural,17,mujer,15,119,12.605042016806722
2024,70403,rural,18,hombre,103,237,43.459915611814345
2024,70403,rural,18,mujer,19,118,16.10169491525424
2024,70403,rural,19,hombre,134,243,55.1440329218107
2024,70403,rural,19,mujer,22,103,21.359223300970875
2024,70403,rural,20,hombre,89,213,41.78403755868545
2024,70403,rural,20,mujer,36,125,28.8
2024,70403,rural,21,hombre,96,263,36.50190114068441
2024,70403,rural,21,mujer,24,115,20.869565217391305
2024,70403,rural,22,hombre,66,184,35.869565217391305
2024,70403,rural,22,mujer,24,120,20.0
2024,70403,rural,23,hombre,79,258,30.62015503875969
2024,70403,rural,23,mujer,33,162,20.37037037037037
2024,70403,rural,24,hombre,56,265,21.132075471698112
2024,70403,rural,24,mujer,39,174,22.413793103448278
2024,70403,rural,25,hombre,61,231,26.406926406926406
2024,70403,rural,25,mujer,27,151,17.880794701986755
2024,70403,rural,26,hombre,60,273,21.978021978021978
2024,70403,rural,26,mujer,31,160,19.375
2024,70403,rural,27,hombre,65,251,25.89641434262948
2024,70403,rural,27,mujer,20,174,11.494252873563218
2024,70403,rural,28,hombre,65,243,26.74897119341564
2024,70403,rural,28,mujer,29,168,17.261904761904763
2024,70403,urbana,16,hombre,36,357,10.084033613445378
2024,70403,urbana,16,mujer,33,343,9.620991253644315
2024,70403,urbana,17,hombre,37,372,9.946236559139784
2024,70403,urbana,17,mujer,51,386,13.212435233160623
2024,70403,urbana,18,hombre,31,290,10.689655172413794
2024,70403,urbana,18,mujer,46,349,13.180515759312321
2024,70403,urbana,19,hombre,41,286,14.335664335664335
2024,70403,urbana,19,mujer,54,342,15.789473684210526
2024,70403,urbana,20,hombre,51,295,17.28813559322034
2024,70403,urbana,20,mujer,45,329,13.677811550151976
2024,70403,urbana,21,hombre,36,282,12.76595744680851
2024,70403,urbana,21,mujer,47,325,14.461538461538462
2024,70403,urbana,22,hombre,41,267,15.355805243445692
2024,70403,urbana,22,mujer,44,291,15.120274914089347
2024,70403,urbana,23,hombre,58,354,16.384180790960453
2024,70403,urbana,23,mujer,62,367,16.893732970027248
2024,70403,urbana,24,hombre,51,345,14.782608695652174
2024,70403,urbana,24,mujer,54,381,14.173228346456693
2024,70403,urbana,25,hombre,53,324,16.358024691358025
2024,70403,urbana,25,mujer,47,337,13.946587537091988
2024,70403,urbana,26,hombre,51,346,14.739884393063583
2024,70403,urbana,26,mujer,47,340,13.823529411764707
2024,70403,urbana,27,hombre,42,309,13.592233009708737
2024,70403,urbana,27,mujer,53,339,15.634218289085545
2024,70403,urbana,28,hombre,42,317,13.249211356466876
2024,70403,urbana,28,mujer,55,380,14.473684210526315
2024,70404,rural,16,hombre,4,44,9.090909090909092
2024,70404,rural,16,mujer,3,30,10.0
2024,70404,rural,17,hombre,0,32,0.0
2024,70404,rural,17,mujer,9,39,23.076923076923077
2024,70404,rural,18,hombre,7,42,16.666666666666668
2024,70404,rural,18,mujer,4,23,17.391304347826086
2024,70404,rural,19,hombre,7,36,19.444444444444443
2024,70404,rural,19,mujer,4,25,16.0
2024,70404,rural,20,hombre,9,41,21.951219512195124
2024,70404,rural,20,mujer,8,35,22.857142857142858
2024,70404,rural,21,hombre,2,22,9.090909090909092
2024,70404,rural,21,mujer,7,25,28.0
2024,70404,rural,22,hombre,9,38,23.68421052631579
2024,70404,rural,22,mujer,3,18,16.666666666666668
2024,70404,rural,23,hombre,10,36,27.77777777777778
2024,70404,rural,23,mujer,4,23,17.391304347826086
2024,70404,rural,24,hombre,15,43,34.883720930232556
2024,70404,rural,24,mujer,8,35,22.857142857142858
2024,70404,rural,25,hombre,7,36,19.444444444444443
2024,70404,rural,25,mujer,6,21,28.571428571428573
2024,70404,rural,26,hombre,7,35,20.0
2024,70404,rural,26,mujer,7,24,29.166666666666668
2024,70404,rural,27,hombre,5,32,15.625
2024,70404,rural,27,mujer,8,39,20.512820512820515
2024,70404,rural,28,hombre,14,49,28.571428571428573
2024,70404,rural,28,mujer,8,30,26.666666666666668
2024,70404,urbana,16,hombre,2,50,4.0
2024,70404,urbana,16,mujer,5,60,8.333333333333334
2024,70404,urbana,17,hombre,5,66,7.575757575757576
2024,70404,urbana,17,mujer,4,64,6.25
2024,70404,urbana,18,hombre,4,57,7.017543859649122
2024,70404,urbana,18,mujer,3,60,5.0
2024,70404,urbana,19,hombre,7,51,13.72549019607843
2024,70404,urbana,19,mujer,4,58,6.896551724137931
2024,70404,urbana,20,hombre,4,66,6.0606060606060606
2024,70404,urbana,20,mujer,3,66,4.545454545454546
2024,70404,urbana,21,hombre,2,46,4.3478260869565215
2024,70404,urbana,21,mujer,3,48,6.25
2024,70404,urbana,22,hombre,5,39,12.820512820512821
2024,70404,urbana,22,mujer,1,46,2.1739130434782608
2024,70404,urbana,23,hombre,6,54,11.11111111111111
2024,70404,urbana,23,mujer,6,51,11.764705882352942
2024,70404,urbana,24,hombre,10,58,17.24137931034483
2024,70404,urbana,24,mujer,4,52,7.6923076923076925
2024,70404,urbana,25,hombre,7,62,11.290322580645162
2024,70404,urbana,25,mujer,4,44,9.090909090909092
2024,70404,urbana,26,hombre,3,42,7.142857142857143
2024,70404,urbana,26,mujer,8,39,20.512820512820515
2024,70404,urbana,27,hombre,5,41,12.195121951219512
2024,70404,urbana,27,mujer,9,51,17.647058823529413
2024,70404,urbana,28,hombre,5,46,10.869565217391305
2024,70404,urbana,28,mujer,8,52,15.384615384615385
2024,70501,rural,16,hombre,26,228,11.403508771929825
2024,70501,rural,16,mujer,21,233,9.012875536480687
2024,70501,rural,17,hombre,33,259,12.741312741312742
2024,70501,rural,17,mujer,23,214,10.74766355140187
2024,70501,rural,18,hombre,43,248,17.338709677419356
2024,70501,rural,18,mujer,32,225,14.222222222222221
2024,70501,rural,19,hombre,36,231,15.584415584415584
2024,70501,rural,19,mujer,38,209,18.181818181818183
2024,70501,rural,20,hombre,49,245,20.0
2024,70501,rural,20,mujer,27,194,13.917525773195877
2024,70501,rural,21,hombre,61,252,24.206349206349206
2024,70501,rural,21,mujer,32,215,14.883720930232558
2024,70501,rural,22,hombre,52,218,23.853211009174313
2024,70501,rural,22,mujer,40,212,18.867924528301888
2024,70501,rural,23,hombre,67,290,23.103448275862068
2024,70501,rural,23,mujer,36,227,15.859030837004406
2024,70501,rural,24,hombre,66,262,25.19083969465649
2024,70501,rural,24,mujer,40,226,17.699115044247787
2024,70501,rural,25,hombre,65,258,25.1937984496124
2024,70501,rural,25,mujer,35,203,17.24137931034483
2024,70501,rural,26,hombre,63,267,23.59550561797753
2024,70501,rural,26,mujer,31,185,16.756756756756758
2024,70501,rural,27,hombre,58,232,25.0
2024,70501,rural,27,mujer,39,203,19.211822660098523
2024,70501,rural,28,hombre,55,252,21.825396825396826
2024,70501,rural,28,mujer,44,197,22.33502538071066
2024,70501,urbana,16,hombre,16,134,11.940298507462687
2024,70501,urbana,16,mujer,9,117,7.6923076923076925
2024,70501,urbana,17,hombre,33,150,22.0
2024,70501,urbana,17,mujer,20,130,15.384615384615385
2024,70501,urbana,18,hombre,100,182,54.94505494505494
2024,70501,urbana,18,mujer,15,115,13.043478260869565
2024,70501,urbana,19,hombre,43,141,30.49645390070922
2024,70501,urbana,19,mujer,12,93,12.903225806451612
2024,70501,urbana,20,hombre,26,98,26.53061224489796
2024,70501,urbana,20,mujer,10,97,10.309278350515465
2024,70501,urbana,21,hombre,23,126,18.253968253968253
2024,70501,urbana,21,mujer,11,88,12.5
2024,70501,urbana,22,hombre,18,82,21.951219512195124
2024,70501,urbana,22,mujer,9,84,10.714285714285714
2024,70501,urbana,23,hombre,20,93,21.50537634408602
2024,70501,urbana,23,mujer,17,90,18.88888888888889
2024,70501,urbana,24,hombre,18,102,17.647058823529413
2024,70501,urbana,24,mujer,14,79,17.72151898734177
2024,70501,urbana,25,hombre,18,97,18.556701030927837
2024,70501,urbana,25,mujer,18,107,16.822429906542055
2024,70501,urbana,26,hombre,19,103,18.446601941747574
2024,70501,urbana,26,mujer,22,93,23.655913978494624
2024,70501,urbana,27,hombre,14,92,15.217391304347826
2024,70501,urbana,27,mujer,16,91,17.582417582417584
2024,70501,urbana,28,hombre,18,85,21.176470588235293
2024,70501,urbana,28,mujer,24,94,25.53191489361702
2024,70502,rural,16,hombre,24,346,6.936416184971098
2024,70502,rural,16,mujer,21,302,6.953642384105961
2024,70502,rural,17,hombre,45,356,12.640449438202246
2024,70502,rural,17,mujer,27,316,8.544303797468354
2024,70502,rural,18,hombre,27,344,7.848837209302325
2024,70502,rural,18,mujer,35,319,10.9717868338558
2024,70502,rural,19,hombre,41,331,12.386706948640484
2024,70502,rural,19,mujer,35,299,11.705685618729097
2024,70502,rural,20,hombre,38,336,11.30952380952381
2024,70502,rural,20,mujer,29,310,9.35483870967742
2024,70502,rural,21,hombre,31,358,8.659217877094973
2024,70502,rural,21,mujer,33,296,11.14864864864865
2024,70502,rural,22,hombre,61,369,16.531165311653115
2024,70502,rural,22,mujer,42,294,14.285714285714286
2024,70502,rural,23,hombre,72,397,18.1360201511335
2024,70502,rural,23,mujer,48,346,13.872832369942197
2024,70502,rural,24,hombre,61,370,16.486486486486488
2024,70502,rural,24,mujer,45,353,12.747875354107649
2024,70502,rural,25,hombre,76,393,19.338422391857506
2024,70502,rural,25,mujer,49,307,15.960912052117264
2024,70502,rural,26,hombre,65,367,17.71117166212534
2024,70502,rural,26,mujer,33,304,10.855263157894736
2024,70502,rural,27,hombre,61,350,17.428571428571427
2024,70502,rural,27,mujer,39,285,13.68421052631579
2024,70502,rural,28,hombre,62,348,17.816091954022987
2024,70502,rural,28,mujer,22,287,7.665505226480836
2024,70502,urbana,16,hombre,17,152,11.18421052631579
2024,70502,urbana,16,mujer,19,172,11.046511627906977
2024,70502,urbana,17,hombre,12,169,7.100591715976331
2024,70502,urbana,17,mujer,21,168,12.5
2024,70502,urbana,18,hombre,15,146,10.273972602739725
2024,70502,urbana,18,mujer,23,173,13.294797687861271
2024,70502,urbana,19,hombre,19,118,16.10169491525424
2024,70502,urbana,19,mujer,23,133,17.293233082706767
2024,70502,urbana,20,hombre,29,136,21.323529411764707
2024,70502,urbana,20,mujer,20,147,13.605442176870747
2024,70502,urbana,21,hombre,23,154,14.935064935064934
2024,70502,urbana,21,mujer,17,121,14.049586776859504
2024,70502,urbana,22,hombre,22,136,16.176470588235293
2024,70502,urbana,22,mujer,17,147,11.564625850340136
2024,70502,urbana,23,hombre,26,154,16.883116883116884
2024,70502,urbana,23,mujer,28,176,15.909090909090908
2024,70502,urbana,24,hombre,33,142,23.239436619718308
2024,70502,urbana,24,mujer,25,167,14.970059880239521
2024,70502,urbana,25,hombre,29,148,19.594594594594593
2024,70502,urbana,25,mujer,20,153,13.071895424836601
2024,70502,urbana,26,hombre,19,148,12.837837837837839
2024,70502,urbana,26,mujer,27,154,17.532467532467532
2024,70502,urbana,27,hombre,30,149,20.13422818791946
2024,70502,urbana,27,mujer,21,170,12.352941176470589
2024,70502,urbana,28,hombre,26,159,16.352201257861637
2024,70502,urbana,28,mujer,26,155,16.774193548387096
2024,70503,rural,16,hombre,11,51,21.568627450980394
2024,70503,rural,16,mujer,4,47,8.51063829787234
2024,70503,rural,17,hombre,32,82,39.02439024390244
2024,70503,rural,17,mujer,7,53,13.20754716981132
2024,70503,rural,18,hombre,116,151,76.82119205298014
2024,70503,rural,18,mujer,4,39,10.256410256410257
2024,70503,rural,19,hombre,78,114,68.42105263157895
2024,70503,rural,19,mujer,7,33,21.21212121212121
2024,70503,rural,20,hombre,33,62,53.225806451612904
2024,70503,rural,20,mujer,2,26,7.6923076923076925
2024,70503,rural,21,hombre,17,48,35.416666666666664
2024,70503,rural,21,mujer,10,40,25.0
2024,70503,rural,22,hombre,13,33,39.39393939393939
2024,70503,rural,22,mujer,15,43,34.883720930232556
2024,70503,rural,23,hombre,17,53,32.075471698113205
2024,70503,rural,23,mujer,8,32,25.0
2024,70503,rural,24,hombre,20,63,31.746031746031747
2024,70503,rural,24,mujer,11,42,26.19047619047619
2024,70503,rural,25,hombre,14,47,29.78723404255319
2024,70503,rural,25,mujer,9,40,22.5
2024,70503,rural,26,hombre,19,54,35.18518518518518
2024,70503,rural,26,mujer,9,45,20.0
2024,70503,rural,27,hombre,9,42,21.428571428571427
2024,70503,rural,27,mujer,13,57,22.80701754385965
2024,70503,rural,28,hombre,15,43,34.883720930232556
2024,70503,rural,28,mujer,12,42,28.571428571428573
2024,70503,urbana,16,hombre,7,111,6.306306306306307
2024,70503,urbana,16,mujer,10,96,10.416666666666666
2024,70503,urbana,17,hombre,105,207,50.72463768115942
2024,70503,urbana,17,mujer,9,103,8.737864077669903
2024,70503,urbana,18,hombre,220,294,74.82993197278911
2024,70503,urbana,18,mujer,9,84,10.714285714285714
2024,70503,urbana,19,hombre,127,181,70.1657458563536
2024,70503,urbana,19,mujer,13,73,17.80821917808219
2024,70503,urbana,20,hombre,63,133,47.36842105263158
2024,70503,urbana,20,mujer,7,77,9.090909090909092
2024,70503,urbana,21,hombre,24,81,29.62962962962963
2024,70503,urbana,21,mujer,14,67,20.895522388059703
2024,70503,urbana,22,hombre,19,79,24.050632911392405
2024,70503,urbana,22,mujer,12,76,15.789473684210526
2024,70503,urbana,23,hombre,15,80,18.75
2024,70503,urbana,23,mujer,14,80,17.5
2024,70503,urbana,24,hombre,13,76,17.105263157894736
2024,70503,urbana,24,mujer,22,101,21.782178217821784
2024,70503,urbana,25,hombre,16,83,19.27710843373494
2024,70503,urbana,25,mujer,19,68,27.941176470588236
2024,70503,urbana,26,hombre,13,69,18.840579710144926
2024,70503,urbana,26,mujer,17,76,22.36842105263158
2024,70503,urbana,27,hombre,20,78,25.641025641025642
2024,70503,urbana,27,mujer,11,89,12.359550561797754
2024,70503,urbana,28,hombre,24,86,27.906976744186046
2024,70503,urbana,28,mujer,22,106,20.754716981132077
2024,70601,rural,16,hombre,5,37,13.513513513513514
2024,70601,rural,16,mujer,6,30,20.0
2024,70601,rural,17,hombre,5,32,15.625
2024,70601,rural,17,mujer,5,35,14.285714285714286
2024,70601,rural,18,hombre,3,39,7.6923076923076925
2024,70601,rural,18,mujer,8,32,25.0
2024,70601,rural,19,hombre,3,23,13.043478260869565
2024,70601,rural,19,mujer,2,26,7.6923076923076925
2024,70601,rural,20,hombre,3,25,12.0
2024,70601,rural,20,mujer,3,21,14.285714285714286
2024,70601,rural,21,hombre,7,34,20.58823529411765
2024,70601,rural,21,mujer,8,23,34.78260869565217
2024,70601,rural,22,hombre,10,29,34.48275862068966
2024,70601,rural,22,mujer,7,23,30.434782608695652
2024,70601,rural,23,hombre,9,33,27.272727272727273
2024,70601,rural,23,mujer,8,39,20.512820512820515
2024,70601,rural,24,hombre,10,48,20.833333333333332
2024,70601,rural,24,mujer,11,39,28.205128205128204
2024,70601,rural,25,hombre,17,42,40.476190476190474
2024,70601,rural,25,mujer,11,39,28.205128205128204
2024,70601,rural,26,hombre,5,22,22.727272727272727
2024,70601,rural,26,mujer,5,22,22.727272727272727
2024,70601,rural,27,hombre,11,35,31.428571428571427
2024,70601,rural,27,mujer,6,27,22.22222222222222
2024,70601,rural,28,hombre,9,27,33.333333333333336
2024,70601,rural,28,mujer,6,30,20.0
2024,70601,urbana,16,hombre,17,167,10.179640718562874
2024,70601,urbana,16,mujer,12,140,8.571428571428571
2024,70601,urbana,17,hombre,6,135,4.444444444444445
2024,70601,urbana,17,mujer,12,160,7.5
2024,70601,urbana,18,hombre,9,135,6.666666666666667
2024,70601,urbana,18,mujer,14,128,10.9375
2024,70601,urbana,19,hombre,5,115,4.3478260869565215
2024,70601,urbana,19,mujer,12,120,10.0
2024,70601,urbana,20,hombre,11,118,9.322033898305085
2024,70601,urbana,20,mujer,13,110,11.818181818181818
2024,70601,urbana,21,hombre,10,114,8.771929824561404
2024,70601,urbana,21,mujer,13,120,10.833333333333334
2024,70601,urbana,22,hombre,12,137,8.75912408759124
2024,70601,urbana,22,mujer,17,129,13.178294573643411
2024,70601,urbana,23,hombre,14,152,9.210526315789474
2024,70601,urbana,23,mujer,19,161,11.801242236024844
2024,70601,urbana,24,hombre,19,159,11.949685534591195
2024,70601,urbana,24,mujer,28,173,16.184971098265898
2024,70601,urbana,25,hombre,13,112,11.607142857142858
2024,70601,urbana,25,mujer,14,137,10.218978102189782
2024,70601,urbana,26,hombre,17,131,12.977099236641221
2024,70601,urbana,26,mujer,12,140,8.571428571428571
2024,70601,urbana,27,hombre,16,136,11.764705882352942
2024,70601,urbana,27,mujer,11,125,8.8
2024,70601,urbana,28,hombre,17,141,12.056737588652481
2024,70601,urbana,28,mujer,23,138,16.666666666666668
2024,70602,rural,16,hombre,16,122,13.114754098360656
2024,70602,rural,16,mujer,16,117,13.675213675213675
2024,70602,rural,17,hombre,20,123,16.260162601626018
2024,70602,rural,17,mujer,17,95,17.894736842105264
2024,70602,rural,18,hombre,21,112,18.75
2024,70602,rural,18,mujer,19,108,17.59259259259259
2024,70602,rural,19,hombre,21,92,22.82608695652174
2024,70602,rural,19,mujer,21,92,22.82608695652174
2024,70602,rural,20,hombre,19,107,17.757009345794394
2024,70602,rural,20,mujer,21,88,23.863636363636363
2024,70602,rural,21,hombre,17,93,18.27956989247312
2024,70602,rural,21,mujer,18,95,18.94736842105263
2024,70602,rural,22,hombre,22,109,20.18348623853211
2024,70602,rural,22,mujer,22,93,23.655913978494624
2024,70602,rural,23,hombre,23,130,17.692307692307693
2024,70602,rural,23,mujer,21,97,21.649484536082475
2024,70602,rural,24,hombre,35,123,28.45528455284553
2024,70602,rural,24,mujer,28,110,25.454545454545453
2024,70602,rural,25,hombre,35,146,23.972602739726028
2024,70602,rural,25,mujer,17,91,18.681318681318682
2024,70602,rural,26,hombre,35,120,29.166666666666668
2024,70602,rural,26,mujer,30,112,26.785714285714285
2024,70602,rural,27,hombre,29,120,24.166666666666668
2024,70602,rural,27,mujer,19,93,20.43010752688172
2024,70602,rural,28,hombre,28,112,25.0
2024,70602,rural,28,mujer,23,95,24.210526315789473
2024,70602,urbana,16,hombre,4,64,6.25
2024,70602,urbana,16,mujer,7,64,10.9375
2024,70602,urbana,17,hombre,3,52,5.769230769230769
2024,70602,urbana,17,mujer,7,48,14.583333333333334
2024,70602,urbana,18,hombre,4,42,9.523809523809524
2024,70602,urbana,18,mujer,2,43,4.651162790697675
2024,70602,urbana,19,hombre,1,36,2.7777777777777777
2024,70602,urbana,19,mujer,4,41,9.75609756097561
2024,70602,urbana,20,hombre,5,32,15.625
2024,70602,urbana,20,mujer,2,32,6.25
2024,70602,urbana,21,hombre,3,37,8.108108108108109
2024,70602,urbana,21,mujer,5,36,13.88888888888889
2024,70602,urbana,22,hombre,4,27,14.814814814814815
2024,70602,urbana,22,mujer,3,35,8.571428571428571
2024,70602,urbana,23,hombre,6,40,15.0
2024,70602,urbana,23,mujer,8,41,19.51219512195122
2024,70602,urbana,24,hombre,1,36,2.7777777777777777
2024,70602,urbana,24,mujer,7,44,15.909090909090908
2024,70602,urbana,25,hombre,8,41,19.51219512195122
2024,70602,urbana,25,mujer,5,41,12.195121951219512
2024,70602,urbana,26,hombre,4,32,12.5
2024,70602,urbana,26,mujer,5,25,20.0
2024,70602,urbana,27,hombre,1,27,3.7037037037037037
2024,70602,urbana,27,mujer,1,37,2.7027027027027026
2024,70602,urbana,28,hombre,5,42,11.904761904761905
2024,70602,urbana,28,mujer,2,35,5.714285714285714
2024,70603,rural,16,hombre,5,8,62.5
2024,70603,rural,16,mujer,1,5,20.0
2024,70603,rural,17,hombre,5,9,55.55555555555556
2024,70603,rural,17,mujer,3,7,42.857142857142854
2024,70603,rural,18,hombre,2,7,28.571428571428573
2024,70603,rural,18,mujer,4,6,66.66666666666667
2024,70603,rural,19,hombre,1,8,12.5
2024,70603,rural,19,mujer,1,3,33.333333333333336
2024,70603,rural,20,hombre,5,10,50.0
2024,70603,rural,20,mujer,7,11,63.63636363636363
2024,70603,rural,21,hombre,2,5,40.0
2024,70603,rural,21,mujer,0,3,0.0
2024,70603,rural,22,hombre,1,5,20.0
2024,70603,rural,22,mujer,4,5,80.0
2024,70603,rural,23,hombre,2,4,50.0
2024,70603,rural,23,mujer,7,11,63.63636363636363
2024,70603,rural,24,hombre,3,6,50.0
2024,70603,rural,24,mujer,4,12,33.333333333333336
2024,70603,rural,25,hombre,5,12,41.666666666666664
2024,70603,rural,25,mujer,2,3,66.66666666666667
2024,70603,rural,26,hombre,7,11,63.63636363636363
2024,70603,rural,26,mujer,2,7,28.571428571428573
2024,70603,rural,27,hombre,2,4,50.0
2024,70603,rural,27,mujer,7,11,63.63636363636363
2024,70603,rural,28,hombre,6,11,54.54545454545455
2024,70603,rural,28,mujer,2,4,50.0
2024,70603,urbana,16,hombre,6,53,11.320754716981131
2024,70603,urbana,16,mujer,1,38,2.6315789473684212
2024,70603,urbana,17,hombre,10,46,21.73913043478261
2024,70603,urbana,17,mujer,2,47,4.25531914893617
2024,70603,urbana,18,hombre,2,38,5.2631578947368425
2024,70603,urbana,18,mujer,5,57,8.771929824561404
2024,70603,urbana,19,hombre,7,55,12.727272727272727
2024,70603,urbana,19,mujer,5,39,12.820512820512821
2024,70603,urbana,20,hombre,1,49,2.0408163265306123
2024,70603,urbana,20,mujer,4,42,9.523809523809524
2024,70603,urbana,21,hombre,4,31,12.903225806451612
2024,70603,urbana,21,mujer,3,44,6.818181818181818
2024,70603,urbana,22,hombre,4,40,10.0
2024,70603,urbana,22,mujer,4,39,10.256410256410257
2024,70603,urbana,23,hombre,6,50,12.0
2024,70603,urbana,23,mujer,1,35,2.857142857142857
2024,70603,urbana,24,hombre,4,47,8.51063829787234
2024,70603,urbana,24,mujer,6,28,21.428571428571427
2024,70603,urbana,25,hombre,6,30,20.0
2024,70603,urbana,25,mujer,5,43,11.627906976744185
2024,70603,urbana,26,hombre,7,46,15.217391304347826
2024,70603,urbana,26,mujer,6,51,11.764705882352942
2024,70603,urbana,27,hombre,4,27,14.814814814814815
2024,70603,urbana,27,mujer,7,49,14.285714285714286
2024,70603,urbana,28,hombre,5,53,9.433962264150944
2024,70603,urbana,28,mujer,9,49,18.367346938775512
2024,70701,rural,16,hombre,5,68,7.352941176470588
2024,70701,rural,16,mujer,4,44,9.090909090909092
2024,70701,rural,17,hombre,2,56,3.5714285714285716
2024,70701,rural,17,mujer,3,49,6.122448979591836
2024,70701,rural,18,hombre,4,45,8.88888888888889
2024,70701,rural,18,mujer,4,60,6.666666666666667
2024,70701,rural,19,hombre,1,47,2.127659574468085
2024,70701,rural,19,mujer,5,44,11.363636363636363
2024,70701,rural,20,hombre,6,30,20.0
2024,70701,rural,20,mujer,2,38,5.2631578947368425
2024,70701,rural,21,hombre,2,47,4.25531914893617
2024,70701,rural,21,mujer,4,48,8.333333333333334
2024,70701,rural,22,hombre,2,38,5.2631578947368425
2024,70701,rural,22,mujer,8,45,17.77777777777778
2024,70701,rural,23,hombre,3,37,8.108108108108109
2024,70701,rural,23,mujer,4,40,10.0
2024,70701,rural,24,hombre,13,53,24.528301886792452
2024,70701,rural,24,mujer,8,37,21.62162162162162
2024,70701,rural,25,hombre,9,45,20.0
2024,70701,rural,25,mujer,9,48,18.75
2024,70701,rural,26,hombre,9,44,20.454545454545453
2024,70701,rural,26,mujer,6,54,11.11111111111111
2024,70701,rural,27,hombre,7,42,16.666666666666668
2024,70701,rural,27,mujer,7,46,15.217391304347826
2024,70701,rural,28,hombre,7,52,13.461538461538462
2024,70701,rural,28,mujer,10,40,25.0
2024,70702,rural,16,hombre,14,302,4.635761589403973
2024,70702,rural,16,mujer,12,309,3.883495145631068
2024,70702,rural,17,hombre,22,331,6.646525679758308
2024,70702,rural,17,mujer,24,333,7.207207207207207
2024,70702,rural,18,hombre,50,323,15.479876160990711
2024,70702,rural,18,mujer,26,284,9.154929577464788
2024,70702,rural,19,hombre,40,289,13.84083044982699
2024,70702,rural,19,mujer,12,265,4.528301886792453
2024,70702,rural,20,hombre,16,278,5.755395683453237
2024,70702,rural,20,mujer,20,281,7.117437722419929
2024,70702,rural,21,hombre,21,266,7.894736842105263
2024,70702,rural,21,mujer,20,301,6.644518272425249
2024,70702,rural,22,hombre,26,326,7.975460122699387
2024,70702,rural,22,mujer,19,271,7.011070110701107
2024,70702,rural,23,hombre,26,299,8.695652173913043
2024,70702,rural,23,mujer,13,273,4.761904761904762
2024,70702,rural,24,hombre,26,308,8.441558441558442
2024,70702,rural,24,mujer,25,274,9.124087591240876
2024,70702,rural,25,hombre,27,255,10.588235294117647
2024,70702,rural,25,mujer,12,230,5.217391304347826
2024,70702,rural,26,hombre,42,282,14.893617021276595
2024,70702,rural,26,mujer,23,226,10.176991150442477
2024,70702,rural,27,hombre,29,264,10.984848484848484
2024,70702,rural,27,mujer,22,222,9.90990990990991
2024,70702,rural,28,hombre,22,242,9.090909090909092
2024,70702,rural,28,mujer,31,244,12.704918032786885
2024,70702,urbana,16,hombre,5,53,9.433962264150944
2024,70702,urbana,16,mujer,6,53,11.320754716981131
2024,70702,urbana,17,hombre,26,83,31.325301204819276
2024,70702,urbana,17,mujer,7,59,11.864406779661017
2024,70702,urbana,18,hombre,92,153,60.130718954248366
2024,70702,urbana,18,mujer,6,56,10.714285714285714
2024,70702,urbana,19,hombre,50,93,53.763440860215056
2024,70702,urbana,19,mujer,4,37,10.81081081081081
2024,70702,urbana,20,hombre,12,55,21.818181818181817
2024,70702,urbana,20,mujer,6,47,12.76595744680851
2024,70702,urbana,21,hombre,14,43,32.55813953488372
2024,70702,urbana,21,mujer,6,41,14.634146341463415
2024,70702,urbana,22,hombre,5,42,11.904761904761905
2024,70702,urbana,22,mujer,8,53,15.09433962264151
2024,70702,urbana,23,hombre,9,48,18.75
2024,70702,urbana,23,mujer,9,49,18.367346938775512
2024,70702,urbana,24,hombre,6,39,15.384615384615385
2024,70702,urbana,24,mujer,9,47,19.148936170212767
2024,70702,urbana,25,hombre,11,62,17.741935483870968
2024,70702,urbana,25,mujer,14,54,25.925925925925927
2024,70702,urbana,26,hombre,9,34,26.470588235294116
2024,70702,urbana,26,mujer,8,34,23.529411764705884
2024,70702,urbana,27,hombre,8,44,18.181818181818183
2024,70702,urbana,27,mujer,12,48,25.0
2024,70702,urbana,28,hombre,10,35,28.571428571428573
2024,70702,urbana,28,mujer,6,40,15.0
2024,70703,rural,16,hombre,27,223,12.10762331838565
2024,70703,rural,16,mujer,20,236,8.474576271186441
2024,70703,rural,17,hombre,22,238,9.243697478991596
2024,70703,rural,17,mujer,17,227,7.488986784140969
2024,70703,rural,18,hombre,38,236,16.10169491525424
2024,70703,rural,18,mujer,21,184,11.41304347826087
2024,70703,rural,19,hombre,21,203,10.344827586206897
2024,70703,rural,19,mujer,22,180,12.222222222222221
2024,70703,rural,20,hombre,33,198,16.666666666666668
2024,70703,rural,20,mujer,20,194,10.309278350515465
2024,70703,rural,21,hombre,43,224,19.196428571428573
2024,70703,rural,21,mujer,21,208,10.096153846153847
2024,70703,rural,22,hombre,43,226,19.02654867256637
2024,70703,rural,22,mujer,27,169,15.976331360946746
2024,70703,rural,23,hombre,34,240,14.166666666666666
2024,70703,rural,23,mujer,31,200,15.5
2024,70703,rural,24,hombre,50,210,23.80952380952381
2024,70703,rural,24,mujer,32,215,14.883720930232558
2024,70703,rural,25,hombre,58,207,28.019323671497585
2024,70703,rural,25,mujer,36,187,19.25133689839572
2024,70703,rural,26,hombre,48,237,20.253164556962027
2024,70703,rural,26,mujer,28,205,13.658536585365853
2024,70703,rural,27,hombre,43,214,20.093457943925234
2024,70703,rural,27,mujer,29,166,17.46987951807229
2024,70703,rural,28,hombre,53,199,26.633165829145728
2024,70703,rural,28,mujer,26,182,14.285714285714286
2024,70703,urbana,16,hombre,7,100,7.0
2024,70703,urbana,16,mujer,14,94,14.893617021276595
2024,70703,urbana,17,hombre,29,122,23.770491803278688
2024,70703,urbana,17,mujer,8,79,10.126582278481013
2024,70703,urbana,18,hombre,70,145,48.275862068965516
2024,70703,urbana,18,mujer,15,84,17.857142857142858
2024,70703,urbana,19,hombre,38,103,36.89320388349515
2024,70703,urbana,19,mujer,9,69,13.043478260869565
2024,70703,urbana,20,hombre,14,79,17.72151898734177
2024,70703,urbana,20,mujer,11,75,14.666666666666666
2024,70703,urbana,21,hombre,12,76,15.789473684210526
2024,70703,urbana,21,mujer,13,75,17.333333333333332
2024,70703,urbana,22,hombre,19,85,22.352941176470587
2024,70703,urbana,22,mujer,12,83,14.457831325301205
2024,70703,urbana,23,hombre,12,86,13.953488372093023
2024,70703,urbana,23,mujer,17,81,20.987654320987655
2024,70703,urbana,24,hombre,14,85,16.470588235294116
2024,70703,urbana,24,mujer,15,89,16.853932584269664
2024,70703,urbana,25,hombre,16,92,17.391304347826086
2024,70703,urbana,25,mujer,24,80,30.0
2024,70703,urbana,26,hombre,18,77,23.376623376623378
2024,70703,urbana,26,mujer,12,79,15.189873417721518
2024,70703,urbana,27,hombre,16,84,19.047619047619047
2024,70703,urbana,27,mujer,17,70,24.285714285714285
2024,70703,urbana,28,hombre,15,66,22.727272727272727
2024,70703,urbana,28,mujer,20,96,20.833333333333332
2024,70704,rural,16,hombre,0,18,0.0
2024,70704,rural,16,mujer,4,19,21.05263157894737
2024,70704,rural,17,hombre,0,10,0.0
2024,70704,rural,17,mujer,0,23,0.0
2024,70704,rural,18,hombre,4,19,21.05263157894737
2024,70704,rural,18,mujer,2,18,11.11111111111111
2024,70704,rural,19,hombre,4,17,23.529411764705884
2024,70704,rural,19,mujer,4,19,21.05263157894737
2024,70704,rural,20,hombre,0,18,0.0
2024,70704,rural,20,mujer,3,22,13.636363636363637
2024,70704,rural,21,hombre,4,20,20.0
2024,70704,rural,21,mujer,0,16,0.0
2024,70704,rural,22,hombre,2,21,9.523809523809524
2024,70704,rural,22,mujer,2,15,13.333333333333334
2024,70704,rural,23,hombre,5,26,19.23076923076923
2024,70704,rural,23,mujer,4,15,26.666666666666668
2024,70704,rural,24,hombre,4,20,20.0
2024,70704,rural,24,mujer,2,25,8.0
2024,70704,rural,25,hombre,2,20,10.0
2024,70704,rural,25,mujer,2,18,11.11111111111111
2024,70704,rural,26,hombre,5,28,17.857142857142858
2024,70704,rural,26,mujer,3,25,12.0
2024,70704,rural,27,hombre,3,30,10.0
2024,70704,rural,27,mujer,3,16,18.75
2024,70704,rural,28,hombre,5,18,27.77777777777778
2024,70704,rural,28,mujer,1,16,6.25
2024,70704,urbana,16,hombre,1,26,3.8461538461538463
2024,70704,urbana,16,mujer,4,18,22.22222222222222
2024,70704,urbana,17,hombre,21,49,42.857142857142854
2024,70704,urbana,17,mujer,3,26,11.538461538461538
2024,70704,urbana,18,hombre,99,113,87.61061946902655
2024,70704,urbana,18,mujer,4,29,13.793103448275861
2024,70704,urbana,19,hombre,53,82,64.63414634146342
2024,70704,urbana,19,mujer,6,26,23.076923076923077
2024,70704,urbana,20,hombre,21,41,51.21951219512195
2024,70704,urbana,20,mujer,4,27,14.814814814814815
2024,70704,urbana,21,hombre,12,32,37.5
2024,70704,urbana,21,mujer,7,22,31.818181818181817
2024,70704,urbana,22,hombre,8,23,34.78260869565217
2024,70704,urbana,22,mujer,6,22,27.272727272727273
2024,70704,urbana,23,hombre,7,32,21.875
2024,70704,urbana,23,mujer,6,18,33.333333333333336
2024,70704,urbana,24,hombre,4,33,12.121212121212121
2024,70704,urbana,24,mujer,12,31,38.70967741935484
2024,70704,urbana,25,hombre,7,22,31.818181818181817
2024,70704,urbana,25,mujer,2,27,7.407407407407407
2024,70704,urbana,26,hombre,6,31,19.35483870967742
2024,70704,urbana,26,mujer,5,14,35.714285714285715
2024,70704,urbana,27,hombre,9,29,31.03448275862069
2024,70704,urbana,27,mujer,2,23,8.695652173913043
2024,70704,urbana,28,hombre,16,39,41.02564102564103
2024,70704,urbana,28,mujer,6,24,25.0
2024,70705,rural,16,hombre,10,177,5.649717514124294
2024,70705,rural,16,mujer,6,142,4.225352112676056
2024,70705,rural,17,hombre,8,152,5.2631578947368425
2024,70705,rural,17,mujer,14,159,8.80503144654088
2024,70705,rural,18,hombre,5,107,4.672897196261682
2024,70705,rural,18,mujer,12,139,8.633093525179856
2024,70705,rural,19,hombre,9,105,8.571428571428571
2024,70705,rural,19,mujer,10,116,8.620689655172415
2024,70705,rural,20,hombre,9,145,6.206896551724138
2024,70705,rural,20,mujer,19,150,12.666666666666666
2024,70705,rural,21,hombre,13,113,11.504424778761061
2024,70705,rural,21,mujer,9,124,7.258064516129032
2024,70705,rural,22,hombre,12,125,9.6
2024,70705,rural,22,mujer,18,144,12.5
2024,70705,rural,23,hombre,20,148,13.513513513513514
2024,70705,rural,23,mujer,11,126,8.73015873015873
2024,70705,rural,24,hombre,12,135,8.88888888888889
2024,70705,rural,24,mujer,23,151,15.2317880794702
2024,70705,rural,25,hombre,13,129,10.077519379844961
2024,70705,rural,25,mujer,17,117,14.52991452991453
2024,70705,rural,26,hombre,10,114,8.771929824561404
2024,70705,rural,26,mujer,10,122,8.19672131147541
2024,70705,rural,27,hombre,14,127,11.023622047244094
2024,70705,rural,27,mujer,10,87,11.494252873563218
2024,70705,rural,28,hombre,13,124,10.483870967741936
2024,70705,rural,28,mujer,11,117,9.401709401709402
2024,70706,rural,16,hombre,1,37,2.7027027027027026
2024,70706,rural,16,mujer,3,58,5.172413793103448
2024,70706,rural,17,hombre,24,99,24.242424242424242
2024,70706,rural,17,mujer,1,57,1.7543859649122806
2024,70706,rural,18,hombre,84,145,57.93103448275862
2024,70706,rural,18,mujer,3,52,5.769230769230769
2024,70706,rural,19,hombre,39,98,39.795918367346935
2024,70706,rural,19,mujer,2,43,4.651162790697675
2024,70706,rural,20,hombre,22,97,22.68041237113402
2024,70706,rural,20,mujer,5,48,10.416666666666666
2024,70706,rural,21,hombre,7,60,11.666666666666666
2024,70706,rural,21,mujer,4,77,5.194805194805195
2024,70706,rural,22,hombre,7,49,14.285714285714286
2024,70706,rural,22,mujer,4,51,7.8431372549019605
2024,70706,rural,23,hombre,6,62,9.67741935483871
2024,70706,rural,23,mujer,8,59,13.559322033898304
2024,70706,rural,24,hombre,8,55,14.545454545454545
2024,70706,rural,24,mujer,6,74,8.108108108108109
2024,70706,rural,25,hombre,7,57,12.280701754385966
2024,70706,rural,25,mujer,8,59,13.559322033898304
2024,70706,rural,26,hombre,3,39,7.6923076923076925
2024,70706,rural,26,mujer,6,49,12.244897959183673
2024,70706,rural,27,hombre,8,45,17.77777777777778
2024,70706,rural,27,mujer,5,38,13.157894736842104
2024,70706,rural,28,hombre,5,51,9.803921568627452
2024,70706,rural,28,mujer,3,46,6.521739130434782
2024,70706,urbana,16,hombre,16,219,7.30593607305936
2024,70706,urbana,16,mujer,23,232,9.913793103448276
2024,70706,urbana,17,hombre,24,218,11.009174311926605
2024,70706,urbana,17,mujer,25,213,11.737089201877934
2024,70706,urbana,18,hombre,48,216,22.22222222222222
2024,70706,urbana,18,mujer,47,230,20.434782608695652
2024,70706,urbana,19,hombre,46,249,18.473895582329316
2024,70706,urbana,19,mujer,47,217,21.658986175115206
2024,70706,urbana,20,hombre,40,208,19.23076923076923
2024,70706,urbana,20,mujer,58,238,24.369747899159663
2024,70706,urbana,21,hombre,52,231,22.51082251082251
2024,70706,urbana,21,mujer,46,233,19.742489270386265
2024,70706,urbana,22,hombre,54,202,26.73267326732673
2024,70706,urbana,22,mujer,41,230,17.82608695652174
2024,70706,urbana,23,hombre,36,242,14.87603305785124
2024,70706,urbana,23,mujer,30,228,13.157894736842104
2024,70706,urbana,24,hombre,42,220,19.09090909090909
2024,70706,urbana,24,mujer,39,252,15.476190476190476
2024,70706,urbana,25,hombre,27,198,13.636363636363637
2024,70706,urbana,25,mujer,30,224,13.392857142857142
2024,70706,urbana,26,hombre,30,199,15.075376884422111
2024,70706,urbana,26,mujer,26,230,11.304347826086957
2024,70706,urbana,27,hombre,29,175,16.571428571428573
2024,70706,urbana,27,mujer,22,224,9.821428571428571
2024,70706,urbana,28,hombre,27,224,12.053571428571429
2024,70706,urbana,28,mujer,20,231,8.658008658008658
2024,70707,rural,16,hombre,6,10,60.0
2024,70707,rural,16,mujer,2,10,20.0
2024,70707,rural,17,hombre,5,11,45.45454545454545
2024,70707,rural,17,mujer,2,10,20.0
2024,70707,rural,18,hombre,10,20,50.0
2024,70707,rural,18,mujer,4,8,50.0
2024,70707,rural,19,hombre,4,11,36.36363636363637
2024,70707,rural,19,mujer,1,8,12.5
2024,70707,rural,20,hombre,6,10,60.0
2024,70707,rural,20,mujer,7,16,43.75
2024,70707,rural,21,hombre,2,9,22.22222222222222
2024,70707,rural,21,mujer,6,10,60.0
2024,70707,rural,22,hombre,4,13,30.76923076923077
2024,70707,rural,22,mujer,10,18,55.55555555555556
2024,70707,rural,23,hombre,6,15,40.0
2024,70707,rural,23,mujer,10,15,66.66666666666667
2024,70707,rural,24,hombre,10,25,40.0
2024,70707,rural,24,mujer,7,13,53.84615384615385
2024,70707,rural,25,hombre,10,22,45.45454545454545
2024,70707,rural,25,mujer,10,17,58.8235294117647
2024,70707,rural,26,hombre,9,25,36.0
2024,70707,rural,26,mujer,7,13,53.84615384615385
2024,70707,rural,27,hombre,14,23,60.869565217391305
2024,70707,rural,27,mujer,12,19,63.1578947368421
2024,70707,rural,28,hombre,10,19,52.63157894736842
2024,70707,rural,28,mujer,4,12,33.333333333333336
2024,70707,urbana,16,hombre,4,31,12.903225806451612
2024,70707,urbana,16,mujer,3,32,9.375
2024,70707,urbana,17,hombre,25,48,52.083333333333336
2024,70707,urbana,17,mujer,3,36,8.333333333333334
2024,70707,urbana,18,hombre,115,147,78.2312925170068
2024,70707,urbana,18,mujer,1,27,3.7037037037037037
2024,70707,urbana,19,hombre,81,107,75.70093457943925
2024,70707,urbana,19,mujer,5,28,17.857142857142858
2024,70707,urbana,20,hombre,31,57,54.3859649122807
2024,70707,urbana,20,mujer,3,36,8.333333333333334
2024,70707,urbana,21,hombre,20,40,50.0
2024,70707,urbana,21,mujer,2,27,7.407407407407407
2024,70707,urbana,22,hombre,11,45,24.444444444444443
2024,70707,urbana,22,mujer,2,19,10.526315789473685
2024,70707,urbana,23,hombre,4,27,14.814814814814815
2024,70707,urbana,23,mujer,7,30,23.333333333333332
2024,70707,urbana,24,hombre,4,24,16.666666666666668
2024,70707,urbana,24,mujer,6,29,20.689655172413794
2024,70707,urbana,25,hombre,7,32,21.875
2024,70707,urbana,25,mujer,7,29,24.137931034482758
2024,70707,urbana,26,hombre,8,32,25.0
2024,70707,urbana,26,mujer,5,31,16.129032258064516
2024,70707,urbana,27,hombre,8,28,28.571428571428573
2024,70707,urbana,27,mujer,1,35,2.857142857142857
2024,70707,urbana,28,hombre,3,28,10.714285714285714
2024,70707,urbana,28,mujer,4,25,16.0
2024,70801,rural,16,hombre,1,39,2.5641025641025643
2024,70801,rural,16,mujer,4,27,14.814814814814815
2024,70801,rural,17,hombre,1,31,3.225806451612903
2024,70801,rural,17,mujer,2,29,6.896551724137931
2024,70801,rural,18,hombre,0,32,0.0
2024,70801,rural,18,mujer,1,20,5.0
2024,70801,rural,19,hombre,2,28,7.142857142857143
2024,70801,rural,19,mujer,1,21,4.761904761904762
2024,70801,rural,20,hombre,3,28,10.714285714285714
2024,70801,rural,20,mujer,1,23,4.3478260869565215
2024,70801,rural,21,hombre,1,38,2.6315789473684212
2024,70801,rural,21,mujer,2,26,7.6923076923076925
2024,70801,rural,22,hombre,4,40,10.0
2024,70801,rural,22,mujer,4,25,16.0
2024,70801,rural,23,hombre,3,42,7.142857142857143
2024,70801,rural,23,mujer,5,27,18.51851851851852
2024,70801,rural,24,hombre,4,36,11.11111111111111
2024,70801,rural,24,mujer,6,32,18.75
2024,70801,rural,25,hombre,5,40,12.5
2024,70801,rural,25,mujer,4,25,16.0
2024,70801,rural,26,hombre,4,48,8.333333333333334
2024,70801,rural,26,mujer,4,26,15.384615384615385
2024,70801,rural,27,hombre,1,36,2.7777777777777777
2024,70801,rural,27,mujer,4,55,7.2727272727272725
2024,70801,rural,28,hombre,1,46,2.1739130434782608
2024,70801,rural,28,mujer,3,29,10.344827586206897
2024,70801,urbana,16,hombre,18,107,16.822429906542055
2024,70801,urbana,16,mujer,15,95,15.789473684210526
2024,70801,urbana,17,hombre,8,90,8.88888888888889
2024,70801,urbana,17,mujer,4,73,5.47945205479452
2024,70801,urbana,18,hombre,19,98,19.387755102040817
2024,70801,urbana,18,mujer,22,87,25.28735632183908
2024,70801,urbana,19,hombre,14,78,17.94871794871795
2024,70801,urbana,19,mujer,9,68,13.235294117647058
2024,70801,urbana,20,hombre,9,84,10.714285714285714
2024,70801,urbana,20,mujer,15,93,16.129032258064516
2024,70801,urbana,21,hombre,12,81,14.814814814814815
2024,70801,urbana,21,mujer,23,107,21.49532710280374
2024,70801,urbana,22,hombre,20,75,26.666666666666668
2024,70801,urbana,22,mujer,18,91,19.78021978021978
2024,70801,urbana,23,hombre,25,97,25.77319587628866
2024,70801,urbana,23,mujer,17,90,18.88888888888889
2024,70801,urbana,24,hombre,19,87,21.839080459770116
2024,70801,urbana,24,mujer,22,96,22.916666666666668
2024,70801,urbana,25,hombre,26,95,27.36842105263158
2024,70801,urbana,25,mujer,15,96,15.625
2024,70801,urbana,26,hombre,16,74,21.62162162162162
2024,70801,urbana,26,mujer,18,93,19.35483870967742
2024,70801,urbana,27,hombre,15,91,16.483516483516482
2024,70801,urbana,27,mujer,11,102,10.784313725490197
2024,70801,urbana,28,hombre,16,70,22.857142857142858
2024,70801,urbana,28,mujer,10,67,14.925373134328359
2024,70802,rural,16,hombre,2,14,14.285714285714286
2024,70802,rural,16,mujer,1,20,5.0
2024,70802,rural,17,hombre,1,12,8.333333333333334
2024,70802,rural,17,mujer,2,12,16.666666666666668
2024,70802,rural,18,hombre,1,12,8.333333333333334
2024,70802,rural,18,mujer,3,14,21.428571428571427
2024,70802,rural,19,hombre,2,21,9.523809523809524
2024,70802,rural,19,mujer,1,11,9.090909090909092
2024,70802,rural,20,hombre,1,11,9.090909090909092
2024,70802,rural,20,mujer,2,12,16.666666666666668
2024,70802,rural,21,hombre,1,11,9.090909090909092
2024,70802,rural,21,mujer,2,11,18.181818181818183
2024,70802,rural,22,hombre,5,15,33.333333333333336
2024,70802,rural,22,mujer,4,18,22.22222222222222
2024,70802,rural,23,hombre,7,20,35.0
2024,70802,rural,23,mujer,2,16,12.5
2024,70802,rural,24,hombre,5,14,35.714285714285715
2024,70802,rural,24,mujer,1,17,5.882352941176471
2024,70802,rural,25,hombre,3,14,21.428571428571427
2024,70802,rural,25,mujer,6,18,33.333333333333336
2024,70802,rural,26,hombre,3,20,15.0
2024,70802,rural,26,mujer,4,20,20.0
2024,70802,rural,27,hombre,5,24,20.833333333333332
2024,70802,rural,27,mujer,4,15,26.666666666666668
2024,70802,rural,28,hombre,3,12,25.0
2024,70802,rural,28,mujer,4,18,22.22222222222222
2024,70803,rural,16,hombre,0,19,0.0
2024,70803,rural,16,mujer,3,15,20.0
2024,70803,rural,17,hombre,3,27,11.11111111111111
2024,70803,rural,17,mujer,2,23,8.695652173913043
2024,70803,rural,18,hombre,2,20,10.0
2024,70803,rural,18,mujer,2,20,10.0
2024,70803,rural,19,hombre,4,13,30.76923076923077
2024,70803,rural,19,mujer,3,11,27.272727272727273
2024,70803,rural,20,hombre,4,18,22.22222222222222
2024,70803,rural,20,mujer,7,17,41.1764705882353
2024,70803,rural,21,hombre,1,17,5.882352941176471
2024,70803,rural,21,mujer,1,15,6.666666666666667
2024,70803,rural,22,hombre,6,21,28.571428571428573
2024,70803,rural,22,mujer,3,17,17.647058823529413
2024,70803,rural,23,hombre,2,20,10.0
2024,70803,rural,23,mujer,3,32,9.375
2024,70803,rural,24,hombre,3,21,14.285714285714286
2024,70803,rural,24,mujer,3,14,21.428571428571427
2024,70803,rural,25,hombre,4,22,18.181818181818183
2024,70803,rural,25,mujer,3,21,14.285714285714286
2024,70803,rural,26,hombre,3,22,13.636363636363637
2024,70803,rural,26,mujer,3,20,15.0
2024,70803,rural,27,hombre,3,27,11.11111111111111
2024,70803,rural,27,mujer,5,27,18.51851851851852
2024,70803,rural,28,hombre,3,16,18.75
2024,70803,rural,28,mujer,3,13,23.076923076923077
2024,70804,rural,16,hombre,0,13,0.0
2024,70804,rural,16,mujer,1,8,12.5
2024,70804,rural,17,hombre,3,14,21.428571428571427
2024,70804,rural,17,mujer,1,11,9.090909090909092
2024,70804,rural,18,hombre,2,15,13.333333333333334
2024,70804,rural,18,mujer,0,8,0.0
2024,70804,rural,19,hombre,0,7,0.0
2024,70804,rural,19,mujer,2,10,20.0
2024,70804,rural,20,hombre,1,18,5.555555555555555
2024,70804,rural,20,mujer,0,7,0.0
2024,70804,rural,21,hombre,3,9,33.333333333333336
2024,70804,rural,21,mujer,1,8,12.5
2024,70804,rural,22,hombre,1,15,6.666666666666667
2024,70804,rural,22,mujer,1,9,11.11111111111111
2024,70804,rural,23,hombre,1,10,10.0
2024,70804,rural,23,mujer,5,20,25.0
2024,70804,rural,24,hombre,3,12,25.0
2024,70804,rural,24,mujer,4,17,23.529411764705884
2024,70804,rural,25,hombre,4,19,21.05263157894737
2024,70804,rural,25,mujer,0,8,0.0
2024,70804,rural,26,hombre,5,10,50.0
2024,70804,rural,26,mujer,2,10,20.0
2024,70804,rural,27,hombre,4,12,33.333333333333336
2024,70804,rural,27,mujer,4,7,57.142857142857146
2024,70804,rural,28,hombre,2,14,14.285714285714286
2024,70804,rural,28,mujer,0,5,0.0
2024,70805,rural,16,hombre,0,12,0.0
2024,70805,rural,16,mujer,1,6,16.666666666666668
2024,70805,rural,17,hombre,2,16,12.5
2024,70805,rural,17,mujer,1,12,8.333333333333334
2024,70805,rural,18,hombre,0,12,0.0
2024,70805,rural,18,mujer,0,2,0.0
2024,70805,rural,19,hombre,1,13,7.6923076923076925
2024,70805,rural,19,mujer,4,7,57.142857142857146
2024,70805,rural,20,hombre,0,13,0.0
2024,70805,rural,20,mujer,1,8,12.5
2024,70805,rural,21,hombre,1,10,10.0
2024,70805,rural,21,mujer,0,9,0.0
2024,70805,rural,22,hombre,0,17,0.0
2024,70805,rural,22,mujer,1,7,14.285714285714286
2024,70805,rural,23,hombre,3,18,16.666666666666668
2024,70805,rural,23,mujer,2,10,20.0
2024,70805,rural,24,hombre,2,21,9.523809523809524
2024,70805,rural,24,mujer,5,14,35.714285714285715
2024,70805,rural,25,hombre,5,18,27.77777777777778
2024,70805,rural,25,mujer,2,9,22.22222222222222
2024,70805,rural,26,hombre,1,11,9.090909090909092
2024,70805,rural,26,mujer,1,14,7.142857142857143
2024,70805,rural,27,hombre,2,14,14.285714285714286
2024,70805,rural,27,mujer,3,11,27.272727272727273
2024,70805,rural,28,hombre,4,15,26.666666666666668
2024,70805,rural,28,mujer,3,17,17.647058823529413
2024,70901,rural,16,hombre,10,56,17.857142857142858
2024,70901,rural,16,mujer,10,36,27.77777777777778
2024,70901,rural,17,hombre,14,69,20.28985507246377
2024,70901,rural,17,mujer,10,54,18.51851851851852
2024,70901,rural,18,hombre,8,45,17.77777777777778
2024,70901,rural,18,mujer,7,27,25.925925925925927
2024,70901,rural,19,hombre,13,46,28.26086956521739
2024,70901,rural,19,mujer,9,35,25.714285714285715
2024,70901,rural,20,hombre,9,42,21.428571428571427
2024,70901,rural,20,mujer,10,39,25.641025641025642
2024,70901,rural,21,hombre,1,47,2.127659574468085
2024,70901,rural,21,mujer,8,33,24.242424242424242
2024,70901,rural,22,hombre,14,50,28.0
2024,70901,rural,22,mujer,15,38,39.473684210526315
2024,70901,rural,23,hombre,9,46,19.565217391304348
2024,70901,rural,23,mujer,15,45,33.333333333333336
2024,70901,rural,24,hombre,10,44,22.727272727272727
2024,70901,rural,24,mujer,11,38,28.94736842105263
2024,70901,rural,25,hombre,9,42,21.428571428571427
2024,70901,rural,25,mujer,20,41,48.78048780487805
2024,70901,rural,26,hombre,19,56,33.92857142857143
2024,70901,rural,26,mujer,14,44,31.818181818181817
2024,70901,rural,27,hombre,8,49,16.3265306122449
2024,70901,rural,27,mujer,7,40,17.5
2024,70901,rural,28,hombre,9,42,21.428571428571427
2024,70901,rural,28,mujer,7,37,18.91891891891892
2024,70901,urbana,16,hombre,3,49,6.122448979591836
2024,70901,urbana,16,mujer,7,48,14.583333333333334
2024,70901,urbana,17,hombre,9,52,17.307692307692307
2024,70901,urbana,17,mujer,6,41,14.634146341463415
2024,70901,urbana,18,hombre,7,42,16.666666666666668
2024,70901,urbana,18,mujer,13,43,30.232558139534884
2024,70901,urbana,19,hombre,5,40,12.5
2024,70901,urbana,19,mujer,7,32,21.875
2024,70901,urbana,20,hombre,4,45,8.88888888888889
2024,70901,urbana,20,mujer,2,31,6.451612903225806
2024,70901,urbana,21,hombre,8,48,16.666666666666668
2024,70901,urbana,21,mujer,8,32,25.0
2024,70901,urbana,22,hombre,7,33,21.21212121212121
2024,70901,urbana,22,mujer,9,41,21.951219512195124
2024,70901,urbana,23,hombre,9,34,26.470588235294116
2024,70901,urbana,23,mujer,11,44,25.0
2024,70901,urbana,24,hombre,7,36,19.444444444444443
2024,70901,urbana,24,mujer,11,43,25.58139534883721
2024,70901,urbana,25,hombre,8,34,23.529411764705884
2024,70901,urbana,25,mujer,17,56,30.357142857142858
2024,70901,urbana,26,hombre,12,36,33.333333333333336
2024,70901,urbana,26,mujer,12,41,29.26829268292683
2024,70901,urbana,27,hombre,15,40,37.5
2024,70901,urbana,27,mujer,14,43,32.55813953488372
2024,70901,urbana,28,hombre,9,44,20.454545454545453
2024,70901,urbana,28,mujer,14,56,25.0
2024,70902,rural,16,hombre,3,44,6.818181818181818
2024,70902,rural,16,mujer,17,65,26.153846153846153
2024,70902,rural,17,hombre,11,53,20.754716981132077
2024,70902,rural,17,mujer,11,40,27.5
2024,70902,rural,18,hombre,11,50,22.0
2024,70902,rural,18,mujer,5,38,13.157894736842104
2024,70902,rural,19,hombre,8,32,25.0
2024,70902,rural,19,mujer,6,31,19.35483870967742
2024,70902,rural,20,hombre,9,46,19.565217391304348
2024,70902,rural,20,mujer,7,32,21.875
2024,70902,rural,21,hombre,5,33,15.151515151515152
2024,70902,rural,21,mujer,13,42,30.952380952380953
2024,70902,rural,22,hombre,7,40,17.5
2024,70902,rural,22,mujer,9,37,24.324324324324323
2024,70902,rural,23,hombre,10,51,19.607843137254903
2024,70902,rural,23,mujer,4,44,9.090909090909092
2024,70902,rural,24,hombre,11,55,20.0
2024,70902,rural,24,mujer,7,39,17.94871794871795
2024,70902,rural,25,hombre,11,48,22.916666666666668
2024,70902,rural,25,mujer,7,36,19.444444444444443
2024,70902,rural,26,hombre,15,43,34.883720930232556
2024,70902,rural,26,mujer,14,56,25.0
2024,70902,rural,27,hombre,13,46,28.26086956521739
2024,70902,rural,27,mujer,15,40,37.5
2024,70902,rural,28,hombre,7,40,17.5
2024,70902,rural,28,mujer,9,40,22.5
2024,70902,urbana,16,hombre,6,45,13.333333333333334
2024,70902,urbana,16,mujer,3,44,6.818181818181818
2024,70902,urbana,17,hombre,9,48,18.75
2024,70902,urbana,17,mujer,5,39,12.820512820512821
2024,70902,urbana,18,hombre,5,31,16.129032258064516
2024,70902,urbana,18,mujer,2,30,6.666666666666667
2024,70902,urbana,19,hombre,1,26,3.8461538461538463
2024,70902,urbana,19,mujer,4,26,15.384615384615385
2024,70902,urbana,20,hombre,5,34,14.705882352941176
2024,70902,urbana,20,mujer,8,27,29.62962962962963
2024,70902,urbana,21,hombre,3,23,13.043478260869565
2024,70902,urbana,21,mujer,7,38,18.42105263157895
2024,70902,urbana,22,hombre,5,33,15.151515151515152
2024,70902,urbana,22,mujer,4,30,13.333333333333334
2024,70902,urbana,23,hombre,6,28,21.428571428571427
2024,70902,urbana,23,mujer,6,36,16.666666666666668
2024,70902,urbana,24,hombre,5,34,14.705882352941176
2024,70902,urbana,24,mujer,13,36,36.111111111111114
2024,70902,urbana,25,hombre,11,36,30.555555555555557
2024,70902,urbana,25,mujer,10,34,29.41176470588235
2024,70902,urbana,26,hombre,10,30,33.333333333333336
2024,70902,urbana,26,mujer,2,18,11.11111111111111
2024,70902,urbana,27,hombre,6,32,18.75
2024,70902,urbana,27,mujer,3,33,9.090909090909092
2024,70902,urbana,28,hombre,10,27,37.03703703703704
2024,70902,urbana,28,mujer,10,27,37.03703703703704
2024,70903,rural,16,hombre,8,35,22.857142857142858
2024,70903,rural,16,mujer,6,45,13.333333333333334
2024,70903,rural,17,hombre,12,69,17.391304347826086
2024,70903,rural,17,mujer,5,57,8.771929824561404
2024,70903,rural,18,hombre,9,38,23.68421052631579
2024,70903,rural,18,mujer,9,33,27.272727272727273
2024,70903,rural,19,hombre,7,35,20.0
2024,70903,rural,19,mujer,10,41,24.390243902439025
2024,70903,rural,20,hombre,8,42,19.047619047619047
2024,70903,rural,20,mujer,12,32,37.5
2024,70903,rural,21,hombre,10,39,25.641025641025642
2024,70903,rural,21,mujer,4,28,14.285714285714286
2024,70903,rural,22,hombre,9,42,21.428571428571427
2024,70903,rural,22,mujer,6,31,19.35483870967742
2024,70903,rural,23,hombre,8,36,22.22222222222222
2024,70903,rural,23,mujer,6,38,15.789473684210526
2024,70903,rural,24,hombre,8,39,20.512820512820515
2024,70903,rural,24,mujer,9,39,23.076923076923077
2024,70903,rural,25,hombre,13,49,26.53061224489796
2024,70903,rural,25,mujer,10,44,22.727272727272727
2024,70903,rural,26,hombre,13,62,20.967741935483872
2024,70903,rural,26,mujer,13,38,34.21052631578947
2024,70903,rural,27,hombre,14,46,30.434782608695652
2024,70903,rural,27,mujer,8,42,19.047619047619047
2024,70903,rural,28,hombre,7,47,14.893617021276595
2024,70903,rural,28,mujer,11,42,26.19047619047619
2024,70903,urbana,16,hombre,8,84,9.523809523809524
2024,70903,urbana,16,mujer,6,70,8.571428571428571
2024,70903,urbana,17,hombre,11,83,13.25301204819277
2024,70903,urbana,17,mujer,11,64,17.1875
2024,70903,urbana,18,hombre,9,58,15.517241379310345
2024,70903,urbana,18,mujer,12,73,16.438356164383563
2024,70903,urbana,19,hombre,15,57,26.31578947368421
2024,70903,urbana,19,mujer,10,62,16.129032258064516
2024,70903,urbana,20,hombre,12,61,19.672131147540984
2024,70903,urbana,20,mujer,11,58,18.96551724137931
2024,70903,urbana,21,hombre,11,71,15.492957746478874
2024,70903,urbana,21,mujer,10,66,15.151515151515152
2024,70903,urbana,22,hombre,15,60,25.0
2024,70903,urbana,22,mujer,11,58,18.96551724137931
2024,70903,urbana,23,hombre,14,81,17.28395061728395
2024,70903,urbana,23,mujer,15,71,21.12676056338028
2024,70903,urbana,24,hombre,14,72,19.444444444444443
2024,70903,urbana,24,mujer,12,71,16.901408450704224
2024,70903,urbana,25,hombre,22,71,30.985915492957748
2024,70903,urbana,25,mujer,16,64,25.0
2024,70903,urbana,26,hombre,20,69,28.985507246376812
2024,70903,urbana,26,mujer,21,61,34.42622950819672
2024,70903,urbana,27,hombre,18,69,26.08695652173913
2024,70903,urbana,27,mujer,33,87,37.93103448275862
2024,70903,urbana,28,hombre,19,59,32.20338983050848
2024,70903,urbana,28,mujer,12,62,19.35483870967742
2024,70904,rural,16,hombre,8,19,42.10526315789474
2024,70904,rural,16,mujer,2,20,10.0
2024,70904,rural,17,hombre,1,15,6.666666666666667
2024,70904,rural,17,mujer,1,14,7.142857142857143
2024,70904,rural,18,hombre,4,17,23.529411764705884
2024,70904,rural,18,mujer,3,14,21.428571428571427
2024,70904,rural,19,hombre,3,24,12.5
2024,70904,rural,19,mujer,2,23,8.695652173913043
2024,70904,rural,20,hombre,2,23,8.695652173913043
2024,70904,rural,20,mujer,1,20,5.0
2024,70904,rural,21,hombre,2,19,10.526315789473685
2024,70904,rural,21,mujer,3,15,20.0
2024,70904,rural,22,hombre,4,22,18.181818181818183
2024,70904,rural,22,mujer,5,17,29.41176470588235
2024,70904,rural,23,hombre,8,31,25.806451612903224
2024,70904,rural,23,mujer,5,24,20.833333333333332
2024,70904,rural,24,hombre,6,27,22.22222222222222
2024,70904,rural,24,mujer,6,41,14.634146341463415
2024,70904,rural,25,hombre,5,22,22.727272727272727
2024,70904,rural,25,mujer,7,31,22.580645161290324
2024,70904,rural,26,hombre,2,26,7.6923076923076925
2024,70904,rural,26,mujer,9,25,36.0
2024,70904,rural,27,hombre,4,29,13.793103448275861
2024,70904,rural,27,mujer,5,26,19.23076923076923
2024,70904,rural,28,hombre,4,25,16.0
2024,70904,rural,28,mujer,10,37,27.027027027027028
2024,71001,rural,16,hombre,2,5,40.0
2024,71001,rural,16,mujer,1,4,25.0
2024,71001,rural,17,hombre,2,13,15.384615384615385
2024,71001,rural,17,mujer,3,8,37.5
2024,71001,rural,18,hombre,1,6,16.666666666666668
2024,71001,rural,18,mujer,2,7,28.571428571428573
2024,71001,rural,19,hombre,2,12,16.666666666666668
2024,71001,rural,19,mujer,1,10,10.0
2024,71001,rural,20,hombre,0,3,0.0
2024,71001,rural,20,mujer,2,7,28.571428571428573
2024,71001,rural,21,hombre,1,6,16.666666666666668
2024,71001,rural,21,mujer,2,4,50.0
2024,71001,rural,22,hombre,5,8,62.5
2024,71001,rural,22,mujer,3,9,33.333333333333336
2024,71001,rural,23,hombre,5,8,62.5
2024,71001,rural,23,mujer,4,6,66.66666666666667
2024,71001,rural,24,hombre,1,4,25.0
2024,71001,rural,24,mujer,3,8,37.5
2024,71001,rural,25,hombre,0,5,0.0
2024,71001,rural,25,mujer,1,6,16.666666666666668
2024,71001,rural,26,hombre,2,12,16.666666666666668
2024,71001,rural,26,mujer,1,3,33.333333333333336
2024,71001,rural,27,hombre,3,7,42.857142857142854
2024,71001,rural,27,mujer,3,9,33.333333333333336
2024,71001,rural,28,hombre,1,4,25.0
2024,71001,rural,28,mujer,4,8,50.0
2024,71001,urbana,16,hombre,68,1109,6.131650135256988
2024,71001,urbana,16,mujer,90,1137,7.915567282321899
2024,71001,urbana,17,hombre,89,1156,7.698961937716263
2024,71001,urbana,17,mujer,92,1159,7.937877480586713
2024,71001,urbana,18,hombre,219,1204,18.18936877076412
2024,71001,urbana,18,mujer,101,1096,9.215328467153284
2024,71001,urbana,19,hombre,172,1135,15.154185022026432
2024,71001,urbana,19,mujer,123,1089,11.294765840220386
2024,71001,urbana,20,hombre,150,1117,13.42882721575649
2024,71001,urbana,20,mujer,128,1097,11.668185961713764
2024,71001,urbana,21,hombre,146,1075,13.581395348837209
2024,71001,urbana,21,mujer,111,1154,9.618717504332755
2024,71001,urbana,22,hombre,132,1088,12.132352941176471
2024,71001,urbana,22,mujer,130,1200,10.833333333333334
2024,71001,urbana,23,hombre,140,1207,11.5990057995029
2024,71001,urbana,23,mujer,118,1150,10.26086956521739
2024,71001,urbana,24,hombre,182,1239,14.689265536723164
2024,71001,urbana,24,mujer,144,1210,11.900826446280991
2024,71001,urbana,25,hombre,129,1181,10.9229466553768
2024,71001,urbana,25,mujer,115,1200,9.583333333333334
2024,71001,urbana,26,hombre,143,1128,12.677304964539006
2024,71001,urbana,26,mujer,120,1180,10.169491525423728
2024,71001,urbana,27,hombre,143,1173,12.190963341858483
2024,71001,urbana,27,mujer,131,1177,11.12999150382328
2024,71001,urbana,28,hombre,132,1171,11.272416737830914
2024,71001,urbana,28,mujer,138,1151,11.989574283231972
2024,71002,rural,16,hombre,9,75,12.0
2024,71002,rural,16,mujer,14,92,15.217391304347826
2024,71002,rural,17,hombre,10,101,9.900990099009901
2024,71002,rural,17,mujer,14,90,15.555555555555555
2024,71002,rural,18,hombre,9,75,12.0
2024,71002,rural,18,mujer,11,63,17.46031746031746
2024,71002,rural,19,hombre,11,80,13.75
2024,71002,rural,19,mujer,8,55,14.545454545454545
2024,71002,rural,20,hombre,6,86,6.976744186046512
2024,71002,rural,20,mujer,13,78,16.666666666666668
2024,71002,rural,21,hombre,18,87,20.689655172413794
2024,71002,rural,21,mujer,10,70,14.285714285714286
2024,71002,rural,22,hombre,15,82,18.29268292682927
2024,71002,rural,22,mujer,8,69,11.594202898550725
2024,71002,rural,23,hombre,13,78,16.666666666666668
2024,71002,rural,23,mujer,18,86,20.930232558139537
2024,71002,rural,24,hombre,15,93,16.129032258064516
2024,71002,rural,24,mujer,21,85,24.705882352941178
2024,71002,rural,25,hombre,14,73,19.17808219178082
2024,71002,rural,25,mujer,15,79,18.9873417721519
2024,71002,rural,26,hombre,11,74,14.864864864864865
2024,71002,rural,26,mujer,15,78,19.23076923076923
2024,71002,rural,27,hombre,13,79,16.455696202531644
2024,71002,rural,27,mujer,8,70,11.428571428571429
2024,71002,rural,28,hombre,11,56,19.642857142857142
2024,71002,rural,28,mujer,14,73,19.17808219178082
2024,71002,urbana,16,hombre,10,73,13.698630136986301
2024,71002,urbana,16,mujer,5,77,6.4935064935064934
2024,71002,urbana,17,hombre,9,75,12.0
2024,71002,urbana,17,mujer,7,89,7.865168539325842
2024,71002,urbana,18,hombre,1,51,1.9607843137254901
2024,71002,urbana,18,mujer,8,65,12.307692307692308
2024,71002,urbana,19,hombre,1,58,1.7241379310344827
2024,71002,urbana,19,mujer,11,64,17.1875
2024,71002,urbana,20,hombre,12,62,19.35483870967742
2024,71002,urbana,20,mujer,6,64,9.375
2024,71002,urbana,21,hombre,4,48,8.333333333333334
2024,71002,urbana,21,mujer,11,68,16.176470588235293
2024,71002,urbana,22,hombre,6,79,7.594936708860759
2024,71002,urbana,22,mujer,21,91,23.076923076923077
2024,71002,urbana,23,hombre,9,78,11.538461538461538
2024,71002,urbana,23,mujer,8,74,10.81081081081081
2024,71002,urbana,24,hombre,7,85,8.235294117647058
2024,71002,urbana,24,mujer,6,69,8.695652173913043
2024,71002,urbana,25,hombre,11,80,13.75
2024,71002,urbana,25,mujer,9,72,12.5
2024,71002,urbana,26,hombre,8,76,10.526315789473685
2024,71002,urbana,26,mujer,3,70,4.285714285714286
2024,71002,urbana,27,hombre,11,70,15.714285714285714
2024,71002,urbana,27,mujer,13,92,14.130434782608695
2024,71002,urbana,28,hombre,8,67,11.940298507462687
2024,71002,urbana,28,mujer,11,76,14.473684210526315
2024,71003,rural,16,hombre,3,42,7.142857142857143
2024,71003,rural,16,mujer,4,57,7.017543859649122
2024,71003,rural,17,hombre,8,48,16.666666666666668
2024,71003,rural,17,mujer,5,53,9.433962264150944
2024,71003,rural,18,hombre,4,40,10.0
2024,71003,rural,18,mujer,5,37,13.513513513513514
2024,71003,rural,19,hombre,4,45,8.88888888888889
2024,71003,rural,19,mujer,5,41,12.195121951219512
2024,71003,rural,20,hombre,7,39,17.94871794871795
2024,71003,rural,20,mujer,2,35,5.714285714285714
2024,71003,rural,21,hombre,4,37,10.81081081081081
2024,71003,rural,21,mujer,5,38,13.157894736842104
2024,71003,rural,22,hombre,4,38,10.526315789473685
2024,71003,rural,22,mujer,4,37,10.81081081081081
2024,71003,rural,23,hombre,4,23,17.391304347826086
2024,71003,rural,23,mujer,5,36,13.88888888888889
2024,71003,rural,24,hombre,9,37,24.324324324324323
2024,71003,rural,24,mujer,3,35,8.571428571428571
2024,71003,rural,25,hombre,9,31,29.032258064516128
2024,71003,rural,25,mujer,6,29,20.689655172413794
2024,71003,rural,26,hombre,4,36,11.11111111111111
2024,71003,rural,26,mujer,5,29,17.24137931034483
2024,71003,rural,27,hombre,2,36,5.555555555555555
2024,71003,rural,27,mujer,4,29,13.793103448275861
2024,71003,rural,28,hombre,5,35,14.285714285714286
2024,71003,rural,28,mujer,3,24,12.5
2024,71003,urbana,16,hombre,8,195,4.102564102564102
2024,71003,urbana,16,mujer,11,175,6.285714285714286
2024,71003,urbana,17,hombre,12,217,5.529953917050691
2024,71003,urbana,17,mujer,9,190,4.7368421052631575
2024,71003,urbana,18,hombre,6,173,3.468208092485549
2024,71003,urbana,18,mujer,6,148,4.054054054054054
2024,71003,urbana,19,hombre,7,159,4.40251572327044
2024,71003,urbana,19,mujer,9,145,6.206896551724138
2024,71003,urbana,20,hombre,6,152,3.9473684210526314
2024,71003,urbana,20,mujer,15,167,8.982035928143713
2024,71003,urbana,21,hombre,13,141,9.21985815602837
2024,71003,urbana,21,mujer,13,153,8.49673202614379
2024,71003,urbana,22,hombre,16,153,10.457516339869281
2024,71003,urbana,22,mujer,11,140,7.857142857142857
2024,71003,urbana,23,hombre,8,159,5.031446540880503
2024,71003,urbana,23,mujer,18,152,11.842105263157896
2024,71003,urbana,24,hombre,12,159,7.547169811320755
2024,71003,urbana,24,mujer,11,175,6.285714285714286
2024,71003,urbana,25,hombre,15,151,9.933774834437086
2024,71003,urbana,25,mujer,12,158,7.594936708860759
2024,71003,urbana,26,hombre,13,162,8.024691358024691
2024,71003,urbana,26,mujer,11,165,6.666666666666667
2024,71003,urbana,27,hombre,11,150,7.333333333333333
2024,71003,urbana,27,mujer,20,160,12.5
2024,71003,urbana,28,hombre,22,139,15.827338129496402
2024,71003,urbana,28,mujer,16,183,8.743169398907105
2024,71004,rural,16,hombre,2,29,6.896551724137931
2024,71004,rural,16,mujer,1,12,8.333333333333334
2024,71004,rural,17,hombre,4,37,10.81081081081081
2024,71004,rural,17,mujer,0,16,0.0
2024,71004,rural,18,hombre,1,21,4.761904761904762
2024,71004,rural,18,mujer,0,14,0.0
2024,71004,rural,19,hombre,5,44,11.363636363636363
2024,71004,rural,19,mujer,5,18,27.77777777777778
2024,71004,rural,20,hombre,6,31,19.35483870967742
2024,71004,rural,20,mujer,4,22,18.181818181818183
2024,71004,rural,21,hombre,9,43,20.930232558139537
2024,71004,rural,21,mujer,7,16,43.75
2024,71004,rural,22,hombre,4,56,7.142857142857143
2024,71004,rural,22,mujer,4,29,13.793103448275861
2024,71004,rural,23,hombre,10,65,15.384615384615385
2024,71004,rural,23,mujer,3,20,15.0
2024,71004,rural,24,hombre,5,75,6.666666666666667
2024,71004,rural,24,mujer,4,20,20.0
2024,71004,rural,25,hombre,6,80,7.5
2024,71004,rural,25,mujer,3,19,15.789473684210526
2024,71004,rural,26,hombre,8,66,12.121212121212121
2024,71004,rural,26,mujer,2,24,8.333333333333334
2024,71004,rural,27,hombre,10,62,16.129032258064516
2024,71004,rural,27,mujer,6,21,28.571428571428573
2024,71004,rural,28,hombre,9,102,8.823529411764707
2024,71004,rural,28,mujer,3,25,12.0
2024,71004,urbana,16,hombre,14,113,12.389380530973451
2024,71004,urbana,16,mujer,5,99,5.05050505050505
2024,71004,urbana,17,hombre,16,146,10.95890410958904
2024,71004,urbana,17,mujer,9,107,8.411214953271028
2024,71004,urbana,18,hombre,13,111,11.711711711711711
2024,71004,urbana,18,mujer,9,100,9.0
2024,71004,urbana,19,hombre,15,87,17.24137931034483
2024,71004,urbana,19,mujer,11,108,10.185185185185185
2024,71004,urbana,20,hombre,10,96,10.416666666666666
2024,71004,urbana,20,mujer,10,82,12.195121951219512
2024,71004,urbana,21,hombre,6,83,7.228915662650603
2024,71004,urbana,21,mujer,12,83,14.457831325301205
2024,71004,urbana,22,hombre,12,101,11.881188118811881
2024,71004,urbana,22,mujer,16,100,16.0
2024,71004,urbana,23,hombre,7,87,8.045977011494253
2024,71004,urbana,23,mujer,10,88,11.363636363636363
2024,71004,urbana,24,hombre,17,111,15.315315315315315
2024,71004,urbana,24,mujer,8,95,8.421052631578947
2024,71004,urbana,25,hombre,11,101,10.891089108910892
2024,71004,urbana,25,mujer,12,82,14.634146341463415
2024,71004,urbana,26,hombre,14,81,17.28395061728395
2024,71004,urbana,26,mujer,15,106,14.150943396226415
2024,71004,urbana,27,hombre,19,90,21.11111111111111
2024,71004,urbana,27,mujer,10,95,10.526315789473685
2024,71004,urbana,28,hombre,10,89,11.235955056179776
2024,71004,urbana,28,mujer,21,123,17.073170731707318
2024,71005,rural,16,hombre,7,62,11.290322580645162
2024,71005,rural,16,mujer,0,41,0.0
2024,71005,rural,17,hombre,9,70,12.857142857142858
2024,71005,rural,17,mujer,4,47,8.51063829787234
2024,71005,rural,18,hombre,17,62,27.419354838709676
2024,71005,rural,18,mujer,5,52,9.615384615384615
2024,71005,rural,19,hombre,8,55,14.545454545454545
2024,71005,rural,19,mujer,5,51,9.803921568627452
2024,71005,rural,20,hombre,13,54,24.074074074074073
2024,71005,rural,20,mujer,10,55,18.181818181818183
2024,71005,rural,21,hombre,14,71,19.718309859154928
2024,71005,rural,21,mujer,6,48,12.5
2024,71005,rural,22,hombre,27,81,33.333333333333336
2024,71005,rural,22,mujer,14,60,23.333333333333332
2024,71005,rural,23,hombre,19,82,23.170731707317074
2024,71005,rural,23,mujer,5,50,10.0
2024,71005,rural,24,hombre,28,94,29.78723404255319
2024,71005,rural,24,mujer,16,59,27.11864406779661
2024,71005,rural,25,hombre,32,63,50.79365079365079
2024,71005,rural,25,mujer,7,44,15.909090909090908
2024,71005,rural,26,hombre,30,83,36.144578313253014
2024,71005,rural,26,mujer,13,59,22.033898305084747
2024,71005,rural,27,hombre,30,91,32.967032967032964
2024,71005,rural,27,mujer,13,48,27.083333333333332
2024,71005,rural,28,hombre,26,87,29.885057471264368
2024,71005,rural,28,mujer,11,47,23.404255319148938
2024,71005,urbana,16,hombre,10,105,9.523809523809524
2024,71005,urbana,16,mujer,8,89,8.98876404494382
2024,71005,urbana,17,hombre,11,94,11.702127659574469
2024,71005,urbana,17,mujer,4,83,4.819277108433735
2024,71005,urbana,18,hombre,6,72,8.333333333333334
2024,71005,urbana,18,mujer,8,89,8.98876404494382
2024,71005,urbana,19,hombre,9,77,11.688311688311689
2024,71005,urbana,19,mujer,5,68,7.352941176470588
2024,71005,urbana,20,hombre,11,89,12.359550561797754
2024,71005,urbana,20,mujer,8,92,8.695652173913043
2024,71005,urbana,21,hombre,9,95,9.473684210526315
2024,71005,urbana,21,mujer,11,85,12.941176470588236
2024,71005,urbana,22,hombre,14,81,17.28395061728395
2024,71005,urbana,22,mujer,9,88,10.227272727272727
2024,71005,urbana,23,hombre,8,72,11.11111111111111
2024,71005,urbana,23,mujer,16,87,18.39080459770115
2024,71005,urbana,24,hombre,19,108,17.59259259259259
2024,71005,urbana,24,mujer,14,82,17.073170731707318
2024,71005,urbana,25,hombre,10,77,12.987012987012987
2024,71005,urbana,25,mujer,14,83,16.867469879518072
2024,71005,urbana,26,hombre,14,94,14.893617021276595
2024,71005,urbana,26,mujer,9,75,12.0
2024,71005,urbana,27,hombre,10,86,11.627906976744185
2024,71005,urbana,27,mujer,5,75,6.666666666666667
2024,71005,urbana,28,hombre,14,92,15.217391304347826
2024,71005,urbana,28,mujer,11,77,14.285714285714286
2024,71101,rural,16,hombre,8,105,7.619047619047619
2024,71101,rural,16,mujer,18,111,16.216216216216218
2024,71101,rural,17,hombre,22,123,17.88617886178862
2024,71101,rural,17,mujer,17,107,15.88785046728972
2024,71101,rural,18,hombre,29,116,25.0
2024,71101,rural,18,mujer,21,83,25.301204819277107
2024,71101,rural,19,hombre,25,117,21.367521367521366
2024,71101,rural,19,mujer,22,108,20.37037037037037
2024,71101,rural,20,hombre,33,127,25.984251968503937
2024,71101,rural,20,mujer,31,89,34.831460674157306
2024,71101,rural,21,hombre,47,147,31.972789115646258
2024,71101,rural,21,mujer,24,106,22.641509433962263
2024,71101,rural,22,hombre,42,148,28.37837837837838
2024,71101,rural,22,mujer,25,106,23.58490566037736
2024,71101,rural,23,hombre,57,169,33.72781065088758
2024,71101,rural,23,mujer,27,99,27.272727272727273
2024,71101,rural,24,hombre,44,175,25.142857142857142
2024,71101,rural,24,mujer,40,142,28.169014084507044
2024,71101,rural,25,hombre,39,144,27.083333333333332
2024,71101,rural,25,mujer,29,124,23.387096774193548
2024,71101,rural,26,hombre,58,180,32.22222222222222
2024,71101,rural,26,mujer,39,126,30.952380952380953
2024,71101,rural,27,hombre,55,178,30.89887640449438
2024,71101,rural,27,mujer,41,125,32.8
2024,71101,rural,28,hombre,52,157,33.12101910828026
2024,71101,rural,28,mujer,35,120,29.166666666666668
2024,71101,urbana,16,hombre,13,148,8.783783783783784
2024,71101,urbana,16,mujer,19,162,11.728395061728396
2024,71101,urbana,17,hombre,18,148,12.162162162162161
2024,71101,urbana,17,mujer,22,164,13.414634146341463
2024,71101,urbana,18,hombre,17,112,15.178571428571429
2024,71101,urbana,18,mujer,18,123,14.634146341463415
2024,71101,urbana,19,hombre,25,139,17.985611510791365
2024,71101,urbana,19,mujer,18,125,14.4
2024,71101,urbana,20,hombre,25,116,21.551724137931036
2024,71101,urbana,20,mujer,30,132,22.727272727272727
2024,71101,urbana,21,hombre,24,133,18.045112781954888
2024,71101,urbana,21,mujer,24,134,17.91044776119403
2024,71101,urbana,22,hombre,35,140,25.0
2024,71101,urbana,22,mujer,29,134,21.64179104477612
2024,71101,urbana,23,hombre,32,143,22.377622377622377
2024,71101,urbana,23,mujer,38,168,22.61904761904762
2024,71101,urbana,24,hombre,44,164,26.829268292682926
2024,71101,urbana,24,mujer,25,155,16.129032258064516
2024,71101,urbana,25,hombre,23,127,18.11023622047244
2024,71101,urbana,25,mujer,27,143,18.88111888111888
2024,71101,urbana,26,hombre,27,127,21.25984251968504
2024,71101,urbana,26,mujer,25,128,19.53125
2024,71101,urbana,27,hombre,36,137,26.277372262773724
2024,71101,urbana,27,mujer,32,141,22.69503546099291
2024,71101,urbana,28,hombre,37,123,30.08130081300813
2024,71101,urbana,28,mujer,37,130,28.46153846153846
2024,71102,rural,16,hombre,8,55,14.545454545454545
2024,71102,rural,16,mujer,2,49,4.081632653061225
2024,71102,rural,17,hombre,4,60,6.666666666666667
2024,71102,rural,17,mujer,7,53,13.20754716981132
2024,71102,rural,18,hombre,9,57,15.789473684210526
2024,71102,rural,18,mujer,3,45,6.666666666666667
2024,71102,rural,19,hombre,5,55,9.090909090909092
2024,71102,rural,19,mujer,4,29,13.793103448275861
2024,71102,rural,20,hombre,4,53,7.547169811320755
2024,71102,rural,20,mujer,8,49,16.3265306122449
2024,71102,rural,21,hombre,7,53,13.20754716981132
2024,71102,rural,21,mujer,7,49,14.285714285714286
2024,71102,rural,22,hombre,9,64,14.0625
2024,71102,rural,22,mujer,9,55,16.363636363636363
2024,71102,rural,23,hombre,12,60,20.0
2024,71102,rural,23,mujer,5,63,7.936507936507937
2024,71102,rural,24,hombre,12,77,15.584415584415584
2024,71102,rural,24,mujer,10,55,18.181818181818183
2024,71102,rural,25,hombre,15,67,22.388059701492537
2024,71102,rural,25,mujer,4,41,9.75609756097561
2024,71102,rural,26,hombre,10,72,13.88888888888889
2024,71102,rural,26,mujer,8,68,11.764705882352942
2024,71102,rural,27,hombre,8,48,16.666666666666668
2024,71102,rural,27,mujer,9,48,18.75
2024,71102,rural,28,hombre,10,78,12.820512820512821
2024,71102,rural,28,mujer,7,62,11.290322580645162
2024,71102,urbana,16,hombre,12,101,11.881188118811881
2024,71102,urbana,16,mujer,4,79,5.063291139240507
2024,71102,urbana,17,hombre,4,73,5.47945205479452
2024,71102,urbana,17,mujer,3,82,3.658536585365854
2024,71102,urbana,18,hombre,4,64,6.25
2024,71102,urbana,18,mujer,5,67,7.462686567164179
2024,71102,urbana,19,hombre,6,48,12.5
2024,71102,urbana,19,mujer,9,61,14.754098360655737
2024,71102,urbana,20,hombre,2,56,3.5714285714285716
2024,71102,urbana,20,mujer,5,55,9.090909090909092
2024,71102,urbana,21,hombre,4,64,6.25
2024,71102,urbana,21,mujer,5,62,8.064516129032258
2024,71102,urbana,22,hombre,6,65,9.23076923076923
2024,71102,urbana,22,mujer,11,72,15.277777777777779
2024,71102,urbana,23,hombre,4,60,6.666666666666667
2024,71102,urbana,23,mujer,10,64,15.625
2024,71102,urbana,24,hombre,8,68,11.764705882352942
2024,71102,urbana,24,mujer,14,77,18.181818181818183
2024,71102,urbana,25,hombre,7,45,15.555555555555555
2024,71102,urbana,25,mujer,15,62,24.193548387096776
2024,71102,urbana,26,hombre,6,46,13.043478260869565
2024,71102,urbana,26,mujer,5,66,7.575757575757576
2024,71102,urbana,27,hombre,10,63,15.873015873015873
2024,71102,urbana,27,mujer,10,66,15.151515151515152
2024,71102,urbana,28,hombre,5,47,10.638297872340425
2024,71102,urbana,28,mujer,6,70,8.571428571428571
2024,71103,rural,16,hombre,23,190,12.105263157894736
2024,71103,rural,16,mujer,21,180,11.666666666666666
2024,71103,rural,17,hombre,14,181,7.734806629834254
2024,71103,rural,17,mujer,23,190,12.105263157894736
2024,71103,rural,18,hombre,25,162,15.432098765432098
2024,71103,rural,18,mujer,26,185,14.054054054054054
2024,71103,rural,19,hombre,32,159,20.12578616352201
2024,71103,rural,19,mujer,22,155,14.193548387096774
2024,71103,rural,20,hombre,19,183,10.382513661202186
2024,71103,rural,20,mujer,20,158,12.658227848101266
2024,71103,rural,21,hombre,27,183,14.754098360655737
2024,71103,rural,21,mujer,24,179,13.40782122905028
2024,71103,rural,22,hombre,28,181,15.469613259668508
2024,71103,rural,22,mujer,21,165,12.727272727272727
2024,71103,rural,23,hombre,37,213,17.370892018779344
2024,71103,rural,23,mujer,30,171,17.54385964912281
2024,71103,rural,24,hombre,41,219,18.72146118721461
2024,71103,rural,24,mujer,36,211,17.061611374407583
2024,71103,rural,25,hombre,34,189,17.98941798941799
2024,71103,rural,25,mujer,25,178,14.044943820224718
2024,71103,rural,26,hombre,33,210,15.714285714285714
2024,71103,rural,26,mujer,30,170,17.647058823529413
2024,71103,rural,27,hombre,32,188,17.02127659574468
2024,71103,rural,27,mujer,31,180,17.22222222222222
2024,71103,rural,28,hombre,29,173,16.76300578034682
2024,71103,rural,28,mujer,35,159,22.0125786163522
2024,71103,urbana,16,hombre,33,295,11.186440677966102
2024,71103,urbana,16,mujer,27,288,9.375
2024,71103,urbana,17,hombre,33,239,13.807531380753138
2024,71103,urbana,17,mujer,25,258,9.689922480620154
2024,71103,urbana,18,hombre,19,192,9.895833333333334
2024,71103,urbana,18,mujer,34,242,14.049586776859504
2024,71103,urbana,19,hombre,19,186,10.21505376344086
2024,71103,urbana,19,mujer,48,231,20.77922077922078
2024,71103,urbana,20,hombre,26,166,15.662650602409638
2024,71103,urbana,20,mujer,40,239,16.736401673640167
2024,71103,urbana,21,hombre,33,189,17.46031746031746
2024,71103,urbana,21,mujer,35,229,15.283842794759826
2024,71103,urbana,22,hombre,42,202,20.792079207920793
2024,71103,urbana,22,mujer,45,241,18.672199170124482
2024,71103,urbana,23,hombre,41,231,17.748917748917748
2024,71103,urbana,23,mujer,46,253,18.181818181818183
2024,71103,urbana,24,hombre,54,242,22.31404958677686
2024,71103,urbana,24,mujer,52,265,19.62264150943396
2024,71103,urbana,25,hombre,35,202,17.326732673267326
2024,71103,urbana,25,mujer,42,242,17.355371900826448
2024,71103,urbana,26,hombre,44,181,24.30939226519337
2024,71103,urbana,26,mujer,40,227,17.621145374449338
2024,71103,urbana,27,hombre,33,196,16.836734693877553
2024,71103,urbana,27,mujer,59,285,20.70175438596491
2024,71103,urbana,28,hombre,45,195,23.076923076923077
2024,71103,urbana,28,mujer,49,265,18.49056603773585
2024,71104,rural,16,hombre,6,64,9.375
2024,71104,rural,16,mujer,2,63,3.1746031746031744
2024,71104,rural,17,hombre,2,65,3.076923076923077
2024,71104,rural,17,mujer,5,75,6.666666666666667
2024,71104,rural,18,hombre,3,42,7.142857142857143
2024,71104,rural,18,mujer,1,56,1.7857142857142858
2024,71104,rural,19,hombre,4,47,8.51063829787234
2024,71104,rural,19,mujer,7,50,14.0
2024,71104,rural,20,hombre,3,41,7.317073170731708
2024,71104,rural,20,mujer,5,41,12.195121951219512
2024,71104,rural,21,hombre,5,49,10.204081632653061
2024,71104,rural,21,mujer,1,29,3.4482758620689653
2024,71104,rural,22,hombre,4,43,9.30232558139535
2024,71104,rural,22,mujer,6,53,11.320754716981131
2024,71104,rural,23,hombre,8,35,22.857142857142858
2024,71104,rural,23,mujer,7,51,13.72549019607843
2024,71104,rural,24,hombre,3,44,6.818181818181818
2024,71104,rural,24,mujer,11,56,19.642857142857142
2024,71104,rural,25,hombre,10,59,16.949152542372882
2024,71104,rural,25,mujer,8,55,14.545454545454545
2024,71104,rural,26,hombre,10,49,20.408163265306122
2024,71104,rural,26,mujer,6,48,12.5
2024,71104,rural,27,hombre,3,43,6.976744186046512
2024,71104,rural,27,mujer,9,56,16.071428571428573
2024,71104,rural,28,hombre,11,53,20.754716981132077
2024,71104,rural,28,mujer,6,32,18.75
2024,71105,rural,16,hombre,1,7,14.285714285714286
2024,71105,rural,16,mujer,2,7,28.571428571428573
2024,71105,rural,17,hombre,0,7,0.0
2024,71105,rural,17,mujer,1,10,10.0
2024,71105,rural,18,hombre,2,7,28.571428571428573
2024,71105,rural,18,mujer,3,4,75.0
2024,71105,rural,19,hombre,1,8,12.5
2024,71105,rural,19,mujer,2,4,50.0
2024,71105,rural,20,hombre,0,5,0.0
2024,71105,rural,20,mujer,1,4,25.0
2024,71105,rural,21,hombre,1,6,16.666666666666668
2024,71105,rural,21,mujer,0,6,0.0
2024,71105,rural,22,hombre,0,9,0.0
2024,71105,rural,22,mujer,3,6,50.0
2024,71105,rural,23,hombre,4,5,80.0
2024,71105,rural,23,mujer,2,6,33.333333333333336
2024,71105,rural,24,hombre,2,12,16.666666666666668
2024,71105,rural,24,mujer,0,14,0.0
2024,71105,rural,25,hombre,3,13,23.076923076923077
2024,71105,rural,25,mujer,4,10,40.0
2024,71105,rural,26,hombre,2,9,22.22222222222222
2024,71105,rural,26,mujer,2,4,50.0
2024,71105,rural,27,hombre,5,11,45.45454545454545
2024,71105,rural,27,mujer,4,10,40.0
2024,71105,rural,28,hombre,2,7,28.571428571428573
2024,71105,rural,28,mujer,3,8,37.5
2024,71105,urbana,16,hombre,10,80,12.5
2024,71105,urbana,16,mujer,10,61,16.39344262295082
2024,71105,urbana,17,hombre,13,77,16.883116883116884
2024,71105,urbana,17,mujer,8,68,11.764705882352942
2024,71105,urbana,18,hombre,8,52,15.384615384615385
2024,71105,urbana,18,mujer,9,71,12.67605633802817
2024,71105,urbana,19,hombre,2,48,4.166666666666667
2024,71105,urbana,19,mujer,15,65,23.076923076923077
2024,71105,urbana,20,hombre,6,40,15.0
2024,71105,urbana,20,mujer,6,52,11.538461538461538
2024,71105,urbana,21,hombre,8,49,16.3265306122449
2024,71105,urbana,21,mujer,13,69,18.840579710144926
2024,71105,urbana,22,hombre,11,51,21.568627450980394
2024,71105,urbana,22,mujer,11,57,19.29824561403509
2024,71105,urbana,23,hombre,15,80,18.75
2024,71105,urbana,23,mujer,8,68,11.764705882352942
2024,71105,urbana,24,hombre,12,66,18.181818181818183
2024,71105,urbana,24,mujer,9,63,14.285714285714286
2024,71105,urbana,25,hombre,13,66,19.696969696969695
2024,71105,urbana,25,mujer,12,65,18.46153846153846
2024,71105,urbana,26,hombre,11,67,16.417910447761194
2024,71105,urbana,26,mujer,15,74,20.27027027027027
2024,71105,urbana,27,hombre,13,50,26.0
2024,71105,urbana,27,mujer,9,65,13.846153846153847
2024,71105,urbana,28,hombre,18,65,27.692307692307693
2024,71105,urbana,28,mujer,13,59,22.033898305084747
2024,71106,rural,16,hombre,11,130,8.461538461538462
2024,71106,rural,16,mujer,9,136,6.617647058823529
2024,71106,rural,17,hombre,13,121,10.743801652892563
2024,71106,rural,17,mujer,13,145,8.96551724137931
2024,71106,rural,18,hombre,15,139,10.79136690647482
2024,71106,rural,18,mujer,10,125,8.0
2024,71106,rural,19,hombre,22,119,18.48739495798319
2024,71106,rural,19,mujer,12,118,10.169491525423728
2024,71106,rural,20,hombre,21,125,16.8
2024,71106,rural,20,mujer,14,122,11.475409836065573
2024,71106,rural,21,hombre,27,139,19.424460431654676
2024,71106,rural,21,mujer,15,118,12.711864406779661
2024,71106,rural,22,hombre,34,151,22.516556291390728
2024,71106,rural,22,mujer,23,105,21.904761904761905
2024,71106,rural,23,hombre,39,150,26.0
2024,71106,rural,23,mujer,27,131,20.610687022900763
2024,71106,rural,24,hombre,34,153,22.22222222222222
2024,71106,rural,24,mujer,16,129,12.4031007751938
2024,71106,rural,25,hombre,40,160,25.0
2024,71106,rural,25,mujer,20,122,16.39344262295082
2024,71106,rural,26,hombre,41,152,26.973684210526315
2024,71106,rural,26,mujer,24,137,17.51824817518248
2024,71106,rural,27,hombre,35,166,21.08433734939759
2024,71106,rural,27,mujer,19,110,17.272727272727273
2024,71106,rural,28,hombre,38,147,25.85034013605442
2024,71106,rural,28,mujer,17,107,15.88785046728972
2024,71106,urbana,16,hombre,17,116,14.655172413793103
2024,71106,urbana,16,mujer,17,101,16.831683168316832
2024,71106,urbana,17,hombre,15,104,14.423076923076923
2024,71106,urbana,17,mujer,6,113,5.3097345132743365
2024,71106,urbana,18,hombre,13,98,13.26530612244898
2024,71106,urbana,18,mujer,11,99,11.11111111111111
2024,71106,urbana,19,hombre,12,83,14.457831325301205
2024,71106,urbana,19,mujer,16,85,18.823529411764707
2024,71106,urbana,20,hombre,22,100,22.0
2024,71106,urbana,20,mujer,14,97,14.43298969072165
2024,71106,urbana,21,hombre,10,92,10.869565217391305
2024,71106,urbana,21,mujer,10,83,12.048192771084338
2024,71106,urbana,22,hombre,22,109,20.18348623853211
2024,71106,urbana,22,mujer,11,112,9.821428571428571
2024,71106,urbana,23,hombre,7,99,7.070707070707071
2024,71106,urbana,23,mujer,21,104,20.192307692307693
2024,71106,urbana,24,hombre,21,91,23.076923076923077
2024,71106,urbana,24,mujer,23,116,19.82758620689655
2024,71106,urbana,25,hombre,24,104,23.076923076923077
2024,71106,urbana,25,mujer,25,124,20.161290322580644
2024,71106,urbana,26,hombre,15,92,16.304347826086957
2024,71106,urbana,26,mujer,22,118,18.64406779661017
2024,71106,urbana,27,hombre,23,96,23.958333333333332
2024,71106,urbana,27,mujer,25,121,20.66115702479339
2024,71106,urbana,28,hombre,23,108,21.296296296296298
2024,71106,urbana,28,mujer,24,119,20.168067226890756
2024,71201,rural,16,hombre,7,61,11.475409836065573
2024,71201,rural,16,mujer,9,67,13.432835820895523
2024,71201,rural,17,hombre,16,81,19.753086419753085
2024,71201,rural,17,mujer,6,57,10.526315789473685
2024,71201,rural,18,hombre,26,66,39.39393939393939
2024,71201,rural,18,mujer,4,42,9.523809523809524
2024,71201,rural,19,hombre,18,67,26.865671641791046
2024,71201,rural,19,mujer,6,47,12.76595744680851
2024,71201,rural,20,hombre,11,57,19.29824561403509
2024,71201,rural,20,mujer,3,46,6.521739130434782
2024,71201,rural,21,hombre,10,56,17.857142857142858
2024,71201,rural,21,mujer,7,48,14.583333333333334
2024,71201,rural,22,hombre,11,70,15.714285714285714
2024,71201,rural,22,mujer,8,56,14.285714285714286
2024,71201,rural,23,hombre,9,64,14.0625
2024,71201,rural,23,mujer,9,50,18.0
2024,71201,rural,24,hombre,7,59,11.864406779661017
2024,71201,rural,24,mujer,7,70,10.0
2024,71201,rural,25,hombre,10,60,16.666666666666668
2024,71201,rural,25,mujer,6,55,10.909090909090908
2024,71201,rural,26,hombre,11,58,18.96551724137931
2024,71201,rural,26,mujer,6,64,9.375
2024,71201,rural,27,hombre,9,67,13.432835820895523
2024,71201,rural,27,mujer,8,61,13.114754098360656
2024,71201,rural,28,hombre,7,61,11.475409836065573
2024,71201,rural,28,mujer,5,47,10.638297872340425
2024,71201,urbana,16,hombre,0,58,0.0
2024,71201,urbana,16,mujer,4,75,5.333333333333333
2024,71201,urbana,17,hombre,21,83,25.301204819277107
2024,71201,urbana,17,mujer,3,63,4.761904761904762
2024,71201,urbana,18,hombre,84,151,55.629139072847686
2024,71201,urbana,18,mujer,3,48,6.25
2024,71201,urbana,19,hombre,38,87,43.67816091954023
2024,71201,urbana,19,mujer,2,45,4.444444444444445
2024,71201,urbana,20,hombre,24,67,35.82089552238806
2024,71201,urbana,20,mujer,4,54,7.407407407407407
2024,71201,urbana,21,hombre,13,56,23.214285714285715
2024,71201,urbana,21,mujer,2,43,4.651162790697675
2024,71201,urbana,22,hombre,9,59,15.254237288135593
2024,71201,urbana,22,mujer,6,65,9.23076923076923
2024,71201,urbana,23,hombre,4,48,8.333333333333334
2024,71201,urbana,23,mujer,6,69,8.695652173913043
2024,71201,urbana,24,hombre,6,53,11.320754716981131
2024,71201,urbana,24,mujer,11,65,16.923076923076923
2024,71201,urbana,25,hombre,12,56,21.428571428571427
2024,71201,urbana,25,mujer,8,59,13.559322033898304
2024,71201,urbana,26,hombre,11,56,19.642857142857142
2024,71201,urbana,26,mujer,9,55,16.363636363636363
2024,71201,urbana,27,hombre,16,70,22.857142857142858
2024,71201,urbana,27,mujer,10,69,14.492753623188406
2024,71201,urbana,28,hombre,16,62,25.806451612903224
2024,71201,urbana,28,mujer,12,56,21.428571428571427
2024,71301,rural,16,hombre,7,104,6.730769230769231
2024,71301,rural,16,mujer,5,75,6.666666666666667
2024,71301,rural,17,hombre,11,113,9.734513274336283
2024,71301,rural,17,mujer,4,85,4.705882352941177
2024,71301,rural,18,hombre,9,97,9.278350515463918
2024,71301,rural,18,mujer,7,70,10.0
2024,71301,rural,19,hombre,9,81,11.11111111111111
2024,71301,rural,19,mujer,5,69,7.246376811594203
2024,71301,rural,20,hombre,8,92,8.695652173913043
2024,71301,rural,20,mujer,9,76,11.842105263157896
2024,71301,rural,21,hombre,6,76,7.894736842105263
2024,71301,rural,21,mujer,5,80,6.25
2024,71301,rural,22,hombre,11,73,15.068493150684931
2024,71301,rural,22,mujer,18,98,18.367346938775512
2024,71301,rural,23,hombre,17,88,19.318181818181817
2024,71301,rural,23,mujer,20,81,24.691358024691358
2024,71301,rural,24,hombre,12,92,13.043478260869565
2024,71301,rural,24,mujer,13,75,17.333333333333332
2024,71301,rural,25,hombre,16,90,17.77777777777778
2024,71301,rural,25,mujer,15,74,20.27027027027027
2024,71301,rural,26,hombre,15,72,20.833333333333332
2024,71301,rural,26,mujer,14,71,19.718309859154928
2024,71301,rural,27,hombre,10,73,13.698630136986301
2024,71301,rural,27,mujer,18,99,18.181818181818183
2024,71301,rural,28,hombre,15,84,17.857142857142858
2024,71301,rural,28,mujer,9,82,10.975609756097562
2024,71301,urbana,16,hombre,7,64,10.9375
2024,71301,urbana,16,mujer,4,69,5.797101449275362
2024,71301,urbana,17,hombre,7,69,10.144927536231885
2024,71301,urbana,17,mujer,5,73,6.8493150684931505
2024,71301,urbana,18,hombre,5,56,8.928571428571429
2024,71301,urbana,18,mujer,2,47,4.25531914893617
2024,71301,urbana,19,hombre,3,49,6.122448979591836
2024,71301,urbana,19,mujer,5,45,11.11111111111111
2024,71301,urbana,20,hombre,2,49,4.081632653061225
2024,71301,urbana,20,mujer,3,40,7.5
2024,71301,urbana,21,hombre,8,52,15.384615384615385
2024,71301,urbana,21,mujer,4,44,9.090909090909092
2024,71301,urbana,22,hombre,12,53,22.641509433962263
2024,71301,urbana,22,mujer,3,37,8.108108108108109
2024,71301,urbana,23,hombre,8,52,15.384615384615385
2024,71301,urbana,23,mujer,10,53,18.867924528301888
2024,71301,urbana,24,hombre,14,50,28.0
2024,71301,urbana,24,mujer,13,54,24.074074074074073
2024,71301,urbana,25,hombre,13,58,22.413793103448278
2024,71301,urbana,25,mujer,14,54,25.925925925925927
2024,71301,urbana,26,hombre,8,44,18.181818181818183
2024,71301,urbana,26,mujer,13,51,25.49019607843137
2024,71301,urbana,27,hombre,10,65,15.384615384615385
2024,71301,urbana,27,mujer,17,58,29.310344827586206
2024,71301,urbana,28,hombre,9,50,18.0
2024,71301,urbana,28,mujer,12,44,27.272727272727273
2024,71302,rural,16,hombre,2,15,13.333333333333334
2024,71302,rural,16,mujer,3,23,13.043478260869565
2024,71302,rural,17,hombre,3,21,14.285714285714286
2024,71302,rural,17,mujer,0,13,0.0
2024,71302,rural,18,hombre,6,23,26.08695652173913
2024,71302,rural,18,mujer,1,20,5.0
2024,71302,rural,19,hombre,8,26,30.76923076923077
2024,71302,rural,19,mujer,1,21,4.761904761904762
2024,71302,rural,20,hombre,2,8,25.0
2024,71302,rural,20,mujer,3,14,21.428571428571427
2024,71302,rural,21,hombre,5,22,22.727272727272727
2024,71302,rural,21,mujer,3,11,27.272727272727273
2024,71302,rural,22,hombre,4,13,30.76923076923077
2024,71302,rural,22,mujer,4,10,40.0
2024,71302,rural,23,hombre,9,23,39.130434782608695
2024,71302,rural,23,mujer,8,26,30.76923076923077
2024,71302,rural,24,hombre,4,12,33.333333333333336
2024,71302,rural,24,mujer,7,17,41.1764705882353
2024,71302,rural,25,hombre,3,21,14.285714285714286
2024,71302,rural,25,mujer,4,18,22.22222222222222
2024,71302,rural,26,hombre,3,17,17.647058823529413
2024,71302,rural,26,mujer,5,14,35.714285714285715
2024,71302,rural,27,hombre,5,15,33.333333333333336
2024,71302,rural,27,mujer,4,20,20.0
2024,71302,rural,28,hombre,10,20,50.0
2024,71302,rural,28,mujer,2,17,11.764705882352942
2024,71302,urbana,16,hombre,6,38,15.789473684210526
2024,71302,urbana,16,mujer,3,35,8.571428571428571
2024,71302,urbana,17,hombre,4,39,10.256410256410257
2024,71302,urbana,17,mujer,7,39,17.94871794871795
2024,71302,urbana,18,hombre,1,39,2.5641025641025643
2024,71302,urbana,18,mujer,1,27,3.7037037037037037
2024,71302,urbana,19,hombre,6,37,16.216216216216218
2024,71302,urbana,19,mujer,2,22,9.090909090909092
2024,71302,urbana,20,hombre,4,39,10.256410256410257
2024,71302,urbana,20,mujer,5,29,17.24137931034483
2024,71302,urbana,21,hombre,5,28,17.857142857142858
2024,71302,urbana,21,mujer,2,22,9.090909090909092
2024,71302,urbana,22,hombre,5,32,15.625
2024,71302,urbana,22,mujer,4,20,20.0
2024,71302,urbana,23,hombre,7,38,18.42105263157895
2024,71302,urbana,23,mujer,3,29,10.344827586206897
2024,71302,urbana,24,hombre,5,31,16.129032258064516
2024,71302,urbana,24,mujer,7,28,25.0
2024,71302,urbana,25,hombre,4,24,16.666666666666668
2024,71302,urbana,25,mujer,9,29,31.03448275862069
2024,71302,urbana,26,hombre,7,30,23.333333333333332
2024,71302,urbana,26,mujer,2,24,8.333333333333334
2024,71302,urbana,27,hombre,6,22,27.272727272727273
2024,71302,urbana,27,mujer,7,22,31.818181818181817
2024,71302,urbana,28,hombre,8,33,24.242424242424242
2024,71302,urbana,28,mujer,11,36,30.555555555555557
2024,71401,rural,16,hombre,4,40,10.0
2024,71401,rural,16,mujer,3,35,8.571428571428571
2024,71401,rural,17,hombre,4,33,12.121212121212121
2024,71401,rural,17,mujer,5,38,13.157894736842104
2024,71401,rural,18,hombre,17,53,32.075471698113205
2024,71401,rural,18,mujer,3,36,8.333333333333334
2024,71401,rural,19,hombre,14,43,32.55813953488372
2024,71401,rural,19,mujer,6,33,18.181818181818183
2024,71401,rural,20,hombre,7,40,17.5
2024,71401,rural,20,mujer,5,37,13.513513513513514
2024,71401,rural,21,hombre,12,56,21.428571428571427
2024,71401,rural,21,mujer,6,29,20.689655172413794
2024,71401,rural,22,hombre,19,53,35.84905660377358
2024,71401,rural,22,mujer,3,42,7.142857142857143
2024,71401,rural,23,hombre,17,56,30.357142857142858
2024,71401,rural,23,mujer,5,43,11.627906976744185
2024,71401,rural,24,hombre,17,61,27.868852459016395
2024,71401,rural,24,mujer,8,39,20.512820512820515
2024,71401,rural,25,hombre,18,63,28.571428571428573
2024,71401,rural,25,mujer,6,44,13.636363636363637
2024,71401,rural,26,hombre,26,72,36.111111111111114
2024,71401,rural,26,mujer,3,41,7.317073170731708
2024,71401,rural,27,hombre,13,49,26.53061224489796
2024,71401,rural,27,mujer,9,52,17.307692307692307
2024,71401,rural,28,hombre,18,52,34.61538461538461
2024,71401,rural,28,mujer,8,37,21.62162162162162
2024,71401,urbana,16,hombre,5,102,4.901960784313726
2024,71401,urbana,16,mujer,4,111,3.6036036036036037
2024,71401,urbana,17,hombre,50,127,39.37007874015748
2024,71401,urbana,17,mujer,3,91,3.2967032967032965
2024,71401,urbana,18,hombre,149,235,63.40425531914894
2024,71401,urbana,18,mujer,8,79,10.126582278481013
2024,71401,urbana,19,hombre,102,167,61.07784431137725
2024,71401,urbana,19,mujer,8,66,12.121212121212121
2024,71401,urbana,20,hombre,46,112,41.07142857142857
2024,71401,urbana,20,mujer,11,83,13.25301204819277
2024,71401,urbana,21,hombre,21,84,25.0
2024,71401,urbana,21,mujer,7,82,8.536585365853659
2024,71401,urbana,22,hombre,18,83,21.686746987951807
2024,71401,urbana,22,mujer,9,70,12.857142857142858
2024,71401,urbana,23,hombre,21,82,25.609756097560975
2024,71401,urbana,23,mujer,10,86,11.627906976744185
2024,71401,urbana,24,hombre,12,100,12.0
2024,71401,urbana,24,mujer,13,80,16.25
2024,71401,urbana,25,hombre,18,74,24.324324324324323
2024,71401,urbana,25,mujer,14,76,18.42105263157895
2024,71401,urbana,26,hombre,11,79,13.924050632911392
2024,71401,urbana,26,mujer,15,88,17.045454545454547
2024,71401,urbana,27,hombre,19,94,20.21276595744681
2024,71401,urbana,27,mujer,15,91,16.483516483516482
2024,71401,urbana,28,hombre,13,89,14.606741573033707
2024,71401,urbana,28,mujer,12,100,12.0
2024,71402,rural,16,hombre,0,1,0.0
2024,71402,rural,17,hombre,0,3,0.0
2024,71402,rural,17,mujer,0,2,0.0
2024,71402,rural,18,hombre,5,7,71.42857142857143
2024,71402,rural,18,mujer,0,1,0.0
2024,71402,rural,19,hombre,8,11,72.72727272727273
2024,71402,rural,19,mujer,0,1,0.0
2024,71402,rural,20,hombre,7,8,87.5
2024,71402,rural,20,mujer,0,2,0.0
2024,71402,rural,21,mujer,1,2,50.0
2024,71402,rural,22,hombre,1,3,33.333333333333336
2024,71402,rural,22,mujer,0,1,0.0
2024,71402,rural,23,hombre,3,4,75.0
2024,71402,rural,23,mujer,2,3,66.66666666666667
2024,71402,rural,24,hombre,1,4,25.0
2024,71402,rural,24,mujer,1,1,100.0
2024,71402,rural,25,hombre,2,3,66.66666666666667
2024,71402,rural,25,mujer,1,2,50.0
2024,71402,rural,26,hombre,0,1,0.0
2024,71402,rural,26,mujer,0,2,0.0
2024,71402,rural,27,hombre,3,5,60.0
2024,71402,rural,28,hombre,4,6,66.66666666666667
2024,71402,rural,28,mujer,1,2,50.0
2024,71402,urbana,16,hombre,16,147,10.884353741496598
2024,71402,urbana,16,mujer,17,154,11.03896103896104
2024,71402,urbana,17,hombre,59,202,29.207920792079207
2024,71402,urbana,17,mujer,17,151,11.258278145695364
2024,71402,urbana,18,hombre,128,233,54.93562231759657
2024,71402,urbana,18,mujer,15,116,12.931034482758621
2024,71402,urbana,19,hombre,56,171,32.748538011695906
2024,71402,urbana,19,mujer,21,135,15.555555555555555
2024,71402,urbana,20,hombre,44,138,31.884057971014492
2024,71402,urbana,20,mujer,18,121,14.87603305785124
2024,71402,urbana,21,hombre,29,113,25.663716814159294
2024,71402,urbana,21,mujer,19,118,16.10169491525424
2024,71402,urbana,22,hombre,23,137,16.78832116788321
2024,71402,urbana,22,mujer,14,130,10.76923076923077
2024,71402,urbana,23,hombre,28,155,18.06451612903226
2024,71402,urbana,23,mujer,23,125,18.4
2024,71402,urbana,24,hombre,29,144,20.13888888888889
2024,71402,urbana,24,mujer,34,173,19.653179190751445
2024,71402,urbana,25,hombre,22,137,16.05839416058394
2024,71402,urbana,25,mujer,29,129,22.48062015503876
2024,71402,urbana,26,hombre,35,159,22.0125786163522
2024,71402,urbana,26,mujer,22,136,16.176470588235293
2024,71402,urbana,27,hombre,39,164,23.78048780487805
2024,71402,urbana,27,mujer,28,140,20.0
2024,71402,urbana,28,hombre,38,154,24.675324675324674
2024,71402,urbana,28,mujer,29,157,18.471337579617835
2024,71403,rural,16,hombre,8,36,22.22222222222222
2024,71403,rural,16,mujer,7,45,15.555555555555555
2024,71403,rural,17,hombre,11,37,29.72972972972973
2024,71403,rural,17,mujer,1,32,3.125
2024,71403,rural,18,hombre,7,36,19.444444444444443
2024,71403,rural,18,mujer,8,27,29.62962962962963
2024,71403,rural,19,hombre,15,32,46.875
2024,71403,rural,19,mujer,8,34,23.529411764705884
2024,71403,rural,20,hombre,12,46,26.08695652173913
2024,71403,rural,20,mujer,4,22,18.181818181818183
2024,71403,rural,21,hombre,14,36,38.888888888888886
2024,71403,rural,21,mujer,5,22,22.727272727272727
2024,71403,rural,22,hombre,12,34,35.294117647058826
2024,71403,rural,22,mujer,11,22,50.0
2024,71403,rural,23,hombre,12,58,20.689655172413794
2024,71403,rural,23,mujer,6,24,25.0
2024,71403,rural,24,hombre,21,59,35.59322033898305
2024,71403,rural,24,mujer,13,37,35.13513513513514
2024,71403,rural,25,hombre,16,43,37.2093023255814
2024,71403,rural,25,mujer,8,30,26.666666666666668
2024,71403,rural,26,hombre,5,37,13.513513513513514
2024,71403,rural,26,mujer,10,38,26.31578947368421
2024,71403,rural,27,hombre,12,40,30.0
2024,71403,rural,27,mujer,16,42,38.095238095238095
2024,71403,rural,28,hombre,24,60,40.0
2024,71403,rural,28,mujer,16,46,34.78260869565217
2024,71403,urbana,16,hombre,3,24,12.5
2024,71403,urbana,16,mujer,3,38,7.894736842105263
2024,71403,urbana,17,hombre,2,34,5.882352941176471
2024,71403,urbana,17,mujer,6,33,18.181818181818183
2024,71403,urbana,18,hombre,4,23,17.391304347826086
2024,71403,urbana,18,mujer,5,29,17.24137931034483
2024,71403,urbana,19,hombre,2,30,6.666666666666667
2024,71403,urbana,19,mujer,4,30,13.333333333333334
2024,71403,urbana,20,hombre,6,32,18.75
2024,71403,urbana,20,mujer,0,18,0.0
2024,71403,urbana,21,hombre,3,15,20.0
2024,71403,urbana,21,mujer,6,39,15.384615384615385
2024,71403,urbana,22,hombre,3,14,21.428571428571427
2024,71403,urbana,22,mujer,6,23,26.08695652173913
2024,71403,urbana,23,hombre,1,19,5.2631578947368425
2024,71403,urbana,23,mujer,8,21,38.095238095238095
2024,71403,urbana,24,hombre,9,31,29.032258064516128
2024,71403,urbana,24,mujer,7,32,21.875
2024,71403,urbana,25,hombre,8,26,30.76923076923077
2024,71403,urbana,25,mujer,7,28,25.0
2024,71403,urbana,26,hombre,10,27,37.03703703703704
2024,71403,urbana,26,mujer,7,37,18.91891891891892
2024,71403,urbana,27,hombre,6,17,35.294117647058826
2024,71403,urbana,27,mujer,7,39,17.94871794871795
2024,71403,urbana,28,hombre,5,35,14.285714285714286
2024,71403,urbana,28,mujer,6,32,18.75
2024,71501,rural,16,hombre,30,89,33.70786516853933
2024,71501,rural,16,mujer,18,74,24.324324324324323
2024,71501,rural,17,hombre,29,88,32.95454545454545
2024,71501,rural,17,mujer,19,76,25.0
2024,71501,rural,18,hombre,27,85,31.764705882352942
2024,71501,rural,18,mujer,19,74,25.675675675675677
2024,71501,rural,19,hombre,32,105,30.476190476190474
2024,71501,rural,19,mujer,31,84,36.904761904761905
2024,71501,rural,20,hombre,27,96,28.125
2024,71501,rural,20,mujer,26,81,32.098765432098766
2024,71501,rural,21,hombre,27,92,29.347826086956523
2024,71501,rural,21,mujer,25,57,43.85964912280702
2024,71501,rural,22,hombre,34,95,35.78947368421053
2024,71501,rural,22,mujer,24,74,32.432432432432435
2024,71501,rural,23,hombre,49,114,42.98245614035088
2024,71501,rural,23,mujer,37,87,42.52873563218391
2024,71501,rural,24,hombre,49,134,36.56716417910448
2024,71501,rural,24,mujer,31,83,37.34939759036145
2024,71501,rural,25,hombre,39,106,36.79245283018868
2024,71501,rural,25,mujer,33,89,37.07865168539326
2024,71501,rural,26,hombre,49,123,39.83739837398374
2024,71501,rural,26,mujer,30,77,38.96103896103896
2024,71501,rural,27,hombre,32,98,32.6530612244898
2024,71501,rural,27,mujer,42,95,44.21052631578947
2024,71501,rural,28,hombre,48,130,36.92307692307692
2024,71501,rural,28,mujer,28,87,32.18390804597701
2024,71501,urbana,16,hombre,31,268,11.567164179104477
2024,71501,urbana,16,mujer,32,268,11.940298507462687
2024,71501,urbana,17,hombre,34,280,12.142857142857142
2024,71501,urbana,17,mujer,38,267,14.232209737827715
2024,71501,urbana,18,hombre,27,194,13.917525773195877
2024,71501,urbana,18,mujer,31,227,13.656387665198238
2024,71501,urbana,19,hombre,23,189,12.16931216931217
2024,71501,urbana,19,mujer,31,178,17.415730337078653
2024,71501,urbana,20,hombre,17,135,12.592592592592593
2024,71501,urbana,20,mujer,30,200,15.0
2024,71501,urbana,21,hombre,25,166,15.060240963855422
2024,71501,urbana,21,mujer,23,184,12.5
2024,71501,urbana,22,hombre,35,170,20.58823529411765
2024,71501,urbana,22,mujer,42,198,21.21212121212121
2024,71501,urbana,23,hombre,43,182,23.626373626373628
2024,71501,urbana,23,mujer,43,207,20.77294685990338
2024,71501,urbana,24,hombre,47,209,22.48803827751196
2024,71501,urbana,24,mujer,49,199,24.623115577889447
2024,71501,urbana,25,hombre,35,195,17.94871794871795
2024,71501,urbana,25,mujer,34,178,19.10112359550562
2024,71501,urbana,26,hombre,36,173,20.809248554913296
2024,71501,urbana,26,mujer,46,185,24.864864864864863
2024,71501,urbana,27,hombre,45,186,24.193548387096776
2024,71501,urbana,27,mujer,50,193,25.906735751295336
2024,71501,urbana,28,hombre,44,199,22.110552763819097
2024,71501,urbana,28,mujer,42,182,23.076923076923077
2024,71502,rural,16,hombre,2,6,33.333333333333336
2024,71502,rural,16,mujer,2,6,33.333333333333336
2024,71502,rural,17,hombre,1,13,7.6923076923076925
2024,71502,rural,17,mujer,0,8,0.0
2024,71502,rural,18,hombre,1,6,16.666666666666668
2024,71502,rural,18,mujer,2,6,33.333333333333336
2024,71502,rural,19,hombre,5,8,62.5
2024,71502,rural,19,mujer,1,13,7.6923076923076925
2024,71502,rural,20,hombre,2,10,20.0
2024,71502,rural,20,mujer,1,5,20.0
2024,71502,rural,21,hombre,1,9,11.11111111111111
2024,71502,rural,21,mujer,0,4,0.0
2024,71502,rural,22,hombre,3,5,60.0
2024,71502,rural,22,mujer,2,9,22.22222222222222
2024,71502,rural,23,hombre,6,14,42.857142857142854
2024,71502,rural,23,mujer,1,9,11.11111111111111
2024,71502,rural,24,hombre,3,13,23.076923076923077
2024,71502,rural,24,mujer,7,17,41.1764705882353
2024,71502,rural,25,hombre,6,15,40.0
2024,71502,rural,25,mujer,1,8,12.5
2024,71502,rural,26,hombre,3,8,37.5
2024,71502,rural,26,mujer,1,7,14.285714285714286
2024,71502,rural,27,hombre,2,11,18.181818181818183
2024,71502,rural,27,mujer,4,12,33.333333333333336
2024,71502,rural,28,hombre,3,20,15.0
2024,71502,rural,28,mujer,3,11,27.272727272727273
2024,71502,urbana,16,hombre,3,62,4.838709677419355
2024,71502,urbana,16,mujer,5,70,7.142857142857143
2024,71502,urbana,17,hombre,6,62,9.67741935483871
2024,71502,urbana,17,mujer,4,63,6.349206349206349
2024,71502,urbana,18,hombre,1,30,3.3333333333333335
2024,71502,urbana,18,mujer,3,61,4.918032786885246
2024,71502,urbana,19,hombre,7,37,18.91891891891892
2024,71502,urbana,19,mujer,5,39,12.820512820512821
2024,71502,urbana,20,hombre,3,23,13.043478260869565
2024,71502,urbana,20,mujer,4,24,16.666666666666668
2024,71502,urbana,21,hombre,5,51,9.803921568627452
2024,71502,urbana,21,mujer,6,43,13.953488372093023
2024,71502,urbana,22,hombre,2,42,4.761904761904762
2024,71502,urbana,22,mujer,5,49,10.204081632653061
2024,71502,urbana,23,hombre,9,49,18.367346938775512
2024,71502,urbana,23,mujer,3,37,8.108108108108109
2024,71502,urbana,24,hombre,7,38,18.42105263157895
2024,71502,urbana,24,mujer,7,50,14.0
2024,71502,urbana,25,hombre,12,46,26.08695652173913
2024,71502,urbana,25,mujer,7,42,16.666666666666668
2024,71502,urbana,26,hombre,7,42,16.666666666666668
2024,71502,urbana,26,mujer,7,38,18.42105263157895
2024,71502,urbana,27,hombre,7,37,18.91891891891892
2024,71502,urbana,27,mujer,9,47,19.148936170212767
2024,71502,urbana,28,hombre,9,42,21.428571428571427
2024,71502,urbana,28,mujer,5,36,13.88888888888889
2024,71503,rural,16,hombre,21,123,17.073170731707318
2024,71503,rural,16,mujer,14,106,13.20754716981132
2024,71503,rural,17,hombre,28,134,20.895522388059703
2024,71503,rural,17,mujer,11,104,10.576923076923077
2024,71503,rural,18,hombre,28,121,23.140495867768596
2024,71503,rural,18,mujer,24,94,25.53191489361702
2024,71503,rural,19,hombre,25,122,20.491803278688526
2024,71503,rural,19,mujer,16,116,13.793103448275861
2024,71503,rural,20,hombre,34,140,24.285714285714285
2024,71503,rural,20,mujer,14,90,15.555555555555555
2024,71503,rural,21,hombre,27,118,22.88135593220339
2024,71503,rural,21,mujer,26,91,28.571428571428573
2024,71503,rural,22,hombre,39,129,30.232558139534884
2024,71503,rural,22,mujer,18,100,18.0
2024,71503,rural,23,hombre,35,161,21.73913043478261
2024,71503,rural,23,mujer,31,106,29.245283018867923
2024,71503,rural,24,hombre,41,167,24.550898203592816
2024,71503,rural,24,mujer,36,124,29.032258064516128
2024,71503,rural,25,hombre,37,152,24.342105263157894
2024,71503,rural,25,mujer,29,111,26.126126126126128
2024,71503,rural,26,hombre,32,129,24.8062015503876
2024,71503,rural,26,mujer,26,118,22.033898305084747
2024,71503,rural,27,hombre,49,157,31.21019108280255
2024,71503,rural,27,mujer,21,93,22.580645161290324
2024,71503,rural,28,hombre,41,135,30.37037037037037
2024,71503,rural,28,mujer,20,97,20.61855670103093
2024,71503,urbana,16,hombre,4,35,11.428571428571429
2024,71503,urbana,16,mujer,4,33,12.121212121212121
2024,71503,urbana,17,hombre,4,38,10.526315789473685
2024,71503,urbana,17,mujer,1,30,3.3333333333333335
2024,71503,urbana,18,hombre,2,30,6.666666666666667
2024,71503,urbana,18,mujer,3,29,10.344827586206897
2024,71503,urbana,19,hombre,2,20,10.0
2024,71503,urbana,19,mujer,1,15,6.666666666666667
2024,71503,urbana,20,hombre,0,26,0.0
2024,71503,urbana,20,mujer,3,16,18.75
2024,71503,urbana,21,hombre,3,10,30.0
2024,71503,urbana,21,mujer,3,20,15.0
2024,71503,urbana,22,hombre,1,16,6.25
2024,71503,urbana,22,mujer,2,18,11.11111111111111
2024,71503,urbana,23,hombre,3,19,15.789473684210526
2024,71503,urbana,23,mujer,3,25,12.0
2024,71503,urbana,24,hombre,6,30,20.0
2024,71503,urbana,24,mujer,5,23,21.73913043478261
2024,71503,urbana,25,hombre,2,18,11.11111111111111
2024,71503,urbana,25,mujer,7,23,30.434782608695652
2024,71503,urbana,26,hombre,5,20,25.0
2024,71503,urbana,26,mujer,10,28,35.714285714285715
2024,71503,urbana,27,hombre,4,22,18.181818181818183
2024,71503,urbana,27,mujer,7,24,29.166666666666668
2024,71503,urbana,28,hombre,6,13,46.15384615384615
2024,71503,urbana,28,mujer,6,21,28.571428571428573
2024,80101,rural,16,hombre,4,66,6.0606060606060606
2024,80101,rural,16,mujer,5,57,8.771929824561404
2024,80101,rural,17,hombre,13,71,18.309859154929576
2024,80101,rural,17,mujer,11,54,20.37037037037037
2024,80101,rural,18,hombre,30,61,49.18032786885246
2024,80101,rural,18,mujer,17,53,32.075471698113205
2024,80101,rural,19,hombre,24,55,43.63636363636363
2024,80101,rural,19,mujer,16,63,25.396825396825395
2024,80101,rural,20,hombre,58,85,68.23529411764706
2024,80101,rural,20,mujer,18,58,31.03448275862069
2024,80101,rural,21,hombre,50,91,54.94505494505494
2024,80101,rural,21,mujer,20,48,41.666666666666664
2024,80101,rural,22,hombre,42,84,50.0
2024,80101,rural,22,mujer,10,35,28.571428571428573
2024,80101,rural,23,hombre,30,77,38.96103896103896
2024,80101,rural,23,mujer,12,55,21.818181818181817
2024,80101,rural,24,hombre,10,57,17.54385964912281
2024,80101,rural,24,mujer,9,36,25.0
2024,80101,rural,25,hombre,9,52,17.307692307692307
2024,80101,rural,25,mujer,7,35,20.0
2024,80101,rural,26,hombre,6,49,12.244897959183673
2024,80101,rural,26,mujer,3,51,5.882352941176471
2024,80101,rural,27,hombre,8,51,15.686274509803921
2024,80101,rural,27,mujer,9,37,24.324324324324323
2024,80101,rural,28,hombre,12,39,30.76923076923077
2024,80101,rural,28,mujer,6,43,13.953488372093023
2024,80101,urbana,16,hombre,109,1179,9.245122985581
2024,80101,urbana,16,mujer,103,1223,8.421913327882256
2024,80101,urbana,17,hombre,200,1243,16.090104585679807
2024,80101,urbana,17,mujer,177,1218,14.532019704433498
2024,80101,urbana,18,hombre,372,1379,26.976069615663523
2024,80101,urbana,18,mujer,280,1196,23.411371237458194
2024,80101,urbana,19,hombre,280,1129,24.80070859167405
2024,80101,urbana,19,mujer,296,1131,26.171529619805483
2024,80101,urbana,20,hombre,287,1130,25.398230088495577
2024,80101,urbana,20,mujer,281,1098,25.591985428051
2024,80101,urbana,21,hombre,238,1089,21.85491276400367
2024,80101,urbana,21,mujer,239,1099,21.747042766151047
2024,80101,urbana,22,hombre,247,1066,23.170731707317074
2024,80101,urbana,22,mujer,203,1094,18.555758683729433
2024,80101,urbana,23,hombre,276,1215,22.71604938271605
2024,80101,urbana,23,mujer,182,1163,15.649183147033535
2024,80101,urbana,24,hombre,227,1218,18.637110016420362
2024,80101,urbana,24,mujer,169,1202,14.059900166389351
2024,80101,urbana,25,hombre,160,1046,15.296367112810707
2024,80101,urbana,25,mujer,139,1109,12.533814247069431
2024,80101,urbana,26,hombre,172,1007,17.080436941410127
2024,80101,urbana,26,mujer,165,1108,14.891696750902527
2024,80101,urbana,27,hombre,166,1103,15.049864007252946
2024,80101,urbana,27,mujer,144,1176,12.244897959183673
2024,80101,urbana,28,hombre,152,1115,13.632286995515695
2024,80101,urbana,28,mujer,123,1064,11.56015037593985
2024,80102,rural,16,hombre,19,74,25.675675675675677
2024,80102,rural,16,mujer,17,60,28.333333333333332
2024,80102,rural,17,hombre,17,66,25.757575757575758
2024,80102,rural,17,mujer,17,59,28.8135593220339
2024,80102,rural,18,hombre,41,87,47.12643678160919
2024,80102,rural,18,mujer,15,38,39.473684210526315
2024,80102,rural,19,hombre,15,52,28.846153846153847
2024,80102,rural,19,mujer,17,60,28.333333333333332
2024,80102,rural,20,hombre,25,59,42.3728813559322
2024,80102,rural,20,mujer,31,62,50.0
2024,80102,rural,21,hombre,26,69,37.68115942028985
2024,80102,rural,21,mujer,25,65,38.46153846153846
2024,80102,rural,22,hombre,30,62,48.38709677419355
2024,80102,rural,22,mujer,15,45,33.333333333333336
2024,80102,rural,23,hombre,53,95,55.78947368421053
2024,80102,rural,23,mujer,33,78,42.30769230769231
2024,80102,rural,24,hombre,19,70,27.142857142857142
2024,80102,rural,24,mujer,32,77,41.55844155844156
2024,80102,rural,25,hombre,45,92,48.91304347826087
2024,80102,rural,25,mujer,24,68,35.294117647058826
2024,80102,rural,26,hombre,31,77,40.25974025974026
2024,80102,rural,26,mujer,24,64,37.5
2024,80102,rural,27,hombre,27,71,38.028169014084504
2024,80102,rural,27,mujer,17,47,36.170212765957444
2024,80102,rural,28,hombre,29,72,40.27777777777778
2024,80102,rural,28,mujer,24,63,38.095238095238095
2024,80201,rural,16,hombre,5,108,4.62962962962963
2024,80201,rural,16,mujer,13,99,13.131313131313131
2024,80201,rural,17,hombre,27,143,18.88111888111888
2024,80201,rural,17,mujer,14,111,12.612612612612613
2024,80201,rural,18,hombre,59,191,30.89005235602094
2024,80201,rural,18,mujer,9,91,9.89010989010989
2024,80201,rural,19,hombre,30,121,24.793388429752067
2024,80201,rural,19,mujer,13,84,15.476190476190476
2024,80201,rural,20,hombre,14,100,14.0
2024,80201,rural,20,mujer,15,77,19.48051948051948
2024,80201,rural,21,hombre,22,117,18.803418803418804
2024,80201,rural,21,mujer,10,78,12.820512820512821
2024,80201,rural,22,hombre,17,82,20.73170731707317
2024,80201,rural,22,mujer,14,81,17.28395061728395
2024,80201,rural,23,hombre,14,127,11.023622047244094
2024,80201,rural,23,mujer,7,89,7.865168539325842
2024,80201,rural,24,hombre,19,90,21.11111111111111
2024,80201,rural,24,mujer,22,105,20.952380952380953
2024,80201,rural,25,hombre,16,74,21.62162162162162
2024,80201,rural,25,mujer,13,76,17.105263157894736
2024,80201,rural,26,hombre,13,71,18.309859154929576
2024,80201,rural,26,mujer,9,70,12.857142857142858
2024,80201,rural,27,hombre,13,85,15.294117647058824
2024,80201,rural,27,mujer,11,95,11.578947368421053
2024,80201,rural,28,hombre,20,98,20.408163265306122
2024,80201,rural,28,mujer,8,79,10.126582278481013
2024,80201,urbana,16,hombre,66,1097,6.01640838650866
2024,80201,urbana,16,mujer,65,1033,6.292352371732817
2024,80201,urbana,17,hombre,108,1110,9.72972972972973
2024,80201,urbana,17,mujer,81,1028,7.879377431906615
2024,80201,urbana,18,hombre,225,986,22.81947261663286
2024,80201,urbana,18,mujer,78,820,9.512195121951219
2024,80201,urbana,19,hombre,179,866,20.669745958429562
2024,80201,urbana,19,mujer,92,879,10.466439135381115
2024,80201,urbana,20,hombre,127,828,15.33816425120773
2024,80201,urbana,20,mujer,88,779,11.296534017971759
2024,80201,urbana,21,hombre,111,787,14.104193138500635
2024,80201,urbana,21,mujer,77,800,9.625
2024,80201,urbana,22,hombre,123,828,14.855072463768115
2024,80201,urbana,22,mujer,124,972,12.757201646090534
2024,80201,urbana,23,hombre,125,868,14.400921658986174
2024,80201,urbana,23,mujer,88,934,9.421841541755889
2024,80201,urbana,24,hombre,138,964,14.315352697095436
2024,80201,urbana,24,mujer,107,982,10.896130346232178
2024,80201,urbana,25,hombre,76,745,10.201342281879194
2024,80201,urbana,25,mujer,97,871,11.136624569460391
2024,80201,urbana,26,hombre,95,772,12.305699481865284
2024,80201,urbana,26,mujer,107,845,12.662721893491124
2024,80201,urbana,27,hombre,100,839,11.918951132300357
2024,80201,urbana,27,mujer,85,895,9.497206703910615
2024,80201,urbana,28,hombre,91,757,12.021136063408191
2024,80201,urbana,28,mujer,84,821,10.23142509135201
2024,80202,rural,16,hombre,6,56,10.714285714285714
2024,80202,rural,16,mujer,7,52,13.461538461538462
2024,80202,rural,17,hombre,9,39,23.076923076923077
2024,80202,rural,17,mujer,8,48,16.666666666666668
2024,80202,rural,18,hombre,8,32,25.0
2024,80202,rural,18,mujer,4,44,9.090909090909092
2024,80202,rural,19,hombre,4,48,8.333333333333334
2024,80202,rural,19,mujer,5,31,16.129032258064516
2024,80202,rural,20,hombre,6,34,17.647058823529413
2024,80202,rural,20,mujer,5,24,20.833333333333332
2024,80202,rural,21,hombre,3,38,7.894736842105263
2024,80202,rural,21,mujer,4,46,8.695652173913043
2024,80202,rural,22,hombre,4,49,8.16326530612245
2024,80202,rural,22,mujer,5,39,12.820512820512821
2024,80202,rural,23,hombre,4,52,7.6923076923076925
2024,80202,rural,23,mujer,9,55,16.363636363636363
2024,80202,rural,24,hombre,8,58,13.793103448275861
2024,80202,rural,24,mujer,10,53,18.867924528301888
2024,80202,rural,25,hombre,4,36,11.11111111111111
2024,80202,rural,25,mujer,3,38,7.894736842105263
2024,80202,rural,26,hombre,11,67,16.417910447761194
2024,80202,rural,26,mujer,3,39,7.6923076923076925
2024,80202,rural,27,hombre,11,54,20.37037037037037
2024,80202,rural,27,mujer,0,32,0.0
2024,80202,rural,28,hombre,4,47,8.51063829787234
2024,80202,rural,28,mujer,2,46,4.3478260869565215
2024,80202,urbana,16,hombre,29,339,8.55457227138643
2024,80202,urbana,16,mujer,30,348,8.620689655172415
2024,80202,urbana,17,hombre,77,372,20.698924731182796
2024,80202,urbana,17,mujer,36,343,10.495626822157435
2024,80202,urbana,18,hombre,207,466,44.4206008583691
2024,80202,urbana,18,mujer,40,269,14.869888475836431
2024,80202,urbana,19,hombre,117,360,32.5
2024,80202,urbana,19,mujer,28,240,11.666666666666666
2024,80202,urbana,20,hombre,61,276,22.10144927536232
2024,80202,urbana,20,mujer,23,256,8.984375
2024,80202,urbana,21,hombre,38,242,15.702479338842975
2024,80202,urbana,21,mujer,38,246,15.447154471544716
2024,80202,urbana,22,hombre,40,282,14.184397163120567
2024,80202,urbana,22,mujer,23,253,9.090909090909092
2024,80202,urbana,23,hombre,53,308,17.207792207792206
2024,80202,urbana,23,mujer,41,283,14.487632508833922
2024,80202,urbana,24,hombre,42,313,13.418530351437699
2024,80202,urbana,24,mujer,47,313,15.015974440894569
2024,80202,urbana,25,hombre,40,258,15.503875968992247
2024,80202,urbana,25,mujer,42,286,14.685314685314685
2024,80202,urbana,26,hombre,49,277,17.689530685920577
2024,80202,urbana,26,mujer,32,266,12.030075187969924
2024,80202,urbana,27,hombre,45,251,17.92828685258964
2024,80202,urbana,27,mujer,47,306,15.359477124183007
2024,80202,urbana,28,hombre,35,238,14.705882352941176
2024,80202,urbana,28,mujer,49,274,17.883211678832115
2024,80301,rural,16,hombre,4,58,6.896551724137931
2024,80301,rural,16,mujer,3,40,7.5
2024,80301,rural,17,hombre,5,50,10.0
2024,80301,rural,17,mujer,3,41,7.317073170731708
2024,80301,rural,18,hombre,5,36,13.88888888888889
2024,80301,rural,18,mujer,7,33,21.21212121212121
2024,80301,rural,19,hombre,5,48,10.416666666666666
2024,80301,rural,19,mujer,5,40,12.5
2024,80301,rural,20,hombre,8,39,20.512820512820515
2024,80301,rural,20,mujer,7,30,23.333333333333332
2024,80301,rural,21,hombre,6,32,18.75
2024,80301,rural,21,mujer,9,28,32.142857142857146
2024,80301,rural,22,hombre,8,39,20.512820512820515
2024,80301,rural,22,mujer,6,28,21.428571428571427
2024,80301,rural,23,hombre,6,49,12.244897959183673
2024,80301,rural,23,mujer,10,34,29.41176470588235
2024,80301,rural,24,hombre,6,38,15.789473684210526
2024,80301,rural,24,mujer,12,31,38.70967741935484
2024,80301,rural,25,hombre,6,42,14.285714285714286
2024,80301,rural,25,mujer,10,36,27.77777777777778
2024,80301,rural,26,hombre,14,47,29.78723404255319
2024,80301,rural,26,mujer,5,26,19.23076923076923
2024,80301,rural,27,hombre,10,42,23.80952380952381
2024,80301,rural,27,mujer,8,41,19.51219512195122
2024,80301,rural,28,hombre,3,37,8.108108108108109
2024,80301,rural,28,mujer,7,37,18.91891891891892
2024,80301,urbana,16,hombre,8,57,14.035087719298245
2024,80301,urbana,16,mujer,5,82,6.097560975609756
2024,80301,urbana,17,hombre,12,78,15.384615384615385
2024,80301,urbana,17,mujer,7,68,10.294117647058824
2024,80301,urbana,18,hombre,22,72,30.555555555555557
2024,80301,urbana,18,mujer,8,49,16.3265306122449
2024,80301,urbana,19,hombre,16,55,29.09090909090909
2024,80301,urbana,19,mujer,1,34,2.9411764705882355
2024,80301,urbana,20,hombre,7,42,16.666666666666668
2024,80301,urbana,20,mujer,5,32,15.625
2024,80301,urbana,21,hombre,7,35,20.0
2024,80301,urbana,21,mujer,10,45,22.22222222222222
2024,80301,urbana,22,hombre,14,37,37.83783783783784
2024,80301,urbana,22,mujer,11,43,25.58139534883721
2024,80301,urbana,23,hombre,14,47,29.78723404255319
2024,80301,urbana,23,mujer,7,42,16.666666666666668
2024,80301,urbana,24,hombre,11,47,23.404255319148938
2024,80301,urbana,24,mujer,13,59,22.033898305084747
2024,80301,urbana,25,hombre,6,39,15.384615384615385
2024,80301,urbana,25,mujer,15,53,28.30188679245283
2024,80301,urbana,26,hombre,13,54,24.074074074074073
2024,80301,urbana,26,mujer,14,60,23.333333333333332
2024,80301,urbana,27,hombre,10,46,21.73913043478261
2024,80301,urbana,27,mujer,16,51,31.372549019607842
2024,80301,urbana,28,hombre,13,52,25.0
2024,80301,urbana,28,mujer,11,61,18.0327868852459
2024,80302,rural,16,hombre,8,246,3.252032520325203
2024,80302,rural,16,mujer,8,236,3.389830508474576
2024,80302,rural,17,hombre,12,209,5.741626794258373
2024,80302,rural,17,mujer,12,228,5.2631578947368425
2024,80302,rural,18,hombre,13,224,5.803571428571429
2024,80302,rural,18,mujer,11,207,5.314009661835748
2024,80302,rural,19,hombre,10,198,5.05050505050505
2024,80302,rural,19,mujer,7,172,4.069767441860465
2024,80302,rural,20,hombre,11,174,6.32183908045977
2024,80302,rural,20,mujer,12,203,5.911330049261084
2024,80302,rural,21,hombre,20,208,9.615384615384615
2024,80302,rural,21,mujer,17,205,8.292682926829269
2024,80302,rural,22,hombre,11,160,6.875
2024,80302,rural,22,mujer,12,172,6.976744186046512
2024,80302,rural,23,hombre,15,191,7.853403141361256
2024,80302,rural,23,mujer,16,197,8.121827411167512
2024,80302,rural,24,hombre,14,192,7.291666666666667
2024,80302,rural,24,mujer,12,159,7.547169811320755
2024,80302,rural,25,hombre,10,187,5.347593582887701
2024,80302,rural,25,mujer,11,164,6.7073170731707314
2024,80302,rural,26,hombre,18,185,9.72972972972973
2024,80302,rural,26,mujer,14,178,7.865168539325842
2024,80302,rural,27,hombre,20,198,10.1010101010101
2024,80302,rural,27,mujer,15,166,9.036144578313253
2024,80302,rural,28,hombre,17,190,8.947368421052632
2024,80302,rural,28,mujer,12,157,7.643312101910828
2024,80302,urbana,16,hombre,22,227,9.691629955947137
2024,80302,urbana,16,mujer,25,247,10.121457489878543
2024,80302,urbana,17,hombre,19,261,7.2796934865900385
2024,80302,urbana,17,mujer,28,223,12.556053811659194
2024,80302,urbana,18,hombre,13,152,8.552631578947368
2024,80302,urbana,18,mujer,17,189,8.994708994708995
2024,80302,urbana,19,hombre,14,170,8.235294117647058
2024,80302,urbana,19,mujer,18,134,13.432835820895523
2024,80302,urbana,20,hombre,12,131,9.16030534351145
2024,80302,urbana,20,mujer,18,152,11.842105263157896
2024,80302,urbana,21,hombre,15,132,11.363636363636363
2024,80302,urbana,21,mujer,17,140,12.142857142857142
2024,80302,urbana,22,hombre,30,160,18.75
2024,80302,urbana,22,mujer,22,168,13.095238095238095
2024,80302,urbana,23,hombre,24,157,15.286624203821656
2024,80302,urbana,23,mujer,37,172,21.511627906976745
2024,80302,urbana,24,hombre,27,152,17.763157894736842
2024,80302,urbana,24,mujer,37,216,17.12962962962963
2024,80302,urbana,25,hombre,39,135,28.88888888888889
2024,80302,urbana,25,mujer,45,166,27.10843373493976
2024,80302,urbana,26,hombre,31,159,19.49685534591195
2024,80302,urbana,26,mujer,45,207,21.73913043478261
2024,80302,urbana,27,hombre,36,159,22.641509433962263
2024,80302,urbana,27,mujer,36,160,22.5
2024,80302,urbana,28,hombre,37,182,20.32967032967033
2024,80302,urbana,28,mujer,38,187,20.32085561497326
2024,80303,rural,16,hombre,6,54,11.11111111111111
2024,80303,rural,16,mujer,5,43,11.627906976744185
2024,80303,rural,17,hombre,4,63,6.349206349206349
2024,80303,rural,17,mujer,9,51,17.647058823529413
2024,80303,rural,18,hombre,6,34,17.647058823529413
2024,80303,rural,18,mujer,5,39,12.820512820512821
2024,80303,rural,19,hombre,4,34,11.764705882352942
2024,80303,rural,19,mujer,7,33,21.21212121212121
2024,80303,rural,20,hombre,6,33,18.181818181818183
2024,80303,rural,20,mujer,5,24,20.833333333333332
2024,80303,rural,21,hombre,7,39,17.94871794871795
2024,80303,rural,21,mujer,9,47,19.148936170212767
2024,80303,rural,22,hombre,11,35,31.428571428571427
2024,80303,rural,22,mujer,4,28,14.285714285714286
2024,80303,rural,23,hombre,7,33,21.21212121212121
2024,80303,rural,23,mujer,9,44,20.454545454545453
2024,80303,rural,24,hombre,14,58,24.137931034482758
2024,80303,rural,24,mujer,8,46,17.391304347826086
2024,80303,rural,25,hombre,10,41,24.390243902439025
2024,80303,rural,25,mujer,6,34,17.647058823529413
2024,80303,rural,26,hombre,13,55,23.636363636363637
2024,80303,rural,26,mujer,9,34,26.470588235294116
2024,80303,rural,27,hombre,8,46,17.391304347826086
2024,80303,rural,27,mujer,10,45,22.22222222222222
2024,80303,rural,28,hombre,17,49,34.69387755102041
2024,80303,rural,28,mujer,5,39,12.820512820512821
2024,80303,urbana,16,hombre,4,52,7.6923076923076925
2024,80303,urbana,16,mujer,9,63,14.285714285714286
2024,80303,urbana,17,hombre,5,54,9.25925925925926
2024,80303,urbana,17,mujer,5,53,9.433962264150944
2024,80303,urbana,18,hombre,2,38,5.2631578947368425
2024,80303,urbana,18,mujer,2,41,4.878048780487805
2024,80303,urbana,19,hombre,5,34,14.705882352941176
2024,80303,urbana,19,mujer,4,30,13.333333333333334
2024,80303,urbana,20,hombre,7,39,17.94871794871795
2024,80303,urbana,20,mujer,3,33,9.090909090909092
2024,80303,urbana,21,hombre,2,28,7.142857142857143
2024,80303,urbana,21,mujer,5,32,15.625
2024,80303,urbana,22,hombre,9,42,21.428571428571427
2024,80303,urbana,22,mujer,4,35,11.428571428571429
2024,80303,urbana,23,hombre,8,42,19.047619047619047
2024,80303,urbana,23,mujer,6,39,15.384615384615385
2024,80303,urbana,24,hombre,16,45,35.55555555555556
2024,80303,urbana,24,mujer,12,47,25.53191489361702
2024,80303,urbana,25,hombre,13,35,37.142857142857146
2024,80303,urbana,25,mujer,9,39,23.076923076923077
2024,80303,urbana,26,hombre,14,45,31.11111111111111
2024,80303,urbana,26,mujer,8,37,21.62162162162162
2024,80303,urbana,27,hombre,17,50,34.0
2024,80303,urbana,27,mujer,11,46,23.91304347826087
2024,80303,urbana,28,hombre,12,48,25.0
2024,80303,urbana,28,mujer,11,34,32.35294117647059
2024,80304,rural,16,hombre,6,90,6.666666666666667
2024,80304,rural,16,mujer,5,55,9.090909090909092
2024,80304,rural,17,hombre,7,70,10.0
2024,80304,rural,17,mujer,6,65,9.23076923076923
2024,80304,rural,18,hombre,10,64,15.625
2024,80304,rural,18,mujer,6,48,12.5
2024,80304,rural,19,hombre,6,44,13.636363636363637
2024,80304,rural,19,mujer,6,50,12.0
2024,80304,rural,20,hombre,7,66,10.606060606060606
2024,80304,rural,20,mujer,9,48,18.75
2024,80304,rural,21,hombre,7,46,15.217391304347826
2024,80304,rural,21,mujer,6,48,12.5
2024,80304,rural,22,hombre,6,49,12.244897959183673
2024,80304,rural,22,mujer,10,54,18.51851851851852
2024,80304,rural,23,hombre,6,64,9.375
2024,80304,rural,23,mujer,7,54,12.962962962962964
2024,80304,rural,24,hombre,8,66,12.121212121212121
2024,80304,rural,24,mujer,12,56,21.428571428571427
2024,80304,rural,25,hombre,9,51,17.647058823529413
2024,80304,rural,25,mujer,11,59,18.64406779661017
2024,80304,rural,26,hombre,12,73,16.438356164383563
2024,80304,rural,26,mujer,9,46,19.565217391304348
2024,80304,rural,27,hombre,6,65,9.23076923076923
2024,80304,rural,27,mujer,15,64,23.4375
2024,80304,rural,28,hombre,7,67,10.447761194029852
2024,80304,rural,28,mujer,7,60,11.666666666666666
2024,80304,urbana,16,hombre,14,150,9.333333333333334
2024,80304,urbana,16,mujer,19,124,15.32258064516129
2024,80304,urbana,17,hombre,53,183,28.961748633879782
2024,80304,urbana,17,mujer,18,147,12.244897959183673
2024,80304,urbana,18,hombre,122,255,47.84313725490196
2024,80304,urbana,18,mujer,16,88,18.181818181818183
2024,80304,urbana,19,hombre,71,161,44.099378881987576
2024,80304,urbana,19,mujer,12,88,13.636363636363637
2024,80304,urbana,20,hombre,46,114,40.35087719298246
2024,80304,urbana,20,mujer,14,106,13.20754716981132
2024,80304,urbana,21,hombre,21,103,20.388349514563107
2024,80304,urbana,21,mujer,19,94,20.21276595744681
2024,80304,urbana,22,hombre,19,85,22.352941176470587
2024,80304,urbana,22,mujer,24,105,22.857142857142858
2024,80304,urbana,23,hombre,22,119,18.48739495798319
2024,80304,urbana,23,mujer,28,109,25.68807339449541
2024,80304,urbana,24,hombre,26,105,24.761904761904763
2024,80304,urbana,24,mujer,28,127,22.04724409448819
2024,80304,urbana,25,hombre,29,98,29.591836734693878
2024,80304,urbana,25,mujer,24,114,21.05263157894737
2024,80304,urbana,26,hombre,27,114,23.68421052631579
2024,80304,urbana,26,mujer,25,113,22.123893805309734
2024,80304,urbana,27,hombre,20,100,20.0
2024,80304,urbana,27,mujer,22,116,18.96551724137931
2024,80304,urbana,28,hombre,28,94,29.78723404255319
2024,80304,urbana,28,mujer,24,113,21.238938053097346
2024,80401,rural,16,hombre,3,45,6.666666666666667
2024,80401,rural,16,mujer,8,47,17.02127659574468
2024,80401,rural,17,hombre,9,58,15.517241379310345
2024,80401,rural,17,mujer,5,35,14.285714285714286
2024,80401,rural,18,hombre,6,36,16.666666666666668
2024,80401,rural,18,mujer,6,34,17.647058823529413
2024,80401,rural,19,hombre,4,40,10.0
2024,80401,rural,19,mujer,5,44,11.363636363636363
2024,80401,rural,20,hombre,2,34,5.882352941176471
2024,80401,rural,20,mujer,1,39,2.5641025641025643
2024,80401,rural,21,hombre,10,61,16.39344262295082
2024,80401,rural,21,mujer,5,38,13.157894736842104
2024,80401,rural,22,hombre,8,31,25.806451612903224
2024,80401,rural,22,mujer,3,26,11.538461538461538
2024,80401,rural,23,hombre,5,48,10.416666666666666
2024,80401,rural,23,mujer,6,30,20.0
2024,80401,rural,24,hombre,11,57,19.29824561403509
2024,80401,rural,24,mujer,7,36,19.444444444444443
2024,80401,rural,25,hombre,8,39,20.512820512820515
2024,80401,rural,25,mujer,6,30,20.0
2024,80401,rural,26,hombre,13,62,20.967741935483872
2024,80401,rural,26,mujer,7,35,20.0
2024,80401,rural,27,hombre,5,33,15.151515151515152
2024,80401,rural,27,mujer,5,30,16.666666666666668
2024,80401,rural,28,hombre,6,44,13.636363636363637
2024,80401,rural,28,mujer,4,33,12.121212121212121
2024,80401,urbana,16,hombre,12,128,9.375
2024,80401,urbana,16,mujer,14,151,9.271523178807946
2024,80401,urbana,17,hombre,21,154,13.636363636363637
2024,80401,urbana,17,mujer,12,120,10.0
2024,80401,urbana,18,hombre,18,103,17.475728155339805
2024,80401,urbana,18,mujer,6,90,6.666666666666667
2024,80401,urbana,19,hombre,17,96,17.708333333333332
2024,80401,urbana,19,mujer,8,97,8.24742268041237
2024,80401,urbana,20,hombre,8,90,8.88888888888889
2024,80401,urbana,20,mujer,15,88,17.045454545454547
2024,80401,urbana,21,hombre,10,75,13.333333333333334
2024,80401,urbana,21,mujer,11,78,14.102564102564102
2024,80401,urbana,22,hombre,18,87,20.689655172413794
2024,80401,urbana,22,mujer,15,87,17.24137931034483
2024,80401,urbana,23,hombre,17,77,22.07792207792208
2024,80401,urbana,23,mujer,19,104,18.26923076923077
2024,80401,urbana,24,hombre,19,107,17.757009345794394
2024,80401,urbana,24,mujer,14,113,12.389380530973451
2024,80401,urbana,25,hombre,14,80,17.5
2024,80401,urbana,25,mujer,16,84,19.047619047619047
2024,80401,urbana,26,hombre,15,81,18.51851851851852
2024,80401,urbana,26,mujer,18,85,21.176470588235293
2024,80401,urbana,27,hombre,16,91,17.582417582417584
2024,80401,urbana,27,mujer,17,114,14.912280701754385
2024,80401,urbana,28,hombre,18,79,22.78481012658228
2024,80401,urbana,28,mujer,16,94,17.02127659574468
2024,80402,rural,16,hombre,17,46,36.95652173913044
2024,80402,rural,16,mujer,14,57,24.56140350877193
2024,80402,rural,17,hombre,27,63,42.857142857142854
2024,80402,rural,17,mujer,26,53,49.056603773584904
2024,80402,rural,18,hombre,32,62,51.61290322580645
2024,80402,rural,18,mujer,28,57,49.12280701754386
2024,80402,rural,19,hombre,19,64,29.6875
2024,80402,rural,19,mujer,33,65,50.76923076923077
2024,80402,rural,20,hombre,41,85,48.23529411764706
2024,80402,rural,20,mujer,43,87,49.42528735632184
2024,80402,rural,21,hombre,33,75,44.0
2024,80402,rural,21,mujer,23,59,38.983050847457626
2024,80402,rural,22,hombre,39,82,47.5609756097561
2024,80402,rural,22,mujer,28,61,45.90163934426229
2024,80402,rural,23,hombre,34,76,44.73684210526316
2024,80402,rural,23,mujer,22,57,38.59649122807018
2024,80402,rural,24,hombre,36,80,45.0
2024,80402,rural,24,mujer,20,53,37.735849056603776
2024,80402,rural,25,hombre,30,72,41.666666666666664
2024,80402,rural,25,mujer,14,43,32.55813953488372
2024,80402,rural,26,hombre,22,64,34.375
2024,80402,rural,26,mujer,19,49,38.775510204081634
2024,80402,rural,27,hombre,25,74,33.78378378378378
2024,80402,rural,27,mujer,21,61,34.42622950819672
2024,80402,rural,28,hombre,33,69,47.82608695652174
2024,80402,rural,28,mujer,21,46,45.65217391304348
2024,80402,urbana,16,hombre,4,18,22.22222222222222
2024,80402,urbana,16,mujer,3,17,17.647058823529413
2024,80402,urbana,17,hombre,3,27,11.11111111111111
2024,80402,urbana,17,mujer,3,15,20.0
2024,80402,urbana,18,hombre,7,20,35.0
2024,80402,urbana,18,mujer,6,22,27.272727272727273
2024,80402,urbana,19,hombre,7,24,29.166666666666668
2024,80402,urbana,19,mujer,4,21,19.047619047619047
2024,80402,urbana,20,hombre,5,32,15.625
2024,80402,urbana,20,mujer,5,27,18.51851851851852
2024,80402,urbana,21,hombre,6,21,28.571428571428573
2024,80402,urbana,21,mujer,3,20,15.0
2024,80402,urbana,22,hombre,10,21,47.61904761904762
2024,80402,urbana,22,mujer,4,23,17.391304347826086
2024,80402,urbana,23,hombre,9,35,25.714285714285715
2024,80402,urbana,23,mujer,5,19,26.31578947368421
2024,80402,urbana,24,hombre,9,26,34.61538461538461
2024,80402,urbana,24,mujer,2,18,11.11111111111111
2024,80402,urbana,25,hombre,12,23,52.17391304347826
2024,80402,urbana,25,mujer,6,22,27.272727272727273
2024,80402,urbana,26,hombre,5,18,27.77777777777778
2024,80402,urbana,26,mujer,6,15,40.0
2024,80402,urbana,27,hombre,9,20,45.0
2024,80402,urbana,27,mujer,3,16,18.75
2024,80402,urbana,28,hombre,4,13,30.76923076923077
2024,80402,urbana,28,mujer,5,25,20.0
2024,80501,rural,16,hombre,12,139,8.633093525179856
2024,80501,rural,16,mujer,8,94,8.51063829787234
2024,80501,rural,17,hombre,13,120,10.833333333333334
2024,80501,rural,17,mujer,12,117,10.256410256410257
2024,80501,rural,18,hombre,8,81,9.876543209876543
2024,80501,rural,18,mujer,10,63,15.873015873015873
2024,80501,rural,19,hombre,11,85,12.941176470588236
2024,80501,rural,19,mujer,16,76,21.05263157894737
2024,80501,rural,20,hombre,10,75,13.333333333333334
2024,80501,rural,20,mujer,21,81,25.925925925925927
2024,80501,rural,21,hombre,14,74,18.91891891891892
2024,80501,rural,21,mujer,16,74,21.62162162162162
2024,80501,rural,22,hombre,14,74,18.91891891891892
2024,80501,rural,22,mujer,14,82,17.073170731707318
2024,80501,rural,23,hombre,15,91,16.483516483516482
2024,80501,rural,23,mujer,15,79,18.9873417721519
2024,80501,rural,24,hombre,18,108,16.666666666666668
2024,80501,rural,24,mujer,25,104,24.03846153846154
2024,80501,rural,25,hombre,16,103,15.533980582524272
2024,80501,rural,25,mujer,10,65,15.384615384615385
2024,80501,rural,26,hombre,18,84,21.428571428571427
2024,80501,rural,26,mujer,15,73,20.54794520547945
2024,80501,rural,27,hombre,14,79,17.72151898734177
2024,80501,rural,27,mujer,13,77,16.883116883116884
2024,80501,rural,28,hombre,7,84,8.333333333333334
2024,80501,rural,28,mujer,16,71,22.535211267605632
2024,80501,urbana,16,hombre,11,122,9.01639344262295
2024,80501,urbana,16,mujer,16,122,13.114754098360656
2024,80501,urbana,17,hombre,10,100,10.0
2024,80501,urbana,17,mujer,11,117,9.401709401709402
2024,80501,urbana,18,hombre,7,79,8.860759493670885
2024,80501,urbana,18,mujer,5,91,5.4945054945054945
2024,80501,urbana,19,hombre,11,64,17.1875
2024,80501,urbana,19,mujer,19,87,21.839080459770116
2024,80501,urbana,20,hombre,8,97,8.24742268041237
2024,80501,urbana,20,mujer,10,76,13.157894736842104
2024,80501,urbana,21,hombre,10,73,13.698630136986301
2024,80501,urbana,21,mujer,15,79,18.9873417721519
2024,80501,urbana,22,hombre,17,76,22.36842105263158
2024,80501,urbana,22,mujer,15,68,22.058823529411764
2024,80501,urbana,23,hombre,25,94,26.595744680851062
2024,80501,urbana,23,mujer,21,73,28.767123287671232
2024,80501,urbana,24,hombre,22,76,28.94736842105263
2024,80501,urbana,24,mujer,19,90,21.11111111111111
2024,80501,urbana,25,hombre,24,74,32.432432432432435
2024,80501,urbana,25,mujer,17,77,22.07792207792208
2024,80501,urbana,26,hombre,12,65,18.46153846153846
2024,80501,urbana,26,mujer,12,85,14.117647058823529
2024,80501,urbana,27,hombre,18,68,26.470588235294116
2024,80501,urbana,27,mujer,16,75,21.333333333333332
2024,80501,urbana,28,hombre,23,77,29.87012987012987
2024,80501,urbana,28,mujer,12,78,15.384615384615385
2024,80601,rural,16,hombre,5,26,19.23076923076923
2024,80601,rural,16,mujer,12,53,22.641509433962263
2024,80601,rural,17,hombre,3,26,11.538461538461538
2024,80601,rural,17,mujer,5,30,16.666666666666668
2024,80601,rural,18,hombre,9,38,23.68421052631579
2024,80601,rural,18,mujer,2,24,8.333333333333334
2024,80601,rural,19,hombre,4,16,25.0
2024,80601,rural,19,mujer,7,38,18.42105263157895
2024,80601,rural,20,hombre,8,33,24.242424242424242
2024,80601,rural,20,mujer,7,45,15.555555555555555
2024,80601,rural,21,hombre,5,27,18.51851851851852
2024,80601,rural,21,mujer,6,29,20.689655172413794
2024,80601,rural,22,hombre,13,36,36.111111111111114
2024,80601,rural,22,mujer,2,33,6.0606060606060606
2024,80601,rural,23,hombre,8,37,21.62162162162162
2024,80601,rural,23,mujer,7,27,25.925925925925927
2024,80601,rural,24,hombre,7,28,25.0
2024,80601,rural,24,mujer,6,32,18.75
2024,80601,rural,25,hombre,8,39,20.512820512820515
2024,80601,rural,25,mujer,6,25,24.0
2024,80601,rural,26,hombre,8,29,27.586206896551722
2024,80601,rural,26,mujer,6,25,24.0
2024,80601,rural,27,hombre,10,34,29.41176470588235
2024,80601,rural,27,mujer,7,33,21.21212121212121
2024,80601,rural,28,hombre,10,35,28.571428571428573
2024,80601,rural,28,mujer,4,36,11.11111111111111
2024,80602,rural,16,hombre,20,119,16.80672268907563
2024,80602,rural,16,mujer,9,62,14.516129032258064
2024,80602,rural,17,hombre,28,124,22.580645161290324
2024,80602,rural,17,mujer,25,91,27.47252747252747
2024,80602,rural,18,hombre,28,99,28.282828282828284
2024,80602,rural,18,mujer,32,83,38.55421686746988
2024,80602,rural,19,hombre,27,98,27.551020408163264
2024,80602,rural,19,mujer,21,68,30.88235294117647
2024,80602,rural,20,hombre,32,104,30.76923076923077
2024,80602,rural,20,mujer,15,71,21.12676056338028
2024,80602,rural,21,hombre,35,117,29.914529914529915
2024,80602,rural,21,mujer,18,83,21.686746987951807
2024,80602,rural,22,hombre,33,110,30.0
2024,80602,rural,22,mujer,18,88,20.454545454545453
2024,80602,rural,23,hombre,42,143,29.37062937062937
2024,80602,rural,23,mujer,30,94,31.914893617021278
2024,80602,rural,24,hombre,43,134,32.08955223880597
2024,80602,rural,24,mujer,34,127,26.771653543307085
2024,80602,rural,25,hombre,43,140,30.714285714285715
2024,80602,rural,25,mujer,28,83,33.734939759036145
2024,80602,rural,26,hombre,35,137,25.547445255474454
2024,80602,rural,26,mujer,36,113,31.858407079646017
2024,80602,rural,27,hombre,37,128,28.90625
2024,80602,rural,27,mujer,25,114,21.92982456140351
2024,80602,rural,28,hombre,58,149,38.92617449664429
2024,80602,rural,28,mujer,37,122,30.327868852459016
2024,80602,urbana,16,hombre,5,25,20.0
2024,80602,urbana,16,mujer,0,27,0.0
2024,80602,urbana,17,hombre,2,35,5.714285714285714
2024,80602,urbana,17,mujer,2,27,7.407407407407407
2024,80602,urbana,18,hombre,0,14,0.0
2024,80602,urbana,18,mujer,2,17,11.764705882352942
2024,80602,urbana,19,hombre,2,13,15.384615384615385
2024,80602,urbana,19,mujer,5,17,29.41176470588235
2024,80602,urbana,20,hombre,1,18,5.555555555555555
2024,80602,urbana,20,mujer,8,25,32.0
2024,80602,urbana,21,hombre,4,17,23.529411764705884
2024,80602,urbana,21,mujer,1,7,14.285714285714286
2024,80602,urbana,22,hombre,1,22,4.545454545454546
2024,80602,urbana,22,mujer,4,18,22.22222222222222
2024,80602,urbana,23,hombre,3,14,21.428571428571427
2024,80602,urbana,23,mujer,3,25,12.0
2024,80602,urbana,24,hombre,6,19,31.57894736842105
2024,80602,urbana,24,mujer,7,23,30.434782608695652
2024,80602,urbana,25,hombre,8,19,42.10526315789474
2024,80602,urbana,25,mujer,6,18,33.333333333333336
2024,80602,urbana,26,hombre,4,16,25.0
2024,80602,urbana,26,mujer,5,30,16.666666666666668
2024,80602,urbana,27,hombre,9,25,36.0
2024,80602,urbana,27,mujer,8,30,26.666666666666668
2024,80602,urbana,28,hombre,9,25,36.0
2024,80602,urbana,28,mujer,11,28,39.285714285714285
2024,80701,rural,16,hombre,2,18,11.11111111111111
2024,80701,rural,16,mujer,5,17,29.41176470588235
2024,80701,rural,17,hombre,5,24,20.833333333333332
2024,80701,rural,17,mujer,2,15,13.333333333333334
2024,80701,rural,18,hombre,5,15,33.333333333333336
2024,80701,rural,18,mujer,3,16,18.75
2024,80701,rural,19,hombre,6,14,42.857142857142854
2024,80701,rural,19,mujer,3,11,27.272727272727273
2024,80701,rural,20,hombre,3,13,23.076923076923077
2024,80701,rural,20,mujer,1,13,7.6923076923076925
2024,80701,rural,21,hombre,5,12,41.666666666666664
2024,80701,rural,21,mujer,2,10,20.0
2024,80701,rural,22,hombre,4,15,26.666666666666668
2024,80701,rural,22,mujer,2,20,10.0
2024,80701,rural,23,hombre,6,19,31.57894736842105
2024,80701,rural,23,mujer,4,16,25.0
2024,80701,rural,24,hombre,1,17,5.882352941176471
2024,80701,rural,24,mujer,3,13,23.076923076923077
2024,80701,rural,25,hombre,5,17,29.41176470588235
2024,80701,rural,25,mujer,4,13,30.76923076923077
2024,80701,rural,26,hombre,5,12,41.666666666666664
2024,80701,rural,26,mujer,3,14,21.428571428571427
2024,80701,rural,27,hombre,7,23,30.434782608695652
2024,80701,rural,27,mujer,6,13,46.15384615384615
2024,80701,rural,28,hombre,6,20,30.0
2024,80701,rural,28,mujer,3,15,20.0
2024,80701,urbana,16,hombre,4,33,12.121212121212121
2024,80701,urbana,16,mujer,6,37,16.216216216216218
2024,80701,urbana,17,hombre,32,73,43.83561643835616
2024,80701,urbana,17,mujer,2,35,5.714285714285714
2024,80701,urbana,18,hombre,67,103,65.04854368932038
2024,80701,urbana,18,mujer,3,32,9.375
2024,80701,urbana,19,hombre,61,93,65.59139784946237
2024,80701,urbana,19,mujer,6,33,18.181818181818183
2024,80701,urbana,20,hombre,26,50,52.0
2024,80701,urbana,20,mujer,4,35,11.428571428571429
2024,80701,urbana,21,hombre,13,29,44.827586206896555
2024,80701,urbana,21,mujer,10,32,31.25
2024,80701,urbana,22,hombre,6,32,18.75
2024,80701,urbana,22,mujer,9,29,31.03448275862069
2024,80701,urbana,23,hombre,12,42,28.571428571428573
2024,80701,urbana,23,mujer,14,47,29.78723404255319
2024,80701,urbana,24,hombre,12,44,27.272727272727273
2024,80701,urbana,24,mujer,16,36,44.44444444444444
2024,80701,urbana,25,hombre,12,30,40.0
2024,80701,urbana,25,mujer,19,45,42.22222222222222
2024,80701,urbana,26,hombre,10,35,28.571428571428573
2024,80701,urbana,26,mujer,9,36,25.0
2024,80701,urbana,27,hombre,15,42,35.714285714285715
2024,80701,urbana,27,mujer,8,42,19.047619047619047
2024,80701,urbana,28,hombre,20,49,40.816326530612244
2024,80701,urbana,28,mujer,10,43,23.25581395348837
2024,80702,rural,16,hombre,3,7,42.857142857142854
2024,80702,rural,16,mujer,2,7,28.571428571428573
2024,80702,rural,17,hombre,6,15,40.0
2024,80702,rural,17,mujer,2,10,20.0
2024,80702,rural,18,hombre,7,19,36.8421052631579
2024,80702,rural,18,mujer,6,13,46.15384615384615
2024,80702,rural,19,hombre,13,18,72.22222222222223
2024,80702,rural,19,mujer,12,21,57.142857142857146
2024,80702,rural,20,hombre,10,18,55.55555555555556
2024,80702,rural,20,mujer,3,9,33.333333333333336
2024,80702,rural,21,hombre,9,18,50.0
2024,80702,rural,21,mujer,8,15,53.333333333333336
2024,80702,rural,22,hombre,8,19,42.10526315789474
2024,80702,rural,22,mujer,6,10,60.0
2024,80702,rural,23,hombre,10,21,47.61904761904762
2024,80702,rural,23,mujer,6,12,50.0
2024,80702,rural,24,hombre,7,16,43.75
2024,80702,rural,24,mujer,5,9,55.55555555555556
2024,80702,rural,25,hombre,8,16,50.0
2024,80702,rural,25,mujer,3,13,23.076923076923077
2024,80702,rural,26,hombre,9,15,60.0
2024,80702,rural,26,mujer,7,18,38.888888888888886
2024,80702,rural,27,hombre,6,12,50.0
2024,80702,rural,27,mujer,8,12,66.66666666666667
2024,80702,rural,28,hombre,10,20,50.0
2024,80702,rural,28,mujer,6,10,60.0
2024,80702,urbana,16,hombre,3,50,6.0
2024,80702,urbana,16,mujer,11,51,21.568627450980394
2024,80702,urbana,17,hombre,3,42,7.142857142857143
2024,80702,urbana,17,mujer,2,39,5.128205128205129
2024,80702,urbana,18,hombre,2,30,6.666666666666667
2024,80702,urbana,18,mujer,4,26,15.384615384615385
2024,80702,urbana,19,hombre,6,36,16.666666666666668
2024,80702,urbana,19,mujer,3,23,13.043478260869565
2024,80702,urbana,20,hombre,5,26,19.23076923076923
2024,80702,urbana,20,mujer,3,24,12.5
2024,80702,urbana,21,hombre,6,32,18.75
2024,80702,urbana,21,mujer,4,19,21.05263157894737
2024,80702,urbana,22,hombre,5,24,20.833333333333332
2024,80702,urbana,22,mujer,5,17,29.41176470588235
2024,80702,urbana,23,hombre,14,32,43.75
2024,80702,urbana,23,mujer,5,24,20.833333333333332
2024,80702,urbana,24,hombre,10,20,50.0
2024,80702,urbana,24,mujer,9,38,23.68421052631579
2024,80702,urbana,25,hombre,9,22,40.90909090909091
2024,80702,urbana,25,mujer,16,40,40.0
2024,80702,urbana,26,hombre,10,31,32.25806451612903
2024,80702,urbana,26,mujer,5,25,20.0
2024,80702,urbana,27,hombre,3,17,17.647058823529413
2024,80702,urbana,27,mujer,6,24,25.0
2024,80702,urbana,28,hombre,9,35,25.714285714285715
2024,80702,urbana,28,mujer,4,33,12.121212121212121
2024,80703,rural,16,hombre,1,9,11.11111111111111
2024,80703,rural,16,mujer,6,16,37.5
2024,80703,rural,17,hombre,8,13,61.53846153846154
2024,80703,rural,17,mujer,1,6,16.666666666666668
2024,80703,rural,18,hombre,5,8,62.5
2024,80703,rural,18,mujer,4,8,50.0
2024,80703,rural,19,hombre,2,4,50.0
2024,80703,rural,19,mujer,4,7,57.142857142857146
2024,80703,rural,20,hombre,0,4,0.0
2024,80703,rural,20,mujer,5,8,62.5
2024,80703,rural,21,hombre,3,6,50.0
2024,80703,rural,21,mujer,2,9,22.22222222222222
2024,80703,rural,22,hombre,0,5,0.0
2024,80703,rural,22,mujer,2,7,28.571428571428573
2024,80703,rural,23,hombre,6,11,54.54545454545455
2024,80703,rural,23,mujer,4,8,50.0
2024,80703,rural,24,hombre,8,11,72.72727272727273
2024,80703,rural,24,mujer,5,10,50.0
2024,80703,rural,25,hombre,8,13,61.53846153846154
2024,80703,rural,25,mujer,2,5,40.0
2024,80703,rural,26,hombre,6,8,75.0
2024,80703,rural,26,mujer,5,13,38.46153846153846
2024,80703,rural,27,hombre,6,11,54.54545454545455
2024,80703,rural,27,mujer,3,6,50.0
2024,80703,rural,28,hombre,4,14,28.571428571428573
2024,80703,rural,28,mujer,1,8,12.5
2024,80801,rural,16,hombre,2,26,7.6923076923076925
2024,80801,rural,16,mujer,3,23,13.043478260869565
2024,80801,rural,17,hombre,3,31,9.67741935483871
2024,80801,rural,17,mujer,3,20,15.0
2024,80801,rural,18,hombre,10,29,34.48275862068966
2024,80801,rural,18,mujer,2,14,14.285714285714286
2024,80801,rural,19,hombre,9,23,39.130434782608695
2024,80801,rural,19,mujer,1,12,8.333333333333334
2024,80801,rural,20,hombre,4,14,28.571428571428573
2024,80801,rural,20,mujer,3,14,21.428571428571427
2024,80801,rural,21,hombre,2,17,11.764705882352942
2024,80801,rural,21,mujer,1,12,8.333333333333334
2024,80801,rural,22,hombre,3,18,16.666666666666668
2024,80801,rural,22,mujer,1,16,6.25
2024,80801,rural,23,hombre,1,19,5.2631578947368425
2024,80801,rural,23,mujer,5,19,26.31578947368421
2024,80801,rural,24,hombre,7,29,24.137931034482758
2024,80801,rural,24,mujer,2,24,8.333333333333334
2024,80801,rural,25,hombre,2,30,6.666666666666667
2024,80801,rural,25,mujer,0,15,0.0
2024,80801,rural,26,hombre,6,22,27.272727272727273
2024,80801,rural,26,mujer,2,16,12.5
2024,80801,rural,27,hombre,8,28,28.571428571428573
2024,80801,rural,27,mujer,5,16,31.25
2024,80801,rural,28,hombre,4,27,14.814814814814815
2024,80801,rural,28,mujer,1,22,4.545454545454546
2024,80801,urbana,16,hombre,6,98,6.122448979591836
2024,80801,urbana,16,mujer,4,90,4.444444444444445
2024,80801,urbana,17,hombre,14,111,12.612612612612613
2024,80801,urbana,17,mujer,13,101,12.871287128712872
2024,80801,urbana,18,hombre,13,69,18.840579710144926
2024,80801,urbana,18,mujer,6,71,8.450704225352112
2024,80801,urbana,19,hombre,8,72,11.11111111111111
2024,80801,urbana,19,mujer,4,49,8.16326530612245
2024,80801,urbana,20,hombre,6,51,11.764705882352942
2024,80801,urbana,20,mujer,6,54,11.11111111111111
2024,80801,urbana,21,hombre,8,58,13.793103448275861
2024,80801,urbana,21,mujer,5,56,8.928571428571429
2024,80801,urbana,22,hombre,6,59,10.169491525423728
2024,80801,urbana,22,mujer,4,43,9.30232558139535
2024,80801,urbana,23,hombre,9,65,13.846153846153847
2024,80801,urbana,23,mujer,17,67,25.37313432835821
2024,80801,urbana,24,hombre,9,65,13.846153846153847
2024,80801,urbana,24,mujer,13,74,17.56756756756757
2024,80801,urbana,25,hombre,11,53,20.754716981132077
2024,80801,urbana,25,mujer,14,49,28.571428571428573
2024,80801,urbana,26,hombre,9,72,12.5
2024,80801,urbana,26,mujer,12,65,18.46153846153846
2024,80801,urbana,27,hombre,11,69,15.942028985507246
2024,80801,urbana,27,mujer,14,83,16.867469879518072
2024,80801,urbana,28,hombre,11,57,19.29824561403509
2024,80801,urbana,28,mujer,8,69,11.594202898550725
2024,80802,rural,16,hombre,8,32,25.0
2024,80802,rural,16,mujer,4,25,16.0
2024,80802,rural,17,hombre,20,60,33.333333333333336
2024,80802,rural,17,mujer,5,36,13.88888888888889
2024,80802,rural,18,hombre,57,84,67.85714285714286
2024,80802,rural,18,mujer,12,25,48.0
2024,80802,rural,19,hombre,36,61,59.01639344262295
2024,80802,rural,19,mujer,3,23,13.043478260869565
2024,80802,rural,20,hombre,34,65,52.30769230769231
2024,80802,rural,20,mujer,7,30,23.333333333333332
2024,80802,rural,21,hombre,17,47,36.170212765957444
2024,80802,rural,21,mujer,8,29,27.586206896551722
2024,80802,rural,22,hombre,19,54,35.18518518518518
2024,80802,rural,22,mujer,9,35,25.714285714285715
2024,80802,rural,23,hombre,15,55,27.272727272727273
2024,80802,rural,23,mujer,22,56,39.285714285714285
2024,80802,rural,24,hombre,26,74,35.13513513513514
2024,80802,rural,24,mujer,14,46,30.434782608695652
2024,80802,rural,25,hombre,20,49,40.816326530612244
2024,80802,rural,25,mujer,10,33,30.303030303030305
2024,80802,rural,26,hombre,25,63,39.682539682539684
2024,80802,rural,26,mujer,15,41,36.58536585365854
2024,80802,rural,27,hombre,15,47,31.914893617021278
2024,80802,rural,27,mujer,16,54,29.62962962962963
2024,80802,rural,28,hombre,23,58,39.6551724137931
2024,80802,rural,28,mujer,15,42,35.714285714285715
2024,80802,urbana,16,hombre,2,23,8.695652173913043
2024,80802,urbana,16,mujer,1,22,4.545454545454546
2024,80802,urbana,17,hombre,4,23,17.391304347826086
2024,80802,urbana,17,mujer,2,22,9.090909090909092
2024,80802,urbana,18,hombre,1,12,8.333333333333334
2024,80802,urbana,18,mujer,0,14,0.0
2024,80802,urbana,19,hombre,0,13,0.0
2024,80802,urbana,19,mujer,1,12,8.333333333333334
2024,80802,urbana,20,hombre,2,17,11.764705882352942
2024,80802,urbana,20,mujer,0,14,0.0
2024,80802,urbana,21,hombre,3,10,30.0
2024,80802,urbana,21,mujer,2,16,12.5
2024,80802,urbana,22,hombre,2,9,22.22222222222222
2024,80802,urbana,22,mujer,3,10,30.0
2024,80802,urbana,23,hombre,3,11,27.272727272727273
2024,80802,urbana,23,mujer,3,12,25.0
2024,80802,urbana,24,hombre,2,12,16.666666666666668
2024,80802,urbana,24,mujer,6,13,46.15384615384615
2024,80802,urbana,25,hombre,6,16,37.5
2024,80802,urbana,25,mujer,4,11,36.36363636363637
2024,80802,urbana,26,hombre,2,12,16.666666666666668
2024,80802,urbana,26,mujer,5,12,41.666666666666664
2024,80802,urbana,27,hombre,5,13,38.46153846153846
2024,80802,urbana,27,mujer,4,11,36.36363636363637
2024,80802,urbana,28,hombre,4,15,26.666666666666668
2024,80802,urbana,28,mujer,5,18,27.77777777777778
2024,80803,rural,16,hombre,1,16,6.25
2024,80803,rural,16,mujer,1,15,6.666666666666667
2024,80803,rural,17,hombre,2,20,10.0
2024,80803,rural,17,mujer,1,12,8.333333333333334
2024,80803,rural,18,hombre,0,20,0.0
2024,80803,rural,18,mujer,4,20,20.0
2024,80803,rural,19,hombre,2,18,11.11111111111111
2024,80803,rural,19,mujer,3,21,14.285714285714286
2024,80803,rural,20,hombre,2,19,10.526315789473685
2024,80803,rural,20,mujer,2,19,10.526315789473685
2024,80803,rural,21,hombre,4,23,17.391304347826086
2024,80803,rural,21,mujer,2,16,12.5
2024,80803,rural,22,hombre,3,18,16.666666666666668
2024,80803,rural,22,mujer,5,18,27.77777777777778
2024,80803,rural,23,hombre,3,29,10.344827586206897
2024,80803,rural,23,mujer,3,20,15.0
2024,80803,rural,24,hombre,7,34,20.58823529411765
2024,80803,rural,24,mujer,3,14,21.428571428571427
2024,80803,rural,25,hombre,2,25,8.0
2024,80803,rural,25,mujer,2,15,13.333333333333334
2024,80803,rural,26,hombre,2,14,14.285714285714286
2024,80803,rural,26,mujer,2,15,13.333333333333334
2024,80803,rural,27,hombre,2,23,8.695652173913043
2024,80803,rural,27,mujer,1,16,6.25
2024,80803,rural,28,hombre,5,22,22.727272727272727
2024,80803,rural,28,mujer,3,17,17.647058823529413
2024,80803,urbana,16,hombre,0,19,0.0
2024,80803,urbana,16,mujer,2,20,10.0
2024,80803,urbana,17,hombre,1,23,4.3478260869565215
2024,80803,urbana,17,mujer,3,14,21.428571428571427
2024,80803,urbana,18,hombre,0,8,0.0
2024,80803,urbana,18,mujer,1,7,14.285714285714286
2024,80803,urbana,19,hombre,2,12,16.666666666666668
2024,80803,urbana,19,mujer,2,8,25.0
2024,80803,urbana,20,hombre,2,18,11.11111111111111
2024,80803,urbana,20,mujer,4,13,30.76923076923077
2024,80803,urbana,21,hombre,1,11,9.090909090909092
2024,80803,urbana,21,mujer,1,17,5.882352941176471
2024,80803,urbana,22,hombre,2,11,18.181818181818183
2024,80803,urbana,22,mujer,0,12,0.0
2024,80803,urbana,23,hombre,3,16,18.75
2024,80803,urbana,23,mujer,3,16,18.75
2024,80803,urbana,24,hombre,3,20,15.0
2024,80803,urbana,24,mujer,3,12,25.0
2024,80803,urbana,25,hombre,8,20,40.0
2024,80803,urbana,25,mujer,4,6,66.66666666666667
2024,80803,urbana,26,hombre,4,21,19.047619047619047
2024,80803,urbana,26,mujer,3,17,17.647058823529413
2024,80803,urbana,27,hombre,2,17,11.764705882352942
2024,80803,urbana,27,mujer,2,8,25.0
2024,80803,urbana,28,hombre,4,17,23.529411764705884
2024,80803,urbana,28,mujer,4,16,25.0
2024,80901,rural,16,hombre,12,53,22.641509433962263
2024,80901,rural,16,mujer,5,36,13.88888888888889
2024,80901,rural,17,hombre,4,45,8.88888888888889
2024,80901,rural,17,mujer,8,30,26.666666666666668
2024,80901,rural,18,hombre,3,30,10.0
2024,80901,rural,18,mujer,2,25,8.0
2024,80901,rural,19,hombre,2,24,8.333333333333334
2024,80901,rural,19,mujer,6,24,25.0
2024,80901,rural,20,hombre,2,26,7.6923076923076925
2024,80901,rural,20,mujer,3,27,11.11111111111111
2024,80901,rural,21,hombre,3,40,7.5
2024,80901,rural,21,mujer,5,35,14.285714285714286
2024,80901,rural,22,hombre,6,22,27.272727272727273
2024,80901,rural,22,mujer,1,25,4.0
2024,80901,rural,23,hombre,8,22,36.36363636363637
2024,80901,rural,23,mujer,11,34,32.35294117647059
2024,80901,rural,24,hombre,6,35,17.142857142857142
2024,80901,rural,24,mujer,4,31,12.903225806451612
2024,80901,rural,25,hombre,6,34,17.647058823529413
2024,80901,rural,25,mujer,4,29,13.793103448275861
2024,80901,rural,26,hombre,7,23,30.434782608695652
2024,80901,rural,26,mujer,11,27,40.74074074074074
2024,80901,rural,27,hombre,6,21,28.571428571428573
2024,80901,rural,27,mujer,11,35,31.428571428571427
2024,80901,rural,28,hombre,5,25,20.0
2024,80901,rural,28,mujer,2,15,13.333333333333334
2024,90101,rural,16,hombre,1,11,9.090909090909092
2024,90101,rural,16,mujer,1,7,14.285714285714286
2024,90101,rural,17,hombre,1,12,8.333333333333334
2024,90101,rural,17,mujer,1,11,9.090909090909092
2024,90101,rural,18,hombre,9,21,42.857142857142854
2024,90101,rural,18,mujer,8,14,57.142857142857146
2024,90101,rural,19,hombre,12,16,75.0
2024,90101,rural,19,mujer,10,21,47.61904761904762
2024,90101,rural,20,hombre,14,24,58.333333333333336
2024,90101,rural,20,mujer,10,18,55.55555555555556
2024,90101,rural,21,hombre,30,38,78.94736842105263
2024,90101,rural,21,mujer,4,11,36.36363636363637
2024,90101,rural,22,hombre,19,28,67.85714285714286
2024,90101,rural,22,mujer,5,25,20.0
2024,90101,rural,23,hombre,7,24,29.166666666666668
2024,90101,rural,23,mujer,4,22,18.181818181818183
2024,90101,rural,24,hombre,4,15,26.666666666666668
2024,90101,rural,24,mujer,1,17,5.882352941176471
2024,90101,rural,25,hombre,3,16,18.75
2024,90101,rural,25,mujer,1,15,6.666666666666667
2024,90101,rural,26,hombre,4,16,25.0
2024,90101,rural,26,mujer,0,14,0.0
2024,90101,rural,27,hombre,0,8,0.0
2024,90101,rural,27,mujer,2,12,16.666666666666668
2024,90101,rural,28,hombre,3,16,18.75
2024,90101,rural,28,mujer,0,14,0.0
2024,90101,urbana,16,hombre,52,488,10.655737704918034
2024,90101,urbana,16,mujer,61,491,12.423625254582484
2024,90101,urbana,17,hombre,149,617,24.14910858995138
2024,90101,urbana,17,mujer,62,519,11.946050096339114
2024,90101,urbana,18,hombre,396,820,48.292682926829265
2024,90101,urbana,18,mujer,115,533,21.575984990619137
2024,90101,urbana,19,hombre,241,624,38.62179487179487
2024,90101,urbana,19,mujer,103,473,21.775898520084567
2024,90101,urbana,20,hombre,157,535,29.345794392523363
2024,90101,urbana,20,mujer,112,513,21.832358674463936
2024,90101,urbana,21,hombre,130,522,24.904214559386972
2024,90101,urbana,21,mujer,112,516,21.705426356589147
2024,90101,urbana,22,hombre,115,524,21.946564885496183
2024,90101,urbana,22,mujer,122,556,21.942446043165468
2024,90101,urbana,23,hombre,124,561,22.10338680926916
2024,90101,urbana,23,mujer,101,560,18.035714285714285
2024,90101,urbana,24,hombre,122,562,21.708185053380785
2024,90101,urbana,24,mujer,83,535,15.514018691588785
2024,90101,urbana,25,hombre,93,500,18.6
2024,90101,urbana,25,mujer,82,473,17.33615221987315
2024,90101,urbana,26,hombre,87,466,18.669527896995707
2024,90101,urbana,26,mujer,81,512,15.8203125
2024,90101,urbana,27,hombre,81,459,17.647058823529413
2024,90101,urbana,27,mujer,74,493,15.010141987829615
2024,90101,urbana,28,hombre,83,443,18.73589164785553
2024,90101,urbana,28,mujer,79,483,16.356107660455486
2024,90102,rural,16,hombre,1,18,5.555555555555555
2024,90102,rural,16,mujer,5,17,29.41176470588235
2024,90102,rural,17,hombre,4,13,30.76923076923077
2024,90102,rural,17,mujer,4,15,26.666666666666668
2024,90102,rural,18,hombre,8,20,40.0
2024,90102,rural,18,mujer,3,20,15.0
2024,90102,rural,19,hombre,4,17,23.529411764705884
2024,90102,rural,19,mujer,1,15,6.666666666666667
2024,90102,rural,20,hombre,3,8,37.5
2024,90102,rural,20,mujer,3,14,21.428571428571427
2024,90102,rural,21,hombre,3,14,21.428571428571427
2024,90102,rural,21,mujer,7,14,50.0
2024,90102,rural,22,hombre,3,8,37.5
2024,90102,rural,22,mujer,1,9,11.11111111111111
2024,90102,rural,23,hombre,2,18,11.11111111111111
2024,90102,rural,23,mujer,5,28,17.857142857142858
2024,90102,rural,24,hombre,4,15,26.666666666666668
2024,90102,rural,24,mujer,3,16,18.75
2024,90102,rural,25,hombre,3,14,21.428571428571427
2024,90102,rural,25,mujer,2,18,11.11111111111111
2024,90102,rural,26,hombre,1,16,6.25
2024,90102,rural,26,mujer,3,13,23.076923076923077
2024,90102,rural,27,hombre,4,19,21.05263157894737
2024,90102,rural,27,mujer,4,19,21.05263157894737
2024,90102,rural,28,hombre,4,9,44.44444444444444
2024,90102,rural,28,mujer,0,16,0.0
2024,90102,urbana,16,hombre,7,68,10.294117647058824
2024,90102,urbana,16,mujer,14,75,18.666666666666668
2024,90102,urbana,17,hombre,13,82,15.853658536585366
2024,90102,urbana,17,mujer,6,83,7.228915662650603
2024,90102,urbana,18,hombre,15,82,18.29268292682927
2024,90102,urbana,18,mujer,10,78,12.820512820512821
2024,90102,urbana,19,hombre,11,62,17.741935483870968
2024,90102,urbana,19,mujer,14,74,18.91891891891892
2024,90102,urbana,20,hombre,12,80,15.0
2024,90102,urbana,20,mujer,9,77,11.688311688311689
2024,90102,urbana,21,hombre,16,51,31.372549019607842
2024,90102,urbana,21,mujer,9,52,17.307692307692307
2024,90102,urbana,22,hombre,14,71,19.718309859154928
2024,90102,urbana,22,mujer,9,53,16.9811320754717
2024,90102,urbana,23,hombre,5,71,7.042253521126761
2024,90102,urbana,23,mujer,10,70,14.285714285714286
2024,90102,urbana,24,hombre,11,78,14.102564102564102
2024,90102,urbana,24,mujer,6,79,7.594936708860759
2024,90102,urbana,25,hombre,7,64,10.9375
2024,90102,urbana,25,mujer,14,83,16.867469879518072
2024,90102,urbana,26,hombre,11,41,26.829268292682926
2024,90102,urbana,26,mujer,8,40,20.0
2024,90102,urbana,27,hombre,14,58,24.137931034482758
2024,90102,urbana,27,mujer,10,55,18.181818181818183
2024,90102,urbana,28,hombre,10,56,17.857142857142858
2024,90102,urbana,28,mujer,6,59,10.169491525423728
2024,90103,rural,16,hombre,1,20,5.0
2024,90103,rural,16,mujer,4,17,23.529411764705884
2024,90103,rural,17,hombre,1,25,4.0
2024,90103,rural,17,mujer,4,9,44.44444444444444
2024,90103,rural,18,hombre,13,27,48.148148148148145
2024,90103,rural,18,mujer,4,15,26.666666666666668
2024,90103,rural,19,hombre,6,25,24.0
2024,90103,rural,19,mujer,3,12,25.0
2024,90103,rural,20,hombre,8,18,44.44444444444444
2024,90103,rural,20,mujer,4,13,30.76923076923077
2024,90103,rural,21,hombre,4,17,23.529411764705884
2024,90103,rural,21,mujer,6,28,21.428571428571427
2024,90103,rural,22,hombre,4,17,23.529411764705884
2024,90103,rural,22,mujer,4,11,36.36363636363637
2024,90103,rural,23,hombre,4,24,16.666666666666668
2024,90103,rural,23,mujer,5,18,27.77777777777778
2024,90103,rural,24,hombre,10,33,30.303030303030305
2024,90103,rural,24,mujer,6,16,37.5
2024,90103,rural,25,hombre,4,20,20.0
2024,90103,rural,25,mujer,0,19,0.0
2024,90103,rural,26,hombre,6,26,23.076923076923077
2024,90103,rural,26,mujer,2,17,11.764705882352942
2024,90103,rural,27,hombre,3,19,15.789473684210526
2024,90103,rural,27,mujer,8,18,44.44444444444444
2024,90103,rural,28,hombre,6,20,30.0
2024,90103,rural,28,mujer,5,13,38.46153846153846
2024,90104,rural,16,hombre,2,14,14.285714285714286
2024,90104,rural,16,mujer,8,24,33.333333333333336
2024,90104,rural,17,hombre,15,46,32.608695652173914
2024,90104,rural,17,mujer,6,22,27.272727272727273
2024,90104,rural,18,hombre,39,57,68.42105263157895
2024,90104,rural,18,mujer,12,30,40.0
2024,90104,rural,19,hombre,12,25,48.0
2024,90104,rural,19,mujer,6,20,30.0
2024,90104,rural,20,hombre,15,40,37.5
2024,90104,rural,20,mujer,12,27,44.44444444444444
2024,90104,rural,21,hombre,10,36,27.77777777777778
2024,90104,rural,21,mujer,11,19,57.89473684210526
2024,90104,rural,22,hombre,10,28,35.714285714285715
2024,90104,rural,22,mujer,13,35,37.142857142857146
2024,90104,rural,23,hombre,11,46,23.91304347826087
2024,90104,rural,23,mujer,16,32,50.0
2024,90104,rural,24,hombre,15,40,37.5
2024,90104,rural,24,mujer,9,33,27.272727272727273
2024,90104,rural,25,hombre,14,35,40.0
2024,90104,rural,25,mujer,10,28,35.714285714285715
2024,90104,rural,26,hombre,13,34,38.23529411764706
2024,90104,rural,26,mujer,8,22,36.36363636363637
2024,90104,rural,27,hombre,18,46,39.130434782608695
2024,90104,rural,27,mujer,4,22,18.181818181818183
2024,90104,rural,28,hombre,8,36,22.22222222222222
2024,90104,rural,28,mujer,11,30,36.666666666666664
2024,90201,rural,16,hombre,4,48,8.333333333333334
2024,90201,rural,16,mujer,12,47,25.53191489361702
2024,90201,rural,17,hombre,6,43,13.953488372093023
2024,90201,rural,17,mujer,6,33,18.181818181818183
2024,90201,rural,18,hombre,7,41,17.073170731707318
2024,90201,rural,18,mujer,7,35,20.0
2024,90201,rural,19,hombre,4,33,12.121212121212121
2024,90201,rural,19,mujer,4,25,16.0
2024,90201,rural,20,hombre,8,28,28.571428571428573
2024,90201,rural,20,mujer,10,34,29.41176470588235
2024,90201,rural,21,hombre,10,41,24.390243902439025
2024,90201,rural,21,mujer,8,31,25.806451612903224
2024,90201,rural,22,hombre,18,54,33.333333333333336
2024,90201,rural,22,mujer,4,31,12.903225806451612
2024,90201,rural,23,hombre,20,46,43.47826086956522
2024,90201,rural,23,mujer,8,32,25.0
2024,90201,rural,24,hombre,16,44,36.36363636363637
2024,90201,rural,24,mujer,11,32,34.375
2024,90201,rural,25,hombre,15,41,36.58536585365854
2024,90201,rural,25,mujer,7,32,21.875
2024,90201,rural,26,hombre,7,37,18.91891891891892
2024,90201,rural,26,mujer,7,39,17.94871794871795
2024,90201,rural,27,hombre,16,35,45.714285714285715
2024,90201,rural,27,mujer,10,25,40.0
2024,90201,rural,28,hombre,15,49,30.612244897959183
2024,90201,rural,28,mujer,8,31,25.806451612903224
2024,90201,urbana,16,hombre,5,32,15.625
2024,90201,urbana,16,mujer,7,30,23.333333333333332
2024,90201,urbana,17,hombre,29,60,48.333333333333336
2024,90201,urbana,17,mujer,10,35,28.571428571428573
2024,90201,urbana,18,hombre,114,143,79.72027972027972
2024,90201,urbana,18,mujer,20,48,41.666666666666664
2024,90201,urbana,19,hombre,59,82,71.95121951219512
2024,90201,urbana,19,mujer,17,38,44.73684210526316
2024,90201,urbana,20,hombre,43,61,70.49180327868852
2024,90201,urbana,20,mujer,15,34,44.11764705882353
2024,90201,urbana,21,hombre,26,46,56.52173913043478
2024,90201,urbana,21,mujer,22,47,46.808510638297875
2024,90201,urbana,22,hombre,27,48,56.25
2024,90201,urbana,22,mujer,20,41,48.78048780487805
2024,90201,urbana,23,hombre,14,41,34.146341463414636
2024,90201,urbana,23,mujer,9,42,21.428571428571427
2024,90201,urbana,24,hombre,18,37,48.648648648648646
2024,90201,urbana,24,mujer,26,49,53.06122448979592
2024,90201,urbana,25,hombre,25,47,53.191489361702125
2024,90201,urbana,25,mujer,12,30,40.0
2024,90201,urbana,26,hombre,19,36,52.77777777777778
2024,90201,urbana,26,mujer,8,31,25.806451612903224
2024,90201,urbana,27,hombre,13,33,39.39393939393939
2024,90201,urbana,27,mujer,9,18,50.0
2024,90201,urbana,28,hombre,8,21,38.095238095238095
2024,90201,urbana,28,mujer,10,31,32.25806451612903
2024,90202,rural,16,hombre,4,28,14.285714285714286
2024,90202,rural,16,mujer,3,49,6.122448979591836
2024,90202,rural,17,hombre,5,36,13.88888888888889
2024,90202,rural,17,mujer,4,33,12.121212121212121
2024,90202,rural,18,hombre,6,29,20.689655172413794
2024,90202,rural,18,mujer,7,30,23.333333333333332
2024,90202,rural,19,hombre,2,38,5.2631578947368425
2024,90202,rural,19,mujer,7,33,21.21212121212121
2024,90202,rural,20,hombre,6,36,16.666666666666668
2024,90202,rural,20,mujer,6,31,19.35483870967742
2024,90202,rural,21,hombre,5,29,17.24137931034483
2024,90202,rural,21,mujer,2,24,8.333333333333334
2024,90202,rural,22,hombre,5,30,16.666666666666668
2024,90202,rural,22,mujer,6,24,25.0
2024,90202,rural,23,hombre,4,26,15.384615384615385
2024,90202,rural,23,mujer,5,26,19.23076923076923
2024,90202,rural,24,hombre,6,41,14.634146341463415
2024,90202,rural,24,mujer,9,30,30.0
2024,90202,rural,25,hombre,7,23,30.434782608695652
2024,90202,rural,25,mujer,3,26,11.538461538461538
2024,90202,rural,26,hombre,4,29,13.793103448275861
2024,90202,rural,26,mujer,3,21,14.285714285714286
2024,90202,rural,27,hombre,6,32,18.75
2024,90202,rural,27,mujer,7,27,25.925925925925927
2024,90202,rural,28,hombre,6,30,20.0
2024,90202,rural,28,mujer,0,21,0.0
2024,90203,rural,16,hombre,15,90,16.666666666666668
2024,90203,rural,16,mujer,11,56,19.642857142857142
2024,90203,rural,17,hombre,6,62,9.67741935483871
2024,90203,rural,17,mujer,11,64,17.1875
2024,90203,rural,18,hombre,27,70,38.57142857142857
2024,90203,rural,18,mujer,8,54,14.814814814814815
2024,90203,rural,19,hombre,23,60,38.333333333333336
2024,90203,rural,19,mujer,14,63,22.22222222222222
2024,90203,rural,20,hombre,15,61,24.59016393442623
2024,90203,rural,20,mujer,17,67,25.37313432835821
2024,90203,rural,21,hombre,21,72,29.166666666666668
2024,90203,rural,21,mujer,17,68,25.0
2024,90203,rural,22,hombre,28,76,36.8421052631579
2024,90203,rural,22,mujer,18,72,25.0
2024,90203,rural,23,hombre,27,98,27.551020408163264
2024,90203,rural,23,mujer,26,80,32.5
2024,90203,rural,24,hombre,25,85,29.41176470588235
2024,90203,rural,24,mujer,18,65,27.692307692307693
2024,90203,rural,25,hombre,24,80,30.0
2024,90203,rural,25,mujer,23,65,35.38461538461539
2024,90203,rural,26,hombre,23,92,25.0
2024,90203,rural,26,mujer,24,77,31.16883116883117
2024,90203,rural,27,hombre,22,84,26.19047619047619
2024,90203,rural,27,mujer,15,52,28.846153846153847
2024,90203,rural,28,hombre,31,88,35.22727272727273
2024,90203,rural,28,mujer,11,39,28.205128205128204
2024,90301,rural,16,hombre,6,82,7.317073170731708
2024,90301,rural,16,mujer,8,80,10.0
2024,90301,rural,17,hombre,9,91,9.89010989010989
2024,90301,rural,17,mujer,11,98,11.224489795918368
2024,90301,rural,18,hombre,14,77,18.181818181818183
2024,90301,rural,18,mujer,6,80,7.5
2024,90301,rural,19,hombre,5,61,8.19672131147541
2024,90301,rural,19,mujer,6,88,6.818181818181818
2024,90301,rural,20,hombre,13,91,14.285714285714286
2024,90301,rural,20,mujer,5,63,7.936507936507937
2024,90301,rural,21,hombre,12,77,15.584415584415584
2024,90301,rural,21,mujer,8,53,15.09433962264151
2024,90301,rural,22,hombre,9,73,12.32876712328767
2024,90301,rural,22,mujer,7,80,8.75
2024,90301,rural,23,hombre,9,79,11.39240506329114
2024,90301,rural,23,mujer,16,85,18.823529411764707
2024,90301,rural,24,hombre,10,111,9.00900900900901
2024,90301,rural,24,mujer,8,102,7.8431372549019605
2024,90301,rural,25,hombre,10,84,11.904761904761905
2024,90301,rural,25,mujer,8,96,8.333333333333334
2024,90301,rural,26,hombre,6,59,10.169491525423728
2024,90301,rural,26,mujer,10,70,14.285714285714286
2024,90301,rural,27,hombre,10,107,9.345794392523365
2024,90301,rural,27,mujer,10,99,10.1010101010101
2024,90301,rural,28,hombre,15,110,13.636363636363637
2024,90301,rural,28,mujer,12,93,12.903225806451612
2024,90301,urbana,16,hombre,4,13,30.76923076923077
2024,90301,urbana,16,mujer,1,10,10.0
2024,90301,urbana,17,hombre,0,17,0.0
2024,90301,urbana,17,mujer,3,14,21.428571428571427
2024,90301,urbana,18,hombre,2,14,14.285714285714286
2024,90301,urbana,18,mujer,2,16,12.5
2024,90301,urbana,19,hombre,3,13,23.076923076923077
2024,90301,urbana,19,mujer,2,14,14.285714285714286
2024,90301,urbana,20,hombre,1,11,9.090909090909092
2024,90301,urbana,20,mujer,4,11,36.36363636363637
2024,90301,urbana,21,hombre,3,16,18.75
2024,90301,urbana,21,mujer,1,17,5.882352941176471
2024,90301,urbana,22,hombre,1,11,9.090909090909092
2024,90301,urbana,22,mujer,5,12,41.666666666666664
2024,90301,urbana,23,hombre,4,17,23.529411764705884
2024,90301,urbana,23,mujer,2,14,14.285714285714286
2024,90301,urbana,24,hombre,8,26,30.76923076923077
2024,90301,urbana,24,mujer,3,22,13.636363636363637
2024,90301,urbana,25,hombre,5,11,45.45454545454545
2024,90301,urbana,25,mujer,3,15,20.0
2024,90301,urbana,26,hombre,9,23,39.130434782608695
2024,90301,urbana,26,mujer,1,8,12.5
2024,90301,urbana,27,hombre,1,18,5.555555555555555
2024,90301,urbana,27,mujer,3,23,13.043478260869565
2024,90301,urbana,28,hombre,4,29,13.793103448275861
2024,90301,urbana,28,mujer,3,26,11.538461538461538
2024,90302,rural,16,hombre,10,88,11.363636363636363
2024,90302,rural,16,mujer,16,100,16.0
2024,90302,rural,17,hombre,21,125,16.8
2024,90302,rural,17,mujer,16,112,14.285714285714286
2024,90302,rural,18,hombre,17,104,16.346153846153847
2024,90302,rural,18,mujer,18,70,25.714285714285715
2024,90302,rural,19,hombre,13,81,16.049382716049383
2024,90302,rural,19,mujer,17,77,22.07792207792208
2024,90302,rural,20,hombre,25,108,23.14814814814815
2024,90302,rural,20,mujer,21,95,22.105263157894736
2024,90302,rural,21,hombre,20,80,25.0
2024,90302,rural,21,mujer,15,78,19.23076923076923
2024,90302,rural,22,hombre,27,121,22.31404958677686
2024,90302,rural,22,mujer,13,84,15.476190476190476
2024,90302,rural,23,hombre,23,90,25.555555555555557
2024,90302,rural,23,mujer,19,84,22.61904761904762
2024,90302,rural,24,hombre,39,98,39.795918367346935
2024,90302,rural,24,mujer,21,96,21.875
2024,90302,rural,25,hombre,36,94,38.297872340425535
2024,90302,rural,25,mujer,28,98,28.571428571428573
2024,90302,rural,26,hombre,30,90,33.333333333333336
2024,90302,rural,26,mujer,16,69,23.18840579710145
2024,90302,rural,27,hombre,32,105,30.476190476190474
2024,90302,rural,27,mujer,24,95,25.263157894736842
2024,90302,rural,28,hombre,30,105,28.571428571428573
2024,90302,rural,28,mujer,18,79,22.78481012658228
2024,90303,rural,16,hombre,10,55,18.181818181818183
2024,90303,rural,16,mujer,7,35,20.0
2024,90303,rural,17,hombre,11,60,18.333333333333332
2024,90303,rural,17,mujer,7,42,16.666666666666668
2024,90303,rural,18,hombre,14,46,30.434782608695652
2024,90303,rural,18,mujer,16,52,30.76923076923077
2024,90303,rural,19,hombre,17,53,32.075471698113205
2024,90303,rural,19,mujer,19,52,36.53846153846154
2024,90303,rural,20,hombre,20,60,33.333333333333336
2024,90303,rural,20,mujer,11,32,34.375
2024,90303,rural,21,hombre,20,52,38.46153846153846
2024,90303,rural,21,mujer,14,52,26.923076923076923
2024,90303,rural,22,hombre,24,57,42.10526315789474
2024,90303,rural,22,mujer,17,46,36.95652173913044
2024,90303,rural,23,hombre,18,57,31.57894736842105
2024,90303,rural,23,mujer,9,37,24.324324324324323
2024,90303,rural,24,hombre,26,63,41.26984126984127
2024,90303,rural,24,mujer,22,57,38.59649122807018
2024,90303,rural,25,hombre,21,52,40.38461538461539
2024,90303,rural,25,mujer,17,40,42.5
2024,90303,rural,26,hombre,27,67,40.298507462686565
2024,90303,rural,26,mujer,11,40,27.5
2024,90303,rural,27,hombre,22,65,33.84615384615385
2024,90303,rural,27,mujer,10,39,25.641025641025642
2024,90303,rural,28,hombre,15,51,29.41176470588235
2024,90303,rural,28,mujer,8,38,21.05263157894737
2024,90303,urbana,16,hombre,18,46,39.130434782608695
2024,90303,urbana,16,mujer,18,47,38.297872340425535
2024,90303,urbana,17,hombre,11,46,23.91304347826087
2024,90303,urbana,17,mujer,14,50,28.0
2024,90303,urbana,18,hombre,15,35,42.857142857142854
2024,90303,urbana,18,mujer,16,37,43.24324324324324
2024,90303,urbana,19,hombre,6,26,23.076923076923077
2024,90303,urbana,19,mujer,15,39,38.46153846153846
2024,90303,urbana,20,hombre,10,33,30.303030303030305
2024,90303,urbana,20,mujer,9,32,28.125
2024,90303,urbana,21,hombre,15,34,44.11764705882353
2024,90303,urbana,21,mujer,14,41,34.146341463414636
2024,90303,urbana,22,hombre,26,51,50.98039215686274
2024,90303,urbana,22,mujer,18,39,46.15384615384615
2024,90303,urbana,23,hombre,22,38,57.89473684210526
2024,90303,urbana,23,mujer,13,37,35.13513513513514
2024,90303,urbana,24,hombre,18,42,42.857142857142854
2024,90303,urbana,24,mujer,14,48,29.166666666666668
2024,90303,urbana,25,hombre,21,40,52.5
2024,90303,urbana,25,mujer,11,40,27.5
2024,90303,urbana,26,hombre,17,35,48.57142857142857
2024,90303,urbana,26,mujer,10,27,37.03703703703704
2024,90303,urbana,27,hombre,14,43,32.55813953488372
2024,90303,urbana,27,mujer,10,36,27.77777777777778
2024,90303,urbana,28,hombre,15,33,45.45454545454545
2024,90303,urbana,28,mujer,24,48,50.0
2024,90401,rural,16,hombre,4,32,12.5
2024,90401,rural,16,mujer,3,20,15.0
2024,90401,rural,17,hombre,8,26,30.76923076923077
2024,90401,rural,17,mujer,5,17,29.41176470588235
2024,90401,rural,18,hombre,5,25,20.0
2024,90401,rural,18,mujer,7,25,28.0
2024,90401,rural,19,hombre,8,24,33.333333333333336
2024,90401,rural,19,mujer,7,22,31.818181818181817
2024,90401,rural,20,hombre,5,15,33.333333333333336
2024,90401,rural,20,mujer,8,18,44.44444444444444
2024,90401,rural,21,hombre,14,33,42.42424242424242
2024,90401,rural,21,mujer,7,21,33.333333333333336
2024,90401,rural,22,hombre,9,24,37.5
2024,90401,rural,22,mujer,4,18,22.22222222222222
2024,90401,rural,23,hombre,13,39,33.333333333333336
2024,90401,rural,23,mujer,7,27,25.925925925925927
2024,90401,rural,24,hombre,12,30,40.0
2024,90401,rural,24,mujer,4,25,16.0
2024,90401,rural,25,hombre,12,28,42.857142857142854
2024,90401,rural,25,mujer,4,19,21.05263157894737
2024,90401,rural,26,hombre,10,27,37.03703703703704
2024,90401,rural,26,mujer,8,24,33.333333333333336
2024,90401,rural,27,hombre,13,29,44.827586206896555
2024,90401,rural,27,mujer,6,31,19.35483870967742
2024,90401,rural,28,hombre,10,35,28.571428571428573
2024,90401,rural,28,mujer,11,23,47.82608695652174
2024,90402,rural,16,hombre,11,27,40.74074074074074
2024,90402,rural,16,mujer,3,17,17.647058823529413
2024,90402,rural,17,hombre,6,28,21.428571428571427
2024,90402,rural,17,mujer,9,27,33.333333333333336
2024,90402,rural,18,hombre,10,19,52.63157894736842
2024,90402,rural,18,mujer,5,24,20.833333333333332
2024,90402,rural,19,hombre,6,18,33.333333333333336
2024,90402,rural,19,mujer,8,17,47.05882352941177
2024,90402,rural,20,hombre,6,26,23.076923076923077
2024,90402,rural,20,mujer,8,16,50.0
2024,90402,rural,21,hombre,8,19,42.10526315789474
2024,90402,rural,21,mujer,7,15,46.666666666666664
2024,90402,rural,22,hombre,20,37,54.054054054054056
2024,90402,rural,22,mujer,14,25,56.0
2024,90402,rural,23,hombre,17,31,54.83870967741935
2024,90402,rural,23,mujer,9,23,39.130434782608695
2024,90402,rural,24,hombre,9,22,40.90909090909091
2024,90402,rural,24,mujer,12,25,48.0
2024,90402,rural,25,hombre,18,24,75.0
2024,90402,rural,25,mujer,5,14,35.714285714285715
2024,90402,rural,26,hombre,14,27,51.851851851851855
2024,90402,rural,26,mujer,8,20,40.0
2024,90402,rural,27,hombre,18,34,52.94117647058823
2024,90402,rural,27,mujer,6,10,60.0
2024,90402,rural,28,hombre,20,35,57.142857142857146
2024,90402,rural,28,mujer,10,23,43.47826086956522
2024,90501,rural,16,hombre,2,16,12.5
2024,90501,rural,16,mujer,3,15,20.0
2024,90501,rural,17,hombre,5,12,41.666666666666664
2024,90501,rural,17,mujer,1,17,5.882352941176471
2024,90501,rural,18,hombre,5,10,50.0
2024,90501,rural,18,mujer,1,9,11.11111111111111
2024,90501,rural,19,hombre,5,16,31.25
2024,90501,rural,19,mujer,5,8,62.5
2024,90501,rural,20,hombre,6,16,37.5
2024,90501,rural,20,mujer,0,7,0.0
2024,90501,rural,21,hombre,2,11,18.181818181818183
2024,90501,rural,21,mujer,1,9,11.11111111111111
2024,90501,rural,22,hombre,3,9,33.333333333333336
2024,90501,rural,22,mujer,3,11,27.272727272727273
2024,90501,rural,23,hombre,4,15,26.666666666666668
2024,90501,rural,23,mujer,1,10,10.0
2024,90501,rural,24,hombre,5,10,50.0
2024,90501,rural,24,mujer,5,12,41.666666666666664
2024,90501,rural,25,hombre,6,21,28.571428571428573
2024,90501,rural,25,mujer,3,9,33.333333333333336
2024,90501,rural,26,hombre,6,9,66.66666666666667
2024,90501,rural,26,mujer,5,10,50.0
2024,90501,rural,27,hombre,4,15,26.666666666666668
2024,90501,rural,27,mujer,8,11,72.72727272727273
2024,90501,rural,28,hombre,4,9,44.44444444444444
2024,90501,rural,28,mujer,6,16,37.5
2024,90502,rural,16,hombre,7,23,30.434782608695652
2024,90502,rural,16,mujer,8,23,34.78260869565217
2024,90502,rural,17,hombre,11,29,37.93103448275862
2024,90502,rural,17,mujer,8,30,26.666666666666668
2024,90502,rural,18,hombre,6,14,42.857142857142854
2024,90502,rural,18,mujer,9,28,32.142857142857146
2024,90502,rural,19,hombre,3,24,12.5
2024,90502,rural,19,mujer,6,24,25.0
2024,90502,rural,20,hombre,7,24,29.166666666666668
2024,90502,rural,20,mujer,6,14,42.857142857142854
2024,90502,rural,21,hombre,9,22,40.90909090909091
2024,90502,rural,21,mujer,9,26,34.61538461538461
2024,90502,rural,22,hombre,18,30,60.0
2024,90502,rural,22,mujer,8,15,53.333333333333336
2024,90502,rural,23,hombre,11,32,34.375
2024,90502,rural,23,mujer,12,32,37.5
2024,90502,rural,24,hombre,18,34,52.94117647058823
2024,90502,rural,24,mujer,7,23,30.434782608695652
2024,90502,rural,25,hombre,7,24,29.166666666666668
2024,90502,rural,25,mujer,6,22,27.272727272727273
2024,90502,rural,26,hombre,10,25,40.0
2024,90502,rural,26,mujer,6,16,37.5
2024,90502,rural,27,hombre,10,26,38.46153846153846
2024,90502,rural,27,mujer,6,19,31.57894736842105
2024,90502,rural,28,hombre,10,22,45.45454545454545
2024,90502,rural,28,mujer,7,16,43.75
2024,90503,rural,16,hombre,6,23,26.08695652173913
2024,90503,rural,16,mujer,3,20,15.0
2024,90503,rural,17,hombre,8,25,32.0
2024,90503,rural,17,mujer,4,28,14.285714285714286
2024,90503,rural,18,hombre,7,19,36.8421052631579
2024,90503,rural,18,mujer,3,18,16.666666666666668
2024,90503,rural,19,hombre,6,18,33.333333333333336
2024,90503,rural,19,mujer,4,9,44.44444444444444
2024,90503,rural,20,hombre,9,31,29.032258064516128
2024,90503,rural,20,mujer,6,21,28.571428571428573
2024,90503,rural,21,hombre,10,25,40.0
2024,90503,rural,21,mujer,10,23,43.47826086956522
2024,90503,rural,22,hombre,8,20,40.0
2024,90503,rural,22,mujer,2,17,11.764705882352942
2024,90503,rural,23,hombre,11,32,34.375
2024,90503,rural,23,mujer,5,24,20.833333333333332
2024,90503,rural,24,hombre,12,32,37.5
2024,90503,rural,24,mujer,5,16,31.25
2024,90503,rural,25,hombre,7,33,21.21212121212121
2024,90503,rural,25,mujer,2,18,11.11111111111111
2024,90503,rural,26,hombre,5,22,22.727272727272727
2024,90503,rural,26,mujer,3,12,25.0
2024,90503,rural,27,hombre,5,22,22.727272727272727
2024,90503,rural,27,mujer,8,28,28.571428571428573
2024,90503,rural,28,hombre,10,25,40.0
2024,90503,rural,28,mujer,0,9,0.0
